0.00000 982.4
0.00001 982.4
0.00002 982.4
0.00003 982.4
0.00004 982.4
0.00005 982.4
0.00006 982.4
0.00007 982.4
0.00008 982.4
0.00009 982.4
0.00010 982.4
0.00011 982.4
0.00012 982.4
0.00013 982.4
0.00014 982.4
0.00015 982.4
0.00016 982.4
0.00017 982.4
0.00018 982.4
0.00019 982.4
0.00020 982.4
0.00021 982.4
0.00022 982.4
0.00023 982.4
0.00024 982.4
0.00025 982.4
0.00026 982.4
0.00027 982.4
0.00028 982.4
0.00029 982.4
0.00030 982.4
0.00031 982.4
0.00032 982.4
0.00033 982.4
0.00034 982.4
0.00035 982.4
0.00036 982.4
0.00037 982.4
0.00038 982.4
0.00039 982.4
0.00040 982.4
0.00041 982.4
0.00042 982.4
0.00043 982.4
0.00044 982.4
0.00045 982.4
0.00046 982.4
0.00047 982.4
0.00048 982.4
0.00049 982.4
0.00050 982.4
0.00051 982.4
0.00052 982.4
0.00053 982.4
0.00054 982.4
0.00055 982.4
0.00056 982.4
0.00057 982.4
0.00058 982.4
0.00059 982.4
0.00060 982.4
0.00061 982.4
0.00062 982.4
0.00063 982.4
0.00064 982.4
0.00065 982.4
0.00066 982.4
0.00067 982.4
0.00068 982.4
0.00069 982.4
0.00070 982.4
0.00071 982.4
0.00072 982.4
0.00073 982.4
0.00074 982.4
0.00075 982.4
0.00076 982.4
0.00077 982.4
0.00078 982.4
0.00079 982.4
0.00080 982.4
0.00081 982.4
0.00082 982.4
0.00083 982.4
0.00084 982.4
0.00085 982.4
0.00086 982.4
0.00087 982.4
0.00088 982.4
0.00089 982.4
0.00090 982.4
0.00091 982.4
0.00092 982.4
0.00093 982.4
0.00094 982.4
0.00095 982.4
0.00096 982.4
0.00097 982.4
0.00098 982.4
0.00099 982.4
0.00100 982.4
0.00101 1006.0
0.00102 1030.0
0.00103 1054.6
0.00104 1079.7
0.00105 1105.3
0.00106 1131.5
0.00107 1158.1
0.00108 1185.4
0.00109 1213.1
0.00110 1241.5
0.00111 1270.4
0.00112 1300.0
0.00113 1330.1
0.00114 1360.9
0.00115 1392.3
0.00116 1424.3
0.00117 1457.0
0.00118 1490.4
0.00119 1524.5
0.00120 1559.3
0.00121 1594.9
0.00122 1631.3
0.00123 1668.5
0.00124 1706.5
0.00125 1745.4
0.00126 1785.3
0.00127 1826.2
0.00128 1868.1
0.00129 1911.2
0.00130 1955.5
0.00131 2001.1
0.00132 2048.2
0.00133 2096.9
0.00134 2147.3
0.00135 2199.6
0.00136 2254.1
0.00137 2311.1
0.00138 2370.8
0.00139 2433.6
0.00140 2500.0
0.00141 2570.5
0.00142 2645.6
0.00143 2726.2
0.00144 2813.2
0.00145 2907.5
0.00146 3010.6
0.00147 3124.0
0.00148 3249.7
0.00149 3389.9
0.00150 3547.8
0.00151 3640.0
0.00152 3751.4
0.00153 3885.0
0.00154 4044.4
0.00155 4234.0
0.00156 4459.0
0.00157 4725.7
0.00158 5041.8
0.00159 5415.9
0.00160 5857.7
0.00161 6377.3
0.00162 6983.6
0.00163 7682.2
0.00164 8472.4
0.00165 9343.1
0.00166 10270.4
0.00167 11218.8
0.00168 12147.1
0.00169 13017.2
0.00170 13801.5
0.00171 14486.2
0.00172 15068.9
0.00173 15554.5
0.00174 15952.0
0.00175 16271.0
0.00176 16521.1
0.00177 16710.7
0.00178 16846.9
0.00179 16935.9
0.00180 16982.9
0.00181 16992.0
0.00182 16967.0
0.00183 16910.7
0.00184 16825.8
0.00185 16714.4
0.00186 16578.4
0.00187 16419.5
0.00188 16239.2
0.00189 16039.0
0.00190 15820.1
0.00191 15583.8
0.00192 15331.3
0.00193 15063.8
0.00194 14782.6
0.00195 14488.8
0.00196 14183.7
0.00197 13868.5
0.00198 13544.6
0.00199 13213.0
0.00200 12875.2
0.00201 12532.4
0.00202 12185.7
0.00203 11836.6
0.00204 11486.2
0.00205 11135.6
0.00206 10786.0
0.00207 10438.4
0.00208 10094.0
0.00209 9753.7
0.00210 9418.3
0.00211 9088.6
0.00212 8765.5
0.00213 8449.5
0.00214 8141.3
0.00215 7841.2
0.00216 7549.8
0.00217 7267.4
0.00218 6994.2
0.00219 6730.4
0.00220 6476.1
0.00221 6231.4
0.00222 5996.3
0.00223 5770.8
0.00224 5554.6
0.00225 5347.8
0.00226 5150.0
0.00227 4961.1
0.00228 4780.9
0.00229 4609.0
0.00230 4445.3
0.00231 4289.3
0.00232 4140.9
0.00233 3999.7
0.00234 3865.3
0.00235 3737.6
0.00236 3616.1
0.00237 3500.6
0.00238 3390.8
0.00239 3286.4
0.00240 3187.2
0.00241 3092.7
0.00242 3002.9
0.00243 2917.4
0.00244 2836.0
0.00245 2758.5
0.00246 2684.7
0.00247 2614.3
0.00248 2547.2
0.00249 2483.1
0.00250 2422.0
0.00251 2363.6
0.00252 2307.8
0.00253 2254.5
0.00254 2203.5
0.00255 2154.7
0.00256 2107.9
0.00257 2063.2
0.00258 2020.2
0.00259 1979.1
0.00260 1939.6
0.00261 1901.7
0.00262 1865.4
0.00263 1830.4
0.00264 1796.9
0.00265 1764.6
0.00266 1733.6
0.00267 1703.8
0.00268 1675.1
0.00269 1647.6
0.00270 1621.0
0.00271 1595.5
0.00272 1571.0
0.00273 1547.3
0.00274 1524.6
0.00275 1502.7
0.00276 1481.6
0.00277 1461.4
0.00278 1441.8
0.00279 1423.1
0.00280 1405.0
0.00281 1387.6
0.00282 1370.8
0.00283 1354.7
0.00284 1339.2
0.00285 1324.3
0.00286 1309.9
0.00287 1296.1
0.00288 1282.8
0.00289 1270.0
0.00290 1257.7
0.00291 1245.9
0.00292 1234.5
0.00293 1223.5
0.00294 1213.0
0.00295 1202.8
0.00296 1193.0
0.00297 1183.6
0.00298 1174.6
0.00299 1165.8
0.00300 1157.4
0.00301 1149.4
0.00302 1141.6
0.00303 1134.1
0.00304 1126.8
0.00305 1119.9
0.00306 1113.2
0.00307 1106.7
0.00308 1100.5
0.00309 1094.5
0.00310 1088.7
0.00311 1083.1
0.00312 1077.7
0.00313 1072.5
0.00314 1067.5
0.00315 1062.6
0.00316 1058.0
0.00317 1053.4
0.00318 1049.1
0.00319 1044.9
0.00320 1040.8
0.00321 1036.9
0.00322 1033.1
0.00323 1029.4
0.00324 1025.9
0.00325 1022.5
0.00326 1019.1
0.00327 1015.9
0.00328 1012.8
0.00329 1009.8
0.00330 1006.9
0.00331 1004.1
0.00332 1001.4
0.00333 998.8
0.00334 996.2
0.00335 993.7
0.00336 991.4
0.00337 989.0
0.00338 986.8
0.00339 984.6
0.00340 982.5
0.00341 980.5
0.00342 978.5
0.00343 976.6
0.00344 974.7
0.00345 972.9
0.00346 971.1
0.00347 969.4
0.00348 967.8
0.00349 966.2
0.00350 964.6
0.00351 963.1
0.00352 961.7
0.00353 960.3
0.00354 958.9
0.00355 957.5
0.00356 956.2
0.00357 955.0
0.00358 953.7
0.00359 952.6
0.00360 951.4
0.00361 950.3
0.00362 949.2
0.00363 948.1
0.00364 947.1
0.00365 946.1
0.00366 945.1
0.00367 944.2
0.00368 943.2
0.00369 942.3
0.00370 941.5
0.00371 940.6
0.00372 939.8
0.00373 939.0
0.00374 938.2
0.00375 937.4
0.00376 936.7
0.00377 936.0
0.00378 935.3
0.00379 934.6
0.00380 933.9
0.00381 933.3
0.00382 932.7
0.00383 932.1
0.00384 931.5
0.00385 930.9
0.00386 930.3
0.00387 929.8
0.00388 929.2
0.00389 928.7
0.00390 928.2
0.00391 927.7
0.00392 927.2
0.00393 926.8
0.00394 926.3
0.00395 925.9
0.00396 925.4
0.00397 925.0
0.00398 924.6
0.00399 924.2
0.00400 923.8
0.00401 923.4
0.00402 923.1
0.00403 922.7
0.00404 922.4
0.00405 922.0
0.00406 921.7
0.00407 921.4
0.00408 921.1
0.00409 920.7
0.00410 920.4
0.00411 920.2
0.00412 919.9
0.00413 919.6
0.00414 919.3
0.00415 919.1
0.00416 918.8
0.00417 918.6
0.00418 918.3
0.00419 918.1
0.00420 917.8
0.00421 917.6
0.00422 917.4
0.00423 917.2
0.00424 917.0
0.00425 916.8
0.00426 916.6
0.00427 916.4
0.00428 916.2
0.00429 916.0
0.00430 915.9
0.00431 915.7
0.00432 915.5
0.00433 915.4
0.00434 915.2
0.00435 915.0
0.00436 914.9
0.00437 914.7
0.00438 914.6
0.00439 914.5
0.00440 914.3
0.00441 914.2
0.00442 914.1
0.00443 914.0
0.00444 913.8
0.00445 913.7
0.00446 913.6
0.00447 913.5
0.00448 913.4
0.00449 913.3
0.00450 913.2
0.00451 913.1
0.00452 913.0
0.00453 912.9
0.00454 912.8
0.00455 912.7
0.00456 912.7
0.00457 912.6
0.00458 912.5
0.00459 912.4
0.00460 912.4
0.00461 912.3
0.00462 912.2
0.00463 912.1
0.00464 912.1
0.00465 912.0
0.00466 912.0
0.00467 911.9
0.00468 911.9
0.00469 911.8
0.00470 911.8
0.00471 911.7
0.00472 911.7
0.00473 911.6
0.00474 911.6
0.00475 911.5
0.00476 911.5
0.00477 911.5
0.00478 911.4
0.00479 911.4
0.00480 911.3
0.00481 911.3
0.00482 911.3
0.00483 911.3
0.00484 911.2
0.00485 911.2
0.00486 911.2
0.00487 911.2
0.00488 911.1
0.00489 911.1
0.00490 911.1
0.00491 911.1
0.00492 911.1
0.00493 911.1
0.00494 911.0
0.00495 911.0
0.00496 911.0
0.00497 911.0
0.00498 911.0
0.00499 911.0
0.00500 911.0
0.00501 911.0
0.00502 911.0
0.00503 911.0
0.00504 911.0
0.00505 911.0
0.00506 911.0
0.00507 911.0
0.00508 911.0
0.00509 911.0
0.00510 911.0
0.00511 911.0
0.00512 911.0
0.00513 911.0
0.00514 911.0
0.00515 911.0
0.00516 911.1
0.00517 911.1
0.00518 911.1
0.00519 911.1
0.00520 911.1
0.00521 911.1
0.00522 911.1
0.00523 911.2
0.00524 911.2
0.00525 911.2
0.00526 911.2
0.00527 911.2
0.00528 911.2
0.00529 911.3
0.00530 911.3
0.00531 911.3
0.00532 911.3
0.00533 911.4
0.00534 911.4
0.00535 911.4
0.00536 911.4
0.00537 911.5
0.00538 911.5
0.00539 911.5
0.00540 911.5
0.00541 911.6
0.00542 911.6
0.00543 911.6
0.00544 911.6
0.00545 911.7
0.00546 911.7
0.00547 911.7
0.00548 911.8
0.00549 911.8
0.00550 911.8
0.00551 911.9
0.00552 911.9
0.00553 911.9
0.00554 912.0
0.00555 912.0
0.00556 912.0
0.00557 912.1
0.00558 912.1
0.00559 912.2
0.00560 912.2
0.00561 912.2
0.00562 912.3
0.00563 912.3
0.00564 912.4
0.00565 912.4
0.00566 912.4
0.00567 912.5
0.00568 912.5
0.00569 912.6
0.00570 912.6
0.00571 912.6
0.00572 912.7
0.00573 912.7
0.00574 912.8
0.00575 912.8
0.00576 912.9
0.00577 912.9
0.00578 912.9
0.00579 913.0
0.00580 913.0
0.00581 913.1
0.00582 913.1
0.00583 913.2
0.00584 913.2
0.00585 913.3
0.00586 913.3
0.00587 913.4
0.00588 913.4
0.00589 913.5
0.00590 913.5
0.00591 913.6
0.00592 913.6
0.00593 913.7
0.00594 913.7
0.00595 913.8
0.00596 913.8
0.00597 913.9
0.00598 913.9
0.00599 914.0
0.00600 914.0
0.00601 914.1
0.00602 914.1
0.00603 914.2
0.00604 914.2
0.00605 914.3
0.00606 914.3
0.00607 914.4
0.00608 914.4
0.00609 914.5
0.00610 914.5
0.00611 914.6
0.00612 914.6
0.00613 914.7
0.00614 914.8
0.00615 914.8
0.00616 914.9
0.00617 914.9
0.00618 915.0
0.00619 915.0
0.00620 915.1
0.00621 915.1
0.00622 915.2
0.00623 915.3
0.00624 915.3
0.00625 915.4
0.00626 915.4
0.00627 915.5
0.00628 915.5
0.00629 915.6
0.00630 915.7
0.00631 915.7
0.00632 915.8
0.00633 915.8
0.00634 915.9
0.00635 916.0
0.00636 916.0
0.00637 916.1
0.00638 916.1
0.00639 916.2
0.00640 916.3
0.00641 916.3
0.00642 916.4
0.00643 916.4
0.00644 916.5
0.00645 916.6
0.00646 916.6
0.00647 916.7
0.00648 916.7
0.00649 916.8
0.00650 916.9
0.00651 916.9
0.00652 917.0
0.00653 917.0
0.00654 917.1
0.00655 917.2
0.00656 917.2
0.00657 917.3
0.00658 917.4
0.00659 917.4
0.00660 917.5
0.00661 917.6
0.00662 917.6
0.00663 917.7
0.00664 917.7
0.00665 917.8
0.00666 917.9
0.00667 917.9
0.00668 918.0
0.00669 918.1
0.00670 918.1
0.00671 918.2
0.00672 918.3
0.00673 918.3
0.00674 918.4
0.00675 918.4
0.00676 918.5
0.00677 918.6
0.00678 918.6
0.00679 918.7
0.00680 918.8
0.00681 918.8
0.00682 918.9
0.00683 919.0
0.00684 919.0
0.00685 919.1
0.00686 919.2
0.00687 919.2
0.00688 919.3
0.00689 919.4
0.00690 919.4
0.00691 919.5
0.00692 919.6
0.00693 919.6
0.00694 919.7
0.00695 919.8
0.00696 919.8
0.00697 919.9
0.00698 920.0
0.00699 920.0
0.00700 920.1
0.00701 920.2
0.00702 920.2
0.00703 920.3
0.00704 920.4
0.00705 920.4
0.00706 920.5
0.00707 920.6
0.00708 920.6
0.00709 920.7
0.00710 920.8
0.00711 920.8
0.00712 920.9
0.00713 921.0
0.00714 921.0
0.00715 921.1
0.00716 921.2
0.00717 921.3
0.00718 921.3
0.00719 921.4
0.00720 921.5
0.00721 921.5
0.00722 921.6
0.00723 921.7
0.00724 921.7
0.00725 921.8
0.00726 921.9
0.00727 921.9
0.00728 922.0
0.00729 922.1
0.00730 922.1
0.00731 922.2
0.00732 922.3
0.00733 922.4
0.00734 922.4
0.00735 922.5
0.00736 922.6
0.00737 922.6
0.00738 922.7
0.00739 922.8
0.00740 922.8
0.00741 922.9
0.00742 923.0
0.00743 923.0
0.00744 923.1
0.00745 923.2
0.00746 923.3
0.00747 923.3
0.00748 923.4
0.00749 923.5
0.00750 923.5
0.00751 923.6
0.00752 923.7
0.00753 923.7
0.00754 923.8
0.00755 923.9
0.00756 924.0
0.00757 924.0
0.00758 924.1
0.00759 924.2
0.00760 924.2
0.00761 924.3
0.00762 924.4
0.00763 924.5
0.00764 924.5
0.00765 924.6
0.00766 924.7
0.00767 924.7
0.00768 924.8
0.00769 924.9
0.00770 924.9
0.00771 925.0
0.00772 925.1
0.00773 925.2
0.00774 925.2
0.00775 925.3
0.00776 925.4
0.00777 925.4
0.00778 925.5
0.00779 925.6
0.00780 925.7
0.00781 925.7
0.00782 925.8
0.00783 925.9
0.00784 925.9
0.00785 926.0
0.00786 926.1
0.00787 926.2
0.00788 926.2
0.00789 926.3
0.00790 926.4
0.00791 926.4
0.00792 926.5
0.00793 926.6
0.00794 926.7
0.00795 926.7
0.00796 926.8
0.00797 926.9
0.00798 926.9
0.00799 927.0
0.00800 927.1
0.00801 927.2
0.00802 927.2
0.00803 927.3
0.00804 927.4
0.00805 927.4
0.00806 927.5
0.00807 927.6
0.00808 927.7
0.00809 927.7
0.00810 927.8
0.00811 927.9
0.00812 927.9
0.00813 928.0
0.00814 928.1
0.00815 928.1
0.00816 928.2
0.00817 928.3
0.00818 928.4
0.00819 928.4
0.00820 928.5
0.00821 928.6
0.00822 928.6
0.00823 928.7
0.00824 928.8
0.00825 928.9
0.00826 928.9
0.00827 929.0
0.00828 929.1
0.00829 929.1
0.00830 929.2
0.00831 929.3
0.00832 929.4
0.00833 929.4
0.00834 929.5
0.00835 929.6
0.00836 929.6
0.00837 929.7
0.00838 929.8
0.00839 929.9
0.00840 929.9
0.00841 930.0
0.00842 930.1
0.00843 930.1
0.00844 930.2
0.00845 930.3
0.00846 930.4
0.00847 930.4
0.00848 930.5
0.00849 930.6
0.00850 930.6
0.00851 930.7
0.00852 930.8
0.00853 930.9
0.00854 930.9
0.00855 931.0
0.00856 931.1
0.00857 931.1
0.00858 931.2
0.00859 931.3
0.00860 931.3
0.00861 931.4
0.00862 931.5
0.00863 931.6
0.00864 931.6
0.00865 931.7
0.00866 931.8
0.00867 931.8
0.00868 931.9
0.00869 932.0
0.00870 932.1
0.00871 932.1
0.00872 932.2
0.00873 932.3
0.00874 932.3
0.00875 932.4
0.00876 932.5
0.00877 932.5
0.00878 932.6
0.00879 932.7
0.00880 932.8
0.00881 932.8
0.00882 932.9
0.00883 933.0
0.00884 933.0
0.00885 933.1
0.00886 933.2
0.00887 933.3
0.00888 933.3
0.00889 933.4
0.00890 933.5
0.00891 933.5
0.00892 933.6
0.00893 933.7
0.00894 933.7
0.00895 933.8
0.00896 933.9
0.00897 934.0
0.00898 934.0
0.00899 934.1
0.00900 934.2
0.00901 934.2
0.00902 934.3
0.00903 934.4
0.00904 934.4
0.00905 934.5
0.00906 934.6
0.00907 934.6
0.00908 934.7
0.00909 934.8
0.00910 934.9
0.00911 934.9
0.00912 935.0
0.00913 935.1
0.00914 935.1
0.00915 935.2
0.00916 935.3
0.00917 935.3
0.00918 935.4
0.00919 935.5
0.00920 935.5
0.00921 935.6
0.00922 935.7
0.00923 935.8
0.00924 935.8
0.00925 935.9
0.00926 936.0
0.00927 936.0
0.00928 936.1
0.00929 936.2
0.00930 936.2
0.00931 936.3
0.00932 936.4
0.00933 936.4
0.00934 936.5
0.00935 936.6
0.00936 936.6
0.00937 936.7
0.00938 936.8
0.00939 936.8
0.00940 936.9
0.00941 937.0
0.00942 937.0
0.00943 937.1
0.00944 937.2
0.00945 937.3
0.00946 937.3
0.00947 937.4
0.00948 937.5
0.00949 937.5
0.00950 937.6
0.00951 937.7
0.00952 937.7
0.00953 937.8
0.00954 937.9
0.00955 937.9
0.00956 938.0
0.00957 938.1
0.00958 938.1
0.00959 938.2
0.00960 938.3
0.00961 938.3
0.00962 938.4
0.00963 938.5
0.00964 938.5
0.00965 938.6
0.00966 938.7
0.00967 938.7
0.00968 938.8
0.00969 938.9
0.00970 938.9
0.00971 939.0
0.00972 939.1
0.00973 939.1
0.00974 939.2
0.00975 939.3
0.00976 939.3
0.00977 939.4
0.00978 939.5
0.00979 939.5
0.00980 939.6
0.00981 939.7
0.00982 939.7
0.00983 939.8
0.00984 939.9
0.00985 939.9
0.00986 940.0
0.00987 940.1
0.00988 940.1
0.00989 940.2
0.00990 940.3
0.00991 940.3
0.00992 940.4
0.00993 940.4
0.00994 940.5
0.00995 940.6
0.00996 940.6
0.00997 940.7
0.00998 940.8
0.00999 940.8
0.01000 940.9
0.01001 941.0
0.01002 941.0
0.01003 941.1
0.01004 941.2
0.01005 941.2
0.01006 941.3
0.01007 941.4
0.01008 941.4
0.01009 941.5
0.01010 941.5
0.01011 941.6
0.01012 941.7
0.01013 941.7
0.01014 941.8
0.01015 941.9
0.01016 941.9
0.01017 942.0
0.01018 942.1
0.01019 942.1
0.01020 942.2
0.01021 942.2
0.01022 942.3
0.01023 942.4
0.01024 942.4
0.01025 942.5
0.01026 942.6
0.01027 942.6
0.01028 942.7
0.01029 942.8
0.01030 942.8
0.01031 942.9
0.01032 942.9
0.01033 943.0
0.01034 943.1
0.01035 943.1
0.01036 943.2
0.01037 943.3
0.01038 943.3
0.01039 943.4
0.01040 943.4
0.01041 943.5
0.01042 943.6
0.01043 943.6
0.01044 943.7
0.01045 943.8
0.01046 943.8
0.01047 943.9
0.01048 943.9
0.01049 944.0
0.01050 944.1
0.01051 944.1
0.01052 944.2
0.01053 944.2
0.01054 944.3
0.01055 944.4
0.01056 944.4
0.01057 944.5
0.01058 944.6
0.01059 944.6
0.01060 944.7
0.01061 944.7
0.01062 944.8
0.01063 944.9
0.01064 944.9
0.01065 945.0
0.01066 945.0
0.01067 945.1
0.01068 945.2
0.01069 945.2
0.01070 945.3
0.01071 945.3
0.01072 945.4
0.01073 945.5
0.01074 945.5
0.01075 945.6
0.01076 945.6
0.01077 945.7
0.01078 945.8
0.01079 945.8
0.01080 945.9
0.01081 945.9
0.01082 946.0
0.01083 946.1
0.01084 946.1
0.01085 946.2
0.01086 946.2
0.01087 946.3
0.01088 946.4
0.01089 946.4
0.01090 946.5
0.01091 946.5
0.01092 946.6
0.01093 946.7
0.01094 946.7
0.01095 946.8
0.01096 946.8
0.01097 946.9
0.01098 946.9
0.01099 947.0
0.01100 947.1
0.01101 947.1
0.01102 947.2
0.01103 947.2
0.01104 947.3
0.01105 947.4
0.01106 947.4
0.01107 947.5
0.01108 947.5
0.01109 947.6
0.01110 947.6
0.01111 947.7
0.01112 947.8
0.01113 947.8
0.01114 947.9
0.01115 947.9
0.01116 948.0
0.01117 948.0
0.01118 948.1
0.01119 948.2
0.01120 948.2
0.01121 948.3
0.01122 948.3
0.01123 948.4
0.01124 948.4
0.01125 948.5
0.01126 948.6
0.01127 948.6
0.01128 948.7
0.01129 948.7
0.01130 948.8
0.01131 948.8
0.01132 948.9
0.01133 948.9
0.01134 949.0
0.01135 949.1
0.01136 949.1
0.01137 949.2
0.01138 949.2
0.01139 949.3
0.01140 949.3
0.01141 949.4
0.01142 949.4
0.01143 949.5
0.01144 949.6
0.01145 949.6
0.01146 949.7
0.01147 949.7
0.01148 949.8
0.01149 949.8
0.01150 949.9
0.01151 949.9
0.01152 950.0
0.01153 950.0
0.01154 950.1
0.01155 950.2
0.01156 950.2
0.01157 950.3
0.01158 950.3
0.01159 950.4
0.01160 950.4
0.01161 950.5
0.01162 950.5
0.01163 950.6
0.01164 950.6
0.01165 950.7
0.01166 950.7
0.01167 950.8
0.01168 950.9
0.01169 950.9
0.01170 951.0
0.01171 951.0
0.01172 951.1
0.01173 951.1
0.01174 951.2
0.01175 951.2
0.01176 951.3
0.01177 951.3
0.01178 951.4
0.01179 951.4
0.01180 951.5
0.01181 951.5
0.01182 951.6
0.01183 951.6
0.01184 951.7
0.01185 951.8
0.01186 951.8
0.01187 951.9
0.01188 951.9
0.01189 952.0
0.01190 952.0
0.01191 952.1
0.01192 952.1
0.01193 952.2
0.01194 952.2
0.01195 952.3
0.01196 952.3
0.01197 952.4
0.01198 952.4
0.01199 952.5
0.01200 952.5
0.01201 952.6
0.01202 952.6
0.01203 952.7
0.01204 952.7
0.01205 952.8
0.01206 952.8
0.01207 952.9
0.01208 952.9
0.01209 953.0
0.01210 953.0
0.01211 953.1
0.01212 953.1
0.01213 953.2
0.01214 953.2
0.01215 953.3
0.01216 953.3
0.01217 953.4
0.01218 953.4
0.01219 953.5
0.01220 953.5
0.01221 953.6
0.01222 953.6
0.01223 953.7
0.01224 953.7
0.01225 953.8
0.01226 953.8
0.01227 953.9
0.01228 953.9
0.01229 954.0
0.01230 954.0
0.01231 954.1
0.01232 954.1
0.01233 954.2
0.01234 954.2
0.01235 954.3
0.01236 954.3
0.01237 954.4
0.01238 954.4
0.01239 954.5
0.01240 954.5
0.01241 954.6
0.01242 954.6
0.01243 954.7
0.01244 954.7
0.01245 954.7
0.01246 954.8
0.01247 954.8
0.01248 954.9
0.01249 954.9
0.01250 955.0
0.01251 955.0
0.01252 955.1
0.01253 955.1
0.01254 955.2
0.01255 955.2
0.01256 955.3
0.01257 955.3
0.01258 955.4
0.01259 955.4
0.01260 955.5
0.01261 955.5
0.01262 955.6
0.01263 955.6
0.01264 955.6
0.01265 955.7
0.01266 955.7
0.01267 955.8
0.01268 955.8
0.01269 955.9
0.01270 955.9
0.01271 956.0
0.01272 956.0
0.01273 956.1
0.01274 956.1
0.01275 956.2
0.01276 956.2
0.01277 956.2
0.01278 956.3
0.01279 956.3
0.01280 956.4
0.01281 956.4
0.01282 956.5
0.01283 956.5
0.01284 956.6
0.01285 956.6
0.01286 956.6
0.01287 956.7
0.01288 956.7
0.01289 956.8
0.01290 956.8
0.01291 956.9
0.01292 956.9
0.01293 957.0
0.01294 957.0
0.01295 957.1
0.01296 957.1
0.01297 957.1
0.01298 957.2
0.01299 957.2
0.01300 957.3
0.01301 957.3
0.01302 957.4
0.01303 957.4
0.01304 957.4
0.01305 957.5
0.01306 957.5
0.01307 957.6
0.01308 957.6
0.01309 957.7
0.01310 957.7
0.01311 957.7
0.01312 957.8
0.01313 957.8
0.01314 957.9
0.01315 957.9
0.01316 958.0
0.01317 958.0
0.01318 958.0
0.01319 958.1
0.01320 958.1
0.01321 958.2
0.01322 958.2
0.01323 958.3
0.01324 958.3
0.01325 958.3
0.01326 958.4
0.01327 958.4
0.01328 958.5
0.01329 958.5
0.01330 958.6
0.01331 958.6
0.01332 958.6
0.01333 958.7
0.01334 958.7
0.01335 958.8
0.01336 958.8
0.01337 958.8
0.01338 958.9
0.01339 958.9
0.01340 959.0
0.01341 959.0
0.01342 959.1
0.01343 959.1
0.01344 959.1
0.01345 959.2
0.01346 959.2
0.01347 959.3
0.01348 959.3
0.01349 959.3
0.01350 959.4
0.01351 959.4
0.01352 959.5
0.01353 959.5
0.01354 959.5
0.01355 959.6
0.01356 959.6
0.01357 959.7
0.01358 959.7
0.01359 959.7
0.01360 959.8
0.01361 959.8
0.01362 959.9
0.01363 959.9
0.01364 959.9
0.01365 960.0
0.01366 960.0
0.01367 960.1
0.01368 960.1
0.01369 960.1
0.01370 960.2
0.01371 960.2
0.01372 960.3
0.01373 960.3
0.01374 960.3
0.01375 960.4
0.01376 960.4
0.01377 960.4
0.01378 960.5
0.01379 960.5
0.01380 960.6
0.01381 960.6
0.01382 960.6
0.01383 960.7
0.01384 960.7
0.01385 960.8
0.01386 960.8
0.01387 960.8
0.01388 960.9
0.01389 960.9
0.01390 960.9
0.01391 961.0
0.01392 961.0
0.01393 961.1
0.01394 961.1
0.01395 961.1
0.01396 961.2
0.01397 961.2
0.01398 961.2
0.01399 961.3
0.01400 961.3
0.01401 961.4
0.01402 961.4
0.01403 961.4
0.01404 961.5
0.01405 961.5
0.01406 961.5
0.01407 961.6
0.01408 961.6
0.01409 961.7
0.01410 961.7
0.01411 961.7
0.01412 961.8
0.01413 961.8
0.01414 961.8
0.01415 961.9
0.01416 961.9
0.01417 961.9
0.01418 962.0
0.01419 962.0
0.01420 962.1
0.01421 962.1
0.01422 962.1
0.01423 962.2
0.01424 962.2
0.01425 962.2
0.01426 962.3
0.01427 962.3
0.01428 962.3
0.01429 962.4
0.01430 962.4
0.01431 962.4
0.01432 962.5
0.01433 962.5
0.01434 962.6
0.01435 962.6
0.01436 962.6
0.01437 962.7
0.01438 962.7
0.01439 962.7
0.01440 962.8
0.01441 962.8
0.01442 962.8
0.01443 962.9
0.01444 962.9
0.01445 962.9
0.01446 963.0
0.01447 963.0
0.01448 963.0
0.01449 963.1
0.01450 963.1
0.01451 963.1
0.01452 963.2
0.01453 963.2
0.01454 963.2
0.01455 963.3
0.01456 963.3
0.01457 963.3
0.01458 963.4
0.01459 963.4
0.01460 963.4
0.01461 963.5
0.01462 963.5
0.01463 963.5
0.01464 963.6
0.01465 963.6
0.01466 963.6
0.01467 963.7
0.01468 963.7
0.01469 963.7
0.01470 963.8
0.01471 963.8
0.01472 963.8
0.01473 963.9
0.01474 963.9
0.01475 963.9
0.01476 964.0
0.01477 964.0
0.01478 964.0
0.01479 964.1
0.01480 964.1
0.01481 964.1
0.01482 964.2
0.01483 964.2
0.01484 964.2
0.01485 964.3
0.01486 964.3
0.01487 964.3
0.01488 964.4
0.01489 964.4
0.01490 964.4
0.01491 964.5
0.01492 964.5
0.01493 964.5
0.01494 964.6
0.01495 964.6
0.01496 964.6
0.01497 964.7
0.01498 964.7
0.01499 964.7
0.01500 964.7
0.01501 964.8
0.01502 964.8
0.01503 964.8
0.01504 964.9
0.01505 964.9
0.01506 964.9
0.01507 965.0
0.01508 965.0
0.01509 965.0
0.01510 965.1
0.01511 965.1
0.01512 965.1
0.01513 965.1
0.01514 965.2
0.01515 965.2
0.01516 965.2
0.01517 965.3
0.01518 965.3
0.01519 965.3
0.01520 965.4
0.01521 965.4
0.01522 965.4
0.01523 965.4
0.01524 965.5
0.01525 965.5
0.01526 965.5
0.01527 965.6
0.01528 965.6
0.01529 965.6
0.01530 965.7
0.01531 965.7
0.01532 965.7
0.01533 965.7
0.01534 965.8
0.01535 965.8
0.01536 965.8
0.01537 965.9
0.01538 965.9
0.01539 965.9
0.01540 966.0
0.01541 966.0
0.01542 966.0
0.01543 966.0
0.01544 966.1
0.01545 966.1
0.01546 966.1
0.01547 966.2
0.01548 966.2
0.01549 966.2
0.01550 966.2
0.01551 966.3
0.01552 966.3
0.01553 966.3
0.01554 966.4
0.01555 966.4
0.01556 966.4
0.01557 966.4
0.01558 966.5
0.01559 966.5
0.01560 966.5
0.01561 966.6
0.01562 966.6
0.01563 966.6
0.01564 966.6
0.01565 966.7
0.01566 966.7
0.01567 966.7
0.01568 966.7
0.01569 966.8
0.01570 966.8
0.01571 966.8
0.01572 966.9
0.01573 966.9
0.01574 966.9
0.01575 966.9
0.01576 967.0
0.01577 967.0
0.01578 967.0
0.01579 967.1
0.01580 967.1
0.01581 967.1
0.01582 967.1
0.01583 967.2
0.01584 967.2
0.01585 967.2
0.01586 967.2
0.01587 967.3
0.01588 967.3
0.01589 967.3
0.01590 967.3
0.01591 967.4
0.01592 967.4
0.01593 967.4
0.01594 967.5
0.01595 967.5
0.01596 967.5
0.01597 967.5
0.01598 967.6
0.01599 967.6
0.01600 967.6
0.01601 967.6
0.01602 967.7
0.01603 967.7
0.01604 967.7
0.01605 967.7
0.01606 967.8
0.01607 967.8
0.01608 967.8
0.01609 967.8
0.01610 967.9
0.01611 967.9
0.01612 967.9
0.01613 967.9
0.01614 968.0
0.01615 968.0
0.01616 968.0
0.01617 968.0
0.01618 968.1
0.01619 968.1
0.01620 968.1
0.01621 968.1
0.01622 968.2
0.01623 968.2
0.01624 968.2
0.01625 968.2
0.01626 968.3
0.01627 968.3
0.01628 968.3
0.01629 968.3
0.01630 968.4
0.01631 968.4
0.01632 968.4
0.01633 968.4
0.01634 968.5
0.01635 968.5
0.01636 968.5
0.01637 968.5
0.01638 968.6
0.01639 968.6
0.01640 968.6
0.01641 968.6
0.01642 968.7
0.01643 968.7
0.01644 968.7
0.01645 968.7
0.01646 968.8
0.01647 968.8
0.01648 968.8
0.01649 968.8
0.01650 968.9
0.01651 968.9
0.01652 968.9
0.01653 968.9
0.01654 969.0
0.01655 969.0
0.01656 969.0
0.01657 969.0
0.01658 969.0
0.01659 969.1
0.01660 969.1
0.01661 969.1
0.01662 969.1
0.01663 969.2
0.01664 969.2
0.01665 969.2
0.01666 969.2
0.01667 969.3
0.01668 969.3
0.01669 969.3
0.01670 969.3
0.01671 969.3
0.01672 969.4
0.01673 969.4
0.01674 969.4
0.01675 969.4
0.01676 969.5
0.01677 969.5
0.01678 969.5
0.01679 969.5
0.01680 969.6
0.01681 969.6
0.01682 969.6
0.01683 969.6
0.01684 969.6
0.01685 969.7
0.01686 969.7
0.01687 969.7
0.01688 969.7
0.01689 969.8
0.01690 969.8
0.01691 969.8
0.01692 969.8
0.01693 969.8
0.01694 969.9
0.01695 969.9
0.01696 969.9
0.01697 969.9
0.01698 970.0
0.01699 970.0
0.01700 970.0
0.01701 970.0
0.01702 970.0
0.01703 970.1
0.01704 970.1
0.01705 970.1
0.01706 970.1
0.01707 970.1
0.01708 970.2
0.01709 970.2
0.01710 970.2
0.01711 970.2
0.01712 970.3
0.01713 970.3
0.01714 970.3
0.01715 970.3
0.01716 970.3
0.01717 970.4
0.01718 970.4
0.01719 970.4
0.01720 970.4
0.01721 970.4
0.01722 970.5
0.01723 970.5
0.01724 970.5
0.01725 970.5
0.01726 970.5
0.01727 970.6
0.01728 970.6
0.01729 970.6
0.01730 970.6
0.01731 970.7
0.01732 970.7
0.01733 970.7
0.01734 970.7
0.01735 970.7
0.01736 970.8
0.01737 970.8
0.01738 970.8
0.01739 970.8
0.01740 970.8
0.01741 970.9
0.01742 970.9
0.01743 970.9
0.01744 970.9
0.01745 970.9
0.01746 971.0
0.01747 971.0
0.01748 971.0
0.01749 971.0
0.01750 971.0
0.01751 971.1
0.01752 971.1
0.01753 971.1
0.01754 971.1
0.01755 971.1
0.01756 971.2
0.01757 971.2
0.01758 971.2
0.01759 971.2
0.01760 971.2
0.01761 971.2
0.01762 971.3
0.01763 971.3
0.01764 971.3
0.01765 971.3
0.01766 971.3
0.01767 971.4
0.01768 971.4
0.01769 971.4
0.01770 971.4
0.01771 971.4
0.01772 971.5
0.01773 971.5
0.01774 971.5
0.01775 971.5
0.01776 971.5
0.01777 971.6
0.01778 971.6
0.01779 971.6
0.01780 971.6
0.01781 971.6
0.01782 971.6
0.01783 971.7
0.01784 971.7
0.01785 971.7
0.01786 971.7
0.01787 971.7
0.01788 971.8
0.01789 971.8
0.01790 971.8
0.01791 971.8
0.01792 971.8
0.01793 971.8
0.01794 971.9
0.01795 971.9
0.01796 971.9
0.01797 971.9
0.01798 971.9
0.01799 972.0
0.01800 972.0
0.01801 972.0
0.01802 972.0
0.01803 972.0
0.01804 972.0
0.01805 972.1
0.01806 972.1
0.01807 972.1
0.01808 972.1
0.01809 972.1
0.01810 972.2
0.01811 972.2
0.01812 972.2
0.01813 972.2
0.01814 972.2
0.01815 972.2
0.01816 972.3
0.01817 972.3
0.01818 972.3
0.01819 972.3
0.01820 972.3
0.01821 972.3
0.01822 972.4
0.01823 972.4
0.01824 972.4
0.01825 972.4
0.01826 972.4
0.01827 972.5
0.01828 972.5
0.01829 972.5
0.01830 972.5
0.01831 972.5
0.01832 972.5
0.01833 972.6
0.01834 972.6
0.01835 972.6
0.01836 972.6
0.01837 972.6
0.01838 972.6
0.01839 972.7
0.01840 972.7
0.01841 972.7
0.01842 972.7
0.01843 972.7
0.01844 972.7
0.01845 972.8
0.01846 972.8
0.01847 972.8
0.01848 972.8
0.01849 972.8
0.01850 972.8
0.01851 972.9
0.01852 972.9
0.01853 972.9
0.01854 972.9
0.01855 972.9
0.01856 972.9
0.01857 972.9
0.01858 973.0
0.01859 973.0
0.01860 973.0
0.01861 973.0
0.01862 973.0
0.01863 973.0
0.01864 973.1
0.01865 973.1
0.01866 973.1
0.01867 973.1
0.01868 973.1
0.01869 973.1
0.01870 973.2
0.01871 973.2
0.01872 973.2
0.01873 973.2
0.01874 973.2
0.01875 973.2
0.01876 973.3
0.01877 973.3
0.01878 973.3
0.01879 973.3
0.01880 973.3
0.01881 973.3
0.01882 973.3
0.01883 973.4
0.01884 973.4
0.01885 973.4
0.01886 973.4
0.01887 973.4
0.01888 973.4
0.01889 973.5
0.01890 973.5
0.01891 973.5
0.01892 973.5
0.01893 973.5
0.01894 973.5
0.01895 973.5
0.01896 973.6
0.01897 973.6
0.01898 973.6
0.01899 973.6
0.01900 973.6
0.01901 973.6
0.01902 973.6
0.01903 973.7
0.01904 973.7
0.01905 973.7
0.01906 973.7
0.01907 973.7
0.01908 973.7
0.01909 973.7
0.01910 973.8
0.01911 973.8
0.01912 973.8
0.01913 973.8
0.01914 973.8
0.01915 973.8
0.01916 973.9
0.01917 973.9
0.01918 973.9
0.01919 973.9
0.01920 973.9
0.01921 973.9
0.01922 973.9
0.01923 974.0
0.01924 974.0
0.01925 974.0
0.01926 974.0
0.01927 974.0
0.01928 974.0
0.01929 974.0
0.01930 974.1
0.01931 974.1
0.01932 974.1
0.01933 974.1
0.01934 974.1
0.01935 974.1
0.01936 974.1
0.01937 974.1
0.01938 974.2
0.01939 974.2
0.01940 974.2
0.01941 974.2
0.01942 974.2
0.01943 974.2
0.01944 974.2
0.01945 974.3
0.01946 974.3
0.01947 974.3
0.01948 974.3
0.01949 974.3
0.01950 974.3
0.01951 974.3
0.01952 974.4
0.01953 974.4
0.01954 974.4
0.01955 974.4
0.01956 974.4
0.01957 974.4
0.01958 974.4
0.01959 974.4
0.01960 974.5
0.01961 974.5
0.01962 974.5
0.01963 974.5
0.01964 974.5
0.01965 974.5
0.01966 974.5
0.01967 974.6
0.01968 974.6
0.01969 974.6
0.01970 974.6
0.01971 974.6
0.01972 974.6
0.01973 974.6
0.01974 974.6
0.01975 974.7
0.01976 974.7
0.01977 974.7
0.01978 974.7
0.01979 974.7
0.01980 974.7
0.01981 974.7
0.01982 974.7
0.01983 974.8
0.01984 974.8
0.01985 974.8
0.01986 974.8
0.01987 974.8
0.01988 974.8
0.01989 974.8
0.01990 974.8
0.01991 974.9
0.01992 974.9
0.01993 974.9
0.01994 974.9
0.01995 974.9
0.01996 974.9
0.01997 974.9
0.01998 974.9
0.01999 975.0
0.02000 982.4
0.02001 982.4
0.02002 982.4
0.02003 982.4
0.02004 982.4
0.02005 982.4
0.02006 982.4
0.02007 982.4
0.02008 982.4
0.02009 982.4
0.02010 982.4
0.02011 982.4
0.02012 982.4
0.02013 982.4
0.02014 982.4
0.02015 982.4
0.02016 982.4
0.02017 982.4
0.02018 982.4
0.02019 982.4
0.02020 982.4
0.02021 982.4
0.02022 982.4
0.02023 982.4
0.02024 982.4
0.02025 982.4
0.02026 982.4
0.02027 982.4
0.02028 982.4
0.02029 982.4
0.02030 982.4
0.02031 982.4
0.02032 982.4
0.02033 982.4
0.02034 982.4
0.02035 982.4
0.02036 982.4
0.02037 982.4
0.02038 982.4
0.02039 982.4
0.02040 982.4
0.02041 982.4
0.02042 982.4
0.02043 982.4
0.02044 982.4
0.02045 982.4
0.02046 982.4
0.02047 982.4
0.02048 982.4
0.02049 982.4
0.02050 982.4
0.02051 982.4
0.02052 982.4
0.02053 982.4
0.02054 982.4
0.02055 982.4
0.02056 982.4
0.02057 982.4
0.02058 982.4
0.02059 982.4
0.02060 982.4
0.02061 982.4
0.02062 982.4
0.02063 982.4
0.02064 982.4
0.02065 982.4
0.02066 982.4
0.02067 982.4
0.02068 982.4
0.02069 982.4
0.02070 982.4
0.02071 982.4
0.02072 982.4
0.02073 982.4
0.02074 982.4
0.02075 982.4
0.02076 982.4
0.02077 982.4
0.02078 982.4
0.02079 982.4
0.02080 982.4
0.02081 982.4
0.02082 982.4
0.02083 982.4
0.02084 982.4
0.02085 982.4
0.02086 982.4
0.02087 982.4
0.02088 982.4
0.02089 982.4
0.02090 982.4
0.02091 982.4
0.02092 982.4
0.02093 982.4
0.02094 982.4
0.02095 982.4
0.02096 982.4
0.02097 982.4
0.02098 982.4
0.02099 982.4
0.02100 982.4
0.02101 982.4
0.02102 982.4
0.02103 982.4
0.02104 982.4
0.02105 982.4
0.02106 982.4
0.02107 982.4
0.02108 982.4
0.02109 982.4
0.02110 982.4
0.02111 982.4
0.02112 982.4
0.02113 982.4
0.02114 982.4
0.02115 982.4
0.02116 982.4
0.02117 982.4
0.02118 982.4
0.02119 982.4
0.02120 982.4
0.02121 982.4
0.02122 982.4
0.02123 982.4
0.02124 982.4
0.02125 982.4
0.02126 982.4
0.02127 982.4
0.02128 982.4
0.02129 982.4
0.02130 982.4
0.02131 982.4
0.02132 982.4
0.02133 982.4
0.02134 982.4
0.02135 982.4
0.02136 982.4
0.02137 982.4
0.02138 982.4
0.02139 982.4
0.02140 982.4
0.02141 982.4
0.02142 982.4
0.02143 982.4
0.02144 982.4
0.02145 982.4
0.02146 982.4
0.02147 982.4
0.02148 982.4
0.02149 982.4
0.02150 982.4
0.02151 982.4
0.02152 982.4
0.02153 982.4
0.02154 982.4
0.02155 982.4
0.02156 982.4
0.02157 982.4
0.02158 982.4
0.02159 982.4
0.02160 982.4
0.02161 982.4
0.02162 982.4
0.02163 982.4
0.02164 982.4
0.02165 982.4
0.02166 982.4
0.02167 982.4
0.02168 982.4
0.02169 982.4
0.02170 982.4
0.02171 982.4
0.02172 982.4
0.02173 982.4
0.02174 982.4
0.02175 982.4
0.02176 982.4
0.02177 982.4
0.02178 982.4
0.02179 982.4
0.02180 982.4
0.02181 982.4
0.02182 982.4
0.02183 982.4
0.02184 982.4
0.02185 982.4
0.02186 982.4
0.02187 982.4
0.02188 982.4
0.02189 982.4
0.02190 982.4
0.02191 982.4
0.02192 982.4
0.02193 982.4
0.02194 982.4
0.02195 982.4
0.02196 982.4
0.02197 982.4
0.02198 982.4
0.02199 982.4
0.02200 982.4
0.02201 982.4
0.02202 982.4
0.02203 982.4
0.02204 982.4
0.02205 982.4
0.02206 982.4
0.02207 982.4
0.02208 982.4
0.02209 982.4
0.02210 982.4
0.02211 982.4
0.02212 982.4
0.02213 982.4
0.02214 982.4
0.02215 982.4
0.02216 982.4
0.02217 982.4
0.02218 982.4
0.02219 982.4
0.02220 982.4
0.02221 982.4
0.02222 982.4
0.02223 982.4
0.02224 982.4
0.02225 982.4
0.02226 982.4
0.02227 982.4
0.02228 982.4
0.02229 982.4
0.02230 982.4
0.02231 982.4
0.02232 982.4
0.02233 982.4
0.02234 982.4
0.02235 982.4
0.02236 982.4
0.02237 982.4
0.02238 982.4
0.02239 982.4
0.02240 982.4
0.02241 982.4
0.02242 982.4
0.02243 982.4
0.02244 982.4
0.02245 982.4
0.02246 982.4
0.02247 982.4
0.02248 982.4
0.02249 982.4
0.02250 982.4
0.02251 982.4
0.02252 982.4
0.02253 982.4
0.02254 982.4
0.02255 982.4
0.02256 982.4
0.02257 982.4
0.02258 982.4
0.02259 982.4
0.02260 982.4
0.02261 982.4
0.02262 982.4
0.02263 982.4
0.02264 982.4
0.02265 982.4
0.02266 982.4
0.02267 982.4
0.02268 982.4
0.02269 982.4
0.02270 982.4
0.02271 982.4
0.02272 982.4
0.02273 982.4
0.02274 982.4
0.02275 982.4
0.02276 982.4
0.02277 982.4
0.02278 982.4
0.02279 982.4
0.02280 982.4
0.02281 982.4
0.02282 982.4
0.02283 982.4
0.02284 982.4
0.02285 982.4
0.02286 982.4
0.02287 982.4
0.02288 982.4
0.02289 982.4
0.02290 982.4
0.02291 982.4
0.02292 982.4
0.02293 982.4
0.02294 982.4
0.02295 982.4
0.02296 982.4
0.02297 982.4
0.02298 982.4
0.02299 982.4
0.02300 982.4
0.02301 982.4
0.02302 982.4
0.02303 982.4
0.02304 982.4
0.02305 982.4
0.02306 982.4
0.02307 982.4
0.02308 982.4
0.02309 982.4
0.02310 982.4
0.02311 982.4
0.02312 982.4
0.02313 982.4
0.02314 982.4
0.02315 982.4
0.02316 982.4
0.02317 982.4
0.02318 982.4
0.02319 982.4
0.02320 982.4
0.02321 982.4
0.02322 982.4
0.02323 982.4
0.02324 982.4
0.02325 982.4
0.02326 982.4
0.02327 982.4
0.02328 982.4
0.02329 982.4
0.02330 982.4
0.02331 982.4
0.02332 982.4
0.02333 982.4
0.02334 982.4
0.02335 982.4
0.02336 982.4
0.02337 982.4
0.02338 982.4
0.02339 982.4
0.02340 982.4
0.02341 982.4
0.02342 982.4
0.02343 982.4
0.02344 982.4
0.02345 982.4
0.02346 982.4
0.02347 982.4
0.02348 982.4
0.02349 982.4
0.02350 982.4
0.02351 982.4
0.02352 982.4
0.02353 982.4
0.02354 982.4
0.02355 982.4
0.02356 982.4
0.02357 982.4
0.02358 982.4
0.02359 982.4
0.02360 982.4
0.02361 982.4
0.02362 982.4
0.02363 982.4
0.02364 982.4
0.02365 982.4
0.02366 982.4
0.02367 982.4
0.02368 982.4
0.02369 982.4
0.02370 982.4
0.02371 982.4
0.02372 982.4
0.02373 982.4
0.02374 982.4
0.02375 982.4
0.02376 982.4
0.02377 982.4
0.02378 982.4
0.02379 982.4
0.02380 982.4
0.02381 982.4
0.02382 982.4
0.02383 982.4
0.02384 982.4
0.02385 982.4
0.02386 982.4
0.02387 982.4
0.02388 982.4
0.02389 982.4
0.02390 982.4
0.02391 982.4
0.02392 982.4
0.02393 982.4
0.02394 982.4
0.02395 982.4
0.02396 982.4
0.02397 982.4
0.02398 982.4
0.02399 982.4
0.02400 982.4
0.02401 982.4
0.02402 982.4
0.02403 982.4
0.02404 982.4
0.02405 982.4
0.02406 982.4
0.02407 982.4
0.02408 982.4
0.02409 982.4
0.02410 982.4
0.02411 982.4
0.02412 982.4
0.02413 982.4
0.02414 982.4
0.02415 982.4
0.02416 982.4
0.02417 982.4
0.02418 982.4
0.02419 982.4
0.02420 982.4
0.02421 982.4
0.02422 982.4
0.02423 982.4
0.02424 982.4
0.02425 982.4
0.02426 982.4
0.02427 982.4
0.02428 982.4
0.02429 982.4
0.02430 982.4
0.02431 982.4
0.02432 982.4
0.02433 982.4
0.02434 982.4
0.02435 982.4
0.02436 982.4
0.02437 982.4
0.02438 982.4
0.02439 982.4
0.02440 982.4
0.02441 982.4
0.02442 982.4
0.02443 982.4
0.02444 982.4
0.02445 982.4
0.02446 982.4
0.02447 982.4
0.02448 982.4
0.02449 982.4
0.02450 982.4
0.02451 982.4
0.02452 982.4
0.02453 982.4
0.02454 982.4
0.02455 982.4
0.02456 982.4
0.02457 982.4
0.02458 982.4
0.02459 982.4
0.02460 982.4
0.02461 982.4
0.02462 982.4
0.02463 982.4
0.02464 982.4
0.02465 982.4
0.02466 982.4
0.02467 982.4
0.02468 982.4
0.02469 982.4
0.02470 982.4
0.02471 982.4
0.02472 982.4
0.02473 982.4
0.02474 982.4
0.02475 982.4
0.02476 982.4
0.02477 982.4
0.02478 982.4
0.02479 982.4
0.02480 982.4
0.02481 982.4
0.02482 982.4
0.02483 982.4
0.02484 982.4
0.02485 982.4
0.02486 982.4
0.02487 982.4
0.02488 982.4
0.02489 982.4
0.02490 982.4
0.02491 982.4
0.02492 982.4
0.02493 982.4
0.02494 982.4
0.02495 982.4
0.02496 982.4
0.02497 982.4
0.02498 982.4
0.02499 982.4
0.02500 982.4
0.02501 982.4
0.02502 982.4
0.02503 982.4
0.02504 982.4
0.02505 982.4
0.02506 982.4
0.02507 982.4
0.02508 982.4
0.02509 982.4
0.02510 982.4
0.02511 982.4
0.02512 982.4
0.02513 982.4
0.02514 982.4
0.02515 982.4
0.02516 982.4
0.02517 982.4
0.02518 982.4
0.02519 982.4
0.02520 982.4
0.02521 982.4
0.02522 982.4
0.02523 982.4
0.02524 982.4
0.02525 982.4
0.02526 982.4
0.02527 982.4
0.02528 982.4
0.02529 982.4
0.02530 982.4
0.02531 982.4
0.02532 982.4
0.02533 982.4
0.02534 982.4
0.02535 982.4
0.02536 982.4
0.02537 982.4
0.02538 982.4
0.02539 982.4
0.02540 982.4
0.02541 982.4
0.02542 982.4
0.02543 982.4
0.02544 982.4
0.02545 982.4
0.02546 982.4
0.02547 982.4
0.02548 982.4
0.02549 982.4
0.02550 982.4
0.02551 982.4
0.02552 982.4
0.02553 982.4
0.02554 982.4
0.02555 982.4
0.02556 982.4
0.02557 982.4
0.02558 982.4
0.02559 982.4
0.02560 982.4
0.02561 982.4
0.02562 982.4
0.02563 982.4
0.02564 982.4
0.02565 982.4
0.02566 982.4
0.02567 982.4
0.02568 982.4
0.02569 982.4
0.02570 982.4
0.02571 982.4
0.02572 982.4
0.02573 982.4
0.02574 982.4
0.02575 982.4
0.02576 982.4
0.02577 982.4
0.02578 982.4
0.02579 982.4
0.02580 982.4
0.02581 982.4
0.02582 982.4
0.02583 982.4
0.02584 982.4
0.02585 982.4
0.02586 982.4
0.02587 982.4
0.02588 982.4
0.02589 982.4
0.02590 982.4
0.02591 982.4
0.02592 982.4
0.02593 982.4
0.02594 982.4
0.02595 982.4
0.02596 982.4
0.02597 982.4
0.02598 982.4
0.02599 982.4
0.02600 982.4
0.02601 982.4
0.02602 982.4
0.02603 982.4
0.02604 982.4
0.02605 982.4
0.02606 982.4
0.02607 982.4
0.02608 982.4
0.02609 982.4
0.02610 982.4
0.02611 982.4
0.02612 982.4
0.02613 982.4
0.02614 982.4
0.02615 982.4
0.02616 982.4
0.02617 982.4
0.02618 982.4
0.02619 982.4
0.02620 982.4
0.02621 982.4
0.02622 982.4
0.02623 982.4
0.02624 982.4
0.02625 982.4
0.02626 982.4
0.02627 982.4
0.02628 982.4
0.02629 982.4
0.02630 982.4
0.02631 982.4
0.02632 982.4
0.02633 982.4
0.02634 982.4
0.02635 982.4
0.02636 982.4
0.02637 982.4
0.02638 982.4
0.02639 982.4
0.02640 982.4
0.02641 982.4
0.02642 982.4
0.02643 982.4
0.02644 982.4
0.02645 982.4
0.02646 982.4
0.02647 982.4
0.02648 982.4
0.02649 982.4
0.02650 982.4
0.02651 982.4
0.02652 982.4
0.02653 982.4
0.02654 982.4
0.02655 982.4
0.02656 982.4
0.02657 982.4
0.02658 982.4
0.02659 982.4
0.02660 982.4
0.02661 982.4
0.02662 982.4
0.02663 982.4
0.02664 982.4
0.02665 982.4
0.02666 982.4
0.02667 982.4
0.02668 982.4
0.02669 982.4
0.02670 982.4
0.02671 982.4
0.02672 982.4
0.02673 982.4
0.02674 982.4
0.02675 982.4
0.02676 982.4
0.02677 982.4
0.02678 982.4
0.02679 982.4
0.02680 982.4
0.02681 982.4
0.02682 982.4
0.02683 982.4
0.02684 982.4
0.02685 982.4
0.02686 982.4
0.02687 982.4
0.02688 982.4
0.02689 982.4
0.02690 982.4
0.02691 982.4
0.02692 982.4
0.02693 982.4
0.02694 982.4
0.02695 982.4
0.02696 982.4
0.02697 982.4
0.02698 982.4
0.02699 982.4
0.02700 982.4
0.02701 982.4
0.02702 982.4
0.02703 982.4
0.02704 982.4
0.02705 982.4
0.02706 982.4
0.02707 982.4
0.02708 982.4
0.02709 982.4
0.02710 982.4
0.02711 982.4
0.02712 982.4
0.02713 982.4
0.02714 982.4
0.02715 982.4
0.02716 982.4
0.02717 982.4
0.02718 982.4
0.02719 982.4
0.02720 982.4
0.02721 982.4
0.02722 982.4
0.02723 982.4
0.02724 982.4
0.02725 982.4
0.02726 982.4
0.02727 982.4
0.02728 982.4
0.02729 982.4
0.02730 982.4
0.02731 982.4
0.02732 982.4
0.02733 982.4
0.02734 982.4
0.02735 982.4
0.02736 982.4
0.02737 982.4
0.02738 982.4
0.02739 982.4
0.02740 982.4
0.02741 982.4
0.02742 982.4
0.02743 982.4
0.02744 982.4
0.02745 982.4
0.02746 982.4
0.02747 982.4
0.02748 982.4
0.02749 982.4
0.02750 982.4
0.02751 982.4
0.02752 982.4
0.02753 982.4
0.02754 982.4
0.02755 982.4
0.02756 982.4
0.02757 982.4
0.02758 982.4
0.02759 982.4
0.02760 982.4
0.02761 982.4
0.02762 982.4
0.02763 982.4
0.02764 982.4
0.02765 982.4
0.02766 982.4
0.02767 982.4
0.02768 982.4
0.02769 982.4
0.02770 982.4
0.02771 982.4
0.02772 982.4
0.02773 982.4
0.02774 982.4
0.02775 982.4
0.02776 982.4
0.02777 982.4
0.02778 982.4
0.02779 982.4
0.02780 982.4
0.02781 982.4
0.02782 982.4
0.02783 982.4
0.02784 982.4
0.02785 982.4
0.02786 982.4
0.02787 982.4
0.02788 982.4
0.02789 982.4
0.02790 982.4
0.02791 982.4
0.02792 982.4
0.02793 982.4
0.02794 982.4
0.02795 982.4
0.02796 982.4
0.02797 982.4
0.02798 982.4
0.02799 982.4
0.02800 982.4
0.02801 982.4
0.02802 982.4
0.02803 982.4
0.02804 982.4
0.02805 982.4
0.02806 982.4
0.02807 982.4
0.02808 982.4
0.02809 982.4
0.02810 982.4
0.02811 982.4
0.02812 982.4
0.02813 982.4
0.02814 982.4
0.02815 982.4
0.02816 982.4
0.02817 982.4
0.02818 982.4
0.02819 982.4
0.02820 982.4
0.02821 982.4
0.02822 982.4
0.02823 982.4
0.02824 982.4
0.02825 982.4
0.02826 982.4
0.02827 982.4
0.02828 982.4
0.02829 982.4
0.02830 982.4
0.02831 982.4
0.02832 982.4
0.02833 982.4
0.02834 982.4
0.02835 982.4
0.02836 982.4
0.02837 982.4
0.02838 982.4
0.02839 982.4
0.02840 982.4
0.02841 982.4
0.02842 982.4
0.02843 982.4
0.02844 982.4
0.02845 982.4
0.02846 982.4
0.02847 982.4
0.02848 982.4
0.02849 982.4
0.02850 982.4
0.02851 982.4
0.02852 982.4
0.02853 982.4
0.02854 982.4
0.02855 982.4
0.02856 982.4
0.02857 982.4
0.02858 982.4
0.02859 982.4
0.02860 982.4
0.02861 982.4
0.02862 982.4
0.02863 982.4
0.02864 982.4
0.02865 982.4
0.02866 982.4
0.02867 982.4
0.02868 982.4
0.02869 982.4
0.02870 982.4
0.02871 982.4
0.02872 982.4
0.02873 982.4
0.02874 982.4
0.02875 982.4
0.02876 982.4
0.02877 982.4
0.02878 982.4
0.02879 982.4
0.02880 982.4
0.02881 982.4
0.02882 982.4
0.02883 982.4
0.02884 982.4
0.02885 982.4
0.02886 982.4
0.02887 982.4
0.02888 982.4
0.02889 982.4
0.02890 982.4
0.02891 982.4
0.02892 982.4
0.02893 982.4
0.02894 982.4
0.02895 982.4
0.02896 982.4
0.02897 982.4
0.02898 982.4
0.02899 982.4
0.02900 982.4
0.02901 982.4
0.02902 982.4
0.02903 982.4
0.02904 982.4
0.02905 982.4
0.02906 982.4
0.02907 982.4
0.02908 982.4
0.02909 982.4
0.02910 982.4
0.02911 982.4
0.02912 982.4
0.02913 982.4
0.02914 982.4
0.02915 982.4
0.02916 982.4
0.02917 982.4
0.02918 982.4
0.02919 982.4
0.02920 982.4
0.02921 982.4
0.02922 982.4
0.02923 982.4
0.02924 982.4
0.02925 982.4
0.02926 982.4
0.02927 982.4
0.02928 982.4
0.02929 982.4
0.02930 982.4
0.02931 982.4
0.02932 982.4
0.02933 982.4
0.02934 982.4
0.02935 982.4
0.02936 982.4
0.02937 982.4
0.02938 982.4
0.02939 982.4
0.02940 982.4
0.02941 982.4
0.02942 982.4
0.02943 982.4
0.02944 982.4
0.02945 982.4
0.02946 982.4
0.02947 982.4
0.02948 982.4
0.02949 982.4
0.02950 982.4
0.02951 982.4
0.02952 982.4
0.02953 982.4
0.02954 982.4
0.02955 982.4
0.02956 982.4
0.02957 982.4
0.02958 982.4
0.02959 982.4
0.02960 982.4
0.02961 982.4
0.02962 982.4
0.02963 982.4
0.02964 982.4
0.02965 982.4
0.02966 982.4
0.02967 982.4
0.02968 982.4
0.02969 982.4
0.02970 982.4
0.02971 982.4
0.02972 982.4
0.02973 982.4
0.02974 982.4
0.02975 982.4
0.02976 982.4
0.02977 982.4
0.02978 982.4
0.02979 982.4
0.02980 982.4
0.02981 982.4
0.02982 982.4
0.02983 982.4
0.02984 982.4
0.02985 982.4
0.02986 982.4
0.02987 982.4
0.02988 982.4
0.02989 982.4
0.02990 982.4
0.02991 982.4
0.02992 982.4
0.02993 982.4
0.02994 982.4
0.02995 982.4
0.02996 982.4
0.02997 982.4
0.02998 982.4
0.02999 982.4
0.03000 982.4
0.03001 982.4
0.03002 982.4
0.03003 982.4
0.03004 982.4
0.03005 982.4
0.03006 982.4
0.03007 982.4
0.03008 982.4
0.03009 982.4
0.03010 982.4
0.03011 982.4
0.03012 982.4
0.03013 982.4
0.03014 982.4
0.03015 982.4
0.03016 982.4
0.03017 982.4
0.03018 982.4
0.03019 982.4
0.03020 982.4
0.03021 982.4
0.03022 982.4
0.03023 982.4
0.03024 982.4
0.03025 982.4
0.03026 982.4
0.03027 982.4
0.03028 982.4
0.03029 982.4
0.03030 982.4
0.03031 982.4
0.03032 982.4
0.03033 982.4
0.03034 982.4
0.03035 982.4
0.03036 982.4
0.03037 982.4
0.03038 982.4
0.03039 982.4
0.03040 982.4
0.03041 982.4
0.03042 982.4
0.03043 982.4
0.03044 982.4
0.03045 982.4
0.03046 982.4
0.03047 982.4
0.03048 982.4
0.03049 982.4
0.03050 982.4
0.03051 982.4
0.03052 982.4
0.03053 982.4
0.03054 982.4
0.03055 982.4
0.03056 982.4
0.03057 982.4
0.03058 982.4
0.03059 982.4
0.03060 982.4
0.03061 982.4
0.03062 982.4
0.03063 982.4
0.03064 982.4
0.03065 982.4
0.03066 982.4
0.03067 982.4
0.03068 982.4
0.03069 982.4
0.03070 982.4
0.03071 982.4
0.03072 982.4
0.03073 982.4
0.03074 982.4
0.03075 982.4
0.03076 982.4
0.03077 982.4
0.03078 982.4
0.03079 982.4
0.03080 982.4
0.03081 982.4
0.03082 982.4
0.03083 982.4
0.03084 982.4
0.03085 982.4
0.03086 982.4
0.03087 982.4
0.03088 982.4
0.03089 982.4
0.03090 982.4
0.03091 982.4
0.03092 982.4
0.03093 982.4
0.03094 982.4
0.03095 982.4
0.03096 982.4
0.03097 982.4
0.03098 982.4
0.03099 982.4
0.03100 982.4
0.03101 982.4
0.03102 982.4
0.03103 982.4
0.03104 982.4
0.03105 982.4
0.03106 982.4
0.03107 982.4
0.03108 982.4
0.03109 982.4
0.03110 982.4
0.03111 982.4
0.03112 982.4
0.03113 982.4
0.03114 982.4
0.03115 982.4
0.03116 982.4
0.03117 982.4
0.03118 982.4
0.03119 982.4
0.03120 982.4
0.03121 982.4
0.03122 982.4
0.03123 982.4
0.03124 982.4
0.03125 982.4
0.03126 982.4
0.03127 982.4
0.03128 982.4
0.03129 982.4
0.03130 982.4
0.03131 982.4
0.03132 982.4
0.03133 982.4
0.03134 982.4
0.03135 982.4
0.03136 982.4
0.03137 982.4
0.03138 982.4
0.03139 982.4
0.03140 982.4
0.03141 982.4
0.03142 982.4
0.03143 982.4
0.03144 982.4
0.03145 982.4
0.03146 982.4
0.03147 982.4
0.03148 982.4
0.03149 982.4
0.03150 982.4
0.03151 982.4
0.03152 982.4
0.03153 982.4
0.03154 982.4
0.03155 982.4
0.03156 982.4
0.03157 982.4
0.03158 982.4
0.03159 982.4
0.03160 982.4
0.03161 982.4
0.03162 982.4
0.03163 982.4
0.03164 982.4
0.03165 982.4
0.03166 982.4
0.03167 982.4
0.03168 982.4
0.03169 982.4
0.03170 982.4
0.03171 982.4
0.03172 982.4
0.03173 982.4
0.03174 982.4
0.03175 982.4
0.03176 982.4
0.03177 982.4
0.03178 982.4
0.03179 982.4
0.03180 982.4
0.03181 982.4
0.03182 982.4
0.03183 982.4
0.03184 982.4
0.03185 982.4
0.03186 982.4
0.03187 982.4
0.03188 982.4
0.03189 982.4
0.03190 982.4
0.03191 982.4
0.03192 982.4
0.03193 982.4
0.03194 982.4
0.03195 982.4
0.03196 982.4
0.03197 982.4
0.03198 982.4
0.03199 982.4
0.03200 982.4
0.03201 982.4
0.03202 982.4
0.03203 982.4
0.03204 982.4
0.03205 982.4
0.03206 982.4
0.03207 982.4
0.03208 982.4
0.03209 982.4
0.03210 982.4
0.03211 982.4
0.03212 982.4
0.03213 982.4
0.03214 982.4
0.03215 982.4
0.03216 982.4
0.03217 982.4
0.03218 982.4
0.03219 982.4
0.03220 982.4
0.03221 982.4
0.03222 982.4
0.03223 982.4
0.03224 982.4
0.03225 982.4
0.03226 982.4
0.03227 982.4
0.03228 982.4
0.03229 982.4
0.03230 982.4
0.03231 982.4
0.03232 982.4
0.03233 982.4
0.03234 982.4
0.03235 982.4
0.03236 982.4
0.03237 982.4
0.03238 982.4
0.03239 982.4
0.03240 982.4
0.03241 982.4
0.03242 982.4
0.03243 982.4
0.03244 982.4
0.03245 982.4
0.03246 982.4
0.03247 982.4
0.03248 982.4
0.03249 982.4
0.03250 982.4
0.03251 982.4
0.03252 982.4
0.03253 982.4
0.03254 982.4
0.03255 982.4
0.03256 982.4
0.03257 982.4
0.03258 982.4
0.03259 982.4
0.03260 982.4
0.03261 982.4
0.03262 982.4
0.03263 982.4
0.03264 982.4
0.03265 982.4
0.03266 982.4
0.03267 982.4
0.03268 982.4
0.03269 982.4
0.03270 982.4
0.03271 982.4
0.03272 982.4
0.03273 982.4
0.03274 982.4
0.03275 982.4
0.03276 982.4
0.03277 982.4
0.03278 982.4
0.03279 982.4
0.03280 982.4
0.03281 982.4
0.03282 982.4
0.03283 982.4
0.03284 982.4
0.03285 982.4
0.03286 982.4
0.03287 982.4
0.03288 982.4
0.03289 982.4
0.03290 982.4
0.03291 982.4
0.03292 982.4
0.03293 982.4
0.03294 982.4
0.03295 982.4
0.03296 982.4
0.03297 982.4
0.03298 982.4
0.03299 982.4
0.03300 982.4
0.03301 982.4
0.03302 982.4
0.03303 982.4
0.03304 982.4
0.03305 982.4
0.03306 982.4
0.03307 982.4
0.03308 982.4
0.03309 982.4
0.03310 982.4
0.03311 982.4
0.03312 982.4
0.03313 982.4
0.03314 982.4
0.03315 982.4
0.03316 982.4
0.03317 982.4
0.03318 982.4
0.03319 982.4
0.03320 982.4
0.03321 982.4
0.03322 982.4
0.03323 982.4
0.03324 982.4
0.03325 982.4
0.03326 982.4
0.03327 982.4
0.03328 982.4
0.03329 982.4
0.03330 982.4
0.03331 982.4
0.03332 982.4
0.03333 982.4
0.03334 982.4
0.03335 982.4
0.03336 982.4
0.03337 982.4
0.03338 982.4
0.03339 982.4
0.03340 982.4
0.03341 982.4
0.03342 982.4
0.03343 982.4
0.03344 982.4
0.03345 982.4
0.03346 982.4
0.03347 982.4
0.03348 982.4
0.03349 982.4
0.03350 982.4
0.03351 982.4
0.03352 982.4
0.03353 982.4
0.03354 982.4
0.03355 982.4
0.03356 982.4
0.03357 982.4
0.03358 982.4
0.03359 982.4
0.03360 982.4
0.03361 982.4
0.03362 982.4
0.03363 982.4
0.03364 982.4
0.03365 982.4
0.03366 982.4
0.03367 982.4
0.03368 982.4
0.03369 982.4
0.03370 982.4
0.03371 982.4
0.03372 982.4
0.03373 982.4
0.03374 982.4
0.03375 982.4
0.03376 982.4
0.03377 982.4
0.03378 982.4
0.03379 982.4
0.03380 982.4
0.03381 982.4
0.03382 982.4
0.03383 982.4
0.03384 982.4
0.03385 982.4
0.03386 982.4
0.03387 982.4
0.03388 982.4
0.03389 982.4
0.03390 982.4
0.03391 982.4
0.03392 982.4
0.03393 982.4
0.03394 982.4
0.03395 982.4
0.03396 982.4
0.03397 982.4
0.03398 982.4
0.03399 982.4
0.03400 982.4
0.03401 982.4
0.03402 982.4
0.03403 982.4
0.03404 982.4
0.03405 982.4
0.03406 982.4
0.03407 982.4
0.03408 982.4
0.03409 982.4
0.03410 982.4
0.03411 982.4
0.03412 982.4
0.03413 982.4
0.03414 982.4
0.03415 982.4
0.03416 982.4
0.03417 982.4
0.03418 982.4
0.03419 982.4
0.03420 982.4
0.03421 982.4
0.03422 982.4
0.03423 982.4
0.03424 982.4
0.03425 982.4
0.03426 982.4
0.03427 982.4
0.03428 982.4
0.03429 982.4
0.03430 982.4
0.03431 982.4
0.03432 982.4
0.03433 982.4
0.03434 982.4
0.03435 982.4
0.03436 982.4
0.03437 982.4
0.03438 982.4
0.03439 982.4
0.03440 982.4
0.03441 982.4
0.03442 982.4
0.03443 982.4
0.03444 982.4
0.03445 982.4
0.03446 982.4
0.03447 982.4
0.03448 982.4
0.03449 982.4
0.03450 982.4
0.03451 982.4
0.03452 982.4
0.03453 982.4
0.03454 982.4
0.03455 982.4
0.03456 982.4
0.03457 982.4
0.03458 982.4
0.03459 982.4
0.03460 982.4
0.03461 982.4
0.03462 982.4
0.03463 982.4
0.03464 982.4
0.03465 982.4
0.03466 982.4
0.03467 982.4
0.03468 982.4
0.03469 982.4
0.03470 982.4
0.03471 982.4
0.03472 982.4
0.03473 982.4
0.03474 982.4
0.03475 982.4
0.03476 982.4
0.03477 982.4
0.03478 982.4
0.03479 982.4
0.03480 982.4
0.03481 982.4
0.03482 982.4
0.03483 982.4
0.03484 982.4
0.03485 982.4
0.03486 982.4
0.03487 982.4
0.03488 982.4
0.03489 982.4
0.03490 982.4
0.03491 982.4
0.03492 982.4
0.03493 982.4
0.03494 982.4
0.03495 982.4
0.03496 982.4
0.03497 982.4
0.03498 982.4
0.03499 982.4
0.03500 982.4
0.03501 982.4
0.03502 982.4
0.03503 982.4
0.03504 982.4
0.03505 982.4
0.03506 982.4
0.03507 982.4
0.03508 982.4
0.03509 982.4
0.03510 982.4
0.03511 982.4
0.03512 982.4
0.03513 982.4
0.03514 982.4
0.03515 982.4
0.03516 982.4
0.03517 982.4
0.03518 982.4
0.03519 982.4
0.03520 982.4
0.03521 982.4
0.03522 982.4
0.03523 982.4
0.03524 982.4
0.03525 982.4
0.03526 982.4
0.03527 982.4
0.03528 982.4
0.03529 982.4
0.03530 982.4
0.03531 982.4
0.03532 982.4
0.03533 982.4
0.03534 982.4
0.03535 982.4
0.03536 982.4
0.03537 982.4
0.03538 982.4
0.03539 982.4
0.03540 982.4
0.03541 982.4
0.03542 982.4
0.03543 982.4
0.03544 982.4
0.03545 982.4
0.03546 982.4
0.03547 982.4
0.03548 982.4
0.03549 982.4
0.03550 982.4
0.03551 982.4
0.03552 982.4
0.03553 982.4
0.03554 982.4
0.03555 982.4
0.03556 982.4
0.03557 982.4
0.03558 982.4
0.03559 982.4
0.03560 982.4
0.03561 982.4
0.03562 982.4
0.03563 982.4
0.03564 982.4
0.03565 982.4
0.03566 982.4
0.03567 982.4
0.03568 982.4
0.03569 982.4
0.03570 982.4
0.03571 982.4
0.03572 982.4
0.03573 982.4
0.03574 982.4
0.03575 982.4
0.03576 982.4
0.03577 982.4
0.03578 982.4
0.03579 982.4
0.03580 982.4
0.03581 982.4
0.03582 982.4
0.03583 982.4
0.03584 982.4
0.03585 982.4
0.03586 982.4
0.03587 982.4
0.03588 982.4
0.03589 982.4
0.03590 982.4
0.03591 982.4
0.03592 982.4
0.03593 982.4
0.03594 982.4
0.03595 982.4
0.03596 982.4
0.03597 982.4
0.03598 982.4
0.03599 982.4
0.03600 982.4
0.03601 982.4
0.03602 982.4
0.03603 982.4
0.03604 982.4
0.03605 982.4
0.03606 982.4
0.03607 982.4
0.03608 982.4
0.03609 982.4
0.03610 982.4
0.03611 982.4
0.03612 982.4
0.03613 982.4
0.03614 982.4
0.03615 982.4
0.03616 982.4
0.03617 982.4
0.03618 982.4
0.03619 982.4
0.03620 982.4
0.03621 982.4
0.03622 982.4
0.03623 982.4
0.03624 982.4
0.03625 982.4
0.03626 982.4
0.03627 982.4
0.03628 982.4
0.03629 982.4
0.03630 982.4
0.03631 982.4
0.03632 982.4
0.03633 982.4
0.03634 982.4
0.03635 982.4
0.03636 982.4
0.03637 982.4
0.03638 982.4
0.03639 982.4
0.03640 982.4
0.03641 982.4
0.03642 982.4
0.03643 982.4
0.03644 982.4
0.03645 982.4
0.03646 982.4
0.03647 982.4
0.03648 982.4
0.03649 982.4
0.03650 982.4
0.03651 982.4
0.03652 982.4
0.03653 982.4
0.03654 982.4
0.03655 982.4
0.03656 982.4
0.03657 982.4
0.03658 982.4
0.03659 982.4
0.03660 982.4
0.03661 982.4
0.03662 982.4
0.03663 982.4
0.03664 982.4
0.03665 982.4
0.03666 982.4
0.03667 982.4
0.03668 982.4
0.03669 982.4
0.03670 982.4
0.03671 982.4
0.03672 982.4
0.03673 982.4
0.03674 982.4
0.03675 982.4
0.03676 982.4
0.03677 982.4
0.03678 982.4
0.03679 982.4
0.03680 982.4
0.03681 982.4
0.03682 982.4
0.03683 982.4
0.03684 982.4
0.03685 982.4
0.03686 982.4
0.03687 982.4
0.03688 982.4
0.03689 982.4
0.03690 982.4
0.03691 982.4
0.03692 982.4
0.03693 982.4
0.03694 982.4
0.03695 982.4
0.03696 982.4
0.03697 982.4
0.03698 982.4
0.03699 982.4
0.03700 982.4
0.03701 982.4
0.03702 982.4
0.03703 982.4
0.03704 982.4
0.03705 982.4
0.03706 982.4
0.03707 982.4
0.03708 982.4
0.03709 982.4
0.03710 982.4
0.03711 982.4
0.03712 982.4
0.03713 982.4
0.03714 982.4
0.03715 982.4
0.03716 982.4
0.03717 982.4
0.03718 982.4
0.03719 982.4
0.03720 982.4
0.03721 982.4
0.03722 982.4
0.03723 982.4
0.03724 982.4
0.03725 982.4
0.03726 982.4
0.03727 982.4
0.03728 982.4
0.03729 982.4
0.03730 982.4
0.03731 982.4
0.03732 982.4
0.03733 982.4
0.03734 982.4
0.03735 982.4
0.03736 982.4
0.03737 982.4
0.03738 982.4
0.03739 982.4
0.03740 982.4
0.03741 982.4
0.03742 982.4
0.03743 982.4
0.03744 982.4
0.03745 982.4
0.03746 982.4
0.03747 982.4
0.03748 982.4
0.03749 982.4
0.03750 982.4
0.03751 982.4
0.03752 982.4
0.03753 982.4
0.03754 982.4
0.03755 982.4
0.03756 982.4
0.03757 982.4
0.03758 982.4
0.03759 982.4
0.03760 982.4
0.03761 982.4
0.03762 982.4
0.03763 982.4
0.03764 982.4
0.03765 982.4
0.03766 982.4
0.03767 982.4
0.03768 982.4
0.03769 982.4
0.03770 982.4
0.03771 982.4
0.03772 982.4
0.03773 982.4
0.03774 982.4
0.03775 982.4
0.03776 982.4
0.03777 982.4
0.03778 982.4
0.03779 982.4
0.03780 982.4
0.03781 982.4
0.03782 982.4
0.03783 982.4
0.03784 982.4
0.03785 982.4
0.03786 982.4
0.03787 982.4
0.03788 982.4
0.03789 982.4
0.03790 982.4
0.03791 982.4
0.03792 982.4
0.03793 982.4
0.03794 982.4
0.03795 982.4
0.03796 982.4
0.03797 982.4
0.03798 982.4
0.03799 982.4
0.03800 982.4
0.03801 982.4
0.03802 982.4
0.03803 982.4
0.03804 982.4
0.03805 982.4
0.03806 982.4
0.03807 982.4
0.03808 982.4
0.03809 982.4
0.03810 982.4
0.03811 982.4
0.03812 982.4
0.03813 982.4
0.03814 982.4
0.03815 982.4
0.03816 982.4
0.03817 982.4
0.03818 982.4
0.03819 982.4
0.03820 982.4
0.03821 982.4
0.03822 982.4
0.03823 982.4
0.03824 982.4
0.03825 982.4
0.03826 982.4
0.03827 982.4
0.03828 982.4
0.03829 982.4
0.03830 982.4
0.03831 982.4
0.03832 982.4
0.03833 982.4
0.03834 982.4
0.03835 982.4
0.03836 982.4
0.03837 982.4
0.03838 982.4
0.03839 982.4
0.03840 982.4
0.03841 982.4
0.03842 982.4
0.03843 982.4
0.03844 982.4
0.03845 982.4
0.03846 982.4
0.03847 982.4
0.03848 982.4
0.03849 982.4
0.03850 982.4
0.03851 982.4
0.03852 982.4
0.03853 982.4
0.03854 982.4
0.03855 982.4
0.03856 982.4
0.03857 982.4
0.03858 982.4
0.03859 982.4
0.03860 982.4
0.03861 982.4
0.03862 982.4
0.03863 982.4
0.03864 982.4
0.03865 982.4
0.03866 982.4
0.03867 982.4
0.03868 982.4
0.03869 982.4
0.03870 982.4
0.03871 982.4
0.03872 982.4
0.03873 982.4
0.03874 982.4
0.03875 982.4
0.03876 982.4
0.03877 982.4
0.03878 982.4
0.03879 982.4
0.03880 982.4
0.03881 982.4
0.03882 982.4
0.03883 982.4
0.03884 982.4
0.03885 982.4
0.03886 982.4
0.03887 982.4
0.03888 982.4
0.03889 982.4
0.03890 982.4
0.03891 982.4
0.03892 982.4
0.03893 982.4
0.03894 982.4
0.03895 982.4
0.03896 982.4
0.03897 982.4
0.03898 982.4
0.03899 982.4
0.03900 982.4
0.03901 982.4
0.03902 982.4
0.03903 982.4
0.03904 982.4
0.03905 982.4
0.03906 982.4
0.03907 982.4
0.03908 982.4
0.03909 982.4
0.03910 982.4
0.03911 982.4
0.03912 982.4
0.03913 982.4
0.03914 982.4
0.03915 982.4
0.03916 982.4
0.03917 982.4
0.03918 982.4
0.03919 982.4
0.03920 982.4
0.03921 982.4
0.03922 982.4
0.03923 982.4
0.03924 982.4
0.03925 982.4
0.03926 982.4
0.03927 982.4
0.03928 982.4
0.03929 982.4
0.03930 982.4
0.03931 982.4
0.03932 982.4
0.03933 982.4
0.03934 982.4
0.03935 982.4
0.03936 982.4
0.03937 982.4
0.03938 982.4
0.03939 982.4
0.03940 982.4
0.03941 982.4
0.03942 982.4
0.03943 982.4
0.03944 982.4
0.03945 982.4
0.03946 982.4
0.03947 982.4
0.03948 982.4
0.03949 982.4
0.03950 982.4
0.03951 982.4
0.03952 982.4
0.03953 982.4
0.03954 982.4
0.03955 982.4
0.03956 982.4
0.03957 982.4
0.03958 982.4
0.03959 982.4
0.03960 982.4
0.03961 982.4
0.03962 982.4
0.03963 982.4
0.03964 982.4
0.03965 982.4
0.03966 982.4
0.03967 982.4
0.03968 982.4
0.03969 982.4
0.03970 982.4
0.03971 982.4
0.03972 982.4
0.03973 982.4
0.03974 982.4
0.03975 982.4
0.03976 982.4
0.03977 982.4
0.03978 982.4
0.03979 982.4
0.03980 982.4
0.03981 982.4
0.03982 982.4
0.03983 982.4
0.03984 982.4
0.03985 982.4
0.03986 982.4
0.03987 982.4
0.03988 982.4
0.03989 982.4
0.03990 982.4
0.03991 982.4
0.03992 982.4
0.03993 982.4
0.03994 982.4
0.03995 982.4
0.03996 982.4
0.03997 982.4
0.03998 982.4
0.03999 982.4
0.04000 982.4
0.04001 982.4
0.04002 982.4
0.04003 982.4
0.04004 982.4
0.04005 982.4
0.04006 982.4
0.04007 982.4
0.04008 982.4
0.04009 982.4
0.04010 982.4
0.04011 982.4
0.04012 982.4
0.04013 982.4
0.04014 982.4
0.04015 982.4
0.04016 982.4
0.04017 982.4
0.04018 982.4
0.04019 982.4
0.04020 982.4
0.04021 982.4
0.04022 982.4
0.04023 982.4
0.04024 982.4
0.04025 982.4
0.04026 982.4
0.04027 982.4
0.04028 982.4
0.04029 982.4
0.04030 982.4
0.04031 982.4
0.04032 982.4
0.04033 982.4
0.04034 982.4
0.04035 982.4
0.04036 982.4
0.04037 982.4
0.04038 982.4
0.04039 982.4
0.04040 982.4
0.04041 982.4
0.04042 982.4
0.04043 982.4
0.04044 982.4
0.04045 982.4
0.04046 982.4
0.04047 982.4
0.04048 982.4
0.04049 982.4
0.04050 982.4
0.04051 982.4
0.04052 982.4
0.04053 982.4
0.04054 982.4
0.04055 982.4
0.04056 982.4
0.04057 982.4
0.04058 982.4
0.04059 982.4
0.04060 982.4
0.04061 982.4
0.04062 982.4
0.04063 982.4
0.04064 982.4
0.04065 982.4
0.04066 982.4
0.04067 982.4
0.04068 982.4
0.04069 982.4
0.04070 982.4
0.04071 982.4
0.04072 982.4
0.04073 982.4
0.04074 982.4
0.04075 982.4
0.04076 982.4
0.04077 982.4
0.04078 982.4
0.04079 982.4
0.04080 982.4
0.04081 982.4
0.04082 982.4
0.04083 982.4
0.04084 982.4
0.04085 982.4
0.04086 982.4
0.04087 982.4
0.04088 982.4
0.04089 982.4
0.04090 982.4
0.04091 982.4
0.04092 982.4
0.04093 982.4
0.04094 982.4
0.04095 982.4
0.04096 982.4
0.04097 982.4
0.04098 982.4
0.04099 982.4
0.04100 982.4
0.04101 982.4
0.04102 982.4
0.04103 982.4
0.04104 982.4
0.04105 982.4
0.04106 982.4
0.04107 982.4
0.04108 982.4
0.04109 982.4
0.04110 982.4
0.04111 982.4
0.04112 982.4
0.04113 982.4
0.04114 982.4
0.04115 982.4
0.04116 982.4
0.04117 982.4
0.04118 982.4
0.04119 982.4
0.04120 982.4
0.04121 982.4
0.04122 982.4
0.04123 982.4
0.04124 982.4
0.04125 982.4
0.04126 982.4
0.04127 982.4
0.04128 982.4
0.04129 982.4
0.04130 982.4
0.04131 982.4
0.04132 982.4
0.04133 982.4
0.04134 982.4
0.04135 982.4
0.04136 982.4
0.04137 982.4
0.04138 982.4
0.04139 982.4
0.04140 982.4
0.04141 982.4
0.04142 982.4
0.04143 982.4
0.04144 982.4
0.04145 982.4
0.04146 982.4
0.04147 982.4
0.04148 982.4
0.04149 982.4
0.04150 982.4
0.04151 982.4
0.04152 982.4
0.04153 982.4
0.04154 982.4
0.04155 982.4
0.04156 982.4
0.04157 982.4
0.04158 982.4
0.04159 982.4
0.04160 982.4
0.04161 982.4
0.04162 982.4
0.04163 982.4
0.04164 982.4
0.04165 982.4
0.04166 982.4
0.04167 982.4
0.04168 982.4
0.04169 982.4
0.04170 982.4
0.04171 982.4
0.04172 982.4
0.04173 982.4
0.04174 982.4
0.04175 982.4
0.04176 982.4
0.04177 982.4
0.04178 982.4
0.04179 982.4
0.04180 982.4
0.04181 982.4
0.04182 982.4
0.04183 982.4
0.04184 982.4
0.04185 982.4
0.04186 982.4
0.04187 982.4
0.04188 982.4
0.04189 982.4
0.04190 982.4
0.04191 982.4
0.04192 982.4
0.04193 982.4
0.04194 982.4
0.04195 982.4
0.04196 982.4
0.04197 982.4
0.04198 982.4
0.04199 982.4
0.04200 982.4
0.04201 982.4
0.04202 982.4
0.04203 982.4
0.04204 982.4
0.04205 982.4
0.04206 982.4
0.04207 982.4
0.04208 982.4
0.04209 982.4
0.04210 982.4
0.04211 982.4
0.04212 982.4
0.04213 982.4
0.04214 982.4
0.04215 982.4
0.04216 982.4
0.04217 982.4
0.04218 982.4
0.04219 982.4
0.04220 982.4
0.04221 982.4
0.04222 982.4
0.04223 982.4
0.04224 982.4
0.04225 982.4
0.04226 982.4
0.04227 982.4
0.04228 982.4
0.04229 982.4
0.04230 982.4
0.04231 982.4
0.04232 982.4
0.04233 982.4
0.04234 982.4
0.04235 982.4
0.04236 982.4
0.04237 982.4
0.04238 982.4
0.04239 982.4
0.04240 982.4
0.04241 982.4
0.04242 982.4
0.04243 982.4
0.04244 982.4
0.04245 982.4
0.04246 982.4
0.04247 982.4
0.04248 982.4
0.04249 982.4
0.04250 982.4
0.04251 982.4
0.04252 982.4
0.04253 982.4
0.04254 982.4
0.04255 982.4
0.04256 982.4
0.04257 982.4
0.04258 982.4
0.04259 982.4
0.04260 982.4
0.04261 982.4
0.04262 982.4
0.04263 982.4
0.04264 982.4
0.04265 982.4
0.04266 982.4
0.04267 982.4
0.04268 982.4
0.04269 982.4
0.04270 982.4
0.04271 982.4
0.04272 982.4
0.04273 982.4
0.04274 982.4
0.04275 982.4
0.04276 982.4
0.04277 982.4
0.04278 982.4
0.04279 982.4
0.04280 982.4
0.04281 982.4
0.04282 982.4
0.04283 982.4
0.04284 982.4
0.04285 982.4
0.04286 982.4
0.04287 982.4
0.04288 982.4
0.04289 982.4
0.04290 982.4
0.04291 982.4
0.04292 982.4
0.04293 982.4
0.04294 982.4
0.04295 982.4
0.04296 982.4
0.04297 982.4
0.04298 982.4
0.04299 982.4
0.04300 982.4
0.04301 982.4
0.04302 982.4
0.04303 982.4
0.04304 982.4
0.04305 982.4
0.04306 982.4
0.04307 982.4
0.04308 982.4
0.04309 982.4
0.04310 982.4
0.04311 982.4
0.04312 982.4
0.04313 982.4
0.04314 982.4
0.04315 982.4
0.04316 982.4
0.04317 982.4
0.04318 982.4
0.04319 982.4
0.04320 982.4
0.04321 982.4
0.04322 982.4
0.04323 982.4
0.04324 982.4
0.04325 982.4
0.04326 982.4
0.04327 982.4
0.04328 982.4
0.04329 982.4
0.04330 982.4
0.04331 982.4
0.04332 982.4
0.04333 982.4
0.04334 982.4
0.04335 982.4
0.04336 982.4
0.04337 982.4
0.04338 982.4
0.04339 982.4
0.04340 982.4
0.04341 982.4
0.04342 982.4
0.04343 982.4
0.04344 982.4
0.04345 982.4
0.04346 982.4
0.04347 982.4
0.04348 982.4
0.04349 982.4
0.04350 982.4
0.04351 982.4
0.04352 982.4
0.04353 982.4
0.04354 982.4
0.04355 982.4
0.04356 982.4
0.04357 982.4
0.04358 982.4
0.04359 982.4
0.04360 982.4
0.04361 982.4
0.04362 982.4
0.04363 982.4
0.04364 982.4
0.04365 982.4
0.04366 982.4
0.04367 982.4
0.04368 982.4
0.04369 982.4
0.04370 982.4
0.04371 982.4
0.04372 982.4
0.04373 982.4
0.04374 982.4
0.04375 982.4
0.04376 982.4
0.04377 982.4
0.04378 982.4
0.04379 982.4
0.04380 982.4
0.04381 982.4
0.04382 982.4
0.04383 982.4
0.04384 982.4
0.04385 982.4
0.04386 982.4
0.04387 982.4
0.04388 982.4
0.04389 982.4
0.04390 982.4
0.04391 982.4
0.04392 982.4
0.04393 982.4
0.04394 982.4
0.04395 982.4
0.04396 982.4
0.04397 982.4
0.04398 982.4
0.04399 982.4
0.04400 982.4
0.04401 982.4
0.04402 982.4
0.04403 982.4
0.04404 982.4
0.04405 982.4
0.04406 982.4
0.04407 982.4
0.04408 982.4
0.04409 982.4
0.04410 982.4
0.04411 982.4
0.04412 982.4
0.04413 982.4
0.04414 982.4
0.04415 982.4
0.04416 982.4
0.04417 982.4
0.04418 982.4
0.04419 982.4
0.04420 982.4
0.04421 982.4
0.04422 982.4
0.04423 982.4
0.04424 982.4
0.04425 982.4
0.04426 982.4
0.04427 982.4
0.04428 982.4
0.04429 982.4
0.04430 982.4
0.04431 982.4
0.04432 982.4
0.04433 982.4
0.04434 982.4
0.04435 982.4
0.04436 982.4
0.04437 982.4
0.04438 982.4
0.04439 982.4
0.04440 982.4
0.04441 982.4
0.04442 982.4
0.04443 982.4
0.04444 982.4
0.04445 982.4
0.04446 982.4
0.04447 982.4
0.04448 982.4
0.04449 982.4
0.04450 982.4
0.04451 982.4
0.04452 982.4
0.04453 982.4
0.04454 982.4
0.04455 982.4
0.04456 982.4
0.04457 982.4
0.04458 982.4
0.04459 982.4
0.04460 982.4
0.04461 982.4
0.04462 982.4
0.04463 982.4
0.04464 982.4
0.04465 982.4
0.04466 982.4
0.04467 982.4
0.04468 982.4
0.04469 982.4
0.04470 982.4
0.04471 982.4
0.04472 982.4
0.04473 982.4
0.04474 982.4
0.04475 982.4
0.04476 982.4
0.04477 982.4
0.04478 982.4
0.04479 982.4
0.04480 982.4
0.04481 982.4
0.04482 982.4
0.04483 982.4
0.04484 982.4
0.04485 982.4
0.04486 982.4
0.04487 982.4
0.04488 982.4
0.04489 982.4
0.04490 982.4
0.04491 982.4
0.04492 982.4
0.04493 982.4
0.04494 982.4
0.04495 982.4
0.04496 982.4
0.04497 982.4
0.04498 982.4
0.04499 982.4
0.04500 982.4
0.04501 982.4
0.04502 982.4
0.04503 982.4
0.04504 982.4
0.04505 982.4
0.04506 982.4
0.04507 982.4
0.04508 982.4
0.04509 982.4
0.04510 982.4
0.04511 982.4
0.04512 982.4
0.04513 982.4
0.04514 982.4
0.04515 982.4
0.04516 982.4
0.04517 982.4
0.04518 982.4
0.04519 982.4
0.04520 982.4
0.04521 982.4
0.04522 982.4
0.04523 982.4
0.04524 982.4
0.04525 982.4
0.04526 982.4
0.04527 982.4
0.04528 982.4
0.04529 982.4
0.04530 982.4
0.04531 982.4
0.04532 982.4
0.04533 982.4
0.04534 982.4
0.04535 982.4
0.04536 982.4
0.04537 982.4
0.04538 982.4
0.04539 982.4
0.04540 982.4
0.04541 982.4
0.04542 982.4
0.04543 982.4
0.04544 982.4
0.04545 982.4
0.04546 982.4
0.04547 982.4
0.04548 982.4
0.04549 982.4
0.04550 982.4
0.04551 982.4
0.04552 982.4
0.04553 982.4
0.04554 982.4
0.04555 982.4
0.04556 982.4
0.04557 982.4
0.04558 982.4
0.04559 982.4
0.04560 982.4
0.04561 982.4
0.04562 982.4
0.04563 982.4
0.04564 982.4
0.04565 982.4
0.04566 982.4
0.04567 982.4
0.04568 982.4
0.04569 982.4
0.04570 982.4
0.04571 982.4
0.04572 982.4
0.04573 982.4
0.04574 982.4
0.04575 982.4
0.04576 982.4
0.04577 982.4
0.04578 982.4
0.04579 982.4
0.04580 982.4
0.04581 982.4
0.04582 982.4
0.04583 982.4
0.04584 982.4
0.04585 982.4
0.04586 982.4
0.04587 982.4
0.04588 982.4
0.04589 982.4
0.04590 982.4
0.04591 982.4
0.04592 982.4
0.04593 982.4
0.04594 982.4
0.04595 982.4
0.04596 982.4
0.04597 982.4
0.04598 982.4
0.04599 982.4
0.04600 982.4
0.04601 982.4
0.04602 982.4
0.04603 982.4
0.04604 982.4
0.04605 982.4
0.04606 982.4
0.04607 982.4
0.04608 982.4
0.04609 982.4
0.04610 982.4
0.04611 982.4
0.04612 982.4
0.04613 982.4
0.04614 982.4
0.04615 982.4
0.04616 982.4
0.04617 982.4
0.04618 982.4
0.04619 982.4
0.04620 982.4
0.04621 982.4
0.04622 982.4
0.04623 982.4
0.04624 982.4
0.04625 982.4
0.04626 982.4
0.04627 982.4
0.04628 982.4
0.04629 982.4
0.04630 982.4
0.04631 982.4
0.04632 982.4
0.04633 982.4
0.04634 982.4
0.04635 982.4
0.04636 982.4
0.04637 982.4
0.04638 982.4
0.04639 982.4
0.04640 982.4
0.04641 982.4
0.04642 982.4
0.04643 982.4
0.04644 982.4
0.04645 982.4
0.04646 982.4
0.04647 982.4
0.04648 982.4
0.04649 982.4
0.04650 982.4
0.04651 982.4
0.04652 982.4
0.04653 982.4
0.04654 982.4
0.04655 982.4
0.04656 982.4
0.04657 982.4
0.04658 982.4
0.04659 982.4
0.04660 982.4
0.04661 982.4
0.04662 982.4
0.04663 982.4
0.04664 982.4
0.04665 982.4
0.04666 982.4
0.04667 982.4
0.04668 982.4
0.04669 982.4
0.04670 982.4
0.04671 982.4
0.04672 982.4
0.04673 982.4
0.04674 982.4
0.04675 982.4
0.04676 982.4
0.04677 982.4
0.04678 982.4
0.04679 982.4
0.04680 982.4
0.04681 982.4
0.04682 982.4
0.04683 982.4
0.04684 982.4
0.04685 982.4
0.04686 982.4
0.04687 982.4
0.04688 982.4
0.04689 982.4
0.04690 982.4
0.04691 982.4
0.04692 982.4
0.04693 982.4
0.04694 982.4
0.04695 982.4
0.04696 982.4
0.04697 982.4
0.04698 982.4
0.04699 982.4
0.04700 982.4
0.04701 982.4
0.04702 982.4
0.04703 982.4
0.04704 982.4
0.04705 982.4
0.04706 982.4
0.04707 982.4
0.04708 982.4
0.04709 982.4
0.04710 982.4
0.04711 982.4
0.04712 982.4
0.04713 982.4
0.04714 982.4
0.04715 982.4
0.04716 982.4
0.04717 982.4
0.04718 982.4
0.04719 982.4
0.04720 982.4
0.04721 982.4
0.04722 982.4
0.04723 982.4
0.04724 982.4
0.04725 982.4
0.04726 982.4
0.04727 982.4
0.04728 982.4
0.04729 982.4
0.04730 982.4
0.04731 982.4
0.04732 982.4
0.04733 982.4
0.04734 982.4
0.04735 982.4
0.04736 982.4
0.04737 982.4
0.04738 982.4
0.04739 982.4
0.04740 982.4
0.04741 982.4
0.04742 982.4
0.04743 982.4
0.04744 982.4
0.04745 982.4
0.04746 982.4
0.04747 982.4
0.04748 982.4
0.04749 982.4
0.04750 982.4
0.04751 982.4
0.04752 982.4
0.04753 982.4
0.04754 982.4
0.04755 982.4
0.04756 982.4
0.04757 982.4
0.04758 982.4
0.04759 982.4
0.04760 982.4
0.04761 982.4
0.04762 982.4
0.04763 982.4
0.04764 982.4
0.04765 982.4
0.04766 982.4
0.04767 982.4
0.04768 982.4
0.04769 982.4
0.04770 982.4
0.04771 982.4
0.04772 982.4
0.04773 982.4
0.04774 982.4
0.04775 982.4
0.04776 982.4
0.04777 982.4
0.04778 982.4
0.04779 982.4
0.04780 982.4
0.04781 982.4
0.04782 982.4
0.04783 982.4
0.04784 982.4
0.04785 982.4
0.04786 982.4
0.04787 982.4
0.04788 982.4
0.04789 982.4
0.04790 982.4
0.04791 982.4
0.04792 982.4
0.04793 982.4
0.04794 982.4
0.04795 982.4
0.04796 982.4
0.04797 982.4
0.04798 982.4
0.04799 982.4
0.04800 982.4
0.04801 982.4
0.04802 982.4
0.04803 982.4
0.04804 982.4
0.04805 982.4
0.04806 982.4
0.04807 982.4
0.04808 982.4
0.04809 982.4
0.04810 982.4
0.04811 982.4
0.04812 982.4
0.04813 982.4
0.04814 982.4
0.04815 982.4
0.04816 982.4
0.04817 982.4
0.04818 982.4
0.04819 982.4
0.04820 982.4
0.04821 982.4
0.04822 982.4
0.04823 982.4
0.04824 982.4
0.04825 982.4
0.04826 982.4
0.04827 982.4
0.04828 982.4
0.04829 982.4
0.04830 982.4
0.04831 982.4
0.04832 982.4
0.04833 982.4
0.04834 982.4
0.04835 982.4
0.04836 982.4
0.04837 982.4
0.04838 982.4
0.04839 982.4
0.04840 982.4
0.04841 982.4
0.04842 982.4
0.04843 982.4
0.04844 982.4
0.04845 982.4
0.04846 982.4
0.04847 982.4
0.04848 982.4
0.04849 982.4
0.04850 982.4
0.04851 982.4
0.04852 982.4
0.04853 982.4
0.04854 982.4
0.04855 982.4
0.04856 982.4
0.04857 982.4
0.04858 982.4
0.04859 982.4
0.04860 982.4
0.04861 982.4
0.04862 982.4
0.04863 982.4
0.04864 982.4
0.04865 982.4
0.04866 982.4
0.04867 982.4
0.04868 982.4
0.04869 982.4
0.04870 982.4
0.04871 982.4
0.04872 982.4
0.04873 982.4
0.04874 982.4
0.04875 982.4
0.04876 982.4
0.04877 982.4
0.04878 982.4
0.04879 982.4
0.04880 982.4
0.04881 982.4
0.04882 982.4
0.04883 982.4
0.04884 982.4
0.04885 982.4
0.04886 982.4
0.04887 982.4
0.04888 982.4
0.04889 982.4
0.04890 982.4
0.04891 982.4
0.04892 982.4
0.04893 982.4
0.04894 982.4
0.04895 982.4
0.04896 982.4
0.04897 982.4
0.04898 982.4
0.04899 982.4
0.04900 982.4
0.04901 982.4
0.04902 982.4
0.04903 982.4
0.04904 982.4
0.04905 982.4
0.04906 982.4
0.04907 982.4
0.04908 982.4
0.04909 982.4
0.04910 982.4
0.04911 982.4
0.04912 982.4
0.04913 982.4
0.04914 982.4
0.04915 982.4
0.04916 982.4
0.04917 982.4
0.04918 982.4
0.04919 982.4
0.04920 982.4
0.04921 982.4
0.04922 982.4
0.04923 982.4
0.04924 982.4
0.04925 982.4
0.04926 982.4
0.04927 982.4
0.04928 982.4
0.04929 982.4
0.04930 982.4
0.04931 982.4
0.04932 982.4
0.04933 982.4
0.04934 982.4
0.04935 982.4
0.04936 982.4
0.04937 982.4
0.04938 982.4
0.04939 982.4
0.04940 982.4
0.04941 982.4
0.04942 982.4
0.04943 982.4
0.04944 982.4
0.04945 982.4
0.04946 982.4
0.04947 982.4
0.04948 982.4
0.04949 982.4
0.04950 982.4
0.04951 982.4
0.04952 982.4
0.04953 982.4
0.04954 982.4
0.04955 982.4
0.04956 982.4
0.04957 982.4
0.04958 982.4
0.04959 982.4
0.04960 982.4
0.04961 982.4
0.04962 982.4
0.04963 982.4
0.04964 982.4
0.04965 982.4
0.04966 982.4
0.04967 982.4
0.04968 982.4
0.04969 982.4
0.04970 982.4
0.04971 982.4
0.04972 982.4
0.04973 982.4
0.04974 982.4
0.04975 982.4
0.04976 982.4
0.04977 982.4
0.04978 982.4
0.04979 982.4
0.04980 982.4
0.04981 982.4
0.04982 982.4
0.04983 982.4
0.04984 982.4
0.04985 982.4
0.04986 982.4
0.04987 982.4
0.04988 982.4
0.04989 982.4
0.04990 982.4
0.04991 982.4
0.04992 982.4
0.04993 982.4
0.04994 982.4
0.04995 982.4
0.04996 982.4
0.04997 982.4
0.04998 982.4
0.04999 982.4
0.05000 982.4
0.05001 982.4
0.05002 982.4
0.05003 982.4
0.05004 982.4
0.05005 982.4
0.05006 982.4
0.05007 982.4
0.05008 982.4
0.05009 982.4
0.05010 982.4
0.05011 982.4
0.05012 982.4
0.05013 982.4
0.05014 982.4
0.05015 982.4
0.05016 982.4
0.05017 982.4
0.05018 982.4
0.05019 982.4
0.05020 982.4
0.05021 982.4
0.05022 982.4
0.05023 982.4
0.05024 982.4
0.05025 982.4
0.05026 982.4
0.05027 982.4
0.05028 982.4
0.05029 982.4
0.05030 982.4
0.05031 982.4
0.05032 982.4
0.05033 982.4
0.05034 982.4
0.05035 982.4
0.05036 982.4
0.05037 982.4
0.05038 982.4
0.05039 982.4
0.05040 982.4
0.05041 982.4
0.05042 982.4
0.05043 982.4
0.05044 982.4
0.05045 982.4
0.05046 982.4
0.05047 982.4
0.05048 982.4
0.05049 982.4
0.05050 982.4
0.05051 982.4
0.05052 982.4
0.05053 982.4
0.05054 982.4
0.05055 982.4
0.05056 982.4
0.05057 982.4
0.05058 982.4
0.05059 982.4
0.05060 982.4
0.05061 982.4
0.05062 982.4
0.05063 982.4
0.05064 982.4
0.05065 982.4
0.05066 982.4
0.05067 982.4
0.05068 982.4
0.05069 982.4
0.05070 982.4
0.05071 982.4
0.05072 982.4
0.05073 982.4
0.05074 982.4
0.05075 982.4
0.05076 982.4
0.05077 982.4
0.05078 982.4
0.05079 982.4
0.05080 982.4
0.05081 982.4
0.05082 982.4
0.05083 982.4
0.05084 982.4
0.05085 982.4
0.05086 982.4
0.05087 982.4
0.05088 982.4
0.05089 982.4
0.05090 982.4
0.05091 982.4
0.05092 982.4
0.05093 982.4
0.05094 982.4
0.05095 982.4
0.05096 982.4
0.05097 982.4
0.05098 982.4
0.05099 982.4
0.05100 982.4
0.05101 982.4
0.05102 982.4
0.05103 982.4
0.05104 982.4
0.05105 982.4
0.05106 982.4
0.05107 982.4
0.05108 982.4
0.05109 982.4
0.05110 982.4
0.05111 982.4
0.05112 982.4
0.05113 982.4
0.05114 982.4
0.05115 982.4
0.05116 982.4
0.05117 982.4
0.05118 982.4
0.05119 982.4
0.05120 982.4
0.05121 982.4
0.05122 982.4
0.05123 982.4
0.05124 982.4
0.05125 982.4
0.05126 982.4
0.05127 982.4
0.05128 982.4
0.05129 982.4
0.05130 982.4
0.05131 982.4
0.05132 982.4
0.05133 982.4
0.05134 982.4
0.05135 982.4
0.05136 982.4
0.05137 982.4
0.05138 982.4
0.05139 982.4
0.05140 982.4
0.05141 982.4
0.05142 982.4
0.05143 982.4
0.05144 982.4
0.05145 982.4
0.05146 982.4
0.05147 982.4
0.05148 982.4
0.05149 982.4
0.05150 982.4
0.05151 982.4
0.05152 982.4
0.05153 982.4
0.05154 982.4
0.05155 982.4
0.05156 982.4
0.05157 982.4
0.05158 982.4
0.05159 982.4
0.05160 982.4
0.05161 982.4
0.05162 982.4
0.05163 982.4
0.05164 982.4
0.05165 982.4
0.05166 982.4
0.05167 982.4
0.05168 982.4
0.05169 982.4
0.05170 982.4
0.05171 982.4
0.05172 982.4
0.05173 982.4
0.05174 982.4
0.05175 982.4
0.05176 982.4
0.05177 982.4
0.05178 982.4
0.05179 982.4
0.05180 982.4
0.05181 982.4
0.05182 982.4
0.05183 982.4
0.05184 982.4
0.05185 982.4
0.05186 982.4
0.05187 982.4
0.05188 982.4
0.05189 982.4
0.05190 982.4
0.05191 982.4
0.05192 982.4
0.05193 982.4
0.05194 982.4
0.05195 982.4
0.05196 982.4
0.05197 982.4
0.05198 982.4
0.05199 982.4
0.05200 982.4
0.05201 982.4
0.05202 982.4
0.05203 982.4
0.05204 982.4
0.05205 982.4
0.05206 982.4
0.05207 982.4
0.05208 982.4
0.05209 982.4
0.05210 982.4
0.05211 982.4
0.05212 982.4
0.05213 982.4
0.05214 982.4
0.05215 982.4
0.05216 982.4
0.05217 982.4
0.05218 982.4
0.05219 982.4
0.05220 982.4
0.05221 982.4
0.05222 982.4
0.05223 982.4
0.05224 982.4
0.05225 982.4
0.05226 982.4
0.05227 982.4
0.05228 982.4
0.05229 982.4
0.05230 982.4
0.05231 982.4
0.05232 982.4
0.05233 982.4
0.05234 982.4
0.05235 982.4
0.05236 982.4
0.05237 982.4
0.05238 982.4
0.05239 982.4
0.05240 982.4
0.05241 982.4
0.05242 982.4
0.05243 982.4
0.05244 982.4
0.05245 982.4
0.05246 982.4
0.05247 982.4
0.05248 982.4
0.05249 982.4
0.05250 982.4
0.05251 982.4
0.05252 982.4
0.05253 982.4
0.05254 982.4
0.05255 982.4
0.05256 982.4
0.05257 982.4
0.05258 982.4
0.05259 982.4
0.05260 982.4
0.05261 982.4
0.05262 982.4
0.05263 982.4
0.05264 982.4
0.05265 982.4
0.05266 982.4
0.05267 982.4
0.05268 982.4
0.05269 982.4
0.05270 982.4
0.05271 982.4
0.05272 982.4
0.05273 982.4
0.05274 982.4
0.05275 982.4
0.05276 982.4
0.05277 982.4
0.05278 982.4
0.05279 982.4
0.05280 982.4
0.05281 982.4
0.05282 982.4
0.05283 982.4
0.05284 982.4
0.05285 982.4
0.05286 982.4
0.05287 982.4
0.05288 982.4
0.05289 982.4
0.05290 982.4
0.05291 982.4
0.05292 982.4
0.05293 982.4
0.05294 982.4
0.05295 982.4
0.05296 982.4
0.05297 982.4
0.05298 982.4
0.05299 982.4
0.05300 982.4
0.05301 982.4
0.05302 982.4
0.05303 982.4
0.05304 982.4
0.05305 982.4
0.05306 982.4
0.05307 982.4
0.05308 982.4
0.05309 982.4
0.05310 982.4
0.05311 982.4
0.05312 982.4
0.05313 982.4
0.05314 982.4
0.05315 982.4
0.05316 982.4
0.05317 982.4
0.05318 982.4
0.05319 982.4
0.05320 982.4
0.05321 982.4
0.05322 982.4
0.05323 982.4
0.05324 982.4
0.05325 982.4
0.05326 982.4
0.05327 982.4
0.05328 982.4
0.05329 982.4
0.05330 982.4
0.05331 982.4
0.05332 982.4
0.05333 982.4
0.05334 982.4
0.05335 982.4
0.05336 982.4
0.05337 982.4
0.05338 982.4
0.05339 982.4
0.05340 982.4
0.05341 982.4
0.05342 982.4
0.05343 982.4
0.05344 982.4
0.05345 982.4
0.05346 982.4
0.05347 982.4
0.05348 982.4
0.05349 982.4
0.05350 982.4
0.05351 982.4
0.05352 982.4
0.05353 982.4
0.05354 982.4
0.05355 982.4
0.05356 982.4
0.05357 982.4
0.05358 982.4
0.05359 982.4
0.05360 982.4
0.05361 982.4
0.05362 982.4
0.05363 982.4
0.05364 982.4
0.05365 982.4
0.05366 982.4
0.05367 982.4
0.05368 982.4
0.05369 982.4
0.05370 982.4
0.05371 982.4
0.05372 982.4
0.05373 982.4
0.05374 982.4
0.05375 982.4
0.05376 982.4
0.05377 982.4
0.05378 982.4
0.05379 982.4
0.05380 982.4
0.05381 982.4
0.05382 982.4
0.05383 982.4
0.05384 982.4
0.05385 982.4
0.05386 982.4
0.05387 982.4
0.05388 982.4
0.05389 982.4
0.05390 982.4
0.05391 982.4
0.05392 982.4
0.05393 982.4
0.05394 982.4
0.05395 982.4
0.05396 982.4
0.05397 982.4
0.05398 982.4
0.05399 982.4
0.05400 982.4
0.05401 982.4
0.05402 982.4
0.05403 982.4
0.05404 982.4
0.05405 982.4
0.05406 982.4
0.05407 982.4
0.05408 982.4
0.05409 982.4
0.05410 982.4
0.05411 982.4
0.05412 982.4
0.05413 982.4
0.05414 982.4
0.05415 982.4
0.05416 982.4
0.05417 982.4
0.05418 982.4
0.05419 982.4
0.05420 982.4
0.05421 982.4
0.05422 982.4
0.05423 982.4
0.05424 982.4
0.05425 982.4
0.05426 982.4
0.05427 982.4
0.05428 982.4
0.05429 982.4
0.05430 982.4
0.05431 982.4
0.05432 982.4
0.05433 982.4
0.05434 982.4
0.05435 982.4
0.05436 982.4
0.05437 982.4
0.05438 982.4
0.05439 982.4
0.05440 982.4
0.05441 982.4
0.05442 982.4
0.05443 982.4
0.05444 982.4
0.05445 982.4
0.05446 982.4
0.05447 982.4
0.05448 982.4
0.05449 982.4
0.05450 982.4
0.05451 982.4
0.05452 982.4
0.05453 982.4
0.05454 982.4
0.05455 982.4
0.05456 982.4
0.05457 982.4
0.05458 982.4
0.05459 982.4
0.05460 982.4
0.05461 982.4
0.05462 982.4
0.05463 982.4
0.05464 982.4
0.05465 982.4
0.05466 982.4
0.05467 982.4
0.05468 982.4
0.05469 982.4
0.05470 982.4
0.05471 982.4
0.05472 982.4
0.05473 982.4
0.05474 982.4
0.05475 982.4
0.05476 982.4
0.05477 982.4
0.05478 982.4
0.05479 982.4
0.05480 982.4
0.05481 982.4
0.05482 982.4
0.05483 982.4
0.05484 982.4
0.05485 982.4
0.05486 982.4
0.05487 982.4
0.05488 982.4
0.05489 982.4
0.05490 982.4
0.05491 982.4
0.05492 982.4
0.05493 982.4
0.05494 982.4
0.05495 982.4
0.05496 982.4
0.05497 982.4
0.05498 982.4
0.05499 982.4
0.05500 982.4
0.05501 982.4
0.05502 982.4
0.05503 982.4
0.05504 982.4
0.05505 982.4
0.05506 982.4
0.05507 982.4
0.05508 982.4
0.05509 982.4
0.05510 982.4
0.05511 982.4
0.05512 982.4
0.05513 982.4
0.05514 982.4
0.05515 982.4
0.05516 982.4
0.05517 982.4
0.05518 982.4
0.05519 982.4
0.05520 982.4
0.05521 982.4
0.05522 982.4
0.05523 982.4
0.05524 982.4
0.05525 982.4
0.05526 982.4
0.05527 982.4
0.05528 982.4
0.05529 982.4
0.05530 982.4
0.05531 982.4
0.05532 982.4
0.05533 982.4
0.05534 982.4
0.05535 982.4
0.05536 982.4
0.05537 982.4
0.05538 982.4
0.05539 982.4
0.05540 982.4
0.05541 982.4
0.05542 982.4
0.05543 982.4
0.05544 982.4
0.05545 982.4
0.05546 982.4
0.05547 982.4
0.05548 982.4
0.05549 982.4
0.05550 982.4
0.05551 982.4
0.05552 982.4
0.05553 982.4
0.05554 982.4
0.05555 982.4
0.05556 982.4
0.05557 982.4
0.05558 982.4
0.05559 982.4
0.05560 982.4
0.05561 982.4
0.05562 982.4
0.05563 982.4
0.05564 982.4
0.05565 982.4
0.05566 982.4
0.05567 982.4
0.05568 982.4
0.05569 982.4
0.05570 982.4
0.05571 982.4
0.05572 982.4
0.05573 982.4
0.05574 982.4
0.05575 982.4
0.05576 982.4
0.05577 982.4
0.05578 982.4
0.05579 982.4
0.05580 982.4
0.05581 982.4
0.05582 982.4
0.05583 982.4
0.05584 982.4
0.05585 982.4
0.05586 982.4
0.05587 982.4
0.05588 982.4
0.05589 982.4
0.05590 982.4
0.05591 982.4
0.05592 982.4
0.05593 982.4
0.05594 982.4
0.05595 982.4
0.05596 982.4
0.05597 982.4
0.05598 982.4
0.05599 982.4
0.05600 982.4
0.05601 982.4
0.05602 982.4
0.05603 982.4
0.05604 982.4
0.05605 982.4
0.05606 982.4
0.05607 982.4
0.05608 982.4
0.05609 982.4
0.05610 982.4
0.05611 982.4
0.05612 982.4
0.05613 982.4
0.05614 982.4
0.05615 982.4
0.05616 982.4
0.05617 982.4
0.05618 982.4
0.05619 982.4
0.05620 982.4
0.05621 982.4
0.05622 982.4
0.05623 982.4
0.05624 982.4
0.05625 982.4
0.05626 982.4
0.05627 982.4
0.05628 982.4
0.05629 982.4
0.05630 982.4
0.05631 982.4
0.05632 982.4
0.05633 982.4
0.05634 982.4
0.05635 982.4
0.05636 982.4
0.05637 982.4
0.05638 982.4
0.05639 982.4
0.05640 982.4
0.05641 982.4
0.05642 982.4
0.05643 982.4
0.05644 982.4
0.05645 982.4
0.05646 982.4
0.05647 982.4
0.05648 982.4
0.05649 982.4
0.05650 982.4
0.05651 982.4
0.05652 982.4
0.05653 982.4
0.05654 982.4
0.05655 982.4
0.05656 982.4
0.05657 982.4
0.05658 982.4
0.05659 982.4
0.05660 982.4
0.05661 982.4
0.05662 982.4
0.05663 982.4
0.05664 982.4
0.05665 982.4
0.05666 982.4
0.05667 982.4
0.05668 982.4
0.05669 982.4
0.05670 982.4
0.05671 982.4
0.05672 982.4
0.05673 982.4
0.05674 982.4
0.05675 982.4
0.05676 982.4
0.05677 982.4
0.05678 982.4
0.05679 982.4
0.05680 982.4
0.05681 982.4
0.05682 982.4
0.05683 982.4
0.05684 982.4
0.05685 982.4
0.05686 982.4
0.05687 982.4
0.05688 982.4
0.05689 982.4
0.05690 982.4
0.05691 982.4
0.05692 982.4
0.05693 982.4
0.05694 982.4
0.05695 982.4
0.05696 982.4
0.05697 982.4
0.05698 982.4
0.05699 982.4
0.05700 982.4
0.05701 982.4
0.05702 982.4
0.05703 982.4
0.05704 982.4
0.05705 982.4
0.05706 982.4
0.05707 982.4
0.05708 982.4
0.05709 982.4
0.05710 982.4
0.05711 982.4
0.05712 982.4
0.05713 982.4
0.05714 982.4
0.05715 982.4
0.05716 982.4
0.05717 982.4
0.05718 982.4
0.05719 982.4
0.05720 982.4
0.05721 982.4
0.05722 982.4
0.05723 982.4
0.05724 982.4
0.05725 982.4
0.05726 982.4
0.05727 982.4
0.05728 982.4
0.05729 982.4
0.05730 982.4
0.05731 982.4
0.05732 982.4
0.05733 982.4
0.05734 982.4
0.05735 982.4
0.05736 982.4
0.05737 982.4
0.05738 982.4
0.05739 982.4
0.05740 982.4
0.05741 982.4
0.05742 982.4
0.05743 982.4
0.05744 982.4
0.05745 982.4
0.05746 982.4
0.05747 982.4
0.05748 982.4
0.05749 982.4
0.05750 982.4
0.05751 982.4
0.05752 982.4
0.05753 982.4
0.05754 982.4
0.05755 982.4
0.05756 982.4
0.05757 982.4
0.05758 982.4
0.05759 982.4
0.05760 982.4
0.05761 982.4
0.05762 982.4
0.05763 982.4
0.05764 982.4
0.05765 982.4
0.05766 982.4
0.05767 982.4
0.05768 982.4
0.05769 982.4
0.05770 982.4
0.05771 982.4
0.05772 982.4
0.05773 982.4
0.05774 982.4
0.05775 982.4
0.05776 982.4
0.05777 982.4
0.05778 982.4
0.05779 982.4
0.05780 982.4
0.05781 982.4
0.05782 982.4
0.05783 982.4
0.05784 982.4
0.05785 982.4
0.05786 982.4
0.05787 982.4
0.05788 982.4
0.05789 982.4
0.05790 982.4
0.05791 982.4
0.05792 982.4
0.05793 982.4
0.05794 982.4
0.05795 982.4
0.05796 982.4
0.05797 982.4
0.05798 982.4
0.05799 982.4
0.05800 982.4
0.05801 982.4
0.05802 982.4
0.05803 982.4
0.05804 982.4
0.05805 982.4
0.05806 982.4
0.05807 982.4
0.05808 982.4
0.05809 982.4
0.05810 982.4
0.05811 982.4
0.05812 982.4
0.05813 982.4
0.05814 982.4
0.05815 982.4
0.05816 982.4
0.05817 982.4
0.05818 982.4
0.05819 982.4
0.05820 982.4
0.05821 982.4
0.05822 982.4
0.05823 982.4
0.05824 982.4
0.05825 982.4
0.05826 982.4
0.05827 982.4
0.05828 982.4
0.05829 982.4
0.05830 982.4
0.05831 982.4
0.05832 982.4
0.05833 982.4
0.05834 982.4
0.05835 982.4
0.05836 982.4
0.05837 982.4
0.05838 982.4
0.05839 982.4
0.05840 982.4
0.05841 982.4
0.05842 982.4
0.05843 982.4
0.05844 982.4
0.05845 982.4
0.05846 982.4
0.05847 982.4
0.05848 982.4
0.05849 982.4
0.05850 982.4
0.05851 982.4
0.05852 982.4
0.05853 982.4
0.05854 982.4
0.05855 982.4
0.05856 982.4
0.05857 982.4
0.05858 982.4
0.05859 982.4
0.05860 982.4
0.05861 982.4
0.05862 982.4
0.05863 982.4
0.05864 982.4
0.05865 982.4
0.05866 982.4
0.05867 982.4
0.05868 982.4
0.05869 982.4
0.05870 982.4
0.05871 982.4
0.05872 982.4
0.05873 982.4
0.05874 982.4
0.05875 982.4
0.05876 982.4
0.05877 982.4
0.05878 982.4
0.05879 982.4
0.05880 982.4
0.05881 982.4
0.05882 982.4
0.05883 982.4
0.05884 982.4
0.05885 982.4
0.05886 982.4
0.05887 982.4
0.05888 982.4
0.05889 982.4
0.05890 982.4
0.05891 982.4
0.05892 982.4
0.05893 982.4
0.05894 982.4
0.05895 982.4
0.05896 982.4
0.05897 982.4
0.05898 982.4
0.05899 982.4
0.05900 982.4
0.05901 982.4
0.05902 982.4
0.05903 982.4
0.05904 982.4
0.05905 982.4
0.05906 982.4
0.05907 982.4
0.05908 982.4
0.05909 982.4
0.05910 982.4
0.05911 982.4
0.05912 982.4
0.05913 982.4
0.05914 982.4
0.05915 982.4
0.05916 982.4
0.05917 982.4
0.05918 982.4
0.05919 982.4
0.05920 982.4
0.05921 982.4
0.05922 982.4
0.05923 982.4
0.05924 982.4
0.05925 982.4
0.05926 982.4
0.05927 982.4
0.05928 982.4
0.05929 982.4
0.05930 982.4
0.05931 982.4
0.05932 982.4
0.05933 982.4
0.05934 982.4
0.05935 982.4
0.05936 982.4
0.05937 982.4
0.05938 982.4
0.05939 982.4
0.05940 982.4
0.05941 982.4
0.05942 982.4
0.05943 982.4
0.05944 982.4
0.05945 982.4
0.05946 982.4
0.05947 982.4
0.05948 982.4
0.05949 982.4
0.05950 982.4
0.05951 982.4
0.05952 982.4
0.05953 982.4
0.05954 982.4
0.05955 982.4
0.05956 982.4
0.05957 982.4
0.05958 982.4
0.05959 982.4
0.05960 982.4
0.05961 982.4
0.05962 982.4
0.05963 982.4
0.05964 982.4
0.05965 982.4
0.05966 982.4
0.05967 982.4
0.05968 982.4
0.05969 982.4
0.05970 982.4
0.05971 982.4
0.05972 982.4
0.05973 982.4
0.05974 982.4
0.05975 982.4
0.05976 982.4
0.05977 982.4
0.05978 982.4
0.05979 982.4
0.05980 982.4
0.05981 982.4
0.05982 982.4
0.05983 982.4
0.05984 982.4
0.05985 982.4
0.05986 982.4
0.05987 982.4
0.05988 982.4
0.05989 982.4
0.05990 982.4
0.05991 982.4
0.05992 982.4
0.05993 982.4
0.05994 982.4
0.05995 982.4
0.05996 982.4
0.05997 982.4
0.05998 982.4
0.05999 982.4
0.06000 982.4
0.06001 982.4
0.06002 982.4
0.06003 982.4
0.06004 982.4
0.06005 982.4
0.06006 982.4
0.06007 982.4
0.06008 982.4
0.06009 982.4
0.06010 982.4
0.06011 982.4
0.06012 982.4
0.06013 982.4
0.06014 982.4
0.06015 982.4
0.06016 982.4
0.06017 982.4
0.06018 982.4
0.06019 982.4
0.06020 982.4
0.06021 982.4
0.06022 982.4
0.06023 982.4
0.06024 982.4
0.06025 982.4
0.06026 982.4
0.06027 982.4
0.06028 982.4
0.06029 982.4
0.06030 982.4
0.06031 982.4
0.06032 982.4
0.06033 982.4
0.06034 982.4
0.06035 982.4
0.06036 982.4
0.06037 982.4
0.06038 982.4
0.06039 982.4
0.06040 982.4
0.06041 982.4
0.06042 982.4
0.06043 982.4
0.06044 982.4
0.06045 982.4
0.06046 982.4
0.06047 982.4
0.06048 982.4
0.06049 982.4
0.06050 982.4
0.06051 982.4
0.06052 982.4
0.06053 982.4
0.06054 982.4
0.06055 982.4
0.06056 982.4
0.06057 982.4
0.06058 982.4
0.06059 982.4
0.06060 982.4
0.06061 982.4
0.06062 982.4
0.06063 982.4
0.06064 982.4
0.06065 982.4
0.06066 982.4
0.06067 982.4
0.06068 982.4
0.06069 982.4
0.06070 982.4
0.06071 982.4
0.06072 982.4
0.06073 982.4
0.06074 982.4
0.06075 982.4
0.06076 982.4
0.06077 982.4
0.06078 982.4
0.06079 982.4
0.06080 982.4
0.06081 982.4
0.06082 982.4
0.06083 982.4
0.06084 982.4
0.06085 982.4
0.06086 982.4
0.06087 982.4
0.06088 982.4
0.06089 982.4
0.06090 982.4
0.06091 982.4
0.06092 982.4
0.06093 982.4
0.06094 982.4
0.06095 982.4
0.06096 982.4
0.06097 982.4
0.06098 982.4
0.06099 982.4
0.06100 982.4
0.06101 982.4
0.06102 982.4
0.06103 982.4
0.06104 982.4
0.06105 982.4
0.06106 982.4
0.06107 982.4
0.06108 982.4
0.06109 982.4
0.06110 982.4
0.06111 982.4
0.06112 982.4
0.06113 982.4
0.06114 982.4
0.06115 982.4
0.06116 982.4
0.06117 982.4
0.06118 982.4
0.06119 982.4
0.06120 982.4
0.06121 982.4
0.06122 982.4
0.06123 982.4
0.06124 982.4
0.06125 982.4
0.06126 982.4
0.06127 982.4
0.06128 982.4
0.06129 982.4
0.06130 982.4
0.06131 982.4
0.06132 982.4
0.06133 982.4
0.06134 982.4
0.06135 982.4
0.06136 982.4
0.06137 982.4
0.06138 982.4
0.06139 982.4
0.06140 982.4
0.06141 982.4
0.06142 982.4
0.06143 982.4
0.06144 982.4
0.06145 982.4
0.06146 982.4
0.06147 982.4
0.06148 982.4
0.06149 982.4
0.06150 982.4
0.06151 982.4
0.06152 982.4
0.06153 982.4
0.06154 982.4
0.06155 982.4
0.06156 982.4
0.06157 982.4
0.06158 982.4
0.06159 982.4
0.06160 982.4
0.06161 982.4
0.06162 982.4
0.06163 982.4
0.06164 982.4
0.06165 982.4
0.06166 982.4
0.06167 982.4
0.06168 982.4
0.06169 982.4
0.06170 982.4
0.06171 982.4
0.06172 982.4
0.06173 982.4
0.06174 982.4
0.06175 982.4
0.06176 982.4
0.06177 982.4
0.06178 982.4
0.06179 982.4
0.06180 982.4
0.06181 982.4
0.06182 982.4
0.06183 982.4
0.06184 982.4
0.06185 982.4
0.06186 982.4
0.06187 982.4
0.06188 982.4
0.06189 982.4
0.06190 982.4
0.06191 982.4
0.06192 982.4
0.06193 982.4
0.06194 982.4
0.06195 982.4
0.06196 982.4
0.06197 982.4
0.06198 982.4
0.06199 982.4
0.06200 982.4
0.06201 982.4
0.06202 982.4
0.06203 982.4
0.06204 982.4
0.06205 982.4
0.06206 982.4
0.06207 982.4
0.06208 982.4
0.06209 982.4
0.06210 982.4
0.06211 982.4
0.06212 982.4
0.06213 982.4
0.06214 982.4
0.06215 982.4
0.06216 982.4
0.06217 982.4
0.06218 982.4
0.06219 982.4
0.06220 982.4
0.06221 982.4
0.06222 982.4
0.06223 982.4
0.06224 982.4
0.06225 982.4
0.06226 982.4
0.06227 982.4
0.06228 982.4
0.06229 982.4
0.06230 982.4
0.06231 982.4
0.06232 982.4
0.06233 982.4
0.06234 982.4
0.06235 982.4
0.06236 982.4
0.06237 982.4
0.06238 982.4
0.06239 982.4
0.06240 982.4
0.06241 982.4
0.06242 982.4
0.06243 982.4
0.06244 982.4
0.06245 982.4
0.06246 982.4
0.06247 982.4
0.06248 982.4
0.06249 982.4
0.06250 982.4
0.06251 982.4
0.06252 982.4
0.06253 982.4
0.06254 982.4
0.06255 982.4
0.06256 982.4
0.06257 982.4
0.06258 982.4
0.06259 982.4
0.06260 982.4
0.06261 982.4
0.06262 982.4
0.06263 982.4
0.06264 982.4
0.06265 982.4
0.06266 982.4
0.06267 982.4
0.06268 982.4
0.06269 982.4
0.06270 982.4
0.06271 982.4
0.06272 982.4
0.06273 982.4
0.06274 982.4
0.06275 982.4
0.06276 982.4
0.06277 982.4
0.06278 982.4
0.06279 982.4
0.06280 982.4
0.06281 982.4
0.06282 982.4
0.06283 982.4
0.06284 982.4
0.06285 982.4
0.06286 982.4
0.06287 982.4
0.06288 982.4
0.06289 982.4
0.06290 982.4
0.06291 982.4
0.06292 982.4
0.06293 982.4
0.06294 982.4
0.06295 982.4
0.06296 982.4
0.06297 982.4
0.06298 982.4
0.06299 982.4
0.06300 982.4
0.06301 982.4
0.06302 982.4
0.06303 982.4
0.06304 982.4
0.06305 982.4
0.06306 982.4
0.06307 982.4
0.06308 982.4
0.06309 982.4
0.06310 982.4
0.06311 982.4
0.06312 982.4
0.06313 982.4
0.06314 982.4
0.06315 982.4
0.06316 982.4
0.06317 982.4
0.06318 982.4
0.06319 982.4
0.06320 982.4
0.06321 982.4
0.06322 982.4
0.06323 982.4
0.06324 982.4
0.06325 982.4
0.06326 982.4
0.06327 982.4
0.06328 982.4
0.06329 982.4
0.06330 982.4
0.06331 982.4
0.06332 982.4
0.06333 982.4
0.06334 982.4
0.06335 982.4
0.06336 982.4
0.06337 982.4
0.06338 982.4
0.06339 982.4
0.06340 982.4
0.06341 982.4
0.06342 982.4
0.06343 982.4
0.06344 982.4
0.06345 982.4
0.06346 982.4
0.06347 982.4
0.06348 982.4
0.06349 982.4
0.06350 982.4
0.06351 982.4
0.06352 982.4
0.06353 982.4
0.06354 982.4
0.06355 982.4
0.06356 982.4
0.06357 982.4
0.06358 982.4
0.06359 982.4
0.06360 982.4
0.06361 982.4
0.06362 982.4
0.06363 982.4
0.06364 982.4
0.06365 982.4
0.06366 982.4
0.06367 982.4
0.06368 982.4
0.06369 982.4
0.06370 982.4
0.06371 982.4
0.06372 982.4
0.06373 982.4
0.06374 982.4
0.06375 982.4
0.06376 982.4
0.06377 982.4
0.06378 982.4
0.06379 982.4
0.06380 982.4
0.06381 982.4
0.06382 982.4
0.06383 982.4
0.06384 982.4
0.06385 982.4
0.06386 982.4
0.06387 982.4
0.06388 982.4
0.06389 982.4
0.06390 982.4
0.06391 982.4
0.06392 982.4
0.06393 982.4
0.06394 982.4
0.06395 982.4
0.06396 982.4
0.06397 982.4
0.06398 982.4
0.06399 982.4
0.06400 982.4
0.06401 982.4
0.06402 982.4
0.06403 982.4
0.06404 982.4
0.06405 982.4
0.06406 982.4
0.06407 982.4
0.06408 982.4
0.06409 982.4
0.06410 982.4
0.06411 982.4
0.06412 982.4
0.06413 982.4
0.06414 982.4
0.06415 982.4
0.06416 982.4
0.06417 982.4
0.06418 982.4
0.06419 982.4
0.06420 982.4
0.06421 982.4
0.06422 982.4
0.06423 982.4
0.06424 982.4
0.06425 982.4
0.06426 982.4
0.06427 982.4
0.06428 982.4
0.06429 982.4
0.06430 982.4
0.06431 982.4
0.06432 982.4
0.06433 982.4
0.06434 982.4
0.06435 982.4
0.06436 982.4
0.06437 982.4
0.06438 982.4
0.06439 982.4
0.06440 982.4
0.06441 982.4
0.06442 982.4
0.06443 982.4
0.06444 982.4
0.06445 982.4
0.06446 982.4
0.06447 982.4
0.06448 982.4
0.06449 982.4
0.06450 982.4
0.06451 982.4
0.06452 982.4
0.06453 982.4
0.06454 982.4
0.06455 982.4
0.06456 982.4
0.06457 982.4
0.06458 982.4
0.06459 982.4
0.06460 982.4
0.06461 982.4
0.06462 982.4
0.06463 982.4
0.06464 982.4
0.06465 982.4
0.06466 982.4
0.06467 982.4
0.06468 982.4
0.06469 982.4
0.06470 982.4
0.06471 982.4
0.06472 982.4
0.06473 982.4
0.06474 982.4
0.06475 982.4
0.06476 982.4
0.06477 982.4
0.06478 982.4
0.06479 982.4
0.06480 982.4
0.06481 982.4
0.06482 982.4
0.06483 982.4
0.06484 982.4
0.06485 982.4
0.06486 982.4
0.06487 982.4
0.06488 982.4
0.06489 982.4
0.06490 982.4
0.06491 982.4
0.06492 982.4
0.06493 982.4
0.06494 982.4
0.06495 982.4
0.06496 982.4
0.06497 982.4
0.06498 982.4
0.06499 982.4
0.06500 982.4
0.06501 982.4
0.06502 982.4
0.06503 982.4
0.06504 982.4
0.06505 982.4
0.06506 982.4
0.06507 982.4
0.06508 982.4
0.06509 982.4
0.06510 982.4
0.06511 982.4
0.06512 982.4
0.06513 982.4
0.06514 982.4
0.06515 982.4
0.06516 982.4
0.06517 982.4
0.06518 982.4
0.06519 982.4
0.06520 982.4
0.06521 982.4
0.06522 982.4
0.06523 982.4
0.06524 982.4
0.06525 982.4
0.06526 982.4
0.06527 982.4
0.06528 982.4
0.06529 982.4
0.06530 982.4
0.06531 982.4
0.06532 982.4
0.06533 982.4
0.06534 982.4
0.06535 982.4
0.06536 982.4
0.06537 982.4
0.06538 982.4
0.06539 982.4
0.06540 982.4
0.06541 982.4
0.06542 982.4
0.06543 982.4
0.06544 982.4
0.06545 982.4
0.06546 982.4
0.06547 982.4
0.06548 982.4
0.06549 982.4
0.06550 982.4
0.06551 982.4
0.06552 982.4
0.06553 982.4
0.06554 982.4
0.06555 982.4
0.06556 982.4
0.06557 982.4
0.06558 982.4
0.06559 982.4
0.06560 982.4
0.06561 982.4
0.06562 982.4
0.06563 982.4
0.06564 982.4
0.06565 982.4
0.06566 982.4
0.06567 982.4
0.06568 982.4
0.06569 982.4
0.06570 982.4
0.06571 982.4
0.06572 982.4
0.06573 982.4
0.06574 982.4
0.06575 982.4
0.06576 982.4
0.06577 982.4
0.06578 982.4
0.06579 982.4
0.06580 982.4
0.06581 982.4
0.06582 982.4
0.06583 982.4
0.06584 982.4
0.06585 982.4
0.06586 982.4
0.06587 982.4
0.06588 982.4
0.06589 982.4
0.06590 982.4
0.06591 982.4
0.06592 982.4
0.06593 982.4
0.06594 982.4
0.06595 982.4
0.06596 982.4
0.06597 982.4
0.06598 982.4
0.06599 982.4
0.06600 982.4
0.06601 982.4
0.06602 982.4
0.06603 982.4
0.06604 982.4
0.06605 982.4
0.06606 982.4
0.06607 982.4
0.06608 982.4
0.06609 982.4
0.06610 982.4
0.06611 982.4
0.06612 982.4
0.06613 982.4
0.06614 982.4
0.06615 982.4
0.06616 982.4
0.06617 982.4
0.06618 982.4
0.06619 982.4
0.06620 982.4
0.06621 982.4
0.06622 982.4
0.06623 982.4
0.06624 982.4
0.06625 982.4
0.06626 982.4
0.06627 982.4
0.06628 982.4
0.06629 982.4
0.06630 982.4
0.06631 982.4
0.06632 982.4
0.06633 982.4
0.06634 982.4
0.06635 982.4
0.06636 982.4
0.06637 982.4
0.06638 982.4
0.06639 982.4
0.06640 982.4
0.06641 982.4
0.06642 982.4
0.06643 982.4
0.06644 982.4
0.06645 982.4
0.06646 982.4
0.06647 982.4
0.06648 982.4
0.06649 982.4
0.06650 982.4
0.06651 982.4
0.06652 982.4
0.06653 982.4
0.06654 982.4
0.06655 982.4
0.06656 982.4
0.06657 982.4
0.06658 982.4
0.06659 982.4
0.06660 982.4
0.06661 982.4
0.06662 982.4
0.06663 982.4
0.06664 982.4
0.06665 982.4
0.06666 982.4
0.06667 982.4
0.06668 982.4
0.06669 982.4
0.06670 982.4
0.06671 982.4
0.06672 982.4
0.06673 982.4
0.06674 982.4
0.06675 982.4
0.06676 982.4
0.06677 982.4
0.06678 982.4
0.06679 982.4
0.06680 982.4
0.06681 982.4
0.06682 982.4
0.06683 982.4
0.06684 982.4
0.06685 982.4
0.06686 982.4
0.06687 982.4
0.06688 982.4
0.06689 982.4
0.06690 982.4
0.06691 982.4
0.06692 982.4
0.06693 982.4
0.06694 982.4
0.06695 982.4
0.06696 982.4
0.06697 982.4
0.06698 982.4
0.06699 982.4
0.06700 982.4
0.06701 982.4
0.06702 982.4
0.06703 982.4
0.06704 982.4
0.06705 982.4
0.06706 982.4
0.06707 982.4
0.06708 982.4
0.06709 982.4
0.06710 982.4
0.06711 982.4
0.06712 982.4
0.06713 982.4
0.06714 982.4
0.06715 982.4
0.06716 982.4
0.06717 982.4
0.06718 982.4
0.06719 982.4
0.06720 982.4
0.06721 982.4
0.06722 982.4
0.06723 982.4
0.06724 982.4
0.06725 982.4
0.06726 982.4
0.06727 982.4
0.06728 982.4
0.06729 982.4
0.06730 982.4
0.06731 982.4
0.06732 982.4
0.06733 982.4
0.06734 982.4
0.06735 982.4
0.06736 982.4
0.06737 982.4
0.06738 982.4
0.06739 982.4
0.06740 982.4
0.06741 982.4
0.06742 982.4
0.06743 982.4
0.06744 982.4
0.06745 982.4
0.06746 982.4
0.06747 982.4
0.06748 982.4
0.06749 982.4
0.06750 982.4
0.06751 982.4
0.06752 982.4
0.06753 982.4
0.06754 982.4
0.06755 982.4
0.06756 982.4
0.06757 982.4
0.06758 982.4
0.06759 982.4
0.06760 982.4
0.06761 982.4
0.06762 982.4
0.06763 982.4
0.06764 982.4
0.06765 982.4
0.06766 982.4
0.06767 982.4
0.06768 982.4
0.06769 982.4
0.06770 982.4
0.06771 982.4
0.06772 982.4
0.06773 982.4
0.06774 982.4
0.06775 982.4
0.06776 982.4
0.06777 982.4
0.06778 982.4
0.06779 982.4
0.06780 982.4
0.06781 982.4
0.06782 982.4
0.06783 982.4
0.06784 982.4
0.06785 982.4
0.06786 982.4
0.06787 982.4
0.06788 982.4
0.06789 982.4
0.06790 982.4
0.06791 982.4
0.06792 982.4
0.06793 982.4
0.06794 982.4
0.06795 982.4
0.06796 982.4
0.06797 982.4
0.06798 982.4
0.06799 982.4
0.06800 982.4
0.06801 982.4
0.06802 982.4
0.06803 982.4
0.06804 982.4
0.06805 982.4
0.06806 982.4
0.06807 982.4
0.06808 982.4
0.06809 982.4
0.06810 982.4
0.06811 982.4
0.06812 982.4
0.06813 982.4
0.06814 982.4
0.06815 982.4
0.06816 982.4
0.06817 982.4
0.06818 982.4
0.06819 982.4
0.06820 982.4
0.06821 982.4
0.06822 982.4
0.06823 982.4
0.06824 982.4
0.06825 982.4
0.06826 982.4
0.06827 982.4
0.06828 982.4
0.06829 982.4
0.06830 982.4
0.06831 982.4
0.06832 982.4
0.06833 982.4
0.06834 982.4
0.06835 982.4
0.06836 982.4
0.06837 982.4
0.06838 982.4
0.06839 982.4
0.06840 982.4
0.06841 982.4
0.06842 982.4
0.06843 982.4
0.06844 982.4
0.06845 982.4
0.06846 982.4
0.06847 982.4
0.06848 982.4
0.06849 982.4
0.06850 982.4
0.06851 982.4
0.06852 982.4
0.06853 982.4
0.06854 982.4
0.06855 982.4
0.06856 982.4
0.06857 982.4
0.06858 982.4
0.06859 982.4
0.06860 982.4
0.06861 982.4
0.06862 982.4
0.06863 982.4
0.06864 982.4
0.06865 982.4
0.06866 982.4
0.06867 982.4
0.06868 982.4
0.06869 982.4
0.06870 982.4
0.06871 982.4
0.06872 982.4
0.06873 982.4
0.06874 982.4
0.06875 982.4
0.06876 982.4
0.06877 982.4
0.06878 982.4
0.06879 982.4
0.06880 982.4
0.06881 982.4
0.06882 982.4
0.06883 982.4
0.06884 982.4
0.06885 982.4
0.06886 982.4
0.06887 982.4
0.06888 982.4
0.06889 982.4
0.06890 982.4
0.06891 982.4
0.06892 982.4
0.06893 982.4
0.06894 982.4
0.06895 982.4
0.06896 982.4
0.06897 982.4
0.06898 982.4
0.06899 982.4
0.06900 982.4
0.06901 982.4
0.06902 982.4
0.06903 982.4
0.06904 982.4
0.06905 982.4
0.06906 982.4
0.06907 982.4
0.06908 982.4
0.06909 982.4
0.06910 982.4
0.06911 982.4
0.06912 982.4
0.06913 982.4
0.06914 982.4
0.06915 982.4
0.06916 982.4
0.06917 982.4
0.06918 982.4
0.06919 982.4
0.06920 982.4
0.06921 982.4
0.06922 982.4
0.06923 982.4
0.06924 982.4
0.06925 982.4
0.06926 982.4
0.06927 982.4
0.06928 982.4
0.06929 982.4
0.06930 982.4
0.06931 982.4
0.06932 982.4
0.06933 982.4
0.06934 982.4
0.06935 982.4
0.06936 982.4
0.06937 982.4
0.06938 982.4
0.06939 982.4
0.06940 982.4
0.06941 982.4
0.06942 982.4
0.06943 982.4
0.06944 982.4
0.06945 982.4
0.06946 982.4
0.06947 982.4
0.06948 982.4
0.06949 982.4
0.06950 982.4
0.06951 982.4
0.06952 982.4
0.06953 982.4
0.06954 982.4
0.06955 982.4
0.06956 982.4
0.06957 982.4
0.06958 982.4
0.06959 982.4
0.06960 982.4
0.06961 982.4
0.06962 982.4
0.06963 982.4
0.06964 982.4
0.06965 982.4
0.06966 982.4
0.06967 982.4
0.06968 982.4
0.06969 982.4
0.06970 982.4
0.06971 982.4
0.06972 982.4
0.06973 982.4
0.06974 982.4
0.06975 982.4
0.06976 982.4
0.06977 982.4
0.06978 982.4
0.06979 982.4
0.06980 982.4
0.06981 982.4
0.06982 982.4
0.06983 982.4
0.06984 982.4
0.06985 982.4
0.06986 982.4
0.06987 982.4
0.06988 982.4
0.06989 982.4
0.06990 982.4
0.06991 982.4
0.06992 982.4
0.06993 982.4
0.06994 982.4
0.06995 982.4
0.06996 982.4
0.06997 982.4
0.06998 982.4
0.06999 982.4
0.07000 982.4
0.07001 982.4
0.07002 982.4
0.07003 982.4
0.07004 982.4
0.07005 982.4
0.07006 982.4
0.07007 982.4
0.07008 982.4
0.07009 982.4
0.07010 982.4
0.07011 982.4
0.07012 982.4
0.07013 982.4
0.07014 982.4
0.07015 982.4
0.07016 982.4
0.07017 982.4
0.07018 982.4
0.07019 982.4
0.07020 982.4
0.07021 982.4
0.07022 982.4
0.07023 982.4
0.07024 982.4
0.07025 982.4
0.07026 982.4
0.07027 982.4
0.07028 982.4
0.07029 982.4
0.07030 982.4
0.07031 982.4
0.07032 982.4
0.07033 982.4
0.07034 982.4
0.07035 982.4
0.07036 982.4
0.07037 982.4
0.07038 982.4
0.07039 982.4
0.07040 982.4
0.07041 982.4
0.07042 982.4
0.07043 982.4
0.07044 982.4
0.07045 982.4
0.07046 982.4
0.07047 982.4
0.07048 982.4
0.07049 982.4
0.07050 982.4
0.07051 982.4
0.07052 982.4
0.07053 982.4
0.07054 982.4
0.07055 982.4
0.07056 982.4
0.07057 982.4
0.07058 982.4
0.07059 982.4
0.07060 982.4
0.07061 982.4
0.07062 982.4
0.07063 982.4
0.07064 982.4
0.07065 982.4
0.07066 982.4
0.07067 982.4
0.07068 982.4
0.07069 982.4
0.07070 982.4
0.07071 982.4
0.07072 982.4
0.07073 982.4
0.07074 982.4
0.07075 982.4
0.07076 982.4
0.07077 982.4
0.07078 982.4
0.07079 982.4
0.07080 982.4
0.07081 982.4
0.07082 982.4
0.07083 982.4
0.07084 982.4
0.07085 982.4
0.07086 982.4
0.07087 982.4
0.07088 982.4
0.07089 982.4
0.07090 982.4
0.07091 982.4
0.07092 982.4
0.07093 982.4
0.07094 982.4
0.07095 982.4
0.07096 982.4
0.07097 982.4
0.07098 982.4
0.07099 982.4
0.07100 982.4
0.07101 982.4
0.07102 982.4
0.07103 982.4
0.07104 982.4
0.07105 982.4
0.07106 982.4
0.07107 982.4
0.07108 982.4
0.07109 982.4
0.07110 982.4
0.07111 982.4
0.07112 982.4
0.07113 982.4
0.07114 982.4
0.07115 982.4
0.07116 982.4
0.07117 982.4
0.07118 982.4
0.07119 982.4
0.07120 982.4
0.07121 982.4
0.07122 982.4
0.07123 982.4
0.07124 982.4
0.07125 982.4
0.07126 982.4
0.07127 982.4
0.07128 982.4
0.07129 982.4
0.07130 982.4
0.07131 982.4
0.07132 982.4
0.07133 982.4
0.07134 982.4
0.07135 982.4
0.07136 982.4
0.07137 982.4
0.07138 982.4
0.07139 982.4
0.07140 982.4
0.07141 982.4
0.07142 982.4
0.07143 982.4
0.07144 982.4
0.07145 982.4
0.07146 982.4
0.07147 982.4
0.07148 982.4
0.07149 982.4
0.07150 982.4
0.07151 982.4
0.07152 982.4
0.07153 982.4
0.07154 982.4
0.07155 982.4
0.07156 982.4
0.07157 982.4
0.07158 982.4
0.07159 982.4
0.07160 982.4
0.07161 982.4
0.07162 982.4
0.07163 982.4
0.07164 982.4
0.07165 982.4
0.07166 982.4
0.07167 982.4
0.07168 982.4
0.07169 982.4
0.07170 982.4
0.07171 982.4
0.07172 982.4
0.07173 982.4
0.07174 982.4
0.07175 982.4
0.07176 982.4
0.07177 982.4
0.07178 982.4
0.07179 982.4
0.07180 982.4
0.07181 982.4
0.07182 982.4
0.07183 982.4
0.07184 982.4
0.07185 982.4
0.07186 982.4
0.07187 982.4
0.07188 982.4
0.07189 982.4
0.07190 982.4
0.07191 982.4
0.07192 982.4
0.07193 982.4
0.07194 982.4
0.07195 982.4
0.07196 982.4
0.07197 982.4
0.07198 982.4
0.07199 982.4
0.07200 982.4
0.07201 982.4
0.07202 982.4
0.07203 982.4
0.07204 982.4
0.07205 982.4
0.07206 982.4
0.07207 982.4
0.07208 982.4
0.07209 982.4
0.07210 982.4
0.07211 982.4
0.07212 982.4
0.07213 982.4
0.07214 982.4
0.07215 982.4
0.07216 982.4
0.07217 982.4
0.07218 982.4
0.07219 982.4
0.07220 982.4
0.07221 982.4
0.07222 982.4
0.07223 982.4
0.07224 982.4
0.07225 982.4
0.07226 982.4
0.07227 982.4
0.07228 982.4
0.07229 982.4
0.07230 982.4
0.07231 982.4
0.07232 982.4
0.07233 982.4
0.07234 982.4
0.07235 982.4
0.07236 982.4
0.07237 982.4
0.07238 982.4
0.07239 982.4
0.07240 982.4
0.07241 982.4
0.07242 982.4
0.07243 982.4
0.07244 982.4
0.07245 982.4
0.07246 982.4
0.07247 982.4
0.07248 982.4
0.07249 982.4
0.07250 982.4
0.07251 982.4
0.07252 982.4
0.07253 982.4
0.07254 982.4
0.07255 982.4
0.07256 982.4
0.07257 982.4
0.07258 982.4
0.07259 982.4
0.07260 982.4
0.07261 982.4
0.07262 982.4
0.07263 982.4
0.07264 982.4
0.07265 982.4
0.07266 982.4
0.07267 982.4
0.07268 982.4
0.07269 982.4
0.07270 982.4
0.07271 982.4
0.07272 982.4
0.07273 982.4
0.07274 982.4
0.07275 982.4
0.07276 982.4
0.07277 982.4
0.07278 982.4
0.07279 982.4
0.07280 982.4
0.07281 982.4
0.07282 982.4
0.07283 982.4
0.07284 982.4
0.07285 982.4
0.07286 982.4
0.07287 982.4
0.07288 982.4
0.07289 982.4
0.07290 982.4
0.07291 982.4
0.07292 982.4
0.07293 982.4
0.07294 982.4
0.07295 982.4
0.07296 982.4
0.07297 982.4
0.07298 982.4
0.07299 982.4
0.07300 982.4
0.07301 982.4
0.07302 982.4
0.07303 982.4
0.07304 982.4
0.07305 982.4
0.07306 982.4
0.07307 982.4
0.07308 982.4
0.07309 982.4
0.07310 982.4
0.07311 982.4
0.07312 982.4
0.07313 982.4
0.07314 982.4
0.07315 982.4
0.07316 982.4
0.07317 982.4
0.07318 982.4
0.07319 982.4
0.07320 982.4
0.07321 982.4
0.07322 982.4
0.07323 982.4
0.07324 982.4
0.07325 982.4
0.07326 982.4
0.07327 982.4
0.07328 982.4
0.07329 982.4
0.07330 982.4
0.07331 982.4
0.07332 982.4
0.07333 982.4
0.07334 982.4
0.07335 982.4
0.07336 982.4
0.07337 982.4
0.07338 982.4
0.07339 982.4
0.07340 982.4
0.07341 982.4
0.07342 982.4
0.07343 982.4
0.07344 982.4
0.07345 982.4
0.07346 982.4
0.07347 982.4
0.07348 982.4
0.07349 982.4
0.07350 982.4
0.07351 982.4
0.07352 982.4
0.07353 982.4
0.07354 982.4
0.07355 982.4
0.07356 982.4
0.07357 982.4
0.07358 982.4
0.07359 982.4
0.07360 982.4
0.07361 982.4
0.07362 982.4
0.07363 982.4
0.07364 982.4
0.07365 982.4
0.07366 982.4
0.07367 982.4
0.07368 982.4
0.07369 982.4
0.07370 982.4
0.07371 982.4
0.07372 982.4
0.07373 982.4
0.07374 982.4
0.07375 982.4
0.07376 982.4
0.07377 982.4
0.07378 982.4
0.07379 982.4
0.07380 982.4
0.07381 982.4
0.07382 982.4
0.07383 982.4
0.07384 982.4
0.07385 982.4
0.07386 982.4
0.07387 982.4
0.07388 982.4
0.07389 982.4
0.07390 982.4
0.07391 982.4
0.07392 982.4
0.07393 982.4
0.07394 982.4
0.07395 982.4
0.07396 982.4
0.07397 982.4
0.07398 982.4
0.07399 982.4
0.07400 982.4
0.07401 982.4
0.07402 982.4
0.07403 982.4
0.07404 982.4
0.07405 982.4
0.07406 982.4
0.07407 982.4
0.07408 982.4
0.07409 982.4
0.07410 982.4
0.07411 982.4
0.07412 982.4
0.07413 982.4
0.07414 982.4
0.07415 982.4
0.07416 982.4
0.07417 982.4
0.07418 982.4
0.07419 982.4
0.07420 982.4
0.07421 982.4
0.07422 982.4
0.07423 982.4
0.07424 982.4
0.07425 982.4
0.07426 982.4
0.07427 982.4
0.07428 982.4
0.07429 982.4
0.07430 982.4
0.07431 982.4
0.07432 982.4
0.07433 982.4
0.07434 982.4
0.07435 982.4
0.07436 982.4
0.07437 982.4
0.07438 982.4
0.07439 982.4
0.07440 982.4
0.07441 982.4
0.07442 982.4
0.07443 982.4
0.07444 982.4
0.07445 982.4
0.07446 982.4
0.07447 982.4
0.07448 982.4
0.07449 982.4
0.07450 982.4
0.07451 982.4
0.07452 982.4
0.07453 982.4
0.07454 982.4
0.07455 982.4
0.07456 982.4
0.07457 982.4
0.07458 982.4
0.07459 982.4
0.07460 982.4
0.07461 982.4
0.07462 982.4
0.07463 982.4
0.07464 982.4
0.07465 982.4
0.07466 982.4
0.07467 982.4
0.07468 982.4
0.07469 982.4
0.07470 982.4
0.07471 982.4
0.07472 982.4
0.07473 982.4
0.07474 982.4
0.07475 982.4
0.07476 982.4
0.07477 982.4
0.07478 982.4
0.07479 982.4
0.07480 982.4
0.07481 982.4
0.07482 982.4
0.07483 982.4
0.07484 982.4
0.07485 982.4
0.07486 982.4
0.07487 982.4
0.07488 982.4
0.07489 982.4
0.07490 982.4
0.07491 982.4
0.07492 982.4
0.07493 982.4
0.07494 982.4
0.07495 982.4
0.07496 982.4
0.07497 982.4
0.07498 982.4
0.07499 982.4
0.07500 982.4
0.07501 982.4
0.07502 982.4
0.07503 982.4
0.07504 982.4
0.07505 982.4
0.07506 982.4
0.07507 982.4
0.07508 982.4
0.07509 982.4
0.07510 982.4
0.07511 982.4
0.07512 982.4
0.07513 982.4
0.07514 982.4
0.07515 982.4
0.07516 982.4
0.07517 982.4
0.07518 982.4
0.07519 982.4
0.07520 982.4
0.07521 982.4
0.07522 982.4
0.07523 982.4
0.07524 982.4
0.07525 982.4
0.07526 982.4
0.07527 982.4
0.07528 982.4
0.07529 982.4
0.07530 982.4
0.07531 982.4
0.07532 982.4
0.07533 982.4
0.07534 982.4
0.07535 982.4
0.07536 982.4
0.07537 982.4
0.07538 982.4
0.07539 982.4
0.07540 982.4
0.07541 982.4
0.07542 982.4
0.07543 982.4
0.07544 982.4
0.07545 982.4
0.07546 982.4
0.07547 982.4
0.07548 982.4
0.07549 982.4
0.07550 982.4
0.07551 982.4
0.07552 982.4
0.07553 982.4
0.07554 982.4
0.07555 982.4
0.07556 982.4
0.07557 982.4
0.07558 982.4
0.07559 982.4
0.07560 982.4
0.07561 982.4
0.07562 982.4
0.07563 982.4
0.07564 982.4
0.07565 982.4
0.07566 982.4
0.07567 982.4
0.07568 982.4
0.07569 982.4
0.07570 982.4
0.07571 982.4
0.07572 982.4
0.07573 982.4
0.07574 982.4
0.07575 982.4
0.07576 982.4
0.07577 982.4
0.07578 982.4
0.07579 982.4
0.07580 982.4
0.07581 982.4
0.07582 982.4
0.07583 982.4
0.07584 982.4
0.07585 982.4
0.07586 982.4
0.07587 982.4
0.07588 982.4
0.07589 982.4
0.07590 982.4
0.07591 982.4
0.07592 982.4
0.07593 982.4
0.07594 982.4
0.07595 982.4
0.07596 982.4
0.07597 982.4
0.07598 982.4
0.07599 982.4
0.07600 982.4
0.07601 982.4
0.07602 982.4
0.07603 982.4
0.07604 982.4
0.07605 982.4
0.07606 982.4
0.07607 982.4
0.07608 982.4
0.07609 982.4
0.07610 982.4
0.07611 982.4
0.07612 982.4
0.07613 982.4
0.07614 982.4
0.07615 982.4
0.07616 982.4
0.07617 982.4
0.07618 982.4
0.07619 982.4
0.07620 982.4
0.07621 982.4
0.07622 982.4
0.07623 982.4
0.07624 982.4
0.07625 982.4
0.07626 982.4
0.07627 982.4
0.07628 982.4
0.07629 982.4
0.07630 982.4
0.07631 982.4
0.07632 982.4
0.07633 982.4
0.07634 982.4
0.07635 982.4
0.07636 982.4
0.07637 982.4
0.07638 982.4
0.07639 982.4
0.07640 982.4
0.07641 982.4
0.07642 982.4
0.07643 982.4
0.07644 982.4
0.07645 982.4
0.07646 982.4
0.07647 982.4
0.07648 982.4
0.07649 982.4
0.07650 982.4
0.07651 982.4
0.07652 982.4
0.07653 982.4
0.07654 982.4
0.07655 982.4
0.07656 982.4
0.07657 982.4
0.07658 982.4
0.07659 982.4
0.07660 982.4
0.07661 982.4
0.07662 982.4
0.07663 982.4
0.07664 982.4
0.07665 982.4
0.07666 982.4
0.07667 982.4
0.07668 982.4
0.07669 982.4
0.07670 982.4
0.07671 982.4
0.07672 982.4
0.07673 982.4
0.07674 982.4
0.07675 982.4
0.07676 982.4
0.07677 982.4
0.07678 982.4
0.07679 982.4
0.07680 982.4
0.07681 982.4
0.07682 982.4
0.07683 982.4
0.07684 982.4
0.07685 982.4
0.07686 982.4
0.07687 982.4
0.07688 982.4
0.07689 982.4
0.07690 982.4
0.07691 982.4
0.07692 982.4
0.07693 982.4
0.07694 982.4
0.07695 982.4
0.07696 982.4
0.07697 982.4
0.07698 982.4
0.07699 982.4
0.07700 982.4
0.07701 982.4
0.07702 982.4
0.07703 982.4
0.07704 982.4
0.07705 982.4
0.07706 982.4
0.07707 982.4
0.07708 982.4
0.07709 982.4
0.07710 982.4
0.07711 982.4
0.07712 982.4
0.07713 982.4
0.07714 982.4
0.07715 982.4
0.07716 982.4
0.07717 982.4
0.07718 982.4
0.07719 982.4
0.07720 982.4
0.07721 982.4
0.07722 982.4
0.07723 982.4
0.07724 982.4
0.07725 982.4
0.07726 982.4
0.07727 982.4
0.07728 982.4
0.07729 982.4
0.07730 982.4
0.07731 982.4
0.07732 982.4
0.07733 982.4
0.07734 982.4
0.07735 982.4
0.07736 982.4
0.07737 982.4
0.07738 982.4
0.07739 982.4
0.07740 982.4
0.07741 982.4
0.07742 982.4
0.07743 982.4
0.07744 982.4
0.07745 982.4
0.07746 982.4
0.07747 982.4
0.07748 982.4
0.07749 982.4
0.07750 982.4
0.07751 982.4
0.07752 982.4
0.07753 982.4
0.07754 982.4
0.07755 982.4
0.07756 982.4
0.07757 982.4
0.07758 982.4
0.07759 982.4
0.07760 982.4
0.07761 982.4
0.07762 982.4
0.07763 982.4
0.07764 982.4
0.07765 982.4
0.07766 982.4
0.07767 982.4
0.07768 982.4
0.07769 982.4
0.07770 982.4
0.07771 982.4
0.07772 982.4
0.07773 982.4
0.07774 982.4
0.07775 982.4
0.07776 982.4
0.07777 982.4
0.07778 982.4
0.07779 982.4
0.07780 982.4
0.07781 982.4
0.07782 982.4
0.07783 982.4
0.07784 982.4
0.07785 982.4
0.07786 982.4
0.07787 982.4
0.07788 982.4
0.07789 982.4
0.07790 982.4
0.07791 982.4
0.07792 982.4
0.07793 982.4
0.07794 982.4
0.07795 982.4
0.07796 982.4
0.07797 982.4
0.07798 982.4
0.07799 982.4
0.07800 982.4
0.07801 982.4
0.07802 982.4
0.07803 982.4
0.07804 982.4
0.07805 982.4
0.07806 982.4
0.07807 982.4
0.07808 982.4
0.07809 982.4
0.07810 982.4
0.07811 982.4
0.07812 982.4
0.07813 982.4
0.07814 982.4
0.07815 982.4
0.07816 982.4
0.07817 982.4
0.07818 982.4
0.07819 982.4
0.07820 982.4
0.07821 982.4
0.07822 982.4
0.07823 982.4
0.07824 982.4
0.07825 982.4
0.07826 982.4
0.07827 982.4
0.07828 982.4
0.07829 982.4
0.07830 982.4
0.07831 982.4
0.07832 982.4
0.07833 982.4
0.07834 982.4
0.07835 982.4
0.07836 982.4
0.07837 982.4
0.07838 982.4
0.07839 982.4
0.07840 982.4
0.07841 982.4
0.07842 982.4
0.07843 982.4
0.07844 982.4
0.07845 982.4
0.07846 982.4
0.07847 982.4
0.07848 982.4
0.07849 982.4
0.07850 982.4
0.07851 982.4
0.07852 982.4
0.07853 982.4
0.07854 982.4
0.07855 982.4
0.07856 982.4
0.07857 982.4
0.07858 982.4
0.07859 982.4
0.07860 982.4
0.07861 982.4
0.07862 982.4
0.07863 982.4
0.07864 982.4
0.07865 982.4
0.07866 982.4
0.07867 982.4
0.07868 982.4
0.07869 982.4
0.07870 982.4
0.07871 982.4
0.07872 982.4
0.07873 982.4
0.07874 982.4
0.07875 982.4
0.07876 982.4
0.07877 982.4
0.07878 982.4
0.07879 982.4
0.07880 982.4
0.07881 982.4
0.07882 982.4
0.07883 982.4
0.07884 982.4
0.07885 982.4
0.07886 982.4
0.07887 982.4
0.07888 982.4
0.07889 982.4
0.07890 982.4
0.07891 982.4
0.07892 982.4
0.07893 982.4
0.07894 982.4
0.07895 982.4
0.07896 982.4
0.07897 982.4
0.07898 982.4
0.07899 982.4
0.07900 982.4
0.07901 982.4
0.07902 982.4
0.07903 982.4
0.07904 982.4
0.07905 982.4
0.07906 982.4
0.07907 982.4
0.07908 982.4
0.07909 982.4
0.07910 982.4
0.07911 982.4
0.07912 982.4
0.07913 982.4
0.07914 982.4
0.07915 982.4
0.07916 982.4
0.07917 982.4
0.07918 982.4
0.07919 982.4
0.07920 982.4
0.07921 982.4
0.07922 982.4
0.07923 982.4
0.07924 982.4
0.07925 982.4
0.07926 982.4
0.07927 982.4
0.07928 982.4
0.07929 982.4
0.07930 982.4
0.07931 982.4
0.07932 982.4
0.07933 982.4
0.07934 982.4
0.07935 982.4
0.07936 982.4
0.07937 982.4
0.07938 982.4
0.07939 982.4
0.07940 982.4
0.07941 982.4
0.07942 982.4
0.07943 982.4
0.07944 982.4
0.07945 982.4
0.07946 982.4
0.07947 982.4
0.07948 982.4
0.07949 982.4
0.07950 982.4
0.07951 982.4
0.07952 982.4
0.07953 982.4
0.07954 982.4
0.07955 982.4
0.07956 982.4
0.07957 982.4
0.07958 982.4
0.07959 982.4
0.07960 982.4
0.07961 982.4
0.07962 982.4
0.07963 982.4
0.07964 982.4
0.07965 982.4
0.07966 982.4
0.07967 982.4
0.07968 982.4
0.07969 982.4
0.07970 982.4
0.07971 982.4
0.07972 982.4
0.07973 982.4
0.07974 982.4
0.07975 982.4
0.07976 982.4
0.07977 982.4
0.07978 982.4
0.07979 982.4
0.07980 982.4
0.07981 982.4
0.07982 982.4
0.07983 982.4
0.07984 982.4
0.07985 982.4
0.07986 982.4
0.07987 982.4
0.07988 982.4
0.07989 982.4
0.07990 982.4
0.07991 982.4
0.07992 982.4
0.07993 982.4
0.07994 982.4
0.07995 982.4
0.07996 982.4
0.07997 982.4
0.07998 982.4
0.07999 982.4
0.08000 982.4
0.08001 982.4
0.08002 982.4
0.08003 982.4
0.08004 982.4
0.08005 982.4
0.08006 982.4
0.08007 982.4
0.08008 982.4
0.08009 982.4
0.08010 982.4
0.08011 982.4
0.08012 982.4
0.08013 982.4
0.08014 982.4
0.08015 982.4
0.08016 982.4
0.08017 982.4
0.08018 982.4
0.08019 982.4
0.08020 982.4
0.08021 982.4
0.08022 982.4
0.08023 982.4
0.08024 982.4
0.08025 982.4
0.08026 982.4
0.08027 982.4
0.08028 982.4
0.08029 982.4
0.08030 982.4
0.08031 982.4
0.08032 982.4
0.08033 982.4
0.08034 982.4
0.08035 982.4
0.08036 982.4
0.08037 982.4
0.08038 982.4
0.08039 982.4
0.08040 982.4
0.08041 982.4
0.08042 982.4
0.08043 982.4
0.08044 982.4
0.08045 982.4
0.08046 982.4
0.08047 982.4
0.08048 982.4
0.08049 982.4
0.08050 982.4
0.08051 982.4
0.08052 982.4
0.08053 982.4
0.08054 982.4
0.08055 982.4
0.08056 982.4
0.08057 982.4
0.08058 982.4
0.08059 982.4
0.08060 982.4
0.08061 982.4
0.08062 982.4
0.08063 982.4
0.08064 982.4
0.08065 982.4
0.08066 982.4
0.08067 982.4
0.08068 982.4
0.08069 982.4
0.08070 982.4
0.08071 982.4
0.08072 982.4
0.08073 982.4
0.08074 982.4
0.08075 982.4
0.08076 982.4
0.08077 982.4
0.08078 982.4
0.08079 982.4
0.08080 982.4
0.08081 982.4
0.08082 982.4
0.08083 982.4
0.08084 982.4
0.08085 982.4
0.08086 982.4
0.08087 982.4
0.08088 982.4
0.08089 982.4
0.08090 982.4
0.08091 982.4
0.08092 982.4
0.08093 982.4
0.08094 982.4
0.08095 982.4
0.08096 982.4
0.08097 982.4
0.08098 982.4
0.08099 982.4
0.08100 982.4
0.08101 982.4
0.08102 982.4
0.08103 982.4
0.08104 982.4
0.08105 982.4
0.08106 982.4
0.08107 982.4
0.08108 982.4
0.08109 982.4
0.08110 982.4
0.08111 982.4
0.08112 982.4
0.08113 982.4
0.08114 982.4
0.08115 982.4
0.08116 982.4
0.08117 982.4
0.08118 982.4
0.08119 982.4
0.08120 982.4
0.08121 982.4
0.08122 982.4
0.08123 982.4
0.08124 982.4
0.08125 982.4
0.08126 982.4
0.08127 982.4
0.08128 982.4
0.08129 982.4
0.08130 982.4
0.08131 982.4
0.08132 982.4
0.08133 982.4
0.08134 982.4
0.08135 982.4
0.08136 982.4
0.08137 982.4
0.08138 982.4
0.08139 982.4
0.08140 982.4
0.08141 982.4
0.08142 982.4
0.08143 982.4
0.08144 982.4
0.08145 982.4
0.08146 982.4
0.08147 982.4
0.08148 982.4
0.08149 982.4
0.08150 982.4
0.08151 982.4
0.08152 982.4
0.08153 982.4
0.08154 982.4
0.08155 982.4
0.08156 982.4
0.08157 982.4
0.08158 982.4
0.08159 982.4
0.08160 982.4
0.08161 982.4
0.08162 982.4
0.08163 982.4
0.08164 982.4
0.08165 982.4
0.08166 982.4
0.08167 982.4
0.08168 982.4
0.08169 982.4
0.08170 982.4
0.08171 982.4
0.08172 982.4
0.08173 982.4
0.08174 982.4
0.08175 982.4
0.08176 982.4
0.08177 982.4
0.08178 982.4
0.08179 982.4
0.08180 982.4
0.08181 982.4
0.08182 982.4
0.08183 982.4
0.08184 982.4
0.08185 982.4
0.08186 982.4
0.08187 982.4
0.08188 982.4
0.08189 982.4
0.08190 982.4
0.08191 982.4
0.08192 982.4
0.08193 982.4
0.08194 982.4
0.08195 982.4
0.08196 982.4
0.08197 982.4
0.08198 982.4
0.08199 982.4
0.08200 982.4
0.08201 982.4
0.08202 982.4
0.08203 982.4
0.08204 982.4
0.08205 982.4
0.08206 982.4
0.08207 982.4
0.08208 982.4
0.08209 982.4
0.08210 982.4
0.08211 982.4
0.08212 982.4
0.08213 982.4
0.08214 982.4
0.08215 982.4
0.08216 982.4
0.08217 982.4
0.08218 982.4
0.08219 982.4
0.08220 982.4
0.08221 982.4
0.08222 982.4
0.08223 982.4
0.08224 982.4
0.08225 982.4
0.08226 982.4
0.08227 982.4
0.08228 982.4
0.08229 982.4
0.08230 982.4
0.08231 982.4
0.08232 982.4
0.08233 982.4
0.08234 982.4
0.08235 982.4
0.08236 982.4
0.08237 982.4
0.08238 982.4
0.08239 982.4
0.08240 982.4
0.08241 982.4
0.08242 982.4
0.08243 982.4
0.08244 982.4
0.08245 982.4
0.08246 982.4
0.08247 982.4
0.08248 982.4
0.08249 982.4
0.08250 982.4
0.08251 982.4
0.08252 982.4
0.08253 982.4
0.08254 982.4
0.08255 982.4
0.08256 982.4
0.08257 982.4
0.08258 982.4
0.08259 982.4
0.08260 982.4
0.08261 982.4
0.08262 982.4
0.08263 982.4
0.08264 982.4
0.08265 982.4
0.08266 982.4
0.08267 982.4
0.08268 982.4
0.08269 982.4
0.08270 982.4
0.08271 982.4
0.08272 982.4
0.08273 982.4
0.08274 982.4
0.08275 982.4
0.08276 982.4
0.08277 982.4
0.08278 982.4
0.08279 982.4
0.08280 982.4
0.08281 982.4
0.08282 982.4
0.08283 982.4
0.08284 982.4
0.08285 982.4
0.08286 982.4
0.08287 982.4
0.08288 982.4
0.08289 982.4
0.08290 982.4
0.08291 982.4
0.08292 982.4
0.08293 982.4
0.08294 982.4
0.08295 982.4
0.08296 982.4
0.08297 982.4
0.08298 982.4
0.08299 982.4
0.08300 982.4
0.08301 982.4
0.08302 982.4
0.08303 982.4
0.08304 982.4
0.08305 982.4
0.08306 982.4
0.08307 982.4
0.08308 982.4
0.08309 982.4
0.08310 982.4
0.08311 982.4
0.08312 982.4
0.08313 982.4
0.08314 982.4
0.08315 982.4
0.08316 982.4
0.08317 982.4
0.08318 982.4
0.08319 982.4
0.08320 982.4
0.08321 982.4
0.08322 982.4
0.08323 982.4
0.08324 982.4
0.08325 982.4
0.08326 982.4
0.08327 982.4
0.08328 982.4
0.08329 982.4
0.08330 982.4
0.08331 982.4
0.08332 982.4
0.08333 982.4
0.08334 982.4
0.08335 982.4
0.08336 982.4
0.08337 982.4
0.08338 982.4
0.08339 982.4
0.08340 982.4
0.08341 982.4
0.08342 982.4
0.08343 982.4
0.08344 982.4
0.08345 982.4
0.08346 982.4
0.08347 982.4
0.08348 982.4
0.08349 982.4
0.08350 982.4
0.08351 982.4
0.08352 982.4
0.08353 982.4
0.08354 982.4
0.08355 982.4
0.08356 982.4
0.08357 982.4
0.08358 982.4
0.08359 982.4
0.08360 982.4
0.08361 982.4
0.08362 982.4
0.08363 982.4
0.08364 982.4
0.08365 982.4
0.08366 982.4
0.08367 982.4
0.08368 982.4
0.08369 982.4
0.08370 982.4
0.08371 982.4
0.08372 982.4
0.08373 982.4
0.08374 982.4
0.08375 982.4
0.08376 982.4
0.08377 982.4
0.08378 982.4
0.08379 982.4
0.08380 982.4
0.08381 982.4
0.08382 982.4
0.08383 982.4
0.08384 982.4
0.08385 982.4
0.08386 982.4
0.08387 982.4
0.08388 982.4
0.08389 982.4
0.08390 982.4
0.08391 982.4
0.08392 982.4
0.08393 982.4
0.08394 982.4
0.08395 982.4
0.08396 982.4
0.08397 982.4
0.08398 982.4
0.08399 982.4
0.08400 982.4
0.08401 982.4
0.08402 982.4
0.08403 982.4
0.08404 982.4
0.08405 982.4
0.08406 982.4
0.08407 982.4
0.08408 982.4
0.08409 982.4
0.08410 982.4
0.08411 982.4
0.08412 982.4
0.08413 982.4
0.08414 982.4
0.08415 982.4
0.08416 982.4
0.08417 982.4
0.08418 982.4
0.08419 982.4
0.08420 982.4
0.08421 982.4
0.08422 982.4
0.08423 982.4
0.08424 982.4
0.08425 982.4
0.08426 982.4
0.08427 982.4
0.08428 982.4
0.08429 982.4
0.08430 982.4
0.08431 982.4
0.08432 982.4
0.08433 982.4
0.08434 982.4
0.08435 982.4
0.08436 982.4
0.08437 982.4
0.08438 982.4
0.08439 982.4
0.08440 982.4
0.08441 982.4
0.08442 982.4
0.08443 982.4
0.08444 982.4
0.08445 982.4
0.08446 982.4
0.08447 982.4
0.08448 982.4
0.08449 982.4
0.08450 982.4
0.08451 982.4
0.08452 982.4
0.08453 982.4
0.08454 982.4
0.08455 982.4
0.08456 982.4
0.08457 982.4
0.08458 982.4
0.08459 982.4
0.08460 982.4
0.08461 982.4
0.08462 982.4
0.08463 982.4
0.08464 982.4
0.08465 982.4
0.08466 982.4
0.08467 982.4
0.08468 982.4
0.08469 982.4
0.08470 982.4
0.08471 982.4
0.08472 982.4
0.08473 982.4
0.08474 982.4
0.08475 982.4
0.08476 982.4
0.08477 982.4
0.08478 982.4
0.08479 982.4
0.08480 982.4
0.08481 982.4
0.08482 982.4
0.08483 982.4
0.08484 982.4
0.08485 982.4
0.08486 982.4
0.08487 982.4
0.08488 982.4
0.08489 982.4
0.08490 982.4
0.08491 982.4
0.08492 982.4
0.08493 982.4
0.08494 982.4
0.08495 982.4
0.08496 982.4
0.08497 982.4
0.08498 982.4
0.08499 982.4
0.08500 982.4
0.08501 982.4
0.08502 982.4
0.08503 982.4
0.08504 982.4
0.08505 982.4
0.08506 982.4
0.08507 982.4
0.08508 982.4
0.08509 982.4
0.08510 982.4
0.08511 982.4
0.08512 982.4
0.08513 982.4
0.08514 982.4
0.08515 982.4
0.08516 982.4
0.08517 982.4
0.08518 982.4
0.08519 982.4
0.08520 982.4
0.08521 982.4
0.08522 982.4
0.08523 982.4
0.08524 982.4
0.08525 982.4
0.08526 982.4
0.08527 982.4
0.08528 982.4
0.08529 982.4
0.08530 982.4
0.08531 982.4
0.08532 982.4
0.08533 982.4
0.08534 982.4
0.08535 982.4
0.08536 982.4
0.08537 982.4
0.08538 982.4
0.08539 982.4
0.08540 982.4
0.08541 982.4
0.08542 982.4
0.08543 982.4
0.08544 982.4
0.08545 982.4
0.08546 982.4
0.08547 982.4
0.08548 982.4
0.08549 982.4
0.08550 982.4
0.08551 982.4
0.08552 982.4
0.08553 982.4
0.08554 982.4
0.08555 982.4
0.08556 982.4
0.08557 982.4
0.08558 982.4
0.08559 982.4
0.08560 982.4
0.08561 982.4
0.08562 982.4
0.08563 982.4
0.08564 982.4
0.08565 982.4
0.08566 982.4
0.08567 982.4
0.08568 982.4
0.08569 982.4
0.08570 982.4
0.08571 982.4
0.08572 982.4
0.08573 982.4
0.08574 982.4
0.08575 982.4
0.08576 982.4
0.08577 982.4
0.08578 982.4
0.08579 982.4
0.08580 982.4
0.08581 982.4
0.08582 982.4
0.08583 982.4
0.08584 982.4
0.08585 982.4
0.08586 982.4
0.08587 982.4
0.08588 982.4
0.08589 982.4
0.08590 982.4
0.08591 982.4
0.08592 982.4
0.08593 982.4
0.08594 982.4
0.08595 982.4
0.08596 982.4
0.08597 982.4
0.08598 982.4
0.08599 982.4
0.08600 982.4
0.08601 982.4
0.08602 982.4
0.08603 982.4
0.08604 982.4
0.08605 982.4
0.08606 982.4
0.08607 982.4
0.08608 982.4
0.08609 982.4
0.08610 982.4
0.08611 982.4
0.08612 982.4
0.08613 982.4
0.08614 982.4
0.08615 982.4
0.08616 982.4
0.08617 982.4
0.08618 982.4
0.08619 982.4
0.08620 982.4
0.08621 982.4
0.08622 982.4
0.08623 982.4
0.08624 982.4
0.08625 982.4
0.08626 982.4
0.08627 982.4
0.08628 982.4
0.08629 982.4
0.08630 982.4
0.08631 982.4
0.08632 982.4
0.08633 982.4
0.08634 982.4
0.08635 982.4
0.08636 982.4
0.08637 982.4
0.08638 982.4
0.08639 982.4
0.08640 982.4
0.08641 982.4
0.08642 982.4
0.08643 982.4
0.08644 982.4
0.08645 982.4
0.08646 982.4
0.08647 982.4
0.08648 982.4
0.08649 982.4
0.08650 982.4
0.08651 982.4
0.08652 982.4
0.08653 982.4
0.08654 982.4
0.08655 982.4
0.08656 982.4
0.08657 982.4
0.08658 982.4
0.08659 982.4
0.08660 982.4
0.08661 982.4
0.08662 982.4
0.08663 982.4
0.08664 982.4
0.08665 982.4
0.08666 982.4
0.08667 982.4
0.08668 982.4
0.08669 982.4
0.08670 982.4
0.08671 982.4
0.08672 982.4
0.08673 982.4
0.08674 982.4
0.08675 982.4
0.08676 982.4
0.08677 982.4
0.08678 982.4
0.08679 982.4
0.08680 982.4
0.08681 982.4
0.08682 982.4
0.08683 982.4
0.08684 982.4
0.08685 982.4
0.08686 982.4
0.08687 982.4
0.08688 982.4
0.08689 982.4
0.08690 982.4
0.08691 982.4
0.08692 982.4
0.08693 982.4
0.08694 982.4
0.08695 982.4
0.08696 982.4
0.08697 982.4
0.08698 982.4
0.08699 982.4
0.08700 982.4
0.08701 982.4
0.08702 982.4
0.08703 982.4
0.08704 982.4
0.08705 982.4
0.08706 982.4
0.08707 982.4
0.08708 982.4
0.08709 982.4
0.08710 982.4
0.08711 982.4
0.08712 982.4
0.08713 982.4
0.08714 982.4
0.08715 982.4
0.08716 982.4
0.08717 982.4
0.08718 982.4
0.08719 982.4
0.08720 982.4
0.08721 982.4
0.08722 982.4
0.08723 982.4
0.08724 982.4
0.08725 982.4
0.08726 982.4
0.08727 982.4
0.08728 982.4
0.08729 982.4
0.08730 982.4
0.08731 982.4
0.08732 982.4
0.08733 982.4
0.08734 982.4
0.08735 982.4
0.08736 982.4
0.08737 982.4
0.08738 982.4
0.08739 982.4
0.08740 982.4
0.08741 982.4
0.08742 982.4
0.08743 982.4
0.08744 982.4
0.08745 982.4
0.08746 982.4
0.08747 982.4
0.08748 982.4
0.08749 982.4
0.08750 982.4
0.08751 982.4
0.08752 982.4
0.08753 982.4
0.08754 982.4
0.08755 982.4
0.08756 982.4
0.08757 982.4
0.08758 982.4
0.08759 982.4
0.08760 982.4
0.08761 982.4
0.08762 982.4
0.08763 982.4
0.08764 982.4
0.08765 982.4
0.08766 982.4
0.08767 982.4
0.08768 982.4
0.08769 982.4
0.08770 982.4
0.08771 982.4
0.08772 982.4
0.08773 982.4
0.08774 982.4
0.08775 982.4
0.08776 982.4
0.08777 982.4
0.08778 982.4
0.08779 982.4
0.08780 982.4
0.08781 982.4
0.08782 982.4
0.08783 982.4
0.08784 982.4
0.08785 982.4
0.08786 982.4
0.08787 982.4
0.08788 982.4
0.08789 982.4
0.08790 982.4
0.08791 982.4
0.08792 982.4
0.08793 982.4
0.08794 982.4
0.08795 982.4
0.08796 982.4
0.08797 982.4
0.08798 982.4
0.08799 982.4
0.08800 982.4
0.08801 982.4
0.08802 982.4
0.08803 982.4
0.08804 982.4
0.08805 982.4
0.08806 982.4
0.08807 982.4
0.08808 982.4
0.08809 982.4
0.08810 982.4
0.08811 982.4
0.08812 982.4
0.08813 982.4
0.08814 982.4
0.08815 982.4
0.08816 982.4
0.08817 982.4
0.08818 982.4
0.08819 982.4
0.08820 982.4
0.08821 982.4
0.08822 982.4
0.08823 982.4
0.08824 982.4
0.08825 982.4
0.08826 982.4
0.08827 982.4
0.08828 982.4
0.08829 982.4
0.08830 982.4
0.08831 982.4
0.08832 982.4
0.08833 982.4
0.08834 982.4
0.08835 982.4
0.08836 982.4
0.08837 982.4
0.08838 982.4
0.08839 982.4
0.08840 982.4
0.08841 982.4
0.08842 982.4
0.08843 982.4
0.08844 982.4
0.08845 982.4
0.08846 982.4
0.08847 982.4
0.08848 982.4
0.08849 982.4
0.08850 982.4
0.08851 982.4
0.08852 982.4
0.08853 982.4
0.08854 982.4
0.08855 982.4
0.08856 982.4
0.08857 982.4
0.08858 982.4
0.08859 982.4
0.08860 982.4
0.08861 982.4
0.08862 982.4
0.08863 982.4
0.08864 982.4
0.08865 982.4
0.08866 982.4
0.08867 982.4
0.08868 982.4
0.08869 982.4
0.08870 982.4
0.08871 982.4
0.08872 982.4
0.08873 982.4
0.08874 982.4
0.08875 982.4
0.08876 982.4
0.08877 982.4
0.08878 982.4
0.08879 982.4
0.08880 982.4
0.08881 982.4
0.08882 982.4
0.08883 982.4
0.08884 982.4
0.08885 982.4
0.08886 982.4
0.08887 982.4
0.08888 982.4
0.08889 982.4
0.08890 982.4
0.08891 982.4
0.08892 982.4
0.08893 982.4
0.08894 982.4
0.08895 982.4
0.08896 982.4
0.08897 982.4
0.08898 982.4
0.08899 982.4
0.08900 982.4
0.08901 982.4
0.08902 982.4
0.08903 982.4
0.08904 982.4
0.08905 982.4
0.08906 982.4
0.08907 982.4
0.08908 982.4
0.08909 982.4
0.08910 982.4
0.08911 982.4
0.08912 982.4
0.08913 982.4
0.08914 982.4
0.08915 982.4
0.08916 982.4
0.08917 982.4
0.08918 982.4
0.08919 982.4
0.08920 982.4
0.08921 982.4
0.08922 982.4
0.08923 982.4
0.08924 982.4
0.08925 982.4
0.08926 982.4
0.08927 982.4
0.08928 982.4
0.08929 982.4
0.08930 982.4
0.08931 982.4
0.08932 982.4
0.08933 982.4
0.08934 982.4
0.08935 982.4
0.08936 982.4
0.08937 982.4
0.08938 982.4
0.08939 982.4
0.08940 982.4
0.08941 982.4
0.08942 982.4
0.08943 982.4
0.08944 982.4
0.08945 982.4
0.08946 982.4
0.08947 982.4
0.08948 982.4
0.08949 982.4
0.08950 982.4
0.08951 982.4
0.08952 982.4
0.08953 982.4
0.08954 982.4
0.08955 982.4
0.08956 982.4
0.08957 982.4
0.08958 982.4
0.08959 982.4
0.08960 982.4
0.08961 982.4
0.08962 982.4
0.08963 982.4
0.08964 982.4
0.08965 982.4
0.08966 982.4
0.08967 982.4
0.08968 982.4
0.08969 982.4
0.08970 982.4
0.08971 982.4
0.08972 982.4
0.08973 982.4
0.08974 982.4
0.08975 982.4
0.08976 982.4
0.08977 982.4
0.08978 982.4
0.08979 982.4
0.08980 982.4
0.08981 982.4
0.08982 982.4
0.08983 982.4
0.08984 982.4
0.08985 982.4
0.08986 982.4
0.08987 982.4
0.08988 982.4
0.08989 982.4
0.08990 982.4
0.08991 982.4
0.08992 982.4
0.08993 982.4
0.08994 982.4
0.08995 982.4
0.08996 982.4
0.08997 982.4
0.08998 982.4
0.08999 982.4
0.09000 982.4
0.09001 982.4
0.09002 982.4
0.09003 982.4
0.09004 982.4
0.09005 982.4
0.09006 982.4
0.09007 982.4
0.09008 982.4
0.09009 982.4
0.09010 982.4
0.09011 982.4
0.09012 982.4
0.09013 982.4
0.09014 982.4
0.09015 982.4
0.09016 982.4
0.09017 982.4
0.09018 982.4
0.09019 982.4
0.09020 982.4
0.09021 982.4
0.09022 982.4
0.09023 982.4
0.09024 982.4
0.09025 982.4
0.09026 982.4
0.09027 982.4
0.09028 982.4
0.09029 982.4
0.09030 982.4
0.09031 982.4
0.09032 982.4
0.09033 982.4
0.09034 982.4
0.09035 982.4
0.09036 982.4
0.09037 982.4
0.09038 982.4
0.09039 982.4
0.09040 982.4
0.09041 982.4
0.09042 982.4
0.09043 982.4
0.09044 982.4
0.09045 982.4
0.09046 982.4
0.09047 982.4
0.09048 982.4
0.09049 982.4
0.09050 982.4
0.09051 982.4
0.09052 982.4
0.09053 982.4
0.09054 982.4
0.09055 982.4
0.09056 982.4
0.09057 982.4
0.09058 982.4
0.09059 982.4
0.09060 982.4
0.09061 982.4
0.09062 982.4
0.09063 982.4
0.09064 982.4
0.09065 982.4
0.09066 982.4
0.09067 982.4
0.09068 982.4
0.09069 982.4
0.09070 982.4
0.09071 982.4
0.09072 982.4
0.09073 982.4
0.09074 982.4
0.09075 982.4
0.09076 982.4
0.09077 982.4
0.09078 982.4
0.09079 982.4
0.09080 982.4
0.09081 982.4
0.09082 982.4
0.09083 982.4
0.09084 982.4
0.09085 982.4
0.09086 982.4
0.09087 982.4
0.09088 982.4
0.09089 982.4
0.09090 982.4
0.09091 982.4
0.09092 982.4
0.09093 982.4
0.09094 982.4
0.09095 982.4
0.09096 982.4
0.09097 982.4
0.09098 982.4
0.09099 982.4
0.09100 982.4
0.09101 982.4
0.09102 982.4
0.09103 982.4
0.09104 982.4
0.09105 982.4
0.09106 982.4
0.09107 982.4
0.09108 982.4
0.09109 982.4
0.09110 982.4
0.09111 982.4
0.09112 982.4
0.09113 982.4
0.09114 982.4
0.09115 982.4
0.09116 982.4
0.09117 982.4
0.09118 982.4
0.09119 982.4
0.09120 982.4
0.09121 982.4
0.09122 982.4
0.09123 982.4
0.09124 982.4
0.09125 982.4
0.09126 982.4
0.09127 982.4
0.09128 982.4
0.09129 982.4
0.09130 982.4
0.09131 982.4
0.09132 982.4
0.09133 982.4
0.09134 982.4
0.09135 982.4
0.09136 982.4
0.09137 982.4
0.09138 982.4
0.09139 982.4
0.09140 982.4
0.09141 982.4
0.09142 982.4
0.09143 982.4
0.09144 982.4
0.09145 982.4
0.09146 982.4
0.09147 982.4
0.09148 982.4
0.09149 982.4
0.09150 982.4
0.09151 982.4
0.09152 982.4
0.09153 982.4
0.09154 982.4
0.09155 982.4
0.09156 982.4
0.09157 982.4
0.09158 982.4
0.09159 982.4
0.09160 982.4
0.09161 982.4
0.09162 982.4
0.09163 982.4
0.09164 982.4
0.09165 982.4
0.09166 982.4
0.09167 982.4
0.09168 982.4
0.09169 982.4
0.09170 982.4
0.09171 982.4
0.09172 982.4
0.09173 982.4
0.09174 982.4
0.09175 982.4
0.09176 982.4
0.09177 982.4
0.09178 982.4
0.09179 982.4
0.09180 982.4
0.09181 982.4
0.09182 982.4
0.09183 982.4
0.09184 982.4
0.09185 982.4
0.09186 982.4
0.09187 982.4
0.09188 982.4
0.09189 982.4
0.09190 982.4
0.09191 982.4
0.09192 982.4
0.09193 982.4
0.09194 982.4
0.09195 982.4
0.09196 982.4
0.09197 982.4
0.09198 982.4
0.09199 982.4
0.09200 982.4
0.09201 982.4
0.09202 982.4
0.09203 982.4
0.09204 982.4
0.09205 982.4
0.09206 982.4
0.09207 982.4
0.09208 982.4
0.09209 982.4
0.09210 982.4
0.09211 982.4
0.09212 982.4
0.09213 982.4
0.09214 982.4
0.09215 982.4
0.09216 982.4
0.09217 982.4
0.09218 982.4
0.09219 982.4
0.09220 982.4
0.09221 982.4
0.09222 982.4
0.09223 982.4
0.09224 982.4
0.09225 982.4
0.09226 982.4
0.09227 982.4
0.09228 982.4
0.09229 982.4
0.09230 982.4
0.09231 982.4
0.09232 982.4
0.09233 982.4
0.09234 982.4
0.09235 982.4
0.09236 982.4
0.09237 982.4
0.09238 982.4
0.09239 982.4
0.09240 982.4
0.09241 982.4
0.09242 982.4
0.09243 982.4
0.09244 982.4
0.09245 982.4
0.09246 982.4
0.09247 982.4
0.09248 982.4
0.09249 982.4
0.09250 982.4
0.09251 982.4
0.09252 982.4
0.09253 982.4
0.09254 982.4
0.09255 982.4
0.09256 982.4
0.09257 982.4
0.09258 982.4
0.09259 982.4
0.09260 982.4
0.09261 982.4
0.09262 982.4
0.09263 982.4
0.09264 982.4
0.09265 982.4
0.09266 982.4
0.09267 982.4
0.09268 982.4
0.09269 982.4
0.09270 982.4
0.09271 982.4
0.09272 982.4
0.09273 982.4
0.09274 982.4
0.09275 982.4
0.09276 982.4
0.09277 982.4
0.09278 982.4
0.09279 982.4
0.09280 982.4
0.09281 982.4
0.09282 982.4
0.09283 982.4
0.09284 982.4
0.09285 982.4
0.09286 982.4
0.09287 982.4
0.09288 982.4
0.09289 982.4
0.09290 982.4
0.09291 982.4
0.09292 982.4
0.09293 982.4
0.09294 982.4
0.09295 982.4
0.09296 982.4
0.09297 982.4
0.09298 982.4
0.09299 982.4
0.09300 982.4
0.09301 982.4
0.09302 982.4
0.09303 982.4
0.09304 982.4
0.09305 982.4
0.09306 982.4
0.09307 982.4
0.09308 982.4
0.09309 982.4
0.09310 982.4
0.09311 982.4
0.09312 982.4
0.09313 982.4
0.09314 982.4
0.09315 982.4
0.09316 982.4
0.09317 982.4
0.09318 982.4
0.09319 982.4
0.09320 982.4
0.09321 982.4
0.09322 982.4
0.09323 982.4
0.09324 982.4
0.09325 982.4
0.09326 982.4
0.09327 982.4
0.09328 982.4
0.09329 982.4
0.09330 982.4
0.09331 982.4
0.09332 982.4
0.09333 982.4
0.09334 982.4
0.09335 982.4
0.09336 982.4
0.09337 982.4
0.09338 982.4
0.09339 982.4
0.09340 982.4
0.09341 982.4
0.09342 982.4
0.09343 982.4
0.09344 982.4
0.09345 982.4
0.09346 982.4
0.09347 982.4
0.09348 982.4
0.09349 982.4
0.09350 982.4
0.09351 982.4
0.09352 982.4
0.09353 982.4
0.09354 982.4
0.09355 982.4
0.09356 982.4
0.09357 982.4
0.09358 982.4
0.09359 982.4
0.09360 982.4
0.09361 982.4
0.09362 982.4
0.09363 982.4
0.09364 982.4
0.09365 982.4
0.09366 982.4
0.09367 982.4
0.09368 982.4
0.09369 982.4
0.09370 982.4
0.09371 982.4
0.09372 982.4
0.09373 982.4
0.09374 982.4
0.09375 982.4
0.09376 982.4
0.09377 982.4
0.09378 982.4
0.09379 982.4
0.09380 982.4
0.09381 982.4
0.09382 982.4
0.09383 982.4
0.09384 982.4
0.09385 982.4
0.09386 982.4
0.09387 982.4
0.09388 982.4
0.09389 982.4
0.09390 982.4
0.09391 982.4
0.09392 982.4
0.09393 982.4
0.09394 982.4
0.09395 982.4
0.09396 982.4
0.09397 982.4
0.09398 982.4
0.09399 982.4
0.09400 982.4
0.09401 982.4
0.09402 982.4
0.09403 982.4
0.09404 982.4
0.09405 982.4
0.09406 982.4
0.09407 982.4
0.09408 982.4
0.09409 982.4
0.09410 982.4
0.09411 982.4
0.09412 982.4
0.09413 982.4
0.09414 982.4
0.09415 982.4
0.09416 982.4
0.09417 982.4
0.09418 982.4
0.09419 982.4
0.09420 982.4
0.09421 982.4
0.09422 982.4
0.09423 982.4
0.09424 982.4
0.09425 982.4
0.09426 982.4
0.09427 982.4
0.09428 982.4
0.09429 982.4
0.09430 982.4
0.09431 982.4
0.09432 982.4
0.09433 982.4
0.09434 982.4
0.09435 982.4
0.09436 982.4
0.09437 982.4
0.09438 982.4
0.09439 982.4
0.09440 982.4
0.09441 982.4
0.09442 982.4
0.09443 982.4
0.09444 982.4
0.09445 982.4
0.09446 982.4
0.09447 982.4
0.09448 982.4
0.09449 982.4
0.09450 982.4
0.09451 982.4
0.09452 982.4
0.09453 982.4
0.09454 982.4
0.09455 982.4
0.09456 982.4
0.09457 982.4
0.09458 982.4
0.09459 982.4
0.09460 982.4
0.09461 982.4
0.09462 982.4
0.09463 982.4
0.09464 982.4
0.09465 982.4
0.09466 982.4
0.09467 982.4
0.09468 982.4
0.09469 982.4
0.09470 982.4
0.09471 982.4
0.09472 982.4
0.09473 982.4
0.09474 982.4
0.09475 982.4
0.09476 982.4
0.09477 982.4
0.09478 982.4
0.09479 982.4
0.09480 982.4
0.09481 982.4
0.09482 982.4
0.09483 982.4
0.09484 982.4
0.09485 982.4
0.09486 982.4
0.09487 982.4
0.09488 982.4
0.09489 982.4
0.09490 982.4
0.09491 982.4
0.09492 982.4
0.09493 982.4
0.09494 982.4
0.09495 982.4
0.09496 982.4
0.09497 982.4
0.09498 982.4
0.09499 982.4
0.09500 982.4
0.09501 982.4
0.09502 982.4
0.09503 982.4
0.09504 982.4
0.09505 982.4
0.09506 982.4
0.09507 982.4
0.09508 982.4
0.09509 982.4
0.09510 982.4
0.09511 982.4
0.09512 982.4
0.09513 982.4
0.09514 982.4
0.09515 982.4
0.09516 982.4
0.09517 982.4
0.09518 982.4
0.09519 982.4
0.09520 982.4
0.09521 982.4
0.09522 982.4
0.09523 982.4
0.09524 982.4
0.09525 982.4
0.09526 982.4
0.09527 982.4
0.09528 982.4
0.09529 982.4
0.09530 982.4
0.09531 982.4
0.09532 982.4
0.09533 982.4
0.09534 982.4
0.09535 982.4
0.09536 982.4
0.09537 982.4
0.09538 982.4
0.09539 982.4
0.09540 982.4
0.09541 982.4
0.09542 982.4
0.09543 982.4
0.09544 982.4
0.09545 982.4
0.09546 982.4
0.09547 982.4
0.09548 982.4
0.09549 982.4
0.09550 982.4
0.09551 982.4
0.09552 982.4
0.09553 982.4
0.09554 982.4
0.09555 982.4
0.09556 982.4
0.09557 982.4
0.09558 982.4
0.09559 982.4
0.09560 982.4
0.09561 982.4
0.09562 982.4
0.09563 982.4
0.09564 982.4
0.09565 982.4
0.09566 982.4
0.09567 982.4
0.09568 982.4
0.09569 982.4
0.09570 982.4
0.09571 982.4
0.09572 982.4
0.09573 982.4
0.09574 982.4
0.09575 982.4
0.09576 982.4
0.09577 982.4
0.09578 982.4
0.09579 982.4
0.09580 982.4
0.09581 982.4
0.09582 982.4
0.09583 982.4
0.09584 982.4
0.09585 982.4
0.09586 982.4
0.09587 982.4
0.09588 982.4
0.09589 982.4
0.09590 982.4
0.09591 982.4
0.09592 982.4
0.09593 982.4
0.09594 982.4
0.09595 982.4
0.09596 982.4
0.09597 982.4
0.09598 982.4
0.09599 982.4
0.09600 982.4
0.09601 982.4
0.09602 982.4
0.09603 982.4
0.09604 982.4
0.09605 982.4
0.09606 982.4
0.09607 982.4
0.09608 982.4
0.09609 982.4
0.09610 982.4
0.09611 982.4
0.09612 982.4
0.09613 982.4
0.09614 982.4
0.09615 982.4
0.09616 982.4
0.09617 982.4
0.09618 982.4
0.09619 982.4
0.09620 982.4
0.09621 982.4
0.09622 982.4
0.09623 982.4
0.09624 982.4
0.09625 982.4
0.09626 982.4
0.09627 982.4
0.09628 982.4
0.09629 982.4
0.09630 982.4
0.09631 982.4
0.09632 982.4
0.09633 982.4
0.09634 982.4
0.09635 982.4
0.09636 982.4
0.09637 982.4
0.09638 982.4
0.09639 982.4
0.09640 982.4
0.09641 982.4
0.09642 982.4
0.09643 982.4
0.09644 982.4
0.09645 982.4
0.09646 982.4
0.09647 982.4
0.09648 982.4
0.09649 982.4
0.09650 982.4
0.09651 982.4
0.09652 982.4
0.09653 982.4
0.09654 982.4
0.09655 982.4
0.09656 982.4
0.09657 982.4
0.09658 982.4
0.09659 982.4
0.09660 982.4
0.09661 982.4
0.09662 982.4
0.09663 982.4
0.09664 982.4
0.09665 982.4
0.09666 982.4
0.09667 982.4
0.09668 982.4
0.09669 982.4
0.09670 982.4
0.09671 982.4
0.09672 982.4
0.09673 982.4
0.09674 982.4
0.09675 982.4
0.09676 982.4
0.09677 982.4
0.09678 982.4
0.09679 982.4
0.09680 982.4
0.09681 982.4
0.09682 982.4
0.09683 982.4
0.09684 982.4
0.09685 982.4
0.09686 982.4
0.09687 982.4
0.09688 982.4
0.09689 982.4
0.09690 982.4
0.09691 982.4
0.09692 982.4
0.09693 982.4
0.09694 982.4
0.09695 982.4
0.09696 982.4
0.09697 982.4
0.09698 982.4
0.09699 982.4
0.09700 982.4
0.09701 982.4
0.09702 982.4
0.09703 982.4
0.09704 982.4
0.09705 982.4
0.09706 982.4
0.09707 982.4
0.09708 982.4
0.09709 982.4
0.09710 982.4
0.09711 982.4
0.09712 982.4
0.09713 982.4
0.09714 982.4
0.09715 982.4
0.09716 982.4
0.09717 982.4
0.09718 982.4
0.09719 982.4
0.09720 982.4
0.09721 982.4
0.09722 982.4
0.09723 982.4
0.09724 982.4
0.09725 982.4
0.09726 982.4
0.09727 982.4
0.09728 982.4
0.09729 982.4
0.09730 982.4
0.09731 982.4
0.09732 982.4
0.09733 982.4
0.09734 982.4
0.09735 982.4
0.09736 982.4
0.09737 982.4
0.09738 982.4
0.09739 982.4
0.09740 982.4
0.09741 982.4
0.09742 982.4
0.09743 982.4
0.09744 982.4
0.09745 982.4
0.09746 982.4
0.09747 982.4
0.09748 982.4
0.09749 982.4
0.09750 982.4
0.09751 982.4
0.09752 982.4
0.09753 982.4
0.09754 982.4
0.09755 982.4
0.09756 982.4
0.09757 982.4
0.09758 982.4
0.09759 982.4
0.09760 982.4
0.09761 982.4
0.09762 982.4
0.09763 982.4
0.09764 982.4
0.09765 982.4
0.09766 982.4
0.09767 982.4
0.09768 982.4
0.09769 982.4
0.09770 982.4
0.09771 982.4
0.09772 982.4
0.09773 982.4
0.09774 982.4
0.09775 982.4
0.09776 982.4
0.09777 982.4
0.09778 982.4
0.09779 982.4
0.09780 982.4
0.09781 982.4
0.09782 982.4
0.09783 982.4
0.09784 982.4
0.09785 982.4
0.09786 982.4
0.09787 982.4
0.09788 982.4
0.09789 982.4
0.09790 982.4
0.09791 982.4
0.09792 982.4
0.09793 982.4
0.09794 982.4
0.09795 982.4
0.09796 982.4
0.09797 982.4
0.09798 982.4
0.09799 982.4
0.09800 982.4
0.09801 982.4
0.09802 982.4
0.09803 982.4
0.09804 982.4
0.09805 982.4
0.09806 982.4
0.09807 982.4
0.09808 982.4
0.09809 982.4
0.09810 982.4
0.09811 982.4
0.09812 982.4
0.09813 982.4
0.09814 982.4
0.09815 982.4
0.09816 982.4
0.09817 982.4
0.09818 982.4
0.09819 982.4
0.09820 982.4
0.09821 982.4
0.09822 982.4
0.09823 982.4
0.09824 982.4
0.09825 982.4
0.09826 982.4
0.09827 982.4
0.09828 982.4
0.09829 982.4
0.09830 982.4
0.09831 982.4
0.09832 982.4
0.09833 982.4
0.09834 982.4
0.09835 982.4
0.09836 982.4
0.09837 982.4
0.09838 982.4
0.09839 982.4
0.09840 982.4
0.09841 982.4
0.09842 982.4
0.09843 982.4
0.09844 982.4
0.09845 982.4
0.09846 982.4
0.09847 982.4
0.09848 982.4
0.09849 982.4
0.09850 982.4
0.09851 982.4
0.09852 982.4
0.09853 982.4
0.09854 982.4
0.09855 982.4
0.09856 982.4
0.09857 982.4
0.09858 982.4
0.09859 982.4
0.09860 982.4
0.09861 982.4
0.09862 982.4
0.09863 982.4
0.09864 982.4
0.09865 982.4
0.09866 982.4
0.09867 982.4
0.09868 982.4
0.09869 982.4
0.09870 982.4
0.09871 982.4
0.09872 982.4
0.09873 982.4
0.09874 982.4
0.09875 982.4
0.09876 982.4
0.09877 982.4
0.09878 982.4
0.09879 982.4
0.09880 982.4
0.09881 982.4
0.09882 982.4
0.09883 982.4
0.09884 982.4
0.09885 982.4
0.09886 982.4
0.09887 982.4
0.09888 982.4
0.09889 982.4
0.09890 982.4
0.09891 982.4
0.09892 982.4
0.09893 982.4
0.09894 982.4
0.09895 982.4
0.09896 982.4
0.09897 982.4
0.09898 982.4
0.09899 982.4
0.09900 982.4
0.09901 982.4
0.09902 982.4
0.09903 982.4
0.09904 982.4
0.09905 982.4
0.09906 982.4
0.09907 982.4
0.09908 982.4
0.09909 982.4
0.09910 982.4
0.09911 982.4
0.09912 982.4
0.09913 982.4
0.09914 982.4
0.09915 982.4
0.09916 982.4
0.09917 982.4
0.09918 982.4
0.09919 982.4
0.09920 982.4
0.09921 982.4
0.09922 982.4
0.09923 982.4
0.09924 982.4
0.09925 982.4
0.09926 982.4
0.09927 982.4
0.09928 982.4
0.09929 982.4
0.09930 982.4
0.09931 982.4
0.09932 982.4
0.09933 982.4
0.09934 982.4
0.09935 982.4
0.09936 982.4
0.09937 982.4
0.09938 982.4
0.09939 982.4
0.09940 982.4
0.09941 982.4
0.09942 982.4
0.09943 982.4
0.09944 982.4
0.09945 982.4
0.09946 982.4
0.09947 982.4
0.09948 982.4
0.09949 982.4
0.09950 982.4
0.09951 982.4
0.09952 982.4
0.09953 982.4
0.09954 982.4
0.09955 982.4
0.09956 982.4
0.09957 982.4
0.09958 982.4
0.09959 982.4
0.09960 982.4
0.09961 982.4
0.09962 982.4
0.09963 982.4
0.09964 982.4
0.09965 982.4
0.09966 982.4
0.09967 982.4
0.09968 982.4
0.09969 982.4
0.09970 982.4
0.09971 982.4
0.09972 982.4
0.09973 982.4
0.09974 982.4
0.09975 982.4
0.09976 982.4
0.09977 982.4
0.09978 982.4
0.09979 982.4
0.09980 982.4
0.09981 982.4
0.09982 982.4
0.09983 982.4
0.09984 982.4
0.09985 982.4
0.09986 982.4
0.09987 982.4
0.09988 982.4
0.09989 982.4
0.09990 982.4
0.09991 982.4
0.09992 982.4
0.09993 982.4
0.09994 982.4
0.09995 982.4
0.09996 982.4
0.09997 982.4
0.09998 982.4
0.09999 982.4
0.10000 982.4
0.10001 982.4
0.10002 982.4
0.10003 982.4
0.10004 982.4
0.10005 982.4
0.10006 982.4
0.10007 982.4
0.10008 982.4
0.10009 982.4
0.10010 982.4
0.10011 982.4
0.10012 982.4
0.10013 982.4
0.10014 982.4
0.10015 982.4
0.10016 982.4
0.10017 982.4
0.10018 982.4
0.10019 982.4
0.10020 982.4
0.10021 982.4
0.10022 982.4
0.10023 982.4
0.10024 982.4
0.10025 982.4
0.10026 982.4
0.10027 982.4
0.10028 982.4
0.10029 982.4
0.10030 982.4
0.10031 982.4
0.10032 982.4
0.10033 982.4
0.10034 982.4
0.10035 982.4
0.10036 982.4
0.10037 982.4
0.10038 982.4
0.10039 982.4
0.10040 982.4
0.10041 982.4
0.10042 982.4
0.10043 982.4
0.10044 982.4
0.10045 982.4
0.10046 982.4
0.10047 982.4
0.10048 982.4
0.10049 982.4
0.10050 982.4
0.10051 982.4
0.10052 982.4
0.10053 982.4
0.10054 982.4
0.10055 982.4
0.10056 982.4
0.10057 982.4
0.10058 982.4
0.10059 982.4
0.10060 982.4
0.10061 982.4
0.10062 982.4
0.10063 982.4
0.10064 982.4
0.10065 982.4
0.10066 982.4
0.10067 982.4
0.10068 982.4
0.10069 982.4
0.10070 982.4
0.10071 982.4
0.10072 982.4
0.10073 982.4
0.10074 982.4
0.10075 982.4
0.10076 982.4
0.10077 982.4
0.10078 982.4
0.10079 982.4
0.10080 982.4
0.10081 982.4
0.10082 982.4
0.10083 982.4
0.10084 982.4
0.10085 982.4
0.10086 982.4
0.10087 982.4
0.10088 982.4
0.10089 982.4
0.10090 982.4
0.10091 982.4
0.10092 982.4
0.10093 982.4
0.10094 982.4
0.10095 982.4
0.10096 982.4
0.10097 982.4
0.10098 982.4
0.10099 982.4
0.10100 982.4
0.10101 982.4
0.10102 982.4
0.10103 982.4
0.10104 982.4
0.10105 982.4
0.10106 982.4
0.10107 982.4
0.10108 982.4
0.10109 982.4
0.10110 982.4
0.10111 982.4
0.10112 982.4
0.10113 982.4
0.10114 982.4
0.10115 982.4
0.10116 982.4
0.10117 982.4
0.10118 982.4
0.10119 982.4
0.10120 982.4
0.10121 982.4
0.10122 982.4
0.10123 982.4
0.10124 982.4
0.10125 982.4
0.10126 982.4
0.10127 982.4
0.10128 982.4
0.10129 982.4
0.10130 982.4
0.10131 982.4
0.10132 982.4
0.10133 982.4
0.10134 982.4
0.10135 982.4
0.10136 982.4
0.10137 982.4
0.10138 982.4
0.10139 982.4
0.10140 982.4
0.10141 982.4
0.10142 982.4
0.10143 982.4
0.10144 982.4
0.10145 982.4
0.10146 982.4
0.10147 982.4
0.10148 982.4
0.10149 982.4
0.10150 982.4
0.10151 982.4
0.10152 982.4
0.10153 982.4
0.10154 982.4
0.10155 982.4
0.10156 982.4
0.10157 982.4
0.10158 982.4
0.10159 982.4
0.10160 982.4
0.10161 982.4
0.10162 982.4
0.10163 982.4
0.10164 982.4
0.10165 982.4
0.10166 982.4
0.10167 982.4
0.10168 982.4
0.10169 982.4
0.10170 982.4
0.10171 982.4
0.10172 982.4
0.10173 982.4
0.10174 982.4
0.10175 982.4
0.10176 982.4
0.10177 982.4
0.10178 982.4
0.10179 982.4
0.10180 982.4
0.10181 982.4
0.10182 982.4
0.10183 982.4
0.10184 982.4
0.10185 982.4
0.10186 982.4
0.10187 982.4
0.10188 982.4
0.10189 982.4
0.10190 982.4
0.10191 982.4
0.10192 982.4
0.10193 982.4
0.10194 982.4
0.10195 982.4
0.10196 982.4
0.10197 982.4
0.10198 982.4
0.10199 982.4
0.10200 982.4
0.10201 982.4
0.10202 982.4
0.10203 982.4
0.10204 982.4
0.10205 982.4
0.10206 982.4
0.10207 982.4
0.10208 982.4
0.10209 982.4
0.10210 982.4
0.10211 982.4
0.10212 982.4
0.10213 982.4
0.10214 982.4
0.10215 982.4
0.10216 982.4
0.10217 982.4
0.10218 982.4
0.10219 982.4
0.10220 982.4
0.10221 982.4
0.10222 982.4
0.10223 982.4
0.10224 982.4
0.10225 982.4
0.10226 982.4
0.10227 982.4
0.10228 982.4
0.10229 982.4
0.10230 982.4
0.10231 982.4
0.10232 982.4
0.10233 982.4
0.10234 982.4
0.10235 982.4
0.10236 982.4
0.10237 982.4
0.10238 982.4
0.10239 982.4
0.10240 982.4
0.10241 982.4
0.10242 982.4
0.10243 982.4
0.10244 982.4
0.10245 982.4
0.10246 982.4
0.10247 982.4
0.10248 982.4
0.10249 982.4
0.10250 982.4
0.10251 982.4
0.10252 982.4
0.10253 982.4
0.10254 982.4
0.10255 982.4
0.10256 982.4
0.10257 982.4
0.10258 982.4
0.10259 982.4
0.10260 982.4
0.10261 982.4
0.10262 982.4
0.10263 982.4
0.10264 982.4
0.10265 982.4
0.10266 982.4
0.10267 982.4
0.10268 982.4
0.10269 982.4
0.10270 982.4
0.10271 982.4
0.10272 982.4
0.10273 982.4
0.10274 982.4
0.10275 982.4
0.10276 982.4
0.10277 982.4
0.10278 982.4
0.10279 982.4
0.10280 982.4
0.10281 982.4
0.10282 982.4
0.10283 982.4
0.10284 982.4
0.10285 982.4
0.10286 982.4
0.10287 982.4
0.10288 982.4
0.10289 982.4
0.10290 982.4
0.10291 982.4
0.10292 982.4
0.10293 982.4
0.10294 982.4
0.10295 982.4
0.10296 982.4
0.10297 982.4
0.10298 982.4
0.10299 982.4
0.10300 982.4
0.10301 982.4
0.10302 982.4
0.10303 982.4
0.10304 982.4
0.10305 982.4
0.10306 982.4
0.10307 982.4
0.10308 982.4
0.10309 982.4
0.10310 982.4
0.10311 982.4
0.10312 982.4
0.10313 982.4
0.10314 982.4
0.10315 982.4
0.10316 982.4
0.10317 982.4
0.10318 982.4
0.10319 982.4
0.10320 982.4
0.10321 982.4
0.10322 982.4
0.10323 982.4
0.10324 982.4
0.10325 982.4
0.10326 982.4
0.10327 982.4
0.10328 982.4
0.10329 982.4
0.10330 982.4
0.10331 982.4
0.10332 982.4
0.10333 982.4
0.10334 982.4
0.10335 982.4
0.10336 982.4
0.10337 982.4
0.10338 982.4
0.10339 982.4
0.10340 982.4
0.10341 982.4
0.10342 982.4
0.10343 982.4
0.10344 982.4
0.10345 982.4
0.10346 982.4
0.10347 982.4
0.10348 982.4
0.10349 982.4
0.10350 982.4
0.10351 982.4
0.10352 982.4
0.10353 982.4
0.10354 982.4
0.10355 982.4
0.10356 982.4
0.10357 982.4
0.10358 982.4
0.10359 982.4
0.10360 982.4
0.10361 982.4
0.10362 982.4
0.10363 982.4
0.10364 982.4
0.10365 982.4
0.10366 982.4
0.10367 982.4
0.10368 982.4
0.10369 982.4
0.10370 982.4
0.10371 982.4
0.10372 982.4
0.10373 982.4
0.10374 982.4
0.10375 982.4
0.10376 982.4
0.10377 982.4
0.10378 982.4
0.10379 982.4
0.10380 982.4
0.10381 982.4
0.10382 982.4
0.10383 982.4
0.10384 982.4
0.10385 982.4
0.10386 982.4
0.10387 982.4
0.10388 982.4
0.10389 982.4
0.10390 982.4
0.10391 982.4
0.10392 982.4
0.10393 982.4
0.10394 982.4
0.10395 982.4
0.10396 982.4
0.10397 982.4
0.10398 982.4
0.10399 982.4
0.10400 982.4
0.10401 982.4
0.10402 982.4
0.10403 982.4
0.10404 982.4
0.10405 982.4
0.10406 982.4
0.10407 982.4
0.10408 982.4
0.10409 982.4
0.10410 982.4
0.10411 982.4
0.10412 982.4
0.10413 982.4
0.10414 982.4
0.10415 982.4
0.10416 982.4
0.10417 982.4
0.10418 982.4
0.10419 982.4
0.10420 982.4
0.10421 982.4
0.10422 982.4
0.10423 982.4
0.10424 982.4
0.10425 982.4
0.10426 982.4
0.10427 982.4
0.10428 982.4
0.10429 982.4
0.10430 982.4
0.10431 982.4
0.10432 982.4
0.10433 982.4
0.10434 982.4
0.10435 982.4
0.10436 982.4
0.10437 982.4
0.10438 982.4
0.10439 982.4
0.10440 982.4
0.10441 982.4
0.10442 982.4
0.10443 982.4
0.10444 982.4
0.10445 982.4
0.10446 982.4
0.10447 982.4
0.10448 982.4
0.10449 982.4
0.10450 982.4
0.10451 982.4
0.10452 982.4
0.10453 982.4
0.10454 982.4
0.10455 982.4
0.10456 982.4
0.10457 982.4
0.10458 982.4
0.10459 982.4
0.10460 982.4
0.10461 982.4
0.10462 982.4
0.10463 982.4
0.10464 982.4
0.10465 982.4
0.10466 982.4
0.10467 982.4
0.10468 982.4
0.10469 982.4
0.10470 982.4
0.10471 982.4
0.10472 982.4
0.10473 982.4
0.10474 982.4
0.10475 982.4
0.10476 982.4
0.10477 982.4
0.10478 982.4
0.10479 982.4
0.10480 982.4
0.10481 982.4
0.10482 982.4
0.10483 982.4
0.10484 982.4
0.10485 982.4
0.10486 982.4
0.10487 982.4
0.10488 982.4
0.10489 982.4
0.10490 982.4
0.10491 982.4
0.10492 982.4
0.10493 982.4
0.10494 982.4
0.10495 982.4
0.10496 982.4
0.10497 982.4
0.10498 982.4
0.10499 982.4
0.10500 982.4
0.10501 982.4
0.10502 982.4
0.10503 982.4
0.10504 982.4
0.10505 982.4
0.10506 982.4
0.10507 982.4
0.10508 982.4
0.10509 982.4
0.10510 982.4
0.10511 982.4
0.10512 982.4
0.10513 982.4
0.10514 982.4
0.10515 982.4
0.10516 982.4
0.10517 982.4
0.10518 982.4
0.10519 982.4
0.10520 982.4
0.10521 982.4
0.10522 982.4
0.10523 982.4
0.10524 982.4
0.10525 982.4
0.10526 982.4
0.10527 982.4
0.10528 982.4
0.10529 982.4
0.10530 982.4
0.10531 982.4
0.10532 982.4
0.10533 982.4
0.10534 982.4
0.10535 982.4
0.10536 982.4
0.10537 982.4
0.10538 982.4
0.10539 982.4
0.10540 982.4
0.10541 982.4
0.10542 982.4
0.10543 982.4
0.10544 982.4
0.10545 982.4
0.10546 982.4
0.10547 982.4
0.10548 982.4
0.10549 982.4
0.10550 982.4
0.10551 982.4
0.10552 982.4
0.10553 982.4
0.10554 982.4
0.10555 982.4
0.10556 982.4
0.10557 982.4
0.10558 982.4
0.10559 982.4
0.10560 982.4
0.10561 982.4
0.10562 982.4
0.10563 982.4
0.10564 982.4
0.10565 982.4
0.10566 982.4
0.10567 982.4
0.10568 982.4
0.10569 982.4
0.10570 982.4
0.10571 982.4
0.10572 982.4
0.10573 982.4
0.10574 982.4
0.10575 982.4
0.10576 982.4
0.10577 982.4
0.10578 982.4
0.10579 982.4
0.10580 982.4
0.10581 982.4
0.10582 982.4
0.10583 982.4
0.10584 982.4
0.10585 982.4
0.10586 982.4
0.10587 982.4
0.10588 982.4
0.10589 982.4
0.10590 982.4
0.10591 982.4
0.10592 982.4
0.10593 982.4
0.10594 982.4
0.10595 982.4
0.10596 982.4
0.10597 982.4
0.10598 982.4
0.10599 982.4
0.10600 982.4
0.10601 982.4
0.10602 982.4
0.10603 982.4
0.10604 982.4
0.10605 982.4
0.10606 982.4
0.10607 982.4
0.10608 982.4
0.10609 982.4
0.10610 982.4
0.10611 982.4
0.10612 982.4
0.10613 982.4
0.10614 982.4
0.10615 982.4
0.10616 982.4
0.10617 982.4
0.10618 982.4
0.10619 982.4
0.10620 982.4
0.10621 982.4
0.10622 982.4
0.10623 982.4
0.10624 982.4
0.10625 982.4
0.10626 982.4
0.10627 982.4
0.10628 982.4
0.10629 982.4
0.10630 982.4
0.10631 982.4
0.10632 982.4
0.10633 982.4
0.10634 982.4
0.10635 982.4
0.10636 982.4
0.10637 982.4
0.10638 982.4
0.10639 982.4
0.10640 982.4
0.10641 982.4
0.10642 982.4
0.10643 982.4
0.10644 982.4
0.10645 982.4
0.10646 982.4
0.10647 982.4
0.10648 982.4
0.10649 982.4
0.10650 982.4
0.10651 982.4
0.10652 982.4
0.10653 982.4
0.10654 982.4
0.10655 982.4
0.10656 982.4
0.10657 982.4
0.10658 982.4
0.10659 982.4
0.10660 982.4
0.10661 982.4
0.10662 982.4
0.10663 982.4
0.10664 982.4
0.10665 982.4
0.10666 982.4
0.10667 982.4
0.10668 982.4
0.10669 982.4
0.10670 982.4
0.10671 982.4
0.10672 982.4
0.10673 982.4
0.10674 982.4
0.10675 982.4
0.10676 982.4
0.10677 982.4
0.10678 982.4
0.10679 982.4
0.10680 982.4
0.10681 982.4
0.10682 982.4
0.10683 982.4
0.10684 982.4
0.10685 982.4
0.10686 982.4
0.10687 982.4
0.10688 982.4
0.10689 982.4
0.10690 982.4
0.10691 982.4
0.10692 982.4
0.10693 982.4
0.10694 982.4
0.10695 982.4
0.10696 982.4
0.10697 982.4
0.10698 982.4
0.10699 982.4
0.10700 982.4
0.10701 982.4
0.10702 982.4
0.10703 982.4
0.10704 982.4
0.10705 982.4
0.10706 982.4
0.10707 982.4
0.10708 982.4
0.10709 982.4
0.10710 982.4
0.10711 982.4
0.10712 982.4
0.10713 982.4
0.10714 982.4
0.10715 982.4
0.10716 982.4
0.10717 982.4
0.10718 982.4
0.10719 982.4
0.10720 982.4
0.10721 982.4
0.10722 982.4
0.10723 982.4
0.10724 982.4
0.10725 982.4
0.10726 982.4
0.10727 982.4
0.10728 982.4
0.10729 982.4
0.10730 982.4
0.10731 982.4
0.10732 982.4
0.10733 982.4
0.10734 982.4
0.10735 982.4
0.10736 982.4
0.10737 982.4
0.10738 982.4
0.10739 982.4
0.10740 982.4
0.10741 982.4
0.10742 982.4
0.10743 982.4
0.10744 982.4
0.10745 982.4
0.10746 982.4
0.10747 982.4
0.10748 982.4
0.10749 982.4
0.10750 982.4
0.10751 982.4
0.10752 982.4
0.10753 982.4
0.10754 982.4
0.10755 982.4
0.10756 982.4
0.10757 982.4
0.10758 982.4
0.10759 982.4
0.10760 982.4
0.10761 982.4
0.10762 982.4
0.10763 982.4
0.10764 982.4
0.10765 982.4
0.10766 982.4
0.10767 982.4
0.10768 982.4
0.10769 982.4
0.10770 982.4
0.10771 982.4
0.10772 982.4
0.10773 982.4
0.10774 982.4
0.10775 982.4
0.10776 982.4
0.10777 982.4
0.10778 982.4
0.10779 982.4
0.10780 982.4
0.10781 982.4
0.10782 982.4
0.10783 982.4
0.10784 982.4
0.10785 982.4
0.10786 982.4
0.10787 982.4
0.10788 982.4
0.10789 982.4
0.10790 982.4
0.10791 982.4
0.10792 982.4
0.10793 982.4
0.10794 982.4
0.10795 982.4
0.10796 982.4
0.10797 982.4
0.10798 982.4
0.10799 982.4
0.10800 982.4
0.10801 982.4
0.10802 982.4
0.10803 982.4
0.10804 982.4
0.10805 982.4
0.10806 982.4
0.10807 982.4
0.10808 982.4
0.10809 982.4
0.10810 982.4
0.10811 982.4
0.10812 982.4
0.10813 982.4
0.10814 982.4
0.10815 982.4
0.10816 982.4
0.10817 982.4
0.10818 982.4
0.10819 982.4
0.10820 982.4
0.10821 982.4
0.10822 982.4
0.10823 982.4
0.10824 982.4
0.10825 982.4
0.10826 982.4
0.10827 982.4
0.10828 982.4
0.10829 982.4
0.10830 982.4
0.10831 982.4
0.10832 982.4
0.10833 982.4
0.10834 982.4
0.10835 982.4
0.10836 982.4
0.10837 982.4
0.10838 982.4
0.10839 982.4
0.10840 982.4
0.10841 982.4
0.10842 982.4
0.10843 982.4
0.10844 982.4
0.10845 982.4
0.10846 982.4
0.10847 982.4
0.10848 982.4
0.10849 982.4
0.10850 982.4
0.10851 982.4
0.10852 982.4
0.10853 982.4
0.10854 982.4
0.10855 982.4
0.10856 982.4
0.10857 982.4
0.10858 982.4
0.10859 982.4
0.10860 982.4
0.10861 982.4
0.10862 982.4
0.10863 982.4
0.10864 982.4
0.10865 982.4
0.10866 982.4
0.10867 982.4
0.10868 982.4
0.10869 982.4
0.10870 982.4
0.10871 982.4
0.10872 982.4
0.10873 982.4
0.10874 982.4
0.10875 982.4
0.10876 982.4
0.10877 982.4
0.10878 982.4
0.10879 982.4
0.10880 982.4
0.10881 982.4
0.10882 982.4
0.10883 982.4
0.10884 982.4
0.10885 982.4
0.10886 982.4
0.10887 982.4
0.10888 982.4
0.10889 982.4
0.10890 982.4
0.10891 982.4
0.10892 982.4
0.10893 982.4
0.10894 982.4
0.10895 982.4
0.10896 982.4
0.10897 982.4
0.10898 982.4
0.10899 982.4
0.10900 982.4
0.10901 982.4
0.10902 982.4
0.10903 982.4
0.10904 982.4
0.10905 982.4
0.10906 982.4
0.10907 982.4
0.10908 982.4
0.10909 982.4
0.10910 982.4
0.10911 982.4
0.10912 982.4
0.10913 982.4
0.10914 982.4
0.10915 982.4
0.10916 982.4
0.10917 982.4
0.10918 982.4
0.10919 982.4
0.10920 982.4
0.10921 982.4
0.10922 982.4
0.10923 982.4
0.10924 982.4
0.10925 982.4
0.10926 982.4
0.10927 982.4
0.10928 982.4
0.10929 982.4
0.10930 982.4
0.10931 982.4
0.10932 982.4
0.10933 982.4
0.10934 982.4
0.10935 982.4
0.10936 982.4
0.10937 982.4
0.10938 982.4
0.10939 982.4
0.10940 982.4
0.10941 982.4
0.10942 982.4
0.10943 982.4
0.10944 982.4
0.10945 982.4
0.10946 982.4
0.10947 982.4
0.10948 982.4
0.10949 982.4
0.10950 982.4
0.10951 982.4
0.10952 982.4
0.10953 982.4
0.10954 982.4
0.10955 982.4
0.10956 982.4
0.10957 982.4
0.10958 982.4
0.10959 982.4
0.10960 982.4
0.10961 982.4
0.10962 982.4
0.10963 982.4
0.10964 982.4
0.10965 982.4
0.10966 982.4
0.10967 982.4
0.10968 982.4
0.10969 982.4
0.10970 982.4
0.10971 982.4
0.10972 982.4
0.10973 982.4
0.10974 982.4
0.10975 982.4
0.10976 982.4
0.10977 982.4
0.10978 982.4
0.10979 982.4
0.10980 982.4
0.10981 982.4
0.10982 982.4
0.10983 982.4
0.10984 982.4
0.10985 982.4
0.10986 982.4
0.10987 982.4
0.10988 982.4
0.10989 982.4
0.10990 982.4
0.10991 982.4
0.10992 982.4
0.10993 982.4
0.10994 982.4
0.10995 982.4
0.10996 982.4
0.10997 982.4
0.10998 982.4
0.10999 982.4
0.11000 982.4
0.11001 982.4
0.11002 982.4
0.11003 982.4
0.11004 982.4
0.11005 982.4
0.11006 982.4
0.11007 982.4
0.11008 982.4
0.11009 982.4
0.11010 982.4
0.11011 982.4
0.11012 982.4
0.11013 982.4
0.11014 982.4
0.11015 982.4
0.11016 982.4
0.11017 982.4
0.11018 982.4
0.11019 982.4
0.11020 982.4
0.11021 982.4
0.11022 982.4
0.11023 982.4
0.11024 982.4
0.11025 982.4
0.11026 982.4
0.11027 982.4
0.11028 982.4
0.11029 982.4
0.11030 982.4
0.11031 982.4
0.11032 982.4
0.11033 982.4
0.11034 982.4
0.11035 982.4
0.11036 982.4
0.11037 982.4
0.11038 982.4
0.11039 982.4
0.11040 982.4
0.11041 982.4
0.11042 982.4
0.11043 982.4
0.11044 982.4
0.11045 982.4
0.11046 982.4
0.11047 982.4
0.11048 982.4
0.11049 982.4
0.11050 982.4
0.11051 982.4
0.11052 982.4
0.11053 982.4
0.11054 982.4
0.11055 982.4
0.11056 982.4
0.11057 982.4
0.11058 982.4
0.11059 982.4
0.11060 982.4
0.11061 982.4
0.11062 982.4
0.11063 982.4
0.11064 982.4
0.11065 982.4
0.11066 982.4
0.11067 982.4
0.11068 982.4
0.11069 982.4
0.11070 982.4
0.11071 982.4
0.11072 982.4
0.11073 982.4
0.11074 982.4
0.11075 982.4
0.11076 982.4
0.11077 982.4
0.11078 982.4
0.11079 982.4
0.11080 982.4
0.11081 982.4
0.11082 982.4
0.11083 982.4
0.11084 982.4
0.11085 982.4
0.11086 982.4
0.11087 982.4
0.11088 982.4
0.11089 982.4
0.11090 982.4
0.11091 982.4
0.11092 982.4
0.11093 982.4
0.11094 982.4
0.11095 982.4
0.11096 982.4
0.11097 982.4
0.11098 982.4
0.11099 982.4
0.11100 982.4
0.11101 982.4
0.11102 982.4
0.11103 982.4
0.11104 982.4
0.11105 982.4
0.11106 982.4
0.11107 982.4
0.11108 982.4
0.11109 982.4
0.11110 982.4
0.11111 982.4
0.11112 982.4
0.11113 982.4
0.11114 982.4
0.11115 982.4
0.11116 982.4
0.11117 982.4
0.11118 982.4
0.11119 982.4
0.11120 982.4
0.11121 982.4
0.11122 982.4
0.11123 982.4
0.11124 982.4
0.11125 982.4
0.11126 982.4
0.11127 982.4
0.11128 982.4
0.11129 982.4
0.11130 982.4
0.11131 982.4
0.11132 982.4
0.11133 982.4
0.11134 982.4
0.11135 982.4
0.11136 982.4
0.11137 982.4
0.11138 982.4
0.11139 982.4
0.11140 982.4
0.11141 982.4
0.11142 982.4
0.11143 982.4
0.11144 982.4
0.11145 982.4
0.11146 982.4
0.11147 982.4
0.11148 982.4
0.11149 982.4
0.11150 982.4
0.11151 982.4
0.11152 982.4
0.11153 982.4
0.11154 982.4
0.11155 982.4
0.11156 982.4
0.11157 982.4
0.11158 982.4
0.11159 982.4
0.11160 982.4
0.11161 982.4
0.11162 982.4
0.11163 982.4
0.11164 982.4
0.11165 982.4
0.11166 982.4
0.11167 982.4
0.11168 982.4
0.11169 982.4
0.11170 982.4
0.11171 982.4
0.11172 982.4
0.11173 982.4
0.11174 982.4
0.11175 982.4
0.11176 982.4
0.11177 982.4
0.11178 982.4
0.11179 982.4
0.11180 982.4
0.11181 982.4
0.11182 982.4
0.11183 982.4
0.11184 982.4
0.11185 982.4
0.11186 982.4
0.11187 982.4
0.11188 982.4
0.11189 982.4
0.11190 982.4
0.11191 982.4
0.11192 982.4
0.11193 982.4
0.11194 982.4
0.11195 982.4
0.11196 982.4
0.11197 982.4
0.11198 982.4
0.11199 982.4
0.11200 982.4
0.11201 982.4
0.11202 982.4
0.11203 982.4
0.11204 982.4
0.11205 982.4
0.11206 982.4
0.11207 982.4
0.11208 982.4
0.11209 982.4
0.11210 982.4
0.11211 982.4
0.11212 982.4
0.11213 982.4
0.11214 982.4
0.11215 982.4
0.11216 982.4
0.11217 982.4
0.11218 982.4
0.11219 982.4
0.11220 982.4
0.11221 982.4
0.11222 982.4
0.11223 982.4
0.11224 982.4
0.11225 982.4
0.11226 982.4
0.11227 982.4
0.11228 982.4
0.11229 982.4
0.11230 982.4
0.11231 982.4
0.11232 982.4
0.11233 982.4
0.11234 982.4
0.11235 982.4
0.11236 982.4
0.11237 982.4
0.11238 982.4
0.11239 982.4
0.11240 982.4
0.11241 982.4
0.11242 982.4
0.11243 982.4
0.11244 982.4
0.11245 982.4
0.11246 982.4
0.11247 982.4
0.11248 982.4
0.11249 982.4
0.11250 982.4
0.11251 982.4
0.11252 982.4
0.11253 982.4
0.11254 982.4
0.11255 982.4
0.11256 982.4
0.11257 982.4
0.11258 982.4
0.11259 982.4
0.11260 982.4
0.11261 982.4
0.11262 982.4
0.11263 982.4
0.11264 982.4
0.11265 982.4
0.11266 982.4
0.11267 982.4
0.11268 982.4
0.11269 982.4
0.11270 982.4
0.11271 982.4
0.11272 982.4
0.11273 982.4
0.11274 982.4
0.11275 982.4
0.11276 982.4
0.11277 982.4
0.11278 982.4
0.11279 982.4
0.11280 982.4
0.11281 982.4
0.11282 982.4
0.11283 982.4
0.11284 982.4
0.11285 982.4
0.11286 982.4
0.11287 982.4
0.11288 982.4
0.11289 982.4
0.11290 982.4
0.11291 982.4
0.11292 982.4
0.11293 982.4
0.11294 982.4
0.11295 982.4
0.11296 982.4
0.11297 982.4
0.11298 982.4
0.11299 982.4
0.11300 982.4
0.11301 982.4
0.11302 982.4
0.11303 982.4
0.11304 982.4
0.11305 982.4
0.11306 982.4
0.11307 982.4
0.11308 982.4
0.11309 982.4
0.11310 982.4
0.11311 982.4
0.11312 982.4
0.11313 982.4
0.11314 982.4
0.11315 982.4
0.11316 982.4
0.11317 982.4
0.11318 982.4
0.11319 982.4
0.11320 982.4
0.11321 982.4
0.11322 982.4
0.11323 982.4
0.11324 982.4
0.11325 982.4
0.11326 982.4
0.11327 982.4
0.11328 982.4
0.11329 982.4
0.11330 982.4
0.11331 982.4
0.11332 982.4
0.11333 982.4
0.11334 982.4
0.11335 982.4
0.11336 982.4
0.11337 982.4
0.11338 982.4
0.11339 982.4
0.11340 982.4
0.11341 982.4
0.11342 982.4
0.11343 982.4
0.11344 982.4
0.11345 982.4
0.11346 982.4
0.11347 982.4
0.11348 982.4
0.11349 982.4
0.11350 982.4
0.11351 982.4
0.11352 982.4
0.11353 982.4
0.11354 982.4
0.11355 982.4
0.11356 982.4
0.11357 982.4
0.11358 982.4
0.11359 982.4
0.11360 982.4
0.11361 982.4
0.11362 982.4
0.11363 982.4
0.11364 982.4
0.11365 982.4
0.11366 982.4
0.11367 982.4
0.11368 982.4
0.11369 982.4
0.11370 982.4
0.11371 982.4
0.11372 982.4
0.11373 982.4
0.11374 982.4
0.11375 982.4
0.11376 982.4
0.11377 982.4
0.11378 982.4
0.11379 982.4
0.11380 982.4
0.11381 982.4
0.11382 982.4
0.11383 982.4
0.11384 982.4
0.11385 982.4
0.11386 982.4
0.11387 982.4
0.11388 982.4
0.11389 982.4
0.11390 982.4
0.11391 982.4
0.11392 982.4
0.11393 982.4
0.11394 982.4
0.11395 982.4
0.11396 982.4
0.11397 982.4
0.11398 982.4
0.11399 982.4
0.11400 982.4
0.11401 982.4
0.11402 982.4
0.11403 982.4
0.11404 982.4
0.11405 982.4
0.11406 982.4
0.11407 982.4
0.11408 982.4
0.11409 982.4
0.11410 982.4
0.11411 982.4
0.11412 982.4
0.11413 982.4
0.11414 982.4
0.11415 982.4
0.11416 982.4
0.11417 982.4
0.11418 982.4
0.11419 982.4
0.11420 982.4
0.11421 982.4
0.11422 982.4
0.11423 982.4
0.11424 982.4
0.11425 982.4
0.11426 982.4
0.11427 982.4
0.11428 982.4
0.11429 982.4
0.11430 982.4
0.11431 982.4
0.11432 982.4
0.11433 982.4
0.11434 982.4
0.11435 982.4
0.11436 982.4
0.11437 982.4
0.11438 982.4
0.11439 982.4
0.11440 982.4
0.11441 982.4
0.11442 982.4
0.11443 982.4
0.11444 982.4
0.11445 982.4
0.11446 982.4
0.11447 982.4
0.11448 982.4
0.11449 982.4
0.11450 982.4
0.11451 982.4
0.11452 982.4
0.11453 982.4
0.11454 982.4
0.11455 982.4
0.11456 982.4
0.11457 982.4
0.11458 982.4
0.11459 982.4
0.11460 982.4
0.11461 982.4
0.11462 982.4
0.11463 982.4
0.11464 982.4
0.11465 982.4
0.11466 982.4
0.11467 982.4
0.11468 982.4
0.11469 982.4
0.11470 982.4
0.11471 982.4
0.11472 982.4
0.11473 982.4
0.11474 982.4
0.11475 982.4
0.11476 982.4
0.11477 982.4
0.11478 982.4
0.11479 982.4
0.11480 982.4
0.11481 982.4
0.11482 982.4
0.11483 982.4
0.11484 982.4
0.11485 982.4
0.11486 982.4
0.11487 982.4
0.11488 982.4
0.11489 982.4
0.11490 982.4
0.11491 982.4
0.11492 982.4
0.11493 982.4
0.11494 982.4
0.11495 982.4
0.11496 982.4
0.11497 982.4
0.11498 982.4
0.11499 982.4
0.11500 982.4
0.11501 982.4
0.11502 982.4
0.11503 982.4
0.11504 982.4
0.11505 982.4
0.11506 982.4
0.11507 982.4
0.11508 982.4
0.11509 982.4
0.11510 982.4
0.11511 982.4
0.11512 982.4
0.11513 982.4
0.11514 982.4
0.11515 982.4
0.11516 982.4
0.11517 982.4
0.11518 982.4
0.11519 982.4
0.11520 982.4
0.11521 982.4
0.11522 982.4
0.11523 982.4
0.11524 982.4
0.11525 982.4
0.11526 982.4
0.11527 982.4
0.11528 982.4
0.11529 982.4
0.11530 982.4
0.11531 982.4
0.11532 982.4
0.11533 982.4
0.11534 982.4
0.11535 982.4
0.11536 982.4
0.11537 982.4
0.11538 982.4
0.11539 982.4
0.11540 982.4
0.11541 982.4
0.11542 982.4
0.11543 982.4
0.11544 982.4
0.11545 982.4
0.11546 982.4
0.11547 982.4
0.11548 982.4
0.11549 982.4
0.11550 982.4
0.11551 982.4
0.11552 982.4
0.11553 982.4
0.11554 982.4
0.11555 982.4
0.11556 982.4
0.11557 982.4
0.11558 982.4
0.11559 982.4
0.11560 982.4
0.11561 982.4
0.11562 982.4
0.11563 982.4
0.11564 982.4
0.11565 982.4
0.11566 982.4
0.11567 982.4
0.11568 982.4
0.11569 982.4
0.11570 982.4
0.11571 982.4
0.11572 982.4
0.11573 982.4
0.11574 982.4
0.11575 982.4
0.11576 982.4
0.11577 982.4
0.11578 982.4
0.11579 982.4
0.11580 982.4
0.11581 982.4
0.11582 982.4
0.11583 982.4
0.11584 982.4
0.11585 982.4
0.11586 982.4
0.11587 982.4
0.11588 982.4
0.11589 982.4
0.11590 982.4
0.11591 982.4
0.11592 982.4
0.11593 982.4
0.11594 982.4
0.11595 982.4
0.11596 982.4
0.11597 982.4
0.11598 982.4
0.11599 982.4
0.11600 982.4
0.11601 982.4
0.11602 982.4
0.11603 982.4
0.11604 982.4
0.11605 982.4
0.11606 982.4
0.11607 982.4
0.11608 982.4
0.11609 982.4
0.11610 982.4
0.11611 982.4
0.11612 982.4
0.11613 982.4
0.11614 982.4
0.11615 982.4
0.11616 982.4
0.11617 982.4
0.11618 982.4
0.11619 982.4
0.11620 982.4
0.11621 982.4
0.11622 982.4
0.11623 982.4
0.11624 982.4
0.11625 982.4
0.11626 982.4
0.11627 982.4
0.11628 982.4
0.11629 982.4
0.11630 982.4
0.11631 982.4
0.11632 982.4
0.11633 982.4
0.11634 982.4
0.11635 982.4
0.11636 982.4
0.11637 982.4
0.11638 982.4
0.11639 982.4
0.11640 982.4
0.11641 982.4
0.11642 982.4
0.11643 982.4
0.11644 982.4
0.11645 982.4
0.11646 982.4
0.11647 982.4
0.11648 982.4
0.11649 982.4
0.11650 982.4
0.11651 982.4
0.11652 982.4
0.11653 982.4
0.11654 982.4
0.11655 982.4
0.11656 982.4
0.11657 982.4
0.11658 982.4
0.11659 982.4
0.11660 982.4
0.11661 982.4
0.11662 982.4
0.11663 982.4
0.11664 982.4
0.11665 982.4
0.11666 982.4
0.11667 982.4
0.11668 982.4
0.11669 982.4
0.11670 982.4
0.11671 982.4
0.11672 982.4
0.11673 982.4
0.11674 982.4
0.11675 982.4
0.11676 982.4
0.11677 982.4
0.11678 982.4
0.11679 982.4
0.11680 982.4
0.11681 982.4
0.11682 982.4
0.11683 982.4
0.11684 982.4
0.11685 982.4
0.11686 982.4
0.11687 982.4
0.11688 982.4
0.11689 982.4
0.11690 982.4
0.11691 982.4
0.11692 982.4
0.11693 982.4
0.11694 982.4
0.11695 982.4
0.11696 982.4
0.11697 982.4
0.11698 982.4
0.11699 982.4
0.11700 982.4
0.11701 982.4
0.11702 982.4
0.11703 982.4
0.11704 982.4
0.11705 982.4
0.11706 982.4
0.11707 982.4
0.11708 982.4
0.11709 982.4
0.11710 982.4
0.11711 982.4
0.11712 982.4
0.11713 982.4
0.11714 982.4
0.11715 982.4
0.11716 982.4
0.11717 982.4
0.11718 982.4
0.11719 982.4
0.11720 982.4
0.11721 982.4
0.11722 982.4
0.11723 982.4
0.11724 982.4
0.11725 982.4
0.11726 982.4
0.11727 982.4
0.11728 982.4
0.11729 982.4
0.11730 982.4
0.11731 982.4
0.11732 982.4
0.11733 982.4
0.11734 982.4
0.11735 982.4
0.11736 982.4
0.11737 982.4
0.11738 982.4
0.11739 982.4
0.11740 982.4
0.11741 982.4
0.11742 982.4
0.11743 982.4
0.11744 982.4
0.11745 982.4
0.11746 982.4
0.11747 982.4
0.11748 982.4
0.11749 982.4
0.11750 982.4
0.11751 982.4
0.11752 982.4
0.11753 982.4
0.11754 982.4
0.11755 982.4
0.11756 982.4
0.11757 982.4
0.11758 982.4
0.11759 982.4
0.11760 982.4
0.11761 982.4
0.11762 982.4
0.11763 982.4
0.11764 982.4
0.11765 982.4
0.11766 982.4
0.11767 982.4
0.11768 982.4
0.11769 982.4
0.11770 982.4
0.11771 982.4
0.11772 982.4
0.11773 982.4
0.11774 982.4
0.11775 982.4
0.11776 982.4
0.11777 982.4
0.11778 982.4
0.11779 982.4
0.11780 982.4
0.11781 982.4
0.11782 982.4
0.11783 982.4
0.11784 982.4
0.11785 982.4
0.11786 982.4
0.11787 982.4
0.11788 982.4
0.11789 982.4
0.11790 982.4
0.11791 982.4
0.11792 982.4
0.11793 982.4
0.11794 982.4
0.11795 982.4
0.11796 982.4
0.11797 982.4
0.11798 982.4
0.11799 982.4
0.11800 982.4
0.11801 982.4
0.11802 982.4
0.11803 982.4
0.11804 982.4
0.11805 982.4
0.11806 982.4
0.11807 982.4
0.11808 982.4
0.11809 982.4
0.11810 982.4
0.11811 982.4
0.11812 982.4
0.11813 982.4
0.11814 982.4
0.11815 982.4
0.11816 982.4
0.11817 982.4
0.11818 982.4
0.11819 982.4
0.11820 982.4
0.11821 982.4
0.11822 982.4
0.11823 982.4
0.11824 982.4
0.11825 982.4
0.11826 982.4
0.11827 982.4
0.11828 982.4
0.11829 982.4
0.11830 982.4
0.11831 982.4
0.11832 982.4
0.11833 982.4
0.11834 982.4
0.11835 982.4
0.11836 982.4
0.11837 982.4
0.11838 982.4
0.11839 982.4
0.11840 982.4
0.11841 982.4
0.11842 982.4
0.11843 982.4
0.11844 982.4
0.11845 982.4
0.11846 982.4
0.11847 982.4
0.11848 982.4
0.11849 982.4
0.11850 982.4
0.11851 982.4
0.11852 982.4
0.11853 982.4
0.11854 982.4
0.11855 982.4
0.11856 982.4
0.11857 982.4
0.11858 982.4
0.11859 982.4
0.11860 982.4
0.11861 982.4
0.11862 982.4
0.11863 982.4
0.11864 982.4
0.11865 982.4
0.11866 982.4
0.11867 982.4
0.11868 982.4
0.11869 982.4
0.11870 982.4
0.11871 982.4
0.11872 982.4
0.11873 982.4
0.11874 982.4
0.11875 982.4
0.11876 982.4
0.11877 982.4
0.11878 982.4
0.11879 982.4
0.11880 982.4
0.11881 982.4
0.11882 982.4
0.11883 982.4
0.11884 982.4
0.11885 982.4
0.11886 982.4
0.11887 982.4
0.11888 982.4
0.11889 982.4
0.11890 982.4
0.11891 982.4
0.11892 982.4
0.11893 982.4
0.11894 982.4
0.11895 982.4
0.11896 982.4
0.11897 982.4
0.11898 982.4
0.11899 982.4
0.11900 982.4
0.11901 982.4
0.11902 982.4
0.11903 982.4
0.11904 982.4
0.11905 982.4
0.11906 982.4
0.11907 982.4
0.11908 982.4
0.11909 982.4
0.11910 982.4
0.11911 982.4
0.11912 982.4
0.11913 982.4
0.11914 982.4
0.11915 982.4
0.11916 982.4
0.11917 982.4
0.11918 982.4
0.11919 982.4
0.11920 982.4
0.11921 982.4
0.11922 982.4
0.11923 982.4
0.11924 982.4
0.11925 982.4
0.11926 982.4
0.11927 982.4
0.11928 982.4
0.11929 982.4
0.11930 982.4
0.11931 982.4
0.11932 982.4
0.11933 982.4
0.11934 982.4
0.11935 982.4
0.11936 982.4
0.11937 982.4
0.11938 982.4
0.11939 982.4
0.11940 982.4
0.11941 982.4
0.11942 982.4
0.11943 982.4
0.11944 982.4
0.11945 982.4
0.11946 982.4
0.11947 982.4
0.11948 982.4
0.11949 982.4
0.11950 982.4
0.11951 982.4
0.11952 982.4
0.11953 982.4
0.11954 982.4
0.11955 982.4
0.11956 982.4
0.11957 982.4
0.11958 982.4
0.11959 982.4
0.11960 982.4
0.11961 982.4
0.11962 982.4
0.11963 982.4
0.11964 982.4
0.11965 982.4
0.11966 982.4
0.11967 982.4
0.11968 982.4
0.11969 982.4
0.11970 982.4
0.11971 982.4
0.11972 982.4
0.11973 982.4
0.11974 982.4
0.11975 982.4
0.11976 982.4
0.11977 982.4
0.11978 982.4
0.11979 982.4
0.11980 982.4
0.11981 982.4
0.11982 982.4
0.11983 982.4
0.11984 982.4
0.11985 982.4
0.11986 982.4
0.11987 982.4
0.11988 982.4
0.11989 982.4
0.11990 982.4
0.11991 982.4
0.11992 982.4
0.11993 982.4
0.11994 982.4
0.11995 982.4
0.11996 982.4
0.11997 982.4
0.11998 982.4
0.11999 982.4
0.12000 982.4
0.12001 982.4
0.12002 982.4
0.12003 982.4
0.12004 982.4
0.12005 982.4
0.12006 982.4
0.12007 982.4
0.12008 982.4
0.12009 982.4
0.12010 982.4
0.12011 982.4
0.12012 982.4
0.12013 982.4
0.12014 982.4
0.12015 982.4
0.12016 982.4
0.12017 982.4
0.12018 982.4
0.12019 982.4
0.12020 982.4
0.12021 982.4
0.12022 982.4
0.12023 982.4
0.12024 982.4
0.12025 982.4
0.12026 982.4
0.12027 982.4
0.12028 982.4
0.12029 982.4
0.12030 982.4
0.12031 982.4
0.12032 982.4
0.12033 982.4
0.12034 982.4
0.12035 982.4
0.12036 982.4
0.12037 982.4
0.12038 982.4
0.12039 982.4
0.12040 982.4
0.12041 982.4
0.12042 982.4
0.12043 982.4
0.12044 982.4
0.12045 982.4
0.12046 982.4
0.12047 982.4
0.12048 982.4
0.12049 982.4
0.12050 982.4
0.12051 982.4
0.12052 982.4
0.12053 982.4
0.12054 982.4
0.12055 982.4
0.12056 982.4
0.12057 982.4
0.12058 982.4
0.12059 982.4
0.12060 982.4
0.12061 982.4
0.12062 982.4
0.12063 982.4
0.12064 982.4
0.12065 982.4
0.12066 982.4
0.12067 982.4
0.12068 982.4
0.12069 982.4
0.12070 982.4
0.12071 982.4
0.12072 982.4
0.12073 982.4
0.12074 982.4
0.12075 982.4
0.12076 982.4
0.12077 982.4
0.12078 982.4
0.12079 982.4
0.12080 982.4
0.12081 982.4
0.12082 982.4
0.12083 982.4
0.12084 982.4
0.12085 982.4
0.12086 982.4
0.12087 982.4
0.12088 982.4
0.12089 982.4
0.12090 982.4
0.12091 982.4
0.12092 982.4
0.12093 982.4
0.12094 982.4
0.12095 982.4
0.12096 982.4
0.12097 982.4
0.12098 982.4
0.12099 982.4
0.12100 982.4
0.12101 982.4
0.12102 982.4
0.12103 982.4
0.12104 982.4
0.12105 982.4
0.12106 982.4
0.12107 982.4
0.12108 982.4
0.12109 982.4
0.12110 982.4
0.12111 982.4
0.12112 982.4
0.12113 982.4
0.12114 982.4
0.12115 982.4
0.12116 982.4
0.12117 982.4
0.12118 982.4
0.12119 982.4
0.12120 982.4
0.12121 982.4
0.12122 982.4
0.12123 982.4
0.12124 982.4
0.12125 982.4
0.12126 982.4
0.12127 982.4
0.12128 982.4
0.12129 982.4
0.12130 982.4
0.12131 982.4
0.12132 982.4
0.12133 982.4
0.12134 982.4
0.12135 982.4
0.12136 982.4
0.12137 982.4
0.12138 982.4
0.12139 982.4
0.12140 982.4
0.12141 982.4
0.12142 982.4
0.12143 982.4
0.12144 982.4
0.12145 982.4
0.12146 982.4
0.12147 982.4
0.12148 982.4
0.12149 982.4
0.12150 982.4
0.12151 982.4
0.12152 982.4
0.12153 982.4
0.12154 982.4
0.12155 982.4
0.12156 982.4
0.12157 982.4
0.12158 982.4
0.12159 982.4
0.12160 982.4
0.12161 982.4
0.12162 982.4
0.12163 982.4
0.12164 982.4
0.12165 982.4
0.12166 982.4
0.12167 982.4
0.12168 982.4
0.12169 982.4
0.12170 982.4
0.12171 982.4
0.12172 982.4
0.12173 982.4
0.12174 982.4
0.12175 982.4
0.12176 982.4
0.12177 982.4
0.12178 982.4
0.12179 982.4
0.12180 982.4
0.12181 982.4
0.12182 982.4
0.12183 982.4
0.12184 982.4
0.12185 982.4
0.12186 982.4
0.12187 982.4
0.12188 982.4
0.12189 982.4
0.12190 982.4
0.12191 982.4
0.12192 982.4
0.12193 982.4
0.12194 982.4
0.12195 982.4
0.12196 982.4
0.12197 982.4
0.12198 982.4
0.12199 982.4
0.12200 982.4
0.12201 982.4
0.12202 982.4
0.12203 982.4
0.12204 982.4
0.12205 982.4
0.12206 982.4
0.12207 982.4
0.12208 982.4
0.12209 982.4
0.12210 982.4
0.12211 982.4
0.12212 982.4
0.12213 982.4
0.12214 982.4
0.12215 982.4
0.12216 982.4
0.12217 982.4
0.12218 982.4
0.12219 982.4
0.12220 982.4
0.12221 982.4
0.12222 982.4
0.12223 982.4
0.12224 982.4
0.12225 982.4
0.12226 982.4
0.12227 982.4
0.12228 982.4
0.12229 982.4
0.12230 982.4
0.12231 982.4
0.12232 982.4
0.12233 982.4
0.12234 982.4
0.12235 982.4
0.12236 982.4
0.12237 982.4
0.12238 982.4
0.12239 982.4
0.12240 982.4
0.12241 982.4
0.12242 982.4
0.12243 982.4
0.12244 982.4
0.12245 982.4
0.12246 982.4
0.12247 982.4
0.12248 982.4
0.12249 982.4
0.12250 982.4
0.12251 982.4
0.12252 982.4
0.12253 982.4
0.12254 982.4
0.12255 982.4
0.12256 982.4
0.12257 982.4
0.12258 982.4
0.12259 982.4
0.12260 982.4
0.12261 982.4
0.12262 982.4
0.12263 982.4
0.12264 982.4
0.12265 982.4
0.12266 982.4
0.12267 982.4
0.12268 982.4
0.12269 982.4
0.12270 982.4
0.12271 982.4
0.12272 982.4
0.12273 982.4
0.12274 982.4
0.12275 982.4
0.12276 982.4
0.12277 982.4
0.12278 982.4
0.12279 982.4
0.12280 982.4
0.12281 982.4
0.12282 982.4
0.12283 982.4
0.12284 982.4
0.12285 982.4
0.12286 982.4
0.12287 982.4
0.12288 982.4
0.12289 982.4
0.12290 982.4
0.12291 982.4
0.12292 982.4
0.12293 982.4
0.12294 982.4
0.12295 982.4
0.12296 982.4
0.12297 982.4
0.12298 982.4
0.12299 982.4
0.12300 982.4
0.12301 982.4
0.12302 982.4
0.12303 982.4
0.12304 982.4
0.12305 982.4
0.12306 982.4
0.12307 982.4
0.12308 982.4
0.12309 982.4
0.12310 982.4
0.12311 982.4
0.12312 982.4
0.12313 982.4
0.12314 982.4
0.12315 982.4
0.12316 982.4
0.12317 982.4
0.12318 982.4
0.12319 982.4
0.12320 982.4
0.12321 982.4
0.12322 982.4
0.12323 982.4
0.12324 982.4
0.12325 982.4
0.12326 982.4
0.12327 982.4
0.12328 982.4
0.12329 982.4
0.12330 982.4
0.12331 982.4
0.12332 982.4
0.12333 982.4
0.12334 982.4
0.12335 982.4
0.12336 982.4
0.12337 982.4
0.12338 982.4
0.12339 982.4
0.12340 982.4
0.12341 982.4
0.12342 982.4
0.12343 982.4
0.12344 982.4
0.12345 982.4
0.12346 982.4
0.12347 982.4
0.12348 982.4
0.12349 982.4
0.12350 982.4
0.12351 982.4
0.12352 982.4
0.12353 982.4
0.12354 982.4
0.12355 982.4
0.12356 982.4
0.12357 982.4
0.12358 982.4
0.12359 982.4
0.12360 982.4
0.12361 982.4
0.12362 982.4
0.12363 982.4
0.12364 982.4
0.12365 982.4
0.12366 982.4
0.12367 982.4
0.12368 982.4
0.12369 982.4
0.12370 982.4
0.12371 982.4
0.12372 982.4
0.12373 982.4
0.12374 982.4
0.12375 982.4
0.12376 982.4
0.12377 982.4
0.12378 982.4
0.12379 982.4
0.12380 982.4
0.12381 982.4
0.12382 982.4
0.12383 982.4
0.12384 982.4
0.12385 982.4
0.12386 982.4
0.12387 982.4
0.12388 982.4
0.12389 982.4
0.12390 982.4
0.12391 982.4
0.12392 982.4
0.12393 982.4
0.12394 982.4
0.12395 982.4
0.12396 982.4
0.12397 982.4
0.12398 982.4
0.12399 982.4
0.12400 982.4
0.12401 982.4
0.12402 982.4
0.12403 982.4
0.12404 982.4
0.12405 982.4
0.12406 982.4
0.12407 982.4
0.12408 982.4
0.12409 982.4
0.12410 982.4
0.12411 982.4
0.12412 982.4
0.12413 982.4
0.12414 982.4
0.12415 982.4
0.12416 982.4
0.12417 982.4
0.12418 982.4
0.12419 982.4
0.12420 982.4
0.12421 982.4
0.12422 982.4
0.12423 982.4
0.12424 982.4
0.12425 982.4
0.12426 982.4
0.12427 982.4
0.12428 982.4
0.12429 982.4
0.12430 982.4
0.12431 982.4
0.12432 982.4
0.12433 982.4
0.12434 982.4
0.12435 982.4
0.12436 982.4
0.12437 982.4
0.12438 982.4
0.12439 982.4
0.12440 982.4
0.12441 982.4
0.12442 982.4
0.12443 982.4
0.12444 982.4
0.12445 982.4
0.12446 982.4
0.12447 982.4
0.12448 982.4
0.12449 982.4
0.12450 982.4
0.12451 982.4
0.12452 982.4
0.12453 982.4
0.12454 982.4
0.12455 982.4
0.12456 982.4
0.12457 982.4
0.12458 982.4
0.12459 982.4
0.12460 982.4
0.12461 982.4
0.12462 982.4
0.12463 982.4
0.12464 982.4
0.12465 982.4
0.12466 982.4
0.12467 982.4
0.12468 982.4
0.12469 982.4
0.12470 982.4
0.12471 982.4
0.12472 982.4
0.12473 982.4
0.12474 982.4
0.12475 982.4
0.12476 982.4
0.12477 982.4
0.12478 982.4
0.12479 982.4
0.12480 982.4
0.12481 982.4
0.12482 982.4
0.12483 982.4
0.12484 982.4
0.12485 982.4
0.12486 982.4
0.12487 982.4
0.12488 982.4
0.12489 982.4
0.12490 982.4
0.12491 982.4
0.12492 982.4
0.12493 982.4
0.12494 982.4
0.12495 982.4
0.12496 982.4
0.12497 982.4
0.12498 982.4
0.12499 982.4
0.12500 982.4
0.12501 982.4
0.12502 982.4
0.12503 982.4
0.12504 982.4
0.12505 982.4
0.12506 982.4
0.12507 982.4
0.12508 982.4
0.12509 982.4
0.12510 982.4
0.12511 982.4
0.12512 982.4
0.12513 982.4
0.12514 982.4
0.12515 982.4
0.12516 982.4
0.12517 982.4
0.12518 982.4
0.12519 982.4
0.12520 982.4
0.12521 982.4
0.12522 982.4
0.12523 982.4
0.12524 982.4
0.12525 982.4
0.12526 982.4
0.12527 982.4
0.12528 982.4
0.12529 982.4
0.12530 982.4
0.12531 982.4
0.12532 982.4
0.12533 982.4
0.12534 982.4
0.12535 982.4
0.12536 982.4
0.12537 982.4
0.12538 982.4
0.12539 982.4
0.12540 982.4
0.12541 982.4
0.12542 982.4
0.12543 982.4
0.12544 982.4
0.12545 982.4
0.12546 982.4
0.12547 982.4
0.12548 982.4
0.12549 982.4
0.12550 982.4
0.12551 982.4
0.12552 982.4
0.12553 982.4
0.12554 982.4
0.12555 982.4
0.12556 982.4
0.12557 982.4
0.12558 982.4
0.12559 982.4
0.12560 982.4
0.12561 982.4
0.12562 982.4
0.12563 982.4
0.12564 982.4
0.12565 982.4
0.12566 982.4
0.12567 982.4
0.12568 982.4
0.12569 982.4
0.12570 982.4
0.12571 982.4
0.12572 982.4
0.12573 982.4
0.12574 982.4
0.12575 982.4
0.12576 982.4
0.12577 982.4
0.12578 982.4
0.12579 982.4
0.12580 982.4
0.12581 982.4
0.12582 982.4
0.12583 982.4
0.12584 982.4
0.12585 982.4
0.12586 982.4
0.12587 982.4
0.12588 982.4
0.12589 982.4
0.12590 982.4
0.12591 982.4
0.12592 982.4
0.12593 982.4
0.12594 982.4
0.12595 982.4
0.12596 982.4
0.12597 982.4
0.12598 982.4
0.12599 982.4
0.12600 982.4
0.12601 982.4
0.12602 982.4
0.12603 982.4
0.12604 982.4
0.12605 982.4
0.12606 982.4
0.12607 982.4
0.12608 982.4
0.12609 982.4
0.12610 982.4
0.12611 982.4
0.12612 982.4
0.12613 982.4
0.12614 982.4
0.12615 982.4
0.12616 982.4
0.12617 982.4
0.12618 982.4
0.12619 982.4
0.12620 982.4
0.12621 982.4
0.12622 982.4
0.12623 982.4
0.12624 982.4
0.12625 982.4
0.12626 982.4
0.12627 982.4
0.12628 982.4
0.12629 982.4
0.12630 982.4
0.12631 982.4
0.12632 982.4
0.12633 982.4
0.12634 982.4
0.12635 982.4
0.12636 982.4
0.12637 982.4
0.12638 982.4
0.12639 982.4
0.12640 982.4
0.12641 982.4
0.12642 982.4
0.12643 982.4
0.12644 982.4
0.12645 982.4
0.12646 982.4
0.12647 982.4
0.12648 982.4
0.12649 982.4
0.12650 982.4
0.12651 982.4
0.12652 982.4
0.12653 982.4
0.12654 982.4
0.12655 982.4
0.12656 982.4
0.12657 982.4
0.12658 982.4
0.12659 982.4
0.12660 982.4
0.12661 982.4
0.12662 982.4
0.12663 982.4
0.12664 982.4
0.12665 982.4
0.12666 982.4
0.12667 982.4
0.12668 982.4
0.12669 982.4
0.12670 982.4
0.12671 982.4
0.12672 982.4
0.12673 982.4
0.12674 982.4
0.12675 982.4
0.12676 982.4
0.12677 982.4
0.12678 982.4
0.12679 982.4
0.12680 982.4
0.12681 982.4
0.12682 982.4
0.12683 982.4
0.12684 982.4
0.12685 982.4
0.12686 982.4
0.12687 982.4
0.12688 982.4
0.12689 982.4
0.12690 982.4
0.12691 982.4
0.12692 982.4
0.12693 982.4
0.12694 982.4
0.12695 982.4
0.12696 982.4
0.12697 982.4
0.12698 982.4
0.12699 982.4
0.12700 982.4
0.12701 982.4
0.12702 982.4
0.12703 982.4
0.12704 982.4
0.12705 982.4
0.12706 982.4
0.12707 982.4
0.12708 982.4
0.12709 982.4
0.12710 982.4
0.12711 982.4
0.12712 982.4
0.12713 982.4
0.12714 982.4
0.12715 982.4
0.12716 982.4
0.12717 982.4
0.12718 982.4
0.12719 982.4
0.12720 982.4
0.12721 982.4
0.12722 982.4
0.12723 982.4
0.12724 982.4
0.12725 982.4
0.12726 982.4
0.12727 982.4
0.12728 982.4
0.12729 982.4
0.12730 982.4
0.12731 982.4
0.12732 982.4
0.12733 982.4
0.12734 982.4
0.12735 982.4
0.12736 982.4
0.12737 982.4
0.12738 982.4
0.12739 982.4
0.12740 982.4
0.12741 982.4
0.12742 982.4
0.12743 982.4
0.12744 982.4
0.12745 982.4
0.12746 982.4
0.12747 982.4
0.12748 982.4
0.12749 982.4
0.12750 982.4
0.12751 982.4
0.12752 982.4
0.12753 982.4
0.12754 982.4
0.12755 982.4
0.12756 982.4
0.12757 982.4
0.12758 982.4
0.12759 982.4
0.12760 982.4
0.12761 982.4
0.12762 982.4
0.12763 982.4
0.12764 982.4
0.12765 982.4
0.12766 982.4
0.12767 982.4
0.12768 982.4
0.12769 982.4
0.12770 982.4
0.12771 982.4
0.12772 982.4
0.12773 982.4
0.12774 982.4
0.12775 982.4
0.12776 982.4
0.12777 982.4
0.12778 982.4
0.12779 982.4
0.12780 982.4
0.12781 982.4
0.12782 982.4
0.12783 982.4
0.12784 982.4
0.12785 982.4
0.12786 982.4
0.12787 982.4
0.12788 982.4
0.12789 982.4
0.12790 982.4
0.12791 982.4
0.12792 982.4
0.12793 982.4
0.12794 982.4
0.12795 982.4
0.12796 982.4
0.12797 982.4
0.12798 982.4
0.12799 982.4
0.12800 982.4
0.12801 982.4
0.12802 982.4
0.12803 982.4
0.12804 982.4
0.12805 982.4
0.12806 982.4
0.12807 982.4
0.12808 982.4
0.12809 982.4
0.12810 982.4
0.12811 982.4
0.12812 982.4
0.12813 982.4
0.12814 982.4
0.12815 982.4
0.12816 982.4
0.12817 982.4
0.12818 982.4
0.12819 982.4
0.12820 982.4
0.12821 982.4
0.12822 982.4
0.12823 982.4
0.12824 982.4
0.12825 982.4
0.12826 982.4
0.12827 982.4
0.12828 982.4
0.12829 982.4
0.12830 982.4
0.12831 982.4
0.12832 982.4
0.12833 982.4
0.12834 982.4
0.12835 982.4
0.12836 982.4
0.12837 982.4
0.12838 982.4
0.12839 982.4
0.12840 982.4
0.12841 982.4
0.12842 982.4
0.12843 982.4
0.12844 982.4
0.12845 982.4
0.12846 982.4
0.12847 982.4
0.12848 982.4
0.12849 982.4
0.12850 982.4
0.12851 982.4
0.12852 982.4
0.12853 982.4
0.12854 982.4
0.12855 982.4
0.12856 982.4
0.12857 982.4
0.12858 982.4
0.12859 982.4
0.12860 982.4
0.12861 982.4
0.12862 982.4
0.12863 982.4
0.12864 982.4
0.12865 982.4
0.12866 982.4
0.12867 982.4
0.12868 982.4
0.12869 982.4
0.12870 982.4
0.12871 982.4
0.12872 982.4
0.12873 982.4
0.12874 982.4
0.12875 982.4
0.12876 982.4
0.12877 982.4
0.12878 982.4
0.12879 982.4
0.12880 982.4
0.12881 982.4
0.12882 982.4
0.12883 982.4
0.12884 982.4
0.12885 982.4
0.12886 982.4
0.12887 982.4
0.12888 982.4
0.12889 982.4
0.12890 982.4
0.12891 982.4
0.12892 982.4
0.12893 982.4
0.12894 982.4
0.12895 982.4
0.12896 982.4
0.12897 982.4
0.12898 982.4
0.12899 982.4
0.12900 982.4
0.12901 982.4
0.12902 982.4
0.12903 982.4
0.12904 982.4
0.12905 982.4
0.12906 982.4
0.12907 982.4
0.12908 982.4
0.12909 982.4
0.12910 982.4
0.12911 982.4
0.12912 982.4
0.12913 982.4
0.12914 982.4
0.12915 982.4
0.12916 982.4
0.12917 982.4
0.12918 982.4
0.12919 982.4
0.12920 982.4
0.12921 982.4
0.12922 982.4
0.12923 982.4
0.12924 982.4
0.12925 982.4
0.12926 982.4
0.12927 982.4
0.12928 982.4
0.12929 982.4
0.12930 982.4
0.12931 982.4
0.12932 982.4
0.12933 982.4
0.12934 982.4
0.12935 982.4
0.12936 982.4
0.12937 982.4
0.12938 982.4
0.12939 982.4
0.12940 982.4
0.12941 982.4
0.12942 982.4
0.12943 982.4
0.12944 982.4
0.12945 982.4
0.12946 982.4
0.12947 982.4
0.12948 982.4
0.12949 982.4
0.12950 982.4
0.12951 982.4
0.12952 982.4
0.12953 982.4
0.12954 982.4
0.12955 982.4
0.12956 982.4
0.12957 982.4
0.12958 982.4
0.12959 982.4
0.12960 982.4
0.12961 982.4
0.12962 982.4
0.12963 982.4
0.12964 982.4
0.12965 982.4
0.12966 982.4
0.12967 982.4
0.12968 982.4
0.12969 982.4
0.12970 982.4
0.12971 982.4
0.12972 982.4
0.12973 982.4
0.12974 982.4
0.12975 982.4
0.12976 982.4
0.12977 982.4
0.12978 982.4
0.12979 982.4
0.12980 982.4
0.12981 982.4
0.12982 982.4
0.12983 982.4
0.12984 982.4
0.12985 982.4
0.12986 982.4
0.12987 982.4
0.12988 982.4
0.12989 982.4
0.12990 982.4
0.12991 982.4
0.12992 982.4
0.12993 982.4
0.12994 982.4
0.12995 982.4
0.12996 982.4
0.12997 982.4
0.12998 982.4
0.12999 982.4
0.13000 982.4
0.13001 982.4
0.13002 982.4
0.13003 982.4
0.13004 982.4
0.13005 982.4
0.13006 982.4
0.13007 982.4
0.13008 982.4
0.13009 982.4
0.13010 982.4
0.13011 982.4
0.13012 982.4
0.13013 982.4
0.13014 982.4
0.13015 982.4
0.13016 982.4
0.13017 982.4
0.13018 982.4
0.13019 982.4
0.13020 982.4
0.13021 982.4
0.13022 982.4
0.13023 982.4
0.13024 982.4
0.13025 982.4
0.13026 982.4
0.13027 982.4
0.13028 982.4
0.13029 982.4
0.13030 982.4
0.13031 982.4
0.13032 982.4
0.13033 982.4
0.13034 982.4
0.13035 982.4
0.13036 982.4
0.13037 982.4
0.13038 982.4
0.13039 982.4
0.13040 982.4
0.13041 982.4
0.13042 982.4
0.13043 982.4
0.13044 982.4
0.13045 982.4
0.13046 982.4
0.13047 982.4
0.13048 982.4
0.13049 982.4
0.13050 982.4
0.13051 982.4
0.13052 982.4
0.13053 982.4
0.13054 982.4
0.13055 982.4
0.13056 982.4
0.13057 982.4
0.13058 982.4
0.13059 982.4
0.13060 982.4
0.13061 982.4
0.13062 982.4
0.13063 982.4
0.13064 982.4
0.13065 982.4
0.13066 982.4
0.13067 982.4
0.13068 982.4
0.13069 982.4
0.13070 982.4
0.13071 982.4
0.13072 982.4
0.13073 982.4
0.13074 982.4
0.13075 982.4
0.13076 982.4
0.13077 982.4
0.13078 982.4
0.13079 982.4
0.13080 982.4
0.13081 982.4
0.13082 982.4
0.13083 982.4
0.13084 982.4
0.13085 982.4
0.13086 982.4
0.13087 982.4
0.13088 982.4
0.13089 982.4
0.13090 982.4
0.13091 982.4
0.13092 982.4
0.13093 982.4
0.13094 982.4
0.13095 982.4
0.13096 982.4
0.13097 982.4
0.13098 982.4
0.13099 982.4
0.13100 982.4
0.13101 982.4
0.13102 982.4
0.13103 982.4
0.13104 982.4
0.13105 982.4
0.13106 982.4
0.13107 982.4
0.13108 982.4
0.13109 982.4
0.13110 982.4
0.13111 982.4
0.13112 982.4
0.13113 982.4
0.13114 982.4
0.13115 982.4
0.13116 982.4
0.13117 982.4
0.13118 982.4
0.13119 982.4
0.13120 982.4
0.13121 982.4
0.13122 982.4
0.13123 982.4
0.13124 982.4
0.13125 982.4
0.13126 982.4
0.13127 982.4
0.13128 982.4
0.13129 982.4
0.13130 982.4
0.13131 982.4
0.13132 982.4
0.13133 982.4
0.13134 982.4
0.13135 982.4
0.13136 982.4
0.13137 982.4
0.13138 982.4
0.13139 982.4
0.13140 982.4
0.13141 982.4
0.13142 982.4
0.13143 982.4
0.13144 982.4
0.13145 982.4
0.13146 982.4
0.13147 982.4
0.13148 982.4
0.13149 982.4
0.13150 982.4
0.13151 982.4
0.13152 982.4
0.13153 982.4
0.13154 982.4
0.13155 982.4
0.13156 982.4
0.13157 982.4
0.13158 982.4
0.13159 982.4
0.13160 982.4
0.13161 982.4
0.13162 982.4
0.13163 982.4
0.13164 982.4
0.13165 982.4
0.13166 982.4
0.13167 982.4
0.13168 982.4
0.13169 982.4
0.13170 982.4
0.13171 982.4
0.13172 982.4
0.13173 982.4
0.13174 982.4
0.13175 982.4
0.13176 982.4
0.13177 982.4
0.13178 982.4
0.13179 982.4
0.13180 982.4
0.13181 982.4
0.13182 982.4
0.13183 982.4
0.13184 982.4
0.13185 982.4
0.13186 982.4
0.13187 982.4
0.13188 982.4
0.13189 982.4
0.13190 982.4
0.13191 982.4
0.13192 982.4
0.13193 982.4
0.13194 982.4
0.13195 982.4
0.13196 982.4
0.13197 982.4
0.13198 982.4
0.13199 982.4
0.13200 982.4
0.13201 982.4
0.13202 982.4
0.13203 982.4
0.13204 982.4
0.13205 982.4
0.13206 982.4
0.13207 982.4
0.13208 982.4
0.13209 982.4
0.13210 982.4
0.13211 982.4
0.13212 982.4
0.13213 982.4
0.13214 982.4
0.13215 982.4
0.13216 982.4
0.13217 982.4
0.13218 982.4
0.13219 982.4
0.13220 982.4
0.13221 982.4
0.13222 982.4
0.13223 982.4
0.13224 982.4
0.13225 982.4
0.13226 982.4
0.13227 982.4
0.13228 982.4
0.13229 982.4
0.13230 982.4
0.13231 982.4
0.13232 982.4
0.13233 982.4
0.13234 982.4
0.13235 982.4
0.13236 982.4
0.13237 982.4
0.13238 982.4
0.13239 982.4
0.13240 982.4
0.13241 982.4
0.13242 982.4
0.13243 982.4
0.13244 982.4
0.13245 982.4
0.13246 982.4
0.13247 982.4
0.13248 982.4
0.13249 982.4
0.13250 982.4
0.13251 982.4
0.13252 982.4
0.13253 982.4
0.13254 982.4
0.13255 982.4
0.13256 982.4
0.13257 982.4
0.13258 982.4
0.13259 982.4
0.13260 982.4
0.13261 982.4
0.13262 982.4
0.13263 982.4
0.13264 982.4
0.13265 982.4
0.13266 982.4
0.13267 982.4
0.13268 982.4
0.13269 982.4
0.13270 982.4
0.13271 982.4
0.13272 982.4
0.13273 982.4
0.13274 982.4
0.13275 982.4
0.13276 982.4
0.13277 982.4
0.13278 982.4
0.13279 982.4
0.13280 982.4
0.13281 982.4
0.13282 982.4
0.13283 982.4
0.13284 982.4
0.13285 982.4
0.13286 982.4
0.13287 982.4
0.13288 982.4
0.13289 982.4
0.13290 982.4
0.13291 982.4
0.13292 982.4
0.13293 982.4
0.13294 982.4
0.13295 982.4
0.13296 982.4
0.13297 982.4
0.13298 982.4
0.13299 982.4
0.13300 982.4
0.13301 982.4
0.13302 982.4
0.13303 982.4
0.13304 982.4
0.13305 982.4
0.13306 982.4
0.13307 982.4
0.13308 982.4
0.13309 982.4
0.13310 982.4
0.13311 982.4
0.13312 982.4
0.13313 982.4
0.13314 982.4
0.13315 982.4
0.13316 982.4
0.13317 982.4
0.13318 982.4
0.13319 982.4
0.13320 982.4
0.13321 982.4
0.13322 982.4
0.13323 982.4
0.13324 982.4
0.13325 982.4
0.13326 982.4
0.13327 982.4
0.13328 982.4
0.13329 982.4
0.13330 982.4
0.13331 982.4
0.13332 982.4
0.13333 982.4
0.13334 982.4
0.13335 982.4
0.13336 982.4
0.13337 982.4
0.13338 982.4
0.13339 982.4
0.13340 982.4
0.13341 982.4
0.13342 982.4
0.13343 982.4
0.13344 982.4
0.13345 982.4
0.13346 982.4
0.13347 982.4
0.13348 982.4
0.13349 982.4
0.13350 982.4
0.13351 982.4
0.13352 982.4
0.13353 982.4
0.13354 982.4
0.13355 982.4
0.13356 982.4
0.13357 982.4
0.13358 982.4
0.13359 982.4
0.13360 982.4
0.13361 982.4
0.13362 982.4
0.13363 982.4
0.13364 982.4
0.13365 982.4
0.13366 982.4
0.13367 982.4
0.13368 982.4
0.13369 982.4
0.13370 982.4
0.13371 982.4
0.13372 982.4
0.13373 982.4
0.13374 982.4
0.13375 982.4
0.13376 982.4
0.13377 982.4
0.13378 982.4
0.13379 982.4
0.13380 982.4
0.13381 982.4
0.13382 982.4
0.13383 982.4
0.13384 982.4
0.13385 982.4
0.13386 982.4
0.13387 982.4
0.13388 982.4
0.13389 982.4
0.13390 982.4
0.13391 982.4
0.13392 982.4
0.13393 982.4
0.13394 982.4
0.13395 982.4
0.13396 982.4
0.13397 982.4
0.13398 982.4
0.13399 982.4
0.13400 982.4
0.13401 982.4
0.13402 982.4
0.13403 982.4
0.13404 982.4
0.13405 982.4
0.13406 982.4
0.13407 982.4
0.13408 982.4
0.13409 982.4
0.13410 982.4
0.13411 982.4
0.13412 982.4
0.13413 982.4
0.13414 982.4
0.13415 982.4
0.13416 982.4
0.13417 982.4
0.13418 982.4
0.13419 982.4
0.13420 982.4
0.13421 982.4
0.13422 982.4
0.13423 982.4
0.13424 982.4
0.13425 982.4
0.13426 982.4
0.13427 982.4
0.13428 982.4
0.13429 982.4
0.13430 982.4
0.13431 982.4
0.13432 982.4
0.13433 982.4
0.13434 982.4
0.13435 982.4
0.13436 982.4
0.13437 982.4
0.13438 982.4
0.13439 982.4
0.13440 982.4
0.13441 982.4
0.13442 982.4
0.13443 982.4
0.13444 982.4
0.13445 982.4
0.13446 982.4
0.13447 982.4
0.13448 982.4
0.13449 982.4
0.13450 982.4
0.13451 982.4
0.13452 982.4
0.13453 982.4
0.13454 982.4
0.13455 982.4
0.13456 982.4
0.13457 982.4
0.13458 982.4
0.13459 982.4
0.13460 982.4
0.13461 982.4
0.13462 982.4
0.13463 982.4
0.13464 982.4
0.13465 982.4
0.13466 982.4
0.13467 982.4
0.13468 982.4
0.13469 982.4
0.13470 982.4
0.13471 982.4
0.13472 982.4
0.13473 982.4
0.13474 982.4
0.13475 982.4
0.13476 982.4
0.13477 982.4
0.13478 982.4
0.13479 982.4
0.13480 982.4
0.13481 982.4
0.13482 982.4
0.13483 982.4
0.13484 982.4
0.13485 982.4
0.13486 982.4
0.13487 982.4
0.13488 982.4
0.13489 982.4
0.13490 982.4
0.13491 982.4
0.13492 982.4
0.13493 982.4
0.13494 982.4
0.13495 982.4
0.13496 982.4
0.13497 982.4
0.13498 982.4
0.13499 982.4
0.13500 982.4
0.13501 982.4
0.13502 982.4
0.13503 982.4
0.13504 982.4
0.13505 982.4
0.13506 982.4
0.13507 982.4
0.13508 982.4
0.13509 982.4
0.13510 982.4
0.13511 982.4
0.13512 982.4
0.13513 982.4
0.13514 982.4
0.13515 982.4
0.13516 982.4
0.13517 982.4
0.13518 982.4
0.13519 982.4
0.13520 982.4
0.13521 982.4
0.13522 982.4
0.13523 982.4
0.13524 982.4
0.13525 982.4
0.13526 982.4
0.13527 982.4
0.13528 982.4
0.13529 982.4
0.13530 982.4
0.13531 982.4
0.13532 982.4
0.13533 982.4
0.13534 982.4
0.13535 982.4
0.13536 982.4
0.13537 982.4
0.13538 982.4
0.13539 982.4
0.13540 982.4
0.13541 982.4
0.13542 982.4
0.13543 982.4
0.13544 982.4
0.13545 982.4
0.13546 982.4
0.13547 982.4
0.13548 982.4
0.13549 982.4
0.13550 982.4
0.13551 982.4
0.13552 982.4
0.13553 982.4
0.13554 982.4
0.13555 982.4
0.13556 982.4
0.13557 982.4
0.13558 982.4
0.13559 982.4
0.13560 982.4
0.13561 982.4
0.13562 982.4
0.13563 982.4
0.13564 982.4
0.13565 982.4
0.13566 982.4
0.13567 982.4
0.13568 982.4
0.13569 982.4
0.13570 982.4
0.13571 982.4
0.13572 982.4
0.13573 982.4
0.13574 982.4
0.13575 982.4
0.13576 982.4
0.13577 982.4
0.13578 982.4
0.13579 982.4
0.13580 982.4
0.13581 982.4
0.13582 982.4
0.13583 982.4
0.13584 982.4
0.13585 982.4
0.13586 982.4
0.13587 982.4
0.13588 982.4
0.13589 982.4
0.13590 982.4
0.13591 982.4
0.13592 982.4
0.13593 982.4
0.13594 982.4
0.13595 982.4
0.13596 982.4
0.13597 982.4
0.13598 982.4
0.13599 982.4
0.13600 982.4
0.13601 982.4
0.13602 982.4
0.13603 982.4
0.13604 982.4
0.13605 982.4
0.13606 982.4
0.13607 982.4
0.13608 982.4
0.13609 982.4
0.13610 982.4
0.13611 982.4
0.13612 982.4
0.13613 982.4
0.13614 982.4
0.13615 982.4
0.13616 982.4
0.13617 982.4
0.13618 982.4
0.13619 982.4
0.13620 982.4
0.13621 982.4
0.13622 982.4
0.13623 982.4
0.13624 982.4
0.13625 982.4
0.13626 982.4
0.13627 982.4
0.13628 982.4
0.13629 982.4
0.13630 982.4
0.13631 982.4
0.13632 982.4
0.13633 982.4
0.13634 982.4
0.13635 982.4
0.13636 982.4
0.13637 982.4
0.13638 982.4
0.13639 982.4
0.13640 982.4
0.13641 982.4
0.13642 982.4
0.13643 982.4
0.13644 982.4
0.13645 982.4
0.13646 982.4
0.13647 982.4
0.13648 982.4
0.13649 982.4
0.13650 982.4
0.13651 982.4
0.13652 982.4
0.13653 982.4
0.13654 982.4
0.13655 982.4
0.13656 982.4
0.13657 982.4
0.13658 982.4
0.13659 982.4
0.13660 982.4
0.13661 982.4
0.13662 982.4
0.13663 982.4
0.13664 982.4
0.13665 982.4
0.13666 982.4
0.13667 982.4
0.13668 982.4
0.13669 982.4
0.13670 982.4
0.13671 982.4
0.13672 982.4
0.13673 982.4
0.13674 982.4
0.13675 982.4
0.13676 982.4
0.13677 982.4
0.13678 982.4
0.13679 982.4
0.13680 982.4
0.13681 982.4
0.13682 982.4
0.13683 982.4
0.13684 982.4
0.13685 982.4
0.13686 982.4
0.13687 982.4
0.13688 982.4
0.13689 982.4
0.13690 982.4
0.13691 982.4
0.13692 982.4
0.13693 982.4
0.13694 982.4
0.13695 982.4
0.13696 982.4
0.13697 982.4
0.13698 982.4
0.13699 982.4
0.13700 982.4
0.13701 982.4
0.13702 982.4
0.13703 982.4
0.13704 982.4
0.13705 982.4
0.13706 982.4
0.13707 982.4
0.13708 982.4
0.13709 982.4
0.13710 982.4
0.13711 982.4
0.13712 982.4
0.13713 982.4
0.13714 982.4
0.13715 982.4
0.13716 982.4
0.13717 982.4
0.13718 982.4
0.13719 982.4
0.13720 982.4
0.13721 982.4
0.13722 982.4
0.13723 982.4
0.13724 982.4
0.13725 982.4
0.13726 982.4
0.13727 982.4
0.13728 982.4
0.13729 982.4
0.13730 982.4
0.13731 982.4
0.13732 982.4
0.13733 982.4
0.13734 982.4
0.13735 982.4
0.13736 982.4
0.13737 982.4
0.13738 982.4
0.13739 982.4
0.13740 982.4
0.13741 982.4
0.13742 982.4
0.13743 982.4
0.13744 982.4
0.13745 982.4
0.13746 982.4
0.13747 982.4
0.13748 982.4
0.13749 982.4
0.13750 982.4
0.13751 982.4
0.13752 982.4
0.13753 982.4
0.13754 982.4
0.13755 982.4
0.13756 982.4
0.13757 982.4
0.13758 982.4
0.13759 982.4
0.13760 982.4
0.13761 982.4
0.13762 982.4
0.13763 982.4
0.13764 982.4
0.13765 982.4
0.13766 982.4
0.13767 982.4
0.13768 982.4
0.13769 982.4
0.13770 982.4
0.13771 982.4
0.13772 982.4
0.13773 982.4
0.13774 982.4
0.13775 982.4
0.13776 982.4
0.13777 982.4
0.13778 982.4
0.13779 982.4
0.13780 982.4
0.13781 982.4
0.13782 982.4
0.13783 982.4
0.13784 982.4
0.13785 982.4
0.13786 982.4
0.13787 982.4
0.13788 982.4
0.13789 982.4
0.13790 982.4
0.13791 982.4
0.13792 982.4
0.13793 982.4
0.13794 982.4
0.13795 982.4
0.13796 982.4
0.13797 982.4
0.13798 982.4
0.13799 982.4
0.13800 982.4
0.13801 982.4
0.13802 982.4
0.13803 982.4
0.13804 982.4
0.13805 982.4
0.13806 982.4
0.13807 982.4
0.13808 982.4
0.13809 982.4
0.13810 982.4
0.13811 982.4
0.13812 982.4
0.13813 982.4
0.13814 982.4
0.13815 982.4
0.13816 982.4
0.13817 982.4
0.13818 982.4
0.13819 982.4
0.13820 982.4
0.13821 982.4
0.13822 982.4
0.13823 982.4
0.13824 982.4
0.13825 982.4
0.13826 982.4
0.13827 982.4
0.13828 982.4
0.13829 982.4
0.13830 982.4
0.13831 982.4
0.13832 982.4
0.13833 982.4
0.13834 982.4
0.13835 982.4
0.13836 982.4
0.13837 982.4
0.13838 982.4
0.13839 982.4
0.13840 982.4
0.13841 982.4
0.13842 982.4
0.13843 982.4
0.13844 982.4
0.13845 982.4
0.13846 982.4
0.13847 982.4
0.13848 982.4
0.13849 982.4
0.13850 982.4
0.13851 982.4
0.13852 982.4
0.13853 982.4
0.13854 982.4
0.13855 982.4
0.13856 982.4
0.13857 982.4
0.13858 982.4
0.13859 982.4
0.13860 982.4
0.13861 982.4
0.13862 982.4
0.13863 982.4
0.13864 982.4
0.13865 982.4
0.13866 982.4
0.13867 982.4
0.13868 982.4
0.13869 982.4
0.13870 982.4
0.13871 982.4
0.13872 982.4
0.13873 982.4
0.13874 982.4
0.13875 982.4
0.13876 982.4
0.13877 982.4
0.13878 982.4
0.13879 982.4
0.13880 982.4
0.13881 982.4
0.13882 982.4
0.13883 982.4
0.13884 982.4
0.13885 982.4
0.13886 982.4
0.13887 982.4
0.13888 982.4
0.13889 982.4
0.13890 982.4
0.13891 982.4
0.13892 982.4
0.13893 982.4
0.13894 982.4
0.13895 982.4
0.13896 982.4
0.13897 982.4
0.13898 982.4
0.13899 982.4
0.13900 982.4
0.13901 982.4
0.13902 982.4
0.13903 982.4
0.13904 982.4
0.13905 982.4
0.13906 982.4
0.13907 982.4
0.13908 982.4
0.13909 982.4
0.13910 982.4
0.13911 982.4
0.13912 982.4
0.13913 982.4
0.13914 982.4
0.13915 982.4
0.13916 982.4
0.13917 982.4
0.13918 982.4
0.13919 982.4
0.13920 982.4
0.13921 982.4
0.13922 982.4
0.13923 982.4
0.13924 982.4
0.13925 982.4
0.13926 982.4
0.13927 982.4
0.13928 982.4
0.13929 982.4
0.13930 982.4
0.13931 982.4
0.13932 982.4
0.13933 982.4
0.13934 982.4
0.13935 982.4
0.13936 982.4
0.13937 982.4
0.13938 982.4
0.13939 982.4
0.13940 982.4
0.13941 982.4
0.13942 982.4
0.13943 982.4
0.13944 982.4
0.13945 982.4
0.13946 982.4
0.13947 982.4
0.13948 982.4
0.13949 982.4
0.13950 982.4
0.13951 982.4
0.13952 982.4
0.13953 982.4
0.13954 982.4
0.13955 982.4
0.13956 982.4
0.13957 982.4
0.13958 982.4
0.13959 982.4
0.13960 982.4
0.13961 982.4
0.13962 982.4
0.13963 982.4
0.13964 982.4
0.13965 982.4
0.13966 982.4
0.13967 982.4
0.13968 982.4
0.13969 982.4
0.13970 982.4
0.13971 982.4
0.13972 982.4
0.13973 982.4
0.13974 982.4
0.13975 982.4
0.13976 982.4
0.13977 982.4
0.13978 982.4
0.13979 982.4
0.13980 982.4
0.13981 982.4
0.13982 982.4
0.13983 982.4
0.13984 982.4
0.13985 982.4
0.13986 982.4
0.13987 982.4
0.13988 982.4
0.13989 982.4
0.13990 982.4
0.13991 982.4
0.13992 982.4
0.13993 982.4
0.13994 982.4
0.13995 982.4
0.13996 982.4
0.13997 982.4
0.13998 982.4
0.13999 982.4
0.14000 982.4
0.14001 982.4
0.14002 982.4
0.14003 982.4
0.14004 982.4
0.14005 982.4
0.14006 982.4
0.14007 982.4
0.14008 982.4
0.14009 982.4
0.14010 982.4
0.14011 982.4
0.14012 982.4
0.14013 982.4
0.14014 982.4
0.14015 982.4
0.14016 982.4
0.14017 982.4
0.14018 982.4
0.14019 982.4
0.14020 982.4
0.14021 982.4
0.14022 982.4
0.14023 982.4
0.14024 982.4
0.14025 982.4
0.14026 982.4
0.14027 982.4
0.14028 982.4
0.14029 982.4
0.14030 982.4
0.14031 982.4
0.14032 982.4
0.14033 982.4
0.14034 982.4
0.14035 982.4
0.14036 982.4
0.14037 982.4
0.14038 982.4
0.14039 982.4
0.14040 982.4
0.14041 982.4
0.14042 982.4
0.14043 982.4
0.14044 982.4
0.14045 982.4
0.14046 982.4
0.14047 982.4
0.14048 982.4
0.14049 982.4
0.14050 982.4
0.14051 982.4
0.14052 982.4
0.14053 982.4
0.14054 982.4
0.14055 982.4
0.14056 982.4
0.14057 982.4
0.14058 982.4
0.14059 982.4
0.14060 982.4
0.14061 982.4
0.14062 982.4
0.14063 982.4
0.14064 982.4
0.14065 982.4
0.14066 982.4
0.14067 982.4
0.14068 982.4
0.14069 982.4
0.14070 982.4
0.14071 982.4
0.14072 982.4
0.14073 982.4
0.14074 982.4
0.14075 982.4
0.14076 982.4
0.14077 982.4
0.14078 982.4
0.14079 982.4
0.14080 982.4
0.14081 982.4
0.14082 982.4
0.14083 982.4
0.14084 982.4
0.14085 982.4
0.14086 982.4
0.14087 982.4
0.14088 982.4
0.14089 982.4
0.14090 982.4
0.14091 982.4
0.14092 982.4
0.14093 982.4
0.14094 982.4
0.14095 982.4
0.14096 982.4
0.14097 982.4
0.14098 982.4
0.14099 982.4
0.14100 982.4
0.14101 982.4
0.14102 982.4
0.14103 982.4
0.14104 982.4
0.14105 982.4
0.14106 982.4
0.14107 982.4
0.14108 982.4
0.14109 982.4
0.14110 982.4
0.14111 982.4
0.14112 982.4
0.14113 982.4
0.14114 982.4
0.14115 982.4
0.14116 982.4
0.14117 982.4
0.14118 982.4
0.14119 982.4
0.14120 982.4
0.14121 982.4
0.14122 982.4
0.14123 982.4
0.14124 982.4
0.14125 982.4
0.14126 982.4
0.14127 982.4
0.14128 982.4
0.14129 982.4
0.14130 982.4
0.14131 982.4
0.14132 982.4
0.14133 982.4
0.14134 982.4
0.14135 982.4
0.14136 982.4
0.14137 982.4
0.14138 982.4
0.14139 982.4
0.14140 982.4
0.14141 982.4
0.14142 982.4
0.14143 982.4
0.14144 982.4
0.14145 982.4
0.14146 982.4
0.14147 982.4
0.14148 982.4
0.14149 982.4
0.14150 982.4
0.14151 982.4
0.14152 982.4
0.14153 982.4
0.14154 982.4
0.14155 982.4
0.14156 982.4
0.14157 982.4
0.14158 982.4
0.14159 982.4
0.14160 982.4
0.14161 982.4
0.14162 982.4
0.14163 982.4
0.14164 982.4
0.14165 982.4
0.14166 982.4
0.14167 982.4
0.14168 982.4
0.14169 982.4
0.14170 982.4
0.14171 982.4
0.14172 982.4
0.14173 982.4
0.14174 982.4
0.14175 982.4
0.14176 982.4
0.14177 982.4
0.14178 982.4
0.14179 982.4
0.14180 982.4
0.14181 982.4
0.14182 982.4
0.14183 982.4
0.14184 982.4
0.14185 982.4
0.14186 982.4
0.14187 982.4
0.14188 982.4
0.14189 982.4
0.14190 982.4
0.14191 982.4
0.14192 982.4
0.14193 982.4
0.14194 982.4
0.14195 982.4
0.14196 982.4
0.14197 982.4
0.14198 982.4
0.14199 982.4
0.14200 982.4
0.14201 982.4
0.14202 982.4
0.14203 982.4
0.14204 982.4
0.14205 982.4
0.14206 982.4
0.14207 982.4
0.14208 982.4
0.14209 982.4
0.14210 982.4
0.14211 982.4
0.14212 982.4
0.14213 982.4
0.14214 982.4
0.14215 982.4
0.14216 982.4
0.14217 982.4
0.14218 982.4
0.14219 982.4
0.14220 982.4
0.14221 982.4
0.14222 982.4
0.14223 982.4
0.14224 982.4
0.14225 982.4
0.14226 982.4
0.14227 982.4
0.14228 982.4
0.14229 982.4
0.14230 982.4
0.14231 982.4
0.14232 982.4
0.14233 982.4
0.14234 982.4
0.14235 982.4
0.14236 982.4
0.14237 982.4
0.14238 982.4
0.14239 982.4
0.14240 982.4
0.14241 982.4
0.14242 982.4
0.14243 982.4
0.14244 982.4
0.14245 982.4
0.14246 982.4
0.14247 982.4
0.14248 982.4
0.14249 982.4
0.14250 982.4
0.14251 982.4
0.14252 982.4
0.14253 982.4
0.14254 982.4
0.14255 982.4
0.14256 982.4
0.14257 982.4
0.14258 982.4
0.14259 982.4
0.14260 982.4
0.14261 982.4
0.14262 982.4
0.14263 982.4
0.14264 982.4
0.14265 982.4
0.14266 982.4
0.14267 982.4
0.14268 982.4
0.14269 982.4
0.14270 982.4
0.14271 982.4
0.14272 982.4
0.14273 982.4
0.14274 982.4
0.14275 982.4
0.14276 982.4
0.14277 982.4
0.14278 982.4
0.14279 982.4
0.14280 982.4
0.14281 982.4
0.14282 982.4
0.14283 982.4
0.14284 982.4
0.14285 982.4
0.14286 982.4
0.14287 982.4
0.14288 982.4
0.14289 982.4
0.14290 982.4
0.14291 982.4
0.14292 982.4
0.14293 982.4
0.14294 982.4
0.14295 982.4
0.14296 982.4
0.14297 982.4
0.14298 982.4
0.14299 982.4
0.14300 982.4
0.14301 982.4
0.14302 982.4
0.14303 982.4
0.14304 982.4
0.14305 982.4
0.14306 982.4
0.14307 982.4
0.14308 982.4
0.14309 982.4
0.14310 982.4
0.14311 982.4
0.14312 982.4
0.14313 982.4
0.14314 982.4
0.14315 982.4
0.14316 982.4
0.14317 982.4
0.14318 982.4
0.14319 982.4
0.14320 982.4
0.14321 982.4
0.14322 982.4
0.14323 982.4
0.14324 982.4
0.14325 982.4
0.14326 982.4
0.14327 982.4
0.14328 982.4
0.14329 982.4
0.14330 982.4
0.14331 982.4
0.14332 982.4
0.14333 982.4
0.14334 982.4
0.14335 982.4
0.14336 982.4
0.14337 982.4
0.14338 982.4
0.14339 982.4
0.14340 982.4
0.14341 982.4
0.14342 982.4
0.14343 982.4
0.14344 982.4
0.14345 982.4
0.14346 982.4
0.14347 982.4
0.14348 982.4
0.14349 982.4
0.14350 982.4
0.14351 982.4
0.14352 982.4
0.14353 982.4
0.14354 982.4
0.14355 982.4
0.14356 982.4
0.14357 982.4
0.14358 982.4
0.14359 982.4
0.14360 982.4
0.14361 982.4
0.14362 982.4
0.14363 982.4
0.14364 982.4
0.14365 982.4
0.14366 982.4
0.14367 982.4
0.14368 982.4
0.14369 982.4
0.14370 982.4
0.14371 982.4
0.14372 982.4
0.14373 982.4
0.14374 982.4
0.14375 982.4
0.14376 982.4
0.14377 982.4
0.14378 982.4
0.14379 982.4
0.14380 982.4
0.14381 982.4
0.14382 982.4
0.14383 982.4
0.14384 982.4
0.14385 982.4
0.14386 982.4
0.14387 982.4
0.14388 982.4
0.14389 982.4
0.14390 982.4
0.14391 982.4
0.14392 982.4
0.14393 982.4
0.14394 982.4
0.14395 982.4
0.14396 982.4
0.14397 982.4
0.14398 982.4
0.14399 982.4
0.14400 982.4
0.14401 982.4
0.14402 982.4
0.14403 982.4
0.14404 982.4
0.14405 982.4
0.14406 982.4
0.14407 982.4
0.14408 982.4
0.14409 982.4
0.14410 982.4
0.14411 982.4
0.14412 982.4
0.14413 982.4
0.14414 982.4
0.14415 982.4
0.14416 982.4
0.14417 982.4
0.14418 982.4
0.14419 982.4
0.14420 982.4
0.14421 982.4
0.14422 982.4
0.14423 982.4
0.14424 982.4
0.14425 982.4
0.14426 982.4
0.14427 982.4
0.14428 982.4
0.14429 982.4
0.14430 982.4
0.14431 982.4
0.14432 982.4
0.14433 982.4
0.14434 982.4
0.14435 982.4
0.14436 982.4
0.14437 982.4
0.14438 982.4
0.14439 982.4
0.14440 982.4
0.14441 982.4
0.14442 982.4
0.14443 982.4
0.14444 982.4
0.14445 982.4
0.14446 982.4
0.14447 982.4
0.14448 982.4
0.14449 982.4
0.14450 982.4
0.14451 982.4
0.14452 982.4
0.14453 982.4
0.14454 982.4
0.14455 982.4
0.14456 982.4
0.14457 982.4
0.14458 982.4
0.14459 982.4
0.14460 982.4
0.14461 982.4
0.14462 982.4
0.14463 982.4
0.14464 982.4
0.14465 982.4
0.14466 982.4
0.14467 982.4
0.14468 982.4
0.14469 982.4
0.14470 982.4
0.14471 982.4
0.14472 982.4
0.14473 982.4
0.14474 982.4
0.14475 982.4
0.14476 982.4
0.14477 982.4
0.14478 982.4
0.14479 982.4
0.14480 982.4
0.14481 982.4
0.14482 982.4
0.14483 982.4
0.14484 982.4
0.14485 982.4
0.14486 982.4
0.14487 982.4
0.14488 982.4
0.14489 982.4
0.14490 982.4
0.14491 982.4
0.14492 982.4
0.14493 982.4
0.14494 982.4
0.14495 982.4
0.14496 982.4
0.14497 982.4
0.14498 982.4
0.14499 982.4
0.14500 982.4
0.14501 982.4
0.14502 982.4
0.14503 982.4
0.14504 982.4
0.14505 982.4
0.14506 982.4
0.14507 982.4
0.14508 982.4
0.14509 982.4
0.14510 982.4
0.14511 982.4
0.14512 982.4
0.14513 982.4
0.14514 982.4
0.14515 982.4
0.14516 982.4
0.14517 982.4
0.14518 982.4
0.14519 982.4
0.14520 982.4
0.14521 982.4
0.14522 982.4
0.14523 982.4
0.14524 982.4
0.14525 982.4
0.14526 982.4
0.14527 982.4
0.14528 982.4
0.14529 982.4
0.14530 982.4
0.14531 982.4
0.14532 982.4
0.14533 982.4
0.14534 982.4
0.14535 982.4
0.14536 982.4
0.14537 982.4
0.14538 982.4
0.14539 982.4
0.14540 982.4
0.14541 982.4
0.14542 982.4
0.14543 982.4
0.14544 982.4
0.14545 982.4
0.14546 982.4
0.14547 982.4
0.14548 982.4
0.14549 982.4
0.14550 982.4
0.14551 982.4
0.14552 982.4
0.14553 982.4
0.14554 982.4
0.14555 982.4
0.14556 982.4
0.14557 982.4
0.14558 982.4
0.14559 982.4
0.14560 982.4
0.14561 982.4
0.14562 982.4
0.14563 982.4
0.14564 982.4
0.14565 982.4
0.14566 982.4
0.14567 982.4
0.14568 982.4
0.14569 982.4
0.14570 982.4
0.14571 982.4
0.14572 982.4
0.14573 982.4
0.14574 982.4
0.14575 982.4
0.14576 982.4
0.14577 982.4
0.14578 982.4
0.14579 982.4
0.14580 982.4
0.14581 982.4
0.14582 982.4
0.14583 982.4
0.14584 982.4
0.14585 982.4
0.14586 982.4
0.14587 982.4
0.14588 982.4
0.14589 982.4
0.14590 982.4
0.14591 982.4
0.14592 982.4
0.14593 982.4
0.14594 982.4
0.14595 982.4
0.14596 982.4
0.14597 982.4
0.14598 982.4
0.14599 982.4
0.14600 982.4
0.14601 982.4
0.14602 982.4
0.14603 982.4
0.14604 982.4
0.14605 982.4
0.14606 982.4
0.14607 982.4
0.14608 982.4
0.14609 982.4
0.14610 982.4
0.14611 982.4
0.14612 982.4
0.14613 982.4
0.14614 982.4
0.14615 982.4
0.14616 982.4
0.14617 982.4
0.14618 982.4
0.14619 982.4
0.14620 982.4
0.14621 982.4
0.14622 982.4
0.14623 982.4
0.14624 982.4
0.14625 982.4
0.14626 982.4
0.14627 982.4
0.14628 982.4
0.14629 982.4
0.14630 982.4
0.14631 982.4
0.14632 982.4
0.14633 982.4
0.14634 982.4
0.14635 982.4
0.14636 982.4
0.14637 982.4
0.14638 982.4
0.14639 982.4
0.14640 982.4
0.14641 982.4
0.14642 982.4
0.14643 982.4
0.14644 982.4
0.14645 982.4
0.14646 982.4
0.14647 982.4
0.14648 982.4
0.14649 982.4
0.14650 982.4
0.14651 982.4
0.14652 982.4
0.14653 982.4
0.14654 982.4
0.14655 982.4
0.14656 982.4
0.14657 982.4
0.14658 982.4
0.14659 982.4
0.14660 982.4
0.14661 982.4
0.14662 982.4
0.14663 982.4
0.14664 982.4
0.14665 982.4
0.14666 982.4
0.14667 982.4
0.14668 982.4
0.14669 982.4
0.14670 982.4
0.14671 982.4
0.14672 982.4
0.14673 982.4
0.14674 982.4
0.14675 982.4
0.14676 982.4
0.14677 982.4
0.14678 982.4
0.14679 982.4
0.14680 982.4
0.14681 982.4
0.14682 982.4
0.14683 982.4
0.14684 982.4
0.14685 982.4
0.14686 982.4
0.14687 982.4
0.14688 982.4
0.14689 982.4
0.14690 982.4
0.14691 982.4
0.14692 982.4
0.14693 982.4
0.14694 982.4
0.14695 982.4
0.14696 982.4
0.14697 982.4
0.14698 982.4
0.14699 982.4
0.14700 982.4
0.14701 982.4
0.14702 982.4
0.14703 982.4
0.14704 982.4
0.14705 982.4
0.14706 982.4
0.14707 982.4
0.14708 982.4
0.14709 982.4
0.14710 982.4
0.14711 982.4
0.14712 982.4
0.14713 982.4
0.14714 982.4
0.14715 982.4
0.14716 982.4
0.14717 982.4
0.14718 982.4
0.14719 982.4
0.14720 982.4
0.14721 982.4
0.14722 982.4
0.14723 982.4
0.14724 982.4
0.14725 982.4
0.14726 982.4
0.14727 982.4
0.14728 982.4
0.14729 982.4
0.14730 982.4
0.14731 982.4
0.14732 982.4
0.14733 982.4
0.14734 982.4
0.14735 982.4
0.14736 982.4
0.14737 982.4
0.14738 982.4
0.14739 982.4
0.14740 982.4
0.14741 982.4
0.14742 982.4
0.14743 982.4
0.14744 982.4
0.14745 982.4
0.14746 982.4
0.14747 982.4
0.14748 982.4
0.14749 982.4
0.14750 982.4
0.14751 982.4
0.14752 982.4
0.14753 982.4
0.14754 982.4
0.14755 982.4
0.14756 982.4
0.14757 982.4
0.14758 982.4
0.14759 982.4
0.14760 982.4
0.14761 982.4
0.14762 982.4
0.14763 982.4
0.14764 982.4
0.14765 982.4
0.14766 982.4
0.14767 982.4
0.14768 982.4
0.14769 982.4
0.14770 982.4
0.14771 982.4
0.14772 982.4
0.14773 982.4
0.14774 982.4
0.14775 982.4
0.14776 982.4
0.14777 982.4
0.14778 982.4
0.14779 982.4
0.14780 982.4
0.14781 982.4
0.14782 982.4
0.14783 982.4
0.14784 982.4
0.14785 982.4
0.14786 982.4
0.14787 982.4
0.14788 982.4
0.14789 982.4
0.14790 982.4
0.14791 982.4
0.14792 982.4
0.14793 982.4
0.14794 982.4
0.14795 982.4
0.14796 982.4
0.14797 982.4
0.14798 982.4
0.14799 982.4
0.14800 982.4
0.14801 982.4
0.14802 982.4
0.14803 982.4
0.14804 982.4
0.14805 982.4
0.14806 982.4
0.14807 982.4
0.14808 982.4
0.14809 982.4
0.14810 982.4
0.14811 982.4
0.14812 982.4
0.14813 982.4
0.14814 982.4
0.14815 982.4
0.14816 982.4
0.14817 982.4
0.14818 982.4
0.14819 982.4
0.14820 982.4
0.14821 982.4
0.14822 982.4
0.14823 982.4
0.14824 982.4
0.14825 982.4
0.14826 982.4
0.14827 982.4
0.14828 982.4
0.14829 982.4
0.14830 982.4
0.14831 982.4
0.14832 982.4
0.14833 982.4
0.14834 982.4
0.14835 982.4
0.14836 982.4
0.14837 982.4
0.14838 982.4
0.14839 982.4
0.14840 982.4
0.14841 982.4
0.14842 982.4
0.14843 982.4
0.14844 982.4
0.14845 982.4
0.14846 982.4
0.14847 982.4
0.14848 982.4
0.14849 982.4
0.14850 982.4
0.14851 982.4
0.14852 982.4
0.14853 982.4
0.14854 982.4
0.14855 982.4
0.14856 982.4
0.14857 982.4
0.14858 982.4
0.14859 982.4
0.14860 982.4
0.14861 982.4
0.14862 982.4
0.14863 982.4
0.14864 982.4
0.14865 982.4
0.14866 982.4
0.14867 982.4
0.14868 982.4
0.14869 982.4
0.14870 982.4
0.14871 982.4
0.14872 982.4
0.14873 982.4
0.14874 982.4
0.14875 982.4
0.14876 982.4
0.14877 982.4
0.14878 982.4
0.14879 982.4
0.14880 982.4
0.14881 982.4
0.14882 982.4
0.14883 982.4
0.14884 982.4
0.14885 982.4
0.14886 982.4
0.14887 982.4
0.14888 982.4
0.14889 982.4
0.14890 982.4
0.14891 982.4
0.14892 982.4
0.14893 982.4
0.14894 982.4
0.14895 982.4
0.14896 982.4
0.14897 982.4
0.14898 982.4
0.14899 982.4
0.14900 982.4
0.14901 982.4
0.14902 982.4
0.14903 982.4
0.14904 982.4
0.14905 982.4
0.14906 982.4
0.14907 982.4
0.14908 982.4
0.14909 982.4
0.14910 982.4
0.14911 982.4
0.14912 982.4
0.14913 982.4
0.14914 982.4
0.14915 982.4
0.14916 982.4
0.14917 982.4
0.14918 982.4
0.14919 982.4
0.14920 982.4
0.14921 982.4
0.14922 982.4
0.14923 982.4
0.14924 982.4
0.14925 982.4
0.14926 982.4
0.14927 982.4
0.14928 982.4
0.14929 982.4
0.14930 982.4
0.14931 982.4
0.14932 982.4
0.14933 982.4
0.14934 982.4
0.14935 982.4
0.14936 982.4
0.14937 982.4
0.14938 982.4
0.14939 982.4
0.14940 982.4
0.14941 982.4
0.14942 982.4
0.14943 982.4
0.14944 982.4
0.14945 982.4
0.14946 982.4
0.14947 982.4
0.14948 982.4
0.14949 982.4
0.14950 982.4
0.14951 982.4
0.14952 982.4
0.14953 982.4
0.14954 982.4
0.14955 982.4
0.14956 982.4
0.14957 982.4
0.14958 982.4
0.14959 982.4
0.14960 982.4
0.14961 982.4
0.14962 982.4
0.14963 982.4
0.14964 982.4
0.14965 982.4
0.14966 982.4
0.14967 982.4
0.14968 982.4
0.14969 982.4
0.14970 982.4
0.14971 982.4
0.14972 982.4
0.14973 982.4
0.14974 982.4
0.14975 982.4
0.14976 982.4
0.14977 982.4
0.14978 982.4
0.14979 982.4
0.14980 982.4
0.14981 982.4
0.14982 982.4
0.14983 982.4
0.14984 982.4
0.14985 982.4
0.14986 982.4
0.14987 982.4
0.14988 982.4
0.14989 982.4
0.14990 982.4
0.14991 982.4
0.14992 982.4
0.14993 982.4
0.14994 982.4
0.14995 982.4
0.14996 982.4
0.14997 982.4
0.14998 982.4
0.14999 982.4
0.15000 982.4
0.15001 982.4
0.15002 982.4
0.15003 982.4
0.15004 982.4
0.15005 982.4
0.15006 982.4
0.15007 982.4
0.15008 982.4
0.15009 982.4
0.15010 982.4
0.15011 982.4
0.15012 982.4
0.15013 982.4
0.15014 982.4
0.15015 982.4
0.15016 982.4
0.15017 982.4
0.15018 982.4
0.15019 982.4
0.15020 982.4
0.15021 982.4
0.15022 982.4
0.15023 982.4
0.15024 982.4
0.15025 982.4
0.15026 982.4
0.15027 982.4
0.15028 982.4
0.15029 982.4
0.15030 982.4
0.15031 982.4
0.15032 982.4
0.15033 982.4
0.15034 982.4
0.15035 982.4
0.15036 982.4
0.15037 982.4
0.15038 982.4
0.15039 982.4
0.15040 982.4
0.15041 982.4
0.15042 982.4
0.15043 982.4
0.15044 982.4
0.15045 982.4
0.15046 982.4
0.15047 982.4
0.15048 982.4
0.15049 982.4
0.15050 982.4
0.15051 982.4
0.15052 982.4
0.15053 982.4
0.15054 982.4
0.15055 982.4
0.15056 982.4
0.15057 982.4
0.15058 982.4
0.15059 982.4
0.15060 982.4
0.15061 982.4
0.15062 982.4
0.15063 982.4
0.15064 982.4
0.15065 982.4
0.15066 982.4
0.15067 982.4
0.15068 982.4
0.15069 982.4
0.15070 982.4
0.15071 982.4
0.15072 982.4
0.15073 982.4
0.15074 982.4
0.15075 982.4
0.15076 982.4
0.15077 982.4
0.15078 982.4
0.15079 982.4
0.15080 982.4
0.15081 982.4
0.15082 982.4
0.15083 982.4
0.15084 982.4
0.15085 982.4
0.15086 982.4
0.15087 982.4
0.15088 982.4
0.15089 982.4
0.15090 982.4
0.15091 982.4
0.15092 982.4
0.15093 982.4
0.15094 982.4
0.15095 982.4
0.15096 982.4
0.15097 982.4
0.15098 982.4
0.15099 982.4
0.15100 982.4
0.15101 982.4
0.15102 982.4
0.15103 982.4
0.15104 982.4
0.15105 982.4
0.15106 982.4
0.15107 982.4
0.15108 982.4
0.15109 982.4
0.15110 982.4
0.15111 982.4
0.15112 982.4
0.15113 982.4
0.15114 982.4
0.15115 982.4
0.15116 982.4
0.15117 982.4
0.15118 982.4
0.15119 982.4
0.15120 982.4
0.15121 982.4
0.15122 982.4
0.15123 982.4
0.15124 982.4
0.15125 982.4
0.15126 982.4
0.15127 982.4
0.15128 982.4
0.15129 982.4
0.15130 982.4
0.15131 982.4
0.15132 982.4
0.15133 982.4
0.15134 982.4
0.15135 982.4
0.15136 982.4
0.15137 982.4
0.15138 982.4
0.15139 982.4
0.15140 982.4
0.15141 982.4
0.15142 982.4
0.15143 982.4
0.15144 982.4
0.15145 982.4
0.15146 982.4
0.15147 982.4
0.15148 982.4
0.15149 982.4
0.15150 982.4
0.15151 982.4
0.15152 982.4
0.15153 982.4
0.15154 982.4
0.15155 982.4
0.15156 982.4
0.15157 982.4
0.15158 982.4
0.15159 982.4
0.15160 982.4
0.15161 982.4
0.15162 982.4
0.15163 982.4
0.15164 982.4
0.15165 982.4
0.15166 982.4
0.15167 982.4
0.15168 982.4
0.15169 982.4
0.15170 982.4
0.15171 982.4
0.15172 982.4
0.15173 982.4
0.15174 982.4
0.15175 982.4
0.15176 982.4
0.15177 982.4
0.15178 982.4
0.15179 982.4
0.15180 982.4
0.15181 982.4
0.15182 982.4
0.15183 982.4
0.15184 982.4
0.15185 982.4
0.15186 982.4
0.15187 982.4
0.15188 982.4
0.15189 982.4
0.15190 982.4
0.15191 982.4
0.15192 982.4
0.15193 982.4
0.15194 982.4
0.15195 982.4
0.15196 982.4
0.15197 982.4
0.15198 982.4
0.15199 982.4
0.15200 982.4
0.15201 982.4
0.15202 982.4
0.15203 982.4
0.15204 982.4
0.15205 982.4
0.15206 982.4
0.15207 982.4
0.15208 982.4
0.15209 982.4
0.15210 982.4
0.15211 982.4
0.15212 982.4
0.15213 982.4
0.15214 982.4
0.15215 982.4
0.15216 982.4
0.15217 982.4
0.15218 982.4
0.15219 982.4
0.15220 982.4
0.15221 982.4
0.15222 982.4
0.15223 982.4
0.15224 982.4
0.15225 982.4
0.15226 982.4
0.15227 982.4
0.15228 982.4
0.15229 982.4
0.15230 982.4
0.15231 982.4
0.15232 982.4
0.15233 982.4
0.15234 982.4
0.15235 982.4
0.15236 982.4
0.15237 982.4
0.15238 982.4
0.15239 982.4
0.15240 982.4
0.15241 982.4
0.15242 982.4
0.15243 982.4
0.15244 982.4
0.15245 982.4
0.15246 982.4
0.15247 982.4
0.15248 982.4
0.15249 982.4
0.15250 982.4
0.15251 982.4
0.15252 982.4
0.15253 982.4
0.15254 982.4
0.15255 982.4
0.15256 982.4
0.15257 982.4
0.15258 982.4
0.15259 982.4
0.15260 982.4
0.15261 982.4
0.15262 982.4
0.15263 982.4
0.15264 982.4
0.15265 982.4
0.15266 982.4
0.15267 982.4
0.15268 982.4
0.15269 982.4
0.15270 982.4
0.15271 982.4
0.15272 982.4
0.15273 982.4
0.15274 982.4
0.15275 982.4
0.15276 982.4
0.15277 982.4
0.15278 982.4
0.15279 982.4
0.15280 982.4
0.15281 982.4
0.15282 982.4
0.15283 982.4
0.15284 982.4
0.15285 982.4
0.15286 982.4
0.15287 982.4
0.15288 982.4
0.15289 982.4
0.15290 982.4
0.15291 982.4
0.15292 982.4
0.15293 982.4
0.15294 982.4
0.15295 982.4
0.15296 982.4
0.15297 982.4
0.15298 982.4
0.15299 982.4
0.15300 982.4
0.15301 982.4
0.15302 982.4
0.15303 982.4
0.15304 982.4
0.15305 982.4
0.15306 982.4
0.15307 982.4
0.15308 982.4
0.15309 982.4
0.15310 982.4
0.15311 982.4
0.15312 982.4
0.15313 982.4
0.15314 982.4
0.15315 982.4
0.15316 982.4
0.15317 982.4
0.15318 982.4
0.15319 982.4
0.15320 982.4
0.15321 982.4
0.15322 982.4
0.15323 982.4
0.15324 982.4
0.15325 982.4
0.15326 982.4
0.15327 982.4
0.15328 982.4
0.15329 982.4
0.15330 982.4
0.15331 982.4
0.15332 982.4
0.15333 982.4
0.15334 982.4
0.15335 982.4
0.15336 982.4
0.15337 982.4
0.15338 982.4
0.15339 982.4
0.15340 982.4
0.15341 982.4
0.15342 982.4
0.15343 982.4
0.15344 982.4
0.15345 982.4
0.15346 982.4
0.15347 982.4
0.15348 982.4
0.15349 982.4
0.15350 982.4
0.15351 982.4
0.15352 982.4
0.15353 982.4
0.15354 982.4
0.15355 982.4
0.15356 982.4
0.15357 982.4
0.15358 982.4
0.15359 982.4
0.15360 982.4
0.15361 982.4
0.15362 982.4
0.15363 982.4
0.15364 982.4
0.15365 982.4
0.15366 982.4
0.15367 982.4
0.15368 982.4
0.15369 982.4
0.15370 982.4
0.15371 982.4
0.15372 982.4
0.15373 982.4
0.15374 982.4
0.15375 982.4
0.15376 982.4
0.15377 982.4
0.15378 982.4
0.15379 982.4
0.15380 982.4
0.15381 982.4
0.15382 982.4
0.15383 982.4
0.15384 982.4
0.15385 982.4
0.15386 982.4
0.15387 982.4
0.15388 982.4
0.15389 982.4
0.15390 982.4
0.15391 982.4
0.15392 982.4
0.15393 982.4
0.15394 982.4
0.15395 982.4
0.15396 982.4
0.15397 982.4
0.15398 982.4
0.15399 982.4
0.15400 982.4
0.15401 982.4
0.15402 982.4
0.15403 982.4
0.15404 982.4
0.15405 982.4
0.15406 982.4
0.15407 982.4
0.15408 982.4
0.15409 982.4
0.15410 982.4
0.15411 982.4
0.15412 982.4
0.15413 982.4
0.15414 982.4
0.15415 982.4
0.15416 982.4
0.15417 982.4
0.15418 982.4
0.15419 982.4
0.15420 982.4
0.15421 982.4
0.15422 982.4
0.15423 982.4
0.15424 982.4
0.15425 982.4
0.15426 982.4
0.15427 982.4
0.15428 982.4
0.15429 982.4
0.15430 982.4
0.15431 982.4
0.15432 982.4
0.15433 982.4
0.15434 982.4
0.15435 982.4
0.15436 982.4
0.15437 982.4
0.15438 982.4
0.15439 982.4
0.15440 982.4
0.15441 982.4
0.15442 982.4
0.15443 982.4
0.15444 982.4
0.15445 982.4
0.15446 982.4
0.15447 982.4
0.15448 982.4
0.15449 982.4
0.15450 982.4
0.15451 982.4
0.15452 982.4
0.15453 982.4
0.15454 982.4
0.15455 982.4
0.15456 982.4
0.15457 982.4
0.15458 982.4
0.15459 982.4
0.15460 982.4
0.15461 982.4
0.15462 982.4
0.15463 982.4
0.15464 982.4
0.15465 982.4
0.15466 982.4
0.15467 982.4
0.15468 982.4
0.15469 982.4
0.15470 982.4
0.15471 982.4
0.15472 982.4
0.15473 982.4
0.15474 982.4
0.15475 982.4
0.15476 982.4
0.15477 982.4
0.15478 982.4
0.15479 982.4
0.15480 982.4
0.15481 982.4
0.15482 982.4
0.15483 982.4
0.15484 982.4
0.15485 982.4
0.15486 982.4
0.15487 982.4
0.15488 982.4
0.15489 982.4
0.15490 982.4
0.15491 982.4
0.15492 982.4
0.15493 982.4
0.15494 982.4
0.15495 982.4
0.15496 982.4
0.15497 982.4
0.15498 982.4
0.15499 982.4
0.15500 982.4
0.15501 982.4
0.15502 982.4
0.15503 982.4
0.15504 982.4
0.15505 982.4
0.15506 982.4
0.15507 982.4
0.15508 982.4
0.15509 982.4
0.15510 982.4
0.15511 982.4
0.15512 982.4
0.15513 982.4
0.15514 982.4
0.15515 982.4
0.15516 982.4
0.15517 982.4
0.15518 982.4
0.15519 982.4
0.15520 982.4
0.15521 982.4
0.15522 982.4
0.15523 982.4
0.15524 982.4
0.15525 982.4
0.15526 982.4
0.15527 982.4
0.15528 982.4
0.15529 982.4
0.15530 982.4
0.15531 982.4
0.15532 982.4
0.15533 982.4
0.15534 982.4
0.15535 982.4
0.15536 982.4
0.15537 982.4
0.15538 982.4
0.15539 982.4
0.15540 982.4
0.15541 982.4
0.15542 982.4
0.15543 982.4
0.15544 982.4
0.15545 982.4
0.15546 982.4
0.15547 982.4
0.15548 982.4
0.15549 982.4
0.15550 982.4
0.15551 982.4
0.15552 982.4
0.15553 982.4
0.15554 982.4
0.15555 982.4
0.15556 982.4
0.15557 982.4
0.15558 982.4
0.15559 982.4
0.15560 982.4
0.15561 982.4
0.15562 982.4
0.15563 982.4
0.15564 982.4
0.15565 982.4
0.15566 982.4
0.15567 982.4
0.15568 982.4
0.15569 982.4
0.15570 982.4
0.15571 982.4
0.15572 982.4
0.15573 982.4
0.15574 982.4
0.15575 982.4
0.15576 982.4
0.15577 982.4
0.15578 982.4
0.15579 982.4
0.15580 982.4
0.15581 982.4
0.15582 982.4
0.15583 982.4
0.15584 982.4
0.15585 982.4
0.15586 982.4
0.15587 982.4
0.15588 982.4
0.15589 982.4
0.15590 982.4
0.15591 982.4
0.15592 982.4
0.15593 982.4
0.15594 982.4
0.15595 982.4
0.15596 982.4
0.15597 982.4
0.15598 982.4
0.15599 982.4
0.15600 982.4
0.15601 982.4
0.15602 982.4
0.15603 982.4
0.15604 982.4
0.15605 982.4
0.15606 982.4
0.15607 982.4
0.15608 982.4
0.15609 982.4
0.15610 982.4
0.15611 982.4
0.15612 982.4
0.15613 982.4
0.15614 982.4
0.15615 982.4
0.15616 982.4
0.15617 982.4
0.15618 982.4
0.15619 982.4
0.15620 982.4
0.15621 982.4
0.15622 982.4
0.15623 982.4
0.15624 982.4
0.15625 982.4
0.15626 982.4
0.15627 982.4
0.15628 982.4
0.15629 982.4
0.15630 982.4
0.15631 982.4
0.15632 982.4
0.15633 982.4
0.15634 982.4
0.15635 982.4
0.15636 982.4
0.15637 982.4
0.15638 982.4
0.15639 982.4
0.15640 982.4
0.15641 982.4
0.15642 982.4
0.15643 982.4
0.15644 982.4
0.15645 982.4
0.15646 982.4
0.15647 982.4
0.15648 982.4
0.15649 982.4
0.15650 982.4
0.15651 982.4
0.15652 982.4
0.15653 982.4
0.15654 982.4
0.15655 982.4
0.15656 982.4
0.15657 982.4
0.15658 982.4
0.15659 982.4
0.15660 982.4
0.15661 982.4
0.15662 982.4
0.15663 982.4
0.15664 982.4
0.15665 982.4
0.15666 982.4
0.15667 982.4
0.15668 982.4
0.15669 982.4
0.15670 982.4
0.15671 982.4
0.15672 982.4
0.15673 982.4
0.15674 982.4
0.15675 982.4
0.15676 982.4
0.15677 982.4
0.15678 982.4
0.15679 982.4
0.15680 982.4
0.15681 982.4
0.15682 982.4
0.15683 982.4
0.15684 982.4
0.15685 982.4
0.15686 982.4
0.15687 982.4
0.15688 982.4
0.15689 982.4
0.15690 982.4
0.15691 982.4
0.15692 982.4
0.15693 982.4
0.15694 982.4
0.15695 982.4
0.15696 982.4
0.15697 982.4
0.15698 982.4
0.15699 982.4
0.15700 982.4
0.15701 982.4
0.15702 982.4
0.15703 982.4
0.15704 982.4
0.15705 982.4
0.15706 982.4
0.15707 982.4
0.15708 982.4
0.15709 982.4
0.15710 982.4
0.15711 982.4
0.15712 982.4
0.15713 982.4
0.15714 982.4
0.15715 982.4
0.15716 982.4
0.15717 982.4
0.15718 982.4
0.15719 982.4
0.15720 982.4
0.15721 982.4
0.15722 982.4
0.15723 982.4
0.15724 982.4
0.15725 982.4
0.15726 982.4
0.15727 982.4
0.15728 982.4
0.15729 982.4
0.15730 982.4
0.15731 982.4
0.15732 982.4
0.15733 982.4
0.15734 982.4
0.15735 982.4
0.15736 982.4
0.15737 982.4
0.15738 982.4
0.15739 982.4
0.15740 982.4
0.15741 982.4
0.15742 982.4
0.15743 982.4
0.15744 982.4
0.15745 982.4
0.15746 982.4
0.15747 982.4
0.15748 982.4
0.15749 982.4
0.15750 982.4
0.15751 982.4
0.15752 982.4
0.15753 982.4
0.15754 982.4
0.15755 982.4
0.15756 982.4
0.15757 982.4
0.15758 982.4
0.15759 982.4
0.15760 982.4
0.15761 982.4
0.15762 982.4
0.15763 982.4
0.15764 982.4
0.15765 982.4
0.15766 982.4
0.15767 982.4
0.15768 982.4
0.15769 982.4
0.15770 982.4
0.15771 982.4
0.15772 982.4
0.15773 982.4
0.15774 982.4
0.15775 982.4
0.15776 982.4
0.15777 982.4
0.15778 982.4
0.15779 982.4
0.15780 982.4
0.15781 982.4
0.15782 982.4
0.15783 982.4
0.15784 982.4
0.15785 982.4
0.15786 982.4
0.15787 982.4
0.15788 982.4
0.15789 982.4
0.15790 982.4
0.15791 982.4
0.15792 982.4
0.15793 982.4
0.15794 982.4
0.15795 982.4
0.15796 982.4
0.15797 982.4
0.15798 982.4
0.15799 982.4
0.15800 982.4
0.15801 982.4
0.15802 982.4
0.15803 982.4
0.15804 982.4
0.15805 982.4
0.15806 982.4
0.15807 982.4
0.15808 982.4
0.15809 982.4
0.15810 982.4
0.15811 982.4
0.15812 982.4
0.15813 982.4
0.15814 982.4
0.15815 982.4
0.15816 982.4
0.15817 982.4
0.15818 982.4
0.15819 982.4
0.15820 982.4
0.15821 982.4
0.15822 982.4
0.15823 982.4
0.15824 982.4
0.15825 982.4
0.15826 982.4
0.15827 982.4
0.15828 982.4
0.15829 982.4
0.15830 982.4
0.15831 982.4
0.15832 982.4
0.15833 982.4
0.15834 982.4
0.15835 982.4
0.15836 982.4
0.15837 982.4
0.15838 982.4
0.15839 982.4
0.15840 982.4
0.15841 982.4
0.15842 982.4
0.15843 982.4
0.15844 982.4
0.15845 982.4
0.15846 982.4
0.15847 982.4
0.15848 982.4
0.15849 982.4
0.15850 982.4
0.15851 982.4
0.15852 982.4
0.15853 982.4
0.15854 982.4
0.15855 982.4
0.15856 982.4
0.15857 982.4
0.15858 982.4
0.15859 982.4
0.15860 982.4
0.15861 982.4
0.15862 982.4
0.15863 982.4
0.15864 982.4
0.15865 982.4
0.15866 982.4
0.15867 982.4
0.15868 982.4
0.15869 982.4
0.15870 982.4
0.15871 982.4
0.15872 982.4
0.15873 982.4
0.15874 982.4
0.15875 982.4
0.15876 982.4
0.15877 982.4
0.15878 982.4
0.15879 982.4
0.15880 982.4
0.15881 982.4
0.15882 982.4
0.15883 982.4
0.15884 982.4
0.15885 982.4
0.15886 982.4
0.15887 982.4
0.15888 982.4
0.15889 982.4
0.15890 982.4
0.15891 982.4
0.15892 982.4
0.15893 982.4
0.15894 982.4
0.15895 982.4
0.15896 982.4
0.15897 982.4
0.15898 982.4
0.15899 982.4
0.15900 982.4
0.15901 982.4
0.15902 982.4
0.15903 982.4
0.15904 982.4
0.15905 982.4
0.15906 982.4
0.15907 982.4
0.15908 982.4
0.15909 982.4
0.15910 982.4
0.15911 982.4
0.15912 982.4
0.15913 982.4
0.15914 982.4
0.15915 982.4
0.15916 982.4
0.15917 982.4
0.15918 982.4
0.15919 982.4
0.15920 982.4
0.15921 982.4
0.15922 982.4
0.15923 982.4
0.15924 982.4
0.15925 982.4
0.15926 982.4
0.15927 982.4
0.15928 982.4
0.15929 982.4
0.15930 982.4
0.15931 982.4
0.15932 982.4
0.15933 982.4
0.15934 982.4
0.15935 982.4
0.15936 982.4
0.15937 982.4
0.15938 982.4
0.15939 982.4
0.15940 982.4
0.15941 982.4
0.15942 982.4
0.15943 982.4
0.15944 982.4
0.15945 982.4
0.15946 982.4
0.15947 982.4
0.15948 982.4
0.15949 982.4
0.15950 982.4
0.15951 982.4
0.15952 982.4
0.15953 982.4
0.15954 982.4
0.15955 982.4
0.15956 982.4
0.15957 982.4
0.15958 982.4
0.15959 982.4
0.15960 982.4
0.15961 982.4
0.15962 982.4
0.15963 982.4
0.15964 982.4
0.15965 982.4
0.15966 982.4
0.15967 982.4
0.15968 982.4
0.15969 982.4
0.15970 982.4
0.15971 982.4
0.15972 982.4
0.15973 982.4
0.15974 982.4
0.15975 982.4
0.15976 982.4
0.15977 982.4
0.15978 982.4
0.15979 982.4
0.15980 982.4
0.15981 982.4
0.15982 982.4
0.15983 982.4
0.15984 982.4
0.15985 982.4
0.15986 982.4
0.15987 982.4
0.15988 982.4
0.15989 982.4
0.15990 982.4
0.15991 982.4
0.15992 982.4
0.15993 982.4
0.15994 982.4
0.15995 982.4
0.15996 982.4
0.15997 982.4
0.15998 982.4
0.15999 982.4
0.16000 982.4
0.16001 982.4
0.16002 982.4
0.16003 982.4
0.16004 982.4
0.16005 982.4
0.16006 982.4
0.16007 982.4
0.16008 982.4
0.16009 982.4
0.16010 982.4
0.16011 982.4
0.16012 982.4
0.16013 982.4
0.16014 982.4
0.16015 982.4
0.16016 982.4
0.16017 982.4
0.16018 982.4
0.16019 982.4
0.16020 982.4
0.16021 982.4
0.16022 982.4
0.16023 982.4
0.16024 982.4
0.16025 982.4
0.16026 982.4
0.16027 982.4
0.16028 982.4
0.16029 982.4
0.16030 982.4
0.16031 982.4
0.16032 982.4
0.16033 982.4
0.16034 982.4
0.16035 982.4
0.16036 982.4
0.16037 982.4
0.16038 982.4
0.16039 982.4
0.16040 982.4
0.16041 982.4
0.16042 982.4
0.16043 982.4
0.16044 982.4
0.16045 982.4
0.16046 982.4
0.16047 982.4
0.16048 982.4
0.16049 982.4
0.16050 982.4
0.16051 982.4
0.16052 982.4
0.16053 982.4
0.16054 982.4
0.16055 982.4
0.16056 982.4
0.16057 982.4
0.16058 982.4
0.16059 982.4
0.16060 982.4
0.16061 982.4
0.16062 982.4
0.16063 982.4
0.16064 982.4
0.16065 982.4
0.16066 982.4
0.16067 982.4
0.16068 982.4
0.16069 982.4
0.16070 982.4
0.16071 982.4
0.16072 982.4
0.16073 982.4
0.16074 982.4
0.16075 982.4
0.16076 982.4
0.16077 982.4
0.16078 982.4
0.16079 982.4
0.16080 982.4
0.16081 982.4
0.16082 982.4
0.16083 982.4
0.16084 982.4
0.16085 982.4
0.16086 982.4
0.16087 982.4
0.16088 982.4
0.16089 982.4
0.16090 982.4
0.16091 982.4
0.16092 982.4
0.16093 982.4
0.16094 982.4
0.16095 982.4
0.16096 982.4
0.16097 982.4
0.16098 982.4
0.16099 982.4
0.16100 982.4
0.16101 982.4
0.16102 982.4
0.16103 982.4
0.16104 982.4
0.16105 982.4
0.16106 982.4
0.16107 982.4
0.16108 982.4
0.16109 982.4
0.16110 982.4
0.16111 982.4
0.16112 982.4
0.16113 982.4
0.16114 982.4
0.16115 982.4
0.16116 982.4
0.16117 982.4
0.16118 982.4
0.16119 982.4
0.16120 982.4
0.16121 982.4
0.16122 982.4
0.16123 982.4
0.16124 982.4
0.16125 982.4
0.16126 982.4
0.16127 982.4
0.16128 982.4
0.16129 982.4
0.16130 982.4
0.16131 982.4
0.16132 982.4
0.16133 982.4
0.16134 982.4
0.16135 982.4
0.16136 982.4
0.16137 982.4
0.16138 982.4
0.16139 982.4
0.16140 982.4
0.16141 982.4
0.16142 982.4
0.16143 982.4
0.16144 982.4
0.16145 982.4
0.16146 982.4
0.16147 982.4
0.16148 982.4
0.16149 982.4
0.16150 982.4
0.16151 982.4
0.16152 982.4
0.16153 982.4
0.16154 982.4
0.16155 982.4
0.16156 982.4
0.16157 982.4
0.16158 982.4
0.16159 982.4
0.16160 982.4
0.16161 982.4
0.16162 982.4
0.16163 982.4
0.16164 982.4
0.16165 982.4
0.16166 982.4
0.16167 982.4
0.16168 982.4
0.16169 982.4
0.16170 982.4
0.16171 982.4
0.16172 982.4
0.16173 982.4
0.16174 982.4
0.16175 982.4
0.16176 982.4
0.16177 982.4
0.16178 982.4
0.16179 982.4
0.16180 982.4
0.16181 982.4
0.16182 982.4
0.16183 982.4
0.16184 982.4
0.16185 982.4
0.16186 982.4
0.16187 982.4
0.16188 982.4
0.16189 982.4
0.16190 982.4
0.16191 982.4
0.16192 982.4
0.16193 982.4
0.16194 982.4
0.16195 982.4
0.16196 982.4
0.16197 982.4
0.16198 982.4
0.16199 982.4
0.16200 982.4
0.16201 982.4
0.16202 982.4
0.16203 982.4
0.16204 982.4
0.16205 982.4
0.16206 982.4
0.16207 982.4
0.16208 982.4
0.16209 982.4
0.16210 982.4
0.16211 982.4
0.16212 982.4
0.16213 982.4
0.16214 982.4
0.16215 982.4
0.16216 982.4
0.16217 982.4
0.16218 982.4
0.16219 982.4
0.16220 982.4
0.16221 982.4
0.16222 982.4
0.16223 982.4
0.16224 982.4
0.16225 982.4
0.16226 982.4
0.16227 982.4
0.16228 982.4
0.16229 982.4
0.16230 982.4
0.16231 982.4
0.16232 982.4
0.16233 982.4
0.16234 982.4
0.16235 982.4
0.16236 982.4
0.16237 982.4
0.16238 982.4
0.16239 982.4
0.16240 982.4
0.16241 982.4
0.16242 982.4
0.16243 982.4
0.16244 982.4
0.16245 982.4
0.16246 982.4
0.16247 982.4
0.16248 982.4
0.16249 982.4
0.16250 982.4
0.16251 982.4
0.16252 982.4
0.16253 982.4
0.16254 982.4
0.16255 982.4
0.16256 982.4
0.16257 982.4
0.16258 982.4
0.16259 982.4
0.16260 982.4
0.16261 982.4
0.16262 982.4
0.16263 982.4
0.16264 982.4
0.16265 982.4
0.16266 982.4
0.16267 982.4
0.16268 982.4
0.16269 982.4
0.16270 982.4
0.16271 982.4
0.16272 982.4
0.16273 982.4
0.16274 982.4
0.16275 982.4
0.16276 982.4
0.16277 982.4
0.16278 982.4
0.16279 982.4
0.16280 982.4
0.16281 982.4
0.16282 982.4
0.16283 982.4
0.16284 982.4
0.16285 982.4
0.16286 982.4
0.16287 982.4
0.16288 982.4
0.16289 982.4
0.16290 982.4
0.16291 982.4
0.16292 982.4
0.16293 982.4
0.16294 982.4
0.16295 982.4
0.16296 982.4
0.16297 982.4
0.16298 982.4
0.16299 982.4
0.16300 982.4
0.16301 982.4
0.16302 982.4
0.16303 982.4
0.16304 982.4
0.16305 982.4
0.16306 982.4
0.16307 982.4
0.16308 982.4
0.16309 982.4
0.16310 982.4
0.16311 982.4
0.16312 982.4
0.16313 982.4
0.16314 982.4
0.16315 982.4
0.16316 982.4
0.16317 982.4
0.16318 982.4
0.16319 982.4
0.16320 982.4
0.16321 982.4
0.16322 982.4
0.16323 982.4
0.16324 982.4
0.16325 982.4
0.16326 982.4
0.16327 982.4
0.16328 982.4
0.16329 982.4
0.16330 982.4
0.16331 982.4
0.16332 982.4
0.16333 982.4
0.16334 982.4
0.16335 982.4
0.16336 982.4
0.16337 982.4
0.16338 982.4
0.16339 982.4
0.16340 982.4
0.16341 982.4
0.16342 982.4
0.16343 982.4
0.16344 982.4
0.16345 982.4
0.16346 982.4
0.16347 982.4
0.16348 982.4
0.16349 982.4
0.16350 982.4
0.16351 982.4
0.16352 982.4
0.16353 982.4
0.16354 982.4
0.16355 982.4
0.16356 982.4
0.16357 982.4
0.16358 982.4
0.16359 982.4
0.16360 982.4
0.16361 982.4
0.16362 982.4
0.16363 982.4
0.16364 982.4
0.16365 982.4
0.16366 982.4
0.16367 982.4
0.16368 982.4
0.16369 982.4
0.16370 982.4
0.16371 982.4
0.16372 982.4
0.16373 982.4
0.16374 982.4
0.16375 982.4
0.16376 982.4
0.16377 982.4
0.16378 982.4
0.16379 982.4
0.16380 982.4
0.16381 982.4
0.16382 982.4
0.16383 982.4
0.16384 982.4
0.16385 982.4
0.16386 982.4
0.16387 982.4
0.16388 982.4
0.16389 982.4
0.16390 982.4
0.16391 982.4
0.16392 982.4
0.16393 982.4
0.16394 982.4
0.16395 982.4
0.16396 982.4
0.16397 982.4
0.16398 982.4
0.16399 982.4
0.16400 982.4
0.16401 982.4
0.16402 982.4
0.16403 982.4
0.16404 982.4
0.16405 982.4
0.16406 982.4
0.16407 982.4
0.16408 982.4
0.16409 982.4
0.16410 982.4
0.16411 982.4
0.16412 982.4
0.16413 982.4
0.16414 982.4
0.16415 982.4
0.16416 982.4
0.16417 982.4
0.16418 982.4
0.16419 982.4
0.16420 982.4
0.16421 982.4
0.16422 982.4
0.16423 982.4
0.16424 982.4
0.16425 982.4
0.16426 982.4
0.16427 982.4
0.16428 982.4
0.16429 982.4
0.16430 982.4
0.16431 982.4
0.16432 982.4
0.16433 982.4
0.16434 982.4
0.16435 982.4
0.16436 982.4
0.16437 982.4
0.16438 982.4
0.16439 982.4
0.16440 982.4
0.16441 982.4
0.16442 982.4
0.16443 982.4
0.16444 982.4
0.16445 982.4
0.16446 982.4
0.16447 982.4
0.16448 982.4
0.16449 982.4
0.16450 982.4
0.16451 982.4
0.16452 982.4
0.16453 982.4
0.16454 982.4
0.16455 982.4
0.16456 982.4
0.16457 982.4
0.16458 982.4
0.16459 982.4
0.16460 982.4
0.16461 982.4
0.16462 982.4
0.16463 982.4
0.16464 982.4
0.16465 982.4
0.16466 982.4
0.16467 982.4
0.16468 982.4
0.16469 982.4
0.16470 982.4
0.16471 982.4
0.16472 982.4
0.16473 982.4
0.16474 982.4
0.16475 982.4
0.16476 982.4
0.16477 982.4
0.16478 982.4
0.16479 982.4
0.16480 982.4
0.16481 982.4
0.16482 982.4
0.16483 982.4
0.16484 982.4
0.16485 982.4
0.16486 982.4
0.16487 982.4
0.16488 982.4
0.16489 982.4
0.16490 982.4
0.16491 982.4
0.16492 982.4
0.16493 982.4
0.16494 982.4
0.16495 982.4
0.16496 982.4
0.16497 982.4
0.16498 982.4
0.16499 982.4
0.16500 982.4
0.16501 982.4
0.16502 982.4
0.16503 982.4
0.16504 982.4
0.16505 982.4
0.16506 982.4
0.16507 982.4
0.16508 982.4
0.16509 982.4
0.16510 982.4
0.16511 982.4
0.16512 982.4
0.16513 982.4
0.16514 982.4
0.16515 982.4
0.16516 982.4
0.16517 982.4
0.16518 982.4
0.16519 982.4
0.16520 982.4
0.16521 982.4
0.16522 982.4
0.16523 982.4
0.16524 982.4
0.16525 982.4
0.16526 982.4
0.16527 982.4
0.16528 982.4
0.16529 982.4
0.16530 982.4
0.16531 982.4
0.16532 982.4
0.16533 982.4
0.16534 982.4
0.16535 982.4
0.16536 982.4
0.16537 982.4
0.16538 982.4
0.16539 982.4
0.16540 982.4
0.16541 982.4
0.16542 982.4
0.16543 982.4
0.16544 982.4
0.16545 982.4
0.16546 982.4
0.16547 982.4
0.16548 982.4
0.16549 982.4
0.16550 982.4
0.16551 982.4
0.16552 982.4
0.16553 982.4
0.16554 982.4
0.16555 982.4
0.16556 982.4
0.16557 982.4
0.16558 982.4
0.16559 982.4
0.16560 982.4
0.16561 982.4
0.16562 982.4
0.16563 982.4
0.16564 982.4
0.16565 982.4
0.16566 982.4
0.16567 982.4
0.16568 982.4
0.16569 982.4
0.16570 982.4
0.16571 982.4
0.16572 982.4
0.16573 982.4
0.16574 982.4
0.16575 982.4
0.16576 982.4
0.16577 982.4
0.16578 982.4
0.16579 982.4
0.16580 982.4
0.16581 982.4
0.16582 982.4
0.16583 982.4
0.16584 982.4
0.16585 982.4
0.16586 982.4
0.16587 982.4
0.16588 982.4
0.16589 982.4
0.16590 982.4
0.16591 982.4
0.16592 982.4
0.16593 982.4
0.16594 982.4
0.16595 982.4
0.16596 982.4
0.16597 982.4
0.16598 982.4
0.16599 982.4
0.16600 982.4
0.16601 982.4
0.16602 982.4
0.16603 982.4
0.16604 982.4
0.16605 982.4
0.16606 982.4
0.16607 982.4
0.16608 982.4
0.16609 982.4
0.16610 982.4
0.16611 982.4
0.16612 982.4
0.16613 982.4
0.16614 982.4
0.16615 982.4
0.16616 982.4
0.16617 982.4
0.16618 982.4
0.16619 982.4
0.16620 982.4
0.16621 982.4
0.16622 982.4
0.16623 982.4
0.16624 982.4
0.16625 982.4
0.16626 982.4
0.16627 982.4
0.16628 982.4
0.16629 982.4
0.16630 982.4
0.16631 982.4
0.16632 982.4
0.16633 982.4
0.16634 982.4
0.16635 982.4
0.16636 982.4
0.16637 982.4
0.16638 982.4
0.16639 982.4
0.16640 982.4
0.16641 982.4
0.16642 982.4
0.16643 982.4
0.16644 982.4
0.16645 982.4
0.16646 982.4
0.16647 982.4
0.16648 982.4
0.16649 982.4
0.16650 982.4
0.16651 982.4
0.16652 982.4
0.16653 982.4
0.16654 982.4
0.16655 982.4
0.16656 982.4
0.16657 982.4
0.16658 982.4
0.16659 982.4
0.16660 982.4
0.16661 982.4
0.16662 982.4
0.16663 982.4
0.16664 982.4
0.16665 982.4
0.16666 982.4
0.16667 982.4
0.16668 982.4
0.16669 982.4
0.16670 982.4
0.16671 982.4
0.16672 982.4
0.16673 982.4
0.16674 982.4
0.16675 982.4
0.16676 982.4
0.16677 982.4
0.16678 982.4
0.16679 982.4
0.16680 982.4
0.16681 982.4
0.16682 982.4
0.16683 982.4
0.16684 982.4
0.16685 982.4
0.16686 982.4
0.16687 982.4
0.16688 982.4
0.16689 982.4
0.16690 982.4
0.16691 982.4
0.16692 982.4
0.16693 982.4
0.16694 982.4
0.16695 982.4
0.16696 982.4
0.16697 982.4
0.16698 982.4
0.16699 982.4
0.16700 982.4
0.16701 982.4
0.16702 982.4
0.16703 982.4
0.16704 982.4
0.16705 982.4
0.16706 982.4
0.16707 982.4
0.16708 982.4
0.16709 982.4
0.16710 982.4
0.16711 982.4
0.16712 982.4
0.16713 982.4
0.16714 982.4
0.16715 982.4
0.16716 982.4
0.16717 982.4
0.16718 982.4
0.16719 982.4
0.16720 982.4
0.16721 982.4
0.16722 982.4
0.16723 982.4
0.16724 982.4
0.16725 982.4
0.16726 982.4
0.16727 982.4
0.16728 982.4
0.16729 982.4
0.16730 982.4
0.16731 982.4
0.16732 982.4
0.16733 982.4
0.16734 982.4
0.16735 982.4
0.16736 982.4
0.16737 982.4
0.16738 982.4
0.16739 982.4
0.16740 982.4
0.16741 982.4
0.16742 982.4
0.16743 982.4
0.16744 982.4
0.16745 982.4
0.16746 982.4
0.16747 982.4
0.16748 982.4
0.16749 982.4
0.16750 982.4
0.16751 982.4
0.16752 982.4
0.16753 982.4
0.16754 982.4
0.16755 982.4
0.16756 982.4
0.16757 982.4
0.16758 982.4
0.16759 982.4
0.16760 982.4
0.16761 982.4
0.16762 982.4
0.16763 982.4
0.16764 982.4
0.16765 982.4
0.16766 982.4
0.16767 982.4
0.16768 982.4
0.16769 982.4
0.16770 982.4
0.16771 982.4
0.16772 982.4
0.16773 982.4
0.16774 982.4
0.16775 982.4
0.16776 982.4
0.16777 982.4
0.16778 982.4
0.16779 982.4
0.16780 982.4
0.16781 982.4
0.16782 982.4
0.16783 982.4
0.16784 982.4
0.16785 982.4
0.16786 982.4
0.16787 982.4
0.16788 982.4
0.16789 982.4
0.16790 982.4
0.16791 982.4
0.16792 982.4
0.16793 982.4
0.16794 982.4
0.16795 982.4
0.16796 982.4
0.16797 982.4
0.16798 982.4
0.16799 982.4
0.16800 982.4
0.16801 982.4
0.16802 982.4
0.16803 982.4
0.16804 982.4
0.16805 982.4
0.16806 982.4
0.16807 982.4
0.16808 982.4
0.16809 982.4
0.16810 982.4
0.16811 982.4
0.16812 982.4
0.16813 982.4
0.16814 982.4
0.16815 982.4
0.16816 982.4
0.16817 982.4
0.16818 982.4
0.16819 982.4
0.16820 982.4
0.16821 982.4
0.16822 982.4
0.16823 982.4
0.16824 982.4
0.16825 982.4
0.16826 982.4
0.16827 982.4
0.16828 982.4
0.16829 982.4
0.16830 982.4
0.16831 982.4
0.16832 982.4
0.16833 982.4
0.16834 982.4
0.16835 982.4
0.16836 982.4
0.16837 982.4
0.16838 982.4
0.16839 982.4
0.16840 982.4
0.16841 982.4
0.16842 982.4
0.16843 982.4
0.16844 982.4
0.16845 982.4
0.16846 982.4
0.16847 982.4
0.16848 982.4
0.16849 982.4
0.16850 982.4
0.16851 982.4
0.16852 982.4
0.16853 982.4
0.16854 982.4
0.16855 982.4
0.16856 982.4
0.16857 982.4
0.16858 982.4
0.16859 982.4
0.16860 982.4
0.16861 982.4
0.16862 982.4
0.16863 982.4
0.16864 982.4
0.16865 982.4
0.16866 982.4
0.16867 982.4
0.16868 982.4
0.16869 982.4
0.16870 982.4
0.16871 982.4
0.16872 982.4
0.16873 982.4
0.16874 982.4
0.16875 982.4
0.16876 982.4
0.16877 982.4
0.16878 982.4
0.16879 982.4
0.16880 982.4
0.16881 982.4
0.16882 982.4
0.16883 982.4
0.16884 982.4
0.16885 982.4
0.16886 982.4
0.16887 982.4
0.16888 982.4
0.16889 982.4
0.16890 982.4
0.16891 982.4
0.16892 982.4
0.16893 982.4
0.16894 982.4
0.16895 982.4
0.16896 982.4
0.16897 982.4
0.16898 982.4
0.16899 982.4
0.16900 982.4
0.16901 982.4
0.16902 982.4
0.16903 982.4
0.16904 982.4
0.16905 982.4
0.16906 982.4
0.16907 982.4
0.16908 982.4
0.16909 982.4
0.16910 982.4
0.16911 982.4
0.16912 982.4
0.16913 982.4
0.16914 982.4
0.16915 982.4
0.16916 982.4
0.16917 982.4
0.16918 982.4
0.16919 982.4
0.16920 982.4
0.16921 982.4
0.16922 982.4
0.16923 982.4
0.16924 982.4
0.16925 982.4
0.16926 982.4
0.16927 982.4
0.16928 982.4
0.16929 982.4
0.16930 982.4
0.16931 982.4
0.16932 982.4
0.16933 982.4
0.16934 982.4
0.16935 982.4
0.16936 982.4
0.16937 982.4
0.16938 982.4
0.16939 982.4
0.16940 982.4
0.16941 982.4
0.16942 982.4
0.16943 982.4
0.16944 982.4
0.16945 982.4
0.16946 982.4
0.16947 982.4
0.16948 982.4
0.16949 982.4
0.16950 982.4
0.16951 982.4
0.16952 982.4
0.16953 982.4
0.16954 982.4
0.16955 982.4
0.16956 982.4
0.16957 982.4
0.16958 982.4
0.16959 982.4
0.16960 982.4
0.16961 982.4
0.16962 982.4
0.16963 982.4
0.16964 982.4
0.16965 982.4
0.16966 982.4
0.16967 982.4
0.16968 982.4
0.16969 982.4
0.16970 982.4
0.16971 982.4
0.16972 982.4
0.16973 982.4
0.16974 982.4
0.16975 982.4
0.16976 982.4
0.16977 982.4
0.16978 982.4
0.16979 982.4
0.16980 982.4
0.16981 982.4
0.16982 982.4
0.16983 982.4
0.16984 982.4
0.16985 982.4
0.16986 982.4
0.16987 982.4
0.16988 982.4
0.16989 982.4
0.16990 982.4
0.16991 982.4
0.16992 982.4
0.16993 982.4
0.16994 982.4
0.16995 982.4
0.16996 982.4
0.16997 982.4
0.16998 982.4
0.16999 982.4
0.17000 982.4
0.17001 982.4
0.17002 982.4
0.17003 982.4
0.17004 982.4
0.17005 982.4
0.17006 982.4
0.17007 982.4
0.17008 982.4
0.17009 982.4
0.17010 982.4
0.17011 982.4
0.17012 982.4
0.17013 982.4
0.17014 982.4
0.17015 982.4
0.17016 982.4
0.17017 982.4
0.17018 982.4
0.17019 982.4
0.17020 982.4
0.17021 982.4
0.17022 982.4
0.17023 982.4
0.17024 982.4
0.17025 982.4
0.17026 982.4
0.17027 982.4
0.17028 982.4
0.17029 982.4
0.17030 982.4
0.17031 982.4
0.17032 982.4
0.17033 982.4
0.17034 982.4
0.17035 982.4
0.17036 982.4
0.17037 982.4
0.17038 982.4
0.17039 982.4
0.17040 982.4
0.17041 982.4
0.17042 982.4
0.17043 982.4
0.17044 982.4
0.17045 982.4
0.17046 982.4
0.17047 982.4
0.17048 982.4
0.17049 982.4
0.17050 982.4
0.17051 982.4
0.17052 982.4
0.17053 982.4
0.17054 982.4
0.17055 982.4
0.17056 982.4
0.17057 982.4
0.17058 982.4
0.17059 982.4
0.17060 982.4
0.17061 982.4
0.17062 982.4
0.17063 982.4
0.17064 982.4
0.17065 982.4
0.17066 982.4
0.17067 982.4
0.17068 982.4
0.17069 982.4
0.17070 982.4
0.17071 982.4
0.17072 982.4
0.17073 982.4
0.17074 982.4
0.17075 982.4
0.17076 982.4
0.17077 982.4
0.17078 982.4
0.17079 982.4
0.17080 982.4
0.17081 982.4
0.17082 982.4
0.17083 982.4
0.17084 982.4
0.17085 982.4
0.17086 982.4
0.17087 982.4
0.17088 982.4
0.17089 982.4
0.17090 982.4
0.17091 982.4
0.17092 982.4
0.17093 982.4
0.17094 982.4
0.17095 982.4
0.17096 982.4
0.17097 982.4
0.17098 982.4
0.17099 982.4
0.17100 982.4
0.17101 982.4
0.17102 982.4
0.17103 982.4
0.17104 982.4
0.17105 982.4
0.17106 982.4
0.17107 982.4
0.17108 982.4
0.17109 982.4
0.17110 982.4
0.17111 982.4
0.17112 982.4
0.17113 982.4
0.17114 982.4
0.17115 982.4
0.17116 982.4
0.17117 982.4
0.17118 982.4
0.17119 982.4
0.17120 982.4
0.17121 982.4
0.17122 982.4
0.17123 982.4
0.17124 982.4
0.17125 982.4
0.17126 982.4
0.17127 982.4
0.17128 982.4
0.17129 982.4
0.17130 982.4
0.17131 982.4
0.17132 982.4
0.17133 982.4
0.17134 982.4
0.17135 982.4
0.17136 982.4
0.17137 982.4
0.17138 982.4
0.17139 982.4
0.17140 982.4
0.17141 982.4
0.17142 982.4
0.17143 982.4
0.17144 982.4
0.17145 982.4
0.17146 982.4
0.17147 982.4
0.17148 982.4
0.17149 982.4
0.17150 982.4
0.17151 982.4
0.17152 982.4
0.17153 982.4
0.17154 982.4
0.17155 982.4
0.17156 982.4
0.17157 982.4
0.17158 982.4
0.17159 982.4
0.17160 982.4
0.17161 982.4
0.17162 982.4
0.17163 982.4
0.17164 982.4
0.17165 982.4
0.17166 982.4
0.17167 982.4
0.17168 982.4
0.17169 982.4
0.17170 982.4
0.17171 982.4
0.17172 982.4
0.17173 982.4
0.17174 982.4
0.17175 982.4
0.17176 982.4
0.17177 982.4
0.17178 982.4
0.17179 982.4
0.17180 982.4
0.17181 982.4
0.17182 982.4
0.17183 982.4
0.17184 982.4
0.17185 982.4
0.17186 982.4
0.17187 982.4
0.17188 982.4
0.17189 982.4
0.17190 982.4
0.17191 982.4
0.17192 982.4
0.17193 982.4
0.17194 982.4
0.17195 982.4
0.17196 982.4
0.17197 982.4
0.17198 982.4
0.17199 982.4
0.17200 982.4
0.17201 982.4
0.17202 982.4
0.17203 982.4
0.17204 982.4
0.17205 982.4
0.17206 982.4
0.17207 982.4
0.17208 982.4
0.17209 982.4
0.17210 982.4
0.17211 982.4
0.17212 982.4
0.17213 982.4
0.17214 982.4
0.17215 982.4
0.17216 982.4
0.17217 982.4
0.17218 982.4
0.17219 982.4
0.17220 982.4
0.17221 982.4
0.17222 982.4
0.17223 982.4
0.17224 982.4
0.17225 982.4
0.17226 982.4
0.17227 982.4
0.17228 982.4
0.17229 982.4
0.17230 982.4
0.17231 982.4
0.17232 982.4
0.17233 982.4
0.17234 982.4
0.17235 982.4
0.17236 982.4
0.17237 982.4
0.17238 982.4
0.17239 982.4
0.17240 982.4
0.17241 982.4
0.17242 982.4
0.17243 982.4
0.17244 982.4
0.17245 982.4
0.17246 982.4
0.17247 982.4
0.17248 982.4
0.17249 982.4
0.17250 982.4
0.17251 982.4
0.17252 982.4
0.17253 982.4
0.17254 982.4
0.17255 982.4
0.17256 982.4
0.17257 982.4
0.17258 982.4
0.17259 982.4
0.17260 982.4
0.17261 982.4
0.17262 982.4
0.17263 982.4
0.17264 982.4
0.17265 982.4
0.17266 982.4
0.17267 982.4
0.17268 982.4
0.17269 982.4
0.17270 982.4
0.17271 982.4
0.17272 982.4
0.17273 982.4
0.17274 982.4
0.17275 982.4
0.17276 982.4
0.17277 982.4
0.17278 982.4
0.17279 982.4
0.17280 982.4
0.17281 982.4
0.17282 982.4
0.17283 982.4
0.17284 982.4
0.17285 982.4
0.17286 982.4
0.17287 982.4
0.17288 982.4
0.17289 982.4
0.17290 982.4
0.17291 982.4
0.17292 982.4
0.17293 982.4
0.17294 982.4
0.17295 982.4
0.17296 982.4
0.17297 982.4
0.17298 982.4
0.17299 982.4
0.17300 982.4
0.17301 982.4
0.17302 982.4
0.17303 982.4
0.17304 982.4
0.17305 982.4
0.17306 982.4
0.17307 982.4
0.17308 982.4
0.17309 982.4
0.17310 982.4
0.17311 982.4
0.17312 982.4
0.17313 982.4
0.17314 982.4
0.17315 982.4
0.17316 982.4
0.17317 982.4
0.17318 982.4
0.17319 982.4
0.17320 982.4
0.17321 982.4
0.17322 982.4
0.17323 982.4
0.17324 982.4
0.17325 982.4
0.17326 982.4
0.17327 982.4
0.17328 982.4
0.17329 982.4
0.17330 982.4
0.17331 982.4
0.17332 982.4
0.17333 982.4
0.17334 982.4
0.17335 982.4
0.17336 982.4
0.17337 982.4
0.17338 982.4
0.17339 982.4
0.17340 982.4
0.17341 982.4
0.17342 982.4
0.17343 982.4
0.17344 982.4
0.17345 982.4
0.17346 982.4
0.17347 982.4
0.17348 982.4
0.17349 982.4
0.17350 982.4
0.17351 982.4
0.17352 982.4
0.17353 982.4
0.17354 982.4
0.17355 982.4
0.17356 982.4
0.17357 982.4
0.17358 982.4
0.17359 982.4
0.17360 982.4
0.17361 982.4
0.17362 982.4
0.17363 982.4
0.17364 982.4
0.17365 982.4
0.17366 982.4
0.17367 982.4
0.17368 982.4
0.17369 982.4
0.17370 982.4
0.17371 982.4
0.17372 982.4
0.17373 982.4
0.17374 982.4
0.17375 982.4
0.17376 982.4
0.17377 982.4
0.17378 982.4
0.17379 982.4
0.17380 982.4
0.17381 982.4
0.17382 982.4
0.17383 982.4
0.17384 982.4
0.17385 982.4
0.17386 982.4
0.17387 982.4
0.17388 982.4
0.17389 982.4
0.17390 982.4
0.17391 982.4
0.17392 982.4
0.17393 982.4
0.17394 982.4
0.17395 982.4
0.17396 982.4
0.17397 982.4
0.17398 982.4
0.17399 982.4
0.17400 982.4
0.17401 982.4
0.17402 982.4
0.17403 982.4
0.17404 982.4
0.17405 982.4
0.17406 982.4
0.17407 982.4
0.17408 982.4
0.17409 982.4
0.17410 982.4
0.17411 982.4
0.17412 982.4
0.17413 982.4
0.17414 982.4
0.17415 982.4
0.17416 982.4
0.17417 982.4
0.17418 982.4
0.17419 982.4
0.17420 982.4
0.17421 982.4
0.17422 982.4
0.17423 982.4
0.17424 982.4
0.17425 982.4
0.17426 982.4
0.17427 982.4
0.17428 982.4
0.17429 982.4
0.17430 982.4
0.17431 982.4
0.17432 982.4
0.17433 982.4
0.17434 982.4
0.17435 982.4
0.17436 982.4
0.17437 982.4
0.17438 982.4
0.17439 982.4
0.17440 982.4
0.17441 982.4
0.17442 982.4
0.17443 982.4
0.17444 982.4
0.17445 982.4
0.17446 982.4
0.17447 982.4
0.17448 982.4
0.17449 982.4
0.17450 982.4
0.17451 982.4
0.17452 982.4
0.17453 982.4
0.17454 982.4
0.17455 982.4
0.17456 982.4
0.17457 982.4
0.17458 982.4
0.17459 982.4
0.17460 982.4
0.17461 982.4
0.17462 982.4
0.17463 982.4
0.17464 982.4
0.17465 982.4
0.17466 982.4
0.17467 982.4
0.17468 982.4
0.17469 982.4
0.17470 982.4
0.17471 982.4
0.17472 982.4
0.17473 982.4
0.17474 982.4
0.17475 982.4
0.17476 982.4
0.17477 982.4
0.17478 982.4
0.17479 982.4
0.17480 982.4
0.17481 982.4
0.17482 982.4
0.17483 982.4
0.17484 982.4
0.17485 982.4
0.17486 982.4
0.17487 982.4
0.17488 982.4
0.17489 982.4
0.17490 982.4
0.17491 982.4
0.17492 982.4
0.17493 982.4
0.17494 982.4
0.17495 982.4
0.17496 982.4
0.17497 982.4
0.17498 982.4
0.17499 982.4
0.17500 982.4
0.17501 982.4
0.17502 982.4
0.17503 982.4
0.17504 982.4
0.17505 982.4
0.17506 982.4
0.17507 982.4
0.17508 982.4
0.17509 982.4
0.17510 982.4
0.17511 982.4
0.17512 982.4
0.17513 982.4
0.17514 982.4
0.17515 982.4
0.17516 982.4
0.17517 982.4
0.17518 982.4
0.17519 982.4
0.17520 982.4
0.17521 982.4
0.17522 982.4
0.17523 982.4
0.17524 982.4
0.17525 982.4
0.17526 982.4
0.17527 982.4
0.17528 982.4
0.17529 982.4
0.17530 982.4
0.17531 982.4
0.17532 982.4
0.17533 982.4
0.17534 982.4
0.17535 982.4
0.17536 982.4
0.17537 982.4
0.17538 982.4
0.17539 982.4
0.17540 982.4
0.17541 982.4
0.17542 982.4
0.17543 982.4
0.17544 982.4
0.17545 982.4
0.17546 982.4
0.17547 982.4
0.17548 982.4
0.17549 982.4
0.17550 982.4
0.17551 982.4
0.17552 982.4
0.17553 982.4
0.17554 982.4
0.17555 982.4
0.17556 982.4
0.17557 982.4
0.17558 982.4
0.17559 982.4
0.17560 982.4
0.17561 982.4
0.17562 982.4
0.17563 982.4
0.17564 982.4
0.17565 982.4
0.17566 982.4
0.17567 982.4
0.17568 982.4
0.17569 982.4
0.17570 982.4
0.17571 982.4
0.17572 982.4
0.17573 982.4
0.17574 982.4
0.17575 982.4
0.17576 982.4
0.17577 982.4
0.17578 982.4
0.17579 982.4
0.17580 982.4
0.17581 982.4
0.17582 982.4
0.17583 982.4
0.17584 982.4
0.17585 982.4
0.17586 982.4
0.17587 982.4
0.17588 982.4
0.17589 982.4
0.17590 982.4
0.17591 982.4
0.17592 982.4
0.17593 982.4
0.17594 982.4
0.17595 982.4
0.17596 982.4
0.17597 982.4
0.17598 982.4
0.17599 982.4
0.17600 982.4
0.17601 982.4
0.17602 982.4
0.17603 982.4
0.17604 982.4
0.17605 982.4
0.17606 982.4
0.17607 982.4
0.17608 982.4
0.17609 982.4
0.17610 982.4
0.17611 982.4
0.17612 982.4
0.17613 982.4
0.17614 982.4
0.17615 982.4
0.17616 982.4
0.17617 982.4
0.17618 982.4
0.17619 982.4
0.17620 982.4
0.17621 982.4
0.17622 982.4
0.17623 982.4
0.17624 982.4
0.17625 982.4
0.17626 982.4
0.17627 982.4
0.17628 982.4
0.17629 982.4
0.17630 982.4
0.17631 982.4
0.17632 982.4
0.17633 982.4
0.17634 982.4
0.17635 982.4
0.17636 982.4
0.17637 982.4
0.17638 982.4
0.17639 982.4
0.17640 982.4
0.17641 982.4
0.17642 982.4
0.17643 982.4
0.17644 982.4
0.17645 982.4
0.17646 982.4
0.17647 982.4
0.17648 982.4
0.17649 982.4
0.17650 982.4
0.17651 982.4
0.17652 982.4
0.17653 982.4
0.17654 982.4
0.17655 982.4
0.17656 982.4
0.17657 982.4
0.17658 982.4
0.17659 982.4
0.17660 982.4
0.17661 982.4
0.17662 982.4
0.17663 982.4
0.17664 982.4
0.17665 982.4
0.17666 982.4
0.17667 982.4
0.17668 982.4
0.17669 982.4
0.17670 982.4
0.17671 982.4
0.17672 982.4
0.17673 982.4
0.17674 982.4
0.17675 982.4
0.17676 982.4
0.17677 982.4
0.17678 982.4
0.17679 982.4
0.17680 982.4
0.17681 982.4
0.17682 982.4
0.17683 982.4
0.17684 982.4
0.17685 982.4
0.17686 982.4
0.17687 982.4
0.17688 982.4
0.17689 982.4
0.17690 982.4
0.17691 982.4
0.17692 982.4
0.17693 982.4
0.17694 982.4
0.17695 982.4
0.17696 982.4
0.17697 982.4
0.17698 982.4
0.17699 982.4
0.17700 982.4
0.17701 982.4
0.17702 982.4
0.17703 982.4
0.17704 982.4
0.17705 982.4
0.17706 982.4
0.17707 982.4
0.17708 982.4
0.17709 982.4
0.17710 982.4
0.17711 982.4
0.17712 982.4
0.17713 982.4
0.17714 982.4
0.17715 982.4
0.17716 982.4
0.17717 982.4
0.17718 982.4
0.17719 982.4
0.17720 982.4
0.17721 982.4
0.17722 982.4
0.17723 982.4
0.17724 982.4
0.17725 982.4
0.17726 982.4
0.17727 982.4
0.17728 982.4
0.17729 982.4
0.17730 982.4
0.17731 982.4
0.17732 982.4
0.17733 982.4
0.17734 982.4
0.17735 982.4
0.17736 982.4
0.17737 982.4
0.17738 982.4
0.17739 982.4
0.17740 982.4
0.17741 982.4
0.17742 982.4
0.17743 982.4
0.17744 982.4
0.17745 982.4
0.17746 982.4
0.17747 982.4
0.17748 982.4
0.17749 982.4
0.17750 982.4
0.17751 982.4
0.17752 982.4
0.17753 982.4
0.17754 982.4
0.17755 982.4
0.17756 982.4
0.17757 982.4
0.17758 982.4
0.17759 982.4
0.17760 982.4
0.17761 982.4
0.17762 982.4
0.17763 982.4
0.17764 982.4
0.17765 982.4
0.17766 982.4
0.17767 982.4
0.17768 982.4
0.17769 982.4
0.17770 982.4
0.17771 982.4
0.17772 982.4
0.17773 982.4
0.17774 982.4
0.17775 982.4
0.17776 982.4
0.17777 982.4
0.17778 982.4
0.17779 982.4
0.17780 982.4
0.17781 982.4
0.17782 982.4
0.17783 982.4
0.17784 982.4
0.17785 982.4
0.17786 982.4
0.17787 982.4
0.17788 982.4
0.17789 982.4
0.17790 982.4
0.17791 982.4
0.17792 982.4
0.17793 982.4
0.17794 982.4
0.17795 982.4
0.17796 982.4
0.17797 982.4
0.17798 982.4
0.17799 982.4
0.17800 982.4
0.17801 982.4
0.17802 982.4
0.17803 982.4
0.17804 982.4
0.17805 982.4
0.17806 982.4
0.17807 982.4
0.17808 982.4
0.17809 982.4
0.17810 982.4
0.17811 982.4
0.17812 982.4
0.17813 982.4
0.17814 982.4
0.17815 982.4
0.17816 982.4
0.17817 982.4
0.17818 982.4
0.17819 982.4
0.17820 982.4
0.17821 982.4
0.17822 982.4
0.17823 982.4
0.17824 982.4
0.17825 982.4
0.17826 982.4
0.17827 982.4
0.17828 982.4
0.17829 982.4
0.17830 982.4
0.17831 982.4
0.17832 982.4
0.17833 982.4
0.17834 982.4
0.17835 982.4
0.17836 982.4
0.17837 982.4
0.17838 982.4
0.17839 982.4
0.17840 982.4
0.17841 982.4
0.17842 982.4
0.17843 982.4
0.17844 982.4
0.17845 982.4
0.17846 982.4
0.17847 982.4
0.17848 982.4
0.17849 982.4
0.17850 982.4
0.17851 982.4
0.17852 982.4
0.17853 982.4
0.17854 982.4
0.17855 982.4
0.17856 982.4
0.17857 982.4
0.17858 982.4
0.17859 982.4
0.17860 982.4
0.17861 982.4
0.17862 982.4
0.17863 982.4
0.17864 982.4
0.17865 982.4
0.17866 982.4
0.17867 982.4
0.17868 982.4
0.17869 982.4
0.17870 982.4
0.17871 982.4
0.17872 982.4
0.17873 982.4
0.17874 982.4
0.17875 982.4
0.17876 982.4
0.17877 982.4
0.17878 982.4
0.17879 982.4
0.17880 982.4
0.17881 982.4
0.17882 982.4
0.17883 982.4
0.17884 982.4
0.17885 982.4
0.17886 982.4
0.17887 982.4
0.17888 982.4
0.17889 982.4
0.17890 982.4
0.17891 982.4
0.17892 982.4
0.17893 982.4
0.17894 982.4
0.17895 982.4
0.17896 982.4
0.17897 982.4
0.17898 982.4
0.17899 982.4
0.17900 982.4
0.17901 982.4
0.17902 982.4
0.17903 982.4
0.17904 982.4
0.17905 982.4
0.17906 982.4
0.17907 982.4
0.17908 982.4
0.17909 982.4
0.17910 982.4
0.17911 982.4
0.17912 982.4
0.17913 982.4
0.17914 982.4
0.17915 982.4
0.17916 982.4
0.17917 982.4
0.17918 982.4
0.17919 982.4
0.17920 982.4
0.17921 982.4
0.17922 982.4
0.17923 982.4
0.17924 982.4
0.17925 982.4
0.17926 982.4
0.17927 982.4
0.17928 982.4
0.17929 982.4
0.17930 982.4
0.17931 982.4
0.17932 982.4
0.17933 982.4
0.17934 982.4
0.17935 982.4
0.17936 982.4
0.17937 982.4
0.17938 982.4
0.17939 982.4
0.17940 982.4
0.17941 982.4
0.17942 982.4
0.17943 982.4
0.17944 982.4
0.17945 982.4
0.17946 982.4
0.17947 982.4
0.17948 982.4
0.17949 982.4
0.17950 982.4
0.17951 982.4
0.17952 982.4
0.17953 982.4
0.17954 982.4
0.17955 982.4
0.17956 982.4
0.17957 982.4
0.17958 982.4
0.17959 982.4
0.17960 982.4
0.17961 982.4
0.17962 982.4
0.17963 982.4
0.17964 982.4
0.17965 982.4
0.17966 982.4
0.17967 982.4
0.17968 982.4
0.17969 982.4
0.17970 982.4
0.17971 982.4
0.17972 982.4
0.17973 982.4
0.17974 982.4
0.17975 982.4
0.17976 982.4
0.17977 982.4
0.17978 982.4
0.17979 982.4
0.17980 982.4
0.17981 982.4
0.17982 982.4
0.17983 982.4
0.17984 982.4
0.17985 982.4
0.17986 982.4
0.17987 982.4
0.17988 982.4
0.17989 982.4
0.17990 982.4
0.17991 982.4
0.17992 982.4
0.17993 982.4
0.17994 982.4
0.17995 982.4
0.17996 982.4
0.17997 982.4
0.17998 982.4
0.17999 982.4
0.18000 982.4
0.18001 982.4
0.18002 982.4
0.18003 982.4
0.18004 982.4
0.18005 982.4
0.18006 982.4
0.18007 982.4
0.18008 982.4
0.18009 982.4
0.18010 982.4
0.18011 982.4
0.18012 982.4
0.18013 982.4
0.18014 982.4
0.18015 982.4
0.18016 982.4
0.18017 982.4
0.18018 982.4
0.18019 982.4
0.18020 982.4
0.18021 982.4
0.18022 982.4
0.18023 982.4
0.18024 982.4
0.18025 982.4
0.18026 982.4
0.18027 982.4
0.18028 982.4
0.18029 982.4
0.18030 982.4
0.18031 982.4
0.18032 982.4
0.18033 982.4
0.18034 982.4
0.18035 982.4
0.18036 982.4
0.18037 982.4
0.18038 982.4
0.18039 982.4
0.18040 982.4
0.18041 982.4
0.18042 982.4
0.18043 982.4
0.18044 982.4
0.18045 982.4
0.18046 982.4
0.18047 982.4
0.18048 982.4
0.18049 982.4
0.18050 982.4
0.18051 982.4
0.18052 982.4
0.18053 982.4
0.18054 982.4
0.18055 982.4
0.18056 982.4
0.18057 982.4
0.18058 982.4
0.18059 982.4
0.18060 982.4
0.18061 982.4
0.18062 982.4
0.18063 982.4
0.18064 982.4
0.18065 982.4
0.18066 982.4
0.18067 982.4
0.18068 982.4
0.18069 982.4
0.18070 982.4
0.18071 982.4
0.18072 982.4
0.18073 982.4
0.18074 982.4
0.18075 982.4
0.18076 982.4
0.18077 982.4
0.18078 982.4
0.18079 982.4
0.18080 982.4
0.18081 982.4
0.18082 982.4
0.18083 982.4
0.18084 982.4
0.18085 982.4
0.18086 982.4
0.18087 982.4
0.18088 982.4
0.18089 982.4
0.18090 982.4
0.18091 982.4
0.18092 982.4
0.18093 982.4
0.18094 982.4
0.18095 982.4
0.18096 982.4
0.18097 982.4
0.18098 982.4
0.18099 982.4
0.18100 982.4
0.18101 982.4
0.18102 982.4
0.18103 982.4
0.18104 982.4
0.18105 982.4
0.18106 982.4
0.18107 982.4
0.18108 982.4
0.18109 982.4
0.18110 982.4
0.18111 982.4
0.18112 982.4
0.18113 982.4
0.18114 982.4
0.18115 982.4
0.18116 982.4
0.18117 982.4
0.18118 982.4
0.18119 982.4
0.18120 982.4
0.18121 982.4
0.18122 982.4
0.18123 982.4
0.18124 982.4
0.18125 982.4
0.18126 982.4
0.18127 982.4
0.18128 982.4
0.18129 982.4
0.18130 982.4
0.18131 982.4
0.18132 982.4
0.18133 982.4
0.18134 982.4
0.18135 982.4
0.18136 982.4
0.18137 982.4
0.18138 982.4
0.18139 982.4
0.18140 982.4
0.18141 982.4
0.18142 982.4
0.18143 982.4
0.18144 982.4
0.18145 982.4
0.18146 982.4
0.18147 982.4
0.18148 982.4
0.18149 982.4
0.18150 982.4
0.18151 982.4
0.18152 982.4
0.18153 982.4
0.18154 982.4
0.18155 982.4
0.18156 982.4
0.18157 982.4
0.18158 982.4
0.18159 982.4
0.18160 982.4
0.18161 982.4
0.18162 982.4
0.18163 982.4
0.18164 982.4
0.18165 982.4
0.18166 982.4
0.18167 982.4
0.18168 982.4
0.18169 982.4
0.18170 982.4
0.18171 982.4
0.18172 982.4
0.18173 982.4
0.18174 982.4
0.18175 982.4
0.18176 982.4
0.18177 982.4
0.18178 982.4
0.18179 982.4
0.18180 982.4
0.18181 982.4
0.18182 982.4
0.18183 982.4
0.18184 982.4
0.18185 982.4
0.18186 982.4
0.18187 982.4
0.18188 982.4
0.18189 982.4
0.18190 982.4
0.18191 982.4
0.18192 982.4
0.18193 982.4
0.18194 982.4
0.18195 982.4
0.18196 982.4
0.18197 982.4
0.18198 982.4
0.18199 982.4
0.18200 982.4
0.18201 982.4
0.18202 982.4
0.18203 982.4
0.18204 982.4
0.18205 982.4
0.18206 982.4
0.18207 982.4
0.18208 982.4
0.18209 982.4
0.18210 982.4
0.18211 982.4
0.18212 982.4
0.18213 982.4
0.18214 982.4
0.18215 982.4
0.18216 982.4
0.18217 982.4
0.18218 982.4
0.18219 982.4
0.18220 982.4
0.18221 982.4
0.18222 982.4
0.18223 982.4
0.18224 982.4
0.18225 982.4
0.18226 982.4
0.18227 982.4
0.18228 982.4
0.18229 982.4
0.18230 982.4
0.18231 982.4
0.18232 982.4
0.18233 982.4
0.18234 982.4
0.18235 982.4
0.18236 982.4
0.18237 982.4
0.18238 982.4
0.18239 982.4
0.18240 982.4
0.18241 982.4
0.18242 982.4
0.18243 982.4
0.18244 982.4
0.18245 982.4
0.18246 982.4
0.18247 982.4
0.18248 982.4
0.18249 982.4
0.18250 982.4
0.18251 982.4
0.18252 982.4
0.18253 982.4
0.18254 982.4
0.18255 982.4
0.18256 982.4
0.18257 982.4
0.18258 982.4
0.18259 982.4
0.18260 982.4
0.18261 982.4
0.18262 982.4
0.18263 982.4
0.18264 982.4
0.18265 982.4
0.18266 982.4
0.18267 982.4
0.18268 982.4
0.18269 982.4
0.18270 982.4
0.18271 982.4
0.18272 982.4
0.18273 982.4
0.18274 982.4
0.18275 982.4
0.18276 982.4
0.18277 982.4
0.18278 982.4
0.18279 982.4
0.18280 982.4
0.18281 982.4
0.18282 982.4
0.18283 982.4
0.18284 982.4
0.18285 982.4
0.18286 982.4
0.18287 982.4
0.18288 982.4
0.18289 982.4
0.18290 982.4
0.18291 982.4
0.18292 982.4
0.18293 982.4
0.18294 982.4
0.18295 982.4
0.18296 982.4
0.18297 982.4
0.18298 982.4
0.18299 982.4
0.18300 982.4
0.18301 982.4
0.18302 982.4
0.18303 982.4
0.18304 982.4
0.18305 982.4
0.18306 982.4
0.18307 982.4
0.18308 982.4
0.18309 982.4
0.18310 982.4
0.18311 982.4
0.18312 982.4
0.18313 982.4
0.18314 982.4
0.18315 982.4
0.18316 982.4
0.18317 982.4
0.18318 982.4
0.18319 982.4
0.18320 982.4
0.18321 982.4
0.18322 982.4
0.18323 982.4
0.18324 982.4
0.18325 982.4
0.18326 982.4
0.18327 982.4
0.18328 982.4
0.18329 982.4
0.18330 982.4
0.18331 982.4
0.18332 982.4
0.18333 982.4
0.18334 982.4
0.18335 982.4
0.18336 982.4
0.18337 982.4
0.18338 982.4
0.18339 982.4
0.18340 982.4
0.18341 982.4
0.18342 982.4
0.18343 982.4
0.18344 982.4
0.18345 982.4
0.18346 982.4
0.18347 982.4
0.18348 982.4
0.18349 982.4
0.18350 982.4
0.18351 982.4
0.18352 982.4
0.18353 982.4
0.18354 982.4
0.18355 982.4
0.18356 982.4
0.18357 982.4
0.18358 982.4
0.18359 982.4
0.18360 982.4
0.18361 982.4
0.18362 982.4
0.18363 982.4
0.18364 982.4
0.18365 982.4
0.18366 982.4
0.18367 982.4
0.18368 982.4
0.18369 982.4
0.18370 982.4
0.18371 982.4
0.18372 982.4
0.18373 982.4
0.18374 982.4
0.18375 982.4
0.18376 982.4
0.18377 982.4
0.18378 982.4
0.18379 982.4
0.18380 982.4
0.18381 982.4
0.18382 982.4
0.18383 982.4
0.18384 982.4
0.18385 982.4
0.18386 982.4
0.18387 982.4
0.18388 982.4
0.18389 982.4
0.18390 982.4
0.18391 982.4
0.18392 982.4
0.18393 982.4
0.18394 982.4
0.18395 982.4
0.18396 982.4
0.18397 982.4
0.18398 982.4
0.18399 982.4
0.18400 982.4
0.18401 982.4
0.18402 982.4
0.18403 982.4
0.18404 982.4
0.18405 982.4
0.18406 982.4
0.18407 982.4
0.18408 982.4
0.18409 982.4
0.18410 982.4
0.18411 982.4
0.18412 982.4
0.18413 982.4
0.18414 982.4
0.18415 982.4
0.18416 982.4
0.18417 982.4
0.18418 982.4
0.18419 982.4
0.18420 982.4
0.18421 982.4
0.18422 982.4
0.18423 982.4
0.18424 982.4
0.18425 982.4
0.18426 982.4
0.18427 982.4
0.18428 982.4
0.18429 982.4
0.18430 982.4
0.18431 982.4
0.18432 982.4
0.18433 982.4
0.18434 982.4
0.18435 982.4
0.18436 982.4
0.18437 982.4
0.18438 982.4
0.18439 982.4
0.18440 982.4
0.18441 982.4
0.18442 982.4
0.18443 982.4
0.18444 982.4
0.18445 982.4
0.18446 982.4
0.18447 982.4
0.18448 982.4
0.18449 982.4
0.18450 982.4
0.18451 982.4
0.18452 982.4
0.18453 982.4
0.18454 982.4
0.18455 982.4
0.18456 982.4
0.18457 982.4
0.18458 982.4
0.18459 982.4
0.18460 982.4
0.18461 982.4
0.18462 982.4
0.18463 982.4
0.18464 982.4
0.18465 982.4
0.18466 982.4
0.18467 982.4
0.18468 982.4
0.18469 982.4
0.18470 982.4
0.18471 982.4
0.18472 982.4
0.18473 982.4
0.18474 982.4
0.18475 982.4
0.18476 982.4
0.18477 982.4
0.18478 982.4
0.18479 982.4
0.18480 982.4
0.18481 982.4
0.18482 982.4
0.18483 982.4
0.18484 982.4
0.18485 982.4
0.18486 982.4
0.18487 982.4
0.18488 982.4
0.18489 982.4
0.18490 982.4
0.18491 982.4
0.18492 982.4
0.18493 982.4
0.18494 982.4
0.18495 982.4
0.18496 982.4
0.18497 982.4
0.18498 982.4
0.18499 982.4
0.18500 982.4
0.18501 982.4
0.18502 982.4
0.18503 982.4
0.18504 982.4
0.18505 982.4
0.18506 982.4
0.18507 982.4
0.18508 982.4
0.18509 982.4
0.18510 982.4
0.18511 982.4
0.18512 982.4
0.18513 982.4
0.18514 982.4
0.18515 982.4
0.18516 982.4
0.18517 982.4
0.18518 982.4
0.18519 982.4
0.18520 982.4
0.18521 982.4
0.18522 982.4
0.18523 982.4
0.18524 982.4
0.18525 982.4
0.18526 982.4
0.18527 982.4
0.18528 982.4
0.18529 982.4
0.18530 982.4
0.18531 982.4
0.18532 982.4
0.18533 982.4
0.18534 982.4
0.18535 982.4
0.18536 982.4
0.18537 982.4
0.18538 982.4
0.18539 982.4
0.18540 982.4
0.18541 982.4
0.18542 982.4
0.18543 982.4
0.18544 982.4
0.18545 982.4
0.18546 982.4
0.18547 982.4
0.18548 982.4
0.18549 982.4
0.18550 982.4
0.18551 982.4
0.18552 982.4
0.18553 982.4
0.18554 982.4
0.18555 982.4
0.18556 982.4
0.18557 982.4
0.18558 982.4
0.18559 982.4
0.18560 982.4
0.18561 982.4
0.18562 982.4
0.18563 982.4
0.18564 982.4
0.18565 982.4
0.18566 982.4
0.18567 982.4
0.18568 982.4
0.18569 982.4
0.18570 982.4
0.18571 982.4
0.18572 982.4
0.18573 982.4
0.18574 982.4
0.18575 982.4
0.18576 982.4
0.18577 982.4
0.18578 982.4
0.18579 982.4
0.18580 982.4
0.18581 982.4
0.18582 982.4
0.18583 982.4
0.18584 982.4
0.18585 982.4
0.18586 982.4
0.18587 982.4
0.18588 982.4
0.18589 982.4
0.18590 982.4
0.18591 982.4
0.18592 982.4
0.18593 982.4
0.18594 982.4
0.18595 982.4
0.18596 982.4
0.18597 982.4
0.18598 982.4
0.18599 982.4
0.18600 982.4
0.18601 982.4
0.18602 982.4
0.18603 982.4
0.18604 982.4
0.18605 982.4
0.18606 982.4
0.18607 982.4
0.18608 982.4
0.18609 982.4
0.18610 982.4
0.18611 982.4
0.18612 982.4
0.18613 982.4
0.18614 982.4
0.18615 982.4
0.18616 982.4
0.18617 982.4
0.18618 982.4
0.18619 982.4
0.18620 982.4
0.18621 982.4
0.18622 982.4
0.18623 982.4
0.18624 982.4
0.18625 982.4
0.18626 982.4
0.18627 982.4
0.18628 982.4
0.18629 982.4
0.18630 982.4
0.18631 982.4
0.18632 982.4
0.18633 982.4
0.18634 982.4
0.18635 982.4
0.18636 982.4
0.18637 982.4
0.18638 982.4
0.18639 982.4
0.18640 982.4
0.18641 982.4
0.18642 982.4
0.18643 982.4
0.18644 982.4
0.18645 982.4
0.18646 982.4
0.18647 982.4
0.18648 982.4
0.18649 982.4
0.18650 982.4
0.18651 982.4
0.18652 982.4
0.18653 982.4
0.18654 982.4
0.18655 982.4
0.18656 982.4
0.18657 982.4
0.18658 982.4
0.18659 982.4
0.18660 982.4
0.18661 982.4
0.18662 982.4
0.18663 982.4
0.18664 982.4
0.18665 982.4
0.18666 982.4
0.18667 982.4
0.18668 982.4
0.18669 982.4
0.18670 982.4
0.18671 982.4
0.18672 982.4
0.18673 982.4
0.18674 982.4
0.18675 982.4
0.18676 982.4
0.18677 982.4
0.18678 982.4
0.18679 982.4
0.18680 982.4
0.18681 982.4
0.18682 982.4
0.18683 982.4
0.18684 982.4
0.18685 982.4
0.18686 982.4
0.18687 982.4
0.18688 982.4
0.18689 982.4
0.18690 982.4
0.18691 982.4
0.18692 982.4
0.18693 982.4
0.18694 982.4
0.18695 982.4
0.18696 982.4
0.18697 982.4
0.18698 982.4
0.18699 982.4
0.18700 982.4
0.18701 982.4
0.18702 982.4
0.18703 982.4
0.18704 982.4
0.18705 982.4
0.18706 982.4
0.18707 982.4
0.18708 982.4
0.18709 982.4
0.18710 982.4
0.18711 982.4
0.18712 982.4
0.18713 982.4
0.18714 982.4
0.18715 982.4
0.18716 982.4
0.18717 982.4
0.18718 982.4
0.18719 982.4
0.18720 982.4
0.18721 982.4
0.18722 982.4
0.18723 982.4
0.18724 982.4
0.18725 982.4
0.18726 982.4
0.18727 982.4
0.18728 982.4
0.18729 982.4
0.18730 982.4
0.18731 982.4
0.18732 982.4
0.18733 982.4
0.18734 982.4
0.18735 982.4
0.18736 982.4
0.18737 982.4
0.18738 982.4
0.18739 982.4
0.18740 982.4
0.18741 982.4
0.18742 982.4
0.18743 982.4
0.18744 982.4
0.18745 982.4
0.18746 982.4
0.18747 982.4
0.18748 982.4
0.18749 982.4
0.18750 982.4
0.18751 982.4
0.18752 982.4
0.18753 982.4
0.18754 982.4
0.18755 982.4
0.18756 982.4
0.18757 982.4
0.18758 982.4
0.18759 982.4
0.18760 982.4
0.18761 982.4
0.18762 982.4
0.18763 982.4
0.18764 982.4
0.18765 982.4
0.18766 982.4
0.18767 982.4
0.18768 982.4
0.18769 982.4
0.18770 982.4
0.18771 982.4
0.18772 982.4
0.18773 982.4
0.18774 982.4
0.18775 982.4
0.18776 982.4
0.18777 982.4
0.18778 982.4
0.18779 982.4
0.18780 982.4
0.18781 982.4
0.18782 982.4
0.18783 982.4
0.18784 982.4
0.18785 982.4
0.18786 982.4
0.18787 982.4
0.18788 982.4
0.18789 982.4
0.18790 982.4
0.18791 982.4
0.18792 982.4
0.18793 982.4
0.18794 982.4
0.18795 982.4
0.18796 982.4
0.18797 982.4
0.18798 982.4
0.18799 982.4
0.18800 982.4
0.18801 982.4
0.18802 982.4
0.18803 982.4
0.18804 982.4
0.18805 982.4
0.18806 982.4
0.18807 982.4
0.18808 982.4
0.18809 982.4
0.18810 982.4
0.18811 982.4
0.18812 982.4
0.18813 982.4
0.18814 982.4
0.18815 982.4
0.18816 982.4
0.18817 982.4
0.18818 982.4
0.18819 982.4
0.18820 982.4
0.18821 982.4
0.18822 982.4
0.18823 982.4
0.18824 982.4
0.18825 982.4
0.18826 982.4
0.18827 982.4
0.18828 982.4
0.18829 982.4
0.18830 982.4
0.18831 982.4
0.18832 982.4
0.18833 982.4
0.18834 982.4
0.18835 982.4
0.18836 982.4
0.18837 982.4
0.18838 982.4
0.18839 982.4
0.18840 982.4
0.18841 982.4
0.18842 982.4
0.18843 982.4
0.18844 982.4
0.18845 982.4
0.18846 982.4
0.18847 982.4
0.18848 982.4
0.18849 982.4
0.18850 982.4
0.18851 982.4
0.18852 982.4
0.18853 982.4
0.18854 982.4
0.18855 982.4
0.18856 982.4
0.18857 982.4
0.18858 982.4
0.18859 982.4
0.18860 982.4
0.18861 982.4
0.18862 982.4
0.18863 982.4
0.18864 982.4
0.18865 982.4
0.18866 982.4
0.18867 982.4
0.18868 982.4
0.18869 982.4
0.18870 982.4
0.18871 982.4
0.18872 982.4
0.18873 982.4
0.18874 982.4
0.18875 982.4
0.18876 982.4
0.18877 982.4
0.18878 982.4
0.18879 982.4
0.18880 982.4
0.18881 982.4
0.18882 982.4
0.18883 982.4
0.18884 982.4
0.18885 982.4
0.18886 982.4
0.18887 982.4
0.18888 982.4
0.18889 982.4
0.18890 982.4
0.18891 982.4
0.18892 982.4
0.18893 982.4
0.18894 982.4
0.18895 982.4
0.18896 982.4
0.18897 982.4
0.18898 982.4
0.18899 982.4
0.18900 982.4
0.18901 982.4
0.18902 982.4
0.18903 982.4
0.18904 982.4
0.18905 982.4
0.18906 982.4
0.18907 982.4
0.18908 982.4
0.18909 982.4
0.18910 982.4
0.18911 982.4
0.18912 982.4
0.18913 982.4
0.18914 982.4
0.18915 982.4
0.18916 982.4
0.18917 982.4
0.18918 982.4
0.18919 982.4
0.18920 982.4
0.18921 982.4
0.18922 982.4
0.18923 982.4
0.18924 982.4
0.18925 982.4
0.18926 982.4
0.18927 982.4
0.18928 982.4
0.18929 982.4
0.18930 982.4
0.18931 982.4
0.18932 982.4
0.18933 982.4
0.18934 982.4
0.18935 982.4
0.18936 982.4
0.18937 982.4
0.18938 982.4
0.18939 982.4
0.18940 982.4
0.18941 982.4
0.18942 982.4
0.18943 982.4
0.18944 982.4
0.18945 982.4
0.18946 982.4
0.18947 982.4
0.18948 982.4
0.18949 982.4
0.18950 982.4
0.18951 982.4
0.18952 982.4
0.18953 982.4
0.18954 982.4
0.18955 982.4
0.18956 982.4
0.18957 982.4
0.18958 982.4
0.18959 982.4
0.18960 982.4
0.18961 982.4
0.18962 982.4
0.18963 982.4
0.18964 982.4
0.18965 982.4
0.18966 982.4
0.18967 982.4
0.18968 982.4
0.18969 982.4
0.18970 982.4
0.18971 982.4
0.18972 982.4
0.18973 982.4
0.18974 982.4
0.18975 982.4
0.18976 982.4
0.18977 982.4
0.18978 982.4
0.18979 982.4
0.18980 982.4
0.18981 982.4
0.18982 982.4
0.18983 982.4
0.18984 982.4
0.18985 982.4
0.18986 982.4
0.18987 982.4
0.18988 982.4
0.18989 982.4
0.18990 982.4
0.18991 982.4
0.18992 982.4
0.18993 982.4
0.18994 982.4
0.18995 982.4
0.18996 982.4
0.18997 982.4
0.18998 982.4
0.18999 982.4
0.19000 982.4
0.19001 982.4
0.19002 982.4
0.19003 982.4
0.19004 982.4
0.19005 982.4
0.19006 982.4
0.19007 982.4
0.19008 982.4
0.19009 982.4
0.19010 982.4
0.19011 982.4
0.19012 982.4
0.19013 982.4
0.19014 982.4
0.19015 982.4
0.19016 982.4
0.19017 982.4
0.19018 982.4
0.19019 982.4
0.19020 982.4
0.19021 982.4
0.19022 982.4
0.19023 982.4
0.19024 982.4
0.19025 982.4
0.19026 982.4
0.19027 982.4
0.19028 982.4
0.19029 982.4
0.19030 982.4
0.19031 982.4
0.19032 982.4
0.19033 982.4
0.19034 982.4
0.19035 982.4
0.19036 982.4
0.19037 982.4
0.19038 982.4
0.19039 982.4
0.19040 982.4
0.19041 982.4
0.19042 982.4
0.19043 982.4
0.19044 982.4
0.19045 982.4
0.19046 982.4
0.19047 982.4
0.19048 982.4
0.19049 982.4
0.19050 982.4
0.19051 982.4
0.19052 982.4
0.19053 982.4
0.19054 982.4
0.19055 982.4
0.19056 982.4
0.19057 982.4
0.19058 982.4
0.19059 982.4
0.19060 982.4
0.19061 982.4
0.19062 982.4
0.19063 982.4
0.19064 982.4
0.19065 982.4
0.19066 982.4
0.19067 982.4
0.19068 982.4
0.19069 982.4
0.19070 982.4
0.19071 982.4
0.19072 982.4
0.19073 982.4
0.19074 982.4
0.19075 982.4
0.19076 982.4
0.19077 982.4
0.19078 982.4
0.19079 982.4
0.19080 982.4
0.19081 982.4
0.19082 982.4
0.19083 982.4
0.19084 982.4
0.19085 982.4
0.19086 982.4
0.19087 982.4
0.19088 982.4
0.19089 982.4
0.19090 982.4
0.19091 982.4
0.19092 982.4
0.19093 982.4
0.19094 982.4
0.19095 982.4
0.19096 982.4
0.19097 982.4
0.19098 982.4
0.19099 982.4
0.19100 982.4
0.19101 982.4
0.19102 982.4
0.19103 982.4
0.19104 982.4
0.19105 982.4
0.19106 982.4
0.19107 982.4
0.19108 982.4
0.19109 982.4
0.19110 982.4
0.19111 982.4
0.19112 982.4
0.19113 982.4
0.19114 982.4
0.19115 982.4
0.19116 982.4
0.19117 982.4
0.19118 982.4
0.19119 982.4
0.19120 982.4
0.19121 982.4
0.19122 982.4
0.19123 982.4
0.19124 982.4
0.19125 982.4
0.19126 982.4
0.19127 982.4
0.19128 982.4
0.19129 982.4
0.19130 982.4
0.19131 982.4
0.19132 982.4
0.19133 982.4
0.19134 982.4
0.19135 982.4
0.19136 982.4
0.19137 982.4
0.19138 982.4
0.19139 982.4
0.19140 982.4
0.19141 982.4
0.19142 982.4
0.19143 982.4
0.19144 982.4
0.19145 982.4
0.19146 982.4
0.19147 982.4
0.19148 982.4
0.19149 982.4
0.19150 982.4
0.19151 982.4
0.19152 982.4
0.19153 982.4
0.19154 982.4
0.19155 982.4
0.19156 982.4
0.19157 982.4
0.19158 982.4
0.19159 982.4
0.19160 982.4
0.19161 982.4
0.19162 982.4
0.19163 982.4
0.19164 982.4
0.19165 982.4
0.19166 982.4
0.19167 982.4
0.19168 982.4
0.19169 982.4
0.19170 982.4
0.19171 982.4
0.19172 982.4
0.19173 982.4
0.19174 982.4
0.19175 982.4
0.19176 982.4
0.19177 982.4
0.19178 982.4
0.19179 982.4
0.19180 982.4
0.19181 982.4
0.19182 982.4
0.19183 982.4
0.19184 982.4
0.19185 982.4
0.19186 982.4
0.19187 982.4
0.19188 982.4
0.19189 982.4
0.19190 982.4
0.19191 982.4
0.19192 982.4
0.19193 982.4
0.19194 982.4
0.19195 982.4
0.19196 982.4
0.19197 982.4
0.19198 982.4
0.19199 982.4
0.19200 982.4
0.19201 982.4
0.19202 982.4
0.19203 982.4
0.19204 982.4
0.19205 982.4
0.19206 982.4
0.19207 982.4
0.19208 982.4
0.19209 982.4
0.19210 982.4
0.19211 982.4
0.19212 982.4
0.19213 982.4
0.19214 982.4
0.19215 982.4
0.19216 982.4
0.19217 982.4
0.19218 982.4
0.19219 982.4
0.19220 982.4
0.19221 982.4
0.19222 982.4
0.19223 982.4
0.19224 982.4
0.19225 982.4
0.19226 982.4
0.19227 982.4
0.19228 982.4
0.19229 982.4
0.19230 982.4
0.19231 982.4
0.19232 982.4
0.19233 982.4
0.19234 982.4
0.19235 982.4
0.19236 982.4
0.19237 982.4
0.19238 982.4
0.19239 982.4
0.19240 982.4
0.19241 982.4
0.19242 982.4
0.19243 982.4
0.19244 982.4
0.19245 982.4
0.19246 982.4
0.19247 982.4
0.19248 982.4
0.19249 982.4
0.19250 982.4
0.19251 982.4
0.19252 982.4
0.19253 982.4
0.19254 982.4
0.19255 982.4
0.19256 982.4
0.19257 982.4
0.19258 982.4
0.19259 982.4
0.19260 982.4
0.19261 982.4
0.19262 982.4
0.19263 982.4
0.19264 982.4
0.19265 982.4
0.19266 982.4
0.19267 982.4
0.19268 982.4
0.19269 982.4
0.19270 982.4
0.19271 982.4
0.19272 982.4
0.19273 982.4
0.19274 982.4
0.19275 982.4
0.19276 982.4
0.19277 982.4
0.19278 982.4
0.19279 982.4
0.19280 982.4
0.19281 982.4
0.19282 982.4
0.19283 982.4
0.19284 982.4
0.19285 982.4
0.19286 982.4
0.19287 982.4
0.19288 982.4
0.19289 982.4
0.19290 982.4
0.19291 982.4
0.19292 982.4
0.19293 982.4
0.19294 982.4
0.19295 982.4
0.19296 982.4
0.19297 982.4
0.19298 982.4
0.19299 982.4
0.19300 982.4
0.19301 982.4
0.19302 982.4
0.19303 982.4
0.19304 982.4
0.19305 982.4
0.19306 982.4
0.19307 982.4
0.19308 982.4
0.19309 982.4
0.19310 982.4
0.19311 982.4
0.19312 982.4
0.19313 982.4
0.19314 982.4
0.19315 982.4
0.19316 982.4
0.19317 982.4
0.19318 982.4
0.19319 982.4
0.19320 982.4
0.19321 982.4
0.19322 982.4
0.19323 982.4
0.19324 982.4
0.19325 982.4
0.19326 982.4
0.19327 982.4
0.19328 982.4
0.19329 982.4
0.19330 982.4
0.19331 982.4
0.19332 982.4
0.19333 982.4
0.19334 982.4
0.19335 982.4
0.19336 982.4
0.19337 982.4
0.19338 982.4
0.19339 982.4
0.19340 982.4
0.19341 982.4
0.19342 982.4
0.19343 982.4
0.19344 982.4
0.19345 982.4
0.19346 982.4
0.19347 982.4
0.19348 982.4
0.19349 982.4
0.19350 982.4
0.19351 982.4
0.19352 982.4
0.19353 982.4
0.19354 982.4
0.19355 982.4
0.19356 982.4
0.19357 982.4
0.19358 982.4
0.19359 982.4
0.19360 982.4
0.19361 982.4
0.19362 982.4
0.19363 982.4
0.19364 982.4
0.19365 982.4
0.19366 982.4
0.19367 982.4
0.19368 982.4
0.19369 982.4
0.19370 982.4
0.19371 982.4
0.19372 982.4
0.19373 982.4
0.19374 982.4
0.19375 982.4
0.19376 982.4
0.19377 982.4
0.19378 982.4
0.19379 982.4
0.19380 982.4
0.19381 982.4
0.19382 982.4
0.19383 982.4
0.19384 982.4
0.19385 982.4
0.19386 982.4
0.19387 982.4
0.19388 982.4
0.19389 982.4
0.19390 982.4
0.19391 982.4
0.19392 982.4
0.19393 982.4
0.19394 982.4
0.19395 982.4
0.19396 982.4
0.19397 982.4
0.19398 982.4
0.19399 982.4
0.19400 982.4
0.19401 982.4
0.19402 982.4
0.19403 982.4
0.19404 982.4
0.19405 982.4
0.19406 982.4
0.19407 982.4
0.19408 982.4
0.19409 982.4
0.19410 982.4
0.19411 982.4
0.19412 982.4
0.19413 982.4
0.19414 982.4
0.19415 982.4
0.19416 982.4
0.19417 982.4
0.19418 982.4
0.19419 982.4
0.19420 982.4
0.19421 982.4
0.19422 982.4
0.19423 982.4
0.19424 982.4
0.19425 982.4
0.19426 982.4
0.19427 982.4
0.19428 982.4
0.19429 982.4
0.19430 982.4
0.19431 982.4
0.19432 982.4
0.19433 982.4
0.19434 982.4
0.19435 982.4
0.19436 982.4
0.19437 982.4
0.19438 982.4
0.19439 982.4
0.19440 982.4
0.19441 982.4
0.19442 982.4
0.19443 982.4
0.19444 982.4
0.19445 982.4
0.19446 982.4
0.19447 982.4
0.19448 982.4
0.19449 982.4
0.19450 982.4
0.19451 982.4
0.19452 982.4
0.19453 982.4
0.19454 982.4
0.19455 982.4
0.19456 982.4
0.19457 982.4
0.19458 982.4
0.19459 982.4
0.19460 982.4
0.19461 982.4
0.19462 982.4
0.19463 982.4
0.19464 982.4
0.19465 982.4
0.19466 982.4
0.19467 982.4
0.19468 982.4
0.19469 982.4
0.19470 982.4
0.19471 982.4
0.19472 982.4
0.19473 982.4
0.19474 982.4
0.19475 982.4
0.19476 982.4
0.19477 982.4
0.19478 982.4
0.19479 982.4
0.19480 982.4
0.19481 982.4
0.19482 982.4
0.19483 982.4
0.19484 982.4
0.19485 982.4
0.19486 982.4
0.19487 982.4
0.19488 982.4
0.19489 982.4
0.19490 982.4
0.19491 982.4
0.19492 982.4
0.19493 982.4
0.19494 982.4
0.19495 982.4
0.19496 982.4
0.19497 982.4
0.19498 982.4
0.19499 982.4
0.19500 982.4
0.19501 982.4
0.19502 982.4
0.19503 982.4
0.19504 982.4
0.19505 982.4
0.19506 982.4
0.19507 982.4
0.19508 982.4
0.19509 982.4
0.19510 982.4
0.19511 982.4
0.19512 982.4
0.19513 982.4
0.19514 982.4
0.19515 982.4
0.19516 982.4
0.19517 982.4
0.19518 982.4
0.19519 982.4
0.19520 982.4
0.19521 982.4
0.19522 982.4
0.19523 982.4
0.19524 982.4
0.19525 982.4
0.19526 982.4
0.19527 982.4
0.19528 982.4
0.19529 982.4
0.19530 982.4
0.19531 982.4
0.19532 982.4
0.19533 982.4
0.19534 982.4
0.19535 982.4
0.19536 982.4
0.19537 982.4
0.19538 982.4
0.19539 982.4
0.19540 982.4
0.19541 982.4
0.19542 982.4
0.19543 982.4
0.19544 982.4
0.19545 982.4
0.19546 982.4
0.19547 982.4
0.19548 982.4
0.19549 982.4
0.19550 982.4
0.19551 982.4
0.19552 982.4
0.19553 982.4
0.19554 982.4
0.19555 982.4
0.19556 982.4
0.19557 982.4
0.19558 982.4
0.19559 982.4
0.19560 982.4
0.19561 982.4
0.19562 982.4
0.19563 982.4
0.19564 982.4
0.19565 982.4
0.19566 982.4
0.19567 982.4
0.19568 982.4
0.19569 982.4
0.19570 982.4
0.19571 982.4
0.19572 982.4
0.19573 982.4
0.19574 982.4
0.19575 982.4
0.19576 982.4
0.19577 982.4
0.19578 982.4
0.19579 982.4
0.19580 982.4
0.19581 982.4
0.19582 982.4
0.19583 982.4
0.19584 982.4
0.19585 982.4
0.19586 982.4
0.19587 982.4
0.19588 982.4
0.19589 982.4
0.19590 982.4
0.19591 982.4
0.19592 982.4
0.19593 982.4
0.19594 982.4
0.19595 982.4
0.19596 982.4
0.19597 982.4
0.19598 982.4
0.19599 982.4
0.19600 982.4
0.19601 982.4
0.19602 982.4
0.19603 982.4
0.19604 982.4
0.19605 982.4
0.19606 982.4
0.19607 982.4
0.19608 982.4
0.19609 982.4
0.19610 982.4
0.19611 982.4
0.19612 982.4
0.19613 982.4
0.19614 982.4
0.19615 982.4
0.19616 982.4
0.19617 982.4
0.19618 982.4
0.19619 982.4
0.19620 982.4
0.19621 982.4
0.19622 982.4
0.19623 982.4
0.19624 982.4
0.19625 982.4
0.19626 982.4
0.19627 982.4
0.19628 982.4
0.19629 982.4
0.19630 982.4
0.19631 982.4
0.19632 982.4
0.19633 982.4
0.19634 982.4
0.19635 982.4
0.19636 982.4
0.19637 982.4
0.19638 982.4
0.19639 982.4
0.19640 982.4
0.19641 982.4
0.19642 982.4
0.19643 982.4
0.19644 982.4
0.19645 982.4
0.19646 982.4
0.19647 982.4
0.19648 982.4
0.19649 982.4
0.19650 982.4
0.19651 982.4
0.19652 982.4
0.19653 982.4
0.19654 982.4
0.19655 982.4
0.19656 982.4
0.19657 982.4
0.19658 982.4
0.19659 982.4
0.19660 982.4
0.19661 982.4
0.19662 982.4
0.19663 982.4
0.19664 982.4
0.19665 982.4
0.19666 982.4
0.19667 982.4
0.19668 982.4
0.19669 982.4
0.19670 982.4
0.19671 982.4
0.19672 982.4
0.19673 982.4
0.19674 982.4
0.19675 982.4
0.19676 982.4
0.19677 982.4
0.19678 982.4
0.19679 982.4
0.19680 982.4
0.19681 982.4
0.19682 982.4
0.19683 982.4
0.19684 982.4
0.19685 982.4
0.19686 982.4
0.19687 982.4
0.19688 982.4
0.19689 982.4
0.19690 982.4
0.19691 982.4
0.19692 982.4
0.19693 982.4
0.19694 982.4
0.19695 982.4
0.19696 982.4
0.19697 982.4
0.19698 982.4
0.19699 982.4
0.19700 982.4
0.19701 982.4
0.19702 982.4
0.19703 982.4
0.19704 982.4
0.19705 982.4
0.19706 982.4
0.19707 982.4
0.19708 982.4
0.19709 982.4
0.19710 982.4
0.19711 982.4
0.19712 982.4
0.19713 982.4
0.19714 982.4
0.19715 982.4
0.19716 982.4
0.19717 982.4
0.19718 982.4
0.19719 982.4
0.19720 982.4
0.19721 982.4
0.19722 982.4
0.19723 982.4
0.19724 982.4
0.19725 982.4
0.19726 982.4
0.19727 982.4
0.19728 982.4
0.19729 982.4
0.19730 982.4
0.19731 982.4
0.19732 982.4
0.19733 982.4
0.19734 982.4
0.19735 982.4
0.19736 982.4
0.19737 982.4
0.19738 982.4
0.19739 982.4
0.19740 982.4
0.19741 982.4
0.19742 982.4
0.19743 982.4
0.19744 982.4
0.19745 982.4
0.19746 982.4
0.19747 982.4
0.19748 982.4
0.19749 982.4
0.19750 982.4
0.19751 982.4
0.19752 982.4
0.19753 982.4
0.19754 982.4
0.19755 982.4
0.19756 982.4
0.19757 982.4
0.19758 982.4
0.19759 982.4
0.19760 982.4
0.19761 982.4
0.19762 982.4
0.19763 982.4
0.19764 982.4
0.19765 982.4
0.19766 982.4
0.19767 982.4
0.19768 982.4
0.19769 982.4
0.19770 982.4
0.19771 982.4
0.19772 982.4
0.19773 982.4
0.19774 982.4
0.19775 982.4
0.19776 982.4
0.19777 982.4
0.19778 982.4
0.19779 982.4
0.19780 982.4
0.19781 982.4
0.19782 982.4
0.19783 982.4
0.19784 982.4
0.19785 982.4
0.19786 982.4
0.19787 982.4
0.19788 982.4
0.19789 982.4
0.19790 982.4
0.19791 982.4
0.19792 982.4
0.19793 982.4
0.19794 982.4
0.19795 982.4
0.19796 982.4
0.19797 982.4
0.19798 982.4
0.19799 982.4
0.19800 982.4
0.19801 982.4
0.19802 982.4
0.19803 982.4
0.19804 982.4
0.19805 982.4
0.19806 982.4
0.19807 982.4
0.19808 982.4
0.19809 982.4
0.19810 982.4
0.19811 982.4
0.19812 982.4
0.19813 982.4
0.19814 982.4
0.19815 982.4
0.19816 982.4
0.19817 982.4
0.19818 982.4
0.19819 982.4
0.19820 982.4
0.19821 982.4
0.19822 982.4
0.19823 982.4
0.19824 982.4
0.19825 982.4
0.19826 982.4
0.19827 982.4
0.19828 982.4
0.19829 982.4
0.19830 982.4
0.19831 982.4
0.19832 982.4
0.19833 982.4
0.19834 982.4
0.19835 982.4
0.19836 982.4
0.19837 982.4
0.19838 982.4
0.19839 982.4
0.19840 982.4
0.19841 982.4
0.19842 982.4
0.19843 982.4
0.19844 982.4
0.19845 982.4
0.19846 982.4
0.19847 982.4
0.19848 982.4
0.19849 982.4
0.19850 982.4
0.19851 982.4
0.19852 982.4
0.19853 982.4
0.19854 982.4
0.19855 982.4
0.19856 982.4
0.19857 982.4
0.19858 982.4
0.19859 982.4
0.19860 982.4
0.19861 982.4
0.19862 982.4
0.19863 982.4
0.19864 982.4
0.19865 982.4
0.19866 982.4
0.19867 982.4
0.19868 982.4
0.19869 982.4
0.19870 982.4
0.19871 982.4
0.19872 982.4
0.19873 982.4
0.19874 982.4
0.19875 982.4
0.19876 982.4
0.19877 982.4
0.19878 982.4
0.19879 982.4
0.19880 982.4
0.19881 982.4
0.19882 982.4
0.19883 982.4
0.19884 982.4
0.19885 982.4
0.19886 982.4
0.19887 982.4
0.19888 982.4
0.19889 982.4
0.19890 982.4
0.19891 982.4
0.19892 982.4
0.19893 982.4
0.19894 982.4
0.19895 982.4
0.19896 982.4
0.19897 982.4
0.19898 982.4
0.19899 982.4
0.19900 982.4
0.19901 982.4
0.19902 982.4
0.19903 982.4
0.19904 982.4
0.19905 982.4
0.19906 982.4
0.19907 982.4
0.19908 982.4
0.19909 982.4
0.19910 982.4
0.19911 982.4
0.19912 982.4
0.19913 982.4
0.19914 982.4
0.19915 982.4
0.19916 982.4
0.19917 982.4
0.19918 982.4
0.19919 982.4
0.19920 982.4
0.19921 982.4
0.19922 982.4
0.19923 982.4
0.19924 982.4
0.19925 982.4
0.19926 982.4
0.19927 982.4
0.19928 982.4
0.19929 982.4
0.19930 982.4
0.19931 982.4
0.19932 982.4
0.19933 982.4
0.19934 982.4
0.19935 982.4
0.19936 982.4
0.19937 982.4
0.19938 982.4
0.19939 982.4
0.19940 982.4
0.19941 982.4
0.19942 982.4
0.19943 982.4
0.19944 982.4
0.19945 982.4
0.19946 982.4
0.19947 982.4
0.19948 982.4
0.19949 982.4
0.19950 982.4
0.19951 982.4
0.19952 982.4
0.19953 982.4
0.19954 982.4
0.19955 982.4
0.19956 982.4
0.19957 982.4
0.19958 982.4
0.19959 982.4
0.19960 982.4
0.19961 982.4
0.19962 982.4
0.19963 982.4
0.19964 982.4
0.19965 982.4
0.19966 982.4
0.19967 982.4
0.19968 982.4
0.19969 982.4
0.19970 982.4
0.19971 982.4
0.19972 982.4
0.19973 982.4
0.19974 982.4
0.19975 982.4
0.19976 982.4
0.19977 982.4
0.19978 982.4
0.19979 982.4
0.19980 982.4
0.19981 982.4
0.19982 982.4
0.19983 982.4
0.19984 982.4
0.19985 982.4
0.19986 982.4
0.19987 982.4
0.19988 982.4
0.19989 982.4
0.19990 982.4
0.19991 982.4
0.19992 982.4
0.19993 982.4
0.19994 982.4
0.19995 982.4
0.19996 982.4
0.19997 982.4
0.19998 982.4
0.19999 982.4
0.20000 982.4
0.20001 982.4
0.20002 982.4
0.20003 982.4
0.20004 982.4
0.20005 982.4
0.20006 982.4
0.20007 982.4
0.20008 982.4
0.20009 982.4
0.20010 982.4
0.20011 982.4
0.20012 982.4
0.20013 982.4
0.20014 982.4
0.20015 982.4
0.20016 982.4
0.20017 982.4
0.20018 982.4
0.20019 982.4
0.20020 982.4
0.20021 982.4
0.20022 982.4
0.20023 982.4
0.20024 982.4
0.20025 982.4
0.20026 982.4
0.20027 982.4
0.20028 982.4
0.20029 982.4
0.20030 982.4
0.20031 982.4
0.20032 982.4
0.20033 982.4
0.20034 982.4
0.20035 982.4
0.20036 982.4
0.20037 982.4
0.20038 982.4
0.20039 982.4
0.20040 982.4
0.20041 982.4
0.20042 982.4
0.20043 982.4
0.20044 982.4
0.20045 982.4
0.20046 982.4
0.20047 982.4
0.20048 982.4
0.20049 982.4
0.20050 982.4
0.20051 982.4
0.20052 982.4
0.20053 982.4
0.20054 982.4
0.20055 982.4
0.20056 982.4
0.20057 982.4
0.20058 982.4
0.20059 982.4
0.20060 982.4
0.20061 982.4
0.20062 982.4
0.20063 982.4
0.20064 982.4
0.20065 982.4
0.20066 982.4
0.20067 982.4
0.20068 982.4
0.20069 982.4
0.20070 982.4
0.20071 982.4
0.20072 982.4
0.20073 982.4
0.20074 982.4
0.20075 982.4
0.20076 982.4
0.20077 982.4
0.20078 982.4
0.20079 982.4
0.20080 982.4
0.20081 982.4
0.20082 982.4
0.20083 982.4
0.20084 982.4
0.20085 982.4
0.20086 982.4
0.20087 982.4
0.20088 982.4
0.20089 982.4
0.20090 982.4
0.20091 982.4
0.20092 982.4
0.20093 982.4
0.20094 982.4
0.20095 982.4
0.20096 982.4
0.20097 982.4
0.20098 982.4
0.20099 982.4
0.20100 982.4
0.20101 1006.0
0.20102 1030.0
0.20103 1054.6
0.20104 1079.7
0.20105 1105.3
0.20106 1131.5
0.20107 1158.1
0.20108 1185.4
0.20109 1213.1
0.20110 1241.5
0.20111 1270.4
0.20112 1300.0
0.20113 1330.1
0.20114 1360.9
0.20115 1392.3
0.20116 1424.3
0.20117 1457.0
0.20118 1490.4
0.20119 1524.5
0.20120 1559.3
0.20121 1594.9
0.20122 1631.3
0.20123 1668.5
0.20124 1706.5
0.20125 1745.4
0.20126 1785.3
0.20127 1826.2
0.20128 1868.1
0.20129 1911.2
0.20130 1955.5
0.20131 2001.1
0.20132 2048.2
0.20133 2096.9
0.20134 2147.3
0.20135 2199.6
0.20136 2254.1
0.20137 2311.1
0.20138 2370.8
0.20139 2433.6
0.20140 2500.0
0.20141 2570.5
0.20142 2645.6
0.20143 2726.2
0.20144 2813.2
0.20145 2907.5
0.20146 3010.6
0.20147 3124.0
0.20148 3249.7
0.20149 3389.9
0.20150 3547.8
0.20151 3640.0
0.20152 3751.4
0.20153 3885.0
0.20154 4044.4
0.20155 4234.0
0.20156 4459.0
0.20157 4725.7
0.20158 5041.8
0.20159 5415.9
0.20160 5857.7
0.20161 6377.3
0.20162 6983.6
0.20163 7682.2
0.20164 8472.4
0.20165 9343.1
0.20166 10270.4
0.20167 11218.8
0.20168 12147.1
0.20169 13017.2
0.20170 13801.5
0.20171 14486.2
0.20172 15068.9
0.20173 15554.5
0.20174 15952.0
0.20175 16271.0
0.20176 16521.1
0.20177 16710.7
0.20178 16846.9
0.20179 16935.9
0.20180 16982.9
0.20181 16992.0
0.20182 16967.0
0.20183 16910.7
0.20184 16825.8
0.20185 16714.4
0.20186 16578.4
0.20187 16419.5
0.20188 16239.2
0.20189 16039.0
0.20190 15820.1
0.20191 15583.8
0.20192 15331.3
0.20193 15063.8
0.20194 14782.6
0.20195 14488.8
0.20196 14183.7
0.20197 13868.5
0.20198 13544.6
0.20199 13213.0
0.20200 12875.2
0.20201 12532.4
0.20202 12185.7
0.20203 11836.6
0.20204 11486.2
0.20205 11135.6
0.20206 10786.0
0.20207 10438.4
0.20208 10094.0
0.20209 9753.7
0.20210 9418.3
0.20211 9088.6
0.20212 8765.5
0.20213 8449.5
0.20214 8141.3
0.20215 7841.2
0.20216 7549.8
0.20217 7267.4
0.20218 6994.2
0.20219 6730.4
0.20220 6476.1
0.20221 6231.4
0.20222 5996.3
0.20223 5770.8
0.20224 5554.6
0.20225 5347.8
0.20226 5150.0
0.20227 4961.1
0.20228 4780.9
0.20229 4609.0
0.20230 4445.3
0.20231 4289.3
0.20232 4140.9
0.20233 3999.7
0.20234 3865.3
0.20235 3737.6
0.20236 3616.1
0.20237 3500.6
0.20238 3390.8
0.20239 3286.4
0.20240 3187.2
0.20241 3092.7
0.20242 3002.9
0.20243 2917.4
0.20244 2836.0
0.20245 2758.5
0.20246 2684.7
0.20247 2614.3
0.20248 2547.2
0.20249 2483.1
0.20250 2422.0
0.20251 2363.6
0.20252 2307.8
0.20253 2254.5
0.20254 2203.5
0.20255 2154.7
0.20256 2107.9
0.20257 2063.2
0.20258 2020.2
0.20259 1979.1
0.20260 1939.6
0.20261 1901.7
0.20262 1865.4
0.20263 1830.4
0.20264 1796.9
0.20265 1764.6
0.20266 1733.6
0.20267 1703.8
0.20268 1675.1
0.20269 1647.6
0.20270 1621.0
0.20271 1595.5
0.20272 1571.0
0.20273 1547.3
0.20274 1524.6
0.20275 1502.7
0.20276 1481.6
0.20277 1461.4
0.20278 1441.8
0.20279 1423.1
0.20280 1405.0
0.20281 1387.6
0.20282 1370.8
0.20283 1354.7
0.20284 1339.2
0.20285 1324.3
0.20286 1309.9
0.20287 1296.1
0.20288 1282.8
0.20289 1270.0
0.20290 1257.7
0.20291 1245.9
0.20292 1234.5
0.20293 1223.5
0.20294 1213.0
0.20295 1202.8
0.20296 1193.0
0.20297 1183.6
0.20298 1174.6
0.20299 1165.8
0.20300 1157.4
0.20301 1149.4
0.20302 1141.6
0.20303 1134.1
0.20304 1126.8
0.20305 1119.9
0.20306 1113.2
0.20307 1106.7
0.20308 1100.5
0.20309 1094.5
0.20310 1088.7
0.20311 1083.1
0.20312 1077.7
0.20313 1072.5
0.20314 1067.5
0.20315 1062.6
0.20316 1058.0
0.20317 1053.4
0.20318 1049.1
0.20319 1044.9
0.20320 1040.8
0.20321 1036.9
0.20322 1033.1
0.20323 1029.4
0.20324 1025.9
0.20325 1022.5
0.20326 1019.1
0.20327 1015.9
0.20328 1012.8
0.20329 1009.8
0.20330 1006.9
0.20331 1004.1
0.20332 1001.4
0.20333 998.8
0.20334 996.2
0.20335 993.7
0.20336 991.4
0.20337 989.0
0.20338 986.8
0.20339 984.6
0.20340 982.5
0.20341 980.5
0.20342 978.5
0.20343 976.6
0.20344 974.7
0.20345 972.9
0.20346 971.1
0.20347 969.4
0.20348 967.8
0.20349 966.2
0.20350 964.6
0.20351 963.1
0.20352 961.7
0.20353 960.3
0.20354 958.9
0.20355 957.5
0.20356 956.2
0.20357 955.0
0.20358 953.7
0.20359 952.6
0.20360 951.4
0.20361 950.3
0.20362 949.2
0.20363 948.1
0.20364 947.1
0.20365 946.1
0.20366 945.1
0.20367 944.2
0.20368 943.2
0.20369 942.3
0.20370 941.5
0.20371 940.6
0.20372 939.8
0.20373 939.0
0.20374 938.2
0.20375 937.4
0.20376 936.7
0.20377 936.0
0.20378 935.3
0.20379 934.6
0.20380 933.9
0.20381 933.3
0.20382 932.7
0.20383 932.1
0.20384 931.5
0.20385 930.9
0.20386 930.3
0.20387 929.8
0.20388 929.2
0.20389 928.7
0.20390 928.2
0.20391 927.7
0.20392 927.2
0.20393 926.8
0.20394 926.3
0.20395 925.9
0.20396 925.4
0.20397 925.0
0.20398 924.6
0.20399 924.2
0.20400 923.8
0.20401 923.4
0.20402 923.1
0.20403 922.7
0.20404 922.4
0.20405 922.0
0.20406 921.7
0.20407 921.4
0.20408 921.1
0.20409 920.7
0.20410 920.4
0.20411 920.2
0.20412 919.9
0.20413 919.6
0.20414 919.3
0.20415 919.1
0.20416 918.8
0.20417 918.6
0.20418 918.3
0.20419 918.1
0.20420 917.8
0.20421 917.6
0.20422 917.4
0.20423 917.2
0.20424 917.0
0.20425 916.8
0.20426 916.6
0.20427 916.4
0.20428 916.2
0.20429 916.0
0.20430 915.9
0.20431 915.7
0.20432 915.5
0.20433 915.4
0.20434 915.2
0.20435 915.0
0.20436 914.9
0.20437 914.7
0.20438 914.6
0.20439 914.5
0.20440 914.3
0.20441 914.2
0.20442 914.1
0.20443 914.0
0.20444 913.8
0.20445 913.7
0.20446 913.6
0.20447 913.5
0.20448 913.4
0.20449 913.3
0.20450 913.2
0.20451 913.1
0.20452 913.0
0.20453 912.9
0.20454 912.8
0.20455 912.7
0.20456 912.7
0.20457 912.6
0.20458 912.5
0.20459 912.4
0.20460 912.4
0.20461 912.3
0.20462 912.2
0.20463 912.1
0.20464 912.1
0.20465 912.0
0.20466 912.0
0.20467 911.9
0.20468 911.9
0.20469 911.8
0.20470 911.8
0.20471 911.7
0.20472 911.7
0.20473 911.6
0.20474 911.6
0.20475 911.5
0.20476 911.5
0.20477 911.5
0.20478 911.4
0.20479 911.4
0.20480 911.3
0.20481 911.3
0.20482 911.3
0.20483 911.3
0.20484 911.2
0.20485 911.2
0.20486 911.2
0.20487 911.2
0.20488 911.1
0.20489 911.1
0.20490 911.1
0.20491 911.1
0.20492 911.1
0.20493 911.1
0.20494 911.0
0.20495 911.0
0.20496 911.0
0.20497 911.0
0.20498 911.0
0.20499 911.0
0.20500 911.0
0.20501 911.0
0.20502 911.0
0.20503 911.0
0.20504 911.0
0.20505 911.0
0.20506 911.0
0.20507 911.0
0.20508 911.0
0.20509 911.0
0.20510 911.0
0.20511 911.0
0.20512 911.0
0.20513 911.0
0.20514 911.0
0.20515 911.0
0.20516 911.1
0.20517 911.1
0.20518 911.1
0.20519 911.1
0.20520 911.1
0.20521 911.1
0.20522 911.1
0.20523 911.2
0.20524 911.2
0.20525 911.2
0.20526 911.2
0.20527 911.2
0.20528 911.2
0.20529 911.3
0.20530 911.3
0.20531 911.3
0.20532 911.3
0.20533 911.4
0.20534 911.4
0.20535 911.4
0.20536 911.4
0.20537 911.5
0.20538 911.5
0.20539 911.5
0.20540 911.5
0.20541 911.6
0.20542 911.6
0.20543 911.6
0.20544 911.6
0.20545 911.7
0.20546 911.7
0.20547 911.7
0.20548 911.8
0.20549 911.8
0.20550 911.8
0.20551 911.9
0.20552 911.9
0.20553 911.9
0.20554 912.0
0.20555 912.0
0.20556 912.0
0.20557 912.1
0.20558 912.1
0.20559 912.2
0.20560 912.2
0.20561 912.2
0.20562 912.3
0.20563 912.3
0.20564 912.4
0.20565 912.4
0.20566 912.4
0.20567 912.5
0.20568 912.5
0.20569 912.6
0.20570 912.6
0.20571 912.6
0.20572 912.7
0.20573 912.7
0.20574 912.8
0.20575 912.8
0.20576 912.9
0.20577 912.9
0.20578 912.9
0.20579 913.0
0.20580 913.0
0.20581 913.1
0.20582 913.1
0.20583 913.2
0.20584 913.2
0.20585 913.3
0.20586 913.3
0.20587 913.4
0.20588 913.4
0.20589 913.5
0.20590 913.5
0.20591 913.6
0.20592 913.6
0.20593 913.7
0.20594 913.7
0.20595 913.8
0.20596 913.8
0.20597 913.9
0.20598 913.9
0.20599 914.0
0.20600 914.0
0.20601 914.1
0.20602 914.1
0.20603 914.2
0.20604 914.2
0.20605 914.3
0.20606 914.3
0.20607 914.4
0.20608 914.4
0.20609 914.5
0.20610 914.5
0.20611 914.6
0.20612 914.6
0.20613 914.7
0.20614 914.8
0.20615 914.8
0.20616 914.9
0.20617 914.9
0.20618 915.0
0.20619 915.0
0.20620 915.1
0.20621 915.1
0.20622 915.2
0.20623 915.3
0.20624 915.3
0.20625 915.4
0.20626 915.4
0.20627 915.5
0.20628 915.5
0.20629 915.6
0.20630 915.7
0.20631 915.7
0.20632 915.8
0.20633 915.8
0.20634 915.9
0.20635 916.0
0.20636 916.0
0.20637 916.1
0.20638 916.1
0.20639 916.2
0.20640 916.3
0.20641 916.3
0.20642 916.4
0.20643 916.4
0.20644 916.5
0.20645 916.6
0.20646 916.6
0.20647 916.7
0.20648 916.7
0.20649 916.8
0.20650 916.9
0.20651 916.9
0.20652 917.0
0.20653 917.0
0.20654 917.1
0.20655 917.2
0.20656 917.2
0.20657 917.3
0.20658 917.4
0.20659 917.4
0.20660 917.5
0.20661 917.6
0.20662 917.6
0.20663 917.7
0.20664 917.7
0.20665 917.8
0.20666 917.9
0.20667 917.9
0.20668 918.0
0.20669 918.1
0.20670 918.1
0.20671 918.2
0.20672 918.3
0.20673 918.3
0.20674 918.4
0.20675 918.4
0.20676 918.5
0.20677 918.6
0.20678 918.6
0.20679 918.7
0.20680 918.8
0.20681 918.8
0.20682 918.9
0.20683 919.0
0.20684 919.0
0.20685 919.1
0.20686 919.2
0.20687 919.2
0.20688 919.3
0.20689 919.4
0.20690 919.4
0.20691 919.5
0.20692 919.6
0.20693 919.6
0.20694 919.7
0.20695 919.8
0.20696 919.8
0.20697 919.9
0.20698 920.0
0.20699 920.0
0.20700 920.1
0.20701 920.2
0.20702 920.2
0.20703 920.3
0.20704 920.4
0.20705 920.4
0.20706 920.5
0.20707 920.6
0.20708 920.6
0.20709 920.7
0.20710 920.8
0.20711 920.8
0.20712 920.9
0.20713 921.0
0.20714 921.0
0.20715 921.1
0.20716 921.2
0.20717 921.3
0.20718 921.3
0.20719 921.4
0.20720 921.5
0.20721 921.5
0.20722 921.6
0.20723 921.7
0.20724 921.7
0.20725 921.8
0.20726 921.9
0.20727 921.9
0.20728 922.0
0.20729 922.1
0.20730 922.1
0.20731 922.2
0.20732 922.3
0.20733 922.4
0.20734 922.4
0.20735 922.5
0.20736 922.6
0.20737 922.6
0.20738 922.7
0.20739 922.8
0.20740 922.8
0.20741 922.9
0.20742 923.0
0.20743 923.0
0.20744 923.1
0.20745 923.2
0.20746 923.3
0.20747 923.3
0.20748 923.4
0.20749 923.5
0.20750 923.5
0.20751 923.6
0.20752 923.7
0.20753 923.7
0.20754 923.8
0.20755 923.9
0.20756 924.0
0.20757 924.0
0.20758 924.1
0.20759 924.2
0.20760 924.2
0.20761 924.3
0.20762 924.4
0.20763 924.5
0.20764 924.5
0.20765 924.6
0.20766 924.7
0.20767 924.7
0.20768 924.8
0.20769 924.9
0.20770 924.9
0.20771 925.0
0.20772 925.1
0.20773 925.2
0.20774 925.2
0.20775 925.3
0.20776 925.4
0.20777 925.4
0.20778 925.5
0.20779 925.6
0.20780 925.7
0.20781 925.7
0.20782 925.8
0.20783 925.9
0.20784 925.9
0.20785 926.0
0.20786 926.1
0.20787 926.2
0.20788 926.2
0.20789 926.3
0.20790 926.4
0.20791 926.4
0.20792 926.5
0.20793 926.6
0.20794 926.7
0.20795 926.7
0.20796 926.8
0.20797 926.9
0.20798 926.9
0.20799 927.0
0.20800 927.1
0.20801 927.2
0.20802 927.2
0.20803 927.3
0.20804 927.4
0.20805 927.4
0.20806 927.5
0.20807 927.6
0.20808 927.7
0.20809 927.7
0.20810 927.8
0.20811 927.9
0.20812 927.9
0.20813 928.0
0.20814 928.1
0.20815 928.1
0.20816 928.2
0.20817 928.3
0.20818 928.4
0.20819 928.4
0.20820 928.5
0.20821 928.6
0.20822 928.6
0.20823 928.7
0.20824 928.8
0.20825 928.9
0.20826 928.9
0.20827 929.0
0.20828 929.1
0.20829 929.1
0.20830 929.2
0.20831 929.3
0.20832 929.4
0.20833 929.4
0.20834 929.5
0.20835 929.6
0.20836 929.6
0.20837 929.7
0.20838 929.8
0.20839 929.9
0.20840 929.9
0.20841 930.0
0.20842 930.1
0.20843 930.1
0.20844 930.2
0.20845 930.3
0.20846 930.4
0.20847 930.4
0.20848 930.5
0.20849 930.6
0.20850 930.6
0.20851 930.7
0.20852 930.8
0.20853 930.9
0.20854 930.9
0.20855 931.0
0.20856 931.1
0.20857 931.1
0.20858 931.2
0.20859 931.3
0.20860 931.3
0.20861 931.4
0.20862 931.5
0.20863 931.6
0.20864 931.6
0.20865 931.7
0.20866 931.8
0.20867 931.8
0.20868 931.9
0.20869 932.0
0.20870 932.1
0.20871 932.1
0.20872 932.2
0.20873 932.3
0.20874 932.3
0.20875 932.4
0.20876 932.5
0.20877 932.5
0.20878 932.6
0.20879 932.7
0.20880 932.8
0.20881 932.8
0.20882 932.9
0.20883 933.0
0.20884 933.0
0.20885 933.1
0.20886 933.2
0.20887 933.3
0.20888 933.3
0.20889 933.4
0.20890 933.5
0.20891 933.5
0.20892 933.6
0.20893 933.7
0.20894 933.7
0.20895 933.8
0.20896 933.9
0.20897 934.0
0.20898 934.0
0.20899 934.1
0.20900 934.2
0.20901 934.2
0.20902 934.3
0.20903 934.4
0.20904 934.4
0.20905 934.5
0.20906 934.6
0.20907 934.6
0.20908 934.7
0.20909 934.8
0.20910 934.9
0.20911 934.9
0.20912 935.0
0.20913 935.1
0.20914 935.1
0.20915 935.2
0.20916 935.3
0.20917 935.3
0.20918 935.4
0.20919 935.5
0.20920 935.5
0.20921 935.6
0.20922 935.7
0.20923 935.8
0.20924 935.8
0.20925 935.9
0.20926 936.0
0.20927 936.0
0.20928 936.1
0.20929 936.2
0.20930 936.2
0.20931 936.3
0.20932 936.4
0.20933 936.4
0.20934 936.5
0.20935 936.6
0.20936 936.6
0.20937 936.7
0.20938 936.8
0.20939 936.8
0.20940 936.9
0.20941 937.0
0.20942 937.0
0.20943 937.1
0.20944 937.2
0.20945 937.3
0.20946 937.3
0.20947 937.4
0.20948 937.5
0.20949 937.5
0.20950 937.6
0.20951 937.7
0.20952 937.7
0.20953 937.8
0.20954 937.9
0.20955 937.9
0.20956 938.0
0.20957 938.1
0.20958 938.1
0.20959 938.2
0.20960 938.3
0.20961 938.3
0.20962 938.4
0.20963 938.5
0.20964 938.5
0.20965 938.6
0.20966 938.7
0.20967 938.7
0.20968 938.8
0.20969 938.9
0.20970 938.9
0.20971 939.0
0.20972 939.1
0.20973 939.1
0.20974 939.2
0.20975 939.3
0.20976 939.3
0.20977 939.4
0.20978 939.5
0.20979 939.5
0.20980 939.6
0.20981 939.7
0.20982 939.7
0.20983 939.8
0.20984 939.9
0.20985 939.9
0.20986 940.0
0.20987 940.1
0.20988 940.1
0.20989 940.2
0.20990 940.3
0.20991 940.3
0.20992 940.4
0.20993 940.4
0.20994 940.5
0.20995 940.6
0.20996 940.6
0.20997 940.7
0.20998 940.8
0.20999 940.8
0.21000 940.9
0.21001 941.0
0.21002 941.0
0.21003 941.1
0.21004 941.2
0.21005 941.2
0.21006 941.3
0.21007 941.4
0.21008 941.4
0.21009 941.5
0.21010 941.5
0.21011 941.6
0.21012 941.7
0.21013 941.7
0.21014 941.8
0.21015 941.9
0.21016 941.9
0.21017 942.0
0.21018 942.1
0.21019 942.1
0.21020 942.2
0.21021 942.2
0.21022 942.3
0.21023 942.4
0.21024 942.4
0.21025 942.5
0.21026 942.6
0.21027 942.6
0.21028 942.7
0.21029 942.8
0.21030 942.8
0.21031 942.9
0.21032 942.9
0.21033 943.0
0.21034 943.1
0.21035 943.1
0.21036 943.2
0.21037 943.3
0.21038 943.3
0.21039 943.4
0.21040 943.4
0.21041 943.5
0.21042 943.6
0.21043 943.6
0.21044 943.7
0.21045 943.8
0.21046 943.8
0.21047 943.9
0.21048 943.9
0.21049 944.0
0.21050 944.1
0.21051 944.1
0.21052 944.2
0.21053 944.2
0.21054 944.3
0.21055 944.4
0.21056 944.4
0.21057 944.5
0.21058 944.6
0.21059 944.6
0.21060 944.7
0.21061 944.7
0.21062 944.8
0.21063 944.9
0.21064 944.9
0.21065 945.0
0.21066 945.0
0.21067 945.1
0.21068 945.2
0.21069 945.2
0.21070 945.3
0.21071 945.3
0.21072 945.4
0.21073 945.5
0.21074 945.5
0.21075 945.6
0.21076 945.6
0.21077 945.7
0.21078 945.8
0.21079 945.8
0.21080 945.9
0.21081 945.9
0.21082 946.0
0.21083 946.1
0.21084 946.1
0.21085 946.2
0.21086 946.2
0.21087 946.3
0.21088 946.4
0.21089 946.4
0.21090 946.5
0.21091 946.5
0.21092 946.6
0.21093 946.7
0.21094 946.7
0.21095 946.8
0.21096 946.8
0.21097 946.9
0.21098 946.9
0.21099 947.0
0.21100 947.1
0.21101 947.1
0.21102 947.2
0.21103 947.2
0.21104 947.3
0.21105 947.4
0.21106 947.4
0.21107 947.5
0.21108 947.5
0.21109 947.6
0.21110 947.6
0.21111 947.7
0.21112 947.8
0.21113 947.8
0.21114 947.9
0.21115 947.9
0.21116 948.0
0.21117 948.0
0.21118 948.1
0.21119 948.2
0.21120 948.2
0.21121 948.3
0.21122 948.3
0.21123 948.4
0.21124 948.4
0.21125 948.5
0.21126 948.6
0.21127 948.6
0.21128 948.7
0.21129 948.7
0.21130 948.8
0.21131 948.8
0.21132 948.9
0.21133 948.9
0.21134 949.0
0.21135 949.1
0.21136 949.1
0.21137 949.2
0.21138 949.2
0.21139 949.3
0.21140 949.3
0.21141 949.4
0.21142 949.4
0.21143 949.5
0.21144 949.6
0.21145 949.6
0.21146 949.7
0.21147 949.7
0.21148 949.8
0.21149 949.8
0.21150 949.9
0.21151 949.9
0.21152 950.0
0.21153 950.0
0.21154 950.1
0.21155 950.2
0.21156 950.2
0.21157 950.3
0.21158 950.3
0.21159 950.4
0.21160 950.4
0.21161 950.5
0.21162 950.5
0.21163 950.6
0.21164 950.6
0.21165 950.7
0.21166 950.7
0.21167 950.8
0.21168 950.9
0.21169 950.9
0.21170 951.0
0.21171 951.0
0.21172 951.1
0.21173 951.1
0.21174 951.2
0.21175 951.2
0.21176 951.3
0.21177 951.3
0.21178 951.4
0.21179 951.4
0.21180 951.5
0.21181 951.5
0.21182 951.6
0.21183 951.6
0.21184 951.7
0.21185 951.8
0.21186 951.8
0.21187 951.9
0.21188 951.9
0.21189 952.0
0.21190 952.0
0.21191 952.1
0.21192 952.1
0.21193 952.2
0.21194 952.2
0.21195 952.3
0.21196 952.3
0.21197 952.4
0.21198 952.4
0.21199 952.5
0.21200 952.5
0.21201 952.6
0.21202 952.6
0.21203 952.7
0.21204 952.7
0.21205 952.8
0.21206 952.8
0.21207 952.9
0.21208 952.9
0.21209 953.0
0.21210 953.0
0.21211 953.1
0.21212 953.1
0.21213 953.2
0.21214 953.2
0.21215 953.3
0.21216 953.3
0.21217 953.4
0.21218 953.4
0.21219 953.5
0.21220 953.5
0.21221 953.6
0.21222 953.6
0.21223 953.7
0.21224 953.7
0.21225 953.8
0.21226 953.8
0.21227 953.9
0.21228 953.9
0.21229 954.0
0.21230 954.0
0.21231 954.1
0.21232 954.1
0.21233 954.2
0.21234 954.2
0.21235 954.3
0.21236 954.3
0.21237 954.4
0.21238 954.4
0.21239 954.5
0.21240 954.5
0.21241 954.6
0.21242 954.6
0.21243 954.7
0.21244 954.7
0.21245 954.7
0.21246 954.8
0.21247 954.8
0.21248 954.9
0.21249 954.9
0.21250 955.0
0.21251 955.0
0.21252 955.1
0.21253 955.1
0.21254 955.2
0.21255 955.2
0.21256 955.3
0.21257 955.3
0.21258 955.4
0.21259 955.4
0.21260 955.5
0.21261 955.5
0.21262 955.6
0.21263 955.6
0.21264 955.6
0.21265 955.7
0.21266 955.7
0.21267 955.8
0.21268 955.8
0.21269 955.9
0.21270 955.9
0.21271 956.0
0.21272 956.0
0.21273 956.1
0.21274 956.1
0.21275 956.2
0.21276 956.2
0.21277 956.2
0.21278 956.3
0.21279 956.3
0.21280 956.4
0.21281 956.4
0.21282 956.5
0.21283 956.5
0.21284 956.6
0.21285 956.6
0.21286 956.6
0.21287 956.7
0.21288 956.7
0.21289 956.8
0.21290 956.8
0.21291 956.9
0.21292 956.9
0.21293 957.0
0.21294 957.0
0.21295 957.1
0.21296 957.1
0.21297 957.1
0.21298 957.2
0.21299 957.2
0.21300 957.3
0.21301 957.3
0.21302 957.4
0.21303 957.4
0.21304 957.4
0.21305 957.5
0.21306 957.5
0.21307 957.6
0.21308 957.6
0.21309 957.7
0.21310 957.7
0.21311 957.7
0.21312 957.8
0.21313 957.8
0.21314 957.9
0.21315 957.9
0.21316 958.0
0.21317 958.0
0.21318 958.0
0.21319 958.1
0.21320 958.1
0.21321 958.2
0.21322 958.2
0.21323 958.3
0.21324 958.3
0.21325 958.3
0.21326 958.4
0.21327 958.4
0.21328 958.5
0.21329 958.5
0.21330 958.6
0.21331 958.6
0.21332 958.6
0.21333 958.7
0.21334 958.7
0.21335 958.8
0.21336 958.8
0.21337 958.8
0.21338 958.9
0.21339 958.9
0.21340 959.0
0.21341 959.0
0.21342 959.1
0.21343 959.1
0.21344 959.1
0.21345 959.2
0.21346 959.2
0.21347 959.3
0.21348 959.3
0.21349 959.3
0.21350 959.4
0.21351 959.4
0.21352 959.5
0.21353 959.5
0.21354 959.5
0.21355 959.6
0.21356 959.6
0.21357 959.7
0.21358 959.7
0.21359 959.7
0.21360 959.8
0.21361 959.8
0.21362 959.9
0.21363 959.9
0.21364 959.9
0.21365 960.0
0.21366 960.0
0.21367 960.1
0.21368 960.1
0.21369 960.1
0.21370 960.2
0.21371 960.2
0.21372 960.3
0.21373 960.3
0.21374 960.3
0.21375 960.4
0.21376 960.4
0.21377 960.4
0.21378 960.5
0.21379 960.5
0.21380 960.6
0.21381 960.6
0.21382 960.6
0.21383 960.7
0.21384 960.7
0.21385 960.8
0.21386 960.8
0.21387 960.8
0.21388 960.9
0.21389 960.9
0.21390 960.9
0.21391 961.0
0.21392 961.0
0.21393 961.1
0.21394 961.1
0.21395 961.1
0.21396 961.2
0.21397 961.2
0.21398 961.2
0.21399 961.3
0.21400 961.3
0.21401 961.4
0.21402 961.4
0.21403 961.4
0.21404 961.5
0.21405 961.5
0.21406 961.5
0.21407 961.6
0.21408 961.6
0.21409 961.7
0.21410 961.7
0.21411 961.7
0.21412 961.8
0.21413 961.8
0.21414 961.8
0.21415 961.9
0.21416 961.9
0.21417 961.9
0.21418 962.0
0.21419 962.0
0.21420 962.1
0.21421 962.1
0.21422 962.1
0.21423 962.2
0.21424 962.2
0.21425 962.2
0.21426 962.3
0.21427 962.3
0.21428 962.3
0.21429 962.4
0.21430 962.4
0.21431 962.4
0.21432 962.5
0.21433 962.5
0.21434 962.6
0.21435 962.6
0.21436 962.6
0.21437 962.7
0.21438 962.7
0.21439 962.7
0.21440 962.8
0.21441 962.8
0.21442 962.8
0.21443 962.9
0.21444 962.9
0.21445 962.9
0.21446 963.0
0.21447 963.0
0.21448 963.0
0.21449 963.1
0.21450 963.1
0.21451 963.1
0.21452 963.2
0.21453 963.2
0.21454 963.2
0.21455 963.3
0.21456 963.3
0.21457 963.3
0.21458 963.4
0.21459 963.4
0.21460 963.4
0.21461 963.5
0.21462 963.5
0.21463 963.5
0.21464 963.6
0.21465 963.6
0.21466 963.6
0.21467 963.7
0.21468 963.7
0.21469 963.7
0.21470 963.8
0.21471 963.8
0.21472 963.8
0.21473 963.9
0.21474 963.9
0.21475 963.9
0.21476 964.0
0.21477 964.0
0.21478 964.0
0.21479 964.1
0.21480 964.1
0.21481 964.1
0.21482 964.2
0.21483 964.2
0.21484 964.2
0.21485 964.3
0.21486 964.3
0.21487 964.3
0.21488 964.4
0.21489 964.4
0.21490 964.4
0.21491 964.5
0.21492 964.5
0.21493 964.5
0.21494 964.6
0.21495 964.6
0.21496 964.6
0.21497 964.7
0.21498 964.7
0.21499 964.7
0.21500 964.7
0.21501 964.8
0.21502 964.8
0.21503 964.8
0.21504 964.9
0.21505 964.9
0.21506 964.9
0.21507 965.0
0.21508 965.0
0.21509 965.0
0.21510 965.1
0.21511 965.1
0.21512 965.1
0.21513 965.1
0.21514 965.2
0.21515 965.2
0.21516 965.2
0.21517 965.3
0.21518 965.3
0.21519 965.3
0.21520 965.4
0.21521 965.4
0.21522 965.4
0.21523 965.4
0.21524 965.5
0.21525 965.5
0.21526 965.5
0.21527 965.6
0.21528 965.6
0.21529 965.6
0.21530 965.7
0.21531 965.7
0.21532 965.7
0.21533 965.7
0.21534 965.8
0.21535 965.8
0.21536 965.8
0.21537 965.9
0.21538 965.9
0.21539 965.9
0.21540 966.0
0.21541 966.0
0.21542 966.0
0.21543 966.0
0.21544 966.1
0.21545 966.1
0.21546 966.1
0.21547 966.2
0.21548 966.2
0.21549 966.2
0.21550 966.2
0.21551 966.3
0.21552 966.3
0.21553 966.3
0.21554 966.4
0.21555 966.4
0.21556 966.4
0.21557 966.4
0.21558 966.5
0.21559 966.5
0.21560 966.5
0.21561 966.6
0.21562 966.6
0.21563 966.6
0.21564 966.6
0.21565 966.7
0.21566 966.7
0.21567 966.7
0.21568 966.7
0.21569 966.8
0.21570 966.8
0.21571 966.8
0.21572 966.9
0.21573 966.9
0.21574 966.9
0.21575 966.9
0.21576 967.0
0.21577 967.0
0.21578 967.0
0.21579 967.1
0.21580 967.1
0.21581 967.1
0.21582 967.1
0.21583 967.2
0.21584 967.2
0.21585 967.2
0.21586 967.2
0.21587 967.3
0.21588 967.3
0.21589 967.3
0.21590 967.3
0.21591 967.4
0.21592 967.4
0.21593 967.4
0.21594 967.5
0.21595 967.5
0.21596 967.5
0.21597 967.5
0.21598 967.6
0.21599 967.6
0.21600 967.6
0.21601 967.6
0.21602 967.7
0.21603 967.7
0.21604 967.7
0.21605 967.7
0.21606 967.8
0.21607 967.8
0.21608 967.8
0.21609 967.8
0.21610 967.9
0.21611 967.9
0.21612 967.9
0.21613 967.9
0.21614 968.0
0.21615 968.0
0.21616 968.0
0.21617 968.0
0.21618 968.1
0.21619 968.1
0.21620 968.1
0.21621 968.1
0.21622 968.2
0.21623 968.2
0.21624 968.2
0.21625 968.2
0.21626 968.3
0.21627 968.3
0.21628 968.3
0.21629 968.3
0.21630 968.4
0.21631 968.4
0.21632 968.4
0.21633 968.4
0.21634 968.5
0.21635 968.5
0.21636 968.5
0.21637 968.5
0.21638 968.6
0.21639 968.6
0.21640 968.6
0.21641 968.6
0.21642 968.7
0.21643 968.7
0.21644 968.7
0.21645 968.7
0.21646 968.8
0.21647 968.8
0.21648 968.8
0.21649 968.8
0.21650 968.9
0.21651 968.9
0.21652 968.9
0.21653 968.9
0.21654 969.0
0.21655 969.0
0.21656 969.0
0.21657 969.0
0.21658 969.0
0.21659 969.1
0.21660 969.1
0.21661 969.1
0.21662 969.1
0.21663 969.2
0.21664 969.2
0.21665 969.2
0.21666 969.2
0.21667 969.3
0.21668 969.3
0.21669 969.3
0.21670 969.3
0.21671 969.3
0.21672 969.4
0.21673 969.4
0.21674 969.4
0.21675 969.4
0.21676 969.5
0.21677 969.5
0.21678 969.5
0.21679 969.5
0.21680 969.6
0.21681 969.6
0.21682 969.6
0.21683 969.6
0.21684 969.6
0.21685 969.7
0.21686 969.7
0.21687 969.7
0.21688 969.7
0.21689 969.8
0.21690 969.8
0.21691 969.8
0.21692 969.8
0.21693 969.8
0.21694 969.9
0.21695 969.9
0.21696 969.9
0.21697 969.9
0.21698 970.0
0.21699 970.0
0.21700 970.0
0.21701 970.0
0.21702 970.0
0.21703 970.1
0.21704 970.1
0.21705 970.1
0.21706 970.1
0.21707 970.1
0.21708 970.2
0.21709 970.2
0.21710 970.2
0.21711 970.2
0.21712 970.3
0.21713 970.3
0.21714 970.3
0.21715 970.3
0.21716 970.3
0.21717 970.4
0.21718 970.4
0.21719 970.4
0.21720 970.4
0.21721 970.4
0.21722 970.5
0.21723 970.5
0.21724 970.5
0.21725 970.5
0.21726 970.5
0.21727 970.6
0.21728 970.6
0.21729 970.6
0.21730 970.6
0.21731 970.7
0.21732 970.7
0.21733 970.7
0.21734 970.7
0.21735 970.7
0.21736 970.8
0.21737 970.8
0.21738 970.8
0.21739 970.8
0.21740 970.8
0.21741 970.9
0.21742 970.9
0.21743 970.9
0.21744 970.9
0.21745 970.9
0.21746 971.0
0.21747 971.0
0.21748 971.0
0.21749 971.0
0.21750 971.0
0.21751 971.1
0.21752 971.1
0.21753 971.1
0.21754 971.1
0.21755 971.1
0.21756 971.2
0.21757 971.2
0.21758 971.2
0.21759 971.2
0.21760 971.2
0.21761 971.2
0.21762 971.3
0.21763 971.3
0.21764 971.3
0.21765 971.3
0.21766 971.3
0.21767 971.4
0.21768 971.4
0.21769 971.4
0.21770 971.4
0.21771 971.4
0.21772 971.5
0.21773 971.5
0.21774 971.5
0.21775 971.5
0.21776 971.5
0.21777 971.6
0.21778 971.6
0.21779 971.6
0.21780 971.6
0.21781 971.6
0.21782 971.6
0.21783 971.7
0.21784 971.7
0.21785 971.7
0.21786 971.7
0.21787 971.7
0.21788 971.8
0.21789 971.8
0.21790 971.8
0.21791 971.8
0.21792 971.8
0.21793 971.8
0.21794 971.9
0.21795 971.9
0.21796 971.9
0.21797 971.9
0.21798 971.9
0.21799 972.0
0.21800 972.0
0.21801 972.0
0.21802 972.0
0.21803 972.0
0.21804 972.0
0.21805 972.1
0.21806 972.1
0.21807 972.1
0.21808 972.1
0.21809 972.1
0.21810 972.2
0.21811 972.2
0.21812 972.2
0.21813 972.2
0.21814 972.2
0.21815 972.2
0.21816 972.3
0.21817 972.3
0.21818 972.3
0.21819 972.3
0.21820 972.3
0.21821 972.3
0.21822 972.4
0.21823 972.4
0.21824 972.4
0.21825 972.4
0.21826 972.4
0.21827 972.5
0.21828 972.5
0.21829 972.5
0.21830 972.5
0.21831 972.5
0.21832 972.5
0.21833 972.6
0.21834 972.6
0.21835 972.6
0.21836 972.6
0.21837 972.6
0.21838 972.6
0.21839 972.7
0.21840 972.7
0.21841 972.7
0.21842 972.7
0.21843 972.7
0.21844 972.7
0.21845 972.8
0.21846 972.8
0.21847 972.8
0.21848 972.8
0.21849 972.8
0.21850 972.8
0.21851 972.9
0.21852 972.9
0.21853 972.9
0.21854 972.9
0.21855 972.9
0.21856 972.9
0.21857 972.9
0.21858 973.0
0.21859 973.0
0.21860 973.0
0.21861 973.0
0.21862 973.0
0.21863 973.0
0.21864 973.1
0.21865 973.1
0.21866 973.1
0.21867 973.1
0.21868 973.1
0.21869 973.1
0.21870 973.2
0.21871 973.2
0.21872 973.2
0.21873 973.2
0.21874 973.2
0.21875 973.2
0.21876 973.3
0.21877 973.3
0.21878 973.3
0.21879 973.3
0.21880 973.3
0.21881 973.3
0.21882 973.3
0.21883 973.4
0.21884 973.4
0.21885 973.4
0.21886 973.4
0.21887 973.4
0.21888 973.4
0.21889 973.5
0.21890 973.5
0.21891 973.5
0.21892 973.5
0.21893 973.5
0.21894 973.5
0.21895 973.5
0.21896 973.6
0.21897 973.6
0.21898 973.6
0.21899 973.6
0.21900 973.6
0.21901 973.6
0.21902 973.6
0.21903 973.7
0.21904 973.7
0.21905 973.7
0.21906 973.7
0.21907 973.7
0.21908 973.7
0.21909 973.7
0.21910 973.8
0.21911 973.8
0.21912 973.8
0.21913 973.8
0.21914 973.8
0.21915 973.8
0.21916 973.9
0.21917 973.9
0.21918 973.9
0.21919 973.9
0.21920 973.9
0.21921 973.9
0.21922 973.9
0.21923 974.0
0.21924 974.0
0.21925 974.0
0.21926 974.0
0.21927 974.0
0.21928 974.0
0.21929 974.0
0.21930 974.1
0.21931 974.1
0.21932 974.1
0.21933 974.1
0.21934 974.1
0.21935 974.1
0.21936 974.1
0.21937 974.1
0.21938 974.2
0.21939 974.2
0.21940 974.2
0.21941 974.2
0.21942 974.2
0.21943 974.2
0.21944 974.2
0.21945 974.3
0.21946 974.3
0.21947 974.3
0.21948 974.3
0.21949 974.3
0.21950 974.3
0.21951 974.3
0.21952 974.4
0.21953 974.4
0.21954 974.4
0.21955 974.4
0.21956 974.4
0.21957 974.4
0.21958 974.4
0.21959 974.4
0.21960 974.5
0.21961 974.5
0.21962 974.5
0.21963 974.5
0.21964 974.5
0.21965 974.5
0.21966 974.5
0.21967 974.6
0.21968 974.6
0.21969 974.6
0.21970 974.6
0.21971 974.6
0.21972 974.6
0.21973 974.6
0.21974 974.6
0.21975 974.7
0.21976 974.7
0.21977 974.7
0.21978 974.7
0.21979 974.7
0.21980 974.7
0.21981 974.7
0.21982 974.7
0.21983 974.8
0.21984 974.8
0.21985 974.8
0.21986 974.8
0.21987 974.8
0.21988 974.8
0.21989 974.8
0.21990 974.8
0.21991 974.9
0.21992 974.9
0.21993 974.9
0.21994 974.9
0.21995 974.9
0.21996 974.9
0.21997 974.9
0.21998 974.9
0.21999 975.0
0.22000 982.4
0.22001 982.4
0.22002 982.4
0.22003 982.4
0.22004 982.4
0.22005 982.4
0.22006 982.4
0.22007 982.4
0.22008 982.4
0.22009 982.4
0.22010 982.4
0.22011 982.4
0.22012 982.4
0.22013 982.4
0.22014 982.4
0.22015 982.4
0.22016 982.4
0.22017 982.4
0.22018 982.4
0.22019 982.4
0.22020 982.4
0.22021 982.4
0.22022 982.4
0.22023 982.4
0.22024 982.4
0.22025 982.4
0.22026 982.4
0.22027 982.4
0.22028 982.4
0.22029 982.4
0.22030 982.4
0.22031 982.4
0.22032 982.4
0.22033 982.4
0.22034 982.4
0.22035 982.4
0.22036 982.4
0.22037 982.4
0.22038 982.4
0.22039 982.4
0.22040 982.4
0.22041 982.4
0.22042 982.4
0.22043 982.4
0.22044 982.4
0.22045 982.4
0.22046 982.4
0.22047 982.4
0.22048 982.4
0.22049 982.4
0.22050 982.4
0.22051 982.4
0.22052 982.4
0.22053 982.4
0.22054 982.4
0.22055 982.4
0.22056 982.4
0.22057 982.4
0.22058 982.4
0.22059 982.4
0.22060 982.4
0.22061 982.4
0.22062 982.4
0.22063 982.4
0.22064 982.4
0.22065 982.4
0.22066 982.4
0.22067 982.4
0.22068 982.4
0.22069 982.4
0.22070 982.4
0.22071 982.4
0.22072 982.4
0.22073 982.4
0.22074 982.4
0.22075 982.4
0.22076 982.4
0.22077 982.4
0.22078 982.4
0.22079 982.4
0.22080 982.4
0.22081 982.4
0.22082 982.4
0.22083 982.4
0.22084 982.4
0.22085 982.4
0.22086 982.4
0.22087 982.4
0.22088 982.4
0.22089 982.4
0.22090 982.4
0.22091 982.4
0.22092 982.4
0.22093 982.4
0.22094 982.4
0.22095 982.4
0.22096 982.4
0.22097 982.4
0.22098 982.4
0.22099 982.4
0.22100 982.4
0.22101 982.4
0.22102 982.4
0.22103 982.4
0.22104 982.4
0.22105 982.4
0.22106 982.4
0.22107 982.4
0.22108 982.4
0.22109 982.4
0.22110 982.4
0.22111 982.4
0.22112 982.4
0.22113 982.4
0.22114 982.4
0.22115 982.4
0.22116 982.4
0.22117 982.4
0.22118 982.4
0.22119 982.4
0.22120 982.4
0.22121 982.4
0.22122 982.4
0.22123 982.4
0.22124 982.4
0.22125 982.4
0.22126 982.4
0.22127 982.4
0.22128 982.4
0.22129 982.4
0.22130 982.4
0.22131 982.4
0.22132 982.4
0.22133 982.4
0.22134 982.4
0.22135 982.4
0.22136 982.4
0.22137 982.4
0.22138 982.4
0.22139 982.4
0.22140 982.4
0.22141 982.4
0.22142 982.4
0.22143 982.4
0.22144 982.4
0.22145 982.4
0.22146 982.4
0.22147 982.4
0.22148 982.4
0.22149 982.4
0.22150 982.4
0.22151 982.4
0.22152 982.4
0.22153 982.4
0.22154 982.4
0.22155 982.4
0.22156 982.4
0.22157 982.4
0.22158 982.4
0.22159 982.4
0.22160 982.4
0.22161 982.4
0.22162 982.4
0.22163 982.4
0.22164 982.4
0.22165 982.4
0.22166 982.4
0.22167 982.4
0.22168 982.4
0.22169 982.4
0.22170 982.4
0.22171 982.4
0.22172 982.4
0.22173 982.4
0.22174 982.4
0.22175 982.4
0.22176 982.4
0.22177 982.4
0.22178 982.4
0.22179 982.4
0.22180 982.4
0.22181 982.4
0.22182 982.4
0.22183 982.4
0.22184 982.4
0.22185 982.4
0.22186 982.4
0.22187 982.4
0.22188 982.4
0.22189 982.4
0.22190 982.4
0.22191 982.4
0.22192 982.4
0.22193 982.4
0.22194 982.4
0.22195 982.4
0.22196 982.4
0.22197 982.4
0.22198 982.4
0.22199 982.4
0.22200 982.4
0.22201 982.4
0.22202 982.4
0.22203 982.4
0.22204 982.4
0.22205 982.4
0.22206 982.4
0.22207 982.4
0.22208 982.4
0.22209 982.4
0.22210 982.4
0.22211 982.4
0.22212 982.4
0.22213 982.4
0.22214 982.4
0.22215 982.4
0.22216 982.4
0.22217 982.4
0.22218 982.4
0.22219 982.4
0.22220 982.4
0.22221 982.4
0.22222 982.4
0.22223 982.4
0.22224 982.4
0.22225 982.4
0.22226 982.4
0.22227 982.4
0.22228 982.4
0.22229 982.4
0.22230 982.4
0.22231 982.4
0.22232 982.4
0.22233 982.4
0.22234 982.4
0.22235 982.4
0.22236 982.4
0.22237 982.4
0.22238 982.4
0.22239 982.4
0.22240 982.4
0.22241 982.4
0.22242 982.4
0.22243 982.4
0.22244 982.4
0.22245 982.4
0.22246 982.4
0.22247 982.4
0.22248 982.4
0.22249 982.4
0.22250 982.4
0.22251 982.4
0.22252 982.4
0.22253 982.4
0.22254 982.4
0.22255 982.4
0.22256 982.4
0.22257 982.4
0.22258 982.4
0.22259 982.4
0.22260 982.4
0.22261 982.4
0.22262 982.4
0.22263 982.4
0.22264 982.4
0.22265 982.4
0.22266 982.4
0.22267 982.4
0.22268 982.4
0.22269 982.4
0.22270 982.4
0.22271 982.4
0.22272 982.4
0.22273 982.4
0.22274 982.4
0.22275 982.4
0.22276 982.4
0.22277 982.4
0.22278 982.4
0.22279 982.4
0.22280 982.4
0.22281 982.4
0.22282 982.4
0.22283 982.4
0.22284 982.4
0.22285 982.4
0.22286 982.4
0.22287 982.4
0.22288 982.4
0.22289 982.4
0.22290 982.4
0.22291 982.4
0.22292 982.4
0.22293 982.4
0.22294 982.4
0.22295 982.4
0.22296 982.4
0.22297 982.4
0.22298 982.4
0.22299 982.4
0.22300 982.4
0.22301 982.4
0.22302 982.4
0.22303 982.4
0.22304 982.4
0.22305 982.4
0.22306 982.4
0.22307 982.4
0.22308 982.4
0.22309 982.4
0.22310 982.4
0.22311 982.4
0.22312 982.4
0.22313 982.4
0.22314 982.4
0.22315 982.4
0.22316 982.4
0.22317 982.4
0.22318 982.4
0.22319 982.4
0.22320 982.4
0.22321 982.4
0.22322 982.4
0.22323 982.4
0.22324 982.4
0.22325 982.4
0.22326 982.4
0.22327 982.4
0.22328 982.4
0.22329 982.4
0.22330 982.4
0.22331 982.4
0.22332 982.4
0.22333 982.4
0.22334 982.4
0.22335 982.4
0.22336 982.4
0.22337 982.4
0.22338 982.4
0.22339 982.4
0.22340 982.4
0.22341 982.4
0.22342 982.4
0.22343 982.4
0.22344 982.4
0.22345 982.4
0.22346 982.4
0.22347 982.4
0.22348 982.4
0.22349 982.4
0.22350 982.4
0.22351 982.4
0.22352 982.4
0.22353 982.4
0.22354 982.4
0.22355 982.4
0.22356 982.4
0.22357 982.4
0.22358 982.4
0.22359 982.4
0.22360 982.4
0.22361 982.4
0.22362 982.4
0.22363 982.4
0.22364 982.4
0.22365 982.4
0.22366 982.4
0.22367 982.4
0.22368 982.4
0.22369 982.4
0.22370 982.4
0.22371 982.4
0.22372 982.4
0.22373 982.4
0.22374 982.4
0.22375 982.4
0.22376 982.4
0.22377 982.4
0.22378 982.4
0.22379 982.4
0.22380 982.4
0.22381 982.4
0.22382 982.4
0.22383 982.4
0.22384 982.4
0.22385 982.4
0.22386 982.4
0.22387 982.4
0.22388 982.4
0.22389 982.4
0.22390 982.4
0.22391 982.4
0.22392 982.4
0.22393 982.4
0.22394 982.4
0.22395 982.4
0.22396 982.4
0.22397 982.4
0.22398 982.4
0.22399 982.4
0.22400 982.4
0.22401 982.4
0.22402 982.4
0.22403 982.4
0.22404 982.4
0.22405 982.4
0.22406 982.4
0.22407 982.4
0.22408 982.4
0.22409 982.4
0.22410 982.4
0.22411 982.4
0.22412 982.4
0.22413 982.4
0.22414 982.4
0.22415 982.4
0.22416 982.4
0.22417 982.4
0.22418 982.4
0.22419 982.4
0.22420 982.4
0.22421 982.4
0.22422 982.4
0.22423 982.4
0.22424 982.4
0.22425 982.4
0.22426 982.4
0.22427 982.4
0.22428 982.4
0.22429 982.4
0.22430 982.4
0.22431 982.4
0.22432 982.4
0.22433 982.4
0.22434 982.4
0.22435 982.4
0.22436 982.4
0.22437 982.4
0.22438 982.4
0.22439 982.4
0.22440 982.4
0.22441 982.4
0.22442 982.4
0.22443 982.4
0.22444 982.4
0.22445 982.4
0.22446 982.4
0.22447 982.4
0.22448 982.4
0.22449 982.4
0.22450 982.4
0.22451 982.4
0.22452 982.4
0.22453 982.4
0.22454 982.4
0.22455 982.4
0.22456 982.4
0.22457 982.4
0.22458 982.4
0.22459 982.4
0.22460 982.4
0.22461 982.4
0.22462 982.4
0.22463 982.4
0.22464 982.4
0.22465 982.4
0.22466 982.4
0.22467 982.4
0.22468 982.4
0.22469 982.4
0.22470 982.4
0.22471 982.4
0.22472 982.4
0.22473 982.4
0.22474 982.4
0.22475 982.4
0.22476 982.4
0.22477 982.4
0.22478 982.4
0.22479 982.4
0.22480 982.4
0.22481 982.4
0.22482 982.4
0.22483 982.4
0.22484 982.4
0.22485 982.4
0.22486 982.4
0.22487 982.4
0.22488 982.4
0.22489 982.4
0.22490 982.4
0.22491 982.4
0.22492 982.4
0.22493 982.4
0.22494 982.4
0.22495 982.4
0.22496 982.4
0.22497 982.4
0.22498 982.4
0.22499 982.4
0.22500 982.4
0.22501 982.4
0.22502 982.4
0.22503 982.4
0.22504 982.4
0.22505 982.4
0.22506 982.4
0.22507 982.4
0.22508 982.4
0.22509 982.4
0.22510 982.4
0.22511 982.4
0.22512 982.4
0.22513 982.4
0.22514 982.4
0.22515 982.4
0.22516 982.4
0.22517 982.4
0.22518 982.4
0.22519 982.4
0.22520 982.4
0.22521 982.4
0.22522 982.4
0.22523 982.4
0.22524 982.4
0.22525 982.4
0.22526 982.4
0.22527 982.4
0.22528 982.4
0.22529 982.4
0.22530 982.4
0.22531 982.4
0.22532 982.4
0.22533 982.4
0.22534 982.4
0.22535 982.4
0.22536 982.4
0.22537 982.4
0.22538 982.4
0.22539 982.4
0.22540 982.4
0.22541 982.4
0.22542 982.4
0.22543 982.4
0.22544 982.4
0.22545 982.4
0.22546 982.4
0.22547 982.4
0.22548 982.4
0.22549 982.4
0.22550 982.4
0.22551 982.4
0.22552 982.4
0.22553 982.4
0.22554 982.4
0.22555 982.4
0.22556 982.4
0.22557 982.4
0.22558 982.4
0.22559 982.4
0.22560 982.4
0.22561 982.4
0.22562 982.4
0.22563 982.4
0.22564 982.4
0.22565 982.4
0.22566 982.4
0.22567 982.4
0.22568 982.4
0.22569 982.4
0.22570 982.4
0.22571 982.4
0.22572 982.4
0.22573 982.4
0.22574 982.4
0.22575 982.4
0.22576 982.4
0.22577 982.4
0.22578 982.4
0.22579 982.4
0.22580 982.4
0.22581 982.4
0.22582 982.4
0.22583 982.4
0.22584 982.4
0.22585 982.4
0.22586 982.4
0.22587 982.4
0.22588 982.4
0.22589 982.4
0.22590 982.4
0.22591 982.4
0.22592 982.4
0.22593 982.4
0.22594 982.4
0.22595 982.4
0.22596 982.4
0.22597 982.4
0.22598 982.4
0.22599 982.4
0.22600 982.4
0.22601 982.4
0.22602 982.4
0.22603 982.4
0.22604 982.4
0.22605 982.4
0.22606 982.4
0.22607 982.4
0.22608 982.4
0.22609 982.4
0.22610 982.4
0.22611 982.4
0.22612 982.4
0.22613 982.4
0.22614 982.4
0.22615 982.4
0.22616 982.4
0.22617 982.4
0.22618 982.4
0.22619 982.4
0.22620 982.4
0.22621 982.4
0.22622 982.4
0.22623 982.4
0.22624 982.4
0.22625 982.4
0.22626 982.4
0.22627 982.4
0.22628 982.4
0.22629 982.4
0.22630 982.4
0.22631 982.4
0.22632 982.4
0.22633 982.4
0.22634 982.4
0.22635 982.4
0.22636 982.4
0.22637 982.4
0.22638 982.4
0.22639 982.4
0.22640 982.4
0.22641 982.4
0.22642 982.4
0.22643 982.4
0.22644 982.4
0.22645 982.4
0.22646 982.4
0.22647 982.4
0.22648 982.4
0.22649 982.4
0.22650 982.4
0.22651 982.4
0.22652 982.4
0.22653 982.4
0.22654 982.4
0.22655 982.4
0.22656 982.4
0.22657 982.4
0.22658 982.4
0.22659 982.4
0.22660 982.4
0.22661 982.4
0.22662 982.4
0.22663 982.4
0.22664 982.4
0.22665 982.4
0.22666 982.4
0.22667 982.4
0.22668 982.4
0.22669 982.4
0.22670 982.4
0.22671 982.4
0.22672 982.4
0.22673 982.4
0.22674 982.4
0.22675 982.4
0.22676 982.4
0.22677 982.4
0.22678 982.4
0.22679 982.4
0.22680 982.4
0.22681 982.4
0.22682 982.4
0.22683 982.4
0.22684 982.4
0.22685 982.4
0.22686 982.4
0.22687 982.4
0.22688 982.4
0.22689 982.4
0.22690 982.4
0.22691 982.4
0.22692 982.4
0.22693 982.4
0.22694 982.4
0.22695 982.4
0.22696 982.4
0.22697 982.4
0.22698 982.4
0.22699 982.4
0.22700 982.4
0.22701 982.4
0.22702 982.4
0.22703 982.4
0.22704 982.4
0.22705 982.4
0.22706 982.4
0.22707 982.4
0.22708 982.4
0.22709 982.4
0.22710 982.4
0.22711 982.4
0.22712 982.4
0.22713 982.4
0.22714 982.4
0.22715 982.4
0.22716 982.4
0.22717 982.4
0.22718 982.4
0.22719 982.4
0.22720 982.4
0.22721 982.4
0.22722 982.4
0.22723 982.4
0.22724 982.4
0.22725 982.4
0.22726 982.4
0.22727 982.4
0.22728 982.4
0.22729 982.4
0.22730 982.4
0.22731 982.4
0.22732 982.4
0.22733 982.4
0.22734 982.4
0.22735 982.4
0.22736 982.4
0.22737 982.4
0.22738 982.4
0.22739 982.4
0.22740 982.4
0.22741 982.4
0.22742 982.4
0.22743 982.4
0.22744 982.4
0.22745 982.4
0.22746 982.4
0.22747 982.4
0.22748 982.4
0.22749 982.4
0.22750 982.4
0.22751 982.4
0.22752 982.4
0.22753 982.4
0.22754 982.4
0.22755 982.4
0.22756 982.4
0.22757 982.4
0.22758 982.4
0.22759 982.4
0.22760 982.4
0.22761 982.4
0.22762 982.4
0.22763 982.4
0.22764 982.4
0.22765 982.4
0.22766 982.4
0.22767 982.4
0.22768 982.4
0.22769 982.4
0.22770 982.4
0.22771 982.4
0.22772 982.4
0.22773 982.4
0.22774 982.4
0.22775 982.4
0.22776 982.4
0.22777 982.4
0.22778 982.4
0.22779 982.4
0.22780 982.4
0.22781 982.4
0.22782 982.4
0.22783 982.4
0.22784 982.4
0.22785 982.4
0.22786 982.4
0.22787 982.4
0.22788 982.4
0.22789 982.4
0.22790 982.4
0.22791 982.4
0.22792 982.4
0.22793 982.4
0.22794 982.4
0.22795 982.4
0.22796 982.4
0.22797 982.4
0.22798 982.4
0.22799 982.4
0.22800 982.4
0.22801 982.4
0.22802 982.4
0.22803 982.4
0.22804 982.4
0.22805 982.4
0.22806 982.4
0.22807 982.4
0.22808 982.4
0.22809 982.4
0.22810 982.4
0.22811 982.4
0.22812 982.4
0.22813 982.4
0.22814 982.4
0.22815 982.4
0.22816 982.4
0.22817 982.4
0.22818 982.4
0.22819 982.4
0.22820 982.4
0.22821 982.4
0.22822 982.4
0.22823 982.4
0.22824 982.4
0.22825 982.4
0.22826 982.4
0.22827 982.4
0.22828 982.4
0.22829 982.4
0.22830 982.4
0.22831 982.4
0.22832 982.4
0.22833 982.4
0.22834 982.4
0.22835 982.4
0.22836 982.4
0.22837 982.4
0.22838 982.4
0.22839 982.4
0.22840 982.4
0.22841 982.4
0.22842 982.4
0.22843 982.4
0.22844 982.4
0.22845 982.4
0.22846 982.4
0.22847 982.4
0.22848 982.4
0.22849 982.4
0.22850 982.4
0.22851 982.4
0.22852 982.4
0.22853 982.4
0.22854 982.4
0.22855 982.4
0.22856 982.4
0.22857 982.4
0.22858 982.4
0.22859 982.4
0.22860 982.4
0.22861 982.4
0.22862 982.4
0.22863 982.4
0.22864 982.4
0.22865 982.4
0.22866 982.4
0.22867 982.4
0.22868 982.4
0.22869 982.4
0.22870 982.4
0.22871 982.4
0.22872 982.4
0.22873 982.4
0.22874 982.4
0.22875 982.4
0.22876 982.4
0.22877 982.4
0.22878 982.4
0.22879 982.4
0.22880 982.4
0.22881 982.4
0.22882 982.4
0.22883 982.4
0.22884 982.4
0.22885 982.4
0.22886 982.4
0.22887 982.4
0.22888 982.4
0.22889 982.4
0.22890 982.4
0.22891 982.4
0.22892 982.4
0.22893 982.4
0.22894 982.4
0.22895 982.4
0.22896 982.4
0.22897 982.4
0.22898 982.4
0.22899 982.4
0.22900 982.4
0.22901 982.4
0.22902 982.4
0.22903 982.4
0.22904 982.4
0.22905 982.4
0.22906 982.4
0.22907 982.4
0.22908 982.4
0.22909 982.4
0.22910 982.4
0.22911 982.4
0.22912 982.4
0.22913 982.4
0.22914 982.4
0.22915 982.4
0.22916 982.4
0.22917 982.4
0.22918 982.4
0.22919 982.4
0.22920 982.4
0.22921 982.4
0.22922 982.4
0.22923 982.4
0.22924 982.4
0.22925 982.4
0.22926 982.4
0.22927 982.4
0.22928 982.4
0.22929 982.4
0.22930 982.4
0.22931 982.4
0.22932 982.4
0.22933 982.4
0.22934 982.4
0.22935 982.4
0.22936 982.4
0.22937 982.4
0.22938 982.4
0.22939 982.4
0.22940 982.4
0.22941 982.4
0.22942 982.4
0.22943 982.4
0.22944 982.4
0.22945 982.4
0.22946 982.4
0.22947 982.4
0.22948 982.4
0.22949 982.4
0.22950 982.4
0.22951 982.4
0.22952 982.4
0.22953 982.4
0.22954 982.4
0.22955 982.4
0.22956 982.4
0.22957 982.4
0.22958 982.4
0.22959 982.4
0.22960 982.4
0.22961 982.4
0.22962 982.4
0.22963 982.4
0.22964 982.4
0.22965 982.4
0.22966 982.4
0.22967 982.4
0.22968 982.4
0.22969 982.4
0.22970 982.4
0.22971 982.4
0.22972 982.4
0.22973 982.4
0.22974 982.4
0.22975 982.4
0.22976 982.4
0.22977 982.4
0.22978 982.4
0.22979 982.4
0.22980 982.4
0.22981 982.4
0.22982 982.4
0.22983 982.4
0.22984 982.4
0.22985 982.4
0.22986 982.4
0.22987 982.4
0.22988 982.4
0.22989 982.4
0.22990 982.4
0.22991 982.4
0.22992 982.4
0.22993 982.4
0.22994 982.4
0.22995 982.4
0.22996 982.4
0.22997 982.4
0.22998 982.4
0.22999 982.4
0.23000 982.4
