0.00000 982.4
0.00001 982.4
0.00002 982.4
0.00003 982.4
0.00004 982.4
0.00005 982.4
0.00006 982.4
0.00007 982.4
0.00008 982.4
0.00009 982.4
0.00010 982.4
0.00011 982.4
0.00012 982.4
0.00013 982.4
0.00014 982.4
0.00015 982.4
0.00016 982.4
0.00017 982.4
0.00018 982.4
0.00019 982.4
0.00020 982.4
0.00021 982.4
0.00022 982.4
0.00023 982.4
0.00024 982.4
0.00025 982.4
0.00026 982.4
0.00027 982.4
0.00028 982.4
0.00029 982.4
0.00030 982.4
0.00031 982.4
0.00032 982.4
0.00033 982.4
0.00034 982.4
0.00035 982.4
0.00036 982.4
0.00037 982.4
0.00038 982.4
0.00039 982.4
0.00040 982.4
0.00041 982.4
0.00042 982.4
0.00043 982.4
0.00044 982.4
0.00045 982.4
0.00046 982.4
0.00047 982.4
0.00048 982.4
0.00049 982.4
0.00050 982.4
0.00051 982.4
0.00052 982.4
0.00053 982.4
0.00054 982.4
0.00055 982.4
0.00056 982.4
0.00057 982.4
0.00058 982.4
0.00059 982.4
0.00060 982.4
0.00061 982.4
0.00062 982.4
0.00063 982.4
0.00064 982.4
0.00065 982.4
0.00066 982.4
0.00067 982.4
0.00068 982.4
0.00069 982.4
0.00070 982.4
0.00071 982.4
0.00072 982.4
0.00073 982.4
0.00074 982.4
0.00075 982.4
0.00076 982.4
0.00077 982.4
0.00078 982.4
0.00079 982.4
0.00080 982.4
0.00081 982.4
0.00082 982.4
0.00083 982.4
0.00084 982.4
0.00085 982.4
0.00086 982.4
0.00087 982.4
0.00088 982.4
0.00089 982.4
0.00090 982.4
0.00091 982.4
0.00092 982.4
0.00093 982.4
0.00094 982.4
0.00095 982.4
0.00096 982.4
0.00097 982.4
0.00098 982.4
0.00099 982.4
0.00100 982.4
0.00101 1006.0
0.00102 1030.0
0.00103 1054.6
0.00104 1079.7
0.00105 1105.3
0.00106 1131.5
0.00107 1158.1
0.00108 1185.4
0.00109 1213.1
0.00110 1241.5
0.00111 1270.4
0.00112 1300.0
0.00113 1330.1
0.00114 1360.9
0.00115 1392.3
0.00116 1424.3
0.00117 1457.0
0.00118 1490.4
0.00119 1524.5
0.00120 1559.3
0.00121 1594.9
0.00122 1631.3
0.00123 1668.5
0.00124 1706.5
0.00125 1745.4
0.00126 1785.3
0.00127 1826.2
0.00128 1868.1
0.00129 1911.2
0.00130 1955.5
0.00131 2001.1
0.00132 2048.2
0.00133 2096.9
0.00134 2147.3
0.00135 2199.6
0.00136 2254.1
0.00137 2311.1
0.00138 2370.8
0.00139 2433.6
0.00140 2500.0
0.00141 2570.5
0.00142 2645.6
0.00143 2726.2
0.00144 2813.2
0.00145 2907.5
0.00146 3010.6
0.00147 3124.0
0.00148 3249.7
0.00149 3389.9
0.00150 3547.8
0.00151 3640.0
0.00152 3751.4
0.00153 3885.0
0.00154 4044.4
0.00155 4234.0
0.00156 4459.0
0.00157 4725.7
0.00158 5041.8
0.00159 5415.9
0.00160 5857.7
0.00161 6377.3
0.00162 6983.6
0.00163 7682.2
0.00164 8472.4
0.00165 9343.1
0.00166 10270.4
0.00167 11218.8
0.00168 12147.1
0.00169 13017.2
0.00170 13801.5
0.00171 14486.2
0.00172 15068.9
0.00173 15554.5
0.00174 15952.0
0.00175 16271.0
0.00176 16521.1
0.00177 16710.7
0.00178 16846.9
0.00179 16935.9
0.00180 16982.9
0.00181 16992.0
0.00182 16967.0
0.00183 16910.7
0.00184 16825.8
0.00185 16714.4
0.00186 16578.4
0.00187 16419.5
0.00188 16239.2
0.00189 16039.0
0.00190 15820.1
0.00191 15583.8
0.00192 15331.3
0.00193 15063.8
0.00194 14782.6
0.00195 14488.8
0.00196 14183.7
0.00197 13868.5
0.00198 13544.6
0.00199 13213.0
0.00200 12875.2
0.00201 12532.4
0.00202 12185.7
0.00203 11836.6
0.00204 11486.2
0.00205 11135.6
0.00206 10786.0
0.00207 10438.4
0.00208 10094.0
0.00209 9753.7
0.00210 9418.3
0.00211 9088.6
0.00212 8765.5
0.00213 8449.5
0.00214 8141.3
0.00215 7841.2
0.00216 7549.8
0.00217 7267.4
0.00218 6994.2
0.00219 6730.4
0.00220 6476.1
0.00221 6231.4
0.00222 5996.3
0.00223 5770.8
0.00224 5554.6
0.00225 5347.8
0.00226 5150.0
0.00227 4961.1
0.00228 4780.9
0.00229 4609.0
0.00230 4445.3
0.00231 4289.3
0.00232 4140.9
0.00233 3999.7
0.00234 3865.3
0.00235 3737.6
0.00236 3616.1
0.00237 3500.6
0.00238 3390.8
0.00239 3286.4
0.00240 3187.2
0.00241 3092.7
0.00242 3002.9
0.00243 2917.4
0.00244 2836.0
0.00245 2758.5
0.00246 2684.7
0.00247 2614.3
0.00248 2547.2
0.00249 2483.1
0.00250 2422.0
0.00251 2363.6
0.00252 2307.8
0.00253 2254.5
0.00254 2203.5
0.00255 2154.7
0.00256 2107.9
0.00257 2063.2
0.00258 2020.2
0.00259 1979.1
0.00260 1939.6
0.00261 1901.7
0.00262 1865.4
0.00263 1830.4
0.00264 1796.9
0.00265 1764.6
0.00266 1733.6
0.00267 1703.8
0.00268 1675.1
0.00269 1647.6
0.00270 1621.0
0.00271 1595.5
0.00272 1571.0
0.00273 1547.3
0.00274 1524.6
0.00275 1502.7
0.00276 1481.6
0.00277 1461.4
0.00278 1441.8
0.00279 1423.1
0.00280 1405.0
0.00281 1387.6
0.00282 1370.8
0.00283 1354.7
0.00284 1339.2
0.00285 1324.3
0.00286 1309.9
0.00287 1296.1
0.00288 1282.8
0.00289 1270.0
0.00290 1257.7
0.00291 1245.9
0.00292 1234.5
0.00293 1223.5
0.00294 1213.0
0.00295 1202.8
0.00296 1193.0
0.00297 1183.6
0.00298 1174.6
0.00299 1165.8
0.00300 1157.4
0.00301 1149.4
0.00302 1141.6
0.00303 1134.1
0.00304 1126.8
0.00305 1119.9
0.00306 1113.2
0.00307 1106.7
0.00308 1100.5
0.00309 1094.5
0.00310 1088.7
0.00311 1083.1
0.00312 1077.7
0.00313 1072.5
0.00314 1067.5
0.00315 1062.6
0.00316 1058.0
0.00317 1053.4
0.00318 1049.1
0.00319 1044.9
0.00320 1040.8
0.00321 1036.9
0.00322 1033.1
0.00323 1029.4
0.00324 1025.9
0.00325 1022.5
0.00326 1019.1
0.00327 1015.9
0.00328 1012.8
0.00329 1009.8
0.00330 1006.9
0.00331 1004.1
0.00332 1001.4
0.00333 998.8
0.00334 996.2
0.00335 993.7
0.00336 991.4
0.00337 989.0
0.00338 986.8
0.00339 984.6
0.00340 982.5
0.00341 980.5
0.00342 978.5
0.00343 976.6
0.00344 974.7
0.00345 972.9
0.00346 971.1
0.00347 969.4
0.00348 967.8
0.00349 966.2
0.00350 964.6
0.00351 963.1
0.00352 961.7
0.00353 960.3
0.00354 958.9
0.00355 957.5
0.00356 956.2
0.00357 955.0
0.00358 953.7
0.00359 952.6
0.00360 951.4
0.00361 950.3
0.00362 949.2
0.00363 948.1
0.00364 947.1
0.00365 946.1
0.00366 945.1
0.00367 944.2
0.00368 943.2
0.00369 942.3
0.00370 941.5
0.00371 940.6
0.00372 939.8
0.00373 939.0
0.00374 938.2
0.00375 937.4
0.00376 936.7
0.00377 936.0
0.00378 935.3
0.00379 934.6
0.00380 933.9
0.00381 933.3
0.00382 932.7
0.00383 932.1
0.00384 931.5
0.00385 930.9
0.00386 930.3
0.00387 929.8
0.00388 929.2
0.00389 928.7
0.00390 928.2
0.00391 927.7
0.00392 927.2
0.00393 926.8
0.00394 926.3
0.00395 925.9
0.00396 925.4
0.00397 925.0
0.00398 924.6
0.00399 924.2
0.00400 923.8
0.00401 923.4
0.00402 923.1
0.00403 922.7
0.00404 922.4
0.00405 922.0
0.00406 921.7
0.00407 921.4
0.00408 921.1
0.00409 920.7
0.00410 920.4
0.00411 920.2
0.00412 919.9
0.00413 919.6
0.00414 919.3
0.00415 919.1
0.00416 918.8
0.00417 918.6
0.00418 918.3
0.00419 918.1
0.00420 917.8
0.00421 917.6
0.00422 917.4
0.00423 917.2
0.00424 917.0
0.00425 916.8
0.00426 916.6
0.00427 916.4
0.00428 916.2
0.00429 916.0
0.00430 915.9
0.00431 915.7
0.00432 915.5
0.00433 915.4
0.00434 915.2
0.00435 915.0
0.00436 914.9
0.00437 914.7
0.00438 914.6
0.00439 914.5
0.00440 914.3
0.00441 914.2
0.00442 914.1
0.00443 914.0
0.00444 913.8
0.00445 913.7
0.00446 913.6
0.00447 913.5
0.00448 913.4
0.00449 913.3
0.00450 913.2
0.00451 913.1
0.00452 913.0
0.00453 912.9
0.00454 912.8
0.00455 912.7
0.00456 912.7
0.00457 912.6
0.00458 912.5
0.00459 912.4
0.00460 912.4
0.00461 912.3
0.00462 912.2
0.00463 912.1
0.00464 912.1
0.00465 912.0
0.00466 912.0
0.00467 911.9
0.00468 911.9
0.00469 911.8
0.00470 911.8
0.00471 911.7
0.00472 911.7
0.00473 911.6
0.00474 911.6
0.00475 911.5
0.00476 911.5
0.00477 911.5
0.00478 911.4
0.00479 911.4
0.00480 911.3
0.00481 911.3
0.00482 911.3
0.00483 911.3
0.00484 911.2
0.00485 911.2
0.00486 911.2
0.00487 911.2
0.00488 911.1
0.00489 911.1
0.00490 911.1
0.00491 911.1
0.00492 911.1
0.00493 911.1
0.00494 911.0
0.00495 911.0
0.00496 911.0
0.00497 911.0
0.00498 911.0
0.00499 911.0
0.00500 911.0
0.00501 911.0
0.00502 911.0
0.00503 911.0
0.00504 911.0
0.00505 911.0
0.00506 911.0
0.00507 911.0
0.00508 911.0
0.00509 911.0
0.00510 911.0
0.00511 911.0
0.00512 911.0
0.00513 911.0
0.00514 911.0
0.00515 911.0
0.00516 911.1
0.00517 911.1
0.00518 911.1
0.00519 911.1
0.00520 911.1
0.00521 911.1
0.00522 911.1
0.00523 911.2
0.00524 911.2
0.00525 911.2
0.00526 911.2
0.00527 911.2
0.00528 911.2
0.00529 911.3
0.00530 911.3
0.00531 911.3
0.00532 911.3
0.00533 911.4
0.00534 911.4
0.00535 911.4
0.00536 911.4
0.00537 911.5
0.00538 911.5
0.00539 911.5
0.00540 911.5
0.00541 911.6
0.00542 911.6
0.00543 911.6
0.00544 911.6
0.00545 911.7
0.00546 911.7
0.00547 911.7
0.00548 911.8
0.00549 911.8
0.00550 911.8
0.00551 911.9
0.00552 911.9
0.00553 911.9
0.00554 912.0
0.00555 912.0
0.00556 912.0
0.00557 912.1
0.00558 912.1
0.00559 912.2
0.00560 912.2
0.00561 912.2
0.00562 912.3
0.00563 912.3
0.00564 912.4
0.00565 912.4
0.00566 912.4
0.00567 912.5
0.00568 912.5
0.00569 912.6
0.00570 912.6
0.00571 912.6
0.00572 912.7
0.00573 912.7
0.00574 912.8
0.00575 912.8
0.00576 912.9
0.00577 912.9
0.00578 912.9
0.00579 913.0
0.00580 913.0
0.00581 913.1
0.00582 913.1
0.00583 913.2
0.00584 913.2
0.00585 913.3
0.00586 913.3
0.00587 913.4
0.00588 913.4
0.00589 913.5
0.00590 913.5
0.00591 913.6
0.00592 913.6
0.00593 913.7
0.00594 913.7
0.00595 913.8
0.00596 913.8
0.00597 913.9
0.00598 913.9
0.00599 914.0
0.00600 914.0
0.00601 914.1
0.00602 914.1
0.00603 914.2
0.00604 914.2
0.00605 914.3
0.00606 914.3
0.00607 914.4
0.00608 914.4
0.00609 914.5
0.00610 914.5
0.00611 914.6
0.00612 914.6
0.00613 914.7
0.00614 914.8
0.00615 914.8
0.00616 914.9
0.00617 914.9
0.00618 915.0
0.00619 915.0
0.00620 915.1
0.00621 915.1
0.00622 915.2
0.00623 915.3
0.00624 915.3
0.00625 915.4
0.00626 915.4
0.00627 915.5
0.00628 915.5
0.00629 915.6
0.00630 915.7
0.00631 915.7
0.00632 915.8
0.00633 915.8
0.00634 915.9
0.00635 916.0
0.00636 916.0
0.00637 916.1
0.00638 916.1
0.00639 916.2
0.00640 916.3
0.00641 916.3
0.00642 916.4
0.00643 916.4
0.00644 916.5
0.00645 916.6
0.00646 916.6
0.00647 916.7
0.00648 916.7
0.00649 916.8
0.00650 916.9
0.00651 916.9
0.00652 917.0
0.00653 917.0
0.00654 917.1
0.00655 917.2
0.00656 917.2
0.00657 917.3
0.00658 917.4
0.00659 917.4
0.00660 917.5
0.00661 917.6
0.00662 917.6
0.00663 917.7
0.00664 917.7
0.00665 917.8
0.00666 917.9
0.00667 917.9
0.00668 918.0
0.00669 918.1
0.00670 918.1
0.00671 918.2
0.00672 918.3
0.00673 918.3
0.00674 918.4
0.00675 918.4
0.00676 918.5
0.00677 918.6
0.00678 918.6
0.00679 918.7
0.00680 918.8
0.00681 918.8
0.00682 918.9
0.00683 919.0
0.00684 919.0
0.00685 919.1
0.00686 919.2
0.00687 919.2
0.00688 919.3
0.00689 919.4
0.00690 919.4
0.00691 919.5
0.00692 919.6
0.00693 919.6
0.00694 919.7
0.00695 919.8
0.00696 919.8
0.00697 919.9
0.00698 920.0
0.00699 920.0
0.00700 920.1
0.00701 920.2
0.00702 920.2
0.00703 920.3
0.00704 920.4
0.00705 920.4
0.00706 920.5
0.00707 920.6
0.00708 920.6
0.00709 920.7
0.00710 920.8
0.00711 920.8
0.00712 920.9
0.00713 921.0
0.00714 921.0
0.00715 921.1
0.00716 921.2
0.00717 921.3
0.00718 921.3
0.00719 921.4
0.00720 921.5
0.00721 921.5
0.00722 921.6
0.00723 921.7
0.00724 921.7
0.00725 921.8
0.00726 921.9
0.00727 921.9
0.00728 922.0
0.00729 922.1
0.00730 922.1
0.00731 922.2
0.00732 922.3
0.00733 922.4
0.00734 922.4
0.00735 922.5
0.00736 922.6
0.00737 922.6
0.00738 922.7
0.00739 922.8
0.00740 922.8
0.00741 922.9
0.00742 923.0
0.00743 923.0
0.00744 923.1
0.00745 923.2
0.00746 923.3
0.00747 923.3
0.00748 923.4
0.00749 923.5
0.00750 923.5
0.00751 923.6
0.00752 923.7
0.00753 923.7
0.00754 923.8
0.00755 923.9
0.00756 924.0
0.00757 924.0
0.00758 924.1
0.00759 924.2
0.00760 924.2
0.00761 924.3
0.00762 924.4
0.00763 924.5
0.00764 924.5
0.00765 924.6
0.00766 924.7
0.00767 924.7
0.00768 924.8
0.00769 924.9
0.00770 924.9
0.00771 925.0
0.00772 925.1
0.00773 925.2
0.00774 925.2
0.00775 925.3
0.00776 925.4
0.00777 925.4
0.00778 925.5
0.00779 925.6
0.00780 925.7
0.00781 925.7
0.00782 925.8
0.00783 925.9
0.00784 925.9
0.00785 926.0
0.00786 926.1
0.00787 926.2
0.00788 926.2
0.00789 926.3
0.00790 926.4
0.00791 926.4
0.00792 926.5
0.00793 926.6
0.00794 926.7
0.00795 926.7
0.00796 926.8
0.00797 926.9
0.00798 926.9
0.00799 927.0
0.00800 927.1
0.00801 927.2
0.00802 927.2
0.00803 927.3
0.00804 927.4
0.00805 927.4
0.00806 927.5
0.00807 927.6
0.00808 927.7
0.00809 927.7
0.00810 927.8
0.00811 927.9
0.00812 927.9
0.00813 928.0
0.00814 928.1
0.00815 928.1
0.00816 928.2
0.00817 928.3
0.00818 928.4
0.00819 928.4
0.00820 928.5
0.00821 928.6
0.00822 928.6
0.00823 928.7
0.00824 928.8
0.00825 928.9
0.00826 928.9
0.00827 929.0
0.00828 929.1
0.00829 929.1
0.00830 929.2
0.00831 929.3
0.00832 929.4
0.00833 929.4
0.00834 929.5
0.00835 929.6
0.00836 929.6
0.00837 929.7
0.00838 929.8
0.00839 929.9
0.00840 929.9
0.00841 930.0
0.00842 930.1
0.00843 930.1
0.00844 930.2
0.00845 930.3
0.00846 930.4
0.00847 930.4
0.00848 930.5
0.00849 930.6
0.00850 930.6
0.00851 930.7
0.00852 930.8
0.00853 930.9
0.00854 930.9
0.00855 931.0
0.00856 931.1
0.00857 931.1
0.00858 931.2
0.00859 931.3
0.00860 931.3
0.00861 931.4
0.00862 931.5
0.00863 931.6
0.00864 931.6
0.00865 931.7
0.00866 931.8
0.00867 931.8
0.00868 931.9
0.00869 932.0
0.00870 932.1
0.00871 932.1
0.00872 932.2
0.00873 932.3
0.00874 932.3
0.00875 932.4
0.00876 932.5
0.00877 932.5
0.00878 932.6
0.00879 932.7
0.00880 932.8
0.00881 932.8
0.00882 932.9
0.00883 933.0
0.00884 933.0
0.00885 933.1
0.00886 933.2
0.00887 933.3
0.00888 933.3
0.00889 933.4
0.00890 933.5
0.00891 933.5
0.00892 933.6
0.00893 933.7
0.00894 933.7
0.00895 933.8
0.00896 933.9
0.00897 934.0
0.00898 934.0
0.00899 934.1
0.00900 934.2
0.00901 934.2
0.00902 934.3
0.00903 934.4
0.00904 934.4
0.00905 934.5
0.00906 934.6
0.00907 934.6
0.00908 934.7
0.00909 934.8
0.00910 934.9
0.00911 934.9
0.00912 935.0
0.00913 935.1
0.00914 935.1
0.00915 935.2
0.00916 935.3
0.00917 935.3
0.00918 935.4
0.00919 935.5
0.00920 935.5
0.00921 935.6
0.00922 935.7
0.00923 935.8
0.00924 935.8
0.00925 935.9
0.00926 936.0
0.00927 936.0
0.00928 936.1
0.00929 936.2
0.00930 936.2
0.00931 936.3
0.00932 936.4
0.00933 936.4
0.00934 936.5
0.00935 936.6
0.00936 936.6
0.00937 936.7
0.00938 936.8
0.00939 936.8
0.00940 936.9
0.00941 937.0
0.00942 937.0
0.00943 937.1
0.00944 937.2
0.00945 937.3
0.00946 937.3
0.00947 937.4
0.00948 937.5
0.00949 937.5
0.00950 937.6
0.00951 937.7
0.00952 937.7
0.00953 937.8
0.00954 937.9
0.00955 937.9
0.00956 938.0
0.00957 938.1
0.00958 938.1
0.00959 938.2
0.00960 938.3
0.00961 938.3
0.00962 938.4
0.00963 938.5
0.00964 938.5
0.00965 938.6
0.00966 938.7
0.00967 938.7
0.00968 938.8
0.00969 938.9
0.00970 938.9
0.00971 939.0
0.00972 939.1
0.00973 939.1
0.00974 939.2
0.00975 939.3
0.00976 939.3
0.00977 939.4
0.00978 939.5
0.00979 939.5
0.00980 939.6
0.00981 939.7
0.00982 939.7
0.00983 939.8
0.00984 939.9
0.00985 939.9
0.00986 940.0
0.00987 940.1
0.00988 940.1
0.00989 940.2
0.00990 940.3
0.00991 940.3
0.00992 940.4
0.00993 940.4
0.00994 940.5
0.00995 940.6
0.00996 940.6
0.00997 940.7
0.00998 940.8
0.00999 940.8
0.01000 940.9
0.01001 941.0
0.01002 941.0
0.01003 941.1
0.01004 941.2
0.01005 941.2
0.01006 941.3
0.01007 941.4
0.01008 941.4
0.01009 941.5
0.01010 941.5
0.01011 941.6
0.01012 941.7
0.01013 941.7
0.01014 941.8
0.01015 941.9
0.01016 941.9
0.01017 942.0
0.01018 942.1
0.01019 942.1
0.01020 942.2
0.01021 942.2
0.01022 942.3
0.01023 942.4
0.01024 942.4
0.01025 942.5
0.01026 942.6
0.01027 942.6
0.01028 942.7
0.01029 942.8
0.01030 942.8
0.01031 942.9
0.01032 942.9
0.01033 943.0
0.01034 943.1
0.01035 943.1
0.01036 943.2
0.01037 943.3
0.01038 943.3
0.01039 943.4
0.01040 943.4
0.01041 943.5
0.01042 943.6
0.01043 943.6
0.01044 943.7
0.01045 943.8
0.01046 943.8
0.01047 943.9
0.01048 943.9
0.01049 944.0
0.01050 944.1
0.01051 944.1
0.01052 944.2
0.01053 944.2
0.01054 944.3
0.01055 944.4
0.01056 944.4
0.01057 944.5
0.01058 944.6
0.01059 944.6
0.01060 944.7
0.01061 944.7
0.01062 944.8
0.01063 944.9
0.01064 944.9
0.01065 945.0
0.01066 945.0
0.01067 945.1
0.01068 945.2
0.01069 945.2
0.01070 945.3
0.01071 945.3
0.01072 945.4
0.01073 945.5
0.01074 945.5
0.01075 945.6
0.01076 945.6
0.01077 945.7
0.01078 945.8
0.01079 945.8
0.01080 945.9
0.01081 945.9
0.01082 946.0
0.01083 946.1
0.01084 946.1
0.01085 946.2
0.01086 946.2
0.01087 946.3
0.01088 946.4
0.01089 946.4
0.01090 946.5
0.01091 946.5
0.01092 946.6
0.01093 946.7
0.01094 946.7
0.01095 946.8
0.01096 946.8
0.01097 946.9
0.01098 946.9
0.01099 947.0
0.01100 947.1
0.01101 947.1
0.01102 947.2
0.01103 947.2
0.01104 947.3
0.01105 947.4
0.01106 947.4
0.01107 947.5
0.01108 947.5
0.01109 947.6
0.01110 947.6
0.01111 947.7
0.01112 947.8
0.01113 947.8
0.01114 947.9
0.01115 947.9
0.01116 948.0
0.01117 948.0
0.01118 948.1
0.01119 948.2
0.01120 948.2
0.01121 948.3
0.01122 948.3
0.01123 948.4
0.01124 948.4
0.01125 948.5
0.01126 948.6
0.01127 948.6
0.01128 948.7
0.01129 948.7
0.01130 948.8
0.01131 948.8
0.01132 948.9
0.01133 948.9
0.01134 949.0
0.01135 949.1
0.01136 949.1
0.01137 949.2
0.01138 949.2
0.01139 949.3
0.01140 949.3
0.01141 949.4
0.01142 949.4
0.01143 949.5
0.01144 949.6
0.01145 949.6
0.01146 949.7
0.01147 949.7
0.01148 949.8
0.01149 949.8
0.01150 949.9
0.01151 949.9
0.01152 950.0
0.01153 950.0
0.01154 950.1
0.01155 950.2
0.01156 950.2
0.01157 950.3
0.01158 950.3
0.01159 950.4
0.01160 950.4
0.01161 950.5
0.01162 950.5
0.01163 950.6
0.01164 950.6
0.01165 950.7
0.01166 950.7
0.01167 950.8
0.01168 950.9
0.01169 950.9
0.01170 951.0
0.01171 951.0
0.01172 951.1
0.01173 951.1
0.01174 951.2
0.01175 951.2
0.01176 951.3
0.01177 951.3
0.01178 951.4
0.01179 951.4
0.01180 951.5
0.01181 951.5
0.01182 951.6
0.01183 951.6
0.01184 951.7
0.01185 951.8
0.01186 951.8
0.01187 951.9
0.01188 951.9
0.01189 952.0
0.01190 952.0
0.01191 952.1
0.01192 952.1
0.01193 952.2
0.01194 952.2
0.01195 952.3
0.01196 952.3
0.01197 952.4
0.01198 952.4
0.01199 952.5
0.01200 952.5
0.01201 952.6
0.01202 952.6
0.01203 952.7
0.01204 952.7
0.01205 952.8
0.01206 952.8
0.01207 952.9
0.01208 952.9
0.01209 953.0
0.01210 953.0
0.01211 953.1
0.01212 953.1
0.01213 953.2
0.01214 953.2
0.01215 953.3
0.01216 953.3
0.01217 953.4
0.01218 953.4
0.01219 953.5
0.01220 953.5
0.01221 953.6
0.01222 953.6
0.01223 953.7
0.01224 953.7
0.01225 953.8
0.01226 953.8
0.01227 953.9
0.01228 953.9
0.01229 954.0
0.01230 954.0
0.01231 954.1
0.01232 954.1
0.01233 954.2
0.01234 954.2
0.01235 954.3
0.01236 954.3
0.01237 954.4
0.01238 954.4
0.01239 954.5
0.01240 954.5
0.01241 954.6
0.01242 954.6
0.01243 954.7
0.01244 954.7
0.01245 954.7
0.01246 954.8
0.01247 954.8
0.01248 954.9
0.01249 954.9
0.01250 955.0
0.01251 955.0
0.01252 955.1
0.01253 955.1
0.01254 955.2
0.01255 955.2
0.01256 955.3
0.01257 955.3
0.01258 955.4
0.01259 955.4
0.01260 955.5
0.01261 955.5
0.01262 955.6
0.01263 955.6
0.01264 955.6
0.01265 955.7
0.01266 955.7
0.01267 955.8
0.01268 955.8
0.01269 955.9
0.01270 955.9
0.01271 956.0
0.01272 956.0
0.01273 956.1
0.01274 956.1
0.01275 956.2
0.01276 956.2
0.01277 956.2
0.01278 956.3
0.01279 956.3
0.01280 956.4
0.01281 956.4
0.01282 956.5
0.01283 956.5
0.01284 956.6
0.01285 956.6
0.01286 956.6
0.01287 956.7
0.01288 956.7
0.01289 956.8
0.01290 956.8
0.01291 956.9
0.01292 956.9
0.01293 957.0
0.01294 957.0
0.01295 957.1
0.01296 957.1
0.01297 957.1
0.01298 957.2
0.01299 957.2
0.01300 957.3
0.01301 957.3
0.01302 957.4
0.01303 957.4
0.01304 957.4
0.01305 957.5
0.01306 957.5
0.01307 957.6
0.01308 957.6
0.01309 957.7
0.01310 957.7
0.01311 957.7
0.01312 957.8
0.01313 957.8
0.01314 957.9
0.01315 957.9
0.01316 958.0
0.01317 958.0
0.01318 958.0
0.01319 958.1
0.01320 958.1
0.01321 958.2
0.01322 958.2
0.01323 958.3
0.01324 958.3
0.01325 958.3
0.01326 958.4
0.01327 958.4
0.01328 958.5
0.01329 958.5
0.01330 958.6
0.01331 958.6
0.01332 958.6
0.01333 958.7
0.01334 958.7
0.01335 958.8
0.01336 958.8
0.01337 958.8
0.01338 958.9
0.01339 958.9
0.01340 959.0
0.01341 959.0
0.01342 959.1
0.01343 959.1
0.01344 959.1
0.01345 959.2
0.01346 959.2
0.01347 959.3
0.01348 959.3
0.01349 959.3
0.01350 959.4
0.01351 959.4
0.01352 959.5
0.01353 959.5
0.01354 959.5
0.01355 959.6
0.01356 959.6
0.01357 959.7
0.01358 959.7
0.01359 959.7
0.01360 959.8
0.01361 959.8
0.01362 959.9
0.01363 959.9
0.01364 959.9
0.01365 960.0
0.01366 960.0
0.01367 960.1
0.01368 960.1
0.01369 960.1
0.01370 960.2
0.01371 960.2
0.01372 960.3
0.01373 960.3
0.01374 960.3
0.01375 960.4
0.01376 960.4
0.01377 960.4
0.01378 960.5
0.01379 960.5
0.01380 960.6
0.01381 960.6
0.01382 960.6
0.01383 960.7
0.01384 960.7
0.01385 960.8
0.01386 960.8
0.01387 960.8
0.01388 960.9
0.01389 960.9
0.01390 960.9
0.01391 961.0
0.01392 961.0
0.01393 961.1
0.01394 961.1
0.01395 961.1
0.01396 961.2
0.01397 961.2
0.01398 961.2
0.01399 961.3
0.01400 961.3
0.01401 961.4
0.01402 961.4
0.01403 961.4
0.01404 961.5
0.01405 961.5
0.01406 961.5
0.01407 961.6
0.01408 961.6
0.01409 961.7
0.01410 961.7
0.01411 961.7
0.01412 961.8
0.01413 961.8
0.01414 961.8
0.01415 961.9
0.01416 961.9
0.01417 961.9
0.01418 962.0
0.01419 962.0
0.01420 962.1
0.01421 962.1
0.01422 962.1
0.01423 962.2
0.01424 962.2
0.01425 962.2
0.01426 962.3
0.01427 962.3
0.01428 962.3
0.01429 962.4
0.01430 962.4
0.01431 962.4
0.01432 962.5
0.01433 962.5
0.01434 962.6
0.01435 962.6
0.01436 962.6
0.01437 962.7
0.01438 962.7
0.01439 962.7
0.01440 962.8
0.01441 962.8
0.01442 962.8
0.01443 962.9
0.01444 962.9
0.01445 962.9
0.01446 963.0
0.01447 963.0
0.01448 963.0
0.01449 963.1
0.01450 963.1
0.01451 963.1
0.01452 963.2
0.01453 963.2
0.01454 963.2
0.01455 963.3
0.01456 963.3
0.01457 963.3
0.01458 963.4
0.01459 963.4
0.01460 963.4
0.01461 963.5
0.01462 963.5
0.01463 963.5
0.01464 963.6
0.01465 963.6
0.01466 963.6
0.01467 963.7
0.01468 963.7
0.01469 963.7
0.01470 963.8
0.01471 963.8
0.01472 963.8
0.01473 963.9
0.01474 963.9
0.01475 963.9
0.01476 964.0
0.01477 964.0
0.01478 964.0
0.01479 964.1
0.01480 964.1
0.01481 964.1
0.01482 964.2
0.01483 964.2
0.01484 964.2
0.01485 964.3
0.01486 964.3
0.01487 964.3
0.01488 964.4
0.01489 964.4
0.01490 964.4
0.01491 964.5
0.01492 964.5
0.01493 964.5
0.01494 964.6
0.01495 964.6
0.01496 964.6
0.01497 964.7
0.01498 964.7
0.01499 964.7
0.01500 964.7
0.01501 964.8
0.01502 964.8
0.01503 964.8
0.01504 964.9
0.01505 964.9
0.01506 964.9
0.01507 965.0
0.01508 965.0
0.01509 965.0
0.01510 965.1
0.01511 965.1
0.01512 965.1
0.01513 965.1
0.01514 965.2
0.01515 965.2
0.01516 965.2
0.01517 965.3
0.01518 965.3
0.01519 965.3
0.01520 965.4
0.01521 965.4
0.01522 965.4
0.01523 965.4
0.01524 965.5
0.01525 965.5
0.01526 965.5
0.01527 965.6
0.01528 965.6
0.01529 965.6
0.01530 965.7
0.01531 965.7
0.01532 965.7
0.01533 965.7
0.01534 965.8
0.01535 965.8
0.01536 965.8
0.01537 965.9
0.01538 965.9
0.01539 965.9
0.01540 966.0
0.01541 966.0
0.01542 966.0
0.01543 966.0
0.01544 966.1
0.01545 966.1
0.01546 966.1
0.01547 966.2
0.01548 966.2
0.01549 966.2
0.01550 966.2
0.01551 966.3
0.01552 966.3
0.01553 966.3
0.01554 966.4
0.01555 966.4
0.01556 966.4
0.01557 966.4
0.01558 966.5
0.01559 966.5
0.01560 966.5
0.01561 966.6
0.01562 966.6
0.01563 966.6
0.01564 966.6
0.01565 966.7
0.01566 966.7
0.01567 966.7
0.01568 966.7
0.01569 966.8
0.01570 966.8
0.01571 966.8
0.01572 966.9
0.01573 966.9
0.01574 966.9
0.01575 966.9
0.01576 967.0
0.01577 967.0
0.01578 967.0
0.01579 967.1
0.01580 967.1
0.01581 967.1
0.01582 967.1
0.01583 967.2
0.01584 967.2
0.01585 967.2
0.01586 967.2
0.01587 967.3
0.01588 967.3
0.01589 967.3
0.01590 967.3
0.01591 967.4
0.01592 967.4
0.01593 967.4
0.01594 967.5
0.01595 967.5
0.01596 967.5
0.01597 967.5
0.01598 967.6
0.01599 967.6
0.01600 967.6
0.01601 967.6
0.01602 967.7
0.01603 967.7
0.01604 967.7
0.01605 967.7
0.01606 967.8
0.01607 967.8
0.01608 967.8
0.01609 967.8
0.01610 967.9
0.01611 967.9
0.01612 967.9
0.01613 967.9
0.01614 968.0
0.01615 968.0
0.01616 968.0
0.01617 968.0
0.01618 968.1
0.01619 968.1
0.01620 968.1
0.01621 968.1
0.01622 968.2
0.01623 968.2
0.01624 968.2
0.01625 968.2
0.01626 968.3
0.01627 968.3
0.01628 968.3
0.01629 968.3
0.01630 968.4
0.01631 968.4
0.01632 968.4
0.01633 968.4
0.01634 968.5
0.01635 968.5
0.01636 968.5
0.01637 968.5
0.01638 968.6
0.01639 968.6
0.01640 968.6
0.01641 968.6
0.01642 968.7
0.01643 968.7
0.01644 968.7
0.01645 968.7
0.01646 968.8
0.01647 968.8
0.01648 968.8
0.01649 968.8
0.01650 968.9
0.01651 968.9
0.01652 968.9
0.01653 968.9
0.01654 969.0
0.01655 969.0
0.01656 969.0
0.01657 969.0
0.01658 969.0
0.01659 969.1
0.01660 969.1
0.01661 969.1
0.01662 969.1
0.01663 969.2
0.01664 969.2
0.01665 969.2
0.01666 969.2
0.01667 969.3
0.01668 969.3
0.01669 969.3
0.01670 969.3
0.01671 969.3
0.01672 969.4
0.01673 969.4
0.01674 969.4
0.01675 969.4
0.01676 969.5
0.01677 969.5
0.01678 969.5
0.01679 969.5
0.01680 969.6
0.01681 969.6
0.01682 969.6
0.01683 969.6
0.01684 969.6
0.01685 969.7
0.01686 969.7
0.01687 969.7
0.01688 969.7
0.01689 969.8
0.01690 969.8
0.01691 969.8
0.01692 969.8
0.01693 969.8
0.01694 969.9
0.01695 969.9
0.01696 969.9
0.01697 969.9
0.01698 970.0
0.01699 970.0
0.01700 970.0
0.01701 970.0
0.01702 970.0
0.01703 970.1
0.01704 970.1
0.01705 970.1
0.01706 970.1
0.01707 970.1
0.01708 970.2
0.01709 970.2
0.01710 970.2
0.01711 970.2
0.01712 970.3
0.01713 970.3
0.01714 970.3
0.01715 970.3
0.01716 970.3
0.01717 970.4
0.01718 970.4
0.01719 970.4
0.01720 970.4
0.01721 970.4
0.01722 970.5
0.01723 970.5
0.01724 970.5
0.01725 970.5
0.01726 970.5
0.01727 970.6
0.01728 970.6
0.01729 970.6
0.01730 970.6
0.01731 970.7
0.01732 970.7
0.01733 970.7
0.01734 970.7
0.01735 970.7
0.01736 970.8
0.01737 970.8
0.01738 970.8
0.01739 970.8
0.01740 970.8
0.01741 970.9
0.01742 970.9
0.01743 970.9
0.01744 970.9
0.01745 970.9
0.01746 971.0
0.01747 971.0
0.01748 971.0
0.01749 971.0
0.01750 971.0
0.01751 971.1
0.01752 971.1
0.01753 971.1
0.01754 971.1
0.01755 971.1
0.01756 971.2
0.01757 971.2
0.01758 971.2
0.01759 971.2
0.01760 971.2
0.01761 971.2
0.01762 971.3
0.01763 971.3
0.01764 971.3
0.01765 971.3
0.01766 971.3
0.01767 971.4
0.01768 971.4
0.01769 971.4
0.01770 971.4
0.01771 971.4
0.01772 971.5
0.01773 971.5
0.01774 971.5
0.01775 971.5
0.01776 971.5
0.01777 971.6
0.01778 971.6
0.01779 971.6
0.01780 971.6
0.01781 971.6
0.01782 971.6
0.01783 971.7
0.01784 971.7
0.01785 971.7
0.01786 971.7
0.01787 971.7
0.01788 971.8
0.01789 971.8
0.01790 971.8
0.01791 971.8
0.01792 971.8
0.01793 971.8
0.01794 971.9
0.01795 971.9
0.01796 971.9
0.01797 971.9
0.01798 971.9
0.01799 972.0
0.01800 972.0
0.01801 972.0
0.01802 972.0
0.01803 972.0
0.01804 972.0
0.01805 972.1
0.01806 972.1
0.01807 972.1
0.01808 972.1
0.01809 972.1
0.01810 972.2
0.01811 972.2
0.01812 972.2
0.01813 972.2
0.01814 972.2
0.01815 972.2
0.01816 972.3
0.01817 972.3
0.01818 972.3
0.01819 972.3
0.01820 972.3
0.01821 972.3
0.01822 972.4
0.01823 972.4
0.01824 972.4
0.01825 972.4
0.01826 972.4
0.01827 972.5
0.01828 972.5
0.01829 972.5
0.01830 972.5
0.01831 972.5
0.01832 972.5
0.01833 972.6
0.01834 972.6
0.01835 972.6
0.01836 972.6
0.01837 972.6
0.01838 972.6
0.01839 972.7
0.01840 972.7
0.01841 972.7
0.01842 972.7
0.01843 972.7
0.01844 972.7
0.01845 972.8
0.01846 972.8
0.01847 972.8
0.01848 972.8
0.01849 972.8
0.01850 972.8
0.01851 972.9
0.01852 972.9
0.01853 972.9
0.01854 972.9
0.01855 972.9
0.01856 972.9
0.01857 972.9
0.01858 973.0
0.01859 973.0
0.01860 973.0
0.01861 973.0
0.01862 973.0
0.01863 973.0
0.01864 973.1
0.01865 973.1
0.01866 973.1
0.01867 973.1
0.01868 973.1
0.01869 973.1
0.01870 973.2
0.01871 973.2
0.01872 973.2
0.01873 973.2
0.01874 973.2
0.01875 973.2
0.01876 973.3
0.01877 973.3
0.01878 973.3
0.01879 973.3
0.01880 973.3
0.01881 973.3
0.01882 973.3
0.01883 973.4
0.01884 973.4
0.01885 973.4
0.01886 973.4
0.01887 973.4
0.01888 973.4
0.01889 973.5
0.01890 973.5
0.01891 973.5
0.01892 973.5
0.01893 973.5
0.01894 973.5
0.01895 973.5
0.01896 973.6
0.01897 973.6
0.01898 973.6
0.01899 973.6
0.01900 973.6
0.01901 973.6
0.01902 973.6
0.01903 973.7
0.01904 973.7
0.01905 973.7
0.01906 973.7
0.01907 973.7
0.01908 973.7
0.01909 973.7
0.01910 973.8
0.01911 973.8
0.01912 973.8
0.01913 973.8
0.01914 973.8
0.01915 973.8
0.01916 973.9
0.01917 973.9
0.01918 973.9
0.01919 973.9
0.01920 973.9
0.01921 973.9
0.01922 973.9
0.01923 974.0
0.01924 974.0
0.01925 974.0
0.01926 974.0
0.01927 974.0
0.01928 974.0
0.01929 974.0
0.01930 974.1
0.01931 974.1
0.01932 974.1
0.01933 974.1
0.01934 974.1
0.01935 974.1
0.01936 974.1
0.01937 974.1
0.01938 974.2
0.01939 974.2
0.01940 974.2
0.01941 974.2
0.01942 974.2
0.01943 974.2
0.01944 974.2
0.01945 974.3
0.01946 974.3
0.01947 974.3
0.01948 974.3
0.01949 974.3
0.01950 974.3
0.01951 974.3
0.01952 974.4
0.01953 974.4
0.01954 974.4
0.01955 974.4
0.01956 974.4
0.01957 974.4
0.01958 974.4
0.01959 974.4
0.01960 974.5
0.01961 974.5
0.01962 974.5
0.01963 974.5
0.01964 974.5
0.01965 974.5
0.01966 974.5
0.01967 974.6
0.01968 974.6
0.01969 974.6
0.01970 974.6
0.01971 974.6
0.01972 974.6
0.01973 974.6
0.01974 974.6
0.01975 974.7
0.01976 974.7
0.01977 974.7
0.01978 974.7
0.01979 974.7
0.01980 974.7
0.01981 974.7
0.01982 974.7
0.01983 974.8
0.01984 974.8
0.01985 974.8
0.01986 974.8
0.01987 974.8
0.01988 974.8
0.01989 974.8
0.01990 974.8
0.01991 974.9
0.01992 974.9
0.01993 974.9
0.01994 974.9
0.01995 974.9
0.01996 974.9
0.01997 974.9
0.01998 974.9
0.01999 975.0
0.02000 982.4
0.02001 982.4
0.02002 982.4
0.02003 982.4
0.02004 982.4
0.02005 982.4
0.02006 982.4
0.02007 982.4
0.02008 982.4
0.02009 982.4
0.02010 982.4
0.02011 982.4
0.02012 982.4
0.02013 982.4
0.02014 982.4
0.02015 982.4
0.02016 982.4
0.02017 982.4
0.02018 982.4
0.02019 982.4
0.02020 982.4
0.02021 982.4
0.02022 982.4
0.02023 982.4
0.02024 982.4
0.02025 982.4
0.02026 982.4
0.02027 982.4
0.02028 982.4
0.02029 982.4
0.02030 982.4
0.02031 982.4
0.02032 982.4
0.02033 982.4
0.02034 982.4
0.02035 982.4
0.02036 982.4
0.02037 982.4
0.02038 982.4
0.02039 982.4
0.02040 982.4
0.02041 982.4
0.02042 982.4
0.02043 982.4
0.02044 982.4
0.02045 982.4
0.02046 982.4
0.02047 982.4
0.02048 982.4
0.02049 982.4
0.02050 982.4
0.02051 982.4
0.02052 982.4
0.02053 982.4
0.02054 982.4
0.02055 982.4
0.02056 982.4
0.02057 982.4
0.02058 982.4
0.02059 982.4
0.02060 982.4
0.02061 982.4
0.02062 982.4
0.02063 982.4
0.02064 982.4
0.02065 982.4
0.02066 982.4
0.02067 982.4
0.02068 982.4
0.02069 982.4
0.02070 982.4
0.02071 982.4
0.02072 982.4
0.02073 982.4
0.02074 982.4
0.02075 982.4
0.02076 982.4
0.02077 982.4
0.02078 982.4
0.02079 982.4
0.02080 982.4
0.02081 982.4
0.02082 982.4
0.02083 982.4
0.02084 982.4
0.02085 982.4
0.02086 982.4
0.02087 982.4
0.02088 982.4
0.02089 982.4
0.02090 982.4
0.02091 982.4
0.02092 982.4
0.02093 982.4
0.02094 982.4
0.02095 982.4
0.02096 982.4
0.02097 982.4
0.02098 982.4
0.02099 982.4
0.02100 982.4
0.02101 982.4
0.02102 982.4
0.02103 982.4
0.02104 982.4
0.02105 982.4
0.02106 982.4
0.02107 982.4
0.02108 982.4
0.02109 982.4
0.02110 982.4
0.02111 982.4
0.02112 982.4
0.02113 982.4
0.02114 982.4
0.02115 982.4
0.02116 982.4
0.02117 982.4
0.02118 982.4
0.02119 982.4
0.02120 982.4
0.02121 982.4
0.02122 982.4
0.02123 982.4
0.02124 982.4
0.02125 982.4
0.02126 982.4
0.02127 982.4
0.02128 982.4
0.02129 982.4
0.02130 982.4
0.02131 982.4
0.02132 982.4
0.02133 982.4
0.02134 982.4
0.02135 982.4
0.02136 982.4
0.02137 982.4
0.02138 982.4
0.02139 982.4
0.02140 982.4
0.02141 982.4
0.02142 982.4
0.02143 982.4
0.02144 982.4
0.02145 982.4
0.02146 982.4
0.02147 982.4
0.02148 982.4
0.02149 982.4
0.02150 982.4
0.02151 982.4
0.02152 982.4
0.02153 982.4
0.02154 982.4
0.02155 982.4
0.02156 982.4
0.02157 982.4
0.02158 982.4
0.02159 982.4
0.02160 982.4
0.02161 982.4
0.02162 982.4
0.02163 982.4
0.02164 982.4
0.02165 982.4
0.02166 982.4
0.02167 982.4
0.02168 982.4
0.02169 982.4
0.02170 982.4
0.02171 982.4
0.02172 982.4
0.02173 982.4
0.02174 982.4
0.02175 982.4
0.02176 982.4
0.02177 982.4
0.02178 982.4
0.02179 982.4
0.02180 982.4
0.02181 982.4
0.02182 982.4
0.02183 982.4
0.02184 982.4
0.02185 982.4
0.02186 982.4
0.02187 982.4
0.02188 982.4
0.02189 982.4
0.02190 982.4
0.02191 982.4
0.02192 982.4
0.02193 982.4
0.02194 982.4
0.02195 982.4
0.02196 982.4
0.02197 982.4
0.02198 982.4
0.02199 982.4
0.02200 982.4
0.02201 982.4
0.02202 982.4
0.02203 982.4
0.02204 982.4
0.02205 982.4
0.02206 982.4
0.02207 982.4
0.02208 982.4
0.02209 982.4
0.02210 982.4
0.02211 982.4
0.02212 982.4
0.02213 982.4
0.02214 982.4
0.02215 982.4
0.02216 982.4
0.02217 982.4
0.02218 982.4
0.02219 982.4
0.02220 982.4
0.02221 982.4
0.02222 982.4
0.02223 982.4
0.02224 982.4
0.02225 982.4
0.02226 982.4
0.02227 982.4
0.02228 982.4
0.02229 982.4
0.02230 982.4
0.02231 982.4
0.02232 982.4
0.02233 982.4
0.02234 982.4
0.02235 982.4
0.02236 982.4
0.02237 982.4
0.02238 982.4
0.02239 982.4
0.02240 982.4
0.02241 982.4
0.02242 982.4
0.02243 982.4
0.02244 982.4
0.02245 982.4
0.02246 982.4
0.02247 982.4
0.02248 982.4
0.02249 982.4
0.02250 982.4
0.02251 982.4
0.02252 982.4
0.02253 982.4
0.02254 982.4
0.02255 982.4
0.02256 982.4
0.02257 982.4
0.02258 982.4
0.02259 982.4
0.02260 982.4
0.02261 982.4
0.02262 982.4
0.02263 982.4
0.02264 982.4
0.02265 982.4
0.02266 982.4
0.02267 982.4
0.02268 982.4
0.02269 982.4
0.02270 982.4
0.02271 982.4
0.02272 982.4
0.02273 982.4
0.02274 982.4
0.02275 982.4
0.02276 982.4
0.02277 982.4
0.02278 982.4
0.02279 982.4
0.02280 982.4
0.02281 982.4
0.02282 982.4
0.02283 982.4
0.02284 982.4
0.02285 982.4
0.02286 982.4
0.02287 982.4
0.02288 982.4
0.02289 982.4
0.02290 982.4
0.02291 982.4
0.02292 982.4
0.02293 982.4
0.02294 982.4
0.02295 982.4
0.02296 982.4
0.02297 982.4
0.02298 982.4
0.02299 982.4
0.02300 982.4
0.02301 982.4
0.02302 982.4
0.02303 982.4
0.02304 982.4
0.02305 982.4
0.02306 982.4
0.02307 982.4
0.02308 982.4
0.02309 982.4
0.02310 982.4
0.02311 982.4
0.02312 982.4
0.02313 982.4
0.02314 982.4
0.02315 982.4
0.02316 982.4
0.02317 982.4
0.02318 982.4
0.02319 982.4
0.02320 982.4
0.02321 982.4
0.02322 982.4
0.02323 982.4
0.02324 982.4
0.02325 982.4
0.02326 982.4
0.02327 982.4
0.02328 982.4
0.02329 982.4
0.02330 982.4
0.02331 982.4
0.02332 982.4
0.02333 982.4
0.02334 982.4
0.02335 982.4
0.02336 982.4
0.02337 982.4
0.02338 982.4
0.02339 982.4
0.02340 982.4
0.02341 982.4
0.02342 982.4
0.02343 982.4
0.02344 982.4
0.02345 982.4
0.02346 982.4
0.02347 982.4
0.02348 982.4
0.02349 982.4
0.02350 982.4
0.02351 982.4
0.02352 982.4
0.02353 982.4
0.02354 982.4
0.02355 982.4
0.02356 982.4
0.02357 982.4
0.02358 982.4
0.02359 982.4
0.02360 982.4
0.02361 982.4
0.02362 982.4
0.02363 982.4
0.02364 982.4
0.02365 982.4
0.02366 982.4
0.02367 982.4
0.02368 982.4
0.02369 982.4
0.02370 982.4
0.02371 982.4
0.02372 982.4
0.02373 982.4
0.02374 982.4
0.02375 982.4
0.02376 982.4
0.02377 982.4
0.02378 982.4
0.02379 982.4
0.02380 982.4
0.02381 982.4
0.02382 982.4
0.02383 982.4
0.02384 982.4
0.02385 982.4
0.02386 982.4
0.02387 982.4
0.02388 982.4
0.02389 982.4
0.02390 982.4
0.02391 982.4
0.02392 982.4
0.02393 982.4
0.02394 982.4
0.02395 982.4
0.02396 982.4
0.02397 982.4
0.02398 982.4
0.02399 982.4
0.02400 982.4
0.02401 982.4
0.02402 982.4
0.02403 982.4
0.02404 982.4
0.02405 982.4
0.02406 982.4
0.02407 982.4
0.02408 982.4
0.02409 982.4
0.02410 982.4
0.02411 982.4
0.02412 982.4
0.02413 982.4
0.02414 982.4
0.02415 982.4
0.02416 982.4
0.02417 982.4
0.02418 982.4
0.02419 982.4
0.02420 982.4
0.02421 982.4
0.02422 982.4
0.02423 982.4
0.02424 982.4
0.02425 982.4
0.02426 982.4
0.02427 982.4
0.02428 982.4
0.02429 982.4
0.02430 982.4
0.02431 982.4
0.02432 982.4
0.02433 982.4
0.02434 982.4
0.02435 982.4
0.02436 982.4
0.02437 982.4
0.02438 982.4
0.02439 982.4
0.02440 982.4
0.02441 982.4
0.02442 982.4
0.02443 982.4
0.02444 982.4
0.02445 982.4
0.02446 982.4
0.02447 982.4
0.02448 982.4
0.02449 982.4
0.02450 982.4
0.02451 982.4
0.02452 982.4
0.02453 982.4
0.02454 982.4
0.02455 982.4
0.02456 982.4
0.02457 982.4
0.02458 982.4
0.02459 982.4
0.02460 982.4
0.02461 982.4
0.02462 982.4
0.02463 982.4
0.02464 982.4
0.02465 982.4
0.02466 982.4
0.02467 982.4
0.02468 982.4
0.02469 982.4
0.02470 982.4
0.02471 982.4
0.02472 982.4
0.02473 982.4
0.02474 982.4
0.02475 982.4
0.02476 982.4
0.02477 982.4
0.02478 982.4
0.02479 982.4
0.02480 982.4
0.02481 982.4
0.02482 982.4
0.02483 982.4
0.02484 982.4
0.02485 982.4
0.02486 982.4
0.02487 982.4
0.02488 982.4
0.02489 982.4
0.02490 982.4
0.02491 982.4
0.02492 982.4
0.02493 982.4
0.02494 982.4
0.02495 982.4
0.02496 982.4
0.02497 982.4
0.02498 982.4
0.02499 982.4
0.02500 982.4
0.02501 982.4
0.02502 982.4
0.02503 982.4
0.02504 982.4
0.02505 982.4
0.02506 982.4
0.02507 982.4
0.02508 982.4
0.02509 982.4
0.02510 982.4
0.02511 982.4
0.02512 982.4
0.02513 982.4
0.02514 982.4
0.02515 982.4
0.02516 982.4
0.02517 982.4
0.02518 982.4
0.02519 982.4
0.02520 982.4
0.02521 982.4
0.02522 982.4
0.02523 982.4
0.02524 982.4
0.02525 982.4
0.02526 982.4
0.02527 982.4
0.02528 982.4
0.02529 982.4
0.02530 982.4
0.02531 982.4
0.02532 982.4
0.02533 982.4
0.02534 982.4
0.02535 982.4
0.02536 982.4
0.02537 982.4
0.02538 982.4
0.02539 982.4
0.02540 982.4
0.02541 982.4
0.02542 982.4
0.02543 982.4
0.02544 982.4
0.02545 982.4
0.02546 982.4
0.02547 982.4
0.02548 982.4
0.02549 982.4
0.02550 982.4
0.02551 982.4
0.02552 982.4
0.02553 982.4
0.02554 982.4
0.02555 982.4
0.02556 982.4
0.02557 982.4
0.02558 982.4
0.02559 982.4
0.02560 982.4
0.02561 982.4
0.02562 982.4
0.02563 982.4
0.02564 982.4
0.02565 982.4
0.02566 982.4
0.02567 982.4
0.02568 982.4
0.02569 982.4
0.02570 982.4
0.02571 982.4
0.02572 982.4
0.02573 982.4
0.02574 982.4
0.02575 982.4
0.02576 982.4
0.02577 982.4
0.02578 982.4
0.02579 982.4
0.02580 982.4
0.02581 982.4
0.02582 982.4
0.02583 982.4
0.02584 982.4
0.02585 982.4
0.02586 982.4
0.02587 982.4
0.02588 982.4
0.02589 982.4
0.02590 982.4
0.02591 982.4
0.02592 982.4
0.02593 982.4
0.02594 982.4
0.02595 982.4
0.02596 982.4
0.02597 982.4
0.02598 982.4
0.02599 982.4
0.02600 982.4
0.02601 982.4
0.02602 982.4
0.02603 982.4
0.02604 982.4
0.02605 982.4
0.02606 982.4
0.02607 982.4
0.02608 982.4
0.02609 982.4
0.02610 982.4
0.02611 982.4
0.02612 982.4
0.02613 982.4
0.02614 982.4
0.02615 982.4
0.02616 982.4
0.02617 982.4
0.02618 982.4
0.02619 982.4
0.02620 982.4
0.02621 982.4
0.02622 982.4
0.02623 982.4
0.02624 982.4
0.02625 982.4
0.02626 982.4
0.02627 982.4
0.02628 982.4
0.02629 982.4
0.02630 982.4
0.02631 982.4
0.02632 982.4
0.02633 982.4
0.02634 982.4
0.02635 982.4
0.02636 982.4
0.02637 982.4
0.02638 982.4
0.02639 982.4
0.02640 982.4
0.02641 982.4
0.02642 982.4
0.02643 982.4
0.02644 982.4
0.02645 982.4
0.02646 982.4
0.02647 982.4
0.02648 982.4
0.02649 982.4
0.02650 982.4
0.02651 982.4
0.02652 982.4
0.02653 982.4
0.02654 982.4
0.02655 982.4
0.02656 982.4
0.02657 982.4
0.02658 982.4
0.02659 982.4
0.02660 982.4
0.02661 982.4
0.02662 982.4
0.02663 982.4
0.02664 982.4
0.02665 982.4
0.02666 982.4
0.02667 982.4
0.02668 982.4
0.02669 982.4
0.02670 982.4
0.02671 982.4
0.02672 982.4
0.02673 982.4
0.02674 982.4
0.02675 982.4
0.02676 982.4
0.02677 982.4
0.02678 982.4
0.02679 982.4
0.02680 982.4
0.02681 982.4
0.02682 982.4
0.02683 982.4
0.02684 982.4
0.02685 982.4
0.02686 982.4
0.02687 982.4
0.02688 982.4
0.02689 982.4
0.02690 982.4
0.02691 982.4
0.02692 982.4
0.02693 982.4
0.02694 982.4
0.02695 982.4
0.02696 982.4
0.02697 982.4
0.02698 982.4
0.02699 982.4
0.02700 982.4
0.02701 982.4
0.02702 982.4
0.02703 982.4
0.02704 982.4
0.02705 982.4
0.02706 982.4
0.02707 982.4
0.02708 982.4
0.02709 982.4
0.02710 982.4
0.02711 982.4
0.02712 982.4
0.02713 982.4
0.02714 982.4
0.02715 982.4
0.02716 982.4
0.02717 982.4
0.02718 982.4
0.02719 982.4
0.02720 982.4
0.02721 982.4
0.02722 982.4
0.02723 982.4
0.02724 982.4
0.02725 982.4
0.02726 982.4
0.02727 982.4
0.02728 982.4
0.02729 982.4
0.02730 982.4
0.02731 982.4
0.02732 982.4
0.02733 982.4
0.02734 982.4
0.02735 982.4
0.02736 982.4
0.02737 982.4
0.02738 982.4
0.02739 982.4
0.02740 982.4
0.02741 982.4
0.02742 982.4
0.02743 982.4
0.02744 982.4
0.02745 982.4
0.02746 982.4
0.02747 982.4
0.02748 982.4
0.02749 982.4
0.02750 982.4
0.02751 982.4
0.02752 982.4
0.02753 982.4
0.02754 982.4
0.02755 982.4
0.02756 982.4
0.02757 982.4
0.02758 982.4
0.02759 982.4
0.02760 982.4
0.02761 982.4
0.02762 982.4
0.02763 982.4
0.02764 982.4
0.02765 982.4
0.02766 982.4
0.02767 982.4
0.02768 982.4
0.02769 982.4
0.02770 982.4
0.02771 982.4
0.02772 982.4
0.02773 982.4
0.02774 982.4
0.02775 982.4
0.02776 982.4
0.02777 982.4
0.02778 982.4
0.02779 982.4
0.02780 982.4
0.02781 982.4
0.02782 982.4
0.02783 982.4
0.02784 982.4
0.02785 982.4
0.02786 982.4
0.02787 982.4
0.02788 982.4
0.02789 982.4
0.02790 982.4
0.02791 982.4
0.02792 982.4
0.02793 982.4
0.02794 982.4
0.02795 982.4
0.02796 982.4
0.02797 982.4
0.02798 982.4
0.02799 982.4
0.02800 982.4
0.02801 982.4
0.02802 982.4
0.02803 982.4
0.02804 982.4
0.02805 982.4
0.02806 982.4
0.02807 982.4
0.02808 982.4
0.02809 982.4
0.02810 982.4
0.02811 982.4
0.02812 982.4
0.02813 982.4
0.02814 982.4
0.02815 982.4
0.02816 982.4
0.02817 982.4
0.02818 982.4
0.02819 982.4
0.02820 982.4
0.02821 982.4
0.02822 982.4
0.02823 982.4
0.02824 982.4
0.02825 982.4
0.02826 982.4
0.02827 982.4
0.02828 982.4
0.02829 982.4
0.02830 982.4
0.02831 982.4
0.02832 982.4
0.02833 982.4
0.02834 982.4
0.02835 982.4
0.02836 982.4
0.02837 982.4
0.02838 982.4
0.02839 982.4
0.02840 982.4
0.02841 982.4
0.02842 982.4
0.02843 982.4
0.02844 982.4
0.02845 982.4
0.02846 982.4
0.02847 982.4
0.02848 982.4
0.02849 982.4
0.02850 982.4
0.02851 982.4
0.02852 982.4
0.02853 982.4
0.02854 982.4
0.02855 982.4
0.02856 982.4
0.02857 982.4
0.02858 982.4
0.02859 982.4
0.02860 982.4
0.02861 982.4
0.02862 982.4
0.02863 982.4
0.02864 982.4
0.02865 982.4
0.02866 982.4
0.02867 982.4
0.02868 982.4
0.02869 982.4
0.02870 982.4
0.02871 982.4
0.02872 982.4
0.02873 982.4
0.02874 982.4
0.02875 982.4
0.02876 982.4
0.02877 982.4
0.02878 982.4
0.02879 982.4
0.02880 982.4
0.02881 982.4
0.02882 982.4
0.02883 982.4
0.02884 982.4
0.02885 982.4
0.02886 982.4
0.02887 982.4
0.02888 982.4
0.02889 982.4
0.02890 982.4
0.02891 982.4
0.02892 982.4
0.02893 982.4
0.02894 982.4
0.02895 982.4
0.02896 982.4
0.02897 982.4
0.02898 982.4
0.02899 982.4
0.02900 982.4
0.02901 982.4
0.02902 982.4
0.02903 982.4
0.02904 982.4
0.02905 982.4
0.02906 982.4
0.02907 982.4
0.02908 982.4
0.02909 982.4
0.02910 982.4
0.02911 982.4
0.02912 982.4
0.02913 982.4
0.02914 982.4
0.02915 982.4
0.02916 982.4
0.02917 982.4
0.02918 982.4
0.02919 982.4
0.02920 982.4
0.02921 982.4
0.02922 982.4
0.02923 982.4
0.02924 982.4
0.02925 982.4
0.02926 982.4
0.02927 982.4
0.02928 982.4
0.02929 982.4
0.02930 982.4
0.02931 982.4
0.02932 982.4
0.02933 982.4
0.02934 982.4
0.02935 982.4
0.02936 982.4
0.02937 982.4
0.02938 982.4
0.02939 982.4
0.02940 982.4
0.02941 982.4
0.02942 982.4
0.02943 982.4
0.02944 982.4
0.02945 982.4
0.02946 982.4
0.02947 982.4
0.02948 982.4
0.02949 982.4
0.02950 982.4
0.02951 982.4
0.02952 982.4
0.02953 982.4
0.02954 982.4
0.02955 982.4
0.02956 982.4
0.02957 982.4
0.02958 982.4
0.02959 982.4
0.02960 982.4
0.02961 982.4
0.02962 982.4
0.02963 982.4
0.02964 982.4
0.02965 982.4
0.02966 982.4
0.02967 982.4
0.02968 982.4
0.02969 982.4
0.02970 982.4
0.02971 982.4
0.02972 982.4
0.02973 982.4
0.02974 982.4
0.02975 982.4
0.02976 982.4
0.02977 982.4
0.02978 982.4
0.02979 982.4
0.02980 982.4
0.02981 982.4
0.02982 982.4
0.02983 982.4
0.02984 982.4
0.02985 982.4
0.02986 982.4
0.02987 982.4
0.02988 982.4
0.02989 982.4
0.02990 982.4
0.02991 982.4
0.02992 982.4
0.02993 982.4
0.02994 982.4
0.02995 982.4
0.02996 982.4
0.02997 982.4
0.02998 982.4
0.02999 982.4
0.03000 982.4
0.03001 982.4
0.03002 982.4
0.03003 982.4
0.03004 982.4
0.03005 982.4
0.03006 982.4
0.03007 982.4
0.03008 982.4
0.03009 982.4
0.03010 982.4
0.03011 982.4
0.03012 982.4
0.03013 982.4
0.03014 982.4
0.03015 982.4
0.03016 982.4
0.03017 982.4
0.03018 982.4
0.03019 982.4
0.03020 982.4
0.03021 982.4
0.03022 982.4
0.03023 982.4
0.03024 982.4
0.03025 982.4
0.03026 982.4
0.03027 982.4
0.03028 982.4
0.03029 982.4
0.03030 982.4
0.03031 982.4
0.03032 982.4
0.03033 982.4
0.03034 982.4
0.03035 982.4
0.03036 982.4
0.03037 982.4
0.03038 982.4
0.03039 982.4
0.03040 982.4
0.03041 982.4
0.03042 982.4
0.03043 982.4
0.03044 982.4
0.03045 982.4
0.03046 982.4
0.03047 982.4
0.03048 982.4
0.03049 982.4
0.03050 982.4
0.03051 982.4
0.03052 982.4
0.03053 982.4
0.03054 982.4
0.03055 982.4
0.03056 982.4
0.03057 982.4
0.03058 982.4
0.03059 982.4
0.03060 982.4
0.03061 982.4
0.03062 982.4
0.03063 982.4
0.03064 982.4
0.03065 982.4
0.03066 982.4
0.03067 982.4
0.03068 982.4
0.03069 982.4
0.03070 982.4
0.03071 982.4
0.03072 982.4
0.03073 982.4
0.03074 982.4
0.03075 982.4
0.03076 982.4
0.03077 982.4
0.03078 982.4
0.03079 982.4
0.03080 982.4
0.03081 982.4
0.03082 982.4
0.03083 982.4
0.03084 982.4
0.03085 982.4
0.03086 982.4
0.03087 982.4
0.03088 982.4
0.03089 982.4
0.03090 982.4
0.03091 982.4
0.03092 982.4
0.03093 982.4
0.03094 982.4
0.03095 982.4
0.03096 982.4
0.03097 982.4
0.03098 982.4
0.03099 982.4
0.03100 982.4
0.03101 982.4
0.03102 982.4
0.03103 982.4
0.03104 982.4
0.03105 982.4
0.03106 982.4
0.03107 982.4
0.03108 982.4
0.03109 982.4
0.03110 982.4
0.03111 982.4
0.03112 982.4
0.03113 982.4
0.03114 982.4
0.03115 982.4
0.03116 982.4
0.03117 982.4
0.03118 982.4
0.03119 982.4
0.03120 982.4
0.03121 982.4
0.03122 982.4
0.03123 982.4
0.03124 982.4
0.03125 982.4
0.03126 982.4
0.03127 982.4
0.03128 982.4
0.03129 982.4
0.03130 982.4
0.03131 982.4
0.03132 982.4
0.03133 982.4
0.03134 982.4
0.03135 982.4
0.03136 982.4
0.03137 982.4
0.03138 982.4
0.03139 982.4
0.03140 982.4
0.03141 982.4
0.03142 982.4
0.03143 982.4
0.03144 982.4
0.03145 982.4
0.03146 982.4
0.03147 982.4
0.03148 982.4
0.03149 982.4
0.03150 982.4
0.03151 982.4
0.03152 982.4
0.03153 982.4
0.03154 982.4
0.03155 982.4
0.03156 982.4
0.03157 982.4
0.03158 982.4
0.03159 982.4
0.03160 982.4
0.03161 982.4
0.03162 982.4
0.03163 982.4
0.03164 982.4
0.03165 982.4
0.03166 982.4
0.03167 982.4
0.03168 982.4
0.03169 982.4
0.03170 982.4
0.03171 982.4
0.03172 982.4
0.03173 982.4
0.03174 982.4
0.03175 982.4
0.03176 982.4
0.03177 982.4
0.03178 982.4
0.03179 982.4
0.03180 982.4
0.03181 982.4
0.03182 982.4
0.03183 982.4
0.03184 982.4
0.03185 982.4
0.03186 982.4
0.03187 982.4
0.03188 982.4
0.03189 982.4
0.03190 982.4
0.03191 982.4
0.03192 982.4
0.03193 982.4
0.03194 982.4
0.03195 982.4
0.03196 982.4
0.03197 982.4
0.03198 982.4
0.03199 982.4
0.03200 982.4
0.03201 982.4
0.03202 982.4
0.03203 982.4
0.03204 982.4
0.03205 982.4
0.03206 982.4
0.03207 982.4
0.03208 982.4
0.03209 982.4
0.03210 982.4
0.03211 982.4
0.03212 982.4
0.03213 982.4
0.03214 982.4
0.03215 982.4
0.03216 982.4
0.03217 982.4
0.03218 982.4
0.03219 982.4
0.03220 982.4
0.03221 982.4
0.03222 982.4
0.03223 982.4
0.03224 982.4
0.03225 982.4
0.03226 982.4
0.03227 982.4
0.03228 982.4
0.03229 982.4
0.03230 982.4
0.03231 982.4
0.03232 982.4
0.03233 982.4
0.03234 982.4
0.03235 982.4
0.03236 982.4
0.03237 982.4
0.03238 982.4
0.03239 982.4
0.03240 982.4
0.03241 982.4
0.03242 982.4
0.03243 982.4
0.03244 982.4
0.03245 982.4
0.03246 982.4
0.03247 982.4
0.03248 982.4
0.03249 982.4
0.03250 982.4
0.03251 982.4
0.03252 982.4
0.03253 982.4
0.03254 982.4
0.03255 982.4
0.03256 982.4
0.03257 982.4
0.03258 982.4
0.03259 982.4
0.03260 982.4
0.03261 982.4
0.03262 982.4
0.03263 982.4
0.03264 982.4
0.03265 982.4
0.03266 982.4
0.03267 982.4
0.03268 982.4
0.03269 982.4
0.03270 982.4
0.03271 982.4
0.03272 982.4
0.03273 982.4
0.03274 982.4
0.03275 982.4
0.03276 982.4
0.03277 982.4
0.03278 982.4
0.03279 982.4
0.03280 982.4
0.03281 982.4
0.03282 982.4
0.03283 982.4
0.03284 982.4
0.03285 982.4
0.03286 982.4
0.03287 982.4
0.03288 982.4
0.03289 982.4
0.03290 982.4
0.03291 982.4
0.03292 982.4
0.03293 982.4
0.03294 982.4
0.03295 982.4
0.03296 982.4
0.03297 982.4
0.03298 982.4
0.03299 982.4
0.03300 982.4
0.03301 982.4
0.03302 982.4
0.03303 982.4
0.03304 982.4
0.03305 982.4
0.03306 982.4
0.03307 982.4
0.03308 982.4
0.03309 982.4
0.03310 982.4
0.03311 982.4
0.03312 982.4
0.03313 982.4
0.03314 982.4
0.03315 982.4
0.03316 982.4
0.03317 982.4
0.03318 982.4
0.03319 982.4
0.03320 982.4
0.03321 982.4
0.03322 982.4
0.03323 982.4
0.03324 982.4
0.03325 982.4
0.03326 982.4
0.03327 982.4
0.03328 982.4
0.03329 982.4
0.03330 982.4
0.03331 982.4
0.03332 982.4
0.03333 982.4
0.03334 982.4
0.03335 982.4
0.03336 982.4
0.03337 982.4
0.03338 982.4
0.03339 982.4
0.03340 982.4
0.03341 982.4
0.03342 982.4
0.03343 982.4
0.03344 982.4
0.03345 982.4
0.03346 982.4
0.03347 982.4
0.03348 982.4
0.03349 982.4
0.03350 982.4
0.03351 982.4
0.03352 982.4
0.03353 982.4
0.03354 982.4
0.03355 982.4
0.03356 982.4
0.03357 982.4
0.03358 982.4
0.03359 982.4
0.03360 982.4
0.03361 982.4
0.03362 982.4
0.03363 982.4
0.03364 982.4
0.03365 982.4
0.03366 982.4
0.03367 982.4
0.03368 982.4
0.03369 982.4
0.03370 982.4
0.03371 982.4
0.03372 982.4
0.03373 982.4
0.03374 982.4
0.03375 982.4
0.03376 982.4
0.03377 982.4
0.03378 982.4
0.03379 982.4
0.03380 982.4
0.03381 982.4
0.03382 982.4
0.03383 982.4
0.03384 982.4
0.03385 982.4
0.03386 982.4
0.03387 982.4
0.03388 982.4
0.03389 982.4
0.03390 982.4
0.03391 982.4
0.03392 982.4
0.03393 982.4
0.03394 982.4
0.03395 982.4
0.03396 982.4
0.03397 982.4
0.03398 982.4
0.03399 982.4
0.03400 982.4
0.03401 982.4
0.03402 982.4
0.03403 982.4
0.03404 982.4
0.03405 982.4
0.03406 982.4
0.03407 982.4
0.03408 982.4
0.03409 982.4
0.03410 982.4
0.03411 982.4
0.03412 982.4
0.03413 982.4
0.03414 982.4
0.03415 982.4
0.03416 982.4
0.03417 982.4
0.03418 982.4
0.03419 982.4
0.03420 982.4
0.03421 982.4
0.03422 982.4
0.03423 982.4
0.03424 982.4
0.03425 982.4
0.03426 982.4
0.03427 982.4
0.03428 982.4
0.03429 982.4
0.03430 982.4
0.03431 982.4
0.03432 982.4
0.03433 982.4
0.03434 982.4
0.03435 982.4
0.03436 982.4
0.03437 982.4
0.03438 982.4
0.03439 982.4
0.03440 982.4
0.03441 982.4
0.03442 982.4
0.03443 982.4
0.03444 982.4
0.03445 982.4
0.03446 982.4
0.03447 982.4
0.03448 982.4
0.03449 982.4
0.03450 982.4
0.03451 982.4
0.03452 982.4
0.03453 982.4
0.03454 982.4
0.03455 982.4
0.03456 982.4
0.03457 982.4
0.03458 982.4
0.03459 982.4
0.03460 982.4
0.03461 982.4
0.03462 982.4
0.03463 982.4
0.03464 982.4
0.03465 982.4
0.03466 982.4
0.03467 982.4
0.03468 982.4
0.03469 982.4
0.03470 982.4
0.03471 982.4
0.03472 982.4
0.03473 982.4
0.03474 982.4
0.03475 982.4
0.03476 982.4
0.03477 982.4
0.03478 982.4
0.03479 982.4
0.03480 982.4
0.03481 982.4
0.03482 982.4
0.03483 982.4
0.03484 982.4
0.03485 982.4
0.03486 982.4
0.03487 982.4
0.03488 982.4
0.03489 982.4
0.03490 982.4
0.03491 982.4
0.03492 982.4
0.03493 982.4
0.03494 982.4
0.03495 982.4
0.03496 982.4
0.03497 982.4
0.03498 982.4
0.03499 982.4
0.03500 982.4
0.03501 982.4
0.03502 982.4
0.03503 982.4
0.03504 982.4
0.03505 982.4
0.03506 982.4
0.03507 982.4
0.03508 982.4
0.03509 982.4
0.03510 982.4
0.03511 982.4
0.03512 982.4
0.03513 982.4
0.03514 982.4
0.03515 982.4
0.03516 982.4
0.03517 982.4
0.03518 982.4
0.03519 982.4
0.03520 982.4
0.03521 982.4
0.03522 982.4
0.03523 982.4
0.03524 982.4
0.03525 982.4
0.03526 982.4
0.03527 982.4
0.03528 982.4
0.03529 982.4
0.03530 982.4
0.03531 982.4
0.03532 982.4
0.03533 982.4
0.03534 982.4
0.03535 982.4
0.03536 982.4
0.03537 982.4
0.03538 982.4
0.03539 982.4
0.03540 982.4
0.03541 982.4
0.03542 982.4
0.03543 982.4
0.03544 982.4
0.03545 982.4
0.03546 982.4
0.03547 982.4
0.03548 982.4
0.03549 982.4
0.03550 982.4
0.03551 982.4
0.03552 982.4
0.03553 982.4
0.03554 982.4
0.03555 982.4
0.03556 982.4
0.03557 982.4
0.03558 982.4
0.03559 982.4
0.03560 982.4
0.03561 982.4
0.03562 982.4
0.03563 982.4
0.03564 982.4
0.03565 982.4
0.03566 982.4
0.03567 982.4
0.03568 982.4
0.03569 982.4
0.03570 982.4
0.03571 982.4
0.03572 982.4
0.03573 982.4
0.03574 982.4
0.03575 982.4
0.03576 982.4
0.03577 982.4
0.03578 982.4
0.03579 982.4
0.03580 982.4
0.03581 982.4
0.03582 982.4
0.03583 982.4
0.03584 982.4
0.03585 982.4
0.03586 982.4
0.03587 982.4
0.03588 982.4
0.03589 982.4
0.03590 982.4
0.03591 982.4
0.03592 982.4
0.03593 982.4
0.03594 982.4
0.03595 982.4
0.03596 982.4
0.03597 982.4
0.03598 982.4
0.03599 982.4
0.03600 982.4
0.03601 982.4
0.03602 982.4
0.03603 982.4
0.03604 982.4
0.03605 982.4
0.03606 982.4
0.03607 982.4
0.03608 982.4
0.03609 982.4
0.03610 982.4
0.03611 982.4
0.03612 982.4
0.03613 982.4
0.03614 982.4
0.03615 982.4
0.03616 982.4
0.03617 982.4
0.03618 982.4
0.03619 982.4
0.03620 982.4
0.03621 982.4
0.03622 982.4
0.03623 982.4
0.03624 982.4
0.03625 982.4
0.03626 982.4
0.03627 982.4
0.03628 982.4
0.03629 982.4
0.03630 982.4
0.03631 982.4
0.03632 982.4
0.03633 982.4
0.03634 982.4
0.03635 982.4
0.03636 982.4
0.03637 982.4
0.03638 982.4
0.03639 982.4
0.03640 982.4
0.03641 982.4
0.03642 982.4
0.03643 982.4
0.03644 982.4
0.03645 982.4
0.03646 982.4
0.03647 982.4
0.03648 982.4
0.03649 982.4
0.03650 982.4
0.03651 982.4
0.03652 982.4
0.03653 982.4
0.03654 982.4
0.03655 982.4
0.03656 982.4
0.03657 982.4
0.03658 982.4
0.03659 982.4
0.03660 982.4
0.03661 982.4
0.03662 982.4
0.03663 982.4
0.03664 982.4
0.03665 982.4
0.03666 982.4
0.03667 982.4
0.03668 982.4
0.03669 982.4
0.03670 982.4
0.03671 982.4
0.03672 982.4
0.03673 982.4
0.03674 982.4
0.03675 982.4
0.03676 982.4
0.03677 982.4
0.03678 982.4
0.03679 982.4
0.03680 982.4
0.03681 982.4
0.03682 982.4
0.03683 982.4
0.03684 982.4
0.03685 982.4
0.03686 982.4
0.03687 982.4
0.03688 982.4
0.03689 982.4
0.03690 982.4
0.03691 982.4
0.03692 982.4
0.03693 982.4
0.03694 982.4
0.03695 982.4
0.03696 982.4
0.03697 982.4
0.03698 982.4
0.03699 982.4
0.03700 982.4
0.03701 982.4
0.03702 982.4
0.03703 982.4
0.03704 982.4
0.03705 982.4
0.03706 982.4
0.03707 982.4
0.03708 982.4
0.03709 982.4
0.03710 982.4
0.03711 982.4
0.03712 982.4
0.03713 982.4
0.03714 982.4
0.03715 982.4
0.03716 982.4
0.03717 982.4
0.03718 982.4
0.03719 982.4
0.03720 982.4
0.03721 982.4
0.03722 982.4
0.03723 982.4
0.03724 982.4
0.03725 982.4
0.03726 982.4
0.03727 982.4
0.03728 982.4
0.03729 982.4
0.03730 982.4
0.03731 982.4
0.03732 982.4
0.03733 982.4
0.03734 982.4
0.03735 982.4
0.03736 982.4
0.03737 982.4
0.03738 982.4
0.03739 982.4
0.03740 982.4
0.03741 982.4
0.03742 982.4
0.03743 982.4
0.03744 982.4
0.03745 982.4
0.03746 982.4
0.03747 982.4
0.03748 982.4
0.03749 982.4
0.03750 982.4
0.03751 982.4
0.03752 982.4
0.03753 982.4
0.03754 982.4
0.03755 982.4
0.03756 982.4
0.03757 982.4
0.03758 982.4
0.03759 982.4
0.03760 982.4
0.03761 982.4
0.03762 982.4
0.03763 982.4
0.03764 982.4
0.03765 982.4
0.03766 982.4
0.03767 982.4
0.03768 982.4
0.03769 982.4
0.03770 982.4
0.03771 982.4
0.03772 982.4
0.03773 982.4
0.03774 982.4
0.03775 982.4
0.03776 982.4
0.03777 982.4
0.03778 982.4
0.03779 982.4
0.03780 982.4
0.03781 982.4
0.03782 982.4
0.03783 982.4
0.03784 982.4
0.03785 982.4
0.03786 982.4
0.03787 982.4
0.03788 982.4
0.03789 982.4
0.03790 982.4
0.03791 982.4
0.03792 982.4
0.03793 982.4
0.03794 982.4
0.03795 982.4
0.03796 982.4
0.03797 982.4
0.03798 982.4
0.03799 982.4
0.03800 982.4
0.03801 982.4
0.03802 982.4
0.03803 982.4
0.03804 982.4
0.03805 982.4
0.03806 982.4
0.03807 982.4
0.03808 982.4
0.03809 982.4
0.03810 982.4
0.03811 982.4
0.03812 982.4
0.03813 982.4
0.03814 982.4
0.03815 982.4
0.03816 982.4
0.03817 982.4
0.03818 982.4
0.03819 982.4
0.03820 982.4
0.03821 982.4
0.03822 982.4
0.03823 982.4
0.03824 982.4
0.03825 982.4
0.03826 982.4
0.03827 982.4
0.03828 982.4
0.03829 982.4
0.03830 982.4
0.03831 982.4
0.03832 982.4
0.03833 982.4
0.03834 982.4
0.03835 982.4
0.03836 982.4
0.03837 982.4
0.03838 982.4
0.03839 982.4
0.03840 982.4
0.03841 982.4
0.03842 982.4
0.03843 982.4
0.03844 982.4
0.03845 982.4
0.03846 982.4
0.03847 982.4
0.03848 982.4
0.03849 982.4
0.03850 982.4
0.03851 982.4
0.03852 982.4
0.03853 982.4
0.03854 982.4
0.03855 982.4
0.03856 982.4
0.03857 982.4
0.03858 982.4
0.03859 982.4
0.03860 982.4
0.03861 982.4
0.03862 982.4
0.03863 982.4
0.03864 982.4
0.03865 982.4
0.03866 982.4
0.03867 982.4
0.03868 982.4
0.03869 982.4
0.03870 982.4
0.03871 982.4
0.03872 982.4
0.03873 982.4
0.03874 982.4
0.03875 982.4
0.03876 982.4
0.03877 982.4
0.03878 982.4
0.03879 982.4
0.03880 982.4
0.03881 982.4
0.03882 982.4
0.03883 982.4
0.03884 982.4
0.03885 982.4
0.03886 982.4
0.03887 982.4
0.03888 982.4
0.03889 982.4
0.03890 982.4
0.03891 982.4
0.03892 982.4
0.03893 982.4
0.03894 982.4
0.03895 982.4
0.03896 982.4
0.03897 982.4
0.03898 982.4
0.03899 982.4
0.03900 982.4
0.03901 982.4
0.03902 982.4
0.03903 982.4
0.03904 982.4
0.03905 982.4
0.03906 982.4
0.03907 982.4
0.03908 982.4
0.03909 982.4
0.03910 982.4
0.03911 982.4
0.03912 982.4
0.03913 982.4
0.03914 982.4
0.03915 982.4
0.03916 982.4
0.03917 982.4
0.03918 982.4
0.03919 982.4
0.03920 982.4
0.03921 982.4
0.03922 982.4
0.03923 982.4
0.03924 982.4
0.03925 982.4
0.03926 982.4
0.03927 982.4
0.03928 982.4
0.03929 982.4
0.03930 982.4
0.03931 982.4
0.03932 982.4
0.03933 982.4
0.03934 982.4
0.03935 982.4
0.03936 982.4
0.03937 982.4
0.03938 982.4
0.03939 982.4
0.03940 982.4
0.03941 982.4
0.03942 982.4
0.03943 982.4
0.03944 982.4
0.03945 982.4
0.03946 982.4
0.03947 982.4
0.03948 982.4
0.03949 982.4
0.03950 982.4
0.03951 982.4
0.03952 982.4
0.03953 982.4
0.03954 982.4
0.03955 982.4
0.03956 982.4
0.03957 982.4
0.03958 982.4
0.03959 982.4
0.03960 982.4
0.03961 982.4
0.03962 982.4
0.03963 982.4
0.03964 982.4
0.03965 982.4
0.03966 982.4
0.03967 982.4
0.03968 982.4
0.03969 982.4
0.03970 982.4
0.03971 982.4
0.03972 982.4
0.03973 982.4
0.03974 982.4
0.03975 982.4
0.03976 982.4
0.03977 982.4
0.03978 982.4
0.03979 982.4
0.03980 982.4
0.03981 982.4
0.03982 982.4
0.03983 982.4
0.03984 982.4
0.03985 982.4
0.03986 982.4
0.03987 982.4
0.03988 982.4
0.03989 982.4
0.03990 982.4
0.03991 982.4
0.03992 982.4
0.03993 982.4
0.03994 982.4
0.03995 982.4
0.03996 982.4
0.03997 982.4
0.03998 982.4
0.03999 982.4
0.04000 982.4
0.04001 982.4
0.04002 982.4
0.04003 982.4
0.04004 982.4
0.04005 982.4
0.04006 982.4
0.04007 982.4
0.04008 982.4
0.04009 982.4
0.04010 982.4
0.04011 982.4
0.04012 982.4
0.04013 982.4
0.04014 982.4
0.04015 982.4
0.04016 982.4
0.04017 982.4
0.04018 982.4
0.04019 982.4
0.04020 982.4
0.04021 982.4
0.04022 982.4
0.04023 982.4
0.04024 982.4
0.04025 982.4
0.04026 982.4
0.04027 982.4
0.04028 982.4
0.04029 982.4
0.04030 982.4
0.04031 982.4
0.04032 982.4
0.04033 982.4
0.04034 982.4
0.04035 982.4
0.04036 982.4
0.04037 982.4
0.04038 982.4
0.04039 982.4
0.04040 982.4
0.04041 982.4
0.04042 982.4
0.04043 982.4
0.04044 982.4
0.04045 982.4
0.04046 982.4
0.04047 982.4
0.04048 982.4
0.04049 982.4
0.04050 982.4
0.04051 982.4
0.04052 982.4
0.04053 982.4
0.04054 982.4
0.04055 982.4
0.04056 982.4
0.04057 982.4
0.04058 982.4
0.04059 982.4
0.04060 982.4
0.04061 982.4
0.04062 982.4
0.04063 982.4
0.04064 982.4
0.04065 982.4
0.04066 982.4
0.04067 982.4
0.04068 982.4
0.04069 982.4
0.04070 982.4
0.04071 982.4
0.04072 982.4
0.04073 982.4
0.04074 982.4
0.04075 982.4
0.04076 982.4
0.04077 982.4
0.04078 982.4
0.04079 982.4
0.04080 982.4
0.04081 982.4
0.04082 982.4
0.04083 982.4
0.04084 982.4
0.04085 982.4
0.04086 982.4
0.04087 982.4
0.04088 982.4
0.04089 982.4
0.04090 982.4
0.04091 982.4
0.04092 982.4
0.04093 982.4
0.04094 982.4
0.04095 982.4
0.04096 982.4
0.04097 982.4
0.04098 982.4
0.04099 982.4
0.04100 982.4
0.04101 982.4
0.04102 982.4
0.04103 982.4
0.04104 982.4
0.04105 982.4
0.04106 982.4
0.04107 982.4
0.04108 982.4
0.04109 982.4
0.04110 982.4
0.04111 982.4
0.04112 982.4
0.04113 982.4
0.04114 982.4
0.04115 982.4
0.04116 982.4
0.04117 982.4
0.04118 982.4
0.04119 982.4
0.04120 982.4
0.04121 982.4
0.04122 982.4
0.04123 982.4
0.04124 982.4
0.04125 982.4
0.04126 982.4
0.04127 982.4
0.04128 982.4
0.04129 982.4
0.04130 982.4
0.04131 982.4
0.04132 982.4
0.04133 982.4
0.04134 982.4
0.04135 982.4
0.04136 982.4
0.04137 982.4
0.04138 982.4
0.04139 982.4
0.04140 982.4
0.04141 982.4
0.04142 982.4
0.04143 982.4
0.04144 982.4
0.04145 982.4
0.04146 982.4
0.04147 982.4
0.04148 982.4
0.04149 982.4
0.04150 982.4
0.04151 982.4
0.04152 982.4
0.04153 982.4
0.04154 982.4
0.04155 982.4
0.04156 982.4
0.04157 982.4
0.04158 982.4
0.04159 982.4
0.04160 982.4
0.04161 982.4
0.04162 982.4
0.04163 982.4
0.04164 982.4
0.04165 982.4
0.04166 982.4
0.04167 982.4
0.04168 982.4
0.04169 982.4
0.04170 982.4
0.04171 982.4
0.04172 982.4
0.04173 982.4
0.04174 982.4
0.04175 982.4
0.04176 982.4
0.04177 982.4
0.04178 982.4
0.04179 982.4
0.04180 982.4
0.04181 982.4
0.04182 982.4
0.04183 982.4
0.04184 982.4
0.04185 982.4
0.04186 982.4
0.04187 982.4
0.04188 982.4
0.04189 982.4
0.04190 982.4
0.04191 982.4
0.04192 982.4
0.04193 982.4
0.04194 982.4
0.04195 982.4
0.04196 982.4
0.04197 982.4
0.04198 982.4
0.04199 982.4
0.04200 982.4
0.04201 982.4
0.04202 982.4
0.04203 982.4
0.04204 982.4
0.04205 982.4
0.04206 982.4
0.04207 982.4
0.04208 982.4
0.04209 982.4
0.04210 982.4
0.04211 982.4
0.04212 982.4
0.04213 982.4
0.04214 982.4
0.04215 982.4
0.04216 982.4
0.04217 982.4
0.04218 982.4
0.04219 982.4
0.04220 982.4
0.04221 982.4
0.04222 982.4
0.04223 982.4
0.04224 982.4
0.04225 982.4
0.04226 982.4
0.04227 982.4
0.04228 982.4
0.04229 982.4
0.04230 982.4
0.04231 982.4
0.04232 982.4
0.04233 982.4
0.04234 982.4
0.04235 982.4
0.04236 982.4
0.04237 982.4
0.04238 982.4
0.04239 982.4
0.04240 982.4
0.04241 982.4
0.04242 982.4
0.04243 982.4
0.04244 982.4
0.04245 982.4
0.04246 982.4
0.04247 982.4
0.04248 982.4
0.04249 982.4
0.04250 982.4
0.04251 982.4
0.04252 982.4
0.04253 982.4
0.04254 982.4
0.04255 982.4
0.04256 982.4
0.04257 982.4
0.04258 982.4
0.04259 982.4
0.04260 982.4
0.04261 982.4
0.04262 982.4
0.04263 982.4
0.04264 982.4
0.04265 982.4
0.04266 982.4
0.04267 982.4
0.04268 982.4
0.04269 982.4
0.04270 982.4
0.04271 982.4
0.04272 982.4
0.04273 982.4
0.04274 982.4
0.04275 982.4
0.04276 982.4
0.04277 982.4
0.04278 982.4
0.04279 982.4
0.04280 982.4
0.04281 982.4
0.04282 982.4
0.04283 982.4
0.04284 982.4
0.04285 982.4
0.04286 982.4
0.04287 982.4
0.04288 982.4
0.04289 982.4
0.04290 982.4
0.04291 982.4
0.04292 982.4
0.04293 982.4
0.04294 982.4
0.04295 982.4
0.04296 982.4
0.04297 982.4
0.04298 982.4
0.04299 982.4
0.04300 982.4
0.04301 982.4
0.04302 982.4
0.04303 982.4
0.04304 982.4
0.04305 982.4
0.04306 982.4
0.04307 982.4
0.04308 982.4
0.04309 982.4
0.04310 982.4
0.04311 982.4
0.04312 982.4
0.04313 982.4
0.04314 982.4
0.04315 982.4
0.04316 982.4
0.04317 982.4
0.04318 982.4
0.04319 982.4
0.04320 982.4
0.04321 982.4
0.04322 982.4
0.04323 982.4
0.04324 982.4
0.04325 982.4
0.04326 982.4
0.04327 982.4
0.04328 982.4
0.04329 982.4
0.04330 982.4
0.04331 982.4
0.04332 982.4
0.04333 982.4
0.04334 982.4
0.04335 982.4
0.04336 982.4
0.04337 982.4
0.04338 982.4
0.04339 982.4
0.04340 982.4
0.04341 982.4
0.04342 982.4
0.04343 982.4
0.04344 982.4
0.04345 982.4
0.04346 982.4
0.04347 982.4
0.04348 982.4
0.04349 982.4
0.04350 982.4
0.04351 982.4
0.04352 982.4
0.04353 982.4
0.04354 982.4
0.04355 982.4
0.04356 982.4
0.04357 982.4
0.04358 982.4
0.04359 982.4
0.04360 982.4
0.04361 982.4
0.04362 982.4
0.04363 982.4
0.04364 982.4
0.04365 982.4
0.04366 982.4
0.04367 982.4
0.04368 982.4
0.04369 982.4
0.04370 982.4
0.04371 982.4
0.04372 982.4
0.04373 982.4
0.04374 982.4
0.04375 982.4
0.04376 982.4
0.04377 982.4
0.04378 982.4
0.04379 982.4
0.04380 982.4
0.04381 982.4
0.04382 982.4
0.04383 982.4
0.04384 982.4
0.04385 982.4
0.04386 982.4
0.04387 982.4
0.04388 982.4
0.04389 982.4
0.04390 982.4
0.04391 982.4
0.04392 982.4
0.04393 982.4
0.04394 982.4
0.04395 982.4
0.04396 982.4
0.04397 982.4
0.04398 982.4
0.04399 982.4
0.04400 982.4
0.04401 982.4
0.04402 982.4
0.04403 982.4
0.04404 982.4
0.04405 982.4
0.04406 982.4
0.04407 982.4
0.04408 982.4
0.04409 982.4
0.04410 982.4
0.04411 982.4
0.04412 982.4
0.04413 982.4
0.04414 982.4
0.04415 982.4
0.04416 982.4
0.04417 982.4
0.04418 982.4
0.04419 982.4
0.04420 982.4
0.04421 982.4
0.04422 982.4
0.04423 982.4
0.04424 982.4
0.04425 982.4
0.04426 982.4
0.04427 982.4
0.04428 982.4
0.04429 982.4
0.04430 982.4
0.04431 982.4
0.04432 982.4
0.04433 982.4
0.04434 982.4
0.04435 982.4
0.04436 982.4
0.04437 982.4
0.04438 982.4
0.04439 982.4
0.04440 982.4
0.04441 982.4
0.04442 982.4
0.04443 982.4
0.04444 982.4
0.04445 982.4
0.04446 982.4
0.04447 982.4
0.04448 982.4
0.04449 982.4
0.04450 982.4
0.04451 982.4
0.04452 982.4
0.04453 982.4
0.04454 982.4
0.04455 982.4
0.04456 982.4
0.04457 982.4
0.04458 982.4
0.04459 982.4
0.04460 982.4
0.04461 982.4
0.04462 982.4
0.04463 982.4
0.04464 982.4
0.04465 982.4
0.04466 982.4
0.04467 982.4
0.04468 982.4
0.04469 982.4
0.04470 982.4
0.04471 982.4
0.04472 982.4
0.04473 982.4
0.04474 982.4
0.04475 982.4
0.04476 982.4
0.04477 982.4
0.04478 982.4
0.04479 982.4
0.04480 982.4
0.04481 982.4
0.04482 982.4
0.04483 982.4
0.04484 982.4
0.04485 982.4
0.04486 982.4
0.04487 982.4
0.04488 982.4
0.04489 982.4
0.04490 982.4
0.04491 982.4
0.04492 982.4
0.04493 982.4
0.04494 982.4
0.04495 982.4
0.04496 982.4
0.04497 982.4
0.04498 982.4
0.04499 982.4
0.04500 982.4
0.04501 982.4
0.04502 982.4
0.04503 982.4
0.04504 982.4
0.04505 982.4
0.04506 982.4
0.04507 982.4
0.04508 982.4
0.04509 982.4
0.04510 982.4
0.04511 982.4
0.04512 982.4
0.04513 982.4
0.04514 982.4
0.04515 982.4
0.04516 982.4
0.04517 982.4
0.04518 982.4
0.04519 982.4
0.04520 982.4
0.04521 982.4
0.04522 982.4
0.04523 982.4
0.04524 982.4
0.04525 982.4
0.04526 982.4
0.04527 982.4
0.04528 982.4
0.04529 982.4
0.04530 982.4
0.04531 982.4
0.04532 982.4
0.04533 982.4
0.04534 982.4
0.04535 982.4
0.04536 982.4
0.04537 982.4
0.04538 982.4
0.04539 982.4
0.04540 982.4
0.04541 982.4
0.04542 982.4
0.04543 982.4
0.04544 982.4
0.04545 982.4
0.04546 982.4
0.04547 982.4
0.04548 982.4
0.04549 982.4
0.04550 982.4
0.04551 982.4
0.04552 982.4
0.04553 982.4
0.04554 982.4
0.04555 982.4
0.04556 982.4
0.04557 982.4
0.04558 982.4
0.04559 982.4
0.04560 982.4
0.04561 982.4
0.04562 982.4
0.04563 982.4
0.04564 982.4
0.04565 982.4
0.04566 982.4
0.04567 982.4
0.04568 982.4
0.04569 982.4
0.04570 982.4
0.04571 982.4
0.04572 982.4
0.04573 982.4
0.04574 982.4
0.04575 982.4
0.04576 982.4
0.04577 982.4
0.04578 982.4
0.04579 982.4
0.04580 982.4
0.04581 982.4
0.04582 982.4
0.04583 982.4
0.04584 982.4
0.04585 982.4
0.04586 982.4
0.04587 982.4
0.04588 982.4
0.04589 982.4
0.04590 982.4
0.04591 982.4
0.04592 982.4
0.04593 982.4
0.04594 982.4
0.04595 982.4
0.04596 982.4
0.04597 982.4
0.04598 982.4
0.04599 982.4
0.04600 982.4
0.04601 982.4
0.04602 982.4
0.04603 982.4
0.04604 982.4
0.04605 982.4
0.04606 982.4
0.04607 982.4
0.04608 982.4
0.04609 982.4
0.04610 982.4
0.04611 982.4
0.04612 982.4
0.04613 982.4
0.04614 982.4
0.04615 982.4
0.04616 982.4
0.04617 982.4
0.04618 982.4
0.04619 982.4
0.04620 982.4
0.04621 982.4
0.04622 982.4
0.04623 982.4
0.04624 982.4
0.04625 982.4
0.04626 982.4
0.04627 982.4
0.04628 982.4
0.04629 982.4
0.04630 982.4
0.04631 982.4
0.04632 982.4
0.04633 982.4
0.04634 982.4
0.04635 982.4
0.04636 982.4
0.04637 982.4
0.04638 982.4
0.04639 982.4
0.04640 982.4
0.04641 982.4
0.04642 982.4
0.04643 982.4
0.04644 982.4
0.04645 982.4
0.04646 982.4
0.04647 982.4
0.04648 982.4
0.04649 982.4
0.04650 982.4
0.04651 982.4
0.04652 982.4
0.04653 982.4
0.04654 982.4
0.04655 982.4
0.04656 982.4
0.04657 982.4
0.04658 982.4
0.04659 982.4
0.04660 982.4
0.04661 982.4
0.04662 982.4
0.04663 982.4
0.04664 982.4
0.04665 982.4
0.04666 982.4
0.04667 982.4
0.04668 982.4
0.04669 982.4
0.04670 982.4
0.04671 982.4
0.04672 982.4
0.04673 982.4
0.04674 982.4
0.04675 982.4
0.04676 982.4
0.04677 982.4
0.04678 982.4
0.04679 982.4
0.04680 982.4
0.04681 982.4
0.04682 982.4
0.04683 982.4
0.04684 982.4
0.04685 982.4
0.04686 982.4
0.04687 982.4
0.04688 982.4
0.04689 982.4
0.04690 982.4
0.04691 982.4
0.04692 982.4
0.04693 982.4
0.04694 982.4
0.04695 982.4
0.04696 982.4
0.04697 982.4
0.04698 982.4
0.04699 982.4
0.04700 982.4
0.04701 982.4
0.04702 982.4
0.04703 982.4
0.04704 982.4
0.04705 982.4
0.04706 982.4
0.04707 982.4
0.04708 982.4
0.04709 982.4
0.04710 982.4
0.04711 982.4
0.04712 982.4
0.04713 982.4
0.04714 982.4
0.04715 982.4
0.04716 982.4
0.04717 982.4
0.04718 982.4
0.04719 982.4
0.04720 982.4
0.04721 982.4
0.04722 982.4
0.04723 982.4
0.04724 982.4
0.04725 982.4
0.04726 982.4
0.04727 982.4
0.04728 982.4
0.04729 982.4
0.04730 982.4
0.04731 982.4
0.04732 982.4
0.04733 982.4
0.04734 982.4
0.04735 982.4
0.04736 982.4
0.04737 982.4
0.04738 982.4
0.04739 982.4
0.04740 982.4
0.04741 982.4
0.04742 982.4
0.04743 982.4
0.04744 982.4
0.04745 982.4
0.04746 982.4
0.04747 982.4
0.04748 982.4
0.04749 982.4
0.04750 982.4
0.04751 982.4
0.04752 982.4
0.04753 982.4
0.04754 982.4
0.04755 982.4
0.04756 982.4
0.04757 982.4
0.04758 982.4
0.04759 982.4
0.04760 982.4
0.04761 982.4
0.04762 982.4
0.04763 982.4
0.04764 982.4
0.04765 982.4
0.04766 982.4
0.04767 982.4
0.04768 982.4
0.04769 982.4
0.04770 982.4
0.04771 982.4
0.04772 982.4
0.04773 982.4
0.04774 982.4
0.04775 982.4
0.04776 982.4
0.04777 982.4
0.04778 982.4
0.04779 982.4
0.04780 982.4
0.04781 982.4
0.04782 982.4
0.04783 982.4
0.04784 982.4
0.04785 982.4
0.04786 982.4
0.04787 982.4
0.04788 982.4
0.04789 982.4
0.04790 982.4
0.04791 982.4
0.04792 982.4
0.04793 982.4
0.04794 982.4
0.04795 982.4
0.04796 982.4
0.04797 982.4
0.04798 982.4
0.04799 982.4
0.04800 982.4
0.04801 982.4
0.04802 982.4
0.04803 982.4
0.04804 982.4
0.04805 982.4
0.04806 982.4
0.04807 982.4
0.04808 982.4
0.04809 982.4
0.04810 982.4
0.04811 982.4
0.04812 982.4
0.04813 982.4
0.04814 982.4
0.04815 982.4
0.04816 982.4
0.04817 982.4
0.04818 982.4
0.04819 982.4
0.04820 982.4
0.04821 982.4
0.04822 982.4
0.04823 982.4
0.04824 982.4
0.04825 982.4
0.04826 982.4
0.04827 982.4
0.04828 982.4
0.04829 982.4
0.04830 982.4
0.04831 982.4
0.04832 982.4
0.04833 982.4
0.04834 982.4
0.04835 982.4
0.04836 982.4
0.04837 982.4
0.04838 982.4
0.04839 982.4
0.04840 982.4
0.04841 982.4
0.04842 982.4
0.04843 982.4
0.04844 982.4
0.04845 982.4
0.04846 982.4
0.04847 982.4
0.04848 982.4
0.04849 982.4
0.04850 982.4
0.04851 982.4
0.04852 982.4
0.04853 982.4
0.04854 982.4
0.04855 982.4
0.04856 982.4
0.04857 982.4
0.04858 982.4
0.04859 982.4
0.04860 982.4
0.04861 982.4
0.04862 982.4
0.04863 982.4
0.04864 982.4
0.04865 982.4
0.04866 982.4
0.04867 982.4
0.04868 982.4
0.04869 982.4
0.04870 982.4
0.04871 982.4
0.04872 982.4
0.04873 982.4
0.04874 982.4
0.04875 982.4
0.04876 982.4
0.04877 982.4
0.04878 982.4
0.04879 982.4
0.04880 982.4
0.04881 982.4
0.04882 982.4
0.04883 982.4
0.04884 982.4
0.04885 982.4
0.04886 982.4
0.04887 982.4
0.04888 982.4
0.04889 982.4
0.04890 982.4
0.04891 982.4
0.04892 982.4
0.04893 982.4
0.04894 982.4
0.04895 982.4
0.04896 982.4
0.04897 982.4
0.04898 982.4
0.04899 982.4
0.04900 982.4
0.04901 982.4
0.04902 982.4
0.04903 982.4
0.04904 982.4
0.04905 982.4
0.04906 982.4
0.04907 982.4
0.04908 982.4
0.04909 982.4
0.04910 982.4
0.04911 982.4
0.04912 982.4
0.04913 982.4
0.04914 982.4
0.04915 982.4
0.04916 982.4
0.04917 982.4
0.04918 982.4
0.04919 982.4
0.04920 982.4
0.04921 982.4
0.04922 982.4
0.04923 982.4
0.04924 982.4
0.04925 982.4
0.04926 982.4
0.04927 982.4
0.04928 982.4
0.04929 982.4
0.04930 982.4
0.04931 982.4
0.04932 982.4
0.04933 982.4
0.04934 982.4
0.04935 982.4
0.04936 982.4
0.04937 982.4
0.04938 982.4
0.04939 982.4
0.04940 982.4
0.04941 982.4
0.04942 982.4
0.04943 982.4
0.04944 982.4
0.04945 982.4
0.04946 982.4
0.04947 982.4
0.04948 982.4
0.04949 982.4
0.04950 982.4
0.04951 982.4
0.04952 982.4
0.04953 982.4
0.04954 982.4
0.04955 982.4
0.04956 982.4
0.04957 982.4
0.04958 982.4
0.04959 982.4
0.04960 982.4
0.04961 982.4
0.04962 982.4
0.04963 982.4
0.04964 982.4
0.04965 982.4
0.04966 982.4
0.04967 982.4
0.04968 982.4
0.04969 982.4
0.04970 982.4
0.04971 982.4
0.04972 982.4
0.04973 982.4
0.04974 982.4
0.04975 982.4
0.04976 982.4
0.04977 982.4
0.04978 982.4
0.04979 982.4
0.04980 982.4
0.04981 982.4
0.04982 982.4
0.04983 982.4
0.04984 982.4
0.04985 982.4
0.04986 982.4
0.04987 982.4
0.04988 982.4
0.04989 982.4
0.04990 982.4
0.04991 982.4
0.04992 982.4
0.04993 982.4
0.04994 982.4
0.04995 982.4
0.04996 982.4
0.04997 982.4
0.04998 982.4
0.04999 982.4
0.05000 982.4
0.05001 982.4
0.05002 982.4
0.05003 982.4
0.05004 982.4
0.05005 982.4
0.05006 982.4
0.05007 982.4
0.05008 982.4
0.05009 982.4
0.05010 982.4
0.05011 982.4
0.05012 982.4
0.05013 982.4
0.05014 982.4
0.05015 982.4
0.05016 982.4
0.05017 982.4
0.05018 982.4
0.05019 982.4
0.05020 982.4
0.05021 982.4
0.05022 982.4
0.05023 982.4
0.05024 982.4
0.05025 982.4
0.05026 982.4
0.05027 982.4
0.05028 982.4
0.05029 982.4
0.05030 982.4
0.05031 982.4
0.05032 982.4
0.05033 982.4
0.05034 982.4
0.05035 982.4
0.05036 982.4
0.05037 982.4
0.05038 982.4
0.05039 982.4
0.05040 982.4
0.05041 982.4
0.05042 982.4
0.05043 982.4
0.05044 982.4
0.05045 982.4
0.05046 982.4
0.05047 982.4
0.05048 982.4
0.05049 982.4
0.05050 982.4
0.05051 982.4
0.05052 982.4
0.05053 982.4
0.05054 982.4
0.05055 982.4
0.05056 982.4
0.05057 982.4
0.05058 982.4
0.05059 982.4
0.05060 982.4
0.05061 982.4
0.05062 982.4
0.05063 982.4
0.05064 982.4
0.05065 982.4
0.05066 982.4
0.05067 982.4
0.05068 982.4
0.05069 982.4
0.05070 982.4
0.05071 982.4
0.05072 982.4
0.05073 982.4
0.05074 982.4
0.05075 982.4
0.05076 982.4
0.05077 982.4
0.05078 982.4
0.05079 982.4
0.05080 982.4
0.05081 982.4
0.05082 982.4
0.05083 982.4
0.05084 982.4
0.05085 982.4
0.05086 982.4
0.05087 982.4
0.05088 982.4
0.05089 982.4
0.05090 982.4
0.05091 982.4
0.05092 982.4
0.05093 982.4
0.05094 982.4
0.05095 982.4
0.05096 982.4
0.05097 982.4
0.05098 982.4
0.05099 982.4
0.05100 982.4
0.05101 982.4
0.05102 982.4
0.05103 982.4
0.05104 982.4
0.05105 982.4
0.05106 982.4
0.05107 982.4
0.05108 982.4
0.05109 982.4
0.05110 982.4
0.05111 982.4
0.05112 982.4
0.05113 982.4
0.05114 982.4
0.05115 982.4
0.05116 982.4
0.05117 982.4
0.05118 982.4
0.05119 982.4
0.05120 982.4
0.05121 982.4
0.05122 982.4
0.05123 982.4
0.05124 982.4
0.05125 982.4
0.05126 982.4
0.05127 982.4
0.05128 982.4
0.05129 982.4
0.05130 982.4
0.05131 982.4
0.05132 982.4
0.05133 982.4
0.05134 982.4
0.05135 982.4
0.05136 982.4
0.05137 982.4
0.05138 982.4
0.05139 982.4
0.05140 982.4
0.05141 982.4
0.05142 982.4
0.05143 982.4
0.05144 982.4
0.05145 982.4
0.05146 982.4
0.05147 982.4
0.05148 982.4
0.05149 982.4
0.05150 982.4
0.05151 982.4
0.05152 982.4
0.05153 982.4
0.05154 982.4
0.05155 982.4
0.05156 982.4
0.05157 982.4
0.05158 982.4
0.05159 982.4
0.05160 982.4
0.05161 982.4
0.05162 982.4
0.05163 982.4
0.05164 982.4
0.05165 982.4
0.05166 982.4
0.05167 982.4
0.05168 982.4
0.05169 982.4
0.05170 982.4
0.05171 982.4
0.05172 982.4
0.05173 982.4
0.05174 982.4
0.05175 982.4
0.05176 982.4
0.05177 982.4
0.05178 982.4
0.05179 982.4
0.05180 982.4
0.05181 982.4
0.05182 982.4
0.05183 982.4
0.05184 982.4
0.05185 982.4
0.05186 982.4
0.05187 982.4
0.05188 982.4
0.05189 982.4
0.05190 982.4
0.05191 982.4
0.05192 982.4
0.05193 982.4
0.05194 982.4
0.05195 982.4
0.05196 982.4
0.05197 982.4
0.05198 982.4
0.05199 982.4
0.05200 982.4
0.05201 982.4
0.05202 982.4
0.05203 982.4
0.05204 982.4
0.05205 982.4
0.05206 982.4
0.05207 982.4
0.05208 982.4
0.05209 982.4
0.05210 982.4
0.05211 982.4
0.05212 982.4
0.05213 982.4
0.05214 982.4
0.05215 982.4
0.05216 982.4
0.05217 982.4
0.05218 982.4
0.05219 982.4
0.05220 982.4
0.05221 982.4
0.05222 982.4
0.05223 982.4
0.05224 982.4
0.05225 982.4
0.05226 982.4
0.05227 982.4
0.05228 982.4
0.05229 982.4
0.05230 982.4
0.05231 982.4
0.05232 982.4
0.05233 982.4
0.05234 982.4
0.05235 982.4
0.05236 982.4
0.05237 982.4
0.05238 982.4
0.05239 982.4
0.05240 982.4
0.05241 982.4
0.05242 982.4
0.05243 982.4
0.05244 982.4
0.05245 982.4
0.05246 982.4
0.05247 982.4
0.05248 982.4
0.05249 982.4
0.05250 982.4
0.05251 982.4
0.05252 982.4
0.05253 982.4
0.05254 982.4
0.05255 982.4
0.05256 982.4
0.05257 982.4
0.05258 982.4
0.05259 982.4
0.05260 982.4
0.05261 982.4
0.05262 982.4
0.05263 982.4
0.05264 982.4
0.05265 982.4
0.05266 982.4
0.05267 982.4
0.05268 982.4
0.05269 982.4
0.05270 982.4
0.05271 982.4
0.05272 982.4
0.05273 982.4
0.05274 982.4
0.05275 982.4
0.05276 982.4
0.05277 982.4
0.05278 982.4
0.05279 982.4
0.05280 982.4
0.05281 982.4
0.05282 982.4
0.05283 982.4
0.05284 982.4
0.05285 982.4
0.05286 982.4
0.05287 982.4
0.05288 982.4
0.05289 982.4
0.05290 982.4
0.05291 982.4
0.05292 982.4
0.05293 982.4
0.05294 982.4
0.05295 982.4
0.05296 982.4
0.05297 982.4
0.05298 982.4
0.05299 982.4
0.05300 982.4
0.05301 982.4
0.05302 982.4
0.05303 982.4
0.05304 982.4
0.05305 982.4
0.05306 982.4
0.05307 982.4
0.05308 982.4
0.05309 982.4
0.05310 982.4
0.05311 982.4
0.05312 982.4
0.05313 982.4
0.05314 982.4
0.05315 982.4
0.05316 982.4
0.05317 982.4
0.05318 982.4
0.05319 982.4
0.05320 982.4
0.05321 982.4
0.05322 982.4
0.05323 982.4
0.05324 982.4
0.05325 982.4
0.05326 982.4
0.05327 982.4
0.05328 982.4
0.05329 982.4
0.05330 982.4
0.05331 982.4
0.05332 982.4
0.05333 982.4
0.05334 982.4
0.05335 982.4
0.05336 982.4
0.05337 982.4
0.05338 982.4
0.05339 982.4
0.05340 982.4
0.05341 982.4
0.05342 982.4
0.05343 982.4
0.05344 982.4
0.05345 982.4
0.05346 982.4
0.05347 982.4
0.05348 982.4
0.05349 982.4
0.05350 982.4
0.05351 982.4
0.05352 982.4
0.05353 982.4
0.05354 982.4
0.05355 982.4
0.05356 982.4
0.05357 982.4
0.05358 982.4
0.05359 982.4
0.05360 982.4
0.05361 982.4
0.05362 982.4
0.05363 982.4
0.05364 982.4
0.05365 982.4
0.05366 982.4
0.05367 982.4
0.05368 982.4
0.05369 982.4
0.05370 982.4
0.05371 982.4
0.05372 982.4
0.05373 982.4
0.05374 982.4
0.05375 982.4
0.05376 982.4
0.05377 982.4
0.05378 982.4
0.05379 982.4
0.05380 982.4
0.05381 982.4
0.05382 982.4
0.05383 982.4
0.05384 982.4
0.05385 982.4
0.05386 982.4
0.05387 982.4
0.05388 982.4
0.05389 982.4
0.05390 982.4
0.05391 982.4
0.05392 982.4
0.05393 982.4
0.05394 982.4
0.05395 982.4
0.05396 982.4
0.05397 982.4
0.05398 982.4
0.05399 982.4
0.05400 982.4
0.05401 982.4
0.05402 982.4
0.05403 982.4
0.05404 982.4
0.05405 982.4
0.05406 982.4
0.05407 982.4
0.05408 982.4
0.05409 982.4
0.05410 982.4
0.05411 982.4
0.05412 982.4
0.05413 982.4
0.05414 982.4
0.05415 982.4
0.05416 982.4
0.05417 982.4
0.05418 982.4
0.05419 982.4
0.05420 982.4
0.05421 982.4
0.05422 982.4
0.05423 982.4
0.05424 982.4
0.05425 982.4
0.05426 982.4
0.05427 982.4
0.05428 982.4
0.05429 982.4
0.05430 982.4
0.05431 982.4
0.05432 982.4
0.05433 982.4
0.05434 982.4
0.05435 982.4
0.05436 982.4
0.05437 982.4
0.05438 982.4
0.05439 982.4
0.05440 982.4
0.05441 982.4
0.05442 982.4
0.05443 982.4
0.05444 982.4
0.05445 982.4
0.05446 982.4
0.05447 982.4
0.05448 982.4
0.05449 982.4
0.05450 982.4
0.05451 982.4
0.05452 982.4
0.05453 982.4
0.05454 982.4
0.05455 982.4
0.05456 982.4
0.05457 982.4
0.05458 982.4
0.05459 982.4
0.05460 982.4
0.05461 982.4
0.05462 982.4
0.05463 982.4
0.05464 982.4
0.05465 982.4
0.05466 982.4
0.05467 982.4
0.05468 982.4
0.05469 982.4
0.05470 982.4
0.05471 982.4
0.05472 982.4
0.05473 982.4
0.05474 982.4
0.05475 982.4
0.05476 982.4
0.05477 982.4
0.05478 982.4
0.05479 982.4
0.05480 982.4
0.05481 982.4
0.05482 982.4
0.05483 982.4
0.05484 982.4
0.05485 982.4
0.05486 982.4
0.05487 982.4
0.05488 982.4
0.05489 982.4
0.05490 982.4
0.05491 982.4
0.05492 982.4
0.05493 982.4
0.05494 982.4
0.05495 982.4
0.05496 982.4
0.05497 982.4
0.05498 982.4
0.05499 982.4
0.05500 982.4
0.05501 982.4
0.05502 982.4
0.05503 982.4
0.05504 982.4
0.05505 982.4
0.05506 982.4
0.05507 982.4
0.05508 982.4
0.05509 982.4
0.05510 982.4
0.05511 982.4
0.05512 982.4
0.05513 982.4
0.05514 982.4
0.05515 982.4
0.05516 982.4
0.05517 982.4
0.05518 982.4
0.05519 982.4
0.05520 982.4
0.05521 982.4
0.05522 982.4
0.05523 982.4
0.05524 982.4
0.05525 982.4
0.05526 982.4
0.05527 982.4
0.05528 982.4
0.05529 982.4
0.05530 982.4
0.05531 982.4
0.05532 982.4
0.05533 982.4
0.05534 982.4
0.05535 982.4
0.05536 982.4
0.05537 982.4
0.05538 982.4
0.05539 982.4
0.05540 982.4
0.05541 982.4
0.05542 982.4
0.05543 982.4
0.05544 982.4
0.05545 982.4
0.05546 982.4
0.05547 982.4
0.05548 982.4
0.05549 982.4
0.05550 982.4
0.05551 982.4
0.05552 982.4
0.05553 982.4
0.05554 982.4
0.05555 982.4
0.05556 982.4
0.05557 982.4
0.05558 982.4
0.05559 982.4
0.05560 982.4
0.05561 982.4
0.05562 982.4
0.05563 982.4
0.05564 982.4
0.05565 982.4
0.05566 982.4
0.05567 982.4
0.05568 982.4
0.05569 982.4
0.05570 982.4
0.05571 982.4
0.05572 982.4
0.05573 982.4
0.05574 982.4
0.05575 982.4
0.05576 982.4
0.05577 982.4
0.05578 982.4
0.05579 982.4
0.05580 982.4
0.05581 982.4
0.05582 982.4
0.05583 982.4
0.05584 982.4
0.05585 982.4
0.05586 982.4
0.05587 982.4
0.05588 982.4
0.05589 982.4
0.05590 982.4
0.05591 982.4
0.05592 982.4
0.05593 982.4
0.05594 982.4
0.05595 982.4
0.05596 982.4
0.05597 982.4
0.05598 982.4
0.05599 982.4
0.05600 982.4
0.05601 982.4
0.05602 982.4
0.05603 982.4
0.05604 982.4
0.05605 982.4
0.05606 982.4
0.05607 982.4
0.05608 982.4
0.05609 982.4
0.05610 982.4
0.05611 982.4
0.05612 982.4
0.05613 982.4
0.05614 982.4
0.05615 982.4
0.05616 982.4
0.05617 982.4
0.05618 982.4
0.05619 982.4
0.05620 982.4
0.05621 982.4
0.05622 982.4
0.05623 982.4
0.05624 982.4
0.05625 982.4
0.05626 982.4
0.05627 982.4
0.05628 982.4
0.05629 982.4
0.05630 982.4
0.05631 982.4
0.05632 982.4
0.05633 982.4
0.05634 982.4
0.05635 982.4
0.05636 982.4
0.05637 982.4
0.05638 982.4
0.05639 982.4
0.05640 982.4
0.05641 982.4
0.05642 982.4
0.05643 982.4
0.05644 982.4
0.05645 982.4
0.05646 982.4
0.05647 982.4
0.05648 982.4
0.05649 982.4
0.05650 982.4
0.05651 982.4
0.05652 982.4
0.05653 982.4
0.05654 982.4
0.05655 982.4
0.05656 982.4
0.05657 982.4
0.05658 982.4
0.05659 982.4
0.05660 982.4
0.05661 982.4
0.05662 982.4
0.05663 982.4
0.05664 982.4
0.05665 982.4
0.05666 982.4
0.05667 982.4
0.05668 982.4
0.05669 982.4
0.05670 982.4
0.05671 982.4
0.05672 982.4
0.05673 982.4
0.05674 982.4
0.05675 982.4
0.05676 982.4
0.05677 982.4
0.05678 982.4
0.05679 982.4
0.05680 982.4
0.05681 982.4
0.05682 982.4
0.05683 982.4
0.05684 982.4
0.05685 982.4
0.05686 982.4
0.05687 982.4
0.05688 982.4
0.05689 982.4
0.05690 982.4
0.05691 982.4
0.05692 982.4
0.05693 982.4
0.05694 982.4
0.05695 982.4
0.05696 982.4
0.05697 982.4
0.05698 982.4
0.05699 982.4
0.05700 982.4
0.05701 982.4
0.05702 982.4
0.05703 982.4
0.05704 982.4
0.05705 982.4
0.05706 982.4
0.05707 982.4
0.05708 982.4
0.05709 982.4
0.05710 982.4
0.05711 982.4
0.05712 982.4
0.05713 982.4
0.05714 982.4
0.05715 982.4
0.05716 982.4
0.05717 982.4
0.05718 982.4
0.05719 982.4
0.05720 982.4
0.05721 982.4
0.05722 982.4
0.05723 982.4
0.05724 982.4
0.05725 982.4
0.05726 982.4
0.05727 982.4
0.05728 982.4
0.05729 982.4
0.05730 982.4
0.05731 982.4
0.05732 982.4
0.05733 982.4
0.05734 982.4
0.05735 982.4
0.05736 982.4
0.05737 982.4
0.05738 982.4
0.05739 982.4
0.05740 982.4
0.05741 982.4
0.05742 982.4
0.05743 982.4
0.05744 982.4
0.05745 982.4
0.05746 982.4
0.05747 982.4
0.05748 982.4
0.05749 982.4
0.05750 982.4
0.05751 982.4
0.05752 982.4
0.05753 982.4
0.05754 982.4
0.05755 982.4
0.05756 982.4
0.05757 982.4
0.05758 982.4
0.05759 982.4
0.05760 982.4
0.05761 982.4
0.05762 982.4
0.05763 982.4
0.05764 982.4
0.05765 982.4
0.05766 982.4
0.05767 982.4
0.05768 982.4
0.05769 982.4
0.05770 982.4
0.05771 982.4
0.05772 982.4
0.05773 982.4
0.05774 982.4
0.05775 982.4
0.05776 982.4
0.05777 982.4
0.05778 982.4
0.05779 982.4
0.05780 982.4
0.05781 982.4
0.05782 982.4
0.05783 982.4
0.05784 982.4
0.05785 982.4
0.05786 982.4
0.05787 982.4
0.05788 982.4
0.05789 982.4
0.05790 982.4
0.05791 982.4
0.05792 982.4
0.05793 982.4
0.05794 982.4
0.05795 982.4
0.05796 982.4
0.05797 982.4
0.05798 982.4
0.05799 982.4
0.05800 982.4
0.05801 982.4
0.05802 982.4
0.05803 982.4
0.05804 982.4
0.05805 982.4
0.05806 982.4
0.05807 982.4
0.05808 982.4
0.05809 982.4
0.05810 982.4
0.05811 982.4
0.05812 982.4
0.05813 982.4
0.05814 982.4
0.05815 982.4
0.05816 982.4
0.05817 982.4
0.05818 982.4
0.05819 982.4
0.05820 982.4
0.05821 982.4
0.05822 982.4
0.05823 982.4
0.05824 982.4
0.05825 982.4
0.05826 982.4
0.05827 982.4
0.05828 982.4
0.05829 982.4
0.05830 982.4
0.05831 982.4
0.05832 982.4
0.05833 982.4
0.05834 982.4
0.05835 982.4
0.05836 982.4
0.05837 982.4
0.05838 982.4
0.05839 982.4
0.05840 982.4
0.05841 982.4
0.05842 982.4
0.05843 982.4
0.05844 982.4
0.05845 982.4
0.05846 982.4
0.05847 982.4
0.05848 982.4
0.05849 982.4
0.05850 982.4
0.05851 982.4
0.05852 982.4
0.05853 982.4
0.05854 982.4
0.05855 982.4
0.05856 982.4
0.05857 982.4
0.05858 982.4
0.05859 982.4
0.05860 982.4
0.05861 982.4
0.05862 982.4
0.05863 982.4
0.05864 982.4
0.05865 982.4
0.05866 982.4
0.05867 982.4
0.05868 982.4
0.05869 982.4
0.05870 982.4
0.05871 982.4
0.05872 982.4
0.05873 982.4
0.05874 982.4
0.05875 982.4
0.05876 982.4
0.05877 982.4
0.05878 982.4
0.05879 982.4
0.05880 982.4
0.05881 982.4
0.05882 982.4
0.05883 982.4
0.05884 982.4
0.05885 982.4
0.05886 982.4
0.05887 982.4
0.05888 982.4
0.05889 982.4
0.05890 982.4
0.05891 982.4
0.05892 982.4
0.05893 982.4
0.05894 982.4
0.05895 982.4
0.05896 982.4
0.05897 982.4
0.05898 982.4
0.05899 982.4
0.05900 982.4
0.05901 982.4
0.05902 982.4
0.05903 982.4
0.05904 982.4
0.05905 982.4
0.05906 982.4
0.05907 982.4
0.05908 982.4
0.05909 982.4
0.05910 982.4
0.05911 982.4
0.05912 982.4
0.05913 982.4
0.05914 982.4
0.05915 982.4
0.05916 982.4
0.05917 982.4
0.05918 982.4
0.05919 982.4
0.05920 982.4
0.05921 982.4
0.05922 982.4
0.05923 982.4
0.05924 982.4
0.05925 982.4
0.05926 982.4
0.05927 982.4
0.05928 982.4
0.05929 982.4
0.05930 982.4
0.05931 982.4
0.05932 982.4
0.05933 982.4
0.05934 982.4
0.05935 982.4
0.05936 982.4
0.05937 982.4
0.05938 982.4
0.05939 982.4
0.05940 982.4
0.05941 982.4
0.05942 982.4
0.05943 982.4
0.05944 982.4
0.05945 982.4
0.05946 982.4
0.05947 982.4
0.05948 982.4
0.05949 982.4
0.05950 982.4
0.05951 982.4
0.05952 982.4
0.05953 982.4
0.05954 982.4
0.05955 982.4
0.05956 982.4
0.05957 982.4
0.05958 982.4
0.05959 982.4
0.05960 982.4
0.05961 982.4
0.05962 982.4
0.05963 982.4
0.05964 982.4
0.05965 982.4
0.05966 982.4
0.05967 982.4
0.05968 982.4
0.05969 982.4
0.05970 982.4
0.05971 982.4
0.05972 982.4
0.05973 982.4
0.05974 982.4
0.05975 982.4
0.05976 982.4
0.05977 982.4
0.05978 982.4
0.05979 982.4
0.05980 982.4
0.05981 982.4
0.05982 982.4
0.05983 982.4
0.05984 982.4
0.05985 982.4
0.05986 982.4
0.05987 982.4
0.05988 982.4
0.05989 982.4
0.05990 982.4
0.05991 982.4
0.05992 982.4
0.05993 982.4
0.05994 982.4
0.05995 982.4
0.05996 982.4
0.05997 982.4
0.05998 982.4
0.05999 982.4
0.06000 982.4
0.06001 982.4
0.06002 982.4
0.06003 982.4
0.06004 982.4
0.06005 982.4
0.06006 982.4
0.06007 982.4
0.06008 982.4
0.06009 982.4
0.06010 982.4
0.06011 982.4
0.06012 982.4
0.06013 982.4
0.06014 982.4
0.06015 982.4
0.06016 982.4
0.06017 982.4
0.06018 982.4
0.06019 982.4
0.06020 982.4
0.06021 982.4
0.06022 982.4
0.06023 982.4
0.06024 982.4
0.06025 982.4
0.06026 982.4
0.06027 982.4
0.06028 982.4
0.06029 982.4
0.06030 982.4
0.06031 982.4
0.06032 982.4
0.06033 982.4
0.06034 982.4
0.06035 982.4
0.06036 982.4
0.06037 982.4
0.06038 982.4
0.06039 982.4
0.06040 982.4
0.06041 982.4
0.06042 982.4
0.06043 982.4
0.06044 982.4
0.06045 982.4
0.06046 982.4
0.06047 982.4
0.06048 982.4
0.06049 982.4
0.06050 982.4
0.06051 982.4
0.06052 982.4
0.06053 982.4
0.06054 982.4
0.06055 982.4
0.06056 982.4
0.06057 982.4
0.06058 982.4
0.06059 982.4
0.06060 982.4
0.06061 982.4
0.06062 982.4
0.06063 982.4
0.06064 982.4
0.06065 982.4
0.06066 982.4
0.06067 982.4
0.06068 982.4
0.06069 982.4
0.06070 982.4
0.06071 982.4
0.06072 982.4
0.06073 982.4
0.06074 982.4
0.06075 982.4
0.06076 982.4
0.06077 982.4
0.06078 982.4
0.06079 982.4
0.06080 982.4
0.06081 982.4
0.06082 982.4
0.06083 982.4
0.06084 982.4
0.06085 982.4
0.06086 982.4
0.06087 982.4
0.06088 982.4
0.06089 982.4
0.06090 982.4
0.06091 982.4
0.06092 982.4
0.06093 982.4
0.06094 982.4
0.06095 982.4
0.06096 982.4
0.06097 982.4
0.06098 982.4
0.06099 982.4
0.06100 982.4
0.06101 982.4
0.06102 982.4
0.06103 982.4
0.06104 982.4
0.06105 982.4
0.06106 982.4
0.06107 982.4
0.06108 982.4
0.06109 982.4
0.06110 982.4
0.06111 982.4
0.06112 982.4
0.06113 982.4
0.06114 982.4
0.06115 982.4
0.06116 982.4
0.06117 982.4
0.06118 982.4
0.06119 982.4
0.06120 982.4
0.06121 982.4
0.06122 982.4
0.06123 982.4
0.06124 982.4
0.06125 982.4
0.06126 982.4
0.06127 982.4
0.06128 982.4
0.06129 982.4
0.06130 982.4
0.06131 982.4
0.06132 982.4
0.06133 982.4
0.06134 982.4
0.06135 982.4
0.06136 982.4
0.06137 982.4
0.06138 982.4
0.06139 982.4
0.06140 982.4
0.06141 982.4
0.06142 982.4
0.06143 982.4
0.06144 982.4
0.06145 982.4
0.06146 982.4
0.06147 982.4
0.06148 982.4
0.06149 982.4
0.06150 982.4
0.06151 982.4
0.06152 982.4
0.06153 982.4
0.06154 982.4
0.06155 982.4
0.06156 982.4
0.06157 982.4
0.06158 982.4
0.06159 982.4
0.06160 982.4
0.06161 982.4
0.06162 982.4
0.06163 982.4
0.06164 982.4
0.06165 982.4
0.06166 982.4
0.06167 982.4
0.06168 982.4
0.06169 982.4
0.06170 982.4
0.06171 982.4
0.06172 982.4
0.06173 982.4
0.06174 982.4
0.06175 982.4
0.06176 982.4
0.06177 982.4
0.06178 982.4
0.06179 982.4
0.06180 982.4
0.06181 982.4
0.06182 982.4
0.06183 982.4
0.06184 982.4
0.06185 982.4
0.06186 982.4
0.06187 982.4
0.06188 982.4
0.06189 982.4
0.06190 982.4
0.06191 982.4
0.06192 982.4
0.06193 982.4
0.06194 982.4
0.06195 982.4
0.06196 982.4
0.06197 982.4
0.06198 982.4
0.06199 982.4
0.06200 982.4
0.06201 982.4
0.06202 982.4
0.06203 982.4
0.06204 982.4
0.06205 982.4
0.06206 982.4
0.06207 982.4
0.06208 982.4
0.06209 982.4
0.06210 982.4
0.06211 982.4
0.06212 982.4
0.06213 982.4
0.06214 982.4
0.06215 982.4
0.06216 982.4
0.06217 982.4
0.06218 982.4
0.06219 982.4
0.06220 982.4
0.06221 982.4
0.06222 982.4
0.06223 982.4
0.06224 982.4
0.06225 982.4
0.06226 982.4
0.06227 982.4
0.06228 982.4
0.06229 982.4
0.06230 982.4
0.06231 982.4
0.06232 982.4
0.06233 982.4
0.06234 982.4
0.06235 982.4
0.06236 982.4
0.06237 982.4
0.06238 982.4
0.06239 982.4
0.06240 982.4
0.06241 982.4
0.06242 982.4
0.06243 982.4
0.06244 982.4
0.06245 982.4
0.06246 982.4
0.06247 982.4
0.06248 982.4
0.06249 982.4
0.06250 982.4
0.06251 982.4
0.06252 982.4
0.06253 982.4
0.06254 982.4
0.06255 982.4
0.06256 982.4
0.06257 982.4
0.06258 982.4
0.06259 982.4
0.06260 982.4
0.06261 982.4
0.06262 982.4
0.06263 982.4
0.06264 982.4
0.06265 982.4
0.06266 982.4
0.06267 982.4
0.06268 982.4
0.06269 982.4
0.06270 982.4
0.06271 982.4
0.06272 982.4
0.06273 982.4
0.06274 982.4
0.06275 982.4
0.06276 982.4
0.06277 982.4
0.06278 982.4
0.06279 982.4
0.06280 982.4
0.06281 982.4
0.06282 982.4
0.06283 982.4
0.06284 982.4
0.06285 982.4
0.06286 982.4
0.06287 982.4
0.06288 982.4
0.06289 982.4
0.06290 982.4
0.06291 982.4
0.06292 982.4
0.06293 982.4
0.06294 982.4
0.06295 982.4
0.06296 982.4
0.06297 982.4
0.06298 982.4
0.06299 982.4
0.06300 982.4
0.06301 982.4
0.06302 982.4
0.06303 982.4
0.06304 982.4
0.06305 982.4
0.06306 982.4
0.06307 982.4
0.06308 982.4
0.06309 982.4
0.06310 982.4
0.06311 982.4
0.06312 982.4
0.06313 982.4
0.06314 982.4
0.06315 982.4
0.06316 982.4
0.06317 982.4
0.06318 982.4
0.06319 982.4
0.06320 982.4
0.06321 982.4
0.06322 982.4
0.06323 982.4
0.06324 982.4
0.06325 982.4
0.06326 982.4
0.06327 982.4
0.06328 982.4
0.06329 982.4
0.06330 982.4
0.06331 982.4
0.06332 982.4
0.06333 982.4
0.06334 982.4
0.06335 982.4
0.06336 982.4
0.06337 982.4
0.06338 982.4
0.06339 982.4
0.06340 982.4
0.06341 982.4
0.06342 982.4
0.06343 982.4
0.06344 982.4
0.06345 982.4
0.06346 982.4
0.06347 982.4
0.06348 982.4
0.06349 982.4
0.06350 982.4
0.06351 982.4
0.06352 982.4
0.06353 982.4
0.06354 982.4
0.06355 982.4
0.06356 982.4
0.06357 982.4
0.06358 982.4
0.06359 982.4
0.06360 982.4
0.06361 982.4
0.06362 982.4
0.06363 982.4
0.06364 982.4
0.06365 982.4
0.06366 982.4
0.06367 982.4
0.06368 982.4
0.06369 982.4
0.06370 982.4
0.06371 982.4
0.06372 982.4
0.06373 982.4
0.06374 982.4
0.06375 982.4
0.06376 982.4
0.06377 982.4
0.06378 982.4
0.06379 982.4
0.06380 982.4
0.06381 982.4
0.06382 982.4
0.06383 982.4
0.06384 982.4
0.06385 982.4
0.06386 982.4
0.06387 982.4
0.06388 982.4
0.06389 982.4
0.06390 982.4
0.06391 982.4
0.06392 982.4
0.06393 982.4
0.06394 982.4
0.06395 982.4
0.06396 982.4
0.06397 982.4
0.06398 982.4
0.06399 982.4
0.06400 982.4
0.06401 982.4
0.06402 982.4
0.06403 982.4
0.06404 982.4
0.06405 982.4
0.06406 982.4
0.06407 982.4
0.06408 982.4
0.06409 982.4
0.06410 982.4
0.06411 982.4
0.06412 982.4
0.06413 982.4
0.06414 982.4
0.06415 982.4
0.06416 982.4
0.06417 982.4
0.06418 982.4
0.06419 982.4
0.06420 982.4
0.06421 982.4
0.06422 982.4
0.06423 982.4
0.06424 982.4
0.06425 982.4
0.06426 982.4
0.06427 982.4
0.06428 982.4
0.06429 982.4
0.06430 982.4
0.06431 982.4
0.06432 982.4
0.06433 982.4
0.06434 982.4
0.06435 982.4
0.06436 982.4
0.06437 982.4
0.06438 982.4
0.06439 982.4
0.06440 982.4
0.06441 982.4
0.06442 982.4
0.06443 982.4
0.06444 982.4
0.06445 982.4
0.06446 982.4
0.06447 982.4
0.06448 982.4
0.06449 982.4
0.06450 982.4
0.06451 982.4
0.06452 982.4
0.06453 982.4
0.06454 982.4
0.06455 982.4
0.06456 982.4
0.06457 982.4
0.06458 982.4
0.06459 982.4
0.06460 982.4
0.06461 982.4
0.06462 982.4
0.06463 982.4
0.06464 982.4
0.06465 982.4
0.06466 982.4
0.06467 982.4
0.06468 982.4
0.06469 982.4
0.06470 982.4
0.06471 982.4
0.06472 982.4
0.06473 982.4
0.06474 982.4
0.06475 982.4
0.06476 982.4
0.06477 982.4
0.06478 982.4
0.06479 982.4
0.06480 982.4
0.06481 982.4
0.06482 982.4
0.06483 982.4
0.06484 982.4
0.06485 982.4
0.06486 982.4
0.06487 982.4
0.06488 982.4
0.06489 982.4
0.06490 982.4
0.06491 982.4
0.06492 982.4
0.06493 982.4
0.06494 982.4
0.06495 982.4
0.06496 982.4
0.06497 982.4
0.06498 982.4
0.06499 982.4
0.06500 982.4
0.06501 982.4
0.06502 982.4
0.06503 982.4
0.06504 982.4
0.06505 982.4
0.06506 982.4
0.06507 982.4
0.06508 982.4
0.06509 982.4
0.06510 982.4
0.06511 982.4
0.06512 982.4
0.06513 982.4
0.06514 982.4
0.06515 982.4
0.06516 982.4
0.06517 982.4
0.06518 982.4
0.06519 982.4
0.06520 982.4
0.06521 982.4
0.06522 982.4
0.06523 982.4
0.06524 982.4
0.06525 982.4
0.06526 982.4
0.06527 982.4
0.06528 982.4
0.06529 982.4
0.06530 982.4
0.06531 982.4
0.06532 982.4
0.06533 982.4
0.06534 982.4
0.06535 982.4
0.06536 982.4
0.06537 982.4
0.06538 982.4
0.06539 982.4
0.06540 982.4
0.06541 982.4
0.06542 982.4
0.06543 982.4
0.06544 982.4
0.06545 982.4
0.06546 982.4
0.06547 982.4
0.06548 982.4
0.06549 982.4
0.06550 982.4
0.06551 982.4
0.06552 982.4
0.06553 982.4
0.06554 982.4
0.06555 982.4
0.06556 982.4
0.06557 982.4
0.06558 982.4
0.06559 982.4
0.06560 982.4
0.06561 982.4
0.06562 982.4
0.06563 982.4
0.06564 982.4
0.06565 982.4
0.06566 982.4
0.06567 982.4
0.06568 982.4
0.06569 982.4
0.06570 982.4
0.06571 982.4
0.06572 982.4
0.06573 982.4
0.06574 982.4
0.06575 982.4
0.06576 982.4
0.06577 982.4
0.06578 982.4
0.06579 982.4
0.06580 982.4
0.06581 982.4
0.06582 982.4
0.06583 982.4
0.06584 982.4
0.06585 982.4
0.06586 982.4
0.06587 982.4
0.06588 982.4
0.06589 982.4
0.06590 982.4
0.06591 982.4
0.06592 982.4
0.06593 982.4
0.06594 982.4
0.06595 982.4
0.06596 982.4
0.06597 982.4
0.06598 982.4
0.06599 982.4
0.06600 982.4
0.06601 982.4
0.06602 982.4
0.06603 982.4
0.06604 982.4
0.06605 982.4
0.06606 982.4
0.06607 982.4
0.06608 982.4
0.06609 982.4
0.06610 982.4
0.06611 982.4
0.06612 982.4
0.06613 982.4
0.06614 982.4
0.06615 982.4
0.06616 982.4
0.06617 982.4
0.06618 982.4
0.06619 982.4
0.06620 982.4
0.06621 982.4
0.06622 982.4
0.06623 982.4
0.06624 982.4
0.06625 982.4
0.06626 982.4
0.06627 982.4
0.06628 982.4
0.06629 982.4
0.06630 982.4
0.06631 982.4
0.06632 982.4
0.06633 982.4
0.06634 982.4
0.06635 982.4
0.06636 982.4
0.06637 982.4
0.06638 982.4
0.06639 982.4
0.06640 982.4
0.06641 982.4
0.06642 982.4
0.06643 982.4
0.06644 982.4
0.06645 982.4
0.06646 982.4
0.06647 982.4
0.06648 982.4
0.06649 982.4
0.06650 982.4
0.06651 982.4
0.06652 982.4
0.06653 982.4
0.06654 982.4
0.06655 982.4
0.06656 982.4
0.06657 982.4
0.06658 982.4
0.06659 982.4
0.06660 982.4
0.06661 982.4
0.06662 982.4
0.06663 982.4
0.06664 982.4
0.06665 982.4
0.06666 982.4
0.06667 982.4
0.06668 982.4
0.06669 982.4
0.06670 982.4
0.06671 982.4
0.06672 982.4
0.06673 982.4
0.06674 982.4
0.06675 982.4
0.06676 982.4
0.06677 982.4
0.06678 982.4
0.06679 982.4
0.06680 982.4
0.06681 982.4
0.06682 982.4
0.06683 982.4
0.06684 982.4
0.06685 982.4
0.06686 982.4
0.06687 982.4
0.06688 982.4
0.06689 982.4
0.06690 982.4
0.06691 982.4
0.06692 982.4
0.06693 982.4
0.06694 982.4
0.06695 982.4
0.06696 982.4
0.06697 982.4
0.06698 982.4
0.06699 982.4
0.06700 982.4
0.06701 982.4
0.06702 982.4
0.06703 982.4
0.06704 982.4
0.06705 982.4
0.06706 982.4
0.06707 982.4
0.06708 982.4
0.06709 982.4
0.06710 982.4
0.06711 982.4
0.06712 982.4
0.06713 982.4
0.06714 982.4
0.06715 982.4
0.06716 982.4
0.06717 982.4
0.06718 982.4
0.06719 982.4
0.06720 982.4
0.06721 982.4
0.06722 982.4
0.06723 982.4
0.06724 982.4
0.06725 982.4
0.06726 982.4
0.06727 982.4
0.06728 982.4
0.06729 982.4
0.06730 982.4
0.06731 982.4
0.06732 982.4
0.06733 982.4
0.06734 982.4
0.06735 982.4
0.06736 982.4
0.06737 982.4
0.06738 982.4
0.06739 982.4
0.06740 982.4
0.06741 982.4
0.06742 982.4
0.06743 982.4
0.06744 982.4
0.06745 982.4
0.06746 982.4
0.06747 982.4
0.06748 982.4
0.06749 982.4
0.06750 982.4
0.06751 982.4
0.06752 982.4
0.06753 982.4
0.06754 982.4
0.06755 982.4
0.06756 982.4
0.06757 982.4
0.06758 982.4
0.06759 982.4
0.06760 982.4
0.06761 982.4
0.06762 982.4
0.06763 982.4
0.06764 982.4
0.06765 982.4
0.06766 982.4
0.06767 982.4
0.06768 982.4
0.06769 982.4
0.06770 982.4
0.06771 982.4
0.06772 982.4
0.06773 982.4
0.06774 982.4
0.06775 982.4
0.06776 982.4
0.06777 982.4
0.06778 982.4
0.06779 982.4
0.06780 982.4
0.06781 982.4
0.06782 982.4
0.06783 982.4
0.06784 982.4
0.06785 982.4
0.06786 982.4
0.06787 982.4
0.06788 982.4
0.06789 982.4
0.06790 982.4
0.06791 982.4
0.06792 982.4
0.06793 982.4
0.06794 982.4
0.06795 982.4
0.06796 982.4
0.06797 982.4
0.06798 982.4
0.06799 982.4
0.06800 982.4
0.06801 982.4
0.06802 982.4
0.06803 982.4
0.06804 982.4
0.06805 982.4
0.06806 982.4
0.06807 982.4
0.06808 982.4
0.06809 982.4
0.06810 982.4
0.06811 982.4
0.06812 982.4
0.06813 982.4
0.06814 982.4
0.06815 982.4
0.06816 982.4
0.06817 982.4
0.06818 982.4
0.06819 982.4
0.06820 982.4
0.06821 982.4
0.06822 982.4
0.06823 982.4
0.06824 982.4
0.06825 982.4
0.06826 982.4
0.06827 982.4
0.06828 982.4
0.06829 982.4
0.06830 982.4
0.06831 982.4
0.06832 982.4
0.06833 982.4
0.06834 982.4
0.06835 982.4
0.06836 982.4
0.06837 982.4
0.06838 982.4
0.06839 982.4
0.06840 982.4
0.06841 982.4
0.06842 982.4
0.06843 982.4
0.06844 982.4
0.06845 982.4
0.06846 982.4
0.06847 982.4
0.06848 982.4
0.06849 982.4
0.06850 982.4
0.06851 982.4
0.06852 982.4
0.06853 982.4
0.06854 982.4
0.06855 982.4
0.06856 982.4
0.06857 982.4
0.06858 982.4
0.06859 982.4
0.06860 982.4
0.06861 982.4
0.06862 982.4
0.06863 982.4
0.06864 982.4
0.06865 982.4
0.06866 982.4
0.06867 982.4
0.06868 982.4
0.06869 982.4
0.06870 982.4
0.06871 982.4
0.06872 982.4
0.06873 982.4
0.06874 982.4
0.06875 982.4
0.06876 982.4
0.06877 982.4
0.06878 982.4
0.06879 982.4
0.06880 982.4
0.06881 982.4
0.06882 982.4
0.06883 982.4
0.06884 982.4
0.06885 982.4
0.06886 982.4
0.06887 982.4
0.06888 982.4
0.06889 982.4
0.06890 982.4
0.06891 982.4
0.06892 982.4
0.06893 982.4
0.06894 982.4
0.06895 982.4
0.06896 982.4
0.06897 982.4
0.06898 982.4
0.06899 982.4
0.06900 982.4
0.06901 982.4
0.06902 982.4
0.06903 982.4
0.06904 982.4
0.06905 982.4
0.06906 982.4
0.06907 982.4
0.06908 982.4
0.06909 982.4
0.06910 982.4
0.06911 982.4
0.06912 982.4
0.06913 982.4
0.06914 982.4
0.06915 982.4
0.06916 982.4
0.06917 982.4
0.06918 982.4
0.06919 982.4
0.06920 982.4
0.06921 982.4
0.06922 982.4
0.06923 982.4
0.06924 982.4
0.06925 982.4
0.06926 982.4
0.06927 982.4
0.06928 982.4
0.06929 982.4
0.06930 982.4
0.06931 982.4
0.06932 982.4
0.06933 982.4
0.06934 982.4
0.06935 982.4
0.06936 982.4
0.06937 982.4
0.06938 982.4
0.06939 982.4
0.06940 982.4
0.06941 982.4
0.06942 982.4
0.06943 982.4
0.06944 982.4
0.06945 982.4
0.06946 982.4
0.06947 982.4
0.06948 982.4
0.06949 982.4
0.06950 982.4
0.06951 982.4
0.06952 982.4
0.06953 982.4
0.06954 982.4
0.06955 982.4
0.06956 982.4
0.06957 982.4
0.06958 982.4
0.06959 982.4
0.06960 982.4
0.06961 982.4
0.06962 982.4
0.06963 982.4
0.06964 982.4
0.06965 982.4
0.06966 982.4
0.06967 982.4
0.06968 982.4
0.06969 982.4
0.06970 982.4
0.06971 982.4
0.06972 982.4
0.06973 982.4
0.06974 982.4
0.06975 982.4
0.06976 982.4
0.06977 982.4
0.06978 982.4
0.06979 982.4
0.06980 982.4
0.06981 982.4
0.06982 982.4
0.06983 982.4
0.06984 982.4
0.06985 982.4
0.06986 982.4
0.06987 982.4
0.06988 982.4
0.06989 982.4
0.06990 982.4
0.06991 982.4
0.06992 982.4
0.06993 982.4
0.06994 982.4
0.06995 982.4
0.06996 982.4
0.06997 982.4
0.06998 982.4
0.06999 982.4
0.07000 982.4
0.07001 982.4
0.07002 982.4
0.07003 982.4
0.07004 982.4
0.07005 982.4
0.07006 982.4
0.07007 982.4
0.07008 982.4
0.07009 982.4
0.07010 982.4
0.07011 982.4
0.07012 982.4
0.07013 982.4
0.07014 982.4
0.07015 982.4
0.07016 982.4
0.07017 982.4
0.07018 982.4
0.07019 982.4
0.07020 982.4
0.07021 982.4
0.07022 982.4
0.07023 982.4
0.07024 982.4
0.07025 982.4
0.07026 982.4
0.07027 982.4
0.07028 982.4
0.07029 982.4
0.07030 982.4
0.07031 982.4
0.07032 982.4
0.07033 982.4
0.07034 982.4
0.07035 982.4
0.07036 982.4
0.07037 982.4
0.07038 982.4
0.07039 982.4
0.07040 982.4
0.07041 982.4
0.07042 982.4
0.07043 982.4
0.07044 982.4
0.07045 982.4
0.07046 982.4
0.07047 982.4
0.07048 982.4
0.07049 982.4
0.07050 982.4
0.07051 982.4
0.07052 982.4
0.07053 982.4
0.07054 982.4
0.07055 982.4
0.07056 982.4
0.07057 982.4
0.07058 982.4
0.07059 982.4
0.07060 982.4
0.07061 982.4
0.07062 982.4
0.07063 982.4
0.07064 982.4
0.07065 982.4
0.07066 982.4
0.07067 982.4
0.07068 982.4
0.07069 982.4
0.07070 982.4
0.07071 982.4
0.07072 982.4
0.07073 982.4
0.07074 982.4
0.07075 982.4
0.07076 982.4
0.07077 982.4
0.07078 982.4
0.07079 982.4
0.07080 982.4
0.07081 982.4
0.07082 982.4
0.07083 982.4
0.07084 982.4
0.07085 982.4
0.07086 982.4
0.07087 982.4
0.07088 982.4
0.07089 982.4
0.07090 982.4
0.07091 982.4
0.07092 982.4
0.07093 982.4
0.07094 982.4
0.07095 982.4
0.07096 982.4
0.07097 982.4
0.07098 982.4
0.07099 982.4
0.07100 982.4
0.07101 1006.0
0.07102 1030.0
0.07103 1054.6
0.07104 1079.7
0.07105 1105.3
0.07106 1131.5
0.07107 1158.1
0.07108 1185.4
0.07109 1213.1
0.07110 1241.5
0.07111 1270.4
0.07112 1300.0
0.07113 1330.1
0.07114 1360.9
0.07115 1392.3
0.07116 1424.3
0.07117 1457.0
0.07118 1490.4
0.07119 1524.5
0.07120 1559.3
0.07121 1594.9
0.07122 1631.3
0.07123 1668.5
0.07124 1706.5
0.07125 1745.4
0.07126 1785.3
0.07127 1826.2
0.07128 1868.1
0.07129 1911.2
0.07130 1955.5
0.07131 2001.1
0.07132 2048.2
0.07133 2096.9
0.07134 2147.3
0.07135 2199.6
0.07136 2254.1
0.07137 2311.1
0.07138 2370.8
0.07139 2433.6
0.07140 2500.0
0.07141 2570.5
0.07142 2645.6
0.07143 2726.2
0.07144 2813.2
0.07145 2907.5
0.07146 3010.6
0.07147 3124.0
0.07148 3249.7
0.07149 3389.9
0.07150 3547.8
0.07151 3640.0
0.07152 3751.4
0.07153 3885.0
0.07154 4044.4
0.07155 4234.0
0.07156 4459.0
0.07157 4725.7
0.07158 5041.8
0.07159 5415.9
0.07160 5857.7
0.07161 6377.3
0.07162 6983.6
0.07163 7682.2
0.07164 8472.4
0.07165 9343.1
0.07166 10270.4
0.07167 11218.8
0.07168 12147.1
0.07169 13017.2
0.07170 13801.5
0.07171 14486.2
0.07172 15068.9
0.07173 15554.5
0.07174 15952.0
0.07175 16271.0
0.07176 16521.1
0.07177 16710.7
0.07178 16846.9
0.07179 16935.9
0.07180 16982.9
0.07181 16992.0
0.07182 16967.0
0.07183 16910.7
0.07184 16825.8
0.07185 16714.4
0.07186 16578.4
0.07187 16419.5
0.07188 16239.2
0.07189 16039.0
0.07190 15820.1
0.07191 15583.8
0.07192 15331.3
0.07193 15063.8
0.07194 14782.6
0.07195 14488.8
0.07196 14183.7
0.07197 13868.5
0.07198 13544.6
0.07199 13213.0
0.07200 12875.2
0.07201 12532.4
0.07202 12185.7
0.07203 11836.6
0.07204 11486.2
0.07205 11135.6
0.07206 10786.0
0.07207 10438.4
0.07208 10094.0
0.07209 9753.7
0.07210 9418.3
0.07211 9088.6
0.07212 8765.5
0.07213 8449.5
0.07214 8141.3
0.07215 7841.2
0.07216 7549.8
0.07217 7267.4
0.07218 6994.2
0.07219 6730.4
0.07220 6476.1
0.07221 6231.4
0.07222 5996.3
0.07223 5770.8
0.07224 5554.6
0.07225 5347.8
0.07226 5150.0
0.07227 4961.1
0.07228 4780.9
0.07229 4609.0
0.07230 4445.3
0.07231 4289.3
0.07232 4140.9
0.07233 3999.7
0.07234 3865.3
0.07235 3737.6
0.07236 3616.1
0.07237 3500.6
0.07238 3390.8
0.07239 3286.4
0.07240 3187.2
0.07241 3092.7
0.07242 3002.9
0.07243 2917.4
0.07244 2836.0
0.07245 2758.5
0.07246 2684.7
0.07247 2614.3
0.07248 2547.2
0.07249 2483.1
0.07250 2422.0
0.07251 2363.6
0.07252 2307.8
0.07253 2254.5
0.07254 2203.5
0.07255 2154.7
0.07256 2107.9
0.07257 2063.2
0.07258 2020.2
0.07259 1979.1
0.07260 1939.6
0.07261 1901.7
0.07262 1865.4
0.07263 1830.4
0.07264 1796.9
0.07265 1764.6
0.07266 1733.6
0.07267 1703.8
0.07268 1675.1
0.07269 1647.6
0.07270 1621.0
0.07271 1595.5
0.07272 1571.0
0.07273 1547.3
0.07274 1524.6
0.07275 1502.7
0.07276 1481.6
0.07277 1461.4
0.07278 1441.8
0.07279 1423.1
0.07280 1405.0
0.07281 1387.6
0.07282 1370.8
0.07283 1354.7
0.07284 1339.2
0.07285 1324.3
0.07286 1309.9
0.07287 1296.1
0.07288 1282.8
0.07289 1270.0
0.07290 1257.7
0.07291 1245.9
0.07292 1234.5
0.07293 1223.5
0.07294 1213.0
0.07295 1202.8
0.07296 1193.0
0.07297 1183.6
0.07298 1174.6
0.07299 1165.8
0.07300 1157.4
0.07301 1149.4
0.07302 1141.6
0.07303 1134.1
0.07304 1126.8
0.07305 1119.9
0.07306 1113.2
0.07307 1106.7
0.07308 1100.5
0.07309 1094.5
0.07310 1088.7
0.07311 1083.1
0.07312 1077.7
0.07313 1072.5
0.07314 1067.5
0.07315 1062.6
0.07316 1058.0
0.07317 1053.4
0.07318 1049.1
0.07319 1044.9
0.07320 1040.8
0.07321 1036.9
0.07322 1033.1
0.07323 1029.4
0.07324 1025.9
0.07325 1022.5
0.07326 1019.1
0.07327 1015.9
0.07328 1012.8
0.07329 1009.8
0.07330 1006.9
0.07331 1004.1
0.07332 1001.4
0.07333 998.8
0.07334 996.2
0.07335 993.7
0.07336 991.4
0.07337 989.0
0.07338 986.8
0.07339 984.6
0.07340 982.5
0.07341 980.5
0.07342 978.5
0.07343 976.6
0.07344 974.7
0.07345 972.9
0.07346 971.1
0.07347 969.4
0.07348 967.8
0.07349 966.2
0.07350 964.6
0.07351 963.1
0.07352 961.7
0.07353 960.3
0.07354 958.9
0.07355 957.5
0.07356 956.2
0.07357 955.0
0.07358 953.7
0.07359 952.6
0.07360 951.4
0.07361 950.3
0.07362 949.2
0.07363 948.1
0.07364 947.1
0.07365 946.1
0.07366 945.1
0.07367 944.2
0.07368 943.2
0.07369 942.3
0.07370 941.5
0.07371 940.6
0.07372 939.8
0.07373 939.0
0.07374 938.2
0.07375 937.4
0.07376 936.7
0.07377 936.0
0.07378 935.3
0.07379 934.6
0.07380 933.9
0.07381 933.3
0.07382 932.7
0.07383 932.1
0.07384 931.5
0.07385 930.9
0.07386 930.3
0.07387 929.8
0.07388 929.2
0.07389 928.7
0.07390 928.2
0.07391 927.7
0.07392 927.2
0.07393 926.8
0.07394 926.3
0.07395 925.9
0.07396 925.4
0.07397 925.0
0.07398 924.6
0.07399 924.2
0.07400 923.8
0.07401 923.4
0.07402 923.1
0.07403 922.7
0.07404 922.4
0.07405 922.0
0.07406 921.7
0.07407 921.4
0.07408 921.1
0.07409 920.7
0.07410 920.4
0.07411 920.2
0.07412 919.9
0.07413 919.6
0.07414 919.3
0.07415 919.1
0.07416 918.8
0.07417 918.6
0.07418 918.3
0.07419 918.1
0.07420 917.8
0.07421 917.6
0.07422 917.4
0.07423 917.2
0.07424 917.0
0.07425 916.8
0.07426 916.6
0.07427 916.4
0.07428 916.2
0.07429 916.0
0.07430 915.9
0.07431 915.7
0.07432 915.5
0.07433 915.4
0.07434 915.2
0.07435 915.0
0.07436 914.9
0.07437 914.7
0.07438 914.6
0.07439 914.5
0.07440 914.3
0.07441 914.2
0.07442 914.1
0.07443 914.0
0.07444 913.8
0.07445 913.7
0.07446 913.6
0.07447 913.5
0.07448 913.4
0.07449 913.3
0.07450 913.2
0.07451 913.1
0.07452 913.0
0.07453 912.9
0.07454 912.8
0.07455 912.7
0.07456 912.7
0.07457 912.6
0.07458 912.5
0.07459 912.4
0.07460 912.4
0.07461 912.3
0.07462 912.2
0.07463 912.1
0.07464 912.1
0.07465 912.0
0.07466 912.0
0.07467 911.9
0.07468 911.9
0.07469 911.8
0.07470 911.8
0.07471 911.7
0.07472 911.7
0.07473 911.6
0.07474 911.6
0.07475 911.5
0.07476 911.5
0.07477 911.5
0.07478 911.4
0.07479 911.4
0.07480 911.3
0.07481 911.3
0.07482 911.3
0.07483 911.3
0.07484 911.2
0.07485 911.2
0.07486 911.2
0.07487 911.2
0.07488 911.1
0.07489 911.1
0.07490 911.1
0.07491 911.1
0.07492 911.1
0.07493 911.1
0.07494 911.0
0.07495 911.0
0.07496 911.0
0.07497 911.0
0.07498 911.0
0.07499 911.0
0.07500 911.0
0.07501 911.0
0.07502 911.0
0.07503 911.0
0.07504 911.0
0.07505 911.0
0.07506 911.0
0.07507 911.0
0.07508 911.0
0.07509 911.0
0.07510 911.0
0.07511 911.0
0.07512 911.0
0.07513 911.0
0.07514 911.0
0.07515 911.0
0.07516 911.1
0.07517 911.1
0.07518 911.1
0.07519 911.1
0.07520 911.1
0.07521 911.1
0.07522 911.1
0.07523 911.2
0.07524 911.2
0.07525 911.2
0.07526 911.2
0.07527 911.2
0.07528 911.2
0.07529 911.3
0.07530 911.3
0.07531 911.3
0.07532 911.3
0.07533 911.4
0.07534 911.4
0.07535 911.4
0.07536 911.4
0.07537 911.5
0.07538 911.5
0.07539 911.5
0.07540 911.5
0.07541 911.6
0.07542 911.6
0.07543 911.6
0.07544 911.6
0.07545 911.7
0.07546 911.7
0.07547 911.7
0.07548 911.8
0.07549 911.8
0.07550 911.8
0.07551 911.9
0.07552 911.9
0.07553 911.9
0.07554 912.0
0.07555 912.0
0.07556 912.0
0.07557 912.1
0.07558 912.1
0.07559 912.2
0.07560 912.2
0.07561 912.2
0.07562 912.3
0.07563 912.3
0.07564 912.4
0.07565 912.4
0.07566 912.4
0.07567 912.5
0.07568 912.5
0.07569 912.6
0.07570 912.6
0.07571 912.6
0.07572 912.7
0.07573 912.7
0.07574 912.8
0.07575 912.8
0.07576 912.9
0.07577 912.9
0.07578 912.9
0.07579 913.0
0.07580 913.0
0.07581 913.1
0.07582 913.1
0.07583 913.2
0.07584 913.2
0.07585 913.3
0.07586 913.3
0.07587 913.4
0.07588 913.4
0.07589 913.5
0.07590 913.5
0.07591 913.6
0.07592 913.6
0.07593 913.7
0.07594 913.7
0.07595 913.8
0.07596 913.8
0.07597 913.9
0.07598 913.9
0.07599 914.0
0.07600 914.0
0.07601 914.1
0.07602 914.1
0.07603 914.2
0.07604 914.2
0.07605 914.3
0.07606 914.3
0.07607 914.4
0.07608 914.4
0.07609 914.5
0.07610 914.5
0.07611 914.6
0.07612 914.6
0.07613 914.7
0.07614 914.8
0.07615 914.8
0.07616 914.9
0.07617 914.9
0.07618 915.0
0.07619 915.0
0.07620 915.1
0.07621 915.1
0.07622 915.2
0.07623 915.3
0.07624 915.3
0.07625 915.4
0.07626 915.4
0.07627 915.5
0.07628 915.5
0.07629 915.6
0.07630 915.7
0.07631 915.7
0.07632 915.8
0.07633 915.8
0.07634 915.9
0.07635 916.0
0.07636 916.0
0.07637 916.1
0.07638 916.1
0.07639 916.2
0.07640 916.3
0.07641 916.3
0.07642 916.4
0.07643 916.4
0.07644 916.5
0.07645 916.6
0.07646 916.6
0.07647 916.7
0.07648 916.7
0.07649 916.8
0.07650 916.9
0.07651 916.9
0.07652 917.0
0.07653 917.0
0.07654 917.1
0.07655 917.2
0.07656 917.2
0.07657 917.3
0.07658 917.4
0.07659 917.4
0.07660 917.5
0.07661 917.6
0.07662 917.6
0.07663 917.7
0.07664 917.7
0.07665 917.8
0.07666 917.9
0.07667 917.9
0.07668 918.0
0.07669 918.1
0.07670 918.1
0.07671 918.2
0.07672 918.3
0.07673 918.3
0.07674 918.4
0.07675 918.4
0.07676 918.5
0.07677 918.6
0.07678 918.6
0.07679 918.7
0.07680 918.8
0.07681 918.8
0.07682 918.9
0.07683 919.0
0.07684 919.0
0.07685 919.1
0.07686 919.2
0.07687 919.2
0.07688 919.3
0.07689 919.4
0.07690 919.4
0.07691 919.5
0.07692 919.6
0.07693 919.6
0.07694 919.7
0.07695 919.8
0.07696 919.8
0.07697 919.9
0.07698 920.0
0.07699 920.0
0.07700 920.1
0.07701 920.2
0.07702 920.2
0.07703 920.3
0.07704 920.4
0.07705 920.4
0.07706 920.5
0.07707 920.6
0.07708 920.6
0.07709 920.7
0.07710 920.8
0.07711 920.8
0.07712 920.9
0.07713 921.0
0.07714 921.0
0.07715 921.1
0.07716 921.2
0.07717 921.3
0.07718 921.3
0.07719 921.4
0.07720 921.5
0.07721 921.5
0.07722 921.6
0.07723 921.7
0.07724 921.7
0.07725 921.8
0.07726 921.9
0.07727 921.9
0.07728 922.0
0.07729 922.1
0.07730 922.1
0.07731 922.2
0.07732 922.3
0.07733 922.4
0.07734 922.4
0.07735 922.5
0.07736 922.6
0.07737 922.6
0.07738 922.7
0.07739 922.8
0.07740 922.8
0.07741 922.9
0.07742 923.0
0.07743 923.0
0.07744 923.1
0.07745 923.2
0.07746 923.3
0.07747 923.3
0.07748 923.4
0.07749 923.5
0.07750 923.5
0.07751 923.6
0.07752 923.7
0.07753 923.7
0.07754 923.8
0.07755 923.9
0.07756 924.0
0.07757 924.0
0.07758 924.1
0.07759 924.2
0.07760 924.2
0.07761 924.3
0.07762 924.4
0.07763 924.5
0.07764 924.5
0.07765 924.6
0.07766 924.7
0.07767 924.7
0.07768 924.8
0.07769 924.9
0.07770 924.9
0.07771 925.0
0.07772 925.1
0.07773 925.2
0.07774 925.2
0.07775 925.3
0.07776 925.4
0.07777 925.4
0.07778 925.5
0.07779 925.6
0.07780 925.7
0.07781 925.7
0.07782 925.8
0.07783 925.9
0.07784 925.9
0.07785 926.0
0.07786 926.1
0.07787 926.2
0.07788 926.2
0.07789 926.3
0.07790 926.4
0.07791 926.4
0.07792 926.5
0.07793 926.6
0.07794 926.7
0.07795 926.7
0.07796 926.8
0.07797 926.9
0.07798 926.9
0.07799 927.0
0.07800 927.1
0.07801 927.2
0.07802 927.2
0.07803 927.3
0.07804 927.4
0.07805 927.4
0.07806 927.5
0.07807 927.6
0.07808 927.7
0.07809 927.7
0.07810 927.8
0.07811 927.9
0.07812 927.9
0.07813 928.0
0.07814 928.1
0.07815 928.1
0.07816 928.2
0.07817 928.3
0.07818 928.4
0.07819 928.4
0.07820 928.5
0.07821 928.6
0.07822 928.6
0.07823 928.7
0.07824 928.8
0.07825 928.9
0.07826 928.9
0.07827 929.0
0.07828 929.1
0.07829 929.1
0.07830 929.2
0.07831 929.3
0.07832 929.4
0.07833 929.4
0.07834 929.5
0.07835 929.6
0.07836 929.6
0.07837 929.7
0.07838 929.8
0.07839 929.9
0.07840 929.9
0.07841 930.0
0.07842 930.1
0.07843 930.1
0.07844 930.2
0.07845 930.3
0.07846 930.4
0.07847 930.4
0.07848 930.5
0.07849 930.6
0.07850 930.6
0.07851 930.7
0.07852 930.8
0.07853 930.9
0.07854 930.9
0.07855 931.0
0.07856 931.1
0.07857 931.1
0.07858 931.2
0.07859 931.3
0.07860 931.3
0.07861 931.4
0.07862 931.5
0.07863 931.6
0.07864 931.6
0.07865 931.7
0.07866 931.8
0.07867 931.8
0.07868 931.9
0.07869 932.0
0.07870 932.1
0.07871 932.1
0.07872 932.2
0.07873 932.3
0.07874 932.3
0.07875 932.4
0.07876 932.5
0.07877 932.5
0.07878 932.6
0.07879 932.7
0.07880 932.8
0.07881 932.8
0.07882 932.9
0.07883 933.0
0.07884 933.0
0.07885 933.1
0.07886 933.2
0.07887 933.3
0.07888 933.3
0.07889 933.4
0.07890 933.5
0.07891 933.5
0.07892 933.6
0.07893 933.7
0.07894 933.7
0.07895 933.8
0.07896 933.9
0.07897 934.0
0.07898 934.0
0.07899 934.1
0.07900 934.2
0.07901 934.2
0.07902 934.3
0.07903 934.4
0.07904 934.4
0.07905 934.5
0.07906 934.6
0.07907 934.6
0.07908 934.7
0.07909 934.8
0.07910 934.9
0.07911 934.9
0.07912 935.0
0.07913 935.1
0.07914 935.1
0.07915 935.2
0.07916 935.3
0.07917 935.3
0.07918 935.4
0.07919 935.5
0.07920 935.5
0.07921 935.6
0.07922 935.7
0.07923 935.8
0.07924 935.8
0.07925 935.9
0.07926 936.0
0.07927 936.0
0.07928 936.1
0.07929 936.2
0.07930 936.2
0.07931 936.3
0.07932 936.4
0.07933 936.4
0.07934 936.5
0.07935 936.6
0.07936 936.6
0.07937 936.7
0.07938 936.8
0.07939 936.8
0.07940 936.9
0.07941 937.0
0.07942 937.0
0.07943 937.1
0.07944 937.2
0.07945 937.3
0.07946 937.3
0.07947 937.4
0.07948 937.5
0.07949 937.5
0.07950 937.6
0.07951 937.7
0.07952 937.7
0.07953 937.8
0.07954 937.9
0.07955 937.9
0.07956 938.0
0.07957 938.1
0.07958 938.1
0.07959 938.2
0.07960 938.3
0.07961 938.3
0.07962 938.4
0.07963 938.5
0.07964 938.5
0.07965 938.6
0.07966 938.7
0.07967 938.7
0.07968 938.8
0.07969 938.9
0.07970 938.9
0.07971 939.0
0.07972 939.1
0.07973 939.1
0.07974 939.2
0.07975 939.3
0.07976 939.3
0.07977 939.4
0.07978 939.5
0.07979 939.5
0.07980 939.6
0.07981 939.7
0.07982 939.7
0.07983 939.8
0.07984 939.9
0.07985 939.9
0.07986 940.0
0.07987 940.1
0.07988 940.1
0.07989 940.2
0.07990 940.3
0.07991 940.3
0.07992 940.4
0.07993 940.4
0.07994 940.5
0.07995 940.6
0.07996 940.6
0.07997 940.7
0.07998 940.8
0.07999 940.8
0.08000 940.9
0.08001 941.0
0.08002 941.0
0.08003 941.1
0.08004 941.2
0.08005 941.2
0.08006 941.3
0.08007 941.4
0.08008 941.4
0.08009 941.5
0.08010 941.5
0.08011 941.6
0.08012 941.7
0.08013 941.7
0.08014 941.8
0.08015 941.9
0.08016 941.9
0.08017 942.0
0.08018 942.1
0.08019 942.1
0.08020 942.2
0.08021 942.2
0.08022 942.3
0.08023 942.4
0.08024 942.4
0.08025 942.5
0.08026 942.6
0.08027 942.6
0.08028 942.7
0.08029 942.8
0.08030 942.8
0.08031 942.9
0.08032 942.9
0.08033 943.0
0.08034 943.1
0.08035 943.1
0.08036 943.2
0.08037 943.3
0.08038 943.3
0.08039 943.4
0.08040 943.4
0.08041 943.5
0.08042 943.6
0.08043 943.6
0.08044 943.7
0.08045 943.8
0.08046 943.8
0.08047 943.9
0.08048 943.9
0.08049 944.0
0.08050 944.1
0.08051 944.1
0.08052 944.2
0.08053 944.2
0.08054 944.3
0.08055 944.4
0.08056 944.4
0.08057 944.5
0.08058 944.6
0.08059 944.6
0.08060 944.7
0.08061 944.7
0.08062 944.8
0.08063 944.9
0.08064 944.9
0.08065 945.0
0.08066 945.0
0.08067 945.1
0.08068 945.2
0.08069 945.2
0.08070 945.3
0.08071 945.3
0.08072 945.4
0.08073 945.5
0.08074 945.5
0.08075 945.6
0.08076 945.6
0.08077 945.7
0.08078 945.8
0.08079 945.8
0.08080 945.9
0.08081 945.9
0.08082 946.0
0.08083 946.1
0.08084 946.1
0.08085 946.2
0.08086 946.2
0.08087 946.3
0.08088 946.4
0.08089 946.4
0.08090 946.5
0.08091 946.5
0.08092 946.6
0.08093 946.7
0.08094 946.7
0.08095 946.8
0.08096 946.8
0.08097 946.9
0.08098 946.9
0.08099 947.0
0.08100 947.1
0.08101 947.1
0.08102 947.2
0.08103 947.2
0.08104 947.3
0.08105 947.4
0.08106 947.4
0.08107 947.5
0.08108 947.5
0.08109 947.6
0.08110 947.6
0.08111 947.7
0.08112 947.8
0.08113 947.8
0.08114 947.9
0.08115 947.9
0.08116 948.0
0.08117 948.0
0.08118 948.1
0.08119 948.2
0.08120 948.2
0.08121 948.3
0.08122 948.3
0.08123 948.4
0.08124 948.4
0.08125 948.5
0.08126 948.6
0.08127 948.6
0.08128 948.7
0.08129 948.7
0.08130 948.8
0.08131 948.8
0.08132 948.9
0.08133 948.9
0.08134 949.0
0.08135 949.1
0.08136 949.1
0.08137 949.2
0.08138 949.2
0.08139 949.3
0.08140 949.3
0.08141 949.4
0.08142 949.4
0.08143 949.5
0.08144 949.6
0.08145 949.6
0.08146 949.7
0.08147 949.7
0.08148 949.8
0.08149 949.8
0.08150 949.9
0.08151 949.9
0.08152 950.0
0.08153 950.0
0.08154 950.1
0.08155 950.2
0.08156 950.2
0.08157 950.3
0.08158 950.3
0.08159 950.4
0.08160 950.4
0.08161 950.5
0.08162 950.5
0.08163 950.6
0.08164 950.6
0.08165 950.7
0.08166 950.7
0.08167 950.8
0.08168 950.9
0.08169 950.9
0.08170 951.0
0.08171 951.0
0.08172 951.1
0.08173 951.1
0.08174 951.2
0.08175 951.2
0.08176 951.3
0.08177 951.3
0.08178 951.4
0.08179 951.4
0.08180 951.5
0.08181 951.5
0.08182 951.6
0.08183 951.6
0.08184 951.7
0.08185 951.8
0.08186 951.8
0.08187 951.9
0.08188 951.9
0.08189 952.0
0.08190 952.0
0.08191 952.1
0.08192 952.1
0.08193 952.2
0.08194 952.2
0.08195 952.3
0.08196 952.3
0.08197 952.4
0.08198 952.4
0.08199 952.5
0.08200 952.5
0.08201 952.6
0.08202 952.6
0.08203 952.7
0.08204 952.7
0.08205 952.8
0.08206 952.8
0.08207 952.9
0.08208 952.9
0.08209 953.0
0.08210 953.0
0.08211 953.1
0.08212 953.1
0.08213 953.2
0.08214 953.2
0.08215 953.3
0.08216 953.3
0.08217 953.4
0.08218 953.4
0.08219 953.5
0.08220 953.5
0.08221 953.6
0.08222 953.6
0.08223 953.7
0.08224 953.7
0.08225 953.8
0.08226 953.8
0.08227 953.9
0.08228 953.9
0.08229 954.0
0.08230 954.0
0.08231 954.1
0.08232 954.1
0.08233 954.2
0.08234 954.2
0.08235 954.3
0.08236 954.3
0.08237 954.4
0.08238 954.4
0.08239 954.5
0.08240 954.5
0.08241 954.6
0.08242 954.6
0.08243 954.7
0.08244 954.7
0.08245 954.7
0.08246 954.8
0.08247 954.8
0.08248 954.9
0.08249 954.9
0.08250 955.0
0.08251 955.0
0.08252 955.1
0.08253 955.1
0.08254 955.2
0.08255 955.2
0.08256 955.3
0.08257 955.3
0.08258 955.4
0.08259 955.4
0.08260 955.5
0.08261 955.5
0.08262 955.6
0.08263 955.6
0.08264 955.6
0.08265 955.7
0.08266 955.7
0.08267 955.8
0.08268 955.8
0.08269 955.9
0.08270 955.9
0.08271 956.0
0.08272 956.0
0.08273 956.1
0.08274 956.1
0.08275 956.2
0.08276 956.2
0.08277 956.2
0.08278 956.3
0.08279 956.3
0.08280 956.4
0.08281 956.4
0.08282 956.5
0.08283 956.5
0.08284 956.6
0.08285 956.6
0.08286 956.6
0.08287 956.7
0.08288 956.7
0.08289 956.8
0.08290 956.8
0.08291 956.9
0.08292 956.9
0.08293 957.0
0.08294 957.0
0.08295 957.1
0.08296 957.1
0.08297 957.1
0.08298 957.2
0.08299 957.2
0.08300 957.3
0.08301 957.3
0.08302 957.4
0.08303 957.4
0.08304 957.4
0.08305 957.5
0.08306 957.5
0.08307 957.6
0.08308 957.6
0.08309 957.7
0.08310 957.7
0.08311 957.7
0.08312 957.8
0.08313 957.8
0.08314 957.9
0.08315 957.9
0.08316 958.0
0.08317 958.0
0.08318 958.0
0.08319 958.1
0.08320 958.1
0.08321 958.2
0.08322 958.2
0.08323 958.3
0.08324 958.3
0.08325 958.3
0.08326 958.4
0.08327 958.4
0.08328 958.5
0.08329 958.5
0.08330 958.6
0.08331 958.6
0.08332 958.6
0.08333 958.7
0.08334 958.7
0.08335 958.8
0.08336 958.8
0.08337 958.8
0.08338 958.9
0.08339 958.9
0.08340 959.0
0.08341 959.0
0.08342 959.1
0.08343 959.1
0.08344 959.1
0.08345 959.2
0.08346 959.2
0.08347 959.3
0.08348 959.3
0.08349 959.3
0.08350 959.4
0.08351 959.4
0.08352 959.5
0.08353 959.5
0.08354 959.5
0.08355 959.6
0.08356 959.6
0.08357 959.7
0.08358 959.7
0.08359 959.7
0.08360 959.8
0.08361 959.8
0.08362 959.9
0.08363 959.9
0.08364 959.9
0.08365 960.0
0.08366 960.0
0.08367 960.1
0.08368 960.1
0.08369 960.1
0.08370 960.2
0.08371 960.2
0.08372 960.3
0.08373 960.3
0.08374 960.3
0.08375 960.4
0.08376 960.4
0.08377 960.4
0.08378 960.5
0.08379 960.5
0.08380 960.6
0.08381 960.6
0.08382 960.6
0.08383 960.7
0.08384 960.7
0.08385 960.8
0.08386 960.8
0.08387 960.8
0.08388 960.9
0.08389 960.9
0.08390 960.9
0.08391 961.0
0.08392 961.0
0.08393 961.1
0.08394 961.1
0.08395 961.1
0.08396 961.2
0.08397 961.2
0.08398 961.2
0.08399 961.3
0.08400 961.3
0.08401 961.4
0.08402 961.4
0.08403 961.4
0.08404 961.5
0.08405 961.5
0.08406 961.5
0.08407 961.6
0.08408 961.6
0.08409 961.7
0.08410 961.7
0.08411 961.7
0.08412 961.8
0.08413 961.8
0.08414 961.8
0.08415 961.9
0.08416 961.9
0.08417 961.9
0.08418 962.0
0.08419 962.0
0.08420 962.1
0.08421 962.1
0.08422 962.1
0.08423 962.2
0.08424 962.2
0.08425 962.2
0.08426 962.3
0.08427 962.3
0.08428 962.3
0.08429 962.4
0.08430 962.4
0.08431 962.4
0.08432 962.5
0.08433 962.5
0.08434 962.6
0.08435 962.6
0.08436 962.6
0.08437 962.7
0.08438 962.7
0.08439 962.7
0.08440 962.8
0.08441 962.8
0.08442 962.8
0.08443 962.9
0.08444 962.9
0.08445 962.9
0.08446 963.0
0.08447 963.0
0.08448 963.0
0.08449 963.1
0.08450 963.1
0.08451 963.1
0.08452 963.2
0.08453 963.2
0.08454 963.2
0.08455 963.3
0.08456 963.3
0.08457 963.3
0.08458 963.4
0.08459 963.4
0.08460 963.4
0.08461 963.5
0.08462 963.5
0.08463 963.5
0.08464 963.6
0.08465 963.6
0.08466 963.6
0.08467 963.7
0.08468 963.7
0.08469 963.7
0.08470 963.8
0.08471 963.8
0.08472 963.8
0.08473 963.9
0.08474 963.9
0.08475 963.9
0.08476 964.0
0.08477 964.0
0.08478 964.0
0.08479 964.1
0.08480 964.1
0.08481 964.1
0.08482 964.2
0.08483 964.2
0.08484 964.2
0.08485 964.3
0.08486 964.3
0.08487 964.3
0.08488 964.4
0.08489 964.4
0.08490 964.4
0.08491 964.5
0.08492 964.5
0.08493 964.5
0.08494 964.6
0.08495 964.6
0.08496 964.6
0.08497 964.7
0.08498 964.7
0.08499 964.7
0.08500 964.7
0.08501 964.8
0.08502 964.8
0.08503 964.8
0.08504 964.9
0.08505 964.9
0.08506 964.9
0.08507 965.0
0.08508 965.0
0.08509 965.0
0.08510 965.1
0.08511 965.1
0.08512 965.1
0.08513 965.1
0.08514 965.2
0.08515 965.2
0.08516 965.2
0.08517 965.3
0.08518 965.3
0.08519 965.3
0.08520 965.4
0.08521 965.4
0.08522 965.4
0.08523 965.4
0.08524 965.5
0.08525 965.5
0.08526 965.5
0.08527 965.6
0.08528 965.6
0.08529 965.6
0.08530 965.7
0.08531 965.7
0.08532 965.7
0.08533 965.7
0.08534 965.8
0.08535 965.8
0.08536 965.8
0.08537 965.9
0.08538 965.9
0.08539 965.9
0.08540 966.0
0.08541 966.0
0.08542 966.0
0.08543 966.0
0.08544 966.1
0.08545 966.1
0.08546 966.1
0.08547 966.2
0.08548 966.2
0.08549 966.2
0.08550 966.2
0.08551 966.3
0.08552 966.3
0.08553 966.3
0.08554 966.4
0.08555 966.4
0.08556 966.4
0.08557 966.4
0.08558 966.5
0.08559 966.5
0.08560 966.5
0.08561 966.6
0.08562 966.6
0.08563 966.6
0.08564 966.6
0.08565 966.7
0.08566 966.7
0.08567 966.7
0.08568 966.7
0.08569 966.8
0.08570 966.8
0.08571 966.8
0.08572 966.9
0.08573 966.9
0.08574 966.9
0.08575 966.9
0.08576 967.0
0.08577 967.0
0.08578 967.0
0.08579 967.1
0.08580 967.1
0.08581 967.1
0.08582 967.1
0.08583 967.2
0.08584 967.2
0.08585 967.2
0.08586 967.2
0.08587 967.3
0.08588 967.3
0.08589 967.3
0.08590 967.3
0.08591 967.4
0.08592 967.4
0.08593 967.4
0.08594 967.5
0.08595 967.5
0.08596 967.5
0.08597 967.5
0.08598 967.6
0.08599 967.6
0.08600 967.6
0.08601 967.6
0.08602 967.7
0.08603 967.7
0.08604 967.7
0.08605 967.7
0.08606 967.8
0.08607 967.8
0.08608 967.8
0.08609 967.8
0.08610 967.9
0.08611 967.9
0.08612 967.9
0.08613 967.9
0.08614 968.0
0.08615 968.0
0.08616 968.0
0.08617 968.0
0.08618 968.1
0.08619 968.1
0.08620 968.1
0.08621 968.1
0.08622 968.2
0.08623 968.2
0.08624 968.2
0.08625 968.2
0.08626 968.3
0.08627 968.3
0.08628 968.3
0.08629 968.3
0.08630 968.4
0.08631 968.4
0.08632 968.4
0.08633 968.4
0.08634 968.5
0.08635 968.5
0.08636 968.5
0.08637 968.5
0.08638 968.6
0.08639 968.6
0.08640 968.6
0.08641 968.6
0.08642 968.7
0.08643 968.7
0.08644 968.7
0.08645 968.7
0.08646 968.8
0.08647 968.8
0.08648 968.8
0.08649 968.8
0.08650 968.9
0.08651 968.9
0.08652 968.9
0.08653 968.9
0.08654 969.0
0.08655 969.0
0.08656 969.0
0.08657 969.0
0.08658 969.0
0.08659 969.1
0.08660 969.1
0.08661 969.1
0.08662 969.1
0.08663 969.2
0.08664 969.2
0.08665 969.2
0.08666 969.2
0.08667 969.3
0.08668 969.3
0.08669 969.3
0.08670 969.3
0.08671 969.3
0.08672 969.4
0.08673 969.4
0.08674 969.4
0.08675 969.4
0.08676 969.5
0.08677 969.5
0.08678 969.5
0.08679 969.5
0.08680 969.6
0.08681 969.6
0.08682 969.6
0.08683 969.6
0.08684 969.6
0.08685 969.7
0.08686 969.7
0.08687 969.7
0.08688 969.7
0.08689 969.8
0.08690 969.8
0.08691 969.8
0.08692 969.8
0.08693 969.8
0.08694 969.9
0.08695 969.9
0.08696 969.9
0.08697 969.9
0.08698 970.0
0.08699 970.0
0.08700 970.0
0.08701 970.0
0.08702 970.0
0.08703 970.1
0.08704 970.1
0.08705 970.1
0.08706 970.1
0.08707 970.1
0.08708 970.2
0.08709 970.2
0.08710 970.2
0.08711 970.2
0.08712 970.3
0.08713 970.3
0.08714 970.3
0.08715 970.3
0.08716 970.3
0.08717 970.4
0.08718 970.4
0.08719 970.4
0.08720 970.4
0.08721 970.4
0.08722 970.5
0.08723 970.5
0.08724 970.5
0.08725 970.5
0.08726 970.5
0.08727 970.6
0.08728 970.6
0.08729 970.6
0.08730 970.6
0.08731 970.7
0.08732 970.7
0.08733 970.7
0.08734 970.7
0.08735 970.7
0.08736 970.8
0.08737 970.8
0.08738 970.8
0.08739 970.8
0.08740 970.8
0.08741 970.9
0.08742 970.9
0.08743 970.9
0.08744 970.9
0.08745 970.9
0.08746 971.0
0.08747 971.0
0.08748 971.0
0.08749 971.0
0.08750 971.0
0.08751 971.1
0.08752 971.1
0.08753 971.1
0.08754 971.1
0.08755 971.1
0.08756 971.2
0.08757 971.2
0.08758 971.2
0.08759 971.2
0.08760 971.2
0.08761 971.2
0.08762 971.3
0.08763 971.3
0.08764 971.3
0.08765 971.3
0.08766 971.3
0.08767 971.4
0.08768 971.4
0.08769 971.4
0.08770 971.4
0.08771 971.4
0.08772 971.5
0.08773 971.5
0.08774 971.5
0.08775 971.5
0.08776 971.5
0.08777 971.6
0.08778 971.6
0.08779 971.6
0.08780 971.6
0.08781 971.6
0.08782 971.6
0.08783 971.7
0.08784 971.7
0.08785 971.7
0.08786 971.7
0.08787 971.7
0.08788 971.8
0.08789 971.8
0.08790 971.8
0.08791 971.8
0.08792 971.8
0.08793 971.8
0.08794 971.9
0.08795 971.9
0.08796 971.9
0.08797 971.9
0.08798 971.9
0.08799 972.0
0.08800 972.0
0.08801 972.0
0.08802 972.0
0.08803 972.0
0.08804 972.0
0.08805 972.1
0.08806 972.1
0.08807 972.1
0.08808 972.1
0.08809 972.1
0.08810 972.2
0.08811 972.2
0.08812 972.2
0.08813 972.2
0.08814 972.2
0.08815 972.2
0.08816 972.3
0.08817 972.3
0.08818 972.3
0.08819 972.3
0.08820 972.3
0.08821 972.3
0.08822 972.4
0.08823 972.4
0.08824 972.4
0.08825 972.4
0.08826 972.4
0.08827 972.5
0.08828 972.5
0.08829 972.5
0.08830 972.5
0.08831 972.5
0.08832 972.5
0.08833 972.6
0.08834 972.6
0.08835 972.6
0.08836 972.6
0.08837 972.6
0.08838 972.6
0.08839 972.7
0.08840 972.7
0.08841 972.7
0.08842 972.7
0.08843 972.7
0.08844 972.7
0.08845 972.8
0.08846 972.8
0.08847 972.8
0.08848 972.8
0.08849 972.8
0.08850 972.8
0.08851 972.9
0.08852 972.9
0.08853 972.9
0.08854 972.9
0.08855 972.9
0.08856 972.9
0.08857 972.9
0.08858 973.0
0.08859 973.0
0.08860 973.0
0.08861 973.0
0.08862 973.0
0.08863 973.0
0.08864 973.1
0.08865 973.1
0.08866 973.1
0.08867 973.1
0.08868 973.1
0.08869 973.1
0.08870 973.2
0.08871 973.2
0.08872 973.2
0.08873 973.2
0.08874 973.2
0.08875 973.2
0.08876 973.3
0.08877 973.3
0.08878 973.3
0.08879 973.3
0.08880 973.3
0.08881 973.3
0.08882 973.3
0.08883 973.4
0.08884 973.4
0.08885 973.4
0.08886 973.4
0.08887 973.4
0.08888 973.4
0.08889 973.5
0.08890 973.5
0.08891 973.5
0.08892 973.5
0.08893 973.5
0.08894 973.5
0.08895 973.5
0.08896 973.6
0.08897 973.6
0.08898 973.6
0.08899 973.6
0.08900 973.6
0.08901 973.6
0.08902 973.6
0.08903 973.7
0.08904 973.7
0.08905 973.7
0.08906 973.7
0.08907 973.7
0.08908 973.7
0.08909 973.7
0.08910 973.8
0.08911 973.8
0.08912 973.8
0.08913 973.8
0.08914 973.8
0.08915 973.8
0.08916 973.9
0.08917 973.9
0.08918 973.9
0.08919 973.9
0.08920 973.9
0.08921 973.9
0.08922 973.9
0.08923 974.0
0.08924 974.0
0.08925 974.0
0.08926 974.0
0.08927 974.0
0.08928 974.0
0.08929 974.0
0.08930 974.1
0.08931 974.1
0.08932 974.1
0.08933 974.1
0.08934 974.1
0.08935 974.1
0.08936 974.1
0.08937 974.1
0.08938 974.2
0.08939 974.2
0.08940 974.2
0.08941 974.2
0.08942 974.2
0.08943 974.2
0.08944 974.2
0.08945 974.3
0.08946 974.3
0.08947 974.3
0.08948 974.3
0.08949 974.3
0.08950 974.3
0.08951 974.3
0.08952 974.4
0.08953 974.4
0.08954 974.4
0.08955 974.4
0.08956 974.4
0.08957 974.4
0.08958 974.4
0.08959 974.4
0.08960 974.5
0.08961 974.5
0.08962 974.5
0.08963 974.5
0.08964 974.5
0.08965 974.5
0.08966 974.5
0.08967 974.6
0.08968 974.6
0.08969 974.6
0.08970 974.6
0.08971 974.6
0.08972 974.6
0.08973 974.6
0.08974 974.6
0.08975 974.7
0.08976 974.7
0.08977 974.7
0.08978 974.7
0.08979 974.7
0.08980 974.7
0.08981 974.7
0.08982 974.7
0.08983 974.8
0.08984 974.8
0.08985 974.8
0.08986 974.8
0.08987 974.8
0.08988 974.8
0.08989 974.8
0.08990 974.8
0.08991 974.9
0.08992 974.9
0.08993 974.9
0.08994 974.9
0.08995 974.9
0.08996 974.9
0.08997 974.9
0.08998 974.9
0.08999 975.0
0.09000 982.4
0.09001 982.4
0.09002 982.4
0.09003 982.4
0.09004 982.4
0.09005 982.4
0.09006 982.4
0.09007 982.4
0.09008 982.4
0.09009 982.4
0.09010 982.4
0.09011 982.4
0.09012 982.4
0.09013 982.4
0.09014 982.4
0.09015 982.4
0.09016 982.4
0.09017 982.4
0.09018 982.4
0.09019 982.4
0.09020 982.4
0.09021 982.4
0.09022 982.4
0.09023 982.4
0.09024 982.4
0.09025 982.4
0.09026 982.4
0.09027 982.4
0.09028 982.4
0.09029 982.4
0.09030 982.4
0.09031 982.4
0.09032 982.4
0.09033 982.4
0.09034 982.4
0.09035 982.4
0.09036 982.4
0.09037 982.4
0.09038 982.4
0.09039 982.4
0.09040 982.4
0.09041 982.4
0.09042 982.4
0.09043 982.4
0.09044 982.4
0.09045 982.4
0.09046 982.4
0.09047 982.4
0.09048 982.4
0.09049 982.4
0.09050 982.4
0.09051 982.4
0.09052 982.4
0.09053 982.4
0.09054 982.4
0.09055 982.4
0.09056 982.4
0.09057 982.4
0.09058 982.4
0.09059 982.4
0.09060 982.4
0.09061 982.4
0.09062 982.4
0.09063 982.4
0.09064 982.4
0.09065 982.4
0.09066 982.4
0.09067 982.4
0.09068 982.4
0.09069 982.4
0.09070 982.4
0.09071 982.4
0.09072 982.4
0.09073 982.4
0.09074 982.4
0.09075 982.4
0.09076 982.4
0.09077 982.4
0.09078 982.4
0.09079 982.4
0.09080 982.4
0.09081 982.4
0.09082 982.4
0.09083 982.4
0.09084 982.4
0.09085 982.4
0.09086 982.4
0.09087 982.4
0.09088 982.4
0.09089 982.4
0.09090 982.4
0.09091 982.4
0.09092 982.4
0.09093 982.4
0.09094 982.4
0.09095 982.4
0.09096 982.4
0.09097 982.4
0.09098 982.4
0.09099 982.4
0.09100 982.4
0.09101 982.4
0.09102 982.4
0.09103 982.4
0.09104 982.4
0.09105 982.4
0.09106 982.4
0.09107 982.4
0.09108 982.4
0.09109 982.4
0.09110 982.4
0.09111 982.4
0.09112 982.4
0.09113 982.4
0.09114 982.4
0.09115 982.4
0.09116 982.4
0.09117 982.4
0.09118 982.4
0.09119 982.4
0.09120 982.4
0.09121 982.4
0.09122 982.4
0.09123 982.4
0.09124 982.4
0.09125 982.4
0.09126 982.4
0.09127 982.4
0.09128 982.4
0.09129 982.4
0.09130 982.4
0.09131 982.4
0.09132 982.4
0.09133 982.4
0.09134 982.4
0.09135 982.4
0.09136 982.4
0.09137 982.4
0.09138 982.4
0.09139 982.4
0.09140 982.4
0.09141 982.4
0.09142 982.4
0.09143 982.4
0.09144 982.4
0.09145 982.4
0.09146 982.4
0.09147 982.4
0.09148 982.4
0.09149 982.4
0.09150 982.4
0.09151 982.4
0.09152 982.4
0.09153 982.4
0.09154 982.4
0.09155 982.4
0.09156 982.4
0.09157 982.4
0.09158 982.4
0.09159 982.4
0.09160 982.4
0.09161 982.4
0.09162 982.4
0.09163 982.4
0.09164 982.4
0.09165 982.4
0.09166 982.4
0.09167 982.4
0.09168 982.4
0.09169 982.4
0.09170 982.4
0.09171 982.4
0.09172 982.4
0.09173 982.4
0.09174 982.4
0.09175 982.4
0.09176 982.4
0.09177 982.4
0.09178 982.4
0.09179 982.4
0.09180 982.4
0.09181 982.4
0.09182 982.4
0.09183 982.4
0.09184 982.4
0.09185 982.4
0.09186 982.4
0.09187 982.4
0.09188 982.4
0.09189 982.4
0.09190 982.4
0.09191 982.4
0.09192 982.4
0.09193 982.4
0.09194 982.4
0.09195 982.4
0.09196 982.4
0.09197 982.4
0.09198 982.4
0.09199 982.4
0.09200 982.4
0.09201 982.4
0.09202 982.4
0.09203 982.4
0.09204 982.4
0.09205 982.4
0.09206 982.4
0.09207 982.4
0.09208 982.4
0.09209 982.4
0.09210 982.4
0.09211 982.4
0.09212 982.4
0.09213 982.4
0.09214 982.4
0.09215 982.4
0.09216 982.4
0.09217 982.4
0.09218 982.4
0.09219 982.4
0.09220 982.4
0.09221 982.4
0.09222 982.4
0.09223 982.4
0.09224 982.4
0.09225 982.4
0.09226 982.4
0.09227 982.4
0.09228 982.4
0.09229 982.4
0.09230 982.4
0.09231 982.4
0.09232 982.4
0.09233 982.4
0.09234 982.4
0.09235 982.4
0.09236 982.4
0.09237 982.4
0.09238 982.4
0.09239 982.4
0.09240 982.4
0.09241 982.4
0.09242 982.4
0.09243 982.4
0.09244 982.4
0.09245 982.4
0.09246 982.4
0.09247 982.4
0.09248 982.4
0.09249 982.4
0.09250 982.4
0.09251 982.4
0.09252 982.4
0.09253 982.4
0.09254 982.4
0.09255 982.4
0.09256 982.4
0.09257 982.4
0.09258 982.4
0.09259 982.4
0.09260 982.4
0.09261 982.4
0.09262 982.4
0.09263 982.4
0.09264 982.4
0.09265 982.4
0.09266 982.4
0.09267 982.4
0.09268 982.4
0.09269 982.4
0.09270 982.4
0.09271 982.4
0.09272 982.4
0.09273 982.4
0.09274 982.4
0.09275 982.4
0.09276 982.4
0.09277 982.4
0.09278 982.4
0.09279 982.4
0.09280 982.4
0.09281 982.4
0.09282 982.4
0.09283 982.4
0.09284 982.4
0.09285 982.4
0.09286 982.4
0.09287 982.4
0.09288 982.4
0.09289 982.4
0.09290 982.4
0.09291 982.4
0.09292 982.4
0.09293 982.4
0.09294 982.4
0.09295 982.4
0.09296 982.4
0.09297 982.4
0.09298 982.4
0.09299 982.4
0.09300 982.4
0.09301 982.4
0.09302 982.4
0.09303 982.4
0.09304 982.4
0.09305 982.4
0.09306 982.4
0.09307 982.4
0.09308 982.4
0.09309 982.4
0.09310 982.4
0.09311 982.4
0.09312 982.4
0.09313 982.4
0.09314 982.4
0.09315 982.4
0.09316 982.4
0.09317 982.4
0.09318 982.4
0.09319 982.4
0.09320 982.4
0.09321 982.4
0.09322 982.4
0.09323 982.4
0.09324 982.4
0.09325 982.4
0.09326 982.4
0.09327 982.4
0.09328 982.4
0.09329 982.4
0.09330 982.4
0.09331 982.4
0.09332 982.4
0.09333 982.4
0.09334 982.4
0.09335 982.4
0.09336 982.4
0.09337 982.4
0.09338 982.4
0.09339 982.4
0.09340 982.4
0.09341 982.4
0.09342 982.4
0.09343 982.4
0.09344 982.4
0.09345 982.4
0.09346 982.4
0.09347 982.4
0.09348 982.4
0.09349 982.4
0.09350 982.4
0.09351 982.4
0.09352 982.4
0.09353 982.4
0.09354 982.4
0.09355 982.4
0.09356 982.4
0.09357 982.4
0.09358 982.4
0.09359 982.4
0.09360 982.4
0.09361 982.4
0.09362 982.4
0.09363 982.4
0.09364 982.4
0.09365 982.4
0.09366 982.4
0.09367 982.4
0.09368 982.4
0.09369 982.4
0.09370 982.4
0.09371 982.4
0.09372 982.4
0.09373 982.4
0.09374 982.4
0.09375 982.4
0.09376 982.4
0.09377 982.4
0.09378 982.4
0.09379 982.4
0.09380 982.4
0.09381 982.4
0.09382 982.4
0.09383 982.4
0.09384 982.4
0.09385 982.4
0.09386 982.4
0.09387 982.4
0.09388 982.4
0.09389 982.4
0.09390 982.4
0.09391 982.4
0.09392 982.4
0.09393 982.4
0.09394 982.4
0.09395 982.4
0.09396 982.4
0.09397 982.4
0.09398 982.4
0.09399 982.4
0.09400 982.4
0.09401 982.4
0.09402 982.4
0.09403 982.4
0.09404 982.4
0.09405 982.4
0.09406 982.4
0.09407 982.4
0.09408 982.4
0.09409 982.4
0.09410 982.4
0.09411 982.4
0.09412 982.4
0.09413 982.4
0.09414 982.4
0.09415 982.4
0.09416 982.4
0.09417 982.4
0.09418 982.4
0.09419 982.4
0.09420 982.4
0.09421 982.4
0.09422 982.4
0.09423 982.4
0.09424 982.4
0.09425 982.4
0.09426 982.4
0.09427 982.4
0.09428 982.4
0.09429 982.4
0.09430 982.4
0.09431 982.4
0.09432 982.4
0.09433 982.4
0.09434 982.4
0.09435 982.4
0.09436 982.4
0.09437 982.4
0.09438 982.4
0.09439 982.4
0.09440 982.4
0.09441 982.4
0.09442 982.4
0.09443 982.4
0.09444 982.4
0.09445 982.4
0.09446 982.4
0.09447 982.4
0.09448 982.4
0.09449 982.4
0.09450 982.4
0.09451 982.4
0.09452 982.4
0.09453 982.4
0.09454 982.4
0.09455 982.4
0.09456 982.4
0.09457 982.4
0.09458 982.4
0.09459 982.4
0.09460 982.4
0.09461 982.4
0.09462 982.4
0.09463 982.4
0.09464 982.4
0.09465 982.4
0.09466 982.4
0.09467 982.4
0.09468 982.4
0.09469 982.4
0.09470 982.4
0.09471 982.4
0.09472 982.4
0.09473 982.4
0.09474 982.4
0.09475 982.4
0.09476 982.4
0.09477 982.4
0.09478 982.4
0.09479 982.4
0.09480 982.4
0.09481 982.4
0.09482 982.4
0.09483 982.4
0.09484 982.4
0.09485 982.4
0.09486 982.4
0.09487 982.4
0.09488 982.4
0.09489 982.4
0.09490 982.4
0.09491 982.4
0.09492 982.4
0.09493 982.4
0.09494 982.4
0.09495 982.4
0.09496 982.4
0.09497 982.4
0.09498 982.4
0.09499 982.4
0.09500 982.4
0.09501 982.4
0.09502 982.4
0.09503 982.4
0.09504 982.4
0.09505 982.4
0.09506 982.4
0.09507 982.4
0.09508 982.4
0.09509 982.4
0.09510 982.4
0.09511 982.4
0.09512 982.4
0.09513 982.4
0.09514 982.4
0.09515 982.4
0.09516 982.4
0.09517 982.4
0.09518 982.4
0.09519 982.4
0.09520 982.4
0.09521 982.4
0.09522 982.4
0.09523 982.4
0.09524 982.4
0.09525 982.4
0.09526 982.4
0.09527 982.4
0.09528 982.4
0.09529 982.4
0.09530 982.4
0.09531 982.4
0.09532 982.4
0.09533 982.4
0.09534 982.4
0.09535 982.4
0.09536 982.4
0.09537 982.4
0.09538 982.4
0.09539 982.4
0.09540 982.4
0.09541 982.4
0.09542 982.4
0.09543 982.4
0.09544 982.4
0.09545 982.4
0.09546 982.4
0.09547 982.4
0.09548 982.4
0.09549 982.4
0.09550 982.4
0.09551 982.4
0.09552 982.4
0.09553 982.4
0.09554 982.4
0.09555 982.4
0.09556 982.4
0.09557 982.4
0.09558 982.4
0.09559 982.4
0.09560 982.4
0.09561 982.4
0.09562 982.4
0.09563 982.4
0.09564 982.4
0.09565 982.4
0.09566 982.4
0.09567 982.4
0.09568 982.4
0.09569 982.4
0.09570 982.4
0.09571 982.4
0.09572 982.4
0.09573 982.4
0.09574 982.4
0.09575 982.4
0.09576 982.4
0.09577 982.4
0.09578 982.4
0.09579 982.4
0.09580 982.4
0.09581 982.4
0.09582 982.4
0.09583 982.4
0.09584 982.4
0.09585 982.4
0.09586 982.4
0.09587 982.4
0.09588 982.4
0.09589 982.4
0.09590 982.4
0.09591 982.4
0.09592 982.4
0.09593 982.4
0.09594 982.4
0.09595 982.4
0.09596 982.4
0.09597 982.4
0.09598 982.4
0.09599 982.4
0.09600 982.4
0.09601 982.4
0.09602 982.4
0.09603 982.4
0.09604 982.4
0.09605 982.4
0.09606 982.4
0.09607 982.4
0.09608 982.4
0.09609 982.4
0.09610 982.4
0.09611 982.4
0.09612 982.4
0.09613 982.4
0.09614 982.4
0.09615 982.4
0.09616 982.4
0.09617 982.4
0.09618 982.4
0.09619 982.4
0.09620 982.4
0.09621 982.4
0.09622 982.4
0.09623 982.4
0.09624 982.4
0.09625 982.4
0.09626 982.4
0.09627 982.4
0.09628 982.4
0.09629 982.4
0.09630 982.4
0.09631 982.4
0.09632 982.4
0.09633 982.4
0.09634 982.4
0.09635 982.4
0.09636 982.4
0.09637 982.4
0.09638 982.4
0.09639 982.4
0.09640 982.4
0.09641 982.4
0.09642 982.4
0.09643 982.4
0.09644 982.4
0.09645 982.4
0.09646 982.4
0.09647 982.4
0.09648 982.4
0.09649 982.4
0.09650 982.4
0.09651 982.4
0.09652 982.4
0.09653 982.4
0.09654 982.4
0.09655 982.4
0.09656 982.4
0.09657 982.4
0.09658 982.4
0.09659 982.4
0.09660 982.4
0.09661 982.4
0.09662 982.4
0.09663 982.4
0.09664 982.4
0.09665 982.4
0.09666 982.4
0.09667 982.4
0.09668 982.4
0.09669 982.4
0.09670 982.4
0.09671 982.4
0.09672 982.4
0.09673 982.4
0.09674 982.4
0.09675 982.4
0.09676 982.4
0.09677 982.4
0.09678 982.4
0.09679 982.4
0.09680 982.4
0.09681 982.4
0.09682 982.4
0.09683 982.4
0.09684 982.4
0.09685 982.4
0.09686 982.4
0.09687 982.4
0.09688 982.4
0.09689 982.4
0.09690 982.4
0.09691 982.4
0.09692 982.4
0.09693 982.4
0.09694 982.4
0.09695 982.4
0.09696 982.4
0.09697 982.4
0.09698 982.4
0.09699 982.4
0.09700 982.4
0.09701 982.4
0.09702 982.4
0.09703 982.4
0.09704 982.4
0.09705 982.4
0.09706 982.4
0.09707 982.4
0.09708 982.4
0.09709 982.4
0.09710 982.4
0.09711 982.4
0.09712 982.4
0.09713 982.4
0.09714 982.4
0.09715 982.4
0.09716 982.4
0.09717 982.4
0.09718 982.4
0.09719 982.4
0.09720 982.4
0.09721 982.4
0.09722 982.4
0.09723 982.4
0.09724 982.4
0.09725 982.4
0.09726 982.4
0.09727 982.4
0.09728 982.4
0.09729 982.4
0.09730 982.4
0.09731 982.4
0.09732 982.4
0.09733 982.4
0.09734 982.4
0.09735 982.4
0.09736 982.4
0.09737 982.4
0.09738 982.4
0.09739 982.4
0.09740 982.4
0.09741 982.4
0.09742 982.4
0.09743 982.4
0.09744 982.4
0.09745 982.4
0.09746 982.4
0.09747 982.4
0.09748 982.4
0.09749 982.4
0.09750 982.4
0.09751 982.4
0.09752 982.4
0.09753 982.4
0.09754 982.4
0.09755 982.4
0.09756 982.4
0.09757 982.4
0.09758 982.4
0.09759 982.4
0.09760 982.4
0.09761 982.4
0.09762 982.4
0.09763 982.4
0.09764 982.4
0.09765 982.4
0.09766 982.4
0.09767 982.4
0.09768 982.4
0.09769 982.4
0.09770 982.4
0.09771 982.4
0.09772 982.4
0.09773 982.4
0.09774 982.4
0.09775 982.4
0.09776 982.4
0.09777 982.4
0.09778 982.4
0.09779 982.4
0.09780 982.4
0.09781 982.4
0.09782 982.4
0.09783 982.4
0.09784 982.4
0.09785 982.4
0.09786 982.4
0.09787 982.4
0.09788 982.4
0.09789 982.4
0.09790 982.4
0.09791 982.4
0.09792 982.4
0.09793 982.4
0.09794 982.4
0.09795 982.4
0.09796 982.4
0.09797 982.4
0.09798 982.4
0.09799 982.4
0.09800 982.4
0.09801 982.4
0.09802 982.4
0.09803 982.4
0.09804 982.4
0.09805 982.4
0.09806 982.4
0.09807 982.4
0.09808 982.4
0.09809 982.4
0.09810 982.4
0.09811 982.4
0.09812 982.4
0.09813 982.4
0.09814 982.4
0.09815 982.4
0.09816 982.4
0.09817 982.4
0.09818 982.4
0.09819 982.4
0.09820 982.4
0.09821 982.4
0.09822 982.4
0.09823 982.4
0.09824 982.4
0.09825 982.4
0.09826 982.4
0.09827 982.4
0.09828 982.4
0.09829 982.4
0.09830 982.4
0.09831 982.4
0.09832 982.4
0.09833 982.4
0.09834 982.4
0.09835 982.4
0.09836 982.4
0.09837 982.4
0.09838 982.4
0.09839 982.4
0.09840 982.4
0.09841 982.4
0.09842 982.4
0.09843 982.4
0.09844 982.4
0.09845 982.4
0.09846 982.4
0.09847 982.4
0.09848 982.4
0.09849 982.4
0.09850 982.4
0.09851 982.4
0.09852 982.4
0.09853 982.4
0.09854 982.4
0.09855 982.4
0.09856 982.4
0.09857 982.4
0.09858 982.4
0.09859 982.4
0.09860 982.4
0.09861 982.4
0.09862 982.4
0.09863 982.4
0.09864 982.4
0.09865 982.4
0.09866 982.4
0.09867 982.4
0.09868 982.4
0.09869 982.4
0.09870 982.4
0.09871 982.4
0.09872 982.4
0.09873 982.4
0.09874 982.4
0.09875 982.4
0.09876 982.4
0.09877 982.4
0.09878 982.4
0.09879 982.4
0.09880 982.4
0.09881 982.4
0.09882 982.4
0.09883 982.4
0.09884 982.4
0.09885 982.4
0.09886 982.4
0.09887 982.4
0.09888 982.4
0.09889 982.4
0.09890 982.4
0.09891 982.4
0.09892 982.4
0.09893 982.4
0.09894 982.4
0.09895 982.4
0.09896 982.4
0.09897 982.4
0.09898 982.4
0.09899 982.4
0.09900 982.4
0.09901 982.4
0.09902 982.4
0.09903 982.4
0.09904 982.4
0.09905 982.4
0.09906 982.4
0.09907 982.4
0.09908 982.4
0.09909 982.4
0.09910 982.4
0.09911 982.4
0.09912 982.4
0.09913 982.4
0.09914 982.4
0.09915 982.4
0.09916 982.4
0.09917 982.4
0.09918 982.4
0.09919 982.4
0.09920 982.4
0.09921 982.4
0.09922 982.4
0.09923 982.4
0.09924 982.4
0.09925 982.4
0.09926 982.4
0.09927 982.4
0.09928 982.4
0.09929 982.4
0.09930 982.4
0.09931 982.4
0.09932 982.4
0.09933 982.4
0.09934 982.4
0.09935 982.4
0.09936 982.4
0.09937 982.4
0.09938 982.4
0.09939 982.4
0.09940 982.4
0.09941 982.4
0.09942 982.4
0.09943 982.4
0.09944 982.4
0.09945 982.4
0.09946 982.4
0.09947 982.4
0.09948 982.4
0.09949 982.4
0.09950 982.4
0.09951 982.4
0.09952 982.4
0.09953 982.4
0.09954 982.4
0.09955 982.4
0.09956 982.4
0.09957 982.4
0.09958 982.4
0.09959 982.4
0.09960 982.4
0.09961 982.4
0.09962 982.4
0.09963 982.4
0.09964 982.4
0.09965 982.4
0.09966 982.4
0.09967 982.4
0.09968 982.4
0.09969 982.4
0.09970 982.4
0.09971 982.4
0.09972 982.4
0.09973 982.4
0.09974 982.4
0.09975 982.4
0.09976 982.4
0.09977 982.4
0.09978 982.4
0.09979 982.4
0.09980 982.4
0.09981 982.4
0.09982 982.4
0.09983 982.4
0.09984 982.4
0.09985 982.4
0.09986 982.4
0.09987 982.4
0.09988 982.4
0.09989 982.4
0.09990 982.4
0.09991 982.4
0.09992 982.4
0.09993 982.4
0.09994 982.4
0.09995 982.4
0.09996 982.4
0.09997 982.4
0.09998 982.4
0.09999 982.4
0.10000 982.4
