0.00000 780.5
0.00001 780.5
0.00002 780.5
0.00003 780.5
0.00004 780.5
0.00005 780.5
0.00006 780.5
0.00007 780.5
0.00008 780.5
0.00009 780.5
0.00010 780.5
0.00011 780.5
0.00012 780.5
0.00013 780.5
0.00014 780.5
0.00015 780.5
0.00016 780.5
0.00017 780.5
0.00018 780.5
0.00019 780.5
0.00020 780.5
0.00021 780.5
0.00022 780.5
0.00023 780.5
0.00024 780.5
0.00025 780.5
0.00026 780.5
0.00027 780.5
0.00028 780.5
0.00029 780.5
0.00030 780.5
0.00031 780.5
0.00032 780.5
0.00033 780.5
0.00034 780.5
0.00035 780.5
0.00036 780.5
0.00037 780.5
0.00038 780.5
0.00039 780.5
0.00040 780.5
0.00041 780.5
0.00042 780.5
0.00043 780.5
0.00044 780.5
0.00045 780.5
0.00046 780.5
0.00047 780.5
0.00048 780.5
0.00049 780.5
0.00050 780.5
0.00051 780.5
0.00052 780.5
0.00053 780.5
0.00054 780.5
0.00055 780.5
0.00056 780.5
0.00057 780.5
0.00058 780.5
0.00059 780.5
0.00060 780.5
0.00061 780.5
0.00062 780.5
0.00063 780.5
0.00064 780.5
0.00065 780.5
0.00066 780.5
0.00067 780.5
0.00068 780.5
0.00069 780.5
0.00070 780.5
0.00071 780.5
0.00072 780.5
0.00073 780.5
0.00074 780.5
0.00075 780.5
0.00076 780.5
0.00077 780.5
0.00078 780.5
0.00079 780.5
0.00080 780.5
0.00081 780.5
0.00082 780.5
0.00083 780.5
0.00084 780.5
0.00085 780.5
0.00086 780.5
0.00087 780.5
0.00088 780.5
0.00089 780.5
0.00090 780.5
0.00091 780.5
0.00092 780.5
0.00093 780.5
0.00094 780.5
0.00095 780.5
0.00096 780.5
0.00097 780.5
0.00098 780.5
0.00099 780.5
0.00100 780.5
0.00101 796.5
0.00102 812.8
0.00103 829.4
0.00104 846.3
0.00105 863.4
0.00106 880.9
0.00107 898.6
0.00108 916.7
0.00109 935.1
0.00110 953.8
0.00111 972.8
0.00112 992.1
0.00113 1011.8
0.00114 1031.8
0.00115 1052.1
0.00116 1072.8
0.00117 1093.9
0.00118 1115.3
0.00119 1137.1
0.00120 1159.3
0.00121 1182.0
0.00122 1205.0
0.00123 1228.5
0.00124 1252.4
0.00125 1276.9
0.00126 1301.8
0.00127 1327.3
0.00128 1353.3
0.00129 1380.0
0.00130 1407.3
0.00131 1435.4
0.00132 1464.3
0.00133 1494.0
0.00134 1524.7
0.00135 1556.5
0.00136 1589.5
0.00137 1623.8
0.00138 1659.7
0.00139 1697.3
0.00140 1736.8
0.00141 1778.7
0.00142 1823.1
0.00143 1870.6
0.00144 1921.5
0.00145 1976.6
0.00146 2036.5
0.00147 2102.0
0.00148 2174.2
0.00149 2254.3
0.00150 2343.9
0.00151 2395.9
0.00152 2458.6
0.00153 2533.4
0.00154 2622.2
0.00155 2727.0
0.00156 2850.7
0.00157 2996.1
0.00158 3166.9
0.00159 3367.1
0.00160 3601.0
0.00161 3872.8
0.00162 4186.0
0.00163 4542.1
0.00164 4939.3
0.00165 5370.9
0.00166 5824.2
0.00167 6281.9
0.00168 6724.4
0.00169 7134.8
0.00170 7501.4
0.00171 7819.0
0.00172 8087.5
0.00173 8310.2
0.00174 8491.7
0.00175 8636.9
0.00176 8750.5
0.00177 8836.4
0.00178 8898.0
0.00179 8938.3
0.00180 8959.5
0.00181 8963.6
0.00182 8952.3
0.00183 8926.9
0.00184 8888.5
0.00185 8838.1
0.00186 8776.5
0.00187 8704.4
0.00188 8622.5
0.00189 8531.4
0.00190 8431.5
0.00191 8323.6
0.00192 8207.9
0.00193 8085.2
0.00194 7955.7
0.00195 7820.1
0.00196 7678.9
0.00197 7532.6
0.00198 7381.6
0.00199 7226.6
0.00200 7068.1
0.00201 6906.6
0.00202 6742.7
0.00203 6577.0
0.00204 6409.8
0.00205 6241.9
0.00206 6073.7
0.00207 5905.8
0.00208 5738.5
0.00209 5572.4
0.00210 5407.9
0.00211 5245.4
0.00212 5085.3
0.00213 4927.9
0.00214 4773.5
0.00215 4622.5
0.00216 4475.0
0.00217 4331.2
0.00218 4191.4
0.00219 4055.7
0.00220 3924.1
0.00221 3796.8
0.00222 3673.8
0.00223 3555.1
0.00224 3440.8
0.00225 3330.8
0.00226 3225.0
0.00227 3123.5
0.00228 3026.0
0.00229 2932.6
0.00230 2843.2
0.00231 2757.5
0.00232 2675.6
0.00233 2597.3
0.00234 2522.4
0.00235 2450.8
0.00236 2382.5
0.00237 2317.2
0.00238 2254.8
0.00239 2195.2
0.00240 2138.3
0.00241 2083.9
0.00242 2032.0
0.00243 1982.3
0.00244 1934.9
0.00245 1889.5
0.00246 1846.1
0.00247 1804.6
0.00248 1764.8
0.00249 1726.8
0.00250 1690.3
0.00251 1655.4
0.00252 1621.9
0.00253 1589.7
0.00254 1558.9
0.00255 1529.2
0.00256 1500.8
0.00257 1473.4
0.00258 1447.2
0.00259 1421.9
0.00260 1397.6
0.00261 1374.1
0.00262 1351.6
0.00263 1329.9
0.00264 1309.0
0.00265 1288.9
0.00266 1269.4
0.00267 1250.7
0.00268 1232.7
0.00269 1215.3
0.00270 1198.5
0.00271 1182.3
0.00272 1166.7
0.00273 1151.7
0.00274 1137.2
0.00275 1123.2
0.00276 1109.7
0.00277 1096.7
0.00278 1084.1
0.00279 1072.0
0.00280 1060.3
0.00281 1049.1
0.00282 1038.2
0.00283 1027.8
0.00284 1017.7
0.00285 1008.0
0.00286 998.6
0.00287 989.6
0.00288 980.9
0.00289 972.5
0.00290 964.4
0.00291 956.6
0.00292 949.1
0.00293 941.9
0.00294 935.0
0.00295 928.3
0.00296 921.8
0.00297 915.6
0.00298 909.6
0.00299 903.8
0.00300 898.2
0.00301 892.8
0.00302 887.6
0.00303 882.6
0.00304 877.8
0.00305 873.2
0.00306 868.7
0.00307 864.4
0.00308 860.2
0.00309 856.2
0.00310 852.3
0.00311 848.5
0.00312 844.9
0.00313 841.4
0.00314 838.1
0.00315 834.8
0.00316 831.7
0.00317 828.6
0.00318 825.7
0.00319 822.8
0.00320 820.1
0.00321 817.5
0.00322 814.9
0.00323 812.4
0.00324 810.0
0.00325 807.7
0.00326 805.5
0.00327 803.3
0.00328 801.2
0.00329 799.2
0.00330 797.2
0.00331 795.3
0.00332 793.4
0.00333 791.6
0.00334 789.9
0.00335 788.2
0.00336 786.6
0.00337 785.0
0.00338 783.5
0.00339 782.0
0.00340 780.6
0.00341 779.2
0.00342 777.9
0.00343 776.6
0.00344 775.3
0.00345 774.1
0.00346 772.9
0.00347 771.7
0.00348 770.6
0.00349 769.5
0.00350 768.4
0.00351 767.4
0.00352 766.4
0.00353 765.4
0.00354 764.5
0.00355 763.6
0.00356 762.7
0.00357 761.8
0.00358 761.0
0.00359 760.2
0.00360 759.4
0.00361 758.6
0.00362 757.9
0.00363 757.1
0.00364 756.4
0.00365 755.7
0.00366 755.1
0.00367 754.4
0.00368 753.8
0.00369 753.2
0.00370 752.6
0.00371 752.0
0.00372 751.4
0.00373 750.9
0.00374 750.4
0.00375 749.8
0.00376 749.3
0.00377 748.8
0.00378 748.4
0.00379 747.9
0.00380 747.4
0.00381 747.0
0.00382 746.6
0.00383 746.1
0.00384 745.7
0.00385 745.3
0.00386 745.0
0.00387 744.6
0.00388 744.2
0.00389 743.9
0.00390 743.5
0.00391 743.2
0.00392 742.8
0.00393 742.5
0.00394 742.2
0.00395 741.9
0.00396 741.6
0.00397 741.3
0.00398 741.0
0.00399 740.8
0.00400 740.5
0.00401 740.2
0.00402 740.0
0.00403 739.7
0.00404 739.5
0.00405 739.3
0.00406 739.0
0.00407 738.8
0.00408 738.6
0.00409 738.4
0.00410 738.2
0.00411 738.0
0.00412 737.8
0.00413 737.6
0.00414 737.4
0.00415 737.2
0.00416 737.0
0.00417 736.9
0.00418 736.7
0.00419 736.5
0.00420 736.4
0.00421 736.2
0.00422 736.1
0.00423 735.9
0.00424 735.8
0.00425 735.7
0.00426 735.5
0.00427 735.4
0.00428 735.3
0.00429 735.1
0.00430 735.0
0.00431 734.9
0.00432 734.8
0.00433 734.7
0.00434 734.6
0.00435 734.5
0.00436 734.4
0.00437 734.3
0.00438 734.2
0.00439 734.1
0.00440 734.0
0.00441 733.9
0.00442 733.8
0.00443 733.7
0.00444 733.6
0.00445 733.6
0.00446 733.5
0.00447 733.4
0.00448 733.3
0.00449 733.3
0.00450 733.2
0.00451 733.1
0.00452 733.1
0.00453 733.0
0.00454 732.9
0.00455 732.9
0.00456 732.8
0.00457 732.8
0.00458 732.7
0.00459 732.7
0.00460 732.6
0.00461 732.6
0.00462 732.5
0.00463 732.5
0.00464 732.4
0.00465 732.4
0.00466 732.3
0.00467 732.3
0.00468 732.3
0.00469 732.2
0.00470 732.2
0.00471 732.2
0.00472 732.1
0.00473 732.1
0.00474 732.1
0.00475 732.0
0.00476 732.0
0.00477 732.0
0.00478 732.0
0.00479 731.9
0.00480 731.9
0.00481 731.9
0.00482 731.9
0.00483 731.9
0.00484 731.8
0.00485 731.8
0.00486 731.8
0.00487 731.8
0.00488 731.8
0.00489 731.8
0.00490 731.8
0.00491 731.7
0.00492 731.7
0.00493 731.7
0.00494 731.7
0.00495 731.7
0.00496 731.7
0.00497 731.7
0.00498 731.7
0.00499 731.7
0.00500 731.7
0.00501 731.7
0.00502 731.7
0.00503 731.7
0.00504 731.7
0.00505 731.7
0.00506 731.7
0.00507 731.7
0.00508 731.7
0.00509 731.7
0.00510 731.7
0.00511 731.7
0.00512 731.7
0.00513 731.7
0.00514 731.7
0.00515 731.7
0.00516 731.7
0.00517 731.7
0.00518 731.7
0.00519 731.7
0.00520 731.8
0.00521 731.8
0.00522 731.8
0.00523 731.8
0.00524 731.8
0.00525 731.8
0.00526 731.8
0.00527 731.8
0.00528 731.9
0.00529 731.9
0.00530 731.9
0.00531 731.9
0.00532 731.9
0.00533 731.9
0.00534 731.9
0.00535 732.0
0.00536 732.0
0.00537 732.0
0.00538 732.0
0.00539 732.0
0.00540 732.1
0.00541 732.1
0.00542 732.1
0.00543 732.1
0.00544 732.1
0.00545 732.2
0.00546 732.2
0.00547 732.2
0.00548 732.2
0.00549 732.2
0.00550 732.3
0.00551 732.3
0.00552 732.3
0.00553 732.3
0.00554 732.4
0.00555 732.4
0.00556 732.4
0.00557 732.4
0.00558 732.5
0.00559 732.5
0.00560 732.5
0.00561 732.5
0.00562 732.6
0.00563 732.6
0.00564 732.6
0.00565 732.6
0.00566 732.7
0.00567 732.7
0.00568 732.7
0.00569 732.8
0.00570 732.8
0.00571 732.8
0.00572 732.8
0.00573 732.9
0.00574 732.9
0.00575 732.9
0.00576 733.0
0.00577 733.0
0.00578 733.0
0.00579 733.1
0.00580 733.1
0.00581 733.1
0.00582 733.1
0.00583 733.2
0.00584 733.2
0.00585 733.2
0.00586 733.3
0.00587 733.3
0.00588 733.3
0.00589 733.4
0.00590 733.4
0.00591 733.4
0.00592 733.5
0.00593 733.5
0.00594 733.5
0.00595 733.6
0.00596 733.6
0.00597 733.6
0.00598 733.7
0.00599 733.7
0.00600 733.8
0.00601 733.8
0.00602 733.8
0.00603 733.9
0.00604 733.9
0.00605 733.9
0.00606 734.0
0.00607 734.0
0.00608 734.0
0.00609 734.1
0.00610 734.1
0.00611 734.2
0.00612 734.2
0.00613 734.2
0.00614 734.3
0.00615 734.3
0.00616 734.3
0.00617 734.4
0.00618 734.4
0.00619 734.5
0.00620 734.5
0.00621 734.5
0.00622 734.6
0.00623 734.6
0.00624 734.7
0.00625 734.7
0.00626 734.7
0.00627 734.8
0.00628 734.8
0.00629 734.9
0.00630 734.9
0.00631 734.9
0.00632 735.0
0.00633 735.0
0.00634 735.1
0.00635 735.1
0.00636 735.1
0.00637 735.2
0.00638 735.2
0.00639 735.3
0.00640 735.3
0.00641 735.3
0.00642 735.4
0.00643 735.4
0.00644 735.5
0.00645 735.5
0.00646 735.5
0.00647 735.6
0.00648 735.6
0.00649 735.7
0.00650 735.7
0.00651 735.8
0.00652 735.8
0.00653 735.8
0.00654 735.9
0.00655 735.9
0.00656 736.0
0.00657 736.0
0.00658 736.1
0.00659 736.1
0.00660 736.1
0.00661 736.2
0.00662 736.2
0.00663 736.3
0.00664 736.3
0.00665 736.4
0.00666 736.4
0.00667 736.4
0.00668 736.5
0.00669 736.5
0.00670 736.6
0.00671 736.6
0.00672 736.7
0.00673 736.7
0.00674 736.8
0.00675 736.8
0.00676 736.8
0.00677 736.9
0.00678 736.9
0.00679 737.0
0.00680 737.0
0.00681 737.1
0.00682 737.1
0.00683 737.2
0.00684 737.2
0.00685 737.3
0.00686 737.3
0.00687 737.3
0.00688 737.4
0.00689 737.4
0.00690 737.5
0.00691 737.5
0.00692 737.6
0.00693 737.6
0.00694 737.7
0.00695 737.7
0.00696 737.8
0.00697 737.8
0.00698 737.8
0.00699 737.9
0.00700 737.9
0.00701 738.0
0.00702 738.0
0.00703 738.1
0.00704 738.1
0.00705 738.2
0.00706 738.2
0.00707 738.3
0.00708 738.3
0.00709 738.4
0.00710 738.4
0.00711 738.4
0.00712 738.5
0.00713 738.5
0.00714 738.6
0.00715 738.6
0.00716 738.7
0.00717 738.7
0.00718 738.8
0.00719 738.8
0.00720 738.9
0.00721 738.9
0.00722 739.0
0.00723 739.0
0.00724 739.1
0.00725 739.1
0.00726 739.2
0.00727 739.2
0.00728 739.2
0.00729 739.3
0.00730 739.3
0.00731 739.4
0.00732 739.4
0.00733 739.5
0.00734 739.5
0.00735 739.6
0.00736 739.6
0.00737 739.7
0.00738 739.7
0.00739 739.8
0.00740 739.8
0.00741 739.9
0.00742 739.9
0.00743 740.0
0.00744 740.0
0.00745 740.1
0.00746 740.1
0.00747 740.2
0.00748 740.2
0.00749 740.3
0.00750 740.3
0.00751 740.3
0.00752 740.4
0.00753 740.4
0.00754 740.5
0.00755 740.5
0.00756 740.6
0.00757 740.6
0.00758 740.7
0.00759 740.7
0.00760 740.8
0.00761 740.8
0.00762 740.9
0.00763 740.9
0.00764 741.0
0.00765 741.0
0.00766 741.1
0.00767 741.1
0.00768 741.2
0.00769 741.2
0.00770 741.3
0.00771 741.3
0.00772 741.4
0.00773 741.4
0.00774 741.5
0.00775 741.5
0.00776 741.6
0.00777 741.6
0.00778 741.7
0.00779 741.7
0.00780 741.8
0.00781 741.8
0.00782 741.9
0.00783 741.9
0.00784 741.9
0.00785 742.0
0.00786 742.0
0.00787 742.1
0.00788 742.1
0.00789 742.2
0.00790 742.2
0.00791 742.3
0.00792 742.3
0.00793 742.4
0.00794 742.4
0.00795 742.5
0.00796 742.5
0.00797 742.6
0.00798 742.6
0.00799 742.7
0.00800 742.7
0.00801 742.8
0.00802 742.8
0.00803 742.9
0.00804 742.9
0.00805 743.0
0.00806 743.0
0.00807 743.1
0.00808 743.1
0.00809 743.2
0.00810 743.2
0.00811 743.3
0.00812 743.3
0.00813 743.4
0.00814 743.4
0.00815 743.5
0.00816 743.5
0.00817 743.6
0.00818 743.6
0.00819 743.7
0.00820 743.7
0.00821 743.8
0.00822 743.8
0.00823 743.9
0.00824 743.9
0.00825 744.0
0.00826 744.0
0.00827 744.1
0.00828 744.1
0.00829 744.1
0.00830 744.2
0.00831 744.2
0.00832 744.3
0.00833 744.3
0.00834 744.4
0.00835 744.4
0.00836 744.5
0.00837 744.5
0.00838 744.6
0.00839 744.6
0.00840 744.7
0.00841 744.7
0.00842 744.8
0.00843 744.8
0.00844 744.9
0.00845 744.9
0.00846 745.0
0.00847 745.0
0.00848 745.1
0.00849 745.1
0.00850 745.2
0.00851 745.2
0.00852 745.3
0.00853 745.3
0.00854 745.4
0.00855 745.4
0.00856 745.5
0.00857 745.5
0.00858 745.6
0.00859 745.6
0.00860 745.7
0.00861 745.7
0.00862 745.8
0.00863 745.8
0.00864 745.9
0.00865 745.9
0.00866 745.9
0.00867 746.0
0.00868 746.0
0.00869 746.1
0.00870 746.1
0.00871 746.2
0.00872 746.2
0.00873 746.3
0.00874 746.3
0.00875 746.4
0.00876 746.4
0.00877 746.5
0.00878 746.5
0.00879 746.6
0.00880 746.6
0.00881 746.7
0.00882 746.7
0.00883 746.8
0.00884 746.8
0.00885 746.9
0.00886 746.9
0.00887 747.0
0.00888 747.0
0.00889 747.1
0.00890 747.1
0.00891 747.2
0.00892 747.2
0.00893 747.2
0.00894 747.3
0.00895 747.3
0.00896 747.4
0.00897 747.4
0.00898 747.5
0.00899 747.5
0.00900 747.6
0.00901 747.6
0.00902 747.7
0.00903 747.7
0.00904 747.8
0.00905 747.8
0.00906 747.9
0.00907 747.9
0.00908 748.0
0.00909 748.0
0.00910 748.1
0.00911 748.1
0.00912 748.2
0.00913 748.2
0.00914 748.3
0.00915 748.3
0.00916 748.3
0.00917 748.4
0.00918 748.4
0.00919 748.5
0.00920 748.5
0.00921 748.6
0.00922 748.6
0.00923 748.7
0.00924 748.7
0.00925 748.8
0.00926 748.8
0.00927 748.9
0.00928 748.9
0.00929 749.0
0.00930 749.0
0.00931 749.1
0.00932 749.1
0.00933 749.1
0.00934 749.2
0.00935 749.2
0.00936 749.3
0.00937 749.3
0.00938 749.4
0.00939 749.4
0.00940 749.5
0.00941 749.5
0.00942 749.6
0.00943 749.6
0.00944 749.7
0.00945 749.7
0.00946 749.8
0.00947 749.8
0.00948 749.8
0.00949 749.9
0.00950 749.9
0.00951 750.0
0.00952 750.0
0.00953 750.1
0.00954 750.1
0.00955 750.2
0.00956 750.2
0.00957 750.3
0.00958 750.3
0.00959 750.4
0.00960 750.4
0.00961 750.4
0.00962 750.5
0.00963 750.5
0.00964 750.6
0.00965 750.6
0.00966 750.7
0.00967 750.7
0.00968 750.8
0.00969 750.8
0.00970 750.9
0.00971 750.9
0.00972 750.9
0.00973 751.0
0.00974 751.0
0.00975 751.1
0.00976 751.1
0.00977 751.2
0.00978 751.2
0.00979 751.3
0.00980 751.3
0.00981 751.4
0.00982 751.4
0.00983 751.4
0.00984 751.5
0.00985 751.5
0.00986 751.6
0.00987 751.6
0.00988 751.7
0.00989 751.7
0.00990 751.8
0.00991 751.8
0.00992 751.8
0.00993 751.9
0.00994 751.9
0.00995 752.0
0.00996 752.0
0.00997 752.1
0.00998 752.1
0.00999 752.2
0.01000 752.2
0.01001 752.2
0.01002 752.3
0.01003 752.3
0.01004 752.4
0.01005 752.4
0.01006 752.5
0.01007 752.5
0.01008 752.6
0.01009 752.6
0.01010 752.6
0.01011 752.7
0.01012 752.7
0.01013 752.8
0.01014 752.8
0.01015 752.9
0.01016 752.9
0.01017 753.0
0.01018 753.0
0.01019 753.0
0.01020 753.1
0.01021 753.1
0.01022 753.2
0.01023 753.2
0.01024 753.3
0.01025 753.3
0.01026 753.3
0.01027 753.4
0.01028 753.4
0.01029 753.5
0.01030 753.5
0.01031 753.6
0.01032 753.6
0.01033 753.6
0.01034 753.7
0.01035 753.7
0.01036 753.8
0.01037 753.8
0.01038 753.9
0.01039 753.9
0.01040 753.9
0.01041 754.0
0.01042 754.0
0.01043 754.1
0.01044 754.1
0.01045 754.2
0.01046 754.2
0.01047 754.2
0.01048 754.3
0.01049 754.3
0.01050 754.4
0.01051 754.4
0.01052 754.5
0.01053 754.5
0.01054 754.5
0.01055 754.6
0.01056 754.6
0.01057 754.7
0.01058 754.7
0.01059 754.7
0.01060 754.8
0.01061 754.8
0.01062 754.9
0.01063 754.9
0.01064 755.0
0.01065 755.0
0.01066 755.0
0.01067 755.1
0.01068 755.1
0.01069 755.2
0.01070 755.2
0.01071 755.2
0.01072 755.3
0.01073 755.3
0.01074 755.4
0.01075 755.4
0.01076 755.4
0.01077 755.5
0.01078 755.5
0.01079 755.6
0.01080 755.6
0.01081 755.7
0.01082 755.7
0.01083 755.7
0.01084 755.8
0.01085 755.8
0.01086 755.9
0.01087 755.9
0.01088 755.9
0.01089 756.0
0.01090 756.0
0.01091 756.1
0.01092 756.1
0.01093 756.1
0.01094 756.2
0.01095 756.2
0.01096 756.3
0.01097 756.3
0.01098 756.3
0.01099 756.4
0.01100 756.4
0.01101 756.5
0.01102 756.5
0.01103 756.5
0.01104 756.6
0.01105 756.6
0.01106 756.7
0.01107 756.7
0.01108 756.7
0.01109 756.8
0.01110 756.8
0.01111 756.9
0.01112 756.9
0.01113 756.9
0.01114 757.0
0.01115 757.0
0.01116 757.0
0.01117 757.1
0.01118 757.1
0.01119 757.2
0.01120 757.2
0.01121 757.2
0.01122 757.3
0.01123 757.3
0.01124 757.4
0.01125 757.4
0.01126 757.4
0.01127 757.5
0.01128 757.5
0.01129 757.6
0.01130 757.6
0.01131 757.6
0.01132 757.7
0.01133 757.7
0.01134 757.7
0.01135 757.8
0.01136 757.8
0.01137 757.9
0.01138 757.9
0.01139 757.9
0.01140 758.0
0.01141 758.0
0.01142 758.0
0.01143 758.1
0.01144 758.1
0.01145 758.2
0.01146 758.2
0.01147 758.2
0.01148 758.3
0.01149 758.3
0.01150 758.3
0.01151 758.4
0.01152 758.4
0.01153 758.5
0.01154 758.5
0.01155 758.5
0.01156 758.6
0.01157 758.6
0.01158 758.6
0.01159 758.7
0.01160 758.7
0.01161 758.8
0.01162 758.8
0.01163 758.8
0.01164 758.9
0.01165 758.9
0.01166 758.9
0.01167 759.0
0.01168 759.0
0.01169 759.0
0.01170 759.1
0.01171 759.1
0.01172 759.2
0.01173 759.2
0.01174 759.2
0.01175 759.3
0.01176 759.3
0.01177 759.3
0.01178 759.4
0.01179 759.4
0.01180 759.4
0.01181 759.5
0.01182 759.5
0.01183 759.6
0.01184 759.6
0.01185 759.6
0.01186 759.7
0.01187 759.7
0.01188 759.7
0.01189 759.8
0.01190 759.8
0.01191 759.8
0.01192 759.9
0.01193 759.9
0.01194 759.9
0.01195 760.0
0.01196 760.0
0.01197 760.0
0.01198 760.1
0.01199 760.1
0.01200 760.2
0.01201 760.2
0.01202 760.2
0.01203 760.3
0.01204 760.3
0.01205 760.3
0.01206 760.4
0.01207 760.4
0.01208 760.4
0.01209 760.5
0.01210 760.5
0.01211 760.5
0.01212 760.6
0.01213 760.6
0.01214 760.6
0.01215 760.7
0.01216 760.7
0.01217 760.7
0.01218 760.8
0.01219 760.8
0.01220 760.8
0.01221 760.9
0.01222 760.9
0.01223 760.9
0.01224 761.0
0.01225 761.0
0.01226 761.0
0.01227 761.1
0.01228 761.1
0.01229 761.1
0.01230 761.2
0.01231 761.2
0.01232 761.2
0.01233 761.3
0.01234 761.3
0.01235 761.3
0.01236 761.4
0.01237 761.4
0.01238 761.4
0.01239 761.5
0.01240 761.5
0.01241 761.5
0.01242 761.6
0.01243 761.6
0.01244 761.6
0.01245 761.7
0.01246 761.7
0.01247 761.7
0.01248 761.8
0.01249 761.8
0.01250 761.8
0.01251 761.9
0.01252 761.9
0.01253 761.9
0.01254 762.0
0.01255 762.0
0.01256 762.0
0.01257 762.1
0.01258 762.1
0.01259 762.1
0.01260 762.2
0.01261 762.2
0.01262 762.2
0.01263 762.3
0.01264 762.3
0.01265 762.3
0.01266 762.3
0.01267 762.4
0.01268 762.4
0.01269 762.4
0.01270 762.5
0.01271 762.5
0.01272 762.5
0.01273 762.6
0.01274 762.6
0.01275 762.6
0.01276 762.7
0.01277 762.7
0.01278 762.7
0.01279 762.8
0.01280 762.8
0.01281 762.8
0.01282 762.8
0.01283 762.9
0.01284 762.9
0.01285 762.9
0.01286 763.0
0.01287 763.0
0.01288 763.0
0.01289 763.1
0.01290 763.1
0.01291 763.1
0.01292 763.2
0.01293 763.2
0.01294 763.2
0.01295 763.2
0.01296 763.3
0.01297 763.3
0.01298 763.3
0.01299 763.4
0.01300 763.4
0.01301 763.4
0.01302 763.5
0.01303 763.5
0.01304 763.5
0.01305 763.5
0.01306 763.6
0.01307 763.6
0.01308 763.6
0.01309 763.7
0.01310 763.7
0.01311 763.7
0.01312 763.8
0.01313 763.8
0.01314 763.8
0.01315 763.8
0.01316 763.9
0.01317 763.9
0.01318 763.9
0.01319 764.0
0.01320 764.0
0.01321 764.0
0.01322 764.0
0.01323 764.1
0.01324 764.1
0.01325 764.1
0.01326 764.2
0.01327 764.2
0.01328 764.2
0.01329 764.2
0.01330 764.3
0.01331 764.3
0.01332 764.3
0.01333 764.4
0.01334 764.4
0.01335 764.4
0.01336 764.4
0.01337 764.5
0.01338 764.5
0.01339 764.5
0.01340 764.6
0.01341 764.6
0.01342 764.6
0.01343 764.6
0.01344 764.7
0.01345 764.7
0.01346 764.7
0.01347 764.8
0.01348 764.8
0.01349 764.8
0.01350 764.8
0.01351 764.9
0.01352 764.9
0.01353 764.9
0.01354 764.9
0.01355 765.0
0.01356 765.0
0.01357 765.0
0.01358 765.1
0.01359 765.1
0.01360 765.1
0.01361 765.1
0.01362 765.2
0.01363 765.2
0.01364 765.2
0.01365 765.2
0.01366 765.3
0.01367 765.3
0.01368 765.3
0.01369 765.4
0.01370 765.4
0.01371 765.4
0.01372 765.4
0.01373 765.5
0.01374 765.5
0.01375 765.5
0.01376 765.5
0.01377 765.6
0.01378 765.6
0.01379 765.6
0.01380 765.6
0.01381 765.7
0.01382 765.7
0.01383 765.7
0.01384 765.7
0.01385 765.8
0.01386 765.8
0.01387 765.8
0.01388 765.9
0.01389 765.9
0.01390 765.9
0.01391 765.9
0.01392 766.0
0.01393 766.0
0.01394 766.0
0.01395 766.0
0.01396 766.1
0.01397 766.1
0.01398 766.1
0.01399 766.1
0.01400 766.2
0.01401 766.2
0.01402 766.2
0.01403 766.2
0.01404 766.3
0.01405 766.3
0.01406 766.3
0.01407 766.3
0.01408 766.4
0.01409 766.4
0.01410 766.4
0.01411 766.4
0.01412 766.5
0.01413 766.5
0.01414 766.5
0.01415 766.5
0.01416 766.6
0.01417 766.6
0.01418 766.6
0.01419 766.6
0.01420 766.7
0.01421 766.7
0.01422 766.7
0.01423 766.7
0.01424 766.8
0.01425 766.8
0.01426 766.8
0.01427 766.8
0.01428 766.9
0.01429 766.9
0.01430 766.9
0.01431 766.9
0.01432 767.0
0.01433 767.0
0.01434 767.0
0.01435 767.0
0.01436 767.0
0.01437 767.1
0.01438 767.1
0.01439 767.1
0.01440 767.1
0.01441 767.2
0.01442 767.2
0.01443 767.2
0.01444 767.2
0.01445 767.3
0.01446 767.3
0.01447 767.3
0.01448 767.3
0.01449 767.4
0.01450 767.4
0.01451 767.4
0.01452 767.4
0.01453 767.4
0.01454 767.5
0.01455 767.5
0.01456 767.5
0.01457 767.5
0.01458 767.6
0.01459 767.6
0.01460 767.6
0.01461 767.6
0.01462 767.7
0.01463 767.7
0.01464 767.7
0.01465 767.7
0.01466 767.7
0.01467 767.8
0.01468 767.8
0.01469 767.8
0.01470 767.8
0.01471 767.9
0.01472 767.9
0.01473 767.9
0.01474 767.9
0.01475 767.9
0.01476 768.0
0.01477 768.0
0.01478 768.0
0.01479 768.0
0.01480 768.1
0.01481 768.1
0.01482 768.1
0.01483 768.1
0.01484 768.1
0.01485 768.2
0.01486 768.2
0.01487 768.2
0.01488 768.2
0.01489 768.3
0.01490 768.3
0.01491 768.3
0.01492 768.3
0.01493 768.3
0.01494 768.4
0.01495 768.4
0.01496 768.4
0.01497 768.4
0.01498 768.5
0.01499 768.5
0.01500 768.5
0.01501 768.5
0.01502 768.5
0.01503 768.6
0.01504 768.6
0.01505 768.6
0.01506 768.6
0.01507 768.6
0.01508 768.7
0.01509 768.7
0.01510 768.7
0.01511 768.7
0.01512 768.7
0.01513 768.8
0.01514 768.8
0.01515 768.8
0.01516 768.8
0.01517 768.9
0.01518 768.9
0.01519 768.9
0.01520 768.9
0.01521 768.9
0.01522 769.0
0.01523 769.0
0.01524 769.0
0.01525 769.0
0.01526 769.0
0.01527 769.1
0.01528 769.1
0.01529 769.1
0.01530 769.1
0.01531 769.1
0.01532 769.2
0.01533 769.2
0.01534 769.2
0.01535 769.2
0.01536 769.2
0.01537 769.3
0.01538 769.3
0.01539 769.3
0.01540 769.3
0.01541 769.3
0.01542 769.4
0.01543 769.4
0.01544 769.4
0.01545 769.4
0.01546 769.4
0.01547 769.5
0.01548 769.5
0.01549 769.5
0.01550 769.5
0.01551 769.5
0.01552 769.6
0.01553 769.6
0.01554 769.6
0.01555 769.6
0.01556 769.6
0.01557 769.7
0.01558 769.7
0.01559 769.7
0.01560 769.7
0.01561 769.7
0.01562 769.7
0.01563 769.8
0.01564 769.8
0.01565 769.8
0.01566 769.8
0.01567 769.8
0.01568 769.9
0.01569 769.9
0.01570 769.9
0.01571 769.9
0.01572 769.9
0.01573 770.0
0.01574 770.0
0.01575 770.0
0.01576 770.0
0.01577 770.0
0.01578 770.0
0.01579 770.1
0.01580 770.1
0.01581 770.1
0.01582 770.1
0.01583 770.1
0.01584 770.2
0.01585 770.2
0.01586 770.2
0.01587 770.2
0.01588 770.2
0.01589 770.3
0.01590 770.3
0.01591 770.3
0.01592 770.3
0.01593 770.3
0.01594 770.3
0.01595 770.4
0.01596 770.4
0.01597 770.4
0.01598 770.4
0.01599 770.4
0.01600 770.4
0.01601 770.5
0.01602 770.5
0.01603 770.5
0.01604 770.5
0.01605 770.5
0.01606 770.6
0.01607 770.6
0.01608 770.6
0.01609 770.6
0.01610 770.6
0.01611 770.6
0.01612 770.7
0.01613 770.7
0.01614 770.7
0.01615 770.7
0.01616 770.7
0.01617 770.7
0.01618 770.8
0.01619 770.8
0.01620 770.8
0.01621 770.8
0.01622 770.8
0.01623 770.9
0.01624 770.9
0.01625 770.9
0.01626 770.9
0.01627 770.9
0.01628 770.9
0.01629 771.0
0.01630 771.0
0.01631 771.0
0.01632 771.0
0.01633 771.0
0.01634 771.0
0.01635 771.1
0.01636 771.1
0.01637 771.1
0.01638 771.1
0.01639 771.1
0.01640 771.1
0.01641 771.2
0.01642 771.2
0.01643 771.2
0.01644 771.2
0.01645 771.2
0.01646 771.2
0.01647 771.3
0.01648 771.3
0.01649 771.3
0.01650 771.3
0.01651 771.3
0.01652 771.3
0.01653 771.3
0.01654 771.4
0.01655 771.4
0.01656 771.4
0.01657 771.4
0.01658 771.4
0.01659 771.4
0.01660 771.5
0.01661 771.5
0.01662 771.5
0.01663 771.5
0.01664 771.5
0.01665 771.5
0.01666 771.6
0.01667 771.6
0.01668 771.6
0.01669 771.6
0.01670 771.6
0.01671 771.6
0.01672 771.7
0.01673 771.7
0.01674 771.7
0.01675 771.7
0.01676 771.7
0.01677 771.7
0.01678 771.7
0.01679 771.8
0.01680 771.8
0.01681 771.8
0.01682 771.8
0.01683 771.8
0.01684 771.8
0.01685 771.9
0.01686 771.9
0.01687 771.9
0.01688 771.9
0.01689 771.9
0.01690 771.9
0.01691 771.9
0.01692 772.0
0.01693 772.0
0.01694 772.0
0.01695 772.0
0.01696 772.0
0.01697 772.0
0.01698 772.0
0.01699 772.1
0.01700 772.1
0.01701 772.1
0.01702 772.1
0.01703 772.1
0.01704 772.1
0.01705 772.2
0.01706 772.2
0.01707 772.2
0.01708 772.2
0.01709 772.2
0.01710 772.2
0.01711 772.2
0.01712 772.3
0.01713 772.3
0.01714 772.3
0.01715 772.3
0.01716 772.3
0.01717 772.3
0.01718 772.3
0.01719 772.4
0.01720 772.4
0.01721 772.4
0.01722 772.4
0.01723 772.4
0.01724 772.4
0.01725 772.4
0.01726 772.5
0.01727 772.5
0.01728 772.5
0.01729 772.5
0.01730 772.5
0.01731 772.5
0.01732 772.5
0.01733 772.6
0.01734 772.6
0.01735 772.6
0.01736 772.6
0.01737 772.6
0.01738 772.6
0.01739 772.6
0.01740 772.6
0.01741 772.7
0.01742 772.7
0.01743 772.7
0.01744 772.7
0.01745 772.7
0.01746 772.7
0.01747 772.7
0.01748 772.8
0.01749 772.8
0.01750 772.8
0.01751 772.8
0.01752 772.8
0.01753 772.8
0.01754 772.8
0.01755 772.9
0.01756 772.9
0.01757 772.9
0.01758 772.9
0.01759 772.9
0.01760 772.9
0.01761 772.9
0.01762 772.9
0.01763 773.0
0.01764 773.0
0.01765 773.0
0.01766 773.0
0.01767 773.0
0.01768 773.0
0.01769 773.0
0.01770 773.0
0.01771 773.1
0.01772 773.1
0.01773 773.1
0.01774 773.1
0.01775 773.1
0.01776 773.1
0.01777 773.1
0.01778 773.2
0.01779 773.2
0.01780 773.2
0.01781 773.2
0.01782 773.2
0.01783 773.2
0.01784 773.2
0.01785 773.2
0.01786 773.3
0.01787 773.3
0.01788 773.3
0.01789 773.3
0.01790 773.3
0.01791 773.3
0.01792 773.3
0.01793 773.3
0.01794 773.4
0.01795 773.4
0.01796 773.4
0.01797 773.4
0.01798 773.4
0.01799 773.4
0.01800 773.4
0.01801 773.4
0.01802 773.5
0.01803 773.5
0.01804 773.5
0.01805 773.5
0.01806 773.5
0.01807 773.5
0.01808 773.5
0.01809 773.5
0.01810 773.5
0.01811 773.6
0.01812 773.6
0.01813 773.6
0.01814 773.6
0.01815 773.6
0.01816 773.6
0.01817 773.6
0.01818 773.6
0.01819 773.7
0.01820 773.7
0.01821 773.7
0.01822 773.7
0.01823 773.7
0.01824 773.7
0.01825 773.7
0.01826 773.7
0.01827 773.7
0.01828 773.8
0.01829 773.8
0.01830 773.8
0.01831 773.8
0.01832 773.8
0.01833 773.8
0.01834 773.8
0.01835 773.8
0.01836 773.9
0.01837 773.9
0.01838 773.9
0.01839 773.9
0.01840 773.9
0.01841 773.9
0.01842 773.9
0.01843 773.9
0.01844 773.9
0.01845 774.0
0.01846 774.0
0.01847 774.0
0.01848 774.0
0.01849 774.0
0.01850 774.0
0.01851 774.0
0.01852 774.0
0.01853 774.0
0.01854 774.1
0.01855 774.1
0.01856 774.1
0.01857 774.1
0.01858 774.1
0.01859 774.1
0.01860 774.1
0.01861 774.1
0.01862 774.1
0.01863 774.2
0.01864 774.2
0.01865 774.2
0.01866 774.2
0.01867 774.2
0.01868 774.2
0.01869 774.2
0.01870 774.2
0.01871 774.2
0.01872 774.3
0.01873 774.3
0.01874 774.3
0.01875 774.3
0.01876 774.3
0.01877 774.3
0.01878 774.3
0.01879 774.3
0.01880 774.3
0.01881 774.3
0.01882 774.4
0.01883 774.4
0.01884 774.4
0.01885 774.4
0.01886 774.4
0.01887 774.4
0.01888 774.4
0.01889 774.4
0.01890 774.4
0.01891 774.5
0.01892 774.5
0.01893 774.5
0.01894 774.5
0.01895 774.5
0.01896 774.5
0.01897 774.5
0.01898 774.5
0.01899 774.5
0.01900 774.5
0.01901 774.6
0.01902 774.6
0.01903 774.6
0.01904 774.6
0.01905 774.6
0.01906 774.6
0.01907 774.6
0.01908 774.6
0.01909 774.6
0.01910 774.6
0.01911 774.7
0.01912 774.7
0.01913 774.7
0.01914 774.7
0.01915 774.7
0.01916 774.7
0.01917 774.7
0.01918 774.7
0.01919 774.7
0.01920 774.7
0.01921 774.8
0.01922 774.8
0.01923 774.8
0.01924 774.8
0.01925 774.8
0.01926 774.8
0.01927 774.8
0.01928 774.8
0.01929 774.8
0.01930 774.8
0.01931 774.8
0.01932 774.9
0.01933 774.9
0.01934 774.9
0.01935 774.9
0.01936 774.9
0.01937 774.9
0.01938 774.9
0.01939 774.9
0.01940 774.9
0.01941 774.9
0.01942 775.0
0.01943 775.0
0.01944 775.0
0.01945 775.0
0.01946 775.0
0.01947 775.0
0.01948 775.0
0.01949 775.0
0.01950 775.0
0.01951 775.0
0.01952 775.0
0.01953 775.1
0.01954 775.1
0.01955 775.1
0.01956 775.1
0.01957 775.1
0.01958 775.1
0.01959 775.1
0.01960 775.1
0.01961 775.1
0.01962 775.1
0.01963 775.1
0.01964 775.2
0.01965 775.2
0.01966 775.2
0.01967 775.2
0.01968 775.2
0.01969 775.2
0.01970 775.2
0.01971 775.2
0.01972 775.2
0.01973 775.2
0.01974 775.2
0.01975 775.3
0.01976 775.3
0.01977 775.3
0.01978 775.3
0.01979 775.3
0.01980 775.3
0.01981 775.3
0.01982 775.3
0.01983 775.3
0.01984 775.3
0.01985 775.3
0.01986 775.3
0.01987 775.4
0.01988 775.4
0.01989 775.4
0.01990 775.4
0.01991 775.4
0.01992 775.4
0.01993 775.4
0.01994 775.4
0.01995 775.4
0.01996 775.4
0.01997 775.4
0.01998 775.5
0.01999 775.5
0.02000 780.5
0.02001 780.5
0.02002 780.5
0.02003 780.5
0.02004 780.5
0.02005 780.5
0.02006 780.5
0.02007 780.5
0.02008 780.5
0.02009 780.5
0.02010 780.5
0.02011 780.5
0.02012 780.5
0.02013 780.5
0.02014 780.5
0.02015 780.5
0.02016 780.5
0.02017 780.5
0.02018 780.5
0.02019 780.5
0.02020 780.5
0.02021 780.5
0.02022 780.5
0.02023 780.5
0.02024 780.5
0.02025 780.5
0.02026 780.5
0.02027 780.5
0.02028 780.5
0.02029 780.5
0.02030 780.5
0.02031 780.5
0.02032 780.5
0.02033 780.5
0.02034 780.5
0.02035 780.5
0.02036 780.5
0.02037 780.5
0.02038 780.5
0.02039 780.5
0.02040 780.5
0.02041 780.5
0.02042 780.5
0.02043 780.5
0.02044 780.5
0.02045 780.5
0.02046 780.5
0.02047 780.5
0.02048 780.5
0.02049 780.5
0.02050 780.5
0.02051 780.5
0.02052 780.5
0.02053 780.5
0.02054 780.5
0.02055 780.5
0.02056 780.5
0.02057 780.5
0.02058 780.5
0.02059 780.5
0.02060 780.5
0.02061 780.5
0.02062 780.5
0.02063 780.5
0.02064 780.5
0.02065 780.5
0.02066 780.5
0.02067 780.5
0.02068 780.5
0.02069 780.5
0.02070 780.5
0.02071 780.5
0.02072 780.5
0.02073 780.5
0.02074 780.5
0.02075 780.5
0.02076 780.5
0.02077 780.5
0.02078 780.5
0.02079 780.5
0.02080 780.5
0.02081 780.5
0.02082 780.5
0.02083 780.5
0.02084 780.5
0.02085 780.5
0.02086 780.5
0.02087 780.5
0.02088 780.5
0.02089 780.5
0.02090 780.5
0.02091 780.5
0.02092 780.5
0.02093 780.5
0.02094 780.5
0.02095 780.5
0.02096 780.5
0.02097 780.5
0.02098 780.5
0.02099 780.5
0.02100 780.5
0.02101 780.5
0.02102 780.5
0.02103 780.5
0.02104 780.5
0.02105 780.5
0.02106 780.5
0.02107 780.5
0.02108 780.5
0.02109 780.5
0.02110 780.5
0.02111 780.5
0.02112 780.5
0.02113 780.5
0.02114 780.5
0.02115 780.5
0.02116 780.5
0.02117 780.5
0.02118 780.5
0.02119 780.5
0.02120 780.5
0.02121 780.5
0.02122 780.5
0.02123 780.5
0.02124 780.5
0.02125 780.5
0.02126 780.5
0.02127 780.5
0.02128 780.5
0.02129 780.5
0.02130 780.5
0.02131 780.5
0.02132 780.5
0.02133 780.5
0.02134 780.5
0.02135 780.5
0.02136 780.5
0.02137 780.5
0.02138 780.5
0.02139 780.5
0.02140 780.5
0.02141 780.5
0.02142 780.5
0.02143 780.5
0.02144 780.5
0.02145 780.5
0.02146 780.5
0.02147 780.5
0.02148 780.5
0.02149 780.5
0.02150 780.5
0.02151 780.5
0.02152 780.5
0.02153 780.5
0.02154 780.5
0.02155 780.5
0.02156 780.5
0.02157 780.5
0.02158 780.5
0.02159 780.5
0.02160 780.5
0.02161 780.5
0.02162 780.5
0.02163 780.5
0.02164 780.5
0.02165 780.5
0.02166 780.5
0.02167 780.5
0.02168 780.5
0.02169 780.5
0.02170 780.5
0.02171 780.5
0.02172 780.5
0.02173 780.5
0.02174 780.5
0.02175 780.5
0.02176 780.5
0.02177 780.5
0.02178 780.5
0.02179 780.5
0.02180 780.5
0.02181 780.5
0.02182 780.5
0.02183 780.5
0.02184 780.5
0.02185 780.5
0.02186 780.5
0.02187 780.5
0.02188 780.5
0.02189 780.5
0.02190 780.5
0.02191 780.5
0.02192 780.5
0.02193 780.5
0.02194 780.5
0.02195 780.5
0.02196 780.5
0.02197 780.5
0.02198 780.5
0.02199 780.5
0.02200 780.5
0.02201 780.5
0.02202 780.5
0.02203 780.5
0.02204 780.5
0.02205 780.5
0.02206 780.5
0.02207 780.5
0.02208 780.5
0.02209 780.5
0.02210 780.5
0.02211 780.5
0.02212 780.5
0.02213 780.5
0.02214 780.5
0.02215 780.5
0.02216 780.5
0.02217 780.5
0.02218 780.5
0.02219 780.5
0.02220 780.5
0.02221 780.5
0.02222 780.5
0.02223 780.5
0.02224 780.5
0.02225 780.5
0.02226 780.5
0.02227 780.5
0.02228 780.5
0.02229 780.5
0.02230 780.5
0.02231 780.5
0.02232 780.5
0.02233 780.5
0.02234 780.5
0.02235 780.5
0.02236 780.5
0.02237 780.5
0.02238 780.5
0.02239 780.5
0.02240 780.5
0.02241 780.5
0.02242 780.5
0.02243 780.5
0.02244 780.5
0.02245 780.5
0.02246 780.5
0.02247 780.5
0.02248 780.5
0.02249 780.5
0.02250 780.5
0.02251 780.5
0.02252 780.5
0.02253 780.5
0.02254 780.5
0.02255 780.5
0.02256 780.5
0.02257 780.5
0.02258 780.5
0.02259 780.5
0.02260 780.5
0.02261 780.5
0.02262 780.5
0.02263 780.5
0.02264 780.5
0.02265 780.5
0.02266 780.5
0.02267 780.5
0.02268 780.5
0.02269 780.5
0.02270 780.5
0.02271 780.5
0.02272 780.5
0.02273 780.5
0.02274 780.5
0.02275 780.5
0.02276 780.5
0.02277 780.5
0.02278 780.5
0.02279 780.5
0.02280 780.5
0.02281 780.5
0.02282 780.5
0.02283 780.5
0.02284 780.5
0.02285 780.5
0.02286 780.5
0.02287 780.5
0.02288 780.5
0.02289 780.5
0.02290 780.5
0.02291 780.5
0.02292 780.5
0.02293 780.5
0.02294 780.5
0.02295 780.5
0.02296 780.5
0.02297 780.5
0.02298 780.5
0.02299 780.5
0.02300 780.5
0.02301 780.5
0.02302 780.5
0.02303 780.5
0.02304 780.5
0.02305 780.5
0.02306 780.5
0.02307 780.5
0.02308 780.5
0.02309 780.5
0.02310 780.5
0.02311 780.5
0.02312 780.5
0.02313 780.5
0.02314 780.5
0.02315 780.5
0.02316 780.5
0.02317 780.5
0.02318 780.5
0.02319 780.5
0.02320 780.5
0.02321 780.5
0.02322 780.5
0.02323 780.5
0.02324 780.5
0.02325 780.5
0.02326 780.5
0.02327 780.5
0.02328 780.5
0.02329 780.5
0.02330 780.5
0.02331 780.5
0.02332 780.5
0.02333 780.5
0.02334 780.5
0.02335 780.5
0.02336 780.5
0.02337 780.5
0.02338 780.5
0.02339 780.5
0.02340 780.5
0.02341 780.5
0.02342 780.5
0.02343 780.5
0.02344 780.5
0.02345 780.5
0.02346 780.5
0.02347 780.5
0.02348 780.5
0.02349 780.5
0.02350 780.5
0.02351 780.5
0.02352 780.5
0.02353 780.5
0.02354 780.5
0.02355 780.5
0.02356 780.5
0.02357 780.5
0.02358 780.5
0.02359 780.5
0.02360 780.5
0.02361 780.5
0.02362 780.5
0.02363 780.5
0.02364 780.5
0.02365 780.5
0.02366 780.5
0.02367 780.5
0.02368 780.5
0.02369 780.5
0.02370 780.5
0.02371 780.5
0.02372 780.5
0.02373 780.5
0.02374 780.5
0.02375 780.5
0.02376 780.5
0.02377 780.5
0.02378 780.5
0.02379 780.5
0.02380 780.5
0.02381 780.5
0.02382 780.5
0.02383 780.5
0.02384 780.5
0.02385 780.5
0.02386 780.5
0.02387 780.5
0.02388 780.5
0.02389 780.5
0.02390 780.5
0.02391 780.5
0.02392 780.5
0.02393 780.5
0.02394 780.5
0.02395 780.5
0.02396 780.5
0.02397 780.5
0.02398 780.5
0.02399 780.5
0.02400 780.5
0.02401 780.5
0.02402 780.5
0.02403 780.5
0.02404 780.5
0.02405 780.5
0.02406 780.5
0.02407 780.5
0.02408 780.5
0.02409 780.5
0.02410 780.5
0.02411 780.5
0.02412 780.5
0.02413 780.5
0.02414 780.5
0.02415 780.5
0.02416 780.5
0.02417 780.5
0.02418 780.5
0.02419 780.5
0.02420 780.5
0.02421 780.5
0.02422 780.5
0.02423 780.5
0.02424 780.5
0.02425 780.5
0.02426 780.5
0.02427 780.5
0.02428 780.5
0.02429 780.5
0.02430 780.5
0.02431 780.5
0.02432 780.5
0.02433 780.5
0.02434 780.5
0.02435 780.5
0.02436 780.5
0.02437 780.5
0.02438 780.5
0.02439 780.5
0.02440 780.5
0.02441 780.5
0.02442 780.5
0.02443 780.5
0.02444 780.5
0.02445 780.5
0.02446 780.5
0.02447 780.5
0.02448 780.5
0.02449 780.5
0.02450 780.5
0.02451 780.5
0.02452 780.5
0.02453 780.5
0.02454 780.5
0.02455 780.5
0.02456 780.5
0.02457 780.5
0.02458 780.5
0.02459 780.5
0.02460 780.5
0.02461 780.5
0.02462 780.5
0.02463 780.5
0.02464 780.5
0.02465 780.5
0.02466 780.5
0.02467 780.5
0.02468 780.5
0.02469 780.5
0.02470 780.5
0.02471 780.5
0.02472 780.5
0.02473 780.5
0.02474 780.5
0.02475 780.5
0.02476 780.5
0.02477 780.5
0.02478 780.5
0.02479 780.5
0.02480 780.5
0.02481 780.5
0.02482 780.5
0.02483 780.5
0.02484 780.5
0.02485 780.5
0.02486 780.5
0.02487 780.5
0.02488 780.5
0.02489 780.5
0.02490 780.5
0.02491 780.5
0.02492 780.5
0.02493 780.5
0.02494 780.5
0.02495 780.5
0.02496 780.5
0.02497 780.5
0.02498 780.5
0.02499 780.5
0.02500 780.5
0.02501 780.5
0.02502 780.5
0.02503 780.5
0.02504 780.5
0.02505 780.5
0.02506 780.5
0.02507 780.5
0.02508 780.5
0.02509 780.5
0.02510 780.5
0.02511 780.5
0.02512 780.5
0.02513 780.5
0.02514 780.5
0.02515 780.5
0.02516 780.5
0.02517 780.5
0.02518 780.5
0.02519 780.5
0.02520 780.5
0.02521 780.5
0.02522 780.5
0.02523 780.5
0.02524 780.5
0.02525 780.5
0.02526 780.5
0.02527 780.5
0.02528 780.5
0.02529 780.5
0.02530 780.5
0.02531 780.5
0.02532 780.5
0.02533 780.5
0.02534 780.5
0.02535 780.5
0.02536 780.5
0.02537 780.5
0.02538 780.5
0.02539 780.5
0.02540 780.5
0.02541 780.5
0.02542 780.5
0.02543 780.5
0.02544 780.5
0.02545 780.5
0.02546 780.5
0.02547 780.5
0.02548 780.5
0.02549 780.5
0.02550 780.5
0.02551 780.5
0.02552 780.5
0.02553 780.5
0.02554 780.5
0.02555 780.5
0.02556 780.5
0.02557 780.5
0.02558 780.5
0.02559 780.5
0.02560 780.5
0.02561 780.5
0.02562 780.5
0.02563 780.5
0.02564 780.5
0.02565 780.5
0.02566 780.5
0.02567 780.5
0.02568 780.5
0.02569 780.5
0.02570 780.5
0.02571 780.5
0.02572 780.5
0.02573 780.5
0.02574 780.5
0.02575 780.5
0.02576 780.5
0.02577 780.5
0.02578 780.5
0.02579 780.5
0.02580 780.5
0.02581 780.5
0.02582 780.5
0.02583 780.5
0.02584 780.5
0.02585 780.5
0.02586 780.5
0.02587 780.5
0.02588 780.5
0.02589 780.5
0.02590 780.5
0.02591 780.5
0.02592 780.5
0.02593 780.5
0.02594 780.5
0.02595 780.5
0.02596 780.5
0.02597 780.5
0.02598 780.5
0.02599 780.5
0.02600 780.5
0.02601 780.5
0.02602 780.5
0.02603 780.5
0.02604 780.5
0.02605 780.5
0.02606 780.5
0.02607 780.5
0.02608 780.5
0.02609 780.5
0.02610 780.5
0.02611 780.5
0.02612 780.5
0.02613 780.5
0.02614 780.5
0.02615 780.5
0.02616 780.5
0.02617 780.5
0.02618 780.5
0.02619 780.5
0.02620 780.5
0.02621 780.5
0.02622 780.5
0.02623 780.5
0.02624 780.5
0.02625 780.5
0.02626 780.5
0.02627 780.5
0.02628 780.5
0.02629 780.5
0.02630 780.5
0.02631 780.5
0.02632 780.5
0.02633 780.5
0.02634 780.5
0.02635 780.5
0.02636 780.5
0.02637 780.5
0.02638 780.5
0.02639 780.5
0.02640 780.5
0.02641 780.5
0.02642 780.5
0.02643 780.5
0.02644 780.5
0.02645 780.5
0.02646 780.5
0.02647 780.5
0.02648 780.5
0.02649 780.5
0.02650 780.5
0.02651 780.5
0.02652 780.5
0.02653 780.5
0.02654 780.5
0.02655 780.5
0.02656 780.5
0.02657 780.5
0.02658 780.5
0.02659 780.5
0.02660 780.5
0.02661 780.5
0.02662 780.5
0.02663 780.5
0.02664 780.5
0.02665 780.5
0.02666 780.5
0.02667 780.5
0.02668 780.5
0.02669 780.5
0.02670 780.5
0.02671 780.5
0.02672 780.5
0.02673 780.5
0.02674 780.5
0.02675 780.5
0.02676 780.5
0.02677 780.5
0.02678 780.5
0.02679 780.5
0.02680 780.5
0.02681 780.5
0.02682 780.5
0.02683 780.5
0.02684 780.5
0.02685 780.5
0.02686 780.5
0.02687 780.5
0.02688 780.5
0.02689 780.5
0.02690 780.5
0.02691 780.5
0.02692 780.5
0.02693 780.5
0.02694 780.5
0.02695 780.5
0.02696 780.5
0.02697 780.5
0.02698 780.5
0.02699 780.5
0.02700 780.5
0.02701 780.5
0.02702 780.5
0.02703 780.5
0.02704 780.5
0.02705 780.5
0.02706 780.5
0.02707 780.5
0.02708 780.5
0.02709 780.5
0.02710 780.5
0.02711 780.5
0.02712 780.5
0.02713 780.5
0.02714 780.5
0.02715 780.5
0.02716 780.5
0.02717 780.5
0.02718 780.5
0.02719 780.5
0.02720 780.5
0.02721 780.5
0.02722 780.5
0.02723 780.5
0.02724 780.5
0.02725 780.5
0.02726 780.5
0.02727 780.5
0.02728 780.5
0.02729 780.5
0.02730 780.5
0.02731 780.5
0.02732 780.5
0.02733 780.5
0.02734 780.5
0.02735 780.5
0.02736 780.5
0.02737 780.5
0.02738 780.5
0.02739 780.5
0.02740 780.5
0.02741 780.5
0.02742 780.5
0.02743 780.5
0.02744 780.5
0.02745 780.5
0.02746 780.5
0.02747 780.5
0.02748 780.5
0.02749 780.5
0.02750 780.5
0.02751 780.5
0.02752 780.5
0.02753 780.5
0.02754 780.5
0.02755 780.5
0.02756 780.5
0.02757 780.5
0.02758 780.5
0.02759 780.5
0.02760 780.5
0.02761 780.5
0.02762 780.5
0.02763 780.5
0.02764 780.5
0.02765 780.5
0.02766 780.5
0.02767 780.5
0.02768 780.5
0.02769 780.5
0.02770 780.5
0.02771 780.5
0.02772 780.5
0.02773 780.5
0.02774 780.5
0.02775 780.5
0.02776 780.5
0.02777 780.5
0.02778 780.5
0.02779 780.5
0.02780 780.5
0.02781 780.5
0.02782 780.5
0.02783 780.5
0.02784 780.5
0.02785 780.5
0.02786 780.5
0.02787 780.5
0.02788 780.5
0.02789 780.5
0.02790 780.5
0.02791 780.5
0.02792 780.5
0.02793 780.5
0.02794 780.5
0.02795 780.5
0.02796 780.5
0.02797 780.5
0.02798 780.5
0.02799 780.5
0.02800 780.5
0.02801 780.5
0.02802 780.5
0.02803 780.5
0.02804 780.5
0.02805 780.5
0.02806 780.5
0.02807 780.5
0.02808 780.5
0.02809 780.5
0.02810 780.5
0.02811 780.5
0.02812 780.5
0.02813 780.5
0.02814 780.5
0.02815 780.5
0.02816 780.5
0.02817 780.5
0.02818 780.5
0.02819 780.5
0.02820 780.5
0.02821 780.5
0.02822 780.5
0.02823 780.5
0.02824 780.5
0.02825 780.5
0.02826 780.5
0.02827 780.5
0.02828 780.5
0.02829 780.5
0.02830 780.5
0.02831 780.5
0.02832 780.5
0.02833 780.5
0.02834 780.5
0.02835 780.5
0.02836 780.5
0.02837 780.5
0.02838 780.5
0.02839 780.5
0.02840 780.5
0.02841 780.5
0.02842 780.5
0.02843 780.5
0.02844 780.5
0.02845 780.5
0.02846 780.5
0.02847 780.5
0.02848 780.5
0.02849 780.5
0.02850 780.5
0.02851 780.5
0.02852 780.5
0.02853 780.5
0.02854 780.5
0.02855 780.5
0.02856 780.5
0.02857 780.5
0.02858 780.5
0.02859 780.5
0.02860 780.5
0.02861 780.5
0.02862 780.5
0.02863 780.5
0.02864 780.5
0.02865 780.5
0.02866 780.5
0.02867 780.5
0.02868 780.5
0.02869 780.5
0.02870 780.5
0.02871 780.5
0.02872 780.5
0.02873 780.5
0.02874 780.5
0.02875 780.5
0.02876 780.5
0.02877 780.5
0.02878 780.5
0.02879 780.5
0.02880 780.5
0.02881 780.5
0.02882 780.5
0.02883 780.5
0.02884 780.5
0.02885 780.5
0.02886 780.5
0.02887 780.5
0.02888 780.5
0.02889 780.5
0.02890 780.5
0.02891 780.5
0.02892 780.5
0.02893 780.5
0.02894 780.5
0.02895 780.5
0.02896 780.5
0.02897 780.5
0.02898 780.5
0.02899 780.5
0.02900 780.5
0.02901 780.5
0.02902 780.5
0.02903 780.5
0.02904 780.5
0.02905 780.5
0.02906 780.5
0.02907 780.5
0.02908 780.5
0.02909 780.5
0.02910 780.5
0.02911 780.5
0.02912 780.5
0.02913 780.5
0.02914 780.5
0.02915 780.5
0.02916 780.5
0.02917 780.5
0.02918 780.5
0.02919 780.5
0.02920 780.5
0.02921 780.5
0.02922 780.5
0.02923 780.5
0.02924 780.5
0.02925 780.5
0.02926 780.5
0.02927 780.5
0.02928 780.5
0.02929 780.5
0.02930 780.5
0.02931 780.5
0.02932 780.5
0.02933 780.5
0.02934 780.5
0.02935 780.5
0.02936 780.5
0.02937 780.5
0.02938 780.5
0.02939 780.5
0.02940 780.5
0.02941 780.5
0.02942 780.5
0.02943 780.5
0.02944 780.5
0.02945 780.5
0.02946 780.5
0.02947 780.5
0.02948 780.5
0.02949 780.5
0.02950 780.5
0.02951 780.5
0.02952 780.5
0.02953 780.5
0.02954 780.5
0.02955 780.5
0.02956 780.5
0.02957 780.5
0.02958 780.5
0.02959 780.5
0.02960 780.5
0.02961 780.5
0.02962 780.5
0.02963 780.5
0.02964 780.5
0.02965 780.5
0.02966 780.5
0.02967 780.5
0.02968 780.5
0.02969 780.5
0.02970 780.5
0.02971 780.5
0.02972 780.5
0.02973 780.5
0.02974 780.5
0.02975 780.5
0.02976 780.5
0.02977 780.5
0.02978 780.5
0.02979 780.5
0.02980 780.5
0.02981 780.5
0.02982 780.5
0.02983 780.5
0.02984 780.5
0.02985 780.5
0.02986 780.5
0.02987 780.5
0.02988 780.5
0.02989 780.5
0.02990 780.5
0.02991 780.5
0.02992 780.5
0.02993 780.5
0.02994 780.5
0.02995 780.5
0.02996 780.5
0.02997 780.5
0.02998 780.5
0.02999 780.5
0.03000 780.5
0.03001 780.5
0.03002 780.5
0.03003 780.5
0.03004 780.5
0.03005 780.5
0.03006 780.5
0.03007 780.5
0.03008 780.5
0.03009 780.5
0.03010 780.5
0.03011 780.5
0.03012 780.5
0.03013 780.5
0.03014 780.5
0.03015 780.5
0.03016 780.5
0.03017 780.5
0.03018 780.5
0.03019 780.5
0.03020 780.5
0.03021 780.5
0.03022 780.5
0.03023 780.5
0.03024 780.5
0.03025 780.5
0.03026 780.5
0.03027 780.5
0.03028 780.5
0.03029 780.5
0.03030 780.5
0.03031 780.5
0.03032 780.5
0.03033 780.5
0.03034 780.5
0.03035 780.5
0.03036 780.5
0.03037 780.5
0.03038 780.5
0.03039 780.5
0.03040 780.5
0.03041 780.5
0.03042 780.5
0.03043 780.5
0.03044 780.5
0.03045 780.5
0.03046 780.5
0.03047 780.5
0.03048 780.5
0.03049 780.5
0.03050 780.5
0.03051 780.5
0.03052 780.5
0.03053 780.5
0.03054 780.5
0.03055 780.5
0.03056 780.5
0.03057 780.5
0.03058 780.5
0.03059 780.5
0.03060 780.5
0.03061 780.5
0.03062 780.5
0.03063 780.5
0.03064 780.5
0.03065 780.5
0.03066 780.5
0.03067 780.5
0.03068 780.5
0.03069 780.5
0.03070 780.5
0.03071 780.5
0.03072 780.5
0.03073 780.5
0.03074 780.5
0.03075 780.5
0.03076 780.5
0.03077 780.5
0.03078 780.5
0.03079 780.5
0.03080 780.5
0.03081 780.5
0.03082 780.5
0.03083 780.5
0.03084 780.5
0.03085 780.5
0.03086 780.5
0.03087 780.5
0.03088 780.5
0.03089 780.5
0.03090 780.5
0.03091 780.5
0.03092 780.5
0.03093 780.5
0.03094 780.5
0.03095 780.5
0.03096 780.5
0.03097 780.5
0.03098 780.5
0.03099 780.5
0.03100 780.5
0.03101 780.5
0.03102 780.5
0.03103 780.5
0.03104 780.5
0.03105 780.5
0.03106 780.5
0.03107 780.5
0.03108 780.5
0.03109 780.5
0.03110 780.5
0.03111 780.5
0.03112 780.5
0.03113 780.5
0.03114 780.5
0.03115 780.5
0.03116 780.5
0.03117 780.5
0.03118 780.5
0.03119 780.5
0.03120 780.5
0.03121 780.5
0.03122 780.5
0.03123 780.5
0.03124 780.5
0.03125 780.5
0.03126 780.5
0.03127 780.5
0.03128 780.5
0.03129 780.5
0.03130 780.5
0.03131 780.5
0.03132 780.5
0.03133 780.5
0.03134 780.5
0.03135 780.5
0.03136 780.5
0.03137 780.5
0.03138 780.5
0.03139 780.5
0.03140 780.5
0.03141 780.5
0.03142 780.5
0.03143 780.5
0.03144 780.5
0.03145 780.5
0.03146 780.5
0.03147 780.5
0.03148 780.5
0.03149 780.5
0.03150 780.5
0.03151 780.5
0.03152 780.5
0.03153 780.5
0.03154 780.5
0.03155 780.5
0.03156 780.5
0.03157 780.5
0.03158 780.5
0.03159 780.5
0.03160 780.5
0.03161 780.5
0.03162 780.5
0.03163 780.5
0.03164 780.5
0.03165 780.5
0.03166 780.5
0.03167 780.5
0.03168 780.5
0.03169 780.5
0.03170 780.5
0.03171 780.5
0.03172 780.5
0.03173 780.5
0.03174 780.5
0.03175 780.5
0.03176 780.5
0.03177 780.5
0.03178 780.5
0.03179 780.5
0.03180 780.5
0.03181 780.5
0.03182 780.5
0.03183 780.5
0.03184 780.5
0.03185 780.5
0.03186 780.5
0.03187 780.5
0.03188 780.5
0.03189 780.5
0.03190 780.5
0.03191 780.5
0.03192 780.5
0.03193 780.5
0.03194 780.5
0.03195 780.5
0.03196 780.5
0.03197 780.5
0.03198 780.5
0.03199 780.5
0.03200 780.5
0.03201 780.5
0.03202 780.5
0.03203 780.5
0.03204 780.5
0.03205 780.5
0.03206 780.5
0.03207 780.5
0.03208 780.5
0.03209 780.5
0.03210 780.5
0.03211 780.5
0.03212 780.5
0.03213 780.5
0.03214 780.5
0.03215 780.5
0.03216 780.5
0.03217 780.5
0.03218 780.5
0.03219 780.5
0.03220 780.5
0.03221 780.5
0.03222 780.5
0.03223 780.5
0.03224 780.5
0.03225 780.5
0.03226 780.5
0.03227 780.5
0.03228 780.5
0.03229 780.5
0.03230 780.5
0.03231 780.5
0.03232 780.5
0.03233 780.5
0.03234 780.5
0.03235 780.5
0.03236 780.5
0.03237 780.5
0.03238 780.5
0.03239 780.5
0.03240 780.5
0.03241 780.5
0.03242 780.5
0.03243 780.5
0.03244 780.5
0.03245 780.5
0.03246 780.5
0.03247 780.5
0.03248 780.5
0.03249 780.5
0.03250 780.5
0.03251 780.5
0.03252 780.5
0.03253 780.5
0.03254 780.5
0.03255 780.5
0.03256 780.5
0.03257 780.5
0.03258 780.5
0.03259 780.5
0.03260 780.5
0.03261 780.5
0.03262 780.5
0.03263 780.5
0.03264 780.5
0.03265 780.5
0.03266 780.5
0.03267 780.5
0.03268 780.5
0.03269 780.5
0.03270 780.5
0.03271 780.5
0.03272 780.5
0.03273 780.5
0.03274 780.5
0.03275 780.5
0.03276 780.5
0.03277 780.5
0.03278 780.5
0.03279 780.5
0.03280 780.5
0.03281 780.5
0.03282 780.5
0.03283 780.5
0.03284 780.5
0.03285 780.5
0.03286 780.5
0.03287 780.5
0.03288 780.5
0.03289 780.5
0.03290 780.5
0.03291 780.5
0.03292 780.5
0.03293 780.5
0.03294 780.5
0.03295 780.5
0.03296 780.5
0.03297 780.5
0.03298 780.5
0.03299 780.5
0.03300 780.5
0.03301 780.5
0.03302 780.5
0.03303 780.5
0.03304 780.5
0.03305 780.5
0.03306 780.5
0.03307 780.5
0.03308 780.5
0.03309 780.5
0.03310 780.5
0.03311 780.5
0.03312 780.5
0.03313 780.5
0.03314 780.5
0.03315 780.5
0.03316 780.5
0.03317 780.5
0.03318 780.5
0.03319 780.5
0.03320 780.5
0.03321 780.5
0.03322 780.5
0.03323 780.5
0.03324 780.5
0.03325 780.5
0.03326 780.5
0.03327 780.5
0.03328 780.5
0.03329 780.5
0.03330 780.5
0.03331 780.5
0.03332 780.5
0.03333 780.5
0.03334 780.5
0.03335 780.5
0.03336 780.5
0.03337 780.5
0.03338 780.5
0.03339 780.5
0.03340 780.5
0.03341 780.5
0.03342 780.5
0.03343 780.5
0.03344 780.5
0.03345 780.5
0.03346 780.5
0.03347 780.5
0.03348 780.5
0.03349 780.5
0.03350 780.5
0.03351 780.5
0.03352 780.5
0.03353 780.5
0.03354 780.5
0.03355 780.5
0.03356 780.5
0.03357 780.5
0.03358 780.5
0.03359 780.5
0.03360 780.5
0.03361 780.5
0.03362 780.5
0.03363 780.5
0.03364 780.5
0.03365 780.5
0.03366 780.5
0.03367 780.5
0.03368 780.5
0.03369 780.5
0.03370 780.5
0.03371 780.5
0.03372 780.5
0.03373 780.5
0.03374 780.5
0.03375 780.5
0.03376 780.5
0.03377 780.5
0.03378 780.5
0.03379 780.5
0.03380 780.5
0.03381 780.5
0.03382 780.5
0.03383 780.5
0.03384 780.5
0.03385 780.5
0.03386 780.5
0.03387 780.5
0.03388 780.5
0.03389 780.5
0.03390 780.5
0.03391 780.5
0.03392 780.5
0.03393 780.5
0.03394 780.5
0.03395 780.5
0.03396 780.5
0.03397 780.5
0.03398 780.5
0.03399 780.5
0.03400 780.5
0.03401 780.5
0.03402 780.5
0.03403 780.5
0.03404 780.5
0.03405 780.5
0.03406 780.5
0.03407 780.5
0.03408 780.5
0.03409 780.5
0.03410 780.5
0.03411 780.5
0.03412 780.5
0.03413 780.5
0.03414 780.5
0.03415 780.5
0.03416 780.5
0.03417 780.5
0.03418 780.5
0.03419 780.5
0.03420 780.5
0.03421 780.5
0.03422 780.5
0.03423 780.5
0.03424 780.5
0.03425 780.5
0.03426 780.5
0.03427 780.5
0.03428 780.5
0.03429 780.5
0.03430 780.5
0.03431 780.5
0.03432 780.5
0.03433 780.5
0.03434 780.5
0.03435 780.5
0.03436 780.5
0.03437 780.5
0.03438 780.5
0.03439 780.5
0.03440 780.5
0.03441 780.5
0.03442 780.5
0.03443 780.5
0.03444 780.5
0.03445 780.5
0.03446 780.5
0.03447 780.5
0.03448 780.5
0.03449 780.5
0.03450 780.5
0.03451 780.5
0.03452 780.5
0.03453 780.5
0.03454 780.5
0.03455 780.5
0.03456 780.5
0.03457 780.5
0.03458 780.5
0.03459 780.5
0.03460 780.5
0.03461 780.5
0.03462 780.5
0.03463 780.5
0.03464 780.5
0.03465 780.5
0.03466 780.5
0.03467 780.5
0.03468 780.5
0.03469 780.5
0.03470 780.5
0.03471 780.5
0.03472 780.5
0.03473 780.5
0.03474 780.5
0.03475 780.5
0.03476 780.5
0.03477 780.5
0.03478 780.5
0.03479 780.5
0.03480 780.5
0.03481 780.5
0.03482 780.5
0.03483 780.5
0.03484 780.5
0.03485 780.5
0.03486 780.5
0.03487 780.5
0.03488 780.5
0.03489 780.5
0.03490 780.5
0.03491 780.5
0.03492 780.5
0.03493 780.5
0.03494 780.5
0.03495 780.5
0.03496 780.5
0.03497 780.5
0.03498 780.5
0.03499 780.5
0.03500 780.5
0.03501 780.5
0.03502 780.5
0.03503 780.5
0.03504 780.5
0.03505 780.5
0.03506 780.5
0.03507 780.5
0.03508 780.5
0.03509 780.5
0.03510 780.5
0.03511 780.5
0.03512 780.5
0.03513 780.5
0.03514 780.5
0.03515 780.5
0.03516 780.5
0.03517 780.5
0.03518 780.5
0.03519 780.5
0.03520 780.5
0.03521 780.5
0.03522 780.5
0.03523 780.5
0.03524 780.5
0.03525 780.5
0.03526 780.5
0.03527 780.5
0.03528 780.5
0.03529 780.5
0.03530 780.5
0.03531 780.5
0.03532 780.5
0.03533 780.5
0.03534 780.5
0.03535 780.5
0.03536 780.5
0.03537 780.5
0.03538 780.5
0.03539 780.5
0.03540 780.5
0.03541 780.5
0.03542 780.5
0.03543 780.5
0.03544 780.5
0.03545 780.5
0.03546 780.5
0.03547 780.5
0.03548 780.5
0.03549 780.5
0.03550 780.5
0.03551 780.5
0.03552 780.5
0.03553 780.5
0.03554 780.5
0.03555 780.5
0.03556 780.5
0.03557 780.5
0.03558 780.5
0.03559 780.5
0.03560 780.5
0.03561 780.5
0.03562 780.5
0.03563 780.5
0.03564 780.5
0.03565 780.5
0.03566 780.5
0.03567 780.5
0.03568 780.5
0.03569 780.5
0.03570 780.5
0.03571 780.5
0.03572 780.5
0.03573 780.5
0.03574 780.5
0.03575 780.5
0.03576 780.5
0.03577 780.5
0.03578 780.5
0.03579 780.5
0.03580 780.5
0.03581 780.5
0.03582 780.5
0.03583 780.5
0.03584 780.5
0.03585 780.5
0.03586 780.5
0.03587 780.5
0.03588 780.5
0.03589 780.5
0.03590 780.5
0.03591 780.5
0.03592 780.5
0.03593 780.5
0.03594 780.5
0.03595 780.5
0.03596 780.5
0.03597 780.5
0.03598 780.5
0.03599 780.5
0.03600 780.5
0.03601 780.5
0.03602 780.5
0.03603 780.5
0.03604 780.5
0.03605 780.5
0.03606 780.5
0.03607 780.5
0.03608 780.5
0.03609 780.5
0.03610 780.5
0.03611 780.5
0.03612 780.5
0.03613 780.5
0.03614 780.5
0.03615 780.5
0.03616 780.5
0.03617 780.5
0.03618 780.5
0.03619 780.5
0.03620 780.5
0.03621 780.5
0.03622 780.5
0.03623 780.5
0.03624 780.5
0.03625 780.5
0.03626 780.5
0.03627 780.5
0.03628 780.5
0.03629 780.5
0.03630 780.5
0.03631 780.5
0.03632 780.5
0.03633 780.5
0.03634 780.5
0.03635 780.5
0.03636 780.5
0.03637 780.5
0.03638 780.5
0.03639 780.5
0.03640 780.5
0.03641 780.5
0.03642 780.5
0.03643 780.5
0.03644 780.5
0.03645 780.5
0.03646 780.5
0.03647 780.5
0.03648 780.5
0.03649 780.5
0.03650 780.5
0.03651 780.5
0.03652 780.5
0.03653 780.5
0.03654 780.5
0.03655 780.5
0.03656 780.5
0.03657 780.5
0.03658 780.5
0.03659 780.5
0.03660 780.5
0.03661 780.5
0.03662 780.5
0.03663 780.5
0.03664 780.5
0.03665 780.5
0.03666 780.5
0.03667 780.5
0.03668 780.5
0.03669 780.5
0.03670 780.5
0.03671 780.5
0.03672 780.5
0.03673 780.5
0.03674 780.5
0.03675 780.5
0.03676 780.5
0.03677 780.5
0.03678 780.5
0.03679 780.5
0.03680 780.5
0.03681 780.5
0.03682 780.5
0.03683 780.5
0.03684 780.5
0.03685 780.5
0.03686 780.5
0.03687 780.5
0.03688 780.5
0.03689 780.5
0.03690 780.5
0.03691 780.5
0.03692 780.5
0.03693 780.5
0.03694 780.5
0.03695 780.5
0.03696 780.5
0.03697 780.5
0.03698 780.5
0.03699 780.5
0.03700 780.5
0.03701 780.5
0.03702 780.5
0.03703 780.5
0.03704 780.5
0.03705 780.5
0.03706 780.5
0.03707 780.5
0.03708 780.5
0.03709 780.5
0.03710 780.5
0.03711 780.5
0.03712 780.5
0.03713 780.5
0.03714 780.5
0.03715 780.5
0.03716 780.5
0.03717 780.5
0.03718 780.5
0.03719 780.5
0.03720 780.5
0.03721 780.5
0.03722 780.5
0.03723 780.5
0.03724 780.5
0.03725 780.5
0.03726 780.5
0.03727 780.5
0.03728 780.5
0.03729 780.5
0.03730 780.5
0.03731 780.5
0.03732 780.5
0.03733 780.5
0.03734 780.5
0.03735 780.5
0.03736 780.5
0.03737 780.5
0.03738 780.5
0.03739 780.5
0.03740 780.5
0.03741 780.5
0.03742 780.5
0.03743 780.5
0.03744 780.5
0.03745 780.5
0.03746 780.5
0.03747 780.5
0.03748 780.5
0.03749 780.5
0.03750 780.5
0.03751 780.5
0.03752 780.5
0.03753 780.5
0.03754 780.5
0.03755 780.5
0.03756 780.5
0.03757 780.5
0.03758 780.5
0.03759 780.5
0.03760 780.5
0.03761 780.5
0.03762 780.5
0.03763 780.5
0.03764 780.5
0.03765 780.5
0.03766 780.5
0.03767 780.5
0.03768 780.5
0.03769 780.5
0.03770 780.5
0.03771 780.5
0.03772 780.5
0.03773 780.5
0.03774 780.5
0.03775 780.5
0.03776 780.5
0.03777 780.5
0.03778 780.5
0.03779 780.5
0.03780 780.5
0.03781 780.5
0.03782 780.5
0.03783 780.5
0.03784 780.5
0.03785 780.5
0.03786 780.5
0.03787 780.5
0.03788 780.5
0.03789 780.5
0.03790 780.5
0.03791 780.5
0.03792 780.5
0.03793 780.5
0.03794 780.5
0.03795 780.5
0.03796 780.5
0.03797 780.5
0.03798 780.5
0.03799 780.5
0.03800 780.5
0.03801 780.5
0.03802 780.5
0.03803 780.5
0.03804 780.5
0.03805 780.5
0.03806 780.5
0.03807 780.5
0.03808 780.5
0.03809 780.5
0.03810 780.5
0.03811 780.5
0.03812 780.5
0.03813 780.5
0.03814 780.5
0.03815 780.5
0.03816 780.5
0.03817 780.5
0.03818 780.5
0.03819 780.5
0.03820 780.5
0.03821 780.5
0.03822 780.5
0.03823 780.5
0.03824 780.5
0.03825 780.5
0.03826 780.5
0.03827 780.5
0.03828 780.5
0.03829 780.5
0.03830 780.5
0.03831 780.5
0.03832 780.5
0.03833 780.5
0.03834 780.5
0.03835 780.5
0.03836 780.5
0.03837 780.5
0.03838 780.5
0.03839 780.5
0.03840 780.5
0.03841 780.5
0.03842 780.5
0.03843 780.5
0.03844 780.5
0.03845 780.5
0.03846 780.5
0.03847 780.5
0.03848 780.5
0.03849 780.5
0.03850 780.5
0.03851 780.5
0.03852 780.5
0.03853 780.5
0.03854 780.5
0.03855 780.5
0.03856 780.5
0.03857 780.5
0.03858 780.5
0.03859 780.5
0.03860 780.5
0.03861 780.5
0.03862 780.5
0.03863 780.5
0.03864 780.5
0.03865 780.5
0.03866 780.5
0.03867 780.5
0.03868 780.5
0.03869 780.5
0.03870 780.5
0.03871 780.5
0.03872 780.5
0.03873 780.5
0.03874 780.5
0.03875 780.5
0.03876 780.5
0.03877 780.5
0.03878 780.5
0.03879 780.5
0.03880 780.5
0.03881 780.5
0.03882 780.5
0.03883 780.5
0.03884 780.5
0.03885 780.5
0.03886 780.5
0.03887 780.5
0.03888 780.5
0.03889 780.5
0.03890 780.5
0.03891 780.5
0.03892 780.5
0.03893 780.5
0.03894 780.5
0.03895 780.5
0.03896 780.5
0.03897 780.5
0.03898 780.5
0.03899 780.5
0.03900 780.5
0.03901 780.5
0.03902 780.5
0.03903 780.5
0.03904 780.5
0.03905 780.5
0.03906 780.5
0.03907 780.5
0.03908 780.5
0.03909 780.5
0.03910 780.5
0.03911 780.5
0.03912 780.5
0.03913 780.5
0.03914 780.5
0.03915 780.5
0.03916 780.5
0.03917 780.5
0.03918 780.5
0.03919 780.5
0.03920 780.5
0.03921 780.5
0.03922 780.5
0.03923 780.5
0.03924 780.5
0.03925 780.5
0.03926 780.5
0.03927 780.5
0.03928 780.5
0.03929 780.5
0.03930 780.5
0.03931 780.5
0.03932 780.5
0.03933 780.5
0.03934 780.5
0.03935 780.5
0.03936 780.5
0.03937 780.5
0.03938 780.5
0.03939 780.5
0.03940 780.5
0.03941 780.5
0.03942 780.5
0.03943 780.5
0.03944 780.5
0.03945 780.5
0.03946 780.5
0.03947 780.5
0.03948 780.5
0.03949 780.5
0.03950 780.5
0.03951 780.5
0.03952 780.5
0.03953 780.5
0.03954 780.5
0.03955 780.5
0.03956 780.5
0.03957 780.5
0.03958 780.5
0.03959 780.5
0.03960 780.5
0.03961 780.5
0.03962 780.5
0.03963 780.5
0.03964 780.5
0.03965 780.5
0.03966 780.5
0.03967 780.5
0.03968 780.5
0.03969 780.5
0.03970 780.5
0.03971 780.5
0.03972 780.5
0.03973 780.5
0.03974 780.5
0.03975 780.5
0.03976 780.5
0.03977 780.5
0.03978 780.5
0.03979 780.5
0.03980 780.5
0.03981 780.5
0.03982 780.5
0.03983 780.5
0.03984 780.5
0.03985 780.5
0.03986 780.5
0.03987 780.5
0.03988 780.5
0.03989 780.5
0.03990 780.5
0.03991 780.5
0.03992 780.5
0.03993 780.5
0.03994 780.5
0.03995 780.5
0.03996 780.5
0.03997 780.5
0.03998 780.5
0.03999 780.5
0.04000 780.5
0.04001 780.5
0.04002 780.5
0.04003 780.5
0.04004 780.5
0.04005 780.5
0.04006 780.5
0.04007 780.5
0.04008 780.5
0.04009 780.5
0.04010 780.5
0.04011 780.5
0.04012 780.5
0.04013 780.5
0.04014 780.5
0.04015 780.5
0.04016 780.5
0.04017 780.5
0.04018 780.5
0.04019 780.5
0.04020 780.5
0.04021 780.5
0.04022 780.5
0.04023 780.5
0.04024 780.5
0.04025 780.5
0.04026 780.5
0.04027 780.5
0.04028 780.5
0.04029 780.5
0.04030 780.5
0.04031 780.5
0.04032 780.5
0.04033 780.5
0.04034 780.5
0.04035 780.5
0.04036 780.5
0.04037 780.5
0.04038 780.5
0.04039 780.5
0.04040 780.5
0.04041 780.5
0.04042 780.5
0.04043 780.5
0.04044 780.5
0.04045 780.5
0.04046 780.5
0.04047 780.5
0.04048 780.5
0.04049 780.5
0.04050 780.5
0.04051 780.5
0.04052 780.5
0.04053 780.5
0.04054 780.5
0.04055 780.5
0.04056 780.5
0.04057 780.5
0.04058 780.5
0.04059 780.5
0.04060 780.5
0.04061 780.5
0.04062 780.5
0.04063 780.5
0.04064 780.5
0.04065 780.5
0.04066 780.5
0.04067 780.5
0.04068 780.5
0.04069 780.5
0.04070 780.5
0.04071 780.5
0.04072 780.5
0.04073 780.5
0.04074 780.5
0.04075 780.5
0.04076 780.5
0.04077 780.5
0.04078 780.5
0.04079 780.5
0.04080 780.5
0.04081 780.5
0.04082 780.5
0.04083 780.5
0.04084 780.5
0.04085 780.5
0.04086 780.5
0.04087 780.5
0.04088 780.5
0.04089 780.5
0.04090 780.5
0.04091 780.5
0.04092 780.5
0.04093 780.5
0.04094 780.5
0.04095 780.5
0.04096 780.5
0.04097 780.5
0.04098 780.5
0.04099 780.5
0.04100 780.5
0.04101 780.5
0.04102 780.5
0.04103 780.5
0.04104 780.5
0.04105 780.5
0.04106 780.5
0.04107 780.5
0.04108 780.5
0.04109 780.5
0.04110 780.5
0.04111 780.5
0.04112 780.5
0.04113 780.5
0.04114 780.5
0.04115 780.5
0.04116 780.5
0.04117 780.5
0.04118 780.5
0.04119 780.5
0.04120 780.5
0.04121 780.5
0.04122 780.5
0.04123 780.5
0.04124 780.5
0.04125 780.5
0.04126 780.5
0.04127 780.5
0.04128 780.5
0.04129 780.5
0.04130 780.5
0.04131 780.5
0.04132 780.5
0.04133 780.5
0.04134 780.5
0.04135 780.5
0.04136 780.5
0.04137 780.5
0.04138 780.5
0.04139 780.5
0.04140 780.5
0.04141 780.5
0.04142 780.5
0.04143 780.5
0.04144 780.5
0.04145 780.5
0.04146 780.5
0.04147 780.5
0.04148 780.5
0.04149 780.5
0.04150 780.5
0.04151 780.5
0.04152 780.5
0.04153 780.5
0.04154 780.5
0.04155 780.5
0.04156 780.5
0.04157 780.5
0.04158 780.5
0.04159 780.5
0.04160 780.5
0.04161 780.5
0.04162 780.5
0.04163 780.5
0.04164 780.5
0.04165 780.5
0.04166 780.5
0.04167 780.5
0.04168 780.5
0.04169 780.5
0.04170 780.5
0.04171 780.5
0.04172 780.5
0.04173 780.5
0.04174 780.5
0.04175 780.5
0.04176 780.5
0.04177 780.5
0.04178 780.5
0.04179 780.5
0.04180 780.5
0.04181 780.5
0.04182 780.5
0.04183 780.5
0.04184 780.5
0.04185 780.5
0.04186 780.5
0.04187 780.5
0.04188 780.5
0.04189 780.5
0.04190 780.5
0.04191 780.5
0.04192 780.5
0.04193 780.5
0.04194 780.5
0.04195 780.5
0.04196 780.5
0.04197 780.5
0.04198 780.5
0.04199 780.5
0.04200 780.5
0.04201 780.5
0.04202 780.5
0.04203 780.5
0.04204 780.5
0.04205 780.5
0.04206 780.5
0.04207 780.5
0.04208 780.5
0.04209 780.5
0.04210 780.5
0.04211 780.5
0.04212 780.5
0.04213 780.5
0.04214 780.5
0.04215 780.5
0.04216 780.5
0.04217 780.5
0.04218 780.5
0.04219 780.5
0.04220 780.5
0.04221 780.5
0.04222 780.5
0.04223 780.5
0.04224 780.5
0.04225 780.5
0.04226 780.5
0.04227 780.5
0.04228 780.5
0.04229 780.5
0.04230 780.5
0.04231 780.5
0.04232 780.5
0.04233 780.5
0.04234 780.5
0.04235 780.5
0.04236 780.5
0.04237 780.5
0.04238 780.5
0.04239 780.5
0.04240 780.5
0.04241 780.5
0.04242 780.5
0.04243 780.5
0.04244 780.5
0.04245 780.5
0.04246 780.5
0.04247 780.5
0.04248 780.5
0.04249 780.5
0.04250 780.5
0.04251 780.5
0.04252 780.5
0.04253 780.5
0.04254 780.5
0.04255 780.5
0.04256 780.5
0.04257 780.5
0.04258 780.5
0.04259 780.5
0.04260 780.5
0.04261 780.5
0.04262 780.5
0.04263 780.5
0.04264 780.5
0.04265 780.5
0.04266 780.5
0.04267 780.5
0.04268 780.5
0.04269 780.5
0.04270 780.5
0.04271 780.5
0.04272 780.5
0.04273 780.5
0.04274 780.5
0.04275 780.5
0.04276 780.5
0.04277 780.5
0.04278 780.5
0.04279 780.5
0.04280 780.5
0.04281 780.5
0.04282 780.5
0.04283 780.5
0.04284 780.5
0.04285 780.5
0.04286 780.5
0.04287 780.5
0.04288 780.5
0.04289 780.5
0.04290 780.5
0.04291 780.5
0.04292 780.5
0.04293 780.5
0.04294 780.5
0.04295 780.5
0.04296 780.5
0.04297 780.5
0.04298 780.5
0.04299 780.5
0.04300 780.5
0.04301 780.5
0.04302 780.5
0.04303 780.5
0.04304 780.5
0.04305 780.5
0.04306 780.5
0.04307 780.5
0.04308 780.5
0.04309 780.5
0.04310 780.5
0.04311 780.5
0.04312 780.5
0.04313 780.5
0.04314 780.5
0.04315 780.5
0.04316 780.5
0.04317 780.5
0.04318 780.5
0.04319 780.5
0.04320 780.5
0.04321 780.5
0.04322 780.5
0.04323 780.5
0.04324 780.5
0.04325 780.5
0.04326 780.5
0.04327 780.5
0.04328 780.5
0.04329 780.5
0.04330 780.5
0.04331 780.5
0.04332 780.5
0.04333 780.5
0.04334 780.5
0.04335 780.5
0.04336 780.5
0.04337 780.5
0.04338 780.5
0.04339 780.5
0.04340 780.5
0.04341 780.5
0.04342 780.5
0.04343 780.5
0.04344 780.5
0.04345 780.5
0.04346 780.5
0.04347 780.5
0.04348 780.5
0.04349 780.5
0.04350 780.5
0.04351 780.5
0.04352 780.5
0.04353 780.5
0.04354 780.5
0.04355 780.5
0.04356 780.5
0.04357 780.5
0.04358 780.5
0.04359 780.5
0.04360 780.5
0.04361 780.5
0.04362 780.5
0.04363 780.5
0.04364 780.5
0.04365 780.5
0.04366 780.5
0.04367 780.5
0.04368 780.5
0.04369 780.5
0.04370 780.5
0.04371 780.5
0.04372 780.5
0.04373 780.5
0.04374 780.5
0.04375 780.5
0.04376 780.5
0.04377 780.5
0.04378 780.5
0.04379 780.5
0.04380 780.5
0.04381 780.5
0.04382 780.5
0.04383 780.5
0.04384 780.5
0.04385 780.5
0.04386 780.5
0.04387 780.5
0.04388 780.5
0.04389 780.5
0.04390 780.5
0.04391 780.5
0.04392 780.5
0.04393 780.5
0.04394 780.5
0.04395 780.5
0.04396 780.5
0.04397 780.5
0.04398 780.5
0.04399 780.5
0.04400 780.5
0.04401 780.5
0.04402 780.5
0.04403 780.5
0.04404 780.5
0.04405 780.5
0.04406 780.5
0.04407 780.5
0.04408 780.5
0.04409 780.5
0.04410 780.5
0.04411 780.5
0.04412 780.5
0.04413 780.5
0.04414 780.5
0.04415 780.5
0.04416 780.5
0.04417 780.5
0.04418 780.5
0.04419 780.5
0.04420 780.5
0.04421 780.5
0.04422 780.5
0.04423 780.5
0.04424 780.5
0.04425 780.5
0.04426 780.5
0.04427 780.5
0.04428 780.5
0.04429 780.5
0.04430 780.5
0.04431 780.5
0.04432 780.5
0.04433 780.5
0.04434 780.5
0.04435 780.5
0.04436 780.5
0.04437 780.5
0.04438 780.5
0.04439 780.5
0.04440 780.5
0.04441 780.5
0.04442 780.5
0.04443 780.5
0.04444 780.5
0.04445 780.5
0.04446 780.5
0.04447 780.5
0.04448 780.5
0.04449 780.5
0.04450 780.5
0.04451 780.5
0.04452 780.5
0.04453 780.5
0.04454 780.5
0.04455 780.5
0.04456 780.5
0.04457 780.5
0.04458 780.5
0.04459 780.5
0.04460 780.5
0.04461 780.5
0.04462 780.5
0.04463 780.5
0.04464 780.5
0.04465 780.5
0.04466 780.5
0.04467 780.5
0.04468 780.5
0.04469 780.5
0.04470 780.5
0.04471 780.5
0.04472 780.5
0.04473 780.5
0.04474 780.5
0.04475 780.5
0.04476 780.5
0.04477 780.5
0.04478 780.5
0.04479 780.5
0.04480 780.5
0.04481 780.5
0.04482 780.5
0.04483 780.5
0.04484 780.5
0.04485 780.5
0.04486 780.5
0.04487 780.5
0.04488 780.5
0.04489 780.5
0.04490 780.5
0.04491 780.5
0.04492 780.5
0.04493 780.5
0.04494 780.5
0.04495 780.5
0.04496 780.5
0.04497 780.5
0.04498 780.5
0.04499 780.5
0.04500 780.5
0.04501 780.5
0.04502 780.5
0.04503 780.5
0.04504 780.5
0.04505 780.5
0.04506 780.5
0.04507 780.5
0.04508 780.5
0.04509 780.5
0.04510 780.5
0.04511 780.5
0.04512 780.5
0.04513 780.5
0.04514 780.5
0.04515 780.5
0.04516 780.5
0.04517 780.5
0.04518 780.5
0.04519 780.5
0.04520 780.5
0.04521 780.5
0.04522 780.5
0.04523 780.5
0.04524 780.5
0.04525 780.5
0.04526 780.5
0.04527 780.5
0.04528 780.5
0.04529 780.5
0.04530 780.5
0.04531 780.5
0.04532 780.5
0.04533 780.5
0.04534 780.5
0.04535 780.5
0.04536 780.5
0.04537 780.5
0.04538 780.5
0.04539 780.5
0.04540 780.5
0.04541 780.5
0.04542 780.5
0.04543 780.5
0.04544 780.5
0.04545 780.5
0.04546 780.5
0.04547 780.5
0.04548 780.5
0.04549 780.5
0.04550 780.5
0.04551 780.5
0.04552 780.5
0.04553 780.5
0.04554 780.5
0.04555 780.5
0.04556 780.5
0.04557 780.5
0.04558 780.5
0.04559 780.5
0.04560 780.5
0.04561 780.5
0.04562 780.5
0.04563 780.5
0.04564 780.5
0.04565 780.5
0.04566 780.5
0.04567 780.5
0.04568 780.5
0.04569 780.5
0.04570 780.5
0.04571 780.5
0.04572 780.5
0.04573 780.5
0.04574 780.5
0.04575 780.5
0.04576 780.5
0.04577 780.5
0.04578 780.5
0.04579 780.5
0.04580 780.5
0.04581 780.5
0.04582 780.5
0.04583 780.5
0.04584 780.5
0.04585 780.5
0.04586 780.5
0.04587 780.5
0.04588 780.5
0.04589 780.5
0.04590 780.5
0.04591 780.5
0.04592 780.5
0.04593 780.5
0.04594 780.5
0.04595 780.5
0.04596 780.5
0.04597 780.5
0.04598 780.5
0.04599 780.5
0.04600 780.5
0.04601 780.5
0.04602 780.5
0.04603 780.5
0.04604 780.5
0.04605 780.5
0.04606 780.5
0.04607 780.5
0.04608 780.5
0.04609 780.5
0.04610 780.5
0.04611 780.5
0.04612 780.5
0.04613 780.5
0.04614 780.5
0.04615 780.5
0.04616 780.5
0.04617 780.5
0.04618 780.5
0.04619 780.5
0.04620 780.5
0.04621 780.5
0.04622 780.5
0.04623 780.5
0.04624 780.5
0.04625 780.5
0.04626 780.5
0.04627 780.5
0.04628 780.5
0.04629 780.5
0.04630 780.5
0.04631 780.5
0.04632 780.5
0.04633 780.5
0.04634 780.5
0.04635 780.5
0.04636 780.5
0.04637 780.5
0.04638 780.5
0.04639 780.5
0.04640 780.5
0.04641 780.5
0.04642 780.5
0.04643 780.5
0.04644 780.5
0.04645 780.5
0.04646 780.5
0.04647 780.5
0.04648 780.5
0.04649 780.5
0.04650 780.5
0.04651 780.5
0.04652 780.5
0.04653 780.5
0.04654 780.5
0.04655 780.5
0.04656 780.5
0.04657 780.5
0.04658 780.5
0.04659 780.5
0.04660 780.5
0.04661 780.5
0.04662 780.5
0.04663 780.5
0.04664 780.5
0.04665 780.5
0.04666 780.5
0.04667 780.5
0.04668 780.5
0.04669 780.5
0.04670 780.5
0.04671 780.5
0.04672 780.5
0.04673 780.5
0.04674 780.5
0.04675 780.5
0.04676 780.5
0.04677 780.5
0.04678 780.5
0.04679 780.5
0.04680 780.5
0.04681 780.5
0.04682 780.5
0.04683 780.5
0.04684 780.5
0.04685 780.5
0.04686 780.5
0.04687 780.5
0.04688 780.5
0.04689 780.5
0.04690 780.5
0.04691 780.5
0.04692 780.5
0.04693 780.5
0.04694 780.5
0.04695 780.5
0.04696 780.5
0.04697 780.5
0.04698 780.5
0.04699 780.5
0.04700 780.5
0.04701 780.5
0.04702 780.5
0.04703 780.5
0.04704 780.5
0.04705 780.5
0.04706 780.5
0.04707 780.5
0.04708 780.5
0.04709 780.5
0.04710 780.5
0.04711 780.5
0.04712 780.5
0.04713 780.5
0.04714 780.5
0.04715 780.5
0.04716 780.5
0.04717 780.5
0.04718 780.5
0.04719 780.5
0.04720 780.5
0.04721 780.5
0.04722 780.5
0.04723 780.5
0.04724 780.5
0.04725 780.5
0.04726 780.5
0.04727 780.5
0.04728 780.5
0.04729 780.5
0.04730 780.5
0.04731 780.5
0.04732 780.5
0.04733 780.5
0.04734 780.5
0.04735 780.5
0.04736 780.5
0.04737 780.5
0.04738 780.5
0.04739 780.5
0.04740 780.5
0.04741 780.5
0.04742 780.5
0.04743 780.5
0.04744 780.5
0.04745 780.5
0.04746 780.5
0.04747 780.5
0.04748 780.5
0.04749 780.5
0.04750 780.5
0.04751 780.5
0.04752 780.5
0.04753 780.5
0.04754 780.5
0.04755 780.5
0.04756 780.5
0.04757 780.5
0.04758 780.5
0.04759 780.5
0.04760 780.5
0.04761 780.5
0.04762 780.5
0.04763 780.5
0.04764 780.5
0.04765 780.5
0.04766 780.5
0.04767 780.5
0.04768 780.5
0.04769 780.5
0.04770 780.5
0.04771 780.5
0.04772 780.5
0.04773 780.5
0.04774 780.5
0.04775 780.5
0.04776 780.5
0.04777 780.5
0.04778 780.5
0.04779 780.5
0.04780 780.5
0.04781 780.5
0.04782 780.5
0.04783 780.5
0.04784 780.5
0.04785 780.5
0.04786 780.5
0.04787 780.5
0.04788 780.5
0.04789 780.5
0.04790 780.5
0.04791 780.5
0.04792 780.5
0.04793 780.5
0.04794 780.5
0.04795 780.5
0.04796 780.5
0.04797 780.5
0.04798 780.5
0.04799 780.5
0.04800 780.5
0.04801 780.5
0.04802 780.5
0.04803 780.5
0.04804 780.5
0.04805 780.5
0.04806 780.5
0.04807 780.5
0.04808 780.5
0.04809 780.5
0.04810 780.5
0.04811 780.5
0.04812 780.5
0.04813 780.5
0.04814 780.5
0.04815 780.5
0.04816 780.5
0.04817 780.5
0.04818 780.5
0.04819 780.5
0.04820 780.5
0.04821 780.5
0.04822 780.5
0.04823 780.5
0.04824 780.5
0.04825 780.5
0.04826 780.5
0.04827 780.5
0.04828 780.5
0.04829 780.5
0.04830 780.5
0.04831 780.5
0.04832 780.5
0.04833 780.5
0.04834 780.5
0.04835 780.5
0.04836 780.5
0.04837 780.5
0.04838 780.5
0.04839 780.5
0.04840 780.5
0.04841 780.5
0.04842 780.5
0.04843 780.5
0.04844 780.5
0.04845 780.5
0.04846 780.5
0.04847 780.5
0.04848 780.5
0.04849 780.5
0.04850 780.5
0.04851 780.5
0.04852 780.5
0.04853 780.5
0.04854 780.5
0.04855 780.5
0.04856 780.5
0.04857 780.5
0.04858 780.5
0.04859 780.5
0.04860 780.5
0.04861 780.5
0.04862 780.5
0.04863 780.5
0.04864 780.5
0.04865 780.5
0.04866 780.5
0.04867 780.5
0.04868 780.5
0.04869 780.5
0.04870 780.5
0.04871 780.5
0.04872 780.5
0.04873 780.5
0.04874 780.5
0.04875 780.5
0.04876 780.5
0.04877 780.5
0.04878 780.5
0.04879 780.5
0.04880 780.5
0.04881 780.5
0.04882 780.5
0.04883 780.5
0.04884 780.5
0.04885 780.5
0.04886 780.5
0.04887 780.5
0.04888 780.5
0.04889 780.5
0.04890 780.5
0.04891 780.5
0.04892 780.5
0.04893 780.5
0.04894 780.5
0.04895 780.5
0.04896 780.5
0.04897 780.5
0.04898 780.5
0.04899 780.5
0.04900 780.5
0.04901 780.5
0.04902 780.5
0.04903 780.5
0.04904 780.5
0.04905 780.5
0.04906 780.5
0.04907 780.5
0.04908 780.5
0.04909 780.5
0.04910 780.5
0.04911 780.5
0.04912 780.5
0.04913 780.5
0.04914 780.5
0.04915 780.5
0.04916 780.5
0.04917 780.5
0.04918 780.5
0.04919 780.5
0.04920 780.5
0.04921 780.5
0.04922 780.5
0.04923 780.5
0.04924 780.5
0.04925 780.5
0.04926 780.5
0.04927 780.5
0.04928 780.5
0.04929 780.5
0.04930 780.5
0.04931 780.5
0.04932 780.5
0.04933 780.5
0.04934 780.5
0.04935 780.5
0.04936 780.5
0.04937 780.5
0.04938 780.5
0.04939 780.5
0.04940 780.5
0.04941 780.5
0.04942 780.5
0.04943 780.5
0.04944 780.5
0.04945 780.5
0.04946 780.5
0.04947 780.5
0.04948 780.5
0.04949 780.5
0.04950 780.5
0.04951 780.5
0.04952 780.5
0.04953 780.5
0.04954 780.5
0.04955 780.5
0.04956 780.5
0.04957 780.5
0.04958 780.5
0.04959 780.5
0.04960 780.5
0.04961 780.5
0.04962 780.5
0.04963 780.5
0.04964 780.5
0.04965 780.5
0.04966 780.5
0.04967 780.5
0.04968 780.5
0.04969 780.5
0.04970 780.5
0.04971 780.5
0.04972 780.5
0.04973 780.5
0.04974 780.5
0.04975 780.5
0.04976 780.5
0.04977 780.5
0.04978 780.5
0.04979 780.5
0.04980 780.5
0.04981 780.5
0.04982 780.5
0.04983 780.5
0.04984 780.5
0.04985 780.5
0.04986 780.5
0.04987 780.5
0.04988 780.5
0.04989 780.5
0.04990 780.5
0.04991 780.5
0.04992 780.5
0.04993 780.5
0.04994 780.5
0.04995 780.5
0.04996 780.5
0.04997 780.5
0.04998 780.5
0.04999 780.5
0.05000 780.5
0.05001 780.5
0.05002 780.5
0.05003 780.5
0.05004 780.5
0.05005 780.5
0.05006 780.5
0.05007 780.5
0.05008 780.5
0.05009 780.5
0.05010 780.5
0.05011 780.5
0.05012 780.5
0.05013 780.5
0.05014 780.5
0.05015 780.5
0.05016 780.5
0.05017 780.5
0.05018 780.5
0.05019 780.5
0.05020 780.5
0.05021 780.5
0.05022 780.5
0.05023 780.5
0.05024 780.5
0.05025 780.5
0.05026 780.5
0.05027 780.5
0.05028 780.5
0.05029 780.5
0.05030 780.5
0.05031 780.5
0.05032 780.5
0.05033 780.5
0.05034 780.5
0.05035 780.5
0.05036 780.5
0.05037 780.5
0.05038 780.5
0.05039 780.5
0.05040 780.5
0.05041 780.5
0.05042 780.5
0.05043 780.5
0.05044 780.5
0.05045 780.5
0.05046 780.5
0.05047 780.5
0.05048 780.5
0.05049 780.5
0.05050 780.5
0.05051 780.5
0.05052 780.5
0.05053 780.5
0.05054 780.5
0.05055 780.5
0.05056 780.5
0.05057 780.5
0.05058 780.5
0.05059 780.5
0.05060 780.5
0.05061 780.5
0.05062 780.5
0.05063 780.5
0.05064 780.5
0.05065 780.5
0.05066 780.5
0.05067 780.5
0.05068 780.5
0.05069 780.5
0.05070 780.5
0.05071 780.5
0.05072 780.5
0.05073 780.5
0.05074 780.5
0.05075 780.5
0.05076 780.5
0.05077 780.5
0.05078 780.5
0.05079 780.5
0.05080 780.5
0.05081 780.5
0.05082 780.5
0.05083 780.5
0.05084 780.5
0.05085 780.5
0.05086 780.5
0.05087 780.5
0.05088 780.5
0.05089 780.5
0.05090 780.5
0.05091 780.5
0.05092 780.5
0.05093 780.5
0.05094 780.5
0.05095 780.5
0.05096 780.5
0.05097 780.5
0.05098 780.5
0.05099 780.5
0.05100 780.5
0.05101 780.5
0.05102 780.5
0.05103 780.5
0.05104 780.5
0.05105 780.5
0.05106 780.5
0.05107 780.5
0.05108 780.5
0.05109 780.5
0.05110 780.5
0.05111 780.5
0.05112 780.5
0.05113 780.5
0.05114 780.5
0.05115 780.5
0.05116 780.5
0.05117 780.5
0.05118 780.5
0.05119 780.5
0.05120 780.5
0.05121 780.5
0.05122 780.5
0.05123 780.5
0.05124 780.5
0.05125 780.5
0.05126 780.5
0.05127 780.5
0.05128 780.5
0.05129 780.5
0.05130 780.5
0.05131 780.5
0.05132 780.5
0.05133 780.5
0.05134 780.5
0.05135 780.5
0.05136 780.5
0.05137 780.5
0.05138 780.5
0.05139 780.5
0.05140 780.5
0.05141 780.5
0.05142 780.5
0.05143 780.5
0.05144 780.5
0.05145 780.5
0.05146 780.5
0.05147 780.5
0.05148 780.5
0.05149 780.5
0.05150 780.5
0.05151 780.5
0.05152 780.5
0.05153 780.5
0.05154 780.5
0.05155 780.5
0.05156 780.5
0.05157 780.5
0.05158 780.5
0.05159 780.5
0.05160 780.5
0.05161 780.5
0.05162 780.5
0.05163 780.5
0.05164 780.5
0.05165 780.5
0.05166 780.5
0.05167 780.5
0.05168 780.5
0.05169 780.5
0.05170 780.5
0.05171 780.5
0.05172 780.5
0.05173 780.5
0.05174 780.5
0.05175 780.5
0.05176 780.5
0.05177 780.5
0.05178 780.5
0.05179 780.5
0.05180 780.5
0.05181 780.5
0.05182 780.5
0.05183 780.5
0.05184 780.5
0.05185 780.5
0.05186 780.5
0.05187 780.5
0.05188 780.5
0.05189 780.5
0.05190 780.5
0.05191 780.5
0.05192 780.5
0.05193 780.5
0.05194 780.5
0.05195 780.5
0.05196 780.5
0.05197 780.5
0.05198 780.5
0.05199 780.5
0.05200 780.5
0.05201 780.5
0.05202 780.5
0.05203 780.5
0.05204 780.5
0.05205 780.5
0.05206 780.5
0.05207 780.5
0.05208 780.5
0.05209 780.5
0.05210 780.5
0.05211 780.5
0.05212 780.5
0.05213 780.5
0.05214 780.5
0.05215 780.5
0.05216 780.5
0.05217 780.5
0.05218 780.5
0.05219 780.5
0.05220 780.5
0.05221 780.5
0.05222 780.5
0.05223 780.5
0.05224 780.5
0.05225 780.5
0.05226 780.5
0.05227 780.5
0.05228 780.5
0.05229 780.5
0.05230 780.5
0.05231 780.5
0.05232 780.5
0.05233 780.5
0.05234 780.5
0.05235 780.5
0.05236 780.5
0.05237 780.5
0.05238 780.5
0.05239 780.5
0.05240 780.5
0.05241 780.5
0.05242 780.5
0.05243 780.5
0.05244 780.5
0.05245 780.5
0.05246 780.5
0.05247 780.5
0.05248 780.5
0.05249 780.5
0.05250 780.5
0.05251 780.5
0.05252 780.5
0.05253 780.5
0.05254 780.5
0.05255 780.5
0.05256 780.5
0.05257 780.5
0.05258 780.5
0.05259 780.5
0.05260 780.5
0.05261 780.5
0.05262 780.5
0.05263 780.5
0.05264 780.5
0.05265 780.5
0.05266 780.5
0.05267 780.5
0.05268 780.5
0.05269 780.5
0.05270 780.5
0.05271 780.5
0.05272 780.5
0.05273 780.5
0.05274 780.5
0.05275 780.5
0.05276 780.5
0.05277 780.5
0.05278 780.5
0.05279 780.5
0.05280 780.5
0.05281 780.5
0.05282 780.5
0.05283 780.5
0.05284 780.5
0.05285 780.5
0.05286 780.5
0.05287 780.5
0.05288 780.5
0.05289 780.5
0.05290 780.5
0.05291 780.5
0.05292 780.5
0.05293 780.5
0.05294 780.5
0.05295 780.5
0.05296 780.5
0.05297 780.5
0.05298 780.5
0.05299 780.5
0.05300 780.5
0.05301 780.5
0.05302 780.5
0.05303 780.5
0.05304 780.5
0.05305 780.5
0.05306 780.5
0.05307 780.5
0.05308 780.5
0.05309 780.5
0.05310 780.5
0.05311 780.5
0.05312 780.5
0.05313 780.5
0.05314 780.5
0.05315 780.5
0.05316 780.5
0.05317 780.5
0.05318 780.5
0.05319 780.5
0.05320 780.5
0.05321 780.5
0.05322 780.5
0.05323 780.5
0.05324 780.5
0.05325 780.5
0.05326 780.5
0.05327 780.5
0.05328 780.5
0.05329 780.5
0.05330 780.5
0.05331 780.5
0.05332 780.5
0.05333 780.5
0.05334 780.5
0.05335 780.5
0.05336 780.5
0.05337 780.5
0.05338 780.5
0.05339 780.5
0.05340 780.5
0.05341 780.5
0.05342 780.5
0.05343 780.5
0.05344 780.5
0.05345 780.5
0.05346 780.5
0.05347 780.5
0.05348 780.5
0.05349 780.5
0.05350 780.5
0.05351 780.5
0.05352 780.5
0.05353 780.5
0.05354 780.5
0.05355 780.5
0.05356 780.5
0.05357 780.5
0.05358 780.5
0.05359 780.5
0.05360 780.5
0.05361 780.5
0.05362 780.5
0.05363 780.5
0.05364 780.5
0.05365 780.5
0.05366 780.5
0.05367 780.5
0.05368 780.5
0.05369 780.5
0.05370 780.5
0.05371 780.5
0.05372 780.5
0.05373 780.5
0.05374 780.5
0.05375 780.5
0.05376 780.5
0.05377 780.5
0.05378 780.5
0.05379 780.5
0.05380 780.5
0.05381 780.5
0.05382 780.5
0.05383 780.5
0.05384 780.5
0.05385 780.5
0.05386 780.5
0.05387 780.5
0.05388 780.5
0.05389 780.5
0.05390 780.5
0.05391 780.5
0.05392 780.5
0.05393 780.5
0.05394 780.5
0.05395 780.5
0.05396 780.5
0.05397 780.5
0.05398 780.5
0.05399 780.5
0.05400 780.5
0.05401 780.5
0.05402 780.5
0.05403 780.5
0.05404 780.5
0.05405 780.5
0.05406 780.5
0.05407 780.5
0.05408 780.5
0.05409 780.5
0.05410 780.5
0.05411 780.5
0.05412 780.5
0.05413 780.5
0.05414 780.5
0.05415 780.5
0.05416 780.5
0.05417 780.5
0.05418 780.5
0.05419 780.5
0.05420 780.5
0.05421 780.5
0.05422 780.5
0.05423 780.5
0.05424 780.5
0.05425 780.5
0.05426 780.5
0.05427 780.5
0.05428 780.5
0.05429 780.5
0.05430 780.5
0.05431 780.5
0.05432 780.5
0.05433 780.5
0.05434 780.5
0.05435 780.5
0.05436 780.5
0.05437 780.5
0.05438 780.5
0.05439 780.5
0.05440 780.5
0.05441 780.5
0.05442 780.5
0.05443 780.5
0.05444 780.5
0.05445 780.5
0.05446 780.5
0.05447 780.5
0.05448 780.5
0.05449 780.5
0.05450 780.5
0.05451 780.5
0.05452 780.5
0.05453 780.5
0.05454 780.5
0.05455 780.5
0.05456 780.5
0.05457 780.5
0.05458 780.5
0.05459 780.5
0.05460 780.5
0.05461 780.5
0.05462 780.5
0.05463 780.5
0.05464 780.5
0.05465 780.5
0.05466 780.5
0.05467 780.5
0.05468 780.5
0.05469 780.5
0.05470 780.5
0.05471 780.5
0.05472 780.5
0.05473 780.5
0.05474 780.5
0.05475 780.5
0.05476 780.5
0.05477 780.5
0.05478 780.5
0.05479 780.5
0.05480 780.5
0.05481 780.5
0.05482 780.5
0.05483 780.5
0.05484 780.5
0.05485 780.5
0.05486 780.5
0.05487 780.5
0.05488 780.5
0.05489 780.5
0.05490 780.5
0.05491 780.5
0.05492 780.5
0.05493 780.5
0.05494 780.5
0.05495 780.5
0.05496 780.5
0.05497 780.5
0.05498 780.5
0.05499 780.5
0.05500 780.5
0.05501 780.5
0.05502 780.5
0.05503 780.5
0.05504 780.5
0.05505 780.5
0.05506 780.5
0.05507 780.5
0.05508 780.5
0.05509 780.5
0.05510 780.5
0.05511 780.5
0.05512 780.5
0.05513 780.5
0.05514 780.5
0.05515 780.5
0.05516 780.5
0.05517 780.5
0.05518 780.5
0.05519 780.5
0.05520 780.5
0.05521 780.5
0.05522 780.5
0.05523 780.5
0.05524 780.5
0.05525 780.5
0.05526 780.5
0.05527 780.5
0.05528 780.5
0.05529 780.5
0.05530 780.5
0.05531 780.5
0.05532 780.5
0.05533 780.5
0.05534 780.5
0.05535 780.5
0.05536 780.5
0.05537 780.5
0.05538 780.5
0.05539 780.5
0.05540 780.5
0.05541 780.5
0.05542 780.5
0.05543 780.5
0.05544 780.5
0.05545 780.5
0.05546 780.5
0.05547 780.5
0.05548 780.5
0.05549 780.5
0.05550 780.5
0.05551 780.5
0.05552 780.5
0.05553 780.5
0.05554 780.5
0.05555 780.5
0.05556 780.5
0.05557 780.5
0.05558 780.5
0.05559 780.5
0.05560 780.5
0.05561 780.5
0.05562 780.5
0.05563 780.5
0.05564 780.5
0.05565 780.5
0.05566 780.5
0.05567 780.5
0.05568 780.5
0.05569 780.5
0.05570 780.5
0.05571 780.5
0.05572 780.5
0.05573 780.5
0.05574 780.5
0.05575 780.5
0.05576 780.5
0.05577 780.5
0.05578 780.5
0.05579 780.5
0.05580 780.5
0.05581 780.5
0.05582 780.5
0.05583 780.5
0.05584 780.5
0.05585 780.5
0.05586 780.5
0.05587 780.5
0.05588 780.5
0.05589 780.5
0.05590 780.5
0.05591 780.5
0.05592 780.5
0.05593 780.5
0.05594 780.5
0.05595 780.5
0.05596 780.5
0.05597 780.5
0.05598 780.5
0.05599 780.5
0.05600 780.5
0.05601 780.5
0.05602 780.5
0.05603 780.5
0.05604 780.5
0.05605 780.5
0.05606 780.5
0.05607 780.5
0.05608 780.5
0.05609 780.5
0.05610 780.5
0.05611 780.5
0.05612 780.5
0.05613 780.5
0.05614 780.5
0.05615 780.5
0.05616 780.5
0.05617 780.5
0.05618 780.5
0.05619 780.5
0.05620 780.5
0.05621 780.5
0.05622 780.5
0.05623 780.5
0.05624 780.5
0.05625 780.5
0.05626 780.5
0.05627 780.5
0.05628 780.5
0.05629 780.5
0.05630 780.5
0.05631 780.5
0.05632 780.5
0.05633 780.5
0.05634 780.5
0.05635 780.5
0.05636 780.5
0.05637 780.5
0.05638 780.5
0.05639 780.5
0.05640 780.5
0.05641 780.5
0.05642 780.5
0.05643 780.5
0.05644 780.5
0.05645 780.5
0.05646 780.5
0.05647 780.5
0.05648 780.5
0.05649 780.5
0.05650 780.5
0.05651 780.5
0.05652 780.5
0.05653 780.5
0.05654 780.5
0.05655 780.5
0.05656 780.5
0.05657 780.5
0.05658 780.5
0.05659 780.5
0.05660 780.5
0.05661 780.5
0.05662 780.5
0.05663 780.5
0.05664 780.5
0.05665 780.5
0.05666 780.5
0.05667 780.5
0.05668 780.5
0.05669 780.5
0.05670 780.5
0.05671 780.5
0.05672 780.5
0.05673 780.5
0.05674 780.5
0.05675 780.5
0.05676 780.5
0.05677 780.5
0.05678 780.5
0.05679 780.5
0.05680 780.5
0.05681 780.5
0.05682 780.5
0.05683 780.5
0.05684 780.5
0.05685 780.5
0.05686 780.5
0.05687 780.5
0.05688 780.5
0.05689 780.5
0.05690 780.5
0.05691 780.5
0.05692 780.5
0.05693 780.5
0.05694 780.5
0.05695 780.5
0.05696 780.5
0.05697 780.5
0.05698 780.5
0.05699 780.5
0.05700 780.5
0.05701 780.5
0.05702 780.5
0.05703 780.5
0.05704 780.5
0.05705 780.5
0.05706 780.5
0.05707 780.5
0.05708 780.5
0.05709 780.5
0.05710 780.5
0.05711 780.5
0.05712 780.5
0.05713 780.5
0.05714 780.5
0.05715 780.5
0.05716 780.5
0.05717 780.5
0.05718 780.5
0.05719 780.5
0.05720 780.5
0.05721 780.5
0.05722 780.5
0.05723 780.5
0.05724 780.5
0.05725 780.5
0.05726 780.5
0.05727 780.5
0.05728 780.5
0.05729 780.5
0.05730 780.5
0.05731 780.5
0.05732 780.5
0.05733 780.5
0.05734 780.5
0.05735 780.5
0.05736 780.5
0.05737 780.5
0.05738 780.5
0.05739 780.5
0.05740 780.5
0.05741 780.5
0.05742 780.5
0.05743 780.5
0.05744 780.5
0.05745 780.5
0.05746 780.5
0.05747 780.5
0.05748 780.5
0.05749 780.5
0.05750 780.5
0.05751 780.5
0.05752 780.5
0.05753 780.5
0.05754 780.5
0.05755 780.5
0.05756 780.5
0.05757 780.5
0.05758 780.5
0.05759 780.5
0.05760 780.5
0.05761 780.5
0.05762 780.5
0.05763 780.5
0.05764 780.5
0.05765 780.5
0.05766 780.5
0.05767 780.5
0.05768 780.5
0.05769 780.5
0.05770 780.5
0.05771 780.5
0.05772 780.5
0.05773 780.5
0.05774 780.5
0.05775 780.5
0.05776 780.5
0.05777 780.5
0.05778 780.5
0.05779 780.5
0.05780 780.5
0.05781 780.5
0.05782 780.5
0.05783 780.5
0.05784 780.5
0.05785 780.5
0.05786 780.5
0.05787 780.5
0.05788 780.5
0.05789 780.5
0.05790 780.5
0.05791 780.5
0.05792 780.5
0.05793 780.5
0.05794 780.5
0.05795 780.5
0.05796 780.5
0.05797 780.5
0.05798 780.5
0.05799 780.5
0.05800 780.5
0.05801 780.5
0.05802 780.5
0.05803 780.5
0.05804 780.5
0.05805 780.5
0.05806 780.5
0.05807 780.5
0.05808 780.5
0.05809 780.5
0.05810 780.5
0.05811 780.5
0.05812 780.5
0.05813 780.5
0.05814 780.5
0.05815 780.5
0.05816 780.5
0.05817 780.5
0.05818 780.5
0.05819 780.5
0.05820 780.5
0.05821 780.5
0.05822 780.5
0.05823 780.5
0.05824 780.5
0.05825 780.5
0.05826 780.5
0.05827 780.5
0.05828 780.5
0.05829 780.5
0.05830 780.5
0.05831 780.5
0.05832 780.5
0.05833 780.5
0.05834 780.5
0.05835 780.5
0.05836 780.5
0.05837 780.5
0.05838 780.5
0.05839 780.5
0.05840 780.5
0.05841 780.5
0.05842 780.5
0.05843 780.5
0.05844 780.5
0.05845 780.5
0.05846 780.5
0.05847 780.5
0.05848 780.5
0.05849 780.5
0.05850 780.5
0.05851 780.5
0.05852 780.5
0.05853 780.5
0.05854 780.5
0.05855 780.5
0.05856 780.5
0.05857 780.5
0.05858 780.5
0.05859 780.5
0.05860 780.5
0.05861 780.5
0.05862 780.5
0.05863 780.5
0.05864 780.5
0.05865 780.5
0.05866 780.5
0.05867 780.5
0.05868 780.5
0.05869 780.5
0.05870 780.5
0.05871 780.5
0.05872 780.5
0.05873 780.5
0.05874 780.5
0.05875 780.5
0.05876 780.5
0.05877 780.5
0.05878 780.5
0.05879 780.5
0.05880 780.5
0.05881 780.5
0.05882 780.5
0.05883 780.5
0.05884 780.5
0.05885 780.5
0.05886 780.5
0.05887 780.5
0.05888 780.5
0.05889 780.5
0.05890 780.5
0.05891 780.5
0.05892 780.5
0.05893 780.5
0.05894 780.5
0.05895 780.5
0.05896 780.5
0.05897 780.5
0.05898 780.5
0.05899 780.5
0.05900 780.5
0.05901 780.5
0.05902 780.5
0.05903 780.5
0.05904 780.5
0.05905 780.5
0.05906 780.5
0.05907 780.5
0.05908 780.5
0.05909 780.5
0.05910 780.5
0.05911 780.5
0.05912 780.5
0.05913 780.5
0.05914 780.5
0.05915 780.5
0.05916 780.5
0.05917 780.5
0.05918 780.5
0.05919 780.5
0.05920 780.5
0.05921 780.5
0.05922 780.5
0.05923 780.5
0.05924 780.5
0.05925 780.5
0.05926 780.5
0.05927 780.5
0.05928 780.5
0.05929 780.5
0.05930 780.5
0.05931 780.5
0.05932 780.5
0.05933 780.5
0.05934 780.5
0.05935 780.5
0.05936 780.5
0.05937 780.5
0.05938 780.5
0.05939 780.5
0.05940 780.5
0.05941 780.5
0.05942 780.5
0.05943 780.5
0.05944 780.5
0.05945 780.5
0.05946 780.5
0.05947 780.5
0.05948 780.5
0.05949 780.5
0.05950 780.5
0.05951 780.5
0.05952 780.5
0.05953 780.5
0.05954 780.5
0.05955 780.5
0.05956 780.5
0.05957 780.5
0.05958 780.5
0.05959 780.5
0.05960 780.5
0.05961 780.5
0.05962 780.5
0.05963 780.5
0.05964 780.5
0.05965 780.5
0.05966 780.5
0.05967 780.5
0.05968 780.5
0.05969 780.5
0.05970 780.5
0.05971 780.5
0.05972 780.5
0.05973 780.5
0.05974 780.5
0.05975 780.5
0.05976 780.5
0.05977 780.5
0.05978 780.5
0.05979 780.5
0.05980 780.5
0.05981 780.5
0.05982 780.5
0.05983 780.5
0.05984 780.5
0.05985 780.5
0.05986 780.5
0.05987 780.5
0.05988 780.5
0.05989 780.5
0.05990 780.5
0.05991 780.5
0.05992 780.5
0.05993 780.5
0.05994 780.5
0.05995 780.5
0.05996 780.5
0.05997 780.5
0.05998 780.5
0.05999 780.5
0.06000 780.5
0.06001 780.5
0.06002 780.5
0.06003 780.5
0.06004 780.5
0.06005 780.5
0.06006 780.5
0.06007 780.5
0.06008 780.5
0.06009 780.5
0.06010 780.5
0.06011 780.5
0.06012 780.5
0.06013 780.5
0.06014 780.5
0.06015 780.5
0.06016 780.5
0.06017 780.5
0.06018 780.5
0.06019 780.5
0.06020 780.5
0.06021 780.5
0.06022 780.5
0.06023 780.5
0.06024 780.5
0.06025 780.5
0.06026 780.5
0.06027 780.5
0.06028 780.5
0.06029 780.5
0.06030 780.5
0.06031 780.5
0.06032 780.5
0.06033 780.5
0.06034 780.5
0.06035 780.5
0.06036 780.5
0.06037 780.5
0.06038 780.5
0.06039 780.5
0.06040 780.5
0.06041 780.5
0.06042 780.5
0.06043 780.5
0.06044 780.5
0.06045 780.5
0.06046 780.5
0.06047 780.5
0.06048 780.5
0.06049 780.5
0.06050 780.5
0.06051 780.5
0.06052 780.5
0.06053 780.5
0.06054 780.5
0.06055 780.5
0.06056 780.5
0.06057 780.5
0.06058 780.5
0.06059 780.5
0.06060 780.5
0.06061 780.5
0.06062 780.5
0.06063 780.5
0.06064 780.5
0.06065 780.5
0.06066 780.5
0.06067 780.5
0.06068 780.5
0.06069 780.5
0.06070 780.5
0.06071 780.5
0.06072 780.5
0.06073 780.5
0.06074 780.5
0.06075 780.5
0.06076 780.5
0.06077 780.5
0.06078 780.5
0.06079 780.5
0.06080 780.5
0.06081 780.5
0.06082 780.5
0.06083 780.5
0.06084 780.5
0.06085 780.5
0.06086 780.5
0.06087 780.5
0.06088 780.5
0.06089 780.5
0.06090 780.5
0.06091 780.5
0.06092 780.5
0.06093 780.5
0.06094 780.5
0.06095 780.5
0.06096 780.5
0.06097 780.5
0.06098 780.5
0.06099 780.5
0.06100 780.5
0.06101 780.5
0.06102 780.5
0.06103 780.5
0.06104 780.5
0.06105 780.5
0.06106 780.5
0.06107 780.5
0.06108 780.5
0.06109 780.5
0.06110 780.5
0.06111 780.5
0.06112 780.5
0.06113 780.5
0.06114 780.5
0.06115 780.5
0.06116 780.5
0.06117 780.5
0.06118 780.5
0.06119 780.5
0.06120 780.5
0.06121 780.5
0.06122 780.5
0.06123 780.5
0.06124 780.5
0.06125 780.5
0.06126 780.5
0.06127 780.5
0.06128 780.5
0.06129 780.5
0.06130 780.5
0.06131 780.5
0.06132 780.5
0.06133 780.5
0.06134 780.5
0.06135 780.5
0.06136 780.5
0.06137 780.5
0.06138 780.5
0.06139 780.5
0.06140 780.5
0.06141 780.5
0.06142 780.5
0.06143 780.5
0.06144 780.5
0.06145 780.5
0.06146 780.5
0.06147 780.5
0.06148 780.5
0.06149 780.5
0.06150 780.5
0.06151 780.5
0.06152 780.5
0.06153 780.5
0.06154 780.5
0.06155 780.5
0.06156 780.5
0.06157 780.5
0.06158 780.5
0.06159 780.5
0.06160 780.5
0.06161 780.5
0.06162 780.5
0.06163 780.5
0.06164 780.5
0.06165 780.5
0.06166 780.5
0.06167 780.5
0.06168 780.5
0.06169 780.5
0.06170 780.5
0.06171 780.5
0.06172 780.5
0.06173 780.5
0.06174 780.5
0.06175 780.5
0.06176 780.5
0.06177 780.5
0.06178 780.5
0.06179 780.5
0.06180 780.5
0.06181 780.5
0.06182 780.5
0.06183 780.5
0.06184 780.5
0.06185 780.5
0.06186 780.5
0.06187 780.5
0.06188 780.5
0.06189 780.5
0.06190 780.5
0.06191 780.5
0.06192 780.5
0.06193 780.5
0.06194 780.5
0.06195 780.5
0.06196 780.5
0.06197 780.5
0.06198 780.5
0.06199 780.5
0.06200 780.5
0.06201 780.5
0.06202 780.5
0.06203 780.5
0.06204 780.5
0.06205 780.5
0.06206 780.5
0.06207 780.5
0.06208 780.5
0.06209 780.5
0.06210 780.5
0.06211 780.5
0.06212 780.5
0.06213 780.5
0.06214 780.5
0.06215 780.5
0.06216 780.5
0.06217 780.5
0.06218 780.5
0.06219 780.5
0.06220 780.5
0.06221 780.5
0.06222 780.5
0.06223 780.5
0.06224 780.5
0.06225 780.5
0.06226 780.5
0.06227 780.5
0.06228 780.5
0.06229 780.5
0.06230 780.5
0.06231 780.5
0.06232 780.5
0.06233 780.5
0.06234 780.5
0.06235 780.5
0.06236 780.5
0.06237 780.5
0.06238 780.5
0.06239 780.5
0.06240 780.5
0.06241 780.5
0.06242 780.5
0.06243 780.5
0.06244 780.5
0.06245 780.5
0.06246 780.5
0.06247 780.5
0.06248 780.5
0.06249 780.5
0.06250 780.5
0.06251 780.5
0.06252 780.5
0.06253 780.5
0.06254 780.5
0.06255 780.5
0.06256 780.5
0.06257 780.5
0.06258 780.5
0.06259 780.5
0.06260 780.5
0.06261 780.5
0.06262 780.5
0.06263 780.5
0.06264 780.5
0.06265 780.5
0.06266 780.5
0.06267 780.5
0.06268 780.5
0.06269 780.5
0.06270 780.5
0.06271 780.5
0.06272 780.5
0.06273 780.5
0.06274 780.5
0.06275 780.5
0.06276 780.5
0.06277 780.5
0.06278 780.5
0.06279 780.5
0.06280 780.5
0.06281 780.5
0.06282 780.5
0.06283 780.5
0.06284 780.5
0.06285 780.5
0.06286 780.5
0.06287 780.5
0.06288 780.5
0.06289 780.5
0.06290 780.5
0.06291 780.5
0.06292 780.5
0.06293 780.5
0.06294 780.5
0.06295 780.5
0.06296 780.5
0.06297 780.5
0.06298 780.5
0.06299 780.5
0.06300 780.5
0.06301 780.5
0.06302 780.5
0.06303 780.5
0.06304 780.5
0.06305 780.5
0.06306 780.5
0.06307 780.5
0.06308 780.5
0.06309 780.5
0.06310 780.5
0.06311 780.5
0.06312 780.5
0.06313 780.5
0.06314 780.5
0.06315 780.5
0.06316 780.5
0.06317 780.5
0.06318 780.5
0.06319 780.5
0.06320 780.5
0.06321 780.5
0.06322 780.5
0.06323 780.5
0.06324 780.5
0.06325 780.5
0.06326 780.5
0.06327 780.5
0.06328 780.5
0.06329 780.5
0.06330 780.5
0.06331 780.5
0.06332 780.5
0.06333 780.5
0.06334 780.5
0.06335 780.5
0.06336 780.5
0.06337 780.5
0.06338 780.5
0.06339 780.5
0.06340 780.5
0.06341 780.5
0.06342 780.5
0.06343 780.5
0.06344 780.5
0.06345 780.5
0.06346 780.5
0.06347 780.5
0.06348 780.5
0.06349 780.5
0.06350 780.5
0.06351 780.5
0.06352 780.5
0.06353 780.5
0.06354 780.5
0.06355 780.5
0.06356 780.5
0.06357 780.5
0.06358 780.5
0.06359 780.5
0.06360 780.5
0.06361 780.5
0.06362 780.5
0.06363 780.5
0.06364 780.5
0.06365 780.5
0.06366 780.5
0.06367 780.5
0.06368 780.5
0.06369 780.5
0.06370 780.5
0.06371 780.5
0.06372 780.5
0.06373 780.5
0.06374 780.5
0.06375 780.5
0.06376 780.5
0.06377 780.5
0.06378 780.5
0.06379 780.5
0.06380 780.5
0.06381 780.5
0.06382 780.5
0.06383 780.5
0.06384 780.5
0.06385 780.5
0.06386 780.5
0.06387 780.5
0.06388 780.5
0.06389 780.5
0.06390 780.5
0.06391 780.5
0.06392 780.5
0.06393 780.5
0.06394 780.5
0.06395 780.5
0.06396 780.5
0.06397 780.5
0.06398 780.5
0.06399 780.5
0.06400 780.5
0.06401 780.5
0.06402 780.5
0.06403 780.5
0.06404 780.5
0.06405 780.5
0.06406 780.5
0.06407 780.5
0.06408 780.5
0.06409 780.5
0.06410 780.5
0.06411 780.5
0.06412 780.5
0.06413 780.5
0.06414 780.5
0.06415 780.5
0.06416 780.5
0.06417 780.5
0.06418 780.5
0.06419 780.5
0.06420 780.5
0.06421 780.5
0.06422 780.5
0.06423 780.5
0.06424 780.5
0.06425 780.5
0.06426 780.5
0.06427 780.5
0.06428 780.5
0.06429 780.5
0.06430 780.5
0.06431 780.5
0.06432 780.5
0.06433 780.5
0.06434 780.5
0.06435 780.5
0.06436 780.5
0.06437 780.5
0.06438 780.5
0.06439 780.5
0.06440 780.5
0.06441 780.5
0.06442 780.5
0.06443 780.5
0.06444 780.5
0.06445 780.5
0.06446 780.5
0.06447 780.5
0.06448 780.5
0.06449 780.5
0.06450 780.5
0.06451 780.5
0.06452 780.5
0.06453 780.5
0.06454 780.5
0.06455 780.5
0.06456 780.5
0.06457 780.5
0.06458 780.5
0.06459 780.5
0.06460 780.5
0.06461 780.5
0.06462 780.5
0.06463 780.5
0.06464 780.5
0.06465 780.5
0.06466 780.5
0.06467 780.5
0.06468 780.5
0.06469 780.5
0.06470 780.5
0.06471 780.5
0.06472 780.5
0.06473 780.5
0.06474 780.5
0.06475 780.5
0.06476 780.5
0.06477 780.5
0.06478 780.5
0.06479 780.5
0.06480 780.5
0.06481 780.5
0.06482 780.5
0.06483 780.5
0.06484 780.5
0.06485 780.5
0.06486 780.5
0.06487 780.5
0.06488 780.5
0.06489 780.5
0.06490 780.5
0.06491 780.5
0.06492 780.5
0.06493 780.5
0.06494 780.5
0.06495 780.5
0.06496 780.5
0.06497 780.5
0.06498 780.5
0.06499 780.5
0.06500 780.5
0.06501 780.5
0.06502 780.5
0.06503 780.5
0.06504 780.5
0.06505 780.5
0.06506 780.5
0.06507 780.5
0.06508 780.5
0.06509 780.5
0.06510 780.5
0.06511 780.5
0.06512 780.5
0.06513 780.5
0.06514 780.5
0.06515 780.5
0.06516 780.5
0.06517 780.5
0.06518 780.5
0.06519 780.5
0.06520 780.5
0.06521 780.5
0.06522 780.5
0.06523 780.5
0.06524 780.5
0.06525 780.5
0.06526 780.5
0.06527 780.5
0.06528 780.5
0.06529 780.5
0.06530 780.5
0.06531 780.5
0.06532 780.5
0.06533 780.5
0.06534 780.5
0.06535 780.5
0.06536 780.5
0.06537 780.5
0.06538 780.5
0.06539 780.5
0.06540 780.5
0.06541 780.5
0.06542 780.5
0.06543 780.5
0.06544 780.5
0.06545 780.5
0.06546 780.5
0.06547 780.5
0.06548 780.5
0.06549 780.5
0.06550 780.5
0.06551 780.5
0.06552 780.5
0.06553 780.5
0.06554 780.5
0.06555 780.5
0.06556 780.5
0.06557 780.5
0.06558 780.5
0.06559 780.5
0.06560 780.5
0.06561 780.5
0.06562 780.5
0.06563 780.5
0.06564 780.5
0.06565 780.5
0.06566 780.5
0.06567 780.5
0.06568 780.5
0.06569 780.5
0.06570 780.5
0.06571 780.5
0.06572 780.5
0.06573 780.5
0.06574 780.5
0.06575 780.5
0.06576 780.5
0.06577 780.5
0.06578 780.5
0.06579 780.5
0.06580 780.5
0.06581 780.5
0.06582 780.5
0.06583 780.5
0.06584 780.5
0.06585 780.5
0.06586 780.5
0.06587 780.5
0.06588 780.5
0.06589 780.5
0.06590 780.5
0.06591 780.5
0.06592 780.5
0.06593 780.5
0.06594 780.5
0.06595 780.5
0.06596 780.5
0.06597 780.5
0.06598 780.5
0.06599 780.5
0.06600 780.5
0.06601 780.5
0.06602 780.5
0.06603 780.5
0.06604 780.5
0.06605 780.5
0.06606 780.5
0.06607 780.5
0.06608 780.5
0.06609 780.5
0.06610 780.5
0.06611 780.5
0.06612 780.5
0.06613 780.5
0.06614 780.5
0.06615 780.5
0.06616 780.5
0.06617 780.5
0.06618 780.5
0.06619 780.5
0.06620 780.5
0.06621 780.5
0.06622 780.5
0.06623 780.5
0.06624 780.5
0.06625 780.5
0.06626 780.5
0.06627 780.5
0.06628 780.5
0.06629 780.5
0.06630 780.5
0.06631 780.5
0.06632 780.5
0.06633 780.5
0.06634 780.5
0.06635 780.5
0.06636 780.5
0.06637 780.5
0.06638 780.5
0.06639 780.5
0.06640 780.5
0.06641 780.5
0.06642 780.5
0.06643 780.5
0.06644 780.5
0.06645 780.5
0.06646 780.5
0.06647 780.5
0.06648 780.5
0.06649 780.5
0.06650 780.5
0.06651 780.5
0.06652 780.5
0.06653 780.5
0.06654 780.5
0.06655 780.5
0.06656 780.5
0.06657 780.5
0.06658 780.5
0.06659 780.5
0.06660 780.5
0.06661 780.5
0.06662 780.5
0.06663 780.5
0.06664 780.5
0.06665 780.5
0.06666 780.5
0.06667 780.5
0.06668 780.5
0.06669 780.5
0.06670 780.5
0.06671 780.5
0.06672 780.5
0.06673 780.5
0.06674 780.5
0.06675 780.5
0.06676 780.5
0.06677 780.5
0.06678 780.5
0.06679 780.5
0.06680 780.5
0.06681 780.5
0.06682 780.5
0.06683 780.5
0.06684 780.5
0.06685 780.5
0.06686 780.5
0.06687 780.5
0.06688 780.5
0.06689 780.5
0.06690 780.5
0.06691 780.5
0.06692 780.5
0.06693 780.5
0.06694 780.5
0.06695 780.5
0.06696 780.5
0.06697 780.5
0.06698 780.5
0.06699 780.5
0.06700 780.5
0.06701 780.5
0.06702 780.5
0.06703 780.5
0.06704 780.5
0.06705 780.5
0.06706 780.5
0.06707 780.5
0.06708 780.5
0.06709 780.5
0.06710 780.5
0.06711 780.5
0.06712 780.5
0.06713 780.5
0.06714 780.5
0.06715 780.5
0.06716 780.5
0.06717 780.5
0.06718 780.5
0.06719 780.5
0.06720 780.5
0.06721 780.5
0.06722 780.5
0.06723 780.5
0.06724 780.5
0.06725 780.5
0.06726 780.5
0.06727 780.5
0.06728 780.5
0.06729 780.5
0.06730 780.5
0.06731 780.5
0.06732 780.5
0.06733 780.5
0.06734 780.5
0.06735 780.5
0.06736 780.5
0.06737 780.5
0.06738 780.5
0.06739 780.5
0.06740 780.5
0.06741 780.5
0.06742 780.5
0.06743 780.5
0.06744 780.5
0.06745 780.5
0.06746 780.5
0.06747 780.5
0.06748 780.5
0.06749 780.5
0.06750 780.5
0.06751 780.5
0.06752 780.5
0.06753 780.5
0.06754 780.5
0.06755 780.5
0.06756 780.5
0.06757 780.5
0.06758 780.5
0.06759 780.5
0.06760 780.5
0.06761 780.5
0.06762 780.5
0.06763 780.5
0.06764 780.5
0.06765 780.5
0.06766 780.5
0.06767 780.5
0.06768 780.5
0.06769 780.5
0.06770 780.5
0.06771 780.5
0.06772 780.5
0.06773 780.5
0.06774 780.5
0.06775 780.5
0.06776 780.5
0.06777 780.5
0.06778 780.5
0.06779 780.5
0.06780 780.5
0.06781 780.5
0.06782 780.5
0.06783 780.5
0.06784 780.5
0.06785 780.5
0.06786 780.5
0.06787 780.5
0.06788 780.5
0.06789 780.5
0.06790 780.5
0.06791 780.5
0.06792 780.5
0.06793 780.5
0.06794 780.5
0.06795 780.5
0.06796 780.5
0.06797 780.5
0.06798 780.5
0.06799 780.5
0.06800 780.5
0.06801 780.5
0.06802 780.5
0.06803 780.5
0.06804 780.5
0.06805 780.5
0.06806 780.5
0.06807 780.5
0.06808 780.5
0.06809 780.5
0.06810 780.5
0.06811 780.5
0.06812 780.5
0.06813 780.5
0.06814 780.5
0.06815 780.5
0.06816 780.5
0.06817 780.5
0.06818 780.5
0.06819 780.5
0.06820 780.5
0.06821 780.5
0.06822 780.5
0.06823 780.5
0.06824 780.5
0.06825 780.5
0.06826 780.5
0.06827 780.5
0.06828 780.5
0.06829 780.5
0.06830 780.5
0.06831 780.5
0.06832 780.5
0.06833 780.5
0.06834 780.5
0.06835 780.5
0.06836 780.5
0.06837 780.5
0.06838 780.5
0.06839 780.5
0.06840 780.5
0.06841 780.5
0.06842 780.5
0.06843 780.5
0.06844 780.5
0.06845 780.5
0.06846 780.5
0.06847 780.5
0.06848 780.5
0.06849 780.5
0.06850 780.5
0.06851 780.5
0.06852 780.5
0.06853 780.5
0.06854 780.5
0.06855 780.5
0.06856 780.5
0.06857 780.5
0.06858 780.5
0.06859 780.5
0.06860 780.5
0.06861 780.5
0.06862 780.5
0.06863 780.5
0.06864 780.5
0.06865 780.5
0.06866 780.5
0.06867 780.5
0.06868 780.5
0.06869 780.5
0.06870 780.5
0.06871 780.5
0.06872 780.5
0.06873 780.5
0.06874 780.5
0.06875 780.5
0.06876 780.5
0.06877 780.5
0.06878 780.5
0.06879 780.5
0.06880 780.5
0.06881 780.5
0.06882 780.5
0.06883 780.5
0.06884 780.5
0.06885 780.5
0.06886 780.5
0.06887 780.5
0.06888 780.5
0.06889 780.5
0.06890 780.5
0.06891 780.5
0.06892 780.5
0.06893 780.5
0.06894 780.5
0.06895 780.5
0.06896 780.5
0.06897 780.5
0.06898 780.5
0.06899 780.5
0.06900 780.5
0.06901 780.5
0.06902 780.5
0.06903 780.5
0.06904 780.5
0.06905 780.5
0.06906 780.5
0.06907 780.5
0.06908 780.5
0.06909 780.5
0.06910 780.5
0.06911 780.5
0.06912 780.5
0.06913 780.5
0.06914 780.5
0.06915 780.5
0.06916 780.5
0.06917 780.5
0.06918 780.5
0.06919 780.5
0.06920 780.5
0.06921 780.5
0.06922 780.5
0.06923 780.5
0.06924 780.5
0.06925 780.5
0.06926 780.5
0.06927 780.5
0.06928 780.5
0.06929 780.5
0.06930 780.5
0.06931 780.5
0.06932 780.5
0.06933 780.5
0.06934 780.5
0.06935 780.5
0.06936 780.5
0.06937 780.5
0.06938 780.5
0.06939 780.5
0.06940 780.5
0.06941 780.5
0.06942 780.5
0.06943 780.5
0.06944 780.5
0.06945 780.5
0.06946 780.5
0.06947 780.5
0.06948 780.5
0.06949 780.5
0.06950 780.5
0.06951 780.5
0.06952 780.5
0.06953 780.5
0.06954 780.5
0.06955 780.5
0.06956 780.5
0.06957 780.5
0.06958 780.5
0.06959 780.5
0.06960 780.5
0.06961 780.5
0.06962 780.5
0.06963 780.5
0.06964 780.5
0.06965 780.5
0.06966 780.5
0.06967 780.5
0.06968 780.5
0.06969 780.5
0.06970 780.5
0.06971 780.5
0.06972 780.5
0.06973 780.5
0.06974 780.5
0.06975 780.5
0.06976 780.5
0.06977 780.5
0.06978 780.5
0.06979 780.5
0.06980 780.5
0.06981 780.5
0.06982 780.5
0.06983 780.5
0.06984 780.5
0.06985 780.5
0.06986 780.5
0.06987 780.5
0.06988 780.5
0.06989 780.5
0.06990 780.5
0.06991 780.5
0.06992 780.5
0.06993 780.5
0.06994 780.5
0.06995 780.5
0.06996 780.5
0.06997 780.5
0.06998 780.5
0.06999 780.5
0.07000 780.5
0.07001 780.5
0.07002 780.5
0.07003 780.5
0.07004 780.5
0.07005 780.5
0.07006 780.5
0.07007 780.5
0.07008 780.5
0.07009 780.5
0.07010 780.5
0.07011 780.5
0.07012 780.5
0.07013 780.5
0.07014 780.5
0.07015 780.5
0.07016 780.5
0.07017 780.5
0.07018 780.5
0.07019 780.5
0.07020 780.5
0.07021 780.5
0.07022 780.5
0.07023 780.5
0.07024 780.5
0.07025 780.5
0.07026 780.5
0.07027 780.5
0.07028 780.5
0.07029 780.5
0.07030 780.5
0.07031 780.5
0.07032 780.5
0.07033 780.5
0.07034 780.5
0.07035 780.5
0.07036 780.5
0.07037 780.5
0.07038 780.5
0.07039 780.5
0.07040 780.5
0.07041 780.5
0.07042 780.5
0.07043 780.5
0.07044 780.5
0.07045 780.5
0.07046 780.5
0.07047 780.5
0.07048 780.5
0.07049 780.5
0.07050 780.5
0.07051 780.5
0.07052 780.5
0.07053 780.5
0.07054 780.5
0.07055 780.5
0.07056 780.5
0.07057 780.5
0.07058 780.5
0.07059 780.5
0.07060 780.5
0.07061 780.5
0.07062 780.5
0.07063 780.5
0.07064 780.5
0.07065 780.5
0.07066 780.5
0.07067 780.5
0.07068 780.5
0.07069 780.5
0.07070 780.5
0.07071 780.5
0.07072 780.5
0.07073 780.5
0.07074 780.5
0.07075 780.5
0.07076 780.5
0.07077 780.5
0.07078 780.5
0.07079 780.5
0.07080 780.5
0.07081 780.5
0.07082 780.5
0.07083 780.5
0.07084 780.5
0.07085 780.5
0.07086 780.5
0.07087 780.5
0.07088 780.5
0.07089 780.5
0.07090 780.5
0.07091 780.5
0.07092 780.5
0.07093 780.5
0.07094 780.5
0.07095 780.5
0.07096 780.5
0.07097 780.5
0.07098 780.5
0.07099 780.5
0.07100 780.5
0.07101 780.5
0.07102 780.5
0.07103 780.5
0.07104 780.5
0.07105 780.5
0.07106 780.5
0.07107 780.5
0.07108 780.5
0.07109 780.5
0.07110 780.5
0.07111 780.5
0.07112 780.5
0.07113 780.5
0.07114 780.5
0.07115 780.5
0.07116 780.5
0.07117 780.5
0.07118 780.5
0.07119 780.5
0.07120 780.5
0.07121 780.5
0.07122 780.5
0.07123 780.5
0.07124 780.5
0.07125 780.5
0.07126 780.5
0.07127 780.5
0.07128 780.5
0.07129 780.5
0.07130 780.5
0.07131 780.5
0.07132 780.5
0.07133 780.5
0.07134 780.5
0.07135 780.5
0.07136 780.5
0.07137 780.5
0.07138 780.5
0.07139 780.5
0.07140 780.5
0.07141 780.5
0.07142 780.5
0.07143 780.5
0.07144 780.5
0.07145 780.5
0.07146 780.5
0.07147 780.5
0.07148 780.5
0.07149 780.5
0.07150 780.5
0.07151 780.5
0.07152 780.5
0.07153 780.5
0.07154 780.5
0.07155 780.5
0.07156 780.5
0.07157 780.5
0.07158 780.5
0.07159 780.5
0.07160 780.5
0.07161 780.5
0.07162 780.5
0.07163 780.5
0.07164 780.5
0.07165 780.5
0.07166 780.5
0.07167 780.5
0.07168 780.5
0.07169 780.5
0.07170 780.5
0.07171 780.5
0.07172 780.5
0.07173 780.5
0.07174 780.5
0.07175 780.5
0.07176 780.5
0.07177 780.5
0.07178 780.5
0.07179 780.5
0.07180 780.5
0.07181 780.5
0.07182 780.5
0.07183 780.5
0.07184 780.5
0.07185 780.5
0.07186 780.5
0.07187 780.5
0.07188 780.5
0.07189 780.5
0.07190 780.5
0.07191 780.5
0.07192 780.5
0.07193 780.5
0.07194 780.5
0.07195 780.5
0.07196 780.5
0.07197 780.5
0.07198 780.5
0.07199 780.5
0.07200 780.5
0.07201 780.5
0.07202 780.5
0.07203 780.5
0.07204 780.5
0.07205 780.5
0.07206 780.5
0.07207 780.5
0.07208 780.5
0.07209 780.5
0.07210 780.5
0.07211 780.5
0.07212 780.5
0.07213 780.5
0.07214 780.5
0.07215 780.5
0.07216 780.5
0.07217 780.5
0.07218 780.5
0.07219 780.5
0.07220 780.5
0.07221 780.5
0.07222 780.5
0.07223 780.5
0.07224 780.5
0.07225 780.5
0.07226 780.5
0.07227 780.5
0.07228 780.5
0.07229 780.5
0.07230 780.5
0.07231 780.5
0.07232 780.5
0.07233 780.5
0.07234 780.5
0.07235 780.5
0.07236 780.5
0.07237 780.5
0.07238 780.5
0.07239 780.5
0.07240 780.5
0.07241 780.5
0.07242 780.5
0.07243 780.5
0.07244 780.5
0.07245 780.5
0.07246 780.5
0.07247 780.5
0.07248 780.5
0.07249 780.5
0.07250 780.5
0.07251 780.5
0.07252 780.5
0.07253 780.5
0.07254 780.5
0.07255 780.5
0.07256 780.5
0.07257 780.5
0.07258 780.5
0.07259 780.5
0.07260 780.5
0.07261 780.5
0.07262 780.5
0.07263 780.5
0.07264 780.5
0.07265 780.5
0.07266 780.5
0.07267 780.5
0.07268 780.5
0.07269 780.5
0.07270 780.5
0.07271 780.5
0.07272 780.5
0.07273 780.5
0.07274 780.5
0.07275 780.5
0.07276 780.5
0.07277 780.5
0.07278 780.5
0.07279 780.5
0.07280 780.5
0.07281 780.5
0.07282 780.5
0.07283 780.5
0.07284 780.5
0.07285 780.5
0.07286 780.5
0.07287 780.5
0.07288 780.5
0.07289 780.5
0.07290 780.5
0.07291 780.5
0.07292 780.5
0.07293 780.5
0.07294 780.5
0.07295 780.5
0.07296 780.5
0.07297 780.5
0.07298 780.5
0.07299 780.5
0.07300 780.5
0.07301 780.5
0.07302 780.5
0.07303 780.5
0.07304 780.5
0.07305 780.5
0.07306 780.5
0.07307 780.5
0.07308 780.5
0.07309 780.5
0.07310 780.5
0.07311 780.5
0.07312 780.5
0.07313 780.5
0.07314 780.5
0.07315 780.5
0.07316 780.5
0.07317 780.5
0.07318 780.5
0.07319 780.5
0.07320 780.5
0.07321 780.5
0.07322 780.5
0.07323 780.5
0.07324 780.5
0.07325 780.5
0.07326 780.5
0.07327 780.5
0.07328 780.5
0.07329 780.5
0.07330 780.5
0.07331 780.5
0.07332 780.5
0.07333 780.5
0.07334 780.5
0.07335 780.5
0.07336 780.5
0.07337 780.5
0.07338 780.5
0.07339 780.5
0.07340 780.5
0.07341 780.5
0.07342 780.5
0.07343 780.5
0.07344 780.5
0.07345 780.5
0.07346 780.5
0.07347 780.5
0.07348 780.5
0.07349 780.5
0.07350 780.5
0.07351 780.5
0.07352 780.5
0.07353 780.5
0.07354 780.5
0.07355 780.5
0.07356 780.5
0.07357 780.5
0.07358 780.5
0.07359 780.5
0.07360 780.5
0.07361 780.5
0.07362 780.5
0.07363 780.5
0.07364 780.5
0.07365 780.5
0.07366 780.5
0.07367 780.5
0.07368 780.5
0.07369 780.5
0.07370 780.5
0.07371 780.5
0.07372 780.5
0.07373 780.5
0.07374 780.5
0.07375 780.5
0.07376 780.5
0.07377 780.5
0.07378 780.5
0.07379 780.5
0.07380 780.5
0.07381 780.5
0.07382 780.5
0.07383 780.5
0.07384 780.5
0.07385 780.5
0.07386 780.5
0.07387 780.5
0.07388 780.5
0.07389 780.5
0.07390 780.5
0.07391 780.5
0.07392 780.5
0.07393 780.5
0.07394 780.5
0.07395 780.5
0.07396 780.5
0.07397 780.5
0.07398 780.5
0.07399 780.5
0.07400 780.5
0.07401 780.5
0.07402 780.5
0.07403 780.5
0.07404 780.5
0.07405 780.5
0.07406 780.5
0.07407 780.5
0.07408 780.5
0.07409 780.5
0.07410 780.5
0.07411 780.5
0.07412 780.5
0.07413 780.5
0.07414 780.5
0.07415 780.5
0.07416 780.5
0.07417 780.5
0.07418 780.5
0.07419 780.5
0.07420 780.5
0.07421 780.5
0.07422 780.5
0.07423 780.5
0.07424 780.5
0.07425 780.5
0.07426 780.5
0.07427 780.5
0.07428 780.5
0.07429 780.5
0.07430 780.5
0.07431 780.5
0.07432 780.5
0.07433 780.5
0.07434 780.5
0.07435 780.5
0.07436 780.5
0.07437 780.5
0.07438 780.5
0.07439 780.5
0.07440 780.5
0.07441 780.5
0.07442 780.5
0.07443 780.5
0.07444 780.5
0.07445 780.5
0.07446 780.5
0.07447 780.5
0.07448 780.5
0.07449 780.5
0.07450 780.5
0.07451 780.5
0.07452 780.5
0.07453 780.5
0.07454 780.5
0.07455 780.5
0.07456 780.5
0.07457 780.5
0.07458 780.5
0.07459 780.5
0.07460 780.5
0.07461 780.5
0.07462 780.5
0.07463 780.5
0.07464 780.5
0.07465 780.5
0.07466 780.5
0.07467 780.5
0.07468 780.5
0.07469 780.5
0.07470 780.5
0.07471 780.5
0.07472 780.5
0.07473 780.5
0.07474 780.5
0.07475 780.5
0.07476 780.5
0.07477 780.5
0.07478 780.5
0.07479 780.5
0.07480 780.5
0.07481 780.5
0.07482 780.5
0.07483 780.5
0.07484 780.5
0.07485 780.5
0.07486 780.5
0.07487 780.5
0.07488 780.5
0.07489 780.5
0.07490 780.5
0.07491 780.5
0.07492 780.5
0.07493 780.5
0.07494 780.5
0.07495 780.5
0.07496 780.5
0.07497 780.5
0.07498 780.5
0.07499 780.5
0.07500 780.5
0.07501 780.5
0.07502 780.5
0.07503 780.5
0.07504 780.5
0.07505 780.5
0.07506 780.5
0.07507 780.5
0.07508 780.5
0.07509 780.5
0.07510 780.5
0.07511 780.5
0.07512 780.5
0.07513 780.5
0.07514 780.5
0.07515 780.5
0.07516 780.5
0.07517 780.5
0.07518 780.5
0.07519 780.5
0.07520 780.5
0.07521 780.5
0.07522 780.5
0.07523 780.5
0.07524 780.5
0.07525 780.5
0.07526 780.5
0.07527 780.5
0.07528 780.5
0.07529 780.5
0.07530 780.5
0.07531 780.5
0.07532 780.5
0.07533 780.5
0.07534 780.5
0.07535 780.5
0.07536 780.5
0.07537 780.5
0.07538 780.5
0.07539 780.5
0.07540 780.5
0.07541 780.5
0.07542 780.5
0.07543 780.5
0.07544 780.5
0.07545 780.5
0.07546 780.5
0.07547 780.5
0.07548 780.5
0.07549 780.5
0.07550 780.5
0.07551 780.5
0.07552 780.5
0.07553 780.5
0.07554 780.5
0.07555 780.5
0.07556 780.5
0.07557 780.5
0.07558 780.5
0.07559 780.5
0.07560 780.5
0.07561 780.5
0.07562 780.5
0.07563 780.5
0.07564 780.5
0.07565 780.5
0.07566 780.5
0.07567 780.5
0.07568 780.5
0.07569 780.5
0.07570 780.5
0.07571 780.5
0.07572 780.5
0.07573 780.5
0.07574 780.5
0.07575 780.5
0.07576 780.5
0.07577 780.5
0.07578 780.5
0.07579 780.5
0.07580 780.5
0.07581 780.5
0.07582 780.5
0.07583 780.5
0.07584 780.5
0.07585 780.5
0.07586 780.5
0.07587 780.5
0.07588 780.5
0.07589 780.5
0.07590 780.5
0.07591 780.5
0.07592 780.5
0.07593 780.5
0.07594 780.5
0.07595 780.5
0.07596 780.5
0.07597 780.5
0.07598 780.5
0.07599 780.5
0.07600 780.5
0.07601 780.5
0.07602 780.5
0.07603 780.5
0.07604 780.5
0.07605 780.5
0.07606 780.5
0.07607 780.5
0.07608 780.5
0.07609 780.5
0.07610 780.5
0.07611 780.5
0.07612 780.5
0.07613 780.5
0.07614 780.5
0.07615 780.5
0.07616 780.5
0.07617 780.5
0.07618 780.5
0.07619 780.5
0.07620 780.5
0.07621 780.5
0.07622 780.5
0.07623 780.5
0.07624 780.5
0.07625 780.5
0.07626 780.5
0.07627 780.5
0.07628 780.5
0.07629 780.5
0.07630 780.5
0.07631 780.5
0.07632 780.5
0.07633 780.5
0.07634 780.5
0.07635 780.5
0.07636 780.5
0.07637 780.5
0.07638 780.5
0.07639 780.5
0.07640 780.5
0.07641 780.5
0.07642 780.5
0.07643 780.5
0.07644 780.5
0.07645 780.5
0.07646 780.5
0.07647 780.5
0.07648 780.5
0.07649 780.5
0.07650 780.5
0.07651 780.5
0.07652 780.5
0.07653 780.5
0.07654 780.5
0.07655 780.5
0.07656 780.5
0.07657 780.5
0.07658 780.5
0.07659 780.5
0.07660 780.5
0.07661 780.5
0.07662 780.5
0.07663 780.5
0.07664 780.5
0.07665 780.5
0.07666 780.5
0.07667 780.5
0.07668 780.5
0.07669 780.5
0.07670 780.5
0.07671 780.5
0.07672 780.5
0.07673 780.5
0.07674 780.5
0.07675 780.5
0.07676 780.5
0.07677 780.5
0.07678 780.5
0.07679 780.5
0.07680 780.5
0.07681 780.5
0.07682 780.5
0.07683 780.5
0.07684 780.5
0.07685 780.5
0.07686 780.5
0.07687 780.5
0.07688 780.5
0.07689 780.5
0.07690 780.5
0.07691 780.5
0.07692 780.5
0.07693 780.5
0.07694 780.5
0.07695 780.5
0.07696 780.5
0.07697 780.5
0.07698 780.5
0.07699 780.5
0.07700 780.5
0.07701 780.5
0.07702 780.5
0.07703 780.5
0.07704 780.5
0.07705 780.5
0.07706 780.5
0.07707 780.5
0.07708 780.5
0.07709 780.5
0.07710 780.5
0.07711 780.5
0.07712 780.5
0.07713 780.5
0.07714 780.5
0.07715 780.5
0.07716 780.5
0.07717 780.5
0.07718 780.5
0.07719 780.5
0.07720 780.5
0.07721 780.5
0.07722 780.5
0.07723 780.5
0.07724 780.5
0.07725 780.5
0.07726 780.5
0.07727 780.5
0.07728 780.5
0.07729 780.5
0.07730 780.5
0.07731 780.5
0.07732 780.5
0.07733 780.5
0.07734 780.5
0.07735 780.5
0.07736 780.5
0.07737 780.5
0.07738 780.5
0.07739 780.5
0.07740 780.5
0.07741 780.5
0.07742 780.5
0.07743 780.5
0.07744 780.5
0.07745 780.5
0.07746 780.5
0.07747 780.5
0.07748 780.5
0.07749 780.5
0.07750 780.5
0.07751 780.5
0.07752 780.5
0.07753 780.5
0.07754 780.5
0.07755 780.5
0.07756 780.5
0.07757 780.5
0.07758 780.5
0.07759 780.5
0.07760 780.5
0.07761 780.5
0.07762 780.5
0.07763 780.5
0.07764 780.5
0.07765 780.5
0.07766 780.5
0.07767 780.5
0.07768 780.5
0.07769 780.5
0.07770 780.5
0.07771 780.5
0.07772 780.5
0.07773 780.5
0.07774 780.5
0.07775 780.5
0.07776 780.5
0.07777 780.5
0.07778 780.5
0.07779 780.5
0.07780 780.5
0.07781 780.5
0.07782 780.5
0.07783 780.5
0.07784 780.5
0.07785 780.5
0.07786 780.5
0.07787 780.5
0.07788 780.5
0.07789 780.5
0.07790 780.5
0.07791 780.5
0.07792 780.5
0.07793 780.5
0.07794 780.5
0.07795 780.5
0.07796 780.5
0.07797 780.5
0.07798 780.5
0.07799 780.5
0.07800 780.5
0.07801 780.5
0.07802 780.5
0.07803 780.5
0.07804 780.5
0.07805 780.5
0.07806 780.5
0.07807 780.5
0.07808 780.5
0.07809 780.5
0.07810 780.5
0.07811 780.5
0.07812 780.5
0.07813 780.5
0.07814 780.5
0.07815 780.5
0.07816 780.5
0.07817 780.5
0.07818 780.5
0.07819 780.5
0.07820 780.5
0.07821 780.5
0.07822 780.5
0.07823 780.5
0.07824 780.5
0.07825 780.5
0.07826 780.5
0.07827 780.5
0.07828 780.5
0.07829 780.5
0.07830 780.5
0.07831 780.5
0.07832 780.5
0.07833 780.5
0.07834 780.5
0.07835 780.5
0.07836 780.5
0.07837 780.5
0.07838 780.5
0.07839 780.5
0.07840 780.5
0.07841 780.5
0.07842 780.5
0.07843 780.5
0.07844 780.5
0.07845 780.5
0.07846 780.5
0.07847 780.5
0.07848 780.5
0.07849 780.5
0.07850 780.5
0.07851 780.5
0.07852 780.5
0.07853 780.5
0.07854 780.5
0.07855 780.5
0.07856 780.5
0.07857 780.5
0.07858 780.5
0.07859 780.5
0.07860 780.5
0.07861 780.5
0.07862 780.5
0.07863 780.5
0.07864 780.5
0.07865 780.5
0.07866 780.5
0.07867 780.5
0.07868 780.5
0.07869 780.5
0.07870 780.5
0.07871 780.5
0.07872 780.5
0.07873 780.5
0.07874 780.5
0.07875 780.5
0.07876 780.5
0.07877 780.5
0.07878 780.5
0.07879 780.5
0.07880 780.5
0.07881 780.5
0.07882 780.5
0.07883 780.5
0.07884 780.5
0.07885 780.5
0.07886 780.5
0.07887 780.5
0.07888 780.5
0.07889 780.5
0.07890 780.5
0.07891 780.5
0.07892 780.5
0.07893 780.5
0.07894 780.5
0.07895 780.5
0.07896 780.5
0.07897 780.5
0.07898 780.5
0.07899 780.5
0.07900 780.5
0.07901 780.5
0.07902 780.5
0.07903 780.5
0.07904 780.5
0.07905 780.5
0.07906 780.5
0.07907 780.5
0.07908 780.5
0.07909 780.5
0.07910 780.5
0.07911 780.5
0.07912 780.5
0.07913 780.5
0.07914 780.5
0.07915 780.5
0.07916 780.5
0.07917 780.5
0.07918 780.5
0.07919 780.5
0.07920 780.5
0.07921 780.5
0.07922 780.5
0.07923 780.5
0.07924 780.5
0.07925 780.5
0.07926 780.5
0.07927 780.5
0.07928 780.5
0.07929 780.5
0.07930 780.5
0.07931 780.5
0.07932 780.5
0.07933 780.5
0.07934 780.5
0.07935 780.5
0.07936 780.5
0.07937 780.5
0.07938 780.5
0.07939 780.5
0.07940 780.5
0.07941 780.5
0.07942 780.5
0.07943 780.5
0.07944 780.5
0.07945 780.5
0.07946 780.5
0.07947 780.5
0.07948 780.5
0.07949 780.5
0.07950 780.5
0.07951 780.5
0.07952 780.5
0.07953 780.5
0.07954 780.5
0.07955 780.5
0.07956 780.5
0.07957 780.5
0.07958 780.5
0.07959 780.5
0.07960 780.5
0.07961 780.5
0.07962 780.5
0.07963 780.5
0.07964 780.5
0.07965 780.5
0.07966 780.5
0.07967 780.5
0.07968 780.5
0.07969 780.5
0.07970 780.5
0.07971 780.5
0.07972 780.5
0.07973 780.5
0.07974 780.5
0.07975 780.5
0.07976 780.5
0.07977 780.5
0.07978 780.5
0.07979 780.5
0.07980 780.5
0.07981 780.5
0.07982 780.5
0.07983 780.5
0.07984 780.5
0.07985 780.5
0.07986 780.5
0.07987 780.5
0.07988 780.5
0.07989 780.5
0.07990 780.5
0.07991 780.5
0.07992 780.5
0.07993 780.5
0.07994 780.5
0.07995 780.5
0.07996 780.5
0.07997 780.5
0.07998 780.5
0.07999 780.5
0.08000 780.5
0.08001 780.5
0.08002 780.5
0.08003 780.5
0.08004 780.5
0.08005 780.5
0.08006 780.5
0.08007 780.5
0.08008 780.5
0.08009 780.5
0.08010 780.5
0.08011 780.5
0.08012 780.5
0.08013 780.5
0.08014 780.5
0.08015 780.5
0.08016 780.5
0.08017 780.5
0.08018 780.5
0.08019 780.5
0.08020 780.5
0.08021 780.5
0.08022 780.5
0.08023 780.5
0.08024 780.5
0.08025 780.5
0.08026 780.5
0.08027 780.5
0.08028 780.5
0.08029 780.5
0.08030 780.5
0.08031 780.5
0.08032 780.5
0.08033 780.5
0.08034 780.5
0.08035 780.5
0.08036 780.5
0.08037 780.5
0.08038 780.5
0.08039 780.5
0.08040 780.5
0.08041 780.5
0.08042 780.5
0.08043 780.5
0.08044 780.5
0.08045 780.5
0.08046 780.5
0.08047 780.5
0.08048 780.5
0.08049 780.5
0.08050 780.5
0.08051 780.5
0.08052 780.5
0.08053 780.5
0.08054 780.5
0.08055 780.5
0.08056 780.5
0.08057 780.5
0.08058 780.5
0.08059 780.5
0.08060 780.5
0.08061 780.5
0.08062 780.5
0.08063 780.5
0.08064 780.5
0.08065 780.5
0.08066 780.5
0.08067 780.5
0.08068 780.5
0.08069 780.5
0.08070 780.5
0.08071 780.5
0.08072 780.5
0.08073 780.5
0.08074 780.5
0.08075 780.5
0.08076 780.5
0.08077 780.5
0.08078 780.5
0.08079 780.5
0.08080 780.5
0.08081 780.5
0.08082 780.5
0.08083 780.5
0.08084 780.5
0.08085 780.5
0.08086 780.5
0.08087 780.5
0.08088 780.5
0.08089 780.5
0.08090 780.5
0.08091 780.5
0.08092 780.5
0.08093 780.5
0.08094 780.5
0.08095 780.5
0.08096 780.5
0.08097 780.5
0.08098 780.5
0.08099 780.5
0.08100 780.5
0.08101 780.5
0.08102 780.5
0.08103 780.5
0.08104 780.5
0.08105 780.5
0.08106 780.5
0.08107 780.5
0.08108 780.5
0.08109 780.5
0.08110 780.5
0.08111 780.5
0.08112 780.5
0.08113 780.5
0.08114 780.5
0.08115 780.5
0.08116 780.5
0.08117 780.5
0.08118 780.5
0.08119 780.5
0.08120 780.5
0.08121 780.5
0.08122 780.5
0.08123 780.5
0.08124 780.5
0.08125 780.5
0.08126 780.5
0.08127 780.5
0.08128 780.5
0.08129 780.5
0.08130 780.5
0.08131 780.5
0.08132 780.5
0.08133 780.5
0.08134 780.5
0.08135 780.5
0.08136 780.5
0.08137 780.5
0.08138 780.5
0.08139 780.5
0.08140 780.5
0.08141 780.5
0.08142 780.5
0.08143 780.5
0.08144 780.5
0.08145 780.5
0.08146 780.5
0.08147 780.5
0.08148 780.5
0.08149 780.5
0.08150 780.5
0.08151 780.5
0.08152 780.5
0.08153 780.5
0.08154 780.5
0.08155 780.5
0.08156 780.5
0.08157 780.5
0.08158 780.5
0.08159 780.5
0.08160 780.5
0.08161 780.5
0.08162 780.5
0.08163 780.5
0.08164 780.5
0.08165 780.5
0.08166 780.5
0.08167 780.5
0.08168 780.5
0.08169 780.5
0.08170 780.5
0.08171 780.5
0.08172 780.5
0.08173 780.5
0.08174 780.5
0.08175 780.5
0.08176 780.5
0.08177 780.5
0.08178 780.5
0.08179 780.5
0.08180 780.5
0.08181 780.5
0.08182 780.5
0.08183 780.5
0.08184 780.5
0.08185 780.5
0.08186 780.5
0.08187 780.5
0.08188 780.5
0.08189 780.5
0.08190 780.5
0.08191 780.5
0.08192 780.5
0.08193 780.5
0.08194 780.5
0.08195 780.5
0.08196 780.5
0.08197 780.5
0.08198 780.5
0.08199 780.5
0.08200 780.5
0.08201 780.5
0.08202 780.5
0.08203 780.5
0.08204 780.5
0.08205 780.5
0.08206 780.5
0.08207 780.5
0.08208 780.5
0.08209 780.5
0.08210 780.5
0.08211 780.5
0.08212 780.5
0.08213 780.5
0.08214 780.5
0.08215 780.5
0.08216 780.5
0.08217 780.5
0.08218 780.5
0.08219 780.5
0.08220 780.5
0.08221 780.5
0.08222 780.5
0.08223 780.5
0.08224 780.5
0.08225 780.5
0.08226 780.5
0.08227 780.5
0.08228 780.5
0.08229 780.5
0.08230 780.5
0.08231 780.5
0.08232 780.5
0.08233 780.5
0.08234 780.5
0.08235 780.5
0.08236 780.5
0.08237 780.5
0.08238 780.5
0.08239 780.5
0.08240 780.5
0.08241 780.5
0.08242 780.5
0.08243 780.5
0.08244 780.5
0.08245 780.5
0.08246 780.5
0.08247 780.5
0.08248 780.5
0.08249 780.5
0.08250 780.5
0.08251 780.5
0.08252 780.5
0.08253 780.5
0.08254 780.5
0.08255 780.5
0.08256 780.5
0.08257 780.5
0.08258 780.5
0.08259 780.5
0.08260 780.5
0.08261 780.5
0.08262 780.5
0.08263 780.5
0.08264 780.5
0.08265 780.5
0.08266 780.5
0.08267 780.5
0.08268 780.5
0.08269 780.5
0.08270 780.5
0.08271 780.5
0.08272 780.5
0.08273 780.5
0.08274 780.5
0.08275 780.5
0.08276 780.5
0.08277 780.5
0.08278 780.5
0.08279 780.5
0.08280 780.5
0.08281 780.5
0.08282 780.5
0.08283 780.5
0.08284 780.5
0.08285 780.5
0.08286 780.5
0.08287 780.5
0.08288 780.5
0.08289 780.5
0.08290 780.5
0.08291 780.5
0.08292 780.5
0.08293 780.5
0.08294 780.5
0.08295 780.5
0.08296 780.5
0.08297 780.5
0.08298 780.5
0.08299 780.5
0.08300 780.5
0.08301 780.5
0.08302 780.5
0.08303 780.5
0.08304 780.5
0.08305 780.5
0.08306 780.5
0.08307 780.5
0.08308 780.5
0.08309 780.5
0.08310 780.5
0.08311 780.5
0.08312 780.5
0.08313 780.5
0.08314 780.5
0.08315 780.5
0.08316 780.5
0.08317 780.5
0.08318 780.5
0.08319 780.5
0.08320 780.5
0.08321 780.5
0.08322 780.5
0.08323 780.5
0.08324 780.5
0.08325 780.5
0.08326 780.5
0.08327 780.5
0.08328 780.5
0.08329 780.5
0.08330 780.5
0.08331 780.5
0.08332 780.5
0.08333 780.5
0.08334 780.5
0.08335 780.5
0.08336 780.5
0.08337 780.5
0.08338 780.5
0.08339 780.5
0.08340 780.5
0.08341 780.5
0.08342 780.5
0.08343 780.5
0.08344 780.5
0.08345 780.5
0.08346 780.5
0.08347 780.5
0.08348 780.5
0.08349 780.5
0.08350 780.5
0.08351 780.5
0.08352 780.5
0.08353 780.5
0.08354 780.5
0.08355 780.5
0.08356 780.5
0.08357 780.5
0.08358 780.5
0.08359 780.5
0.08360 780.5
0.08361 780.5
0.08362 780.5
0.08363 780.5
0.08364 780.5
0.08365 780.5
0.08366 780.5
0.08367 780.5
0.08368 780.5
0.08369 780.5
0.08370 780.5
0.08371 780.5
0.08372 780.5
0.08373 780.5
0.08374 780.5
0.08375 780.5
0.08376 780.5
0.08377 780.5
0.08378 780.5
0.08379 780.5
0.08380 780.5
0.08381 780.5
0.08382 780.5
0.08383 780.5
0.08384 780.5
0.08385 780.5
0.08386 780.5
0.08387 780.5
0.08388 780.5
0.08389 780.5
0.08390 780.5
0.08391 780.5
0.08392 780.5
0.08393 780.5
0.08394 780.5
0.08395 780.5
0.08396 780.5
0.08397 780.5
0.08398 780.5
0.08399 780.5
0.08400 780.5
0.08401 780.5
0.08402 780.5
0.08403 780.5
0.08404 780.5
0.08405 780.5
0.08406 780.5
0.08407 780.5
0.08408 780.5
0.08409 780.5
0.08410 780.5
0.08411 780.5
0.08412 780.5
0.08413 780.5
0.08414 780.5
0.08415 780.5
0.08416 780.5
0.08417 780.5
0.08418 780.5
0.08419 780.5
0.08420 780.5
0.08421 780.5
0.08422 780.5
0.08423 780.5
0.08424 780.5
0.08425 780.5
0.08426 780.5
0.08427 780.5
0.08428 780.5
0.08429 780.5
0.08430 780.5
0.08431 780.5
0.08432 780.5
0.08433 780.5
0.08434 780.5
0.08435 780.5
0.08436 780.5
0.08437 780.5
0.08438 780.5
0.08439 780.5
0.08440 780.5
0.08441 780.5
0.08442 780.5
0.08443 780.5
0.08444 780.5
0.08445 780.5
0.08446 780.5
0.08447 780.5
0.08448 780.5
0.08449 780.5
0.08450 780.5
0.08451 780.5
0.08452 780.5
0.08453 780.5
0.08454 780.5
0.08455 780.5
0.08456 780.5
0.08457 780.5
0.08458 780.5
0.08459 780.5
0.08460 780.5
0.08461 780.5
0.08462 780.5
0.08463 780.5
0.08464 780.5
0.08465 780.5
0.08466 780.5
0.08467 780.5
0.08468 780.5
0.08469 780.5
0.08470 780.5
0.08471 780.5
0.08472 780.5
0.08473 780.5
0.08474 780.5
0.08475 780.5
0.08476 780.5
0.08477 780.5
0.08478 780.5
0.08479 780.5
0.08480 780.5
0.08481 780.5
0.08482 780.5
0.08483 780.5
0.08484 780.5
0.08485 780.5
0.08486 780.5
0.08487 780.5
0.08488 780.5
0.08489 780.5
0.08490 780.5
0.08491 780.5
0.08492 780.5
0.08493 780.5
0.08494 780.5
0.08495 780.5
0.08496 780.5
0.08497 780.5
0.08498 780.5
0.08499 780.5
0.08500 780.5
0.08501 780.5
0.08502 780.5
0.08503 780.5
0.08504 780.5
0.08505 780.5
0.08506 780.5
0.08507 780.5
0.08508 780.5
0.08509 780.5
0.08510 780.5
0.08511 780.5
0.08512 780.5
0.08513 780.5
0.08514 780.5
0.08515 780.5
0.08516 780.5
0.08517 780.5
0.08518 780.5
0.08519 780.5
0.08520 780.5
0.08521 780.5
0.08522 780.5
0.08523 780.5
0.08524 780.5
0.08525 780.5
0.08526 780.5
0.08527 780.5
0.08528 780.5
0.08529 780.5
0.08530 780.5
0.08531 780.5
0.08532 780.5
0.08533 780.5
0.08534 780.5
0.08535 780.5
0.08536 780.5
0.08537 780.5
0.08538 780.5
0.08539 780.5
0.08540 780.5
0.08541 780.5
0.08542 780.5
0.08543 780.5
0.08544 780.5
0.08545 780.5
0.08546 780.5
0.08547 780.5
0.08548 780.5
0.08549 780.5
0.08550 780.5
0.08551 780.5
0.08552 780.5
0.08553 780.5
0.08554 780.5
0.08555 780.5
0.08556 780.5
0.08557 780.5
0.08558 780.5
0.08559 780.5
0.08560 780.5
0.08561 780.5
0.08562 780.5
0.08563 780.5
0.08564 780.5
0.08565 780.5
0.08566 780.5
0.08567 780.5
0.08568 780.5
0.08569 780.5
0.08570 780.5
0.08571 780.5
0.08572 780.5
0.08573 780.5
0.08574 780.5
0.08575 780.5
0.08576 780.5
0.08577 780.5
0.08578 780.5
0.08579 780.5
0.08580 780.5
0.08581 780.5
0.08582 780.5
0.08583 780.5
0.08584 780.5
0.08585 780.5
0.08586 780.5
0.08587 780.5
0.08588 780.5
0.08589 780.5
0.08590 780.5
0.08591 780.5
0.08592 780.5
0.08593 780.5
0.08594 780.5
0.08595 780.5
0.08596 780.5
0.08597 780.5
0.08598 780.5
0.08599 780.5
0.08600 780.5
0.08601 780.5
0.08602 780.5
0.08603 780.5
0.08604 780.5
0.08605 780.5
0.08606 780.5
0.08607 780.5
0.08608 780.5
0.08609 780.5
0.08610 780.5
0.08611 780.5
0.08612 780.5
0.08613 780.5
0.08614 780.5
0.08615 780.5
0.08616 780.5
0.08617 780.5
0.08618 780.5
0.08619 780.5
0.08620 780.5
0.08621 780.5
0.08622 780.5
0.08623 780.5
0.08624 780.5
0.08625 780.5
0.08626 780.5
0.08627 780.5
0.08628 780.5
0.08629 780.5
0.08630 780.5
0.08631 780.5
0.08632 780.5
0.08633 780.5
0.08634 780.5
0.08635 780.5
0.08636 780.5
0.08637 780.5
0.08638 780.5
0.08639 780.5
0.08640 780.5
0.08641 780.5
0.08642 780.5
0.08643 780.5
0.08644 780.5
0.08645 780.5
0.08646 780.5
0.08647 780.5
0.08648 780.5
0.08649 780.5
0.08650 780.5
0.08651 780.5
0.08652 780.5
0.08653 780.5
0.08654 780.5
0.08655 780.5
0.08656 780.5
0.08657 780.5
0.08658 780.5
0.08659 780.5
0.08660 780.5
0.08661 780.5
0.08662 780.5
0.08663 780.5
0.08664 780.5
0.08665 780.5
0.08666 780.5
0.08667 780.5
0.08668 780.5
0.08669 780.5
0.08670 780.5
0.08671 780.5
0.08672 780.5
0.08673 780.5
0.08674 780.5
0.08675 780.5
0.08676 780.5
0.08677 780.5
0.08678 780.5
0.08679 780.5
0.08680 780.5
0.08681 780.5
0.08682 780.5
0.08683 780.5
0.08684 780.5
0.08685 780.5
0.08686 780.5
0.08687 780.5
0.08688 780.5
0.08689 780.5
0.08690 780.5
0.08691 780.5
0.08692 780.5
0.08693 780.5
0.08694 780.5
0.08695 780.5
0.08696 780.5
0.08697 780.5
0.08698 780.5
0.08699 780.5
0.08700 780.5
0.08701 780.5
0.08702 780.5
0.08703 780.5
0.08704 780.5
0.08705 780.5
0.08706 780.5
0.08707 780.5
0.08708 780.5
0.08709 780.5
0.08710 780.5
0.08711 780.5
0.08712 780.5
0.08713 780.5
0.08714 780.5
0.08715 780.5
0.08716 780.5
0.08717 780.5
0.08718 780.5
0.08719 780.5
0.08720 780.5
0.08721 780.5
0.08722 780.5
0.08723 780.5
0.08724 780.5
0.08725 780.5
0.08726 780.5
0.08727 780.5
0.08728 780.5
0.08729 780.5
0.08730 780.5
0.08731 780.5
0.08732 780.5
0.08733 780.5
0.08734 780.5
0.08735 780.5
0.08736 780.5
0.08737 780.5
0.08738 780.5
0.08739 780.5
0.08740 780.5
0.08741 780.5
0.08742 780.5
0.08743 780.5
0.08744 780.5
0.08745 780.5
0.08746 780.5
0.08747 780.5
0.08748 780.5
0.08749 780.5
0.08750 780.5
0.08751 780.5
0.08752 780.5
0.08753 780.5
0.08754 780.5
0.08755 780.5
0.08756 780.5
0.08757 780.5
0.08758 780.5
0.08759 780.5
0.08760 780.5
0.08761 780.5
0.08762 780.5
0.08763 780.5
0.08764 780.5
0.08765 780.5
0.08766 780.5
0.08767 780.5
0.08768 780.5
0.08769 780.5
0.08770 780.5
0.08771 780.5
0.08772 780.5
0.08773 780.5
0.08774 780.5
0.08775 780.5
0.08776 780.5
0.08777 780.5
0.08778 780.5
0.08779 780.5
0.08780 780.5
0.08781 780.5
0.08782 780.5
0.08783 780.5
0.08784 780.5
0.08785 780.5
0.08786 780.5
0.08787 780.5
0.08788 780.5
0.08789 780.5
0.08790 780.5
0.08791 780.5
0.08792 780.5
0.08793 780.5
0.08794 780.5
0.08795 780.5
0.08796 780.5
0.08797 780.5
0.08798 780.5
0.08799 780.5
0.08800 780.5
0.08801 780.5
0.08802 780.5
0.08803 780.5
0.08804 780.5
0.08805 780.5
0.08806 780.5
0.08807 780.5
0.08808 780.5
0.08809 780.5
0.08810 780.5
0.08811 780.5
0.08812 780.5
0.08813 780.5
0.08814 780.5
0.08815 780.5
0.08816 780.5
0.08817 780.5
0.08818 780.5
0.08819 780.5
0.08820 780.5
0.08821 780.5
0.08822 780.5
0.08823 780.5
0.08824 780.5
0.08825 780.5
0.08826 780.5
0.08827 780.5
0.08828 780.5
0.08829 780.5
0.08830 780.5
0.08831 780.5
0.08832 780.5
0.08833 780.5
0.08834 780.5
0.08835 780.5
0.08836 780.5
0.08837 780.5
0.08838 780.5
0.08839 780.5
0.08840 780.5
0.08841 780.5
0.08842 780.5
0.08843 780.5
0.08844 780.5
0.08845 780.5
0.08846 780.5
0.08847 780.5
0.08848 780.5
0.08849 780.5
0.08850 780.5
0.08851 780.5
0.08852 780.5
0.08853 780.5
0.08854 780.5
0.08855 780.5
0.08856 780.5
0.08857 780.5
0.08858 780.5
0.08859 780.5
0.08860 780.5
0.08861 780.5
0.08862 780.5
0.08863 780.5
0.08864 780.5
0.08865 780.5
0.08866 780.5
0.08867 780.5
0.08868 780.5
0.08869 780.5
0.08870 780.5
0.08871 780.5
0.08872 780.5
0.08873 780.5
0.08874 780.5
0.08875 780.5
0.08876 780.5
0.08877 780.5
0.08878 780.5
0.08879 780.5
0.08880 780.5
0.08881 780.5
0.08882 780.5
0.08883 780.5
0.08884 780.5
0.08885 780.5
0.08886 780.5
0.08887 780.5
0.08888 780.5
0.08889 780.5
0.08890 780.5
0.08891 780.5
0.08892 780.5
0.08893 780.5
0.08894 780.5
0.08895 780.5
0.08896 780.5
0.08897 780.5
0.08898 780.5
0.08899 780.5
0.08900 780.5
0.08901 780.5
0.08902 780.5
0.08903 780.5
0.08904 780.5
0.08905 780.5
0.08906 780.5
0.08907 780.5
0.08908 780.5
0.08909 780.5
0.08910 780.5
0.08911 780.5
0.08912 780.5
0.08913 780.5
0.08914 780.5
0.08915 780.5
0.08916 780.5
0.08917 780.5
0.08918 780.5
0.08919 780.5
0.08920 780.5
0.08921 780.5
0.08922 780.5
0.08923 780.5
0.08924 780.5
0.08925 780.5
0.08926 780.5
0.08927 780.5
0.08928 780.5
0.08929 780.5
0.08930 780.5
0.08931 780.5
0.08932 780.5
0.08933 780.5
0.08934 780.5
0.08935 780.5
0.08936 780.5
0.08937 780.5
0.08938 780.5
0.08939 780.5
0.08940 780.5
0.08941 780.5
0.08942 780.5
0.08943 780.5
0.08944 780.5
0.08945 780.5
0.08946 780.5
0.08947 780.5
0.08948 780.5
0.08949 780.5
0.08950 780.5
0.08951 780.5
0.08952 780.5
0.08953 780.5
0.08954 780.5
0.08955 780.5
0.08956 780.5
0.08957 780.5
0.08958 780.5
0.08959 780.5
0.08960 780.5
0.08961 780.5
0.08962 780.5
0.08963 780.5
0.08964 780.5
0.08965 780.5
0.08966 780.5
0.08967 780.5
0.08968 780.5
0.08969 780.5
0.08970 780.5
0.08971 780.5
0.08972 780.5
0.08973 780.5
0.08974 780.5
0.08975 780.5
0.08976 780.5
0.08977 780.5
0.08978 780.5
0.08979 780.5
0.08980 780.5
0.08981 780.5
0.08982 780.5
0.08983 780.5
0.08984 780.5
0.08985 780.5
0.08986 780.5
0.08987 780.5
0.08988 780.5
0.08989 780.5
0.08990 780.5
0.08991 780.5
0.08992 780.5
0.08993 780.5
0.08994 780.5
0.08995 780.5
0.08996 780.5
0.08997 780.5
0.08998 780.5
0.08999 780.5
0.09000 780.5
0.09001 780.5
0.09002 780.5
0.09003 780.5
0.09004 780.5
0.09005 780.5
0.09006 780.5
0.09007 780.5
0.09008 780.5
0.09009 780.5
0.09010 780.5
0.09011 780.5
0.09012 780.5
0.09013 780.5
0.09014 780.5
0.09015 780.5
0.09016 780.5
0.09017 780.5
0.09018 780.5
0.09019 780.5
0.09020 780.5
0.09021 780.5
0.09022 780.5
0.09023 780.5
0.09024 780.5
0.09025 780.5
0.09026 780.5
0.09027 780.5
0.09028 780.5
0.09029 780.5
0.09030 780.5
0.09031 780.5
0.09032 780.5
0.09033 780.5
0.09034 780.5
0.09035 780.5
0.09036 780.5
0.09037 780.5
0.09038 780.5
0.09039 780.5
0.09040 780.5
0.09041 780.5
0.09042 780.5
0.09043 780.5
0.09044 780.5
0.09045 780.5
0.09046 780.5
0.09047 780.5
0.09048 780.5
0.09049 780.5
0.09050 780.5
0.09051 780.5
0.09052 780.5
0.09053 780.5
0.09054 780.5
0.09055 780.5
0.09056 780.5
0.09057 780.5
0.09058 780.5
0.09059 780.5
0.09060 780.5
0.09061 780.5
0.09062 780.5
0.09063 780.5
0.09064 780.5
0.09065 780.5
0.09066 780.5
0.09067 780.5
0.09068 780.5
0.09069 780.5
0.09070 780.5
0.09071 780.5
0.09072 780.5
0.09073 780.5
0.09074 780.5
0.09075 780.5
0.09076 780.5
0.09077 780.5
0.09078 780.5
0.09079 780.5
0.09080 780.5
0.09081 780.5
0.09082 780.5
0.09083 780.5
0.09084 780.5
0.09085 780.5
0.09086 780.5
0.09087 780.5
0.09088 780.5
0.09089 780.5
0.09090 780.5
0.09091 780.5
0.09092 780.5
0.09093 780.5
0.09094 780.5
0.09095 780.5
0.09096 780.5
0.09097 780.5
0.09098 780.5
0.09099 780.5
0.09100 780.5
0.09101 780.5
0.09102 780.5
0.09103 780.5
0.09104 780.5
0.09105 780.5
0.09106 780.5
0.09107 780.5
0.09108 780.5
0.09109 780.5
0.09110 780.5
0.09111 780.5
0.09112 780.5
0.09113 780.5
0.09114 780.5
0.09115 780.5
0.09116 780.5
0.09117 780.5
0.09118 780.5
0.09119 780.5
0.09120 780.5
0.09121 780.5
0.09122 780.5
0.09123 780.5
0.09124 780.5
0.09125 780.5
0.09126 780.5
0.09127 780.5
0.09128 780.5
0.09129 780.5
0.09130 780.5
0.09131 780.5
0.09132 780.5
0.09133 780.5
0.09134 780.5
0.09135 780.5
0.09136 780.5
0.09137 780.5
0.09138 780.5
0.09139 780.5
0.09140 780.5
0.09141 780.5
0.09142 780.5
0.09143 780.5
0.09144 780.5
0.09145 780.5
0.09146 780.5
0.09147 780.5
0.09148 780.5
0.09149 780.5
0.09150 780.5
0.09151 780.5
0.09152 780.5
0.09153 780.5
0.09154 780.5
0.09155 780.5
0.09156 780.5
0.09157 780.5
0.09158 780.5
0.09159 780.5
0.09160 780.5
0.09161 780.5
0.09162 780.5
0.09163 780.5
0.09164 780.5
0.09165 780.5
0.09166 780.5
0.09167 780.5
0.09168 780.5
0.09169 780.5
0.09170 780.5
0.09171 780.5
0.09172 780.5
0.09173 780.5
0.09174 780.5
0.09175 780.5
0.09176 780.5
0.09177 780.5
0.09178 780.5
0.09179 780.5
0.09180 780.5
0.09181 780.5
0.09182 780.5
0.09183 780.5
0.09184 780.5
0.09185 780.5
0.09186 780.5
0.09187 780.5
0.09188 780.5
0.09189 780.5
0.09190 780.5
0.09191 780.5
0.09192 780.5
0.09193 780.5
0.09194 780.5
0.09195 780.5
0.09196 780.5
0.09197 780.5
0.09198 780.5
0.09199 780.5
0.09200 780.5
0.09201 780.5
0.09202 780.5
0.09203 780.5
0.09204 780.5
0.09205 780.5
0.09206 780.5
0.09207 780.5
0.09208 780.5
0.09209 780.5
0.09210 780.5
0.09211 780.5
0.09212 780.5
0.09213 780.5
0.09214 780.5
0.09215 780.5
0.09216 780.5
0.09217 780.5
0.09218 780.5
0.09219 780.5
0.09220 780.5
0.09221 780.5
0.09222 780.5
0.09223 780.5
0.09224 780.5
0.09225 780.5
0.09226 780.5
0.09227 780.5
0.09228 780.5
0.09229 780.5
0.09230 780.5
0.09231 780.5
0.09232 780.5
0.09233 780.5
0.09234 780.5
0.09235 780.5
0.09236 780.5
0.09237 780.5
0.09238 780.5
0.09239 780.5
0.09240 780.5
0.09241 780.5
0.09242 780.5
0.09243 780.5
0.09244 780.5
0.09245 780.5
0.09246 780.5
0.09247 780.5
0.09248 780.5
0.09249 780.5
0.09250 780.5
0.09251 780.5
0.09252 780.5
0.09253 780.5
0.09254 780.5
0.09255 780.5
0.09256 780.5
0.09257 780.5
0.09258 780.5
0.09259 780.5
0.09260 780.5
0.09261 780.5
0.09262 780.5
0.09263 780.5
0.09264 780.5
0.09265 780.5
0.09266 780.5
0.09267 780.5
0.09268 780.5
0.09269 780.5
0.09270 780.5
0.09271 780.5
0.09272 780.5
0.09273 780.5
0.09274 780.5
0.09275 780.5
0.09276 780.5
0.09277 780.5
0.09278 780.5
0.09279 780.5
0.09280 780.5
0.09281 780.5
0.09282 780.5
0.09283 780.5
0.09284 780.5
0.09285 780.5
0.09286 780.5
0.09287 780.5
0.09288 780.5
0.09289 780.5
0.09290 780.5
0.09291 780.5
0.09292 780.5
0.09293 780.5
0.09294 780.5
0.09295 780.5
0.09296 780.5
0.09297 780.5
0.09298 780.5
0.09299 780.5
0.09300 780.5
0.09301 780.5
0.09302 780.5
0.09303 780.5
0.09304 780.5
0.09305 780.5
0.09306 780.5
0.09307 780.5
0.09308 780.5
0.09309 780.5
0.09310 780.5
0.09311 780.5
0.09312 780.5
0.09313 780.5
0.09314 780.5
0.09315 780.5
0.09316 780.5
0.09317 780.5
0.09318 780.5
0.09319 780.5
0.09320 780.5
0.09321 780.5
0.09322 780.5
0.09323 780.5
0.09324 780.5
0.09325 780.5
0.09326 780.5
0.09327 780.5
0.09328 780.5
0.09329 780.5
0.09330 780.5
0.09331 780.5
0.09332 780.5
0.09333 780.5
0.09334 780.5
0.09335 780.5
0.09336 780.5
0.09337 780.5
0.09338 780.5
0.09339 780.5
0.09340 780.5
0.09341 780.5
0.09342 780.5
0.09343 780.5
0.09344 780.5
0.09345 780.5
0.09346 780.5
0.09347 780.5
0.09348 780.5
0.09349 780.5
0.09350 780.5
0.09351 780.5
0.09352 780.5
0.09353 780.5
0.09354 780.5
0.09355 780.5
0.09356 780.5
0.09357 780.5
0.09358 780.5
0.09359 780.5
0.09360 780.5
0.09361 780.5
0.09362 780.5
0.09363 780.5
0.09364 780.5
0.09365 780.5
0.09366 780.5
0.09367 780.5
0.09368 780.5
0.09369 780.5
0.09370 780.5
0.09371 780.5
0.09372 780.5
0.09373 780.5
0.09374 780.5
0.09375 780.5
0.09376 780.5
0.09377 780.5
0.09378 780.5
0.09379 780.5
0.09380 780.5
0.09381 780.5
0.09382 780.5
0.09383 780.5
0.09384 780.5
0.09385 780.5
0.09386 780.5
0.09387 780.5
0.09388 780.5
0.09389 780.5
0.09390 780.5
0.09391 780.5
0.09392 780.5
0.09393 780.5
0.09394 780.5
0.09395 780.5
0.09396 780.5
0.09397 780.5
0.09398 780.5
0.09399 780.5
0.09400 780.5
0.09401 780.5
0.09402 780.5
0.09403 780.5
0.09404 780.5
0.09405 780.5
0.09406 780.5
0.09407 780.5
0.09408 780.5
0.09409 780.5
0.09410 780.5
0.09411 780.5
0.09412 780.5
0.09413 780.5
0.09414 780.5
0.09415 780.5
0.09416 780.5
0.09417 780.5
0.09418 780.5
0.09419 780.5
0.09420 780.5
0.09421 780.5
0.09422 780.5
0.09423 780.5
0.09424 780.5
0.09425 780.5
0.09426 780.5
0.09427 780.5
0.09428 780.5
0.09429 780.5
0.09430 780.5
0.09431 780.5
0.09432 780.5
0.09433 780.5
0.09434 780.5
0.09435 780.5
0.09436 780.5
0.09437 780.5
0.09438 780.5
0.09439 780.5
0.09440 780.5
0.09441 780.5
0.09442 780.5
0.09443 780.5
0.09444 780.5
0.09445 780.5
0.09446 780.5
0.09447 780.5
0.09448 780.5
0.09449 780.5
0.09450 780.5
0.09451 780.5
0.09452 780.5
0.09453 780.5
0.09454 780.5
0.09455 780.5
0.09456 780.5
0.09457 780.5
0.09458 780.5
0.09459 780.5
0.09460 780.5
0.09461 780.5
0.09462 780.5
0.09463 780.5
0.09464 780.5
0.09465 780.5
0.09466 780.5
0.09467 780.5
0.09468 780.5
0.09469 780.5
0.09470 780.5
0.09471 780.5
0.09472 780.5
0.09473 780.5
0.09474 780.5
0.09475 780.5
0.09476 780.5
0.09477 780.5
0.09478 780.5
0.09479 780.5
0.09480 780.5
0.09481 780.5
0.09482 780.5
0.09483 780.5
0.09484 780.5
0.09485 780.5
0.09486 780.5
0.09487 780.5
0.09488 780.5
0.09489 780.5
0.09490 780.5
0.09491 780.5
0.09492 780.5
0.09493 780.5
0.09494 780.5
0.09495 780.5
0.09496 780.5
0.09497 780.5
0.09498 780.5
0.09499 780.5
0.09500 780.5
0.09501 780.5
0.09502 780.5
0.09503 780.5
0.09504 780.5
0.09505 780.5
0.09506 780.5
0.09507 780.5
0.09508 780.5
0.09509 780.5
0.09510 780.5
0.09511 780.5
0.09512 780.5
0.09513 780.5
0.09514 780.5
0.09515 780.5
0.09516 780.5
0.09517 780.5
0.09518 780.5
0.09519 780.5
0.09520 780.5
0.09521 780.5
0.09522 780.5
0.09523 780.5
0.09524 780.5
0.09525 780.5
0.09526 780.5
0.09527 780.5
0.09528 780.5
0.09529 780.5
0.09530 780.5
0.09531 780.5
0.09532 780.5
0.09533 780.5
0.09534 780.5
0.09535 780.5
0.09536 780.5
0.09537 780.5
0.09538 780.5
0.09539 780.5
0.09540 780.5
0.09541 780.5
0.09542 780.5
0.09543 780.5
0.09544 780.5
0.09545 780.5
0.09546 780.5
0.09547 780.5
0.09548 780.5
0.09549 780.5
0.09550 780.5
0.09551 780.5
0.09552 780.5
0.09553 780.5
0.09554 780.5
0.09555 780.5
0.09556 780.5
0.09557 780.5
0.09558 780.5
0.09559 780.5
0.09560 780.5
0.09561 780.5
0.09562 780.5
0.09563 780.5
0.09564 780.5
0.09565 780.5
0.09566 780.5
0.09567 780.5
0.09568 780.5
0.09569 780.5
0.09570 780.5
0.09571 780.5
0.09572 780.5
0.09573 780.5
0.09574 780.5
0.09575 780.5
0.09576 780.5
0.09577 780.5
0.09578 780.5
0.09579 780.5
0.09580 780.5
0.09581 780.5
0.09582 780.5
0.09583 780.5
0.09584 780.5
0.09585 780.5
0.09586 780.5
0.09587 780.5
0.09588 780.5
0.09589 780.5
0.09590 780.5
0.09591 780.5
0.09592 780.5
0.09593 780.5
0.09594 780.5
0.09595 780.5
0.09596 780.5
0.09597 780.5
0.09598 780.5
0.09599 780.5
0.09600 780.5
0.09601 780.5
0.09602 780.5
0.09603 780.5
0.09604 780.5
0.09605 780.5
0.09606 780.5
0.09607 780.5
0.09608 780.5
0.09609 780.5
0.09610 780.5
0.09611 780.5
0.09612 780.5
0.09613 780.5
0.09614 780.5
0.09615 780.5
0.09616 780.5
0.09617 780.5
0.09618 780.5
0.09619 780.5
0.09620 780.5
0.09621 780.5
0.09622 780.5
0.09623 780.5
0.09624 780.5
0.09625 780.5
0.09626 780.5
0.09627 780.5
0.09628 780.5
0.09629 780.5
0.09630 780.5
0.09631 780.5
0.09632 780.5
0.09633 780.5
0.09634 780.5
0.09635 780.5
0.09636 780.5
0.09637 780.5
0.09638 780.5
0.09639 780.5
0.09640 780.5
0.09641 780.5
0.09642 780.5
0.09643 780.5
0.09644 780.5
0.09645 780.5
0.09646 780.5
0.09647 780.5
0.09648 780.5
0.09649 780.5
0.09650 780.5
0.09651 780.5
0.09652 780.5
0.09653 780.5
0.09654 780.5
0.09655 780.5
0.09656 780.5
0.09657 780.5
0.09658 780.5
0.09659 780.5
0.09660 780.5
0.09661 780.5
0.09662 780.5
0.09663 780.5
0.09664 780.5
0.09665 780.5
0.09666 780.5
0.09667 780.5
0.09668 780.5
0.09669 780.5
0.09670 780.5
0.09671 780.5
0.09672 780.5
0.09673 780.5
0.09674 780.5
0.09675 780.5
0.09676 780.5
0.09677 780.5
0.09678 780.5
0.09679 780.5
0.09680 780.5
0.09681 780.5
0.09682 780.5
0.09683 780.5
0.09684 780.5
0.09685 780.5
0.09686 780.5
0.09687 780.5
0.09688 780.5
0.09689 780.5
0.09690 780.5
0.09691 780.5
0.09692 780.5
0.09693 780.5
0.09694 780.5
0.09695 780.5
0.09696 780.5
0.09697 780.5
0.09698 780.5
0.09699 780.5
0.09700 780.5
0.09701 780.5
0.09702 780.5
0.09703 780.5
0.09704 780.5
0.09705 780.5
0.09706 780.5
0.09707 780.5
0.09708 780.5
0.09709 780.5
0.09710 780.5
0.09711 780.5
0.09712 780.5
0.09713 780.5
0.09714 780.5
0.09715 780.5
0.09716 780.5
0.09717 780.5
0.09718 780.5
0.09719 780.5
0.09720 780.5
0.09721 780.5
0.09722 780.5
0.09723 780.5
0.09724 780.5
0.09725 780.5
0.09726 780.5
0.09727 780.5
0.09728 780.5
0.09729 780.5
0.09730 780.5
0.09731 780.5
0.09732 780.5
0.09733 780.5
0.09734 780.5
0.09735 780.5
0.09736 780.5
0.09737 780.5
0.09738 780.5
0.09739 780.5
0.09740 780.5
0.09741 780.5
0.09742 780.5
0.09743 780.5
0.09744 780.5
0.09745 780.5
0.09746 780.5
0.09747 780.5
0.09748 780.5
0.09749 780.5
0.09750 780.5
0.09751 780.5
0.09752 780.5
0.09753 780.5
0.09754 780.5
0.09755 780.5
0.09756 780.5
0.09757 780.5
0.09758 780.5
0.09759 780.5
0.09760 780.5
0.09761 780.5
0.09762 780.5
0.09763 780.5
0.09764 780.5
0.09765 780.5
0.09766 780.5
0.09767 780.5
0.09768 780.5
0.09769 780.5
0.09770 780.5
0.09771 780.5
0.09772 780.5
0.09773 780.5
0.09774 780.5
0.09775 780.5
0.09776 780.5
0.09777 780.5
0.09778 780.5
0.09779 780.5
0.09780 780.5
0.09781 780.5
0.09782 780.5
0.09783 780.5
0.09784 780.5
0.09785 780.5
0.09786 780.5
0.09787 780.5
0.09788 780.5
0.09789 780.5
0.09790 780.5
0.09791 780.5
0.09792 780.5
0.09793 780.5
0.09794 780.5
0.09795 780.5
0.09796 780.5
0.09797 780.5
0.09798 780.5
0.09799 780.5
0.09800 780.5
0.09801 780.5
0.09802 780.5
0.09803 780.5
0.09804 780.5
0.09805 780.5
0.09806 780.5
0.09807 780.5
0.09808 780.5
0.09809 780.5
0.09810 780.5
0.09811 780.5
0.09812 780.5
0.09813 780.5
0.09814 780.5
0.09815 780.5
0.09816 780.5
0.09817 780.5
0.09818 780.5
0.09819 780.5
0.09820 780.5
0.09821 780.5
0.09822 780.5
0.09823 780.5
0.09824 780.5
0.09825 780.5
0.09826 780.5
0.09827 780.5
0.09828 780.5
0.09829 780.5
0.09830 780.5
0.09831 780.5
0.09832 780.5
0.09833 780.5
0.09834 780.5
0.09835 780.5
0.09836 780.5
0.09837 780.5
0.09838 780.5
0.09839 780.5
0.09840 780.5
0.09841 780.5
0.09842 780.5
0.09843 780.5
0.09844 780.5
0.09845 780.5
0.09846 780.5
0.09847 780.5
0.09848 780.5
0.09849 780.5
0.09850 780.5
0.09851 780.5
0.09852 780.5
0.09853 780.5
0.09854 780.5
0.09855 780.5
0.09856 780.5
0.09857 780.5
0.09858 780.5
0.09859 780.5
0.09860 780.5
0.09861 780.5
0.09862 780.5
0.09863 780.5
0.09864 780.5
0.09865 780.5
0.09866 780.5
0.09867 780.5
0.09868 780.5
0.09869 780.5
0.09870 780.5
0.09871 780.5
0.09872 780.5
0.09873 780.5
0.09874 780.5
0.09875 780.5
0.09876 780.5
0.09877 780.5
0.09878 780.5
0.09879 780.5
0.09880 780.5
0.09881 780.5
0.09882 780.5
0.09883 780.5
0.09884 780.5
0.09885 780.5
0.09886 780.5
0.09887 780.5
0.09888 780.5
0.09889 780.5
0.09890 780.5
0.09891 780.5
0.09892 780.5
0.09893 780.5
0.09894 780.5
0.09895 780.5
0.09896 780.5
0.09897 780.5
0.09898 780.5
0.09899 780.5
0.09900 780.5
0.09901 780.5
0.09902 780.5
0.09903 780.5
0.09904 780.5
0.09905 780.5
0.09906 780.5
0.09907 780.5
0.09908 780.5
0.09909 780.5
0.09910 780.5
0.09911 780.5
0.09912 780.5
0.09913 780.5
0.09914 780.5
0.09915 780.5
0.09916 780.5
0.09917 780.5
0.09918 780.5
0.09919 780.5
0.09920 780.5
0.09921 780.5
0.09922 780.5
0.09923 780.5
0.09924 780.5
0.09925 780.5
0.09926 780.5
0.09927 780.5
0.09928 780.5
0.09929 780.5
0.09930 780.5
0.09931 780.5
0.09932 780.5
0.09933 780.5
0.09934 780.5
0.09935 780.5
0.09936 780.5
0.09937 780.5
0.09938 780.5
0.09939 780.5
0.09940 780.5
0.09941 780.5
0.09942 780.5
0.09943 780.5
0.09944 780.5
0.09945 780.5
0.09946 780.5
0.09947 780.5
0.09948 780.5
0.09949 780.5
0.09950 780.5
0.09951 780.5
0.09952 780.5
0.09953 780.5
0.09954 780.5
0.09955 780.5
0.09956 780.5
0.09957 780.5
0.09958 780.5
0.09959 780.5
0.09960 780.5
0.09961 780.5
0.09962 780.5
0.09963 780.5
0.09964 780.5
0.09965 780.5
0.09966 780.5
0.09967 780.5
0.09968 780.5
0.09969 780.5
0.09970 780.5
0.09971 780.5
0.09972 780.5
0.09973 780.5
0.09974 780.5
0.09975 780.5
0.09976 780.5
0.09977 780.5
0.09978 780.5
0.09979 780.5
0.09980 780.5
0.09981 780.5
0.09982 780.5
0.09983 780.5
0.09984 780.5
0.09985 780.5
0.09986 780.5
0.09987 780.5
0.09988 780.5
0.09989 780.5
0.09990 780.5
0.09991 780.5
0.09992 780.5
0.09993 780.5
0.09994 780.5
0.09995 780.5
0.09996 780.5
0.09997 780.5
0.09998 780.5
0.09999 780.5
0.10000 780.5
0.10001 780.5
0.10002 780.5
0.10003 780.5
0.10004 780.5
0.10005 780.5
0.10006 780.5
0.10007 780.5
0.10008 780.5
0.10009 780.5
0.10010 780.5
0.10011 780.5
0.10012 780.5
0.10013 780.5
0.10014 780.5
0.10015 780.5
0.10016 780.5
0.10017 780.5
0.10018 780.5
0.10019 780.5
0.10020 780.5
0.10021 780.5
0.10022 780.5
0.10023 780.5
0.10024 780.5
0.10025 780.5
0.10026 780.5
0.10027 780.5
0.10028 780.5
0.10029 780.5
0.10030 780.5
0.10031 780.5
0.10032 780.5
0.10033 780.5
0.10034 780.5
0.10035 780.5
0.10036 780.5
0.10037 780.5
0.10038 780.5
0.10039 780.5
0.10040 780.5
0.10041 780.5
0.10042 780.5
0.10043 780.5
0.10044 780.5
0.10045 780.5
0.10046 780.5
0.10047 780.5
0.10048 780.5
0.10049 780.5
0.10050 780.5
0.10051 780.5
0.10052 780.5
0.10053 780.5
0.10054 780.5
0.10055 780.5
0.10056 780.5
0.10057 780.5
0.10058 780.5
0.10059 780.5
0.10060 780.5
0.10061 780.5
0.10062 780.5
0.10063 780.5
0.10064 780.5
0.10065 780.5
0.10066 780.5
0.10067 780.5
0.10068 780.5
0.10069 780.5
0.10070 780.5
0.10071 780.5
0.10072 780.5
0.10073 780.5
0.10074 780.5
0.10075 780.5
0.10076 780.5
0.10077 780.5
0.10078 780.5
0.10079 780.5
0.10080 780.5
0.10081 780.5
0.10082 780.5
0.10083 780.5
0.10084 780.5
0.10085 780.5
0.10086 780.5
0.10087 780.5
0.10088 780.5
0.10089 780.5
0.10090 780.5
0.10091 780.5
0.10092 780.5
0.10093 780.5
0.10094 780.5
0.10095 780.5
0.10096 780.5
0.10097 780.5
0.10098 780.5
0.10099 780.5
0.10100 780.5
0.10101 780.5
0.10102 780.5
0.10103 780.5
0.10104 780.5
0.10105 780.5
0.10106 780.5
0.10107 780.5
0.10108 780.5
0.10109 780.5
0.10110 780.5
0.10111 780.5
0.10112 780.5
0.10113 780.5
0.10114 780.5
0.10115 780.5
0.10116 780.5
0.10117 780.5
0.10118 780.5
0.10119 780.5
0.10120 780.5
0.10121 780.5
0.10122 780.5
0.10123 780.5
0.10124 780.5
0.10125 780.5
0.10126 780.5
0.10127 780.5
0.10128 780.5
0.10129 780.5
0.10130 780.5
0.10131 780.5
0.10132 780.5
0.10133 780.5
0.10134 780.5
0.10135 780.5
0.10136 780.5
0.10137 780.5
0.10138 780.5
0.10139 780.5
0.10140 780.5
0.10141 780.5
0.10142 780.5
0.10143 780.5
0.10144 780.5
0.10145 780.5
0.10146 780.5
0.10147 780.5
0.10148 780.5
0.10149 780.5
0.10150 780.5
0.10151 780.5
0.10152 780.5
0.10153 780.5
0.10154 780.5
0.10155 780.5
0.10156 780.5
0.10157 780.5
0.10158 780.5
0.10159 780.5
0.10160 780.5
0.10161 780.5
0.10162 780.5
0.10163 780.5
0.10164 780.5
0.10165 780.5
0.10166 780.5
0.10167 780.5
0.10168 780.5
0.10169 780.5
0.10170 780.5
0.10171 780.5
0.10172 780.5
0.10173 780.5
0.10174 780.5
0.10175 780.5
0.10176 780.5
0.10177 780.5
0.10178 780.5
0.10179 780.5
0.10180 780.5
0.10181 780.5
0.10182 780.5
0.10183 780.5
0.10184 780.5
0.10185 780.5
0.10186 780.5
0.10187 780.5
0.10188 780.5
0.10189 780.5
0.10190 780.5
0.10191 780.5
0.10192 780.5
0.10193 780.5
0.10194 780.5
0.10195 780.5
0.10196 780.5
0.10197 780.5
0.10198 780.5
0.10199 780.5
0.10200 780.5
0.10201 780.5
0.10202 780.5
0.10203 780.5
0.10204 780.5
0.10205 780.5
0.10206 780.5
0.10207 780.5
0.10208 780.5
0.10209 780.5
0.10210 780.5
0.10211 780.5
0.10212 780.5
0.10213 780.5
0.10214 780.5
0.10215 780.5
0.10216 780.5
0.10217 780.5
0.10218 780.5
0.10219 780.5
0.10220 780.5
0.10221 780.5
0.10222 780.5
0.10223 780.5
0.10224 780.5
0.10225 780.5
0.10226 780.5
0.10227 780.5
0.10228 780.5
0.10229 780.5
0.10230 780.5
0.10231 780.5
0.10232 780.5
0.10233 780.5
0.10234 780.5
0.10235 780.5
0.10236 780.5
0.10237 780.5
0.10238 780.5
0.10239 780.5
0.10240 780.5
0.10241 780.5
0.10242 780.5
0.10243 780.5
0.10244 780.5
0.10245 780.5
0.10246 780.5
0.10247 780.5
0.10248 780.5
0.10249 780.5
0.10250 780.5
0.10251 780.5
0.10252 780.5
0.10253 780.5
0.10254 780.5
0.10255 780.5
0.10256 780.5
0.10257 780.5
0.10258 780.5
0.10259 780.5
0.10260 780.5
0.10261 780.5
0.10262 780.5
0.10263 780.5
0.10264 780.5
0.10265 780.5
0.10266 780.5
0.10267 780.5
0.10268 780.5
0.10269 780.5
0.10270 780.5
0.10271 780.5
0.10272 780.5
0.10273 780.5
0.10274 780.5
0.10275 780.5
0.10276 780.5
0.10277 780.5
0.10278 780.5
0.10279 780.5
0.10280 780.5
0.10281 780.5
0.10282 780.5
0.10283 780.5
0.10284 780.5
0.10285 780.5
0.10286 780.5
0.10287 780.5
0.10288 780.5
0.10289 780.5
0.10290 780.5
0.10291 780.5
0.10292 780.5
0.10293 780.5
0.10294 780.5
0.10295 780.5
0.10296 780.5
0.10297 780.5
0.10298 780.5
0.10299 780.5
0.10300 780.5
0.10301 780.5
0.10302 780.5
0.10303 780.5
0.10304 780.5
0.10305 780.5
0.10306 780.5
0.10307 780.5
0.10308 780.5
0.10309 780.5
0.10310 780.5
0.10311 780.5
0.10312 780.5
0.10313 780.5
0.10314 780.5
0.10315 780.5
0.10316 780.5
0.10317 780.5
0.10318 780.5
0.10319 780.5
0.10320 780.5
0.10321 780.5
0.10322 780.5
0.10323 780.5
0.10324 780.5
0.10325 780.5
0.10326 780.5
0.10327 780.5
0.10328 780.5
0.10329 780.5
0.10330 780.5
0.10331 780.5
0.10332 780.5
0.10333 780.5
0.10334 780.5
0.10335 780.5
0.10336 780.5
0.10337 780.5
0.10338 780.5
0.10339 780.5
0.10340 780.5
0.10341 780.5
0.10342 780.5
0.10343 780.5
0.10344 780.5
0.10345 780.5
0.10346 780.5
0.10347 780.5
0.10348 780.5
0.10349 780.5
0.10350 780.5
0.10351 780.5
0.10352 780.5
0.10353 780.5
0.10354 780.5
0.10355 780.5
0.10356 780.5
0.10357 780.5
0.10358 780.5
0.10359 780.5
0.10360 780.5
0.10361 780.5
0.10362 780.5
0.10363 780.5
0.10364 780.5
0.10365 780.5
0.10366 780.5
0.10367 780.5
0.10368 780.5
0.10369 780.5
0.10370 780.5
0.10371 780.5
0.10372 780.5
0.10373 780.5
0.10374 780.5
0.10375 780.5
0.10376 780.5
0.10377 780.5
0.10378 780.5
0.10379 780.5
0.10380 780.5
0.10381 780.5
0.10382 780.5
0.10383 780.5
0.10384 780.5
0.10385 780.5
0.10386 780.5
0.10387 780.5
0.10388 780.5
0.10389 780.5
0.10390 780.5
0.10391 780.5
0.10392 780.5
0.10393 780.5
0.10394 780.5
0.10395 780.5
0.10396 780.5
0.10397 780.5
0.10398 780.5
0.10399 780.5
0.10400 780.5
0.10401 780.5
0.10402 780.5
0.10403 780.5
0.10404 780.5
0.10405 780.5
0.10406 780.5
0.10407 780.5
0.10408 780.5
0.10409 780.5
0.10410 780.5
0.10411 780.5
0.10412 780.5
0.10413 780.5
0.10414 780.5
0.10415 780.5
0.10416 780.5
0.10417 780.5
0.10418 780.5
0.10419 780.5
0.10420 780.5
0.10421 780.5
0.10422 780.5
0.10423 780.5
0.10424 780.5
0.10425 780.5
0.10426 780.5
0.10427 780.5
0.10428 780.5
0.10429 780.5
0.10430 780.5
0.10431 780.5
0.10432 780.5
0.10433 780.5
0.10434 780.5
0.10435 780.5
0.10436 780.5
0.10437 780.5
0.10438 780.5
0.10439 780.5
0.10440 780.5
0.10441 780.5
0.10442 780.5
0.10443 780.5
0.10444 780.5
0.10445 780.5
0.10446 780.5
0.10447 780.5
0.10448 780.5
0.10449 780.5
0.10450 780.5
0.10451 780.5
0.10452 780.5
0.10453 780.5
0.10454 780.5
0.10455 780.5
0.10456 780.5
0.10457 780.5
0.10458 780.5
0.10459 780.5
0.10460 780.5
0.10461 780.5
0.10462 780.5
0.10463 780.5
0.10464 780.5
0.10465 780.5
0.10466 780.5
0.10467 780.5
0.10468 780.5
0.10469 780.5
0.10470 780.5
0.10471 780.5
0.10472 780.5
0.10473 780.5
0.10474 780.5
0.10475 780.5
0.10476 780.5
0.10477 780.5
0.10478 780.5
0.10479 780.5
0.10480 780.5
0.10481 780.5
0.10482 780.5
0.10483 780.5
0.10484 780.5
0.10485 780.5
0.10486 780.5
0.10487 780.5
0.10488 780.5
0.10489 780.5
0.10490 780.5
0.10491 780.5
0.10492 780.5
0.10493 780.5
0.10494 780.5
0.10495 780.5
0.10496 780.5
0.10497 780.5
0.10498 780.5
0.10499 780.5
0.10500 780.5
0.10501 780.5
0.10502 780.5
0.10503 780.5
0.10504 780.5
0.10505 780.5
0.10506 780.5
0.10507 780.5
0.10508 780.5
0.10509 780.5
0.10510 780.5
0.10511 780.5
0.10512 780.5
0.10513 780.5
0.10514 780.5
0.10515 780.5
0.10516 780.5
0.10517 780.5
0.10518 780.5
0.10519 780.5
0.10520 780.5
0.10521 780.5
0.10522 780.5
0.10523 780.5
0.10524 780.5
0.10525 780.5
0.10526 780.5
0.10527 780.5
0.10528 780.5
0.10529 780.5
0.10530 780.5
0.10531 780.5
0.10532 780.5
0.10533 780.5
0.10534 780.5
0.10535 780.5
0.10536 780.5
0.10537 780.5
0.10538 780.5
0.10539 780.5
0.10540 780.5
0.10541 780.5
0.10542 780.5
0.10543 780.5
0.10544 780.5
0.10545 780.5
0.10546 780.5
0.10547 780.5
0.10548 780.5
0.10549 780.5
0.10550 780.5
0.10551 780.5
0.10552 780.5
0.10553 780.5
0.10554 780.5
0.10555 780.5
0.10556 780.5
0.10557 780.5
0.10558 780.5
0.10559 780.5
0.10560 780.5
0.10561 780.5
0.10562 780.5
0.10563 780.5
0.10564 780.5
0.10565 780.5
0.10566 780.5
0.10567 780.5
0.10568 780.5
0.10569 780.5
0.10570 780.5
0.10571 780.5
0.10572 780.5
0.10573 780.5
0.10574 780.5
0.10575 780.5
0.10576 780.5
0.10577 780.5
0.10578 780.5
0.10579 780.5
0.10580 780.5
0.10581 780.5
0.10582 780.5
0.10583 780.5
0.10584 780.5
0.10585 780.5
0.10586 780.5
0.10587 780.5
0.10588 780.5
0.10589 780.5
0.10590 780.5
0.10591 780.5
0.10592 780.5
0.10593 780.5
0.10594 780.5
0.10595 780.5
0.10596 780.5
0.10597 780.5
0.10598 780.5
0.10599 780.5
0.10600 780.5
0.10601 780.5
0.10602 780.5
0.10603 780.5
0.10604 780.5
0.10605 780.5
0.10606 780.5
0.10607 780.5
0.10608 780.5
0.10609 780.5
0.10610 780.5
0.10611 780.5
0.10612 780.5
0.10613 780.5
0.10614 780.5
0.10615 780.5
0.10616 780.5
0.10617 780.5
0.10618 780.5
0.10619 780.5
0.10620 780.5
0.10621 780.5
0.10622 780.5
0.10623 780.5
0.10624 780.5
0.10625 780.5
0.10626 780.5
0.10627 780.5
0.10628 780.5
0.10629 780.5
0.10630 780.5
0.10631 780.5
0.10632 780.5
0.10633 780.5
0.10634 780.5
0.10635 780.5
0.10636 780.5
0.10637 780.5
0.10638 780.5
0.10639 780.5
0.10640 780.5
0.10641 780.5
0.10642 780.5
0.10643 780.5
0.10644 780.5
0.10645 780.5
0.10646 780.5
0.10647 780.5
0.10648 780.5
0.10649 780.5
0.10650 780.5
0.10651 780.5
0.10652 780.5
0.10653 780.5
0.10654 780.5
0.10655 780.5
0.10656 780.5
0.10657 780.5
0.10658 780.5
0.10659 780.5
0.10660 780.5
0.10661 780.5
0.10662 780.5
0.10663 780.5
0.10664 780.5
0.10665 780.5
0.10666 780.5
0.10667 780.5
0.10668 780.5
0.10669 780.5
0.10670 780.5
0.10671 780.5
0.10672 780.5
0.10673 780.5
0.10674 780.5
0.10675 780.5
0.10676 780.5
0.10677 780.5
0.10678 780.5
0.10679 780.5
0.10680 780.5
0.10681 780.5
0.10682 780.5
0.10683 780.5
0.10684 780.5
0.10685 780.5
0.10686 780.5
0.10687 780.5
0.10688 780.5
0.10689 780.5
0.10690 780.5
0.10691 780.5
0.10692 780.5
0.10693 780.5
0.10694 780.5
0.10695 780.5
0.10696 780.5
0.10697 780.5
0.10698 780.5
0.10699 780.5
0.10700 780.5
0.10701 780.5
0.10702 780.5
0.10703 780.5
0.10704 780.5
0.10705 780.5
0.10706 780.5
0.10707 780.5
0.10708 780.5
0.10709 780.5
0.10710 780.5
0.10711 780.5
0.10712 780.5
0.10713 780.5
0.10714 780.5
0.10715 780.5
0.10716 780.5
0.10717 780.5
0.10718 780.5
0.10719 780.5
0.10720 780.5
0.10721 780.5
0.10722 780.5
0.10723 780.5
0.10724 780.5
0.10725 780.5
0.10726 780.5
0.10727 780.5
0.10728 780.5
0.10729 780.5
0.10730 780.5
0.10731 780.5
0.10732 780.5
0.10733 780.5
0.10734 780.5
0.10735 780.5
0.10736 780.5
0.10737 780.5
0.10738 780.5
0.10739 780.5
0.10740 780.5
0.10741 780.5
0.10742 780.5
0.10743 780.5
0.10744 780.5
0.10745 780.5
0.10746 780.5
0.10747 780.5
0.10748 780.5
0.10749 780.5
0.10750 780.5
0.10751 780.5
0.10752 780.5
0.10753 780.5
0.10754 780.5
0.10755 780.5
0.10756 780.5
0.10757 780.5
0.10758 780.5
0.10759 780.5
0.10760 780.5
0.10761 780.5
0.10762 780.5
0.10763 780.5
0.10764 780.5
0.10765 780.5
0.10766 780.5
0.10767 780.5
0.10768 780.5
0.10769 780.5
0.10770 780.5
0.10771 780.5
0.10772 780.5
0.10773 780.5
0.10774 780.5
0.10775 780.5
0.10776 780.5
0.10777 780.5
0.10778 780.5
0.10779 780.5
0.10780 780.5
0.10781 780.5
0.10782 780.5
0.10783 780.5
0.10784 780.5
0.10785 780.5
0.10786 780.5
0.10787 780.5
0.10788 780.5
0.10789 780.5
0.10790 780.5
0.10791 780.5
0.10792 780.5
0.10793 780.5
0.10794 780.5
0.10795 780.5
0.10796 780.5
0.10797 780.5
0.10798 780.5
0.10799 780.5
0.10800 780.5
0.10801 780.5
0.10802 780.5
0.10803 780.5
0.10804 780.5
0.10805 780.5
0.10806 780.5
0.10807 780.5
0.10808 780.5
0.10809 780.5
0.10810 780.5
0.10811 780.5
0.10812 780.5
0.10813 780.5
0.10814 780.5
0.10815 780.5
0.10816 780.5
0.10817 780.5
0.10818 780.5
0.10819 780.5
0.10820 780.5
0.10821 780.5
0.10822 780.5
0.10823 780.5
0.10824 780.5
0.10825 780.5
0.10826 780.5
0.10827 780.5
0.10828 780.5
0.10829 780.5
0.10830 780.5
0.10831 780.5
0.10832 780.5
0.10833 780.5
0.10834 780.5
0.10835 780.5
0.10836 780.5
0.10837 780.5
0.10838 780.5
0.10839 780.5
0.10840 780.5
0.10841 780.5
0.10842 780.5
0.10843 780.5
0.10844 780.5
0.10845 780.5
0.10846 780.5
0.10847 780.5
0.10848 780.5
0.10849 780.5
0.10850 780.5
0.10851 780.5
0.10852 780.5
0.10853 780.5
0.10854 780.5
0.10855 780.5
0.10856 780.5
0.10857 780.5
0.10858 780.5
0.10859 780.5
0.10860 780.5
0.10861 780.5
0.10862 780.5
0.10863 780.5
0.10864 780.5
0.10865 780.5
0.10866 780.5
0.10867 780.5
0.10868 780.5
0.10869 780.5
0.10870 780.5
0.10871 780.5
0.10872 780.5
0.10873 780.5
0.10874 780.5
0.10875 780.5
0.10876 780.5
0.10877 780.5
0.10878 780.5
0.10879 780.5
0.10880 780.5
0.10881 780.5
0.10882 780.5
0.10883 780.5
0.10884 780.5
0.10885 780.5
0.10886 780.5
0.10887 780.5
0.10888 780.5
0.10889 780.5
0.10890 780.5
0.10891 780.5
0.10892 780.5
0.10893 780.5
0.10894 780.5
0.10895 780.5
0.10896 780.5
0.10897 780.5
0.10898 780.5
0.10899 780.5
0.10900 780.5
0.10901 780.5
0.10902 780.5
0.10903 780.5
0.10904 780.5
0.10905 780.5
0.10906 780.5
0.10907 780.5
0.10908 780.5
0.10909 780.5
0.10910 780.5
0.10911 780.5
0.10912 780.5
0.10913 780.5
0.10914 780.5
0.10915 780.5
0.10916 780.5
0.10917 780.5
0.10918 780.5
0.10919 780.5
0.10920 780.5
0.10921 780.5
0.10922 780.5
0.10923 780.5
0.10924 780.5
0.10925 780.5
0.10926 780.5
0.10927 780.5
0.10928 780.5
0.10929 780.5
0.10930 780.5
0.10931 780.5
0.10932 780.5
0.10933 780.5
0.10934 780.5
0.10935 780.5
0.10936 780.5
0.10937 780.5
0.10938 780.5
0.10939 780.5
0.10940 780.5
0.10941 780.5
0.10942 780.5
0.10943 780.5
0.10944 780.5
0.10945 780.5
0.10946 780.5
0.10947 780.5
0.10948 780.5
0.10949 780.5
0.10950 780.5
0.10951 780.5
0.10952 780.5
0.10953 780.5
0.10954 780.5
0.10955 780.5
0.10956 780.5
0.10957 780.5
0.10958 780.5
0.10959 780.5
0.10960 780.5
0.10961 780.5
0.10962 780.5
0.10963 780.5
0.10964 780.5
0.10965 780.5
0.10966 780.5
0.10967 780.5
0.10968 780.5
0.10969 780.5
0.10970 780.5
0.10971 780.5
0.10972 780.5
0.10973 780.5
0.10974 780.5
0.10975 780.5
0.10976 780.5
0.10977 780.5
0.10978 780.5
0.10979 780.5
0.10980 780.5
0.10981 780.5
0.10982 780.5
0.10983 780.5
0.10984 780.5
0.10985 780.5
0.10986 780.5
0.10987 780.5
0.10988 780.5
0.10989 780.5
0.10990 780.5
0.10991 780.5
0.10992 780.5
0.10993 780.5
0.10994 780.5
0.10995 780.5
0.10996 780.5
0.10997 780.5
0.10998 780.5
0.10999 780.5
0.11000 780.5
0.11001 780.5
0.11002 780.5
0.11003 780.5
0.11004 780.5
0.11005 780.5
0.11006 780.5
0.11007 780.5
0.11008 780.5
0.11009 780.5
0.11010 780.5
0.11011 780.5
0.11012 780.5
0.11013 780.5
0.11014 780.5
0.11015 780.5
0.11016 780.5
0.11017 780.5
0.11018 780.5
0.11019 780.5
0.11020 780.5
0.11021 780.5
0.11022 780.5
0.11023 780.5
0.11024 780.5
0.11025 780.5
0.11026 780.5
0.11027 780.5
0.11028 780.5
0.11029 780.5
0.11030 780.5
0.11031 780.5
0.11032 780.5
0.11033 780.5
0.11034 780.5
0.11035 780.5
0.11036 780.5
0.11037 780.5
0.11038 780.5
0.11039 780.5
0.11040 780.5
0.11041 780.5
0.11042 780.5
0.11043 780.5
0.11044 780.5
0.11045 780.5
0.11046 780.5
0.11047 780.5
0.11048 780.5
0.11049 780.5
0.11050 780.5
0.11051 780.5
0.11052 780.5
0.11053 780.5
0.11054 780.5
0.11055 780.5
0.11056 780.5
0.11057 780.5
0.11058 780.5
0.11059 780.5
0.11060 780.5
0.11061 780.5
0.11062 780.5
0.11063 780.5
0.11064 780.5
0.11065 780.5
0.11066 780.5
0.11067 780.5
0.11068 780.5
0.11069 780.5
0.11070 780.5
0.11071 780.5
0.11072 780.5
0.11073 780.5
0.11074 780.5
0.11075 780.5
0.11076 780.5
0.11077 780.5
0.11078 780.5
0.11079 780.5
0.11080 780.5
0.11081 780.5
0.11082 780.5
0.11083 780.5
0.11084 780.5
0.11085 780.5
0.11086 780.5
0.11087 780.5
0.11088 780.5
0.11089 780.5
0.11090 780.5
0.11091 780.5
0.11092 780.5
0.11093 780.5
0.11094 780.5
0.11095 780.5
0.11096 780.5
0.11097 780.5
0.11098 780.5
0.11099 780.5
0.11100 780.5
0.11101 780.5
0.11102 780.5
0.11103 780.5
0.11104 780.5
0.11105 780.5
0.11106 780.5
0.11107 780.5
0.11108 780.5
0.11109 780.5
0.11110 780.5
0.11111 780.5
0.11112 780.5
0.11113 780.5
0.11114 780.5
0.11115 780.5
0.11116 780.5
0.11117 780.5
0.11118 780.5
0.11119 780.5
0.11120 780.5
0.11121 780.5
0.11122 780.5
0.11123 780.5
0.11124 780.5
0.11125 780.5
0.11126 780.5
0.11127 780.5
0.11128 780.5
0.11129 780.5
0.11130 780.5
0.11131 780.5
0.11132 780.5
0.11133 780.5
0.11134 780.5
0.11135 780.5
0.11136 780.5
0.11137 780.5
0.11138 780.5
0.11139 780.5
0.11140 780.5
0.11141 780.5
0.11142 780.5
0.11143 780.5
0.11144 780.5
0.11145 780.5
0.11146 780.5
0.11147 780.5
0.11148 780.5
0.11149 780.5
0.11150 780.5
0.11151 780.5
0.11152 780.5
0.11153 780.5
0.11154 780.5
0.11155 780.5
0.11156 780.5
0.11157 780.5
0.11158 780.5
0.11159 780.5
0.11160 780.5
0.11161 780.5
0.11162 780.5
0.11163 780.5
0.11164 780.5
0.11165 780.5
0.11166 780.5
0.11167 780.5
0.11168 780.5
0.11169 780.5
0.11170 780.5
0.11171 780.5
0.11172 780.5
0.11173 780.5
0.11174 780.5
0.11175 780.5
0.11176 780.5
0.11177 780.5
0.11178 780.5
0.11179 780.5
0.11180 780.5
0.11181 780.5
0.11182 780.5
0.11183 780.5
0.11184 780.5
0.11185 780.5
0.11186 780.5
0.11187 780.5
0.11188 780.5
0.11189 780.5
0.11190 780.5
0.11191 780.5
0.11192 780.5
0.11193 780.5
0.11194 780.5
0.11195 780.5
0.11196 780.5
0.11197 780.5
0.11198 780.5
0.11199 780.5
0.11200 780.5
0.11201 780.5
0.11202 780.5
0.11203 780.5
0.11204 780.5
0.11205 780.5
0.11206 780.5
0.11207 780.5
0.11208 780.5
0.11209 780.5
0.11210 780.5
0.11211 780.5
0.11212 780.5
0.11213 780.5
0.11214 780.5
0.11215 780.5
0.11216 780.5
0.11217 780.5
0.11218 780.5
0.11219 780.5
0.11220 780.5
0.11221 780.5
0.11222 780.5
0.11223 780.5
0.11224 780.5
0.11225 780.5
0.11226 780.5
0.11227 780.5
0.11228 780.5
0.11229 780.5
0.11230 780.5
0.11231 780.5
0.11232 780.5
0.11233 780.5
0.11234 780.5
0.11235 780.5
0.11236 780.5
0.11237 780.5
0.11238 780.5
0.11239 780.5
0.11240 780.5
0.11241 780.5
0.11242 780.5
0.11243 780.5
0.11244 780.5
0.11245 780.5
0.11246 780.5
0.11247 780.5
0.11248 780.5
0.11249 780.5
0.11250 780.5
0.11251 780.5
0.11252 780.5
0.11253 780.5
0.11254 780.5
0.11255 780.5
0.11256 780.5
0.11257 780.5
0.11258 780.5
0.11259 780.5
0.11260 780.5
0.11261 780.5
0.11262 780.5
0.11263 780.5
0.11264 780.5
0.11265 780.5
0.11266 780.5
0.11267 780.5
0.11268 780.5
0.11269 780.5
0.11270 780.5
0.11271 780.5
0.11272 780.5
0.11273 780.5
0.11274 780.5
0.11275 780.5
0.11276 780.5
0.11277 780.5
0.11278 780.5
0.11279 780.5
0.11280 780.5
0.11281 780.5
0.11282 780.5
0.11283 780.5
0.11284 780.5
0.11285 780.5
0.11286 780.5
0.11287 780.5
0.11288 780.5
0.11289 780.5
0.11290 780.5
0.11291 780.5
0.11292 780.5
0.11293 780.5
0.11294 780.5
0.11295 780.5
0.11296 780.5
0.11297 780.5
0.11298 780.5
0.11299 780.5
0.11300 780.5
0.11301 780.5
0.11302 780.5
0.11303 780.5
0.11304 780.5
0.11305 780.5
0.11306 780.5
0.11307 780.5
0.11308 780.5
0.11309 780.5
0.11310 780.5
0.11311 780.5
0.11312 780.5
0.11313 780.5
0.11314 780.5
0.11315 780.5
0.11316 780.5
0.11317 780.5
0.11318 780.5
0.11319 780.5
0.11320 780.5
0.11321 780.5
0.11322 780.5
0.11323 780.5
0.11324 780.5
0.11325 780.5
0.11326 780.5
0.11327 780.5
0.11328 780.5
0.11329 780.5
0.11330 780.5
0.11331 780.5
0.11332 780.5
0.11333 780.5
0.11334 780.5
0.11335 780.5
0.11336 780.5
0.11337 780.5
0.11338 780.5
0.11339 780.5
0.11340 780.5
0.11341 780.5
0.11342 780.5
0.11343 780.5
0.11344 780.5
0.11345 780.5
0.11346 780.5
0.11347 780.5
0.11348 780.5
0.11349 780.5
0.11350 780.5
0.11351 780.5
0.11352 780.5
0.11353 780.5
0.11354 780.5
0.11355 780.5
0.11356 780.5
0.11357 780.5
0.11358 780.5
0.11359 780.5
0.11360 780.5
0.11361 780.5
0.11362 780.5
0.11363 780.5
0.11364 780.5
0.11365 780.5
0.11366 780.5
0.11367 780.5
0.11368 780.5
0.11369 780.5
0.11370 780.5
0.11371 780.5
0.11372 780.5
0.11373 780.5
0.11374 780.5
0.11375 780.5
0.11376 780.5
0.11377 780.5
0.11378 780.5
0.11379 780.5
0.11380 780.5
0.11381 780.5
0.11382 780.5
0.11383 780.5
0.11384 780.5
0.11385 780.5
0.11386 780.5
0.11387 780.5
0.11388 780.5
0.11389 780.5
0.11390 780.5
0.11391 780.5
0.11392 780.5
0.11393 780.5
0.11394 780.5
0.11395 780.5
0.11396 780.5
0.11397 780.5
0.11398 780.5
0.11399 780.5
0.11400 780.5
0.11401 780.5
0.11402 780.5
0.11403 780.5
0.11404 780.5
0.11405 780.5
0.11406 780.5
0.11407 780.5
0.11408 780.5
0.11409 780.5
0.11410 780.5
0.11411 780.5
0.11412 780.5
0.11413 780.5
0.11414 780.5
0.11415 780.5
0.11416 780.5
0.11417 780.5
0.11418 780.5
0.11419 780.5
0.11420 780.5
0.11421 780.5
0.11422 780.5
0.11423 780.5
0.11424 780.5
0.11425 780.5
0.11426 780.5
0.11427 780.5
0.11428 780.5
0.11429 780.5
0.11430 780.5
0.11431 780.5
0.11432 780.5
0.11433 780.5
0.11434 780.5
0.11435 780.5
0.11436 780.5
0.11437 780.5
0.11438 780.5
0.11439 780.5
0.11440 780.5
0.11441 780.5
0.11442 780.5
0.11443 780.5
0.11444 780.5
0.11445 780.5
0.11446 780.5
0.11447 780.5
0.11448 780.5
0.11449 780.5
0.11450 780.5
0.11451 780.5
0.11452 780.5
0.11453 780.5
0.11454 780.5
0.11455 780.5
0.11456 780.5
0.11457 780.5
0.11458 780.5
0.11459 780.5
0.11460 780.5
0.11461 780.5
0.11462 780.5
0.11463 780.5
0.11464 780.5
0.11465 780.5
0.11466 780.5
0.11467 780.5
0.11468 780.5
0.11469 780.5
0.11470 780.5
0.11471 780.5
0.11472 780.5
0.11473 780.5
0.11474 780.5
0.11475 780.5
0.11476 780.5
0.11477 780.5
0.11478 780.5
0.11479 780.5
0.11480 780.5
0.11481 780.5
0.11482 780.5
0.11483 780.5
0.11484 780.5
0.11485 780.5
0.11486 780.5
0.11487 780.5
0.11488 780.5
0.11489 780.5
0.11490 780.5
0.11491 780.5
0.11492 780.5
0.11493 780.5
0.11494 780.5
0.11495 780.5
0.11496 780.5
0.11497 780.5
0.11498 780.5
0.11499 780.5
0.11500 780.5
0.11501 780.5
0.11502 780.5
0.11503 780.5
0.11504 780.5
0.11505 780.5
0.11506 780.5
0.11507 780.5
0.11508 780.5
0.11509 780.5
0.11510 780.5
0.11511 780.5
0.11512 780.5
0.11513 780.5
0.11514 780.5
0.11515 780.5
0.11516 780.5
0.11517 780.5
0.11518 780.5
0.11519 780.5
0.11520 780.5
0.11521 780.5
0.11522 780.5
0.11523 780.5
0.11524 780.5
0.11525 780.5
0.11526 780.5
0.11527 780.5
0.11528 780.5
0.11529 780.5
0.11530 780.5
0.11531 780.5
0.11532 780.5
0.11533 780.5
0.11534 780.5
0.11535 780.5
0.11536 780.5
0.11537 780.5
0.11538 780.5
0.11539 780.5
0.11540 780.5
0.11541 780.5
0.11542 780.5
0.11543 780.5
0.11544 780.5
0.11545 780.5
0.11546 780.5
0.11547 780.5
0.11548 780.5
0.11549 780.5
0.11550 780.5
0.11551 780.5
0.11552 780.5
0.11553 780.5
0.11554 780.5
0.11555 780.5
0.11556 780.5
0.11557 780.5
0.11558 780.5
0.11559 780.5
0.11560 780.5
0.11561 780.5
0.11562 780.5
0.11563 780.5
0.11564 780.5
0.11565 780.5
0.11566 780.5
0.11567 780.5
0.11568 780.5
0.11569 780.5
0.11570 780.5
0.11571 780.5
0.11572 780.5
0.11573 780.5
0.11574 780.5
0.11575 780.5
0.11576 780.5
0.11577 780.5
0.11578 780.5
0.11579 780.5
0.11580 780.5
0.11581 780.5
0.11582 780.5
0.11583 780.5
0.11584 780.5
0.11585 780.5
0.11586 780.5
0.11587 780.5
0.11588 780.5
0.11589 780.5
0.11590 780.5
0.11591 780.5
0.11592 780.5
0.11593 780.5
0.11594 780.5
0.11595 780.5
0.11596 780.5
0.11597 780.5
0.11598 780.5
0.11599 780.5
0.11600 780.5
0.11601 780.5
0.11602 780.5
0.11603 780.5
0.11604 780.5
0.11605 780.5
0.11606 780.5
0.11607 780.5
0.11608 780.5
0.11609 780.5
0.11610 780.5
0.11611 780.5
0.11612 780.5
0.11613 780.5
0.11614 780.5
0.11615 780.5
0.11616 780.5
0.11617 780.5
0.11618 780.5
0.11619 780.5
0.11620 780.5
0.11621 780.5
0.11622 780.5
0.11623 780.5
0.11624 780.5
0.11625 780.5
0.11626 780.5
0.11627 780.5
0.11628 780.5
0.11629 780.5
0.11630 780.5
0.11631 780.5
0.11632 780.5
0.11633 780.5
0.11634 780.5
0.11635 780.5
0.11636 780.5
0.11637 780.5
0.11638 780.5
0.11639 780.5
0.11640 780.5
0.11641 780.5
0.11642 780.5
0.11643 780.5
0.11644 780.5
0.11645 780.5
0.11646 780.5
0.11647 780.5
0.11648 780.5
0.11649 780.5
0.11650 780.5
0.11651 780.5
0.11652 780.5
0.11653 780.5
0.11654 780.5
0.11655 780.5
0.11656 780.5
0.11657 780.5
0.11658 780.5
0.11659 780.5
0.11660 780.5
0.11661 780.5
0.11662 780.5
0.11663 780.5
0.11664 780.5
0.11665 780.5
0.11666 780.5
0.11667 780.5
0.11668 780.5
0.11669 780.5
0.11670 780.5
0.11671 780.5
0.11672 780.5
0.11673 780.5
0.11674 780.5
0.11675 780.5
0.11676 780.5
0.11677 780.5
0.11678 780.5
0.11679 780.5
0.11680 780.5
0.11681 780.5
0.11682 780.5
0.11683 780.5
0.11684 780.5
0.11685 780.5
0.11686 780.5
0.11687 780.5
0.11688 780.5
0.11689 780.5
0.11690 780.5
0.11691 780.5
0.11692 780.5
0.11693 780.5
0.11694 780.5
0.11695 780.5
0.11696 780.5
0.11697 780.5
0.11698 780.5
0.11699 780.5
0.11700 780.5
0.11701 780.5
0.11702 780.5
0.11703 780.5
0.11704 780.5
0.11705 780.5
0.11706 780.5
0.11707 780.5
0.11708 780.5
0.11709 780.5
0.11710 780.5
0.11711 780.5
0.11712 780.5
0.11713 780.5
0.11714 780.5
0.11715 780.5
0.11716 780.5
0.11717 780.5
0.11718 780.5
0.11719 780.5
0.11720 780.5
0.11721 780.5
0.11722 780.5
0.11723 780.5
0.11724 780.5
0.11725 780.5
0.11726 780.5
0.11727 780.5
0.11728 780.5
0.11729 780.5
0.11730 780.5
0.11731 780.5
0.11732 780.5
0.11733 780.5
0.11734 780.5
0.11735 780.5
0.11736 780.5
0.11737 780.5
0.11738 780.5
0.11739 780.5
0.11740 780.5
0.11741 780.5
0.11742 780.5
0.11743 780.5
0.11744 780.5
0.11745 780.5
0.11746 780.5
0.11747 780.5
0.11748 780.5
0.11749 780.5
0.11750 780.5
0.11751 780.5
0.11752 780.5
0.11753 780.5
0.11754 780.5
0.11755 780.5
0.11756 780.5
0.11757 780.5
0.11758 780.5
0.11759 780.5
0.11760 780.5
0.11761 780.5
0.11762 780.5
0.11763 780.5
0.11764 780.5
0.11765 780.5
0.11766 780.5
0.11767 780.5
0.11768 780.5
0.11769 780.5
0.11770 780.5
0.11771 780.5
0.11772 780.5
0.11773 780.5
0.11774 780.5
0.11775 780.5
0.11776 780.5
0.11777 780.5
0.11778 780.5
0.11779 780.5
0.11780 780.5
0.11781 780.5
0.11782 780.5
0.11783 780.5
0.11784 780.5
0.11785 780.5
0.11786 780.5
0.11787 780.5
0.11788 780.5
0.11789 780.5
0.11790 780.5
0.11791 780.5
0.11792 780.5
0.11793 780.5
0.11794 780.5
0.11795 780.5
0.11796 780.5
0.11797 780.5
0.11798 780.5
0.11799 780.5
0.11800 780.5
0.11801 780.5
0.11802 780.5
0.11803 780.5
0.11804 780.5
0.11805 780.5
0.11806 780.5
0.11807 780.5
0.11808 780.5
0.11809 780.5
0.11810 780.5
0.11811 780.5
0.11812 780.5
0.11813 780.5
0.11814 780.5
0.11815 780.5
0.11816 780.5
0.11817 780.5
0.11818 780.5
0.11819 780.5
0.11820 780.5
0.11821 780.5
0.11822 780.5
0.11823 780.5
0.11824 780.5
0.11825 780.5
0.11826 780.5
0.11827 780.5
0.11828 780.5
0.11829 780.5
0.11830 780.5
0.11831 780.5
0.11832 780.5
0.11833 780.5
0.11834 780.5
0.11835 780.5
0.11836 780.5
0.11837 780.5
0.11838 780.5
0.11839 780.5
0.11840 780.5
0.11841 780.5
0.11842 780.5
0.11843 780.5
0.11844 780.5
0.11845 780.5
0.11846 780.5
0.11847 780.5
0.11848 780.5
0.11849 780.5
0.11850 780.5
0.11851 780.5
0.11852 780.5
0.11853 780.5
0.11854 780.5
0.11855 780.5
0.11856 780.5
0.11857 780.5
0.11858 780.5
0.11859 780.5
0.11860 780.5
0.11861 780.5
0.11862 780.5
0.11863 780.5
0.11864 780.5
0.11865 780.5
0.11866 780.5
0.11867 780.5
0.11868 780.5
0.11869 780.5
0.11870 780.5
0.11871 780.5
0.11872 780.5
0.11873 780.5
0.11874 780.5
0.11875 780.5
0.11876 780.5
0.11877 780.5
0.11878 780.5
0.11879 780.5
0.11880 780.5
0.11881 780.5
0.11882 780.5
0.11883 780.5
0.11884 780.5
0.11885 780.5
0.11886 780.5
0.11887 780.5
0.11888 780.5
0.11889 780.5
0.11890 780.5
0.11891 780.5
0.11892 780.5
0.11893 780.5
0.11894 780.5
0.11895 780.5
0.11896 780.5
0.11897 780.5
0.11898 780.5
0.11899 780.5
0.11900 780.5
0.11901 780.5
0.11902 780.5
0.11903 780.5
0.11904 780.5
0.11905 780.5
0.11906 780.5
0.11907 780.5
0.11908 780.5
0.11909 780.5
0.11910 780.5
0.11911 780.5
0.11912 780.5
0.11913 780.5
0.11914 780.5
0.11915 780.5
0.11916 780.5
0.11917 780.5
0.11918 780.5
0.11919 780.5
0.11920 780.5
0.11921 780.5
0.11922 780.5
0.11923 780.5
0.11924 780.5
0.11925 780.5
0.11926 780.5
0.11927 780.5
0.11928 780.5
0.11929 780.5
0.11930 780.5
0.11931 780.5
0.11932 780.5
0.11933 780.5
0.11934 780.5
0.11935 780.5
0.11936 780.5
0.11937 780.5
0.11938 780.5
0.11939 780.5
0.11940 780.5
0.11941 780.5
0.11942 780.5
0.11943 780.5
0.11944 780.5
0.11945 780.5
0.11946 780.5
0.11947 780.5
0.11948 780.5
0.11949 780.5
0.11950 780.5
0.11951 780.5
0.11952 780.5
0.11953 780.5
0.11954 780.5
0.11955 780.5
0.11956 780.5
0.11957 780.5
0.11958 780.5
0.11959 780.5
0.11960 780.5
0.11961 780.5
0.11962 780.5
0.11963 780.5
0.11964 780.5
0.11965 780.5
0.11966 780.5
0.11967 780.5
0.11968 780.5
0.11969 780.5
0.11970 780.5
0.11971 780.5
0.11972 780.5
0.11973 780.5
0.11974 780.5
0.11975 780.5
0.11976 780.5
0.11977 780.5
0.11978 780.5
0.11979 780.5
0.11980 780.5
0.11981 780.5
0.11982 780.5
0.11983 780.5
0.11984 780.5
0.11985 780.5
0.11986 780.5
0.11987 780.5
0.11988 780.5
0.11989 780.5
0.11990 780.5
0.11991 780.5
0.11992 780.5
0.11993 780.5
0.11994 780.5
0.11995 780.5
0.11996 780.5
0.11997 780.5
0.11998 780.5
0.11999 780.5
0.12000 780.5
0.12001 780.5
0.12002 780.5
0.12003 780.5
0.12004 780.5
0.12005 780.5
0.12006 780.5
0.12007 780.5
0.12008 780.5
0.12009 780.5
0.12010 780.5
0.12011 780.5
0.12012 780.5
0.12013 780.5
0.12014 780.5
0.12015 780.5
0.12016 780.5
0.12017 780.5
0.12018 780.5
0.12019 780.5
0.12020 780.5
0.12021 780.5
0.12022 780.5
0.12023 780.5
0.12024 780.5
0.12025 780.5
0.12026 780.5
0.12027 780.5
0.12028 780.5
0.12029 780.5
0.12030 780.5
0.12031 780.5
0.12032 780.5
0.12033 780.5
0.12034 780.5
0.12035 780.5
0.12036 780.5
0.12037 780.5
0.12038 780.5
0.12039 780.5
0.12040 780.5
0.12041 780.5
0.12042 780.5
0.12043 780.5
0.12044 780.5
0.12045 780.5
0.12046 780.5
0.12047 780.5
0.12048 780.5
0.12049 780.5
0.12050 780.5
0.12051 780.5
0.12052 780.5
0.12053 780.5
0.12054 780.5
0.12055 780.5
0.12056 780.5
0.12057 780.5
0.12058 780.5
0.12059 780.5
0.12060 780.5
0.12061 780.5
0.12062 780.5
0.12063 780.5
0.12064 780.5
0.12065 780.5
0.12066 780.5
0.12067 780.5
0.12068 780.5
0.12069 780.5
0.12070 780.5
0.12071 780.5
0.12072 780.5
0.12073 780.5
0.12074 780.5
0.12075 780.5
0.12076 780.5
0.12077 780.5
0.12078 780.5
0.12079 780.5
0.12080 780.5
0.12081 780.5
0.12082 780.5
0.12083 780.5
0.12084 780.5
0.12085 780.5
0.12086 780.5
0.12087 780.5
0.12088 780.5
0.12089 780.5
0.12090 780.5
0.12091 780.5
0.12092 780.5
0.12093 780.5
0.12094 780.5
0.12095 780.5
0.12096 780.5
0.12097 780.5
0.12098 780.5
0.12099 780.5
0.12100 780.5
0.12101 780.5
0.12102 780.5
0.12103 780.5
0.12104 780.5
0.12105 780.5
0.12106 780.5
0.12107 780.5
0.12108 780.5
0.12109 780.5
0.12110 780.5
0.12111 780.5
0.12112 780.5
0.12113 780.5
0.12114 780.5
0.12115 780.5
0.12116 780.5
0.12117 780.5
0.12118 780.5
0.12119 780.5
0.12120 780.5
0.12121 780.5
0.12122 780.5
0.12123 780.5
0.12124 780.5
0.12125 780.5
0.12126 780.5
0.12127 780.5
0.12128 780.5
0.12129 780.5
0.12130 780.5
0.12131 780.5
0.12132 780.5
0.12133 780.5
0.12134 780.5
0.12135 780.5
0.12136 780.5
0.12137 780.5
0.12138 780.5
0.12139 780.5
0.12140 780.5
0.12141 780.5
0.12142 780.5
0.12143 780.5
0.12144 780.5
0.12145 780.5
0.12146 780.5
0.12147 780.5
0.12148 780.5
0.12149 780.5
0.12150 780.5
0.12151 780.5
0.12152 780.5
0.12153 780.5
0.12154 780.5
0.12155 780.5
0.12156 780.5
0.12157 780.5
0.12158 780.5
0.12159 780.5
0.12160 780.5
0.12161 780.5
0.12162 780.5
0.12163 780.5
0.12164 780.5
0.12165 780.5
0.12166 780.5
0.12167 780.5
0.12168 780.5
0.12169 780.5
0.12170 780.5
0.12171 780.5
0.12172 780.5
0.12173 780.5
0.12174 780.5
0.12175 780.5
0.12176 780.5
0.12177 780.5
0.12178 780.5
0.12179 780.5
0.12180 780.5
0.12181 780.5
0.12182 780.5
0.12183 780.5
0.12184 780.5
0.12185 780.5
0.12186 780.5
0.12187 780.5
0.12188 780.5
0.12189 780.5
0.12190 780.5
0.12191 780.5
0.12192 780.5
0.12193 780.5
0.12194 780.5
0.12195 780.5
0.12196 780.5
0.12197 780.5
0.12198 780.5
0.12199 780.5
0.12200 780.5
0.12201 780.5
0.12202 780.5
0.12203 780.5
0.12204 780.5
0.12205 780.5
0.12206 780.5
0.12207 780.5
0.12208 780.5
0.12209 780.5
0.12210 780.5
0.12211 780.5
0.12212 780.5
0.12213 780.5
0.12214 780.5
0.12215 780.5
0.12216 780.5
0.12217 780.5
0.12218 780.5
0.12219 780.5
0.12220 780.5
0.12221 780.5
0.12222 780.5
0.12223 780.5
0.12224 780.5
0.12225 780.5
0.12226 780.5
0.12227 780.5
0.12228 780.5
0.12229 780.5
0.12230 780.5
0.12231 780.5
0.12232 780.5
0.12233 780.5
0.12234 780.5
0.12235 780.5
0.12236 780.5
0.12237 780.5
0.12238 780.5
0.12239 780.5
0.12240 780.5
0.12241 780.5
0.12242 780.5
0.12243 780.5
0.12244 780.5
0.12245 780.5
0.12246 780.5
0.12247 780.5
0.12248 780.5
0.12249 780.5
0.12250 780.5
0.12251 780.5
0.12252 780.5
0.12253 780.5
0.12254 780.5
0.12255 780.5
0.12256 780.5
0.12257 780.5
0.12258 780.5
0.12259 780.5
0.12260 780.5
0.12261 780.5
0.12262 780.5
0.12263 780.5
0.12264 780.5
0.12265 780.5
0.12266 780.5
0.12267 780.5
0.12268 780.5
0.12269 780.5
0.12270 780.5
0.12271 780.5
0.12272 780.5
0.12273 780.5
0.12274 780.5
0.12275 780.5
0.12276 780.5
0.12277 780.5
0.12278 780.5
0.12279 780.5
0.12280 780.5
0.12281 780.5
0.12282 780.5
0.12283 780.5
0.12284 780.5
0.12285 780.5
0.12286 780.5
0.12287 780.5
0.12288 780.5
0.12289 780.5
0.12290 780.5
0.12291 780.5
0.12292 780.5
0.12293 780.5
0.12294 780.5
0.12295 780.5
0.12296 780.5
0.12297 780.5
0.12298 780.5
0.12299 780.5
0.12300 780.5
0.12301 780.5
0.12302 780.5
0.12303 780.5
0.12304 780.5
0.12305 780.5
0.12306 780.5
0.12307 780.5
0.12308 780.5
0.12309 780.5
0.12310 780.5
0.12311 780.5
0.12312 780.5
0.12313 780.5
0.12314 780.5
0.12315 780.5
0.12316 780.5
0.12317 780.5
0.12318 780.5
0.12319 780.5
0.12320 780.5
0.12321 780.5
0.12322 780.5
0.12323 780.5
0.12324 780.5
0.12325 780.5
0.12326 780.5
0.12327 780.5
0.12328 780.5
0.12329 780.5
0.12330 780.5
0.12331 780.5
0.12332 780.5
0.12333 780.5
0.12334 780.5
0.12335 780.5
0.12336 780.5
0.12337 780.5
0.12338 780.5
0.12339 780.5
0.12340 780.5
0.12341 780.5
0.12342 780.5
0.12343 780.5
0.12344 780.5
0.12345 780.5
0.12346 780.5
0.12347 780.5
0.12348 780.5
0.12349 780.5
0.12350 780.5
0.12351 780.5
0.12352 780.5
0.12353 780.5
0.12354 780.5
0.12355 780.5
0.12356 780.5
0.12357 780.5
0.12358 780.5
0.12359 780.5
0.12360 780.5
0.12361 780.5
0.12362 780.5
0.12363 780.5
0.12364 780.5
0.12365 780.5
0.12366 780.5
0.12367 780.5
0.12368 780.5
0.12369 780.5
0.12370 780.5
0.12371 780.5
0.12372 780.5
0.12373 780.5
0.12374 780.5
0.12375 780.5
0.12376 780.5
0.12377 780.5
0.12378 780.5
0.12379 780.5
0.12380 780.5
0.12381 780.5
0.12382 780.5
0.12383 780.5
0.12384 780.5
0.12385 780.5
0.12386 780.5
0.12387 780.5
0.12388 780.5
0.12389 780.5
0.12390 780.5
0.12391 780.5
0.12392 780.5
0.12393 780.5
0.12394 780.5
0.12395 780.5
0.12396 780.5
0.12397 780.5
0.12398 780.5
0.12399 780.5
0.12400 780.5
0.12401 780.5
0.12402 780.5
0.12403 780.5
0.12404 780.5
0.12405 780.5
0.12406 780.5
0.12407 780.5
0.12408 780.5
0.12409 780.5
0.12410 780.5
0.12411 780.5
0.12412 780.5
0.12413 780.5
0.12414 780.5
0.12415 780.5
0.12416 780.5
0.12417 780.5
0.12418 780.5
0.12419 780.5
0.12420 780.5
0.12421 780.5
0.12422 780.5
0.12423 780.5
0.12424 780.5
0.12425 780.5
0.12426 780.5
0.12427 780.5
0.12428 780.5
0.12429 780.5
0.12430 780.5
0.12431 780.5
0.12432 780.5
0.12433 780.5
0.12434 780.5
0.12435 780.5
0.12436 780.5
0.12437 780.5
0.12438 780.5
0.12439 780.5
0.12440 780.5
0.12441 780.5
0.12442 780.5
0.12443 780.5
0.12444 780.5
0.12445 780.5
0.12446 780.5
0.12447 780.5
0.12448 780.5
0.12449 780.5
0.12450 780.5
0.12451 780.5
0.12452 780.5
0.12453 780.5
0.12454 780.5
0.12455 780.5
0.12456 780.5
0.12457 780.5
0.12458 780.5
0.12459 780.5
0.12460 780.5
0.12461 780.5
0.12462 780.5
0.12463 780.5
0.12464 780.5
0.12465 780.5
0.12466 780.5
0.12467 780.5
0.12468 780.5
0.12469 780.5
0.12470 780.5
0.12471 780.5
0.12472 780.5
0.12473 780.5
0.12474 780.5
0.12475 780.5
0.12476 780.5
0.12477 780.5
0.12478 780.5
0.12479 780.5
0.12480 780.5
0.12481 780.5
0.12482 780.5
0.12483 780.5
0.12484 780.5
0.12485 780.5
0.12486 780.5
0.12487 780.5
0.12488 780.5
0.12489 780.5
0.12490 780.5
0.12491 780.5
0.12492 780.5
0.12493 780.5
0.12494 780.5
0.12495 780.5
0.12496 780.5
0.12497 780.5
0.12498 780.5
0.12499 780.5
0.12500 780.5
0.12501 780.5
0.12502 780.5
0.12503 780.5
0.12504 780.5
0.12505 780.5
0.12506 780.5
0.12507 780.5
0.12508 780.5
0.12509 780.5
0.12510 780.5
0.12511 780.5
0.12512 780.5
0.12513 780.5
0.12514 780.5
0.12515 780.5
0.12516 780.5
0.12517 780.5
0.12518 780.5
0.12519 780.5
0.12520 780.5
0.12521 780.5
0.12522 780.5
0.12523 780.5
0.12524 780.5
0.12525 780.5
0.12526 780.5
0.12527 780.5
0.12528 780.5
0.12529 780.5
0.12530 780.5
0.12531 780.5
0.12532 780.5
0.12533 780.5
0.12534 780.5
0.12535 780.5
0.12536 780.5
0.12537 780.5
0.12538 780.5
0.12539 780.5
0.12540 780.5
0.12541 780.5
0.12542 780.5
0.12543 780.5
0.12544 780.5
0.12545 780.5
0.12546 780.5
0.12547 780.5
0.12548 780.5
0.12549 780.5
0.12550 780.5
0.12551 780.5
0.12552 780.5
0.12553 780.5
0.12554 780.5
0.12555 780.5
0.12556 780.5
0.12557 780.5
0.12558 780.5
0.12559 780.5
0.12560 780.5
0.12561 780.5
0.12562 780.5
0.12563 780.5
0.12564 780.5
0.12565 780.5
0.12566 780.5
0.12567 780.5
0.12568 780.5
0.12569 780.5
0.12570 780.5
0.12571 780.5
0.12572 780.5
0.12573 780.5
0.12574 780.5
0.12575 780.5
0.12576 780.5
0.12577 780.5
0.12578 780.5
0.12579 780.5
0.12580 780.5
0.12581 780.5
0.12582 780.5
0.12583 780.5
0.12584 780.5
0.12585 780.5
0.12586 780.5
0.12587 780.5
0.12588 780.5
0.12589 780.5
0.12590 780.5
0.12591 780.5
0.12592 780.5
0.12593 780.5
0.12594 780.5
0.12595 780.5
0.12596 780.5
0.12597 780.5
0.12598 780.5
0.12599 780.5
0.12600 780.5
0.12601 780.5
0.12602 780.5
0.12603 780.5
0.12604 780.5
0.12605 780.5
0.12606 780.5
0.12607 780.5
0.12608 780.5
0.12609 780.5
0.12610 780.5
0.12611 780.5
0.12612 780.5
0.12613 780.5
0.12614 780.5
0.12615 780.5
0.12616 780.5
0.12617 780.5
0.12618 780.5
0.12619 780.5
0.12620 780.5
0.12621 780.5
0.12622 780.5
0.12623 780.5
0.12624 780.5
0.12625 780.5
0.12626 780.5
0.12627 780.5
0.12628 780.5
0.12629 780.5
0.12630 780.5
0.12631 780.5
0.12632 780.5
0.12633 780.5
0.12634 780.5
0.12635 780.5
0.12636 780.5
0.12637 780.5
0.12638 780.5
0.12639 780.5
0.12640 780.5
0.12641 780.5
0.12642 780.5
0.12643 780.5
0.12644 780.5
0.12645 780.5
0.12646 780.5
0.12647 780.5
0.12648 780.5
0.12649 780.5
0.12650 780.5
0.12651 780.5
0.12652 780.5
0.12653 780.5
0.12654 780.5
0.12655 780.5
0.12656 780.5
0.12657 780.5
0.12658 780.5
0.12659 780.5
0.12660 780.5
0.12661 780.5
0.12662 780.5
0.12663 780.5
0.12664 780.5
0.12665 780.5
0.12666 780.5
0.12667 780.5
0.12668 780.5
0.12669 780.5
0.12670 780.5
0.12671 780.5
0.12672 780.5
0.12673 780.5
0.12674 780.5
0.12675 780.5
0.12676 780.5
0.12677 780.5
0.12678 780.5
0.12679 780.5
0.12680 780.5
0.12681 780.5
0.12682 780.5
0.12683 780.5
0.12684 780.5
0.12685 780.5
0.12686 780.5
0.12687 780.5
0.12688 780.5
0.12689 780.5
0.12690 780.5
0.12691 780.5
0.12692 780.5
0.12693 780.5
0.12694 780.5
0.12695 780.5
0.12696 780.5
0.12697 780.5
0.12698 780.5
0.12699 780.5
0.12700 780.5
0.12701 780.5
0.12702 780.5
0.12703 780.5
0.12704 780.5
0.12705 780.5
0.12706 780.5
0.12707 780.5
0.12708 780.5
0.12709 780.5
0.12710 780.5
0.12711 780.5
0.12712 780.5
0.12713 780.5
0.12714 780.5
0.12715 780.5
0.12716 780.5
0.12717 780.5
0.12718 780.5
0.12719 780.5
0.12720 780.5
0.12721 780.5
0.12722 780.5
0.12723 780.5
0.12724 780.5
0.12725 780.5
0.12726 780.5
0.12727 780.5
0.12728 780.5
0.12729 780.5
0.12730 780.5
0.12731 780.5
0.12732 780.5
0.12733 780.5
0.12734 780.5
0.12735 780.5
0.12736 780.5
0.12737 780.5
0.12738 780.5
0.12739 780.5
0.12740 780.5
0.12741 780.5
0.12742 780.5
0.12743 780.5
0.12744 780.5
0.12745 780.5
0.12746 780.5
0.12747 780.5
0.12748 780.5
0.12749 780.5
0.12750 780.5
0.12751 780.5
0.12752 780.5
0.12753 780.5
0.12754 780.5
0.12755 780.5
0.12756 780.5
0.12757 780.5
0.12758 780.5
0.12759 780.5
0.12760 780.5
0.12761 780.5
0.12762 780.5
0.12763 780.5
0.12764 780.5
0.12765 780.5
0.12766 780.5
0.12767 780.5
0.12768 780.5
0.12769 780.5
0.12770 780.5
0.12771 780.5
0.12772 780.5
0.12773 780.5
0.12774 780.5
0.12775 780.5
0.12776 780.5
0.12777 780.5
0.12778 780.5
0.12779 780.5
0.12780 780.5
0.12781 780.5
0.12782 780.5
0.12783 780.5
0.12784 780.5
0.12785 780.5
0.12786 780.5
0.12787 780.5
0.12788 780.5
0.12789 780.5
0.12790 780.5
0.12791 780.5
0.12792 780.5
0.12793 780.5
0.12794 780.5
0.12795 780.5
0.12796 780.5
0.12797 780.5
0.12798 780.5
0.12799 780.5
0.12800 780.5
0.12801 780.5
0.12802 780.5
0.12803 780.5
0.12804 780.5
0.12805 780.5
0.12806 780.5
0.12807 780.5
0.12808 780.5
0.12809 780.5
0.12810 780.5
0.12811 780.5
0.12812 780.5
0.12813 780.5
0.12814 780.5
0.12815 780.5
0.12816 780.5
0.12817 780.5
0.12818 780.5
0.12819 780.5
0.12820 780.5
0.12821 780.5
0.12822 780.5
0.12823 780.5
0.12824 780.5
0.12825 780.5
0.12826 780.5
0.12827 780.5
0.12828 780.5
0.12829 780.5
0.12830 780.5
0.12831 780.5
0.12832 780.5
0.12833 780.5
0.12834 780.5
0.12835 780.5
0.12836 780.5
0.12837 780.5
0.12838 780.5
0.12839 780.5
0.12840 780.5
0.12841 780.5
0.12842 780.5
0.12843 780.5
0.12844 780.5
0.12845 780.5
0.12846 780.5
0.12847 780.5
0.12848 780.5
0.12849 780.5
0.12850 780.5
0.12851 780.5
0.12852 780.5
0.12853 780.5
0.12854 780.5
0.12855 780.5
0.12856 780.5
0.12857 780.5
0.12858 780.5
0.12859 780.5
0.12860 780.5
0.12861 780.5
0.12862 780.5
0.12863 780.5
0.12864 780.5
0.12865 780.5
0.12866 780.5
0.12867 780.5
0.12868 780.5
0.12869 780.5
0.12870 780.5
0.12871 780.5
0.12872 780.5
0.12873 780.5
0.12874 780.5
0.12875 780.5
0.12876 780.5
0.12877 780.5
0.12878 780.5
0.12879 780.5
0.12880 780.5
0.12881 780.5
0.12882 780.5
0.12883 780.5
0.12884 780.5
0.12885 780.5
0.12886 780.5
0.12887 780.5
0.12888 780.5
0.12889 780.5
0.12890 780.5
0.12891 780.5
0.12892 780.5
0.12893 780.5
0.12894 780.5
0.12895 780.5
0.12896 780.5
0.12897 780.5
0.12898 780.5
0.12899 780.5
0.12900 780.5
0.12901 780.5
0.12902 780.5
0.12903 780.5
0.12904 780.5
0.12905 780.5
0.12906 780.5
0.12907 780.5
0.12908 780.5
0.12909 780.5
0.12910 780.5
0.12911 780.5
0.12912 780.5
0.12913 780.5
0.12914 780.5
0.12915 780.5
0.12916 780.5
0.12917 780.5
0.12918 780.5
0.12919 780.5
0.12920 780.5
0.12921 780.5
0.12922 780.5
0.12923 780.5
0.12924 780.5
0.12925 780.5
0.12926 780.5
0.12927 780.5
0.12928 780.5
0.12929 780.5
0.12930 780.5
0.12931 780.5
0.12932 780.5
0.12933 780.5
0.12934 780.5
0.12935 780.5
0.12936 780.5
0.12937 780.5
0.12938 780.5
0.12939 780.5
0.12940 780.5
0.12941 780.5
0.12942 780.5
0.12943 780.5
0.12944 780.5
0.12945 780.5
0.12946 780.5
0.12947 780.5
0.12948 780.5
0.12949 780.5
0.12950 780.5
0.12951 780.5
0.12952 780.5
0.12953 780.5
0.12954 780.5
0.12955 780.5
0.12956 780.5
0.12957 780.5
0.12958 780.5
0.12959 780.5
0.12960 780.5
0.12961 780.5
0.12962 780.5
0.12963 780.5
0.12964 780.5
0.12965 780.5
0.12966 780.5
0.12967 780.5
0.12968 780.5
0.12969 780.5
0.12970 780.5
0.12971 780.5
0.12972 780.5
0.12973 780.5
0.12974 780.5
0.12975 780.5
0.12976 780.5
0.12977 780.5
0.12978 780.5
0.12979 780.5
0.12980 780.5
0.12981 780.5
0.12982 780.5
0.12983 780.5
0.12984 780.5
0.12985 780.5
0.12986 780.5
0.12987 780.5
0.12988 780.5
0.12989 780.5
0.12990 780.5
0.12991 780.5
0.12992 780.5
0.12993 780.5
0.12994 780.5
0.12995 780.5
0.12996 780.5
0.12997 780.5
0.12998 780.5
0.12999 780.5
0.13000 780.5
0.13001 780.5
0.13002 780.5
0.13003 780.5
0.13004 780.5
0.13005 780.5
0.13006 780.5
0.13007 780.5
0.13008 780.5
0.13009 780.5
0.13010 780.5
0.13011 780.5
0.13012 780.5
0.13013 780.5
0.13014 780.5
0.13015 780.5
0.13016 780.5
0.13017 780.5
0.13018 780.5
0.13019 780.5
0.13020 780.5
0.13021 780.5
0.13022 780.5
0.13023 780.5
0.13024 780.5
0.13025 780.5
0.13026 780.5
0.13027 780.5
0.13028 780.5
0.13029 780.5
0.13030 780.5
0.13031 780.5
0.13032 780.5
0.13033 780.5
0.13034 780.5
0.13035 780.5
0.13036 780.5
0.13037 780.5
0.13038 780.5
0.13039 780.5
0.13040 780.5
0.13041 780.5
0.13042 780.5
0.13043 780.5
0.13044 780.5
0.13045 780.5
0.13046 780.5
0.13047 780.5
0.13048 780.5
0.13049 780.5
0.13050 780.5
0.13051 780.5
0.13052 780.5
0.13053 780.5
0.13054 780.5
0.13055 780.5
0.13056 780.5
0.13057 780.5
0.13058 780.5
0.13059 780.5
0.13060 780.5
0.13061 780.5
0.13062 780.5
0.13063 780.5
0.13064 780.5
0.13065 780.5
0.13066 780.5
0.13067 780.5
0.13068 780.5
0.13069 780.5
0.13070 780.5
0.13071 780.5
0.13072 780.5
0.13073 780.5
0.13074 780.5
0.13075 780.5
0.13076 780.5
0.13077 780.5
0.13078 780.5
0.13079 780.5
0.13080 780.5
0.13081 780.5
0.13082 780.5
0.13083 780.5
0.13084 780.5
0.13085 780.5
0.13086 780.5
0.13087 780.5
0.13088 780.5
0.13089 780.5
0.13090 780.5
0.13091 780.5
0.13092 780.5
0.13093 780.5
0.13094 780.5
0.13095 780.5
0.13096 780.5
0.13097 780.5
0.13098 780.5
0.13099 780.5
0.13100 780.5
0.13101 780.5
0.13102 780.5
0.13103 780.5
0.13104 780.5
0.13105 780.5
0.13106 780.5
0.13107 780.5
0.13108 780.5
0.13109 780.5
0.13110 780.5
0.13111 780.5
0.13112 780.5
0.13113 780.5
0.13114 780.5
0.13115 780.5
0.13116 780.5
0.13117 780.5
0.13118 780.5
0.13119 780.5
0.13120 780.5
0.13121 780.5
0.13122 780.5
0.13123 780.5
0.13124 780.5
0.13125 780.5
0.13126 780.5
0.13127 780.5
0.13128 780.5
0.13129 780.5
0.13130 780.5
0.13131 780.5
0.13132 780.5
0.13133 780.5
0.13134 780.5
0.13135 780.5
0.13136 780.5
0.13137 780.5
0.13138 780.5
0.13139 780.5
0.13140 780.5
0.13141 780.5
0.13142 780.5
0.13143 780.5
0.13144 780.5
0.13145 780.5
0.13146 780.5
0.13147 780.5
0.13148 780.5
0.13149 780.5
0.13150 780.5
0.13151 780.5
0.13152 780.5
0.13153 780.5
0.13154 780.5
0.13155 780.5
0.13156 780.5
0.13157 780.5
0.13158 780.5
0.13159 780.5
0.13160 780.5
0.13161 780.5
0.13162 780.5
0.13163 780.5
0.13164 780.5
0.13165 780.5
0.13166 780.5
0.13167 780.5
0.13168 780.5
0.13169 780.5
0.13170 780.5
0.13171 780.5
0.13172 780.5
0.13173 780.5
0.13174 780.5
0.13175 780.5
0.13176 780.5
0.13177 780.5
0.13178 780.5
0.13179 780.5
0.13180 780.5
0.13181 780.5
0.13182 780.5
0.13183 780.5
0.13184 780.5
0.13185 780.5
0.13186 780.5
0.13187 780.5
0.13188 780.5
0.13189 780.5
0.13190 780.5
0.13191 780.5
0.13192 780.5
0.13193 780.5
0.13194 780.5
0.13195 780.5
0.13196 780.5
0.13197 780.5
0.13198 780.5
0.13199 780.5
0.13200 780.5
0.13201 780.5
0.13202 780.5
0.13203 780.5
0.13204 780.5
0.13205 780.5
0.13206 780.5
0.13207 780.5
0.13208 780.5
0.13209 780.5
0.13210 780.5
0.13211 780.5
0.13212 780.5
0.13213 780.5
0.13214 780.5
0.13215 780.5
0.13216 780.5
0.13217 780.5
0.13218 780.5
0.13219 780.5
0.13220 780.5
0.13221 780.5
0.13222 780.5
0.13223 780.5
0.13224 780.5
0.13225 780.5
0.13226 780.5
0.13227 780.5
0.13228 780.5
0.13229 780.5
0.13230 780.5
0.13231 780.5
0.13232 780.5
0.13233 780.5
0.13234 780.5
0.13235 780.5
0.13236 780.5
0.13237 780.5
0.13238 780.5
0.13239 780.5
0.13240 780.5
0.13241 780.5
0.13242 780.5
0.13243 780.5
0.13244 780.5
0.13245 780.5
0.13246 780.5
0.13247 780.5
0.13248 780.5
0.13249 780.5
0.13250 780.5
0.13251 780.5
0.13252 780.5
0.13253 780.5
0.13254 780.5
0.13255 780.5
0.13256 780.5
0.13257 780.5
0.13258 780.5
0.13259 780.5
0.13260 780.5
0.13261 780.5
0.13262 780.5
0.13263 780.5
0.13264 780.5
0.13265 780.5
0.13266 780.5
0.13267 780.5
0.13268 780.5
0.13269 780.5
0.13270 780.5
0.13271 780.5
0.13272 780.5
0.13273 780.5
0.13274 780.5
0.13275 780.5
0.13276 780.5
0.13277 780.5
0.13278 780.5
0.13279 780.5
0.13280 780.5
0.13281 780.5
0.13282 780.5
0.13283 780.5
0.13284 780.5
0.13285 780.5
0.13286 780.5
0.13287 780.5
0.13288 780.5
0.13289 780.5
0.13290 780.5
0.13291 780.5
0.13292 780.5
0.13293 780.5
0.13294 780.5
0.13295 780.5
0.13296 780.5
0.13297 780.5
0.13298 780.5
0.13299 780.5
0.13300 780.5
0.13301 780.5
0.13302 780.5
0.13303 780.5
0.13304 780.5
0.13305 780.5
0.13306 780.5
0.13307 780.5
0.13308 780.5
0.13309 780.5
0.13310 780.5
0.13311 780.5
0.13312 780.5
0.13313 780.5
0.13314 780.5
0.13315 780.5
0.13316 780.5
0.13317 780.5
0.13318 780.5
0.13319 780.5
0.13320 780.5
0.13321 780.5
0.13322 780.5
0.13323 780.5
0.13324 780.5
0.13325 780.5
0.13326 780.5
0.13327 780.5
0.13328 780.5
0.13329 780.5
0.13330 780.5
0.13331 780.5
0.13332 780.5
0.13333 780.5
0.13334 780.5
0.13335 780.5
0.13336 780.5
0.13337 780.5
0.13338 780.5
0.13339 780.5
0.13340 780.5
0.13341 780.5
0.13342 780.5
0.13343 780.5
0.13344 780.5
0.13345 780.5
0.13346 780.5
0.13347 780.5
0.13348 780.5
0.13349 780.5
0.13350 780.5
0.13351 780.5
0.13352 780.5
0.13353 780.5
0.13354 780.5
0.13355 780.5
0.13356 780.5
0.13357 780.5
0.13358 780.5
0.13359 780.5
0.13360 780.5
0.13361 780.5
0.13362 780.5
0.13363 780.5
0.13364 780.5
0.13365 780.5
0.13366 780.5
0.13367 780.5
0.13368 780.5
0.13369 780.5
0.13370 780.5
0.13371 780.5
0.13372 780.5
0.13373 780.5
0.13374 780.5
0.13375 780.5
0.13376 780.5
0.13377 780.5
0.13378 780.5
0.13379 780.5
0.13380 780.5
0.13381 780.5
0.13382 780.5
0.13383 780.5
0.13384 780.5
0.13385 780.5
0.13386 780.5
0.13387 780.5
0.13388 780.5
0.13389 780.5
0.13390 780.5
0.13391 780.5
0.13392 780.5
0.13393 780.5
0.13394 780.5
0.13395 780.5
0.13396 780.5
0.13397 780.5
0.13398 780.5
0.13399 780.5
0.13400 780.5
0.13401 780.5
0.13402 780.5
0.13403 780.5
0.13404 780.5
0.13405 780.5
0.13406 780.5
0.13407 780.5
0.13408 780.5
0.13409 780.5
0.13410 780.5
0.13411 780.5
0.13412 780.5
0.13413 780.5
0.13414 780.5
0.13415 780.5
0.13416 780.5
0.13417 780.5
0.13418 780.5
0.13419 780.5
0.13420 780.5
0.13421 780.5
0.13422 780.5
0.13423 780.5
0.13424 780.5
0.13425 780.5
0.13426 780.5
0.13427 780.5
0.13428 780.5
0.13429 780.5
0.13430 780.5
0.13431 780.5
0.13432 780.5
0.13433 780.5
0.13434 780.5
0.13435 780.5
0.13436 780.5
0.13437 780.5
0.13438 780.5
0.13439 780.5
0.13440 780.5
0.13441 780.5
0.13442 780.5
0.13443 780.5
0.13444 780.5
0.13445 780.5
0.13446 780.5
0.13447 780.5
0.13448 780.5
0.13449 780.5
0.13450 780.5
0.13451 780.5
0.13452 780.5
0.13453 780.5
0.13454 780.5
0.13455 780.5
0.13456 780.5
0.13457 780.5
0.13458 780.5
0.13459 780.5
0.13460 780.5
0.13461 780.5
0.13462 780.5
0.13463 780.5
0.13464 780.5
0.13465 780.5
0.13466 780.5
0.13467 780.5
0.13468 780.5
0.13469 780.5
0.13470 780.5
0.13471 780.5
0.13472 780.5
0.13473 780.5
0.13474 780.5
0.13475 780.5
0.13476 780.5
0.13477 780.5
0.13478 780.5
0.13479 780.5
0.13480 780.5
0.13481 780.5
0.13482 780.5
0.13483 780.5
0.13484 780.5
0.13485 780.5
0.13486 780.5
0.13487 780.5
0.13488 780.5
0.13489 780.5
0.13490 780.5
0.13491 780.5
0.13492 780.5
0.13493 780.5
0.13494 780.5
0.13495 780.5
0.13496 780.5
0.13497 780.5
0.13498 780.5
0.13499 780.5
0.13500 780.5
0.13501 780.5
0.13502 780.5
0.13503 780.5
0.13504 780.5
0.13505 780.5
0.13506 780.5
0.13507 780.5
0.13508 780.5
0.13509 780.5
0.13510 780.5
0.13511 780.5
0.13512 780.5
0.13513 780.5
0.13514 780.5
0.13515 780.5
0.13516 780.5
0.13517 780.5
0.13518 780.5
0.13519 780.5
0.13520 780.5
0.13521 780.5
0.13522 780.5
0.13523 780.5
0.13524 780.5
0.13525 780.5
0.13526 780.5
0.13527 780.5
0.13528 780.5
0.13529 780.5
0.13530 780.5
0.13531 780.5
0.13532 780.5
0.13533 780.5
0.13534 780.5
0.13535 780.5
0.13536 780.5
0.13537 780.5
0.13538 780.5
0.13539 780.5
0.13540 780.5
0.13541 780.5
0.13542 780.5
0.13543 780.5
0.13544 780.5
0.13545 780.5
0.13546 780.5
0.13547 780.5
0.13548 780.5
0.13549 780.5
0.13550 780.5
0.13551 780.5
0.13552 780.5
0.13553 780.5
0.13554 780.5
0.13555 780.5
0.13556 780.5
0.13557 780.5
0.13558 780.5
0.13559 780.5
0.13560 780.5
0.13561 780.5
0.13562 780.5
0.13563 780.5
0.13564 780.5
0.13565 780.5
0.13566 780.5
0.13567 780.5
0.13568 780.5
0.13569 780.5
0.13570 780.5
0.13571 780.5
0.13572 780.5
0.13573 780.5
0.13574 780.5
0.13575 780.5
0.13576 780.5
0.13577 780.5
0.13578 780.5
0.13579 780.5
0.13580 780.5
0.13581 780.5
0.13582 780.5
0.13583 780.5
0.13584 780.5
0.13585 780.5
0.13586 780.5
0.13587 780.5
0.13588 780.5
0.13589 780.5
0.13590 780.5
0.13591 780.5
0.13592 780.5
0.13593 780.5
0.13594 780.5
0.13595 780.5
0.13596 780.5
0.13597 780.5
0.13598 780.5
0.13599 780.5
0.13600 780.5
0.13601 780.5
0.13602 780.5
0.13603 780.5
0.13604 780.5
0.13605 780.5
0.13606 780.5
0.13607 780.5
0.13608 780.5
0.13609 780.5
0.13610 780.5
0.13611 780.5
0.13612 780.5
0.13613 780.5
0.13614 780.5
0.13615 780.5
0.13616 780.5
0.13617 780.5
0.13618 780.5
0.13619 780.5
0.13620 780.5
0.13621 780.5
0.13622 780.5
0.13623 780.5
0.13624 780.5
0.13625 780.5
0.13626 780.5
0.13627 780.5
0.13628 780.5
0.13629 780.5
0.13630 780.5
0.13631 780.5
0.13632 780.5
0.13633 780.5
0.13634 780.5
0.13635 780.5
0.13636 780.5
0.13637 780.5
0.13638 780.5
0.13639 780.5
0.13640 780.5
0.13641 780.5
0.13642 780.5
0.13643 780.5
0.13644 780.5
0.13645 780.5
0.13646 780.5
0.13647 780.5
0.13648 780.5
0.13649 780.5
0.13650 780.5
0.13651 780.5
0.13652 780.5
0.13653 780.5
0.13654 780.5
0.13655 780.5
0.13656 780.5
0.13657 780.5
0.13658 780.5
0.13659 780.5
0.13660 780.5
0.13661 780.5
0.13662 780.5
0.13663 780.5
0.13664 780.5
0.13665 780.5
0.13666 780.5
0.13667 780.5
0.13668 780.5
0.13669 780.5
0.13670 780.5
0.13671 780.5
0.13672 780.5
0.13673 780.5
0.13674 780.5
0.13675 780.5
0.13676 780.5
0.13677 780.5
0.13678 780.5
0.13679 780.5
0.13680 780.5
0.13681 780.5
0.13682 780.5
0.13683 780.5
0.13684 780.5
0.13685 780.5
0.13686 780.5
0.13687 780.5
0.13688 780.5
0.13689 780.5
0.13690 780.5
0.13691 780.5
0.13692 780.5
0.13693 780.5
0.13694 780.5
0.13695 780.5
0.13696 780.5
0.13697 780.5
0.13698 780.5
0.13699 780.5
0.13700 780.5
0.13701 780.5
0.13702 780.5
0.13703 780.5
0.13704 780.5
0.13705 780.5
0.13706 780.5
0.13707 780.5
0.13708 780.5
0.13709 780.5
0.13710 780.5
0.13711 780.5
0.13712 780.5
0.13713 780.5
0.13714 780.5
0.13715 780.5
0.13716 780.5
0.13717 780.5
0.13718 780.5
0.13719 780.5
0.13720 780.5
0.13721 780.5
0.13722 780.5
0.13723 780.5
0.13724 780.5
0.13725 780.5
0.13726 780.5
0.13727 780.5
0.13728 780.5
0.13729 780.5
0.13730 780.5
0.13731 780.5
0.13732 780.5
0.13733 780.5
0.13734 780.5
0.13735 780.5
0.13736 780.5
0.13737 780.5
0.13738 780.5
0.13739 780.5
0.13740 780.5
0.13741 780.5
0.13742 780.5
0.13743 780.5
0.13744 780.5
0.13745 780.5
0.13746 780.5
0.13747 780.5
0.13748 780.5
0.13749 780.5
0.13750 780.5
0.13751 780.5
0.13752 780.5
0.13753 780.5
0.13754 780.5
0.13755 780.5
0.13756 780.5
0.13757 780.5
0.13758 780.5
0.13759 780.5
0.13760 780.5
0.13761 780.5
0.13762 780.5
0.13763 780.5
0.13764 780.5
0.13765 780.5
0.13766 780.5
0.13767 780.5
0.13768 780.5
0.13769 780.5
0.13770 780.5
0.13771 780.5
0.13772 780.5
0.13773 780.5
0.13774 780.5
0.13775 780.5
0.13776 780.5
0.13777 780.5
0.13778 780.5
0.13779 780.5
0.13780 780.5
0.13781 780.5
0.13782 780.5
0.13783 780.5
0.13784 780.5
0.13785 780.5
0.13786 780.5
0.13787 780.5
0.13788 780.5
0.13789 780.5
0.13790 780.5
0.13791 780.5
0.13792 780.5
0.13793 780.5
0.13794 780.5
0.13795 780.5
0.13796 780.5
0.13797 780.5
0.13798 780.5
0.13799 780.5
0.13800 780.5
0.13801 780.5
0.13802 780.5
0.13803 780.5
0.13804 780.5
0.13805 780.5
0.13806 780.5
0.13807 780.5
0.13808 780.5
0.13809 780.5
0.13810 780.5
0.13811 780.5
0.13812 780.5
0.13813 780.5
0.13814 780.5
0.13815 780.5
0.13816 780.5
0.13817 780.5
0.13818 780.5
0.13819 780.5
0.13820 780.5
0.13821 780.5
0.13822 780.5
0.13823 780.5
0.13824 780.5
0.13825 780.5
0.13826 780.5
0.13827 780.5
0.13828 780.5
0.13829 780.5
0.13830 780.5
0.13831 780.5
0.13832 780.5
0.13833 780.5
0.13834 780.5
0.13835 780.5
0.13836 780.5
0.13837 780.5
0.13838 780.5
0.13839 780.5
0.13840 780.5
0.13841 780.5
0.13842 780.5
0.13843 780.5
0.13844 780.5
0.13845 780.5
0.13846 780.5
0.13847 780.5
0.13848 780.5
0.13849 780.5
0.13850 780.5
0.13851 780.5
0.13852 780.5
0.13853 780.5
0.13854 780.5
0.13855 780.5
0.13856 780.5
0.13857 780.5
0.13858 780.5
0.13859 780.5
0.13860 780.5
0.13861 780.5
0.13862 780.5
0.13863 780.5
0.13864 780.5
0.13865 780.5
0.13866 780.5
0.13867 780.5
0.13868 780.5
0.13869 780.5
0.13870 780.5
0.13871 780.5
0.13872 780.5
0.13873 780.5
0.13874 780.5
0.13875 780.5
0.13876 780.5
0.13877 780.5
0.13878 780.5
0.13879 780.5
0.13880 780.5
0.13881 780.5
0.13882 780.5
0.13883 780.5
0.13884 780.5
0.13885 780.5
0.13886 780.5
0.13887 780.5
0.13888 780.5
0.13889 780.5
0.13890 780.5
0.13891 780.5
0.13892 780.5
0.13893 780.5
0.13894 780.5
0.13895 780.5
0.13896 780.5
0.13897 780.5
0.13898 780.5
0.13899 780.5
0.13900 780.5
0.13901 780.5
0.13902 780.5
0.13903 780.5
0.13904 780.5
0.13905 780.5
0.13906 780.5
0.13907 780.5
0.13908 780.5
0.13909 780.5
0.13910 780.5
0.13911 780.5
0.13912 780.5
0.13913 780.5
0.13914 780.5
0.13915 780.5
0.13916 780.5
0.13917 780.5
0.13918 780.5
0.13919 780.5
0.13920 780.5
0.13921 780.5
0.13922 780.5
0.13923 780.5
0.13924 780.5
0.13925 780.5
0.13926 780.5
0.13927 780.5
0.13928 780.5
0.13929 780.5
0.13930 780.5
0.13931 780.5
0.13932 780.5
0.13933 780.5
0.13934 780.5
0.13935 780.5
0.13936 780.5
0.13937 780.5
0.13938 780.5
0.13939 780.5
0.13940 780.5
0.13941 780.5
0.13942 780.5
0.13943 780.5
0.13944 780.5
0.13945 780.5
0.13946 780.5
0.13947 780.5
0.13948 780.5
0.13949 780.5
0.13950 780.5
0.13951 780.5
0.13952 780.5
0.13953 780.5
0.13954 780.5
0.13955 780.5
0.13956 780.5
0.13957 780.5
0.13958 780.5
0.13959 780.5
0.13960 780.5
0.13961 780.5
0.13962 780.5
0.13963 780.5
0.13964 780.5
0.13965 780.5
0.13966 780.5
0.13967 780.5
0.13968 780.5
0.13969 780.5
0.13970 780.5
0.13971 780.5
0.13972 780.5
0.13973 780.5
0.13974 780.5
0.13975 780.5
0.13976 780.5
0.13977 780.5
0.13978 780.5
0.13979 780.5
0.13980 780.5
0.13981 780.5
0.13982 780.5
0.13983 780.5
0.13984 780.5
0.13985 780.5
0.13986 780.5
0.13987 780.5
0.13988 780.5
0.13989 780.5
0.13990 780.5
0.13991 780.5
0.13992 780.5
0.13993 780.5
0.13994 780.5
0.13995 780.5
0.13996 780.5
0.13997 780.5
0.13998 780.5
0.13999 780.5
0.14000 780.5
0.14001 780.5
0.14002 780.5
0.14003 780.5
0.14004 780.5
0.14005 780.5
0.14006 780.5
0.14007 780.5
0.14008 780.5
0.14009 780.5
0.14010 780.5
0.14011 780.5
0.14012 780.5
0.14013 780.5
0.14014 780.5
0.14015 780.5
0.14016 780.5
0.14017 780.5
0.14018 780.5
0.14019 780.5
0.14020 780.5
0.14021 780.5
0.14022 780.5
0.14023 780.5
0.14024 780.5
0.14025 780.5
0.14026 780.5
0.14027 780.5
0.14028 780.5
0.14029 780.5
0.14030 780.5
0.14031 780.5
0.14032 780.5
0.14033 780.5
0.14034 780.5
0.14035 780.5
0.14036 780.5
0.14037 780.5
0.14038 780.5
0.14039 780.5
0.14040 780.5
0.14041 780.5
0.14042 780.5
0.14043 780.5
0.14044 780.5
0.14045 780.5
0.14046 780.5
0.14047 780.5
0.14048 780.5
0.14049 780.5
0.14050 780.5
0.14051 780.5
0.14052 780.5
0.14053 780.5
0.14054 780.5
0.14055 780.5
0.14056 780.5
0.14057 780.5
0.14058 780.5
0.14059 780.5
0.14060 780.5
0.14061 780.5
0.14062 780.5
0.14063 780.5
0.14064 780.5
0.14065 780.5
0.14066 780.5
0.14067 780.5
0.14068 780.5
0.14069 780.5
0.14070 780.5
0.14071 780.5
0.14072 780.5
0.14073 780.5
0.14074 780.5
0.14075 780.5
0.14076 780.5
0.14077 780.5
0.14078 780.5
0.14079 780.5
0.14080 780.5
0.14081 780.5
0.14082 780.5
0.14083 780.5
0.14084 780.5
0.14085 780.5
0.14086 780.5
0.14087 780.5
0.14088 780.5
0.14089 780.5
0.14090 780.5
0.14091 780.5
0.14092 780.5
0.14093 780.5
0.14094 780.5
0.14095 780.5
0.14096 780.5
0.14097 780.5
0.14098 780.5
0.14099 780.5
0.14100 780.5
0.14101 780.5
0.14102 780.5
0.14103 780.5
0.14104 780.5
0.14105 780.5
0.14106 780.5
0.14107 780.5
0.14108 780.5
0.14109 780.5
0.14110 780.5
0.14111 780.5
0.14112 780.5
0.14113 780.5
0.14114 780.5
0.14115 780.5
0.14116 780.5
0.14117 780.5
0.14118 780.5
0.14119 780.5
0.14120 780.5
0.14121 780.5
0.14122 780.5
0.14123 780.5
0.14124 780.5
0.14125 780.5
0.14126 780.5
0.14127 780.5
0.14128 780.5
0.14129 780.5
0.14130 780.5
0.14131 780.5
0.14132 780.5
0.14133 780.5
0.14134 780.5
0.14135 780.5
0.14136 780.5
0.14137 780.5
0.14138 780.5
0.14139 780.5
0.14140 780.5
0.14141 780.5
0.14142 780.5
0.14143 780.5
0.14144 780.5
0.14145 780.5
0.14146 780.5
0.14147 780.5
0.14148 780.5
0.14149 780.5
0.14150 780.5
0.14151 780.5
0.14152 780.5
0.14153 780.5
0.14154 780.5
0.14155 780.5
0.14156 780.5
0.14157 780.5
0.14158 780.5
0.14159 780.5
0.14160 780.5
0.14161 780.5
0.14162 780.5
0.14163 780.5
0.14164 780.5
0.14165 780.5
0.14166 780.5
0.14167 780.5
0.14168 780.5
0.14169 780.5
0.14170 780.5
0.14171 780.5
0.14172 780.5
0.14173 780.5
0.14174 780.5
0.14175 780.5
0.14176 780.5
0.14177 780.5
0.14178 780.5
0.14179 780.5
0.14180 780.5
0.14181 780.5
0.14182 780.5
0.14183 780.5
0.14184 780.5
0.14185 780.5
0.14186 780.5
0.14187 780.5
0.14188 780.5
0.14189 780.5
0.14190 780.5
0.14191 780.5
0.14192 780.5
0.14193 780.5
0.14194 780.5
0.14195 780.5
0.14196 780.5
0.14197 780.5
0.14198 780.5
0.14199 780.5
0.14200 780.5
0.14201 780.5
0.14202 780.5
0.14203 780.5
0.14204 780.5
0.14205 780.5
0.14206 780.5
0.14207 780.5
0.14208 780.5
0.14209 780.5
0.14210 780.5
0.14211 780.5
0.14212 780.5
0.14213 780.5
0.14214 780.5
0.14215 780.5
0.14216 780.5
0.14217 780.5
0.14218 780.5
0.14219 780.5
0.14220 780.5
0.14221 780.5
0.14222 780.5
0.14223 780.5
0.14224 780.5
0.14225 780.5
0.14226 780.5
0.14227 780.5
0.14228 780.5
0.14229 780.5
0.14230 780.5
0.14231 780.5
0.14232 780.5
0.14233 780.5
0.14234 780.5
0.14235 780.5
0.14236 780.5
0.14237 780.5
0.14238 780.5
0.14239 780.5
0.14240 780.5
0.14241 780.5
0.14242 780.5
0.14243 780.5
0.14244 780.5
0.14245 780.5
0.14246 780.5
0.14247 780.5
0.14248 780.5
0.14249 780.5
0.14250 780.5
0.14251 780.5
0.14252 780.5
0.14253 780.5
0.14254 780.5
0.14255 780.5
0.14256 780.5
0.14257 780.5
0.14258 780.5
0.14259 780.5
0.14260 780.5
0.14261 780.5
0.14262 780.5
0.14263 780.5
0.14264 780.5
0.14265 780.5
0.14266 780.5
0.14267 780.5
0.14268 780.5
0.14269 780.5
0.14270 780.5
0.14271 780.5
0.14272 780.5
0.14273 780.5
0.14274 780.5
0.14275 780.5
0.14276 780.5
0.14277 780.5
0.14278 780.5
0.14279 780.5
0.14280 780.5
0.14281 780.5
0.14282 780.5
0.14283 780.5
0.14284 780.5
0.14285 780.5
0.14286 780.5
0.14287 780.5
0.14288 780.5
0.14289 780.5
0.14290 780.5
0.14291 780.5
0.14292 780.5
0.14293 780.5
0.14294 780.5
0.14295 780.5
0.14296 780.5
0.14297 780.5
0.14298 780.5
0.14299 780.5
0.14300 780.5
0.14301 780.5
0.14302 780.5
0.14303 780.5
0.14304 780.5
0.14305 780.5
0.14306 780.5
0.14307 780.5
0.14308 780.5
0.14309 780.5
0.14310 780.5
0.14311 780.5
0.14312 780.5
0.14313 780.5
0.14314 780.5
0.14315 780.5
0.14316 780.5
0.14317 780.5
0.14318 780.5
0.14319 780.5
0.14320 780.5
0.14321 780.5
0.14322 780.5
0.14323 780.5
0.14324 780.5
0.14325 780.5
0.14326 780.5
0.14327 780.5
0.14328 780.5
0.14329 780.5
0.14330 780.5
0.14331 780.5
0.14332 780.5
0.14333 780.5
0.14334 780.5
0.14335 780.5
0.14336 780.5
0.14337 780.5
0.14338 780.5
0.14339 780.5
0.14340 780.5
0.14341 780.5
0.14342 780.5
0.14343 780.5
0.14344 780.5
0.14345 780.5
0.14346 780.5
0.14347 780.5
0.14348 780.5
0.14349 780.5
0.14350 780.5
0.14351 780.5
0.14352 780.5
0.14353 780.5
0.14354 780.5
0.14355 780.5
0.14356 780.5
0.14357 780.5
0.14358 780.5
0.14359 780.5
0.14360 780.5
0.14361 780.5
0.14362 780.5
0.14363 780.5
0.14364 780.5
0.14365 780.5
0.14366 780.5
0.14367 780.5
0.14368 780.5
0.14369 780.5
0.14370 780.5
0.14371 780.5
0.14372 780.5
0.14373 780.5
0.14374 780.5
0.14375 780.5
0.14376 780.5
0.14377 780.5
0.14378 780.5
0.14379 780.5
0.14380 780.5
0.14381 780.5
0.14382 780.5
0.14383 780.5
0.14384 780.5
0.14385 780.5
0.14386 780.5
0.14387 780.5
0.14388 780.5
0.14389 780.5
0.14390 780.5
0.14391 780.5
0.14392 780.5
0.14393 780.5
0.14394 780.5
0.14395 780.5
0.14396 780.5
0.14397 780.5
0.14398 780.5
0.14399 780.5
0.14400 780.5
0.14401 780.5
0.14402 780.5
0.14403 780.5
0.14404 780.5
0.14405 780.5
0.14406 780.5
0.14407 780.5
0.14408 780.5
0.14409 780.5
0.14410 780.5
0.14411 780.5
0.14412 780.5
0.14413 780.5
0.14414 780.5
0.14415 780.5
0.14416 780.5
0.14417 780.5
0.14418 780.5
0.14419 780.5
0.14420 780.5
0.14421 780.5
0.14422 780.5
0.14423 780.5
0.14424 780.5
0.14425 780.5
0.14426 780.5
0.14427 780.5
0.14428 780.5
0.14429 780.5
0.14430 780.5
0.14431 780.5
0.14432 780.5
0.14433 780.5
0.14434 780.5
0.14435 780.5
0.14436 780.5
0.14437 780.5
0.14438 780.5
0.14439 780.5
0.14440 780.5
0.14441 780.5
0.14442 780.5
0.14443 780.5
0.14444 780.5
0.14445 780.5
0.14446 780.5
0.14447 780.5
0.14448 780.5
0.14449 780.5
0.14450 780.5
0.14451 780.5
0.14452 780.5
0.14453 780.5
0.14454 780.5
0.14455 780.5
0.14456 780.5
0.14457 780.5
0.14458 780.5
0.14459 780.5
0.14460 780.5
0.14461 780.5
0.14462 780.5
0.14463 780.5
0.14464 780.5
0.14465 780.5
0.14466 780.5
0.14467 780.5
0.14468 780.5
0.14469 780.5
0.14470 780.5
0.14471 780.5
0.14472 780.5
0.14473 780.5
0.14474 780.5
0.14475 780.5
0.14476 780.5
0.14477 780.5
0.14478 780.5
0.14479 780.5
0.14480 780.5
0.14481 780.5
0.14482 780.5
0.14483 780.5
0.14484 780.5
0.14485 780.5
0.14486 780.5
0.14487 780.5
0.14488 780.5
0.14489 780.5
0.14490 780.5
0.14491 780.5
0.14492 780.5
0.14493 780.5
0.14494 780.5
0.14495 780.5
0.14496 780.5
0.14497 780.5
0.14498 780.5
0.14499 780.5
0.14500 780.5
0.14501 780.5
0.14502 780.5
0.14503 780.5
0.14504 780.5
0.14505 780.5
0.14506 780.5
0.14507 780.5
0.14508 780.5
0.14509 780.5
0.14510 780.5
0.14511 780.5
0.14512 780.5
0.14513 780.5
0.14514 780.5
0.14515 780.5
0.14516 780.5
0.14517 780.5
0.14518 780.5
0.14519 780.5
0.14520 780.5
0.14521 780.5
0.14522 780.5
0.14523 780.5
0.14524 780.5
0.14525 780.5
0.14526 780.5
0.14527 780.5
0.14528 780.5
0.14529 780.5
0.14530 780.5
0.14531 780.5
0.14532 780.5
0.14533 780.5
0.14534 780.5
0.14535 780.5
0.14536 780.5
0.14537 780.5
0.14538 780.5
0.14539 780.5
0.14540 780.5
0.14541 780.5
0.14542 780.5
0.14543 780.5
0.14544 780.5
0.14545 780.5
0.14546 780.5
0.14547 780.5
0.14548 780.5
0.14549 780.5
0.14550 780.5
0.14551 780.5
0.14552 780.5
0.14553 780.5
0.14554 780.5
0.14555 780.5
0.14556 780.5
0.14557 780.5
0.14558 780.5
0.14559 780.5
0.14560 780.5
0.14561 780.5
0.14562 780.5
0.14563 780.5
0.14564 780.5
0.14565 780.5
0.14566 780.5
0.14567 780.5
0.14568 780.5
0.14569 780.5
0.14570 780.5
0.14571 780.5
0.14572 780.5
0.14573 780.5
0.14574 780.5
0.14575 780.5
0.14576 780.5
0.14577 780.5
0.14578 780.5
0.14579 780.5
0.14580 780.5
0.14581 780.5
0.14582 780.5
0.14583 780.5
0.14584 780.5
0.14585 780.5
0.14586 780.5
0.14587 780.5
0.14588 780.5
0.14589 780.5
0.14590 780.5
0.14591 780.5
0.14592 780.5
0.14593 780.5
0.14594 780.5
0.14595 780.5
0.14596 780.5
0.14597 780.5
0.14598 780.5
0.14599 780.5
0.14600 780.5
0.14601 780.5
0.14602 780.5
0.14603 780.5
0.14604 780.5
0.14605 780.5
0.14606 780.5
0.14607 780.5
0.14608 780.5
0.14609 780.5
0.14610 780.5
0.14611 780.5
0.14612 780.5
0.14613 780.5
0.14614 780.5
0.14615 780.5
0.14616 780.5
0.14617 780.5
0.14618 780.5
0.14619 780.5
0.14620 780.5
0.14621 780.5
0.14622 780.5
0.14623 780.5
0.14624 780.5
0.14625 780.5
0.14626 780.5
0.14627 780.5
0.14628 780.5
0.14629 780.5
0.14630 780.5
0.14631 780.5
0.14632 780.5
0.14633 780.5
0.14634 780.5
0.14635 780.5
0.14636 780.5
0.14637 780.5
0.14638 780.5
0.14639 780.5
0.14640 780.5
0.14641 780.5
0.14642 780.5
0.14643 780.5
0.14644 780.5
0.14645 780.5
0.14646 780.5
0.14647 780.5
0.14648 780.5
0.14649 780.5
0.14650 780.5
0.14651 780.5
0.14652 780.5
0.14653 780.5
0.14654 780.5
0.14655 780.5
0.14656 780.5
0.14657 780.5
0.14658 780.5
0.14659 780.5
0.14660 780.5
0.14661 780.5
0.14662 780.5
0.14663 780.5
0.14664 780.5
0.14665 780.5
0.14666 780.5
0.14667 780.5
0.14668 780.5
0.14669 780.5
0.14670 780.5
0.14671 780.5
0.14672 780.5
0.14673 780.5
0.14674 780.5
0.14675 780.5
0.14676 780.5
0.14677 780.5
0.14678 780.5
0.14679 780.5
0.14680 780.5
0.14681 780.5
0.14682 780.5
0.14683 780.5
0.14684 780.5
0.14685 780.5
0.14686 780.5
0.14687 780.5
0.14688 780.5
0.14689 780.5
0.14690 780.5
0.14691 780.5
0.14692 780.5
0.14693 780.5
0.14694 780.5
0.14695 780.5
0.14696 780.5
0.14697 780.5
0.14698 780.5
0.14699 780.5
0.14700 780.5
0.14701 780.5
0.14702 780.5
0.14703 780.5
0.14704 780.5
0.14705 780.5
0.14706 780.5
0.14707 780.5
0.14708 780.5
0.14709 780.5
0.14710 780.5
0.14711 780.5
0.14712 780.5
0.14713 780.5
0.14714 780.5
0.14715 780.5
0.14716 780.5
0.14717 780.5
0.14718 780.5
0.14719 780.5
0.14720 780.5
0.14721 780.5
0.14722 780.5
0.14723 780.5
0.14724 780.5
0.14725 780.5
0.14726 780.5
0.14727 780.5
0.14728 780.5
0.14729 780.5
0.14730 780.5
0.14731 780.5
0.14732 780.5
0.14733 780.5
0.14734 780.5
0.14735 780.5
0.14736 780.5
0.14737 780.5
0.14738 780.5
0.14739 780.5
0.14740 780.5
0.14741 780.5
0.14742 780.5
0.14743 780.5
0.14744 780.5
0.14745 780.5
0.14746 780.5
0.14747 780.5
0.14748 780.5
0.14749 780.5
0.14750 780.5
0.14751 780.5
0.14752 780.5
0.14753 780.5
0.14754 780.5
0.14755 780.5
0.14756 780.5
0.14757 780.5
0.14758 780.5
0.14759 780.5
0.14760 780.5
0.14761 780.5
0.14762 780.5
0.14763 780.5
0.14764 780.5
0.14765 780.5
0.14766 780.5
0.14767 780.5
0.14768 780.5
0.14769 780.5
0.14770 780.5
0.14771 780.5
0.14772 780.5
0.14773 780.5
0.14774 780.5
0.14775 780.5
0.14776 780.5
0.14777 780.5
0.14778 780.5
0.14779 780.5
0.14780 780.5
0.14781 780.5
0.14782 780.5
0.14783 780.5
0.14784 780.5
0.14785 780.5
0.14786 780.5
0.14787 780.5
0.14788 780.5
0.14789 780.5
0.14790 780.5
0.14791 780.5
0.14792 780.5
0.14793 780.5
0.14794 780.5
0.14795 780.5
0.14796 780.5
0.14797 780.5
0.14798 780.5
0.14799 780.5
0.14800 780.5
0.14801 780.5
0.14802 780.5
0.14803 780.5
0.14804 780.5
0.14805 780.5
0.14806 780.5
0.14807 780.5
0.14808 780.5
0.14809 780.5
0.14810 780.5
0.14811 780.5
0.14812 780.5
0.14813 780.5
0.14814 780.5
0.14815 780.5
0.14816 780.5
0.14817 780.5
0.14818 780.5
0.14819 780.5
0.14820 780.5
0.14821 780.5
0.14822 780.5
0.14823 780.5
0.14824 780.5
0.14825 780.5
0.14826 780.5
0.14827 780.5
0.14828 780.5
0.14829 780.5
0.14830 780.5
0.14831 780.5
0.14832 780.5
0.14833 780.5
0.14834 780.5
0.14835 780.5
0.14836 780.5
0.14837 780.5
0.14838 780.5
0.14839 780.5
0.14840 780.5
0.14841 780.5
0.14842 780.5
0.14843 780.5
0.14844 780.5
0.14845 780.5
0.14846 780.5
0.14847 780.5
0.14848 780.5
0.14849 780.5
0.14850 780.5
0.14851 780.5
0.14852 780.5
0.14853 780.5
0.14854 780.5
0.14855 780.5
0.14856 780.5
0.14857 780.5
0.14858 780.5
0.14859 780.5
0.14860 780.5
0.14861 780.5
0.14862 780.5
0.14863 780.5
0.14864 780.5
0.14865 780.5
0.14866 780.5
0.14867 780.5
0.14868 780.5
0.14869 780.5
0.14870 780.5
0.14871 780.5
0.14872 780.5
0.14873 780.5
0.14874 780.5
0.14875 780.5
0.14876 780.5
0.14877 780.5
0.14878 780.5
0.14879 780.5
0.14880 780.5
0.14881 780.5
0.14882 780.5
0.14883 780.5
0.14884 780.5
0.14885 780.5
0.14886 780.5
0.14887 780.5
0.14888 780.5
0.14889 780.5
0.14890 780.5
0.14891 780.5
0.14892 780.5
0.14893 780.5
0.14894 780.5
0.14895 780.5
0.14896 780.5
0.14897 780.5
0.14898 780.5
0.14899 780.5
0.14900 780.5
0.14901 780.5
0.14902 780.5
0.14903 780.5
0.14904 780.5
0.14905 780.5
0.14906 780.5
0.14907 780.5
0.14908 780.5
0.14909 780.5
0.14910 780.5
0.14911 780.5
0.14912 780.5
0.14913 780.5
0.14914 780.5
0.14915 780.5
0.14916 780.5
0.14917 780.5
0.14918 780.5
0.14919 780.5
0.14920 780.5
0.14921 780.5
0.14922 780.5
0.14923 780.5
0.14924 780.5
0.14925 780.5
0.14926 780.5
0.14927 780.5
0.14928 780.5
0.14929 780.5
0.14930 780.5
0.14931 780.5
0.14932 780.5
0.14933 780.5
0.14934 780.5
0.14935 780.5
0.14936 780.5
0.14937 780.5
0.14938 780.5
0.14939 780.5
0.14940 780.5
0.14941 780.5
0.14942 780.5
0.14943 780.5
0.14944 780.5
0.14945 780.5
0.14946 780.5
0.14947 780.5
0.14948 780.5
0.14949 780.5
0.14950 780.5
0.14951 780.5
0.14952 780.5
0.14953 780.5
0.14954 780.5
0.14955 780.5
0.14956 780.5
0.14957 780.5
0.14958 780.5
0.14959 780.5
0.14960 780.5
0.14961 780.5
0.14962 780.5
0.14963 780.5
0.14964 780.5
0.14965 780.5
0.14966 780.5
0.14967 780.5
0.14968 780.5
0.14969 780.5
0.14970 780.5
0.14971 780.5
0.14972 780.5
0.14973 780.5
0.14974 780.5
0.14975 780.5
0.14976 780.5
0.14977 780.5
0.14978 780.5
0.14979 780.5
0.14980 780.5
0.14981 780.5
0.14982 780.5
0.14983 780.5
0.14984 780.5
0.14985 780.5
0.14986 780.5
0.14987 780.5
0.14988 780.5
0.14989 780.5
0.14990 780.5
0.14991 780.5
0.14992 780.5
0.14993 780.5
0.14994 780.5
0.14995 780.5
0.14996 780.5
0.14997 780.5
0.14998 780.5
0.14999 780.5
0.15000 780.5
0.15001 780.5
0.15002 780.5
0.15003 780.5
0.15004 780.5
0.15005 780.5
0.15006 780.5
0.15007 780.5
0.15008 780.5
0.15009 780.5
0.15010 780.5
0.15011 780.5
0.15012 780.5
0.15013 780.5
0.15014 780.5
0.15015 780.5
0.15016 780.5
0.15017 780.5
0.15018 780.5
0.15019 780.5
0.15020 780.5
0.15021 780.5
0.15022 780.5
0.15023 780.5
0.15024 780.5
0.15025 780.5
0.15026 780.5
0.15027 780.5
0.15028 780.5
0.15029 780.5
0.15030 780.5
0.15031 780.5
0.15032 780.5
0.15033 780.5
0.15034 780.5
0.15035 780.5
0.15036 780.5
0.15037 780.5
0.15038 780.5
0.15039 780.5
0.15040 780.5
0.15041 780.5
0.15042 780.5
0.15043 780.5
0.15044 780.5
0.15045 780.5
0.15046 780.5
0.15047 780.5
0.15048 780.5
0.15049 780.5
0.15050 780.5
0.15051 780.5
0.15052 780.5
0.15053 780.5
0.15054 780.5
0.15055 780.5
0.15056 780.5
0.15057 780.5
0.15058 780.5
0.15059 780.5
0.15060 780.5
0.15061 780.5
0.15062 780.5
0.15063 780.5
0.15064 780.5
0.15065 780.5
0.15066 780.5
0.15067 780.5
0.15068 780.5
0.15069 780.5
0.15070 780.5
0.15071 780.5
0.15072 780.5
0.15073 780.5
0.15074 780.5
0.15075 780.5
0.15076 780.5
0.15077 780.5
0.15078 780.5
0.15079 780.5
0.15080 780.5
0.15081 780.5
0.15082 780.5
0.15083 780.5
0.15084 780.5
0.15085 780.5
0.15086 780.5
0.15087 780.5
0.15088 780.5
0.15089 780.5
0.15090 780.5
0.15091 780.5
0.15092 780.5
0.15093 780.5
0.15094 780.5
0.15095 780.5
0.15096 780.5
0.15097 780.5
0.15098 780.5
0.15099 780.5
0.15100 780.5
0.15101 780.5
0.15102 780.5
0.15103 780.5
0.15104 780.5
0.15105 780.5
0.15106 780.5
0.15107 780.5
0.15108 780.5
0.15109 780.5
0.15110 780.5
0.15111 780.5
0.15112 780.5
0.15113 780.5
0.15114 780.5
0.15115 780.5
0.15116 780.5
0.15117 780.5
0.15118 780.5
0.15119 780.5
0.15120 780.5
0.15121 780.5
0.15122 780.5
0.15123 780.5
0.15124 780.5
0.15125 780.5
0.15126 780.5
0.15127 780.5
0.15128 780.5
0.15129 780.5
0.15130 780.5
0.15131 780.5
0.15132 780.5
0.15133 780.5
0.15134 780.5
0.15135 780.5
0.15136 780.5
0.15137 780.5
0.15138 780.5
0.15139 780.5
0.15140 780.5
0.15141 780.5
0.15142 780.5
0.15143 780.5
0.15144 780.5
0.15145 780.5
0.15146 780.5
0.15147 780.5
0.15148 780.5
0.15149 780.5
0.15150 780.5
0.15151 780.5
0.15152 780.5
0.15153 780.5
0.15154 780.5
0.15155 780.5
0.15156 780.5
0.15157 780.5
0.15158 780.5
0.15159 780.5
0.15160 780.5
0.15161 780.5
0.15162 780.5
0.15163 780.5
0.15164 780.5
0.15165 780.5
0.15166 780.5
0.15167 780.5
0.15168 780.5
0.15169 780.5
0.15170 780.5
0.15171 780.5
0.15172 780.5
0.15173 780.5
0.15174 780.5
0.15175 780.5
0.15176 780.5
0.15177 780.5
0.15178 780.5
0.15179 780.5
0.15180 780.5
0.15181 780.5
0.15182 780.5
0.15183 780.5
0.15184 780.5
0.15185 780.5
0.15186 780.5
0.15187 780.5
0.15188 780.5
0.15189 780.5
0.15190 780.5
0.15191 780.5
0.15192 780.5
0.15193 780.5
0.15194 780.5
0.15195 780.5
0.15196 780.5
0.15197 780.5
0.15198 780.5
0.15199 780.5
0.15200 780.5
0.15201 780.5
0.15202 780.5
0.15203 780.5
0.15204 780.5
0.15205 780.5
0.15206 780.5
0.15207 780.5
0.15208 780.5
0.15209 780.5
0.15210 780.5
0.15211 780.5
0.15212 780.5
0.15213 780.5
0.15214 780.5
0.15215 780.5
0.15216 780.5
0.15217 780.5
0.15218 780.5
0.15219 780.5
0.15220 780.5
0.15221 780.5
0.15222 780.5
0.15223 780.5
0.15224 780.5
0.15225 780.5
0.15226 780.5
0.15227 780.5
0.15228 780.5
0.15229 780.5
0.15230 780.5
0.15231 780.5
0.15232 780.5
0.15233 780.5
0.15234 780.5
0.15235 780.5
0.15236 780.5
0.15237 780.5
0.15238 780.5
0.15239 780.5
0.15240 780.5
0.15241 780.5
0.15242 780.5
0.15243 780.5
0.15244 780.5
0.15245 780.5
0.15246 780.5
0.15247 780.5
0.15248 780.5
0.15249 780.5
0.15250 780.5
0.15251 780.5
0.15252 780.5
0.15253 780.5
0.15254 780.5
0.15255 780.5
0.15256 780.5
0.15257 780.5
0.15258 780.5
0.15259 780.5
0.15260 780.5
0.15261 780.5
0.15262 780.5
0.15263 780.5
0.15264 780.5
0.15265 780.5
0.15266 780.5
0.15267 780.5
0.15268 780.5
0.15269 780.5
0.15270 780.5
0.15271 780.5
0.15272 780.5
0.15273 780.5
0.15274 780.5
0.15275 780.5
0.15276 780.5
0.15277 780.5
0.15278 780.5
0.15279 780.5
0.15280 780.5
0.15281 780.5
0.15282 780.5
0.15283 780.5
0.15284 780.5
0.15285 780.5
0.15286 780.5
0.15287 780.5
0.15288 780.5
0.15289 780.5
0.15290 780.5
0.15291 780.5
0.15292 780.5
0.15293 780.5
0.15294 780.5
0.15295 780.5
0.15296 780.5
0.15297 780.5
0.15298 780.5
0.15299 780.5
0.15300 780.5
0.15301 780.5
0.15302 780.5
0.15303 780.5
0.15304 780.5
0.15305 780.5
0.15306 780.5
0.15307 780.5
0.15308 780.5
0.15309 780.5
0.15310 780.5
0.15311 780.5
0.15312 780.5
0.15313 780.5
0.15314 780.5
0.15315 780.5
0.15316 780.5
0.15317 780.5
0.15318 780.5
0.15319 780.5
0.15320 780.5
0.15321 780.5
0.15322 780.5
0.15323 780.5
0.15324 780.5
0.15325 780.5
0.15326 780.5
0.15327 780.5
0.15328 780.5
0.15329 780.5
0.15330 780.5
0.15331 780.5
0.15332 780.5
0.15333 780.5
0.15334 780.5
0.15335 780.5
0.15336 780.5
0.15337 780.5
0.15338 780.5
0.15339 780.5
0.15340 780.5
0.15341 780.5
0.15342 780.5
0.15343 780.5
0.15344 780.5
0.15345 780.5
0.15346 780.5
0.15347 780.5
0.15348 780.5
0.15349 780.5
0.15350 780.5
0.15351 780.5
0.15352 780.5
0.15353 780.5
0.15354 780.5
0.15355 780.5
0.15356 780.5
0.15357 780.5
0.15358 780.5
0.15359 780.5
0.15360 780.5
0.15361 780.5
0.15362 780.5
0.15363 780.5
0.15364 780.5
0.15365 780.5
0.15366 780.5
0.15367 780.5
0.15368 780.5
0.15369 780.5
0.15370 780.5
0.15371 780.5
0.15372 780.5
0.15373 780.5
0.15374 780.5
0.15375 780.5
0.15376 780.5
0.15377 780.5
0.15378 780.5
0.15379 780.5
0.15380 780.5
0.15381 780.5
0.15382 780.5
0.15383 780.5
0.15384 780.5
0.15385 780.5
0.15386 780.5
0.15387 780.5
0.15388 780.5
0.15389 780.5
0.15390 780.5
0.15391 780.5
0.15392 780.5
0.15393 780.5
0.15394 780.5
0.15395 780.5
0.15396 780.5
0.15397 780.5
0.15398 780.5
0.15399 780.5
0.15400 780.5
0.15401 780.5
0.15402 780.5
0.15403 780.5
0.15404 780.5
0.15405 780.5
0.15406 780.5
0.15407 780.5
0.15408 780.5
0.15409 780.5
0.15410 780.5
0.15411 780.5
0.15412 780.5
0.15413 780.5
0.15414 780.5
0.15415 780.5
0.15416 780.5
0.15417 780.5
0.15418 780.5
0.15419 780.5
0.15420 780.5
0.15421 780.5
0.15422 780.5
0.15423 780.5
0.15424 780.5
0.15425 780.5
0.15426 780.5
0.15427 780.5
0.15428 780.5
0.15429 780.5
0.15430 780.5
0.15431 780.5
0.15432 780.5
0.15433 780.5
0.15434 780.5
0.15435 780.5
0.15436 780.5
0.15437 780.5
0.15438 780.5
0.15439 780.5
0.15440 780.5
0.15441 780.5
0.15442 780.5
0.15443 780.5
0.15444 780.5
0.15445 780.5
0.15446 780.5
0.15447 780.5
0.15448 780.5
0.15449 780.5
0.15450 780.5
0.15451 780.5
0.15452 780.5
0.15453 780.5
0.15454 780.5
0.15455 780.5
0.15456 780.5
0.15457 780.5
0.15458 780.5
0.15459 780.5
0.15460 780.5
0.15461 780.5
0.15462 780.5
0.15463 780.5
0.15464 780.5
0.15465 780.5
0.15466 780.5
0.15467 780.5
0.15468 780.5
0.15469 780.5
0.15470 780.5
0.15471 780.5
0.15472 780.5
0.15473 780.5
0.15474 780.5
0.15475 780.5
0.15476 780.5
0.15477 780.5
0.15478 780.5
0.15479 780.5
0.15480 780.5
0.15481 780.5
0.15482 780.5
0.15483 780.5
0.15484 780.5
0.15485 780.5
0.15486 780.5
0.15487 780.5
0.15488 780.5
0.15489 780.5
0.15490 780.5
0.15491 780.5
0.15492 780.5
0.15493 780.5
0.15494 780.5
0.15495 780.5
0.15496 780.5
0.15497 780.5
0.15498 780.5
0.15499 780.5
0.15500 780.5
0.15501 780.5
0.15502 780.5
0.15503 780.5
0.15504 780.5
0.15505 780.5
0.15506 780.5
0.15507 780.5
0.15508 780.5
0.15509 780.5
0.15510 780.5
0.15511 780.5
0.15512 780.5
0.15513 780.5
0.15514 780.5
0.15515 780.5
0.15516 780.5
0.15517 780.5
0.15518 780.5
0.15519 780.5
0.15520 780.5
0.15521 780.5
0.15522 780.5
0.15523 780.5
0.15524 780.5
0.15525 780.5
0.15526 780.5
0.15527 780.5
0.15528 780.5
0.15529 780.5
0.15530 780.5
0.15531 780.5
0.15532 780.5
0.15533 780.5
0.15534 780.5
0.15535 780.5
0.15536 780.5
0.15537 780.5
0.15538 780.5
0.15539 780.5
0.15540 780.5
0.15541 780.5
0.15542 780.5
0.15543 780.5
0.15544 780.5
0.15545 780.5
0.15546 780.5
0.15547 780.5
0.15548 780.5
0.15549 780.5
0.15550 780.5
0.15551 780.5
0.15552 780.5
0.15553 780.5
0.15554 780.5
0.15555 780.5
0.15556 780.5
0.15557 780.5
0.15558 780.5
0.15559 780.5
0.15560 780.5
0.15561 780.5
0.15562 780.5
0.15563 780.5
0.15564 780.5
0.15565 780.5
0.15566 780.5
0.15567 780.5
0.15568 780.5
0.15569 780.5
0.15570 780.5
0.15571 780.5
0.15572 780.5
0.15573 780.5
0.15574 780.5
0.15575 780.5
0.15576 780.5
0.15577 780.5
0.15578 780.5
0.15579 780.5
0.15580 780.5
0.15581 780.5
0.15582 780.5
0.15583 780.5
0.15584 780.5
0.15585 780.5
0.15586 780.5
0.15587 780.5
0.15588 780.5
0.15589 780.5
0.15590 780.5
0.15591 780.5
0.15592 780.5
0.15593 780.5
0.15594 780.5
0.15595 780.5
0.15596 780.5
0.15597 780.5
0.15598 780.5
0.15599 780.5
0.15600 780.5
0.15601 780.5
0.15602 780.5
0.15603 780.5
0.15604 780.5
0.15605 780.5
0.15606 780.5
0.15607 780.5
0.15608 780.5
0.15609 780.5
0.15610 780.5
0.15611 780.5
0.15612 780.5
0.15613 780.5
0.15614 780.5
0.15615 780.5
0.15616 780.5
0.15617 780.5
0.15618 780.5
0.15619 780.5
0.15620 780.5
0.15621 780.5
0.15622 780.5
0.15623 780.5
0.15624 780.5
0.15625 780.5
0.15626 780.5
0.15627 780.5
0.15628 780.5
0.15629 780.5
0.15630 780.5
0.15631 780.5
0.15632 780.5
0.15633 780.5
0.15634 780.5
0.15635 780.5
0.15636 780.5
0.15637 780.5
0.15638 780.5
0.15639 780.5
0.15640 780.5
0.15641 780.5
0.15642 780.5
0.15643 780.5
0.15644 780.5
0.15645 780.5
0.15646 780.5
0.15647 780.5
0.15648 780.5
0.15649 780.5
0.15650 780.5
0.15651 780.5
0.15652 780.5
0.15653 780.5
0.15654 780.5
0.15655 780.5
0.15656 780.5
0.15657 780.5
0.15658 780.5
0.15659 780.5
0.15660 780.5
0.15661 780.5
0.15662 780.5
0.15663 780.5
0.15664 780.5
0.15665 780.5
0.15666 780.5
0.15667 780.5
0.15668 780.5
0.15669 780.5
0.15670 780.5
0.15671 780.5
0.15672 780.5
0.15673 780.5
0.15674 780.5
0.15675 780.5
0.15676 780.5
0.15677 780.5
0.15678 780.5
0.15679 780.5
0.15680 780.5
0.15681 780.5
0.15682 780.5
0.15683 780.5
0.15684 780.5
0.15685 780.5
0.15686 780.5
0.15687 780.5
0.15688 780.5
0.15689 780.5
0.15690 780.5
0.15691 780.5
0.15692 780.5
0.15693 780.5
0.15694 780.5
0.15695 780.5
0.15696 780.5
0.15697 780.5
0.15698 780.5
0.15699 780.5
0.15700 780.5
0.15701 780.5
0.15702 780.5
0.15703 780.5
0.15704 780.5
0.15705 780.5
0.15706 780.5
0.15707 780.5
0.15708 780.5
0.15709 780.5
0.15710 780.5
0.15711 780.5
0.15712 780.5
0.15713 780.5
0.15714 780.5
0.15715 780.5
0.15716 780.5
0.15717 780.5
0.15718 780.5
0.15719 780.5
0.15720 780.5
0.15721 780.5
0.15722 780.5
0.15723 780.5
0.15724 780.5
0.15725 780.5
0.15726 780.5
0.15727 780.5
0.15728 780.5
0.15729 780.5
0.15730 780.5
0.15731 780.5
0.15732 780.5
0.15733 780.5
0.15734 780.5
0.15735 780.5
0.15736 780.5
0.15737 780.5
0.15738 780.5
0.15739 780.5
0.15740 780.5
0.15741 780.5
0.15742 780.5
0.15743 780.5
0.15744 780.5
0.15745 780.5
0.15746 780.5
0.15747 780.5
0.15748 780.5
0.15749 780.5
0.15750 780.5
0.15751 780.5
0.15752 780.5
0.15753 780.5
0.15754 780.5
0.15755 780.5
0.15756 780.5
0.15757 780.5
0.15758 780.5
0.15759 780.5
0.15760 780.5
0.15761 780.5
0.15762 780.5
0.15763 780.5
0.15764 780.5
0.15765 780.5
0.15766 780.5
0.15767 780.5
0.15768 780.5
0.15769 780.5
0.15770 780.5
0.15771 780.5
0.15772 780.5
0.15773 780.5
0.15774 780.5
0.15775 780.5
0.15776 780.5
0.15777 780.5
0.15778 780.5
0.15779 780.5
0.15780 780.5
0.15781 780.5
0.15782 780.5
0.15783 780.5
0.15784 780.5
0.15785 780.5
0.15786 780.5
0.15787 780.5
0.15788 780.5
0.15789 780.5
0.15790 780.5
0.15791 780.5
0.15792 780.5
0.15793 780.5
0.15794 780.5
0.15795 780.5
0.15796 780.5
0.15797 780.5
0.15798 780.5
0.15799 780.5
0.15800 780.5
0.15801 780.5
0.15802 780.5
0.15803 780.5
0.15804 780.5
0.15805 780.5
0.15806 780.5
0.15807 780.5
0.15808 780.5
0.15809 780.5
0.15810 780.5
0.15811 780.5
0.15812 780.5
0.15813 780.5
0.15814 780.5
0.15815 780.5
0.15816 780.5
0.15817 780.5
0.15818 780.5
0.15819 780.5
0.15820 780.5
0.15821 780.5
0.15822 780.5
0.15823 780.5
0.15824 780.5
0.15825 780.5
0.15826 780.5
0.15827 780.5
0.15828 780.5
0.15829 780.5
0.15830 780.5
0.15831 780.5
0.15832 780.5
0.15833 780.5
0.15834 780.5
0.15835 780.5
0.15836 780.5
0.15837 780.5
0.15838 780.5
0.15839 780.5
0.15840 780.5
0.15841 780.5
0.15842 780.5
0.15843 780.5
0.15844 780.5
0.15845 780.5
0.15846 780.5
0.15847 780.5
0.15848 780.5
0.15849 780.5
0.15850 780.5
0.15851 780.5
0.15852 780.5
0.15853 780.5
0.15854 780.5
0.15855 780.5
0.15856 780.5
0.15857 780.5
0.15858 780.5
0.15859 780.5
0.15860 780.5
0.15861 780.5
0.15862 780.5
0.15863 780.5
0.15864 780.5
0.15865 780.5
0.15866 780.5
0.15867 780.5
0.15868 780.5
0.15869 780.5
0.15870 780.5
0.15871 780.5
0.15872 780.5
0.15873 780.5
0.15874 780.5
0.15875 780.5
0.15876 780.5
0.15877 780.5
0.15878 780.5
0.15879 780.5
0.15880 780.5
0.15881 780.5
0.15882 780.5
0.15883 780.5
0.15884 780.5
0.15885 780.5
0.15886 780.5
0.15887 780.5
0.15888 780.5
0.15889 780.5
0.15890 780.5
0.15891 780.5
0.15892 780.5
0.15893 780.5
0.15894 780.5
0.15895 780.5
0.15896 780.5
0.15897 780.5
0.15898 780.5
0.15899 780.5
0.15900 780.5
0.15901 780.5
0.15902 780.5
0.15903 780.5
0.15904 780.5
0.15905 780.5
0.15906 780.5
0.15907 780.5
0.15908 780.5
0.15909 780.5
0.15910 780.5
0.15911 780.5
0.15912 780.5
0.15913 780.5
0.15914 780.5
0.15915 780.5
0.15916 780.5
0.15917 780.5
0.15918 780.5
0.15919 780.5
0.15920 780.5
0.15921 780.5
0.15922 780.5
0.15923 780.5
0.15924 780.5
0.15925 780.5
0.15926 780.5
0.15927 780.5
0.15928 780.5
0.15929 780.5
0.15930 780.5
0.15931 780.5
0.15932 780.5
0.15933 780.5
0.15934 780.5
0.15935 780.5
0.15936 780.5
0.15937 780.5
0.15938 780.5
0.15939 780.5
0.15940 780.5
0.15941 780.5
0.15942 780.5
0.15943 780.5
0.15944 780.5
0.15945 780.5
0.15946 780.5
0.15947 780.5
0.15948 780.5
0.15949 780.5
0.15950 780.5
0.15951 780.5
0.15952 780.5
0.15953 780.5
0.15954 780.5
0.15955 780.5
0.15956 780.5
0.15957 780.5
0.15958 780.5
0.15959 780.5
0.15960 780.5
0.15961 780.5
0.15962 780.5
0.15963 780.5
0.15964 780.5
0.15965 780.5
0.15966 780.5
0.15967 780.5
0.15968 780.5
0.15969 780.5
0.15970 780.5
0.15971 780.5
0.15972 780.5
0.15973 780.5
0.15974 780.5
0.15975 780.5
0.15976 780.5
0.15977 780.5
0.15978 780.5
0.15979 780.5
0.15980 780.5
0.15981 780.5
0.15982 780.5
0.15983 780.5
0.15984 780.5
0.15985 780.5
0.15986 780.5
0.15987 780.5
0.15988 780.5
0.15989 780.5
0.15990 780.5
0.15991 780.5
0.15992 780.5
0.15993 780.5
0.15994 780.5
0.15995 780.5
0.15996 780.5
0.15997 780.5
0.15998 780.5
0.15999 780.5
0.16000 780.5
0.16001 780.5
0.16002 780.5
0.16003 780.5
0.16004 780.5
0.16005 780.5
0.16006 780.5
0.16007 780.5
0.16008 780.5
0.16009 780.5
0.16010 780.5
0.16011 780.5
0.16012 780.5
0.16013 780.5
0.16014 780.5
0.16015 780.5
0.16016 780.5
0.16017 780.5
0.16018 780.5
0.16019 780.5
0.16020 780.5
0.16021 780.5
0.16022 780.5
0.16023 780.5
0.16024 780.5
0.16025 780.5
0.16026 780.5
0.16027 780.5
0.16028 780.5
0.16029 780.5
0.16030 780.5
0.16031 780.5
0.16032 780.5
0.16033 780.5
0.16034 780.5
0.16035 780.5
0.16036 780.5
0.16037 780.5
0.16038 780.5
0.16039 780.5
0.16040 780.5
0.16041 780.5
0.16042 780.5
0.16043 780.5
0.16044 780.5
0.16045 780.5
0.16046 780.5
0.16047 780.5
0.16048 780.5
0.16049 780.5
0.16050 780.5
0.16051 780.5
0.16052 780.5
0.16053 780.5
0.16054 780.5
0.16055 780.5
0.16056 780.5
0.16057 780.5
0.16058 780.5
0.16059 780.5
0.16060 780.5
0.16061 780.5
0.16062 780.5
0.16063 780.5
0.16064 780.5
0.16065 780.5
0.16066 780.5
0.16067 780.5
0.16068 780.5
0.16069 780.5
0.16070 780.5
0.16071 780.5
0.16072 780.5
0.16073 780.5
0.16074 780.5
0.16075 780.5
0.16076 780.5
0.16077 780.5
0.16078 780.5
0.16079 780.5
0.16080 780.5
0.16081 780.5
0.16082 780.5
0.16083 780.5
0.16084 780.5
0.16085 780.5
0.16086 780.5
0.16087 780.5
0.16088 780.5
0.16089 780.5
0.16090 780.5
0.16091 780.5
0.16092 780.5
0.16093 780.5
0.16094 780.5
0.16095 780.5
0.16096 780.5
0.16097 780.5
0.16098 780.5
0.16099 780.5
0.16100 780.5
0.16101 780.5
0.16102 780.5
0.16103 780.5
0.16104 780.5
0.16105 780.5
0.16106 780.5
0.16107 780.5
0.16108 780.5
0.16109 780.5
0.16110 780.5
0.16111 780.5
0.16112 780.5
0.16113 780.5
0.16114 780.5
0.16115 780.5
0.16116 780.5
0.16117 780.5
0.16118 780.5
0.16119 780.5
0.16120 780.5
0.16121 780.5
0.16122 780.5
0.16123 780.5
0.16124 780.5
0.16125 780.5
0.16126 780.5
0.16127 780.5
0.16128 780.5
0.16129 780.5
0.16130 780.5
0.16131 780.5
0.16132 780.5
0.16133 780.5
0.16134 780.5
0.16135 780.5
0.16136 780.5
0.16137 780.5
0.16138 780.5
0.16139 780.5
0.16140 780.5
0.16141 780.5
0.16142 780.5
0.16143 780.5
0.16144 780.5
0.16145 780.5
0.16146 780.5
0.16147 780.5
0.16148 780.5
0.16149 780.5
0.16150 780.5
0.16151 780.5
0.16152 780.5
0.16153 780.5
0.16154 780.5
0.16155 780.5
0.16156 780.5
0.16157 780.5
0.16158 780.5
0.16159 780.5
0.16160 780.5
0.16161 780.5
0.16162 780.5
0.16163 780.5
0.16164 780.5
0.16165 780.5
0.16166 780.5
0.16167 780.5
0.16168 780.5
0.16169 780.5
0.16170 780.5
0.16171 780.5
0.16172 780.5
0.16173 780.5
0.16174 780.5
0.16175 780.5
0.16176 780.5
0.16177 780.5
0.16178 780.5
0.16179 780.5
0.16180 780.5
0.16181 780.5
0.16182 780.5
0.16183 780.5
0.16184 780.5
0.16185 780.5
0.16186 780.5
0.16187 780.5
0.16188 780.5
0.16189 780.5
0.16190 780.5
0.16191 780.5
0.16192 780.5
0.16193 780.5
0.16194 780.5
0.16195 780.5
0.16196 780.5
0.16197 780.5
0.16198 780.5
0.16199 780.5
0.16200 780.5
0.16201 780.5
0.16202 780.5
0.16203 780.5
0.16204 780.5
0.16205 780.5
0.16206 780.5
0.16207 780.5
0.16208 780.5
0.16209 780.5
0.16210 780.5
0.16211 780.5
0.16212 780.5
0.16213 780.5
0.16214 780.5
0.16215 780.5
0.16216 780.5
0.16217 780.5
0.16218 780.5
0.16219 780.5
0.16220 780.5
0.16221 780.5
0.16222 780.5
0.16223 780.5
0.16224 780.5
0.16225 780.5
0.16226 780.5
0.16227 780.5
0.16228 780.5
0.16229 780.5
0.16230 780.5
0.16231 780.5
0.16232 780.5
0.16233 780.5
0.16234 780.5
0.16235 780.5
0.16236 780.5
0.16237 780.5
0.16238 780.5
0.16239 780.5
0.16240 780.5
0.16241 780.5
0.16242 780.5
0.16243 780.5
0.16244 780.5
0.16245 780.5
0.16246 780.5
0.16247 780.5
0.16248 780.5
0.16249 780.5
0.16250 780.5
0.16251 780.5
0.16252 780.5
0.16253 780.5
0.16254 780.5
0.16255 780.5
0.16256 780.5
0.16257 780.5
0.16258 780.5
0.16259 780.5
0.16260 780.5
0.16261 780.5
0.16262 780.5
0.16263 780.5
0.16264 780.5
0.16265 780.5
0.16266 780.5
0.16267 780.5
0.16268 780.5
0.16269 780.5
0.16270 780.5
0.16271 780.5
0.16272 780.5
0.16273 780.5
0.16274 780.5
0.16275 780.5
0.16276 780.5
0.16277 780.5
0.16278 780.5
0.16279 780.5
0.16280 780.5
0.16281 780.5
0.16282 780.5
0.16283 780.5
0.16284 780.5
0.16285 780.5
0.16286 780.5
0.16287 780.5
0.16288 780.5
0.16289 780.5
0.16290 780.5
0.16291 780.5
0.16292 780.5
0.16293 780.5
0.16294 780.5
0.16295 780.5
0.16296 780.5
0.16297 780.5
0.16298 780.5
0.16299 780.5
0.16300 780.5
0.16301 780.5
0.16302 780.5
0.16303 780.5
0.16304 780.5
0.16305 780.5
0.16306 780.5
0.16307 780.5
0.16308 780.5
0.16309 780.5
0.16310 780.5
0.16311 780.5
0.16312 780.5
0.16313 780.5
0.16314 780.5
0.16315 780.5
0.16316 780.5
0.16317 780.5
0.16318 780.5
0.16319 780.5
0.16320 780.5
0.16321 780.5
0.16322 780.5
0.16323 780.5
0.16324 780.5
0.16325 780.5
0.16326 780.5
0.16327 780.5
0.16328 780.5
0.16329 780.5
0.16330 780.5
0.16331 780.5
0.16332 780.5
0.16333 780.5
0.16334 780.5
0.16335 780.5
0.16336 780.5
0.16337 780.5
0.16338 780.5
0.16339 780.5
0.16340 780.5
0.16341 780.5
0.16342 780.5
0.16343 780.5
0.16344 780.5
0.16345 780.5
0.16346 780.5
0.16347 780.5
0.16348 780.5
0.16349 780.5
0.16350 780.5
0.16351 780.5
0.16352 780.5
0.16353 780.5
0.16354 780.5
0.16355 780.5
0.16356 780.5
0.16357 780.5
0.16358 780.5
0.16359 780.5
0.16360 780.5
0.16361 780.5
0.16362 780.5
0.16363 780.5
0.16364 780.5
0.16365 780.5
0.16366 780.5
0.16367 780.5
0.16368 780.5
0.16369 780.5
0.16370 780.5
0.16371 780.5
0.16372 780.5
0.16373 780.5
0.16374 780.5
0.16375 780.5
0.16376 780.5
0.16377 780.5
0.16378 780.5
0.16379 780.5
0.16380 780.5
0.16381 780.5
0.16382 780.5
0.16383 780.5
0.16384 780.5
0.16385 780.5
0.16386 780.5
0.16387 780.5
0.16388 780.5
0.16389 780.5
0.16390 780.5
0.16391 780.5
0.16392 780.5
0.16393 780.5
0.16394 780.5
0.16395 780.5
0.16396 780.5
0.16397 780.5
0.16398 780.5
0.16399 780.5
0.16400 780.5
0.16401 780.5
0.16402 780.5
0.16403 780.5
0.16404 780.5
0.16405 780.5
0.16406 780.5
0.16407 780.5
0.16408 780.5
0.16409 780.5
0.16410 780.5
0.16411 780.5
0.16412 780.5
0.16413 780.5
0.16414 780.5
0.16415 780.5
0.16416 780.5
0.16417 780.5
0.16418 780.5
0.16419 780.5
0.16420 780.5
0.16421 780.5
0.16422 780.5
0.16423 780.5
0.16424 780.5
0.16425 780.5
0.16426 780.5
0.16427 780.5
0.16428 780.5
0.16429 780.5
0.16430 780.5
0.16431 780.5
0.16432 780.5
0.16433 780.5
0.16434 780.5
0.16435 780.5
0.16436 780.5
0.16437 780.5
0.16438 780.5
0.16439 780.5
0.16440 780.5
0.16441 780.5
0.16442 780.5
0.16443 780.5
0.16444 780.5
0.16445 780.5
0.16446 780.5
0.16447 780.5
0.16448 780.5
0.16449 780.5
0.16450 780.5
0.16451 780.5
0.16452 780.5
0.16453 780.5
0.16454 780.5
0.16455 780.5
0.16456 780.5
0.16457 780.5
0.16458 780.5
0.16459 780.5
0.16460 780.5
0.16461 780.5
0.16462 780.5
0.16463 780.5
0.16464 780.5
0.16465 780.5
0.16466 780.5
0.16467 780.5
0.16468 780.5
0.16469 780.5
0.16470 780.5
0.16471 780.5
0.16472 780.5
0.16473 780.5
0.16474 780.5
0.16475 780.5
0.16476 780.5
0.16477 780.5
0.16478 780.5
0.16479 780.5
0.16480 780.5
0.16481 780.5
0.16482 780.5
0.16483 780.5
0.16484 780.5
0.16485 780.5
0.16486 780.5
0.16487 780.5
0.16488 780.5
0.16489 780.5
0.16490 780.5
0.16491 780.5
0.16492 780.5
0.16493 780.5
0.16494 780.5
0.16495 780.5
0.16496 780.5
0.16497 780.5
0.16498 780.5
0.16499 780.5
0.16500 780.5
0.16501 780.5
0.16502 780.5
0.16503 780.5
0.16504 780.5
0.16505 780.5
0.16506 780.5
0.16507 780.5
0.16508 780.5
0.16509 780.5
0.16510 780.5
0.16511 780.5
0.16512 780.5
0.16513 780.5
0.16514 780.5
0.16515 780.5
0.16516 780.5
0.16517 780.5
0.16518 780.5
0.16519 780.5
0.16520 780.5
0.16521 780.5
0.16522 780.5
0.16523 780.5
0.16524 780.5
0.16525 780.5
0.16526 780.5
0.16527 780.5
0.16528 780.5
0.16529 780.5
0.16530 780.5
0.16531 780.5
0.16532 780.5
0.16533 780.5
0.16534 780.5
0.16535 780.5
0.16536 780.5
0.16537 780.5
0.16538 780.5
0.16539 780.5
0.16540 780.5
0.16541 780.5
0.16542 780.5
0.16543 780.5
0.16544 780.5
0.16545 780.5
0.16546 780.5
0.16547 780.5
0.16548 780.5
0.16549 780.5
0.16550 780.5
0.16551 780.5
0.16552 780.5
0.16553 780.5
0.16554 780.5
0.16555 780.5
0.16556 780.5
0.16557 780.5
0.16558 780.5
0.16559 780.5
0.16560 780.5
0.16561 780.5
0.16562 780.5
0.16563 780.5
0.16564 780.5
0.16565 780.5
0.16566 780.5
0.16567 780.5
0.16568 780.5
0.16569 780.5
0.16570 780.5
0.16571 780.5
0.16572 780.5
0.16573 780.5
0.16574 780.5
0.16575 780.5
0.16576 780.5
0.16577 780.5
0.16578 780.5
0.16579 780.5
0.16580 780.5
0.16581 780.5
0.16582 780.5
0.16583 780.5
0.16584 780.5
0.16585 780.5
0.16586 780.5
0.16587 780.5
0.16588 780.5
0.16589 780.5
0.16590 780.5
0.16591 780.5
0.16592 780.5
0.16593 780.5
0.16594 780.5
0.16595 780.5
0.16596 780.5
0.16597 780.5
0.16598 780.5
0.16599 780.5
0.16600 780.5
0.16601 780.5
0.16602 780.5
0.16603 780.5
0.16604 780.5
0.16605 780.5
0.16606 780.5
0.16607 780.5
0.16608 780.5
0.16609 780.5
0.16610 780.5
0.16611 780.5
0.16612 780.5
0.16613 780.5
0.16614 780.5
0.16615 780.5
0.16616 780.5
0.16617 780.5
0.16618 780.5
0.16619 780.5
0.16620 780.5
0.16621 780.5
0.16622 780.5
0.16623 780.5
0.16624 780.5
0.16625 780.5
0.16626 780.5
0.16627 780.5
0.16628 780.5
0.16629 780.5
0.16630 780.5
0.16631 780.5
0.16632 780.5
0.16633 780.5
0.16634 780.5
0.16635 780.5
0.16636 780.5
0.16637 780.5
0.16638 780.5
0.16639 780.5
0.16640 780.5
0.16641 780.5
0.16642 780.5
0.16643 780.5
0.16644 780.5
0.16645 780.5
0.16646 780.5
0.16647 780.5
0.16648 780.5
0.16649 780.5
0.16650 780.5
0.16651 780.5
0.16652 780.5
0.16653 780.5
0.16654 780.5
0.16655 780.5
0.16656 780.5
0.16657 780.5
0.16658 780.5
0.16659 780.5
0.16660 780.5
0.16661 780.5
0.16662 780.5
0.16663 780.5
0.16664 780.5
0.16665 780.5
0.16666 780.5
0.16667 780.5
0.16668 780.5
0.16669 780.5
0.16670 780.5
0.16671 780.5
0.16672 780.5
0.16673 780.5
0.16674 780.5
0.16675 780.5
0.16676 780.5
0.16677 780.5
0.16678 780.5
0.16679 780.5
0.16680 780.5
0.16681 780.5
0.16682 780.5
0.16683 780.5
0.16684 780.5
0.16685 780.5
0.16686 780.5
0.16687 780.5
0.16688 780.5
0.16689 780.5
0.16690 780.5
0.16691 780.5
0.16692 780.5
0.16693 780.5
0.16694 780.5
0.16695 780.5
0.16696 780.5
0.16697 780.5
0.16698 780.5
0.16699 780.5
0.16700 780.5
0.16701 780.5
0.16702 780.5
0.16703 780.5
0.16704 780.5
0.16705 780.5
0.16706 780.5
0.16707 780.5
0.16708 780.5
0.16709 780.5
0.16710 780.5
0.16711 780.5
0.16712 780.5
0.16713 780.5
0.16714 780.5
0.16715 780.5
0.16716 780.5
0.16717 780.5
0.16718 780.5
0.16719 780.5
0.16720 780.5
0.16721 780.5
0.16722 780.5
0.16723 780.5
0.16724 780.5
0.16725 780.5
0.16726 780.5
0.16727 780.5
0.16728 780.5
0.16729 780.5
0.16730 780.5
0.16731 780.5
0.16732 780.5
0.16733 780.5
0.16734 780.5
0.16735 780.5
0.16736 780.5
0.16737 780.5
0.16738 780.5
0.16739 780.5
0.16740 780.5
0.16741 780.5
0.16742 780.5
0.16743 780.5
0.16744 780.5
0.16745 780.5
0.16746 780.5
0.16747 780.5
0.16748 780.5
0.16749 780.5
0.16750 780.5
0.16751 780.5
0.16752 780.5
0.16753 780.5
0.16754 780.5
0.16755 780.5
0.16756 780.5
0.16757 780.5
0.16758 780.5
0.16759 780.5
0.16760 780.5
0.16761 780.5
0.16762 780.5
0.16763 780.5
0.16764 780.5
0.16765 780.5
0.16766 780.5
0.16767 780.5
0.16768 780.5
0.16769 780.5
0.16770 780.5
0.16771 780.5
0.16772 780.5
0.16773 780.5
0.16774 780.5
0.16775 780.5
0.16776 780.5
0.16777 780.5
0.16778 780.5
0.16779 780.5
0.16780 780.5
0.16781 780.5
0.16782 780.5
0.16783 780.5
0.16784 780.5
0.16785 780.5
0.16786 780.5
0.16787 780.5
0.16788 780.5
0.16789 780.5
0.16790 780.5
0.16791 780.5
0.16792 780.5
0.16793 780.5
0.16794 780.5
0.16795 780.5
0.16796 780.5
0.16797 780.5
0.16798 780.5
0.16799 780.5
0.16800 780.5
0.16801 780.5
0.16802 780.5
0.16803 780.5
0.16804 780.5
0.16805 780.5
0.16806 780.5
0.16807 780.5
0.16808 780.5
0.16809 780.5
0.16810 780.5
0.16811 780.5
0.16812 780.5
0.16813 780.5
0.16814 780.5
0.16815 780.5
0.16816 780.5
0.16817 780.5
0.16818 780.5
0.16819 780.5
0.16820 780.5
0.16821 780.5
0.16822 780.5
0.16823 780.5
0.16824 780.5
0.16825 780.5
0.16826 780.5
0.16827 780.5
0.16828 780.5
0.16829 780.5
0.16830 780.5
0.16831 780.5
0.16832 780.5
0.16833 780.5
0.16834 780.5
0.16835 780.5
0.16836 780.5
0.16837 780.5
0.16838 780.5
0.16839 780.5
0.16840 780.5
0.16841 780.5
0.16842 780.5
0.16843 780.5
0.16844 780.5
0.16845 780.5
0.16846 780.5
0.16847 780.5
0.16848 780.5
0.16849 780.5
0.16850 780.5
0.16851 780.5
0.16852 780.5
0.16853 780.5
0.16854 780.5
0.16855 780.5
0.16856 780.5
0.16857 780.5
0.16858 780.5
0.16859 780.5
0.16860 780.5
0.16861 780.5
0.16862 780.5
0.16863 780.5
0.16864 780.5
0.16865 780.5
0.16866 780.5
0.16867 780.5
0.16868 780.5
0.16869 780.5
0.16870 780.5
0.16871 780.5
0.16872 780.5
0.16873 780.5
0.16874 780.5
0.16875 780.5
0.16876 780.5
0.16877 780.5
0.16878 780.5
0.16879 780.5
0.16880 780.5
0.16881 780.5
0.16882 780.5
0.16883 780.5
0.16884 780.5
0.16885 780.5
0.16886 780.5
0.16887 780.5
0.16888 780.5
0.16889 780.5
0.16890 780.5
0.16891 780.5
0.16892 780.5
0.16893 780.5
0.16894 780.5
0.16895 780.5
0.16896 780.5
0.16897 780.5
0.16898 780.5
0.16899 780.5
0.16900 780.5
0.16901 780.5
0.16902 780.5
0.16903 780.5
0.16904 780.5
0.16905 780.5
0.16906 780.5
0.16907 780.5
0.16908 780.5
0.16909 780.5
0.16910 780.5
0.16911 780.5
0.16912 780.5
0.16913 780.5
0.16914 780.5
0.16915 780.5
0.16916 780.5
0.16917 780.5
0.16918 780.5
0.16919 780.5
0.16920 780.5
0.16921 780.5
0.16922 780.5
0.16923 780.5
0.16924 780.5
0.16925 780.5
0.16926 780.5
0.16927 780.5
0.16928 780.5
0.16929 780.5
0.16930 780.5
0.16931 780.5
0.16932 780.5
0.16933 780.5
0.16934 780.5
0.16935 780.5
0.16936 780.5
0.16937 780.5
0.16938 780.5
0.16939 780.5
0.16940 780.5
0.16941 780.5
0.16942 780.5
0.16943 780.5
0.16944 780.5
0.16945 780.5
0.16946 780.5
0.16947 780.5
0.16948 780.5
0.16949 780.5
0.16950 780.5
0.16951 780.5
0.16952 780.5
0.16953 780.5
0.16954 780.5
0.16955 780.5
0.16956 780.5
0.16957 780.5
0.16958 780.5
0.16959 780.5
0.16960 780.5
0.16961 780.5
0.16962 780.5
0.16963 780.5
0.16964 780.5
0.16965 780.5
0.16966 780.5
0.16967 780.5
0.16968 780.5
0.16969 780.5
0.16970 780.5
0.16971 780.5
0.16972 780.5
0.16973 780.5
0.16974 780.5
0.16975 780.5
0.16976 780.5
0.16977 780.5
0.16978 780.5
0.16979 780.5
0.16980 780.5
0.16981 780.5
0.16982 780.5
0.16983 780.5
0.16984 780.5
0.16985 780.5
0.16986 780.5
0.16987 780.5
0.16988 780.5
0.16989 780.5
0.16990 780.5
0.16991 780.5
0.16992 780.5
0.16993 780.5
0.16994 780.5
0.16995 780.5
0.16996 780.5
0.16997 780.5
0.16998 780.5
0.16999 780.5
0.17000 780.5
0.17001 780.5
0.17002 780.5
0.17003 780.5
0.17004 780.5
0.17005 780.5
0.17006 780.5
0.17007 780.5
0.17008 780.5
0.17009 780.5
0.17010 780.5
0.17011 780.5
0.17012 780.5
0.17013 780.5
0.17014 780.5
0.17015 780.5
0.17016 780.5
0.17017 780.5
0.17018 780.5
0.17019 780.5
0.17020 780.5
0.17021 780.5
0.17022 780.5
0.17023 780.5
0.17024 780.5
0.17025 780.5
0.17026 780.5
0.17027 780.5
0.17028 780.5
0.17029 780.5
0.17030 780.5
0.17031 780.5
0.17032 780.5
0.17033 780.5
0.17034 780.5
0.17035 780.5
0.17036 780.5
0.17037 780.5
0.17038 780.5
0.17039 780.5
0.17040 780.5
0.17041 780.5
0.17042 780.5
0.17043 780.5
0.17044 780.5
0.17045 780.5
0.17046 780.5
0.17047 780.5
0.17048 780.5
0.17049 780.5
0.17050 780.5
0.17051 780.5
0.17052 780.5
0.17053 780.5
0.17054 780.5
0.17055 780.5
0.17056 780.5
0.17057 780.5
0.17058 780.5
0.17059 780.5
0.17060 780.5
0.17061 780.5
0.17062 780.5
0.17063 780.5
0.17064 780.5
0.17065 780.5
0.17066 780.5
0.17067 780.5
0.17068 780.5
0.17069 780.5
0.17070 780.5
0.17071 780.5
0.17072 780.5
0.17073 780.5
0.17074 780.5
0.17075 780.5
0.17076 780.5
0.17077 780.5
0.17078 780.5
0.17079 780.5
0.17080 780.5
0.17081 780.5
0.17082 780.5
0.17083 780.5
0.17084 780.5
0.17085 780.5
0.17086 780.5
0.17087 780.5
0.17088 780.5
0.17089 780.5
0.17090 780.5
0.17091 780.5
0.17092 780.5
0.17093 780.5
0.17094 780.5
0.17095 780.5
0.17096 780.5
0.17097 780.5
0.17098 780.5
0.17099 780.5
0.17100 780.5
0.17101 780.5
0.17102 780.5
0.17103 780.5
0.17104 780.5
0.17105 780.5
0.17106 780.5
0.17107 780.5
0.17108 780.5
0.17109 780.5
0.17110 780.5
0.17111 780.5
0.17112 780.5
0.17113 780.5
0.17114 780.5
0.17115 780.5
0.17116 780.5
0.17117 780.5
0.17118 780.5
0.17119 780.5
0.17120 780.5
0.17121 780.5
0.17122 780.5
0.17123 780.5
0.17124 780.5
0.17125 780.5
0.17126 780.5
0.17127 780.5
0.17128 780.5
0.17129 780.5
0.17130 780.5
0.17131 780.5
0.17132 780.5
0.17133 780.5
0.17134 780.5
0.17135 780.5
0.17136 780.5
0.17137 780.5
0.17138 780.5
0.17139 780.5
0.17140 780.5
0.17141 780.5
0.17142 780.5
0.17143 780.5
0.17144 780.5
0.17145 780.5
0.17146 780.5
0.17147 780.5
0.17148 780.5
0.17149 780.5
0.17150 780.5
0.17151 780.5
0.17152 780.5
0.17153 780.5
0.17154 780.5
0.17155 780.5
0.17156 780.5
0.17157 780.5
0.17158 780.5
0.17159 780.5
0.17160 780.5
0.17161 780.5
0.17162 780.5
0.17163 780.5
0.17164 780.5
0.17165 780.5
0.17166 780.5
0.17167 780.5
0.17168 780.5
0.17169 780.5
0.17170 780.5
0.17171 780.5
0.17172 780.5
0.17173 780.5
0.17174 780.5
0.17175 780.5
0.17176 780.5
0.17177 780.5
0.17178 780.5
0.17179 780.5
0.17180 780.5
0.17181 780.5
0.17182 780.5
0.17183 780.5
0.17184 780.5
0.17185 780.5
0.17186 780.5
0.17187 780.5
0.17188 780.5
0.17189 780.5
0.17190 780.5
0.17191 780.5
0.17192 780.5
0.17193 780.5
0.17194 780.5
0.17195 780.5
0.17196 780.5
0.17197 780.5
0.17198 780.5
0.17199 780.5
0.17200 780.5
0.17201 780.5
0.17202 780.5
0.17203 780.5
0.17204 780.5
0.17205 780.5
0.17206 780.5
0.17207 780.5
0.17208 780.5
0.17209 780.5
0.17210 780.5
0.17211 780.5
0.17212 780.5
0.17213 780.5
0.17214 780.5
0.17215 780.5
0.17216 780.5
0.17217 780.5
0.17218 780.5
0.17219 780.5
0.17220 780.5
0.17221 780.5
0.17222 780.5
0.17223 780.5
0.17224 780.5
0.17225 780.5
0.17226 780.5
0.17227 780.5
0.17228 780.5
0.17229 780.5
0.17230 780.5
0.17231 780.5
0.17232 780.5
0.17233 780.5
0.17234 780.5
0.17235 780.5
0.17236 780.5
0.17237 780.5
0.17238 780.5
0.17239 780.5
0.17240 780.5
0.17241 780.5
0.17242 780.5
0.17243 780.5
0.17244 780.5
0.17245 780.5
0.17246 780.5
0.17247 780.5
0.17248 780.5
0.17249 780.5
0.17250 780.5
0.17251 780.5
0.17252 780.5
0.17253 780.5
0.17254 780.5
0.17255 780.5
0.17256 780.5
0.17257 780.5
0.17258 780.5
0.17259 780.5
0.17260 780.5
0.17261 780.5
0.17262 780.5
0.17263 780.5
0.17264 780.5
0.17265 780.5
0.17266 780.5
0.17267 780.5
0.17268 780.5
0.17269 780.5
0.17270 780.5
0.17271 780.5
0.17272 780.5
0.17273 780.5
0.17274 780.5
0.17275 780.5
0.17276 780.5
0.17277 780.5
0.17278 780.5
0.17279 780.5
0.17280 780.5
0.17281 780.5
0.17282 780.5
0.17283 780.5
0.17284 780.5
0.17285 780.5
0.17286 780.5
0.17287 780.5
0.17288 780.5
0.17289 780.5
0.17290 780.5
0.17291 780.5
0.17292 780.5
0.17293 780.5
0.17294 780.5
0.17295 780.5
0.17296 780.5
0.17297 780.5
0.17298 780.5
0.17299 780.5
0.17300 780.5
0.17301 780.5
0.17302 780.5
0.17303 780.5
0.17304 780.5
0.17305 780.5
0.17306 780.5
0.17307 780.5
0.17308 780.5
0.17309 780.5
0.17310 780.5
0.17311 780.5
0.17312 780.5
0.17313 780.5
0.17314 780.5
0.17315 780.5
0.17316 780.5
0.17317 780.5
0.17318 780.5
0.17319 780.5
0.17320 780.5
0.17321 780.5
0.17322 780.5
0.17323 780.5
0.17324 780.5
0.17325 780.5
0.17326 780.5
0.17327 780.5
0.17328 780.5
0.17329 780.5
0.17330 780.5
0.17331 780.5
0.17332 780.5
0.17333 780.5
0.17334 780.5
0.17335 780.5
0.17336 780.5
0.17337 780.5
0.17338 780.5
0.17339 780.5
0.17340 780.5
0.17341 780.5
0.17342 780.5
0.17343 780.5
0.17344 780.5
0.17345 780.5
0.17346 780.5
0.17347 780.5
0.17348 780.5
0.17349 780.5
0.17350 780.5
0.17351 780.5
0.17352 780.5
0.17353 780.5
0.17354 780.5
0.17355 780.5
0.17356 780.5
0.17357 780.5
0.17358 780.5
0.17359 780.5
0.17360 780.5
0.17361 780.5
0.17362 780.5
0.17363 780.5
0.17364 780.5
0.17365 780.5
0.17366 780.5
0.17367 780.5
0.17368 780.5
0.17369 780.5
0.17370 780.5
0.17371 780.5
0.17372 780.5
0.17373 780.5
0.17374 780.5
0.17375 780.5
0.17376 780.5
0.17377 780.5
0.17378 780.5
0.17379 780.5
0.17380 780.5
0.17381 780.5
0.17382 780.5
0.17383 780.5
0.17384 780.5
0.17385 780.5
0.17386 780.5
0.17387 780.5
0.17388 780.5
0.17389 780.5
0.17390 780.5
0.17391 780.5
0.17392 780.5
0.17393 780.5
0.17394 780.5
0.17395 780.5
0.17396 780.5
0.17397 780.5
0.17398 780.5
0.17399 780.5
0.17400 780.5
0.17401 780.5
0.17402 780.5
0.17403 780.5
0.17404 780.5
0.17405 780.5
0.17406 780.5
0.17407 780.5
0.17408 780.5
0.17409 780.5
0.17410 780.5
0.17411 780.5
0.17412 780.5
0.17413 780.5
0.17414 780.5
0.17415 780.5
0.17416 780.5
0.17417 780.5
0.17418 780.5
0.17419 780.5
0.17420 780.5
0.17421 780.5
0.17422 780.5
0.17423 780.5
0.17424 780.5
0.17425 780.5
0.17426 780.5
0.17427 780.5
0.17428 780.5
0.17429 780.5
0.17430 780.5
0.17431 780.5
0.17432 780.5
0.17433 780.5
0.17434 780.5
0.17435 780.5
0.17436 780.5
0.17437 780.5
0.17438 780.5
0.17439 780.5
0.17440 780.5
0.17441 780.5
0.17442 780.5
0.17443 780.5
0.17444 780.5
0.17445 780.5
0.17446 780.5
0.17447 780.5
0.17448 780.5
0.17449 780.5
0.17450 780.5
0.17451 780.5
0.17452 780.5
0.17453 780.5
0.17454 780.5
0.17455 780.5
0.17456 780.5
0.17457 780.5
0.17458 780.5
0.17459 780.5
0.17460 780.5
0.17461 780.5
0.17462 780.5
0.17463 780.5
0.17464 780.5
0.17465 780.5
0.17466 780.5
0.17467 780.5
0.17468 780.5
0.17469 780.5
0.17470 780.5
0.17471 780.5
0.17472 780.5
0.17473 780.5
0.17474 780.5
0.17475 780.5
0.17476 780.5
0.17477 780.5
0.17478 780.5
0.17479 780.5
0.17480 780.5
0.17481 780.5
0.17482 780.5
0.17483 780.5
0.17484 780.5
0.17485 780.5
0.17486 780.5
0.17487 780.5
0.17488 780.5
0.17489 780.5
0.17490 780.5
0.17491 780.5
0.17492 780.5
0.17493 780.5
0.17494 780.5
0.17495 780.5
0.17496 780.5
0.17497 780.5
0.17498 780.5
0.17499 780.5
0.17500 780.5
0.17501 780.5
0.17502 780.5
0.17503 780.5
0.17504 780.5
0.17505 780.5
0.17506 780.5
0.17507 780.5
0.17508 780.5
0.17509 780.5
0.17510 780.5
0.17511 780.5
0.17512 780.5
0.17513 780.5
0.17514 780.5
0.17515 780.5
0.17516 780.5
0.17517 780.5
0.17518 780.5
0.17519 780.5
0.17520 780.5
0.17521 780.5
0.17522 780.5
0.17523 780.5
0.17524 780.5
0.17525 780.5
0.17526 780.5
0.17527 780.5
0.17528 780.5
0.17529 780.5
0.17530 780.5
0.17531 780.5
0.17532 780.5
0.17533 780.5
0.17534 780.5
0.17535 780.5
0.17536 780.5
0.17537 780.5
0.17538 780.5
0.17539 780.5
0.17540 780.5
0.17541 780.5
0.17542 780.5
0.17543 780.5
0.17544 780.5
0.17545 780.5
0.17546 780.5
0.17547 780.5
0.17548 780.5
0.17549 780.5
0.17550 780.5
0.17551 780.5
0.17552 780.5
0.17553 780.5
0.17554 780.5
0.17555 780.5
0.17556 780.5
0.17557 780.5
0.17558 780.5
0.17559 780.5
0.17560 780.5
0.17561 780.5
0.17562 780.5
0.17563 780.5
0.17564 780.5
0.17565 780.5
0.17566 780.5
0.17567 780.5
0.17568 780.5
0.17569 780.5
0.17570 780.5
0.17571 780.5
0.17572 780.5
0.17573 780.5
0.17574 780.5
0.17575 780.5
0.17576 780.5
0.17577 780.5
0.17578 780.5
0.17579 780.5
0.17580 780.5
0.17581 780.5
0.17582 780.5
0.17583 780.5
0.17584 780.5
0.17585 780.5
0.17586 780.5
0.17587 780.5
0.17588 780.5
0.17589 780.5
0.17590 780.5
0.17591 780.5
0.17592 780.5
0.17593 780.5
0.17594 780.5
0.17595 780.5
0.17596 780.5
0.17597 780.5
0.17598 780.5
0.17599 780.5
0.17600 780.5
0.17601 780.5
0.17602 780.5
0.17603 780.5
0.17604 780.5
0.17605 780.5
0.17606 780.5
0.17607 780.5
0.17608 780.5
0.17609 780.5
0.17610 780.5
0.17611 780.5
0.17612 780.5
0.17613 780.5
0.17614 780.5
0.17615 780.5
0.17616 780.5
0.17617 780.5
0.17618 780.5
0.17619 780.5
0.17620 780.5
0.17621 780.5
0.17622 780.5
0.17623 780.5
0.17624 780.5
0.17625 780.5
0.17626 780.5
0.17627 780.5
0.17628 780.5
0.17629 780.5
0.17630 780.5
0.17631 780.5
0.17632 780.5
0.17633 780.5
0.17634 780.5
0.17635 780.5
0.17636 780.5
0.17637 780.5
0.17638 780.5
0.17639 780.5
0.17640 780.5
0.17641 780.5
0.17642 780.5
0.17643 780.5
0.17644 780.5
0.17645 780.5
0.17646 780.5
0.17647 780.5
0.17648 780.5
0.17649 780.5
0.17650 780.5
0.17651 780.5
0.17652 780.5
0.17653 780.5
0.17654 780.5
0.17655 780.5
0.17656 780.5
0.17657 780.5
0.17658 780.5
0.17659 780.5
0.17660 780.5
0.17661 780.5
0.17662 780.5
0.17663 780.5
0.17664 780.5
0.17665 780.5
0.17666 780.5
0.17667 780.5
0.17668 780.5
0.17669 780.5
0.17670 780.5
0.17671 780.5
0.17672 780.5
0.17673 780.5
0.17674 780.5
0.17675 780.5
0.17676 780.5
0.17677 780.5
0.17678 780.5
0.17679 780.5
0.17680 780.5
0.17681 780.5
0.17682 780.5
0.17683 780.5
0.17684 780.5
0.17685 780.5
0.17686 780.5
0.17687 780.5
0.17688 780.5
0.17689 780.5
0.17690 780.5
0.17691 780.5
0.17692 780.5
0.17693 780.5
0.17694 780.5
0.17695 780.5
0.17696 780.5
0.17697 780.5
0.17698 780.5
0.17699 780.5
0.17700 780.5
0.17701 780.5
0.17702 780.5
0.17703 780.5
0.17704 780.5
0.17705 780.5
0.17706 780.5
0.17707 780.5
0.17708 780.5
0.17709 780.5
0.17710 780.5
0.17711 780.5
0.17712 780.5
0.17713 780.5
0.17714 780.5
0.17715 780.5
0.17716 780.5
0.17717 780.5
0.17718 780.5
0.17719 780.5
0.17720 780.5
0.17721 780.5
0.17722 780.5
0.17723 780.5
0.17724 780.5
0.17725 780.5
0.17726 780.5
0.17727 780.5
0.17728 780.5
0.17729 780.5
0.17730 780.5
0.17731 780.5
0.17732 780.5
0.17733 780.5
0.17734 780.5
0.17735 780.5
0.17736 780.5
0.17737 780.5
0.17738 780.5
0.17739 780.5
0.17740 780.5
0.17741 780.5
0.17742 780.5
0.17743 780.5
0.17744 780.5
0.17745 780.5
0.17746 780.5
0.17747 780.5
0.17748 780.5
0.17749 780.5
0.17750 780.5
0.17751 780.5
0.17752 780.5
0.17753 780.5
0.17754 780.5
0.17755 780.5
0.17756 780.5
0.17757 780.5
0.17758 780.5
0.17759 780.5
0.17760 780.5
0.17761 780.5
0.17762 780.5
0.17763 780.5
0.17764 780.5
0.17765 780.5
0.17766 780.5
0.17767 780.5
0.17768 780.5
0.17769 780.5
0.17770 780.5
0.17771 780.5
0.17772 780.5
0.17773 780.5
0.17774 780.5
0.17775 780.5
0.17776 780.5
0.17777 780.5
0.17778 780.5
0.17779 780.5
0.17780 780.5
0.17781 780.5
0.17782 780.5
0.17783 780.5
0.17784 780.5
0.17785 780.5
0.17786 780.5
0.17787 780.5
0.17788 780.5
0.17789 780.5
0.17790 780.5
0.17791 780.5
0.17792 780.5
0.17793 780.5
0.17794 780.5
0.17795 780.5
0.17796 780.5
0.17797 780.5
0.17798 780.5
0.17799 780.5
0.17800 780.5
0.17801 780.5
0.17802 780.5
0.17803 780.5
0.17804 780.5
0.17805 780.5
0.17806 780.5
0.17807 780.5
0.17808 780.5
0.17809 780.5
0.17810 780.5
0.17811 780.5
0.17812 780.5
0.17813 780.5
0.17814 780.5
0.17815 780.5
0.17816 780.5
0.17817 780.5
0.17818 780.5
0.17819 780.5
0.17820 780.5
0.17821 780.5
0.17822 780.5
0.17823 780.5
0.17824 780.5
0.17825 780.5
0.17826 780.5
0.17827 780.5
0.17828 780.5
0.17829 780.5
0.17830 780.5
0.17831 780.5
0.17832 780.5
0.17833 780.5
0.17834 780.5
0.17835 780.5
0.17836 780.5
0.17837 780.5
0.17838 780.5
0.17839 780.5
0.17840 780.5
0.17841 780.5
0.17842 780.5
0.17843 780.5
0.17844 780.5
0.17845 780.5
0.17846 780.5
0.17847 780.5
0.17848 780.5
0.17849 780.5
0.17850 780.5
0.17851 780.5
0.17852 780.5
0.17853 780.5
0.17854 780.5
0.17855 780.5
0.17856 780.5
0.17857 780.5
0.17858 780.5
0.17859 780.5
0.17860 780.5
0.17861 780.5
0.17862 780.5
0.17863 780.5
0.17864 780.5
0.17865 780.5
0.17866 780.5
0.17867 780.5
0.17868 780.5
0.17869 780.5
0.17870 780.5
0.17871 780.5
0.17872 780.5
0.17873 780.5
0.17874 780.5
0.17875 780.5
0.17876 780.5
0.17877 780.5
0.17878 780.5
0.17879 780.5
0.17880 780.5
0.17881 780.5
0.17882 780.5
0.17883 780.5
0.17884 780.5
0.17885 780.5
0.17886 780.5
0.17887 780.5
0.17888 780.5
0.17889 780.5
0.17890 780.5
0.17891 780.5
0.17892 780.5
0.17893 780.5
0.17894 780.5
0.17895 780.5
0.17896 780.5
0.17897 780.5
0.17898 780.5
0.17899 780.5
0.17900 780.5
0.17901 780.5
0.17902 780.5
0.17903 780.5
0.17904 780.5
0.17905 780.5
0.17906 780.5
0.17907 780.5
0.17908 780.5
0.17909 780.5
0.17910 780.5
0.17911 780.5
0.17912 780.5
0.17913 780.5
0.17914 780.5
0.17915 780.5
0.17916 780.5
0.17917 780.5
0.17918 780.5
0.17919 780.5
0.17920 780.5
0.17921 780.5
0.17922 780.5
0.17923 780.5
0.17924 780.5
0.17925 780.5
0.17926 780.5
0.17927 780.5
0.17928 780.5
0.17929 780.5
0.17930 780.5
0.17931 780.5
0.17932 780.5
0.17933 780.5
0.17934 780.5
0.17935 780.5
0.17936 780.5
0.17937 780.5
0.17938 780.5
0.17939 780.5
0.17940 780.5
0.17941 780.5
0.17942 780.5
0.17943 780.5
0.17944 780.5
0.17945 780.5
0.17946 780.5
0.17947 780.5
0.17948 780.5
0.17949 780.5
0.17950 780.5
0.17951 780.5
0.17952 780.5
0.17953 780.5
0.17954 780.5
0.17955 780.5
0.17956 780.5
0.17957 780.5
0.17958 780.5
0.17959 780.5
0.17960 780.5
0.17961 780.5
0.17962 780.5
0.17963 780.5
0.17964 780.5
0.17965 780.5
0.17966 780.5
0.17967 780.5
0.17968 780.5
0.17969 780.5
0.17970 780.5
0.17971 780.5
0.17972 780.5
0.17973 780.5
0.17974 780.5
0.17975 780.5
0.17976 780.5
0.17977 780.5
0.17978 780.5
0.17979 780.5
0.17980 780.5
0.17981 780.5
0.17982 780.5
0.17983 780.5
0.17984 780.5
0.17985 780.5
0.17986 780.5
0.17987 780.5
0.17988 780.5
0.17989 780.5
0.17990 780.5
0.17991 780.5
0.17992 780.5
0.17993 780.5
0.17994 780.5
0.17995 780.5
0.17996 780.5
0.17997 780.5
0.17998 780.5
0.17999 780.5
0.18000 780.5
0.18001 780.5
0.18002 780.5
0.18003 780.5
0.18004 780.5
0.18005 780.5
0.18006 780.5
0.18007 780.5
0.18008 780.5
0.18009 780.5
0.18010 780.5
0.18011 780.5
0.18012 780.5
0.18013 780.5
0.18014 780.5
0.18015 780.5
0.18016 780.5
0.18017 780.5
0.18018 780.5
0.18019 780.5
0.18020 780.5
0.18021 780.5
0.18022 780.5
0.18023 780.5
0.18024 780.5
0.18025 780.5
0.18026 780.5
0.18027 780.5
0.18028 780.5
0.18029 780.5
0.18030 780.5
0.18031 780.5
0.18032 780.5
0.18033 780.5
0.18034 780.5
0.18035 780.5
0.18036 780.5
0.18037 780.5
0.18038 780.5
0.18039 780.5
0.18040 780.5
0.18041 780.5
0.18042 780.5
0.18043 780.5
0.18044 780.5
0.18045 780.5
0.18046 780.5
0.18047 780.5
0.18048 780.5
0.18049 780.5
0.18050 780.5
0.18051 780.5
0.18052 780.5
0.18053 780.5
0.18054 780.5
0.18055 780.5
0.18056 780.5
0.18057 780.5
0.18058 780.5
0.18059 780.5
0.18060 780.5
0.18061 780.5
0.18062 780.5
0.18063 780.5
0.18064 780.5
0.18065 780.5
0.18066 780.5
0.18067 780.5
0.18068 780.5
0.18069 780.5
0.18070 780.5
0.18071 780.5
0.18072 780.5
0.18073 780.5
0.18074 780.5
0.18075 780.5
0.18076 780.5
0.18077 780.5
0.18078 780.5
0.18079 780.5
0.18080 780.5
0.18081 780.5
0.18082 780.5
0.18083 780.5
0.18084 780.5
0.18085 780.5
0.18086 780.5
0.18087 780.5
0.18088 780.5
0.18089 780.5
0.18090 780.5
0.18091 780.5
0.18092 780.5
0.18093 780.5
0.18094 780.5
0.18095 780.5
0.18096 780.5
0.18097 780.5
0.18098 780.5
0.18099 780.5
0.18100 780.5
0.18101 780.5
0.18102 780.5
0.18103 780.5
0.18104 780.5
0.18105 780.5
0.18106 780.5
0.18107 780.5
0.18108 780.5
0.18109 780.5
0.18110 780.5
0.18111 780.5
0.18112 780.5
0.18113 780.5
0.18114 780.5
0.18115 780.5
0.18116 780.5
0.18117 780.5
0.18118 780.5
0.18119 780.5
0.18120 780.5
0.18121 780.5
0.18122 780.5
0.18123 780.5
0.18124 780.5
0.18125 780.5
0.18126 780.5
0.18127 780.5
0.18128 780.5
0.18129 780.5
0.18130 780.5
0.18131 780.5
0.18132 780.5
0.18133 780.5
0.18134 780.5
0.18135 780.5
0.18136 780.5
0.18137 780.5
0.18138 780.5
0.18139 780.5
0.18140 780.5
0.18141 780.5
0.18142 780.5
0.18143 780.5
0.18144 780.5
0.18145 780.5
0.18146 780.5
0.18147 780.5
0.18148 780.5
0.18149 780.5
0.18150 780.5
0.18151 780.5
0.18152 780.5
0.18153 780.5
0.18154 780.5
0.18155 780.5
0.18156 780.5
0.18157 780.5
0.18158 780.5
0.18159 780.5
0.18160 780.5
0.18161 780.5
0.18162 780.5
0.18163 780.5
0.18164 780.5
0.18165 780.5
0.18166 780.5
0.18167 780.5
0.18168 780.5
0.18169 780.5
0.18170 780.5
0.18171 780.5
0.18172 780.5
0.18173 780.5
0.18174 780.5
0.18175 780.5
0.18176 780.5
0.18177 780.5
0.18178 780.5
0.18179 780.5
0.18180 780.5
0.18181 780.5
0.18182 780.5
0.18183 780.5
0.18184 780.5
0.18185 780.5
0.18186 780.5
0.18187 780.5
0.18188 780.5
0.18189 780.5
0.18190 780.5
0.18191 780.5
0.18192 780.5
0.18193 780.5
0.18194 780.5
0.18195 780.5
0.18196 780.5
0.18197 780.5
0.18198 780.5
0.18199 780.5
0.18200 780.5
0.18201 780.5
0.18202 780.5
0.18203 780.5
0.18204 780.5
0.18205 780.5
0.18206 780.5
0.18207 780.5
0.18208 780.5
0.18209 780.5
0.18210 780.5
0.18211 780.5
0.18212 780.5
0.18213 780.5
0.18214 780.5
0.18215 780.5
0.18216 780.5
0.18217 780.5
0.18218 780.5
0.18219 780.5
0.18220 780.5
0.18221 780.5
0.18222 780.5
0.18223 780.5
0.18224 780.5
0.18225 780.5
0.18226 780.5
0.18227 780.5
0.18228 780.5
0.18229 780.5
0.18230 780.5
0.18231 780.5
0.18232 780.5
0.18233 780.5
0.18234 780.5
0.18235 780.5
0.18236 780.5
0.18237 780.5
0.18238 780.5
0.18239 780.5
0.18240 780.5
0.18241 780.5
0.18242 780.5
0.18243 780.5
0.18244 780.5
0.18245 780.5
0.18246 780.5
0.18247 780.5
0.18248 780.5
0.18249 780.5
0.18250 780.5
0.18251 780.5
0.18252 780.5
0.18253 780.5
0.18254 780.5
0.18255 780.5
0.18256 780.5
0.18257 780.5
0.18258 780.5
0.18259 780.5
0.18260 780.5
0.18261 780.5
0.18262 780.5
0.18263 780.5
0.18264 780.5
0.18265 780.5
0.18266 780.5
0.18267 780.5
0.18268 780.5
0.18269 780.5
0.18270 780.5
0.18271 780.5
0.18272 780.5
0.18273 780.5
0.18274 780.5
0.18275 780.5
0.18276 780.5
0.18277 780.5
0.18278 780.5
0.18279 780.5
0.18280 780.5
0.18281 780.5
0.18282 780.5
0.18283 780.5
0.18284 780.5
0.18285 780.5
0.18286 780.5
0.18287 780.5
0.18288 780.5
0.18289 780.5
0.18290 780.5
0.18291 780.5
0.18292 780.5
0.18293 780.5
0.18294 780.5
0.18295 780.5
0.18296 780.5
0.18297 780.5
0.18298 780.5
0.18299 780.5
0.18300 780.5
0.18301 780.5
0.18302 780.5
0.18303 780.5
0.18304 780.5
0.18305 780.5
0.18306 780.5
0.18307 780.5
0.18308 780.5
0.18309 780.5
0.18310 780.5
0.18311 780.5
0.18312 780.5
0.18313 780.5
0.18314 780.5
0.18315 780.5
0.18316 780.5
0.18317 780.5
0.18318 780.5
0.18319 780.5
0.18320 780.5
0.18321 780.5
0.18322 780.5
0.18323 780.5
0.18324 780.5
0.18325 780.5
0.18326 780.5
0.18327 780.5
0.18328 780.5
0.18329 780.5
0.18330 780.5
0.18331 780.5
0.18332 780.5
0.18333 780.5
0.18334 780.5
0.18335 780.5
0.18336 780.5
0.18337 780.5
0.18338 780.5
0.18339 780.5
0.18340 780.5
0.18341 780.5
0.18342 780.5
0.18343 780.5
0.18344 780.5
0.18345 780.5
0.18346 780.5
0.18347 780.5
0.18348 780.5
0.18349 780.5
0.18350 780.5
0.18351 780.5
0.18352 780.5
0.18353 780.5
0.18354 780.5
0.18355 780.5
0.18356 780.5
0.18357 780.5
0.18358 780.5
0.18359 780.5
0.18360 780.5
0.18361 780.5
0.18362 780.5
0.18363 780.5
0.18364 780.5
0.18365 780.5
0.18366 780.5
0.18367 780.5
0.18368 780.5
0.18369 780.5
0.18370 780.5
0.18371 780.5
0.18372 780.5
0.18373 780.5
0.18374 780.5
0.18375 780.5
0.18376 780.5
0.18377 780.5
0.18378 780.5
0.18379 780.5
0.18380 780.5
0.18381 780.5
0.18382 780.5
0.18383 780.5
0.18384 780.5
0.18385 780.5
0.18386 780.5
0.18387 780.5
0.18388 780.5
0.18389 780.5
0.18390 780.5
0.18391 780.5
0.18392 780.5
0.18393 780.5
0.18394 780.5
0.18395 780.5
0.18396 780.5
0.18397 780.5
0.18398 780.5
0.18399 780.5
0.18400 780.5
0.18401 780.5
0.18402 780.5
0.18403 780.5
0.18404 780.5
0.18405 780.5
0.18406 780.5
0.18407 780.5
0.18408 780.5
0.18409 780.5
0.18410 780.5
0.18411 780.5
0.18412 780.5
0.18413 780.5
0.18414 780.5
0.18415 780.5
0.18416 780.5
0.18417 780.5
0.18418 780.5
0.18419 780.5
0.18420 780.5
0.18421 780.5
0.18422 780.5
0.18423 780.5
0.18424 780.5
0.18425 780.5
0.18426 780.5
0.18427 780.5
0.18428 780.5
0.18429 780.5
0.18430 780.5
0.18431 780.5
0.18432 780.5
0.18433 780.5
0.18434 780.5
0.18435 780.5
0.18436 780.5
0.18437 780.5
0.18438 780.5
0.18439 780.5
0.18440 780.5
0.18441 780.5
0.18442 780.5
0.18443 780.5
0.18444 780.5
0.18445 780.5
0.18446 780.5
0.18447 780.5
0.18448 780.5
0.18449 780.5
0.18450 780.5
0.18451 780.5
0.18452 780.5
0.18453 780.5
0.18454 780.5
0.18455 780.5
0.18456 780.5
0.18457 780.5
0.18458 780.5
0.18459 780.5
0.18460 780.5
0.18461 780.5
0.18462 780.5
0.18463 780.5
0.18464 780.5
0.18465 780.5
0.18466 780.5
0.18467 780.5
0.18468 780.5
0.18469 780.5
0.18470 780.5
0.18471 780.5
0.18472 780.5
0.18473 780.5
0.18474 780.5
0.18475 780.5
0.18476 780.5
0.18477 780.5
0.18478 780.5
0.18479 780.5
0.18480 780.5
0.18481 780.5
0.18482 780.5
0.18483 780.5
0.18484 780.5
0.18485 780.5
0.18486 780.5
0.18487 780.5
0.18488 780.5
0.18489 780.5
0.18490 780.5
0.18491 780.5
0.18492 780.5
0.18493 780.5
0.18494 780.5
0.18495 780.5
0.18496 780.5
0.18497 780.5
0.18498 780.5
0.18499 780.5
0.18500 780.5
0.18501 780.5
0.18502 780.5
0.18503 780.5
0.18504 780.5
0.18505 780.5
0.18506 780.5
0.18507 780.5
0.18508 780.5
0.18509 780.5
0.18510 780.5
0.18511 780.5
0.18512 780.5
0.18513 780.5
0.18514 780.5
0.18515 780.5
0.18516 780.5
0.18517 780.5
0.18518 780.5
0.18519 780.5
0.18520 780.5
0.18521 780.5
0.18522 780.5
0.18523 780.5
0.18524 780.5
0.18525 780.5
0.18526 780.5
0.18527 780.5
0.18528 780.5
0.18529 780.5
0.18530 780.5
0.18531 780.5
0.18532 780.5
0.18533 780.5
0.18534 780.5
0.18535 780.5
0.18536 780.5
0.18537 780.5
0.18538 780.5
0.18539 780.5
0.18540 780.5
0.18541 780.5
0.18542 780.5
0.18543 780.5
0.18544 780.5
0.18545 780.5
0.18546 780.5
0.18547 780.5
0.18548 780.5
0.18549 780.5
0.18550 780.5
0.18551 780.5
0.18552 780.5
0.18553 780.5
0.18554 780.5
0.18555 780.5
0.18556 780.5
0.18557 780.5
0.18558 780.5
0.18559 780.5
0.18560 780.5
0.18561 780.5
0.18562 780.5
0.18563 780.5
0.18564 780.5
0.18565 780.5
0.18566 780.5
0.18567 780.5
0.18568 780.5
0.18569 780.5
0.18570 780.5
0.18571 780.5
0.18572 780.5
0.18573 780.5
0.18574 780.5
0.18575 780.5
0.18576 780.5
0.18577 780.5
0.18578 780.5
0.18579 780.5
0.18580 780.5
0.18581 780.5
0.18582 780.5
0.18583 780.5
0.18584 780.5
0.18585 780.5
0.18586 780.5
0.18587 780.5
0.18588 780.5
0.18589 780.5
0.18590 780.5
0.18591 780.5
0.18592 780.5
0.18593 780.5
0.18594 780.5
0.18595 780.5
0.18596 780.5
0.18597 780.5
0.18598 780.5
0.18599 780.5
0.18600 780.5
0.18601 780.5
0.18602 780.5
0.18603 780.5
0.18604 780.5
0.18605 780.5
0.18606 780.5
0.18607 780.5
0.18608 780.5
0.18609 780.5
0.18610 780.5
0.18611 780.5
0.18612 780.5
0.18613 780.5
0.18614 780.5
0.18615 780.5
0.18616 780.5
0.18617 780.5
0.18618 780.5
0.18619 780.5
0.18620 780.5
0.18621 780.5
0.18622 780.5
0.18623 780.5
0.18624 780.5
0.18625 780.5
0.18626 780.5
0.18627 780.5
0.18628 780.5
0.18629 780.5
0.18630 780.5
0.18631 780.5
0.18632 780.5
0.18633 780.5
0.18634 780.5
0.18635 780.5
0.18636 780.5
0.18637 780.5
0.18638 780.5
0.18639 780.5
0.18640 780.5
0.18641 780.5
0.18642 780.5
0.18643 780.5
0.18644 780.5
0.18645 780.5
0.18646 780.5
0.18647 780.5
0.18648 780.5
0.18649 780.5
0.18650 780.5
0.18651 780.5
0.18652 780.5
0.18653 780.5
0.18654 780.5
0.18655 780.5
0.18656 780.5
0.18657 780.5
0.18658 780.5
0.18659 780.5
0.18660 780.5
0.18661 780.5
0.18662 780.5
0.18663 780.5
0.18664 780.5
0.18665 780.5
0.18666 780.5
0.18667 780.5
0.18668 780.5
0.18669 780.5
0.18670 780.5
0.18671 780.5
0.18672 780.5
0.18673 780.5
0.18674 780.5
0.18675 780.5
0.18676 780.5
0.18677 780.5
0.18678 780.5
0.18679 780.5
0.18680 780.5
0.18681 780.5
0.18682 780.5
0.18683 780.5
0.18684 780.5
0.18685 780.5
0.18686 780.5
0.18687 780.5
0.18688 780.5
0.18689 780.5
0.18690 780.5
0.18691 780.5
0.18692 780.5
0.18693 780.5
0.18694 780.5
0.18695 780.5
0.18696 780.5
0.18697 780.5
0.18698 780.5
0.18699 780.5
0.18700 780.5
0.18701 780.5
0.18702 780.5
0.18703 780.5
0.18704 780.5
0.18705 780.5
0.18706 780.5
0.18707 780.5
0.18708 780.5
0.18709 780.5
0.18710 780.5
0.18711 780.5
0.18712 780.5
0.18713 780.5
0.18714 780.5
0.18715 780.5
0.18716 780.5
0.18717 780.5
0.18718 780.5
0.18719 780.5
0.18720 780.5
0.18721 780.5
0.18722 780.5
0.18723 780.5
0.18724 780.5
0.18725 780.5
0.18726 780.5
0.18727 780.5
0.18728 780.5
0.18729 780.5
0.18730 780.5
0.18731 780.5
0.18732 780.5
0.18733 780.5
0.18734 780.5
0.18735 780.5
0.18736 780.5
0.18737 780.5
0.18738 780.5
0.18739 780.5
0.18740 780.5
0.18741 780.5
0.18742 780.5
0.18743 780.5
0.18744 780.5
0.18745 780.5
0.18746 780.5
0.18747 780.5
0.18748 780.5
0.18749 780.5
0.18750 780.5
0.18751 780.5
0.18752 780.5
0.18753 780.5
0.18754 780.5
0.18755 780.5
0.18756 780.5
0.18757 780.5
0.18758 780.5
0.18759 780.5
0.18760 780.5
0.18761 780.5
0.18762 780.5
0.18763 780.5
0.18764 780.5
0.18765 780.5
0.18766 780.5
0.18767 780.5
0.18768 780.5
0.18769 780.5
0.18770 780.5
0.18771 780.5
0.18772 780.5
0.18773 780.5
0.18774 780.5
0.18775 780.5
0.18776 780.5
0.18777 780.5
0.18778 780.5
0.18779 780.5
0.18780 780.5
0.18781 780.5
0.18782 780.5
0.18783 780.5
0.18784 780.5
0.18785 780.5
0.18786 780.5
0.18787 780.5
0.18788 780.5
0.18789 780.5
0.18790 780.5
0.18791 780.5
0.18792 780.5
0.18793 780.5
0.18794 780.5
0.18795 780.5
0.18796 780.5
0.18797 780.5
0.18798 780.5
0.18799 780.5
0.18800 780.5
0.18801 780.5
0.18802 780.5
0.18803 780.5
0.18804 780.5
0.18805 780.5
0.18806 780.5
0.18807 780.5
0.18808 780.5
0.18809 780.5
0.18810 780.5
0.18811 780.5
0.18812 780.5
0.18813 780.5
0.18814 780.5
0.18815 780.5
0.18816 780.5
0.18817 780.5
0.18818 780.5
0.18819 780.5
0.18820 780.5
0.18821 780.5
0.18822 780.5
0.18823 780.5
0.18824 780.5
0.18825 780.5
0.18826 780.5
0.18827 780.5
0.18828 780.5
0.18829 780.5
0.18830 780.5
0.18831 780.5
0.18832 780.5
0.18833 780.5
0.18834 780.5
0.18835 780.5
0.18836 780.5
0.18837 780.5
0.18838 780.5
0.18839 780.5
0.18840 780.5
0.18841 780.5
0.18842 780.5
0.18843 780.5
0.18844 780.5
0.18845 780.5
0.18846 780.5
0.18847 780.5
0.18848 780.5
0.18849 780.5
0.18850 780.5
0.18851 780.5
0.18852 780.5
0.18853 780.5
0.18854 780.5
0.18855 780.5
0.18856 780.5
0.18857 780.5
0.18858 780.5
0.18859 780.5
0.18860 780.5
0.18861 780.5
0.18862 780.5
0.18863 780.5
0.18864 780.5
0.18865 780.5
0.18866 780.5
0.18867 780.5
0.18868 780.5
0.18869 780.5
0.18870 780.5
0.18871 780.5
0.18872 780.5
0.18873 780.5
0.18874 780.5
0.18875 780.5
0.18876 780.5
0.18877 780.5
0.18878 780.5
0.18879 780.5
0.18880 780.5
0.18881 780.5
0.18882 780.5
0.18883 780.5
0.18884 780.5
0.18885 780.5
0.18886 780.5
0.18887 780.5
0.18888 780.5
0.18889 780.5
0.18890 780.5
0.18891 780.5
0.18892 780.5
0.18893 780.5
0.18894 780.5
0.18895 780.5
0.18896 780.5
0.18897 780.5
0.18898 780.5
0.18899 780.5
0.18900 780.5
0.18901 780.5
0.18902 780.5
0.18903 780.5
0.18904 780.5
0.18905 780.5
0.18906 780.5
0.18907 780.5
0.18908 780.5
0.18909 780.5
0.18910 780.5
0.18911 780.5
0.18912 780.5
0.18913 780.5
0.18914 780.5
0.18915 780.5
0.18916 780.5
0.18917 780.5
0.18918 780.5
0.18919 780.5
0.18920 780.5
0.18921 780.5
0.18922 780.5
0.18923 780.5
0.18924 780.5
0.18925 780.5
0.18926 780.5
0.18927 780.5
0.18928 780.5
0.18929 780.5
0.18930 780.5
0.18931 780.5
0.18932 780.5
0.18933 780.5
0.18934 780.5
0.18935 780.5
0.18936 780.5
0.18937 780.5
0.18938 780.5
0.18939 780.5
0.18940 780.5
0.18941 780.5
0.18942 780.5
0.18943 780.5
0.18944 780.5
0.18945 780.5
0.18946 780.5
0.18947 780.5
0.18948 780.5
0.18949 780.5
0.18950 780.5
0.18951 780.5
0.18952 780.5
0.18953 780.5
0.18954 780.5
0.18955 780.5
0.18956 780.5
0.18957 780.5
0.18958 780.5
0.18959 780.5
0.18960 780.5
0.18961 780.5
0.18962 780.5
0.18963 780.5
0.18964 780.5
0.18965 780.5
0.18966 780.5
0.18967 780.5
0.18968 780.5
0.18969 780.5
0.18970 780.5
0.18971 780.5
0.18972 780.5
0.18973 780.5
0.18974 780.5
0.18975 780.5
0.18976 780.5
0.18977 780.5
0.18978 780.5
0.18979 780.5
0.18980 780.5
0.18981 780.5
0.18982 780.5
0.18983 780.5
0.18984 780.5
0.18985 780.5
0.18986 780.5
0.18987 780.5
0.18988 780.5
0.18989 780.5
0.18990 780.5
0.18991 780.5
0.18992 780.5
0.18993 780.5
0.18994 780.5
0.18995 780.5
0.18996 780.5
0.18997 780.5
0.18998 780.5
0.18999 780.5
0.19000 780.5
0.19001 780.5
0.19002 780.5
0.19003 780.5
0.19004 780.5
0.19005 780.5
0.19006 780.5
0.19007 780.5
0.19008 780.5
0.19009 780.5
0.19010 780.5
0.19011 780.5
0.19012 780.5
0.19013 780.5
0.19014 780.5
0.19015 780.5
0.19016 780.5
0.19017 780.5
0.19018 780.5
0.19019 780.5
0.19020 780.5
0.19021 780.5
0.19022 780.5
0.19023 780.5
0.19024 780.5
0.19025 780.5
0.19026 780.5
0.19027 780.5
0.19028 780.5
0.19029 780.5
0.19030 780.5
0.19031 780.5
0.19032 780.5
0.19033 780.5
0.19034 780.5
0.19035 780.5
0.19036 780.5
0.19037 780.5
0.19038 780.5
0.19039 780.5
0.19040 780.5
0.19041 780.5
0.19042 780.5
0.19043 780.5
0.19044 780.5
0.19045 780.5
0.19046 780.5
0.19047 780.5
0.19048 780.5
0.19049 780.5
0.19050 780.5
0.19051 780.5
0.19052 780.5
0.19053 780.5
0.19054 780.5
0.19055 780.5
0.19056 780.5
0.19057 780.5
0.19058 780.5
0.19059 780.5
0.19060 780.5
0.19061 780.5
0.19062 780.5
0.19063 780.5
0.19064 780.5
0.19065 780.5
0.19066 780.5
0.19067 780.5
0.19068 780.5
0.19069 780.5
0.19070 780.5
0.19071 780.5
0.19072 780.5
0.19073 780.5
0.19074 780.5
0.19075 780.5
0.19076 780.5
0.19077 780.5
0.19078 780.5
0.19079 780.5
0.19080 780.5
0.19081 780.5
0.19082 780.5
0.19083 780.5
0.19084 780.5
0.19085 780.5
0.19086 780.5
0.19087 780.5
0.19088 780.5
0.19089 780.5
0.19090 780.5
0.19091 780.5
0.19092 780.5
0.19093 780.5
0.19094 780.5
0.19095 780.5
0.19096 780.5
0.19097 780.5
0.19098 780.5
0.19099 780.5
0.19100 780.5
0.19101 780.5
0.19102 780.5
0.19103 780.5
0.19104 780.5
0.19105 780.5
0.19106 780.5
0.19107 780.5
0.19108 780.5
0.19109 780.5
0.19110 780.5
0.19111 780.5
0.19112 780.5
0.19113 780.5
0.19114 780.5
0.19115 780.5
0.19116 780.5
0.19117 780.5
0.19118 780.5
0.19119 780.5
0.19120 780.5
0.19121 780.5
0.19122 780.5
0.19123 780.5
0.19124 780.5
0.19125 780.5
0.19126 780.5
0.19127 780.5
0.19128 780.5
0.19129 780.5
0.19130 780.5
0.19131 780.5
0.19132 780.5
0.19133 780.5
0.19134 780.5
0.19135 780.5
0.19136 780.5
0.19137 780.5
0.19138 780.5
0.19139 780.5
0.19140 780.5
0.19141 780.5
0.19142 780.5
0.19143 780.5
0.19144 780.5
0.19145 780.5
0.19146 780.5
0.19147 780.5
0.19148 780.5
0.19149 780.5
0.19150 780.5
0.19151 780.5
0.19152 780.5
0.19153 780.5
0.19154 780.5
0.19155 780.5
0.19156 780.5
0.19157 780.5
0.19158 780.5
0.19159 780.5
0.19160 780.5
0.19161 780.5
0.19162 780.5
0.19163 780.5
0.19164 780.5
0.19165 780.5
0.19166 780.5
0.19167 780.5
0.19168 780.5
0.19169 780.5
0.19170 780.5
0.19171 780.5
0.19172 780.5
0.19173 780.5
0.19174 780.5
0.19175 780.5
0.19176 780.5
0.19177 780.5
0.19178 780.5
0.19179 780.5
0.19180 780.5
0.19181 780.5
0.19182 780.5
0.19183 780.5
0.19184 780.5
0.19185 780.5
0.19186 780.5
0.19187 780.5
0.19188 780.5
0.19189 780.5
0.19190 780.5
0.19191 780.5
0.19192 780.5
0.19193 780.5
0.19194 780.5
0.19195 780.5
0.19196 780.5
0.19197 780.5
0.19198 780.5
0.19199 780.5
0.19200 780.5
0.19201 780.5
0.19202 780.5
0.19203 780.5
0.19204 780.5
0.19205 780.5
0.19206 780.5
0.19207 780.5
0.19208 780.5
0.19209 780.5
0.19210 780.5
0.19211 780.5
0.19212 780.5
0.19213 780.5
0.19214 780.5
0.19215 780.5
0.19216 780.5
0.19217 780.5
0.19218 780.5
0.19219 780.5
0.19220 780.5
0.19221 780.5
0.19222 780.5
0.19223 780.5
0.19224 780.5
0.19225 780.5
0.19226 780.5
0.19227 780.5
0.19228 780.5
0.19229 780.5
0.19230 780.5
0.19231 780.5
0.19232 780.5
0.19233 780.5
0.19234 780.5
0.19235 780.5
0.19236 780.5
0.19237 780.5
0.19238 780.5
0.19239 780.5
0.19240 780.5
0.19241 780.5
0.19242 780.5
0.19243 780.5
0.19244 780.5
0.19245 780.5
0.19246 780.5
0.19247 780.5
0.19248 780.5
0.19249 780.5
0.19250 780.5
0.19251 780.5
0.19252 780.5
0.19253 780.5
0.19254 780.5
0.19255 780.5
0.19256 780.5
0.19257 780.5
0.19258 780.5
0.19259 780.5
0.19260 780.5
0.19261 780.5
0.19262 780.5
0.19263 780.5
0.19264 780.5
0.19265 780.5
0.19266 780.5
0.19267 780.5
0.19268 780.5
0.19269 780.5
0.19270 780.5
0.19271 780.5
0.19272 780.5
0.19273 780.5
0.19274 780.5
0.19275 780.5
0.19276 780.5
0.19277 780.5
0.19278 780.5
0.19279 780.5
0.19280 780.5
0.19281 780.5
0.19282 780.5
0.19283 780.5
0.19284 780.5
0.19285 780.5
0.19286 780.5
0.19287 780.5
0.19288 780.5
0.19289 780.5
0.19290 780.5
0.19291 780.5
0.19292 780.5
0.19293 780.5
0.19294 780.5
0.19295 780.5
0.19296 780.5
0.19297 780.5
0.19298 780.5
0.19299 780.5
0.19300 780.5
0.19301 780.5
0.19302 780.5
0.19303 780.5
0.19304 780.5
0.19305 780.5
0.19306 780.5
0.19307 780.5
0.19308 780.5
0.19309 780.5
0.19310 780.5
0.19311 780.5
0.19312 780.5
0.19313 780.5
0.19314 780.5
0.19315 780.5
0.19316 780.5
0.19317 780.5
0.19318 780.5
0.19319 780.5
0.19320 780.5
0.19321 780.5
0.19322 780.5
0.19323 780.5
0.19324 780.5
0.19325 780.5
0.19326 780.5
0.19327 780.5
0.19328 780.5
0.19329 780.5
0.19330 780.5
0.19331 780.5
0.19332 780.5
0.19333 780.5
0.19334 780.5
0.19335 780.5
0.19336 780.5
0.19337 780.5
0.19338 780.5
0.19339 780.5
0.19340 780.5
0.19341 780.5
0.19342 780.5
0.19343 780.5
0.19344 780.5
0.19345 780.5
0.19346 780.5
0.19347 780.5
0.19348 780.5
0.19349 780.5
0.19350 780.5
0.19351 780.5
0.19352 780.5
0.19353 780.5
0.19354 780.5
0.19355 780.5
0.19356 780.5
0.19357 780.5
0.19358 780.5
0.19359 780.5
0.19360 780.5
0.19361 780.5
0.19362 780.5
0.19363 780.5
0.19364 780.5
0.19365 780.5
0.19366 780.5
0.19367 780.5
0.19368 780.5
0.19369 780.5
0.19370 780.5
0.19371 780.5
0.19372 780.5
0.19373 780.5
0.19374 780.5
0.19375 780.5
0.19376 780.5
0.19377 780.5
0.19378 780.5
0.19379 780.5
0.19380 780.5
0.19381 780.5
0.19382 780.5
0.19383 780.5
0.19384 780.5
0.19385 780.5
0.19386 780.5
0.19387 780.5
0.19388 780.5
0.19389 780.5
0.19390 780.5
0.19391 780.5
0.19392 780.5
0.19393 780.5
0.19394 780.5
0.19395 780.5
0.19396 780.5
0.19397 780.5
0.19398 780.5
0.19399 780.5
0.19400 780.5
0.19401 780.5
0.19402 780.5
0.19403 780.5
0.19404 780.5
0.19405 780.5
0.19406 780.5
0.19407 780.5
0.19408 780.5
0.19409 780.5
0.19410 780.5
0.19411 780.5
0.19412 780.5
0.19413 780.5
0.19414 780.5
0.19415 780.5
0.19416 780.5
0.19417 780.5
0.19418 780.5
0.19419 780.5
0.19420 780.5
0.19421 780.5
0.19422 780.5
0.19423 780.5
0.19424 780.5
0.19425 780.5
0.19426 780.5
0.19427 780.5
0.19428 780.5
0.19429 780.5
0.19430 780.5
0.19431 780.5
0.19432 780.5
0.19433 780.5
0.19434 780.5
0.19435 780.5
0.19436 780.5
0.19437 780.5
0.19438 780.5
0.19439 780.5
0.19440 780.5
0.19441 780.5
0.19442 780.5
0.19443 780.5
0.19444 780.5
0.19445 780.5
0.19446 780.5
0.19447 780.5
0.19448 780.5
0.19449 780.5
0.19450 780.5
0.19451 780.5
0.19452 780.5
0.19453 780.5
0.19454 780.5
0.19455 780.5
0.19456 780.5
0.19457 780.5
0.19458 780.5
0.19459 780.5
0.19460 780.5
0.19461 780.5
0.19462 780.5
0.19463 780.5
0.19464 780.5
0.19465 780.5
0.19466 780.5
0.19467 780.5
0.19468 780.5
0.19469 780.5
0.19470 780.5
0.19471 780.5
0.19472 780.5
0.19473 780.5
0.19474 780.5
0.19475 780.5
0.19476 780.5
0.19477 780.5
0.19478 780.5
0.19479 780.5
0.19480 780.5
0.19481 780.5
0.19482 780.5
0.19483 780.5
0.19484 780.5
0.19485 780.5
0.19486 780.5
0.19487 780.5
0.19488 780.5
0.19489 780.5
0.19490 780.5
0.19491 780.5
0.19492 780.5
0.19493 780.5
0.19494 780.5
0.19495 780.5
0.19496 780.5
0.19497 780.5
0.19498 780.5
0.19499 780.5
0.19500 780.5
0.19501 780.5
0.19502 780.5
0.19503 780.5
0.19504 780.5
0.19505 780.5
0.19506 780.5
0.19507 780.5
0.19508 780.5
0.19509 780.5
0.19510 780.5
0.19511 780.5
0.19512 780.5
0.19513 780.5
0.19514 780.5
0.19515 780.5
0.19516 780.5
0.19517 780.5
0.19518 780.5
0.19519 780.5
0.19520 780.5
0.19521 780.5
0.19522 780.5
0.19523 780.5
0.19524 780.5
0.19525 780.5
0.19526 780.5
0.19527 780.5
0.19528 780.5
0.19529 780.5
0.19530 780.5
0.19531 780.5
0.19532 780.5
0.19533 780.5
0.19534 780.5
0.19535 780.5
0.19536 780.5
0.19537 780.5
0.19538 780.5
0.19539 780.5
0.19540 780.5
0.19541 780.5
0.19542 780.5
0.19543 780.5
0.19544 780.5
0.19545 780.5
0.19546 780.5
0.19547 780.5
0.19548 780.5
0.19549 780.5
0.19550 780.5
0.19551 780.5
0.19552 780.5
0.19553 780.5
0.19554 780.5
0.19555 780.5
0.19556 780.5
0.19557 780.5
0.19558 780.5
0.19559 780.5
0.19560 780.5
0.19561 780.5
0.19562 780.5
0.19563 780.5
0.19564 780.5
0.19565 780.5
0.19566 780.5
0.19567 780.5
0.19568 780.5
0.19569 780.5
0.19570 780.5
0.19571 780.5
0.19572 780.5
0.19573 780.5
0.19574 780.5
0.19575 780.5
0.19576 780.5
0.19577 780.5
0.19578 780.5
0.19579 780.5
0.19580 780.5
0.19581 780.5
0.19582 780.5
0.19583 780.5
0.19584 780.5
0.19585 780.5
0.19586 780.5
0.19587 780.5
0.19588 780.5
0.19589 780.5
0.19590 780.5
0.19591 780.5
0.19592 780.5
0.19593 780.5
0.19594 780.5
0.19595 780.5
0.19596 780.5
0.19597 780.5
0.19598 780.5
0.19599 780.5
0.19600 780.5
0.19601 780.5
0.19602 780.5
0.19603 780.5
0.19604 780.5
0.19605 780.5
0.19606 780.5
0.19607 780.5
0.19608 780.5
0.19609 780.5
0.19610 780.5
0.19611 780.5
0.19612 780.5
0.19613 780.5
0.19614 780.5
0.19615 780.5
0.19616 780.5
0.19617 780.5
0.19618 780.5
0.19619 780.5
0.19620 780.5
0.19621 780.5
0.19622 780.5
0.19623 780.5
0.19624 780.5
0.19625 780.5
0.19626 780.5
0.19627 780.5
0.19628 780.5
0.19629 780.5
0.19630 780.5
0.19631 780.5
0.19632 780.5
0.19633 780.5
0.19634 780.5
0.19635 780.5
0.19636 780.5
0.19637 780.5
0.19638 780.5
0.19639 780.5
0.19640 780.5
0.19641 780.5
0.19642 780.5
0.19643 780.5
0.19644 780.5
0.19645 780.5
0.19646 780.5
0.19647 780.5
0.19648 780.5
0.19649 780.5
0.19650 780.5
0.19651 780.5
0.19652 780.5
0.19653 780.5
0.19654 780.5
0.19655 780.5
0.19656 780.5
0.19657 780.5
0.19658 780.5
0.19659 780.5
0.19660 780.5
0.19661 780.5
0.19662 780.5
0.19663 780.5
0.19664 780.5
0.19665 780.5
0.19666 780.5
0.19667 780.5
0.19668 780.5
0.19669 780.5
0.19670 780.5
0.19671 780.5
0.19672 780.5
0.19673 780.5
0.19674 780.5
0.19675 780.5
0.19676 780.5
0.19677 780.5
0.19678 780.5
0.19679 780.5
0.19680 780.5
0.19681 780.5
0.19682 780.5
0.19683 780.5
0.19684 780.5
0.19685 780.5
0.19686 780.5
0.19687 780.5
0.19688 780.5
0.19689 780.5
0.19690 780.5
0.19691 780.5
0.19692 780.5
0.19693 780.5
0.19694 780.5
0.19695 780.5
0.19696 780.5
0.19697 780.5
0.19698 780.5
0.19699 780.5
0.19700 780.5
0.19701 780.5
0.19702 780.5
0.19703 780.5
0.19704 780.5
0.19705 780.5
0.19706 780.5
0.19707 780.5
0.19708 780.5
0.19709 780.5
0.19710 780.5
0.19711 780.5
0.19712 780.5
0.19713 780.5
0.19714 780.5
0.19715 780.5
0.19716 780.5
0.19717 780.5
0.19718 780.5
0.19719 780.5
0.19720 780.5
0.19721 780.5
0.19722 780.5
0.19723 780.5
0.19724 780.5
0.19725 780.5
0.19726 780.5
0.19727 780.5
0.19728 780.5
0.19729 780.5
0.19730 780.5
0.19731 780.5
0.19732 780.5
0.19733 780.5
0.19734 780.5
0.19735 780.5
0.19736 780.5
0.19737 780.5
0.19738 780.5
0.19739 780.5
0.19740 780.5
0.19741 780.5
0.19742 780.5
0.19743 780.5
0.19744 780.5
0.19745 780.5
0.19746 780.5
0.19747 780.5
0.19748 780.5
0.19749 780.5
0.19750 780.5
0.19751 780.5
0.19752 780.5
0.19753 780.5
0.19754 780.5
0.19755 780.5
0.19756 780.5
0.19757 780.5
0.19758 780.5
0.19759 780.5
0.19760 780.5
0.19761 780.5
0.19762 780.5
0.19763 780.5
0.19764 780.5
0.19765 780.5
0.19766 780.5
0.19767 780.5
0.19768 780.5
0.19769 780.5
0.19770 780.5
0.19771 780.5
0.19772 780.5
0.19773 780.5
0.19774 780.5
0.19775 780.5
0.19776 780.5
0.19777 780.5
0.19778 780.5
0.19779 780.5
0.19780 780.5
0.19781 780.5
0.19782 780.5
0.19783 780.5
0.19784 780.5
0.19785 780.5
0.19786 780.5
0.19787 780.5
0.19788 780.5
0.19789 780.5
0.19790 780.5
0.19791 780.5
0.19792 780.5
0.19793 780.5
0.19794 780.5
0.19795 780.5
0.19796 780.5
0.19797 780.5
0.19798 780.5
0.19799 780.5
0.19800 780.5
0.19801 780.5
0.19802 780.5
0.19803 780.5
0.19804 780.5
0.19805 780.5
0.19806 780.5
0.19807 780.5
0.19808 780.5
0.19809 780.5
0.19810 780.5
0.19811 780.5
0.19812 780.5
0.19813 780.5
0.19814 780.5
0.19815 780.5
0.19816 780.5
0.19817 780.5
0.19818 780.5
0.19819 780.5
0.19820 780.5
0.19821 780.5
0.19822 780.5
0.19823 780.5
0.19824 780.5
0.19825 780.5
0.19826 780.5
0.19827 780.5
0.19828 780.5
0.19829 780.5
0.19830 780.5
0.19831 780.5
0.19832 780.5
0.19833 780.5
0.19834 780.5
0.19835 780.5
0.19836 780.5
0.19837 780.5
0.19838 780.5
0.19839 780.5
0.19840 780.5
0.19841 780.5
0.19842 780.5
0.19843 780.5
0.19844 780.5
0.19845 780.5
0.19846 780.5
0.19847 780.5
0.19848 780.5
0.19849 780.5
0.19850 780.5
0.19851 780.5
0.19852 780.5
0.19853 780.5
0.19854 780.5
0.19855 780.5
0.19856 780.5
0.19857 780.5
0.19858 780.5
0.19859 780.5
0.19860 780.5
0.19861 780.5
0.19862 780.5
0.19863 780.5
0.19864 780.5
0.19865 780.5
0.19866 780.5
0.19867 780.5
0.19868 780.5
0.19869 780.5
0.19870 780.5
0.19871 780.5
0.19872 780.5
0.19873 780.5
0.19874 780.5
0.19875 780.5
0.19876 780.5
0.19877 780.5
0.19878 780.5
0.19879 780.5
0.19880 780.5
0.19881 780.5
0.19882 780.5
0.19883 780.5
0.19884 780.5
0.19885 780.5
0.19886 780.5
0.19887 780.5
0.19888 780.5
0.19889 780.5
0.19890 780.5
0.19891 780.5
0.19892 780.5
0.19893 780.5
0.19894 780.5
0.19895 780.5
0.19896 780.5
0.19897 780.5
0.19898 780.5
0.19899 780.5
0.19900 780.5
0.19901 780.5
0.19902 780.5
0.19903 780.5
0.19904 780.5
0.19905 780.5
0.19906 780.5
0.19907 780.5
0.19908 780.5
0.19909 780.5
0.19910 780.5
0.19911 780.5
0.19912 780.5
0.19913 780.5
0.19914 780.5
0.19915 780.5
0.19916 780.5
0.19917 780.5
0.19918 780.5
0.19919 780.5
0.19920 780.5
0.19921 780.5
0.19922 780.5
0.19923 780.5
0.19924 780.5
0.19925 780.5
0.19926 780.5
0.19927 780.5
0.19928 780.5
0.19929 780.5
0.19930 780.5
0.19931 780.5
0.19932 780.5
0.19933 780.5
0.19934 780.5
0.19935 780.5
0.19936 780.5
0.19937 780.5
0.19938 780.5
0.19939 780.5
0.19940 780.5
0.19941 780.5
0.19942 780.5
0.19943 780.5
0.19944 780.5
0.19945 780.5
0.19946 780.5
0.19947 780.5
0.19948 780.5
0.19949 780.5
0.19950 780.5
0.19951 780.5
0.19952 780.5
0.19953 780.5
0.19954 780.5
0.19955 780.5
0.19956 780.5
0.19957 780.5
0.19958 780.5
0.19959 780.5
0.19960 780.5
0.19961 780.5
0.19962 780.5
0.19963 780.5
0.19964 780.5
0.19965 780.5
0.19966 780.5
0.19967 780.5
0.19968 780.5
0.19969 780.5
0.19970 780.5
0.19971 780.5
0.19972 780.5
0.19973 780.5
0.19974 780.5
0.19975 780.5
0.19976 780.5
0.19977 780.5
0.19978 780.5
0.19979 780.5
0.19980 780.5
0.19981 780.5
0.19982 780.5
0.19983 780.5
0.19984 780.5
0.19985 780.5
0.19986 780.5
0.19987 780.5
0.19988 780.5
0.19989 780.5
0.19990 780.5
0.19991 780.5
0.19992 780.5
0.19993 780.5
0.19994 780.5
0.19995 780.5
0.19996 780.5
0.19997 780.5
0.19998 780.5
0.19999 780.5
0.20000 780.5
0.20001 780.5
0.20002 780.5
0.20003 780.5
0.20004 780.5
0.20005 780.5
0.20006 780.5
0.20007 780.5
0.20008 780.5
0.20009 780.5
0.20010 780.5
0.20011 780.5
0.20012 780.5
0.20013 780.5
0.20014 780.5
0.20015 780.5
0.20016 780.5
0.20017 780.5
0.20018 780.5
0.20019 780.5
0.20020 780.5
0.20021 780.5
0.20022 780.5
0.20023 780.5
0.20024 780.5
0.20025 780.5
0.20026 780.5
0.20027 780.5
0.20028 780.5
0.20029 780.5
0.20030 780.5
0.20031 780.5
0.20032 780.5
0.20033 780.5
0.20034 780.5
0.20035 780.5
0.20036 780.5
0.20037 780.5
0.20038 780.5
0.20039 780.5
0.20040 780.5
0.20041 780.5
0.20042 780.5
0.20043 780.5
0.20044 780.5
0.20045 780.5
0.20046 780.5
0.20047 780.5
0.20048 780.5
0.20049 780.5
0.20050 780.5
0.20051 780.5
0.20052 780.5
0.20053 780.5
0.20054 780.5
0.20055 780.5
0.20056 780.5
0.20057 780.5
0.20058 780.5
0.20059 780.5
0.20060 780.5
0.20061 780.5
0.20062 780.5
0.20063 780.5
0.20064 780.5
0.20065 780.5
0.20066 780.5
0.20067 780.5
0.20068 780.5
0.20069 780.5
0.20070 780.5
0.20071 780.5
0.20072 780.5
0.20073 780.5
0.20074 780.5
0.20075 780.5
0.20076 780.5
0.20077 780.5
0.20078 780.5
0.20079 780.5
0.20080 780.5
0.20081 780.5
0.20082 780.5
0.20083 780.5
0.20084 780.5
0.20085 780.5
0.20086 780.5
0.20087 780.5
0.20088 780.5
0.20089 780.5
0.20090 780.5
0.20091 780.5
0.20092 780.5
0.20093 780.5
0.20094 780.5
0.20095 780.5
0.20096 780.5
0.20097 780.5
0.20098 780.5
0.20099 780.5
0.20100 780.5
0.20101 780.5
0.20102 780.5
0.20103 780.5
0.20104 780.5
0.20105 780.5
0.20106 780.5
0.20107 780.5
0.20108 780.5
0.20109 780.5
0.20110 780.5
0.20111 780.5
0.20112 780.5
0.20113 780.5
0.20114 780.5
0.20115 780.5
0.20116 780.5
0.20117 780.5
0.20118 780.5
0.20119 780.5
0.20120 780.5
0.20121 780.5
0.20122 780.5
0.20123 780.5
0.20124 780.5
0.20125 780.5
0.20126 780.5
0.20127 780.5
0.20128 780.5
0.20129 780.5
0.20130 780.5
0.20131 780.5
0.20132 780.5
0.20133 780.5
0.20134 780.5
0.20135 780.5
0.20136 780.5
0.20137 780.5
0.20138 780.5
0.20139 780.5
0.20140 780.5
0.20141 780.5
0.20142 780.5
0.20143 780.5
0.20144 780.5
0.20145 780.5
0.20146 780.5
0.20147 780.5
0.20148 780.5
0.20149 780.5
0.20150 780.5
0.20151 780.5
0.20152 780.5
0.20153 780.5
0.20154 780.5
0.20155 780.5
0.20156 780.5
0.20157 780.5
0.20158 780.5
0.20159 780.5
0.20160 780.5
0.20161 780.5
0.20162 780.5
0.20163 780.5
0.20164 780.5
0.20165 780.5
0.20166 780.5
0.20167 780.5
0.20168 780.5
0.20169 780.5
0.20170 780.5
0.20171 780.5
0.20172 780.5
0.20173 780.5
0.20174 780.5
0.20175 780.5
0.20176 780.5
0.20177 780.5
0.20178 780.5
0.20179 780.5
0.20180 780.5
0.20181 780.5
0.20182 780.5
0.20183 780.5
0.20184 780.5
0.20185 780.5
0.20186 780.5
0.20187 780.5
0.20188 780.5
0.20189 780.5
0.20190 780.5
0.20191 780.5
0.20192 780.5
0.20193 780.5
0.20194 780.5
0.20195 780.5
0.20196 780.5
0.20197 780.5
0.20198 780.5
0.20199 780.5
0.20200 780.5
0.20201 780.5
0.20202 780.5
0.20203 780.5
0.20204 780.5
0.20205 780.5
0.20206 780.5
0.20207 780.5
0.20208 780.5
0.20209 780.5
0.20210 780.5
0.20211 780.5
0.20212 780.5
0.20213 780.5
0.20214 780.5
0.20215 780.5
0.20216 780.5
0.20217 780.5
0.20218 780.5
0.20219 780.5
0.20220 780.5
0.20221 780.5
0.20222 780.5
0.20223 780.5
0.20224 780.5
0.20225 780.5
0.20226 780.5
0.20227 780.5
0.20228 780.5
0.20229 780.5
0.20230 780.5
0.20231 780.5
0.20232 780.5
0.20233 780.5
0.20234 780.5
0.20235 780.5
0.20236 780.5
0.20237 780.5
0.20238 780.5
0.20239 780.5
0.20240 780.5
0.20241 780.5
0.20242 780.5
0.20243 780.5
0.20244 780.5
0.20245 780.5
0.20246 780.5
0.20247 780.5
0.20248 780.5
0.20249 780.5
0.20250 780.5
0.20251 780.5
0.20252 780.5
0.20253 780.5
0.20254 780.5
0.20255 780.5
0.20256 780.5
0.20257 780.5
0.20258 780.5
0.20259 780.5
0.20260 780.5
0.20261 780.5
0.20262 780.5
0.20263 780.5
0.20264 780.5
0.20265 780.5
0.20266 780.5
0.20267 780.5
0.20268 780.5
0.20269 780.5
0.20270 780.5
0.20271 780.5
0.20272 780.5
0.20273 780.5
0.20274 780.5
0.20275 780.5
0.20276 780.5
0.20277 780.5
0.20278 780.5
0.20279 780.5
0.20280 780.5
0.20281 780.5
0.20282 780.5
0.20283 780.5
0.20284 780.5
0.20285 780.5
0.20286 780.5
0.20287 780.5
0.20288 780.5
0.20289 780.5
0.20290 780.5
0.20291 780.5
0.20292 780.5
0.20293 780.5
0.20294 780.5
0.20295 780.5
0.20296 780.5
0.20297 780.5
0.20298 780.5
0.20299 780.5
0.20300 780.5
0.20301 780.5
0.20302 780.5
0.20303 780.5
0.20304 780.5
0.20305 780.5
0.20306 780.5
0.20307 780.5
0.20308 780.5
0.20309 780.5
0.20310 780.5
0.20311 780.5
0.20312 780.5
0.20313 780.5
0.20314 780.5
0.20315 780.5
0.20316 780.5
0.20317 780.5
0.20318 780.5
0.20319 780.5
0.20320 780.5
0.20321 780.5
0.20322 780.5
0.20323 780.5
0.20324 780.5
0.20325 780.5
0.20326 780.5
0.20327 780.5
0.20328 780.5
0.20329 780.5
0.20330 780.5
0.20331 780.5
0.20332 780.5
0.20333 780.5
0.20334 780.5
0.20335 780.5
0.20336 780.5
0.20337 780.5
0.20338 780.5
0.20339 780.5
0.20340 780.5
0.20341 780.5
0.20342 780.5
0.20343 780.5
0.20344 780.5
0.20345 780.5
0.20346 780.5
0.20347 780.5
0.20348 780.5
0.20349 780.5
0.20350 780.5
0.20351 780.5
0.20352 780.5
0.20353 780.5
0.20354 780.5
0.20355 780.5
0.20356 780.5
0.20357 780.5
0.20358 780.5
0.20359 780.5
0.20360 780.5
0.20361 780.5
0.20362 780.5
0.20363 780.5
0.20364 780.5
0.20365 780.5
0.20366 780.5
0.20367 780.5
0.20368 780.5
0.20369 780.5
0.20370 780.5
0.20371 780.5
0.20372 780.5
0.20373 780.5
0.20374 780.5
0.20375 780.5
0.20376 780.5
0.20377 780.5
0.20378 780.5
0.20379 780.5
0.20380 780.5
0.20381 780.5
0.20382 780.5
0.20383 780.5
0.20384 780.5
0.20385 780.5
0.20386 780.5
0.20387 780.5
0.20388 780.5
0.20389 780.5
0.20390 780.5
0.20391 780.5
0.20392 780.5
0.20393 780.5
0.20394 780.5
0.20395 780.5
0.20396 780.5
0.20397 780.5
0.20398 780.5
0.20399 780.5
0.20400 780.5
0.20401 780.5
0.20402 780.5
0.20403 780.5
0.20404 780.5
0.20405 780.5
0.20406 780.5
0.20407 780.5
0.20408 780.5
0.20409 780.5
0.20410 780.5
0.20411 780.5
0.20412 780.5
0.20413 780.5
0.20414 780.5
0.20415 780.5
0.20416 780.5
0.20417 780.5
0.20418 780.5
0.20419 780.5
0.20420 780.5
0.20421 780.5
0.20422 780.5
0.20423 780.5
0.20424 780.5
0.20425 780.5
0.20426 780.5
0.20427 780.5
0.20428 780.5
0.20429 780.5
0.20430 780.5
0.20431 780.5
0.20432 780.5
0.20433 780.5
0.20434 780.5
0.20435 780.5
0.20436 780.5
0.20437 780.5
0.20438 780.5
0.20439 780.5
0.20440 780.5
0.20441 780.5
0.20442 780.5
0.20443 780.5
0.20444 780.5
0.20445 780.5
0.20446 780.5
0.20447 780.5
0.20448 780.5
0.20449 780.5
0.20450 780.5
0.20451 780.5
0.20452 780.5
0.20453 780.5
0.20454 780.5
0.20455 780.5
0.20456 780.5
0.20457 780.5
0.20458 780.5
0.20459 780.5
0.20460 780.5
0.20461 780.5
0.20462 780.5
0.20463 780.5
0.20464 780.5
0.20465 780.5
0.20466 780.5
0.20467 780.5
0.20468 780.5
0.20469 780.5
0.20470 780.5
0.20471 780.5
0.20472 780.5
0.20473 780.5
0.20474 780.5
0.20475 780.5
0.20476 780.5
0.20477 780.5
0.20478 780.5
0.20479 780.5
0.20480 780.5
0.20481 780.5
0.20482 780.5
0.20483 780.5
0.20484 780.5
0.20485 780.5
0.20486 780.5
0.20487 780.5
0.20488 780.5
0.20489 780.5
0.20490 780.5
0.20491 780.5
0.20492 780.5
0.20493 780.5
0.20494 780.5
0.20495 780.5
0.20496 780.5
0.20497 780.5
0.20498 780.5
0.20499 780.5
0.20500 780.5
0.20501 780.5
0.20502 780.5
0.20503 780.5
0.20504 780.5
0.20505 780.5
0.20506 780.5
0.20507 780.5
0.20508 780.5
0.20509 780.5
0.20510 780.5
0.20511 780.5
0.20512 780.5
0.20513 780.5
0.20514 780.5
0.20515 780.5
0.20516 780.5
0.20517 780.5
0.20518 780.5
0.20519 780.5
0.20520 780.5
0.20521 780.5
0.20522 780.5
0.20523 780.5
0.20524 780.5
0.20525 780.5
0.20526 780.5
0.20527 780.5
0.20528 780.5
0.20529 780.5
0.20530 780.5
0.20531 780.5
0.20532 780.5
0.20533 780.5
0.20534 780.5
0.20535 780.5
0.20536 780.5
0.20537 780.5
0.20538 780.5
0.20539 780.5
0.20540 780.5
0.20541 780.5
0.20542 780.5
0.20543 780.5
0.20544 780.5
0.20545 780.5
0.20546 780.5
0.20547 780.5
0.20548 780.5
0.20549 780.5
0.20550 780.5
0.20551 780.5
0.20552 780.5
0.20553 780.5
0.20554 780.5
0.20555 780.5
0.20556 780.5
0.20557 780.5
0.20558 780.5
0.20559 780.5
0.20560 780.5
0.20561 780.5
0.20562 780.5
0.20563 780.5
0.20564 780.5
0.20565 780.5
0.20566 780.5
0.20567 780.5
0.20568 780.5
0.20569 780.5
0.20570 780.5
0.20571 780.5
0.20572 780.5
0.20573 780.5
0.20574 780.5
0.20575 780.5
0.20576 780.5
0.20577 780.5
0.20578 780.5
0.20579 780.5
0.20580 780.5
0.20581 780.5
0.20582 780.5
0.20583 780.5
0.20584 780.5
0.20585 780.5
0.20586 780.5
0.20587 780.5
0.20588 780.5
0.20589 780.5
0.20590 780.5
0.20591 780.5
0.20592 780.5
0.20593 780.5
0.20594 780.5
0.20595 780.5
0.20596 780.5
0.20597 780.5
0.20598 780.5
0.20599 780.5
0.20600 780.5
0.20601 780.5
0.20602 780.5
0.20603 780.5
0.20604 780.5
0.20605 780.5
0.20606 780.5
0.20607 780.5
0.20608 780.5
0.20609 780.5
0.20610 780.5
0.20611 780.5
0.20612 780.5
0.20613 780.5
0.20614 780.5
0.20615 780.5
0.20616 780.5
0.20617 780.5
0.20618 780.5
0.20619 780.5
0.20620 780.5
0.20621 780.5
0.20622 780.5
0.20623 780.5
0.20624 780.5
0.20625 780.5
0.20626 780.5
0.20627 780.5
0.20628 780.5
0.20629 780.5
0.20630 780.5
0.20631 780.5
0.20632 780.5
0.20633 780.5
0.20634 780.5
0.20635 780.5
0.20636 780.5
0.20637 780.5
0.20638 780.5
0.20639 780.5
0.20640 780.5
0.20641 780.5
0.20642 780.5
0.20643 780.5
0.20644 780.5
0.20645 780.5
0.20646 780.5
0.20647 780.5
0.20648 780.5
0.20649 780.5
0.20650 780.5
0.20651 780.5
0.20652 780.5
0.20653 780.5
0.20654 780.5
0.20655 780.5
0.20656 780.5
0.20657 780.5
0.20658 780.5
0.20659 780.5
0.20660 780.5
0.20661 780.5
0.20662 780.5
0.20663 780.5
0.20664 780.5
0.20665 780.5
0.20666 780.5
0.20667 780.5
0.20668 780.5
0.20669 780.5
0.20670 780.5
0.20671 780.5
0.20672 780.5
0.20673 780.5
0.20674 780.5
0.20675 780.5
0.20676 780.5
0.20677 780.5
0.20678 780.5
0.20679 780.5
0.20680 780.5
0.20681 780.5
0.20682 780.5
0.20683 780.5
0.20684 780.5
0.20685 780.5
0.20686 780.5
0.20687 780.5
0.20688 780.5
0.20689 780.5
0.20690 780.5
0.20691 780.5
0.20692 780.5
0.20693 780.5
0.20694 780.5
0.20695 780.5
0.20696 780.5
0.20697 780.5
0.20698 780.5
0.20699 780.5
0.20700 780.5
0.20701 780.5
0.20702 780.5
0.20703 780.5
0.20704 780.5
0.20705 780.5
0.20706 780.5
0.20707 780.5
0.20708 780.5
0.20709 780.5
0.20710 780.5
0.20711 780.5
0.20712 780.5
0.20713 780.5
0.20714 780.5
0.20715 780.5
0.20716 780.5
0.20717 780.5
0.20718 780.5
0.20719 780.5
0.20720 780.5
0.20721 780.5
0.20722 780.5
0.20723 780.5
0.20724 780.5
0.20725 780.5
0.20726 780.5
0.20727 780.5
0.20728 780.5
0.20729 780.5
0.20730 780.5
0.20731 780.5
0.20732 780.5
0.20733 780.5
0.20734 780.5
0.20735 780.5
0.20736 780.5
0.20737 780.5
0.20738 780.5
0.20739 780.5
0.20740 780.5
0.20741 780.5
0.20742 780.5
0.20743 780.5
0.20744 780.5
0.20745 780.5
0.20746 780.5
0.20747 780.5
0.20748 780.5
0.20749 780.5
0.20750 780.5
0.20751 780.5
0.20752 780.5
0.20753 780.5
0.20754 780.5
0.20755 780.5
0.20756 780.5
0.20757 780.5
0.20758 780.5
0.20759 780.5
0.20760 780.5
0.20761 780.5
0.20762 780.5
0.20763 780.5
0.20764 780.5
0.20765 780.5
0.20766 780.5
0.20767 780.5
0.20768 780.5
0.20769 780.5
0.20770 780.5
0.20771 780.5
0.20772 780.5
0.20773 780.5
0.20774 780.5
0.20775 780.5
0.20776 780.5
0.20777 780.5
0.20778 780.5
0.20779 780.5
0.20780 780.5
0.20781 780.5
0.20782 780.5
0.20783 780.5
0.20784 780.5
0.20785 780.5
0.20786 780.5
0.20787 780.5
0.20788 780.5
0.20789 780.5
0.20790 780.5
0.20791 780.5
0.20792 780.5
0.20793 780.5
0.20794 780.5
0.20795 780.5
0.20796 780.5
0.20797 780.5
0.20798 780.5
0.20799 780.5
0.20800 780.5
0.20801 780.5
0.20802 780.5
0.20803 780.5
0.20804 780.5
0.20805 780.5
0.20806 780.5
0.20807 780.5
0.20808 780.5
0.20809 780.5
0.20810 780.5
0.20811 780.5
0.20812 780.5
0.20813 780.5
0.20814 780.5
0.20815 780.5
0.20816 780.5
0.20817 780.5
0.20818 780.5
0.20819 780.5
0.20820 780.5
0.20821 780.5
0.20822 780.5
0.20823 780.5
0.20824 780.5
0.20825 780.5
0.20826 780.5
0.20827 780.5
0.20828 780.5
0.20829 780.5
0.20830 780.5
0.20831 780.5
0.20832 780.5
0.20833 780.5
0.20834 780.5
0.20835 780.5
0.20836 780.5
0.20837 780.5
0.20838 780.5
0.20839 780.5
0.20840 780.5
0.20841 780.5
0.20842 780.5
0.20843 780.5
0.20844 780.5
0.20845 780.5
0.20846 780.5
0.20847 780.5
0.20848 780.5
0.20849 780.5
0.20850 780.5
0.20851 780.5
0.20852 780.5
0.20853 780.5
0.20854 780.5
0.20855 780.5
0.20856 780.5
0.20857 780.5
0.20858 780.5
0.20859 780.5
0.20860 780.5
0.20861 780.5
0.20862 780.5
0.20863 780.5
0.20864 780.5
0.20865 780.5
0.20866 780.5
0.20867 780.5
0.20868 780.5
0.20869 780.5
0.20870 780.5
0.20871 780.5
0.20872 780.5
0.20873 780.5
0.20874 780.5
0.20875 780.5
0.20876 780.5
0.20877 780.5
0.20878 780.5
0.20879 780.5
0.20880 780.5
0.20881 780.5
0.20882 780.5
0.20883 780.5
0.20884 780.5
0.20885 780.5
0.20886 780.5
0.20887 780.5
0.20888 780.5
0.20889 780.5
0.20890 780.5
0.20891 780.5
0.20892 780.5
0.20893 780.5
0.20894 780.5
0.20895 780.5
0.20896 780.5
0.20897 780.5
0.20898 780.5
0.20899 780.5
0.20900 780.5
0.20901 780.5
0.20902 780.5
0.20903 780.5
0.20904 780.5
0.20905 780.5
0.20906 780.5
0.20907 780.5
0.20908 780.5
0.20909 780.5
0.20910 780.5
0.20911 780.5
0.20912 780.5
0.20913 780.5
0.20914 780.5
0.20915 780.5
0.20916 780.5
0.20917 780.5
0.20918 780.5
0.20919 780.5
0.20920 780.5
0.20921 780.5
0.20922 780.5
0.20923 780.5
0.20924 780.5
0.20925 780.5
0.20926 780.5
0.20927 780.5
0.20928 780.5
0.20929 780.5
0.20930 780.5
0.20931 780.5
0.20932 780.5
0.20933 780.5
0.20934 780.5
0.20935 780.5
0.20936 780.5
0.20937 780.5
0.20938 780.5
0.20939 780.5
0.20940 780.5
0.20941 780.5
0.20942 780.5
0.20943 780.5
0.20944 780.5
0.20945 780.5
0.20946 780.5
0.20947 780.5
0.20948 780.5
0.20949 780.5
0.20950 780.5
0.20951 780.5
0.20952 780.5
0.20953 780.5
0.20954 780.5
0.20955 780.5
0.20956 780.5
0.20957 780.5
0.20958 780.5
0.20959 780.5
0.20960 780.5
0.20961 780.5
0.20962 780.5
0.20963 780.5
0.20964 780.5
0.20965 780.5
0.20966 780.5
0.20967 780.5
0.20968 780.5
0.20969 780.5
0.20970 780.5
0.20971 780.5
0.20972 780.5
0.20973 780.5
0.20974 780.5
0.20975 780.5
0.20976 780.5
0.20977 780.5
0.20978 780.5
0.20979 780.5
0.20980 780.5
0.20981 780.5
0.20982 780.5
0.20983 780.5
0.20984 780.5
0.20985 780.5
0.20986 780.5
0.20987 780.5
0.20988 780.5
0.20989 780.5
0.20990 780.5
0.20991 780.5
0.20992 780.5
0.20993 780.5
0.20994 780.5
0.20995 780.5
0.20996 780.5
0.20997 780.5
0.20998 780.5
0.20999 780.5
0.21000 780.5
0.21001 780.5
0.21002 780.5
0.21003 780.5
0.21004 780.5
0.21005 780.5
0.21006 780.5
0.21007 780.5
0.21008 780.5
0.21009 780.5
0.21010 780.5
0.21011 780.5
0.21012 780.5
0.21013 780.5
0.21014 780.5
0.21015 780.5
0.21016 780.5
0.21017 780.5
0.21018 780.5
0.21019 780.5
0.21020 780.5
0.21021 780.5
0.21022 780.5
0.21023 780.5
0.21024 780.5
0.21025 780.5
0.21026 780.5
0.21027 780.5
0.21028 780.5
0.21029 780.5
0.21030 780.5
0.21031 780.5
0.21032 780.5
0.21033 780.5
0.21034 780.5
0.21035 780.5
0.21036 780.5
0.21037 780.5
0.21038 780.5
0.21039 780.5
0.21040 780.5
0.21041 780.5
0.21042 780.5
0.21043 780.5
0.21044 780.5
0.21045 780.5
0.21046 780.5
0.21047 780.5
0.21048 780.5
0.21049 780.5
0.21050 780.5
0.21051 780.5
0.21052 780.5
0.21053 780.5
0.21054 780.5
0.21055 780.5
0.21056 780.5
0.21057 780.5
0.21058 780.5
0.21059 780.5
0.21060 780.5
0.21061 780.5
0.21062 780.5
0.21063 780.5
0.21064 780.5
0.21065 780.5
0.21066 780.5
0.21067 780.5
0.21068 780.5
0.21069 780.5
0.21070 780.5
0.21071 780.5
0.21072 780.5
0.21073 780.5
0.21074 780.5
0.21075 780.5
0.21076 780.5
0.21077 780.5
0.21078 780.5
0.21079 780.5
0.21080 780.5
0.21081 780.5
0.21082 780.5
0.21083 780.5
0.21084 780.5
0.21085 780.5
0.21086 780.5
0.21087 780.5
0.21088 780.5
0.21089 780.5
0.21090 780.5
0.21091 780.5
0.21092 780.5
0.21093 780.5
0.21094 780.5
0.21095 780.5
0.21096 780.5
0.21097 780.5
0.21098 780.5
0.21099 780.5
0.21100 780.5
0.21101 780.5
0.21102 780.5
0.21103 780.5
0.21104 780.5
0.21105 780.5
0.21106 780.5
0.21107 780.5
0.21108 780.5
0.21109 780.5
0.21110 780.5
0.21111 780.5
0.21112 780.5
0.21113 780.5
0.21114 780.5
0.21115 780.5
0.21116 780.5
0.21117 780.5
0.21118 780.5
0.21119 780.5
0.21120 780.5
0.21121 780.5
0.21122 780.5
0.21123 780.5
0.21124 780.5
0.21125 780.5
0.21126 780.5
0.21127 780.5
0.21128 780.5
0.21129 780.5
0.21130 780.5
0.21131 780.5
0.21132 780.5
0.21133 780.5
0.21134 780.5
0.21135 780.5
0.21136 780.5
0.21137 780.5
0.21138 780.5
0.21139 780.5
0.21140 780.5
0.21141 780.5
0.21142 780.5
0.21143 780.5
0.21144 780.5
0.21145 780.5
0.21146 780.5
0.21147 780.5
0.21148 780.5
0.21149 780.5
0.21150 780.5
0.21151 780.5
0.21152 780.5
0.21153 780.5
0.21154 780.5
0.21155 780.5
0.21156 780.5
0.21157 780.5
0.21158 780.5
0.21159 780.5
0.21160 780.5
0.21161 780.5
0.21162 780.5
0.21163 780.5
0.21164 780.5
0.21165 780.5
0.21166 780.5
0.21167 780.5
0.21168 780.5
0.21169 780.5
0.21170 780.5
0.21171 780.5
0.21172 780.5
0.21173 780.5
0.21174 780.5
0.21175 780.5
0.21176 780.5
0.21177 780.5
0.21178 780.5
0.21179 780.5
0.21180 780.5
0.21181 780.5
0.21182 780.5
0.21183 780.5
0.21184 780.5
0.21185 780.5
0.21186 780.5
0.21187 780.5
0.21188 780.5
0.21189 780.5
0.21190 780.5
0.21191 780.5
0.21192 780.5
0.21193 780.5
0.21194 780.5
0.21195 780.5
0.21196 780.5
0.21197 780.5
0.21198 780.5
0.21199 780.5
0.21200 780.5
0.21201 780.5
0.21202 780.5
0.21203 780.5
0.21204 780.5
0.21205 780.5
0.21206 780.5
0.21207 780.5
0.21208 780.5
0.21209 780.5
0.21210 780.5
0.21211 780.5
0.21212 780.5
0.21213 780.5
0.21214 780.5
0.21215 780.5
0.21216 780.5
0.21217 780.5
0.21218 780.5
0.21219 780.5
0.21220 780.5
0.21221 780.5
0.21222 780.5
0.21223 780.5
0.21224 780.5
0.21225 780.5
0.21226 780.5
0.21227 780.5
0.21228 780.5
0.21229 780.5
0.21230 780.5
0.21231 780.5
0.21232 780.5
0.21233 780.5
0.21234 780.5
0.21235 780.5
0.21236 780.5
0.21237 780.5
0.21238 780.5
0.21239 780.5
0.21240 780.5
0.21241 780.5
0.21242 780.5
0.21243 780.5
0.21244 780.5
0.21245 780.5
0.21246 780.5
0.21247 780.5
0.21248 780.5
0.21249 780.5
0.21250 780.5
0.21251 780.5
0.21252 780.5
0.21253 780.5
0.21254 780.5
0.21255 780.5
0.21256 780.5
0.21257 780.5
0.21258 780.5
0.21259 780.5
0.21260 780.5
0.21261 780.5
0.21262 780.5
0.21263 780.5
0.21264 780.5
0.21265 780.5
0.21266 780.5
0.21267 780.5
0.21268 780.5
0.21269 780.5
0.21270 780.5
0.21271 780.5
0.21272 780.5
0.21273 780.5
0.21274 780.5
0.21275 780.5
0.21276 780.5
0.21277 780.5
0.21278 780.5
0.21279 780.5
0.21280 780.5
0.21281 780.5
0.21282 780.5
0.21283 780.5
0.21284 780.5
0.21285 780.5
0.21286 780.5
0.21287 780.5
0.21288 780.5
0.21289 780.5
0.21290 780.5
0.21291 780.5
0.21292 780.5
0.21293 780.5
0.21294 780.5
0.21295 780.5
0.21296 780.5
0.21297 780.5
0.21298 780.5
0.21299 780.5
0.21300 780.5
0.21301 780.5
0.21302 780.5
0.21303 780.5
0.21304 780.5
0.21305 780.5
0.21306 780.5
0.21307 780.5
0.21308 780.5
0.21309 780.5
0.21310 780.5
0.21311 780.5
0.21312 780.5
0.21313 780.5
0.21314 780.5
0.21315 780.5
0.21316 780.5
0.21317 780.5
0.21318 780.5
0.21319 780.5
0.21320 780.5
0.21321 780.5
0.21322 780.5
0.21323 780.5
0.21324 780.5
0.21325 780.5
0.21326 780.5
0.21327 780.5
0.21328 780.5
0.21329 780.5
0.21330 780.5
0.21331 780.5
0.21332 780.5
0.21333 780.5
0.21334 780.5
0.21335 780.5
0.21336 780.5
0.21337 780.5
0.21338 780.5
0.21339 780.5
0.21340 780.5
0.21341 780.5
0.21342 780.5
0.21343 780.5
0.21344 780.5
0.21345 780.5
0.21346 780.5
0.21347 780.5
0.21348 780.5
0.21349 780.5
0.21350 780.5
0.21351 780.5
0.21352 780.5
0.21353 780.5
0.21354 780.5
0.21355 780.5
0.21356 780.5
0.21357 780.5
0.21358 780.5
0.21359 780.5
0.21360 780.5
0.21361 780.5
0.21362 780.5
0.21363 780.5
0.21364 780.5
0.21365 780.5
0.21366 780.5
0.21367 780.5
0.21368 780.5
0.21369 780.5
0.21370 780.5
0.21371 780.5
0.21372 780.5
0.21373 780.5
0.21374 780.5
0.21375 780.5
0.21376 780.5
0.21377 780.5
0.21378 780.5
0.21379 780.5
0.21380 780.5
0.21381 780.5
0.21382 780.5
0.21383 780.5
0.21384 780.5
0.21385 780.5
0.21386 780.5
0.21387 780.5
0.21388 780.5
0.21389 780.5
0.21390 780.5
0.21391 780.5
0.21392 780.5
0.21393 780.5
0.21394 780.5
0.21395 780.5
0.21396 780.5
0.21397 780.5
0.21398 780.5
0.21399 780.5
0.21400 780.5
0.21401 780.5
0.21402 780.5
0.21403 780.5
0.21404 780.5
0.21405 780.5
0.21406 780.5
0.21407 780.5
0.21408 780.5
0.21409 780.5
0.21410 780.5
0.21411 780.5
0.21412 780.5
0.21413 780.5
0.21414 780.5
0.21415 780.5
0.21416 780.5
0.21417 780.5
0.21418 780.5
0.21419 780.5
0.21420 780.5
0.21421 780.5
0.21422 780.5
0.21423 780.5
0.21424 780.5
0.21425 780.5
0.21426 780.5
0.21427 780.5
0.21428 780.5
0.21429 780.5
0.21430 780.5
0.21431 780.5
0.21432 780.5
0.21433 780.5
0.21434 780.5
0.21435 780.5
0.21436 780.5
0.21437 780.5
0.21438 780.5
0.21439 780.5
0.21440 780.5
0.21441 780.5
0.21442 780.5
0.21443 780.5
0.21444 780.5
0.21445 780.5
0.21446 780.5
0.21447 780.5
0.21448 780.5
0.21449 780.5
0.21450 780.5
0.21451 780.5
0.21452 780.5
0.21453 780.5
0.21454 780.5
0.21455 780.5
0.21456 780.5
0.21457 780.5
0.21458 780.5
0.21459 780.5
0.21460 780.5
0.21461 780.5
0.21462 780.5
0.21463 780.5
0.21464 780.5
0.21465 780.5
0.21466 780.5
0.21467 780.5
0.21468 780.5
0.21469 780.5
0.21470 780.5
0.21471 780.5
0.21472 780.5
0.21473 780.5
0.21474 780.5
0.21475 780.5
0.21476 780.5
0.21477 780.5
0.21478 780.5
0.21479 780.5
0.21480 780.5
0.21481 780.5
0.21482 780.5
0.21483 780.5
0.21484 780.5
0.21485 780.5
0.21486 780.5
0.21487 780.5
0.21488 780.5
0.21489 780.5
0.21490 780.5
0.21491 780.5
0.21492 780.5
0.21493 780.5
0.21494 780.5
0.21495 780.5
0.21496 780.5
0.21497 780.5
0.21498 780.5
0.21499 780.5
0.21500 780.5
0.21501 780.5
0.21502 780.5
0.21503 780.5
0.21504 780.5
0.21505 780.5
0.21506 780.5
0.21507 780.5
0.21508 780.5
0.21509 780.5
0.21510 780.5
0.21511 780.5
0.21512 780.5
0.21513 780.5
0.21514 780.5
0.21515 780.5
0.21516 780.5
0.21517 780.5
0.21518 780.5
0.21519 780.5
0.21520 780.5
0.21521 780.5
0.21522 780.5
0.21523 780.5
0.21524 780.5
0.21525 780.5
0.21526 780.5
0.21527 780.5
0.21528 780.5
0.21529 780.5
0.21530 780.5
0.21531 780.5
0.21532 780.5
0.21533 780.5
0.21534 780.5
0.21535 780.5
0.21536 780.5
0.21537 780.5
0.21538 780.5
0.21539 780.5
0.21540 780.5
0.21541 780.5
0.21542 780.5
0.21543 780.5
0.21544 780.5
0.21545 780.5
0.21546 780.5
0.21547 780.5
0.21548 780.5
0.21549 780.5
0.21550 780.5
0.21551 780.5
0.21552 780.5
0.21553 780.5
0.21554 780.5
0.21555 780.5
0.21556 780.5
0.21557 780.5
0.21558 780.5
0.21559 780.5
0.21560 780.5
0.21561 780.5
0.21562 780.5
0.21563 780.5
0.21564 780.5
0.21565 780.5
0.21566 780.5
0.21567 780.5
0.21568 780.5
0.21569 780.5
0.21570 780.5
0.21571 780.5
0.21572 780.5
0.21573 780.5
0.21574 780.5
0.21575 780.5
0.21576 780.5
0.21577 780.5
0.21578 780.5
0.21579 780.5
0.21580 780.5
0.21581 780.5
0.21582 780.5
0.21583 780.5
0.21584 780.5
0.21585 780.5
0.21586 780.5
0.21587 780.5
0.21588 780.5
0.21589 780.5
0.21590 780.5
0.21591 780.5
0.21592 780.5
0.21593 780.5
0.21594 780.5
0.21595 780.5
0.21596 780.5
0.21597 780.5
0.21598 780.5
0.21599 780.5
0.21600 780.5
0.21601 780.5
0.21602 780.5
0.21603 780.5
0.21604 780.5
0.21605 780.5
0.21606 780.5
0.21607 780.5
0.21608 780.5
0.21609 780.5
0.21610 780.5
0.21611 780.5
0.21612 780.5
0.21613 780.5
0.21614 780.5
0.21615 780.5
0.21616 780.5
0.21617 780.5
0.21618 780.5
0.21619 780.5
0.21620 780.5
0.21621 780.5
0.21622 780.5
0.21623 780.5
0.21624 780.5
0.21625 780.5
0.21626 780.5
0.21627 780.5
0.21628 780.5
0.21629 780.5
0.21630 780.5
0.21631 780.5
0.21632 780.5
0.21633 780.5
0.21634 780.5
0.21635 780.5
0.21636 780.5
0.21637 780.5
0.21638 780.5
0.21639 780.5
0.21640 780.5
0.21641 780.5
0.21642 780.5
0.21643 780.5
0.21644 780.5
0.21645 780.5
0.21646 780.5
0.21647 780.5
0.21648 780.5
0.21649 780.5
0.21650 780.5
0.21651 780.5
0.21652 780.5
0.21653 780.5
0.21654 780.5
0.21655 780.5
0.21656 780.5
0.21657 780.5
0.21658 780.5
0.21659 780.5
0.21660 780.5
0.21661 780.5
0.21662 780.5
0.21663 780.5
0.21664 780.5
0.21665 780.5
0.21666 780.5
0.21667 780.5
0.21668 780.5
0.21669 780.5
0.21670 780.5
0.21671 780.5
0.21672 780.5
0.21673 780.5
0.21674 780.5
0.21675 780.5
0.21676 780.5
0.21677 780.5
0.21678 780.5
0.21679 780.5
0.21680 780.5
0.21681 780.5
0.21682 780.5
0.21683 780.5
0.21684 780.5
0.21685 780.5
0.21686 780.5
0.21687 780.5
0.21688 780.5
0.21689 780.5
0.21690 780.5
0.21691 780.5
0.21692 780.5
0.21693 780.5
0.21694 780.5
0.21695 780.5
0.21696 780.5
0.21697 780.5
0.21698 780.5
0.21699 780.5
0.21700 780.5
0.21701 780.5
0.21702 780.5
0.21703 780.5
0.21704 780.5
0.21705 780.5
0.21706 780.5
0.21707 780.5
0.21708 780.5
0.21709 780.5
0.21710 780.5
0.21711 780.5
0.21712 780.5
0.21713 780.5
0.21714 780.5
0.21715 780.5
0.21716 780.5
0.21717 780.5
0.21718 780.5
0.21719 780.5
0.21720 780.5
0.21721 780.5
0.21722 780.5
0.21723 780.5
0.21724 780.5
0.21725 780.5
0.21726 780.5
0.21727 780.5
0.21728 780.5
0.21729 780.5
0.21730 780.5
0.21731 780.5
0.21732 780.5
0.21733 780.5
0.21734 780.5
0.21735 780.5
0.21736 780.5
0.21737 780.5
0.21738 780.5
0.21739 780.5
0.21740 780.5
0.21741 780.5
0.21742 780.5
0.21743 780.5
0.21744 780.5
0.21745 780.5
0.21746 780.5
0.21747 780.5
0.21748 780.5
0.21749 780.5
0.21750 780.5
0.21751 780.5
0.21752 780.5
0.21753 780.5
0.21754 780.5
0.21755 780.5
0.21756 780.5
0.21757 780.5
0.21758 780.5
0.21759 780.5
0.21760 780.5
0.21761 780.5
0.21762 780.5
0.21763 780.5
0.21764 780.5
0.21765 780.5
0.21766 780.5
0.21767 780.5
0.21768 780.5
0.21769 780.5
0.21770 780.5
0.21771 780.5
0.21772 780.5
0.21773 780.5
0.21774 780.5
0.21775 780.5
0.21776 780.5
0.21777 780.5
0.21778 780.5
0.21779 780.5
0.21780 780.5
0.21781 780.5
0.21782 780.5
0.21783 780.5
0.21784 780.5
0.21785 780.5
0.21786 780.5
0.21787 780.5
0.21788 780.5
0.21789 780.5
0.21790 780.5
0.21791 780.5
0.21792 780.5
0.21793 780.5
0.21794 780.5
0.21795 780.5
0.21796 780.5
0.21797 780.5
0.21798 780.5
0.21799 780.5
0.21800 780.5
0.21801 780.5
0.21802 780.5
0.21803 780.5
0.21804 780.5
0.21805 780.5
0.21806 780.5
0.21807 780.5
0.21808 780.5
0.21809 780.5
0.21810 780.5
0.21811 780.5
0.21812 780.5
0.21813 780.5
0.21814 780.5
0.21815 780.5
0.21816 780.5
0.21817 780.5
0.21818 780.5
0.21819 780.5
0.21820 780.5
0.21821 780.5
0.21822 780.5
0.21823 780.5
0.21824 780.5
0.21825 780.5
0.21826 780.5
0.21827 780.5
0.21828 780.5
0.21829 780.5
0.21830 780.5
0.21831 780.5
0.21832 780.5
0.21833 780.5
0.21834 780.5
0.21835 780.5
0.21836 780.5
0.21837 780.5
0.21838 780.5
0.21839 780.5
0.21840 780.5
0.21841 780.5
0.21842 780.5
0.21843 780.5
0.21844 780.5
0.21845 780.5
0.21846 780.5
0.21847 780.5
0.21848 780.5
0.21849 780.5
0.21850 780.5
0.21851 780.5
0.21852 780.5
0.21853 780.5
0.21854 780.5
0.21855 780.5
0.21856 780.5
0.21857 780.5
0.21858 780.5
0.21859 780.5
0.21860 780.5
0.21861 780.5
0.21862 780.5
0.21863 780.5
0.21864 780.5
0.21865 780.5
0.21866 780.5
0.21867 780.5
0.21868 780.5
0.21869 780.5
0.21870 780.5
0.21871 780.5
0.21872 780.5
0.21873 780.5
0.21874 780.5
0.21875 780.5
0.21876 780.5
0.21877 780.5
0.21878 780.5
0.21879 780.5
0.21880 780.5
0.21881 780.5
0.21882 780.5
0.21883 780.5
0.21884 780.5
0.21885 780.5
0.21886 780.5
0.21887 780.5
0.21888 780.5
0.21889 780.5
0.21890 780.5
0.21891 780.5
0.21892 780.5
0.21893 780.5
0.21894 780.5
0.21895 780.5
0.21896 780.5
0.21897 780.5
0.21898 780.5
0.21899 780.5
0.21900 780.5
0.21901 780.5
0.21902 780.5
0.21903 780.5
0.21904 780.5
0.21905 780.5
0.21906 780.5
0.21907 780.5
0.21908 780.5
0.21909 780.5
0.21910 780.5
0.21911 780.5
0.21912 780.5
0.21913 780.5
0.21914 780.5
0.21915 780.5
0.21916 780.5
0.21917 780.5
0.21918 780.5
0.21919 780.5
0.21920 780.5
0.21921 780.5
0.21922 780.5
0.21923 780.5
0.21924 780.5
0.21925 780.5
0.21926 780.5
0.21927 780.5
0.21928 780.5
0.21929 780.5
0.21930 780.5
0.21931 780.5
0.21932 780.5
0.21933 780.5
0.21934 780.5
0.21935 780.5
0.21936 780.5
0.21937 780.5
0.21938 780.5
0.21939 780.5
0.21940 780.5
0.21941 780.5
0.21942 780.5
0.21943 780.5
0.21944 780.5
0.21945 780.5
0.21946 780.5
0.21947 780.5
0.21948 780.5
0.21949 780.5
0.21950 780.5
0.21951 780.5
0.21952 780.5
0.21953 780.5
0.21954 780.5
0.21955 780.5
0.21956 780.5
0.21957 780.5
0.21958 780.5
0.21959 780.5
0.21960 780.5
0.21961 780.5
0.21962 780.5
0.21963 780.5
0.21964 780.5
0.21965 780.5
0.21966 780.5
0.21967 780.5
0.21968 780.5
0.21969 780.5
0.21970 780.5
0.21971 780.5
0.21972 780.5
0.21973 780.5
0.21974 780.5
0.21975 780.5
0.21976 780.5
0.21977 780.5
0.21978 780.5
0.21979 780.5
0.21980 780.5
0.21981 780.5
0.21982 780.5
0.21983 780.5
0.21984 780.5
0.21985 780.5
0.21986 780.5
0.21987 780.5
0.21988 780.5
0.21989 780.5
0.21990 780.5
0.21991 780.5
0.21992 780.5
0.21993 780.5
0.21994 780.5
0.21995 780.5
0.21996 780.5
0.21997 780.5
0.21998 780.5
0.21999 780.5
0.22000 780.5
0.22001 780.5
0.22002 780.5
0.22003 780.5
0.22004 780.5
0.22005 780.5
0.22006 780.5
0.22007 780.5
0.22008 780.5
0.22009 780.5
0.22010 780.5
0.22011 780.5
0.22012 780.5
0.22013 780.5
0.22014 780.5
0.22015 780.5
0.22016 780.5
0.22017 780.5
0.22018 780.5
0.22019 780.5
0.22020 780.5
0.22021 780.5
0.22022 780.5
0.22023 780.5
0.22024 780.5
0.22025 780.5
0.22026 780.5
0.22027 780.5
0.22028 780.5
0.22029 780.5
0.22030 780.5
0.22031 780.5
0.22032 780.5
0.22033 780.5
0.22034 780.5
0.22035 780.5
0.22036 780.5
0.22037 780.5
0.22038 780.5
0.22039 780.5
0.22040 780.5
0.22041 780.5
0.22042 780.5
0.22043 780.5
0.22044 780.5
0.22045 780.5
0.22046 780.5
0.22047 780.5
0.22048 780.5
0.22049 780.5
0.22050 780.5
0.22051 780.5
0.22052 780.5
0.22053 780.5
0.22054 780.5
0.22055 780.5
0.22056 780.5
0.22057 780.5
0.22058 780.5
0.22059 780.5
0.22060 780.5
0.22061 780.5
0.22062 780.5
0.22063 780.5
0.22064 780.5
0.22065 780.5
0.22066 780.5
0.22067 780.5
0.22068 780.5
0.22069 780.5
0.22070 780.5
0.22071 780.5
0.22072 780.5
0.22073 780.5
0.22074 780.5
0.22075 780.5
0.22076 780.5
0.22077 780.5
0.22078 780.5
0.22079 780.5
0.22080 780.5
0.22081 780.5
0.22082 780.5
0.22083 780.5
0.22084 780.5
0.22085 780.5
0.22086 780.5
0.22087 780.5
0.22088 780.5
0.22089 780.5
0.22090 780.5
0.22091 780.5
0.22092 780.5
0.22093 780.5
0.22094 780.5
0.22095 780.5
0.22096 780.5
0.22097 780.5
0.22098 780.5
0.22099 780.5
0.22100 780.5
0.22101 780.5
0.22102 780.5
0.22103 780.5
0.22104 780.5
0.22105 780.5
0.22106 780.5
0.22107 780.5
0.22108 780.5
0.22109 780.5
0.22110 780.5
0.22111 780.5
0.22112 780.5
0.22113 780.5
0.22114 780.5
0.22115 780.5
0.22116 780.5
0.22117 780.5
0.22118 780.5
0.22119 780.5
0.22120 780.5
0.22121 780.5
0.22122 780.5
0.22123 780.5
0.22124 780.5
0.22125 780.5
0.22126 780.5
0.22127 780.5
0.22128 780.5
0.22129 780.5
0.22130 780.5
0.22131 780.5
0.22132 780.5
0.22133 780.5
0.22134 780.5
0.22135 780.5
0.22136 780.5
0.22137 780.5
0.22138 780.5
0.22139 780.5
0.22140 780.5
0.22141 780.5
0.22142 780.5
0.22143 780.5
0.22144 780.5
0.22145 780.5
0.22146 780.5
0.22147 780.5
0.22148 780.5
0.22149 780.5
0.22150 780.5
0.22151 780.5
0.22152 780.5
0.22153 780.5
0.22154 780.5
0.22155 780.5
0.22156 780.5
0.22157 780.5
0.22158 780.5
0.22159 780.5
0.22160 780.5
0.22161 780.5
0.22162 780.5
0.22163 780.5
0.22164 780.5
0.22165 780.5
0.22166 780.5
0.22167 780.5
0.22168 780.5
0.22169 780.5
0.22170 780.5
0.22171 780.5
0.22172 780.5
0.22173 780.5
0.22174 780.5
0.22175 780.5
0.22176 780.5
0.22177 780.5
0.22178 780.5
0.22179 780.5
0.22180 780.5
0.22181 780.5
0.22182 780.5
0.22183 780.5
0.22184 780.5
0.22185 780.5
0.22186 780.5
0.22187 780.5
0.22188 780.5
0.22189 780.5
0.22190 780.5
0.22191 780.5
0.22192 780.5
0.22193 780.5
0.22194 780.5
0.22195 780.5
0.22196 780.5
0.22197 780.5
0.22198 780.5
0.22199 780.5
0.22200 780.5
0.22201 780.5
0.22202 780.5
0.22203 780.5
0.22204 780.5
0.22205 780.5
0.22206 780.5
0.22207 780.5
0.22208 780.5
0.22209 780.5
0.22210 780.5
0.22211 780.5
0.22212 780.5
0.22213 780.5
0.22214 780.5
0.22215 780.5
0.22216 780.5
0.22217 780.5
0.22218 780.5
0.22219 780.5
0.22220 780.5
0.22221 780.5
0.22222 780.5
0.22223 780.5
0.22224 780.5
0.22225 780.5
0.22226 780.5
0.22227 780.5
0.22228 780.5
0.22229 780.5
0.22230 780.5
0.22231 780.5
0.22232 780.5
0.22233 780.5
0.22234 780.5
0.22235 780.5
0.22236 780.5
0.22237 780.5
0.22238 780.5
0.22239 780.5
0.22240 780.5
0.22241 780.5
0.22242 780.5
0.22243 780.5
0.22244 780.5
0.22245 780.5
0.22246 780.5
0.22247 780.5
0.22248 780.5
0.22249 780.5
0.22250 780.5
0.22251 780.5
0.22252 780.5
0.22253 780.5
0.22254 780.5
0.22255 780.5
0.22256 780.5
0.22257 780.5
0.22258 780.5
0.22259 780.5
0.22260 780.5
0.22261 780.5
0.22262 780.5
0.22263 780.5
0.22264 780.5
0.22265 780.5
0.22266 780.5
0.22267 780.5
0.22268 780.5
0.22269 780.5
0.22270 780.5
0.22271 780.5
0.22272 780.5
0.22273 780.5
0.22274 780.5
0.22275 780.5
0.22276 780.5
0.22277 780.5
0.22278 780.5
0.22279 780.5
0.22280 780.5
0.22281 780.5
0.22282 780.5
0.22283 780.5
0.22284 780.5
0.22285 780.5
0.22286 780.5
0.22287 780.5
0.22288 780.5
0.22289 780.5
0.22290 780.5
0.22291 780.5
0.22292 780.5
0.22293 780.5
0.22294 780.5
0.22295 780.5
0.22296 780.5
0.22297 780.5
0.22298 780.5
0.22299 780.5
0.22300 780.5
0.22301 780.5
0.22302 780.5
0.22303 780.5
0.22304 780.5
0.22305 780.5
0.22306 780.5
0.22307 780.5
0.22308 780.5
0.22309 780.5
0.22310 780.5
0.22311 780.5
0.22312 780.5
0.22313 780.5
0.22314 780.5
0.22315 780.5
0.22316 780.5
0.22317 780.5
0.22318 780.5
0.22319 780.5
0.22320 780.5
0.22321 780.5
0.22322 780.5
0.22323 780.5
0.22324 780.5
0.22325 780.5
0.22326 780.5
0.22327 780.5
0.22328 780.5
0.22329 780.5
0.22330 780.5
0.22331 780.5
0.22332 780.5
0.22333 780.5
0.22334 780.5
0.22335 780.5
0.22336 780.5
0.22337 780.5
0.22338 780.5
0.22339 780.5
0.22340 780.5
0.22341 780.5
0.22342 780.5
0.22343 780.5
0.22344 780.5
0.22345 780.5
0.22346 780.5
0.22347 780.5
0.22348 780.5
0.22349 780.5
0.22350 780.5
0.22351 780.5
0.22352 780.5
0.22353 780.5
0.22354 780.5
0.22355 780.5
0.22356 780.5
0.22357 780.5
0.22358 780.5
0.22359 780.5
0.22360 780.5
0.22361 780.5
0.22362 780.5
0.22363 780.5
0.22364 780.5
0.22365 780.5
0.22366 780.5
0.22367 780.5
0.22368 780.5
0.22369 780.5
0.22370 780.5
0.22371 780.5
0.22372 780.5
0.22373 780.5
0.22374 780.5
0.22375 780.5
0.22376 780.5
0.22377 780.5
0.22378 780.5
0.22379 780.5
0.22380 780.5
0.22381 780.5
0.22382 780.5
0.22383 780.5
0.22384 780.5
0.22385 780.5
0.22386 780.5
0.22387 780.5
0.22388 780.5
0.22389 780.5
0.22390 780.5
0.22391 780.5
0.22392 780.5
0.22393 780.5
0.22394 780.5
0.22395 780.5
0.22396 780.5
0.22397 780.5
0.22398 780.5
0.22399 780.5
0.22400 780.5
0.22401 780.5
0.22402 780.5
0.22403 780.5
0.22404 780.5
0.22405 780.5
0.22406 780.5
0.22407 780.5
0.22408 780.5
0.22409 780.5
0.22410 780.5
0.22411 780.5
0.22412 780.5
0.22413 780.5
0.22414 780.5
0.22415 780.5
0.22416 780.5
0.22417 780.5
0.22418 780.5
0.22419 780.5
0.22420 780.5
0.22421 780.5
0.22422 780.5
0.22423 780.5
0.22424 780.5
0.22425 780.5
0.22426 780.5
0.22427 780.5
0.22428 780.5
0.22429 780.5
0.22430 780.5
0.22431 780.5
0.22432 780.5
0.22433 780.5
0.22434 780.5
0.22435 780.5
0.22436 780.5
0.22437 780.5
0.22438 780.5
0.22439 780.5
0.22440 780.5
0.22441 780.5
0.22442 780.5
0.22443 780.5
0.22444 780.5
0.22445 780.5
0.22446 780.5
0.22447 780.5
0.22448 780.5
0.22449 780.5
0.22450 780.5
0.22451 780.5
0.22452 780.5
0.22453 780.5
0.22454 780.5
0.22455 780.5
0.22456 780.5
0.22457 780.5
0.22458 780.5
0.22459 780.5
0.22460 780.5
0.22461 780.5
0.22462 780.5
0.22463 780.5
0.22464 780.5
0.22465 780.5
0.22466 780.5
0.22467 780.5
0.22468 780.5
0.22469 780.5
0.22470 780.5
0.22471 780.5
0.22472 780.5
0.22473 780.5
0.22474 780.5
0.22475 780.5
0.22476 780.5
0.22477 780.5
0.22478 780.5
0.22479 780.5
0.22480 780.5
0.22481 780.5
0.22482 780.5
0.22483 780.5
0.22484 780.5
0.22485 780.5
0.22486 780.5
0.22487 780.5
0.22488 780.5
0.22489 780.5
0.22490 780.5
0.22491 780.5
0.22492 780.5
0.22493 780.5
0.22494 780.5
0.22495 780.5
0.22496 780.5
0.22497 780.5
0.22498 780.5
0.22499 780.5
0.22500 780.5
0.22501 780.5
0.22502 780.5
0.22503 780.5
0.22504 780.5
0.22505 780.5
0.22506 780.5
0.22507 780.5
0.22508 780.5
0.22509 780.5
0.22510 780.5
0.22511 780.5
0.22512 780.5
0.22513 780.5
0.22514 780.5
0.22515 780.5
0.22516 780.5
0.22517 780.5
0.22518 780.5
0.22519 780.5
0.22520 780.5
0.22521 780.5
0.22522 780.5
0.22523 780.5
0.22524 780.5
0.22525 780.5
0.22526 780.5
0.22527 780.5
0.22528 780.5
0.22529 780.5
0.22530 780.5
0.22531 780.5
0.22532 780.5
0.22533 780.5
0.22534 780.5
0.22535 780.5
0.22536 780.5
0.22537 780.5
0.22538 780.5
0.22539 780.5
0.22540 780.5
0.22541 780.5
0.22542 780.5
0.22543 780.5
0.22544 780.5
0.22545 780.5
0.22546 780.5
0.22547 780.5
0.22548 780.5
0.22549 780.5
0.22550 780.5
0.22551 780.5
0.22552 780.5
0.22553 780.5
0.22554 780.5
0.22555 780.5
0.22556 780.5
0.22557 780.5
0.22558 780.5
0.22559 780.5
0.22560 780.5
0.22561 780.5
0.22562 780.5
0.22563 780.5
0.22564 780.5
0.22565 780.5
0.22566 780.5
0.22567 780.5
0.22568 780.5
0.22569 780.5
0.22570 780.5
0.22571 780.5
0.22572 780.5
0.22573 780.5
0.22574 780.5
0.22575 780.5
0.22576 780.5
0.22577 780.5
0.22578 780.5
0.22579 780.5
0.22580 780.5
0.22581 780.5
0.22582 780.5
0.22583 780.5
0.22584 780.5
0.22585 780.5
0.22586 780.5
0.22587 780.5
0.22588 780.5
0.22589 780.5
0.22590 780.5
0.22591 780.5
0.22592 780.5
0.22593 780.5
0.22594 780.5
0.22595 780.5
0.22596 780.5
0.22597 780.5
0.22598 780.5
0.22599 780.5
0.22600 780.5
0.22601 780.5
0.22602 780.5
0.22603 780.5
0.22604 780.5
0.22605 780.5
0.22606 780.5
0.22607 780.5
0.22608 780.5
0.22609 780.5
0.22610 780.5
0.22611 780.5
0.22612 780.5
0.22613 780.5
0.22614 780.5
0.22615 780.5
0.22616 780.5
0.22617 780.5
0.22618 780.5
0.22619 780.5
0.22620 780.5
0.22621 780.5
0.22622 780.5
0.22623 780.5
0.22624 780.5
0.22625 780.5
0.22626 780.5
0.22627 780.5
0.22628 780.5
0.22629 780.5
0.22630 780.5
0.22631 780.5
0.22632 780.5
0.22633 780.5
0.22634 780.5
0.22635 780.5
0.22636 780.5
0.22637 780.5
0.22638 780.5
0.22639 780.5
0.22640 780.5
0.22641 780.5
0.22642 780.5
0.22643 780.5
0.22644 780.5
0.22645 780.5
0.22646 780.5
0.22647 780.5
0.22648 780.5
0.22649 780.5
0.22650 780.5
0.22651 780.5
0.22652 780.5
0.22653 780.5
0.22654 780.5
0.22655 780.5
0.22656 780.5
0.22657 780.5
0.22658 780.5
0.22659 780.5
0.22660 780.5
0.22661 780.5
0.22662 780.5
0.22663 780.5
0.22664 780.5
0.22665 780.5
0.22666 780.5
0.22667 780.5
0.22668 780.5
0.22669 780.5
0.22670 780.5
0.22671 780.5
0.22672 780.5
0.22673 780.5
0.22674 780.5
0.22675 780.5
0.22676 780.5
0.22677 780.5
0.22678 780.5
0.22679 780.5
0.22680 780.5
0.22681 780.5
0.22682 780.5
0.22683 780.5
0.22684 780.5
0.22685 780.5
0.22686 780.5
0.22687 780.5
0.22688 780.5
0.22689 780.5
0.22690 780.5
0.22691 780.5
0.22692 780.5
0.22693 780.5
0.22694 780.5
0.22695 780.5
0.22696 780.5
0.22697 780.5
0.22698 780.5
0.22699 780.5
0.22700 780.5
0.22701 780.5
0.22702 780.5
0.22703 780.5
0.22704 780.5
0.22705 780.5
0.22706 780.5
0.22707 780.5
0.22708 780.5
0.22709 780.5
0.22710 780.5
0.22711 780.5
0.22712 780.5
0.22713 780.5
0.22714 780.5
0.22715 780.5
0.22716 780.5
0.22717 780.5
0.22718 780.5
0.22719 780.5
0.22720 780.5
0.22721 780.5
0.22722 780.5
0.22723 780.5
0.22724 780.5
0.22725 780.5
0.22726 780.5
0.22727 780.5
0.22728 780.5
0.22729 780.5
0.22730 780.5
0.22731 780.5
0.22732 780.5
0.22733 780.5
0.22734 780.5
0.22735 780.5
0.22736 780.5
0.22737 780.5
0.22738 780.5
0.22739 780.5
0.22740 780.5
0.22741 780.5
0.22742 780.5
0.22743 780.5
0.22744 780.5
0.22745 780.5
0.22746 780.5
0.22747 780.5
0.22748 780.5
0.22749 780.5
0.22750 780.5
0.22751 780.5
0.22752 780.5
0.22753 780.5
0.22754 780.5
0.22755 780.5
0.22756 780.5
0.22757 780.5
0.22758 780.5
0.22759 780.5
0.22760 780.5
0.22761 780.5
0.22762 780.5
0.22763 780.5
0.22764 780.5
0.22765 780.5
0.22766 780.5
0.22767 780.5
0.22768 780.5
0.22769 780.5
0.22770 780.5
0.22771 780.5
0.22772 780.5
0.22773 780.5
0.22774 780.5
0.22775 780.5
0.22776 780.5
0.22777 780.5
0.22778 780.5
0.22779 780.5
0.22780 780.5
0.22781 780.5
0.22782 780.5
0.22783 780.5
0.22784 780.5
0.22785 780.5
0.22786 780.5
0.22787 780.5
0.22788 780.5
0.22789 780.5
0.22790 780.5
0.22791 780.5
0.22792 780.5
0.22793 780.5
0.22794 780.5
0.22795 780.5
0.22796 780.5
0.22797 780.5
0.22798 780.5
0.22799 780.5
0.22800 780.5
0.22801 780.5
0.22802 780.5
0.22803 780.5
0.22804 780.5
0.22805 780.5
0.22806 780.5
0.22807 780.5
0.22808 780.5
0.22809 780.5
0.22810 780.5
0.22811 780.5
0.22812 780.5
0.22813 780.5
0.22814 780.5
0.22815 780.5
0.22816 780.5
0.22817 780.5
0.22818 780.5
0.22819 780.5
0.22820 780.5
0.22821 780.5
0.22822 780.5
0.22823 780.5
0.22824 780.5
0.22825 780.5
0.22826 780.5
0.22827 780.5
0.22828 780.5
0.22829 780.5
0.22830 780.5
0.22831 780.5
0.22832 780.5
0.22833 780.5
0.22834 780.5
0.22835 780.5
0.22836 780.5
0.22837 780.5
0.22838 780.5
0.22839 780.5
0.22840 780.5
0.22841 780.5
0.22842 780.5
0.22843 780.5
0.22844 780.5
0.22845 780.5
0.22846 780.5
0.22847 780.5
0.22848 780.5
0.22849 780.5
0.22850 780.5
0.22851 780.5
0.22852 780.5
0.22853 780.5
0.22854 780.5
0.22855 780.5
0.22856 780.5
0.22857 780.5
0.22858 780.5
0.22859 780.5
0.22860 780.5
0.22861 780.5
0.22862 780.5
0.22863 780.5
0.22864 780.5
0.22865 780.5
0.22866 780.5
0.22867 780.5
0.22868 780.5
0.22869 780.5
0.22870 780.5
0.22871 780.5
0.22872 780.5
0.22873 780.5
0.22874 780.5
0.22875 780.5
0.22876 780.5
0.22877 780.5
0.22878 780.5
0.22879 780.5
0.22880 780.5
0.22881 780.5
0.22882 780.5
0.22883 780.5
0.22884 780.5
0.22885 780.5
0.22886 780.5
0.22887 780.5
0.22888 780.5
0.22889 780.5
0.22890 780.5
0.22891 780.5
0.22892 780.5
0.22893 780.5
0.22894 780.5
0.22895 780.5
0.22896 780.5
0.22897 780.5
0.22898 780.5
0.22899 780.5
0.22900 780.5
0.22901 780.5
0.22902 780.5
0.22903 780.5
0.22904 780.5
0.22905 780.5
0.22906 780.5
0.22907 780.5
0.22908 780.5
0.22909 780.5
0.22910 780.5
0.22911 780.5
0.22912 780.5
0.22913 780.5
0.22914 780.5
0.22915 780.5
0.22916 780.5
0.22917 780.5
0.22918 780.5
0.22919 780.5
0.22920 780.5
0.22921 780.5
0.22922 780.5
0.22923 780.5
0.22924 780.5
0.22925 780.5
0.22926 780.5
0.22927 780.5
0.22928 780.5
0.22929 780.5
0.22930 780.5
0.22931 780.5
0.22932 780.5
0.22933 780.5
0.22934 780.5
0.22935 780.5
0.22936 780.5
0.22937 780.5
0.22938 780.5
0.22939 780.5
0.22940 780.5
0.22941 780.5
0.22942 780.5
0.22943 780.5
0.22944 780.5
0.22945 780.5
0.22946 780.5
0.22947 780.5
0.22948 780.5
0.22949 780.5
0.22950 780.5
0.22951 780.5
0.22952 780.5
0.22953 780.5
0.22954 780.5
0.22955 780.5
0.22956 780.5
0.22957 780.5
0.22958 780.5
0.22959 780.5
0.22960 780.5
0.22961 780.5
0.22962 780.5
0.22963 780.5
0.22964 780.5
0.22965 780.5
0.22966 780.5
0.22967 780.5
0.22968 780.5
0.22969 780.5
0.22970 780.5
0.22971 780.5
0.22972 780.5
0.22973 780.5
0.22974 780.5
0.22975 780.5
0.22976 780.5
0.22977 780.5
0.22978 780.5
0.22979 780.5
0.22980 780.5
0.22981 780.5
0.22982 780.5
0.22983 780.5
0.22984 780.5
0.22985 780.5
0.22986 780.5
0.22987 780.5
0.22988 780.5
0.22989 780.5
0.22990 780.5
0.22991 780.5
0.22992 780.5
0.22993 780.5
0.22994 780.5
0.22995 780.5
0.22996 780.5
0.22997 780.5
0.22998 780.5
0.22999 780.5
0.23000 780.5
0.23001 780.5
0.23002 780.5
0.23003 780.5
0.23004 780.5
0.23005 780.5
0.23006 780.5
0.23007 780.5
0.23008 780.5
0.23009 780.5
0.23010 780.5
0.23011 780.5
0.23012 780.5
0.23013 780.5
0.23014 780.5
0.23015 780.5
0.23016 780.5
0.23017 780.5
0.23018 780.5
0.23019 780.5
0.23020 780.5
0.23021 780.5
0.23022 780.5
0.23023 780.5
0.23024 780.5
0.23025 780.5
0.23026 780.5
0.23027 780.5
0.23028 780.5
0.23029 780.5
0.23030 780.5
0.23031 780.5
0.23032 780.5
0.23033 780.5
0.23034 780.5
0.23035 780.5
0.23036 780.5
0.23037 780.5
0.23038 780.5
0.23039 780.5
0.23040 780.5
0.23041 780.5
0.23042 780.5
0.23043 780.5
0.23044 780.5
0.23045 780.5
0.23046 780.5
0.23047 780.5
0.23048 780.5
0.23049 780.5
0.23050 780.5
0.23051 780.5
0.23052 780.5
0.23053 780.5
0.23054 780.5
0.23055 780.5
0.23056 780.5
0.23057 780.5
0.23058 780.5
0.23059 780.5
0.23060 780.5
0.23061 780.5
0.23062 780.5
0.23063 780.5
0.23064 780.5
0.23065 780.5
0.23066 780.5
0.23067 780.5
0.23068 780.5
0.23069 780.5
0.23070 780.5
0.23071 780.5
0.23072 780.5
0.23073 780.5
0.23074 780.5
0.23075 780.5
0.23076 780.5
0.23077 780.5
0.23078 780.5
0.23079 780.5
0.23080 780.5
0.23081 780.5
0.23082 780.5
0.23083 780.5
0.23084 780.5
0.23085 780.5
0.23086 780.5
0.23087 780.5
0.23088 780.5
0.23089 780.5
0.23090 780.5
0.23091 780.5
0.23092 780.5
0.23093 780.5
0.23094 780.5
0.23095 780.5
0.23096 780.5
0.23097 780.5
0.23098 780.5
0.23099 780.5
0.23100 780.5
0.23101 780.5
0.23102 780.5
0.23103 780.5
0.23104 780.5
0.23105 780.5
0.23106 780.5
0.23107 780.5
0.23108 780.5
0.23109 780.5
0.23110 780.5
0.23111 780.5
0.23112 780.5
0.23113 780.5
0.23114 780.5
0.23115 780.5
0.23116 780.5
0.23117 780.5
0.23118 780.5
0.23119 780.5
0.23120 780.5
0.23121 780.5
0.23122 780.5
0.23123 780.5
0.23124 780.5
0.23125 780.5
0.23126 780.5
0.23127 780.5
0.23128 780.5
0.23129 780.5
0.23130 780.5
0.23131 780.5
0.23132 780.5
0.23133 780.5
0.23134 780.5
0.23135 780.5
0.23136 780.5
0.23137 780.5
0.23138 780.5
0.23139 780.5
0.23140 780.5
0.23141 780.5
0.23142 780.5
0.23143 780.5
0.23144 780.5
0.23145 780.5
0.23146 780.5
0.23147 780.5
0.23148 780.5
0.23149 780.5
0.23150 780.5
0.23151 780.5
0.23152 780.5
0.23153 780.5
0.23154 780.5
0.23155 780.5
0.23156 780.5
0.23157 780.5
0.23158 780.5
0.23159 780.5
0.23160 780.5
0.23161 780.5
0.23162 780.5
0.23163 780.5
0.23164 780.5
0.23165 780.5
0.23166 780.5
0.23167 780.5
0.23168 780.5
0.23169 780.5
0.23170 780.5
0.23171 780.5
0.23172 780.5
0.23173 780.5
0.23174 780.5
0.23175 780.5
0.23176 780.5
0.23177 780.5
0.23178 780.5
0.23179 780.5
0.23180 780.5
0.23181 780.5
0.23182 780.5
0.23183 780.5
0.23184 780.5
0.23185 780.5
0.23186 780.5
0.23187 780.5
0.23188 780.5
0.23189 780.5
0.23190 780.5
0.23191 780.5
0.23192 780.5
0.23193 780.5
0.23194 780.5
0.23195 780.5
0.23196 780.5
0.23197 780.5
0.23198 780.5
0.23199 780.5
0.23200 780.5
0.23201 780.5
0.23202 780.5
0.23203 780.5
0.23204 780.5
0.23205 780.5
0.23206 780.5
0.23207 780.5
0.23208 780.5
0.23209 780.5
0.23210 780.5
0.23211 780.5
0.23212 780.5
0.23213 780.5
0.23214 780.5
0.23215 780.5
0.23216 780.5
0.23217 780.5
0.23218 780.5
0.23219 780.5
0.23220 780.5
0.23221 780.5
0.23222 780.5
0.23223 780.5
0.23224 780.5
0.23225 780.5
0.23226 780.5
0.23227 780.5
0.23228 780.5
0.23229 780.5
0.23230 780.5
0.23231 780.5
0.23232 780.5
0.23233 780.5
0.23234 780.5
0.23235 780.5
0.23236 780.5
0.23237 780.5
0.23238 780.5
0.23239 780.5
0.23240 780.5
0.23241 780.5
0.23242 780.5
0.23243 780.5
0.23244 780.5
0.23245 780.5
0.23246 780.5
0.23247 780.5
0.23248 780.5
0.23249 780.5
0.23250 780.5
0.23251 780.5
0.23252 780.5
0.23253 780.5
0.23254 780.5
0.23255 780.5
0.23256 780.5
0.23257 780.5
0.23258 780.5
0.23259 780.5
0.23260 780.5
0.23261 780.5
0.23262 780.5
0.23263 780.5
0.23264 780.5
0.23265 780.5
0.23266 780.5
0.23267 780.5
0.23268 780.5
0.23269 780.5
0.23270 780.5
0.23271 780.5
0.23272 780.5
0.23273 780.5
0.23274 780.5
0.23275 780.5
0.23276 780.5
0.23277 780.5
0.23278 780.5
0.23279 780.5
0.23280 780.5
0.23281 780.5
0.23282 780.5
0.23283 780.5
0.23284 780.5
0.23285 780.5
0.23286 780.5
0.23287 780.5
0.23288 780.5
0.23289 780.5
0.23290 780.5
0.23291 780.5
0.23292 780.5
0.23293 780.5
0.23294 780.5
0.23295 780.5
0.23296 780.5
0.23297 780.5
0.23298 780.5
0.23299 780.5
0.23300 780.5
0.23301 780.5
0.23302 780.5
0.23303 780.5
0.23304 780.5
0.23305 780.5
0.23306 780.5
0.23307 780.5
0.23308 780.5
0.23309 780.5
0.23310 780.5
0.23311 780.5
0.23312 780.5
0.23313 780.5
0.23314 780.5
0.23315 780.5
0.23316 780.5
0.23317 780.5
0.23318 780.5
0.23319 780.5
0.23320 780.5
0.23321 780.5
0.23322 780.5
0.23323 780.5
0.23324 780.5
0.23325 780.5
0.23326 780.5
0.23327 780.5
0.23328 780.5
0.23329 780.5
0.23330 780.5
0.23331 780.5
0.23332 780.5
0.23333 780.5
0.23334 780.5
0.23335 780.5
0.23336 780.5
0.23337 780.5
0.23338 780.5
0.23339 780.5
0.23340 780.5
0.23341 780.5
0.23342 780.5
0.23343 780.5
0.23344 780.5
0.23345 780.5
0.23346 780.5
0.23347 780.5
0.23348 780.5
0.23349 780.5
0.23350 780.5
0.23351 780.5
0.23352 780.5
0.23353 780.5
0.23354 780.5
0.23355 780.5
0.23356 780.5
0.23357 780.5
0.23358 780.5
0.23359 780.5
0.23360 780.5
0.23361 780.5
0.23362 780.5
0.23363 780.5
0.23364 780.5
0.23365 780.5
0.23366 780.5
0.23367 780.5
0.23368 780.5
0.23369 780.5
0.23370 780.5
0.23371 780.5
0.23372 780.5
0.23373 780.5
0.23374 780.5
0.23375 780.5
0.23376 780.5
0.23377 780.5
0.23378 780.5
0.23379 780.5
0.23380 780.5
0.23381 780.5
0.23382 780.5
0.23383 780.5
0.23384 780.5
0.23385 780.5
0.23386 780.5
0.23387 780.5
0.23388 780.5
0.23389 780.5
0.23390 780.5
0.23391 780.5
0.23392 780.5
0.23393 780.5
0.23394 780.5
0.23395 780.5
0.23396 780.5
0.23397 780.5
0.23398 780.5
0.23399 780.5
0.23400 780.5
0.23401 780.5
0.23402 780.5
0.23403 780.5
0.23404 780.5
0.23405 780.5
0.23406 780.5
0.23407 780.5
0.23408 780.5
0.23409 780.5
0.23410 780.5
0.23411 780.5
0.23412 780.5
0.23413 780.5
0.23414 780.5
0.23415 780.5
0.23416 780.5
0.23417 780.5
0.23418 780.5
0.23419 780.5
0.23420 780.5
0.23421 780.5
0.23422 780.5
0.23423 780.5
0.23424 780.5
0.23425 780.5
0.23426 780.5
0.23427 780.5
0.23428 780.5
0.23429 780.5
0.23430 780.5
0.23431 780.5
0.23432 780.5
0.23433 780.5
0.23434 780.5
0.23435 780.5
0.23436 780.5
0.23437 780.5
0.23438 780.5
0.23439 780.5
0.23440 780.5
0.23441 780.5
0.23442 780.5
0.23443 780.5
0.23444 780.5
0.23445 780.5
0.23446 780.5
0.23447 780.5
0.23448 780.5
0.23449 780.5
0.23450 780.5
0.23451 780.5
0.23452 780.5
0.23453 780.5
0.23454 780.5
0.23455 780.5
0.23456 780.5
0.23457 780.5
0.23458 780.5
0.23459 780.5
0.23460 780.5
0.23461 780.5
0.23462 780.5
0.23463 780.5
0.23464 780.5
0.23465 780.5
0.23466 780.5
0.23467 780.5
0.23468 780.5
0.23469 780.5
0.23470 780.5
0.23471 780.5
0.23472 780.5
0.23473 780.5
0.23474 780.5
0.23475 780.5
0.23476 780.5
0.23477 780.5
0.23478 780.5
0.23479 780.5
0.23480 780.5
0.23481 780.5
0.23482 780.5
0.23483 780.5
0.23484 780.5
0.23485 780.5
0.23486 780.5
0.23487 780.5
0.23488 780.5
0.23489 780.5
0.23490 780.5
0.23491 780.5
0.23492 780.5
0.23493 780.5
0.23494 780.5
0.23495 780.5
0.23496 780.5
0.23497 780.5
0.23498 780.5
0.23499 780.5
0.23500 780.5
0.23501 780.5
0.23502 780.5
0.23503 780.5
0.23504 780.5
0.23505 780.5
0.23506 780.5
0.23507 780.5
0.23508 780.5
0.23509 780.5
0.23510 780.5
0.23511 780.5
0.23512 780.5
0.23513 780.5
0.23514 780.5
0.23515 780.5
0.23516 780.5
0.23517 780.5
0.23518 780.5
0.23519 780.5
0.23520 780.5
0.23521 780.5
0.23522 780.5
0.23523 780.5
0.23524 780.5
0.23525 780.5
0.23526 780.5
0.23527 780.5
0.23528 780.5
0.23529 780.5
0.23530 780.5
0.23531 780.5
0.23532 780.5
0.23533 780.5
0.23534 780.5
0.23535 780.5
0.23536 780.5
0.23537 780.5
0.23538 780.5
0.23539 780.5
0.23540 780.5
0.23541 780.5
0.23542 780.5
0.23543 780.5
0.23544 780.5
0.23545 780.5
0.23546 780.5
0.23547 780.5
0.23548 780.5
0.23549 780.5
0.23550 780.5
0.23551 780.5
0.23552 780.5
0.23553 780.5
0.23554 780.5
0.23555 780.5
0.23556 780.5
0.23557 780.5
0.23558 780.5
0.23559 780.5
0.23560 780.5
0.23561 780.5
0.23562 780.5
0.23563 780.5
0.23564 780.5
0.23565 780.5
0.23566 780.5
0.23567 780.5
0.23568 780.5
0.23569 780.5
0.23570 780.5
0.23571 780.5
0.23572 780.5
0.23573 780.5
0.23574 780.5
0.23575 780.5
0.23576 780.5
0.23577 780.5
0.23578 780.5
0.23579 780.5
0.23580 780.5
0.23581 780.5
0.23582 780.5
0.23583 780.5
0.23584 780.5
0.23585 780.5
0.23586 780.5
0.23587 780.5
0.23588 780.5
0.23589 780.5
0.23590 780.5
0.23591 780.5
0.23592 780.5
0.23593 780.5
0.23594 780.5
0.23595 780.5
0.23596 780.5
0.23597 780.5
0.23598 780.5
0.23599 780.5
0.23600 780.5
0.23601 780.5
0.23602 780.5
0.23603 780.5
0.23604 780.5
0.23605 780.5
0.23606 780.5
0.23607 780.5
0.23608 780.5
0.23609 780.5
0.23610 780.5
0.23611 780.5
0.23612 780.5
0.23613 780.5
0.23614 780.5
0.23615 780.5
0.23616 780.5
0.23617 780.5
0.23618 780.5
0.23619 780.5
0.23620 780.5
0.23621 780.5
0.23622 780.5
0.23623 780.5
0.23624 780.5
0.23625 780.5
0.23626 780.5
0.23627 780.5
0.23628 780.5
0.23629 780.5
0.23630 780.5
0.23631 780.5
0.23632 780.5
0.23633 780.5
0.23634 780.5
0.23635 780.5
0.23636 780.5
0.23637 780.5
0.23638 780.5
0.23639 780.5
0.23640 780.5
0.23641 780.5
0.23642 780.5
0.23643 780.5
0.23644 780.5
0.23645 780.5
0.23646 780.5
0.23647 780.5
0.23648 780.5
0.23649 780.5
0.23650 780.5
0.23651 780.5
0.23652 780.5
0.23653 780.5
0.23654 780.5
0.23655 780.5
0.23656 780.5
0.23657 780.5
0.23658 780.5
0.23659 780.5
0.23660 780.5
0.23661 780.5
0.23662 780.5
0.23663 780.5
0.23664 780.5
0.23665 780.5
0.23666 780.5
0.23667 780.5
0.23668 780.5
0.23669 780.5
0.23670 780.5
0.23671 780.5
0.23672 780.5
0.23673 780.5
0.23674 780.5
0.23675 780.5
0.23676 780.5
0.23677 780.5
0.23678 780.5
0.23679 780.5
0.23680 780.5
0.23681 780.5
0.23682 780.5
0.23683 780.5
0.23684 780.5
0.23685 780.5
0.23686 780.5
0.23687 780.5
0.23688 780.5
0.23689 780.5
0.23690 780.5
0.23691 780.5
0.23692 780.5
0.23693 780.5
0.23694 780.5
0.23695 780.5
0.23696 780.5
0.23697 780.5
0.23698 780.5
0.23699 780.5
0.23700 780.5
0.23701 780.5
0.23702 780.5
0.23703 780.5
0.23704 780.5
0.23705 780.5
0.23706 780.5
0.23707 780.5
0.23708 780.5
0.23709 780.5
0.23710 780.5
0.23711 780.5
0.23712 780.5
0.23713 780.5
0.23714 780.5
0.23715 780.5
0.23716 780.5
0.23717 780.5
0.23718 780.5
0.23719 780.5
0.23720 780.5
0.23721 780.5
0.23722 780.5
0.23723 780.5
0.23724 780.5
0.23725 780.5
0.23726 780.5
0.23727 780.5
0.23728 780.5
0.23729 780.5
0.23730 780.5
0.23731 780.5
0.23732 780.5
0.23733 780.5
0.23734 780.5
0.23735 780.5
0.23736 780.5
0.23737 780.5
0.23738 780.5
0.23739 780.5
0.23740 780.5
0.23741 780.5
0.23742 780.5
0.23743 780.5
0.23744 780.5
0.23745 780.5
0.23746 780.5
0.23747 780.5
0.23748 780.5
0.23749 780.5
0.23750 780.5
0.23751 780.5
0.23752 780.5
0.23753 780.5
0.23754 780.5
0.23755 780.5
0.23756 780.5
0.23757 780.5
0.23758 780.5
0.23759 780.5
0.23760 780.5
0.23761 780.5
0.23762 780.5
0.23763 780.5
0.23764 780.5
0.23765 780.5
0.23766 780.5
0.23767 780.5
0.23768 780.5
0.23769 780.5
0.23770 780.5
0.23771 780.5
0.23772 780.5
0.23773 780.5
0.23774 780.5
0.23775 780.5
0.23776 780.5
0.23777 780.5
0.23778 780.5
0.23779 780.5
0.23780 780.5
0.23781 780.5
0.23782 780.5
0.23783 780.5
0.23784 780.5
0.23785 780.5
0.23786 780.5
0.23787 780.5
0.23788 780.5
0.23789 780.5
0.23790 780.5
0.23791 780.5
0.23792 780.5
0.23793 780.5
0.23794 780.5
0.23795 780.5
0.23796 780.5
0.23797 780.5
0.23798 780.5
0.23799 780.5
0.23800 780.5
0.23801 780.5
0.23802 780.5
0.23803 780.5
0.23804 780.5
0.23805 780.5
0.23806 780.5
0.23807 780.5
0.23808 780.5
0.23809 780.5
0.23810 780.5
0.23811 780.5
0.23812 780.5
0.23813 780.5
0.23814 780.5
0.23815 780.5
0.23816 780.5
0.23817 780.5
0.23818 780.5
0.23819 780.5
0.23820 780.5
0.23821 780.5
0.23822 780.5
0.23823 780.5
0.23824 780.5
0.23825 780.5
0.23826 780.5
0.23827 780.5
0.23828 780.5
0.23829 780.5
0.23830 780.5
0.23831 780.5
0.23832 780.5
0.23833 780.5
0.23834 780.5
0.23835 780.5
0.23836 780.5
0.23837 780.5
0.23838 780.5
0.23839 780.5
0.23840 780.5
0.23841 780.5
0.23842 780.5
0.23843 780.5
0.23844 780.5
0.23845 780.5
0.23846 780.5
0.23847 780.5
0.23848 780.5
0.23849 780.5
0.23850 780.5
0.23851 780.5
0.23852 780.5
0.23853 780.5
0.23854 780.5
0.23855 780.5
0.23856 780.5
0.23857 780.5
0.23858 780.5
0.23859 780.5
0.23860 780.5
0.23861 780.5
0.23862 780.5
0.23863 780.5
0.23864 780.5
0.23865 780.5
0.23866 780.5
0.23867 780.5
0.23868 780.5
0.23869 780.5
0.23870 780.5
0.23871 780.5
0.23872 780.5
0.23873 780.5
0.23874 780.5
0.23875 780.5
0.23876 780.5
0.23877 780.5
0.23878 780.5
0.23879 780.5
0.23880 780.5
0.23881 780.5
0.23882 780.5
0.23883 780.5
0.23884 780.5
0.23885 780.5
0.23886 780.5
0.23887 780.5
0.23888 780.5
0.23889 780.5
0.23890 780.5
0.23891 780.5
0.23892 780.5
0.23893 780.5
0.23894 780.5
0.23895 780.5
0.23896 780.5
0.23897 780.5
0.23898 780.5
0.23899 780.5
0.23900 780.5
0.23901 780.5
0.23902 780.5
0.23903 780.5
0.23904 780.5
0.23905 780.5
0.23906 780.5
0.23907 780.5
0.23908 780.5
0.23909 780.5
0.23910 780.5
0.23911 780.5
0.23912 780.5
0.23913 780.5
0.23914 780.5
0.23915 780.5
0.23916 780.5
0.23917 780.5
0.23918 780.5
0.23919 780.5
0.23920 780.5
0.23921 780.5
0.23922 780.5
0.23923 780.5
0.23924 780.5
0.23925 780.5
0.23926 780.5
0.23927 780.5
0.23928 780.5
0.23929 780.5
0.23930 780.5
0.23931 780.5
0.23932 780.5
0.23933 780.5
0.23934 780.5
0.23935 780.5
0.23936 780.5
0.23937 780.5
0.23938 780.5
0.23939 780.5
0.23940 780.5
0.23941 780.5
0.23942 780.5
0.23943 780.5
0.23944 780.5
0.23945 780.5
0.23946 780.5
0.23947 780.5
0.23948 780.5
0.23949 780.5
0.23950 780.5
0.23951 780.5
0.23952 780.5
0.23953 780.5
0.23954 780.5
0.23955 780.5
0.23956 780.5
0.23957 780.5
0.23958 780.5
0.23959 780.5
0.23960 780.5
0.23961 780.5
0.23962 780.5
0.23963 780.5
0.23964 780.5
0.23965 780.5
0.23966 780.5
0.23967 780.5
0.23968 780.5
0.23969 780.5
0.23970 780.5
0.23971 780.5
0.23972 780.5
0.23973 780.5
0.23974 780.5
0.23975 780.5
0.23976 780.5
0.23977 780.5
0.23978 780.5
0.23979 780.5
0.23980 780.5
0.23981 780.5
0.23982 780.5
0.23983 780.5
0.23984 780.5
0.23985 780.5
0.23986 780.5
0.23987 780.5
0.23988 780.5
0.23989 780.5
0.23990 780.5
0.23991 780.5
0.23992 780.5
0.23993 780.5
0.23994 780.5
0.23995 780.5
0.23996 780.5
0.23997 780.5
0.23998 780.5
0.23999 780.5
0.24000 780.5
0.24001 780.5
0.24002 780.5
0.24003 780.5
0.24004 780.5
0.24005 780.5
0.24006 780.5
0.24007 780.5
0.24008 780.5
0.24009 780.5
0.24010 780.5
0.24011 780.5
0.24012 780.5
0.24013 780.5
0.24014 780.5
0.24015 780.5
0.24016 780.5
0.24017 780.5
0.24018 780.5
0.24019 780.5
0.24020 780.5
0.24021 780.5
0.24022 780.5
0.24023 780.5
0.24024 780.5
0.24025 780.5
0.24026 780.5
0.24027 780.5
0.24028 780.5
0.24029 780.5
0.24030 780.5
0.24031 780.5
0.24032 780.5
0.24033 780.5
0.24034 780.5
0.24035 780.5
0.24036 780.5
0.24037 780.5
0.24038 780.5
0.24039 780.5
0.24040 780.5
0.24041 780.5
0.24042 780.5
0.24043 780.5
0.24044 780.5
0.24045 780.5
0.24046 780.5
0.24047 780.5
0.24048 780.5
0.24049 780.5
0.24050 780.5
0.24051 780.5
0.24052 780.5
0.24053 780.5
0.24054 780.5
0.24055 780.5
0.24056 780.5
0.24057 780.5
0.24058 780.5
0.24059 780.5
0.24060 780.5
0.24061 780.5
0.24062 780.5
0.24063 780.5
0.24064 780.5
0.24065 780.5
0.24066 780.5
0.24067 780.5
0.24068 780.5
0.24069 780.5
0.24070 780.5
0.24071 780.5
0.24072 780.5
0.24073 780.5
0.24074 780.5
0.24075 780.5
0.24076 780.5
0.24077 780.5
0.24078 780.5
0.24079 780.5
0.24080 780.5
0.24081 780.5
0.24082 780.5
0.24083 780.5
0.24084 780.5
0.24085 780.5
0.24086 780.5
0.24087 780.5
0.24088 780.5
0.24089 780.5
0.24090 780.5
0.24091 780.5
0.24092 780.5
0.24093 780.5
0.24094 780.5
0.24095 780.5
0.24096 780.5
0.24097 780.5
0.24098 780.5
0.24099 780.5
0.24100 780.5
0.24101 780.5
0.24102 780.5
0.24103 780.5
0.24104 780.5
0.24105 780.5
0.24106 780.5
0.24107 780.5
0.24108 780.5
0.24109 780.5
0.24110 780.5
0.24111 780.5
0.24112 780.5
0.24113 780.5
0.24114 780.5
0.24115 780.5
0.24116 780.5
0.24117 780.5
0.24118 780.5
0.24119 780.5
0.24120 780.5
0.24121 780.5
0.24122 780.5
0.24123 780.5
0.24124 780.5
0.24125 780.5
0.24126 780.5
0.24127 780.5
0.24128 780.5
0.24129 780.5
0.24130 780.5
0.24131 780.5
0.24132 780.5
0.24133 780.5
0.24134 780.5
0.24135 780.5
0.24136 780.5
0.24137 780.5
0.24138 780.5
0.24139 780.5
0.24140 780.5
0.24141 780.5
0.24142 780.5
0.24143 780.5
0.24144 780.5
0.24145 780.5
0.24146 780.5
0.24147 780.5
0.24148 780.5
0.24149 780.5
0.24150 780.5
0.24151 780.5
0.24152 780.5
0.24153 780.5
0.24154 780.5
0.24155 780.5
0.24156 780.5
0.24157 780.5
0.24158 780.5
0.24159 780.5
0.24160 780.5
0.24161 780.5
0.24162 780.5
0.24163 780.5
0.24164 780.5
0.24165 780.5
0.24166 780.5
0.24167 780.5
0.24168 780.5
0.24169 780.5
0.24170 780.5
0.24171 780.5
0.24172 780.5
0.24173 780.5
0.24174 780.5
0.24175 780.5
0.24176 780.5
0.24177 780.5
0.24178 780.5
0.24179 780.5
0.24180 780.5
0.24181 780.5
0.24182 780.5
0.24183 780.5
0.24184 780.5
0.24185 780.5
0.24186 780.5
0.24187 780.5
0.24188 780.5
0.24189 780.5
0.24190 780.5
0.24191 780.5
0.24192 780.5
0.24193 780.5
0.24194 780.5
0.24195 780.5
0.24196 780.5
0.24197 780.5
0.24198 780.5
0.24199 780.5
0.24200 780.5
0.24201 780.5
0.24202 780.5
0.24203 780.5
0.24204 780.5
0.24205 780.5
0.24206 780.5
0.24207 780.5
0.24208 780.5
0.24209 780.5
0.24210 780.5
0.24211 780.5
0.24212 780.5
0.24213 780.5
0.24214 780.5
0.24215 780.5
0.24216 780.5
0.24217 780.5
0.24218 780.5
0.24219 780.5
0.24220 780.5
0.24221 780.5
0.24222 780.5
0.24223 780.5
0.24224 780.5
0.24225 780.5
0.24226 780.5
0.24227 780.5
0.24228 780.5
0.24229 780.5
0.24230 780.5
0.24231 780.5
0.24232 780.5
0.24233 780.5
0.24234 780.5
0.24235 780.5
0.24236 780.5
0.24237 780.5
0.24238 780.5
0.24239 780.5
0.24240 780.5
0.24241 780.5
0.24242 780.5
0.24243 780.5
0.24244 780.5
0.24245 780.5
0.24246 780.5
0.24247 780.5
0.24248 780.5
0.24249 780.5
0.24250 780.5
0.24251 780.5
0.24252 780.5
0.24253 780.5
0.24254 780.5
0.24255 780.5
0.24256 780.5
0.24257 780.5
0.24258 780.5
0.24259 780.5
0.24260 780.5
0.24261 780.5
0.24262 780.5
0.24263 780.5
0.24264 780.5
0.24265 780.5
0.24266 780.5
0.24267 780.5
0.24268 780.5
0.24269 780.5
0.24270 780.5
0.24271 780.5
0.24272 780.5
0.24273 780.5
0.24274 780.5
0.24275 780.5
0.24276 780.5
0.24277 780.5
0.24278 780.5
0.24279 780.5
0.24280 780.5
0.24281 780.5
0.24282 780.5
0.24283 780.5
0.24284 780.5
0.24285 780.5
0.24286 780.5
0.24287 780.5
0.24288 780.5
0.24289 780.5
0.24290 780.5
0.24291 780.5
0.24292 780.5
0.24293 780.5
0.24294 780.5
0.24295 780.5
0.24296 780.5
0.24297 780.5
0.24298 780.5
0.24299 780.5
0.24300 780.5
0.24301 780.5
0.24302 780.5
0.24303 780.5
0.24304 780.5
0.24305 780.5
0.24306 780.5
0.24307 780.5
0.24308 780.5
0.24309 780.5
0.24310 780.5
0.24311 780.5
0.24312 780.5
0.24313 780.5
0.24314 780.5
0.24315 780.5
0.24316 780.5
0.24317 780.5
0.24318 780.5
0.24319 780.5
0.24320 780.5
0.24321 780.5
0.24322 780.5
0.24323 780.5
0.24324 780.5
0.24325 780.5
0.24326 780.5
0.24327 780.5
0.24328 780.5
0.24329 780.5
0.24330 780.5
0.24331 780.5
0.24332 780.5
0.24333 780.5
0.24334 780.5
0.24335 780.5
0.24336 780.5
0.24337 780.5
0.24338 780.5
0.24339 780.5
0.24340 780.5
0.24341 780.5
0.24342 780.5
0.24343 780.5
0.24344 780.5
0.24345 780.5
0.24346 780.5
0.24347 780.5
0.24348 780.5
0.24349 780.5
0.24350 780.5
0.24351 780.5
0.24352 780.5
0.24353 780.5
0.24354 780.5
0.24355 780.5
0.24356 780.5
0.24357 780.5
0.24358 780.5
0.24359 780.5
0.24360 780.5
0.24361 780.5
0.24362 780.5
0.24363 780.5
0.24364 780.5
0.24365 780.5
0.24366 780.5
0.24367 780.5
0.24368 780.5
0.24369 780.5
0.24370 780.5
0.24371 780.5
0.24372 780.5
0.24373 780.5
0.24374 780.5
0.24375 780.5
0.24376 780.5
0.24377 780.5
0.24378 780.5
0.24379 780.5
0.24380 780.5
0.24381 780.5
0.24382 780.5
0.24383 780.5
0.24384 780.5
0.24385 780.5
0.24386 780.5
0.24387 780.5
0.24388 780.5
0.24389 780.5
0.24390 780.5
0.24391 780.5
0.24392 780.5
0.24393 780.5
0.24394 780.5
0.24395 780.5
0.24396 780.5
0.24397 780.5
0.24398 780.5
0.24399 780.5
0.24400 780.5
0.24401 780.5
0.24402 780.5
0.24403 780.5
0.24404 780.5
0.24405 780.5
0.24406 780.5
0.24407 780.5
0.24408 780.5
0.24409 780.5
0.24410 780.5
0.24411 780.5
0.24412 780.5
0.24413 780.5
0.24414 780.5
0.24415 780.5
0.24416 780.5
0.24417 780.5
0.24418 780.5
0.24419 780.5
0.24420 780.5
0.24421 780.5
0.24422 780.5
0.24423 780.5
0.24424 780.5
0.24425 780.5
0.24426 780.5
0.24427 780.5
0.24428 780.5
0.24429 780.5
0.24430 780.5
0.24431 780.5
0.24432 780.5
0.24433 780.5
0.24434 780.5
0.24435 780.5
0.24436 780.5
0.24437 780.5
0.24438 780.5
0.24439 780.5
0.24440 780.5
0.24441 780.5
0.24442 780.5
0.24443 780.5
0.24444 780.5
0.24445 780.5
0.24446 780.5
0.24447 780.5
0.24448 780.5
0.24449 780.5
0.24450 780.5
0.24451 780.5
0.24452 780.5
0.24453 780.5
0.24454 780.5
0.24455 780.5
0.24456 780.5
0.24457 780.5
0.24458 780.5
0.24459 780.5
0.24460 780.5
0.24461 780.5
0.24462 780.5
0.24463 780.5
0.24464 780.5
0.24465 780.5
0.24466 780.5
0.24467 780.5
0.24468 780.5
0.24469 780.5
0.24470 780.5
0.24471 780.5
0.24472 780.5
0.24473 780.5
0.24474 780.5
0.24475 780.5
0.24476 780.5
0.24477 780.5
0.24478 780.5
0.24479 780.5
0.24480 780.5
0.24481 780.5
0.24482 780.5
0.24483 780.5
0.24484 780.5
0.24485 780.5
0.24486 780.5
0.24487 780.5
0.24488 780.5
0.24489 780.5
0.24490 780.5
0.24491 780.5
0.24492 780.5
0.24493 780.5
0.24494 780.5
0.24495 780.5
0.24496 780.5
0.24497 780.5
0.24498 780.5
0.24499 780.5
0.24500 780.5
0.24501 780.5
0.24502 780.5
0.24503 780.5
0.24504 780.5
0.24505 780.5
0.24506 780.5
0.24507 780.5
0.24508 780.5
0.24509 780.5
0.24510 780.5
0.24511 780.5
0.24512 780.5
0.24513 780.5
0.24514 780.5
0.24515 780.5
0.24516 780.5
0.24517 780.5
0.24518 780.5
0.24519 780.5
0.24520 780.5
0.24521 780.5
0.24522 780.5
0.24523 780.5
0.24524 780.5
0.24525 780.5
0.24526 780.5
0.24527 780.5
0.24528 780.5
0.24529 780.5
0.24530 780.5
0.24531 780.5
0.24532 780.5
0.24533 780.5
0.24534 780.5
0.24535 780.5
0.24536 780.5
0.24537 780.5
0.24538 780.5
0.24539 780.5
0.24540 780.5
0.24541 780.5
0.24542 780.5
0.24543 780.5
0.24544 780.5
0.24545 780.5
0.24546 780.5
0.24547 780.5
0.24548 780.5
0.24549 780.5
0.24550 780.5
0.24551 780.5
0.24552 780.5
0.24553 780.5
0.24554 780.5
0.24555 780.5
0.24556 780.5
0.24557 780.5
0.24558 780.5
0.24559 780.5
0.24560 780.5
0.24561 780.5
0.24562 780.5
0.24563 780.5
0.24564 780.5
0.24565 780.5
0.24566 780.5
0.24567 780.5
0.24568 780.5
0.24569 780.5
0.24570 780.5
0.24571 780.5
0.24572 780.5
0.24573 780.5
0.24574 780.5
0.24575 780.5
0.24576 780.5
0.24577 780.5
0.24578 780.5
0.24579 780.5
0.24580 780.5
0.24581 780.5
0.24582 780.5
0.24583 780.5
0.24584 780.5
0.24585 780.5
0.24586 780.5
0.24587 780.5
0.24588 780.5
0.24589 780.5
0.24590 780.5
0.24591 780.5
0.24592 780.5
0.24593 780.5
0.24594 780.5
0.24595 780.5
0.24596 780.5
0.24597 780.5
0.24598 780.5
0.24599 780.5
0.24600 780.5
0.24601 780.5
0.24602 780.5
0.24603 780.5
0.24604 780.5
0.24605 780.5
0.24606 780.5
0.24607 780.5
0.24608 780.5
0.24609 780.5
0.24610 780.5
0.24611 780.5
0.24612 780.5
0.24613 780.5
0.24614 780.5
0.24615 780.5
0.24616 780.5
0.24617 780.5
0.24618 780.5
0.24619 780.5
0.24620 780.5
0.24621 780.5
0.24622 780.5
0.24623 780.5
0.24624 780.5
0.24625 780.5
0.24626 780.5
0.24627 780.5
0.24628 780.5
0.24629 780.5
0.24630 780.5
0.24631 780.5
0.24632 780.5
0.24633 780.5
0.24634 780.5
0.24635 780.5
0.24636 780.5
0.24637 780.5
0.24638 780.5
0.24639 780.5
0.24640 780.5
0.24641 780.5
0.24642 780.5
0.24643 780.5
0.24644 780.5
0.24645 780.5
0.24646 780.5
0.24647 780.5
0.24648 780.5
0.24649 780.5
0.24650 780.5
0.24651 780.5
0.24652 780.5
0.24653 780.5
0.24654 780.5
0.24655 780.5
0.24656 780.5
0.24657 780.5
0.24658 780.5
0.24659 780.5
0.24660 780.5
0.24661 780.5
0.24662 780.5
0.24663 780.5
0.24664 780.5
0.24665 780.5
0.24666 780.5
0.24667 780.5
0.24668 780.5
0.24669 780.5
0.24670 780.5
0.24671 780.5
0.24672 780.5
0.24673 780.5
0.24674 780.5
0.24675 780.5
0.24676 780.5
0.24677 780.5
0.24678 780.5
0.24679 780.5
0.24680 780.5
0.24681 780.5
0.24682 780.5
0.24683 780.5
0.24684 780.5
0.24685 780.5
0.24686 780.5
0.24687 780.5
0.24688 780.5
0.24689 780.5
0.24690 780.5
0.24691 780.5
0.24692 780.5
0.24693 780.5
0.24694 780.5
0.24695 780.5
0.24696 780.5
0.24697 780.5
0.24698 780.5
0.24699 780.5
0.24700 780.5
0.24701 780.5
0.24702 780.5
0.24703 780.5
0.24704 780.5
0.24705 780.5
0.24706 780.5
0.24707 780.5
0.24708 780.5
0.24709 780.5
0.24710 780.5
0.24711 780.5
0.24712 780.5
0.24713 780.5
0.24714 780.5
0.24715 780.5
0.24716 780.5
0.24717 780.5
0.24718 780.5
0.24719 780.5
0.24720 780.5
0.24721 780.5
0.24722 780.5
0.24723 780.5
0.24724 780.5
0.24725 780.5
0.24726 780.5
0.24727 780.5
0.24728 780.5
0.24729 780.5
0.24730 780.5
0.24731 780.5
0.24732 780.5
0.24733 780.5
0.24734 780.5
0.24735 780.5
0.24736 780.5
0.24737 780.5
0.24738 780.5
0.24739 780.5
0.24740 780.5
0.24741 780.5
0.24742 780.5
0.24743 780.5
0.24744 780.5
0.24745 780.5
0.24746 780.5
0.24747 780.5
0.24748 780.5
0.24749 780.5
0.24750 780.5
0.24751 780.5
0.24752 780.5
0.24753 780.5
0.24754 780.5
0.24755 780.5
0.24756 780.5
0.24757 780.5
0.24758 780.5
0.24759 780.5
0.24760 780.5
0.24761 780.5
0.24762 780.5
0.24763 780.5
0.24764 780.5
0.24765 780.5
0.24766 780.5
0.24767 780.5
0.24768 780.5
0.24769 780.5
0.24770 780.5
0.24771 780.5
0.24772 780.5
0.24773 780.5
0.24774 780.5
0.24775 780.5
0.24776 780.5
0.24777 780.5
0.24778 780.5
0.24779 780.5
0.24780 780.5
0.24781 780.5
0.24782 780.5
0.24783 780.5
0.24784 780.5
0.24785 780.5
0.24786 780.5
0.24787 780.5
0.24788 780.5
0.24789 780.5
0.24790 780.5
0.24791 780.5
0.24792 780.5
0.24793 780.5
0.24794 780.5
0.24795 780.5
0.24796 780.5
0.24797 780.5
0.24798 780.5
0.24799 780.5
0.24800 780.5
0.24801 780.5
0.24802 780.5
0.24803 780.5
0.24804 780.5
0.24805 780.5
0.24806 780.5
0.24807 780.5
0.24808 780.5
0.24809 780.5
0.24810 780.5
0.24811 780.5
0.24812 780.5
0.24813 780.5
0.24814 780.5
0.24815 780.5
0.24816 780.5
0.24817 780.5
0.24818 780.5
0.24819 780.5
0.24820 780.5
0.24821 780.5
0.24822 780.5
0.24823 780.5
0.24824 780.5
0.24825 780.5
0.24826 780.5
0.24827 780.5
0.24828 780.5
0.24829 780.5
0.24830 780.5
0.24831 780.5
0.24832 780.5
0.24833 780.5
0.24834 780.5
0.24835 780.5
0.24836 780.5
0.24837 780.5
0.24838 780.5
0.24839 780.5
0.24840 780.5
0.24841 780.5
0.24842 780.5
0.24843 780.5
0.24844 780.5
0.24845 780.5
0.24846 780.5
0.24847 780.5
0.24848 780.5
0.24849 780.5
0.24850 780.5
0.24851 780.5
0.24852 780.5
0.24853 780.5
0.24854 780.5
0.24855 780.5
0.24856 780.5
0.24857 780.5
0.24858 780.5
0.24859 780.5
0.24860 780.5
0.24861 780.5
0.24862 780.5
0.24863 780.5
0.24864 780.5
0.24865 780.5
0.24866 780.5
0.24867 780.5
0.24868 780.5
0.24869 780.5
0.24870 780.5
0.24871 780.5
0.24872 780.5
0.24873 780.5
0.24874 780.5
0.24875 780.5
0.24876 780.5
0.24877 780.5
0.24878 780.5
0.24879 780.5
0.24880 780.5
0.24881 780.5
0.24882 780.5
0.24883 780.5
0.24884 780.5
0.24885 780.5
0.24886 780.5
0.24887 780.5
0.24888 780.5
0.24889 780.5
0.24890 780.5
0.24891 780.5
0.24892 780.5
0.24893 780.5
0.24894 780.5
0.24895 780.5
0.24896 780.5
0.24897 780.5
0.24898 780.5
0.24899 780.5
0.24900 780.5
0.24901 780.5
0.24902 780.5
0.24903 780.5
0.24904 780.5
0.24905 780.5
0.24906 780.5
0.24907 780.5
0.24908 780.5
0.24909 780.5
0.24910 780.5
0.24911 780.5
0.24912 780.5
0.24913 780.5
0.24914 780.5
0.24915 780.5
0.24916 780.5
0.24917 780.5
0.24918 780.5
0.24919 780.5
0.24920 780.5
0.24921 780.5
0.24922 780.5
0.24923 780.5
0.24924 780.5
0.24925 780.5
0.24926 780.5
0.24927 780.5
0.24928 780.5
0.24929 780.5
0.24930 780.5
0.24931 780.5
0.24932 780.5
0.24933 780.5
0.24934 780.5
0.24935 780.5
0.24936 780.5
0.24937 780.5
0.24938 780.5
0.24939 780.5
0.24940 780.5
0.24941 780.5
0.24942 780.5
0.24943 780.5
0.24944 780.5
0.24945 780.5
0.24946 780.5
0.24947 780.5
0.24948 780.5
0.24949 780.5
0.24950 780.5
0.24951 780.5
0.24952 780.5
0.24953 780.5
0.24954 780.5
0.24955 780.5
0.24956 780.5
0.24957 780.5
0.24958 780.5
0.24959 780.5
0.24960 780.5
0.24961 780.5
0.24962 780.5
0.24963 780.5
0.24964 780.5
0.24965 780.5
0.24966 780.5
0.24967 780.5
0.24968 780.5
0.24969 780.5
0.24970 780.5
0.24971 780.5
0.24972 780.5
0.24973 780.5
0.24974 780.5
0.24975 780.5
0.24976 780.5
0.24977 780.5
0.24978 780.5
0.24979 780.5
0.24980 780.5
0.24981 780.5
0.24982 780.5
0.24983 780.5
0.24984 780.5
0.24985 780.5
0.24986 780.5
0.24987 780.5
0.24988 780.5
0.24989 780.5
0.24990 780.5
0.24991 780.5
0.24992 780.5
0.24993 780.5
0.24994 780.5
0.24995 780.5
0.24996 780.5
0.24997 780.5
0.24998 780.5
0.24999 780.5
0.25000 780.5
0.25001 780.5
0.25002 780.5
0.25003 780.5
0.25004 780.5
0.25005 780.5
0.25006 780.5
0.25007 780.5
0.25008 780.5
0.25009 780.5
0.25010 780.5
0.25011 780.5
0.25012 780.5
0.25013 780.5
0.25014 780.5
0.25015 780.5
0.25016 780.5
0.25017 780.5
0.25018 780.5
0.25019 780.5
0.25020 780.5
0.25021 780.5
0.25022 780.5
0.25023 780.5
0.25024 780.5
0.25025 780.5
0.25026 780.5
0.25027 780.5
0.25028 780.5
0.25029 780.5
0.25030 780.5
0.25031 780.5
0.25032 780.5
0.25033 780.5
0.25034 780.5
0.25035 780.5
0.25036 780.5
0.25037 780.5
0.25038 780.5
0.25039 780.5
0.25040 780.5
0.25041 780.5
0.25042 780.5
0.25043 780.5
0.25044 780.5
0.25045 780.5
0.25046 780.5
0.25047 780.5
0.25048 780.5
0.25049 780.5
0.25050 780.5
0.25051 780.5
0.25052 780.5
0.25053 780.5
0.25054 780.5
0.25055 780.5
0.25056 780.5
0.25057 780.5
0.25058 780.5
0.25059 780.5
0.25060 780.5
0.25061 780.5
0.25062 780.5
0.25063 780.5
0.25064 780.5
0.25065 780.5
0.25066 780.5
0.25067 780.5
0.25068 780.5
0.25069 780.5
0.25070 780.5
0.25071 780.5
0.25072 780.5
0.25073 780.5
0.25074 780.5
0.25075 780.5
0.25076 780.5
0.25077 780.5
0.25078 780.5
0.25079 780.5
0.25080 780.5
0.25081 780.5
0.25082 780.5
0.25083 780.5
0.25084 780.5
0.25085 780.5
0.25086 780.5
0.25087 780.5
0.25088 780.5
0.25089 780.5
0.25090 780.5
0.25091 780.5
0.25092 780.5
0.25093 780.5
0.25094 780.5
0.25095 780.5
0.25096 780.5
0.25097 780.5
0.25098 780.5
0.25099 780.5
0.25100 780.5
0.25101 780.5
0.25102 780.5
0.25103 780.5
0.25104 780.5
0.25105 780.5
0.25106 780.5
0.25107 780.5
0.25108 780.5
0.25109 780.5
0.25110 780.5
0.25111 780.5
0.25112 780.5
0.25113 780.5
0.25114 780.5
0.25115 780.5
0.25116 780.5
0.25117 780.5
0.25118 780.5
0.25119 780.5
0.25120 780.5
0.25121 780.5
0.25122 780.5
0.25123 780.5
0.25124 780.5
0.25125 780.5
0.25126 780.5
0.25127 780.5
0.25128 780.5
0.25129 780.5
0.25130 780.5
0.25131 780.5
0.25132 780.5
0.25133 780.5
0.25134 780.5
0.25135 780.5
0.25136 780.5
0.25137 780.5
0.25138 780.5
0.25139 780.5
0.25140 780.5
0.25141 780.5
0.25142 780.5
0.25143 780.5
0.25144 780.5
0.25145 780.5
0.25146 780.5
0.25147 780.5
0.25148 780.5
0.25149 780.5
0.25150 780.5
0.25151 780.5
0.25152 780.5
0.25153 780.5
0.25154 780.5
0.25155 780.5
0.25156 780.5
0.25157 780.5
0.25158 780.5
0.25159 780.5
0.25160 780.5
0.25161 780.5
0.25162 780.5
0.25163 780.5
0.25164 780.5
0.25165 780.5
0.25166 780.5
0.25167 780.5
0.25168 780.5
0.25169 780.5
0.25170 780.5
0.25171 780.5
0.25172 780.5
0.25173 780.5
0.25174 780.5
0.25175 780.5
0.25176 780.5
0.25177 780.5
0.25178 780.5
0.25179 780.5
0.25180 780.5
0.25181 780.5
0.25182 780.5
0.25183 780.5
0.25184 780.5
0.25185 780.5
0.25186 780.5
0.25187 780.5
0.25188 780.5
0.25189 780.5
0.25190 780.5
0.25191 780.5
0.25192 780.5
0.25193 780.5
0.25194 780.5
0.25195 780.5
0.25196 780.5
0.25197 780.5
0.25198 780.5
0.25199 780.5
0.25200 780.5
0.25201 780.5
0.25202 780.5
0.25203 780.5
0.25204 780.5
0.25205 780.5
0.25206 780.5
0.25207 780.5
0.25208 780.5
0.25209 780.5
0.25210 780.5
0.25211 780.5
0.25212 780.5
0.25213 780.5
0.25214 780.5
0.25215 780.5
0.25216 780.5
0.25217 780.5
0.25218 780.5
0.25219 780.5
0.25220 780.5
0.25221 780.5
0.25222 780.5
0.25223 780.5
0.25224 780.5
0.25225 780.5
0.25226 780.5
0.25227 780.5
0.25228 780.5
0.25229 780.5
0.25230 780.5
0.25231 780.5
0.25232 780.5
0.25233 780.5
0.25234 780.5
0.25235 780.5
0.25236 780.5
0.25237 780.5
0.25238 780.5
0.25239 780.5
0.25240 780.5
0.25241 780.5
0.25242 780.5
0.25243 780.5
0.25244 780.5
0.25245 780.5
0.25246 780.5
0.25247 780.5
0.25248 780.5
0.25249 780.5
0.25250 780.5
0.25251 780.5
0.25252 780.5
0.25253 780.5
0.25254 780.5
0.25255 780.5
0.25256 780.5
0.25257 780.5
0.25258 780.5
0.25259 780.5
0.25260 780.5
0.25261 780.5
0.25262 780.5
0.25263 780.5
0.25264 780.5
0.25265 780.5
0.25266 780.5
0.25267 780.5
0.25268 780.5
0.25269 780.5
0.25270 780.5
0.25271 780.5
0.25272 780.5
0.25273 780.5
0.25274 780.5
0.25275 780.5
0.25276 780.5
0.25277 780.5
0.25278 780.5
0.25279 780.5
0.25280 780.5
0.25281 780.5
0.25282 780.5
0.25283 780.5
0.25284 780.5
0.25285 780.5
0.25286 780.5
0.25287 780.5
0.25288 780.5
0.25289 780.5
0.25290 780.5
0.25291 780.5
0.25292 780.5
0.25293 780.5
0.25294 780.5
0.25295 780.5
0.25296 780.5
0.25297 780.5
0.25298 780.5
0.25299 780.5
0.25300 780.5
0.25301 780.5
0.25302 780.5
0.25303 780.5
0.25304 780.5
0.25305 780.5
0.25306 780.5
0.25307 780.5
0.25308 780.5
0.25309 780.5
0.25310 780.5
0.25311 780.5
0.25312 780.5
0.25313 780.5
0.25314 780.5
0.25315 780.5
0.25316 780.5
0.25317 780.5
0.25318 780.5
0.25319 780.5
0.25320 780.5
0.25321 780.5
0.25322 780.5
0.25323 780.5
0.25324 780.5
0.25325 780.5
0.25326 780.5
0.25327 780.5
0.25328 780.5
0.25329 780.5
0.25330 780.5
0.25331 780.5
0.25332 780.5
0.25333 780.5
0.25334 780.5
0.25335 780.5
0.25336 780.5
0.25337 780.5
0.25338 780.5
0.25339 780.5
0.25340 780.5
0.25341 780.5
0.25342 780.5
0.25343 780.5
0.25344 780.5
0.25345 780.5
0.25346 780.5
0.25347 780.5
0.25348 780.5
0.25349 780.5
0.25350 780.5
0.25351 780.5
0.25352 780.5
0.25353 780.5
0.25354 780.5
0.25355 780.5
0.25356 780.5
0.25357 780.5
0.25358 780.5
0.25359 780.5
0.25360 780.5
0.25361 780.5
0.25362 780.5
0.25363 780.5
0.25364 780.5
0.25365 780.5
0.25366 780.5
0.25367 780.5
0.25368 780.5
0.25369 780.5
0.25370 780.5
0.25371 780.5
0.25372 780.5
0.25373 780.5
0.25374 780.5
0.25375 780.5
0.25376 780.5
0.25377 780.5
0.25378 780.5
0.25379 780.5
0.25380 780.5
0.25381 780.5
0.25382 780.5
0.25383 780.5
0.25384 780.5
0.25385 780.5
0.25386 780.5
0.25387 780.5
0.25388 780.5
0.25389 780.5
0.25390 780.5
0.25391 780.5
0.25392 780.5
0.25393 780.5
0.25394 780.5
0.25395 780.5
0.25396 780.5
0.25397 780.5
0.25398 780.5
0.25399 780.5
0.25400 780.5
0.25401 780.5
0.25402 780.5
0.25403 780.5
0.25404 780.5
0.25405 780.5
0.25406 780.5
0.25407 780.5
0.25408 780.5
0.25409 780.5
0.25410 780.5
0.25411 780.5
0.25412 780.5
0.25413 780.5
0.25414 780.5
0.25415 780.5
0.25416 780.5
0.25417 780.5
0.25418 780.5
0.25419 780.5
0.25420 780.5
0.25421 780.5
0.25422 780.5
0.25423 780.5
0.25424 780.5
0.25425 780.5
0.25426 780.5
0.25427 780.5
0.25428 780.5
0.25429 780.5
0.25430 780.5
0.25431 780.5
0.25432 780.5
0.25433 780.5
0.25434 780.5
0.25435 780.5
0.25436 780.5
0.25437 780.5
0.25438 780.5
0.25439 780.5
0.25440 780.5
0.25441 780.5
0.25442 780.5
0.25443 780.5
0.25444 780.5
0.25445 780.5
0.25446 780.5
0.25447 780.5
0.25448 780.5
0.25449 780.5
0.25450 780.5
0.25451 780.5
0.25452 780.5
0.25453 780.5
0.25454 780.5
0.25455 780.5
0.25456 780.5
0.25457 780.5
0.25458 780.5
0.25459 780.5
0.25460 780.5
0.25461 780.5
0.25462 780.5
0.25463 780.5
0.25464 780.5
0.25465 780.5
0.25466 780.5
0.25467 780.5
0.25468 780.5
0.25469 780.5
0.25470 780.5
0.25471 780.5
0.25472 780.5
0.25473 780.5
0.25474 780.5
0.25475 780.5
0.25476 780.5
0.25477 780.5
0.25478 780.5
0.25479 780.5
0.25480 780.5
0.25481 780.5
0.25482 780.5
0.25483 780.5
0.25484 780.5
0.25485 780.5
0.25486 780.5
0.25487 780.5
0.25488 780.5
0.25489 780.5
0.25490 780.5
0.25491 780.5
0.25492 780.5
0.25493 780.5
0.25494 780.5
0.25495 780.5
0.25496 780.5
0.25497 780.5
0.25498 780.5
0.25499 780.5
0.25500 780.5
0.25501 780.5
0.25502 780.5
0.25503 780.5
0.25504 780.5
0.25505 780.5
0.25506 780.5
0.25507 780.5
0.25508 780.5
0.25509 780.5
0.25510 780.5
0.25511 780.5
0.25512 780.5
0.25513 780.5
0.25514 780.5
0.25515 780.5
0.25516 780.5
0.25517 780.5
0.25518 780.5
0.25519 780.5
0.25520 780.5
0.25521 780.5
0.25522 780.5
0.25523 780.5
0.25524 780.5
0.25525 780.5
0.25526 780.5
0.25527 780.5
0.25528 780.5
0.25529 780.5
0.25530 780.5
0.25531 780.5
0.25532 780.5
0.25533 780.5
0.25534 780.5
0.25535 780.5
0.25536 780.5
0.25537 780.5
0.25538 780.5
0.25539 780.5
0.25540 780.5
0.25541 780.5
0.25542 780.5
0.25543 780.5
0.25544 780.5
0.25545 780.5
0.25546 780.5
0.25547 780.5
0.25548 780.5
0.25549 780.5
0.25550 780.5
0.25551 780.5
0.25552 780.5
0.25553 780.5
0.25554 780.5
0.25555 780.5
0.25556 780.5
0.25557 780.5
0.25558 780.5
0.25559 780.5
0.25560 780.5
0.25561 780.5
0.25562 780.5
0.25563 780.5
0.25564 780.5
0.25565 780.5
0.25566 780.5
0.25567 780.5
0.25568 780.5
0.25569 780.5
0.25570 780.5
0.25571 780.5
0.25572 780.5
0.25573 780.5
0.25574 780.5
0.25575 780.5
0.25576 780.5
0.25577 780.5
0.25578 780.5
0.25579 780.5
0.25580 780.5
0.25581 780.5
0.25582 780.5
0.25583 780.5
0.25584 780.5
0.25585 780.5
0.25586 780.5
0.25587 780.5
0.25588 780.5
0.25589 780.5
0.25590 780.5
0.25591 780.5
0.25592 780.5
0.25593 780.5
0.25594 780.5
0.25595 780.5
0.25596 780.5
0.25597 780.5
0.25598 780.5
0.25599 780.5
0.25600 780.5
0.25601 780.5
0.25602 780.5
0.25603 780.5
0.25604 780.5
0.25605 780.5
0.25606 780.5
0.25607 780.5
0.25608 780.5
0.25609 780.5
0.25610 780.5
0.25611 780.5
0.25612 780.5
0.25613 780.5
0.25614 780.5
0.25615 780.5
0.25616 780.5
0.25617 780.5
0.25618 780.5
0.25619 780.5
0.25620 780.5
0.25621 780.5
0.25622 780.5
0.25623 780.5
0.25624 780.5
0.25625 780.5
0.25626 780.5
0.25627 780.5
0.25628 780.5
0.25629 780.5
0.25630 780.5
0.25631 780.5
0.25632 780.5
0.25633 780.5
0.25634 780.5
0.25635 780.5
0.25636 780.5
0.25637 780.5
0.25638 780.5
0.25639 780.5
0.25640 780.5
0.25641 780.5
0.25642 780.5
0.25643 780.5
0.25644 780.5
0.25645 780.5
0.25646 780.5
0.25647 780.5
0.25648 780.5
0.25649 780.5
0.25650 780.5
0.25651 780.5
0.25652 780.5
0.25653 780.5
0.25654 780.5
0.25655 780.5
0.25656 780.5
0.25657 780.5
0.25658 780.5
0.25659 780.5
0.25660 780.5
0.25661 780.5
0.25662 780.5
0.25663 780.5
0.25664 780.5
0.25665 780.5
0.25666 780.5
0.25667 780.5
0.25668 780.5
0.25669 780.5
0.25670 780.5
0.25671 780.5
0.25672 780.5
0.25673 780.5
0.25674 780.5
0.25675 780.5
0.25676 780.5
0.25677 780.5
0.25678 780.5
0.25679 780.5
0.25680 780.5
0.25681 780.5
0.25682 780.5
0.25683 780.5
0.25684 780.5
0.25685 780.5
0.25686 780.5
0.25687 780.5
0.25688 780.5
0.25689 780.5
0.25690 780.5
0.25691 780.5
0.25692 780.5
0.25693 780.5
0.25694 780.5
0.25695 780.5
0.25696 780.5
0.25697 780.5
0.25698 780.5
0.25699 780.5
0.25700 780.5
0.25701 780.5
0.25702 780.5
0.25703 780.5
0.25704 780.5
0.25705 780.5
0.25706 780.5
0.25707 780.5
0.25708 780.5
0.25709 780.5
0.25710 780.5
0.25711 780.5
0.25712 780.5
0.25713 780.5
0.25714 780.5
0.25715 780.5
0.25716 780.5
0.25717 780.5
0.25718 780.5
0.25719 780.5
0.25720 780.5
0.25721 780.5
0.25722 780.5
0.25723 780.5
0.25724 780.5
0.25725 780.5
0.25726 780.5
0.25727 780.5
0.25728 780.5
0.25729 780.5
0.25730 780.5
0.25731 780.5
0.25732 780.5
0.25733 780.5
0.25734 780.5
0.25735 780.5
0.25736 780.5
0.25737 780.5
0.25738 780.5
0.25739 780.5
0.25740 780.5
0.25741 780.5
0.25742 780.5
0.25743 780.5
0.25744 780.5
0.25745 780.5
0.25746 780.5
0.25747 780.5
0.25748 780.5
0.25749 780.5
0.25750 780.5
0.25751 780.5
0.25752 780.5
0.25753 780.5
0.25754 780.5
0.25755 780.5
0.25756 780.5
0.25757 780.5
0.25758 780.5
0.25759 780.5
0.25760 780.5
0.25761 780.5
0.25762 780.5
0.25763 780.5
0.25764 780.5
0.25765 780.5
0.25766 780.5
0.25767 780.5
0.25768 780.5
0.25769 780.5
0.25770 780.5
0.25771 780.5
0.25772 780.5
0.25773 780.5
0.25774 780.5
0.25775 780.5
0.25776 780.5
0.25777 780.5
0.25778 780.5
0.25779 780.5
0.25780 780.5
0.25781 780.5
0.25782 780.5
0.25783 780.5
0.25784 780.5
0.25785 780.5
0.25786 780.5
0.25787 780.5
0.25788 780.5
0.25789 780.5
0.25790 780.5
0.25791 780.5
0.25792 780.5
0.25793 780.5
0.25794 780.5
0.25795 780.5
0.25796 780.5
0.25797 780.5
0.25798 780.5
0.25799 780.5
0.25800 780.5
0.25801 780.5
0.25802 780.5
0.25803 780.5
0.25804 780.5
0.25805 780.5
0.25806 780.5
0.25807 780.5
0.25808 780.5
0.25809 780.5
0.25810 780.5
0.25811 780.5
0.25812 780.5
0.25813 780.5
0.25814 780.5
0.25815 780.5
0.25816 780.5
0.25817 780.5
0.25818 780.5
0.25819 780.5
0.25820 780.5
0.25821 780.5
0.25822 780.5
0.25823 780.5
0.25824 780.5
0.25825 780.5
0.25826 780.5
0.25827 780.5
0.25828 780.5
0.25829 780.5
0.25830 780.5
0.25831 780.5
0.25832 780.5
0.25833 780.5
0.25834 780.5
0.25835 780.5
0.25836 780.5
0.25837 780.5
0.25838 780.5
0.25839 780.5
0.25840 780.5
0.25841 780.5
0.25842 780.5
0.25843 780.5
0.25844 780.5
0.25845 780.5
0.25846 780.5
0.25847 780.5
0.25848 780.5
0.25849 780.5
0.25850 780.5
0.25851 780.5
0.25852 780.5
0.25853 780.5
0.25854 780.5
0.25855 780.5
0.25856 780.5
0.25857 780.5
0.25858 780.5
0.25859 780.5
0.25860 780.5
0.25861 780.5
0.25862 780.5
0.25863 780.5
0.25864 780.5
0.25865 780.5
0.25866 780.5
0.25867 780.5
0.25868 780.5
0.25869 780.5
0.25870 780.5
0.25871 780.5
0.25872 780.5
0.25873 780.5
0.25874 780.5
0.25875 780.5
0.25876 780.5
0.25877 780.5
0.25878 780.5
0.25879 780.5
0.25880 780.5
0.25881 780.5
0.25882 780.5
0.25883 780.5
0.25884 780.5
0.25885 780.5
0.25886 780.5
0.25887 780.5
0.25888 780.5
0.25889 780.5
0.25890 780.5
0.25891 780.5
0.25892 780.5
0.25893 780.5
0.25894 780.5
0.25895 780.5
0.25896 780.5
0.25897 780.5
0.25898 780.5
0.25899 780.5
0.25900 780.5
0.25901 780.5
0.25902 780.5
0.25903 780.5
0.25904 780.5
0.25905 780.5
0.25906 780.5
0.25907 780.5
0.25908 780.5
0.25909 780.5
0.25910 780.5
0.25911 780.5
0.25912 780.5
0.25913 780.5
0.25914 780.5
0.25915 780.5
0.25916 780.5
0.25917 780.5
0.25918 780.5
0.25919 780.5
0.25920 780.5
0.25921 780.5
0.25922 780.5
0.25923 780.5
0.25924 780.5
0.25925 780.5
0.25926 780.5
0.25927 780.5
0.25928 780.5
0.25929 780.5
0.25930 780.5
0.25931 780.5
0.25932 780.5
0.25933 780.5
0.25934 780.5
0.25935 780.5
0.25936 780.5
0.25937 780.5
0.25938 780.5
0.25939 780.5
0.25940 780.5
0.25941 780.5
0.25942 780.5
0.25943 780.5
0.25944 780.5
0.25945 780.5
0.25946 780.5
0.25947 780.5
0.25948 780.5
0.25949 780.5
0.25950 780.5
0.25951 780.5
0.25952 780.5
0.25953 780.5
0.25954 780.5
0.25955 780.5
0.25956 780.5
0.25957 780.5
0.25958 780.5
0.25959 780.5
0.25960 780.5
0.25961 780.5
0.25962 780.5
0.25963 780.5
0.25964 780.5
0.25965 780.5
0.25966 780.5
0.25967 780.5
0.25968 780.5
0.25969 780.5
0.25970 780.5
0.25971 780.5
0.25972 780.5
0.25973 780.5
0.25974 780.5
0.25975 780.5
0.25976 780.5
0.25977 780.5
0.25978 780.5
0.25979 780.5
0.25980 780.5
0.25981 780.5
0.25982 780.5
0.25983 780.5
0.25984 780.5
0.25985 780.5
0.25986 780.5
0.25987 780.5
0.25988 780.5
0.25989 780.5
0.25990 780.5
0.25991 780.5
0.25992 780.5
0.25993 780.5
0.25994 780.5
0.25995 780.5
0.25996 780.5
0.25997 780.5
0.25998 780.5
0.25999 780.5
0.26000 780.5
0.26001 780.5
0.26002 780.5
0.26003 780.5
0.26004 780.5
0.26005 780.5
0.26006 780.5
0.26007 780.5
0.26008 780.5
0.26009 780.5
0.26010 780.5
0.26011 780.5
0.26012 780.5
0.26013 780.5
0.26014 780.5
0.26015 780.5
0.26016 780.5
0.26017 780.5
0.26018 780.5
0.26019 780.5
0.26020 780.5
0.26021 780.5
0.26022 780.5
0.26023 780.5
0.26024 780.5
0.26025 780.5
0.26026 780.5
0.26027 780.5
0.26028 780.5
0.26029 780.5
0.26030 780.5
0.26031 780.5
0.26032 780.5
0.26033 780.5
0.26034 780.5
0.26035 780.5
0.26036 780.5
0.26037 780.5
0.26038 780.5
0.26039 780.5
0.26040 780.5
0.26041 780.5
0.26042 780.5
0.26043 780.5
0.26044 780.5
0.26045 780.5
0.26046 780.5
0.26047 780.5
0.26048 780.5
0.26049 780.5
0.26050 780.5
0.26051 780.5
0.26052 780.5
0.26053 780.5
0.26054 780.5
0.26055 780.5
0.26056 780.5
0.26057 780.5
0.26058 780.5
0.26059 780.5
0.26060 780.5
0.26061 780.5
0.26062 780.5
0.26063 780.5
0.26064 780.5
0.26065 780.5
0.26066 780.5
0.26067 780.5
0.26068 780.5
0.26069 780.5
0.26070 780.5
0.26071 780.5
0.26072 780.5
0.26073 780.5
0.26074 780.5
0.26075 780.5
0.26076 780.5
0.26077 780.5
0.26078 780.5
0.26079 780.5
0.26080 780.5
0.26081 780.5
0.26082 780.5
0.26083 780.5
0.26084 780.5
0.26085 780.5
0.26086 780.5
0.26087 780.5
0.26088 780.5
0.26089 780.5
0.26090 780.5
0.26091 780.5
0.26092 780.5
0.26093 780.5
0.26094 780.5
0.26095 780.5
0.26096 780.5
0.26097 780.5
0.26098 780.5
0.26099 780.5
0.26100 780.5
0.26101 780.5
0.26102 780.5
0.26103 780.5
0.26104 780.5
0.26105 780.5
0.26106 780.5
0.26107 780.5
0.26108 780.5
0.26109 780.5
0.26110 780.5
0.26111 780.5
0.26112 780.5
0.26113 780.5
0.26114 780.5
0.26115 780.5
0.26116 780.5
0.26117 780.5
0.26118 780.5
0.26119 780.5
0.26120 780.5
0.26121 780.5
0.26122 780.5
0.26123 780.5
0.26124 780.5
0.26125 780.5
0.26126 780.5
0.26127 780.5
0.26128 780.5
0.26129 780.5
0.26130 780.5
0.26131 780.5
0.26132 780.5
0.26133 780.5
0.26134 780.5
0.26135 780.5
0.26136 780.5
0.26137 780.5
0.26138 780.5
0.26139 780.5
0.26140 780.5
0.26141 780.5
0.26142 780.5
0.26143 780.5
0.26144 780.5
0.26145 780.5
0.26146 780.5
0.26147 780.5
0.26148 780.5
0.26149 780.5
0.26150 780.5
0.26151 780.5
0.26152 780.5
0.26153 780.5
0.26154 780.5
0.26155 780.5
0.26156 780.5
0.26157 780.5
0.26158 780.5
0.26159 780.5
0.26160 780.5
0.26161 780.5
0.26162 780.5
0.26163 780.5
0.26164 780.5
0.26165 780.5
0.26166 780.5
0.26167 780.5
0.26168 780.5
0.26169 780.5
0.26170 780.5
0.26171 780.5
0.26172 780.5
0.26173 780.5
0.26174 780.5
0.26175 780.5
0.26176 780.5
0.26177 780.5
0.26178 780.5
0.26179 780.5
0.26180 780.5
0.26181 780.5
0.26182 780.5
0.26183 780.5
0.26184 780.5
0.26185 780.5
0.26186 780.5
0.26187 780.5
0.26188 780.5
0.26189 780.5
0.26190 780.5
0.26191 780.5
0.26192 780.5
0.26193 780.5
0.26194 780.5
0.26195 780.5
0.26196 780.5
0.26197 780.5
0.26198 780.5
0.26199 780.5
0.26200 780.5
0.26201 780.5
0.26202 780.5
0.26203 780.5
0.26204 780.5
0.26205 780.5
0.26206 780.5
0.26207 780.5
0.26208 780.5
0.26209 780.5
0.26210 780.5
0.26211 780.5
0.26212 780.5
0.26213 780.5
0.26214 780.5
0.26215 780.5
0.26216 780.5
0.26217 780.5
0.26218 780.5
0.26219 780.5
0.26220 780.5
0.26221 780.5
0.26222 780.5
0.26223 780.5
0.26224 780.5
0.26225 780.5
0.26226 780.5
0.26227 780.5
0.26228 780.5
0.26229 780.5
0.26230 780.5
0.26231 780.5
0.26232 780.5
0.26233 780.5
0.26234 780.5
0.26235 780.5
0.26236 780.5
0.26237 780.5
0.26238 780.5
0.26239 780.5
0.26240 780.5
0.26241 780.5
0.26242 780.5
0.26243 780.5
0.26244 780.5
0.26245 780.5
0.26246 780.5
0.26247 780.5
0.26248 780.5
0.26249 780.5
0.26250 780.5
0.26251 780.5
0.26252 780.5
0.26253 780.5
0.26254 780.5
0.26255 780.5
0.26256 780.5
0.26257 780.5
0.26258 780.5
0.26259 780.5
0.26260 780.5
0.26261 780.5
0.26262 780.5
0.26263 780.5
0.26264 780.5
0.26265 780.5
0.26266 780.5
0.26267 780.5
0.26268 780.5
0.26269 780.5
0.26270 780.5
0.26271 780.5
0.26272 780.5
0.26273 780.5
0.26274 780.5
0.26275 780.5
0.26276 780.5
0.26277 780.5
0.26278 780.5
0.26279 780.5
0.26280 780.5
0.26281 780.5
0.26282 780.5
0.26283 780.5
0.26284 780.5
0.26285 780.5
0.26286 780.5
0.26287 780.5
0.26288 780.5
0.26289 780.5
0.26290 780.5
0.26291 780.5
0.26292 780.5
0.26293 780.5
0.26294 780.5
0.26295 780.5
0.26296 780.5
0.26297 780.5
0.26298 780.5
0.26299 780.5
0.26300 780.5
0.26301 780.5
0.26302 780.5
0.26303 780.5
0.26304 780.5
0.26305 780.5
0.26306 780.5
0.26307 780.5
0.26308 780.5
0.26309 780.5
0.26310 780.5
0.26311 780.5
0.26312 780.5
0.26313 780.5
0.26314 780.5
0.26315 780.5
0.26316 780.5
0.26317 780.5
0.26318 780.5
0.26319 780.5
0.26320 780.5
0.26321 780.5
0.26322 780.5
0.26323 780.5
0.26324 780.5
0.26325 780.5
0.26326 780.5
0.26327 780.5
0.26328 780.5
0.26329 780.5
0.26330 780.5
0.26331 780.5
0.26332 780.5
0.26333 780.5
0.26334 780.5
0.26335 780.5
0.26336 780.5
0.26337 780.5
0.26338 780.5
0.26339 780.5
0.26340 780.5
0.26341 780.5
0.26342 780.5
0.26343 780.5
0.26344 780.5
0.26345 780.5
0.26346 780.5
0.26347 780.5
0.26348 780.5
0.26349 780.5
0.26350 780.5
0.26351 780.5
0.26352 780.5
0.26353 780.5
0.26354 780.5
0.26355 780.5
0.26356 780.5
0.26357 780.5
0.26358 780.5
0.26359 780.5
0.26360 780.5
0.26361 780.5
0.26362 780.5
0.26363 780.5
0.26364 780.5
0.26365 780.5
0.26366 780.5
0.26367 780.5
0.26368 780.5
0.26369 780.5
0.26370 780.5
0.26371 780.5
0.26372 780.5
0.26373 780.5
0.26374 780.5
0.26375 780.5
0.26376 780.5
0.26377 780.5
0.26378 780.5
0.26379 780.5
0.26380 780.5
0.26381 780.5
0.26382 780.5
0.26383 780.5
0.26384 780.5
0.26385 780.5
0.26386 780.5
0.26387 780.5
0.26388 780.5
0.26389 780.5
0.26390 780.5
0.26391 780.5
0.26392 780.5
0.26393 780.5
0.26394 780.5
0.26395 780.5
0.26396 780.5
0.26397 780.5
0.26398 780.5
0.26399 780.5
0.26400 780.5
0.26401 780.5
0.26402 780.5
0.26403 780.5
0.26404 780.5
0.26405 780.5
0.26406 780.5
0.26407 780.5
0.26408 780.5
0.26409 780.5
0.26410 780.5
0.26411 780.5
0.26412 780.5
0.26413 780.5
0.26414 780.5
0.26415 780.5
0.26416 780.5
0.26417 780.5
0.26418 780.5
0.26419 780.5
0.26420 780.5
0.26421 780.5
0.26422 780.5
0.26423 780.5
0.26424 780.5
0.26425 780.5
0.26426 780.5
0.26427 780.5
0.26428 780.5
0.26429 780.5
0.26430 780.5
0.26431 780.5
0.26432 780.5
0.26433 780.5
0.26434 780.5
0.26435 780.5
0.26436 780.5
0.26437 780.5
0.26438 780.5
0.26439 780.5
0.26440 780.5
0.26441 780.5
0.26442 780.5
0.26443 780.5
0.26444 780.5
0.26445 780.5
0.26446 780.5
0.26447 780.5
0.26448 780.5
0.26449 780.5
0.26450 780.5
0.26451 780.5
0.26452 780.5
0.26453 780.5
0.26454 780.5
0.26455 780.5
0.26456 780.5
0.26457 780.5
0.26458 780.5
0.26459 780.5
0.26460 780.5
0.26461 780.5
0.26462 780.5
0.26463 780.5
0.26464 780.5
0.26465 780.5
0.26466 780.5
0.26467 780.5
0.26468 780.5
0.26469 780.5
0.26470 780.5
0.26471 780.5
0.26472 780.5
0.26473 780.5
0.26474 780.5
0.26475 780.5
0.26476 780.5
0.26477 780.5
0.26478 780.5
0.26479 780.5
0.26480 780.5
0.26481 780.5
0.26482 780.5
0.26483 780.5
0.26484 780.5
0.26485 780.5
0.26486 780.5
0.26487 780.5
0.26488 780.5
0.26489 780.5
0.26490 780.5
0.26491 780.5
0.26492 780.5
0.26493 780.5
0.26494 780.5
0.26495 780.5
0.26496 780.5
0.26497 780.5
0.26498 780.5
0.26499 780.5
0.26500 780.5
0.26501 780.5
0.26502 780.5
0.26503 780.5
0.26504 780.5
0.26505 780.5
0.26506 780.5
0.26507 780.5
0.26508 780.5
0.26509 780.5
0.26510 780.5
0.26511 780.5
0.26512 780.5
0.26513 780.5
0.26514 780.5
0.26515 780.5
0.26516 780.5
0.26517 780.5
0.26518 780.5
0.26519 780.5
0.26520 780.5
0.26521 780.5
0.26522 780.5
0.26523 780.5
0.26524 780.5
0.26525 780.5
0.26526 780.5
0.26527 780.5
0.26528 780.5
0.26529 780.5
0.26530 780.5
0.26531 780.5
0.26532 780.5
0.26533 780.5
0.26534 780.5
0.26535 780.5
0.26536 780.5
0.26537 780.5
0.26538 780.5
0.26539 780.5
0.26540 780.5
0.26541 780.5
0.26542 780.5
0.26543 780.5
0.26544 780.5
0.26545 780.5
0.26546 780.5
0.26547 780.5
0.26548 780.5
0.26549 780.5
0.26550 780.5
0.26551 780.5
0.26552 780.5
0.26553 780.5
0.26554 780.5
0.26555 780.5
0.26556 780.5
0.26557 780.5
0.26558 780.5
0.26559 780.5
0.26560 780.5
0.26561 780.5
0.26562 780.5
0.26563 780.5
0.26564 780.5
0.26565 780.5
0.26566 780.5
0.26567 780.5
0.26568 780.5
0.26569 780.5
0.26570 780.5
0.26571 780.5
0.26572 780.5
0.26573 780.5
0.26574 780.5
0.26575 780.5
0.26576 780.5
0.26577 780.5
0.26578 780.5
0.26579 780.5
0.26580 780.5
0.26581 780.5
0.26582 780.5
0.26583 780.5
0.26584 780.5
0.26585 780.5
0.26586 780.5
0.26587 780.5
0.26588 780.5
0.26589 780.5
0.26590 780.5
0.26591 780.5
0.26592 780.5
0.26593 780.5
0.26594 780.5
0.26595 780.5
0.26596 780.5
0.26597 780.5
0.26598 780.5
0.26599 780.5
0.26600 780.5
0.26601 780.5
0.26602 780.5
0.26603 780.5
0.26604 780.5
0.26605 780.5
0.26606 780.5
0.26607 780.5
0.26608 780.5
0.26609 780.5
0.26610 780.5
0.26611 780.5
0.26612 780.5
0.26613 780.5
0.26614 780.5
0.26615 780.5
0.26616 780.5
0.26617 780.5
0.26618 780.5
0.26619 780.5
0.26620 780.5
0.26621 780.5
0.26622 780.5
0.26623 780.5
0.26624 780.5
0.26625 780.5
0.26626 780.5
0.26627 780.5
0.26628 780.5
0.26629 780.5
0.26630 780.5
0.26631 780.5
0.26632 780.5
0.26633 780.5
0.26634 780.5
0.26635 780.5
0.26636 780.5
0.26637 780.5
0.26638 780.5
0.26639 780.5
0.26640 780.5
0.26641 780.5
0.26642 780.5
0.26643 780.5
0.26644 780.5
0.26645 780.5
0.26646 780.5
0.26647 780.5
0.26648 780.5
0.26649 780.5
0.26650 780.5
0.26651 780.5
0.26652 780.5
0.26653 780.5
0.26654 780.5
0.26655 780.5
0.26656 780.5
0.26657 780.5
0.26658 780.5
0.26659 780.5
0.26660 780.5
0.26661 780.5
0.26662 780.5
0.26663 780.5
0.26664 780.5
0.26665 780.5
0.26666 780.5
0.26667 780.5
0.26668 780.5
0.26669 780.5
0.26670 780.5
0.26671 780.5
0.26672 780.5
0.26673 780.5
0.26674 780.5
0.26675 780.5
0.26676 780.5
0.26677 780.5
0.26678 780.5
0.26679 780.5
0.26680 780.5
0.26681 780.5
0.26682 780.5
0.26683 780.5
0.26684 780.5
0.26685 780.5
0.26686 780.5
0.26687 780.5
0.26688 780.5
0.26689 780.5
0.26690 780.5
0.26691 780.5
0.26692 780.5
0.26693 780.5
0.26694 780.5
0.26695 780.5
0.26696 780.5
0.26697 780.5
0.26698 780.5
0.26699 780.5
0.26700 780.5
0.26701 780.5
0.26702 780.5
0.26703 780.5
0.26704 780.5
0.26705 780.5
0.26706 780.5
0.26707 780.5
0.26708 780.5
0.26709 780.5
0.26710 780.5
0.26711 780.5
0.26712 780.5
0.26713 780.5
0.26714 780.5
0.26715 780.5
0.26716 780.5
0.26717 780.5
0.26718 780.5
0.26719 780.5
0.26720 780.5
0.26721 780.5
0.26722 780.5
0.26723 780.5
0.26724 780.5
0.26725 780.5
0.26726 780.5
0.26727 780.5
0.26728 780.5
0.26729 780.5
0.26730 780.5
0.26731 780.5
0.26732 780.5
0.26733 780.5
0.26734 780.5
0.26735 780.5
0.26736 780.5
0.26737 780.5
0.26738 780.5
0.26739 780.5
0.26740 780.5
0.26741 780.5
0.26742 780.5
0.26743 780.5
0.26744 780.5
0.26745 780.5
0.26746 780.5
0.26747 780.5
0.26748 780.5
0.26749 780.5
0.26750 780.5
0.26751 780.5
0.26752 780.5
0.26753 780.5
0.26754 780.5
0.26755 780.5
0.26756 780.5
0.26757 780.5
0.26758 780.5
0.26759 780.5
0.26760 780.5
0.26761 780.5
0.26762 780.5
0.26763 780.5
0.26764 780.5
0.26765 780.5
0.26766 780.5
0.26767 780.5
0.26768 780.5
0.26769 780.5
0.26770 780.5
0.26771 780.5
0.26772 780.5
0.26773 780.5
0.26774 780.5
0.26775 780.5
0.26776 780.5
0.26777 780.5
0.26778 780.5
0.26779 780.5
0.26780 780.5
0.26781 780.5
0.26782 780.5
0.26783 780.5
0.26784 780.5
0.26785 780.5
0.26786 780.5
0.26787 780.5
0.26788 780.5
0.26789 780.5
0.26790 780.5
0.26791 780.5
0.26792 780.5
0.26793 780.5
0.26794 780.5
0.26795 780.5
0.26796 780.5
0.26797 780.5
0.26798 780.5
0.26799 780.5
0.26800 780.5
0.26801 780.5
0.26802 780.5
0.26803 780.5
0.26804 780.5
0.26805 780.5
0.26806 780.5
0.26807 780.5
0.26808 780.5
0.26809 780.5
0.26810 780.5
0.26811 780.5
0.26812 780.5
0.26813 780.5
0.26814 780.5
0.26815 780.5
0.26816 780.5
0.26817 780.5
0.26818 780.5
0.26819 780.5
0.26820 780.5
0.26821 780.5
0.26822 780.5
0.26823 780.5
0.26824 780.5
0.26825 780.5
0.26826 780.5
0.26827 780.5
0.26828 780.5
0.26829 780.5
0.26830 780.5
0.26831 780.5
0.26832 780.5
0.26833 780.5
0.26834 780.5
0.26835 780.5
0.26836 780.5
0.26837 780.5
0.26838 780.5
0.26839 780.5
0.26840 780.5
0.26841 780.5
0.26842 780.5
0.26843 780.5
0.26844 780.5
0.26845 780.5
0.26846 780.5
0.26847 780.5
0.26848 780.5
0.26849 780.5
0.26850 780.5
0.26851 780.5
0.26852 780.5
0.26853 780.5
0.26854 780.5
0.26855 780.5
0.26856 780.5
0.26857 780.5
0.26858 780.5
0.26859 780.5
0.26860 780.5
0.26861 780.5
0.26862 780.5
0.26863 780.5
0.26864 780.5
0.26865 780.5
0.26866 780.5
0.26867 780.5
0.26868 780.5
0.26869 780.5
0.26870 780.5
0.26871 780.5
0.26872 780.5
0.26873 780.5
0.26874 780.5
0.26875 780.5
0.26876 780.5
0.26877 780.5
0.26878 780.5
0.26879 780.5
0.26880 780.5
0.26881 780.5
0.26882 780.5
0.26883 780.5
0.26884 780.5
0.26885 780.5
0.26886 780.5
0.26887 780.5
0.26888 780.5
0.26889 780.5
0.26890 780.5
0.26891 780.5
0.26892 780.5
0.26893 780.5
0.26894 780.5
0.26895 780.5
0.26896 780.5
0.26897 780.5
0.26898 780.5
0.26899 780.5
0.26900 780.5
0.26901 780.5
0.26902 780.5
0.26903 780.5
0.26904 780.5
0.26905 780.5
0.26906 780.5
0.26907 780.5
0.26908 780.5
0.26909 780.5
0.26910 780.5
0.26911 780.5
0.26912 780.5
0.26913 780.5
0.26914 780.5
0.26915 780.5
0.26916 780.5
0.26917 780.5
0.26918 780.5
0.26919 780.5
0.26920 780.5
0.26921 780.5
0.26922 780.5
0.26923 780.5
0.26924 780.5
0.26925 780.5
0.26926 780.5
0.26927 780.5
0.26928 780.5
0.26929 780.5
0.26930 780.5
0.26931 780.5
0.26932 780.5
0.26933 780.5
0.26934 780.5
0.26935 780.5
0.26936 780.5
0.26937 780.5
0.26938 780.5
0.26939 780.5
0.26940 780.5
0.26941 780.5
0.26942 780.5
0.26943 780.5
0.26944 780.5
0.26945 780.5
0.26946 780.5
0.26947 780.5
0.26948 780.5
0.26949 780.5
0.26950 780.5
0.26951 780.5
0.26952 780.5
0.26953 780.5
0.26954 780.5
0.26955 780.5
0.26956 780.5
0.26957 780.5
0.26958 780.5
0.26959 780.5
0.26960 780.5
0.26961 780.5
0.26962 780.5
0.26963 780.5
0.26964 780.5
0.26965 780.5
0.26966 780.5
0.26967 780.5
0.26968 780.5
0.26969 780.5
0.26970 780.5
0.26971 780.5
0.26972 780.5
0.26973 780.5
0.26974 780.5
0.26975 780.5
0.26976 780.5
0.26977 780.5
0.26978 780.5
0.26979 780.5
0.26980 780.5
0.26981 780.5
0.26982 780.5
0.26983 780.5
0.26984 780.5
0.26985 780.5
0.26986 780.5
0.26987 780.5
0.26988 780.5
0.26989 780.5
0.26990 780.5
0.26991 780.5
0.26992 780.5
0.26993 780.5
0.26994 780.5
0.26995 780.5
0.26996 780.5
0.26997 780.5
0.26998 780.5
0.26999 780.5
0.27000 780.5
0.27001 780.5
0.27002 780.5
0.27003 780.5
0.27004 780.5
0.27005 780.5
0.27006 780.5
0.27007 780.5
0.27008 780.5
0.27009 780.5
0.27010 780.5
0.27011 780.5
0.27012 780.5
0.27013 780.5
0.27014 780.5
0.27015 780.5
0.27016 780.5
0.27017 780.5
0.27018 780.5
0.27019 780.5
0.27020 780.5
0.27021 780.5
0.27022 780.5
0.27023 780.5
0.27024 780.5
0.27025 780.5
0.27026 780.5
0.27027 780.5
0.27028 780.5
0.27029 780.5
0.27030 780.5
0.27031 780.5
0.27032 780.5
0.27033 780.5
0.27034 780.5
0.27035 780.5
0.27036 780.5
0.27037 780.5
0.27038 780.5
0.27039 780.5
0.27040 780.5
0.27041 780.5
0.27042 780.5
0.27043 780.5
0.27044 780.5
0.27045 780.5
0.27046 780.5
0.27047 780.5
0.27048 780.5
0.27049 780.5
0.27050 780.5
0.27051 780.5
0.27052 780.5
0.27053 780.5
0.27054 780.5
0.27055 780.5
0.27056 780.5
0.27057 780.5
0.27058 780.5
0.27059 780.5
0.27060 780.5
0.27061 780.5
0.27062 780.5
0.27063 780.5
0.27064 780.5
0.27065 780.5
0.27066 780.5
0.27067 780.5
0.27068 780.5
0.27069 780.5
0.27070 780.5
0.27071 780.5
0.27072 780.5
0.27073 780.5
0.27074 780.5
0.27075 780.5
0.27076 780.5
0.27077 780.5
0.27078 780.5
0.27079 780.5
0.27080 780.5
0.27081 780.5
0.27082 780.5
0.27083 780.5
0.27084 780.5
0.27085 780.5
0.27086 780.5
0.27087 780.5
0.27088 780.5
0.27089 780.5
0.27090 780.5
0.27091 780.5
0.27092 780.5
0.27093 780.5
0.27094 780.5
0.27095 780.5
0.27096 780.5
0.27097 780.5
0.27098 780.5
0.27099 780.5
0.27100 780.5
0.27101 780.5
0.27102 780.5
0.27103 780.5
0.27104 780.5
0.27105 780.5
0.27106 780.5
0.27107 780.5
0.27108 780.5
0.27109 780.5
0.27110 780.5
0.27111 780.5
0.27112 780.5
0.27113 780.5
0.27114 780.5
0.27115 780.5
0.27116 780.5
0.27117 780.5
0.27118 780.5
0.27119 780.5
0.27120 780.5
0.27121 780.5
0.27122 780.5
0.27123 780.5
0.27124 780.5
0.27125 780.5
0.27126 780.5
0.27127 780.5
0.27128 780.5
0.27129 780.5
0.27130 780.5
0.27131 780.5
0.27132 780.5
0.27133 780.5
0.27134 780.5
0.27135 780.5
0.27136 780.5
0.27137 780.5
0.27138 780.5
0.27139 780.5
0.27140 780.5
0.27141 780.5
0.27142 780.5
0.27143 780.5
0.27144 780.5
0.27145 780.5
0.27146 780.5
0.27147 780.5
0.27148 780.5
0.27149 780.5
0.27150 780.5
0.27151 780.5
0.27152 780.5
0.27153 780.5
0.27154 780.5
0.27155 780.5
0.27156 780.5
0.27157 780.5
0.27158 780.5
0.27159 780.5
0.27160 780.5
0.27161 780.5
0.27162 780.5
0.27163 780.5
0.27164 780.5
0.27165 780.5
0.27166 780.5
0.27167 780.5
0.27168 780.5
0.27169 780.5
0.27170 780.5
0.27171 780.5
0.27172 780.5
0.27173 780.5
0.27174 780.5
0.27175 780.5
0.27176 780.5
0.27177 780.5
0.27178 780.5
0.27179 780.5
0.27180 780.5
0.27181 780.5
0.27182 780.5
0.27183 780.5
0.27184 780.5
0.27185 780.5
0.27186 780.5
0.27187 780.5
0.27188 780.5
0.27189 780.5
0.27190 780.5
0.27191 780.5
0.27192 780.5
0.27193 780.5
0.27194 780.5
0.27195 780.5
0.27196 780.5
0.27197 780.5
0.27198 780.5
0.27199 780.5
0.27200 780.5
0.27201 780.5
0.27202 780.5
0.27203 780.5
0.27204 780.5
0.27205 780.5
0.27206 780.5
0.27207 780.5
0.27208 780.5
0.27209 780.5
0.27210 780.5
0.27211 780.5
0.27212 780.5
0.27213 780.5
0.27214 780.5
0.27215 780.5
0.27216 780.5
0.27217 780.5
0.27218 780.5
0.27219 780.5
0.27220 780.5
0.27221 780.5
0.27222 780.5
0.27223 780.5
0.27224 780.5
0.27225 780.5
0.27226 780.5
0.27227 780.5
0.27228 780.5
0.27229 780.5
0.27230 780.5
0.27231 780.5
0.27232 780.5
0.27233 780.5
0.27234 780.5
0.27235 780.5
0.27236 780.5
0.27237 780.5
0.27238 780.5
0.27239 780.5
0.27240 780.5
0.27241 780.5
0.27242 780.5
0.27243 780.5
0.27244 780.5
0.27245 780.5
0.27246 780.5
0.27247 780.5
0.27248 780.5
0.27249 780.5
0.27250 780.5
0.27251 780.5
0.27252 780.5
0.27253 780.5
0.27254 780.5
0.27255 780.5
0.27256 780.5
0.27257 780.5
0.27258 780.5
0.27259 780.5
0.27260 780.5
0.27261 780.5
0.27262 780.5
0.27263 780.5
0.27264 780.5
0.27265 780.5
0.27266 780.5
0.27267 780.5
0.27268 780.5
0.27269 780.5
0.27270 780.5
0.27271 780.5
0.27272 780.5
0.27273 780.5
0.27274 780.5
0.27275 780.5
0.27276 780.5
0.27277 780.5
0.27278 780.5
0.27279 780.5
0.27280 780.5
0.27281 780.5
0.27282 780.5
0.27283 780.5
0.27284 780.5
0.27285 780.5
0.27286 780.5
0.27287 780.5
0.27288 780.5
0.27289 780.5
0.27290 780.5
0.27291 780.5
0.27292 780.5
0.27293 780.5
0.27294 780.5
0.27295 780.5
0.27296 780.5
0.27297 780.5
0.27298 780.5
0.27299 780.5
0.27300 780.5
0.27301 780.5
0.27302 780.5
0.27303 780.5
0.27304 780.5
0.27305 780.5
0.27306 780.5
0.27307 780.5
0.27308 780.5
0.27309 780.5
0.27310 780.5
0.27311 780.5
0.27312 780.5
0.27313 780.5
0.27314 780.5
0.27315 780.5
0.27316 780.5
0.27317 780.5
0.27318 780.5
0.27319 780.5
0.27320 780.5
0.27321 780.5
0.27322 780.5
0.27323 780.5
0.27324 780.5
0.27325 780.5
0.27326 780.5
0.27327 780.5
0.27328 780.5
0.27329 780.5
0.27330 780.5
0.27331 780.5
0.27332 780.5
0.27333 780.5
0.27334 780.5
0.27335 780.5
0.27336 780.5
0.27337 780.5
0.27338 780.5
0.27339 780.5
0.27340 780.5
0.27341 780.5
0.27342 780.5
0.27343 780.5
0.27344 780.5
0.27345 780.5
0.27346 780.5
0.27347 780.5
0.27348 780.5
0.27349 780.5
0.27350 780.5
0.27351 780.5
0.27352 780.5
0.27353 780.5
0.27354 780.5
0.27355 780.5
0.27356 780.5
0.27357 780.5
0.27358 780.5
0.27359 780.5
0.27360 780.5
0.27361 780.5
0.27362 780.5
0.27363 780.5
0.27364 780.5
0.27365 780.5
0.27366 780.5
0.27367 780.5
0.27368 780.5
0.27369 780.5
0.27370 780.5
0.27371 780.5
0.27372 780.5
0.27373 780.5
0.27374 780.5
0.27375 780.5
0.27376 780.5
0.27377 780.5
0.27378 780.5
0.27379 780.5
0.27380 780.5
0.27381 780.5
0.27382 780.5
0.27383 780.5
0.27384 780.5
0.27385 780.5
0.27386 780.5
0.27387 780.5
0.27388 780.5
0.27389 780.5
0.27390 780.5
0.27391 780.5
0.27392 780.5
0.27393 780.5
0.27394 780.5
0.27395 780.5
0.27396 780.5
0.27397 780.5
0.27398 780.5
0.27399 780.5
0.27400 780.5
0.27401 780.5
0.27402 780.5
0.27403 780.5
0.27404 780.5
0.27405 780.5
0.27406 780.5
0.27407 780.5
0.27408 780.5
0.27409 780.5
0.27410 780.5
0.27411 780.5
0.27412 780.5
0.27413 780.5
0.27414 780.5
0.27415 780.5
0.27416 780.5
0.27417 780.5
0.27418 780.5
0.27419 780.5
0.27420 780.5
0.27421 780.5
0.27422 780.5
0.27423 780.5
0.27424 780.5
0.27425 780.5
0.27426 780.5
0.27427 780.5
0.27428 780.5
0.27429 780.5
0.27430 780.5
0.27431 780.5
0.27432 780.5
0.27433 780.5
0.27434 780.5
0.27435 780.5
0.27436 780.5
0.27437 780.5
0.27438 780.5
0.27439 780.5
0.27440 780.5
0.27441 780.5
0.27442 780.5
0.27443 780.5
0.27444 780.5
0.27445 780.5
0.27446 780.5
0.27447 780.5
0.27448 780.5
0.27449 780.5
0.27450 780.5
0.27451 780.5
0.27452 780.5
0.27453 780.5
0.27454 780.5
0.27455 780.5
0.27456 780.5
0.27457 780.5
0.27458 780.5
0.27459 780.5
0.27460 780.5
0.27461 780.5
0.27462 780.5
0.27463 780.5
0.27464 780.5
0.27465 780.5
0.27466 780.5
0.27467 780.5
0.27468 780.5
0.27469 780.5
0.27470 780.5
0.27471 780.5
0.27472 780.5
0.27473 780.5
0.27474 780.5
0.27475 780.5
0.27476 780.5
0.27477 780.5
0.27478 780.5
0.27479 780.5
0.27480 780.5
0.27481 780.5
0.27482 780.5
0.27483 780.5
0.27484 780.5
0.27485 780.5
0.27486 780.5
0.27487 780.5
0.27488 780.5
0.27489 780.5
0.27490 780.5
0.27491 780.5
0.27492 780.5
0.27493 780.5
0.27494 780.5
0.27495 780.5
0.27496 780.5
0.27497 780.5
0.27498 780.5
0.27499 780.5
0.27500 780.5
0.27501 780.5
0.27502 780.5
0.27503 780.5
0.27504 780.5
0.27505 780.5
0.27506 780.5
0.27507 780.5
0.27508 780.5
0.27509 780.5
0.27510 780.5
0.27511 780.5
0.27512 780.5
0.27513 780.5
0.27514 780.5
0.27515 780.5
0.27516 780.5
0.27517 780.5
0.27518 780.5
0.27519 780.5
0.27520 780.5
0.27521 780.5
0.27522 780.5
0.27523 780.5
0.27524 780.5
0.27525 780.5
0.27526 780.5
0.27527 780.5
0.27528 780.5
0.27529 780.5
0.27530 780.5
0.27531 780.5
0.27532 780.5
0.27533 780.5
0.27534 780.5
0.27535 780.5
0.27536 780.5
0.27537 780.5
0.27538 780.5
0.27539 780.5
0.27540 780.5
0.27541 780.5
0.27542 780.5
0.27543 780.5
0.27544 780.5
0.27545 780.5
0.27546 780.5
0.27547 780.5
0.27548 780.5
0.27549 780.5
0.27550 780.5
0.27551 780.5
0.27552 780.5
0.27553 780.5
0.27554 780.5
0.27555 780.5
0.27556 780.5
0.27557 780.5
0.27558 780.5
0.27559 780.5
0.27560 780.5
0.27561 780.5
0.27562 780.5
0.27563 780.5
0.27564 780.5
0.27565 780.5
0.27566 780.5
0.27567 780.5
0.27568 780.5
0.27569 780.5
0.27570 780.5
0.27571 780.5
0.27572 780.5
0.27573 780.5
0.27574 780.5
0.27575 780.5
0.27576 780.5
0.27577 780.5
0.27578 780.5
0.27579 780.5
0.27580 780.5
0.27581 780.5
0.27582 780.5
0.27583 780.5
0.27584 780.5
0.27585 780.5
0.27586 780.5
0.27587 780.5
0.27588 780.5
0.27589 780.5
0.27590 780.5
0.27591 780.5
0.27592 780.5
0.27593 780.5
0.27594 780.5
0.27595 780.5
0.27596 780.5
0.27597 780.5
0.27598 780.5
0.27599 780.5
0.27600 780.5
0.27601 780.5
0.27602 780.5
0.27603 780.5
0.27604 780.5
0.27605 780.5
0.27606 780.5
0.27607 780.5
0.27608 780.5
0.27609 780.5
0.27610 780.5
0.27611 780.5
0.27612 780.5
0.27613 780.5
0.27614 780.5
0.27615 780.5
0.27616 780.5
0.27617 780.5
0.27618 780.5
0.27619 780.5
0.27620 780.5
0.27621 780.5
0.27622 780.5
0.27623 780.5
0.27624 780.5
0.27625 780.5
0.27626 780.5
0.27627 780.5
0.27628 780.5
0.27629 780.5
0.27630 780.5
0.27631 780.5
0.27632 780.5
0.27633 780.5
0.27634 780.5
0.27635 780.5
0.27636 780.5
0.27637 780.5
0.27638 780.5
0.27639 780.5
0.27640 780.5
0.27641 780.5
0.27642 780.5
0.27643 780.5
0.27644 780.5
0.27645 780.5
0.27646 780.5
0.27647 780.5
0.27648 780.5
0.27649 780.5
0.27650 780.5
0.27651 780.5
0.27652 780.5
0.27653 780.5
0.27654 780.5
0.27655 780.5
0.27656 780.5
0.27657 780.5
0.27658 780.5
0.27659 780.5
0.27660 780.5
0.27661 780.5
0.27662 780.5
0.27663 780.5
0.27664 780.5
0.27665 780.5
0.27666 780.5
0.27667 780.5
0.27668 780.5
0.27669 780.5
0.27670 780.5
0.27671 780.5
0.27672 780.5
0.27673 780.5
0.27674 780.5
0.27675 780.5
0.27676 780.5
0.27677 780.5
0.27678 780.5
0.27679 780.5
0.27680 780.5
0.27681 780.5
0.27682 780.5
0.27683 780.5
0.27684 780.5
0.27685 780.5
0.27686 780.5
0.27687 780.5
0.27688 780.5
0.27689 780.5
0.27690 780.5
0.27691 780.5
0.27692 780.5
0.27693 780.5
0.27694 780.5
0.27695 780.5
0.27696 780.5
0.27697 780.5
0.27698 780.5
0.27699 780.5
0.27700 780.5
0.27701 780.5
0.27702 780.5
0.27703 780.5
0.27704 780.5
0.27705 780.5
0.27706 780.5
0.27707 780.5
0.27708 780.5
0.27709 780.5
0.27710 780.5
0.27711 780.5
0.27712 780.5
0.27713 780.5
0.27714 780.5
0.27715 780.5
0.27716 780.5
0.27717 780.5
0.27718 780.5
0.27719 780.5
0.27720 780.5
0.27721 780.5
0.27722 780.5
0.27723 780.5
0.27724 780.5
0.27725 780.5
0.27726 780.5
0.27727 780.5
0.27728 780.5
0.27729 780.5
0.27730 780.5
0.27731 780.5
0.27732 780.5
0.27733 780.5
0.27734 780.5
0.27735 780.5
0.27736 780.5
0.27737 780.5
0.27738 780.5
0.27739 780.5
0.27740 780.5
0.27741 780.5
0.27742 780.5
0.27743 780.5
0.27744 780.5
0.27745 780.5
0.27746 780.5
0.27747 780.5
0.27748 780.5
0.27749 780.5
0.27750 780.5
0.27751 780.5
0.27752 780.5
0.27753 780.5
0.27754 780.5
0.27755 780.5
0.27756 780.5
0.27757 780.5
0.27758 780.5
0.27759 780.5
0.27760 780.5
0.27761 780.5
0.27762 780.5
0.27763 780.5
0.27764 780.5
0.27765 780.5
0.27766 780.5
0.27767 780.5
0.27768 780.5
0.27769 780.5
0.27770 780.5
0.27771 780.5
0.27772 780.5
0.27773 780.5
0.27774 780.5
0.27775 780.5
0.27776 780.5
0.27777 780.5
0.27778 780.5
0.27779 780.5
0.27780 780.5
0.27781 780.5
0.27782 780.5
0.27783 780.5
0.27784 780.5
0.27785 780.5
0.27786 780.5
0.27787 780.5
0.27788 780.5
0.27789 780.5
0.27790 780.5
0.27791 780.5
0.27792 780.5
0.27793 780.5
0.27794 780.5
0.27795 780.5
0.27796 780.5
0.27797 780.5
0.27798 780.5
0.27799 780.5
0.27800 780.5
0.27801 780.5
0.27802 780.5
0.27803 780.5
0.27804 780.5
0.27805 780.5
0.27806 780.5
0.27807 780.5
0.27808 780.5
0.27809 780.5
0.27810 780.5
0.27811 780.5
0.27812 780.5
0.27813 780.5
0.27814 780.5
0.27815 780.5
0.27816 780.5
0.27817 780.5
0.27818 780.5
0.27819 780.5
0.27820 780.5
0.27821 780.5
0.27822 780.5
0.27823 780.5
0.27824 780.5
0.27825 780.5
0.27826 780.5
0.27827 780.5
0.27828 780.5
0.27829 780.5
0.27830 780.5
0.27831 780.5
0.27832 780.5
0.27833 780.5
0.27834 780.5
0.27835 780.5
0.27836 780.5
0.27837 780.5
0.27838 780.5
0.27839 780.5
0.27840 780.5
0.27841 780.5
0.27842 780.5
0.27843 780.5
0.27844 780.5
0.27845 780.5
0.27846 780.5
0.27847 780.5
0.27848 780.5
0.27849 780.5
0.27850 780.5
0.27851 780.5
0.27852 780.5
0.27853 780.5
0.27854 780.5
0.27855 780.5
0.27856 780.5
0.27857 780.5
0.27858 780.5
0.27859 780.5
0.27860 780.5
0.27861 780.5
0.27862 780.5
0.27863 780.5
0.27864 780.5
0.27865 780.5
0.27866 780.5
0.27867 780.5
0.27868 780.5
0.27869 780.5
0.27870 780.5
0.27871 780.5
0.27872 780.5
0.27873 780.5
0.27874 780.5
0.27875 780.5
0.27876 780.5
0.27877 780.5
0.27878 780.5
0.27879 780.5
0.27880 780.5
0.27881 780.5
0.27882 780.5
0.27883 780.5
0.27884 780.5
0.27885 780.5
0.27886 780.5
0.27887 780.5
0.27888 780.5
0.27889 780.5
0.27890 780.5
0.27891 780.5
0.27892 780.5
0.27893 780.5
0.27894 780.5
0.27895 780.5
0.27896 780.5
0.27897 780.5
0.27898 780.5
0.27899 780.5
0.27900 780.5
0.27901 780.5
0.27902 780.5
0.27903 780.5
0.27904 780.5
0.27905 780.5
0.27906 780.5
0.27907 780.5
0.27908 780.5
0.27909 780.5
0.27910 780.5
0.27911 780.5
0.27912 780.5
0.27913 780.5
0.27914 780.5
0.27915 780.5
0.27916 780.5
0.27917 780.5
0.27918 780.5
0.27919 780.5
0.27920 780.5
0.27921 780.5
0.27922 780.5
0.27923 780.5
0.27924 780.5
0.27925 780.5
0.27926 780.5
0.27927 780.5
0.27928 780.5
0.27929 780.5
0.27930 780.5
0.27931 780.5
0.27932 780.5
0.27933 780.5
0.27934 780.5
0.27935 780.5
0.27936 780.5
0.27937 780.5
0.27938 780.5
0.27939 780.5
0.27940 780.5
0.27941 780.5
0.27942 780.5
0.27943 780.5
0.27944 780.5
0.27945 780.5
0.27946 780.5
0.27947 780.5
0.27948 780.5
0.27949 780.5
0.27950 780.5
0.27951 780.5
0.27952 780.5
0.27953 780.5
0.27954 780.5
0.27955 780.5
0.27956 780.5
0.27957 780.5
0.27958 780.5
0.27959 780.5
0.27960 780.5
0.27961 780.5
0.27962 780.5
0.27963 780.5
0.27964 780.5
0.27965 780.5
0.27966 780.5
0.27967 780.5
0.27968 780.5
0.27969 780.5
0.27970 780.5
0.27971 780.5
0.27972 780.5
0.27973 780.5
0.27974 780.5
0.27975 780.5
0.27976 780.5
0.27977 780.5
0.27978 780.5
0.27979 780.5
0.27980 780.5
0.27981 780.5
0.27982 780.5
0.27983 780.5
0.27984 780.5
0.27985 780.5
0.27986 780.5
0.27987 780.5
0.27988 780.5
0.27989 780.5
0.27990 780.5
0.27991 780.5
0.27992 780.5
0.27993 780.5
0.27994 780.5
0.27995 780.5
0.27996 780.5
0.27997 780.5
0.27998 780.5
0.27999 780.5
0.28000 780.5
0.28001 780.5
0.28002 780.5
0.28003 780.5
0.28004 780.5
0.28005 780.5
0.28006 780.5
0.28007 780.5
0.28008 780.5
0.28009 780.5
0.28010 780.5
0.28011 780.5
0.28012 780.5
0.28013 780.5
0.28014 780.5
0.28015 780.5
0.28016 780.5
0.28017 780.5
0.28018 780.5
0.28019 780.5
0.28020 780.5
0.28021 780.5
0.28022 780.5
0.28023 780.5
0.28024 780.5
0.28025 780.5
0.28026 780.5
0.28027 780.5
0.28028 780.5
0.28029 780.5
0.28030 780.5
0.28031 780.5
0.28032 780.5
0.28033 780.5
0.28034 780.5
0.28035 780.5
0.28036 780.5
0.28037 780.5
0.28038 780.5
0.28039 780.5
0.28040 780.5
0.28041 780.5
0.28042 780.5
0.28043 780.5
0.28044 780.5
0.28045 780.5
0.28046 780.5
0.28047 780.5
0.28048 780.5
0.28049 780.5
0.28050 780.5
0.28051 780.5
0.28052 780.5
0.28053 780.5
0.28054 780.5
0.28055 780.5
0.28056 780.5
0.28057 780.5
0.28058 780.5
0.28059 780.5
0.28060 780.5
0.28061 780.5
0.28062 780.5
0.28063 780.5
0.28064 780.5
0.28065 780.5
0.28066 780.5
0.28067 780.5
0.28068 780.5
0.28069 780.5
0.28070 780.5
0.28071 780.5
0.28072 780.5
0.28073 780.5
0.28074 780.5
0.28075 780.5
0.28076 780.5
0.28077 780.5
0.28078 780.5
0.28079 780.5
0.28080 780.5
0.28081 780.5
0.28082 780.5
0.28083 780.5
0.28084 780.5
0.28085 780.5
0.28086 780.5
0.28087 780.5
0.28088 780.5
0.28089 780.5
0.28090 780.5
0.28091 780.5
0.28092 780.5
0.28093 780.5
0.28094 780.5
0.28095 780.5
0.28096 780.5
0.28097 780.5
0.28098 780.5
0.28099 780.5
0.28100 780.5
0.28101 780.5
0.28102 780.5
0.28103 780.5
0.28104 780.5
0.28105 780.5
0.28106 780.5
0.28107 780.5
0.28108 780.5
0.28109 780.5
0.28110 780.5
0.28111 780.5
0.28112 780.5
0.28113 780.5
0.28114 780.5
0.28115 780.5
0.28116 780.5
0.28117 780.5
0.28118 780.5
0.28119 780.5
0.28120 780.5
0.28121 780.5
0.28122 780.5
0.28123 780.5
0.28124 780.5
0.28125 780.5
0.28126 780.5
0.28127 780.5
0.28128 780.5
0.28129 780.5
0.28130 780.5
0.28131 780.5
0.28132 780.5
0.28133 780.5
0.28134 780.5
0.28135 780.5
0.28136 780.5
0.28137 780.5
0.28138 780.5
0.28139 780.5
0.28140 780.5
0.28141 780.5
0.28142 780.5
0.28143 780.5
0.28144 780.5
0.28145 780.5
0.28146 780.5
0.28147 780.5
0.28148 780.5
0.28149 780.5
0.28150 780.5
0.28151 780.5
0.28152 780.5
0.28153 780.5
0.28154 780.5
0.28155 780.5
0.28156 780.5
0.28157 780.5
0.28158 780.5
0.28159 780.5
0.28160 780.5
0.28161 780.5
0.28162 780.5
0.28163 780.5
0.28164 780.5
0.28165 780.5
0.28166 780.5
0.28167 780.5
0.28168 780.5
0.28169 780.5
0.28170 780.5
0.28171 780.5
0.28172 780.5
0.28173 780.5
0.28174 780.5
0.28175 780.5
0.28176 780.5
0.28177 780.5
0.28178 780.5
0.28179 780.5
0.28180 780.5
0.28181 780.5
0.28182 780.5
0.28183 780.5
0.28184 780.5
0.28185 780.5
0.28186 780.5
0.28187 780.5
0.28188 780.5
0.28189 780.5
0.28190 780.5
0.28191 780.5
0.28192 780.5
0.28193 780.5
0.28194 780.5
0.28195 780.5
0.28196 780.5
0.28197 780.5
0.28198 780.5
0.28199 780.5
0.28200 780.5
0.28201 780.5
0.28202 780.5
0.28203 780.5
0.28204 780.5
0.28205 780.5
0.28206 780.5
0.28207 780.5
0.28208 780.5
0.28209 780.5
0.28210 780.5
0.28211 780.5
0.28212 780.5
0.28213 780.5
0.28214 780.5
0.28215 780.5
0.28216 780.5
0.28217 780.5
0.28218 780.5
0.28219 780.5
0.28220 780.5
0.28221 780.5
0.28222 780.5
0.28223 780.5
0.28224 780.5
0.28225 780.5
0.28226 780.5
0.28227 780.5
0.28228 780.5
0.28229 780.5
0.28230 780.5
0.28231 780.5
0.28232 780.5
0.28233 780.5
0.28234 780.5
0.28235 780.5
0.28236 780.5
0.28237 780.5
0.28238 780.5
0.28239 780.5
0.28240 780.5
0.28241 780.5
0.28242 780.5
0.28243 780.5
0.28244 780.5
0.28245 780.5
0.28246 780.5
0.28247 780.5
0.28248 780.5
0.28249 780.5
0.28250 780.5
0.28251 780.5
0.28252 780.5
0.28253 780.5
0.28254 780.5
0.28255 780.5
0.28256 780.5
0.28257 780.5
0.28258 780.5
0.28259 780.5
0.28260 780.5
0.28261 780.5
0.28262 780.5
0.28263 780.5
0.28264 780.5
0.28265 780.5
0.28266 780.5
0.28267 780.5
0.28268 780.5
0.28269 780.5
0.28270 780.5
0.28271 780.5
0.28272 780.5
0.28273 780.5
0.28274 780.5
0.28275 780.5
0.28276 780.5
0.28277 780.5
0.28278 780.5
0.28279 780.5
0.28280 780.5
0.28281 780.5
0.28282 780.5
0.28283 780.5
0.28284 780.5
0.28285 780.5
0.28286 780.5
0.28287 780.5
0.28288 780.5
0.28289 780.5
0.28290 780.5
0.28291 780.5
0.28292 780.5
0.28293 780.5
0.28294 780.5
0.28295 780.5
0.28296 780.5
0.28297 780.5
0.28298 780.5
0.28299 780.5
0.28300 780.5
0.28301 780.5
0.28302 780.5
0.28303 780.5
0.28304 780.5
0.28305 780.5
0.28306 780.5
0.28307 780.5
0.28308 780.5
0.28309 780.5
0.28310 780.5
0.28311 780.5
0.28312 780.5
0.28313 780.5
0.28314 780.5
0.28315 780.5
0.28316 780.5
0.28317 780.5
0.28318 780.5
0.28319 780.5
0.28320 780.5
0.28321 780.5
0.28322 780.5
0.28323 780.5
0.28324 780.5
0.28325 780.5
0.28326 780.5
0.28327 780.5
0.28328 780.5
0.28329 780.5
0.28330 780.5
0.28331 780.5
0.28332 780.5
0.28333 780.5
0.28334 780.5
0.28335 780.5
0.28336 780.5
0.28337 780.5
0.28338 780.5
0.28339 780.5
0.28340 780.5
0.28341 780.5
0.28342 780.5
0.28343 780.5
0.28344 780.5
0.28345 780.5
0.28346 780.5
0.28347 780.5
0.28348 780.5
0.28349 780.5
0.28350 780.5
0.28351 780.5
0.28352 780.5
0.28353 780.5
0.28354 780.5
0.28355 780.5
0.28356 780.5
0.28357 780.5
0.28358 780.5
0.28359 780.5
0.28360 780.5
0.28361 780.5
0.28362 780.5
0.28363 780.5
0.28364 780.5
0.28365 780.5
0.28366 780.5
0.28367 780.5
0.28368 780.5
0.28369 780.5
0.28370 780.5
0.28371 780.5
0.28372 780.5
0.28373 780.5
0.28374 780.5
0.28375 780.5
0.28376 780.5
0.28377 780.5
0.28378 780.5
0.28379 780.5
0.28380 780.5
0.28381 780.5
0.28382 780.5
0.28383 780.5
0.28384 780.5
0.28385 780.5
0.28386 780.5
0.28387 780.5
0.28388 780.5
0.28389 780.5
0.28390 780.5
0.28391 780.5
0.28392 780.5
0.28393 780.5
0.28394 780.5
0.28395 780.5
0.28396 780.5
0.28397 780.5
0.28398 780.5
0.28399 780.5
0.28400 780.5
0.28401 780.5
0.28402 780.5
0.28403 780.5
0.28404 780.5
0.28405 780.5
0.28406 780.5
0.28407 780.5
0.28408 780.5
0.28409 780.5
0.28410 780.5
0.28411 780.5
0.28412 780.5
0.28413 780.5
0.28414 780.5
0.28415 780.5
0.28416 780.5
0.28417 780.5
0.28418 780.5
0.28419 780.5
0.28420 780.5
0.28421 780.5
0.28422 780.5
0.28423 780.5
0.28424 780.5
0.28425 780.5
0.28426 780.5
0.28427 780.5
0.28428 780.5
0.28429 780.5
0.28430 780.5
0.28431 780.5
0.28432 780.5
0.28433 780.5
0.28434 780.5
0.28435 780.5
0.28436 780.5
0.28437 780.5
0.28438 780.5
0.28439 780.5
0.28440 780.5
0.28441 780.5
0.28442 780.5
0.28443 780.5
0.28444 780.5
0.28445 780.5
0.28446 780.5
0.28447 780.5
0.28448 780.5
0.28449 780.5
0.28450 780.5
0.28451 780.5
0.28452 780.5
0.28453 780.5
0.28454 780.5
0.28455 780.5
0.28456 780.5
0.28457 780.5
0.28458 780.5
0.28459 780.5
0.28460 780.5
0.28461 780.5
0.28462 780.5
0.28463 780.5
0.28464 780.5
0.28465 780.5
0.28466 780.5
0.28467 780.5
0.28468 780.5
0.28469 780.5
0.28470 780.5
0.28471 780.5
0.28472 780.5
0.28473 780.5
0.28474 780.5
0.28475 780.5
0.28476 780.5
0.28477 780.5
0.28478 780.5
0.28479 780.5
0.28480 780.5
0.28481 780.5
0.28482 780.5
0.28483 780.5
0.28484 780.5
0.28485 780.5
0.28486 780.5
0.28487 780.5
0.28488 780.5
0.28489 780.5
0.28490 780.5
0.28491 780.5
0.28492 780.5
0.28493 780.5
0.28494 780.5
0.28495 780.5
0.28496 780.5
0.28497 780.5
0.28498 780.5
0.28499 780.5
0.28500 780.5
0.28501 780.5
0.28502 780.5
0.28503 780.5
0.28504 780.5
0.28505 780.5
0.28506 780.5
0.28507 780.5
0.28508 780.5
0.28509 780.5
0.28510 780.5
0.28511 780.5
0.28512 780.5
0.28513 780.5
0.28514 780.5
0.28515 780.5
0.28516 780.5
0.28517 780.5
0.28518 780.5
0.28519 780.5
0.28520 780.5
0.28521 780.5
0.28522 780.5
0.28523 780.5
0.28524 780.5
0.28525 780.5
0.28526 780.5
0.28527 780.5
0.28528 780.5
0.28529 780.5
0.28530 780.5
0.28531 780.5
0.28532 780.5
0.28533 780.5
0.28534 780.5
0.28535 780.5
0.28536 780.5
0.28537 780.5
0.28538 780.5
0.28539 780.5
0.28540 780.5
0.28541 780.5
0.28542 780.5
0.28543 780.5
0.28544 780.5
0.28545 780.5
0.28546 780.5
0.28547 780.5
0.28548 780.5
0.28549 780.5
0.28550 780.5
0.28551 780.5
0.28552 780.5
0.28553 780.5
0.28554 780.5
0.28555 780.5
0.28556 780.5
0.28557 780.5
0.28558 780.5
0.28559 780.5
0.28560 780.5
0.28561 780.5
0.28562 780.5
0.28563 780.5
0.28564 780.5
0.28565 780.5
0.28566 780.5
0.28567 780.5
0.28568 780.5
0.28569 780.5
0.28570 780.5
0.28571 780.5
0.28572 780.5
0.28573 780.5
0.28574 780.5
0.28575 780.5
0.28576 780.5
0.28577 780.5
0.28578 780.5
0.28579 780.5
0.28580 780.5
0.28581 780.5
0.28582 780.5
0.28583 780.5
0.28584 780.5
0.28585 780.5
0.28586 780.5
0.28587 780.5
0.28588 780.5
0.28589 780.5
0.28590 780.5
0.28591 780.5
0.28592 780.5
0.28593 780.5
0.28594 780.5
0.28595 780.5
0.28596 780.5
0.28597 780.5
0.28598 780.5
0.28599 780.5
0.28600 780.5
0.28601 780.5
0.28602 780.5
0.28603 780.5
0.28604 780.5
0.28605 780.5
0.28606 780.5
0.28607 780.5
0.28608 780.5
0.28609 780.5
0.28610 780.5
0.28611 780.5
0.28612 780.5
0.28613 780.5
0.28614 780.5
0.28615 780.5
0.28616 780.5
0.28617 780.5
0.28618 780.5
0.28619 780.5
0.28620 780.5
0.28621 780.5
0.28622 780.5
0.28623 780.5
0.28624 780.5
0.28625 780.5
0.28626 780.5
0.28627 780.5
0.28628 780.5
0.28629 780.5
0.28630 780.5
0.28631 780.5
0.28632 780.5
0.28633 780.5
0.28634 780.5
0.28635 780.5
0.28636 780.5
0.28637 780.5
0.28638 780.5
0.28639 780.5
0.28640 780.5
0.28641 780.5
0.28642 780.5
0.28643 780.5
0.28644 780.5
0.28645 780.5
0.28646 780.5
0.28647 780.5
0.28648 780.5
0.28649 780.5
0.28650 780.5
0.28651 780.5
0.28652 780.5
0.28653 780.5
0.28654 780.5
0.28655 780.5
0.28656 780.5
0.28657 780.5
0.28658 780.5
0.28659 780.5
0.28660 780.5
0.28661 780.5
0.28662 780.5
0.28663 780.5
0.28664 780.5
0.28665 780.5
0.28666 780.5
0.28667 780.5
0.28668 780.5
0.28669 780.5
0.28670 780.5
0.28671 780.5
0.28672 780.5
0.28673 780.5
0.28674 780.5
0.28675 780.5
0.28676 780.5
0.28677 780.5
0.28678 780.5
0.28679 780.5
0.28680 780.5
0.28681 780.5
0.28682 780.5
0.28683 780.5
0.28684 780.5
0.28685 780.5
0.28686 780.5
0.28687 780.5
0.28688 780.5
0.28689 780.5
0.28690 780.5
0.28691 780.5
0.28692 780.5
0.28693 780.5
0.28694 780.5
0.28695 780.5
0.28696 780.5
0.28697 780.5
0.28698 780.5
0.28699 780.5
0.28700 780.5
0.28701 780.5
0.28702 780.5
0.28703 780.5
0.28704 780.5
0.28705 780.5
0.28706 780.5
0.28707 780.5
0.28708 780.5
0.28709 780.5
0.28710 780.5
0.28711 780.5
0.28712 780.5
0.28713 780.5
0.28714 780.5
0.28715 780.5
0.28716 780.5
0.28717 780.5
0.28718 780.5
0.28719 780.5
0.28720 780.5
0.28721 780.5
0.28722 780.5
0.28723 780.5
0.28724 780.5
0.28725 780.5
0.28726 780.5
0.28727 780.5
0.28728 780.5
0.28729 780.5
0.28730 780.5
0.28731 780.5
0.28732 780.5
0.28733 780.5
0.28734 780.5
0.28735 780.5
0.28736 780.5
0.28737 780.5
0.28738 780.5
0.28739 780.5
0.28740 780.5
0.28741 780.5
0.28742 780.5
0.28743 780.5
0.28744 780.5
0.28745 780.5
0.28746 780.5
0.28747 780.5
0.28748 780.5
0.28749 780.5
0.28750 780.5
0.28751 780.5
0.28752 780.5
0.28753 780.5
0.28754 780.5
0.28755 780.5
0.28756 780.5
0.28757 780.5
0.28758 780.5
0.28759 780.5
0.28760 780.5
0.28761 780.5
0.28762 780.5
0.28763 780.5
0.28764 780.5
0.28765 780.5
0.28766 780.5
0.28767 780.5
0.28768 780.5
0.28769 780.5
0.28770 780.5
0.28771 780.5
0.28772 780.5
0.28773 780.5
0.28774 780.5
0.28775 780.5
0.28776 780.5
0.28777 780.5
0.28778 780.5
0.28779 780.5
0.28780 780.5
0.28781 780.5
0.28782 780.5
0.28783 780.5
0.28784 780.5
0.28785 780.5
0.28786 780.5
0.28787 780.5
0.28788 780.5
0.28789 780.5
0.28790 780.5
0.28791 780.5
0.28792 780.5
0.28793 780.5
0.28794 780.5
0.28795 780.5
0.28796 780.5
0.28797 780.5
0.28798 780.5
0.28799 780.5
0.28800 780.5
0.28801 780.5
0.28802 780.5
0.28803 780.5
0.28804 780.5
0.28805 780.5
0.28806 780.5
0.28807 780.5
0.28808 780.5
0.28809 780.5
0.28810 780.5
0.28811 780.5
0.28812 780.5
0.28813 780.5
0.28814 780.5
0.28815 780.5
0.28816 780.5
0.28817 780.5
0.28818 780.5
0.28819 780.5
0.28820 780.5
0.28821 780.5
0.28822 780.5
0.28823 780.5
0.28824 780.5
0.28825 780.5
0.28826 780.5
0.28827 780.5
0.28828 780.5
0.28829 780.5
0.28830 780.5
0.28831 780.5
0.28832 780.5
0.28833 780.5
0.28834 780.5
0.28835 780.5
0.28836 780.5
0.28837 780.5
0.28838 780.5
0.28839 780.5
0.28840 780.5
0.28841 780.5
0.28842 780.5
0.28843 780.5
0.28844 780.5
0.28845 780.5
0.28846 780.5
0.28847 780.5
0.28848 780.5
0.28849 780.5
0.28850 780.5
0.28851 780.5
0.28852 780.5
0.28853 780.5
0.28854 780.5
0.28855 780.5
0.28856 780.5
0.28857 780.5
0.28858 780.5
0.28859 780.5
0.28860 780.5
0.28861 780.5
0.28862 780.5
0.28863 780.5
0.28864 780.5
0.28865 780.5
0.28866 780.5
0.28867 780.5
0.28868 780.5
0.28869 780.5
0.28870 780.5
0.28871 780.5
0.28872 780.5
0.28873 780.5
0.28874 780.5
0.28875 780.5
0.28876 780.5
0.28877 780.5
0.28878 780.5
0.28879 780.5
0.28880 780.5
0.28881 780.5
0.28882 780.5
0.28883 780.5
0.28884 780.5
0.28885 780.5
0.28886 780.5
0.28887 780.5
0.28888 780.5
0.28889 780.5
0.28890 780.5
0.28891 780.5
0.28892 780.5
0.28893 780.5
0.28894 780.5
0.28895 780.5
0.28896 780.5
0.28897 780.5
0.28898 780.5
0.28899 780.5
0.28900 780.5
0.28901 780.5
0.28902 780.5
0.28903 780.5
0.28904 780.5
0.28905 780.5
0.28906 780.5
0.28907 780.5
0.28908 780.5
0.28909 780.5
0.28910 780.5
0.28911 780.5
0.28912 780.5
0.28913 780.5
0.28914 780.5
0.28915 780.5
0.28916 780.5
0.28917 780.5
0.28918 780.5
0.28919 780.5
0.28920 780.5
0.28921 780.5
0.28922 780.5
0.28923 780.5
0.28924 780.5
0.28925 780.5
0.28926 780.5
0.28927 780.5
0.28928 780.5
0.28929 780.5
0.28930 780.5
0.28931 780.5
0.28932 780.5
0.28933 780.5
0.28934 780.5
0.28935 780.5
0.28936 780.5
0.28937 780.5
0.28938 780.5
0.28939 780.5
0.28940 780.5
0.28941 780.5
0.28942 780.5
0.28943 780.5
0.28944 780.5
0.28945 780.5
0.28946 780.5
0.28947 780.5
0.28948 780.5
0.28949 780.5
0.28950 780.5
0.28951 780.5
0.28952 780.5
0.28953 780.5
0.28954 780.5
0.28955 780.5
0.28956 780.5
0.28957 780.5
0.28958 780.5
0.28959 780.5
0.28960 780.5
0.28961 780.5
0.28962 780.5
0.28963 780.5
0.28964 780.5
0.28965 780.5
0.28966 780.5
0.28967 780.5
0.28968 780.5
0.28969 780.5
0.28970 780.5
0.28971 780.5
0.28972 780.5
0.28973 780.5
0.28974 780.5
0.28975 780.5
0.28976 780.5
0.28977 780.5
0.28978 780.5
0.28979 780.5
0.28980 780.5
0.28981 780.5
0.28982 780.5
0.28983 780.5
0.28984 780.5
0.28985 780.5
0.28986 780.5
0.28987 780.5
0.28988 780.5
0.28989 780.5
0.28990 780.5
0.28991 780.5
0.28992 780.5
0.28993 780.5
0.28994 780.5
0.28995 780.5
0.28996 780.5
0.28997 780.5
0.28998 780.5
0.28999 780.5
0.29000 780.5
0.29001 780.5
0.29002 780.5
0.29003 780.5
0.29004 780.5
0.29005 780.5
0.29006 780.5
0.29007 780.5
0.29008 780.5
0.29009 780.5
0.29010 780.5
0.29011 780.5
0.29012 780.5
0.29013 780.5
0.29014 780.5
0.29015 780.5
0.29016 780.5
0.29017 780.5
0.29018 780.5
0.29019 780.5
0.29020 780.5
0.29021 780.5
0.29022 780.5
0.29023 780.5
0.29024 780.5
0.29025 780.5
0.29026 780.5
0.29027 780.5
0.29028 780.5
0.29029 780.5
0.29030 780.5
0.29031 780.5
0.29032 780.5
0.29033 780.5
0.29034 780.5
0.29035 780.5
0.29036 780.5
0.29037 780.5
0.29038 780.5
0.29039 780.5
0.29040 780.5
0.29041 780.5
0.29042 780.5
0.29043 780.5
0.29044 780.5
0.29045 780.5
0.29046 780.5
0.29047 780.5
0.29048 780.5
0.29049 780.5
0.29050 780.5
0.29051 780.5
0.29052 780.5
0.29053 780.5
0.29054 780.5
0.29055 780.5
0.29056 780.5
0.29057 780.5
0.29058 780.5
0.29059 780.5
0.29060 780.5
0.29061 780.5
0.29062 780.5
0.29063 780.5
0.29064 780.5
0.29065 780.5
0.29066 780.5
0.29067 780.5
0.29068 780.5
0.29069 780.5
0.29070 780.5
0.29071 780.5
0.29072 780.5
0.29073 780.5
0.29074 780.5
0.29075 780.5
0.29076 780.5
0.29077 780.5
0.29078 780.5
0.29079 780.5
0.29080 780.5
0.29081 780.5
0.29082 780.5
0.29083 780.5
0.29084 780.5
0.29085 780.5
0.29086 780.5
0.29087 780.5
0.29088 780.5
0.29089 780.5
0.29090 780.5
0.29091 780.5
0.29092 780.5
0.29093 780.5
0.29094 780.5
0.29095 780.5
0.29096 780.5
0.29097 780.5
0.29098 780.5
0.29099 780.5
0.29100 780.5
0.29101 780.5
0.29102 780.5
0.29103 780.5
0.29104 780.5
0.29105 780.5
0.29106 780.5
0.29107 780.5
0.29108 780.5
0.29109 780.5
0.29110 780.5
0.29111 780.5
0.29112 780.5
0.29113 780.5
0.29114 780.5
0.29115 780.5
0.29116 780.5
0.29117 780.5
0.29118 780.5
0.29119 780.5
0.29120 780.5
0.29121 780.5
0.29122 780.5
0.29123 780.5
0.29124 780.5
0.29125 780.5
0.29126 780.5
0.29127 780.5
0.29128 780.5
0.29129 780.5
0.29130 780.5
0.29131 780.5
0.29132 780.5
0.29133 780.5
0.29134 780.5
0.29135 780.5
0.29136 780.5
0.29137 780.5
0.29138 780.5
0.29139 780.5
0.29140 780.5
0.29141 780.5
0.29142 780.5
0.29143 780.5
0.29144 780.5
0.29145 780.5
0.29146 780.5
0.29147 780.5
0.29148 780.5
0.29149 780.5
0.29150 780.5
0.29151 780.5
0.29152 780.5
0.29153 780.5
0.29154 780.5
0.29155 780.5
0.29156 780.5
0.29157 780.5
0.29158 780.5
0.29159 780.5
0.29160 780.5
0.29161 780.5
0.29162 780.5
0.29163 780.5
0.29164 780.5
0.29165 780.5
0.29166 780.5
0.29167 780.5
0.29168 780.5
0.29169 780.5
0.29170 780.5
0.29171 780.5
0.29172 780.5
0.29173 780.5
0.29174 780.5
0.29175 780.5
0.29176 780.5
0.29177 780.5
0.29178 780.5
0.29179 780.5
0.29180 780.5
0.29181 780.5
0.29182 780.5
0.29183 780.5
0.29184 780.5
0.29185 780.5
0.29186 780.5
0.29187 780.5
0.29188 780.5
0.29189 780.5
0.29190 780.5
0.29191 780.5
0.29192 780.5
0.29193 780.5
0.29194 780.5
0.29195 780.5
0.29196 780.5
0.29197 780.5
0.29198 780.5
0.29199 780.5
0.29200 780.5
0.29201 780.5
0.29202 780.5
0.29203 780.5
0.29204 780.5
0.29205 780.5
0.29206 780.5
0.29207 780.5
0.29208 780.5
0.29209 780.5
0.29210 780.5
0.29211 780.5
0.29212 780.5
0.29213 780.5
0.29214 780.5
0.29215 780.5
0.29216 780.5
0.29217 780.5
0.29218 780.5
0.29219 780.5
0.29220 780.5
0.29221 780.5
0.29222 780.5
0.29223 780.5
0.29224 780.5
0.29225 780.5
0.29226 780.5
0.29227 780.5
0.29228 780.5
0.29229 780.5
0.29230 780.5
0.29231 780.5
0.29232 780.5
0.29233 780.5
0.29234 780.5
0.29235 780.5
0.29236 780.5
0.29237 780.5
0.29238 780.5
0.29239 780.5
0.29240 780.5
0.29241 780.5
0.29242 780.5
0.29243 780.5
0.29244 780.5
0.29245 780.5
0.29246 780.5
0.29247 780.5
0.29248 780.5
0.29249 780.5
0.29250 780.5
0.29251 780.5
0.29252 780.5
0.29253 780.5
0.29254 780.5
0.29255 780.5
0.29256 780.5
0.29257 780.5
0.29258 780.5
0.29259 780.5
0.29260 780.5
0.29261 780.5
0.29262 780.5
0.29263 780.5
0.29264 780.5
0.29265 780.5
0.29266 780.5
0.29267 780.5
0.29268 780.5
0.29269 780.5
0.29270 780.5
0.29271 780.5
0.29272 780.5
0.29273 780.5
0.29274 780.5
0.29275 780.5
0.29276 780.5
0.29277 780.5
0.29278 780.5
0.29279 780.5
0.29280 780.5
0.29281 780.5
0.29282 780.5
0.29283 780.5
0.29284 780.5
0.29285 780.5
0.29286 780.5
0.29287 780.5
0.29288 780.5
0.29289 780.5
0.29290 780.5
0.29291 780.5
0.29292 780.5
0.29293 780.5
0.29294 780.5
0.29295 780.5
0.29296 780.5
0.29297 780.5
0.29298 780.5
0.29299 780.5
0.29300 780.5
0.29301 780.5
0.29302 780.5
0.29303 780.5
0.29304 780.5
0.29305 780.5
0.29306 780.5
0.29307 780.5
0.29308 780.5
0.29309 780.5
0.29310 780.5
0.29311 780.5
0.29312 780.5
0.29313 780.5
0.29314 780.5
0.29315 780.5
0.29316 780.5
0.29317 780.5
0.29318 780.5
0.29319 780.5
0.29320 780.5
0.29321 780.5
0.29322 780.5
0.29323 780.5
0.29324 780.5
0.29325 780.5
0.29326 780.5
0.29327 780.5
0.29328 780.5
0.29329 780.5
0.29330 780.5
0.29331 780.5
0.29332 780.5
0.29333 780.5
0.29334 780.5
0.29335 780.5
0.29336 780.5
0.29337 780.5
0.29338 780.5
0.29339 780.5
0.29340 780.5
0.29341 780.5
0.29342 780.5
0.29343 780.5
0.29344 780.5
0.29345 780.5
0.29346 780.5
0.29347 780.5
0.29348 780.5
0.29349 780.5
0.29350 780.5
0.29351 780.5
0.29352 780.5
0.29353 780.5
0.29354 780.5
0.29355 780.5
0.29356 780.5
0.29357 780.5
0.29358 780.5
0.29359 780.5
0.29360 780.5
0.29361 780.5
0.29362 780.5
0.29363 780.5
0.29364 780.5
0.29365 780.5
0.29366 780.5
0.29367 780.5
0.29368 780.5
0.29369 780.5
0.29370 780.5
0.29371 780.5
0.29372 780.5
0.29373 780.5
0.29374 780.5
0.29375 780.5
0.29376 780.5
0.29377 780.5
0.29378 780.5
0.29379 780.5
0.29380 780.5
0.29381 780.5
0.29382 780.5
0.29383 780.5
0.29384 780.5
0.29385 780.5
0.29386 780.5
0.29387 780.5
0.29388 780.5
0.29389 780.5
0.29390 780.5
0.29391 780.5
0.29392 780.5
0.29393 780.5
0.29394 780.5
0.29395 780.5
0.29396 780.5
0.29397 780.5
0.29398 780.5
0.29399 780.5
0.29400 780.5
0.29401 780.5
0.29402 780.5
0.29403 780.5
0.29404 780.5
0.29405 780.5
0.29406 780.5
0.29407 780.5
0.29408 780.5
0.29409 780.5
0.29410 780.5
0.29411 780.5
0.29412 780.5
0.29413 780.5
0.29414 780.5
0.29415 780.5
0.29416 780.5
0.29417 780.5
0.29418 780.5
0.29419 780.5
0.29420 780.5
0.29421 780.5
0.29422 780.5
0.29423 780.5
0.29424 780.5
0.29425 780.5
0.29426 780.5
0.29427 780.5
0.29428 780.5
0.29429 780.5
0.29430 780.5
0.29431 780.5
0.29432 780.5
0.29433 780.5
0.29434 780.5
0.29435 780.5
0.29436 780.5
0.29437 780.5
0.29438 780.5
0.29439 780.5
0.29440 780.5
0.29441 780.5
0.29442 780.5
0.29443 780.5
0.29444 780.5
0.29445 780.5
0.29446 780.5
0.29447 780.5
0.29448 780.5
0.29449 780.5
0.29450 780.5
0.29451 780.5
0.29452 780.5
0.29453 780.5
0.29454 780.5
0.29455 780.5
0.29456 780.5
0.29457 780.5
0.29458 780.5
0.29459 780.5
0.29460 780.5
0.29461 780.5
0.29462 780.5
0.29463 780.5
0.29464 780.5
0.29465 780.5
0.29466 780.5
0.29467 780.5
0.29468 780.5
0.29469 780.5
0.29470 780.5
0.29471 780.5
0.29472 780.5
0.29473 780.5
0.29474 780.5
0.29475 780.5
0.29476 780.5
0.29477 780.5
0.29478 780.5
0.29479 780.5
0.29480 780.5
0.29481 780.5
0.29482 780.5
0.29483 780.5
0.29484 780.5
0.29485 780.5
0.29486 780.5
0.29487 780.5
0.29488 780.5
0.29489 780.5
0.29490 780.5
0.29491 780.5
0.29492 780.5
0.29493 780.5
0.29494 780.5
0.29495 780.5
0.29496 780.5
0.29497 780.5
0.29498 780.5
0.29499 780.5
0.29500 780.5
0.29501 780.5
0.29502 780.5
0.29503 780.5
0.29504 780.5
0.29505 780.5
0.29506 780.5
0.29507 780.5
0.29508 780.5
0.29509 780.5
0.29510 780.5
0.29511 780.5
0.29512 780.5
0.29513 780.5
0.29514 780.5
0.29515 780.5
0.29516 780.5
0.29517 780.5
0.29518 780.5
0.29519 780.5
0.29520 780.5
0.29521 780.5
0.29522 780.5
0.29523 780.5
0.29524 780.5
0.29525 780.5
0.29526 780.5
0.29527 780.5
0.29528 780.5
0.29529 780.5
0.29530 780.5
0.29531 780.5
0.29532 780.5
0.29533 780.5
0.29534 780.5
0.29535 780.5
0.29536 780.5
0.29537 780.5
0.29538 780.5
0.29539 780.5
0.29540 780.5
0.29541 780.5
0.29542 780.5
0.29543 780.5
0.29544 780.5
0.29545 780.5
0.29546 780.5
0.29547 780.5
0.29548 780.5
0.29549 780.5
0.29550 780.5
0.29551 780.5
0.29552 780.5
0.29553 780.5
0.29554 780.5
0.29555 780.5
0.29556 780.5
0.29557 780.5
0.29558 780.5
0.29559 780.5
0.29560 780.5
0.29561 780.5
0.29562 780.5
0.29563 780.5
0.29564 780.5
0.29565 780.5
0.29566 780.5
0.29567 780.5
0.29568 780.5
0.29569 780.5
0.29570 780.5
0.29571 780.5
0.29572 780.5
0.29573 780.5
0.29574 780.5
0.29575 780.5
0.29576 780.5
0.29577 780.5
0.29578 780.5
0.29579 780.5
0.29580 780.5
0.29581 780.5
0.29582 780.5
0.29583 780.5
0.29584 780.5
0.29585 780.5
0.29586 780.5
0.29587 780.5
0.29588 780.5
0.29589 780.5
0.29590 780.5
0.29591 780.5
0.29592 780.5
0.29593 780.5
0.29594 780.5
0.29595 780.5
0.29596 780.5
0.29597 780.5
0.29598 780.5
0.29599 780.5
0.29600 780.5
0.29601 780.5
0.29602 780.5
0.29603 780.5
0.29604 780.5
0.29605 780.5
0.29606 780.5
0.29607 780.5
0.29608 780.5
0.29609 780.5
0.29610 780.5
0.29611 780.5
0.29612 780.5
0.29613 780.5
0.29614 780.5
0.29615 780.5
0.29616 780.5
0.29617 780.5
0.29618 780.5
0.29619 780.5
0.29620 780.5
0.29621 780.5
0.29622 780.5
0.29623 780.5
0.29624 780.5
0.29625 780.5
0.29626 780.5
0.29627 780.5
0.29628 780.5
0.29629 780.5
0.29630 780.5
0.29631 780.5
0.29632 780.5
0.29633 780.5
0.29634 780.5
0.29635 780.5
0.29636 780.5
0.29637 780.5
0.29638 780.5
0.29639 780.5
0.29640 780.5
0.29641 780.5
0.29642 780.5
0.29643 780.5
0.29644 780.5
0.29645 780.5
0.29646 780.5
0.29647 780.5
0.29648 780.5
0.29649 780.5
0.29650 780.5
0.29651 780.5
0.29652 780.5
0.29653 780.5
0.29654 780.5
0.29655 780.5
0.29656 780.5
0.29657 780.5
0.29658 780.5
0.29659 780.5
0.29660 780.5
0.29661 780.5
0.29662 780.5
0.29663 780.5
0.29664 780.5
0.29665 780.5
0.29666 780.5
0.29667 780.5
0.29668 780.5
0.29669 780.5
0.29670 780.5
0.29671 780.5
0.29672 780.5
0.29673 780.5
0.29674 780.5
0.29675 780.5
0.29676 780.5
0.29677 780.5
0.29678 780.5
0.29679 780.5
0.29680 780.5
0.29681 780.5
0.29682 780.5
0.29683 780.5
0.29684 780.5
0.29685 780.5
0.29686 780.5
0.29687 780.5
0.29688 780.5
0.29689 780.5
0.29690 780.5
0.29691 780.5
0.29692 780.5
0.29693 780.5
0.29694 780.5
0.29695 780.5
0.29696 780.5
0.29697 780.5
0.29698 780.5
0.29699 780.5
0.29700 780.5
0.29701 780.5
0.29702 780.5
0.29703 780.5
0.29704 780.5
0.29705 780.5
0.29706 780.5
0.29707 780.5
0.29708 780.5
0.29709 780.5
0.29710 780.5
0.29711 780.5
0.29712 780.5
0.29713 780.5
0.29714 780.5
0.29715 780.5
0.29716 780.5
0.29717 780.5
0.29718 780.5
0.29719 780.5
0.29720 780.5
0.29721 780.5
0.29722 780.5
0.29723 780.5
0.29724 780.5
0.29725 780.5
0.29726 780.5
0.29727 780.5
0.29728 780.5
0.29729 780.5
0.29730 780.5
0.29731 780.5
0.29732 780.5
0.29733 780.5
0.29734 780.5
0.29735 780.5
0.29736 780.5
0.29737 780.5
0.29738 780.5
0.29739 780.5
0.29740 780.5
0.29741 780.5
0.29742 780.5
0.29743 780.5
0.29744 780.5
0.29745 780.5
0.29746 780.5
0.29747 780.5
0.29748 780.5
0.29749 780.5
0.29750 780.5
0.29751 780.5
0.29752 780.5
0.29753 780.5
0.29754 780.5
0.29755 780.5
0.29756 780.5
0.29757 780.5
0.29758 780.5
0.29759 780.5
0.29760 780.5
0.29761 780.5
0.29762 780.5
0.29763 780.5
0.29764 780.5
0.29765 780.5
0.29766 780.5
0.29767 780.5
0.29768 780.5
0.29769 780.5
0.29770 780.5
0.29771 780.5
0.29772 780.5
0.29773 780.5
0.29774 780.5
0.29775 780.5
0.29776 780.5
0.29777 780.5
0.29778 780.5
0.29779 780.5
0.29780 780.5
0.29781 780.5
0.29782 780.5
0.29783 780.5
0.29784 780.5
0.29785 780.5
0.29786 780.5
0.29787 780.5
0.29788 780.5
0.29789 780.5
0.29790 780.5
0.29791 780.5
0.29792 780.5
0.29793 780.5
0.29794 780.5
0.29795 780.5
0.29796 780.5
0.29797 780.5
0.29798 780.5
0.29799 780.5
0.29800 780.5
0.29801 780.5
0.29802 780.5
0.29803 780.5
0.29804 780.5
0.29805 780.5
0.29806 780.5
0.29807 780.5
0.29808 780.5
0.29809 780.5
0.29810 780.5
0.29811 780.5
0.29812 780.5
0.29813 780.5
0.29814 780.5
0.29815 780.5
0.29816 780.5
0.29817 780.5
0.29818 780.5
0.29819 780.5
0.29820 780.5
0.29821 780.5
0.29822 780.5
0.29823 780.5
0.29824 780.5
0.29825 780.5
0.29826 780.5
0.29827 780.5
0.29828 780.5
0.29829 780.5
0.29830 780.5
0.29831 780.5
0.29832 780.5
0.29833 780.5
0.29834 780.5
0.29835 780.5
0.29836 780.5
0.29837 780.5
0.29838 780.5
0.29839 780.5
0.29840 780.5
0.29841 780.5
0.29842 780.5
0.29843 780.5
0.29844 780.5
0.29845 780.5
0.29846 780.5
0.29847 780.5
0.29848 780.5
0.29849 780.5
0.29850 780.5
0.29851 780.5
0.29852 780.5
0.29853 780.5
0.29854 780.5
0.29855 780.5
0.29856 780.5
0.29857 780.5
0.29858 780.5
0.29859 780.5
0.29860 780.5
0.29861 780.5
0.29862 780.5
0.29863 780.5
0.29864 780.5
0.29865 780.5
0.29866 780.5
0.29867 780.5
0.29868 780.5
0.29869 780.5
0.29870 780.5
0.29871 780.5
0.29872 780.5
0.29873 780.5
0.29874 780.5
0.29875 780.5
0.29876 780.5
0.29877 780.5
0.29878 780.5
0.29879 780.5
0.29880 780.5
0.29881 780.5
0.29882 780.5
0.29883 780.5
0.29884 780.5
0.29885 780.5
0.29886 780.5
0.29887 780.5
0.29888 780.5
0.29889 780.5
0.29890 780.5
0.29891 780.5
0.29892 780.5
0.29893 780.5
0.29894 780.5
0.29895 780.5
0.29896 780.5
0.29897 780.5
0.29898 780.5
0.29899 780.5
0.29900 780.5
0.29901 780.5
0.29902 780.5
0.29903 780.5
0.29904 780.5
0.29905 780.5
0.29906 780.5
0.29907 780.5
0.29908 780.5
0.29909 780.5
0.29910 780.5
0.29911 780.5
0.29912 780.5
0.29913 780.5
0.29914 780.5
0.29915 780.5
0.29916 780.5
0.29917 780.5
0.29918 780.5
0.29919 780.5
0.29920 780.5
0.29921 780.5
0.29922 780.5
0.29923 780.5
0.29924 780.5
0.29925 780.5
0.29926 780.5
0.29927 780.5
0.29928 780.5
0.29929 780.5
0.29930 780.5
0.29931 780.5
0.29932 780.5
0.29933 780.5
0.29934 780.5
0.29935 780.5
0.29936 780.5
0.29937 780.5
0.29938 780.5
0.29939 780.5
0.29940 780.5
0.29941 780.5
0.29942 780.5
0.29943 780.5
0.29944 780.5
0.29945 780.5
0.29946 780.5
0.29947 780.5
0.29948 780.5
0.29949 780.5
0.29950 780.5
0.29951 780.5
0.29952 780.5
0.29953 780.5
0.29954 780.5
0.29955 780.5
0.29956 780.5
0.29957 780.5
0.29958 780.5
0.29959 780.5
0.29960 780.5
0.29961 780.5
0.29962 780.5
0.29963 780.5
0.29964 780.5
0.29965 780.5
0.29966 780.5
0.29967 780.5
0.29968 780.5
0.29969 780.5
0.29970 780.5
0.29971 780.5
0.29972 780.5
0.29973 780.5
0.29974 780.5
0.29975 780.5
0.29976 780.5
0.29977 780.5
0.29978 780.5
0.29979 780.5
0.29980 780.5
0.29981 780.5
0.29982 780.5
0.29983 780.5
0.29984 780.5
0.29985 780.5
0.29986 780.5
0.29987 780.5
0.29988 780.5
0.29989 780.5
0.29990 780.5
0.29991 780.5
0.29992 780.5
0.29993 780.5
0.29994 780.5
0.29995 780.5
0.29996 780.5
0.29997 780.5
0.29998 780.5
0.29999 780.5
0.30000 780.5
0.30001 780.5
0.30002 780.5
0.30003 780.5
0.30004 780.5
0.30005 780.5
0.30006 780.5
0.30007 780.5
0.30008 780.5
0.30009 780.5
0.30010 780.5
0.30011 780.5
0.30012 780.5
0.30013 780.5
0.30014 780.5
0.30015 780.5
0.30016 780.5
0.30017 780.5
0.30018 780.5
0.30019 780.5
0.30020 780.5
0.30021 780.5
0.30022 780.5
0.30023 780.5
0.30024 780.5
0.30025 780.5
0.30026 780.5
0.30027 780.5
0.30028 780.5
0.30029 780.5
0.30030 780.5
0.30031 780.5
0.30032 780.5
0.30033 780.5
0.30034 780.5
0.30035 780.5
0.30036 780.5
0.30037 780.5
0.30038 780.5
0.30039 780.5
0.30040 780.5
0.30041 780.5
0.30042 780.5
0.30043 780.5
0.30044 780.5
0.30045 780.5
0.30046 780.5
0.30047 780.5
0.30048 780.5
0.30049 780.5
0.30050 780.5
0.30051 780.5
0.30052 780.5
0.30053 780.5
0.30054 780.5
0.30055 780.5
0.30056 780.5
0.30057 780.5
0.30058 780.5
0.30059 780.5
0.30060 780.5
0.30061 780.5
0.30062 780.5
0.30063 780.5
0.30064 780.5
0.30065 780.5
0.30066 780.5
0.30067 780.5
0.30068 780.5
0.30069 780.5
0.30070 780.5
0.30071 780.5
0.30072 780.5
0.30073 780.5
0.30074 780.5
0.30075 780.5
0.30076 780.5
0.30077 780.5
0.30078 780.5
0.30079 780.5
0.30080 780.5
0.30081 780.5
0.30082 780.5
0.30083 780.5
0.30084 780.5
0.30085 780.5
0.30086 780.5
0.30087 780.5
0.30088 780.5
0.30089 780.5
0.30090 780.5
0.30091 780.5
0.30092 780.5
0.30093 780.5
0.30094 780.5
0.30095 780.5
0.30096 780.5
0.30097 780.5
0.30098 780.5
0.30099 780.5
0.30100 780.5
0.30101 796.5
0.30102 812.8
0.30103 829.4
0.30104 846.3
0.30105 863.4
0.30106 880.9
0.30107 898.6
0.30108 916.7
0.30109 935.1
0.30110 953.8
0.30111 972.8
0.30112 992.1
0.30113 1011.8
0.30114 1031.8
0.30115 1052.1
0.30116 1072.8
0.30117 1093.9
0.30118 1115.3
0.30119 1137.1
0.30120 1159.3
0.30121 1182.0
0.30122 1205.0
0.30123 1228.5
0.30124 1252.4
0.30125 1276.9
0.30126 1301.8
0.30127 1327.3
0.30128 1353.3
0.30129 1380.0
0.30130 1407.3
0.30131 1435.4
0.30132 1464.3
0.30133 1494.0
0.30134 1524.7
0.30135 1556.5
0.30136 1589.5
0.30137 1623.8
0.30138 1659.7
0.30139 1697.3
0.30140 1736.8
0.30141 1778.7
0.30142 1823.1
0.30143 1870.6
0.30144 1921.5
0.30145 1976.6
0.30146 2036.5
0.30147 2102.0
0.30148 2174.2
0.30149 2254.3
0.30150 2343.9
0.30151 2395.9
0.30152 2458.6
0.30153 2533.4
0.30154 2622.2
0.30155 2727.0
0.30156 2850.7
0.30157 2996.1
0.30158 3166.9
0.30159 3367.1
0.30160 3601.0
0.30161 3872.8
0.30162 4186.0
0.30163 4542.1
0.30164 4939.3
0.30165 5370.9
0.30166 5824.2
0.30167 6281.9
0.30168 6724.4
0.30169 7134.8
0.30170 7501.4
0.30171 7819.0
0.30172 8087.5
0.30173 8310.2
0.30174 8491.7
0.30175 8636.9
0.30176 8750.5
0.30177 8836.4
0.30178 8898.0
0.30179 8938.3
0.30180 8959.5
0.30181 8963.6
0.30182 8952.3
0.30183 8926.9
0.30184 8888.5
0.30185 8838.1
0.30186 8776.5
0.30187 8704.4
0.30188 8622.5
0.30189 8531.4
0.30190 8431.5
0.30191 8323.6
0.30192 8207.9
0.30193 8085.2
0.30194 7955.7
0.30195 7820.1
0.30196 7678.9
0.30197 7532.6
0.30198 7381.6
0.30199 7226.6
0.30200 7068.1
0.30201 6906.6
0.30202 6742.7
0.30203 6577.0
0.30204 6409.8
0.30205 6241.9
0.30206 6073.7
0.30207 5905.8
0.30208 5738.5
0.30209 5572.4
0.30210 5407.9
0.30211 5245.4
0.30212 5085.3
0.30213 4927.9
0.30214 4773.5
0.30215 4622.5
0.30216 4475.0
0.30217 4331.2
0.30218 4191.4
0.30219 4055.7
0.30220 3924.1
0.30221 3796.8
0.30222 3673.8
0.30223 3555.1
0.30224 3440.8
0.30225 3330.8
0.30226 3225.0
0.30227 3123.5
0.30228 3026.0
0.30229 2932.6
0.30230 2843.2
0.30231 2757.5
0.30232 2675.6
0.30233 2597.3
0.30234 2522.4
0.30235 2450.8
0.30236 2382.5
0.30237 2317.2
0.30238 2254.8
0.30239 2195.2
0.30240 2138.3
0.30241 2083.9
0.30242 2032.0
0.30243 1982.3
0.30244 1934.9
0.30245 1889.5
0.30246 1846.1
0.30247 1804.6
0.30248 1764.8
0.30249 1726.8
0.30250 1690.3
0.30251 1655.4
0.30252 1621.9
0.30253 1589.7
0.30254 1558.9
0.30255 1529.2
0.30256 1500.8
0.30257 1473.4
0.30258 1447.2
0.30259 1421.9
0.30260 1397.6
0.30261 1374.1
0.30262 1351.6
0.30263 1329.9
0.30264 1309.0
0.30265 1288.9
0.30266 1269.4
0.30267 1250.7
0.30268 1232.7
0.30269 1215.3
0.30270 1198.5
0.30271 1182.3
0.30272 1166.7
0.30273 1151.7
0.30274 1137.2
0.30275 1123.2
0.30276 1109.7
0.30277 1096.7
0.30278 1084.1
0.30279 1072.0
0.30280 1060.3
0.30281 1049.1
0.30282 1038.2
0.30283 1027.8
0.30284 1017.7
0.30285 1008.0
0.30286 998.6
0.30287 989.6
0.30288 980.9
0.30289 972.5
0.30290 964.4
0.30291 956.6
0.30292 949.1
0.30293 941.9
0.30294 935.0
0.30295 928.3
0.30296 921.8
0.30297 915.6
0.30298 909.6
0.30299 903.8
0.30300 898.2
0.30301 892.8
0.30302 887.6
0.30303 882.6
0.30304 877.8
0.30305 873.2
0.30306 868.7
0.30307 864.4
0.30308 860.2
0.30309 856.2
0.30310 852.3
0.30311 848.5
0.30312 844.9
0.30313 841.4
0.30314 838.1
0.30315 834.8
0.30316 831.7
0.30317 828.6
0.30318 825.7
0.30319 822.8
0.30320 820.1
0.30321 817.5
0.30322 814.9
0.30323 812.4
0.30324 810.0
0.30325 807.7
0.30326 805.5
0.30327 803.3
0.30328 801.2
0.30329 799.2
0.30330 797.2
0.30331 795.3
0.30332 793.4
0.30333 791.6
0.30334 789.9
0.30335 788.2
0.30336 786.6
0.30337 785.0
0.30338 783.5
0.30339 782.0
0.30340 780.6
0.30341 779.2
0.30342 777.9
0.30343 776.6
0.30344 775.3
0.30345 774.1
0.30346 772.9
0.30347 771.7
0.30348 770.6
0.30349 769.5
0.30350 768.4
0.30351 767.4
0.30352 766.4
0.30353 765.4
0.30354 764.5
0.30355 763.6
0.30356 762.7
0.30357 761.8
0.30358 761.0
0.30359 760.2
0.30360 759.4
0.30361 758.6
0.30362 757.9
0.30363 757.1
0.30364 756.4
0.30365 755.7
0.30366 755.1
0.30367 754.4
0.30368 753.8
0.30369 753.2
0.30370 752.6
0.30371 752.0
0.30372 751.4
0.30373 750.9
0.30374 750.4
0.30375 749.8
0.30376 749.3
0.30377 748.8
0.30378 748.4
0.30379 747.9
0.30380 747.4
0.30381 747.0
0.30382 746.6
0.30383 746.1
0.30384 745.7
0.30385 745.3
0.30386 745.0
0.30387 744.6
0.30388 744.2
0.30389 743.9
0.30390 743.5
0.30391 743.2
0.30392 742.8
0.30393 742.5
0.30394 742.2
0.30395 741.9
0.30396 741.6
0.30397 741.3
0.30398 741.0
0.30399 740.8
0.30400 740.5
0.30401 740.2
0.30402 740.0
0.30403 739.7
0.30404 739.5
0.30405 739.3
0.30406 739.0
0.30407 738.8
0.30408 738.6
0.30409 738.4
0.30410 738.2
0.30411 738.0
0.30412 737.8
0.30413 737.6
0.30414 737.4
0.30415 737.2
0.30416 737.0
0.30417 736.9
0.30418 736.7
0.30419 736.5
0.30420 736.4
0.30421 736.2
0.30422 736.1
0.30423 735.9
0.30424 735.8
0.30425 735.7
0.30426 735.5
0.30427 735.4
0.30428 735.3
0.30429 735.1
0.30430 735.0
0.30431 734.9
0.30432 734.8
0.30433 734.7
0.30434 734.6
0.30435 734.5
0.30436 734.4
0.30437 734.3
0.30438 734.2
0.30439 734.1
0.30440 734.0
0.30441 733.9
0.30442 733.8
0.30443 733.7
0.30444 733.6
0.30445 733.6
0.30446 733.5
0.30447 733.4
0.30448 733.3
0.30449 733.3
0.30450 733.2
0.30451 733.1
0.30452 733.1
0.30453 733.0
0.30454 732.9
0.30455 732.9
0.30456 732.8
0.30457 732.8
0.30458 732.7
0.30459 732.7
0.30460 732.6
0.30461 732.6
0.30462 732.5
0.30463 732.5
0.30464 732.4
0.30465 732.4
0.30466 732.3
0.30467 732.3
0.30468 732.3
0.30469 732.2
0.30470 732.2
0.30471 732.2
0.30472 732.1
0.30473 732.1
0.30474 732.1
0.30475 732.0
0.30476 732.0
0.30477 732.0
0.30478 732.0
0.30479 731.9
0.30480 731.9
0.30481 731.9
0.30482 731.9
0.30483 731.9
0.30484 731.8
0.30485 731.8
0.30486 731.8
0.30487 731.8
0.30488 731.8
0.30489 731.8
0.30490 731.8
0.30491 731.7
0.30492 731.7
0.30493 731.7
0.30494 731.7
0.30495 731.7
0.30496 731.7
0.30497 731.7
0.30498 731.7
0.30499 731.7
0.30500 731.7
0.30501 731.7
0.30502 731.7
0.30503 731.7
0.30504 731.7
0.30505 731.7
0.30506 731.7
0.30507 731.7
0.30508 731.7
0.30509 731.7
0.30510 731.7
0.30511 731.7
0.30512 731.7
0.30513 731.7
0.30514 731.7
0.30515 731.7
0.30516 731.7
0.30517 731.7
0.30518 731.7
0.30519 731.7
0.30520 731.8
0.30521 731.8
0.30522 731.8
0.30523 731.8
0.30524 731.8
0.30525 731.8
0.30526 731.8
0.30527 731.8
0.30528 731.9
0.30529 731.9
0.30530 731.9
0.30531 731.9
0.30532 731.9
0.30533 731.9
0.30534 731.9
0.30535 732.0
0.30536 732.0
0.30537 732.0
0.30538 732.0
0.30539 732.0
0.30540 732.1
0.30541 732.1
0.30542 732.1
0.30543 732.1
0.30544 732.1
0.30545 732.2
0.30546 732.2
0.30547 732.2
0.30548 732.2
0.30549 732.2
0.30550 732.3
0.30551 732.3
0.30552 732.3
0.30553 732.3
0.30554 732.4
0.30555 732.4
0.30556 732.4
0.30557 732.4
0.30558 732.5
0.30559 732.5
0.30560 732.5
0.30561 732.5
0.30562 732.6
0.30563 732.6
0.30564 732.6
0.30565 732.6
0.30566 732.7
0.30567 732.7
0.30568 732.7
0.30569 732.8
0.30570 732.8
0.30571 732.8
0.30572 732.8
0.30573 732.9
0.30574 732.9
0.30575 732.9
0.30576 733.0
0.30577 733.0
0.30578 733.0
0.30579 733.1
0.30580 733.1
0.30581 733.1
0.30582 733.1
0.30583 733.2
0.30584 733.2
0.30585 733.2
0.30586 733.3
0.30587 733.3
0.30588 733.3
0.30589 733.4
0.30590 733.4
0.30591 733.4
0.30592 733.5
0.30593 733.5
0.30594 733.5
0.30595 733.6
0.30596 733.6
0.30597 733.6
0.30598 733.7
0.30599 733.7
0.30600 733.8
0.30601 733.8
0.30602 733.8
0.30603 733.9
0.30604 733.9
0.30605 733.9
0.30606 734.0
0.30607 734.0
0.30608 734.0
0.30609 734.1
0.30610 734.1
0.30611 734.2
0.30612 734.2
0.30613 734.2
0.30614 734.3
0.30615 734.3
0.30616 734.3
0.30617 734.4
0.30618 734.4
0.30619 734.5
0.30620 734.5
0.30621 734.5
0.30622 734.6
0.30623 734.6
0.30624 734.7
0.30625 734.7
0.30626 734.7
0.30627 734.8
0.30628 734.8
0.30629 734.9
0.30630 734.9
0.30631 734.9
0.30632 735.0
0.30633 735.0
0.30634 735.1
0.30635 735.1
0.30636 735.1
0.30637 735.2
0.30638 735.2
0.30639 735.3
0.30640 735.3
0.30641 735.3
0.30642 735.4
0.30643 735.4
0.30644 735.5
0.30645 735.5
0.30646 735.5
0.30647 735.6
0.30648 735.6
0.30649 735.7
0.30650 735.7
0.30651 735.8
0.30652 735.8
0.30653 735.8
0.30654 735.9
0.30655 735.9
0.30656 736.0
0.30657 736.0
0.30658 736.1
0.30659 736.1
0.30660 736.1
0.30661 736.2
0.30662 736.2
0.30663 736.3
0.30664 736.3
0.30665 736.4
0.30666 736.4
0.30667 736.4
0.30668 736.5
0.30669 736.5
0.30670 736.6
0.30671 736.6
0.30672 736.7
0.30673 736.7
0.30674 736.8
0.30675 736.8
0.30676 736.8
0.30677 736.9
0.30678 736.9
0.30679 737.0
0.30680 737.0
0.30681 737.1
0.30682 737.1
0.30683 737.2
0.30684 737.2
0.30685 737.3
0.30686 737.3
0.30687 737.3
0.30688 737.4
0.30689 737.4
0.30690 737.5
0.30691 737.5
0.30692 737.6
0.30693 737.6
0.30694 737.7
0.30695 737.7
0.30696 737.8
0.30697 737.8
0.30698 737.8
0.30699 737.9
0.30700 737.9
0.30701 738.0
0.30702 738.0
0.30703 738.1
0.30704 738.1
0.30705 738.2
0.30706 738.2
0.30707 738.3
0.30708 738.3
0.30709 738.4
0.30710 738.4
0.30711 738.4
0.30712 738.5
0.30713 738.5
0.30714 738.6
0.30715 738.6
0.30716 738.7
0.30717 738.7
0.30718 738.8
0.30719 738.8
0.30720 738.9
0.30721 738.9
0.30722 739.0
0.30723 739.0
0.30724 739.1
0.30725 739.1
0.30726 739.2
0.30727 739.2
0.30728 739.2
0.30729 739.3
0.30730 739.3
0.30731 739.4
0.30732 739.4
0.30733 739.5
0.30734 739.5
0.30735 739.6
0.30736 739.6
0.30737 739.7
0.30738 739.7
0.30739 739.8
0.30740 739.8
0.30741 739.9
0.30742 739.9
0.30743 740.0
0.30744 740.0
0.30745 740.1
0.30746 740.1
0.30747 740.2
0.30748 740.2
0.30749 740.3
0.30750 740.3
0.30751 740.3
0.30752 740.4
0.30753 740.4
0.30754 740.5
0.30755 740.5
0.30756 740.6
0.30757 740.6
0.30758 740.7
0.30759 740.7
0.30760 740.8
0.30761 740.8
0.30762 740.9
0.30763 740.9
0.30764 741.0
0.30765 741.0
0.30766 741.1
0.30767 741.1
0.30768 741.2
0.30769 741.2
0.30770 741.3
0.30771 741.3
0.30772 741.4
0.30773 741.4
0.30774 741.5
0.30775 741.5
0.30776 741.6
0.30777 741.6
0.30778 741.7
0.30779 741.7
0.30780 741.8
0.30781 741.8
0.30782 741.9
0.30783 741.9
0.30784 741.9
0.30785 742.0
0.30786 742.0
0.30787 742.1
0.30788 742.1
0.30789 742.2
0.30790 742.2
0.30791 742.3
0.30792 742.3
0.30793 742.4
0.30794 742.4
0.30795 742.5
0.30796 742.5
0.30797 742.6
0.30798 742.6
0.30799 742.7
0.30800 742.7
0.30801 742.8
0.30802 742.8
0.30803 742.9
0.30804 742.9
0.30805 743.0
0.30806 743.0
0.30807 743.1
0.30808 743.1
0.30809 743.2
0.30810 743.2
0.30811 743.3
0.30812 743.3
0.30813 743.4
0.30814 743.4
0.30815 743.5
0.30816 743.5
0.30817 743.6
0.30818 743.6
0.30819 743.7
0.30820 743.7
0.30821 743.8
0.30822 743.8
0.30823 743.9
0.30824 743.9
0.30825 744.0
0.30826 744.0
0.30827 744.1
0.30828 744.1
0.30829 744.1
0.30830 744.2
0.30831 744.2
0.30832 744.3
0.30833 744.3
0.30834 744.4
0.30835 744.4
0.30836 744.5
0.30837 744.5
0.30838 744.6
0.30839 744.6
0.30840 744.7
0.30841 744.7
0.30842 744.8
0.30843 744.8
0.30844 744.9
0.30845 744.9
0.30846 745.0
0.30847 745.0
0.30848 745.1
0.30849 745.1
0.30850 745.2
0.30851 745.2
0.30852 745.3
0.30853 745.3
0.30854 745.4
0.30855 745.4
0.30856 745.5
0.30857 745.5
0.30858 745.6
0.30859 745.6
0.30860 745.7
0.30861 745.7
0.30862 745.8
0.30863 745.8
0.30864 745.9
0.30865 745.9
0.30866 745.9
0.30867 746.0
0.30868 746.0
0.30869 746.1
0.30870 746.1
0.30871 746.2
0.30872 746.2
0.30873 746.3
0.30874 746.3
0.30875 746.4
0.30876 746.4
0.30877 746.5
0.30878 746.5
0.30879 746.6
0.30880 746.6
0.30881 746.7
0.30882 746.7
0.30883 746.8
0.30884 746.8
0.30885 746.9
0.30886 746.9
0.30887 747.0
0.30888 747.0
0.30889 747.1
0.30890 747.1
0.30891 747.2
0.30892 747.2
0.30893 747.2
0.30894 747.3
0.30895 747.3
0.30896 747.4
0.30897 747.4
0.30898 747.5
0.30899 747.5
0.30900 747.6
0.30901 747.6
0.30902 747.7
0.30903 747.7
0.30904 747.8
0.30905 747.8
0.30906 747.9
0.30907 747.9
0.30908 748.0
0.30909 748.0
0.30910 748.1
0.30911 748.1
0.30912 748.2
0.30913 748.2
0.30914 748.3
0.30915 748.3
0.30916 748.3
0.30917 748.4
0.30918 748.4
0.30919 748.5
0.30920 748.5
0.30921 748.6
0.30922 748.6
0.30923 748.7
0.30924 748.7
0.30925 748.8
0.30926 748.8
0.30927 748.9
0.30928 748.9
0.30929 749.0
0.30930 749.0
0.30931 749.1
0.30932 749.1
0.30933 749.1
0.30934 749.2
0.30935 749.2
0.30936 749.3
0.30937 749.3
0.30938 749.4
0.30939 749.4
0.30940 749.5
0.30941 749.5
0.30942 749.6
0.30943 749.6
0.30944 749.7
0.30945 749.7
0.30946 749.8
0.30947 749.8
0.30948 749.8
0.30949 749.9
0.30950 749.9
0.30951 750.0
0.30952 750.0
0.30953 750.1
0.30954 750.1
0.30955 750.2
0.30956 750.2
0.30957 750.3
0.30958 750.3
0.30959 750.4
0.30960 750.4
0.30961 750.4
0.30962 750.5
0.30963 750.5
0.30964 750.6
0.30965 750.6
0.30966 750.7
0.30967 750.7
0.30968 750.8
0.30969 750.8
0.30970 750.9
0.30971 750.9
0.30972 750.9
0.30973 751.0
0.30974 751.0
0.30975 751.1
0.30976 751.1
0.30977 751.2
0.30978 751.2
0.30979 751.3
0.30980 751.3
0.30981 751.4
0.30982 751.4
0.30983 751.4
0.30984 751.5
0.30985 751.5
0.30986 751.6
0.30987 751.6
0.30988 751.7
0.30989 751.7
0.30990 751.8
0.30991 751.8
0.30992 751.8
0.30993 751.9
0.30994 751.9
0.30995 752.0
0.30996 752.0
0.30997 752.1
0.30998 752.1
0.30999 752.2
0.31000 752.2
0.31001 752.2
0.31002 752.3
0.31003 752.3
0.31004 752.4
0.31005 752.4
0.31006 752.5
0.31007 752.5
0.31008 752.6
0.31009 752.6
0.31010 752.6
0.31011 752.7
0.31012 752.7
0.31013 752.8
0.31014 752.8
0.31015 752.9
0.31016 752.9
0.31017 753.0
0.31018 753.0
0.31019 753.0
0.31020 753.1
0.31021 753.1
0.31022 753.2
0.31023 753.2
0.31024 753.3
0.31025 753.3
0.31026 753.3
0.31027 753.4
0.31028 753.4
0.31029 753.5
0.31030 753.5
0.31031 753.6
0.31032 753.6
0.31033 753.6
0.31034 753.7
0.31035 753.7
0.31036 753.8
0.31037 753.8
0.31038 753.9
0.31039 753.9
0.31040 753.9
0.31041 754.0
0.31042 754.0
0.31043 754.1
0.31044 754.1
0.31045 754.2
0.31046 754.2
0.31047 754.2
0.31048 754.3
0.31049 754.3
0.31050 754.4
0.31051 754.4
0.31052 754.5
0.31053 754.5
0.31054 754.5
0.31055 754.6
0.31056 754.6
0.31057 754.7
0.31058 754.7
0.31059 754.7
0.31060 754.8
0.31061 754.8
0.31062 754.9
0.31063 754.9
0.31064 755.0
0.31065 755.0
0.31066 755.0
0.31067 755.1
0.31068 755.1
0.31069 755.2
0.31070 755.2
0.31071 755.2
0.31072 755.3
0.31073 755.3
0.31074 755.4
0.31075 755.4
0.31076 755.4
0.31077 755.5
0.31078 755.5
0.31079 755.6
0.31080 755.6
0.31081 755.7
0.31082 755.7
0.31083 755.7
0.31084 755.8
0.31085 755.8
0.31086 755.9
0.31087 755.9
0.31088 755.9
0.31089 756.0
0.31090 756.0
0.31091 756.1
0.31092 756.1
0.31093 756.1
0.31094 756.2
0.31095 756.2
0.31096 756.3
0.31097 756.3
0.31098 756.3
0.31099 756.4
0.31100 756.4
0.31101 756.5
0.31102 756.5
0.31103 756.5
0.31104 756.6
0.31105 756.6
0.31106 756.7
0.31107 756.7
0.31108 756.7
0.31109 756.8
0.31110 756.8
0.31111 756.9
0.31112 756.9
0.31113 756.9
0.31114 757.0
0.31115 757.0
0.31116 757.0
0.31117 757.1
0.31118 757.1
0.31119 757.2
0.31120 757.2
0.31121 757.2
0.31122 757.3
0.31123 757.3
0.31124 757.4
0.31125 757.4
0.31126 757.4
0.31127 757.5
0.31128 757.5
0.31129 757.6
0.31130 757.6
0.31131 757.6
0.31132 757.7
0.31133 757.7
0.31134 757.7
0.31135 757.8
0.31136 757.8
0.31137 757.9
0.31138 757.9
0.31139 757.9
0.31140 758.0
0.31141 758.0
0.31142 758.0
0.31143 758.1
0.31144 758.1
0.31145 758.2
0.31146 758.2
0.31147 758.2
0.31148 758.3
0.31149 758.3
0.31150 758.3
0.31151 758.4
0.31152 758.4
0.31153 758.5
0.31154 758.5
0.31155 758.5
0.31156 758.6
0.31157 758.6
0.31158 758.6
0.31159 758.7
0.31160 758.7
0.31161 758.8
0.31162 758.8
0.31163 758.8
0.31164 758.9
0.31165 758.9
0.31166 758.9
0.31167 759.0
0.31168 759.0
0.31169 759.0
0.31170 759.1
0.31171 759.1
0.31172 759.2
0.31173 759.2
0.31174 759.2
0.31175 759.3
0.31176 759.3
0.31177 759.3
0.31178 759.4
0.31179 759.4
0.31180 759.4
0.31181 759.5
0.31182 759.5
0.31183 759.6
0.31184 759.6
0.31185 759.6
0.31186 759.7
0.31187 759.7
0.31188 759.7
0.31189 759.8
0.31190 759.8
0.31191 759.8
0.31192 759.9
0.31193 759.9
0.31194 759.9
0.31195 760.0
0.31196 760.0
0.31197 760.0
0.31198 760.1
0.31199 760.1
0.31200 760.2
0.31201 760.2
0.31202 760.2
0.31203 760.3
0.31204 760.3
0.31205 760.3
0.31206 760.4
0.31207 760.4
0.31208 760.4
0.31209 760.5
0.31210 760.5
0.31211 760.5
0.31212 760.6
0.31213 760.6
0.31214 760.6
0.31215 760.7
0.31216 760.7
0.31217 760.7
0.31218 760.8
0.31219 760.8
0.31220 760.8
0.31221 760.9
0.31222 760.9
0.31223 760.9
0.31224 761.0
0.31225 761.0
0.31226 761.0
0.31227 761.1
0.31228 761.1
0.31229 761.1
0.31230 761.2
0.31231 761.2
0.31232 761.2
0.31233 761.3
0.31234 761.3
0.31235 761.3
0.31236 761.4
0.31237 761.4
0.31238 761.4
0.31239 761.5
0.31240 761.5
0.31241 761.5
0.31242 761.6
0.31243 761.6
0.31244 761.6
0.31245 761.7
0.31246 761.7
0.31247 761.7
0.31248 761.8
0.31249 761.8
0.31250 761.8
0.31251 761.9
0.31252 761.9
0.31253 761.9
0.31254 762.0
0.31255 762.0
0.31256 762.0
0.31257 762.1
0.31258 762.1
0.31259 762.1
0.31260 762.2
0.31261 762.2
0.31262 762.2
0.31263 762.3
0.31264 762.3
0.31265 762.3
0.31266 762.3
0.31267 762.4
0.31268 762.4
0.31269 762.4
0.31270 762.5
0.31271 762.5
0.31272 762.5
0.31273 762.6
0.31274 762.6
0.31275 762.6
0.31276 762.7
0.31277 762.7
0.31278 762.7
0.31279 762.8
0.31280 762.8
0.31281 762.8
0.31282 762.8
0.31283 762.9
0.31284 762.9
0.31285 762.9
0.31286 763.0
0.31287 763.0
0.31288 763.0
0.31289 763.1
0.31290 763.1
0.31291 763.1
0.31292 763.2
0.31293 763.2
0.31294 763.2
0.31295 763.2
0.31296 763.3
0.31297 763.3
0.31298 763.3
0.31299 763.4
0.31300 763.4
0.31301 763.4
0.31302 763.5
0.31303 763.5
0.31304 763.5
0.31305 763.5
0.31306 763.6
0.31307 763.6
0.31308 763.6
0.31309 763.7
0.31310 763.7
0.31311 763.7
0.31312 763.8
0.31313 763.8
0.31314 763.8
0.31315 763.8
0.31316 763.9
0.31317 763.9
0.31318 763.9
0.31319 764.0
0.31320 764.0
0.31321 764.0
0.31322 764.0
0.31323 764.1
0.31324 764.1
0.31325 764.1
0.31326 764.2
0.31327 764.2
0.31328 764.2
0.31329 764.2
0.31330 764.3
0.31331 764.3
0.31332 764.3
0.31333 764.4
0.31334 764.4
0.31335 764.4
0.31336 764.4
0.31337 764.5
0.31338 764.5
0.31339 764.5
0.31340 764.6
0.31341 764.6
0.31342 764.6
0.31343 764.6
0.31344 764.7
0.31345 764.7
0.31346 764.7
0.31347 764.8
0.31348 764.8
0.31349 764.8
0.31350 764.8
0.31351 764.9
0.31352 764.9
0.31353 764.9
0.31354 764.9
0.31355 765.0
0.31356 765.0
0.31357 765.0
0.31358 765.1
0.31359 765.1
0.31360 765.1
0.31361 765.1
0.31362 765.2
0.31363 765.2
0.31364 765.2
0.31365 765.2
0.31366 765.3
0.31367 765.3
0.31368 765.3
0.31369 765.4
0.31370 765.4
0.31371 765.4
0.31372 765.4
0.31373 765.5
0.31374 765.5
0.31375 765.5
0.31376 765.5
0.31377 765.6
0.31378 765.6
0.31379 765.6
0.31380 765.6
0.31381 765.7
0.31382 765.7
0.31383 765.7
0.31384 765.7
0.31385 765.8
0.31386 765.8
0.31387 765.8
0.31388 765.9
0.31389 765.9
0.31390 765.9
0.31391 765.9
0.31392 766.0
0.31393 766.0
0.31394 766.0
0.31395 766.0
0.31396 766.1
0.31397 766.1
0.31398 766.1
0.31399 766.1
0.31400 766.2
0.31401 766.2
0.31402 766.2
0.31403 766.2
0.31404 766.3
0.31405 766.3
0.31406 766.3
0.31407 766.3
0.31408 766.4
0.31409 766.4
0.31410 766.4
0.31411 766.4
0.31412 766.5
0.31413 766.5
0.31414 766.5
0.31415 766.5
0.31416 766.6
0.31417 766.6
0.31418 766.6
0.31419 766.6
0.31420 766.7
0.31421 766.7
0.31422 766.7
0.31423 766.7
0.31424 766.8
0.31425 766.8
0.31426 766.8
0.31427 766.8
0.31428 766.9
0.31429 766.9
0.31430 766.9
0.31431 766.9
0.31432 767.0
0.31433 767.0
0.31434 767.0
0.31435 767.0
0.31436 767.0
0.31437 767.1
0.31438 767.1
0.31439 767.1
0.31440 767.1
0.31441 767.2
0.31442 767.2
0.31443 767.2
0.31444 767.2
0.31445 767.3
0.31446 767.3
0.31447 767.3
0.31448 767.3
0.31449 767.4
0.31450 767.4
0.31451 767.4
0.31452 767.4
0.31453 767.4
0.31454 767.5
0.31455 767.5
0.31456 767.5
0.31457 767.5
0.31458 767.6
0.31459 767.6
0.31460 767.6
0.31461 767.6
0.31462 767.7
0.31463 767.7
0.31464 767.7
0.31465 767.7
0.31466 767.7
0.31467 767.8
0.31468 767.8
0.31469 767.8
0.31470 767.8
0.31471 767.9
0.31472 767.9
0.31473 767.9
0.31474 767.9
0.31475 767.9
0.31476 768.0
0.31477 768.0
0.31478 768.0
0.31479 768.0
0.31480 768.1
0.31481 768.1
0.31482 768.1
0.31483 768.1
0.31484 768.1
0.31485 768.2
0.31486 768.2
0.31487 768.2
0.31488 768.2
0.31489 768.3
0.31490 768.3
0.31491 768.3
0.31492 768.3
0.31493 768.3
0.31494 768.4
0.31495 768.4
0.31496 768.4
0.31497 768.4
0.31498 768.5
0.31499 768.5
0.31500 768.5
0.31501 768.5
0.31502 768.5
0.31503 768.6
0.31504 768.6
0.31505 768.6
0.31506 768.6
0.31507 768.6
0.31508 768.7
0.31509 768.7
0.31510 768.7
0.31511 768.7
0.31512 768.7
0.31513 768.8
0.31514 768.8
0.31515 768.8
0.31516 768.8
0.31517 768.9
0.31518 768.9
0.31519 768.9
0.31520 768.9
0.31521 768.9
0.31522 769.0
0.31523 769.0
0.31524 769.0
0.31525 769.0
0.31526 769.0
0.31527 769.1
0.31528 769.1
0.31529 769.1
0.31530 769.1
0.31531 769.1
0.31532 769.2
0.31533 769.2
0.31534 769.2
0.31535 769.2
0.31536 769.2
0.31537 769.3
0.31538 769.3
0.31539 769.3
0.31540 769.3
0.31541 769.3
0.31542 769.4
0.31543 769.4
0.31544 769.4
0.31545 769.4
0.31546 769.4
0.31547 769.5
0.31548 769.5
0.31549 769.5
0.31550 769.5
0.31551 769.5
0.31552 769.6
0.31553 769.6
0.31554 769.6
0.31555 769.6
0.31556 769.6
0.31557 769.7
0.31558 769.7
0.31559 769.7
0.31560 769.7
0.31561 769.7
0.31562 769.7
0.31563 769.8
0.31564 769.8
0.31565 769.8
0.31566 769.8
0.31567 769.8
0.31568 769.9
0.31569 769.9
0.31570 769.9
0.31571 769.9
0.31572 769.9
0.31573 770.0
0.31574 770.0
0.31575 770.0
0.31576 770.0
0.31577 770.0
0.31578 770.0
0.31579 770.1
0.31580 770.1
0.31581 770.1
0.31582 770.1
0.31583 770.1
0.31584 770.2
0.31585 770.2
0.31586 770.2
0.31587 770.2
0.31588 770.2
0.31589 770.3
0.31590 770.3
0.31591 770.3
0.31592 770.3
0.31593 770.3
0.31594 770.3
0.31595 770.4
0.31596 770.4
0.31597 770.4
0.31598 770.4
0.31599 770.4
0.31600 770.4
0.31601 770.5
0.31602 770.5
0.31603 770.5
0.31604 770.5
0.31605 770.5
0.31606 770.6
0.31607 770.6
0.31608 770.6
0.31609 770.6
0.31610 770.6
0.31611 770.6
0.31612 770.7
0.31613 770.7
0.31614 770.7
0.31615 770.7
0.31616 770.7
0.31617 770.7
0.31618 770.8
0.31619 770.8
0.31620 770.8
0.31621 770.8
0.31622 770.8
0.31623 770.9
0.31624 770.9
0.31625 770.9
0.31626 770.9
0.31627 770.9
0.31628 770.9
0.31629 771.0
0.31630 771.0
0.31631 771.0
0.31632 771.0
0.31633 771.0
0.31634 771.0
0.31635 771.1
0.31636 771.1
0.31637 771.1
0.31638 771.1
0.31639 771.1
0.31640 771.1
0.31641 771.2
0.31642 771.2
0.31643 771.2
0.31644 771.2
0.31645 771.2
0.31646 771.2
0.31647 771.3
0.31648 771.3
0.31649 771.3
0.31650 771.3
0.31651 771.3
0.31652 771.3
0.31653 771.3
0.31654 771.4
0.31655 771.4
0.31656 771.4
0.31657 771.4
0.31658 771.4
0.31659 771.4
0.31660 771.5
0.31661 771.5
0.31662 771.5
0.31663 771.5
0.31664 771.5
0.31665 771.5
0.31666 771.6
0.31667 771.6
0.31668 771.6
0.31669 771.6
0.31670 771.6
0.31671 771.6
0.31672 771.7
0.31673 771.7
0.31674 771.7
0.31675 771.7
0.31676 771.7
0.31677 771.7
0.31678 771.7
0.31679 771.8
0.31680 771.8
0.31681 771.8
0.31682 771.8
0.31683 771.8
0.31684 771.8
0.31685 771.9
0.31686 771.9
0.31687 771.9
0.31688 771.9
0.31689 771.9
0.31690 771.9
0.31691 771.9
0.31692 772.0
0.31693 772.0
0.31694 772.0
0.31695 772.0
0.31696 772.0
0.31697 772.0
0.31698 772.0
0.31699 772.1
0.31700 772.1
0.31701 772.1
0.31702 772.1
0.31703 772.1
0.31704 772.1
0.31705 772.2
0.31706 772.2
0.31707 772.2
0.31708 772.2
0.31709 772.2
0.31710 772.2
0.31711 772.2
0.31712 772.3
0.31713 772.3
0.31714 772.3
0.31715 772.3
0.31716 772.3
0.31717 772.3
0.31718 772.3
0.31719 772.4
0.31720 772.4
0.31721 772.4
0.31722 772.4
0.31723 772.4
0.31724 772.4
0.31725 772.4
0.31726 772.5
0.31727 772.5
0.31728 772.5
0.31729 772.5
0.31730 772.5
0.31731 772.5
0.31732 772.5
0.31733 772.6
0.31734 772.6
0.31735 772.6
0.31736 772.6
0.31737 772.6
0.31738 772.6
0.31739 772.6
0.31740 772.6
0.31741 772.7
0.31742 772.7
0.31743 772.7
0.31744 772.7
0.31745 772.7
0.31746 772.7
0.31747 772.7
0.31748 772.8
0.31749 772.8
0.31750 772.8
0.31751 772.8
0.31752 772.8
0.31753 772.8
0.31754 772.8
0.31755 772.9
0.31756 772.9
0.31757 772.9
0.31758 772.9
0.31759 772.9
0.31760 772.9
0.31761 772.9
0.31762 772.9
0.31763 773.0
0.31764 773.0
0.31765 773.0
0.31766 773.0
0.31767 773.0
0.31768 773.0
0.31769 773.0
0.31770 773.0
0.31771 773.1
0.31772 773.1
0.31773 773.1
0.31774 773.1
0.31775 773.1
0.31776 773.1
0.31777 773.1
0.31778 773.2
0.31779 773.2
0.31780 773.2
0.31781 773.2
0.31782 773.2
0.31783 773.2
0.31784 773.2
0.31785 773.2
0.31786 773.3
0.31787 773.3
0.31788 773.3
0.31789 773.3
0.31790 773.3
0.31791 773.3
0.31792 773.3
0.31793 773.3
0.31794 773.4
0.31795 773.4
0.31796 773.4
0.31797 773.4
0.31798 773.4
0.31799 773.4
0.31800 773.4
0.31801 773.4
0.31802 773.5
0.31803 773.5
0.31804 773.5
0.31805 773.5
0.31806 773.5
0.31807 773.5
0.31808 773.5
0.31809 773.5
0.31810 773.5
0.31811 773.6
0.31812 773.6
0.31813 773.6
0.31814 773.6
0.31815 773.6
0.31816 773.6
0.31817 773.6
0.31818 773.6
0.31819 773.7
0.31820 773.7
0.31821 773.7
0.31822 773.7
0.31823 773.7
0.31824 773.7
0.31825 773.7
0.31826 773.7
0.31827 773.7
0.31828 773.8
0.31829 773.8
0.31830 773.8
0.31831 773.8
0.31832 773.8
0.31833 773.8
0.31834 773.8
0.31835 773.8
0.31836 773.9
0.31837 773.9
0.31838 773.9
0.31839 773.9
0.31840 773.9
0.31841 773.9
0.31842 773.9
0.31843 773.9
0.31844 773.9
0.31845 774.0
0.31846 774.0
0.31847 774.0
0.31848 774.0
0.31849 774.0
0.31850 774.0
0.31851 774.0
0.31852 774.0
0.31853 774.0
0.31854 774.1
0.31855 774.1
0.31856 774.1
0.31857 774.1
0.31858 774.1
0.31859 774.1
0.31860 774.1
0.31861 774.1
0.31862 774.1
0.31863 774.2
0.31864 774.2
0.31865 774.2
0.31866 774.2
0.31867 774.2
0.31868 774.2
0.31869 774.2
0.31870 774.2
0.31871 774.2
0.31872 774.3
0.31873 774.3
0.31874 774.3
0.31875 774.3
0.31876 774.3
0.31877 774.3
0.31878 774.3
0.31879 774.3
0.31880 774.3
0.31881 774.3
0.31882 774.4
0.31883 774.4
0.31884 774.4
0.31885 774.4
0.31886 774.4
0.31887 774.4
0.31888 774.4
0.31889 774.4
0.31890 774.4
0.31891 774.5
0.31892 774.5
0.31893 774.5
0.31894 774.5
0.31895 774.5
0.31896 774.5
0.31897 774.5
0.31898 774.5
0.31899 774.5
0.31900 774.5
0.31901 774.6
0.31902 774.6
0.31903 774.6
0.31904 774.6
0.31905 774.6
0.31906 774.6
0.31907 774.6
0.31908 774.6
0.31909 774.6
0.31910 774.6
0.31911 774.7
0.31912 774.7
0.31913 774.7
0.31914 774.7
0.31915 774.7
0.31916 774.7
0.31917 774.7
0.31918 774.7
0.31919 774.7
0.31920 774.7
0.31921 774.8
0.31922 774.8
0.31923 774.8
0.31924 774.8
0.31925 774.8
0.31926 774.8
0.31927 774.8
0.31928 774.8
0.31929 774.8
0.31930 774.8
0.31931 774.8
0.31932 774.9
0.31933 774.9
0.31934 774.9
0.31935 774.9
0.31936 774.9
0.31937 774.9
0.31938 774.9
0.31939 774.9
0.31940 774.9
0.31941 774.9
0.31942 775.0
0.31943 775.0
0.31944 775.0
0.31945 775.0
0.31946 775.0
0.31947 775.0
0.31948 775.0
0.31949 775.0
0.31950 775.0
0.31951 775.0
0.31952 775.0
0.31953 775.1
0.31954 775.1
0.31955 775.1
0.31956 775.1
0.31957 775.1
0.31958 775.1
0.31959 775.1
0.31960 775.1
0.31961 775.1
0.31962 775.1
0.31963 775.1
0.31964 775.2
0.31965 775.2
0.31966 775.2
0.31967 775.2
0.31968 775.2
0.31969 775.2
0.31970 775.2
0.31971 775.2
0.31972 775.2
0.31973 775.2
0.31974 775.2
0.31975 775.3
0.31976 775.3
0.31977 775.3
0.31978 775.3
0.31979 775.3
0.31980 775.3
0.31981 775.3
0.31982 775.3
0.31983 775.3
0.31984 775.3
0.31985 775.3
0.31986 775.3
0.31987 775.4
0.31988 775.4
0.31989 775.4
0.31990 775.4
0.31991 775.4
0.31992 775.4
0.31993 775.4
0.31994 775.4
0.31995 775.4
0.31996 775.4
0.31997 775.4
0.31998 775.5
0.31999 775.5
0.32000 780.5
0.32001 780.5
0.32002 780.5
0.32003 780.5
0.32004 780.5
0.32005 780.5
0.32006 780.5
0.32007 780.5
0.32008 780.5
0.32009 780.5
0.32010 780.5
0.32011 780.5
0.32012 780.5
0.32013 780.5
0.32014 780.5
0.32015 780.5
0.32016 780.5
0.32017 780.5
0.32018 780.5
0.32019 780.5
0.32020 780.5
0.32021 780.5
0.32022 780.5
0.32023 780.5
0.32024 780.5
0.32025 780.5
0.32026 780.5
0.32027 780.5
0.32028 780.5
0.32029 780.5
0.32030 780.5
0.32031 780.5
0.32032 780.5
0.32033 780.5
0.32034 780.5
0.32035 780.5
0.32036 780.5
0.32037 780.5
0.32038 780.5
0.32039 780.5
0.32040 780.5
0.32041 780.5
0.32042 780.5
0.32043 780.5
0.32044 780.5
0.32045 780.5
0.32046 780.5
0.32047 780.5
0.32048 780.5
0.32049 780.5
0.32050 780.5
0.32051 780.5
0.32052 780.5
0.32053 780.5
0.32054 780.5
0.32055 780.5
0.32056 780.5
0.32057 780.5
0.32058 780.5
0.32059 780.5
0.32060 780.5
0.32061 780.5
0.32062 780.5
0.32063 780.5
0.32064 780.5
0.32065 780.5
0.32066 780.5
0.32067 780.5
0.32068 780.5
0.32069 780.5
0.32070 780.5
0.32071 780.5
0.32072 780.5
0.32073 780.5
0.32074 780.5
0.32075 780.5
0.32076 780.5
0.32077 780.5
0.32078 780.5
0.32079 780.5
0.32080 780.5
0.32081 780.5
0.32082 780.5
0.32083 780.5
0.32084 780.5
0.32085 780.5
0.32086 780.5
0.32087 780.5
0.32088 780.5
0.32089 780.5
0.32090 780.5
0.32091 780.5
0.32092 780.5
0.32093 780.5
0.32094 780.5
0.32095 780.5
0.32096 780.5
0.32097 780.5
0.32098 780.5
0.32099 780.5
0.32100 780.5
0.32101 780.5
0.32102 780.5
0.32103 780.5
0.32104 780.5
0.32105 780.5
0.32106 780.5
0.32107 780.5
0.32108 780.5
0.32109 780.5
0.32110 780.5
0.32111 780.5
0.32112 780.5
0.32113 780.5
0.32114 780.5
0.32115 780.5
0.32116 780.5
0.32117 780.5
0.32118 780.5
0.32119 780.5
0.32120 780.5
0.32121 780.5
0.32122 780.5
0.32123 780.5
0.32124 780.5
0.32125 780.5
0.32126 780.5
0.32127 780.5
0.32128 780.5
0.32129 780.5
0.32130 780.5
0.32131 780.5
0.32132 780.5
0.32133 780.5
0.32134 780.5
0.32135 780.5
0.32136 780.5
0.32137 780.5
0.32138 780.5
0.32139 780.5
0.32140 780.5
0.32141 780.5
0.32142 780.5
0.32143 780.5
0.32144 780.5
0.32145 780.5
0.32146 780.5
0.32147 780.5
0.32148 780.5
0.32149 780.5
0.32150 780.5
0.32151 780.5
0.32152 780.5
0.32153 780.5
0.32154 780.5
0.32155 780.5
0.32156 780.5
0.32157 780.5
0.32158 780.5
0.32159 780.5
0.32160 780.5
0.32161 780.5
0.32162 780.5
0.32163 780.5
0.32164 780.5
0.32165 780.5
0.32166 780.5
0.32167 780.5
0.32168 780.5
0.32169 780.5
0.32170 780.5
0.32171 780.5
0.32172 780.5
0.32173 780.5
0.32174 780.5
0.32175 780.5
0.32176 780.5
0.32177 780.5
0.32178 780.5
0.32179 780.5
0.32180 780.5
0.32181 780.5
0.32182 780.5
0.32183 780.5
0.32184 780.5
0.32185 780.5
0.32186 780.5
0.32187 780.5
0.32188 780.5
0.32189 780.5
0.32190 780.5
0.32191 780.5
0.32192 780.5
0.32193 780.5
0.32194 780.5
0.32195 780.5
0.32196 780.5
0.32197 780.5
0.32198 780.5
0.32199 780.5
0.32200 780.5
0.32201 780.5
0.32202 780.5
0.32203 780.5
0.32204 780.5
0.32205 780.5
0.32206 780.5
0.32207 780.5
0.32208 780.5
0.32209 780.5
0.32210 780.5
0.32211 780.5
0.32212 780.5
0.32213 780.5
0.32214 780.5
0.32215 780.5
0.32216 780.5
0.32217 780.5
0.32218 780.5
0.32219 780.5
0.32220 780.5
0.32221 780.5
0.32222 780.5
0.32223 780.5
0.32224 780.5
0.32225 780.5
0.32226 780.5
0.32227 780.5
0.32228 780.5
0.32229 780.5
0.32230 780.5
0.32231 780.5
0.32232 780.5
0.32233 780.5
0.32234 780.5
0.32235 780.5
0.32236 780.5
0.32237 780.5
0.32238 780.5
0.32239 780.5
0.32240 780.5
0.32241 780.5
0.32242 780.5
0.32243 780.5
0.32244 780.5
0.32245 780.5
0.32246 780.5
0.32247 780.5
0.32248 780.5
0.32249 780.5
0.32250 780.5
0.32251 780.5
0.32252 780.5
0.32253 780.5
0.32254 780.5
0.32255 780.5
0.32256 780.5
0.32257 780.5
0.32258 780.5
0.32259 780.5
0.32260 780.5
0.32261 780.5
0.32262 780.5
0.32263 780.5
0.32264 780.5
0.32265 780.5
0.32266 780.5
0.32267 780.5
0.32268 780.5
0.32269 780.5
0.32270 780.5
0.32271 780.5
0.32272 780.5
0.32273 780.5
0.32274 780.5
0.32275 780.5
0.32276 780.5
0.32277 780.5
0.32278 780.5
0.32279 780.5
0.32280 780.5
0.32281 780.5
0.32282 780.5
0.32283 780.5
0.32284 780.5
0.32285 780.5
0.32286 780.5
0.32287 780.5
0.32288 780.5
0.32289 780.5
0.32290 780.5
0.32291 780.5
0.32292 780.5
0.32293 780.5
0.32294 780.5
0.32295 780.5
0.32296 780.5
0.32297 780.5
0.32298 780.5
0.32299 780.5
0.32300 780.5
0.32301 780.5
0.32302 780.5
0.32303 780.5
0.32304 780.5
0.32305 780.5
0.32306 780.5
0.32307 780.5
0.32308 780.5
0.32309 780.5
0.32310 780.5
0.32311 780.5
0.32312 780.5
0.32313 780.5
0.32314 780.5
0.32315 780.5
0.32316 780.5
0.32317 780.5
0.32318 780.5
0.32319 780.5
0.32320 780.5
0.32321 780.5
0.32322 780.5
0.32323 780.5
0.32324 780.5
0.32325 780.5
0.32326 780.5
0.32327 780.5
0.32328 780.5
0.32329 780.5
0.32330 780.5
0.32331 780.5
0.32332 780.5
0.32333 780.5
0.32334 780.5
0.32335 780.5
0.32336 780.5
0.32337 780.5
0.32338 780.5
0.32339 780.5
0.32340 780.5
0.32341 780.5
0.32342 780.5
0.32343 780.5
0.32344 780.5
0.32345 780.5
0.32346 780.5
0.32347 780.5
0.32348 780.5
0.32349 780.5
0.32350 780.5
0.32351 780.5
0.32352 780.5
0.32353 780.5
0.32354 780.5
0.32355 780.5
0.32356 780.5
0.32357 780.5
0.32358 780.5
0.32359 780.5
0.32360 780.5
0.32361 780.5
0.32362 780.5
0.32363 780.5
0.32364 780.5
0.32365 780.5
0.32366 780.5
0.32367 780.5
0.32368 780.5
0.32369 780.5
0.32370 780.5
0.32371 780.5
0.32372 780.5
0.32373 780.5
0.32374 780.5
0.32375 780.5
0.32376 780.5
0.32377 780.5
0.32378 780.5
0.32379 780.5
0.32380 780.5
0.32381 780.5
0.32382 780.5
0.32383 780.5
0.32384 780.5
0.32385 780.5
0.32386 780.5
0.32387 780.5
0.32388 780.5
0.32389 780.5
0.32390 780.5
0.32391 780.5
0.32392 780.5
0.32393 780.5
0.32394 780.5
0.32395 780.5
0.32396 780.5
0.32397 780.5
0.32398 780.5
0.32399 780.5
0.32400 780.5
0.32401 780.5
0.32402 780.5
0.32403 780.5
0.32404 780.5
0.32405 780.5
0.32406 780.5
0.32407 780.5
0.32408 780.5
0.32409 780.5
0.32410 780.5
0.32411 780.5
0.32412 780.5
0.32413 780.5
0.32414 780.5
0.32415 780.5
0.32416 780.5
0.32417 780.5
0.32418 780.5
0.32419 780.5
0.32420 780.5
0.32421 780.5
0.32422 780.5
0.32423 780.5
0.32424 780.5
0.32425 780.5
0.32426 780.5
0.32427 780.5
0.32428 780.5
0.32429 780.5
0.32430 780.5
0.32431 780.5
0.32432 780.5
0.32433 780.5
0.32434 780.5
0.32435 780.5
0.32436 780.5
0.32437 780.5
0.32438 780.5
0.32439 780.5
0.32440 780.5
0.32441 780.5
0.32442 780.5
0.32443 780.5
0.32444 780.5
0.32445 780.5
0.32446 780.5
0.32447 780.5
0.32448 780.5
0.32449 780.5
0.32450 780.5
0.32451 780.5
0.32452 780.5
0.32453 780.5
0.32454 780.5
0.32455 780.5
0.32456 780.5
0.32457 780.5
0.32458 780.5
0.32459 780.5
0.32460 780.5
0.32461 780.5
0.32462 780.5
0.32463 780.5
0.32464 780.5
0.32465 780.5
0.32466 780.5
0.32467 780.5
0.32468 780.5
0.32469 780.5
0.32470 780.5
0.32471 780.5
0.32472 780.5
0.32473 780.5
0.32474 780.5
0.32475 780.5
0.32476 780.5
0.32477 780.5
0.32478 780.5
0.32479 780.5
0.32480 780.5
0.32481 780.5
0.32482 780.5
0.32483 780.5
0.32484 780.5
0.32485 780.5
0.32486 780.5
0.32487 780.5
0.32488 780.5
0.32489 780.5
0.32490 780.5
0.32491 780.5
0.32492 780.5
0.32493 780.5
0.32494 780.5
0.32495 780.5
0.32496 780.5
0.32497 780.5
0.32498 780.5
0.32499 780.5
0.32500 780.5
0.32501 780.5
0.32502 780.5
0.32503 780.5
0.32504 780.5
0.32505 780.5
0.32506 780.5
0.32507 780.5
0.32508 780.5
0.32509 780.5
0.32510 780.5
0.32511 780.5
0.32512 780.5
0.32513 780.5
0.32514 780.5
0.32515 780.5
0.32516 780.5
0.32517 780.5
0.32518 780.5
0.32519 780.5
0.32520 780.5
0.32521 780.5
0.32522 780.5
0.32523 780.5
0.32524 780.5
0.32525 780.5
0.32526 780.5
0.32527 780.5
0.32528 780.5
0.32529 780.5
0.32530 780.5
0.32531 780.5
0.32532 780.5
0.32533 780.5
0.32534 780.5
0.32535 780.5
0.32536 780.5
0.32537 780.5
0.32538 780.5
0.32539 780.5
0.32540 780.5
0.32541 780.5
0.32542 780.5
0.32543 780.5
0.32544 780.5
0.32545 780.5
0.32546 780.5
0.32547 780.5
0.32548 780.5
0.32549 780.5
0.32550 780.5
0.32551 780.5
0.32552 780.5
0.32553 780.5
0.32554 780.5
0.32555 780.5
0.32556 780.5
0.32557 780.5
0.32558 780.5
0.32559 780.5
0.32560 780.5
0.32561 780.5
0.32562 780.5
0.32563 780.5
0.32564 780.5
0.32565 780.5
0.32566 780.5
0.32567 780.5
0.32568 780.5
0.32569 780.5
0.32570 780.5
0.32571 780.5
0.32572 780.5
0.32573 780.5
0.32574 780.5
0.32575 780.5
0.32576 780.5
0.32577 780.5
0.32578 780.5
0.32579 780.5
0.32580 780.5
0.32581 780.5
0.32582 780.5
0.32583 780.5
0.32584 780.5
0.32585 780.5
0.32586 780.5
0.32587 780.5
0.32588 780.5
0.32589 780.5
0.32590 780.5
0.32591 780.5
0.32592 780.5
0.32593 780.5
0.32594 780.5
0.32595 780.5
0.32596 780.5
0.32597 780.5
0.32598 780.5
0.32599 780.5
0.32600 780.5
0.32601 780.5
0.32602 780.5
0.32603 780.5
0.32604 780.5
0.32605 780.5
0.32606 780.5
0.32607 780.5
0.32608 780.5
0.32609 780.5
0.32610 780.5
0.32611 780.5
0.32612 780.5
0.32613 780.5
0.32614 780.5
0.32615 780.5
0.32616 780.5
0.32617 780.5
0.32618 780.5
0.32619 780.5
0.32620 780.5
0.32621 780.5
0.32622 780.5
0.32623 780.5
0.32624 780.5
0.32625 780.5
0.32626 780.5
0.32627 780.5
0.32628 780.5
0.32629 780.5
0.32630 780.5
0.32631 780.5
0.32632 780.5
0.32633 780.5
0.32634 780.5
0.32635 780.5
0.32636 780.5
0.32637 780.5
0.32638 780.5
0.32639 780.5
0.32640 780.5
0.32641 780.5
0.32642 780.5
0.32643 780.5
0.32644 780.5
0.32645 780.5
0.32646 780.5
0.32647 780.5
0.32648 780.5
0.32649 780.5
0.32650 780.5
0.32651 780.5
0.32652 780.5
0.32653 780.5
0.32654 780.5
0.32655 780.5
0.32656 780.5
0.32657 780.5
0.32658 780.5
0.32659 780.5
0.32660 780.5
0.32661 780.5
0.32662 780.5
0.32663 780.5
0.32664 780.5
0.32665 780.5
0.32666 780.5
0.32667 780.5
0.32668 780.5
0.32669 780.5
0.32670 780.5
0.32671 780.5
0.32672 780.5
0.32673 780.5
0.32674 780.5
0.32675 780.5
0.32676 780.5
0.32677 780.5
0.32678 780.5
0.32679 780.5
0.32680 780.5
0.32681 780.5
0.32682 780.5
0.32683 780.5
0.32684 780.5
0.32685 780.5
0.32686 780.5
0.32687 780.5
0.32688 780.5
0.32689 780.5
0.32690 780.5
0.32691 780.5
0.32692 780.5
0.32693 780.5
0.32694 780.5
0.32695 780.5
0.32696 780.5
0.32697 780.5
0.32698 780.5
0.32699 780.5
0.32700 780.5
0.32701 780.5
0.32702 780.5
0.32703 780.5
0.32704 780.5
0.32705 780.5
0.32706 780.5
0.32707 780.5
0.32708 780.5
0.32709 780.5
0.32710 780.5
0.32711 780.5
0.32712 780.5
0.32713 780.5
0.32714 780.5
0.32715 780.5
0.32716 780.5
0.32717 780.5
0.32718 780.5
0.32719 780.5
0.32720 780.5
0.32721 780.5
0.32722 780.5
0.32723 780.5
0.32724 780.5
0.32725 780.5
0.32726 780.5
0.32727 780.5
0.32728 780.5
0.32729 780.5
0.32730 780.5
0.32731 780.5
0.32732 780.5
0.32733 780.5
0.32734 780.5
0.32735 780.5
0.32736 780.5
0.32737 780.5
0.32738 780.5
0.32739 780.5
0.32740 780.5
0.32741 780.5
0.32742 780.5
0.32743 780.5
0.32744 780.5
0.32745 780.5
0.32746 780.5
0.32747 780.5
0.32748 780.5
0.32749 780.5
0.32750 780.5
0.32751 780.5
0.32752 780.5
0.32753 780.5
0.32754 780.5
0.32755 780.5
0.32756 780.5
0.32757 780.5
0.32758 780.5
0.32759 780.5
0.32760 780.5
0.32761 780.5
0.32762 780.5
0.32763 780.5
0.32764 780.5
0.32765 780.5
0.32766 780.5
0.32767 780.5
0.32768 780.5
0.32769 780.5
0.32770 780.5
0.32771 780.5
0.32772 780.5
0.32773 780.5
0.32774 780.5
0.32775 780.5
0.32776 780.5
0.32777 780.5
0.32778 780.5
0.32779 780.5
0.32780 780.5
0.32781 780.5
0.32782 780.5
0.32783 780.5
0.32784 780.5
0.32785 780.5
0.32786 780.5
0.32787 780.5
0.32788 780.5
0.32789 780.5
0.32790 780.5
0.32791 780.5
0.32792 780.5
0.32793 780.5
0.32794 780.5
0.32795 780.5
0.32796 780.5
0.32797 780.5
0.32798 780.5
0.32799 780.5
0.32800 780.5
0.32801 780.5
0.32802 780.5
0.32803 780.5
0.32804 780.5
0.32805 780.5
0.32806 780.5
0.32807 780.5
0.32808 780.5
0.32809 780.5
0.32810 780.5
0.32811 780.5
0.32812 780.5
0.32813 780.5
0.32814 780.5
0.32815 780.5
0.32816 780.5
0.32817 780.5
0.32818 780.5
0.32819 780.5
0.32820 780.5
0.32821 780.5
0.32822 780.5
0.32823 780.5
0.32824 780.5
0.32825 780.5
0.32826 780.5
0.32827 780.5
0.32828 780.5
0.32829 780.5
0.32830 780.5
0.32831 780.5
0.32832 780.5
0.32833 780.5
0.32834 780.5
0.32835 780.5
0.32836 780.5
0.32837 780.5
0.32838 780.5
0.32839 780.5
0.32840 780.5
0.32841 780.5
0.32842 780.5
0.32843 780.5
0.32844 780.5
0.32845 780.5
0.32846 780.5
0.32847 780.5
0.32848 780.5
0.32849 780.5
0.32850 780.5
0.32851 780.5
0.32852 780.5
0.32853 780.5
0.32854 780.5
0.32855 780.5
0.32856 780.5
0.32857 780.5
0.32858 780.5
0.32859 780.5
0.32860 780.5
0.32861 780.5
0.32862 780.5
0.32863 780.5
0.32864 780.5
0.32865 780.5
0.32866 780.5
0.32867 780.5
0.32868 780.5
0.32869 780.5
0.32870 780.5
0.32871 780.5
0.32872 780.5
0.32873 780.5
0.32874 780.5
0.32875 780.5
0.32876 780.5
0.32877 780.5
0.32878 780.5
0.32879 780.5
0.32880 780.5
0.32881 780.5
0.32882 780.5
0.32883 780.5
0.32884 780.5
0.32885 780.5
0.32886 780.5
0.32887 780.5
0.32888 780.5
0.32889 780.5
0.32890 780.5
0.32891 780.5
0.32892 780.5
0.32893 780.5
0.32894 780.5
0.32895 780.5
0.32896 780.5
0.32897 780.5
0.32898 780.5
0.32899 780.5
0.32900 780.5
0.32901 780.5
0.32902 780.5
0.32903 780.5
0.32904 780.5
0.32905 780.5
0.32906 780.5
0.32907 780.5
0.32908 780.5
0.32909 780.5
0.32910 780.5
0.32911 780.5
0.32912 780.5
0.32913 780.5
0.32914 780.5
0.32915 780.5
0.32916 780.5
0.32917 780.5
0.32918 780.5
0.32919 780.5
0.32920 780.5
0.32921 780.5
0.32922 780.5
0.32923 780.5
0.32924 780.5
0.32925 780.5
0.32926 780.5
0.32927 780.5
0.32928 780.5
0.32929 780.5
0.32930 780.5
0.32931 780.5
0.32932 780.5
0.32933 780.5
0.32934 780.5
0.32935 780.5
0.32936 780.5
0.32937 780.5
0.32938 780.5
0.32939 780.5
0.32940 780.5
0.32941 780.5
0.32942 780.5
0.32943 780.5
0.32944 780.5
0.32945 780.5
0.32946 780.5
0.32947 780.5
0.32948 780.5
0.32949 780.5
0.32950 780.5
0.32951 780.5
0.32952 780.5
0.32953 780.5
0.32954 780.5
0.32955 780.5
0.32956 780.5
0.32957 780.5
0.32958 780.5
0.32959 780.5
0.32960 780.5
0.32961 780.5
0.32962 780.5
0.32963 780.5
0.32964 780.5
0.32965 780.5
0.32966 780.5
0.32967 780.5
0.32968 780.5
0.32969 780.5
0.32970 780.5
0.32971 780.5
0.32972 780.5
0.32973 780.5
0.32974 780.5
0.32975 780.5
0.32976 780.5
0.32977 780.5
0.32978 780.5
0.32979 780.5
0.32980 780.5
0.32981 780.5
0.32982 780.5
0.32983 780.5
0.32984 780.5
0.32985 780.5
0.32986 780.5
0.32987 780.5
0.32988 780.5
0.32989 780.5
0.32990 780.5
0.32991 780.5
0.32992 780.5
0.32993 780.5
0.32994 780.5
0.32995 780.5
0.32996 780.5
0.32997 780.5
0.32998 780.5
0.32999 780.5
0.33000 780.5
