0.00000 38577.4
0.00001 38577.4
0.00002 38577.4
0.00003 38577.4
0.00004 38577.4
0.00005 38577.4
0.00006 38577.4
0.00007 38577.4
0.00008 38577.4
0.00009 38577.4
0.00010 38577.4
0.00011 38577.4
0.00012 38577.4
0.00013 38577.4
0.00014 38577.4
0.00015 38577.4
0.00016 38577.4
0.00017 38577.4
0.00018 38577.4
0.00019 38577.4
0.00020 38577.4
0.00021 38577.4
0.00022 38577.4
0.00023 38577.4
0.00024 38577.4
0.00025 38577.4
0.00026 38577.4
0.00027 38577.4
0.00028 38577.4
0.00029 38577.4
0.00030 38577.4
0.00031 38577.4
0.00032 38577.4
0.00033 38577.4
0.00034 38577.4
0.00035 38577.4
0.00036 38577.4
0.00037 38577.4
0.00038 38577.4
0.00039 38577.4
0.00040 38577.4
0.00041 38577.4
0.00042 38577.4
0.00043 38577.4
0.00044 38577.4
0.00045 38577.4
0.00046 38577.4
0.00047 38577.4
0.00048 38577.4
0.00049 38577.4
0.00050 38577.4
0.00051 38577.4
0.00052 38577.4
0.00053 38577.4
0.00054 38577.4
0.00055 38577.4
0.00056 38577.4
0.00057 38577.4
0.00058 38577.4
0.00059 38577.4
0.00060 38577.4
0.00061 38577.4
0.00062 38577.4
0.00063 38577.4
0.00064 38577.4
0.00065 38577.4
0.00066 38577.4
0.00067 38577.4
0.00068 38577.4
0.00069 38577.4
0.00070 38577.4
0.00071 38577.4
0.00072 38577.4
0.00073 38577.4
0.00074 38577.4
0.00075 38577.4
0.00076 38577.4
0.00077 38577.4
0.00078 38577.4
0.00079 38577.4
0.00080 38577.4
0.00081 38577.4
0.00082 38577.4
0.00083 38577.4
0.00084 38577.4
0.00085 38577.4
0.00086 38577.4
0.00087 38577.4
0.00088 38577.4
0.00089 38577.4
0.00090 38577.4
0.00091 38577.4
0.00092 38577.4
0.00093 38577.4
0.00094 38577.4
0.00095 38577.4
0.00096 38577.4
0.00097 38577.4
0.00098 38577.4
0.00099 38577.4
0.00100 38577.4
0.00101 37153.6
0.00102 35786.4
0.00103 34473.5
0.00104 33212.4
0.00105 32001.1
0.00106 30837.4
0.00107 29719.2
0.00108 28644.6
0.00109 27611.7
0.00110 26618.9
0.00111 25664.4
0.00112 24746.5
0.00113 23863.7
0.00114 23014.5
0.00115 22197.5
0.00116 21411.2
0.00117 20654.4
0.00118 19925.7
0.00119 19223.9
0.00120 18547.8
0.00121 17896.2
0.00122 17268.0
0.00123 16662.0
0.00124 16077.3
0.00125 15512.7
0.00126 14967.2
0.00127 14439.7
0.00128 13929.4
0.00129 13435.1
0.00130 12955.9
0.00131 12490.9
0.00132 12038.9
0.00133 11599.2
0.00134 11170.5
0.00135 10752.1
0.00136 10342.8
0.00137 9941.8
0.00138 9547.9
0.00139 9160.3
0.00140 8777.8
0.00141 8399.5
0.00142 8024.5
0.00143 7651.7
0.00144 7280.2
0.00145 6909.3
0.00146 6538.1
0.00147 6166.0
0.00148 5792.4
0.00149 5417.2
0.00150 5040.2
0.00151 4839.3
0.00152 4613.5
0.00153 4364.5
0.00154 4095.1
0.00155 3808.3
0.00156 3508.3
0.00157 3199.7
0.00158 2887.6
0.00159 2577.9
0.00160 2276.6
0.00161 1989.7
0.00162 1723.0
0.00163 1481.3
0.00164 1268.4
0.00165 1086.2
0.00166 935.0
0.00167 812.8
0.00168 716.6
0.00169 642.2
0.00170 585.3
0.00171 542.1
0.00172 509.2
0.00173 484.3
0.00174 465.3
0.00175 450.9
0.00176 440.1
0.00177 432.2
0.00178 426.7
0.00179 423.2
0.00180 421.3
0.00181 421.0
0.00182 421.9
0.00183 424.2
0.00184 427.6
0.00185 432.1
0.00186 437.7
0.00187 444.5
0.00188 452.3
0.00189 461.3
0.00190 471.4
0.00191 482.8
0.00192 495.5
0.00193 509.5
0.00194 524.9
0.00195 541.9
0.00196 560.5
0.00197 580.8
0.00198 603.0
0.00199 627.2
0.00200 653.4
0.00201 682.0
0.00202 713.0
0.00203 746.6
0.00204 783.0
0.00205 822.5
0.00206 865.1
0.00207 911.2
0.00208 961.0
0.00209 1014.7
0.00210 1072.5
0.00211 1134.8
0.00212 1201.9
0.00213 1273.9
0.00214 1351.2
0.00215 1434.0
0.00216 1522.7
0.00217 1617.6
0.00218 1718.9
0.00219 1826.9
0.00220 1941.8
0.00221 2064.1
0.00222 2193.8
0.00223 2331.2
0.00224 2476.6
0.00225 2630.2
0.00226 2792.1
0.00227 2962.4
0.00228 3141.3
0.00229 3329.0
0.00230 3525.5
0.00231 3730.8
0.00232 3944.9
0.00233 4168.0
0.00234 4399.9
0.00235 4640.6
0.00236 4890.1
0.00237 5148.2
0.00238 5414.9
0.00239 5690.0
0.00240 5973.5
0.00241 6265.1
0.00242 6564.8
0.00243 6872.3
0.00244 7187.5
0.00245 7510.2
0.00246 7840.2
0.00247 8177.4
0.00248 8521.6
0.00249 8872.5
0.00250 9230.0
0.00251 9593.9
0.00252 9964.0
0.00253 10340.2
0.00254 10722.1
0.00255 11109.7
0.00256 11502.7
0.00257 11900.8
0.00258 12304.0
0.00259 12712.0
0.00260 13124.5
0.00261 13541.3
0.00262 13962.2
0.00263 14386.8
0.00264 14815.0
0.00265 15246.4
0.00266 15680.8
0.00267 16117.8
0.00268 16557.1
0.00269 16998.4
0.00270 17441.4
0.00271 17885.6
0.00272 18330.8
0.00273 18776.5
0.00274 19222.4
0.00275 19668.0
0.00276 20113.1
0.00277 20557.2
0.00278 20999.9
0.00279 21440.9
0.00280 21879.8
0.00281 22316.2
0.00282 22749.7
0.00283 23180.0
0.00284 23606.8
0.00285 24029.7
0.00286 24448.5
0.00287 24862.8
0.00288 25272.4
0.00289 25677.0
0.00290 26076.5
0.00291 26470.5
0.00292 26858.9
0.00293 27241.5
0.00294 27618.2
0.00295 27988.8
0.00296 28353.2
0.00297 28711.3
0.00298 29063.1
0.00299 29408.5
0.00300 29747.4
0.00301 30079.8
0.00302 30405.7
0.00303 30725.0
0.00304 31037.9
0.00305 31344.3
0.00306 31644.2
0.00307 31937.7
0.00308 32224.9
0.00309 32505.7
0.00310 32780.3
0.00311 33048.7
0.00312 33311.1
0.00313 33567.4
0.00314 33817.8
0.00315 34062.3
0.00316 34301.1
0.00317 34534.3
0.00318 34761.9
0.00319 34984.1
0.00320 35200.8
0.00321 35412.4
0.00322 35618.8
0.00323 35820.1
0.00324 36016.6
0.00325 36208.1
0.00326 36395.0
0.00327 36577.2
0.00328 36754.8
0.00329 36928.0
0.00330 37096.9
0.00331 37261.6
0.00332 37422.1
0.00333 37578.6
0.00334 37731.2
0.00335 37879.9
0.00336 38024.8
0.00337 38166.1
0.00338 38303.8
0.00339 38438.0
0.00340 38568.8
0.00341 38696.2
0.00342 38820.5
0.00343 38941.5
0.00344 39059.5
0.00345 39174.5
0.00346 39286.6
0.00347 39395.8
0.00348 39502.2
0.00349 39606.0
0.00350 39707.1
0.00351 39805.6
0.00352 39901.6
0.00353 39995.2
0.00354 40086.4
0.00355 40175.2
0.00356 40261.8
0.00357 40346.3
0.00358 40428.6
0.00359 40508.7
0.00360 40586.9
0.00361 40663.1
0.00362 40737.3
0.00363 40809.7
0.00364 40880.3
0.00365 40949.0
0.00366 41016.1
0.00367 41081.4
0.00368 41145.1
0.00369 41207.2
0.00370 41267.7
0.00371 41326.7
0.00372 41384.2
0.00373 41440.3
0.00374 41495.0
0.00375 41548.3
0.00376 41600.3
0.00377 41650.9
0.00378 41700.3
0.00379 41748.5
0.00380 41795.5
0.00381 41841.2
0.00382 41885.9
0.00383 41929.4
0.00384 41971.9
0.00385 42013.2
0.00386 42053.6
0.00387 42093.0
0.00388 42131.3
0.00389 42168.7
0.00390 42205.2
0.00391 42240.8
0.00392 42275.5
0.00393 42309.3
0.00394 42342.3
0.00395 42374.5
0.00396 42405.9
0.00397 42436.5
0.00398 42466.3
0.00399 42495.4
0.00400 42523.8
0.00401 42551.4
0.00402 42578.4
0.00403 42604.7
0.00404 42630.3
0.00405 42655.4
0.00406 42679.7
0.00407 42703.5
0.00408 42726.7
0.00409 42749.3
0.00410 42771.3
0.00411 42792.8
0.00412 42813.8
0.00413 42834.2
0.00414 42854.1
0.00415 42873.5
0.00416 42892.4
0.00417 42910.8
0.00418 42928.8
0.00419 42946.3
0.00420 42963.4
0.00421 42980.0
0.00422 42996.2
0.00423 43012.0
0.00424 43027.4
0.00425 43042.3
0.00426 43056.9
0.00427 43071.2
0.00428 43085.0
0.00429 43098.5
0.00430 43111.6
0.00431 43124.4
0.00432 43136.9
0.00433 43149.0
0.00434 43160.8
0.00435 43172.3
0.00436 43183.4
0.00437 43194.3
0.00438 43204.9
0.00439 43215.2
0.00440 43225.2
0.00441 43234.9
0.00442 43244.3
0.00443 43253.5
0.00444 43262.5
0.00445 43271.1
0.00446 43279.6
0.00447 43287.8
0.00448 43295.7
0.00449 43303.4
0.00450 43310.9
0.00451 43318.2
0.00452 43325.3
0.00453 43332.1
0.00454 43338.7
0.00455 43345.1
0.00456 43351.4
0.00457 43357.4
0.00458 43363.2
0.00459 43368.9
0.00460 43374.3
0.00461 43379.6
0.00462 43384.7
0.00463 43389.7
0.00464 43394.4
0.00465 43399.0
0.00466 43403.4
0.00467 43407.7
0.00468 43411.8
0.00469 43415.8
0.00470 43419.6
0.00471 43423.3
0.00472 43426.8
0.00473 43430.2
0.00474 43433.4
0.00475 43436.5
0.00476 43439.4
0.00477 43442.3
0.00478 43445.0
0.00479 43447.6
0.00480 43450.0
0.00481 43452.3
0.00482 43454.6
0.00483 43456.7
0.00484 43458.6
0.00485 43460.5
0.00486 43462.3
0.00487 43463.9
0.00488 43465.4
0.00489 43466.9
0.00490 43468.2
0.00491 43469.4
0.00492 43470.6
0.00493 43471.6
0.00494 43472.6
0.00495 43473.4
0.00496 43474.2
0.00497 43474.8
0.00498 43475.4
0.00499 43475.9
0.00500 43476.3
0.00501 43476.6
0.00502 43476.8
0.00503 43477.0
0.00504 43477.0
0.00505 43477.0
0.00506 43477.0
0.00507 43476.8
0.00508 43476.6
0.00509 43476.2
0.00510 43475.9
0.00511 43475.4
0.00512 43474.9
0.00513 43474.3
0.00514 43473.6
0.00515 43472.9
0.00516 43472.1
0.00517 43471.3
0.00518 43470.3
0.00519 43469.4
0.00520 43468.3
0.00521 43467.2
0.00522 43466.1
0.00523 43464.8
0.00524 43463.6
0.00525 43462.2
0.00526 43460.8
0.00527 43459.4
0.00528 43457.9
0.00529 43456.4
0.00530 43454.8
0.00531 43453.1
0.00532 43451.4
0.00533 43449.6
0.00534 43447.8
0.00535 43446.0
0.00536 43444.1
0.00537 43442.2
0.00538 43440.2
0.00539 43438.1
0.00540 43436.0
0.00541 43433.9
0.00542 43431.8
0.00543 43429.5
0.00544 43427.3
0.00545 43425.0
0.00546 43422.7
0.00547 43420.3
0.00548 43417.9
0.00549 43415.4
0.00550 43412.9
0.00551 43410.4
0.00552 43407.8
0.00553 43405.2
0.00554 43402.6
0.00555 43399.9
0.00556 43397.2
0.00557 43394.5
0.00558 43391.7
0.00559 43388.9
0.00560 43386.0
0.00561 43383.2
0.00562 43380.2
0.00563 43377.3
0.00564 43374.3
0.00565 43371.3
0.00566 43368.3
0.00567 43365.2
0.00568 43362.1
0.00569 43359.0
0.00570 43355.8
0.00571 43352.7
0.00572 43349.5
0.00573 43346.2
0.00574 43343.0
0.00575 43339.7
0.00576 43336.3
0.00577 43333.0
0.00578 43329.6
0.00579 43326.2
0.00580 43322.8
0.00581 43319.4
0.00582 43315.9
0.00583 43312.4
0.00584 43308.9
0.00585 43305.3
0.00586 43301.8
0.00587 43298.2
0.00588 43294.6
0.00589 43290.9
0.00590 43287.3
0.00591 43283.6
0.00592 43279.9
0.00593 43276.2
0.00594 43272.4
0.00595 43268.7
0.00596 43264.9
0.00597 43261.1
0.00598 43257.3
0.00599 43253.4
0.00600 43249.6
0.00601 43245.7
0.00602 43241.8
0.00603 43237.9
0.00604 43233.9
0.00605 43230.0
0.00606 43226.0
0.00607 43222.0
0.00608 43218.0
0.00609 43214.0
0.00610 43209.9
0.00611 43205.9
0.00612 43201.8
0.00613 43197.7
0.00614 43193.6
0.00615 43189.5
0.00616 43185.3
0.00617 43181.2
0.00618 43177.0
0.00619 43172.8
0.00620 43168.6
0.00621 43164.4
0.00622 43160.2
0.00623 43155.9
0.00624 43151.7
0.00625 43147.4
0.00626 43143.1
0.00627 43138.8
0.00628 43134.5
0.00629 43130.1
0.00630 43125.8
0.00631 43121.4
0.00632 43117.1
0.00633 43112.7
0.00634 43108.3
0.00635 43103.9
0.00636 43099.5
0.00637 43095.0
0.00638 43090.6
0.00639 43086.1
0.00640 43081.7
0.00641 43077.2
0.00642 43072.7
0.00643 43068.2
0.00644 43063.7
0.00645 43059.2
0.00646 43054.6
0.00647 43050.1
0.00648 43045.5
0.00649 43041.0
0.00650 43036.4
0.00651 43031.8
0.00652 43027.2
0.00653 43022.6
0.00654 43018.0
0.00655 43013.4
0.00656 43008.7
0.00657 43004.1
0.00658 42999.4
0.00659 42994.8
0.00660 42990.1
0.00661 42985.4
0.00662 42980.7
0.00663 42976.0
0.00664 42971.3
0.00665 42966.6
0.00666 42961.9
0.00667 42957.1
0.00668 42952.4
0.00669 42947.7
0.00670 42942.9
0.00671 42938.1
0.00672 42933.4
0.00673 42928.6
0.00674 42923.8
0.00675 42919.0
0.00676 42914.2
0.00677 42909.4
0.00678 42904.6
0.00679 42899.8
0.00680 42894.9
0.00681 42890.1
0.00682 42885.2
0.00683 42880.4
0.00684 42875.5
0.00685 42870.7
0.00686 42865.8
0.00687 42860.9
0.00688 42856.0
0.00689 42851.1
0.00690 42846.3
0.00691 42841.4
0.00692 42836.4
0.00693 42831.5
0.00694 42826.6
0.00695 42821.7
0.00696 42816.8
0.00697 42811.8
0.00698 42806.9
0.00699 42801.9
0.00700 42797.0
0.00701 42792.0
0.00702 42787.1
0.00703 42782.1
0.00704 42777.1
0.00705 42772.2
0.00706 42767.2
0.00707 42762.2
0.00708 42757.2
0.00709 42752.2
0.00710 42747.2
0.00711 42742.2
0.00712 42737.2
0.00713 42732.2
0.00714 42727.2
0.00715 42722.2
0.00716 42717.1
0.00717 42712.1
0.00718 42707.1
0.00719 42702.0
0.00720 42697.0
0.00721 42692.0
0.00722 42686.9
0.00723 42681.9
0.00724 42676.8
0.00725 42671.8
0.00726 42666.7
0.00727 42661.6
0.00728 42656.6
0.00729 42651.5
0.00730 42646.4
0.00731 42641.4
0.00732 42636.3
0.00733 42631.2
0.00734 42626.1
0.00735 42621.0
0.00736 42615.9
0.00737 42610.9
0.00738 42605.8
0.00739 42600.7
0.00740 42595.6
0.00741 42590.5
0.00742 42585.4
0.00743 42580.3
0.00744 42575.1
0.00745 42570.0
0.00746 42564.9
0.00747 42559.8
0.00748 42554.7
0.00749 42549.6
0.00750 42544.5
0.00751 42539.3
0.00752 42534.2
0.00753 42529.1
0.00754 42524.0
0.00755 42518.8
0.00756 42513.7
0.00757 42508.6
0.00758 42503.4
0.00759 42498.3
0.00760 42493.2
0.00761 42488.0
0.00762 42482.9
0.00763 42477.8
0.00764 42472.6
0.00765 42467.5
0.00766 42462.3
0.00767 42457.2
0.00768 42452.0
0.00769 42446.9
0.00770 42441.8
0.00771 42436.6
0.00772 42431.5
0.00773 42426.3
0.00774 42421.2
0.00775 42416.0
0.00776 42410.9
0.00777 42405.7
0.00778 42400.6
0.00779 42395.4
0.00780 42390.3
0.00781 42385.1
0.00782 42379.9
0.00783 42374.8
0.00784 42369.6
0.00785 42364.5
0.00786 42359.3
0.00787 42354.2
0.00788 42349.0
0.00789 42343.9
0.00790 42338.7
0.00791 42333.6
0.00792 42328.4
0.00793 42323.3
0.00794 42318.1
0.00795 42313.0
0.00796 42307.8
0.00797 42302.7
0.00798 42297.5
0.00799 42292.4
0.00800 42287.2
0.00801 42282.1
0.00802 42276.9
0.00803 42271.8
0.00804 42266.6
0.00805 42261.5
0.00806 42256.3
0.00807 42251.2
0.00808 42246.0
0.00809 42240.9
0.00810 42235.7
0.00811 42230.6
0.00812 42225.4
0.00813 42220.3
0.00814 42215.2
0.00815 42210.0
0.00816 42204.9
0.00817 42199.8
0.00818 42194.6
0.00819 42189.5
0.00820 42184.4
0.00821 42179.2
0.00822 42174.1
0.00823 42169.0
0.00824 42163.8
0.00825 42158.7
0.00826 42153.6
0.00827 42148.5
0.00828 42143.3
0.00829 42138.2
0.00830 42133.1
0.00831 42128.0
0.00832 42122.9
0.00833 42117.8
0.00834 42112.6
0.00835 42107.5
0.00836 42102.4
0.00837 42097.3
0.00838 42092.2
0.00839 42087.1
0.00840 42082.0
0.00841 42076.9
0.00842 42071.8
0.00843 42066.7
0.00844 42061.6
0.00845 42056.5
0.00846 42051.4
0.00847 42046.3
0.00848 42041.3
0.00849 42036.2
0.00850 42031.1
0.00851 42026.0
0.00852 42020.9
0.00853 42015.9
0.00854 42010.8
0.00855 42005.7
0.00856 42000.7
0.00857 41995.6
0.00858 41990.5
0.00859 41985.5
0.00860 41980.4
0.00861 41975.4
0.00862 41970.3
0.00863 41965.3
0.00864 41960.2
0.00865 41955.2
0.00866 41950.1
0.00867 41945.1
0.00868 41940.0
0.00869 41935.0
0.00870 41930.0
0.00871 41925.0
0.00872 41919.9
0.00873 41914.9
0.00874 41909.9
0.00875 41904.9
0.00876 41899.9
0.00877 41894.8
0.00878 41889.8
0.00879 41884.8
0.00880 41879.8
0.00881 41874.8
0.00882 41869.8
0.00883 41864.8
0.00884 41859.8
0.00885 41854.9
0.00886 41849.9
0.00887 41844.9
0.00888 41839.9
0.00889 41834.9
0.00890 41830.0
0.00891 41825.0
0.00892 41820.0
0.00893 41815.1
0.00894 41810.1
0.00895 41805.2
0.00896 41800.2
0.00897 41795.3
0.00898 41790.3
0.00899 41785.4
0.00900 41780.4
0.00901 41775.5
0.00902 41770.6
0.00903 41765.6
0.00904 41760.7
0.00905 41755.8
0.00906 41750.9
0.00907 41746.0
0.00908 41741.0
0.00909 41736.1
0.00910 41731.2
0.00911 41726.3
0.00912 41721.4
0.00913 41716.5
0.00914 41711.7
0.00915 41706.8
0.00916 41701.9
0.00917 41697.0
0.00918 41692.1
0.00919 41687.3
0.00920 41682.4
0.00921 41677.5
0.00922 41672.7
0.00923 41667.8
0.00924 41663.0
0.00925 41658.1
0.00926 41653.3
0.00927 41648.5
0.00928 41643.6
0.00929 41638.8
0.00930 41634.0
0.00931 41629.1
0.00932 41624.3
0.00933 41619.5
0.00934 41614.7
0.00935 41609.9
0.00936 41605.1
0.00937 41600.3
0.00938 41595.5
0.00939 41590.7
0.00940 41585.9
0.00941 41581.1
0.00942 41576.4
0.00943 41571.6
0.00944 41566.8
0.00945 41562.1
0.00946 41557.3
0.00947 41552.5
0.00948 41547.8
0.00949 41543.0
0.00950 41538.3
0.00951 41533.6
0.00952 41528.8
0.00953 41524.1
0.00954 41519.4
0.00955 41514.6
0.00956 41509.9
0.00957 41505.2
0.00958 41500.5
0.00959 41495.8
0.00960 41491.1
0.00961 41486.4
0.00962 41481.7
0.00963 41477.0
0.00964 41472.4
0.00965 41467.7
0.00966 41463.0
0.00967 41458.3
0.00968 41453.7
0.00969 41449.0
0.00970 41444.4
0.00971 41439.7
0.00972 41435.1
0.00973 41430.4
0.00974 41425.8
0.00975 41421.2
0.00976 41416.5
0.00977 41411.9
0.00978 41407.3
0.00979 41402.7
0.00980 41398.1
0.00981 41393.5
0.00982 41388.9
0.00983 41384.3
0.00984 41379.7
0.00985 41375.1
0.00986 41370.5
0.00987 41366.0
0.00988 41361.4
0.00989 41356.8
0.00990 41352.3
0.00991 41347.7
0.00992 41343.2
0.00993 41338.6
0.00994 41334.1
0.00995 41329.5
0.00996 41325.0
0.00997 41320.5
0.00998 41316.0
0.00999 41311.4
0.01000 41306.9
0.01001 41302.4
0.01002 41297.9
0.01003 41293.4
0.01004 41288.9
0.01005 41284.5
0.01006 41280.0
0.01007 41275.5
0.01008 41271.0
0.01009 41266.6
0.01010 41262.1
0.01011 41257.6
0.01012 41253.2
0.01013 41248.7
0.01014 41244.3
0.01015 41239.9
0.01016 41235.4
0.01017 41231.0
0.01018 41226.6
0.01019 41222.2
0.01020 41217.8
0.01021 41213.4
0.01022 41209.0
0.01023 41204.6
0.01024 41200.2
0.01025 41195.8
0.01026 41191.4
0.01027 41187.0
0.01028 41182.7
0.01029 41178.3
0.01030 41173.9
0.01031 41169.6
0.01032 41165.2
0.01033 41160.9
0.01034 41156.5
0.01035 41152.2
0.01036 41147.9
0.01037 41143.6
0.01038 41139.2
0.01039 41134.9
0.01040 41130.6
0.01041 41126.3
0.01042 41122.0
0.01043 41117.7
0.01044 41113.4
0.01045 41109.2
0.01046 41104.9
0.01047 41100.6
0.01048 41096.3
0.01049 41092.1
0.01050 41087.8
0.01051 41083.6
0.01052 41079.3
0.01053 41075.1
0.01054 41070.9
0.01055 41066.6
0.01056 41062.4
0.01057 41058.2
0.01058 41054.0
0.01059 41049.8
0.01060 41045.6
0.01061 41041.4
0.01062 41037.2
0.01063 41033.0
0.01064 41028.8
0.01065 41024.6
0.01066 41020.5
0.01067 41016.3
0.01068 41012.1
0.01069 41008.0
0.01070 41003.8
0.01071 40999.7
0.01072 40995.5
0.01073 40991.4
0.01074 40987.3
0.01075 40983.2
0.01076 40979.0
0.01077 40974.9
0.01078 40970.8
0.01079 40966.7
0.01080 40962.6
0.01081 40958.5
0.01082 40954.5
0.01083 40950.4
0.01084 40946.3
0.01085 40942.2
0.01086 40938.2
0.01087 40934.1
0.01088 40930.1
0.01089 40926.0
0.01090 40922.0
0.01091 40917.9
0.01092 40913.9
0.01093 40909.9
0.01094 40905.9
0.01095 40901.9
0.01096 40897.8
0.01097 40893.8
0.01098 40889.8
0.01099 40885.9
0.01100 40881.9
0.01101 40877.9
0.01102 40873.9
0.01103 40869.9
0.01104 40866.0
0.01105 40862.0
0.01106 40858.1
0.01107 40854.1
0.01108 40850.2
0.01109 40846.2
0.01110 40842.3
0.01111 40838.4
0.01112 40834.4
0.01113 40830.5
0.01114 40826.6
0.01115 40822.7
0.01116 40818.8
0.01117 40814.9
0.01118 40811.0
0.01119 40807.2
0.01120 40803.3
0.01121 40799.4
0.01122 40795.5
0.01123 40791.7
0.01124 40787.8
0.01125 40784.0
0.01126 40780.1
0.01127 40776.3
0.01128 40772.4
0.01129 40768.6
0.01130 40764.8
0.01131 40761.0
0.01132 40757.2
0.01133 40753.4
0.01134 40749.6
0.01135 40745.8
0.01136 40742.0
0.01137 40738.2
0.01138 40734.4
0.01139 40730.6
0.01140 40726.9
0.01141 40723.1
0.01142 40719.3
0.01143 40715.6
0.01144 40711.8
0.01145 40708.1
0.01146 40704.4
0.01147 40700.6
0.01148 40696.9
0.01149 40693.2
0.01150 40689.5
0.01151 40685.8
0.01152 40682.1
0.01153 40678.4
0.01154 40674.7
0.01155 40671.0
0.01156 40667.3
0.01157 40663.6
0.01158 40660.0
0.01159 40656.3
0.01160 40652.6
0.01161 40649.0
0.01162 40645.3
0.01163 40641.7
0.01164 40638.1
0.01165 40634.4
0.01166 40630.8
0.01167 40627.2
0.01168 40623.6
0.01169 40620.0
0.01170 40616.4
0.01171 40612.8
0.01172 40609.2
0.01173 40605.6
0.01174 40602.0
0.01175 40598.4
0.01176 40594.8
0.01177 40591.3
0.01178 40587.7
0.01179 40584.2
0.01180 40580.6
0.01181 40577.1
0.01182 40573.5
0.01183 40570.0
0.01184 40566.5
0.01185 40562.9
0.01186 40559.4
0.01187 40555.9
0.01188 40552.4
0.01189 40548.9
0.01190 40545.4
0.01191 40541.9
0.01192 40538.4
0.01193 40534.9
0.01194 40531.5
0.01195 40528.0
0.01196 40524.5
0.01197 40521.1
0.01198 40517.6
0.01199 40514.2
0.01200 40510.7
0.01201 40507.3
0.01202 40503.9
0.01203 40500.4
0.01204 40497.0
0.01205 40493.6
0.01206 40490.2
0.01207 40486.8
0.01208 40483.4
0.01209 40480.0
0.01210 40476.6
0.01211 40473.2
0.01212 40469.8
0.01213 40466.5
0.01214 40463.1
0.01215 40459.7
0.01216 40456.4
0.01217 40453.0
0.01218 40449.7
0.01219 40446.3
0.01220 40443.0
0.01221 40439.7
0.01222 40436.4
0.01223 40433.0
0.01224 40429.7
0.01225 40426.4
0.01226 40423.1
0.01227 40419.8
0.01228 40416.5
0.01229 40413.2
0.01230 40409.9
0.01231 40406.7
0.01232 40403.4
0.01233 40400.1
0.01234 40396.9
0.01235 40393.6
0.01236 40390.4
0.01237 40387.1
0.01238 40383.9
0.01239 40380.6
0.01240 40377.4
0.01241 40374.2
0.01242 40371.0
0.01243 40367.7
0.01244 40364.5
0.01245 40361.3
0.01246 40358.1
0.01247 40354.9
0.01248 40351.8
0.01249 40348.6
0.01250 40345.4
0.01251 40342.2
0.01252 40339.1
0.01253 40335.9
0.01254 40332.7
0.01255 40329.6
0.01256 40326.4
0.01257 40323.3
0.01258 40320.2
0.01259 40317.0
0.01260 40313.9
0.01261 40310.8
0.01262 40307.7
0.01263 40304.5
0.01264 40301.4
0.01265 40298.3
0.01266 40295.2
0.01267 40292.2
0.01268 40289.1
0.01269 40286.0
0.01270 40282.9
0.01271 40279.8
0.01272 40276.8
0.01273 40273.7
0.01274 40270.7
0.01275 40267.6
0.01276 40264.6
0.01277 40261.5
0.01278 40258.5
0.01279 40255.5
0.01280 40252.4
0.01281 40249.4
0.01282 40246.4
0.01283 40243.4
0.01284 40240.4
0.01285 40237.4
0.01286 40234.4
0.01287 40231.4
0.01288 40228.4
0.01289 40225.5
0.01290 40222.5
0.01291 40219.5
0.01292 40216.6
0.01293 40213.6
0.01294 40210.6
0.01295 40207.7
0.01296 40204.8
0.01297 40201.8
0.01298 40198.9
0.01299 40196.0
0.01300 40193.0
0.01301 40190.1
0.01302 40187.2
0.01303 40184.3
0.01304 40181.4
0.01305 40178.5
0.01306 40175.6
0.01307 40172.7
0.01308 40169.8
0.01309 40166.9
0.01310 40164.1
0.01311 40161.2
0.01312 40158.3
0.01313 40155.5
0.01314 40152.6
0.01315 40149.8
0.01316 40146.9
0.01317 40144.1
0.01318 40141.2
0.01319 40138.4
0.01320 40135.6
0.01321 40132.8
0.01322 40130.0
0.01323 40127.1
0.01324 40124.3
0.01325 40121.5
0.01326 40118.7
0.01327 40115.9
0.01328 40113.2
0.01329 40110.4
0.01330 40107.6
0.01331 40104.8
0.01332 40102.1
0.01333 40099.3
0.01334 40096.5
0.01335 40093.8
0.01336 40091.0
0.01337 40088.3
0.01338 40085.6
0.01339 40082.8
0.01340 40080.1
0.01341 40077.4
0.01342 40074.7
0.01343 40071.9
0.01344 40069.2
0.01345 40066.5
0.01346 40063.8
0.01347 40061.1
0.01348 40058.4
0.01349 40055.7
0.01350 40053.1
0.01351 40050.4
0.01352 40047.7
0.01353 40045.0
0.01354 40042.4
0.01355 40039.7
0.01356 40037.1
0.01357 40034.4
0.01358 40031.8
0.01359 40029.1
0.01360 40026.5
0.01361 40023.9
0.01362 40021.2
0.01363 40018.6
0.01364 40016.0
0.01365 40013.4
0.01366 40010.8
0.01367 40008.2
0.01368 40005.6
0.01369 40003.0
0.01370 40000.4
0.01371 39997.8
0.01372 39995.2
0.01373 39992.7
0.01374 39990.1
0.01375 39987.5
0.01376 39985.0
0.01377 39982.4
0.01378 39979.9
0.01379 39977.3
0.01380 39974.8
0.01381 39972.2
0.01382 39969.7
0.01383 39967.2
0.01384 39964.6
0.01385 39962.1
0.01386 39959.6
0.01387 39957.1
0.01388 39954.6
0.01389 39952.1
0.01390 39949.6
0.01391 39947.1
0.01392 39944.6
0.01393 39942.1
0.01394 39939.6
0.01395 39937.1
0.01396 39934.7
0.01397 39932.2
0.01398 39929.7
0.01399 39927.3
0.01400 39924.8
0.01401 39922.4
0.01402 39919.9
0.01403 39917.5
0.01404 39915.1
0.01405 39912.6
0.01406 39910.2
0.01407 39907.8
0.01408 39905.4
0.01409 39902.9
0.01410 39900.5
0.01411 39898.1
0.01412 39895.7
0.01413 39893.3
0.01414 39890.9
0.01415 39888.5
0.01416 39886.2
0.01417 39883.8
0.01418 39881.4
0.01419 39879.0
0.01420 39876.7
0.01421 39874.3
0.01422 39871.9
0.01423 39869.6
0.01424 39867.2
0.01425 39864.9
0.01426 39862.6
0.01427 39860.2
0.01428 39857.9
0.01429 39855.6
0.01430 39853.2
0.01431 39850.9
0.01432 39848.6
0.01433 39846.3
0.01434 39844.0
0.01435 39841.7
0.01436 39839.4
0.01437 39837.1
0.01438 39834.8
0.01439 39832.5
0.01440 39830.2
0.01441 39827.9
0.01442 39825.7
0.01443 39823.4
0.01444 39821.1
0.01445 39818.9
0.01446 39816.6
0.01447 39814.3
0.01448 39812.1
0.01449 39809.9
0.01450 39807.6
0.01451 39805.4
0.01452 39803.1
0.01453 39800.9
0.01454 39798.7
0.01455 39796.5
0.01456 39794.2
0.01457 39792.0
0.01458 39789.8
0.01459 39787.6
0.01460 39785.4
0.01461 39783.2
0.01462 39781.0
0.01463 39778.8
0.01464 39776.7
0.01465 39774.5
0.01466 39772.3
0.01467 39770.1
0.01468 39768.0
0.01469 39765.8
0.01470 39763.6
0.01471 39761.5
0.01472 39759.3
0.01473 39757.2
0.01474 39755.0
0.01475 39752.9
0.01476 39750.8
0.01477 39748.6
0.01478 39746.5
0.01479 39744.4
0.01480 39742.2
0.01481 39740.1
0.01482 39738.0
0.01483 39735.9
0.01484 39733.8
0.01485 39731.7
0.01486 39729.6
0.01487 39727.5
0.01488 39725.4
0.01489 39723.3
0.01490 39721.2
0.01491 39719.2
0.01492 39717.1
0.01493 39715.0
0.01494 39713.0
0.01495 39710.9
0.01496 39708.8
0.01497 39706.8
0.01498 39704.7
0.01499 39702.7
0.01500 39700.6
0.01501 39698.6
0.01502 39696.6
0.01503 39694.5
0.01504 39692.5
0.01505 39690.5
0.01506 39688.5
0.01507 39686.4
0.01508 39684.4
0.01509 39682.4
0.01510 39680.4
0.01511 39678.4
0.01512 39676.4
0.01513 39674.4
0.01514 39672.4
0.01515 39670.4
0.01516 39668.5
0.01517 39666.5
0.01518 39664.5
0.01519 39662.5
0.01520 39660.6
0.01521 39658.6
0.01522 39656.6
0.01523 39654.7
0.01524 39652.7
0.01525 39650.8
0.01526 39648.8
0.01527 39646.9
0.01528 39644.9
0.01529 39643.0
0.01530 39641.1
0.01531 39639.1
0.01532 39637.2
0.01533 39635.3
0.01534 39633.4
0.01535 39631.5
0.01536 39629.5
0.01537 39627.6
0.01538 39625.7
0.01539 39623.8
0.01540 39621.9
0.01541 39620.0
0.01542 39618.2
0.01543 39616.3
0.01544 39614.4
0.01545 39612.5
0.01546 39610.6
0.01547 39608.8
0.01548 39606.9
0.01549 39605.0
0.01550 39603.2
0.01551 39601.3
0.01552 39599.5
0.01553 39597.6
0.01554 39595.8
0.01555 39593.9
0.01556 39592.1
0.01557 39590.2
0.01558 39588.4
0.01559 39586.6
0.01560 39584.7
0.01561 39582.9
0.01562 39581.1
0.01563 39579.3
0.01564 39577.5
0.01565 39575.7
0.01566 39573.9
0.01567 39572.1
0.01568 39570.3
0.01569 39568.5
0.01570 39566.7
0.01571 39564.9
0.01572 39563.1
0.01573 39561.3
0.01574 39559.5
0.01575 39557.8
0.01576 39556.0
0.01577 39554.2
0.01578 39552.5
0.01579 39550.7
0.01580 39548.9
0.01581 39547.2
0.01582 39545.4
0.01583 39543.7
0.01584 39541.9
0.01585 39540.2
0.01586 39538.5
0.01587 39536.7
0.01588 39535.0
0.01589 39533.3
0.01590 39531.5
0.01591 39529.8
0.01592 39528.1
0.01593 39526.4
0.01594 39524.7
0.01595 39523.0
0.01596 39521.2
0.01597 39519.5
0.01598 39517.8
0.01599 39516.1
0.01600 39514.5
0.01601 39512.8
0.01602 39511.1
0.01603 39509.4
0.01604 39507.7
0.01605 39506.0
0.01606 39504.4
0.01607 39502.7
0.01608 39501.0
0.01609 39499.4
0.01610 39497.7
0.01611 39496.0
0.01612 39494.4
0.01613 39492.7
0.01614 39491.1
0.01615 39489.4
0.01616 39487.8
0.01617 39486.2
0.01618 39484.5
0.01619 39482.9
0.01620 39481.3
0.01621 39479.6
0.01622 39478.0
0.01623 39476.4
0.01624 39474.8
0.01625 39473.2
0.01626 39471.5
0.01627 39469.9
0.01628 39468.3
0.01629 39466.7
0.01630 39465.1
0.01631 39463.5
0.01632 39461.9
0.01633 39460.4
0.01634 39458.8
0.01635 39457.2
0.01636 39455.6
0.01637 39454.0
0.01638 39452.5
0.01639 39450.9
0.01640 39449.3
0.01641 39447.7
0.01642 39446.2
0.01643 39444.6
0.01644 39443.1
0.01645 39441.5
0.01646 39440.0
0.01647 39438.4
0.01648 39436.9
0.01649 39435.3
0.01650 39433.8
0.01651 39432.3
0.01652 39430.7
0.01653 39429.2
0.01654 39427.7
0.01655 39426.1
0.01656 39424.6
0.01657 39423.1
0.01658 39421.6
0.01659 39420.1
0.01660 39418.6
0.01661 39417.1
0.01662 39415.6
0.01663 39414.0
0.01664 39412.6
0.01665 39411.1
0.01666 39409.6
0.01667 39408.1
0.01668 39406.6
0.01669 39405.1
0.01670 39403.6
0.01671 39402.1
0.01672 39400.7
0.01673 39399.2
0.01674 39397.7
0.01675 39396.3
0.01676 39394.8
0.01677 39393.3
0.01678 39391.9
0.01679 39390.4
0.01680 39389.0
0.01681 39387.5
0.01682 39386.1
0.01683 39384.6
0.01684 39383.2
0.01685 39381.7
0.01686 39380.3
0.01687 39378.9
0.01688 39377.4
0.01689 39376.0
0.01690 39374.6
0.01691 39373.2
0.01692 39371.7
0.01693 39370.3
0.01694 39368.9
0.01695 39367.5
0.01696 39366.1
0.01697 39364.7
0.01698 39363.3
0.01699 39361.9
0.01700 39360.5
0.01701 39359.1
0.01702 39357.7
0.01703 39356.3
0.01704 39354.9
0.01705 39353.5
0.01706 39352.2
0.01707 39350.8
0.01708 39349.4
0.01709 39348.0
0.01710 39346.7
0.01711 39345.3
0.01712 39343.9
0.01713 39342.6
0.01714 39341.2
0.01715 39339.8
0.01716 39338.5
0.01717 39337.1
0.01718 39335.8
0.01719 39334.4
0.01720 39333.1
0.01721 39331.7
0.01722 39330.4
0.01723 39329.1
0.01724 39327.7
0.01725 39326.4
0.01726 39325.1
0.01727 39323.7
0.01728 39322.4
0.01729 39321.1
0.01730 39319.8
0.01731 39318.5
0.01732 39317.1
0.01733 39315.8
0.01734 39314.5
0.01735 39313.2
0.01736 39311.9
0.01737 39310.6
0.01738 39309.3
0.01739 39308.0
0.01740 39306.7
0.01741 39305.4
0.01742 39304.1
0.01743 39302.9
0.01744 39301.6
0.01745 39300.3
0.01746 39299.0
0.01747 39297.7
0.01748 39296.5
0.01749 39295.2
0.01750 39293.9
0.01751 39292.7
0.01752 39291.4
0.01753 39290.1
0.01754 39288.9
0.01755 39287.6
0.01756 39286.4
0.01757 39285.1
0.01758 39283.9
0.01759 39282.6
0.01760 39281.4
0.01761 39280.1
0.01762 39278.9
0.01763 39277.6
0.01764 39276.4
0.01765 39275.2
0.01766 39273.9
0.01767 39272.7
0.01768 39271.5
0.01769 39270.3
0.01770 39269.0
0.01771 39267.8
0.01772 39266.6
0.01773 39265.4
0.01774 39264.2
0.01775 39263.0
0.01776 39261.8
0.01777 39260.6
0.01778 39259.4
0.01779 39258.2
0.01780 39257.0
0.01781 39255.8
0.01782 39254.6
0.01783 39253.4
0.01784 39252.2
0.01785 39251.0
0.01786 39249.8
0.01787 39248.6
0.01788 39247.5
0.01789 39246.3
0.01790 39245.1
0.01791 39243.9
0.01792 39242.8
0.01793 39241.6
0.01794 39240.4
0.01795 39239.3
0.01796 39238.1
0.01797 39236.9
0.01798 39235.8
0.01799 39234.6
0.01800 39233.5
0.01801 39232.3
0.01802 39231.2
0.01803 39230.0
0.01804 39228.9
0.01805 39227.7
0.01806 39226.6
0.01807 39225.5
0.01808 39224.3
0.01809 39223.2
0.01810 39222.1
0.01811 39220.9
0.01812 39219.8
0.01813 39218.7
0.01814 39217.6
0.01815 39216.5
0.01816 39215.3
0.01817 39214.2
0.01818 39213.1
0.01819 39212.0
0.01820 39210.9
0.01821 39209.8
0.01822 39208.7
0.01823 39207.6
0.01824 39206.5
0.01825 39205.4
0.01826 39204.3
0.01827 39203.2
0.01828 39202.1
0.01829 39201.0
0.01830 39199.9
0.01831 39198.8
0.01832 39197.7
0.01833 39196.7
0.01834 39195.6
0.01835 39194.5
0.01836 39193.4
0.01837 39192.4
0.01838 39191.3
0.01839 39190.2
0.01840 39189.2
0.01841 39188.1
0.01842 39187.0
0.01843 39186.0
0.01844 39184.9
0.01845 39183.9
0.01846 39182.8
0.01847 39181.7
0.01848 39180.7
0.01849 39179.7
0.01850 39178.6
0.01851 39177.6
0.01852 39176.5
0.01853 39175.5
0.01854 39174.4
0.01855 39173.4
0.01856 39172.4
0.01857 39171.3
0.01858 39170.3
0.01859 39169.3
0.01860 39168.3
0.01861 39167.2
0.01862 39166.2
0.01863 39165.2
0.01864 39164.2
0.01865 39163.2
0.01866 39162.1
0.01867 39161.1
0.01868 39160.1
0.01869 39159.1
0.01870 39158.1
0.01871 39157.1
0.01872 39156.1
0.01873 39155.1
0.01874 39154.1
0.01875 39153.1
0.01876 39152.1
0.01877 39151.1
0.01878 39150.1
0.01879 39149.1
0.01880 39148.1
0.01881 39147.2
0.01882 39146.2
0.01883 39145.2
0.01884 39144.2
0.01885 39143.2
0.01886 39142.3
0.01887 39141.3
0.01888 39140.3
0.01889 39139.3
0.01890 39138.4
0.01891 39137.4
0.01892 39136.4
0.01893 39135.5
0.01894 39134.5
0.01895 39133.6
0.01896 39132.6
0.01897 39131.6
0.01898 39130.7
0.01899 39129.7
0.01900 39128.8
0.01901 39127.8
0.01902 39126.9
0.01903 39126.0
0.01904 39125.0
0.01905 39124.1
0.01906 39123.1
0.01907 39122.2
0.01908 39121.3
0.01909 39120.3
0.01910 39119.4
0.01911 39118.5
0.01912 39117.5
0.01913 39116.6
0.01914 39115.7
0.01915 39114.8
0.01916 39113.8
0.01917 39112.9
0.01918 39112.0
0.01919 39111.1
0.01920 39110.2
0.01921 39109.3
0.01922 39108.4
0.01923 39107.4
0.01924 39106.5
0.01925 39105.6
0.01926 39104.7
0.01927 39103.8
0.01928 39102.9
0.01929 39102.0
0.01930 39101.1
0.01931 39100.2
0.01932 39099.4
0.01933 39098.5
0.01934 39097.6
0.01935 39096.7
0.01936 39095.8
0.01937 39094.9
0.01938 39094.0
0.01939 39093.1
0.01940 39092.3
0.01941 39091.4
0.01942 39090.5
0.01943 39089.6
0.01944 39088.8
0.01945 39087.9
0.01946 39087.0
0.01947 39086.2
0.01948 39085.3
0.01949 39084.4
0.01950 39083.6
0.01951 39082.7
0.01952 39081.9
0.01953 39081.0
0.01954 39080.1
0.01955 39079.3
0.01956 39078.4
0.01957 39077.6
0.01958 39076.7
0.01959 39075.9
0.01960 39075.0
0.01961 39074.2
0.01962 39073.4
0.01963 39072.5
0.01964 39071.7
0.01965 39070.8
0.01966 39070.0
0.01967 39069.2
0.01968 39068.3
0.01969 39067.5
0.01970 39066.7
0.01971 39065.8
0.01972 39065.0
0.01973 39064.2
0.01974 39063.4
0.01975 39062.5
0.01976 39061.7
0.01977 39060.9
0.01978 39060.1
0.01979 39059.3
0.01980 39058.5
0.01981 39057.6
0.01982 39056.8
0.01983 39056.0
0.01984 39055.2
0.01985 39054.4
0.01986 39053.6
0.01987 39052.8
0.01988 39052.0
0.01989 39051.2
0.01990 39050.4
0.01991 39049.6
0.01992 39048.8
0.01993 39048.0
0.01994 39047.2
0.01995 39046.4
0.01996 39045.6
0.01997 39044.9
0.01998 39044.1
0.01999 39043.3
0.02000 38577.4
0.02001 38577.4
0.02002 38577.4
0.02003 38577.4
0.02004 38577.4
0.02005 38577.4
0.02006 38577.4
0.02007 38577.4
0.02008 38577.4
0.02009 38577.4
0.02010 38577.4
0.02011 38577.4
0.02012 38577.4
0.02013 38577.4
0.02014 38577.4
0.02015 38577.4
0.02016 38577.4
0.02017 38577.4
0.02018 38577.4
0.02019 38577.4
0.02020 38577.4
0.02021 38577.4
0.02022 38577.4
0.02023 38577.4
0.02024 38577.4
0.02025 38577.4
0.02026 38577.4
0.02027 38577.4
0.02028 38577.4
0.02029 38577.4
0.02030 38577.4
0.02031 38577.4
0.02032 38577.4
0.02033 38577.4
0.02034 38577.4
0.02035 38577.4
0.02036 38577.4
0.02037 38577.4
0.02038 38577.4
0.02039 38577.4
0.02040 38577.4
0.02041 38577.4
0.02042 38577.4
0.02043 38577.4
0.02044 38577.4
0.02045 38577.4
0.02046 38577.4
0.02047 38577.4
0.02048 38577.4
0.02049 38577.4
0.02050 38577.4
0.02051 38577.4
0.02052 38577.4
0.02053 38577.4
0.02054 38577.4
0.02055 38577.4
0.02056 38577.4
0.02057 38577.4
0.02058 38577.4
0.02059 38577.4
0.02060 38577.4
0.02061 38577.4
0.02062 38577.4
0.02063 38577.4
0.02064 38577.4
0.02065 38577.4
0.02066 38577.4
0.02067 38577.4
0.02068 38577.4
0.02069 38577.4
0.02070 38577.4
0.02071 38577.4
0.02072 38577.4
0.02073 38577.4
0.02074 38577.4
0.02075 38577.4
0.02076 38577.4
0.02077 38577.4
0.02078 38577.4
0.02079 38577.4
0.02080 38577.4
0.02081 38577.4
0.02082 38577.4
0.02083 38577.4
0.02084 38577.4
0.02085 38577.4
0.02086 38577.4
0.02087 38577.4
0.02088 38577.4
0.02089 38577.4
0.02090 38577.4
0.02091 38577.4
0.02092 38577.4
0.02093 38577.4
0.02094 38577.4
0.02095 38577.4
0.02096 38577.4
0.02097 38577.4
0.02098 38577.4
0.02099 38577.4
0.02100 38577.4
0.02101 37153.6
0.02102 35786.4
0.02103 34473.5
0.02104 33212.4
0.02105 32001.1
0.02106 30837.4
0.02107 29719.2
0.02108 28644.6
0.02109 27611.7
0.02110 26618.9
0.02111 25664.4
0.02112 24746.5
0.02113 23863.7
0.02114 23014.5
0.02115 22197.5
0.02116 21411.2
0.02117 20654.4
0.02118 19925.7
0.02119 19223.9
0.02120 18547.8
0.02121 17896.2
0.02122 17268.0
0.02123 16662.0
0.02124 16077.3
0.02125 15512.7
0.02126 14967.2
0.02127 14439.7
0.02128 13929.4
0.02129 13435.1
0.02130 12955.9
0.02131 12490.9
0.02132 12038.9
0.02133 11599.2
0.02134 11170.5
0.02135 10752.1
0.02136 10342.8
0.02137 9941.8
0.02138 9547.9
0.02139 9160.3
0.02140 8777.8
0.02141 8399.5
0.02142 8024.5
0.02143 7651.7
0.02144 7280.2
0.02145 6909.3
0.02146 6538.1
0.02147 6166.0
0.02148 5792.4
0.02149 5417.2
0.02150 5040.2
0.02151 4839.3
0.02152 4613.5
0.02153 4364.5
0.02154 4095.1
0.02155 3808.3
0.02156 3508.3
0.02157 3199.7
0.02158 2887.6
0.02159 2577.9
0.02160 2276.6
0.02161 1989.7
0.02162 1723.0
0.02163 1481.3
0.02164 1268.4
0.02165 1086.2
0.02166 935.0
0.02167 812.8
0.02168 716.6
0.02169 642.2
0.02170 585.3
0.02171 542.1
0.02172 509.2
0.02173 484.3
0.02174 465.3
0.02175 450.9
0.02176 440.1
0.02177 432.2
0.02178 426.7
0.02179 423.2
0.02180 421.3
0.02181 421.0
0.02182 421.9
0.02183 424.2
0.02184 427.6
0.02185 432.1
0.02186 437.7
0.02187 444.5
0.02188 452.3
0.02189 461.3
0.02190 471.4
0.02191 482.8
0.02192 495.5
0.02193 509.5
0.02194 524.9
0.02195 541.9
0.02196 560.5
0.02197 580.8
0.02198 603.0
0.02199 627.2
0.02200 653.4
0.02201 682.0
0.02202 713.0
0.02203 746.6
0.02204 783.0
0.02205 822.5
0.02206 865.1
0.02207 911.2
0.02208 961.0
0.02209 1014.7
0.02210 1072.5
0.02211 1134.8
0.02212 1201.9
0.02213 1273.9
0.02214 1351.2
0.02215 1434.0
0.02216 1522.7
0.02217 1617.6
0.02218 1718.9
0.02219 1826.9
0.02220 1941.8
0.02221 2064.1
0.02222 2193.8
0.02223 2331.2
0.02224 2476.6
0.02225 2630.2
0.02226 2792.1
0.02227 2962.4
0.02228 3141.3
0.02229 3329.0
0.02230 3525.5
0.02231 3730.8
0.02232 3944.9
0.02233 4168.0
0.02234 4399.9
0.02235 4640.6
0.02236 4890.1
0.02237 5148.2
0.02238 5414.9
0.02239 5690.0
0.02240 5973.5
0.02241 6265.1
0.02242 6564.8
0.02243 6872.3
0.02244 7187.5
0.02245 7510.2
0.02246 7840.2
0.02247 8177.4
0.02248 8521.6
0.02249 8872.5
0.02250 9230.0
0.02251 9593.9
0.02252 9964.0
0.02253 10340.2
0.02254 10722.1
0.02255 11109.7
0.02256 11502.7
0.02257 11900.8
0.02258 12304.0
0.02259 12712.0
0.02260 13124.5
0.02261 13541.3
0.02262 13962.2
0.02263 14386.8
0.02264 14815.0
0.02265 15246.4
0.02266 15680.8
0.02267 16117.8
0.02268 16557.1
0.02269 16998.4
0.02270 17441.4
0.02271 17885.6
0.02272 18330.8
0.02273 18776.5
0.02274 19222.4
0.02275 19668.0
0.02276 20113.1
0.02277 20557.2
0.02278 20999.9
0.02279 21440.9
0.02280 21879.8
0.02281 22316.2
0.02282 22749.7
0.02283 23180.0
0.02284 23606.8
0.02285 24029.7
0.02286 24448.5
0.02287 24862.8
0.02288 25272.4
0.02289 25677.0
0.02290 26076.5
0.02291 26470.5
0.02292 26858.9
0.02293 27241.5
0.02294 27618.2
0.02295 27988.8
0.02296 28353.2
0.02297 28711.3
0.02298 29063.1
0.02299 29408.5
0.02300 29747.4
0.02301 30079.8
0.02302 30405.7
0.02303 30725.0
0.02304 31037.9
0.02305 31344.3
0.02306 31644.2
0.02307 31937.7
0.02308 32224.9
0.02309 32505.7
0.02310 32780.3
0.02311 33048.7
0.02312 33311.1
0.02313 33567.4
0.02314 33817.8
0.02315 34062.3
0.02316 34301.1
0.02317 34534.3
0.02318 34761.9
0.02319 34984.1
0.02320 35200.8
0.02321 35412.4
0.02322 35618.8
0.02323 35820.1
0.02324 36016.6
0.02325 36208.1
0.02326 36395.0
0.02327 36577.2
0.02328 36754.8
0.02329 36928.0
0.02330 37096.9
0.02331 37261.6
0.02332 37422.1
0.02333 37578.6
0.02334 37731.2
0.02335 37879.9
0.02336 38024.8
0.02337 38166.1
0.02338 38303.8
0.02339 38438.0
0.02340 38568.8
0.02341 38696.2
0.02342 38820.5
0.02343 38941.5
0.02344 39059.5
0.02345 39174.5
0.02346 39286.6
0.02347 39395.8
0.02348 39502.2
0.02349 39606.0
0.02350 39707.1
0.02351 39805.6
0.02352 39901.6
0.02353 39995.2
0.02354 40086.4
0.02355 40175.2
0.02356 40261.8
0.02357 40346.3
0.02358 40428.6
0.02359 40508.7
0.02360 40586.9
0.02361 40663.1
0.02362 40737.3
0.02363 40809.7
0.02364 40880.3
0.02365 40949.0
0.02366 41016.1
0.02367 41081.4
0.02368 41145.1
0.02369 41207.2
0.02370 41267.7
0.02371 41326.7
0.02372 41384.2
0.02373 41440.3
0.02374 41495.0
0.02375 41548.3
0.02376 41600.3
0.02377 41650.9
0.02378 41700.3
0.02379 41748.5
0.02380 41795.5
0.02381 41841.2
0.02382 41885.9
0.02383 41929.4
0.02384 41971.9
0.02385 42013.2
0.02386 42053.6
0.02387 42093.0
0.02388 42131.3
0.02389 42168.7
0.02390 42205.2
0.02391 42240.8
0.02392 42275.5
0.02393 42309.3
0.02394 42342.3
0.02395 42374.5
0.02396 42405.9
0.02397 42436.5
0.02398 42466.3
0.02399 42495.4
0.02400 42523.8
0.02401 42551.4
0.02402 42578.4
0.02403 42604.7
0.02404 42630.3
0.02405 42655.4
0.02406 42679.7
0.02407 42703.5
0.02408 42726.7
0.02409 42749.3
0.02410 42771.3
0.02411 42792.8
0.02412 42813.8
0.02413 42834.2
0.02414 42854.1
0.02415 42873.5
0.02416 42892.4
0.02417 42910.8
0.02418 42928.8
0.02419 42946.3
0.02420 42963.4
0.02421 42980.0
0.02422 42996.2
0.02423 43012.0
0.02424 43027.4
0.02425 43042.3
0.02426 43056.9
0.02427 43071.2
0.02428 43085.0
0.02429 43098.5
0.02430 43111.6
0.02431 43124.4
0.02432 43136.9
0.02433 43149.0
0.02434 43160.8
0.02435 43172.3
0.02436 43183.4
0.02437 43194.3
0.02438 43204.9
0.02439 43215.2
0.02440 43225.2
0.02441 43234.9
0.02442 43244.3
0.02443 43253.5
0.02444 43262.5
0.02445 43271.1
0.02446 43279.6
0.02447 43287.8
0.02448 43295.7
0.02449 43303.4
0.02450 43310.9
0.02451 43318.2
0.02452 43325.3
0.02453 43332.1
0.02454 43338.7
0.02455 43345.1
0.02456 43351.4
0.02457 43357.4
0.02458 43363.2
0.02459 43368.9
0.02460 43374.3
0.02461 43379.6
0.02462 43384.7
0.02463 43389.7
0.02464 43394.4
0.02465 43399.0
0.02466 43403.4
0.02467 43407.7
0.02468 43411.8
0.02469 43415.8
0.02470 43419.6
0.02471 43423.3
0.02472 43426.8
0.02473 43430.2
0.02474 43433.4
0.02475 43436.5
0.02476 43439.4
0.02477 43442.3
0.02478 43445.0
0.02479 43447.6
0.02480 43450.0
0.02481 43452.3
0.02482 43454.6
0.02483 43456.7
0.02484 43458.6
0.02485 43460.5
0.02486 43462.3
0.02487 43463.9
0.02488 43465.4
0.02489 43466.9
0.02490 43468.2
0.02491 43469.4
0.02492 43470.6
0.02493 43471.6
0.02494 43472.6
0.02495 43473.4
0.02496 43474.2
0.02497 43474.8
0.02498 43475.4
0.02499 43475.9
0.02500 43476.3
0.02501 43476.6
0.02502 43476.8
0.02503 43477.0
0.02504 43477.0
0.02505 43477.0
0.02506 43477.0
0.02507 43476.8
0.02508 43476.6
0.02509 43476.2
0.02510 43475.9
0.02511 43475.4
0.02512 43474.9
0.02513 43474.3
0.02514 43473.6
0.02515 43472.9
0.02516 43472.1
0.02517 43471.3
0.02518 43470.3
0.02519 43469.4
0.02520 43468.3
0.02521 43467.2
0.02522 43466.1
0.02523 43464.8
0.02524 43463.6
0.02525 43462.2
0.02526 43460.8
0.02527 43459.4
0.02528 43457.9
0.02529 43456.4
0.02530 43454.8
0.02531 43453.1
0.02532 43451.4
0.02533 43449.6
0.02534 43447.8
0.02535 43446.0
0.02536 43444.1
0.02537 43442.2
0.02538 43440.2
0.02539 43438.1
0.02540 43436.0
0.02541 43433.9
0.02542 43431.8
0.02543 43429.5
0.02544 43427.3
0.02545 43425.0
0.02546 43422.7
0.02547 43420.3
0.02548 43417.9
0.02549 43415.4
0.02550 43412.9
0.02551 43410.4
0.02552 43407.8
0.02553 43405.2
0.02554 43402.6
0.02555 43399.9
0.02556 43397.2
0.02557 43394.5
0.02558 43391.7
0.02559 43388.9
0.02560 43386.0
0.02561 43383.2
0.02562 43380.2
0.02563 43377.3
0.02564 43374.3
0.02565 43371.3
0.02566 43368.3
0.02567 43365.2
0.02568 43362.1
0.02569 43359.0
0.02570 43355.8
0.02571 43352.7
0.02572 43349.5
0.02573 43346.2
0.02574 43343.0
0.02575 43339.7
0.02576 43336.3
0.02577 43333.0
0.02578 43329.6
0.02579 43326.2
0.02580 43322.8
0.02581 43319.4
0.02582 43315.9
0.02583 43312.4
0.02584 43308.9
0.02585 43305.3
0.02586 43301.8
0.02587 43298.2
0.02588 43294.6
0.02589 43290.9
0.02590 43287.3
0.02591 43283.6
0.02592 43279.9
0.02593 43276.2
0.02594 43272.4
0.02595 43268.7
0.02596 43264.9
0.02597 43261.1
0.02598 43257.3
0.02599 43253.4
0.02600 43249.6
0.02601 43245.7
0.02602 43241.8
0.02603 43237.9
0.02604 43233.9
0.02605 43230.0
0.02606 43226.0
0.02607 43222.0
0.02608 43218.0
0.02609 43214.0
0.02610 43209.9
0.02611 43205.9
0.02612 43201.8
0.02613 43197.7
0.02614 43193.6
0.02615 43189.5
0.02616 43185.3
0.02617 43181.2
0.02618 43177.0
0.02619 43172.8
0.02620 43168.6
0.02621 43164.4
0.02622 43160.2
0.02623 43155.9
0.02624 43151.7
0.02625 43147.4
0.02626 43143.1
0.02627 43138.8
0.02628 43134.5
0.02629 43130.1
0.02630 43125.8
0.02631 43121.4
0.02632 43117.1
0.02633 43112.7
0.02634 43108.3
0.02635 43103.9
0.02636 43099.5
0.02637 43095.0
0.02638 43090.6
0.02639 43086.1
0.02640 43081.7
0.02641 43077.2
0.02642 43072.7
0.02643 43068.2
0.02644 43063.7
0.02645 43059.2
0.02646 43054.6
0.02647 43050.1
0.02648 43045.5
0.02649 43041.0
0.02650 43036.4
0.02651 43031.8
0.02652 43027.2
0.02653 43022.6
0.02654 43018.0
0.02655 43013.4
0.02656 43008.7
0.02657 43004.1
0.02658 42999.4
0.02659 42994.8
0.02660 42990.1
0.02661 42985.4
0.02662 42980.7
0.02663 42976.0
0.02664 42971.3
0.02665 42966.6
0.02666 42961.9
0.02667 42957.1
0.02668 42952.4
0.02669 42947.7
0.02670 42942.9
0.02671 42938.1
0.02672 42933.4
0.02673 42928.6
0.02674 42923.8
0.02675 42919.0
0.02676 42914.2
0.02677 42909.4
0.02678 42904.6
0.02679 42899.8
0.02680 42894.9
0.02681 42890.1
0.02682 42885.2
0.02683 42880.4
0.02684 42875.5
0.02685 42870.7
0.02686 42865.8
0.02687 42860.9
0.02688 42856.0
0.02689 42851.1
0.02690 42846.3
0.02691 42841.4
0.02692 42836.4
0.02693 42831.5
0.02694 42826.6
0.02695 42821.7
0.02696 42816.8
0.02697 42811.8
0.02698 42806.9
0.02699 42801.9
0.02700 42797.0
0.02701 42792.0
0.02702 42787.1
0.02703 42782.1
0.02704 42777.1
0.02705 42772.2
0.02706 42767.2
0.02707 42762.2
0.02708 42757.2
0.02709 42752.2
0.02710 42747.2
0.02711 42742.2
0.02712 42737.2
0.02713 42732.2
0.02714 42727.2
0.02715 42722.2
0.02716 42717.1
0.02717 42712.1
0.02718 42707.1
0.02719 42702.0
0.02720 42697.0
0.02721 42692.0
0.02722 42686.9
0.02723 42681.9
0.02724 42676.8
0.02725 42671.8
0.02726 42666.7
0.02727 42661.6
0.02728 42656.6
0.02729 42651.5
0.02730 42646.4
0.02731 42641.4
0.02732 42636.3
0.02733 42631.2
0.02734 42626.1
0.02735 42621.0
0.02736 42615.9
0.02737 42610.9
0.02738 42605.8
0.02739 42600.7
0.02740 42595.6
0.02741 42590.5
0.02742 42585.4
0.02743 42580.3
0.02744 42575.1
0.02745 42570.0
0.02746 42564.9
0.02747 42559.8
0.02748 42554.7
0.02749 42549.6
0.02750 42544.5
0.02751 42539.3
0.02752 42534.2
0.02753 42529.1
0.02754 42524.0
0.02755 42518.8
0.02756 42513.7
0.02757 42508.6
0.02758 42503.4
0.02759 42498.3
0.02760 42493.2
0.02761 42488.0
0.02762 42482.9
0.02763 42477.8
0.02764 42472.6
0.02765 42467.5
0.02766 42462.3
0.02767 42457.2
0.02768 42452.0
0.02769 42446.9
0.02770 42441.8
0.02771 42436.6
0.02772 42431.5
0.02773 42426.3
0.02774 42421.2
0.02775 42416.0
0.02776 42410.9
0.02777 42405.7
0.02778 42400.6
0.02779 42395.4
0.02780 42390.3
0.02781 42385.1
0.02782 42379.9
0.02783 42374.8
0.02784 42369.6
0.02785 42364.5
0.02786 42359.3
0.02787 42354.2
0.02788 42349.0
0.02789 42343.9
0.02790 42338.7
0.02791 42333.6
0.02792 42328.4
0.02793 42323.3
0.02794 42318.1
0.02795 42313.0
0.02796 42307.8
0.02797 42302.7
0.02798 42297.5
0.02799 42292.4
0.02800 42287.2
0.02801 42282.1
0.02802 42276.9
0.02803 42271.8
0.02804 42266.6
0.02805 42261.5
0.02806 42256.3
0.02807 42251.2
0.02808 42246.0
0.02809 42240.9
0.02810 42235.7
0.02811 42230.6
0.02812 42225.4
0.02813 42220.3
0.02814 42215.2
0.02815 42210.0
0.02816 42204.9
0.02817 42199.8
0.02818 42194.6
0.02819 42189.5
0.02820 42184.4
0.02821 42179.2
0.02822 42174.1
0.02823 42169.0
0.02824 42163.8
0.02825 42158.7
0.02826 42153.6
0.02827 42148.5
0.02828 42143.3
0.02829 42138.2
0.02830 42133.1
0.02831 42128.0
0.02832 42122.9
0.02833 42117.8
0.02834 42112.6
0.02835 42107.5
0.02836 42102.4
0.02837 42097.3
0.02838 42092.2
0.02839 42087.1
0.02840 42082.0
0.02841 42076.9
0.02842 42071.8
0.02843 42066.7
0.02844 42061.6
0.02845 42056.5
0.02846 42051.4
0.02847 42046.3
0.02848 42041.3
0.02849 42036.2
0.02850 42031.1
0.02851 42026.0
0.02852 42020.9
0.02853 42015.9
0.02854 42010.8
0.02855 42005.7
0.02856 42000.7
0.02857 41995.6
0.02858 41990.5
0.02859 41985.5
0.02860 41980.4
0.02861 41975.4
0.02862 41970.3
0.02863 41965.3
0.02864 41960.2
0.02865 41955.2
0.02866 41950.1
0.02867 41945.1
0.02868 41940.0
0.02869 41935.0
0.02870 41930.0
0.02871 41925.0
0.02872 41919.9
0.02873 41914.9
0.02874 41909.9
0.02875 41904.9
0.02876 41899.9
0.02877 41894.8
0.02878 41889.8
0.02879 41884.8
0.02880 41879.8
0.02881 41874.8
0.02882 41869.8
0.02883 41864.8
0.02884 41859.8
0.02885 41854.9
0.02886 41849.9
0.02887 41844.9
0.02888 41839.9
0.02889 41834.9
0.02890 41830.0
0.02891 41825.0
0.02892 41820.0
0.02893 41815.1
0.02894 41810.1
0.02895 41805.2
0.02896 41800.2
0.02897 41795.3
0.02898 41790.3
0.02899 41785.4
0.02900 41780.4
0.02901 41775.5
0.02902 41770.6
0.02903 41765.6
0.02904 41760.7
0.02905 41755.8
0.02906 41750.9
0.02907 41746.0
0.02908 41741.0
0.02909 41736.1
0.02910 41731.2
0.02911 41726.3
0.02912 41721.4
0.02913 41716.5
0.02914 41711.7
0.02915 41706.8
0.02916 41701.9
0.02917 41697.0
0.02918 41692.1
0.02919 41687.3
0.02920 41682.4
0.02921 41677.5
0.02922 41672.7
0.02923 41667.8
0.02924 41663.0
0.02925 41658.1
0.02926 41653.3
0.02927 41648.5
0.02928 41643.6
0.02929 41638.8
0.02930 41634.0
0.02931 41629.1
0.02932 41624.3
0.02933 41619.5
0.02934 41614.7
0.02935 41609.9
0.02936 41605.1
0.02937 41600.3
0.02938 41595.5
0.02939 41590.7
0.02940 41585.9
0.02941 41581.1
0.02942 41576.4
0.02943 41571.6
0.02944 41566.8
0.02945 41562.1
0.02946 41557.3
0.02947 41552.5
0.02948 41547.8
0.02949 41543.0
0.02950 41538.3
0.02951 41533.6
0.02952 41528.8
0.02953 41524.1
0.02954 41519.4
0.02955 41514.6
0.02956 41509.9
0.02957 41505.2
0.02958 41500.5
0.02959 41495.8
0.02960 41491.1
0.02961 41486.4
0.02962 41481.7
0.02963 41477.0
0.02964 41472.4
0.02965 41467.7
0.02966 41463.0
0.02967 41458.3
0.02968 41453.7
0.02969 41449.0
0.02970 41444.4
0.02971 41439.7
0.02972 41435.1
0.02973 41430.4
0.02974 41425.8
0.02975 41421.2
0.02976 41416.5
0.02977 41411.9
0.02978 41407.3
0.02979 41402.7
0.02980 41398.1
0.02981 41393.5
0.02982 41388.9
0.02983 41384.3
0.02984 41379.7
0.02985 41375.1
0.02986 41370.5
0.02987 41366.0
0.02988 41361.4
0.02989 41356.8
0.02990 41352.3
0.02991 41347.7
0.02992 41343.2
0.02993 41338.6
0.02994 41334.1
0.02995 41329.5
0.02996 41325.0
0.02997 41320.5
0.02998 41316.0
0.02999 41311.4
0.03000 41306.9
0.03001 41302.4
0.03002 41297.9
0.03003 41293.4
0.03004 41288.9
0.03005 41284.5
0.03006 41280.0
0.03007 41275.5
0.03008 41271.0
0.03009 41266.6
0.03010 41262.1
0.03011 41257.6
0.03012 41253.2
0.03013 41248.7
0.03014 41244.3
0.03015 41239.9
0.03016 41235.4
0.03017 41231.0
0.03018 41226.6
0.03019 41222.2
0.03020 41217.8
0.03021 41213.4
0.03022 41209.0
0.03023 41204.6
0.03024 41200.2
0.03025 41195.8
0.03026 41191.4
0.03027 41187.0
0.03028 41182.7
0.03029 41178.3
0.03030 41173.9
0.03031 41169.6
0.03032 41165.2
0.03033 41160.9
0.03034 41156.5
0.03035 41152.2
0.03036 41147.9
0.03037 41143.6
0.03038 41139.2
0.03039 41134.9
0.03040 41130.6
0.03041 41126.3
0.03042 41122.0
0.03043 41117.7
0.03044 41113.4
0.03045 41109.2
0.03046 41104.9
0.03047 41100.6
0.03048 41096.3
0.03049 41092.1
0.03050 41087.8
0.03051 41083.6
0.03052 41079.3
0.03053 41075.1
0.03054 41070.9
0.03055 41066.6
0.03056 41062.4
0.03057 41058.2
0.03058 41054.0
0.03059 41049.8
0.03060 41045.6
0.03061 41041.4
0.03062 41037.2
0.03063 41033.0
0.03064 41028.8
0.03065 41024.6
0.03066 41020.5
0.03067 41016.3
0.03068 41012.1
0.03069 41008.0
0.03070 41003.8
0.03071 40999.7
0.03072 40995.5
0.03073 40991.4
0.03074 40987.3
0.03075 40983.2
0.03076 40979.0
0.03077 40974.9
0.03078 40970.8
0.03079 40966.7
0.03080 40962.6
0.03081 40958.5
0.03082 40954.5
0.03083 40950.4
0.03084 40946.3
0.03085 40942.2
0.03086 40938.2
0.03087 40934.1
0.03088 40930.1
0.03089 40926.0
0.03090 40922.0
0.03091 40917.9
0.03092 40913.9
0.03093 40909.9
0.03094 40905.9
0.03095 40901.9
0.03096 40897.8
0.03097 40893.8
0.03098 40889.8
0.03099 40885.9
0.03100 40881.9
0.03101 40877.9
0.03102 40873.9
0.03103 40869.9
0.03104 40866.0
0.03105 40862.0
0.03106 40858.1
0.03107 40854.1
0.03108 40850.2
0.03109 40846.2
0.03110 40842.3
0.03111 40838.4
0.03112 40834.4
0.03113 40830.5
0.03114 40826.6
0.03115 40822.7
0.03116 40818.8
0.03117 40814.9
0.03118 40811.0
0.03119 40807.2
0.03120 40803.3
0.03121 40799.4
0.03122 40795.5
0.03123 40791.7
0.03124 40787.8
0.03125 40784.0
0.03126 40780.1
0.03127 40776.3
0.03128 40772.4
0.03129 40768.6
0.03130 40764.8
0.03131 40761.0
0.03132 40757.2
0.03133 40753.4
0.03134 40749.6
0.03135 40745.8
0.03136 40742.0
0.03137 40738.2
0.03138 40734.4
0.03139 40730.6
0.03140 40726.9
0.03141 40723.1
0.03142 40719.3
0.03143 40715.6
0.03144 40711.8
0.03145 40708.1
0.03146 40704.4
0.03147 40700.6
0.03148 40696.9
0.03149 40693.2
0.03150 40689.5
0.03151 40685.8
0.03152 40682.1
0.03153 40678.4
0.03154 40674.7
0.03155 40671.0
0.03156 40667.3
0.03157 40663.6
0.03158 40660.0
0.03159 40656.3
0.03160 40652.6
0.03161 40649.0
0.03162 40645.3
0.03163 40641.7
0.03164 40638.1
0.03165 40634.4
0.03166 40630.8
0.03167 40627.2
0.03168 40623.6
0.03169 40620.0
0.03170 40616.4
0.03171 40612.8
0.03172 40609.2
0.03173 40605.6
0.03174 40602.0
0.03175 40598.4
0.03176 40594.8
0.03177 40591.3
0.03178 40587.7
0.03179 40584.2
0.03180 40580.6
0.03181 40577.1
0.03182 40573.5
0.03183 40570.0
0.03184 40566.5
0.03185 40562.9
0.03186 40559.4
0.03187 40555.9
0.03188 40552.4
0.03189 40548.9
0.03190 40545.4
0.03191 40541.9
0.03192 40538.4
0.03193 40534.9
0.03194 40531.5
0.03195 40528.0
0.03196 40524.5
0.03197 40521.1
0.03198 40517.6
0.03199 40514.2
0.03200 40510.7
0.03201 40507.3
0.03202 40503.9
0.03203 40500.4
0.03204 40497.0
0.03205 40493.6
0.03206 40490.2
0.03207 40486.8
0.03208 40483.4
0.03209 40480.0
0.03210 40476.6
0.03211 40473.2
0.03212 40469.8
0.03213 40466.5
0.03214 40463.1
0.03215 40459.7
0.03216 40456.4
0.03217 40453.0
0.03218 40449.7
0.03219 40446.3
0.03220 40443.0
0.03221 40439.7
0.03222 40436.4
0.03223 40433.0
0.03224 40429.7
0.03225 40426.4
0.03226 40423.1
0.03227 40419.8
0.03228 40416.5
0.03229 40413.2
0.03230 40409.9
0.03231 40406.7
0.03232 40403.4
0.03233 40400.1
0.03234 40396.9
0.03235 40393.6
0.03236 40390.4
0.03237 40387.1
0.03238 40383.9
0.03239 40380.6
0.03240 40377.4
0.03241 40374.2
0.03242 40371.0
0.03243 40367.7
0.03244 40364.5
0.03245 40361.3
0.03246 40358.1
0.03247 40354.9
0.03248 40351.8
0.03249 40348.6
0.03250 40345.4
0.03251 40342.2
0.03252 40339.1
0.03253 40335.9
0.03254 40332.7
0.03255 40329.6
0.03256 40326.4
0.03257 40323.3
0.03258 40320.2
0.03259 40317.0
0.03260 40313.9
0.03261 40310.8
0.03262 40307.7
0.03263 40304.5
0.03264 40301.4
0.03265 40298.3
0.03266 40295.2
0.03267 40292.2
0.03268 40289.1
0.03269 40286.0
0.03270 40282.9
0.03271 40279.8
0.03272 40276.8
0.03273 40273.7
0.03274 40270.7
0.03275 40267.6
0.03276 40264.6
0.03277 40261.5
0.03278 40258.5
0.03279 40255.5
0.03280 40252.4
0.03281 40249.4
0.03282 40246.4
0.03283 40243.4
0.03284 40240.4
0.03285 40237.4
0.03286 40234.4
0.03287 40231.4
0.03288 40228.4
0.03289 40225.5
0.03290 40222.5
0.03291 40219.5
0.03292 40216.6
0.03293 40213.6
0.03294 40210.6
0.03295 40207.7
0.03296 40204.8
0.03297 40201.8
0.03298 40198.9
0.03299 40196.0
0.03300 40193.0
0.03301 40190.1
0.03302 40187.2
0.03303 40184.3
0.03304 40181.4
0.03305 40178.5
0.03306 40175.6
0.03307 40172.7
0.03308 40169.8
0.03309 40166.9
0.03310 40164.1
0.03311 40161.2
0.03312 40158.3
0.03313 40155.5
0.03314 40152.6
0.03315 40149.8
0.03316 40146.9
0.03317 40144.1
0.03318 40141.2
0.03319 40138.4
0.03320 40135.6
0.03321 40132.8
0.03322 40130.0
0.03323 40127.1
0.03324 40124.3
0.03325 40121.5
0.03326 40118.7
0.03327 40115.9
0.03328 40113.2
0.03329 40110.4
0.03330 40107.6
0.03331 40104.8
0.03332 40102.1
0.03333 40099.3
0.03334 40096.5
0.03335 40093.8
0.03336 40091.0
0.03337 40088.3
0.03338 40085.6
0.03339 40082.8
0.03340 40080.1
0.03341 40077.4
0.03342 40074.7
0.03343 40071.9
0.03344 40069.2
0.03345 40066.5
0.03346 40063.8
0.03347 40061.1
0.03348 40058.4
0.03349 40055.7
0.03350 40053.1
0.03351 40050.4
0.03352 40047.7
0.03353 40045.0
0.03354 40042.4
0.03355 40039.7
0.03356 40037.1
0.03357 40034.4
0.03358 40031.8
0.03359 40029.1
0.03360 40026.5
0.03361 40023.9
0.03362 40021.2
0.03363 40018.6
0.03364 40016.0
0.03365 40013.4
0.03366 40010.8
0.03367 40008.2
0.03368 40005.6
0.03369 40003.0
0.03370 40000.4
0.03371 39997.8
0.03372 39995.2
0.03373 39992.7
0.03374 39990.1
0.03375 39987.5
0.03376 39985.0
0.03377 39982.4
0.03378 39979.9
0.03379 39977.3
0.03380 39974.8
0.03381 39972.2
0.03382 39969.7
0.03383 39967.2
0.03384 39964.6
0.03385 39962.1
0.03386 39959.6
0.03387 39957.1
0.03388 39954.6
0.03389 39952.1
0.03390 39949.6
0.03391 39947.1
0.03392 39944.6
0.03393 39942.1
0.03394 39939.6
0.03395 39937.1
0.03396 39934.7
0.03397 39932.2
0.03398 39929.7
0.03399 39927.3
0.03400 39924.8
0.03401 39922.4
0.03402 39919.9
0.03403 39917.5
0.03404 39915.1
0.03405 39912.6
0.03406 39910.2
0.03407 39907.8
0.03408 39905.4
0.03409 39902.9
0.03410 39900.5
0.03411 39898.1
0.03412 39895.7
0.03413 39893.3
0.03414 39890.9
0.03415 39888.5
0.03416 39886.2
0.03417 39883.8
0.03418 39881.4
0.03419 39879.0
0.03420 39876.7
0.03421 39874.3
0.03422 39871.9
0.03423 39869.6
0.03424 39867.2
0.03425 39864.9
0.03426 39862.6
0.03427 39860.2
0.03428 39857.9
0.03429 39855.6
0.03430 39853.2
0.03431 39850.9
0.03432 39848.6
0.03433 39846.3
0.03434 39844.0
0.03435 39841.7
0.03436 39839.4
0.03437 39837.1
0.03438 39834.8
0.03439 39832.5
0.03440 39830.2
0.03441 39827.9
0.03442 39825.7
0.03443 39823.4
0.03444 39821.1
0.03445 39818.9
0.03446 39816.6
0.03447 39814.3
0.03448 39812.1
0.03449 39809.9
0.03450 39807.6
0.03451 39805.4
0.03452 39803.1
0.03453 39800.9
0.03454 39798.7
0.03455 39796.5
0.03456 39794.2
0.03457 39792.0
0.03458 39789.8
0.03459 39787.6
0.03460 39785.4
0.03461 39783.2
0.03462 39781.0
0.03463 39778.8
0.03464 39776.7
0.03465 39774.5
0.03466 39772.3
0.03467 39770.1
0.03468 39768.0
0.03469 39765.8
0.03470 39763.6
0.03471 39761.5
0.03472 39759.3
0.03473 39757.2
0.03474 39755.0
0.03475 39752.9
0.03476 39750.8
0.03477 39748.6
0.03478 39746.5
0.03479 39744.4
0.03480 39742.2
0.03481 39740.1
0.03482 39738.0
0.03483 39735.9
0.03484 39733.8
0.03485 39731.7
0.03486 39729.6
0.03487 39727.5
0.03488 39725.4
0.03489 39723.3
0.03490 39721.2
0.03491 39719.2
0.03492 39717.1
0.03493 39715.0
0.03494 39713.0
0.03495 39710.9
0.03496 39708.8
0.03497 39706.8
0.03498 39704.7
0.03499 39702.7
0.03500 39700.6
0.03501 39698.6
0.03502 39696.6
0.03503 39694.5
0.03504 39692.5
0.03505 39690.5
0.03506 39688.5
0.03507 39686.4
0.03508 39684.4
0.03509 39682.4
0.03510 39680.4
0.03511 39678.4
0.03512 39676.4
0.03513 39674.4
0.03514 39672.4
0.03515 39670.4
0.03516 39668.5
0.03517 39666.5
0.03518 39664.5
0.03519 39662.5
0.03520 39660.6
0.03521 39658.6
0.03522 39656.6
0.03523 39654.7
0.03524 39652.7
0.03525 39650.8
0.03526 39648.8
0.03527 39646.9
0.03528 39644.9
0.03529 39643.0
0.03530 39641.1
0.03531 39639.1
0.03532 39637.2
0.03533 39635.3
0.03534 39633.4
0.03535 39631.5
0.03536 39629.5
0.03537 39627.6
0.03538 39625.7
0.03539 39623.8
0.03540 39621.9
0.03541 39620.0
0.03542 39618.2
0.03543 39616.3
0.03544 39614.4
0.03545 39612.5
0.03546 39610.6
0.03547 39608.8
0.03548 39606.9
0.03549 39605.0
0.03550 39603.2
0.03551 39601.3
0.03552 39599.5
0.03553 39597.6
0.03554 39595.8
0.03555 39593.9
0.03556 39592.1
0.03557 39590.2
0.03558 39588.4
0.03559 39586.6
0.03560 39584.7
0.03561 39582.9
0.03562 39581.1
0.03563 39579.3
0.03564 39577.5
0.03565 39575.7
0.03566 39573.9
0.03567 39572.1
0.03568 39570.3
0.03569 39568.5
0.03570 39566.7
0.03571 39564.9
0.03572 39563.1
0.03573 39561.3
0.03574 39559.5
0.03575 39557.8
0.03576 39556.0
0.03577 39554.2
0.03578 39552.5
0.03579 39550.7
0.03580 39548.9
0.03581 39547.2
0.03582 39545.4
0.03583 39543.7
0.03584 39541.9
0.03585 39540.2
0.03586 39538.5
0.03587 39536.7
0.03588 39535.0
0.03589 39533.3
0.03590 39531.5
0.03591 39529.8
0.03592 39528.1
0.03593 39526.4
0.03594 39524.7
0.03595 39523.0
0.03596 39521.2
0.03597 39519.5
0.03598 39517.8
0.03599 39516.1
0.03600 39514.5
0.03601 39512.8
0.03602 39511.1
0.03603 39509.4
0.03604 39507.7
0.03605 39506.0
0.03606 39504.4
0.03607 39502.7
0.03608 39501.0
0.03609 39499.4
0.03610 39497.7
0.03611 39496.0
0.03612 39494.4
0.03613 39492.7
0.03614 39491.1
0.03615 39489.4
0.03616 39487.8
0.03617 39486.2
0.03618 39484.5
0.03619 39482.9
0.03620 39481.3
0.03621 39479.6
0.03622 39478.0
0.03623 39476.4
0.03624 39474.8
0.03625 39473.2
0.03626 39471.5
0.03627 39469.9
0.03628 39468.3
0.03629 39466.7
0.03630 39465.1
0.03631 39463.5
0.03632 39461.9
0.03633 39460.4
0.03634 39458.8
0.03635 39457.2
0.03636 39455.6
0.03637 39454.0
0.03638 39452.5
0.03639 39450.9
0.03640 39449.3
0.03641 39447.7
0.03642 39446.2
0.03643 39444.6
0.03644 39443.1
0.03645 39441.5
0.03646 39440.0
0.03647 39438.4
0.03648 39436.9
0.03649 39435.3
0.03650 39433.8
0.03651 39432.3
0.03652 39430.7
0.03653 39429.2
0.03654 39427.7
0.03655 39426.1
0.03656 39424.6
0.03657 39423.1
0.03658 39421.6
0.03659 39420.1
0.03660 39418.6
0.03661 39417.1
0.03662 39415.6
0.03663 39414.0
0.03664 39412.6
0.03665 39411.1
0.03666 39409.6
0.03667 39408.1
0.03668 39406.6
0.03669 39405.1
0.03670 39403.6
0.03671 39402.1
0.03672 39400.7
0.03673 39399.2
0.03674 39397.7
0.03675 39396.3
0.03676 39394.8
0.03677 39393.3
0.03678 39391.9
0.03679 39390.4
0.03680 39389.0
0.03681 39387.5
0.03682 39386.1
0.03683 39384.6
0.03684 39383.2
0.03685 39381.7
0.03686 39380.3
0.03687 39378.9
0.03688 39377.4
0.03689 39376.0
0.03690 39374.6
0.03691 39373.2
0.03692 39371.7
0.03693 39370.3
0.03694 39368.9
0.03695 39367.5
0.03696 39366.1
0.03697 39364.7
0.03698 39363.3
0.03699 39361.9
0.03700 39360.5
0.03701 39359.1
0.03702 39357.7
0.03703 39356.3
0.03704 39354.9
0.03705 39353.5
0.03706 39352.2
0.03707 39350.8
0.03708 39349.4
0.03709 39348.0
0.03710 39346.7
0.03711 39345.3
0.03712 39343.9
0.03713 39342.6
0.03714 39341.2
0.03715 39339.8
0.03716 39338.5
0.03717 39337.1
0.03718 39335.8
0.03719 39334.4
0.03720 39333.1
0.03721 39331.7
0.03722 39330.4
0.03723 39329.1
0.03724 39327.7
0.03725 39326.4
0.03726 39325.1
0.03727 39323.7
0.03728 39322.4
0.03729 39321.1
0.03730 39319.8
0.03731 39318.5
0.03732 39317.1
0.03733 39315.8
0.03734 39314.5
0.03735 39313.2
0.03736 39311.9
0.03737 39310.6
0.03738 39309.3
0.03739 39308.0
0.03740 39306.7
0.03741 39305.4
0.03742 39304.1
0.03743 39302.9
0.03744 39301.6
0.03745 39300.3
0.03746 39299.0
0.03747 39297.7
0.03748 39296.5
0.03749 39295.2
0.03750 39293.9
0.03751 39292.7
0.03752 39291.4
0.03753 39290.1
0.03754 39288.9
0.03755 39287.6
0.03756 39286.4
0.03757 39285.1
0.03758 39283.9
0.03759 39282.6
0.03760 39281.4
0.03761 39280.1
0.03762 39278.9
0.03763 39277.6
0.03764 39276.4
0.03765 39275.2
0.03766 39273.9
0.03767 39272.7
0.03768 39271.5
0.03769 39270.3
0.03770 39269.0
0.03771 39267.8
0.03772 39266.6
0.03773 39265.4
0.03774 39264.2
0.03775 39263.0
0.03776 39261.8
0.03777 39260.6
0.03778 39259.4
0.03779 39258.2
0.03780 39257.0
0.03781 39255.8
0.03782 39254.6
0.03783 39253.4
0.03784 39252.2
0.03785 39251.0
0.03786 39249.8
0.03787 39248.6
0.03788 39247.5
0.03789 39246.3
0.03790 39245.1
0.03791 39243.9
0.03792 39242.8
0.03793 39241.6
0.03794 39240.4
0.03795 39239.3
0.03796 39238.1
0.03797 39236.9
0.03798 39235.8
0.03799 39234.6
0.03800 39233.5
0.03801 39232.3
0.03802 39231.2
0.03803 39230.0
0.03804 39228.9
0.03805 39227.7
0.03806 39226.6
0.03807 39225.5
0.03808 39224.3
0.03809 39223.2
0.03810 39222.1
0.03811 39220.9
0.03812 39219.8
0.03813 39218.7
0.03814 39217.6
0.03815 39216.5
0.03816 39215.3
0.03817 39214.2
0.03818 39213.1
0.03819 39212.0
0.03820 39210.9
0.03821 39209.8
0.03822 39208.7
0.03823 39207.6
0.03824 39206.5
0.03825 39205.4
0.03826 39204.3
0.03827 39203.2
0.03828 39202.1
0.03829 39201.0
0.03830 39199.9
0.03831 39198.8
0.03832 39197.7
0.03833 39196.7
0.03834 39195.6
0.03835 39194.5
0.03836 39193.4
0.03837 39192.4
0.03838 39191.3
0.03839 39190.2
0.03840 39189.2
0.03841 39188.1
0.03842 39187.0
0.03843 39186.0
0.03844 39184.9
0.03845 39183.9
0.03846 39182.8
0.03847 39181.7
0.03848 39180.7
0.03849 39179.7
0.03850 39178.6
0.03851 39177.6
0.03852 39176.5
0.03853 39175.5
0.03854 39174.4
0.03855 39173.4
0.03856 39172.4
0.03857 39171.3
0.03858 39170.3
0.03859 39169.3
0.03860 39168.3
0.03861 39167.2
0.03862 39166.2
0.03863 39165.2
0.03864 39164.2
0.03865 39163.2
0.03866 39162.1
0.03867 39161.1
0.03868 39160.1
0.03869 39159.1
0.03870 39158.1
0.03871 39157.1
0.03872 39156.1
0.03873 39155.1
0.03874 39154.1
0.03875 39153.1
0.03876 39152.1
0.03877 39151.1
0.03878 39150.1
0.03879 39149.1
0.03880 39148.1
0.03881 39147.2
0.03882 39146.2
0.03883 39145.2
0.03884 39144.2
0.03885 39143.2
0.03886 39142.3
0.03887 39141.3
0.03888 39140.3
0.03889 39139.3
0.03890 39138.4
0.03891 39137.4
0.03892 39136.4
0.03893 39135.5
0.03894 39134.5
0.03895 39133.6
0.03896 39132.6
0.03897 39131.6
0.03898 39130.7
0.03899 39129.7
0.03900 39128.8
0.03901 39127.8
0.03902 39126.9
0.03903 39126.0
0.03904 39125.0
0.03905 39124.1
0.03906 39123.1
0.03907 39122.2
0.03908 39121.3
0.03909 39120.3
0.03910 39119.4
0.03911 39118.5
0.03912 39117.5
0.03913 39116.6
0.03914 39115.7
0.03915 39114.8
0.03916 39113.8
0.03917 39112.9
0.03918 39112.0
0.03919 39111.1
0.03920 39110.2
0.03921 39109.3
0.03922 39108.4
0.03923 39107.4
0.03924 39106.5
0.03925 39105.6
0.03926 39104.7
0.03927 39103.8
0.03928 39102.9
0.03929 39102.0
0.03930 39101.1
0.03931 39100.2
0.03932 39099.4
0.03933 39098.5
0.03934 39097.6
0.03935 39096.7
0.03936 39095.8
0.03937 39094.9
0.03938 39094.0
0.03939 39093.1
0.03940 39092.3
0.03941 39091.4
0.03942 39090.5
0.03943 39089.6
0.03944 39088.8
0.03945 39087.9
0.03946 39087.0
0.03947 39086.2
0.03948 39085.3
0.03949 39084.4
0.03950 39083.6
0.03951 39082.7
0.03952 39081.9
0.03953 39081.0
0.03954 39080.1
0.03955 39079.3
0.03956 39078.4
0.03957 39077.6
0.03958 39076.7
0.03959 39075.9
0.03960 39075.0
0.03961 39074.2
0.03962 39073.4
0.03963 39072.5
0.03964 39071.7
0.03965 39070.8
0.03966 39070.0
0.03967 39069.2
0.03968 39068.3
0.03969 39067.5
0.03970 39066.7
0.03971 39065.8
0.03972 39065.0
0.03973 39064.2
0.03974 39063.4
0.03975 39062.5
0.03976 39061.7
0.03977 39060.9
0.03978 39060.1
0.03979 39059.3
0.03980 39058.5
0.03981 39057.6
0.03982 39056.8
0.03983 39056.0
0.03984 39055.2
0.03985 39054.4
0.03986 39053.6
0.03987 39052.8
0.03988 39052.0
0.03989 39051.2
0.03990 39050.4
0.03991 39049.6
0.03992 39048.8
0.03993 39048.0
0.03994 39047.2
0.03995 39046.4
0.03996 39045.6
0.03997 39044.9
0.03998 39044.1
0.03999 39043.3
0.04000 38577.4
0.04001 38577.4
0.04002 38577.4
0.04003 38577.4
0.04004 38577.4
0.04005 38577.4
0.04006 38577.4
0.04007 38577.4
0.04008 38577.4
0.04009 38577.4
0.04010 38577.4
0.04011 38577.4
0.04012 38577.4
0.04013 38577.4
0.04014 38577.4
0.04015 38577.4
0.04016 38577.4
0.04017 38577.4
0.04018 38577.4
0.04019 38577.4
0.04020 38577.4
0.04021 38577.4
0.04022 38577.4
0.04023 38577.4
0.04024 38577.4
0.04025 38577.4
0.04026 38577.4
0.04027 38577.4
0.04028 38577.4
0.04029 38577.4
0.04030 38577.4
0.04031 38577.4
0.04032 38577.4
0.04033 38577.4
0.04034 38577.4
0.04035 38577.4
0.04036 38577.4
0.04037 38577.4
0.04038 38577.4
0.04039 38577.4
0.04040 38577.4
0.04041 38577.4
0.04042 38577.4
0.04043 38577.4
0.04044 38577.4
0.04045 38577.4
0.04046 38577.4
0.04047 38577.4
0.04048 38577.4
0.04049 38577.4
0.04050 38577.4
0.04051 38577.4
0.04052 38577.4
0.04053 38577.4
0.04054 38577.4
0.04055 38577.4
0.04056 38577.4
0.04057 38577.4
0.04058 38577.4
0.04059 38577.4
0.04060 38577.4
0.04061 38577.4
0.04062 38577.4
0.04063 38577.4
0.04064 38577.4
0.04065 38577.4
0.04066 38577.4
0.04067 38577.4
0.04068 38577.4
0.04069 38577.4
0.04070 38577.4
0.04071 38577.4
0.04072 38577.4
0.04073 38577.4
0.04074 38577.4
0.04075 38577.4
0.04076 38577.4
0.04077 38577.4
0.04078 38577.4
0.04079 38577.4
0.04080 38577.4
0.04081 38577.4
0.04082 38577.4
0.04083 38577.4
0.04084 38577.4
0.04085 38577.4
0.04086 38577.4
0.04087 38577.4
0.04088 38577.4
0.04089 38577.4
0.04090 38577.4
0.04091 38577.4
0.04092 38577.4
0.04093 38577.4
0.04094 38577.4
0.04095 38577.4
0.04096 38577.4
0.04097 38577.4
0.04098 38577.4
0.04099 38577.4
0.04100 38577.4
0.04101 37153.6
0.04102 35786.4
0.04103 34473.5
0.04104 33212.4
0.04105 32001.1
0.04106 30837.4
0.04107 29719.2
0.04108 28644.6
0.04109 27611.7
0.04110 26618.9
0.04111 25664.4
0.04112 24746.5
0.04113 23863.7
0.04114 23014.5
0.04115 22197.5
0.04116 21411.2
0.04117 20654.4
0.04118 19925.7
0.04119 19223.9
0.04120 18547.8
0.04121 17896.2
0.04122 17268.0
0.04123 16662.0
0.04124 16077.3
0.04125 15512.7
0.04126 14967.2
0.04127 14439.7
0.04128 13929.4
0.04129 13435.1
0.04130 12955.9
0.04131 12490.9
0.04132 12038.9
0.04133 11599.2
0.04134 11170.5
0.04135 10752.1
0.04136 10342.8
0.04137 9941.8
0.04138 9547.9
0.04139 9160.3
0.04140 8777.8
0.04141 8399.5
0.04142 8024.5
0.04143 7651.7
0.04144 7280.2
0.04145 6909.3
0.04146 6538.1
0.04147 6166.0
0.04148 5792.4
0.04149 5417.2
0.04150 5040.2
0.04151 4839.3
0.04152 4613.5
0.04153 4364.5
0.04154 4095.1
0.04155 3808.3
0.04156 3508.3
0.04157 3199.7
0.04158 2887.6
0.04159 2577.9
0.04160 2276.6
0.04161 1989.7
0.04162 1723.0
0.04163 1481.3
0.04164 1268.4
0.04165 1086.2
0.04166 935.0
0.04167 812.8
0.04168 716.6
0.04169 642.2
0.04170 585.3
0.04171 542.1
0.04172 509.2
0.04173 484.3
0.04174 465.3
0.04175 450.9
0.04176 440.1
0.04177 432.2
0.04178 426.7
0.04179 423.2
0.04180 421.3
0.04181 421.0
0.04182 421.9
0.04183 424.2
0.04184 427.6
0.04185 432.1
0.04186 437.7
0.04187 444.5
0.04188 452.3
0.04189 461.3
0.04190 471.4
0.04191 482.8
0.04192 495.5
0.04193 509.5
0.04194 524.9
0.04195 541.9
0.04196 560.5
0.04197 580.8
0.04198 603.0
0.04199 627.2
0.04200 653.4
0.04201 682.0
0.04202 713.0
0.04203 746.6
0.04204 783.0
0.04205 822.5
0.04206 865.1
0.04207 911.2
0.04208 961.0
0.04209 1014.7
0.04210 1072.5
0.04211 1134.8
0.04212 1201.9
0.04213 1273.9
0.04214 1351.2
0.04215 1434.0
0.04216 1522.7
0.04217 1617.6
0.04218 1718.9
0.04219 1826.9
0.04220 1941.8
0.04221 2064.1
0.04222 2193.8
0.04223 2331.2
0.04224 2476.6
0.04225 2630.2
0.04226 2792.1
0.04227 2962.4
0.04228 3141.3
0.04229 3329.0
0.04230 3525.5
0.04231 3730.8
0.04232 3944.9
0.04233 4168.0
0.04234 4399.9
0.04235 4640.6
0.04236 4890.1
0.04237 5148.2
0.04238 5414.9
0.04239 5690.0
0.04240 5973.5
0.04241 6265.1
0.04242 6564.8
0.04243 6872.3
0.04244 7187.5
0.04245 7510.2
0.04246 7840.2
0.04247 8177.4
0.04248 8521.6
0.04249 8872.5
0.04250 9230.0
0.04251 9593.9
0.04252 9964.0
0.04253 10340.2
0.04254 10722.1
0.04255 11109.7
0.04256 11502.7
0.04257 11900.8
0.04258 12304.0
0.04259 12712.0
0.04260 13124.5
0.04261 13541.3
0.04262 13962.2
0.04263 14386.8
0.04264 14815.0
0.04265 15246.4
0.04266 15680.8
0.04267 16117.8
0.04268 16557.1
0.04269 16998.4
0.04270 17441.4
0.04271 17885.6
0.04272 18330.8
0.04273 18776.5
0.04274 19222.4
0.04275 19668.0
0.04276 20113.1
0.04277 20557.2
0.04278 20999.9
0.04279 21440.9
0.04280 21879.8
0.04281 22316.2
0.04282 22749.7
0.04283 23180.0
0.04284 23606.8
0.04285 24029.7
0.04286 24448.5
0.04287 24862.8
0.04288 25272.4
0.04289 25677.0
0.04290 26076.5
0.04291 26470.5
0.04292 26858.9
0.04293 27241.5
0.04294 27618.2
0.04295 27988.8
0.04296 28353.2
0.04297 28711.3
0.04298 29063.1
0.04299 29408.5
0.04300 29747.4
0.04301 30079.8
0.04302 30405.7
0.04303 30725.0
0.04304 31037.9
0.04305 31344.3
0.04306 31644.2
0.04307 31937.7
0.04308 32224.9
0.04309 32505.7
0.04310 32780.3
0.04311 33048.7
0.04312 33311.1
0.04313 33567.4
0.04314 33817.8
0.04315 34062.3
0.04316 34301.1
0.04317 34534.3
0.04318 34761.9
0.04319 34984.1
0.04320 35200.8
0.04321 35412.4
0.04322 35618.8
0.04323 35820.1
0.04324 36016.6
0.04325 36208.1
0.04326 36395.0
0.04327 36577.2
0.04328 36754.8
0.04329 36928.0
0.04330 37096.9
0.04331 37261.6
0.04332 37422.1
0.04333 37578.6
0.04334 37731.2
0.04335 37879.9
0.04336 38024.8
0.04337 38166.1
0.04338 38303.8
0.04339 38438.0
0.04340 38568.8
0.04341 38696.2
0.04342 38820.5
0.04343 38941.5
0.04344 39059.5
0.04345 39174.5
0.04346 39286.6
0.04347 39395.8
0.04348 39502.2
0.04349 39606.0
0.04350 39707.1
0.04351 39805.6
0.04352 39901.6
0.04353 39995.2
0.04354 40086.4
0.04355 40175.2
0.04356 40261.8
0.04357 40346.3
0.04358 40428.6
0.04359 40508.7
0.04360 40586.9
0.04361 40663.1
0.04362 40737.3
0.04363 40809.7
0.04364 40880.3
0.04365 40949.0
0.04366 41016.1
0.04367 41081.4
0.04368 41145.1
0.04369 41207.2
0.04370 41267.7
0.04371 41326.7
0.04372 41384.2
0.04373 41440.3
0.04374 41495.0
0.04375 41548.3
0.04376 41600.3
0.04377 41650.9
0.04378 41700.3
0.04379 41748.5
0.04380 41795.5
0.04381 41841.2
0.04382 41885.9
0.04383 41929.4
0.04384 41971.9
0.04385 42013.2
0.04386 42053.6
0.04387 42093.0
0.04388 42131.3
0.04389 42168.7
0.04390 42205.2
0.04391 42240.8
0.04392 42275.5
0.04393 42309.3
0.04394 42342.3
0.04395 42374.5
0.04396 42405.9
0.04397 42436.5
0.04398 42466.3
0.04399 42495.4
0.04400 42523.8
0.04401 42551.4
0.04402 42578.4
0.04403 42604.7
0.04404 42630.3
0.04405 42655.4
0.04406 42679.7
0.04407 42703.5
0.04408 42726.7
0.04409 42749.3
0.04410 42771.3
0.04411 42792.8
0.04412 42813.8
0.04413 42834.2
0.04414 42854.1
0.04415 42873.5
0.04416 42892.4
0.04417 42910.8
0.04418 42928.8
0.04419 42946.3
0.04420 42963.4
0.04421 42980.0
0.04422 42996.2
0.04423 43012.0
0.04424 43027.4
0.04425 43042.3
0.04426 43056.9
0.04427 43071.2
0.04428 43085.0
0.04429 43098.5
0.04430 43111.6
0.04431 43124.4
0.04432 43136.9
0.04433 43149.0
0.04434 43160.8
0.04435 43172.3
0.04436 43183.4
0.04437 43194.3
0.04438 43204.9
0.04439 43215.2
0.04440 43225.2
0.04441 43234.9
0.04442 43244.3
0.04443 43253.5
0.04444 43262.5
0.04445 43271.1
0.04446 43279.6
0.04447 43287.8
0.04448 43295.7
0.04449 43303.4
0.04450 43310.9
0.04451 43318.2
0.04452 43325.3
0.04453 43332.1
0.04454 43338.7
0.04455 43345.1
0.04456 43351.4
0.04457 43357.4
0.04458 43363.2
0.04459 43368.9
0.04460 43374.3
0.04461 43379.6
0.04462 43384.7
0.04463 43389.7
0.04464 43394.4
0.04465 43399.0
0.04466 43403.4
0.04467 43407.7
0.04468 43411.8
0.04469 43415.8
0.04470 43419.6
0.04471 43423.3
0.04472 43426.8
0.04473 43430.2
0.04474 43433.4
0.04475 43436.5
0.04476 43439.4
0.04477 43442.3
0.04478 43445.0
0.04479 43447.6
0.04480 43450.0
0.04481 43452.3
0.04482 43454.6
0.04483 43456.7
0.04484 43458.6
0.04485 43460.5
0.04486 43462.3
0.04487 43463.9
0.04488 43465.4
0.04489 43466.9
0.04490 43468.2
0.04491 43469.4
0.04492 43470.6
0.04493 43471.6
0.04494 43472.6
0.04495 43473.4
0.04496 43474.2
0.04497 43474.8
0.04498 43475.4
0.04499 43475.9
0.04500 43476.3
0.04501 43476.6
0.04502 43476.8
0.04503 43477.0
0.04504 43477.0
0.04505 43477.0
0.04506 43477.0
0.04507 43476.8
0.04508 43476.6
0.04509 43476.2
0.04510 43475.9
0.04511 43475.4
0.04512 43474.9
0.04513 43474.3
0.04514 43473.6
0.04515 43472.9
0.04516 43472.1
0.04517 43471.3
0.04518 43470.3
0.04519 43469.4
0.04520 43468.3
0.04521 43467.2
0.04522 43466.1
0.04523 43464.8
0.04524 43463.6
0.04525 43462.2
0.04526 43460.8
0.04527 43459.4
0.04528 43457.9
0.04529 43456.4
0.04530 43454.8
0.04531 43453.1
0.04532 43451.4
0.04533 43449.6
0.04534 43447.8
0.04535 43446.0
0.04536 43444.1
0.04537 43442.2
0.04538 43440.2
0.04539 43438.1
0.04540 43436.0
0.04541 43433.9
0.04542 43431.8
0.04543 43429.5
0.04544 43427.3
0.04545 43425.0
0.04546 43422.7
0.04547 43420.3
0.04548 43417.9
0.04549 43415.4
0.04550 43412.9
0.04551 43410.4
0.04552 43407.8
0.04553 43405.2
0.04554 43402.6
0.04555 43399.9
0.04556 43397.2
0.04557 43394.5
0.04558 43391.7
0.04559 43388.9
0.04560 43386.0
0.04561 43383.2
0.04562 43380.2
0.04563 43377.3
0.04564 43374.3
0.04565 43371.3
0.04566 43368.3
0.04567 43365.2
0.04568 43362.1
0.04569 43359.0
0.04570 43355.8
0.04571 43352.7
0.04572 43349.5
0.04573 43346.2
0.04574 43343.0
0.04575 43339.7
0.04576 43336.3
0.04577 43333.0
0.04578 43329.6
0.04579 43326.2
0.04580 43322.8
0.04581 43319.4
0.04582 43315.9
0.04583 43312.4
0.04584 43308.9
0.04585 43305.3
0.04586 43301.8
0.04587 43298.2
0.04588 43294.6
0.04589 43290.9
0.04590 43287.3
0.04591 43283.6
0.04592 43279.9
0.04593 43276.2
0.04594 43272.4
0.04595 43268.7
0.04596 43264.9
0.04597 43261.1
0.04598 43257.3
0.04599 43253.4
0.04600 43249.6
0.04601 43245.7
0.04602 43241.8
0.04603 43237.9
0.04604 43233.9
0.04605 43230.0
0.04606 43226.0
0.04607 43222.0
0.04608 43218.0
0.04609 43214.0
0.04610 43209.9
0.04611 43205.9
0.04612 43201.8
0.04613 43197.7
0.04614 43193.6
0.04615 43189.5
0.04616 43185.3
0.04617 43181.2
0.04618 43177.0
0.04619 43172.8
0.04620 43168.6
0.04621 43164.4
0.04622 43160.2
0.04623 43155.9
0.04624 43151.7
0.04625 43147.4
0.04626 43143.1
0.04627 43138.8
0.04628 43134.5
0.04629 43130.1
0.04630 43125.8
0.04631 43121.4
0.04632 43117.1
0.04633 43112.7
0.04634 43108.3
0.04635 43103.9
0.04636 43099.5
0.04637 43095.0
0.04638 43090.6
0.04639 43086.1
0.04640 43081.7
0.04641 43077.2
0.04642 43072.7
0.04643 43068.2
0.04644 43063.7
0.04645 43059.2
0.04646 43054.6
0.04647 43050.1
0.04648 43045.5
0.04649 43041.0
0.04650 43036.4
0.04651 43031.8
0.04652 43027.2
0.04653 43022.6
0.04654 43018.0
0.04655 43013.4
0.04656 43008.7
0.04657 43004.1
0.04658 42999.4
0.04659 42994.8
0.04660 42990.1
0.04661 42985.4
0.04662 42980.7
0.04663 42976.0
0.04664 42971.3
0.04665 42966.6
0.04666 42961.9
0.04667 42957.1
0.04668 42952.4
0.04669 42947.7
0.04670 42942.9
0.04671 42938.1
0.04672 42933.4
0.04673 42928.6
0.04674 42923.8
0.04675 42919.0
0.04676 42914.2
0.04677 42909.4
0.04678 42904.6
0.04679 42899.8
0.04680 42894.9
0.04681 42890.1
0.04682 42885.2
0.04683 42880.4
0.04684 42875.5
0.04685 42870.7
0.04686 42865.8
0.04687 42860.9
0.04688 42856.0
0.04689 42851.1
0.04690 42846.3
0.04691 42841.4
0.04692 42836.4
0.04693 42831.5
0.04694 42826.6
0.04695 42821.7
0.04696 42816.8
0.04697 42811.8
0.04698 42806.9
0.04699 42801.9
0.04700 42797.0
0.04701 42792.0
0.04702 42787.1
0.04703 42782.1
0.04704 42777.1
0.04705 42772.2
0.04706 42767.2
0.04707 42762.2
0.04708 42757.2
0.04709 42752.2
0.04710 42747.2
0.04711 42742.2
0.04712 42737.2
0.04713 42732.2
0.04714 42727.2
0.04715 42722.2
0.04716 42717.1
0.04717 42712.1
0.04718 42707.1
0.04719 42702.0
0.04720 42697.0
0.04721 42692.0
0.04722 42686.9
0.04723 42681.9
0.04724 42676.8
0.04725 42671.8
0.04726 42666.7
0.04727 42661.6
0.04728 42656.6
0.04729 42651.5
0.04730 42646.4
0.04731 42641.4
0.04732 42636.3
0.04733 42631.2
0.04734 42626.1
0.04735 42621.0
0.04736 42615.9
0.04737 42610.9
0.04738 42605.8
0.04739 42600.7
0.04740 42595.6
0.04741 42590.5
0.04742 42585.4
0.04743 42580.3
0.04744 42575.1
0.04745 42570.0
0.04746 42564.9
0.04747 42559.8
0.04748 42554.7
0.04749 42549.6
0.04750 42544.5
0.04751 42539.3
0.04752 42534.2
0.04753 42529.1
0.04754 42524.0
0.04755 42518.8
0.04756 42513.7
0.04757 42508.6
0.04758 42503.4
0.04759 42498.3
0.04760 42493.2
0.04761 42488.0
0.04762 42482.9
0.04763 42477.8
0.04764 42472.6
0.04765 42467.5
0.04766 42462.3
0.04767 42457.2
0.04768 42452.0
0.04769 42446.9
0.04770 42441.8
0.04771 42436.6
0.04772 42431.5
0.04773 42426.3
0.04774 42421.2
0.04775 42416.0
0.04776 42410.9
0.04777 42405.7
0.04778 42400.6
0.04779 42395.4
0.04780 42390.3
0.04781 42385.1
0.04782 42379.9
0.04783 42374.8
0.04784 42369.6
0.04785 42364.5
0.04786 42359.3
0.04787 42354.2
0.04788 42349.0
0.04789 42343.9
0.04790 42338.7
0.04791 42333.6
0.04792 42328.4
0.04793 42323.3
0.04794 42318.1
0.04795 42313.0
0.04796 42307.8
0.04797 42302.7
0.04798 42297.5
0.04799 42292.4
0.04800 42287.2
0.04801 42282.1
0.04802 42276.9
0.04803 42271.8
0.04804 42266.6
0.04805 42261.5
0.04806 42256.3
0.04807 42251.2
0.04808 42246.0
0.04809 42240.9
0.04810 42235.7
0.04811 42230.6
0.04812 42225.4
0.04813 42220.3
0.04814 42215.2
0.04815 42210.0
0.04816 42204.9
0.04817 42199.8
0.04818 42194.6
0.04819 42189.5
0.04820 42184.4
0.04821 42179.2
0.04822 42174.1
0.04823 42169.0
0.04824 42163.8
0.04825 42158.7
0.04826 42153.6
0.04827 42148.5
0.04828 42143.3
0.04829 42138.2
0.04830 42133.1
0.04831 42128.0
0.04832 42122.9
0.04833 42117.8
0.04834 42112.6
0.04835 42107.5
0.04836 42102.4
0.04837 42097.3
0.04838 42092.2
0.04839 42087.1
0.04840 42082.0
0.04841 42076.9
0.04842 42071.8
0.04843 42066.7
0.04844 42061.6
0.04845 42056.5
0.04846 42051.4
0.04847 42046.3
0.04848 42041.3
0.04849 42036.2
0.04850 42031.1
0.04851 42026.0
0.04852 42020.9
0.04853 42015.9
0.04854 42010.8
0.04855 42005.7
0.04856 42000.7
0.04857 41995.6
0.04858 41990.5
0.04859 41985.5
0.04860 41980.4
0.04861 41975.4
0.04862 41970.3
0.04863 41965.3
0.04864 41960.2
0.04865 41955.2
0.04866 41950.1
0.04867 41945.1
0.04868 41940.0
0.04869 41935.0
0.04870 41930.0
0.04871 41925.0
0.04872 41919.9
0.04873 41914.9
0.04874 41909.9
0.04875 41904.9
0.04876 41899.9
0.04877 41894.8
0.04878 41889.8
0.04879 41884.8
0.04880 41879.8
0.04881 41874.8
0.04882 41869.8
0.04883 41864.8
0.04884 41859.8
0.04885 41854.9
0.04886 41849.9
0.04887 41844.9
0.04888 41839.9
0.04889 41834.9
0.04890 41830.0
0.04891 41825.0
0.04892 41820.0
0.04893 41815.1
0.04894 41810.1
0.04895 41805.2
0.04896 41800.2
0.04897 41795.3
0.04898 41790.3
0.04899 41785.4
0.04900 41780.4
0.04901 41775.5
0.04902 41770.6
0.04903 41765.6
0.04904 41760.7
0.04905 41755.8
0.04906 41750.9
0.04907 41746.0
0.04908 41741.0
0.04909 41736.1
0.04910 41731.2
0.04911 41726.3
0.04912 41721.4
0.04913 41716.5
0.04914 41711.7
0.04915 41706.8
0.04916 41701.9
0.04917 41697.0
0.04918 41692.1
0.04919 41687.3
0.04920 41682.4
0.04921 41677.5
0.04922 41672.7
0.04923 41667.8
0.04924 41663.0
0.04925 41658.1
0.04926 41653.3
0.04927 41648.5
0.04928 41643.6
0.04929 41638.8
0.04930 41634.0
0.04931 41629.1
0.04932 41624.3
0.04933 41619.5
0.04934 41614.7
0.04935 41609.9
0.04936 41605.1
0.04937 41600.3
0.04938 41595.5
0.04939 41590.7
0.04940 41585.9
0.04941 41581.1
0.04942 41576.4
0.04943 41571.6
0.04944 41566.8
0.04945 41562.1
0.04946 41557.3
0.04947 41552.5
0.04948 41547.8
0.04949 41543.0
0.04950 41538.3
0.04951 41533.6
0.04952 41528.8
0.04953 41524.1
0.04954 41519.4
0.04955 41514.6
0.04956 41509.9
0.04957 41505.2
0.04958 41500.5
0.04959 41495.8
0.04960 41491.1
0.04961 41486.4
0.04962 41481.7
0.04963 41477.0
0.04964 41472.4
0.04965 41467.7
0.04966 41463.0
0.04967 41458.3
0.04968 41453.7
0.04969 41449.0
0.04970 41444.4
0.04971 41439.7
0.04972 41435.1
0.04973 41430.4
0.04974 41425.8
0.04975 41421.2
0.04976 41416.5
0.04977 41411.9
0.04978 41407.3
0.04979 41402.7
0.04980 41398.1
0.04981 41393.5
0.04982 41388.9
0.04983 41384.3
0.04984 41379.7
0.04985 41375.1
0.04986 41370.5
0.04987 41366.0
0.04988 41361.4
0.04989 41356.8
0.04990 41352.3
0.04991 41347.7
0.04992 41343.2
0.04993 41338.6
0.04994 41334.1
0.04995 41329.5
0.04996 41325.0
0.04997 41320.5
0.04998 41316.0
0.04999 41311.4
0.05000 41306.9
0.05001 41302.4
0.05002 41297.9
0.05003 41293.4
0.05004 41288.9
0.05005 41284.5
0.05006 41280.0
0.05007 41275.5
0.05008 41271.0
0.05009 41266.6
0.05010 41262.1
0.05011 41257.6
0.05012 41253.2
0.05013 41248.7
0.05014 41244.3
0.05015 41239.9
0.05016 41235.4
0.05017 41231.0
0.05018 41226.6
0.05019 41222.2
0.05020 41217.8
0.05021 41213.4
0.05022 41209.0
0.05023 41204.6
0.05024 41200.2
0.05025 41195.8
0.05026 41191.4
0.05027 41187.0
0.05028 41182.7
0.05029 41178.3
0.05030 41173.9
0.05031 41169.6
0.05032 41165.2
0.05033 41160.9
0.05034 41156.5
0.05035 41152.2
0.05036 41147.9
0.05037 41143.6
0.05038 41139.2
0.05039 41134.9
0.05040 41130.6
0.05041 41126.3
0.05042 41122.0
0.05043 41117.7
0.05044 41113.4
0.05045 41109.2
0.05046 41104.9
0.05047 41100.6
0.05048 41096.3
0.05049 41092.1
0.05050 41087.8
0.05051 41083.6
0.05052 41079.3
0.05053 41075.1
0.05054 41070.9
0.05055 41066.6
0.05056 41062.4
0.05057 41058.2
0.05058 41054.0
0.05059 41049.8
0.05060 41045.6
0.05061 41041.4
0.05062 41037.2
0.05063 41033.0
0.05064 41028.8
0.05065 41024.6
0.05066 41020.5
0.05067 41016.3
0.05068 41012.1
0.05069 41008.0
0.05070 41003.8
0.05071 40999.7
0.05072 40995.5
0.05073 40991.4
0.05074 40987.3
0.05075 40983.2
0.05076 40979.0
0.05077 40974.9
0.05078 40970.8
0.05079 40966.7
0.05080 40962.6
0.05081 40958.5
0.05082 40954.5
0.05083 40950.4
0.05084 40946.3
0.05085 40942.2
0.05086 40938.2
0.05087 40934.1
0.05088 40930.1
0.05089 40926.0
0.05090 40922.0
0.05091 40917.9
0.05092 40913.9
0.05093 40909.9
0.05094 40905.9
0.05095 40901.9
0.05096 40897.8
0.05097 40893.8
0.05098 40889.8
0.05099 40885.9
0.05100 40881.9
0.05101 40877.9
0.05102 40873.9
0.05103 40869.9
0.05104 40866.0
0.05105 40862.0
0.05106 40858.1
0.05107 40854.1
0.05108 40850.2
0.05109 40846.2
0.05110 40842.3
0.05111 40838.4
0.05112 40834.4
0.05113 40830.5
0.05114 40826.6
0.05115 40822.7
0.05116 40818.8
0.05117 40814.9
0.05118 40811.0
0.05119 40807.2
0.05120 40803.3
0.05121 40799.4
0.05122 40795.5
0.05123 40791.7
0.05124 40787.8
0.05125 40784.0
0.05126 40780.1
0.05127 40776.3
0.05128 40772.4
0.05129 40768.6
0.05130 40764.8
0.05131 40761.0
0.05132 40757.2
0.05133 40753.4
0.05134 40749.6
0.05135 40745.8
0.05136 40742.0
0.05137 40738.2
0.05138 40734.4
0.05139 40730.6
0.05140 40726.9
0.05141 40723.1
0.05142 40719.3
0.05143 40715.6
0.05144 40711.8
0.05145 40708.1
0.05146 40704.4
0.05147 40700.6
0.05148 40696.9
0.05149 40693.2
0.05150 40689.5
0.05151 40685.8
0.05152 40682.1
0.05153 40678.4
0.05154 40674.7
0.05155 40671.0
0.05156 40667.3
0.05157 40663.6
0.05158 40660.0
0.05159 40656.3
0.05160 40652.6
0.05161 40649.0
0.05162 40645.3
0.05163 40641.7
0.05164 40638.1
0.05165 40634.4
0.05166 40630.8
0.05167 40627.2
0.05168 40623.6
0.05169 40620.0
0.05170 40616.4
0.05171 40612.8
0.05172 40609.2
0.05173 40605.6
0.05174 40602.0
0.05175 40598.4
0.05176 40594.8
0.05177 40591.3
0.05178 40587.7
0.05179 40584.2
0.05180 40580.6
0.05181 40577.1
0.05182 40573.5
0.05183 40570.0
0.05184 40566.5
0.05185 40562.9
0.05186 40559.4
0.05187 40555.9
0.05188 40552.4
0.05189 40548.9
0.05190 40545.4
0.05191 40541.9
0.05192 40538.4
0.05193 40534.9
0.05194 40531.5
0.05195 40528.0
0.05196 40524.5
0.05197 40521.1
0.05198 40517.6
0.05199 40514.2
0.05200 40510.7
0.05201 40507.3
0.05202 40503.9
0.05203 40500.4
0.05204 40497.0
0.05205 40493.6
0.05206 40490.2
0.05207 40486.8
0.05208 40483.4
0.05209 40480.0
0.05210 40476.6
0.05211 40473.2
0.05212 40469.8
0.05213 40466.5
0.05214 40463.1
0.05215 40459.7
0.05216 40456.4
0.05217 40453.0
0.05218 40449.7
0.05219 40446.3
0.05220 40443.0
0.05221 40439.7
0.05222 40436.4
0.05223 40433.0
0.05224 40429.7
0.05225 40426.4
0.05226 40423.1
0.05227 40419.8
0.05228 40416.5
0.05229 40413.2
0.05230 40409.9
0.05231 40406.7
0.05232 40403.4
0.05233 40400.1
0.05234 40396.9
0.05235 40393.6
0.05236 40390.4
0.05237 40387.1
0.05238 40383.9
0.05239 40380.6
0.05240 40377.4
0.05241 40374.2
0.05242 40371.0
0.05243 40367.7
0.05244 40364.5
0.05245 40361.3
0.05246 40358.1
0.05247 40354.9
0.05248 40351.8
0.05249 40348.6
0.05250 40345.4
0.05251 40342.2
0.05252 40339.1
0.05253 40335.9
0.05254 40332.7
0.05255 40329.6
0.05256 40326.4
0.05257 40323.3
0.05258 40320.2
0.05259 40317.0
0.05260 40313.9
0.05261 40310.8
0.05262 40307.7
0.05263 40304.5
0.05264 40301.4
0.05265 40298.3
0.05266 40295.2
0.05267 40292.2
0.05268 40289.1
0.05269 40286.0
0.05270 40282.9
0.05271 40279.8
0.05272 40276.8
0.05273 40273.7
0.05274 40270.7
0.05275 40267.6
0.05276 40264.6
0.05277 40261.5
0.05278 40258.5
0.05279 40255.5
0.05280 40252.4
0.05281 40249.4
0.05282 40246.4
0.05283 40243.4
0.05284 40240.4
0.05285 40237.4
0.05286 40234.4
0.05287 40231.4
0.05288 40228.4
0.05289 40225.5
0.05290 40222.5
0.05291 40219.5
0.05292 40216.6
0.05293 40213.6
0.05294 40210.6
0.05295 40207.7
0.05296 40204.8
0.05297 40201.8
0.05298 40198.9
0.05299 40196.0
0.05300 40193.0
0.05301 40190.1
0.05302 40187.2
0.05303 40184.3
0.05304 40181.4
0.05305 40178.5
0.05306 40175.6
0.05307 40172.7
0.05308 40169.8
0.05309 40166.9
0.05310 40164.1
0.05311 40161.2
0.05312 40158.3
0.05313 40155.5
0.05314 40152.6
0.05315 40149.8
0.05316 40146.9
0.05317 40144.1
0.05318 40141.2
0.05319 40138.4
0.05320 40135.6
0.05321 40132.8
0.05322 40130.0
0.05323 40127.1
0.05324 40124.3
0.05325 40121.5
0.05326 40118.7
0.05327 40115.9
0.05328 40113.2
0.05329 40110.4
0.05330 40107.6
0.05331 40104.8
0.05332 40102.1
0.05333 40099.3
0.05334 40096.5
0.05335 40093.8
0.05336 40091.0
0.05337 40088.3
0.05338 40085.6
0.05339 40082.8
0.05340 40080.1
0.05341 40077.4
0.05342 40074.7
0.05343 40071.9
0.05344 40069.2
0.05345 40066.5
0.05346 40063.8
0.05347 40061.1
0.05348 40058.4
0.05349 40055.7
0.05350 40053.1
0.05351 40050.4
0.05352 40047.7
0.05353 40045.0
0.05354 40042.4
0.05355 40039.7
0.05356 40037.1
0.05357 40034.4
0.05358 40031.8
0.05359 40029.1
0.05360 40026.5
0.05361 40023.9
0.05362 40021.2
0.05363 40018.6
0.05364 40016.0
0.05365 40013.4
0.05366 40010.8
0.05367 40008.2
0.05368 40005.6
0.05369 40003.0
0.05370 40000.4
0.05371 39997.8
0.05372 39995.2
0.05373 39992.7
0.05374 39990.1
0.05375 39987.5
0.05376 39985.0
0.05377 39982.4
0.05378 39979.9
0.05379 39977.3
0.05380 39974.8
0.05381 39972.2
0.05382 39969.7
0.05383 39967.2
0.05384 39964.6
0.05385 39962.1
0.05386 39959.6
0.05387 39957.1
0.05388 39954.6
0.05389 39952.1
0.05390 39949.6
0.05391 39947.1
0.05392 39944.6
0.05393 39942.1
0.05394 39939.6
0.05395 39937.1
0.05396 39934.7
0.05397 39932.2
0.05398 39929.7
0.05399 39927.3
0.05400 39924.8
0.05401 39922.4
0.05402 39919.9
0.05403 39917.5
0.05404 39915.1
0.05405 39912.6
0.05406 39910.2
0.05407 39907.8
0.05408 39905.4
0.05409 39902.9
0.05410 39900.5
0.05411 39898.1
0.05412 39895.7
0.05413 39893.3
0.05414 39890.9
0.05415 39888.5
0.05416 39886.2
0.05417 39883.8
0.05418 39881.4
0.05419 39879.0
0.05420 39876.7
0.05421 39874.3
0.05422 39871.9
0.05423 39869.6
0.05424 39867.2
0.05425 39864.9
0.05426 39862.6
0.05427 39860.2
0.05428 39857.9
0.05429 39855.6
0.05430 39853.2
0.05431 39850.9
0.05432 39848.6
0.05433 39846.3
0.05434 39844.0
0.05435 39841.7
0.05436 39839.4
0.05437 39837.1
0.05438 39834.8
0.05439 39832.5
0.05440 39830.2
0.05441 39827.9
0.05442 39825.7
0.05443 39823.4
0.05444 39821.1
0.05445 39818.9
0.05446 39816.6
0.05447 39814.3
0.05448 39812.1
0.05449 39809.9
0.05450 39807.6
0.05451 39805.4
0.05452 39803.1
0.05453 39800.9
0.05454 39798.7
0.05455 39796.5
0.05456 39794.2
0.05457 39792.0
0.05458 39789.8
0.05459 39787.6
0.05460 39785.4
0.05461 39783.2
0.05462 39781.0
0.05463 39778.8
0.05464 39776.7
0.05465 39774.5
0.05466 39772.3
0.05467 39770.1
0.05468 39768.0
0.05469 39765.8
0.05470 39763.6
0.05471 39761.5
0.05472 39759.3
0.05473 39757.2
0.05474 39755.0
0.05475 39752.9
0.05476 39750.8
0.05477 39748.6
0.05478 39746.5
0.05479 39744.4
0.05480 39742.2
0.05481 39740.1
0.05482 39738.0
0.05483 39735.9
0.05484 39733.8
0.05485 39731.7
0.05486 39729.6
0.05487 39727.5
0.05488 39725.4
0.05489 39723.3
0.05490 39721.2
0.05491 39719.2
0.05492 39717.1
0.05493 39715.0
0.05494 39713.0
0.05495 39710.9
0.05496 39708.8
0.05497 39706.8
0.05498 39704.7
0.05499 39702.7
0.05500 39700.6
0.05501 39698.6
0.05502 39696.6
0.05503 39694.5
0.05504 39692.5
0.05505 39690.5
0.05506 39688.5
0.05507 39686.4
0.05508 39684.4
0.05509 39682.4
0.05510 39680.4
0.05511 39678.4
0.05512 39676.4
0.05513 39674.4
0.05514 39672.4
0.05515 39670.4
0.05516 39668.5
0.05517 39666.5
0.05518 39664.5
0.05519 39662.5
0.05520 39660.6
0.05521 39658.6
0.05522 39656.6
0.05523 39654.7
0.05524 39652.7
0.05525 39650.8
0.05526 39648.8
0.05527 39646.9
0.05528 39644.9
0.05529 39643.0
0.05530 39641.1
0.05531 39639.1
0.05532 39637.2
0.05533 39635.3
0.05534 39633.4
0.05535 39631.5
0.05536 39629.5
0.05537 39627.6
0.05538 39625.7
0.05539 39623.8
0.05540 39621.9
0.05541 39620.0
0.05542 39618.2
0.05543 39616.3
0.05544 39614.4
0.05545 39612.5
0.05546 39610.6
0.05547 39608.8
0.05548 39606.9
0.05549 39605.0
0.05550 39603.2
0.05551 39601.3
0.05552 39599.5
0.05553 39597.6
0.05554 39595.8
0.05555 39593.9
0.05556 39592.1
0.05557 39590.2
0.05558 39588.4
0.05559 39586.6
0.05560 39584.7
0.05561 39582.9
0.05562 39581.1
0.05563 39579.3
0.05564 39577.5
0.05565 39575.7
0.05566 39573.9
0.05567 39572.1
0.05568 39570.3
0.05569 39568.5
0.05570 39566.7
0.05571 39564.9
0.05572 39563.1
0.05573 39561.3
0.05574 39559.5
0.05575 39557.8
0.05576 39556.0
0.05577 39554.2
0.05578 39552.5
0.05579 39550.7
0.05580 39548.9
0.05581 39547.2
0.05582 39545.4
0.05583 39543.7
0.05584 39541.9
0.05585 39540.2
0.05586 39538.5
0.05587 39536.7
0.05588 39535.0
0.05589 39533.3
0.05590 39531.5
0.05591 39529.8
0.05592 39528.1
0.05593 39526.4
0.05594 39524.7
0.05595 39523.0
0.05596 39521.2
0.05597 39519.5
0.05598 39517.8
0.05599 39516.1
0.05600 39514.5
0.05601 39512.8
0.05602 39511.1
0.05603 39509.4
0.05604 39507.7
0.05605 39506.0
0.05606 39504.4
0.05607 39502.7
0.05608 39501.0
0.05609 39499.4
0.05610 39497.7
0.05611 39496.0
0.05612 39494.4
0.05613 39492.7
0.05614 39491.1
0.05615 39489.4
0.05616 39487.8
0.05617 39486.2
0.05618 39484.5
0.05619 39482.9
0.05620 39481.3
0.05621 39479.6
0.05622 39478.0
0.05623 39476.4
0.05624 39474.8
0.05625 39473.2
0.05626 39471.5
0.05627 39469.9
0.05628 39468.3
0.05629 39466.7
0.05630 39465.1
0.05631 39463.5
0.05632 39461.9
0.05633 39460.4
0.05634 39458.8
0.05635 39457.2
0.05636 39455.6
0.05637 39454.0
0.05638 39452.5
0.05639 39450.9
0.05640 39449.3
0.05641 39447.7
0.05642 39446.2
0.05643 39444.6
0.05644 39443.1
0.05645 39441.5
0.05646 39440.0
0.05647 39438.4
0.05648 39436.9
0.05649 39435.3
0.05650 39433.8
0.05651 39432.3
0.05652 39430.7
0.05653 39429.2
0.05654 39427.7
0.05655 39426.1
0.05656 39424.6
0.05657 39423.1
0.05658 39421.6
0.05659 39420.1
0.05660 39418.6
0.05661 39417.1
0.05662 39415.6
0.05663 39414.0
0.05664 39412.6
0.05665 39411.1
0.05666 39409.6
0.05667 39408.1
0.05668 39406.6
0.05669 39405.1
0.05670 39403.6
0.05671 39402.1
0.05672 39400.7
0.05673 39399.2
0.05674 39397.7
0.05675 39396.3
0.05676 39394.8
0.05677 39393.3
0.05678 39391.9
0.05679 39390.4
0.05680 39389.0
0.05681 39387.5
0.05682 39386.1
0.05683 39384.6
0.05684 39383.2
0.05685 39381.7
0.05686 39380.3
0.05687 39378.9
0.05688 39377.4
0.05689 39376.0
0.05690 39374.6
0.05691 39373.2
0.05692 39371.7
0.05693 39370.3
0.05694 39368.9
0.05695 39367.5
0.05696 39366.1
0.05697 39364.7
0.05698 39363.3
0.05699 39361.9
0.05700 39360.5
0.05701 39359.1
0.05702 39357.7
0.05703 39356.3
0.05704 39354.9
0.05705 39353.5
0.05706 39352.2
0.05707 39350.8
0.05708 39349.4
0.05709 39348.0
0.05710 39346.7
0.05711 39345.3
0.05712 39343.9
0.05713 39342.6
0.05714 39341.2
0.05715 39339.8
0.05716 39338.5
0.05717 39337.1
0.05718 39335.8
0.05719 39334.4
0.05720 39333.1
0.05721 39331.7
0.05722 39330.4
0.05723 39329.1
0.05724 39327.7
0.05725 39326.4
0.05726 39325.1
0.05727 39323.7
0.05728 39322.4
0.05729 39321.1
0.05730 39319.8
0.05731 39318.5
0.05732 39317.1
0.05733 39315.8
0.05734 39314.5
0.05735 39313.2
0.05736 39311.9
0.05737 39310.6
0.05738 39309.3
0.05739 39308.0
0.05740 39306.7
0.05741 39305.4
0.05742 39304.1
0.05743 39302.9
0.05744 39301.6
0.05745 39300.3
0.05746 39299.0
0.05747 39297.7
0.05748 39296.5
0.05749 39295.2
0.05750 39293.9
0.05751 39292.7
0.05752 39291.4
0.05753 39290.1
0.05754 39288.9
0.05755 39287.6
0.05756 39286.4
0.05757 39285.1
0.05758 39283.9
0.05759 39282.6
0.05760 39281.4
0.05761 39280.1
0.05762 39278.9
0.05763 39277.6
0.05764 39276.4
0.05765 39275.2
0.05766 39273.9
0.05767 39272.7
0.05768 39271.5
0.05769 39270.3
0.05770 39269.0
0.05771 39267.8
0.05772 39266.6
0.05773 39265.4
0.05774 39264.2
0.05775 39263.0
0.05776 39261.8
0.05777 39260.6
0.05778 39259.4
0.05779 39258.2
0.05780 39257.0
0.05781 39255.8
0.05782 39254.6
0.05783 39253.4
0.05784 39252.2
0.05785 39251.0
0.05786 39249.8
0.05787 39248.6
0.05788 39247.5
0.05789 39246.3
0.05790 39245.1
0.05791 39243.9
0.05792 39242.8
0.05793 39241.6
0.05794 39240.4
0.05795 39239.3
0.05796 39238.1
0.05797 39236.9
0.05798 39235.8
0.05799 39234.6
0.05800 39233.5
0.05801 39232.3
0.05802 39231.2
0.05803 39230.0
0.05804 39228.9
0.05805 39227.7
0.05806 39226.6
0.05807 39225.5
0.05808 39224.3
0.05809 39223.2
0.05810 39222.1
0.05811 39220.9
0.05812 39219.8
0.05813 39218.7
0.05814 39217.6
0.05815 39216.5
0.05816 39215.3
0.05817 39214.2
0.05818 39213.1
0.05819 39212.0
0.05820 39210.9
0.05821 39209.8
0.05822 39208.7
0.05823 39207.6
0.05824 39206.5
0.05825 39205.4
0.05826 39204.3
0.05827 39203.2
0.05828 39202.1
0.05829 39201.0
0.05830 39199.9
0.05831 39198.8
0.05832 39197.7
0.05833 39196.7
0.05834 39195.6
0.05835 39194.5
0.05836 39193.4
0.05837 39192.4
0.05838 39191.3
0.05839 39190.2
0.05840 39189.2
0.05841 39188.1
0.05842 39187.0
0.05843 39186.0
0.05844 39184.9
0.05845 39183.9
0.05846 39182.8
0.05847 39181.7
0.05848 39180.7
0.05849 39179.7
0.05850 39178.6
0.05851 39177.6
0.05852 39176.5
0.05853 39175.5
0.05854 39174.4
0.05855 39173.4
0.05856 39172.4
0.05857 39171.3
0.05858 39170.3
0.05859 39169.3
0.05860 39168.3
0.05861 39167.2
0.05862 39166.2
0.05863 39165.2
0.05864 39164.2
0.05865 39163.2
0.05866 39162.1
0.05867 39161.1
0.05868 39160.1
0.05869 39159.1
0.05870 39158.1
0.05871 39157.1
0.05872 39156.1
0.05873 39155.1
0.05874 39154.1
0.05875 39153.1
0.05876 39152.1
0.05877 39151.1
0.05878 39150.1
0.05879 39149.1
0.05880 39148.1
0.05881 39147.2
0.05882 39146.2
0.05883 39145.2
0.05884 39144.2
0.05885 39143.2
0.05886 39142.3
0.05887 39141.3
0.05888 39140.3
0.05889 39139.3
0.05890 39138.4
0.05891 39137.4
0.05892 39136.4
0.05893 39135.5
0.05894 39134.5
0.05895 39133.6
0.05896 39132.6
0.05897 39131.6
0.05898 39130.7
0.05899 39129.7
0.05900 39128.8
0.05901 39127.8
0.05902 39126.9
0.05903 39126.0
0.05904 39125.0
0.05905 39124.1
0.05906 39123.1
0.05907 39122.2
0.05908 39121.3
0.05909 39120.3
0.05910 39119.4
0.05911 39118.5
0.05912 39117.5
0.05913 39116.6
0.05914 39115.7
0.05915 39114.8
0.05916 39113.8
0.05917 39112.9
0.05918 39112.0
0.05919 39111.1
0.05920 39110.2
0.05921 39109.3
0.05922 39108.4
0.05923 39107.4
0.05924 39106.5
0.05925 39105.6
0.05926 39104.7
0.05927 39103.8
0.05928 39102.9
0.05929 39102.0
0.05930 39101.1
0.05931 39100.2
0.05932 39099.4
0.05933 39098.5
0.05934 39097.6
0.05935 39096.7
0.05936 39095.8
0.05937 39094.9
0.05938 39094.0
0.05939 39093.1
0.05940 39092.3
0.05941 39091.4
0.05942 39090.5
0.05943 39089.6
0.05944 39088.8
0.05945 39087.9
0.05946 39087.0
0.05947 39086.2
0.05948 39085.3
0.05949 39084.4
0.05950 39083.6
0.05951 39082.7
0.05952 39081.9
0.05953 39081.0
0.05954 39080.1
0.05955 39079.3
0.05956 39078.4
0.05957 39077.6
0.05958 39076.7
0.05959 39075.9
0.05960 39075.0
0.05961 39074.2
0.05962 39073.4
0.05963 39072.5
0.05964 39071.7
0.05965 39070.8
0.05966 39070.0
0.05967 39069.2
0.05968 39068.3
0.05969 39067.5
0.05970 39066.7
0.05971 39065.8
0.05972 39065.0
0.05973 39064.2
0.05974 39063.4
0.05975 39062.5
0.05976 39061.7
0.05977 39060.9
0.05978 39060.1
0.05979 39059.3
0.05980 39058.5
0.05981 39057.6
0.05982 39056.8
0.05983 39056.0
0.05984 39055.2
0.05985 39054.4
0.05986 39053.6
0.05987 39052.8
0.05988 39052.0
0.05989 39051.2
0.05990 39050.4
0.05991 39049.6
0.05992 39048.8
0.05993 39048.0
0.05994 39047.2
0.05995 39046.4
0.05996 39045.6
0.05997 39044.9
0.05998 39044.1
0.05999 39043.3
0.06000 38577.4
0.06001 38577.4
0.06002 38577.4
0.06003 38577.4
0.06004 38577.4
0.06005 38577.4
0.06006 38577.4
0.06007 38577.4
0.06008 38577.4
0.06009 38577.4
0.06010 38577.4
0.06011 38577.4
0.06012 38577.4
0.06013 38577.4
0.06014 38577.4
0.06015 38577.4
0.06016 38577.4
0.06017 38577.4
0.06018 38577.4
0.06019 38577.4
0.06020 38577.4
0.06021 38577.4
0.06022 38577.4
0.06023 38577.4
0.06024 38577.4
0.06025 38577.4
0.06026 38577.4
0.06027 38577.4
0.06028 38577.4
0.06029 38577.4
0.06030 38577.4
0.06031 38577.4
0.06032 38577.4
0.06033 38577.4
0.06034 38577.4
0.06035 38577.4
0.06036 38577.4
0.06037 38577.4
0.06038 38577.4
0.06039 38577.4
0.06040 38577.4
0.06041 38577.4
0.06042 38577.4
0.06043 38577.4
0.06044 38577.4
0.06045 38577.4
0.06046 38577.4
0.06047 38577.4
0.06048 38577.4
0.06049 38577.4
0.06050 38577.4
0.06051 38577.4
0.06052 38577.4
0.06053 38577.4
0.06054 38577.4
0.06055 38577.4
0.06056 38577.4
0.06057 38577.4
0.06058 38577.4
0.06059 38577.4
0.06060 38577.4
0.06061 38577.4
0.06062 38577.4
0.06063 38577.4
0.06064 38577.4
0.06065 38577.4
0.06066 38577.4
0.06067 38577.4
0.06068 38577.4
0.06069 38577.4
0.06070 38577.4
0.06071 38577.4
0.06072 38577.4
0.06073 38577.4
0.06074 38577.4
0.06075 38577.4
0.06076 38577.4
0.06077 38577.4
0.06078 38577.4
0.06079 38577.4
0.06080 38577.4
0.06081 38577.4
0.06082 38577.4
0.06083 38577.4
0.06084 38577.4
0.06085 38577.4
0.06086 38577.4
0.06087 38577.4
0.06088 38577.4
0.06089 38577.4
0.06090 38577.4
0.06091 38577.4
0.06092 38577.4
0.06093 38577.4
0.06094 38577.4
0.06095 38577.4
0.06096 38577.4
0.06097 38577.4
0.06098 38577.4
0.06099 38577.4
0.06100 38577.4
0.06101 37153.6
0.06102 35786.4
0.06103 34473.5
0.06104 33212.4
0.06105 32001.1
0.06106 30837.4
0.06107 29719.2
0.06108 28644.6
0.06109 27611.7
0.06110 26618.9
0.06111 25664.4
0.06112 24746.5
0.06113 23863.7
0.06114 23014.5
0.06115 22197.5
0.06116 21411.2
0.06117 20654.4
0.06118 19925.7
0.06119 19223.9
0.06120 18547.8
0.06121 17896.2
0.06122 17268.0
0.06123 16662.0
0.06124 16077.3
0.06125 15512.7
0.06126 14967.2
0.06127 14439.7
0.06128 13929.4
0.06129 13435.1
0.06130 12955.9
0.06131 12490.9
0.06132 12038.9
0.06133 11599.2
0.06134 11170.5
0.06135 10752.1
0.06136 10342.8
0.06137 9941.8
0.06138 9547.9
0.06139 9160.3
0.06140 8777.8
0.06141 8399.5
0.06142 8024.5
0.06143 7651.7
0.06144 7280.2
0.06145 6909.3
0.06146 6538.1
0.06147 6166.0
0.06148 5792.4
0.06149 5417.2
0.06150 5040.2
0.06151 4839.3
0.06152 4613.5
0.06153 4364.5
0.06154 4095.1
0.06155 3808.3
0.06156 3508.3
0.06157 3199.7
0.06158 2887.6
0.06159 2577.9
0.06160 2276.6
0.06161 1989.7
0.06162 1723.0
0.06163 1481.3
0.06164 1268.4
0.06165 1086.2
0.06166 935.0
0.06167 812.8
0.06168 716.6
0.06169 642.2
0.06170 585.3
0.06171 542.1
0.06172 509.2
0.06173 484.3
0.06174 465.3
0.06175 450.9
0.06176 440.1
0.06177 432.2
0.06178 426.7
0.06179 423.2
0.06180 421.3
0.06181 421.0
0.06182 421.9
0.06183 424.2
0.06184 427.6
0.06185 432.1
0.06186 437.7
0.06187 444.5
0.06188 452.3
0.06189 461.3
0.06190 471.4
0.06191 482.8
0.06192 495.5
0.06193 509.5
0.06194 524.9
0.06195 541.9
0.06196 560.5
0.06197 580.8
0.06198 603.0
0.06199 627.2
0.06200 653.4
0.06201 682.0
0.06202 713.0
0.06203 746.6
0.06204 783.0
0.06205 822.5
0.06206 865.1
0.06207 911.2
0.06208 961.0
0.06209 1014.7
0.06210 1072.5
0.06211 1134.8
0.06212 1201.9
0.06213 1273.9
0.06214 1351.2
0.06215 1434.0
0.06216 1522.7
0.06217 1617.6
0.06218 1718.9
0.06219 1826.9
0.06220 1941.8
0.06221 2064.1
0.06222 2193.8
0.06223 2331.2
0.06224 2476.6
0.06225 2630.2
0.06226 2792.1
0.06227 2962.4
0.06228 3141.3
0.06229 3329.0
0.06230 3525.5
0.06231 3730.8
0.06232 3944.9
0.06233 4168.0
0.06234 4399.9
0.06235 4640.6
0.06236 4890.1
0.06237 5148.2
0.06238 5414.9
0.06239 5690.0
0.06240 5973.5
0.06241 6265.1
0.06242 6564.8
0.06243 6872.3
0.06244 7187.5
0.06245 7510.2
0.06246 7840.2
0.06247 8177.4
0.06248 8521.6
0.06249 8872.5
0.06250 9230.0
0.06251 9593.9
0.06252 9964.0
0.06253 10340.2
0.06254 10722.1
0.06255 11109.7
0.06256 11502.7
0.06257 11900.8
0.06258 12304.0
0.06259 12712.0
0.06260 13124.5
0.06261 13541.3
0.06262 13962.2
0.06263 14386.8
0.06264 14815.0
0.06265 15246.4
0.06266 15680.8
0.06267 16117.8
0.06268 16557.1
0.06269 16998.4
0.06270 17441.4
0.06271 17885.6
0.06272 18330.8
0.06273 18776.5
0.06274 19222.4
0.06275 19668.0
0.06276 20113.1
0.06277 20557.2
0.06278 20999.9
0.06279 21440.9
0.06280 21879.8
0.06281 22316.2
0.06282 22749.7
0.06283 23180.0
0.06284 23606.8
0.06285 24029.7
0.06286 24448.5
0.06287 24862.8
0.06288 25272.4
0.06289 25677.0
0.06290 26076.5
0.06291 26470.5
0.06292 26858.9
0.06293 27241.5
0.06294 27618.2
0.06295 27988.8
0.06296 28353.2
0.06297 28711.3
0.06298 29063.1
0.06299 29408.5
0.06300 29747.4
0.06301 30079.8
0.06302 30405.7
0.06303 30725.0
0.06304 31037.9
0.06305 31344.3
0.06306 31644.2
0.06307 31937.7
0.06308 32224.9
0.06309 32505.7
0.06310 32780.3
0.06311 33048.7
0.06312 33311.1
0.06313 33567.4
0.06314 33817.8
0.06315 34062.3
0.06316 34301.1
0.06317 34534.3
0.06318 34761.9
0.06319 34984.1
0.06320 35200.8
0.06321 35412.4
0.06322 35618.8
0.06323 35820.1
0.06324 36016.6
0.06325 36208.1
0.06326 36395.0
0.06327 36577.2
0.06328 36754.8
0.06329 36928.0
0.06330 37096.9
0.06331 37261.6
0.06332 37422.1
0.06333 37578.6
0.06334 37731.2
0.06335 37879.9
0.06336 38024.8
0.06337 38166.1
0.06338 38303.8
0.06339 38438.0
0.06340 38568.8
0.06341 38696.2
0.06342 38820.5
0.06343 38941.5
0.06344 39059.5
0.06345 39174.5
0.06346 39286.6
0.06347 39395.8
0.06348 39502.2
0.06349 39606.0
0.06350 39707.1
0.06351 39805.6
0.06352 39901.6
0.06353 39995.2
0.06354 40086.4
0.06355 40175.2
0.06356 40261.8
0.06357 40346.3
0.06358 40428.6
0.06359 40508.7
0.06360 40586.9
0.06361 40663.1
0.06362 40737.3
0.06363 40809.7
0.06364 40880.3
0.06365 40949.0
0.06366 41016.1
0.06367 41081.4
0.06368 41145.1
0.06369 41207.2
0.06370 41267.7
0.06371 41326.7
0.06372 41384.2
0.06373 41440.3
0.06374 41495.0
0.06375 41548.3
0.06376 41600.3
0.06377 41650.9
0.06378 41700.3
0.06379 41748.5
0.06380 41795.5
0.06381 41841.2
0.06382 41885.9
0.06383 41929.4
0.06384 41971.9
0.06385 42013.2
0.06386 42053.6
0.06387 42093.0
0.06388 42131.3
0.06389 42168.7
0.06390 42205.2
0.06391 42240.8
0.06392 42275.5
0.06393 42309.3
0.06394 42342.3
0.06395 42374.5
0.06396 42405.9
0.06397 42436.5
0.06398 42466.3
0.06399 42495.4
0.06400 42523.8
0.06401 42551.4
0.06402 42578.4
0.06403 42604.7
0.06404 42630.3
0.06405 42655.4
0.06406 42679.7
0.06407 42703.5
0.06408 42726.7
0.06409 42749.3
0.06410 42771.3
0.06411 42792.8
0.06412 42813.8
0.06413 42834.2
0.06414 42854.1
0.06415 42873.5
0.06416 42892.4
0.06417 42910.8
0.06418 42928.8
0.06419 42946.3
0.06420 42963.4
0.06421 42980.0
0.06422 42996.2
0.06423 43012.0
0.06424 43027.4
0.06425 43042.3
0.06426 43056.9
0.06427 43071.2
0.06428 43085.0
0.06429 43098.5
0.06430 43111.6
0.06431 43124.4
0.06432 43136.9
0.06433 43149.0
0.06434 43160.8
0.06435 43172.3
0.06436 43183.4
0.06437 43194.3
0.06438 43204.9
0.06439 43215.2
0.06440 43225.2
0.06441 43234.9
0.06442 43244.3
0.06443 43253.5
0.06444 43262.5
0.06445 43271.1
0.06446 43279.6
0.06447 43287.8
0.06448 43295.7
0.06449 43303.4
0.06450 43310.9
0.06451 43318.2
0.06452 43325.3
0.06453 43332.1
0.06454 43338.7
0.06455 43345.1
0.06456 43351.4
0.06457 43357.4
0.06458 43363.2
0.06459 43368.9
0.06460 43374.3
0.06461 43379.6
0.06462 43384.7
0.06463 43389.7
0.06464 43394.4
0.06465 43399.0
0.06466 43403.4
0.06467 43407.7
0.06468 43411.8
0.06469 43415.8
0.06470 43419.6
0.06471 43423.3
0.06472 43426.8
0.06473 43430.2
0.06474 43433.4
0.06475 43436.5
0.06476 43439.4
0.06477 43442.3
0.06478 43445.0
0.06479 43447.6
0.06480 43450.0
0.06481 43452.3
0.06482 43454.6
0.06483 43456.7
0.06484 43458.6
0.06485 43460.5
0.06486 43462.3
0.06487 43463.9
0.06488 43465.4
0.06489 43466.9
0.06490 43468.2
0.06491 43469.4
0.06492 43470.6
0.06493 43471.6
0.06494 43472.6
0.06495 43473.4
0.06496 43474.2
0.06497 43474.8
0.06498 43475.4
0.06499 43475.9
0.06500 43476.3
0.06501 43476.6
0.06502 43476.8
0.06503 43477.0
0.06504 43477.0
0.06505 43477.0
0.06506 43477.0
0.06507 43476.8
0.06508 43476.6
0.06509 43476.2
0.06510 43475.9
0.06511 43475.4
0.06512 43474.9
0.06513 43474.3
0.06514 43473.6
0.06515 43472.9
0.06516 43472.1
0.06517 43471.3
0.06518 43470.3
0.06519 43469.4
0.06520 43468.3
0.06521 43467.2
0.06522 43466.1
0.06523 43464.8
0.06524 43463.6
0.06525 43462.2
0.06526 43460.8
0.06527 43459.4
0.06528 43457.9
0.06529 43456.4
0.06530 43454.8
0.06531 43453.1
0.06532 43451.4
0.06533 43449.6
0.06534 43447.8
0.06535 43446.0
0.06536 43444.1
0.06537 43442.2
0.06538 43440.2
0.06539 43438.1
0.06540 43436.0
0.06541 43433.9
0.06542 43431.8
0.06543 43429.5
0.06544 43427.3
0.06545 43425.0
0.06546 43422.7
0.06547 43420.3
0.06548 43417.9
0.06549 43415.4
0.06550 43412.9
0.06551 43410.4
0.06552 43407.8
0.06553 43405.2
0.06554 43402.6
0.06555 43399.9
0.06556 43397.2
0.06557 43394.5
0.06558 43391.7
0.06559 43388.9
0.06560 43386.0
0.06561 43383.2
0.06562 43380.2
0.06563 43377.3
0.06564 43374.3
0.06565 43371.3
0.06566 43368.3
0.06567 43365.2
0.06568 43362.1
0.06569 43359.0
0.06570 43355.8
0.06571 43352.7
0.06572 43349.5
0.06573 43346.2
0.06574 43343.0
0.06575 43339.7
0.06576 43336.3
0.06577 43333.0
0.06578 43329.6
0.06579 43326.2
0.06580 43322.8
0.06581 43319.4
0.06582 43315.9
0.06583 43312.4
0.06584 43308.9
0.06585 43305.3
0.06586 43301.8
0.06587 43298.2
0.06588 43294.6
0.06589 43290.9
0.06590 43287.3
0.06591 43283.6
0.06592 43279.9
0.06593 43276.2
0.06594 43272.4
0.06595 43268.7
0.06596 43264.9
0.06597 43261.1
0.06598 43257.3
0.06599 43253.4
0.06600 43249.6
0.06601 43245.7
0.06602 43241.8
0.06603 43237.9
0.06604 43233.9
0.06605 43230.0
0.06606 43226.0
0.06607 43222.0
0.06608 43218.0
0.06609 43214.0
0.06610 43209.9
0.06611 43205.9
0.06612 43201.8
0.06613 43197.7
0.06614 43193.6
0.06615 43189.5
0.06616 43185.3
0.06617 43181.2
0.06618 43177.0
0.06619 43172.8
0.06620 43168.6
0.06621 43164.4
0.06622 43160.2
0.06623 43155.9
0.06624 43151.7
0.06625 43147.4
0.06626 43143.1
0.06627 43138.8
0.06628 43134.5
0.06629 43130.1
0.06630 43125.8
0.06631 43121.4
0.06632 43117.1
0.06633 43112.7
0.06634 43108.3
0.06635 43103.9
0.06636 43099.5
0.06637 43095.0
0.06638 43090.6
0.06639 43086.1
0.06640 43081.7
0.06641 43077.2
0.06642 43072.7
0.06643 43068.2
0.06644 43063.7
0.06645 43059.2
0.06646 43054.6
0.06647 43050.1
0.06648 43045.5
0.06649 43041.0
0.06650 43036.4
0.06651 43031.8
0.06652 43027.2
0.06653 43022.6
0.06654 43018.0
0.06655 43013.4
0.06656 43008.7
0.06657 43004.1
0.06658 42999.4
0.06659 42994.8
0.06660 42990.1
0.06661 42985.4
0.06662 42980.7
0.06663 42976.0
0.06664 42971.3
0.06665 42966.6
0.06666 42961.9
0.06667 42957.1
0.06668 42952.4
0.06669 42947.7
0.06670 42942.9
0.06671 42938.1
0.06672 42933.4
0.06673 42928.6
0.06674 42923.8
0.06675 42919.0
0.06676 42914.2
0.06677 42909.4
0.06678 42904.6
0.06679 42899.8
0.06680 42894.9
0.06681 42890.1
0.06682 42885.2
0.06683 42880.4
0.06684 42875.5
0.06685 42870.7
0.06686 42865.8
0.06687 42860.9
0.06688 42856.0
0.06689 42851.1
0.06690 42846.3
0.06691 42841.4
0.06692 42836.4
0.06693 42831.5
0.06694 42826.6
0.06695 42821.7
0.06696 42816.8
0.06697 42811.8
0.06698 42806.9
0.06699 42801.9
0.06700 42797.0
0.06701 42792.0
0.06702 42787.1
0.06703 42782.1
0.06704 42777.1
0.06705 42772.2
0.06706 42767.2
0.06707 42762.2
0.06708 42757.2
0.06709 42752.2
0.06710 42747.2
0.06711 42742.2
0.06712 42737.2
0.06713 42732.2
0.06714 42727.2
0.06715 42722.2
0.06716 42717.1
0.06717 42712.1
0.06718 42707.1
0.06719 42702.0
0.06720 42697.0
0.06721 42692.0
0.06722 42686.9
0.06723 42681.9
0.06724 42676.8
0.06725 42671.8
0.06726 42666.7
0.06727 42661.6
0.06728 42656.6
0.06729 42651.5
0.06730 42646.4
0.06731 42641.4
0.06732 42636.3
0.06733 42631.2
0.06734 42626.1
0.06735 42621.0
0.06736 42615.9
0.06737 42610.9
0.06738 42605.8
0.06739 42600.7
0.06740 42595.6
0.06741 42590.5
0.06742 42585.4
0.06743 42580.3
0.06744 42575.1
0.06745 42570.0
0.06746 42564.9
0.06747 42559.8
0.06748 42554.7
0.06749 42549.6
0.06750 42544.5
0.06751 42539.3
0.06752 42534.2
0.06753 42529.1
0.06754 42524.0
0.06755 42518.8
0.06756 42513.7
0.06757 42508.6
0.06758 42503.4
0.06759 42498.3
0.06760 42493.2
0.06761 42488.0
0.06762 42482.9
0.06763 42477.8
0.06764 42472.6
0.06765 42467.5
0.06766 42462.3
0.06767 42457.2
0.06768 42452.0
0.06769 42446.9
0.06770 42441.8
0.06771 42436.6
0.06772 42431.5
0.06773 42426.3
0.06774 42421.2
0.06775 42416.0
0.06776 42410.9
0.06777 42405.7
0.06778 42400.6
0.06779 42395.4
0.06780 42390.3
0.06781 42385.1
0.06782 42379.9
0.06783 42374.8
0.06784 42369.6
0.06785 42364.5
0.06786 42359.3
0.06787 42354.2
0.06788 42349.0
0.06789 42343.9
0.06790 42338.7
0.06791 42333.6
0.06792 42328.4
0.06793 42323.3
0.06794 42318.1
0.06795 42313.0
0.06796 42307.8
0.06797 42302.7
0.06798 42297.5
0.06799 42292.4
0.06800 42287.2
0.06801 42282.1
0.06802 42276.9
0.06803 42271.8
0.06804 42266.6
0.06805 42261.5
0.06806 42256.3
0.06807 42251.2
0.06808 42246.0
0.06809 42240.9
0.06810 42235.7
0.06811 42230.6
0.06812 42225.4
0.06813 42220.3
0.06814 42215.2
0.06815 42210.0
0.06816 42204.9
0.06817 42199.8
0.06818 42194.6
0.06819 42189.5
0.06820 42184.4
0.06821 42179.2
0.06822 42174.1
0.06823 42169.0
0.06824 42163.8
0.06825 42158.7
0.06826 42153.6
0.06827 42148.5
0.06828 42143.3
0.06829 42138.2
0.06830 42133.1
0.06831 42128.0
0.06832 42122.9
0.06833 42117.8
0.06834 42112.6
0.06835 42107.5
0.06836 42102.4
0.06837 42097.3
0.06838 42092.2
0.06839 42087.1
0.06840 42082.0
0.06841 42076.9
0.06842 42071.8
0.06843 42066.7
0.06844 42061.6
0.06845 42056.5
0.06846 42051.4
0.06847 42046.3
0.06848 42041.3
0.06849 42036.2
0.06850 42031.1
0.06851 42026.0
0.06852 42020.9
0.06853 42015.9
0.06854 42010.8
0.06855 42005.7
0.06856 42000.7
0.06857 41995.6
0.06858 41990.5
0.06859 41985.5
0.06860 41980.4
0.06861 41975.4
0.06862 41970.3
0.06863 41965.3
0.06864 41960.2
0.06865 41955.2
0.06866 41950.1
0.06867 41945.1
0.06868 41940.0
0.06869 41935.0
0.06870 41930.0
0.06871 41925.0
0.06872 41919.9
0.06873 41914.9
0.06874 41909.9
0.06875 41904.9
0.06876 41899.9
0.06877 41894.8
0.06878 41889.8
0.06879 41884.8
0.06880 41879.8
0.06881 41874.8
0.06882 41869.8
0.06883 41864.8
0.06884 41859.8
0.06885 41854.9
0.06886 41849.9
0.06887 41844.9
0.06888 41839.9
0.06889 41834.9
0.06890 41830.0
0.06891 41825.0
0.06892 41820.0
0.06893 41815.1
0.06894 41810.1
0.06895 41805.2
0.06896 41800.2
0.06897 41795.3
0.06898 41790.3
0.06899 41785.4
0.06900 41780.4
0.06901 41775.5
0.06902 41770.6
0.06903 41765.6
0.06904 41760.7
0.06905 41755.8
0.06906 41750.9
0.06907 41746.0
0.06908 41741.0
0.06909 41736.1
0.06910 41731.2
0.06911 41726.3
0.06912 41721.4
0.06913 41716.5
0.06914 41711.7
0.06915 41706.8
0.06916 41701.9
0.06917 41697.0
0.06918 41692.1
0.06919 41687.3
0.06920 41682.4
0.06921 41677.5
0.06922 41672.7
0.06923 41667.8
0.06924 41663.0
0.06925 41658.1
0.06926 41653.3
0.06927 41648.5
0.06928 41643.6
0.06929 41638.8
0.06930 41634.0
0.06931 41629.1
0.06932 41624.3
0.06933 41619.5
0.06934 41614.7
0.06935 41609.9
0.06936 41605.1
0.06937 41600.3
0.06938 41595.5
0.06939 41590.7
0.06940 41585.9
0.06941 41581.1
0.06942 41576.4
0.06943 41571.6
0.06944 41566.8
0.06945 41562.1
0.06946 41557.3
0.06947 41552.5
0.06948 41547.8
0.06949 41543.0
0.06950 41538.3
0.06951 41533.6
0.06952 41528.8
0.06953 41524.1
0.06954 41519.4
0.06955 41514.6
0.06956 41509.9
0.06957 41505.2
0.06958 41500.5
0.06959 41495.8
0.06960 41491.1
0.06961 41486.4
0.06962 41481.7
0.06963 41477.0
0.06964 41472.4
0.06965 41467.7
0.06966 41463.0
0.06967 41458.3
0.06968 41453.7
0.06969 41449.0
0.06970 41444.4
0.06971 41439.7
0.06972 41435.1
0.06973 41430.4
0.06974 41425.8
0.06975 41421.2
0.06976 41416.5
0.06977 41411.9
0.06978 41407.3
0.06979 41402.7
0.06980 41398.1
0.06981 41393.5
0.06982 41388.9
0.06983 41384.3
0.06984 41379.7
0.06985 41375.1
0.06986 41370.5
0.06987 41366.0
0.06988 41361.4
0.06989 41356.8
0.06990 41352.3
0.06991 41347.7
0.06992 41343.2
0.06993 41338.6
0.06994 41334.1
0.06995 41329.5
0.06996 41325.0
0.06997 41320.5
0.06998 41316.0
0.06999 41311.4
0.07000 41306.9
0.07001 41302.4
0.07002 41297.9
0.07003 41293.4
0.07004 41288.9
0.07005 41284.5
0.07006 41280.0
0.07007 41275.5
0.07008 41271.0
0.07009 41266.6
0.07010 41262.1
0.07011 41257.6
0.07012 41253.2
0.07013 41248.7
0.07014 41244.3
0.07015 41239.9
0.07016 41235.4
0.07017 41231.0
0.07018 41226.6
0.07019 41222.2
0.07020 41217.8
0.07021 41213.4
0.07022 41209.0
0.07023 41204.6
0.07024 41200.2
0.07025 41195.8
0.07026 41191.4
0.07027 41187.0
0.07028 41182.7
0.07029 41178.3
0.07030 41173.9
0.07031 41169.6
0.07032 41165.2
0.07033 41160.9
0.07034 41156.5
0.07035 41152.2
0.07036 41147.9
0.07037 41143.6
0.07038 41139.2
0.07039 41134.9
0.07040 41130.6
0.07041 41126.3
0.07042 41122.0
0.07043 41117.7
0.07044 41113.4
0.07045 41109.2
0.07046 41104.9
0.07047 41100.6
0.07048 41096.3
0.07049 41092.1
0.07050 41087.8
0.07051 41083.6
0.07052 41079.3
0.07053 41075.1
0.07054 41070.9
0.07055 41066.6
0.07056 41062.4
0.07057 41058.2
0.07058 41054.0
0.07059 41049.8
0.07060 41045.6
0.07061 41041.4
0.07062 41037.2
0.07063 41033.0
0.07064 41028.8
0.07065 41024.6
0.07066 41020.5
0.07067 41016.3
0.07068 41012.1
0.07069 41008.0
0.07070 41003.8
0.07071 40999.7
0.07072 40995.5
0.07073 40991.4
0.07074 40987.3
0.07075 40983.2
0.07076 40979.0
0.07077 40974.9
0.07078 40970.8
0.07079 40966.7
0.07080 40962.6
0.07081 40958.5
0.07082 40954.5
0.07083 40950.4
0.07084 40946.3
0.07085 40942.2
0.07086 40938.2
0.07087 40934.1
0.07088 40930.1
0.07089 40926.0
0.07090 40922.0
0.07091 40917.9
0.07092 40913.9
0.07093 40909.9
0.07094 40905.9
0.07095 40901.9
0.07096 40897.8
0.07097 40893.8
0.07098 40889.8
0.07099 40885.9
0.07100 40881.9
0.07101 40877.9
0.07102 40873.9
0.07103 40869.9
0.07104 40866.0
0.07105 40862.0
0.07106 40858.1
0.07107 40854.1
0.07108 40850.2
0.07109 40846.2
0.07110 40842.3
0.07111 40838.4
0.07112 40834.4
0.07113 40830.5
0.07114 40826.6
0.07115 40822.7
0.07116 40818.8
0.07117 40814.9
0.07118 40811.0
0.07119 40807.2
0.07120 40803.3
0.07121 40799.4
0.07122 40795.5
0.07123 40791.7
0.07124 40787.8
0.07125 40784.0
0.07126 40780.1
0.07127 40776.3
0.07128 40772.4
0.07129 40768.6
0.07130 40764.8
0.07131 40761.0
0.07132 40757.2
0.07133 40753.4
0.07134 40749.6
0.07135 40745.8
0.07136 40742.0
0.07137 40738.2
0.07138 40734.4
0.07139 40730.6
0.07140 40726.9
0.07141 40723.1
0.07142 40719.3
0.07143 40715.6
0.07144 40711.8
0.07145 40708.1
0.07146 40704.4
0.07147 40700.6
0.07148 40696.9
0.07149 40693.2
0.07150 40689.5
0.07151 40685.8
0.07152 40682.1
0.07153 40678.4
0.07154 40674.7
0.07155 40671.0
0.07156 40667.3
0.07157 40663.6
0.07158 40660.0
0.07159 40656.3
0.07160 40652.6
0.07161 40649.0
0.07162 40645.3
0.07163 40641.7
0.07164 40638.1
0.07165 40634.4
0.07166 40630.8
0.07167 40627.2
0.07168 40623.6
0.07169 40620.0
0.07170 40616.4
0.07171 40612.8
0.07172 40609.2
0.07173 40605.6
0.07174 40602.0
0.07175 40598.4
0.07176 40594.8
0.07177 40591.3
0.07178 40587.7
0.07179 40584.2
0.07180 40580.6
0.07181 40577.1
0.07182 40573.5
0.07183 40570.0
0.07184 40566.5
0.07185 40562.9
0.07186 40559.4
0.07187 40555.9
0.07188 40552.4
0.07189 40548.9
0.07190 40545.4
0.07191 40541.9
0.07192 40538.4
0.07193 40534.9
0.07194 40531.5
0.07195 40528.0
0.07196 40524.5
0.07197 40521.1
0.07198 40517.6
0.07199 40514.2
0.07200 40510.7
0.07201 40507.3
0.07202 40503.9
0.07203 40500.4
0.07204 40497.0
0.07205 40493.6
0.07206 40490.2
0.07207 40486.8
0.07208 40483.4
0.07209 40480.0
0.07210 40476.6
0.07211 40473.2
0.07212 40469.8
0.07213 40466.5
0.07214 40463.1
0.07215 40459.7
0.07216 40456.4
0.07217 40453.0
0.07218 40449.7
0.07219 40446.3
0.07220 40443.0
0.07221 40439.7
0.07222 40436.4
0.07223 40433.0
0.07224 40429.7
0.07225 40426.4
0.07226 40423.1
0.07227 40419.8
0.07228 40416.5
0.07229 40413.2
0.07230 40409.9
0.07231 40406.7
0.07232 40403.4
0.07233 40400.1
0.07234 40396.9
0.07235 40393.6
0.07236 40390.4
0.07237 40387.1
0.07238 40383.9
0.07239 40380.6
0.07240 40377.4
0.07241 40374.2
0.07242 40371.0
0.07243 40367.7
0.07244 40364.5
0.07245 40361.3
0.07246 40358.1
0.07247 40354.9
0.07248 40351.8
0.07249 40348.6
0.07250 40345.4
0.07251 40342.2
0.07252 40339.1
0.07253 40335.9
0.07254 40332.7
0.07255 40329.6
0.07256 40326.4
0.07257 40323.3
0.07258 40320.2
0.07259 40317.0
0.07260 40313.9
0.07261 40310.8
0.07262 40307.7
0.07263 40304.5
0.07264 40301.4
0.07265 40298.3
0.07266 40295.2
0.07267 40292.2
0.07268 40289.1
0.07269 40286.0
0.07270 40282.9
0.07271 40279.8
0.07272 40276.8
0.07273 40273.7
0.07274 40270.7
0.07275 40267.6
0.07276 40264.6
0.07277 40261.5
0.07278 40258.5
0.07279 40255.5
0.07280 40252.4
0.07281 40249.4
0.07282 40246.4
0.07283 40243.4
0.07284 40240.4
0.07285 40237.4
0.07286 40234.4
0.07287 40231.4
0.07288 40228.4
0.07289 40225.5
0.07290 40222.5
0.07291 40219.5
0.07292 40216.6
0.07293 40213.6
0.07294 40210.6
0.07295 40207.7
0.07296 40204.8
0.07297 40201.8
0.07298 40198.9
0.07299 40196.0
0.07300 40193.0
0.07301 40190.1
0.07302 40187.2
0.07303 40184.3
0.07304 40181.4
0.07305 40178.5
0.07306 40175.6
0.07307 40172.7
0.07308 40169.8
0.07309 40166.9
0.07310 40164.1
0.07311 40161.2
0.07312 40158.3
0.07313 40155.5
0.07314 40152.6
0.07315 40149.8
0.07316 40146.9
0.07317 40144.1
0.07318 40141.2
0.07319 40138.4
0.07320 40135.6
0.07321 40132.8
0.07322 40130.0
0.07323 40127.1
0.07324 40124.3
0.07325 40121.5
0.07326 40118.7
0.07327 40115.9
0.07328 40113.2
0.07329 40110.4
0.07330 40107.6
0.07331 40104.8
0.07332 40102.1
0.07333 40099.3
0.07334 40096.5
0.07335 40093.8
0.07336 40091.0
0.07337 40088.3
0.07338 40085.6
0.07339 40082.8
0.07340 40080.1
0.07341 40077.4
0.07342 40074.7
0.07343 40071.9
0.07344 40069.2
0.07345 40066.5
0.07346 40063.8
0.07347 40061.1
0.07348 40058.4
0.07349 40055.7
0.07350 40053.1
0.07351 40050.4
0.07352 40047.7
0.07353 40045.0
0.07354 40042.4
0.07355 40039.7
0.07356 40037.1
0.07357 40034.4
0.07358 40031.8
0.07359 40029.1
0.07360 40026.5
0.07361 40023.9
0.07362 40021.2
0.07363 40018.6
0.07364 40016.0
0.07365 40013.4
0.07366 40010.8
0.07367 40008.2
0.07368 40005.6
0.07369 40003.0
0.07370 40000.4
0.07371 39997.8
0.07372 39995.2
0.07373 39992.7
0.07374 39990.1
0.07375 39987.5
0.07376 39985.0
0.07377 39982.4
0.07378 39979.9
0.07379 39977.3
0.07380 39974.8
0.07381 39972.2
0.07382 39969.7
0.07383 39967.2
0.07384 39964.6
0.07385 39962.1
0.07386 39959.6
0.07387 39957.1
0.07388 39954.6
0.07389 39952.1
0.07390 39949.6
0.07391 39947.1
0.07392 39944.6
0.07393 39942.1
0.07394 39939.6
0.07395 39937.1
0.07396 39934.7
0.07397 39932.2
0.07398 39929.7
0.07399 39927.3
0.07400 39924.8
0.07401 39922.4
0.07402 39919.9
0.07403 39917.5
0.07404 39915.1
0.07405 39912.6
0.07406 39910.2
0.07407 39907.8
0.07408 39905.4
0.07409 39902.9
0.07410 39900.5
0.07411 39898.1
0.07412 39895.7
0.07413 39893.3
0.07414 39890.9
0.07415 39888.5
0.07416 39886.2
0.07417 39883.8
0.07418 39881.4
0.07419 39879.0
0.07420 39876.7
0.07421 39874.3
0.07422 39871.9
0.07423 39869.6
0.07424 39867.2
0.07425 39864.9
0.07426 39862.6
0.07427 39860.2
0.07428 39857.9
0.07429 39855.6
0.07430 39853.2
0.07431 39850.9
0.07432 39848.6
0.07433 39846.3
0.07434 39844.0
0.07435 39841.7
0.07436 39839.4
0.07437 39837.1
0.07438 39834.8
0.07439 39832.5
0.07440 39830.2
0.07441 39827.9
0.07442 39825.7
0.07443 39823.4
0.07444 39821.1
0.07445 39818.9
0.07446 39816.6
0.07447 39814.3
0.07448 39812.1
0.07449 39809.9
0.07450 39807.6
0.07451 39805.4
0.07452 39803.1
0.07453 39800.9
0.07454 39798.7
0.07455 39796.5
0.07456 39794.2
0.07457 39792.0
0.07458 39789.8
0.07459 39787.6
0.07460 39785.4
0.07461 39783.2
0.07462 39781.0
0.07463 39778.8
0.07464 39776.7
0.07465 39774.5
0.07466 39772.3
0.07467 39770.1
0.07468 39768.0
0.07469 39765.8
0.07470 39763.6
0.07471 39761.5
0.07472 39759.3
0.07473 39757.2
0.07474 39755.0
0.07475 39752.9
0.07476 39750.8
0.07477 39748.6
0.07478 39746.5
0.07479 39744.4
0.07480 39742.2
0.07481 39740.1
0.07482 39738.0
0.07483 39735.9
0.07484 39733.8
0.07485 39731.7
0.07486 39729.6
0.07487 39727.5
0.07488 39725.4
0.07489 39723.3
0.07490 39721.2
0.07491 39719.2
0.07492 39717.1
0.07493 39715.0
0.07494 39713.0
0.07495 39710.9
0.07496 39708.8
0.07497 39706.8
0.07498 39704.7
0.07499 39702.7
0.07500 39700.6
0.07501 39698.6
0.07502 39696.6
0.07503 39694.5
0.07504 39692.5
0.07505 39690.5
0.07506 39688.5
0.07507 39686.4
0.07508 39684.4
0.07509 39682.4
0.07510 39680.4
0.07511 39678.4
0.07512 39676.4
0.07513 39674.4
0.07514 39672.4
0.07515 39670.4
0.07516 39668.5
0.07517 39666.5
0.07518 39664.5
0.07519 39662.5
0.07520 39660.6
0.07521 39658.6
0.07522 39656.6
0.07523 39654.7
0.07524 39652.7
0.07525 39650.8
0.07526 39648.8
0.07527 39646.9
0.07528 39644.9
0.07529 39643.0
0.07530 39641.1
0.07531 39639.1
0.07532 39637.2
0.07533 39635.3
0.07534 39633.4
0.07535 39631.5
0.07536 39629.5
0.07537 39627.6
0.07538 39625.7
0.07539 39623.8
0.07540 39621.9
0.07541 39620.0
0.07542 39618.2
0.07543 39616.3
0.07544 39614.4
0.07545 39612.5
0.07546 39610.6
0.07547 39608.8
0.07548 39606.9
0.07549 39605.0
0.07550 39603.2
0.07551 39601.3
0.07552 39599.5
0.07553 39597.6
0.07554 39595.8
0.07555 39593.9
0.07556 39592.1
0.07557 39590.2
0.07558 39588.4
0.07559 39586.6
0.07560 39584.7
0.07561 39582.9
0.07562 39581.1
0.07563 39579.3
0.07564 39577.5
0.07565 39575.7
0.07566 39573.9
0.07567 39572.1
0.07568 39570.3
0.07569 39568.5
0.07570 39566.7
0.07571 39564.9
0.07572 39563.1
0.07573 39561.3
0.07574 39559.5
0.07575 39557.8
0.07576 39556.0
0.07577 39554.2
0.07578 39552.5
0.07579 39550.7
0.07580 39548.9
0.07581 39547.2
0.07582 39545.4
0.07583 39543.7
0.07584 39541.9
0.07585 39540.2
0.07586 39538.5
0.07587 39536.7
0.07588 39535.0
0.07589 39533.3
0.07590 39531.5
0.07591 39529.8
0.07592 39528.1
0.07593 39526.4
0.07594 39524.7
0.07595 39523.0
0.07596 39521.2
0.07597 39519.5
0.07598 39517.8
0.07599 39516.1
0.07600 39514.5
0.07601 39512.8
0.07602 39511.1
0.07603 39509.4
0.07604 39507.7
0.07605 39506.0
0.07606 39504.4
0.07607 39502.7
0.07608 39501.0
0.07609 39499.4
0.07610 39497.7
0.07611 39496.0
0.07612 39494.4
0.07613 39492.7
0.07614 39491.1
0.07615 39489.4
0.07616 39487.8
0.07617 39486.2
0.07618 39484.5
0.07619 39482.9
0.07620 39481.3
0.07621 39479.6
0.07622 39478.0
0.07623 39476.4
0.07624 39474.8
0.07625 39473.2
0.07626 39471.5
0.07627 39469.9
0.07628 39468.3
0.07629 39466.7
0.07630 39465.1
0.07631 39463.5
0.07632 39461.9
0.07633 39460.4
0.07634 39458.8
0.07635 39457.2
0.07636 39455.6
0.07637 39454.0
0.07638 39452.5
0.07639 39450.9
0.07640 39449.3
0.07641 39447.7
0.07642 39446.2
0.07643 39444.6
0.07644 39443.1
0.07645 39441.5
0.07646 39440.0
0.07647 39438.4
0.07648 39436.9
0.07649 39435.3
0.07650 39433.8
0.07651 39432.3
0.07652 39430.7
0.07653 39429.2
0.07654 39427.7
0.07655 39426.1
0.07656 39424.6
0.07657 39423.1
0.07658 39421.6
0.07659 39420.1
0.07660 39418.6
0.07661 39417.1
0.07662 39415.6
0.07663 39414.0
0.07664 39412.6
0.07665 39411.1
0.07666 39409.6
0.07667 39408.1
0.07668 39406.6
0.07669 39405.1
0.07670 39403.6
0.07671 39402.1
0.07672 39400.7
0.07673 39399.2
0.07674 39397.7
0.07675 39396.3
0.07676 39394.8
0.07677 39393.3
0.07678 39391.9
0.07679 39390.4
0.07680 39389.0
0.07681 39387.5
0.07682 39386.1
0.07683 39384.6
0.07684 39383.2
0.07685 39381.7
0.07686 39380.3
0.07687 39378.9
0.07688 39377.4
0.07689 39376.0
0.07690 39374.6
0.07691 39373.2
0.07692 39371.7
0.07693 39370.3
0.07694 39368.9
0.07695 39367.5
0.07696 39366.1
0.07697 39364.7
0.07698 39363.3
0.07699 39361.9
0.07700 39360.5
0.07701 39359.1
0.07702 39357.7
0.07703 39356.3
0.07704 39354.9
0.07705 39353.5
0.07706 39352.2
0.07707 39350.8
0.07708 39349.4
0.07709 39348.0
0.07710 39346.7
0.07711 39345.3
0.07712 39343.9
0.07713 39342.6
0.07714 39341.2
0.07715 39339.8
0.07716 39338.5
0.07717 39337.1
0.07718 39335.8
0.07719 39334.4
0.07720 39333.1
0.07721 39331.7
0.07722 39330.4
0.07723 39329.1
0.07724 39327.7
0.07725 39326.4
0.07726 39325.1
0.07727 39323.7
0.07728 39322.4
0.07729 39321.1
0.07730 39319.8
0.07731 39318.5
0.07732 39317.1
0.07733 39315.8
0.07734 39314.5
0.07735 39313.2
0.07736 39311.9
0.07737 39310.6
0.07738 39309.3
0.07739 39308.0
0.07740 39306.7
0.07741 39305.4
0.07742 39304.1
0.07743 39302.9
0.07744 39301.6
0.07745 39300.3
0.07746 39299.0
0.07747 39297.7
0.07748 39296.5
0.07749 39295.2
0.07750 39293.9
0.07751 39292.7
0.07752 39291.4
0.07753 39290.1
0.07754 39288.9
0.07755 39287.6
0.07756 39286.4
0.07757 39285.1
0.07758 39283.9
0.07759 39282.6
0.07760 39281.4
0.07761 39280.1
0.07762 39278.9
0.07763 39277.6
0.07764 39276.4
0.07765 39275.2
0.07766 39273.9
0.07767 39272.7
0.07768 39271.5
0.07769 39270.3
0.07770 39269.0
0.07771 39267.8
0.07772 39266.6
0.07773 39265.4
0.07774 39264.2
0.07775 39263.0
0.07776 39261.8
0.07777 39260.6
0.07778 39259.4
0.07779 39258.2
0.07780 39257.0
0.07781 39255.8
0.07782 39254.6
0.07783 39253.4
0.07784 39252.2
0.07785 39251.0
0.07786 39249.8
0.07787 39248.6
0.07788 39247.5
0.07789 39246.3
0.07790 39245.1
0.07791 39243.9
0.07792 39242.8
0.07793 39241.6
0.07794 39240.4
0.07795 39239.3
0.07796 39238.1
0.07797 39236.9
0.07798 39235.8
0.07799 39234.6
0.07800 39233.5
0.07801 39232.3
0.07802 39231.2
0.07803 39230.0
0.07804 39228.9
0.07805 39227.7
0.07806 39226.6
0.07807 39225.5
0.07808 39224.3
0.07809 39223.2
0.07810 39222.1
0.07811 39220.9
0.07812 39219.8
0.07813 39218.7
0.07814 39217.6
0.07815 39216.5
0.07816 39215.3
0.07817 39214.2
0.07818 39213.1
0.07819 39212.0
0.07820 39210.9
0.07821 39209.8
0.07822 39208.7
0.07823 39207.6
0.07824 39206.5
0.07825 39205.4
0.07826 39204.3
0.07827 39203.2
0.07828 39202.1
0.07829 39201.0
0.07830 39199.9
0.07831 39198.8
0.07832 39197.7
0.07833 39196.7
0.07834 39195.6
0.07835 39194.5
0.07836 39193.4
0.07837 39192.4
0.07838 39191.3
0.07839 39190.2
0.07840 39189.2
0.07841 39188.1
0.07842 39187.0
0.07843 39186.0
0.07844 39184.9
0.07845 39183.9
0.07846 39182.8
0.07847 39181.7
0.07848 39180.7
0.07849 39179.7
0.07850 39178.6
0.07851 39177.6
0.07852 39176.5
0.07853 39175.5
0.07854 39174.4
0.07855 39173.4
0.07856 39172.4
0.07857 39171.3
0.07858 39170.3
0.07859 39169.3
0.07860 39168.3
0.07861 39167.2
0.07862 39166.2
0.07863 39165.2
0.07864 39164.2
0.07865 39163.2
0.07866 39162.1
0.07867 39161.1
0.07868 39160.1
0.07869 39159.1
0.07870 39158.1
0.07871 39157.1
0.07872 39156.1
0.07873 39155.1
0.07874 39154.1
0.07875 39153.1
0.07876 39152.1
0.07877 39151.1
0.07878 39150.1
0.07879 39149.1
0.07880 39148.1
0.07881 39147.2
0.07882 39146.2
0.07883 39145.2
0.07884 39144.2
0.07885 39143.2
0.07886 39142.3
0.07887 39141.3
0.07888 39140.3
0.07889 39139.3
0.07890 39138.4
0.07891 39137.4
0.07892 39136.4
0.07893 39135.5
0.07894 39134.5
0.07895 39133.6
0.07896 39132.6
0.07897 39131.6
0.07898 39130.7
0.07899 39129.7
0.07900 39128.8
0.07901 39127.8
0.07902 39126.9
0.07903 39126.0
0.07904 39125.0
0.07905 39124.1
0.07906 39123.1
0.07907 39122.2
0.07908 39121.3
0.07909 39120.3
0.07910 39119.4
0.07911 39118.5
0.07912 39117.5
0.07913 39116.6
0.07914 39115.7
0.07915 39114.8
0.07916 39113.8
0.07917 39112.9
0.07918 39112.0
0.07919 39111.1
0.07920 39110.2
0.07921 39109.3
0.07922 39108.4
0.07923 39107.4
0.07924 39106.5
0.07925 39105.6
0.07926 39104.7
0.07927 39103.8
0.07928 39102.9
0.07929 39102.0
0.07930 39101.1
0.07931 39100.2
0.07932 39099.4
0.07933 39098.5
0.07934 39097.6
0.07935 39096.7
0.07936 39095.8
0.07937 39094.9
0.07938 39094.0
0.07939 39093.1
0.07940 39092.3
0.07941 39091.4
0.07942 39090.5
0.07943 39089.6
0.07944 39088.8
0.07945 39087.9
0.07946 39087.0
0.07947 39086.2
0.07948 39085.3
0.07949 39084.4
0.07950 39083.6
0.07951 39082.7
0.07952 39081.9
0.07953 39081.0
0.07954 39080.1
0.07955 39079.3
0.07956 39078.4
0.07957 39077.6
0.07958 39076.7
0.07959 39075.9
0.07960 39075.0
0.07961 39074.2
0.07962 39073.4
0.07963 39072.5
0.07964 39071.7
0.07965 39070.8
0.07966 39070.0
0.07967 39069.2
0.07968 39068.3
0.07969 39067.5
0.07970 39066.7
0.07971 39065.8
0.07972 39065.0
0.07973 39064.2
0.07974 39063.4
0.07975 39062.5
0.07976 39061.7
0.07977 39060.9
0.07978 39060.1
0.07979 39059.3
0.07980 39058.5
0.07981 39057.6
0.07982 39056.8
0.07983 39056.0
0.07984 39055.2
0.07985 39054.4
0.07986 39053.6
0.07987 39052.8
0.07988 39052.0
0.07989 39051.2
0.07990 39050.4
0.07991 39049.6
0.07992 39048.8
0.07993 39048.0
0.07994 39047.2
0.07995 39046.4
0.07996 39045.6
0.07997 39044.9
0.07998 39044.1
0.07999 39043.3
0.08000 38577.4
0.08001 38577.4
0.08002 38577.4
0.08003 38577.4
0.08004 38577.4
0.08005 38577.4
0.08006 38577.4
0.08007 38577.4
0.08008 38577.4
0.08009 38577.4
0.08010 38577.4
0.08011 38577.4
0.08012 38577.4
0.08013 38577.4
0.08014 38577.4
0.08015 38577.4
0.08016 38577.4
0.08017 38577.4
0.08018 38577.4
0.08019 38577.4
0.08020 38577.4
0.08021 38577.4
0.08022 38577.4
0.08023 38577.4
0.08024 38577.4
0.08025 38577.4
0.08026 38577.4
0.08027 38577.4
0.08028 38577.4
0.08029 38577.4
0.08030 38577.4
0.08031 38577.4
0.08032 38577.4
0.08033 38577.4
0.08034 38577.4
0.08035 38577.4
0.08036 38577.4
0.08037 38577.4
0.08038 38577.4
0.08039 38577.4
0.08040 38577.4
0.08041 38577.4
0.08042 38577.4
0.08043 38577.4
0.08044 38577.4
0.08045 38577.4
0.08046 38577.4
0.08047 38577.4
0.08048 38577.4
0.08049 38577.4
0.08050 38577.4
0.08051 38577.4
0.08052 38577.4
0.08053 38577.4
0.08054 38577.4
0.08055 38577.4
0.08056 38577.4
0.08057 38577.4
0.08058 38577.4
0.08059 38577.4
0.08060 38577.4
0.08061 38577.4
0.08062 38577.4
0.08063 38577.4
0.08064 38577.4
0.08065 38577.4
0.08066 38577.4
0.08067 38577.4
0.08068 38577.4
0.08069 38577.4
0.08070 38577.4
0.08071 38577.4
0.08072 38577.4
0.08073 38577.4
0.08074 38577.4
0.08075 38577.4
0.08076 38577.4
0.08077 38577.4
0.08078 38577.4
0.08079 38577.4
0.08080 38577.4
0.08081 38577.4
0.08082 38577.4
0.08083 38577.4
0.08084 38577.4
0.08085 38577.4
0.08086 38577.4
0.08087 38577.4
0.08088 38577.4
0.08089 38577.4
0.08090 38577.4
0.08091 38577.4
0.08092 38577.4
0.08093 38577.4
0.08094 38577.4
0.08095 38577.4
0.08096 38577.4
0.08097 38577.4
0.08098 38577.4
0.08099 38577.4
0.08100 38577.4
0.08101 37153.6
0.08102 35786.4
0.08103 34473.5
0.08104 33212.4
0.08105 32001.1
0.08106 30837.4
0.08107 29719.2
0.08108 28644.6
0.08109 27611.7
0.08110 26618.9
0.08111 25664.4
0.08112 24746.5
0.08113 23863.7
0.08114 23014.5
0.08115 22197.5
0.08116 21411.2
0.08117 20654.4
0.08118 19925.7
0.08119 19223.9
0.08120 18547.8
0.08121 17896.2
0.08122 17268.0
0.08123 16662.0
0.08124 16077.3
0.08125 15512.7
0.08126 14967.2
0.08127 14439.7
0.08128 13929.4
0.08129 13435.1
0.08130 12955.9
0.08131 12490.9
0.08132 12038.9
0.08133 11599.2
0.08134 11170.5
0.08135 10752.1
0.08136 10342.8
0.08137 9941.8
0.08138 9547.9
0.08139 9160.3
0.08140 8777.8
0.08141 8399.5
0.08142 8024.5
0.08143 7651.7
0.08144 7280.2
0.08145 6909.3
0.08146 6538.1
0.08147 6166.0
0.08148 5792.4
0.08149 5417.2
0.08150 5040.2
0.08151 4839.3
0.08152 4613.5
0.08153 4364.5
0.08154 4095.1
0.08155 3808.3
0.08156 3508.3
0.08157 3199.7
0.08158 2887.6
0.08159 2577.9
0.08160 2276.6
0.08161 1989.7
0.08162 1723.0
0.08163 1481.3
0.08164 1268.4
0.08165 1086.2
0.08166 935.0
0.08167 812.8
0.08168 716.6
0.08169 642.2
0.08170 585.3
0.08171 542.1
0.08172 509.2
0.08173 484.3
0.08174 465.3
0.08175 450.9
0.08176 440.1
0.08177 432.2
0.08178 426.7
0.08179 423.2
0.08180 421.3
0.08181 421.0
0.08182 421.9
0.08183 424.2
0.08184 427.6
0.08185 432.1
0.08186 437.7
0.08187 444.5
0.08188 452.3
0.08189 461.3
0.08190 471.4
0.08191 482.8
0.08192 495.5
0.08193 509.5
0.08194 524.9
0.08195 541.9
0.08196 560.5
0.08197 580.8
0.08198 603.0
0.08199 627.2
0.08200 653.4
0.08201 682.0
0.08202 713.0
0.08203 746.6
0.08204 783.0
0.08205 822.5
0.08206 865.1
0.08207 911.2
0.08208 961.0
0.08209 1014.7
0.08210 1072.5
0.08211 1134.8
0.08212 1201.9
0.08213 1273.9
0.08214 1351.2
0.08215 1434.0
0.08216 1522.7
0.08217 1617.6
0.08218 1718.9
0.08219 1826.9
0.08220 1941.8
0.08221 2064.1
0.08222 2193.8
0.08223 2331.2
0.08224 2476.6
0.08225 2630.2
0.08226 2792.1
0.08227 2962.4
0.08228 3141.3
0.08229 3329.0
0.08230 3525.5
0.08231 3730.8
0.08232 3944.9
0.08233 4168.0
0.08234 4399.9
0.08235 4640.6
0.08236 4890.1
0.08237 5148.2
0.08238 5414.9
0.08239 5690.0
0.08240 5973.5
0.08241 6265.1
0.08242 6564.8
0.08243 6872.3
0.08244 7187.5
0.08245 7510.2
0.08246 7840.2
0.08247 8177.4
0.08248 8521.6
0.08249 8872.5
0.08250 9230.0
0.08251 9593.9
0.08252 9964.0
0.08253 10340.2
0.08254 10722.1
0.08255 11109.7
0.08256 11502.7
0.08257 11900.8
0.08258 12304.0
0.08259 12712.0
0.08260 13124.5
0.08261 13541.3
0.08262 13962.2
0.08263 14386.8
0.08264 14815.0
0.08265 15246.4
0.08266 15680.8
0.08267 16117.8
0.08268 16557.1
0.08269 16998.4
0.08270 17441.4
0.08271 17885.6
0.08272 18330.8
0.08273 18776.5
0.08274 19222.4
0.08275 19668.0
0.08276 20113.1
0.08277 20557.2
0.08278 20999.9
0.08279 21440.9
0.08280 21879.8
0.08281 22316.2
0.08282 22749.7
0.08283 23180.0
0.08284 23606.8
0.08285 24029.7
0.08286 24448.5
0.08287 24862.8
0.08288 25272.4
0.08289 25677.0
0.08290 26076.5
0.08291 26470.5
0.08292 26858.9
0.08293 27241.5
0.08294 27618.2
0.08295 27988.8
0.08296 28353.2
0.08297 28711.3
0.08298 29063.1
0.08299 29408.5
0.08300 29747.4
0.08301 30079.8
0.08302 30405.7
0.08303 30725.0
0.08304 31037.9
0.08305 31344.3
0.08306 31644.2
0.08307 31937.7
0.08308 32224.9
0.08309 32505.7
0.08310 32780.3
0.08311 33048.7
0.08312 33311.1
0.08313 33567.4
0.08314 33817.8
0.08315 34062.3
0.08316 34301.1
0.08317 34534.3
0.08318 34761.9
0.08319 34984.1
0.08320 35200.8
0.08321 35412.4
0.08322 35618.8
0.08323 35820.1
0.08324 36016.6
0.08325 36208.1
0.08326 36395.0
0.08327 36577.2
0.08328 36754.8
0.08329 36928.0
0.08330 37096.9
0.08331 37261.6
0.08332 37422.1
0.08333 37578.6
0.08334 37731.2
0.08335 37879.9
0.08336 38024.8
0.08337 38166.1
0.08338 38303.8
0.08339 38438.0
0.08340 38568.8
0.08341 38696.2
0.08342 38820.5
0.08343 38941.5
0.08344 39059.5
0.08345 39174.5
0.08346 39286.6
0.08347 39395.8
0.08348 39502.2
0.08349 39606.0
0.08350 39707.1
0.08351 39805.6
0.08352 39901.6
0.08353 39995.2
0.08354 40086.4
0.08355 40175.2
0.08356 40261.8
0.08357 40346.3
0.08358 40428.6
0.08359 40508.7
0.08360 40586.9
0.08361 40663.1
0.08362 40737.3
0.08363 40809.7
0.08364 40880.3
0.08365 40949.0
0.08366 41016.1
0.08367 41081.4
0.08368 41145.1
0.08369 41207.2
0.08370 41267.7
0.08371 41326.7
0.08372 41384.2
0.08373 41440.3
0.08374 41495.0
0.08375 41548.3
0.08376 41600.3
0.08377 41650.9
0.08378 41700.3
0.08379 41748.5
0.08380 41795.5
0.08381 41841.2
0.08382 41885.9
0.08383 41929.4
0.08384 41971.9
0.08385 42013.2
0.08386 42053.6
0.08387 42093.0
0.08388 42131.3
0.08389 42168.7
0.08390 42205.2
0.08391 42240.8
0.08392 42275.5
0.08393 42309.3
0.08394 42342.3
0.08395 42374.5
0.08396 42405.9
0.08397 42436.5
0.08398 42466.3
0.08399 42495.4
0.08400 42523.8
0.08401 42551.4
0.08402 42578.4
0.08403 42604.7
0.08404 42630.3
0.08405 42655.4
0.08406 42679.7
0.08407 42703.5
0.08408 42726.7
0.08409 42749.3
0.08410 42771.3
0.08411 42792.8
0.08412 42813.8
0.08413 42834.2
0.08414 42854.1
0.08415 42873.5
0.08416 42892.4
0.08417 42910.8
0.08418 42928.8
0.08419 42946.3
0.08420 42963.4
0.08421 42980.0
0.08422 42996.2
0.08423 43012.0
0.08424 43027.4
0.08425 43042.3
0.08426 43056.9
0.08427 43071.2
0.08428 43085.0
0.08429 43098.5
0.08430 43111.6
0.08431 43124.4
0.08432 43136.9
0.08433 43149.0
0.08434 43160.8
0.08435 43172.3
0.08436 43183.4
0.08437 43194.3
0.08438 43204.9
0.08439 43215.2
0.08440 43225.2
0.08441 43234.9
0.08442 43244.3
0.08443 43253.5
0.08444 43262.5
0.08445 43271.1
0.08446 43279.6
0.08447 43287.8
0.08448 43295.7
0.08449 43303.4
0.08450 43310.9
0.08451 43318.2
0.08452 43325.3
0.08453 43332.1
0.08454 43338.7
0.08455 43345.1
0.08456 43351.4
0.08457 43357.4
0.08458 43363.2
0.08459 43368.9
0.08460 43374.3
0.08461 43379.6
0.08462 43384.7
0.08463 43389.7
0.08464 43394.4
0.08465 43399.0
0.08466 43403.4
0.08467 43407.7
0.08468 43411.8
0.08469 43415.8
0.08470 43419.6
0.08471 43423.3
0.08472 43426.8
0.08473 43430.2
0.08474 43433.4
0.08475 43436.5
0.08476 43439.4
0.08477 43442.3
0.08478 43445.0
0.08479 43447.6
0.08480 43450.0
0.08481 43452.3
0.08482 43454.6
0.08483 43456.7
0.08484 43458.6
0.08485 43460.5
0.08486 43462.3
0.08487 43463.9
0.08488 43465.4
0.08489 43466.9
0.08490 43468.2
0.08491 43469.4
0.08492 43470.6
0.08493 43471.6
0.08494 43472.6
0.08495 43473.4
0.08496 43474.2
0.08497 43474.8
0.08498 43475.4
0.08499 43475.9
0.08500 43476.3
0.08501 43476.6
0.08502 43476.8
0.08503 43477.0
0.08504 43477.0
0.08505 43477.0
0.08506 43477.0
0.08507 43476.8
0.08508 43476.6
0.08509 43476.2
0.08510 43475.9
0.08511 43475.4
0.08512 43474.9
0.08513 43474.3
0.08514 43473.6
0.08515 43472.9
0.08516 43472.1
0.08517 43471.3
0.08518 43470.3
0.08519 43469.4
0.08520 43468.3
0.08521 43467.2
0.08522 43466.1
0.08523 43464.8
0.08524 43463.6
0.08525 43462.2
0.08526 43460.8
0.08527 43459.4
0.08528 43457.9
0.08529 43456.4
0.08530 43454.8
0.08531 43453.1
0.08532 43451.4
0.08533 43449.6
0.08534 43447.8
0.08535 43446.0
0.08536 43444.1
0.08537 43442.2
0.08538 43440.2
0.08539 43438.1
0.08540 43436.0
0.08541 43433.9
0.08542 43431.8
0.08543 43429.5
0.08544 43427.3
0.08545 43425.0
0.08546 43422.7
0.08547 43420.3
0.08548 43417.9
0.08549 43415.4
0.08550 43412.9
0.08551 43410.4
0.08552 43407.8
0.08553 43405.2
0.08554 43402.6
0.08555 43399.9
0.08556 43397.2
0.08557 43394.5
0.08558 43391.7
0.08559 43388.9
0.08560 43386.0
0.08561 43383.2
0.08562 43380.2
0.08563 43377.3
0.08564 43374.3
0.08565 43371.3
0.08566 43368.3
0.08567 43365.2
0.08568 43362.1
0.08569 43359.0
0.08570 43355.8
0.08571 43352.7
0.08572 43349.5
0.08573 43346.2
0.08574 43343.0
0.08575 43339.7
0.08576 43336.3
0.08577 43333.0
0.08578 43329.6
0.08579 43326.2
0.08580 43322.8
0.08581 43319.4
0.08582 43315.9
0.08583 43312.4
0.08584 43308.9
0.08585 43305.3
0.08586 43301.8
0.08587 43298.2
0.08588 43294.6
0.08589 43290.9
0.08590 43287.3
0.08591 43283.6
0.08592 43279.9
0.08593 43276.2
0.08594 43272.4
0.08595 43268.7
0.08596 43264.9
0.08597 43261.1
0.08598 43257.3
0.08599 43253.4
0.08600 43249.6
0.08601 43245.7
0.08602 43241.8
0.08603 43237.9
0.08604 43233.9
0.08605 43230.0
0.08606 43226.0
0.08607 43222.0
0.08608 43218.0
0.08609 43214.0
0.08610 43209.9
0.08611 43205.9
0.08612 43201.8
0.08613 43197.7
0.08614 43193.6
0.08615 43189.5
0.08616 43185.3
0.08617 43181.2
0.08618 43177.0
0.08619 43172.8
0.08620 43168.6
0.08621 43164.4
0.08622 43160.2
0.08623 43155.9
0.08624 43151.7
0.08625 43147.4
0.08626 43143.1
0.08627 43138.8
0.08628 43134.5
0.08629 43130.1
0.08630 43125.8
0.08631 43121.4
0.08632 43117.1
0.08633 43112.7
0.08634 43108.3
0.08635 43103.9
0.08636 43099.5
0.08637 43095.0
0.08638 43090.6
0.08639 43086.1
0.08640 43081.7
0.08641 43077.2
0.08642 43072.7
0.08643 43068.2
0.08644 43063.7
0.08645 43059.2
0.08646 43054.6
0.08647 43050.1
0.08648 43045.5
0.08649 43041.0
0.08650 43036.4
0.08651 43031.8
0.08652 43027.2
0.08653 43022.6
0.08654 43018.0
0.08655 43013.4
0.08656 43008.7
0.08657 43004.1
0.08658 42999.4
0.08659 42994.8
0.08660 42990.1
0.08661 42985.4
0.08662 42980.7
0.08663 42976.0
0.08664 42971.3
0.08665 42966.6
0.08666 42961.9
0.08667 42957.1
0.08668 42952.4
0.08669 42947.7
0.08670 42942.9
0.08671 42938.1
0.08672 42933.4
0.08673 42928.6
0.08674 42923.8
0.08675 42919.0
0.08676 42914.2
0.08677 42909.4
0.08678 42904.6
0.08679 42899.8
0.08680 42894.9
0.08681 42890.1
0.08682 42885.2
0.08683 42880.4
0.08684 42875.5
0.08685 42870.7
0.08686 42865.8
0.08687 42860.9
0.08688 42856.0
0.08689 42851.1
0.08690 42846.3
0.08691 42841.4
0.08692 42836.4
0.08693 42831.5
0.08694 42826.6
0.08695 42821.7
0.08696 42816.8
0.08697 42811.8
0.08698 42806.9
0.08699 42801.9
0.08700 42797.0
0.08701 42792.0
0.08702 42787.1
0.08703 42782.1
0.08704 42777.1
0.08705 42772.2
0.08706 42767.2
0.08707 42762.2
0.08708 42757.2
0.08709 42752.2
0.08710 42747.2
0.08711 42742.2
0.08712 42737.2
0.08713 42732.2
0.08714 42727.2
0.08715 42722.2
0.08716 42717.1
0.08717 42712.1
0.08718 42707.1
0.08719 42702.0
0.08720 42697.0
0.08721 42692.0
0.08722 42686.9
0.08723 42681.9
0.08724 42676.8
0.08725 42671.8
0.08726 42666.7
0.08727 42661.6
0.08728 42656.6
0.08729 42651.5
0.08730 42646.4
0.08731 42641.4
0.08732 42636.3
0.08733 42631.2
0.08734 42626.1
0.08735 42621.0
0.08736 42615.9
0.08737 42610.9
0.08738 42605.8
0.08739 42600.7
0.08740 42595.6
0.08741 42590.5
0.08742 42585.4
0.08743 42580.3
0.08744 42575.1
0.08745 42570.0
0.08746 42564.9
0.08747 42559.8
0.08748 42554.7
0.08749 42549.6
0.08750 42544.5
0.08751 42539.3
0.08752 42534.2
0.08753 42529.1
0.08754 42524.0
0.08755 42518.8
0.08756 42513.7
0.08757 42508.6
0.08758 42503.4
0.08759 42498.3
0.08760 42493.2
0.08761 42488.0
0.08762 42482.9
0.08763 42477.8
0.08764 42472.6
0.08765 42467.5
0.08766 42462.3
0.08767 42457.2
0.08768 42452.0
0.08769 42446.9
0.08770 42441.8
0.08771 42436.6
0.08772 42431.5
0.08773 42426.3
0.08774 42421.2
0.08775 42416.0
0.08776 42410.9
0.08777 42405.7
0.08778 42400.6
0.08779 42395.4
0.08780 42390.3
0.08781 42385.1
0.08782 42379.9
0.08783 42374.8
0.08784 42369.6
0.08785 42364.5
0.08786 42359.3
0.08787 42354.2
0.08788 42349.0
0.08789 42343.9
0.08790 42338.7
0.08791 42333.6
0.08792 42328.4
0.08793 42323.3
0.08794 42318.1
0.08795 42313.0
0.08796 42307.8
0.08797 42302.7
0.08798 42297.5
0.08799 42292.4
0.08800 42287.2
0.08801 42282.1
0.08802 42276.9
0.08803 42271.8
0.08804 42266.6
0.08805 42261.5
0.08806 42256.3
0.08807 42251.2
0.08808 42246.0
0.08809 42240.9
0.08810 42235.7
0.08811 42230.6
0.08812 42225.4
0.08813 42220.3
0.08814 42215.2
0.08815 42210.0
0.08816 42204.9
0.08817 42199.8
0.08818 42194.6
0.08819 42189.5
0.08820 42184.4
0.08821 42179.2
0.08822 42174.1
0.08823 42169.0
0.08824 42163.8
0.08825 42158.7
0.08826 42153.6
0.08827 42148.5
0.08828 42143.3
0.08829 42138.2
0.08830 42133.1
0.08831 42128.0
0.08832 42122.9
0.08833 42117.8
0.08834 42112.6
0.08835 42107.5
0.08836 42102.4
0.08837 42097.3
0.08838 42092.2
0.08839 42087.1
0.08840 42082.0
0.08841 42076.9
0.08842 42071.8
0.08843 42066.7
0.08844 42061.6
0.08845 42056.5
0.08846 42051.4
0.08847 42046.3
0.08848 42041.3
0.08849 42036.2
0.08850 42031.1
0.08851 42026.0
0.08852 42020.9
0.08853 42015.9
0.08854 42010.8
0.08855 42005.7
0.08856 42000.7
0.08857 41995.6
0.08858 41990.5
0.08859 41985.5
0.08860 41980.4
0.08861 41975.4
0.08862 41970.3
0.08863 41965.3
0.08864 41960.2
0.08865 41955.2
0.08866 41950.1
0.08867 41945.1
0.08868 41940.0
0.08869 41935.0
0.08870 41930.0
0.08871 41925.0
0.08872 41919.9
0.08873 41914.9
0.08874 41909.9
0.08875 41904.9
0.08876 41899.9
0.08877 41894.8
0.08878 41889.8
0.08879 41884.8
0.08880 41879.8
0.08881 41874.8
0.08882 41869.8
0.08883 41864.8
0.08884 41859.8
0.08885 41854.9
0.08886 41849.9
0.08887 41844.9
0.08888 41839.9
0.08889 41834.9
0.08890 41830.0
0.08891 41825.0
0.08892 41820.0
0.08893 41815.1
0.08894 41810.1
0.08895 41805.2
0.08896 41800.2
0.08897 41795.3
0.08898 41790.3
0.08899 41785.4
0.08900 41780.4
0.08901 41775.5
0.08902 41770.6
0.08903 41765.6
0.08904 41760.7
0.08905 41755.8
0.08906 41750.9
0.08907 41746.0
0.08908 41741.0
0.08909 41736.1
0.08910 41731.2
0.08911 41726.3
0.08912 41721.4
0.08913 41716.5
0.08914 41711.7
0.08915 41706.8
0.08916 41701.9
0.08917 41697.0
0.08918 41692.1
0.08919 41687.3
0.08920 41682.4
0.08921 41677.5
0.08922 41672.7
0.08923 41667.8
0.08924 41663.0
0.08925 41658.1
0.08926 41653.3
0.08927 41648.5
0.08928 41643.6
0.08929 41638.8
0.08930 41634.0
0.08931 41629.1
0.08932 41624.3
0.08933 41619.5
0.08934 41614.7
0.08935 41609.9
0.08936 41605.1
0.08937 41600.3
0.08938 41595.5
0.08939 41590.7
0.08940 41585.9
0.08941 41581.1
0.08942 41576.4
0.08943 41571.6
0.08944 41566.8
0.08945 41562.1
0.08946 41557.3
0.08947 41552.5
0.08948 41547.8
0.08949 41543.0
0.08950 41538.3
0.08951 41533.6
0.08952 41528.8
0.08953 41524.1
0.08954 41519.4
0.08955 41514.6
0.08956 41509.9
0.08957 41505.2
0.08958 41500.5
0.08959 41495.8
0.08960 41491.1
0.08961 41486.4
0.08962 41481.7
0.08963 41477.0
0.08964 41472.4
0.08965 41467.7
0.08966 41463.0
0.08967 41458.3
0.08968 41453.7
0.08969 41449.0
0.08970 41444.4
0.08971 41439.7
0.08972 41435.1
0.08973 41430.4
0.08974 41425.8
0.08975 41421.2
0.08976 41416.5
0.08977 41411.9
0.08978 41407.3
0.08979 41402.7
0.08980 41398.1
0.08981 41393.5
0.08982 41388.9
0.08983 41384.3
0.08984 41379.7
0.08985 41375.1
0.08986 41370.5
0.08987 41366.0
0.08988 41361.4
0.08989 41356.8
0.08990 41352.3
0.08991 41347.7
0.08992 41343.2
0.08993 41338.6
0.08994 41334.1
0.08995 41329.5
0.08996 41325.0
0.08997 41320.5
0.08998 41316.0
0.08999 41311.4
0.09000 41306.9
0.09001 41302.4
0.09002 41297.9
0.09003 41293.4
0.09004 41288.9
0.09005 41284.5
0.09006 41280.0
0.09007 41275.5
0.09008 41271.0
0.09009 41266.6
0.09010 41262.1
0.09011 41257.6
0.09012 41253.2
0.09013 41248.7
0.09014 41244.3
0.09015 41239.9
0.09016 41235.4
0.09017 41231.0
0.09018 41226.6
0.09019 41222.2
0.09020 41217.8
0.09021 41213.4
0.09022 41209.0
0.09023 41204.6
0.09024 41200.2
0.09025 41195.8
0.09026 41191.4
0.09027 41187.0
0.09028 41182.7
0.09029 41178.3
0.09030 41173.9
0.09031 41169.6
0.09032 41165.2
0.09033 41160.9
0.09034 41156.5
0.09035 41152.2
0.09036 41147.9
0.09037 41143.6
0.09038 41139.2
0.09039 41134.9
0.09040 41130.6
0.09041 41126.3
0.09042 41122.0
0.09043 41117.7
0.09044 41113.4
0.09045 41109.2
0.09046 41104.9
0.09047 41100.6
0.09048 41096.3
0.09049 41092.1
0.09050 41087.8
0.09051 41083.6
0.09052 41079.3
0.09053 41075.1
0.09054 41070.9
0.09055 41066.6
0.09056 41062.4
0.09057 41058.2
0.09058 41054.0
0.09059 41049.8
0.09060 41045.6
0.09061 41041.4
0.09062 41037.2
0.09063 41033.0
0.09064 41028.8
0.09065 41024.6
0.09066 41020.5
0.09067 41016.3
0.09068 41012.1
0.09069 41008.0
0.09070 41003.8
0.09071 40999.7
0.09072 40995.5
0.09073 40991.4
0.09074 40987.3
0.09075 40983.2
0.09076 40979.0
0.09077 40974.9
0.09078 40970.8
0.09079 40966.7
0.09080 40962.6
0.09081 40958.5
0.09082 40954.5
0.09083 40950.4
0.09084 40946.3
0.09085 40942.2
0.09086 40938.2
0.09087 40934.1
0.09088 40930.1
0.09089 40926.0
0.09090 40922.0
0.09091 40917.9
0.09092 40913.9
0.09093 40909.9
0.09094 40905.9
0.09095 40901.9
0.09096 40897.8
0.09097 40893.8
0.09098 40889.8
0.09099 40885.9
0.09100 40881.9
0.09101 40877.9
0.09102 40873.9
0.09103 40869.9
0.09104 40866.0
0.09105 40862.0
0.09106 40858.1
0.09107 40854.1
0.09108 40850.2
0.09109 40846.2
0.09110 40842.3
0.09111 40838.4
0.09112 40834.4
0.09113 40830.5
0.09114 40826.6
0.09115 40822.7
0.09116 40818.8
0.09117 40814.9
0.09118 40811.0
0.09119 40807.2
0.09120 40803.3
0.09121 40799.4
0.09122 40795.5
0.09123 40791.7
0.09124 40787.8
0.09125 40784.0
0.09126 40780.1
0.09127 40776.3
0.09128 40772.4
0.09129 40768.6
0.09130 40764.8
0.09131 40761.0
0.09132 40757.2
0.09133 40753.4
0.09134 40749.6
0.09135 40745.8
0.09136 40742.0
0.09137 40738.2
0.09138 40734.4
0.09139 40730.6
0.09140 40726.9
0.09141 40723.1
0.09142 40719.3
0.09143 40715.6
0.09144 40711.8
0.09145 40708.1
0.09146 40704.4
0.09147 40700.6
0.09148 40696.9
0.09149 40693.2
0.09150 40689.5
0.09151 40685.8
0.09152 40682.1
0.09153 40678.4
0.09154 40674.7
0.09155 40671.0
0.09156 40667.3
0.09157 40663.6
0.09158 40660.0
0.09159 40656.3
0.09160 40652.6
0.09161 40649.0
0.09162 40645.3
0.09163 40641.7
0.09164 40638.1
0.09165 40634.4
0.09166 40630.8
0.09167 40627.2
0.09168 40623.6
0.09169 40620.0
0.09170 40616.4
0.09171 40612.8
0.09172 40609.2
0.09173 40605.6
0.09174 40602.0
0.09175 40598.4
0.09176 40594.8
0.09177 40591.3
0.09178 40587.7
0.09179 40584.2
0.09180 40580.6
0.09181 40577.1
0.09182 40573.5
0.09183 40570.0
0.09184 40566.5
0.09185 40562.9
0.09186 40559.4
0.09187 40555.9
0.09188 40552.4
0.09189 40548.9
0.09190 40545.4
0.09191 40541.9
0.09192 40538.4
0.09193 40534.9
0.09194 40531.5
0.09195 40528.0
0.09196 40524.5
0.09197 40521.1
0.09198 40517.6
0.09199 40514.2
0.09200 40510.7
0.09201 40507.3
0.09202 40503.9
0.09203 40500.4
0.09204 40497.0
0.09205 40493.6
0.09206 40490.2
0.09207 40486.8
0.09208 40483.4
0.09209 40480.0
0.09210 40476.6
0.09211 40473.2
0.09212 40469.8
0.09213 40466.5
0.09214 40463.1
0.09215 40459.7
0.09216 40456.4
0.09217 40453.0
0.09218 40449.7
0.09219 40446.3
0.09220 40443.0
0.09221 40439.7
0.09222 40436.4
0.09223 40433.0
0.09224 40429.7
0.09225 40426.4
0.09226 40423.1
0.09227 40419.8
0.09228 40416.5
0.09229 40413.2
0.09230 40409.9
0.09231 40406.7
0.09232 40403.4
0.09233 40400.1
0.09234 40396.9
0.09235 40393.6
0.09236 40390.4
0.09237 40387.1
0.09238 40383.9
0.09239 40380.6
0.09240 40377.4
0.09241 40374.2
0.09242 40371.0
0.09243 40367.7
0.09244 40364.5
0.09245 40361.3
0.09246 40358.1
0.09247 40354.9
0.09248 40351.8
0.09249 40348.6
0.09250 40345.4
0.09251 40342.2
0.09252 40339.1
0.09253 40335.9
0.09254 40332.7
0.09255 40329.6
0.09256 40326.4
0.09257 40323.3
0.09258 40320.2
0.09259 40317.0
0.09260 40313.9
0.09261 40310.8
0.09262 40307.7
0.09263 40304.5
0.09264 40301.4
0.09265 40298.3
0.09266 40295.2
0.09267 40292.2
0.09268 40289.1
0.09269 40286.0
0.09270 40282.9
0.09271 40279.8
0.09272 40276.8
0.09273 40273.7
0.09274 40270.7
0.09275 40267.6
0.09276 40264.6
0.09277 40261.5
0.09278 40258.5
0.09279 40255.5
0.09280 40252.4
0.09281 40249.4
0.09282 40246.4
0.09283 40243.4
0.09284 40240.4
0.09285 40237.4
0.09286 40234.4
0.09287 40231.4
0.09288 40228.4
0.09289 40225.5
0.09290 40222.5
0.09291 40219.5
0.09292 40216.6
0.09293 40213.6
0.09294 40210.6
0.09295 40207.7
0.09296 40204.8
0.09297 40201.8
0.09298 40198.9
0.09299 40196.0
0.09300 40193.0
0.09301 40190.1
0.09302 40187.2
0.09303 40184.3
0.09304 40181.4
0.09305 40178.5
0.09306 40175.6
0.09307 40172.7
0.09308 40169.8
0.09309 40166.9
0.09310 40164.1
0.09311 40161.2
0.09312 40158.3
0.09313 40155.5
0.09314 40152.6
0.09315 40149.8
0.09316 40146.9
0.09317 40144.1
0.09318 40141.2
0.09319 40138.4
0.09320 40135.6
0.09321 40132.8
0.09322 40130.0
0.09323 40127.1
0.09324 40124.3
0.09325 40121.5
0.09326 40118.7
0.09327 40115.9
0.09328 40113.2
0.09329 40110.4
0.09330 40107.6
0.09331 40104.8
0.09332 40102.1
0.09333 40099.3
0.09334 40096.5
0.09335 40093.8
0.09336 40091.0
0.09337 40088.3
0.09338 40085.6
0.09339 40082.8
0.09340 40080.1
0.09341 40077.4
0.09342 40074.7
0.09343 40071.9
0.09344 40069.2
0.09345 40066.5
0.09346 40063.8
0.09347 40061.1
0.09348 40058.4
0.09349 40055.7
0.09350 40053.1
0.09351 40050.4
0.09352 40047.7
0.09353 40045.0
0.09354 40042.4
0.09355 40039.7
0.09356 40037.1
0.09357 40034.4
0.09358 40031.8
0.09359 40029.1
0.09360 40026.5
0.09361 40023.9
0.09362 40021.2
0.09363 40018.6
0.09364 40016.0
0.09365 40013.4
0.09366 40010.8
0.09367 40008.2
0.09368 40005.6
0.09369 40003.0
0.09370 40000.4
0.09371 39997.8
0.09372 39995.2
0.09373 39992.7
0.09374 39990.1
0.09375 39987.5
0.09376 39985.0
0.09377 39982.4
0.09378 39979.9
0.09379 39977.3
0.09380 39974.8
0.09381 39972.2
0.09382 39969.7
0.09383 39967.2
0.09384 39964.6
0.09385 39962.1
0.09386 39959.6
0.09387 39957.1
0.09388 39954.6
0.09389 39952.1
0.09390 39949.6
0.09391 39947.1
0.09392 39944.6
0.09393 39942.1
0.09394 39939.6
0.09395 39937.1
0.09396 39934.7
0.09397 39932.2
0.09398 39929.7
0.09399 39927.3
0.09400 39924.8
0.09401 39922.4
0.09402 39919.9
0.09403 39917.5
0.09404 39915.1
0.09405 39912.6
0.09406 39910.2
0.09407 39907.8
0.09408 39905.4
0.09409 39902.9
0.09410 39900.5
0.09411 39898.1
0.09412 39895.7
0.09413 39893.3
0.09414 39890.9
0.09415 39888.5
0.09416 39886.2
0.09417 39883.8
0.09418 39881.4
0.09419 39879.0
0.09420 39876.7
0.09421 39874.3
0.09422 39871.9
0.09423 39869.6
0.09424 39867.2
0.09425 39864.9
0.09426 39862.6
0.09427 39860.2
0.09428 39857.9
0.09429 39855.6
0.09430 39853.2
0.09431 39850.9
0.09432 39848.6
0.09433 39846.3
0.09434 39844.0
0.09435 39841.7
0.09436 39839.4
0.09437 39837.1
0.09438 39834.8
0.09439 39832.5
0.09440 39830.2
0.09441 39827.9
0.09442 39825.7
0.09443 39823.4
0.09444 39821.1
0.09445 39818.9
0.09446 39816.6
0.09447 39814.3
0.09448 39812.1
0.09449 39809.9
0.09450 39807.6
0.09451 39805.4
0.09452 39803.1
0.09453 39800.9
0.09454 39798.7
0.09455 39796.5
0.09456 39794.2
0.09457 39792.0
0.09458 39789.8
0.09459 39787.6
0.09460 39785.4
0.09461 39783.2
0.09462 39781.0
0.09463 39778.8
0.09464 39776.7
0.09465 39774.5
0.09466 39772.3
0.09467 39770.1
0.09468 39768.0
0.09469 39765.8
0.09470 39763.6
0.09471 39761.5
0.09472 39759.3
0.09473 39757.2
0.09474 39755.0
0.09475 39752.9
0.09476 39750.8
0.09477 39748.6
0.09478 39746.5
0.09479 39744.4
0.09480 39742.2
0.09481 39740.1
0.09482 39738.0
0.09483 39735.9
0.09484 39733.8
0.09485 39731.7
0.09486 39729.6
0.09487 39727.5
0.09488 39725.4
0.09489 39723.3
0.09490 39721.2
0.09491 39719.2
0.09492 39717.1
0.09493 39715.0
0.09494 39713.0
0.09495 39710.9
0.09496 39708.8
0.09497 39706.8
0.09498 39704.7
0.09499 39702.7
0.09500 39700.6
0.09501 39698.6
0.09502 39696.6
0.09503 39694.5
0.09504 39692.5
0.09505 39690.5
0.09506 39688.5
0.09507 39686.4
0.09508 39684.4
0.09509 39682.4
0.09510 39680.4
0.09511 39678.4
0.09512 39676.4
0.09513 39674.4
0.09514 39672.4
0.09515 39670.4
0.09516 39668.5
0.09517 39666.5
0.09518 39664.5
0.09519 39662.5
0.09520 39660.6
0.09521 39658.6
0.09522 39656.6
0.09523 39654.7
0.09524 39652.7
0.09525 39650.8
0.09526 39648.8
0.09527 39646.9
0.09528 39644.9
0.09529 39643.0
0.09530 39641.1
0.09531 39639.1
0.09532 39637.2
0.09533 39635.3
0.09534 39633.4
0.09535 39631.5
0.09536 39629.5
0.09537 39627.6
0.09538 39625.7
0.09539 39623.8
0.09540 39621.9
0.09541 39620.0
0.09542 39618.2
0.09543 39616.3
0.09544 39614.4
0.09545 39612.5
0.09546 39610.6
0.09547 39608.8
0.09548 39606.9
0.09549 39605.0
0.09550 39603.2
0.09551 39601.3
0.09552 39599.5
0.09553 39597.6
0.09554 39595.8
0.09555 39593.9
0.09556 39592.1
0.09557 39590.2
0.09558 39588.4
0.09559 39586.6
0.09560 39584.7
0.09561 39582.9
0.09562 39581.1
0.09563 39579.3
0.09564 39577.5
0.09565 39575.7
0.09566 39573.9
0.09567 39572.1
0.09568 39570.3
0.09569 39568.5
0.09570 39566.7
0.09571 39564.9
0.09572 39563.1
0.09573 39561.3
0.09574 39559.5
0.09575 39557.8
0.09576 39556.0
0.09577 39554.2
0.09578 39552.5
0.09579 39550.7
0.09580 39548.9
0.09581 39547.2
0.09582 39545.4
0.09583 39543.7
0.09584 39541.9
0.09585 39540.2
0.09586 39538.5
0.09587 39536.7
0.09588 39535.0
0.09589 39533.3
0.09590 39531.5
0.09591 39529.8
0.09592 39528.1
0.09593 39526.4
0.09594 39524.7
0.09595 39523.0
0.09596 39521.2
0.09597 39519.5
0.09598 39517.8
0.09599 39516.1
0.09600 39514.5
0.09601 39512.8
0.09602 39511.1
0.09603 39509.4
0.09604 39507.7
0.09605 39506.0
0.09606 39504.4
0.09607 39502.7
0.09608 39501.0
0.09609 39499.4
0.09610 39497.7
0.09611 39496.0
0.09612 39494.4
0.09613 39492.7
0.09614 39491.1
0.09615 39489.4
0.09616 39487.8
0.09617 39486.2
0.09618 39484.5
0.09619 39482.9
0.09620 39481.3
0.09621 39479.6
0.09622 39478.0
0.09623 39476.4
0.09624 39474.8
0.09625 39473.2
0.09626 39471.5
0.09627 39469.9
0.09628 39468.3
0.09629 39466.7
0.09630 39465.1
0.09631 39463.5
0.09632 39461.9
0.09633 39460.4
0.09634 39458.8
0.09635 39457.2
0.09636 39455.6
0.09637 39454.0
0.09638 39452.5
0.09639 39450.9
0.09640 39449.3
0.09641 39447.7
0.09642 39446.2
0.09643 39444.6
0.09644 39443.1
0.09645 39441.5
0.09646 39440.0
0.09647 39438.4
0.09648 39436.9
0.09649 39435.3
0.09650 39433.8
0.09651 39432.3
0.09652 39430.7
0.09653 39429.2
0.09654 39427.7
0.09655 39426.1
0.09656 39424.6
0.09657 39423.1
0.09658 39421.6
0.09659 39420.1
0.09660 39418.6
0.09661 39417.1
0.09662 39415.6
0.09663 39414.0
0.09664 39412.6
0.09665 39411.1
0.09666 39409.6
0.09667 39408.1
0.09668 39406.6
0.09669 39405.1
0.09670 39403.6
0.09671 39402.1
0.09672 39400.7
0.09673 39399.2
0.09674 39397.7
0.09675 39396.3
0.09676 39394.8
0.09677 39393.3
0.09678 39391.9
0.09679 39390.4
0.09680 39389.0
0.09681 39387.5
0.09682 39386.1
0.09683 39384.6
0.09684 39383.2
0.09685 39381.7
0.09686 39380.3
0.09687 39378.9
0.09688 39377.4
0.09689 39376.0
0.09690 39374.6
0.09691 39373.2
0.09692 39371.7
0.09693 39370.3
0.09694 39368.9
0.09695 39367.5
0.09696 39366.1
0.09697 39364.7
0.09698 39363.3
0.09699 39361.9
0.09700 39360.5
0.09701 39359.1
0.09702 39357.7
0.09703 39356.3
0.09704 39354.9
0.09705 39353.5
0.09706 39352.2
0.09707 39350.8
0.09708 39349.4
0.09709 39348.0
0.09710 39346.7
0.09711 39345.3
0.09712 39343.9
0.09713 39342.6
0.09714 39341.2
0.09715 39339.8
0.09716 39338.5
0.09717 39337.1
0.09718 39335.8
0.09719 39334.4
0.09720 39333.1
0.09721 39331.7
0.09722 39330.4
0.09723 39329.1
0.09724 39327.7
0.09725 39326.4
0.09726 39325.1
0.09727 39323.7
0.09728 39322.4
0.09729 39321.1
0.09730 39319.8
0.09731 39318.5
0.09732 39317.1
0.09733 39315.8
0.09734 39314.5
0.09735 39313.2
0.09736 39311.9
0.09737 39310.6
0.09738 39309.3
0.09739 39308.0
0.09740 39306.7
0.09741 39305.4
0.09742 39304.1
0.09743 39302.9
0.09744 39301.6
0.09745 39300.3
0.09746 39299.0
0.09747 39297.7
0.09748 39296.5
0.09749 39295.2
0.09750 39293.9
0.09751 39292.7
0.09752 39291.4
0.09753 39290.1
0.09754 39288.9
0.09755 39287.6
0.09756 39286.4
0.09757 39285.1
0.09758 39283.9
0.09759 39282.6
0.09760 39281.4
0.09761 39280.1
0.09762 39278.9
0.09763 39277.6
0.09764 39276.4
0.09765 39275.2
0.09766 39273.9
0.09767 39272.7
0.09768 39271.5
0.09769 39270.3
0.09770 39269.0
0.09771 39267.8
0.09772 39266.6
0.09773 39265.4
0.09774 39264.2
0.09775 39263.0
0.09776 39261.8
0.09777 39260.6
0.09778 39259.4
0.09779 39258.2
0.09780 39257.0
0.09781 39255.8
0.09782 39254.6
0.09783 39253.4
0.09784 39252.2
0.09785 39251.0
0.09786 39249.8
0.09787 39248.6
0.09788 39247.5
0.09789 39246.3
0.09790 39245.1
0.09791 39243.9
0.09792 39242.8
0.09793 39241.6
0.09794 39240.4
0.09795 39239.3
0.09796 39238.1
0.09797 39236.9
0.09798 39235.8
0.09799 39234.6
0.09800 39233.5
0.09801 39232.3
0.09802 39231.2
0.09803 39230.0
0.09804 39228.9
0.09805 39227.7
0.09806 39226.6
0.09807 39225.5
0.09808 39224.3
0.09809 39223.2
0.09810 39222.1
0.09811 39220.9
0.09812 39219.8
0.09813 39218.7
0.09814 39217.6
0.09815 39216.5
0.09816 39215.3
0.09817 39214.2
0.09818 39213.1
0.09819 39212.0
0.09820 39210.9
0.09821 39209.8
0.09822 39208.7
0.09823 39207.6
0.09824 39206.5
0.09825 39205.4
0.09826 39204.3
0.09827 39203.2
0.09828 39202.1
0.09829 39201.0
0.09830 39199.9
0.09831 39198.8
0.09832 39197.7
0.09833 39196.7
0.09834 39195.6
0.09835 39194.5
0.09836 39193.4
0.09837 39192.4
0.09838 39191.3
0.09839 39190.2
0.09840 39189.2
0.09841 39188.1
0.09842 39187.0
0.09843 39186.0
0.09844 39184.9
0.09845 39183.9
0.09846 39182.8
0.09847 39181.7
0.09848 39180.7
0.09849 39179.7
0.09850 39178.6
0.09851 39177.6
0.09852 39176.5
0.09853 39175.5
0.09854 39174.4
0.09855 39173.4
0.09856 39172.4
0.09857 39171.3
0.09858 39170.3
0.09859 39169.3
0.09860 39168.3
0.09861 39167.2
0.09862 39166.2
0.09863 39165.2
0.09864 39164.2
0.09865 39163.2
0.09866 39162.1
0.09867 39161.1
0.09868 39160.1
0.09869 39159.1
0.09870 39158.1
0.09871 39157.1
0.09872 39156.1
0.09873 39155.1
0.09874 39154.1
0.09875 39153.1
0.09876 39152.1
0.09877 39151.1
0.09878 39150.1
0.09879 39149.1
0.09880 39148.1
0.09881 39147.2
0.09882 39146.2
0.09883 39145.2
0.09884 39144.2
0.09885 39143.2
0.09886 39142.3
0.09887 39141.3
0.09888 39140.3
0.09889 39139.3
0.09890 39138.4
0.09891 39137.4
0.09892 39136.4
0.09893 39135.5
0.09894 39134.5
0.09895 39133.6
0.09896 39132.6
0.09897 39131.6
0.09898 39130.7
0.09899 39129.7
0.09900 39128.8
0.09901 39127.8
0.09902 39126.9
0.09903 39126.0
0.09904 39125.0
0.09905 39124.1
0.09906 39123.1
0.09907 39122.2
0.09908 39121.3
0.09909 39120.3
0.09910 39119.4
0.09911 39118.5
0.09912 39117.5
0.09913 39116.6
0.09914 39115.7
0.09915 39114.8
0.09916 39113.8
0.09917 39112.9
0.09918 39112.0
0.09919 39111.1
0.09920 39110.2
0.09921 39109.3
0.09922 39108.4
0.09923 39107.4
0.09924 39106.5
0.09925 39105.6
0.09926 39104.7
0.09927 39103.8
0.09928 39102.9
0.09929 39102.0
0.09930 39101.1
0.09931 39100.2
0.09932 39099.4
0.09933 39098.5
0.09934 39097.6
0.09935 39096.7
0.09936 39095.8
0.09937 39094.9
0.09938 39094.0
0.09939 39093.1
0.09940 39092.3
0.09941 39091.4
0.09942 39090.5
0.09943 39089.6
0.09944 39088.8
0.09945 39087.9
0.09946 39087.0
0.09947 39086.2
0.09948 39085.3
0.09949 39084.4
0.09950 39083.6
0.09951 39082.7
0.09952 39081.9
0.09953 39081.0
0.09954 39080.1
0.09955 39079.3
0.09956 39078.4
0.09957 39077.6
0.09958 39076.7
0.09959 39075.9
0.09960 39075.0
0.09961 39074.2
0.09962 39073.4
0.09963 39072.5
0.09964 39071.7
0.09965 39070.8
0.09966 39070.0
0.09967 39069.2
0.09968 39068.3
0.09969 39067.5
0.09970 39066.7
0.09971 39065.8
0.09972 39065.0
0.09973 39064.2
0.09974 39063.4
0.09975 39062.5
0.09976 39061.7
0.09977 39060.9
0.09978 39060.1
0.09979 39059.3
0.09980 39058.5
0.09981 39057.6
0.09982 39056.8
0.09983 39056.0
0.09984 39055.2
0.09985 39054.4
0.09986 39053.6
0.09987 39052.8
0.09988 39052.0
0.09989 39051.2
0.09990 39050.4
0.09991 39049.6
0.09992 39048.8
0.09993 39048.0
0.09994 39047.2
0.09995 39046.4
0.09996 39045.6
0.09997 39044.9
0.09998 39044.1
0.09999 39043.3
0.10000 38577.4
0.10001 38577.4
0.10002 38577.4
0.10003 38577.4
0.10004 38577.4
0.10005 38577.4
0.10006 38577.4
0.10007 38577.4
0.10008 38577.4
0.10009 38577.4
0.10010 38577.4
0.10011 38577.4
0.10012 38577.4
0.10013 38577.4
0.10014 38577.4
0.10015 38577.4
0.10016 38577.4
0.10017 38577.4
0.10018 38577.4
0.10019 38577.4
0.10020 38577.4
0.10021 38577.4
0.10022 38577.4
0.10023 38577.4
0.10024 38577.4
0.10025 38577.4
0.10026 38577.4
0.10027 38577.4
0.10028 38577.4
0.10029 38577.4
0.10030 38577.4
0.10031 38577.4
0.10032 38577.4
0.10033 38577.4
0.10034 38577.4
0.10035 38577.4
0.10036 38577.4
0.10037 38577.4
0.10038 38577.4
0.10039 38577.4
0.10040 38577.4
0.10041 38577.4
0.10042 38577.4
0.10043 38577.4
0.10044 38577.4
0.10045 38577.4
0.10046 38577.4
0.10047 38577.4
0.10048 38577.4
0.10049 38577.4
0.10050 38577.4
0.10051 38577.4
0.10052 38577.4
0.10053 38577.4
0.10054 38577.4
0.10055 38577.4
0.10056 38577.4
0.10057 38577.4
0.10058 38577.4
0.10059 38577.4
0.10060 38577.4
0.10061 38577.4
0.10062 38577.4
0.10063 38577.4
0.10064 38577.4
0.10065 38577.4
0.10066 38577.4
0.10067 38577.4
0.10068 38577.4
0.10069 38577.4
0.10070 38577.4
0.10071 38577.4
0.10072 38577.4
0.10073 38577.4
0.10074 38577.4
0.10075 38577.4
0.10076 38577.4
0.10077 38577.4
0.10078 38577.4
0.10079 38577.4
0.10080 38577.4
0.10081 38577.4
0.10082 38577.4
0.10083 38577.4
0.10084 38577.4
0.10085 38577.4
0.10086 38577.4
0.10087 38577.4
0.10088 38577.4
0.10089 38577.4
0.10090 38577.4
0.10091 38577.4
0.10092 38577.4
0.10093 38577.4
0.10094 38577.4
0.10095 38577.4
0.10096 38577.4
0.10097 38577.4
0.10098 38577.4
0.10099 38577.4
0.10100 38577.4
0.10101 37153.6
0.10102 35786.4
0.10103 34473.5
0.10104 33212.4
0.10105 32001.1
0.10106 30837.4
0.10107 29719.2
0.10108 28644.6
0.10109 27611.7
0.10110 26618.9
0.10111 25664.4
0.10112 24746.5
0.10113 23863.7
0.10114 23014.5
0.10115 22197.5
0.10116 21411.2
0.10117 20654.4
0.10118 19925.7
0.10119 19223.9
0.10120 18547.8
0.10121 17896.2
0.10122 17268.0
0.10123 16662.0
0.10124 16077.3
0.10125 15512.7
0.10126 14967.2
0.10127 14439.7
0.10128 13929.4
0.10129 13435.1
0.10130 12955.9
0.10131 12490.9
0.10132 12038.9
0.10133 11599.2
0.10134 11170.5
0.10135 10752.1
0.10136 10342.8
0.10137 9941.8
0.10138 9547.9
0.10139 9160.3
0.10140 8777.8
0.10141 8399.5
0.10142 8024.5
0.10143 7651.7
0.10144 7280.2
0.10145 6909.3
0.10146 6538.1
0.10147 6166.0
0.10148 5792.4
0.10149 5417.2
0.10150 5040.2
0.10151 4839.3
0.10152 4613.5
0.10153 4364.5
0.10154 4095.1
0.10155 3808.3
0.10156 3508.3
0.10157 3199.7
0.10158 2887.6
0.10159 2577.9
0.10160 2276.6
0.10161 1989.7
0.10162 1723.0
0.10163 1481.3
0.10164 1268.4
0.10165 1086.2
0.10166 935.0
0.10167 812.8
0.10168 716.6
0.10169 642.2
0.10170 585.3
0.10171 542.1
0.10172 509.2
0.10173 484.3
0.10174 465.3
0.10175 450.9
0.10176 440.1
0.10177 432.2
0.10178 426.7
0.10179 423.2
0.10180 421.3
0.10181 421.0
0.10182 421.9
0.10183 424.2
0.10184 427.6
0.10185 432.1
0.10186 437.7
0.10187 444.5
0.10188 452.3
0.10189 461.3
0.10190 471.4
0.10191 482.8
0.10192 495.5
0.10193 509.5
0.10194 524.9
0.10195 541.9
0.10196 560.5
0.10197 580.8
0.10198 603.0
0.10199 627.2
0.10200 653.4
0.10201 682.0
0.10202 713.0
0.10203 746.6
0.10204 783.0
0.10205 822.5
0.10206 865.1
0.10207 911.2
0.10208 961.0
0.10209 1014.7
0.10210 1072.5
0.10211 1134.8
0.10212 1201.9
0.10213 1273.9
0.10214 1351.2
0.10215 1434.0
0.10216 1522.7
0.10217 1617.6
0.10218 1718.9
0.10219 1826.9
0.10220 1941.8
0.10221 2064.1
0.10222 2193.8
0.10223 2331.2
0.10224 2476.6
0.10225 2630.2
0.10226 2792.1
0.10227 2962.4
0.10228 3141.3
0.10229 3329.0
0.10230 3525.5
0.10231 3730.8
0.10232 3944.9
0.10233 4168.0
0.10234 4399.9
0.10235 4640.6
0.10236 4890.1
0.10237 5148.2
0.10238 5414.9
0.10239 5690.0
0.10240 5973.5
0.10241 6265.1
0.10242 6564.8
0.10243 6872.3
0.10244 7187.5
0.10245 7510.2
0.10246 7840.2
0.10247 8177.4
0.10248 8521.6
0.10249 8872.5
0.10250 9230.0
0.10251 9593.9
0.10252 9964.0
0.10253 10340.2
0.10254 10722.1
0.10255 11109.7
0.10256 11502.7
0.10257 11900.8
0.10258 12304.0
0.10259 12712.0
0.10260 13124.5
0.10261 13541.3
0.10262 13962.2
0.10263 14386.8
0.10264 14815.0
0.10265 15246.4
0.10266 15680.8
0.10267 16117.8
0.10268 16557.1
0.10269 16998.4
0.10270 17441.4
0.10271 17885.6
0.10272 18330.8
0.10273 18776.5
0.10274 19222.4
0.10275 19668.0
0.10276 20113.1
0.10277 20557.2
0.10278 20999.9
0.10279 21440.9
0.10280 21879.8
0.10281 22316.2
0.10282 22749.7
0.10283 23180.0
0.10284 23606.8
0.10285 24029.7
0.10286 24448.5
0.10287 24862.8
0.10288 25272.4
0.10289 25677.0
0.10290 26076.5
0.10291 26470.5
0.10292 26858.9
0.10293 27241.5
0.10294 27618.2
0.10295 27988.8
0.10296 28353.2
0.10297 28711.3
0.10298 29063.1
0.10299 29408.5
0.10300 29747.4
0.10301 30079.8
0.10302 30405.7
0.10303 30725.0
0.10304 31037.9
0.10305 31344.3
0.10306 31644.2
0.10307 31937.7
0.10308 32224.9
0.10309 32505.7
0.10310 32780.3
0.10311 33048.7
0.10312 33311.1
0.10313 33567.4
0.10314 33817.8
0.10315 34062.3
0.10316 34301.1
0.10317 34534.3
0.10318 34761.9
0.10319 34984.1
0.10320 35200.8
0.10321 35412.4
0.10322 35618.8
0.10323 35820.1
0.10324 36016.6
0.10325 36208.1
0.10326 36395.0
0.10327 36577.2
0.10328 36754.8
0.10329 36928.0
0.10330 37096.9
0.10331 37261.6
0.10332 37422.1
0.10333 37578.6
0.10334 37731.2
0.10335 37879.9
0.10336 38024.8
0.10337 38166.1
0.10338 38303.8
0.10339 38438.0
0.10340 38568.8
0.10341 38696.2
0.10342 38820.5
0.10343 38941.5
0.10344 39059.5
0.10345 39174.5
0.10346 39286.6
0.10347 39395.8
0.10348 39502.2
0.10349 39606.0
0.10350 39707.1
0.10351 39805.6
0.10352 39901.6
0.10353 39995.2
0.10354 40086.4
0.10355 40175.2
0.10356 40261.8
0.10357 40346.3
0.10358 40428.6
0.10359 40508.7
0.10360 40586.9
0.10361 40663.1
0.10362 40737.3
0.10363 40809.7
0.10364 40880.3
0.10365 40949.0
0.10366 41016.1
0.10367 41081.4
0.10368 41145.1
0.10369 41207.2
0.10370 41267.7
0.10371 41326.7
0.10372 41384.2
0.10373 41440.3
0.10374 41495.0
0.10375 41548.3
0.10376 41600.3
0.10377 41650.9
0.10378 41700.3
0.10379 41748.5
0.10380 41795.5
0.10381 41841.2
0.10382 41885.9
0.10383 41929.4
0.10384 41971.9
0.10385 42013.2
0.10386 42053.6
0.10387 42093.0
0.10388 42131.3
0.10389 42168.7
0.10390 42205.2
0.10391 42240.8
0.10392 42275.5
0.10393 42309.3
0.10394 42342.3
0.10395 42374.5
0.10396 42405.9
0.10397 42436.5
0.10398 42466.3
0.10399 42495.4
0.10400 42523.8
0.10401 42551.4
0.10402 42578.4
0.10403 42604.7
0.10404 42630.3
0.10405 42655.4
0.10406 42679.7
0.10407 42703.5
0.10408 42726.7
0.10409 42749.3
0.10410 42771.3
0.10411 42792.8
0.10412 42813.8
0.10413 42834.2
0.10414 42854.1
0.10415 42873.5
0.10416 42892.4
0.10417 42910.8
0.10418 42928.8
0.10419 42946.3
0.10420 42963.4
0.10421 42980.0
0.10422 42996.2
0.10423 43012.0
0.10424 43027.4
0.10425 43042.3
0.10426 43056.9
0.10427 43071.2
0.10428 43085.0
0.10429 43098.5
0.10430 43111.6
0.10431 43124.4
0.10432 43136.9
0.10433 43149.0
0.10434 43160.8
0.10435 43172.3
0.10436 43183.4
0.10437 43194.3
0.10438 43204.9
0.10439 43215.2
0.10440 43225.2
0.10441 43234.9
0.10442 43244.3
0.10443 43253.5
0.10444 43262.5
0.10445 43271.1
0.10446 43279.6
0.10447 43287.8
0.10448 43295.7
0.10449 43303.4
0.10450 43310.9
0.10451 43318.2
0.10452 43325.3
0.10453 43332.1
0.10454 43338.7
0.10455 43345.1
0.10456 43351.4
0.10457 43357.4
0.10458 43363.2
0.10459 43368.9
0.10460 43374.3
0.10461 43379.6
0.10462 43384.7
0.10463 43389.7
0.10464 43394.4
0.10465 43399.0
0.10466 43403.4
0.10467 43407.7
0.10468 43411.8
0.10469 43415.8
0.10470 43419.6
0.10471 43423.3
0.10472 43426.8
0.10473 43430.2
0.10474 43433.4
0.10475 43436.5
0.10476 43439.4
0.10477 43442.3
0.10478 43445.0
0.10479 43447.6
0.10480 43450.0
0.10481 43452.3
0.10482 43454.6
0.10483 43456.7
0.10484 43458.6
0.10485 43460.5
0.10486 43462.3
0.10487 43463.9
0.10488 43465.4
0.10489 43466.9
0.10490 43468.2
0.10491 43469.4
0.10492 43470.6
0.10493 43471.6
0.10494 43472.6
0.10495 43473.4
0.10496 43474.2
0.10497 43474.8
0.10498 43475.4
0.10499 43475.9
0.10500 43476.3
0.10501 43476.6
0.10502 43476.8
0.10503 43477.0
0.10504 43477.0
0.10505 43477.0
0.10506 43477.0
0.10507 43476.8
0.10508 43476.6
0.10509 43476.2
0.10510 43475.9
0.10511 43475.4
0.10512 43474.9
0.10513 43474.3
0.10514 43473.6
0.10515 43472.9
0.10516 43472.1
0.10517 43471.3
0.10518 43470.3
0.10519 43469.4
0.10520 43468.3
0.10521 43467.2
0.10522 43466.1
0.10523 43464.8
0.10524 43463.6
0.10525 43462.2
0.10526 43460.8
0.10527 43459.4
0.10528 43457.9
0.10529 43456.4
0.10530 43454.8
0.10531 43453.1
0.10532 43451.4
0.10533 43449.6
0.10534 43447.8
0.10535 43446.0
0.10536 43444.1
0.10537 43442.2
0.10538 43440.2
0.10539 43438.1
0.10540 43436.0
0.10541 43433.9
0.10542 43431.8
0.10543 43429.5
0.10544 43427.3
0.10545 43425.0
0.10546 43422.7
0.10547 43420.3
0.10548 43417.9
0.10549 43415.4
0.10550 43412.9
0.10551 43410.4
0.10552 43407.8
0.10553 43405.2
0.10554 43402.6
0.10555 43399.9
0.10556 43397.2
0.10557 43394.5
0.10558 43391.7
0.10559 43388.9
0.10560 43386.0
0.10561 43383.2
0.10562 43380.2
0.10563 43377.3
0.10564 43374.3
0.10565 43371.3
0.10566 43368.3
0.10567 43365.2
0.10568 43362.1
0.10569 43359.0
0.10570 43355.8
0.10571 43352.7
0.10572 43349.5
0.10573 43346.2
0.10574 43343.0
0.10575 43339.7
0.10576 43336.3
0.10577 43333.0
0.10578 43329.6
0.10579 43326.2
0.10580 43322.8
0.10581 43319.4
0.10582 43315.9
0.10583 43312.4
0.10584 43308.9
0.10585 43305.3
0.10586 43301.8
0.10587 43298.2
0.10588 43294.6
0.10589 43290.9
0.10590 43287.3
0.10591 43283.6
0.10592 43279.9
0.10593 43276.2
0.10594 43272.4
0.10595 43268.7
0.10596 43264.9
0.10597 43261.1
0.10598 43257.3
0.10599 43253.4
0.10600 43249.6
0.10601 43245.7
0.10602 43241.8
0.10603 43237.9
0.10604 43233.9
0.10605 43230.0
0.10606 43226.0
0.10607 43222.0
0.10608 43218.0
0.10609 43214.0
0.10610 43209.9
0.10611 43205.9
0.10612 43201.8
0.10613 43197.7
0.10614 43193.6
0.10615 43189.5
0.10616 43185.3
0.10617 43181.2
0.10618 43177.0
0.10619 43172.8
0.10620 43168.6
0.10621 43164.4
0.10622 43160.2
0.10623 43155.9
0.10624 43151.7
0.10625 43147.4
0.10626 43143.1
0.10627 43138.8
0.10628 43134.5
0.10629 43130.1
0.10630 43125.8
0.10631 43121.4
0.10632 43117.1
0.10633 43112.7
0.10634 43108.3
0.10635 43103.9
0.10636 43099.5
0.10637 43095.0
0.10638 43090.6
0.10639 43086.1
0.10640 43081.7
0.10641 43077.2
0.10642 43072.7
0.10643 43068.2
0.10644 43063.7
0.10645 43059.2
0.10646 43054.6
0.10647 43050.1
0.10648 43045.5
0.10649 43041.0
0.10650 43036.4
0.10651 43031.8
0.10652 43027.2
0.10653 43022.6
0.10654 43018.0
0.10655 43013.4
0.10656 43008.7
0.10657 43004.1
0.10658 42999.4
0.10659 42994.8
0.10660 42990.1
0.10661 42985.4
0.10662 42980.7
0.10663 42976.0
0.10664 42971.3
0.10665 42966.6
0.10666 42961.9
0.10667 42957.1
0.10668 42952.4
0.10669 42947.7
0.10670 42942.9
0.10671 42938.1
0.10672 42933.4
0.10673 42928.6
0.10674 42923.8
0.10675 42919.0
0.10676 42914.2
0.10677 42909.4
0.10678 42904.6
0.10679 42899.8
0.10680 42894.9
0.10681 42890.1
0.10682 42885.2
0.10683 42880.4
0.10684 42875.5
0.10685 42870.7
0.10686 42865.8
0.10687 42860.9
0.10688 42856.0
0.10689 42851.1
0.10690 42846.3
0.10691 42841.4
0.10692 42836.4
0.10693 42831.5
0.10694 42826.6
0.10695 42821.7
0.10696 42816.8
0.10697 42811.8
0.10698 42806.9
0.10699 42801.9
0.10700 42797.0
0.10701 42792.0
0.10702 42787.1
0.10703 42782.1
0.10704 42777.1
0.10705 42772.2
0.10706 42767.2
0.10707 42762.2
0.10708 42757.2
0.10709 42752.2
0.10710 42747.2
0.10711 42742.2
0.10712 42737.2
0.10713 42732.2
0.10714 42727.2
0.10715 42722.2
0.10716 42717.1
0.10717 42712.1
0.10718 42707.1
0.10719 42702.0
0.10720 42697.0
0.10721 42692.0
0.10722 42686.9
0.10723 42681.9
0.10724 42676.8
0.10725 42671.8
0.10726 42666.7
0.10727 42661.6
0.10728 42656.6
0.10729 42651.5
0.10730 42646.4
0.10731 42641.4
0.10732 42636.3
0.10733 42631.2
0.10734 42626.1
0.10735 42621.0
0.10736 42615.9
0.10737 42610.9
0.10738 42605.8
0.10739 42600.7
0.10740 42595.6
0.10741 42590.5
0.10742 42585.4
0.10743 42580.3
0.10744 42575.1
0.10745 42570.0
0.10746 42564.9
0.10747 42559.8
0.10748 42554.7
0.10749 42549.6
0.10750 42544.5
0.10751 42539.3
0.10752 42534.2
0.10753 42529.1
0.10754 42524.0
0.10755 42518.8
0.10756 42513.7
0.10757 42508.6
0.10758 42503.4
0.10759 42498.3
0.10760 42493.2
0.10761 42488.0
0.10762 42482.9
0.10763 42477.8
0.10764 42472.6
0.10765 42467.5
0.10766 42462.3
0.10767 42457.2
0.10768 42452.0
0.10769 42446.9
0.10770 42441.8
0.10771 42436.6
0.10772 42431.5
0.10773 42426.3
0.10774 42421.2
0.10775 42416.0
0.10776 42410.9
0.10777 42405.7
0.10778 42400.6
0.10779 42395.4
0.10780 42390.3
0.10781 42385.1
0.10782 42379.9
0.10783 42374.8
0.10784 42369.6
0.10785 42364.5
0.10786 42359.3
0.10787 42354.2
0.10788 42349.0
0.10789 42343.9
0.10790 42338.7
0.10791 42333.6
0.10792 42328.4
0.10793 42323.3
0.10794 42318.1
0.10795 42313.0
0.10796 42307.8
0.10797 42302.7
0.10798 42297.5
0.10799 42292.4
0.10800 42287.2
0.10801 42282.1
0.10802 42276.9
0.10803 42271.8
0.10804 42266.6
0.10805 42261.5
0.10806 42256.3
0.10807 42251.2
0.10808 42246.0
0.10809 42240.9
0.10810 42235.7
0.10811 42230.6
0.10812 42225.4
0.10813 42220.3
0.10814 42215.2
0.10815 42210.0
0.10816 42204.9
0.10817 42199.8
0.10818 42194.6
0.10819 42189.5
0.10820 42184.4
0.10821 42179.2
0.10822 42174.1
0.10823 42169.0
0.10824 42163.8
0.10825 42158.7
0.10826 42153.6
0.10827 42148.5
0.10828 42143.3
0.10829 42138.2
0.10830 42133.1
0.10831 42128.0
0.10832 42122.9
0.10833 42117.8
0.10834 42112.6
0.10835 42107.5
0.10836 42102.4
0.10837 42097.3
0.10838 42092.2
0.10839 42087.1
0.10840 42082.0
0.10841 42076.9
0.10842 42071.8
0.10843 42066.7
0.10844 42061.6
0.10845 42056.5
0.10846 42051.4
0.10847 42046.3
0.10848 42041.3
0.10849 42036.2
0.10850 42031.1
0.10851 42026.0
0.10852 42020.9
0.10853 42015.9
0.10854 42010.8
0.10855 42005.7
0.10856 42000.7
0.10857 41995.6
0.10858 41990.5
0.10859 41985.5
0.10860 41980.4
0.10861 41975.4
0.10862 41970.3
0.10863 41965.3
0.10864 41960.2
0.10865 41955.2
0.10866 41950.1
0.10867 41945.1
0.10868 41940.0
0.10869 41935.0
0.10870 41930.0
0.10871 41925.0
0.10872 41919.9
0.10873 41914.9
0.10874 41909.9
0.10875 41904.9
0.10876 41899.9
0.10877 41894.8
0.10878 41889.8
0.10879 41884.8
0.10880 41879.8
0.10881 41874.8
0.10882 41869.8
0.10883 41864.8
0.10884 41859.8
0.10885 41854.9
0.10886 41849.9
0.10887 41844.9
0.10888 41839.9
0.10889 41834.9
0.10890 41830.0
0.10891 41825.0
0.10892 41820.0
0.10893 41815.1
0.10894 41810.1
0.10895 41805.2
0.10896 41800.2
0.10897 41795.3
0.10898 41790.3
0.10899 41785.4
0.10900 41780.4
0.10901 41775.5
0.10902 41770.6
0.10903 41765.6
0.10904 41760.7
0.10905 41755.8
0.10906 41750.9
0.10907 41746.0
0.10908 41741.0
0.10909 41736.1
0.10910 41731.2
0.10911 41726.3
0.10912 41721.4
0.10913 41716.5
0.10914 41711.7
0.10915 41706.8
0.10916 41701.9
0.10917 41697.0
0.10918 41692.1
0.10919 41687.3
0.10920 41682.4
0.10921 41677.5
0.10922 41672.7
0.10923 41667.8
0.10924 41663.0
0.10925 41658.1
0.10926 41653.3
0.10927 41648.5
0.10928 41643.6
0.10929 41638.8
0.10930 41634.0
0.10931 41629.1
0.10932 41624.3
0.10933 41619.5
0.10934 41614.7
0.10935 41609.9
0.10936 41605.1
0.10937 41600.3
0.10938 41595.5
0.10939 41590.7
0.10940 41585.9
0.10941 41581.1
0.10942 41576.4
0.10943 41571.6
0.10944 41566.8
0.10945 41562.1
0.10946 41557.3
0.10947 41552.5
0.10948 41547.8
0.10949 41543.0
0.10950 41538.3
0.10951 41533.6
0.10952 41528.8
0.10953 41524.1
0.10954 41519.4
0.10955 41514.6
0.10956 41509.9
0.10957 41505.2
0.10958 41500.5
0.10959 41495.8
0.10960 41491.1
0.10961 41486.4
0.10962 41481.7
0.10963 41477.0
0.10964 41472.4
0.10965 41467.7
0.10966 41463.0
0.10967 41458.3
0.10968 41453.7
0.10969 41449.0
0.10970 41444.4
0.10971 41439.7
0.10972 41435.1
0.10973 41430.4
0.10974 41425.8
0.10975 41421.2
0.10976 41416.5
0.10977 41411.9
0.10978 41407.3
0.10979 41402.7
0.10980 41398.1
0.10981 41393.5
0.10982 41388.9
0.10983 41384.3
0.10984 41379.7
0.10985 41375.1
0.10986 41370.5
0.10987 41366.0
0.10988 41361.4
0.10989 41356.8
0.10990 41352.3
0.10991 41347.7
0.10992 41343.2
0.10993 41338.6
0.10994 41334.1
0.10995 41329.5
0.10996 41325.0
0.10997 41320.5
0.10998 41316.0
0.10999 41311.4
0.11000 41306.9
0.11001 41302.4
0.11002 41297.9
0.11003 41293.4
0.11004 41288.9
0.11005 41284.5
0.11006 41280.0
0.11007 41275.5
0.11008 41271.0
0.11009 41266.6
0.11010 41262.1
0.11011 41257.6
0.11012 41253.2
0.11013 41248.7
0.11014 41244.3
0.11015 41239.9
0.11016 41235.4
0.11017 41231.0
0.11018 41226.6
0.11019 41222.2
0.11020 41217.8
0.11021 41213.4
0.11022 41209.0
0.11023 41204.6
0.11024 41200.2
0.11025 41195.8
0.11026 41191.4
0.11027 41187.0
0.11028 41182.7
0.11029 41178.3
0.11030 41173.9
0.11031 41169.6
0.11032 41165.2
0.11033 41160.9
0.11034 41156.5
0.11035 41152.2
0.11036 41147.9
0.11037 41143.6
0.11038 41139.2
0.11039 41134.9
0.11040 41130.6
0.11041 41126.3
0.11042 41122.0
0.11043 41117.7
0.11044 41113.4
0.11045 41109.2
0.11046 41104.9
0.11047 41100.6
0.11048 41096.3
0.11049 41092.1
0.11050 41087.8
0.11051 41083.6
0.11052 41079.3
0.11053 41075.1
0.11054 41070.9
0.11055 41066.6
0.11056 41062.4
0.11057 41058.2
0.11058 41054.0
0.11059 41049.8
0.11060 41045.6
0.11061 41041.4
0.11062 41037.2
0.11063 41033.0
0.11064 41028.8
0.11065 41024.6
0.11066 41020.5
0.11067 41016.3
0.11068 41012.1
0.11069 41008.0
0.11070 41003.8
0.11071 40999.7
0.11072 40995.5
0.11073 40991.4
0.11074 40987.3
0.11075 40983.2
0.11076 40979.0
0.11077 40974.9
0.11078 40970.8
0.11079 40966.7
0.11080 40962.6
0.11081 40958.5
0.11082 40954.5
0.11083 40950.4
0.11084 40946.3
0.11085 40942.2
0.11086 40938.2
0.11087 40934.1
0.11088 40930.1
0.11089 40926.0
0.11090 40922.0
0.11091 40917.9
0.11092 40913.9
0.11093 40909.9
0.11094 40905.9
0.11095 40901.9
0.11096 40897.8
0.11097 40893.8
0.11098 40889.8
0.11099 40885.9
0.11100 40881.9
0.11101 40877.9
0.11102 40873.9
0.11103 40869.9
0.11104 40866.0
0.11105 40862.0
0.11106 40858.1
0.11107 40854.1
0.11108 40850.2
0.11109 40846.2
0.11110 40842.3
0.11111 40838.4
0.11112 40834.4
0.11113 40830.5
0.11114 40826.6
0.11115 40822.7
0.11116 40818.8
0.11117 40814.9
0.11118 40811.0
0.11119 40807.2
0.11120 40803.3
0.11121 40799.4
0.11122 40795.5
0.11123 40791.7
0.11124 40787.8
0.11125 40784.0
0.11126 40780.1
0.11127 40776.3
0.11128 40772.4
0.11129 40768.6
0.11130 40764.8
0.11131 40761.0
0.11132 40757.2
0.11133 40753.4
0.11134 40749.6
0.11135 40745.8
0.11136 40742.0
0.11137 40738.2
0.11138 40734.4
0.11139 40730.6
0.11140 40726.9
0.11141 40723.1
0.11142 40719.3
0.11143 40715.6
0.11144 40711.8
0.11145 40708.1
0.11146 40704.4
0.11147 40700.6
0.11148 40696.9
0.11149 40693.2
0.11150 40689.5
0.11151 40685.8
0.11152 40682.1
0.11153 40678.4
0.11154 40674.7
0.11155 40671.0
0.11156 40667.3
0.11157 40663.6
0.11158 40660.0
0.11159 40656.3
0.11160 40652.6
0.11161 40649.0
0.11162 40645.3
0.11163 40641.7
0.11164 40638.1
0.11165 40634.4
0.11166 40630.8
0.11167 40627.2
0.11168 40623.6
0.11169 40620.0
0.11170 40616.4
0.11171 40612.8
0.11172 40609.2
0.11173 40605.6
0.11174 40602.0
0.11175 40598.4
0.11176 40594.8
0.11177 40591.3
0.11178 40587.7
0.11179 40584.2
0.11180 40580.6
0.11181 40577.1
0.11182 40573.5
0.11183 40570.0
0.11184 40566.5
0.11185 40562.9
0.11186 40559.4
0.11187 40555.9
0.11188 40552.4
0.11189 40548.9
0.11190 40545.4
0.11191 40541.9
0.11192 40538.4
0.11193 40534.9
0.11194 40531.5
0.11195 40528.0
0.11196 40524.5
0.11197 40521.1
0.11198 40517.6
0.11199 40514.2
0.11200 40510.7
0.11201 40507.3
0.11202 40503.9
0.11203 40500.4
0.11204 40497.0
0.11205 40493.6
0.11206 40490.2
0.11207 40486.8
0.11208 40483.4
0.11209 40480.0
0.11210 40476.6
0.11211 40473.2
0.11212 40469.8
0.11213 40466.5
0.11214 40463.1
0.11215 40459.7
0.11216 40456.4
0.11217 40453.0
0.11218 40449.7
0.11219 40446.3
0.11220 40443.0
0.11221 40439.7
0.11222 40436.4
0.11223 40433.0
0.11224 40429.7
0.11225 40426.4
0.11226 40423.1
0.11227 40419.8
0.11228 40416.5
0.11229 40413.2
0.11230 40409.9
0.11231 40406.7
0.11232 40403.4
0.11233 40400.1
0.11234 40396.9
0.11235 40393.6
0.11236 40390.4
0.11237 40387.1
0.11238 40383.9
0.11239 40380.6
0.11240 40377.4
0.11241 40374.2
0.11242 40371.0
0.11243 40367.7
0.11244 40364.5
0.11245 40361.3
0.11246 40358.1
0.11247 40354.9
0.11248 40351.8
0.11249 40348.6
0.11250 40345.4
0.11251 40342.2
0.11252 40339.1
0.11253 40335.9
0.11254 40332.7
0.11255 40329.6
0.11256 40326.4
0.11257 40323.3
0.11258 40320.2
0.11259 40317.0
0.11260 40313.9
0.11261 40310.8
0.11262 40307.7
0.11263 40304.5
0.11264 40301.4
0.11265 40298.3
0.11266 40295.2
0.11267 40292.2
0.11268 40289.1
0.11269 40286.0
0.11270 40282.9
0.11271 40279.8
0.11272 40276.8
0.11273 40273.7
0.11274 40270.7
0.11275 40267.6
0.11276 40264.6
0.11277 40261.5
0.11278 40258.5
0.11279 40255.5
0.11280 40252.4
0.11281 40249.4
0.11282 40246.4
0.11283 40243.4
0.11284 40240.4
0.11285 40237.4
0.11286 40234.4
0.11287 40231.4
0.11288 40228.4
0.11289 40225.5
0.11290 40222.5
0.11291 40219.5
0.11292 40216.6
0.11293 40213.6
0.11294 40210.6
0.11295 40207.7
0.11296 40204.8
0.11297 40201.8
0.11298 40198.9
0.11299 40196.0
0.11300 40193.0
0.11301 40190.1
0.11302 40187.2
0.11303 40184.3
0.11304 40181.4
0.11305 40178.5
0.11306 40175.6
0.11307 40172.7
0.11308 40169.8
0.11309 40166.9
0.11310 40164.1
0.11311 40161.2
0.11312 40158.3
0.11313 40155.5
0.11314 40152.6
0.11315 40149.8
0.11316 40146.9
0.11317 40144.1
0.11318 40141.2
0.11319 40138.4
0.11320 40135.6
0.11321 40132.8
0.11322 40130.0
0.11323 40127.1
0.11324 40124.3
0.11325 40121.5
0.11326 40118.7
0.11327 40115.9
0.11328 40113.2
0.11329 40110.4
0.11330 40107.6
0.11331 40104.8
0.11332 40102.1
0.11333 40099.3
0.11334 40096.5
0.11335 40093.8
0.11336 40091.0
0.11337 40088.3
0.11338 40085.6
0.11339 40082.8
0.11340 40080.1
0.11341 40077.4
0.11342 40074.7
0.11343 40071.9
0.11344 40069.2
0.11345 40066.5
0.11346 40063.8
0.11347 40061.1
0.11348 40058.4
0.11349 40055.7
0.11350 40053.1
0.11351 40050.4
0.11352 40047.7
0.11353 40045.0
0.11354 40042.4
0.11355 40039.7
0.11356 40037.1
0.11357 40034.4
0.11358 40031.8
0.11359 40029.1
0.11360 40026.5
0.11361 40023.9
0.11362 40021.2
0.11363 40018.6
0.11364 40016.0
0.11365 40013.4
0.11366 40010.8
0.11367 40008.2
0.11368 40005.6
0.11369 40003.0
0.11370 40000.4
0.11371 39997.8
0.11372 39995.2
0.11373 39992.7
0.11374 39990.1
0.11375 39987.5
0.11376 39985.0
0.11377 39982.4
0.11378 39979.9
0.11379 39977.3
0.11380 39974.8
0.11381 39972.2
0.11382 39969.7
0.11383 39967.2
0.11384 39964.6
0.11385 39962.1
0.11386 39959.6
0.11387 39957.1
0.11388 39954.6
0.11389 39952.1
0.11390 39949.6
0.11391 39947.1
0.11392 39944.6
0.11393 39942.1
0.11394 39939.6
0.11395 39937.1
0.11396 39934.7
0.11397 39932.2
0.11398 39929.7
0.11399 39927.3
0.11400 39924.8
0.11401 39922.4
0.11402 39919.9
0.11403 39917.5
0.11404 39915.1
0.11405 39912.6
0.11406 39910.2
0.11407 39907.8
0.11408 39905.4
0.11409 39902.9
0.11410 39900.5
0.11411 39898.1
0.11412 39895.7
0.11413 39893.3
0.11414 39890.9
0.11415 39888.5
0.11416 39886.2
0.11417 39883.8
0.11418 39881.4
0.11419 39879.0
0.11420 39876.7
0.11421 39874.3
0.11422 39871.9
0.11423 39869.6
0.11424 39867.2
0.11425 39864.9
0.11426 39862.6
0.11427 39860.2
0.11428 39857.9
0.11429 39855.6
0.11430 39853.2
0.11431 39850.9
0.11432 39848.6
0.11433 39846.3
0.11434 39844.0
0.11435 39841.7
0.11436 39839.4
0.11437 39837.1
0.11438 39834.8
0.11439 39832.5
0.11440 39830.2
0.11441 39827.9
0.11442 39825.7
0.11443 39823.4
0.11444 39821.1
0.11445 39818.9
0.11446 39816.6
0.11447 39814.3
0.11448 39812.1
0.11449 39809.9
0.11450 39807.6
0.11451 39805.4
0.11452 39803.1
0.11453 39800.9
0.11454 39798.7
0.11455 39796.5
0.11456 39794.2
0.11457 39792.0
0.11458 39789.8
0.11459 39787.6
0.11460 39785.4
0.11461 39783.2
0.11462 39781.0
0.11463 39778.8
0.11464 39776.7
0.11465 39774.5
0.11466 39772.3
0.11467 39770.1
0.11468 39768.0
0.11469 39765.8
0.11470 39763.6
0.11471 39761.5
0.11472 39759.3
0.11473 39757.2
0.11474 39755.0
0.11475 39752.9
0.11476 39750.8
0.11477 39748.6
0.11478 39746.5
0.11479 39744.4
0.11480 39742.2
0.11481 39740.1
0.11482 39738.0
0.11483 39735.9
0.11484 39733.8
0.11485 39731.7
0.11486 39729.6
0.11487 39727.5
0.11488 39725.4
0.11489 39723.3
0.11490 39721.2
0.11491 39719.2
0.11492 39717.1
0.11493 39715.0
0.11494 39713.0
0.11495 39710.9
0.11496 39708.8
0.11497 39706.8
0.11498 39704.7
0.11499 39702.7
0.11500 39700.6
0.11501 39698.6
0.11502 39696.6
0.11503 39694.5
0.11504 39692.5
0.11505 39690.5
0.11506 39688.5
0.11507 39686.4
0.11508 39684.4
0.11509 39682.4
0.11510 39680.4
0.11511 39678.4
0.11512 39676.4
0.11513 39674.4
0.11514 39672.4
0.11515 39670.4
0.11516 39668.5
0.11517 39666.5
0.11518 39664.5
0.11519 39662.5
0.11520 39660.6
0.11521 39658.6
0.11522 39656.6
0.11523 39654.7
0.11524 39652.7
0.11525 39650.8
0.11526 39648.8
0.11527 39646.9
0.11528 39644.9
0.11529 39643.0
0.11530 39641.1
0.11531 39639.1
0.11532 39637.2
0.11533 39635.3
0.11534 39633.4
0.11535 39631.5
0.11536 39629.5
0.11537 39627.6
0.11538 39625.7
0.11539 39623.8
0.11540 39621.9
0.11541 39620.0
0.11542 39618.2
0.11543 39616.3
0.11544 39614.4
0.11545 39612.5
0.11546 39610.6
0.11547 39608.8
0.11548 39606.9
0.11549 39605.0
0.11550 39603.2
0.11551 39601.3
0.11552 39599.5
0.11553 39597.6
0.11554 39595.8
0.11555 39593.9
0.11556 39592.1
0.11557 39590.2
0.11558 39588.4
0.11559 39586.6
0.11560 39584.7
0.11561 39582.9
0.11562 39581.1
0.11563 39579.3
0.11564 39577.5
0.11565 39575.7
0.11566 39573.9
0.11567 39572.1
0.11568 39570.3
0.11569 39568.5
0.11570 39566.7
0.11571 39564.9
0.11572 39563.1
0.11573 39561.3
0.11574 39559.5
0.11575 39557.8
0.11576 39556.0
0.11577 39554.2
0.11578 39552.5
0.11579 39550.7
0.11580 39548.9
0.11581 39547.2
0.11582 39545.4
0.11583 39543.7
0.11584 39541.9
0.11585 39540.2
0.11586 39538.5
0.11587 39536.7
0.11588 39535.0
0.11589 39533.3
0.11590 39531.5
0.11591 39529.8
0.11592 39528.1
0.11593 39526.4
0.11594 39524.7
0.11595 39523.0
0.11596 39521.2
0.11597 39519.5
0.11598 39517.8
0.11599 39516.1
0.11600 39514.5
0.11601 39512.8
0.11602 39511.1
0.11603 39509.4
0.11604 39507.7
0.11605 39506.0
0.11606 39504.4
0.11607 39502.7
0.11608 39501.0
0.11609 39499.4
0.11610 39497.7
0.11611 39496.0
0.11612 39494.4
0.11613 39492.7
0.11614 39491.1
0.11615 39489.4
0.11616 39487.8
0.11617 39486.2
0.11618 39484.5
0.11619 39482.9
0.11620 39481.3
0.11621 39479.6
0.11622 39478.0
0.11623 39476.4
0.11624 39474.8
0.11625 39473.2
0.11626 39471.5
0.11627 39469.9
0.11628 39468.3
0.11629 39466.7
0.11630 39465.1
0.11631 39463.5
0.11632 39461.9
0.11633 39460.4
0.11634 39458.8
0.11635 39457.2
0.11636 39455.6
0.11637 39454.0
0.11638 39452.5
0.11639 39450.9
0.11640 39449.3
0.11641 39447.7
0.11642 39446.2
0.11643 39444.6
0.11644 39443.1
0.11645 39441.5
0.11646 39440.0
0.11647 39438.4
0.11648 39436.9
0.11649 39435.3
0.11650 39433.8
0.11651 39432.3
0.11652 39430.7
0.11653 39429.2
0.11654 39427.7
0.11655 39426.1
0.11656 39424.6
0.11657 39423.1
0.11658 39421.6
0.11659 39420.1
0.11660 39418.6
0.11661 39417.1
0.11662 39415.6
0.11663 39414.0
0.11664 39412.6
0.11665 39411.1
0.11666 39409.6
0.11667 39408.1
0.11668 39406.6
0.11669 39405.1
0.11670 39403.6
0.11671 39402.1
0.11672 39400.7
0.11673 39399.2
0.11674 39397.7
0.11675 39396.3
0.11676 39394.8
0.11677 39393.3
0.11678 39391.9
0.11679 39390.4
0.11680 39389.0
0.11681 39387.5
0.11682 39386.1
0.11683 39384.6
0.11684 39383.2
0.11685 39381.7
0.11686 39380.3
0.11687 39378.9
0.11688 39377.4
0.11689 39376.0
0.11690 39374.6
0.11691 39373.2
0.11692 39371.7
0.11693 39370.3
0.11694 39368.9
0.11695 39367.5
0.11696 39366.1
0.11697 39364.7
0.11698 39363.3
0.11699 39361.9
0.11700 39360.5
0.11701 39359.1
0.11702 39357.7
0.11703 39356.3
0.11704 39354.9
0.11705 39353.5
0.11706 39352.2
0.11707 39350.8
0.11708 39349.4
0.11709 39348.0
0.11710 39346.7
0.11711 39345.3
0.11712 39343.9
0.11713 39342.6
0.11714 39341.2
0.11715 39339.8
0.11716 39338.5
0.11717 39337.1
0.11718 39335.8
0.11719 39334.4
0.11720 39333.1
0.11721 39331.7
0.11722 39330.4
0.11723 39329.1
0.11724 39327.7
0.11725 39326.4
0.11726 39325.1
0.11727 39323.7
0.11728 39322.4
0.11729 39321.1
0.11730 39319.8
0.11731 39318.5
0.11732 39317.1
0.11733 39315.8
0.11734 39314.5
0.11735 39313.2
0.11736 39311.9
0.11737 39310.6
0.11738 39309.3
0.11739 39308.0
0.11740 39306.7
0.11741 39305.4
0.11742 39304.1
0.11743 39302.9
0.11744 39301.6
0.11745 39300.3
0.11746 39299.0
0.11747 39297.7
0.11748 39296.5
0.11749 39295.2
0.11750 39293.9
0.11751 39292.7
0.11752 39291.4
0.11753 39290.1
0.11754 39288.9
0.11755 39287.6
0.11756 39286.4
0.11757 39285.1
0.11758 39283.9
0.11759 39282.6
0.11760 39281.4
0.11761 39280.1
0.11762 39278.9
0.11763 39277.6
0.11764 39276.4
0.11765 39275.2
0.11766 39273.9
0.11767 39272.7
0.11768 39271.5
0.11769 39270.3
0.11770 39269.0
0.11771 39267.8
0.11772 39266.6
0.11773 39265.4
0.11774 39264.2
0.11775 39263.0
0.11776 39261.8
0.11777 39260.6
0.11778 39259.4
0.11779 39258.2
0.11780 39257.0
0.11781 39255.8
0.11782 39254.6
0.11783 39253.4
0.11784 39252.2
0.11785 39251.0
0.11786 39249.8
0.11787 39248.6
0.11788 39247.5
0.11789 39246.3
0.11790 39245.1
0.11791 39243.9
0.11792 39242.8
0.11793 39241.6
0.11794 39240.4
0.11795 39239.3
0.11796 39238.1
0.11797 39236.9
0.11798 39235.8
0.11799 39234.6
0.11800 39233.5
0.11801 39232.3
0.11802 39231.2
0.11803 39230.0
0.11804 39228.9
0.11805 39227.7
0.11806 39226.6
0.11807 39225.5
0.11808 39224.3
0.11809 39223.2
0.11810 39222.1
0.11811 39220.9
0.11812 39219.8
0.11813 39218.7
0.11814 39217.6
0.11815 39216.5
0.11816 39215.3
0.11817 39214.2
0.11818 39213.1
0.11819 39212.0
0.11820 39210.9
0.11821 39209.8
0.11822 39208.7
0.11823 39207.6
0.11824 39206.5
0.11825 39205.4
0.11826 39204.3
0.11827 39203.2
0.11828 39202.1
0.11829 39201.0
0.11830 39199.9
0.11831 39198.8
0.11832 39197.7
0.11833 39196.7
0.11834 39195.6
0.11835 39194.5
0.11836 39193.4
0.11837 39192.4
0.11838 39191.3
0.11839 39190.2
0.11840 39189.2
0.11841 39188.1
0.11842 39187.0
0.11843 39186.0
0.11844 39184.9
0.11845 39183.9
0.11846 39182.8
0.11847 39181.7
0.11848 39180.7
0.11849 39179.7
0.11850 39178.6
0.11851 39177.6
0.11852 39176.5
0.11853 39175.5
0.11854 39174.4
0.11855 39173.4
0.11856 39172.4
0.11857 39171.3
0.11858 39170.3
0.11859 39169.3
0.11860 39168.3
0.11861 39167.2
0.11862 39166.2
0.11863 39165.2
0.11864 39164.2
0.11865 39163.2
0.11866 39162.1
0.11867 39161.1
0.11868 39160.1
0.11869 39159.1
0.11870 39158.1
0.11871 39157.1
0.11872 39156.1
0.11873 39155.1
0.11874 39154.1
0.11875 39153.1
0.11876 39152.1
0.11877 39151.1
0.11878 39150.1
0.11879 39149.1
0.11880 39148.1
0.11881 39147.2
0.11882 39146.2
0.11883 39145.2
0.11884 39144.2
0.11885 39143.2
0.11886 39142.3
0.11887 39141.3
0.11888 39140.3
0.11889 39139.3
0.11890 39138.4
0.11891 39137.4
0.11892 39136.4
0.11893 39135.5
0.11894 39134.5
0.11895 39133.6
0.11896 39132.6
0.11897 39131.6
0.11898 39130.7
0.11899 39129.7
0.11900 39128.8
0.11901 39127.8
0.11902 39126.9
0.11903 39126.0
0.11904 39125.0
0.11905 39124.1
0.11906 39123.1
0.11907 39122.2
0.11908 39121.3
0.11909 39120.3
0.11910 39119.4
0.11911 39118.5
0.11912 39117.5
0.11913 39116.6
0.11914 39115.7
0.11915 39114.8
0.11916 39113.8
0.11917 39112.9
0.11918 39112.0
0.11919 39111.1
0.11920 39110.2
0.11921 39109.3
0.11922 39108.4
0.11923 39107.4
0.11924 39106.5
0.11925 39105.6
0.11926 39104.7
0.11927 39103.8
0.11928 39102.9
0.11929 39102.0
0.11930 39101.1
0.11931 39100.2
0.11932 39099.4
0.11933 39098.5
0.11934 39097.6
0.11935 39096.7
0.11936 39095.8
0.11937 39094.9
0.11938 39094.0
0.11939 39093.1
0.11940 39092.3
0.11941 39091.4
0.11942 39090.5
0.11943 39089.6
0.11944 39088.8
0.11945 39087.9
0.11946 39087.0
0.11947 39086.2
0.11948 39085.3
0.11949 39084.4
0.11950 39083.6
0.11951 39082.7
0.11952 39081.9
0.11953 39081.0
0.11954 39080.1
0.11955 39079.3
0.11956 39078.4
0.11957 39077.6
0.11958 39076.7
0.11959 39075.9
0.11960 39075.0
0.11961 39074.2
0.11962 39073.4
0.11963 39072.5
0.11964 39071.7
0.11965 39070.8
0.11966 39070.0
0.11967 39069.2
0.11968 39068.3
0.11969 39067.5
0.11970 39066.7
0.11971 39065.8
0.11972 39065.0
0.11973 39064.2
0.11974 39063.4
0.11975 39062.5
0.11976 39061.7
0.11977 39060.9
0.11978 39060.1
0.11979 39059.3
0.11980 39058.5
0.11981 39057.6
0.11982 39056.8
0.11983 39056.0
0.11984 39055.2
0.11985 39054.4
0.11986 39053.6
0.11987 39052.8
0.11988 39052.0
0.11989 39051.2
0.11990 39050.4
0.11991 39049.6
0.11992 39048.8
0.11993 39048.0
0.11994 39047.2
0.11995 39046.4
0.11996 39045.6
0.11997 39044.9
0.11998 39044.1
0.11999 39043.3
0.12000 38577.4
0.12001 38577.4
0.12002 38577.4
0.12003 38577.4
0.12004 38577.4
0.12005 38577.4
0.12006 38577.4
0.12007 38577.4
0.12008 38577.4
0.12009 38577.4
0.12010 38577.4
0.12011 38577.4
0.12012 38577.4
0.12013 38577.4
0.12014 38577.4
0.12015 38577.4
0.12016 38577.4
0.12017 38577.4
0.12018 38577.4
0.12019 38577.4
0.12020 38577.4
0.12021 38577.4
0.12022 38577.4
0.12023 38577.4
0.12024 38577.4
0.12025 38577.4
0.12026 38577.4
0.12027 38577.4
0.12028 38577.4
0.12029 38577.4
0.12030 38577.4
0.12031 38577.4
0.12032 38577.4
0.12033 38577.4
0.12034 38577.4
0.12035 38577.4
0.12036 38577.4
0.12037 38577.4
0.12038 38577.4
0.12039 38577.4
0.12040 38577.4
0.12041 38577.4
0.12042 38577.4
0.12043 38577.4
0.12044 38577.4
0.12045 38577.4
0.12046 38577.4
0.12047 38577.4
0.12048 38577.4
0.12049 38577.4
0.12050 38577.4
0.12051 38577.4
0.12052 38577.4
0.12053 38577.4
0.12054 38577.4
0.12055 38577.4
0.12056 38577.4
0.12057 38577.4
0.12058 38577.4
0.12059 38577.4
0.12060 38577.4
0.12061 38577.4
0.12062 38577.4
0.12063 38577.4
0.12064 38577.4
0.12065 38577.4
0.12066 38577.4
0.12067 38577.4
0.12068 38577.4
0.12069 38577.4
0.12070 38577.4
0.12071 38577.4
0.12072 38577.4
0.12073 38577.4
0.12074 38577.4
0.12075 38577.4
0.12076 38577.4
0.12077 38577.4
0.12078 38577.4
0.12079 38577.4
0.12080 38577.4
0.12081 38577.4
0.12082 38577.4
0.12083 38577.4
0.12084 38577.4
0.12085 38577.4
0.12086 38577.4
0.12087 38577.4
0.12088 38577.4
0.12089 38577.4
0.12090 38577.4
0.12091 38577.4
0.12092 38577.4
0.12093 38577.4
0.12094 38577.4
0.12095 38577.4
0.12096 38577.4
0.12097 38577.4
0.12098 38577.4
0.12099 38577.4
0.12100 38577.4
0.12101 37153.6
0.12102 35786.4
0.12103 34473.5
0.12104 33212.4
0.12105 32001.1
0.12106 30837.4
0.12107 29719.2
0.12108 28644.6
0.12109 27611.7
0.12110 26618.9
0.12111 25664.4
0.12112 24746.5
0.12113 23863.7
0.12114 23014.5
0.12115 22197.5
0.12116 21411.2
0.12117 20654.4
0.12118 19925.7
0.12119 19223.9
0.12120 18547.8
0.12121 17896.2
0.12122 17268.0
0.12123 16662.0
0.12124 16077.3
0.12125 15512.7
0.12126 14967.2
0.12127 14439.7
0.12128 13929.4
0.12129 13435.1
0.12130 12955.9
0.12131 12490.9
0.12132 12038.9
0.12133 11599.2
0.12134 11170.5
0.12135 10752.1
0.12136 10342.8
0.12137 9941.8
0.12138 9547.9
0.12139 9160.3
0.12140 8777.8
0.12141 8399.5
0.12142 8024.5
0.12143 7651.7
0.12144 7280.2
0.12145 6909.3
0.12146 6538.1
0.12147 6166.0
0.12148 5792.4
0.12149 5417.2
0.12150 5040.2
0.12151 4839.3
0.12152 4613.5
0.12153 4364.5
0.12154 4095.1
0.12155 3808.3
0.12156 3508.3
0.12157 3199.7
0.12158 2887.6
0.12159 2577.9
0.12160 2276.6
0.12161 1989.7
0.12162 1723.0
0.12163 1481.3
0.12164 1268.4
0.12165 1086.2
0.12166 935.0
0.12167 812.8
0.12168 716.6
0.12169 642.2
0.12170 585.3
0.12171 542.1
0.12172 509.2
0.12173 484.3
0.12174 465.3
0.12175 450.9
0.12176 440.1
0.12177 432.2
0.12178 426.7
0.12179 423.2
0.12180 421.3
0.12181 421.0
0.12182 421.9
0.12183 424.2
0.12184 427.6
0.12185 432.1
0.12186 437.7
0.12187 444.5
0.12188 452.3
0.12189 461.3
0.12190 471.4
0.12191 482.8
0.12192 495.5
0.12193 509.5
0.12194 524.9
0.12195 541.9
0.12196 560.5
0.12197 580.8
0.12198 603.0
0.12199 627.2
0.12200 653.4
0.12201 682.0
0.12202 713.0
0.12203 746.6
0.12204 783.0
0.12205 822.5
0.12206 865.1
0.12207 911.2
0.12208 961.0
0.12209 1014.7
0.12210 1072.5
0.12211 1134.8
0.12212 1201.9
0.12213 1273.9
0.12214 1351.2
0.12215 1434.0
0.12216 1522.7
0.12217 1617.6
0.12218 1718.9
0.12219 1826.9
0.12220 1941.8
0.12221 2064.1
0.12222 2193.8
0.12223 2331.2
0.12224 2476.6
0.12225 2630.2
0.12226 2792.1
0.12227 2962.4
0.12228 3141.3
0.12229 3329.0
0.12230 3525.5
0.12231 3730.8
0.12232 3944.9
0.12233 4168.0
0.12234 4399.9
0.12235 4640.6
0.12236 4890.1
0.12237 5148.2
0.12238 5414.9
0.12239 5690.0
0.12240 5973.5
0.12241 6265.1
0.12242 6564.8
0.12243 6872.3
0.12244 7187.5
0.12245 7510.2
0.12246 7840.2
0.12247 8177.4
0.12248 8521.6
0.12249 8872.5
0.12250 9230.0
0.12251 9593.9
0.12252 9964.0
0.12253 10340.2
0.12254 10722.1
0.12255 11109.7
0.12256 11502.7
0.12257 11900.8
0.12258 12304.0
0.12259 12712.0
0.12260 13124.5
0.12261 13541.3
0.12262 13962.2
0.12263 14386.8
0.12264 14815.0
0.12265 15246.4
0.12266 15680.8
0.12267 16117.8
0.12268 16557.1
0.12269 16998.4
0.12270 17441.4
0.12271 17885.6
0.12272 18330.8
0.12273 18776.5
0.12274 19222.4
0.12275 19668.0
0.12276 20113.1
0.12277 20557.2
0.12278 20999.9
0.12279 21440.9
0.12280 21879.8
0.12281 22316.2
0.12282 22749.7
0.12283 23180.0
0.12284 23606.8
0.12285 24029.7
0.12286 24448.5
0.12287 24862.8
0.12288 25272.4
0.12289 25677.0
0.12290 26076.5
0.12291 26470.5
0.12292 26858.9
0.12293 27241.5
0.12294 27618.2
0.12295 27988.8
0.12296 28353.2
0.12297 28711.3
0.12298 29063.1
0.12299 29408.5
0.12300 29747.4
0.12301 30079.8
0.12302 30405.7
0.12303 30725.0
0.12304 31037.9
0.12305 31344.3
0.12306 31644.2
0.12307 31937.7
0.12308 32224.9
0.12309 32505.7
0.12310 32780.3
0.12311 33048.7
0.12312 33311.1
0.12313 33567.4
0.12314 33817.8
0.12315 34062.3
0.12316 34301.1
0.12317 34534.3
0.12318 34761.9
0.12319 34984.1
0.12320 35200.8
0.12321 35412.4
0.12322 35618.8
0.12323 35820.1
0.12324 36016.6
0.12325 36208.1
0.12326 36395.0
0.12327 36577.2
0.12328 36754.8
0.12329 36928.0
0.12330 37096.9
0.12331 37261.6
0.12332 37422.1
0.12333 37578.6
0.12334 37731.2
0.12335 37879.9
0.12336 38024.8
0.12337 38166.1
0.12338 38303.8
0.12339 38438.0
0.12340 38568.8
0.12341 38696.2
0.12342 38820.5
0.12343 38941.5
0.12344 39059.5
0.12345 39174.5
0.12346 39286.6
0.12347 39395.8
0.12348 39502.2
0.12349 39606.0
0.12350 39707.1
0.12351 39805.6
0.12352 39901.6
0.12353 39995.2
0.12354 40086.4
0.12355 40175.2
0.12356 40261.8
0.12357 40346.3
0.12358 40428.6
0.12359 40508.7
0.12360 40586.9
0.12361 40663.1
0.12362 40737.3
0.12363 40809.7
0.12364 40880.3
0.12365 40949.0
0.12366 41016.1
0.12367 41081.4
0.12368 41145.1
0.12369 41207.2
0.12370 41267.7
0.12371 41326.7
0.12372 41384.2
0.12373 41440.3
0.12374 41495.0
0.12375 41548.3
0.12376 41600.3
0.12377 41650.9
0.12378 41700.3
0.12379 41748.5
0.12380 41795.5
0.12381 41841.2
0.12382 41885.9
0.12383 41929.4
0.12384 41971.9
0.12385 42013.2
0.12386 42053.6
0.12387 42093.0
0.12388 42131.3
0.12389 42168.7
0.12390 42205.2
0.12391 42240.8
0.12392 42275.5
0.12393 42309.3
0.12394 42342.3
0.12395 42374.5
0.12396 42405.9
0.12397 42436.5
0.12398 42466.3
0.12399 42495.4
0.12400 42523.8
0.12401 42551.4
0.12402 42578.4
0.12403 42604.7
0.12404 42630.3
0.12405 42655.4
0.12406 42679.7
0.12407 42703.5
0.12408 42726.7
0.12409 42749.3
0.12410 42771.3
0.12411 42792.8
0.12412 42813.8
0.12413 42834.2
0.12414 42854.1
0.12415 42873.5
0.12416 42892.4
0.12417 42910.8
0.12418 42928.8
0.12419 42946.3
0.12420 42963.4
0.12421 42980.0
0.12422 42996.2
0.12423 43012.0
0.12424 43027.4
0.12425 43042.3
0.12426 43056.9
0.12427 43071.2
0.12428 43085.0
0.12429 43098.5
0.12430 43111.6
0.12431 43124.4
0.12432 43136.9
0.12433 43149.0
0.12434 43160.8
0.12435 43172.3
0.12436 43183.4
0.12437 43194.3
0.12438 43204.9
0.12439 43215.2
0.12440 43225.2
0.12441 43234.9
0.12442 43244.3
0.12443 43253.5
0.12444 43262.5
0.12445 43271.1
0.12446 43279.6
0.12447 43287.8
0.12448 43295.7
0.12449 43303.4
0.12450 43310.9
0.12451 43318.2
0.12452 43325.3
0.12453 43332.1
0.12454 43338.7
0.12455 43345.1
0.12456 43351.4
0.12457 43357.4
0.12458 43363.2
0.12459 43368.9
0.12460 43374.3
0.12461 43379.6
0.12462 43384.7
0.12463 43389.7
0.12464 43394.4
0.12465 43399.0
0.12466 43403.4
0.12467 43407.7
0.12468 43411.8
0.12469 43415.8
0.12470 43419.6
0.12471 43423.3
0.12472 43426.8
0.12473 43430.2
0.12474 43433.4
0.12475 43436.5
0.12476 43439.4
0.12477 43442.3
0.12478 43445.0
0.12479 43447.6
0.12480 43450.0
0.12481 43452.3
0.12482 43454.6
0.12483 43456.7
0.12484 43458.6
0.12485 43460.5
0.12486 43462.3
0.12487 43463.9
0.12488 43465.4
0.12489 43466.9
0.12490 43468.2
0.12491 43469.4
0.12492 43470.6
0.12493 43471.6
0.12494 43472.6
0.12495 43473.4
0.12496 43474.2
0.12497 43474.8
0.12498 43475.4
0.12499 43475.9
0.12500 43476.3
0.12501 43476.6
0.12502 43476.8
0.12503 43477.0
0.12504 43477.0
0.12505 43477.0
0.12506 43477.0
0.12507 43476.8
0.12508 43476.6
0.12509 43476.2
0.12510 43475.9
0.12511 43475.4
0.12512 43474.9
0.12513 43474.3
0.12514 43473.6
0.12515 43472.9
0.12516 43472.1
0.12517 43471.3
0.12518 43470.3
0.12519 43469.4
0.12520 43468.3
0.12521 43467.2
0.12522 43466.1
0.12523 43464.8
0.12524 43463.6
0.12525 43462.2
0.12526 43460.8
0.12527 43459.4
0.12528 43457.9
0.12529 43456.4
0.12530 43454.8
0.12531 43453.1
0.12532 43451.4
0.12533 43449.6
0.12534 43447.8
0.12535 43446.0
0.12536 43444.1
0.12537 43442.2
0.12538 43440.2
0.12539 43438.1
0.12540 43436.0
0.12541 43433.9
0.12542 43431.8
0.12543 43429.5
0.12544 43427.3
0.12545 43425.0
0.12546 43422.7
0.12547 43420.3
0.12548 43417.9
0.12549 43415.4
0.12550 43412.9
0.12551 43410.4
0.12552 43407.8
0.12553 43405.2
0.12554 43402.6
0.12555 43399.9
0.12556 43397.2
0.12557 43394.5
0.12558 43391.7
0.12559 43388.9
0.12560 43386.0
0.12561 43383.2
0.12562 43380.2
0.12563 43377.3
0.12564 43374.3
0.12565 43371.3
0.12566 43368.3
0.12567 43365.2
0.12568 43362.1
0.12569 43359.0
0.12570 43355.8
0.12571 43352.7
0.12572 43349.5
0.12573 43346.2
0.12574 43343.0
0.12575 43339.7
0.12576 43336.3
0.12577 43333.0
0.12578 43329.6
0.12579 43326.2
0.12580 43322.8
0.12581 43319.4
0.12582 43315.9
0.12583 43312.4
0.12584 43308.9
0.12585 43305.3
0.12586 43301.8
0.12587 43298.2
0.12588 43294.6
0.12589 43290.9
0.12590 43287.3
0.12591 43283.6
0.12592 43279.9
0.12593 43276.2
0.12594 43272.4
0.12595 43268.7
0.12596 43264.9
0.12597 43261.1
0.12598 43257.3
0.12599 43253.4
0.12600 43249.6
0.12601 43245.7
0.12602 43241.8
0.12603 43237.9
0.12604 43233.9
0.12605 43230.0
0.12606 43226.0
0.12607 43222.0
0.12608 43218.0
0.12609 43214.0
0.12610 43209.9
0.12611 43205.9
0.12612 43201.8
0.12613 43197.7
0.12614 43193.6
0.12615 43189.5
0.12616 43185.3
0.12617 43181.2
0.12618 43177.0
0.12619 43172.8
0.12620 43168.6
0.12621 43164.4
0.12622 43160.2
0.12623 43155.9
0.12624 43151.7
0.12625 43147.4
0.12626 43143.1
0.12627 43138.8
0.12628 43134.5
0.12629 43130.1
0.12630 43125.8
0.12631 43121.4
0.12632 43117.1
0.12633 43112.7
0.12634 43108.3
0.12635 43103.9
0.12636 43099.5
0.12637 43095.0
0.12638 43090.6
0.12639 43086.1
0.12640 43081.7
0.12641 43077.2
0.12642 43072.7
0.12643 43068.2
0.12644 43063.7
0.12645 43059.2
0.12646 43054.6
0.12647 43050.1
0.12648 43045.5
0.12649 43041.0
0.12650 43036.4
0.12651 43031.8
0.12652 43027.2
0.12653 43022.6
0.12654 43018.0
0.12655 43013.4
0.12656 43008.7
0.12657 43004.1
0.12658 42999.4
0.12659 42994.8
0.12660 42990.1
0.12661 42985.4
0.12662 42980.7
0.12663 42976.0
0.12664 42971.3
0.12665 42966.6
0.12666 42961.9
0.12667 42957.1
0.12668 42952.4
0.12669 42947.7
0.12670 42942.9
0.12671 42938.1
0.12672 42933.4
0.12673 42928.6
0.12674 42923.8
0.12675 42919.0
0.12676 42914.2
0.12677 42909.4
0.12678 42904.6
0.12679 42899.8
0.12680 42894.9
0.12681 42890.1
0.12682 42885.2
0.12683 42880.4
0.12684 42875.5
0.12685 42870.7
0.12686 42865.8
0.12687 42860.9
0.12688 42856.0
0.12689 42851.1
0.12690 42846.3
0.12691 42841.4
0.12692 42836.4
0.12693 42831.5
0.12694 42826.6
0.12695 42821.7
0.12696 42816.8
0.12697 42811.8
0.12698 42806.9
0.12699 42801.9
0.12700 42797.0
0.12701 42792.0
0.12702 42787.1
0.12703 42782.1
0.12704 42777.1
0.12705 42772.2
0.12706 42767.2
0.12707 42762.2
0.12708 42757.2
0.12709 42752.2
0.12710 42747.2
0.12711 42742.2
0.12712 42737.2
0.12713 42732.2
0.12714 42727.2
0.12715 42722.2
0.12716 42717.1
0.12717 42712.1
0.12718 42707.1
0.12719 42702.0
0.12720 42697.0
0.12721 42692.0
0.12722 42686.9
0.12723 42681.9
0.12724 42676.8
0.12725 42671.8
0.12726 42666.7
0.12727 42661.6
0.12728 42656.6
0.12729 42651.5
0.12730 42646.4
0.12731 42641.4
0.12732 42636.3
0.12733 42631.2
0.12734 42626.1
0.12735 42621.0
0.12736 42615.9
0.12737 42610.9
0.12738 42605.8
0.12739 42600.7
0.12740 42595.6
0.12741 42590.5
0.12742 42585.4
0.12743 42580.3
0.12744 42575.1
0.12745 42570.0
0.12746 42564.9
0.12747 42559.8
0.12748 42554.7
0.12749 42549.6
0.12750 42544.5
0.12751 42539.3
0.12752 42534.2
0.12753 42529.1
0.12754 42524.0
0.12755 42518.8
0.12756 42513.7
0.12757 42508.6
0.12758 42503.4
0.12759 42498.3
0.12760 42493.2
0.12761 42488.0
0.12762 42482.9
0.12763 42477.8
0.12764 42472.6
0.12765 42467.5
0.12766 42462.3
0.12767 42457.2
0.12768 42452.0
0.12769 42446.9
0.12770 42441.8
0.12771 42436.6
0.12772 42431.5
0.12773 42426.3
0.12774 42421.2
0.12775 42416.0
0.12776 42410.9
0.12777 42405.7
0.12778 42400.6
0.12779 42395.4
0.12780 42390.3
0.12781 42385.1
0.12782 42379.9
0.12783 42374.8
0.12784 42369.6
0.12785 42364.5
0.12786 42359.3
0.12787 42354.2
0.12788 42349.0
0.12789 42343.9
0.12790 42338.7
0.12791 42333.6
0.12792 42328.4
0.12793 42323.3
0.12794 42318.1
0.12795 42313.0
0.12796 42307.8
0.12797 42302.7
0.12798 42297.5
0.12799 42292.4
0.12800 42287.2
0.12801 42282.1
0.12802 42276.9
0.12803 42271.8
0.12804 42266.6
0.12805 42261.5
0.12806 42256.3
0.12807 42251.2
0.12808 42246.0
0.12809 42240.9
0.12810 42235.7
0.12811 42230.6
0.12812 42225.4
0.12813 42220.3
0.12814 42215.2
0.12815 42210.0
0.12816 42204.9
0.12817 42199.8
0.12818 42194.6
0.12819 42189.5
0.12820 42184.4
0.12821 42179.2
0.12822 42174.1
0.12823 42169.0
0.12824 42163.8
0.12825 42158.7
0.12826 42153.6
0.12827 42148.5
0.12828 42143.3
0.12829 42138.2
0.12830 42133.1
0.12831 42128.0
0.12832 42122.9
0.12833 42117.8
0.12834 42112.6
0.12835 42107.5
0.12836 42102.4
0.12837 42097.3
0.12838 42092.2
0.12839 42087.1
0.12840 42082.0
0.12841 42076.9
0.12842 42071.8
0.12843 42066.7
0.12844 42061.6
0.12845 42056.5
0.12846 42051.4
0.12847 42046.3
0.12848 42041.3
0.12849 42036.2
0.12850 42031.1
0.12851 42026.0
0.12852 42020.9
0.12853 42015.9
0.12854 42010.8
0.12855 42005.7
0.12856 42000.7
0.12857 41995.6
0.12858 41990.5
0.12859 41985.5
0.12860 41980.4
0.12861 41975.4
0.12862 41970.3
0.12863 41965.3
0.12864 41960.2
0.12865 41955.2
0.12866 41950.1
0.12867 41945.1
0.12868 41940.0
0.12869 41935.0
0.12870 41930.0
0.12871 41925.0
0.12872 41919.9
0.12873 41914.9
0.12874 41909.9
0.12875 41904.9
0.12876 41899.9
0.12877 41894.8
0.12878 41889.8
0.12879 41884.8
0.12880 41879.8
0.12881 41874.8
0.12882 41869.8
0.12883 41864.8
0.12884 41859.8
0.12885 41854.9
0.12886 41849.9
0.12887 41844.9
0.12888 41839.9
0.12889 41834.9
0.12890 41830.0
0.12891 41825.0
0.12892 41820.0
0.12893 41815.1
0.12894 41810.1
0.12895 41805.2
0.12896 41800.2
0.12897 41795.3
0.12898 41790.3
0.12899 41785.4
0.12900 41780.4
0.12901 41775.5
0.12902 41770.6
0.12903 41765.6
0.12904 41760.7
0.12905 41755.8
0.12906 41750.9
0.12907 41746.0
0.12908 41741.0
0.12909 41736.1
0.12910 41731.2
0.12911 41726.3
0.12912 41721.4
0.12913 41716.5
0.12914 41711.7
0.12915 41706.8
0.12916 41701.9
0.12917 41697.0
0.12918 41692.1
0.12919 41687.3
0.12920 41682.4
0.12921 41677.5
0.12922 41672.7
0.12923 41667.8
0.12924 41663.0
0.12925 41658.1
0.12926 41653.3
0.12927 41648.5
0.12928 41643.6
0.12929 41638.8
0.12930 41634.0
0.12931 41629.1
0.12932 41624.3
0.12933 41619.5
0.12934 41614.7
0.12935 41609.9
0.12936 41605.1
0.12937 41600.3
0.12938 41595.5
0.12939 41590.7
0.12940 41585.9
0.12941 41581.1
0.12942 41576.4
0.12943 41571.6
0.12944 41566.8
0.12945 41562.1
0.12946 41557.3
0.12947 41552.5
0.12948 41547.8
0.12949 41543.0
0.12950 41538.3
0.12951 41533.6
0.12952 41528.8
0.12953 41524.1
0.12954 41519.4
0.12955 41514.6
0.12956 41509.9
0.12957 41505.2
0.12958 41500.5
0.12959 41495.8
0.12960 41491.1
0.12961 41486.4
0.12962 41481.7
0.12963 41477.0
0.12964 41472.4
0.12965 41467.7
0.12966 41463.0
0.12967 41458.3
0.12968 41453.7
0.12969 41449.0
0.12970 41444.4
0.12971 41439.7
0.12972 41435.1
0.12973 41430.4
0.12974 41425.8
0.12975 41421.2
0.12976 41416.5
0.12977 41411.9
0.12978 41407.3
0.12979 41402.7
0.12980 41398.1
0.12981 41393.5
0.12982 41388.9
0.12983 41384.3
0.12984 41379.7
0.12985 41375.1
0.12986 41370.5
0.12987 41366.0
0.12988 41361.4
0.12989 41356.8
0.12990 41352.3
0.12991 41347.7
0.12992 41343.2
0.12993 41338.6
0.12994 41334.1
0.12995 41329.5
0.12996 41325.0
0.12997 41320.5
0.12998 41316.0
0.12999 41311.4
0.13000 41306.9
0.13001 41302.4
0.13002 41297.9
0.13003 41293.4
0.13004 41288.9
0.13005 41284.5
0.13006 41280.0
0.13007 41275.5
0.13008 41271.0
0.13009 41266.6
0.13010 41262.1
0.13011 41257.6
0.13012 41253.2
0.13013 41248.7
0.13014 41244.3
0.13015 41239.9
0.13016 41235.4
0.13017 41231.0
0.13018 41226.6
0.13019 41222.2
0.13020 41217.8
0.13021 41213.4
0.13022 41209.0
0.13023 41204.6
0.13024 41200.2
0.13025 41195.8
0.13026 41191.4
0.13027 41187.0
0.13028 41182.7
0.13029 41178.3
0.13030 41173.9
0.13031 41169.6
0.13032 41165.2
0.13033 41160.9
0.13034 41156.5
0.13035 41152.2
0.13036 41147.9
0.13037 41143.6
0.13038 41139.2
0.13039 41134.9
0.13040 41130.6
0.13041 41126.3
0.13042 41122.0
0.13043 41117.7
0.13044 41113.4
0.13045 41109.2
0.13046 41104.9
0.13047 41100.6
0.13048 41096.3
0.13049 41092.1
0.13050 41087.8
0.13051 41083.6
0.13052 41079.3
0.13053 41075.1
0.13054 41070.9
0.13055 41066.6
0.13056 41062.4
0.13057 41058.2
0.13058 41054.0
0.13059 41049.8
0.13060 41045.6
0.13061 41041.4
0.13062 41037.2
0.13063 41033.0
0.13064 41028.8
0.13065 41024.6
0.13066 41020.5
0.13067 41016.3
0.13068 41012.1
0.13069 41008.0
0.13070 41003.8
0.13071 40999.7
0.13072 40995.5
0.13073 40991.4
0.13074 40987.3
0.13075 40983.2
0.13076 40979.0
0.13077 40974.9
0.13078 40970.8
0.13079 40966.7
0.13080 40962.6
0.13081 40958.5
0.13082 40954.5
0.13083 40950.4
0.13084 40946.3
0.13085 40942.2
0.13086 40938.2
0.13087 40934.1
0.13088 40930.1
0.13089 40926.0
0.13090 40922.0
0.13091 40917.9
0.13092 40913.9
0.13093 40909.9
0.13094 40905.9
0.13095 40901.9
0.13096 40897.8
0.13097 40893.8
0.13098 40889.8
0.13099 40885.9
0.13100 40881.9
0.13101 40877.9
0.13102 40873.9
0.13103 40869.9
0.13104 40866.0
0.13105 40862.0
0.13106 40858.1
0.13107 40854.1
0.13108 40850.2
0.13109 40846.2
0.13110 40842.3
0.13111 40838.4
0.13112 40834.4
0.13113 40830.5
0.13114 40826.6
0.13115 40822.7
0.13116 40818.8
0.13117 40814.9
0.13118 40811.0
0.13119 40807.2
0.13120 40803.3
0.13121 40799.4
0.13122 40795.5
0.13123 40791.7
0.13124 40787.8
0.13125 40784.0
0.13126 40780.1
0.13127 40776.3
0.13128 40772.4
0.13129 40768.6
0.13130 40764.8
0.13131 40761.0
0.13132 40757.2
0.13133 40753.4
0.13134 40749.6
0.13135 40745.8
0.13136 40742.0
0.13137 40738.2
0.13138 40734.4
0.13139 40730.6
0.13140 40726.9
0.13141 40723.1
0.13142 40719.3
0.13143 40715.6
0.13144 40711.8
0.13145 40708.1
0.13146 40704.4
0.13147 40700.6
0.13148 40696.9
0.13149 40693.2
0.13150 40689.5
0.13151 40685.8
0.13152 40682.1
0.13153 40678.4
0.13154 40674.7
0.13155 40671.0
0.13156 40667.3
0.13157 40663.6
0.13158 40660.0
0.13159 40656.3
0.13160 40652.6
0.13161 40649.0
0.13162 40645.3
0.13163 40641.7
0.13164 40638.1
0.13165 40634.4
0.13166 40630.8
0.13167 40627.2
0.13168 40623.6
0.13169 40620.0
0.13170 40616.4
0.13171 40612.8
0.13172 40609.2
0.13173 40605.6
0.13174 40602.0
0.13175 40598.4
0.13176 40594.8
0.13177 40591.3
0.13178 40587.7
0.13179 40584.2
0.13180 40580.6
0.13181 40577.1
0.13182 40573.5
0.13183 40570.0
0.13184 40566.5
0.13185 40562.9
0.13186 40559.4
0.13187 40555.9
0.13188 40552.4
0.13189 40548.9
0.13190 40545.4
0.13191 40541.9
0.13192 40538.4
0.13193 40534.9
0.13194 40531.5
0.13195 40528.0
0.13196 40524.5
0.13197 40521.1
0.13198 40517.6
0.13199 40514.2
0.13200 40510.7
0.13201 40507.3
0.13202 40503.9
0.13203 40500.4
0.13204 40497.0
0.13205 40493.6
0.13206 40490.2
0.13207 40486.8
0.13208 40483.4
0.13209 40480.0
0.13210 40476.6
0.13211 40473.2
0.13212 40469.8
0.13213 40466.5
0.13214 40463.1
0.13215 40459.7
0.13216 40456.4
0.13217 40453.0
0.13218 40449.7
0.13219 40446.3
0.13220 40443.0
0.13221 40439.7
0.13222 40436.4
0.13223 40433.0
0.13224 40429.7
0.13225 40426.4
0.13226 40423.1
0.13227 40419.8
0.13228 40416.5
0.13229 40413.2
0.13230 40409.9
0.13231 40406.7
0.13232 40403.4
0.13233 40400.1
0.13234 40396.9
0.13235 40393.6
0.13236 40390.4
0.13237 40387.1
0.13238 40383.9
0.13239 40380.6
0.13240 40377.4
0.13241 40374.2
0.13242 40371.0
0.13243 40367.7
0.13244 40364.5
0.13245 40361.3
0.13246 40358.1
0.13247 40354.9
0.13248 40351.8
0.13249 40348.6
0.13250 40345.4
0.13251 40342.2
0.13252 40339.1
0.13253 40335.9
0.13254 40332.7
0.13255 40329.6
0.13256 40326.4
0.13257 40323.3
0.13258 40320.2
0.13259 40317.0
0.13260 40313.9
0.13261 40310.8
0.13262 40307.7
0.13263 40304.5
0.13264 40301.4
0.13265 40298.3
0.13266 40295.2
0.13267 40292.2
0.13268 40289.1
0.13269 40286.0
0.13270 40282.9
0.13271 40279.8
0.13272 40276.8
0.13273 40273.7
0.13274 40270.7
0.13275 40267.6
0.13276 40264.6
0.13277 40261.5
0.13278 40258.5
0.13279 40255.5
0.13280 40252.4
0.13281 40249.4
0.13282 40246.4
0.13283 40243.4
0.13284 40240.4
0.13285 40237.4
0.13286 40234.4
0.13287 40231.4
0.13288 40228.4
0.13289 40225.5
0.13290 40222.5
0.13291 40219.5
0.13292 40216.6
0.13293 40213.6
0.13294 40210.6
0.13295 40207.7
0.13296 40204.8
0.13297 40201.8
0.13298 40198.9
0.13299 40196.0
0.13300 40193.0
0.13301 40190.1
0.13302 40187.2
0.13303 40184.3
0.13304 40181.4
0.13305 40178.5
0.13306 40175.6
0.13307 40172.7
0.13308 40169.8
0.13309 40166.9
0.13310 40164.1
0.13311 40161.2
0.13312 40158.3
0.13313 40155.5
0.13314 40152.6
0.13315 40149.8
0.13316 40146.9
0.13317 40144.1
0.13318 40141.2
0.13319 40138.4
0.13320 40135.6
0.13321 40132.8
0.13322 40130.0
0.13323 40127.1
0.13324 40124.3
0.13325 40121.5
0.13326 40118.7
0.13327 40115.9
0.13328 40113.2
0.13329 40110.4
0.13330 40107.6
0.13331 40104.8
0.13332 40102.1
0.13333 40099.3
0.13334 40096.5
0.13335 40093.8
0.13336 40091.0
0.13337 40088.3
0.13338 40085.6
0.13339 40082.8
0.13340 40080.1
0.13341 40077.4
0.13342 40074.7
0.13343 40071.9
0.13344 40069.2
0.13345 40066.5
0.13346 40063.8
0.13347 40061.1
0.13348 40058.4
0.13349 40055.7
0.13350 40053.1
0.13351 40050.4
0.13352 40047.7
0.13353 40045.0
0.13354 40042.4
0.13355 40039.7
0.13356 40037.1
0.13357 40034.4
0.13358 40031.8
0.13359 40029.1
0.13360 40026.5
0.13361 40023.9
0.13362 40021.2
0.13363 40018.6
0.13364 40016.0
0.13365 40013.4
0.13366 40010.8
0.13367 40008.2
0.13368 40005.6
0.13369 40003.0
0.13370 40000.4
0.13371 39997.8
0.13372 39995.2
0.13373 39992.7
0.13374 39990.1
0.13375 39987.5
0.13376 39985.0
0.13377 39982.4
0.13378 39979.9
0.13379 39977.3
0.13380 39974.8
0.13381 39972.2
0.13382 39969.7
0.13383 39967.2
0.13384 39964.6
0.13385 39962.1
0.13386 39959.6
0.13387 39957.1
0.13388 39954.6
0.13389 39952.1
0.13390 39949.6
0.13391 39947.1
0.13392 39944.6
0.13393 39942.1
0.13394 39939.6
0.13395 39937.1
0.13396 39934.7
0.13397 39932.2
0.13398 39929.7
0.13399 39927.3
0.13400 39924.8
0.13401 39922.4
0.13402 39919.9
0.13403 39917.5
0.13404 39915.1
0.13405 39912.6
0.13406 39910.2
0.13407 39907.8
0.13408 39905.4
0.13409 39902.9
0.13410 39900.5
0.13411 39898.1
0.13412 39895.7
0.13413 39893.3
0.13414 39890.9
0.13415 39888.5
0.13416 39886.2
0.13417 39883.8
0.13418 39881.4
0.13419 39879.0
0.13420 39876.7
0.13421 39874.3
0.13422 39871.9
0.13423 39869.6
0.13424 39867.2
0.13425 39864.9
0.13426 39862.6
0.13427 39860.2
0.13428 39857.9
0.13429 39855.6
0.13430 39853.2
0.13431 39850.9
0.13432 39848.6
0.13433 39846.3
0.13434 39844.0
0.13435 39841.7
0.13436 39839.4
0.13437 39837.1
0.13438 39834.8
0.13439 39832.5
0.13440 39830.2
0.13441 39827.9
0.13442 39825.7
0.13443 39823.4
0.13444 39821.1
0.13445 39818.9
0.13446 39816.6
0.13447 39814.3
0.13448 39812.1
0.13449 39809.9
0.13450 39807.6
0.13451 39805.4
0.13452 39803.1
0.13453 39800.9
0.13454 39798.7
0.13455 39796.5
0.13456 39794.2
0.13457 39792.0
0.13458 39789.8
0.13459 39787.6
0.13460 39785.4
0.13461 39783.2
0.13462 39781.0
0.13463 39778.8
0.13464 39776.7
0.13465 39774.5
0.13466 39772.3
0.13467 39770.1
0.13468 39768.0
0.13469 39765.8
0.13470 39763.6
0.13471 39761.5
0.13472 39759.3
0.13473 39757.2
0.13474 39755.0
0.13475 39752.9
0.13476 39750.8
0.13477 39748.6
0.13478 39746.5
0.13479 39744.4
0.13480 39742.2
0.13481 39740.1
0.13482 39738.0
0.13483 39735.9
0.13484 39733.8
0.13485 39731.7
0.13486 39729.6
0.13487 39727.5
0.13488 39725.4
0.13489 39723.3
0.13490 39721.2
0.13491 39719.2
0.13492 39717.1
0.13493 39715.0
0.13494 39713.0
0.13495 39710.9
0.13496 39708.8
0.13497 39706.8
0.13498 39704.7
0.13499 39702.7
0.13500 39700.6
0.13501 39698.6
0.13502 39696.6
0.13503 39694.5
0.13504 39692.5
0.13505 39690.5
0.13506 39688.5
0.13507 39686.4
0.13508 39684.4
0.13509 39682.4
0.13510 39680.4
0.13511 39678.4
0.13512 39676.4
0.13513 39674.4
0.13514 39672.4
0.13515 39670.4
0.13516 39668.5
0.13517 39666.5
0.13518 39664.5
0.13519 39662.5
0.13520 39660.6
0.13521 39658.6
0.13522 39656.6
0.13523 39654.7
0.13524 39652.7
0.13525 39650.8
0.13526 39648.8
0.13527 39646.9
0.13528 39644.9
0.13529 39643.0
0.13530 39641.1
0.13531 39639.1
0.13532 39637.2
0.13533 39635.3
0.13534 39633.4
0.13535 39631.5
0.13536 39629.5
0.13537 39627.6
0.13538 39625.7
0.13539 39623.8
0.13540 39621.9
0.13541 39620.0
0.13542 39618.2
0.13543 39616.3
0.13544 39614.4
0.13545 39612.5
0.13546 39610.6
0.13547 39608.8
0.13548 39606.9
0.13549 39605.0
0.13550 39603.2
0.13551 39601.3
0.13552 39599.5
0.13553 39597.6
0.13554 39595.8
0.13555 39593.9
0.13556 39592.1
0.13557 39590.2
0.13558 39588.4
0.13559 39586.6
0.13560 39584.7
0.13561 39582.9
0.13562 39581.1
0.13563 39579.3
0.13564 39577.5
0.13565 39575.7
0.13566 39573.9
0.13567 39572.1
0.13568 39570.3
0.13569 39568.5
0.13570 39566.7
0.13571 39564.9
0.13572 39563.1
0.13573 39561.3
0.13574 39559.5
0.13575 39557.8
0.13576 39556.0
0.13577 39554.2
0.13578 39552.5
0.13579 39550.7
0.13580 39548.9
0.13581 39547.2
0.13582 39545.4
0.13583 39543.7
0.13584 39541.9
0.13585 39540.2
0.13586 39538.5
0.13587 39536.7
0.13588 39535.0
0.13589 39533.3
0.13590 39531.5
0.13591 39529.8
0.13592 39528.1
0.13593 39526.4
0.13594 39524.7
0.13595 39523.0
0.13596 39521.2
0.13597 39519.5
0.13598 39517.8
0.13599 39516.1
0.13600 39514.5
0.13601 39512.8
0.13602 39511.1
0.13603 39509.4
0.13604 39507.7
0.13605 39506.0
0.13606 39504.4
0.13607 39502.7
0.13608 39501.0
0.13609 39499.4
0.13610 39497.7
0.13611 39496.0
0.13612 39494.4
0.13613 39492.7
0.13614 39491.1
0.13615 39489.4
0.13616 39487.8
0.13617 39486.2
0.13618 39484.5
0.13619 39482.9
0.13620 39481.3
0.13621 39479.6
0.13622 39478.0
0.13623 39476.4
0.13624 39474.8
0.13625 39473.2
0.13626 39471.5
0.13627 39469.9
0.13628 39468.3
0.13629 39466.7
0.13630 39465.1
0.13631 39463.5
0.13632 39461.9
0.13633 39460.4
0.13634 39458.8
0.13635 39457.2
0.13636 39455.6
0.13637 39454.0
0.13638 39452.5
0.13639 39450.9
0.13640 39449.3
0.13641 39447.7
0.13642 39446.2
0.13643 39444.6
0.13644 39443.1
0.13645 39441.5
0.13646 39440.0
0.13647 39438.4
0.13648 39436.9
0.13649 39435.3
0.13650 39433.8
0.13651 39432.3
0.13652 39430.7
0.13653 39429.2
0.13654 39427.7
0.13655 39426.1
0.13656 39424.6
0.13657 39423.1
0.13658 39421.6
0.13659 39420.1
0.13660 39418.6
0.13661 39417.1
0.13662 39415.6
0.13663 39414.0
0.13664 39412.6
0.13665 39411.1
0.13666 39409.6
0.13667 39408.1
0.13668 39406.6
0.13669 39405.1
0.13670 39403.6
0.13671 39402.1
0.13672 39400.7
0.13673 39399.2
0.13674 39397.7
0.13675 39396.3
0.13676 39394.8
0.13677 39393.3
0.13678 39391.9
0.13679 39390.4
0.13680 39389.0
0.13681 39387.5
0.13682 39386.1
0.13683 39384.6
0.13684 39383.2
0.13685 39381.7
0.13686 39380.3
0.13687 39378.9
0.13688 39377.4
0.13689 39376.0
0.13690 39374.6
0.13691 39373.2
0.13692 39371.7
0.13693 39370.3
0.13694 39368.9
0.13695 39367.5
0.13696 39366.1
0.13697 39364.7
0.13698 39363.3
0.13699 39361.9
0.13700 39360.5
0.13701 39359.1
0.13702 39357.7
0.13703 39356.3
0.13704 39354.9
0.13705 39353.5
0.13706 39352.2
0.13707 39350.8
0.13708 39349.4
0.13709 39348.0
0.13710 39346.7
0.13711 39345.3
0.13712 39343.9
0.13713 39342.6
0.13714 39341.2
0.13715 39339.8
0.13716 39338.5
0.13717 39337.1
0.13718 39335.8
0.13719 39334.4
0.13720 39333.1
0.13721 39331.7
0.13722 39330.4
0.13723 39329.1
0.13724 39327.7
0.13725 39326.4
0.13726 39325.1
0.13727 39323.7
0.13728 39322.4
0.13729 39321.1
0.13730 39319.8
0.13731 39318.5
0.13732 39317.1
0.13733 39315.8
0.13734 39314.5
0.13735 39313.2
0.13736 39311.9
0.13737 39310.6
0.13738 39309.3
0.13739 39308.0
0.13740 39306.7
0.13741 39305.4
0.13742 39304.1
0.13743 39302.9
0.13744 39301.6
0.13745 39300.3
0.13746 39299.0
0.13747 39297.7
0.13748 39296.5
0.13749 39295.2
0.13750 39293.9
0.13751 39292.7
0.13752 39291.4
0.13753 39290.1
0.13754 39288.9
0.13755 39287.6
0.13756 39286.4
0.13757 39285.1
0.13758 39283.9
0.13759 39282.6
0.13760 39281.4
0.13761 39280.1
0.13762 39278.9
0.13763 39277.6
0.13764 39276.4
0.13765 39275.2
0.13766 39273.9
0.13767 39272.7
0.13768 39271.5
0.13769 39270.3
0.13770 39269.0
0.13771 39267.8
0.13772 39266.6
0.13773 39265.4
0.13774 39264.2
0.13775 39263.0
0.13776 39261.8
0.13777 39260.6
0.13778 39259.4
0.13779 39258.2
0.13780 39257.0
0.13781 39255.8
0.13782 39254.6
0.13783 39253.4
0.13784 39252.2
0.13785 39251.0
0.13786 39249.8
0.13787 39248.6
0.13788 39247.5
0.13789 39246.3
0.13790 39245.1
0.13791 39243.9
0.13792 39242.8
0.13793 39241.6
0.13794 39240.4
0.13795 39239.3
0.13796 39238.1
0.13797 39236.9
0.13798 39235.8
0.13799 39234.6
0.13800 39233.5
0.13801 39232.3
0.13802 39231.2
0.13803 39230.0
0.13804 39228.9
0.13805 39227.7
0.13806 39226.6
0.13807 39225.5
0.13808 39224.3
0.13809 39223.2
0.13810 39222.1
0.13811 39220.9
0.13812 39219.8
0.13813 39218.7
0.13814 39217.6
0.13815 39216.5
0.13816 39215.3
0.13817 39214.2
0.13818 39213.1
0.13819 39212.0
0.13820 39210.9
0.13821 39209.8
0.13822 39208.7
0.13823 39207.6
0.13824 39206.5
0.13825 39205.4
0.13826 39204.3
0.13827 39203.2
0.13828 39202.1
0.13829 39201.0
0.13830 39199.9
0.13831 39198.8
0.13832 39197.7
0.13833 39196.7
0.13834 39195.6
0.13835 39194.5
0.13836 39193.4
0.13837 39192.4
0.13838 39191.3
0.13839 39190.2
0.13840 39189.2
0.13841 39188.1
0.13842 39187.0
0.13843 39186.0
0.13844 39184.9
0.13845 39183.9
0.13846 39182.8
0.13847 39181.7
0.13848 39180.7
0.13849 39179.7
0.13850 39178.6
0.13851 39177.6
0.13852 39176.5
0.13853 39175.5
0.13854 39174.4
0.13855 39173.4
0.13856 39172.4
0.13857 39171.3
0.13858 39170.3
0.13859 39169.3
0.13860 39168.3
0.13861 39167.2
0.13862 39166.2
0.13863 39165.2
0.13864 39164.2
0.13865 39163.2
0.13866 39162.1
0.13867 39161.1
0.13868 39160.1
0.13869 39159.1
0.13870 39158.1
0.13871 39157.1
0.13872 39156.1
0.13873 39155.1
0.13874 39154.1
0.13875 39153.1
0.13876 39152.1
0.13877 39151.1
0.13878 39150.1
0.13879 39149.1
0.13880 39148.1
0.13881 39147.2
0.13882 39146.2
0.13883 39145.2
0.13884 39144.2
0.13885 39143.2
0.13886 39142.3
0.13887 39141.3
0.13888 39140.3
0.13889 39139.3
0.13890 39138.4
0.13891 39137.4
0.13892 39136.4
0.13893 39135.5
0.13894 39134.5
0.13895 39133.6
0.13896 39132.6
0.13897 39131.6
0.13898 39130.7
0.13899 39129.7
0.13900 39128.8
0.13901 39127.8
0.13902 39126.9
0.13903 39126.0
0.13904 39125.0
0.13905 39124.1
0.13906 39123.1
0.13907 39122.2
0.13908 39121.3
0.13909 39120.3
0.13910 39119.4
0.13911 39118.5
0.13912 39117.5
0.13913 39116.6
0.13914 39115.7
0.13915 39114.8
0.13916 39113.8
0.13917 39112.9
0.13918 39112.0
0.13919 39111.1
0.13920 39110.2
0.13921 39109.3
0.13922 39108.4
0.13923 39107.4
0.13924 39106.5
0.13925 39105.6
0.13926 39104.7
0.13927 39103.8
0.13928 39102.9
0.13929 39102.0
0.13930 39101.1
0.13931 39100.2
0.13932 39099.4
0.13933 39098.5
0.13934 39097.6
0.13935 39096.7
0.13936 39095.8
0.13937 39094.9
0.13938 39094.0
0.13939 39093.1
0.13940 39092.3
0.13941 39091.4
0.13942 39090.5
0.13943 39089.6
0.13944 39088.8
0.13945 39087.9
0.13946 39087.0
0.13947 39086.2
0.13948 39085.3
0.13949 39084.4
0.13950 39083.6
0.13951 39082.7
0.13952 39081.9
0.13953 39081.0
0.13954 39080.1
0.13955 39079.3
0.13956 39078.4
0.13957 39077.6
0.13958 39076.7
0.13959 39075.9
0.13960 39075.0
0.13961 39074.2
0.13962 39073.4
0.13963 39072.5
0.13964 39071.7
0.13965 39070.8
0.13966 39070.0
0.13967 39069.2
0.13968 39068.3
0.13969 39067.5
0.13970 39066.7
0.13971 39065.8
0.13972 39065.0
0.13973 39064.2
0.13974 39063.4
0.13975 39062.5
0.13976 39061.7
0.13977 39060.9
0.13978 39060.1
0.13979 39059.3
0.13980 39058.5
0.13981 39057.6
0.13982 39056.8
0.13983 39056.0
0.13984 39055.2
0.13985 39054.4
0.13986 39053.6
0.13987 39052.8
0.13988 39052.0
0.13989 39051.2
0.13990 39050.4
0.13991 39049.6
0.13992 39048.8
0.13993 39048.0
0.13994 39047.2
0.13995 39046.4
0.13996 39045.6
0.13997 39044.9
0.13998 39044.1
0.13999 39043.3
0.14000 38577.4
0.14001 38577.4
0.14002 38577.4
0.14003 38577.4
0.14004 38577.4
0.14005 38577.4
0.14006 38577.4
0.14007 38577.4
0.14008 38577.4
0.14009 38577.4
0.14010 38577.4
0.14011 38577.4
0.14012 38577.4
0.14013 38577.4
0.14014 38577.4
0.14015 38577.4
0.14016 38577.4
0.14017 38577.4
0.14018 38577.4
0.14019 38577.4
0.14020 38577.4
0.14021 38577.4
0.14022 38577.4
0.14023 38577.4
0.14024 38577.4
0.14025 38577.4
0.14026 38577.4
0.14027 38577.4
0.14028 38577.4
0.14029 38577.4
0.14030 38577.4
0.14031 38577.4
0.14032 38577.4
0.14033 38577.4
0.14034 38577.4
0.14035 38577.4
0.14036 38577.4
0.14037 38577.4
0.14038 38577.4
0.14039 38577.4
0.14040 38577.4
0.14041 38577.4
0.14042 38577.4
0.14043 38577.4
0.14044 38577.4
0.14045 38577.4
0.14046 38577.4
0.14047 38577.4
0.14048 38577.4
0.14049 38577.4
0.14050 38577.4
0.14051 38577.4
0.14052 38577.4
0.14053 38577.4
0.14054 38577.4
0.14055 38577.4
0.14056 38577.4
0.14057 38577.4
0.14058 38577.4
0.14059 38577.4
0.14060 38577.4
0.14061 38577.4
0.14062 38577.4
0.14063 38577.4
0.14064 38577.4
0.14065 38577.4
0.14066 38577.4
0.14067 38577.4
0.14068 38577.4
0.14069 38577.4
0.14070 38577.4
0.14071 38577.4
0.14072 38577.4
0.14073 38577.4
0.14074 38577.4
0.14075 38577.4
0.14076 38577.4
0.14077 38577.4
0.14078 38577.4
0.14079 38577.4
0.14080 38577.4
0.14081 38577.4
0.14082 38577.4
0.14083 38577.4
0.14084 38577.4
0.14085 38577.4
0.14086 38577.4
0.14087 38577.4
0.14088 38577.4
0.14089 38577.4
0.14090 38577.4
0.14091 38577.4
0.14092 38577.4
0.14093 38577.4
0.14094 38577.4
0.14095 38577.4
0.14096 38577.4
0.14097 38577.4
0.14098 38577.4
0.14099 38577.4
0.14100 38577.4
0.14101 37153.6
0.14102 35786.4
0.14103 34473.5
0.14104 33212.4
0.14105 32001.1
0.14106 30837.4
0.14107 29719.2
0.14108 28644.6
0.14109 27611.7
0.14110 26618.9
0.14111 25664.4
0.14112 24746.5
0.14113 23863.7
0.14114 23014.5
0.14115 22197.5
0.14116 21411.2
0.14117 20654.4
0.14118 19925.7
0.14119 19223.9
0.14120 18547.8
0.14121 17896.2
0.14122 17268.0
0.14123 16662.0
0.14124 16077.3
0.14125 15512.7
0.14126 14967.2
0.14127 14439.7
0.14128 13929.4
0.14129 13435.1
0.14130 12955.9
0.14131 12490.9
0.14132 12038.9
0.14133 11599.2
0.14134 11170.5
0.14135 10752.1
0.14136 10342.8
0.14137 9941.8
0.14138 9547.9
0.14139 9160.3
0.14140 8777.8
0.14141 8399.5
0.14142 8024.5
0.14143 7651.7
0.14144 7280.2
0.14145 6909.3
0.14146 6538.1
0.14147 6166.0
0.14148 5792.4
0.14149 5417.2
0.14150 5040.2
0.14151 4839.3
0.14152 4613.5
0.14153 4364.5
0.14154 4095.1
0.14155 3808.3
0.14156 3508.3
0.14157 3199.7
0.14158 2887.6
0.14159 2577.9
0.14160 2276.6
0.14161 1989.7
0.14162 1723.0
0.14163 1481.3
0.14164 1268.4
0.14165 1086.2
0.14166 935.0
0.14167 812.8
0.14168 716.6
0.14169 642.2
0.14170 585.3
0.14171 542.1
0.14172 509.2
0.14173 484.3
0.14174 465.3
0.14175 450.9
0.14176 440.1
0.14177 432.2
0.14178 426.7
0.14179 423.2
0.14180 421.3
0.14181 421.0
0.14182 421.9
0.14183 424.2
0.14184 427.6
0.14185 432.1
0.14186 437.7
0.14187 444.5
0.14188 452.3
0.14189 461.3
0.14190 471.4
0.14191 482.8
0.14192 495.5
0.14193 509.5
0.14194 524.9
0.14195 541.9
0.14196 560.5
0.14197 580.8
0.14198 603.0
0.14199 627.2
0.14200 653.4
0.14201 682.0
0.14202 713.0
0.14203 746.6
0.14204 783.0
0.14205 822.5
0.14206 865.1
0.14207 911.2
0.14208 961.0
0.14209 1014.7
0.14210 1072.5
0.14211 1134.8
0.14212 1201.9
0.14213 1273.9
0.14214 1351.2
0.14215 1434.0
0.14216 1522.7
0.14217 1617.6
0.14218 1718.9
0.14219 1826.9
0.14220 1941.8
0.14221 2064.1
0.14222 2193.8
0.14223 2331.2
0.14224 2476.6
0.14225 2630.2
0.14226 2792.1
0.14227 2962.4
0.14228 3141.3
0.14229 3329.0
0.14230 3525.5
0.14231 3730.8
0.14232 3944.9
0.14233 4168.0
0.14234 4399.9
0.14235 4640.6
0.14236 4890.1
0.14237 5148.2
0.14238 5414.9
0.14239 5690.0
0.14240 5973.5
0.14241 6265.1
0.14242 6564.8
0.14243 6872.3
0.14244 7187.5
0.14245 7510.2
0.14246 7840.2
0.14247 8177.4
0.14248 8521.6
0.14249 8872.5
0.14250 9230.0
0.14251 9593.9
0.14252 9964.0
0.14253 10340.2
0.14254 10722.1
0.14255 11109.7
0.14256 11502.7
0.14257 11900.8
0.14258 12304.0
0.14259 12712.0
0.14260 13124.5
0.14261 13541.3
0.14262 13962.2
0.14263 14386.8
0.14264 14815.0
0.14265 15246.4
0.14266 15680.8
0.14267 16117.8
0.14268 16557.1
0.14269 16998.4
0.14270 17441.4
0.14271 17885.6
0.14272 18330.8
0.14273 18776.5
0.14274 19222.4
0.14275 19668.0
0.14276 20113.1
0.14277 20557.2
0.14278 20999.9
0.14279 21440.9
0.14280 21879.8
0.14281 22316.2
0.14282 22749.7
0.14283 23180.0
0.14284 23606.8
0.14285 24029.7
0.14286 24448.5
0.14287 24862.8
0.14288 25272.4
0.14289 25677.0
0.14290 26076.5
0.14291 26470.5
0.14292 26858.9
0.14293 27241.5
0.14294 27618.2
0.14295 27988.8
0.14296 28353.2
0.14297 28711.3
0.14298 29063.1
0.14299 29408.5
0.14300 29747.4
0.14301 30079.8
0.14302 30405.7
0.14303 30725.0
0.14304 31037.9
0.14305 31344.3
0.14306 31644.2
0.14307 31937.7
0.14308 32224.9
0.14309 32505.7
0.14310 32780.3
0.14311 33048.7
0.14312 33311.1
0.14313 33567.4
0.14314 33817.8
0.14315 34062.3
0.14316 34301.1
0.14317 34534.3
0.14318 34761.9
0.14319 34984.1
0.14320 35200.8
0.14321 35412.4
0.14322 35618.8
0.14323 35820.1
0.14324 36016.6
0.14325 36208.1
0.14326 36395.0
0.14327 36577.2
0.14328 36754.8
0.14329 36928.0
0.14330 37096.9
0.14331 37261.6
0.14332 37422.1
0.14333 37578.6
0.14334 37731.2
0.14335 37879.9
0.14336 38024.8
0.14337 38166.1
0.14338 38303.8
0.14339 38438.0
0.14340 38568.8
0.14341 38696.2
0.14342 38820.5
0.14343 38941.5
0.14344 39059.5
0.14345 39174.5
0.14346 39286.6
0.14347 39395.8
0.14348 39502.2
0.14349 39606.0
0.14350 39707.1
0.14351 39805.6
0.14352 39901.6
0.14353 39995.2
0.14354 40086.4
0.14355 40175.2
0.14356 40261.8
0.14357 40346.3
0.14358 40428.6
0.14359 40508.7
0.14360 40586.9
0.14361 40663.1
0.14362 40737.3
0.14363 40809.7
0.14364 40880.3
0.14365 40949.0
0.14366 41016.1
0.14367 41081.4
0.14368 41145.1
0.14369 41207.2
0.14370 41267.7
0.14371 41326.7
0.14372 41384.2
0.14373 41440.3
0.14374 41495.0
0.14375 41548.3
0.14376 41600.3
0.14377 41650.9
0.14378 41700.3
0.14379 41748.5
0.14380 41795.5
0.14381 41841.2
0.14382 41885.9
0.14383 41929.4
0.14384 41971.9
0.14385 42013.2
0.14386 42053.6
0.14387 42093.0
0.14388 42131.3
0.14389 42168.7
0.14390 42205.2
0.14391 42240.8
0.14392 42275.5
0.14393 42309.3
0.14394 42342.3
0.14395 42374.5
0.14396 42405.9
0.14397 42436.5
0.14398 42466.3
0.14399 42495.4
0.14400 42523.8
0.14401 42551.4
0.14402 42578.4
0.14403 42604.7
0.14404 42630.3
0.14405 42655.4
0.14406 42679.7
0.14407 42703.5
0.14408 42726.7
0.14409 42749.3
0.14410 42771.3
0.14411 42792.8
0.14412 42813.8
0.14413 42834.2
0.14414 42854.1
0.14415 42873.5
0.14416 42892.4
0.14417 42910.8
0.14418 42928.8
0.14419 42946.3
0.14420 42963.4
0.14421 42980.0
0.14422 42996.2
0.14423 43012.0
0.14424 43027.4
0.14425 43042.3
0.14426 43056.9
0.14427 43071.2
0.14428 43085.0
0.14429 43098.5
0.14430 43111.6
0.14431 43124.4
0.14432 43136.9
0.14433 43149.0
0.14434 43160.8
0.14435 43172.3
0.14436 43183.4
0.14437 43194.3
0.14438 43204.9
0.14439 43215.2
0.14440 43225.2
0.14441 43234.9
0.14442 43244.3
0.14443 43253.5
0.14444 43262.5
0.14445 43271.1
0.14446 43279.6
0.14447 43287.8
0.14448 43295.7
0.14449 43303.4
0.14450 43310.9
0.14451 43318.2
0.14452 43325.3
0.14453 43332.1
0.14454 43338.7
0.14455 43345.1
0.14456 43351.4
0.14457 43357.4
0.14458 43363.2
0.14459 43368.9
0.14460 43374.3
0.14461 43379.6
0.14462 43384.7
0.14463 43389.7
0.14464 43394.4
0.14465 43399.0
0.14466 43403.4
0.14467 43407.7
0.14468 43411.8
0.14469 43415.8
0.14470 43419.6
0.14471 43423.3
0.14472 43426.8
0.14473 43430.2
0.14474 43433.4
0.14475 43436.5
0.14476 43439.4
0.14477 43442.3
0.14478 43445.0
0.14479 43447.6
0.14480 43450.0
0.14481 43452.3
0.14482 43454.6
0.14483 43456.7
0.14484 43458.6
0.14485 43460.5
0.14486 43462.3
0.14487 43463.9
0.14488 43465.4
0.14489 43466.9
0.14490 43468.2
0.14491 43469.4
0.14492 43470.6
0.14493 43471.6
0.14494 43472.6
0.14495 43473.4
0.14496 43474.2
0.14497 43474.8
0.14498 43475.4
0.14499 43475.9
0.14500 43476.3
0.14501 43476.6
0.14502 43476.8
0.14503 43477.0
0.14504 43477.0
0.14505 43477.0
0.14506 43477.0
0.14507 43476.8
0.14508 43476.6
0.14509 43476.2
0.14510 43475.9
0.14511 43475.4
0.14512 43474.9
0.14513 43474.3
0.14514 43473.6
0.14515 43472.9
0.14516 43472.1
0.14517 43471.3
0.14518 43470.3
0.14519 43469.4
0.14520 43468.3
0.14521 43467.2
0.14522 43466.1
0.14523 43464.8
0.14524 43463.6
0.14525 43462.2
0.14526 43460.8
0.14527 43459.4
0.14528 43457.9
0.14529 43456.4
0.14530 43454.8
0.14531 43453.1
0.14532 43451.4
0.14533 43449.6
0.14534 43447.8
0.14535 43446.0
0.14536 43444.1
0.14537 43442.2
0.14538 43440.2
0.14539 43438.1
0.14540 43436.0
0.14541 43433.9
0.14542 43431.8
0.14543 43429.5
0.14544 43427.3
0.14545 43425.0
0.14546 43422.7
0.14547 43420.3
0.14548 43417.9
0.14549 43415.4
0.14550 43412.9
0.14551 43410.4
0.14552 43407.8
0.14553 43405.2
0.14554 43402.6
0.14555 43399.9
0.14556 43397.2
0.14557 43394.5
0.14558 43391.7
0.14559 43388.9
0.14560 43386.0
0.14561 43383.2
0.14562 43380.2
0.14563 43377.3
0.14564 43374.3
0.14565 43371.3
0.14566 43368.3
0.14567 43365.2
0.14568 43362.1
0.14569 43359.0
0.14570 43355.8
0.14571 43352.7
0.14572 43349.5
0.14573 43346.2
0.14574 43343.0
0.14575 43339.7
0.14576 43336.3
0.14577 43333.0
0.14578 43329.6
0.14579 43326.2
0.14580 43322.8
0.14581 43319.4
0.14582 43315.9
0.14583 43312.4
0.14584 43308.9
0.14585 43305.3
0.14586 43301.8
0.14587 43298.2
0.14588 43294.6
0.14589 43290.9
0.14590 43287.3
0.14591 43283.6
0.14592 43279.9
0.14593 43276.2
0.14594 43272.4
0.14595 43268.7
0.14596 43264.9
0.14597 43261.1
0.14598 43257.3
0.14599 43253.4
0.14600 43249.6
0.14601 43245.7
0.14602 43241.8
0.14603 43237.9
0.14604 43233.9
0.14605 43230.0
0.14606 43226.0
0.14607 43222.0
0.14608 43218.0
0.14609 43214.0
0.14610 43209.9
0.14611 43205.9
0.14612 43201.8
0.14613 43197.7
0.14614 43193.6
0.14615 43189.5
0.14616 43185.3
0.14617 43181.2
0.14618 43177.0
0.14619 43172.8
0.14620 43168.6
0.14621 43164.4
0.14622 43160.2
0.14623 43155.9
0.14624 43151.7
0.14625 43147.4
0.14626 43143.1
0.14627 43138.8
0.14628 43134.5
0.14629 43130.1
0.14630 43125.8
0.14631 43121.4
0.14632 43117.1
0.14633 43112.7
0.14634 43108.3
0.14635 43103.9
0.14636 43099.5
0.14637 43095.0
0.14638 43090.6
0.14639 43086.1
0.14640 43081.7
0.14641 43077.2
0.14642 43072.7
0.14643 43068.2
0.14644 43063.7
0.14645 43059.2
0.14646 43054.6
0.14647 43050.1
0.14648 43045.5
0.14649 43041.0
0.14650 43036.4
0.14651 43031.8
0.14652 43027.2
0.14653 43022.6
0.14654 43018.0
0.14655 43013.4
0.14656 43008.7
0.14657 43004.1
0.14658 42999.4
0.14659 42994.8
0.14660 42990.1
0.14661 42985.4
0.14662 42980.7
0.14663 42976.0
0.14664 42971.3
0.14665 42966.6
0.14666 42961.9
0.14667 42957.1
0.14668 42952.4
0.14669 42947.7
0.14670 42942.9
0.14671 42938.1
0.14672 42933.4
0.14673 42928.6
0.14674 42923.8
0.14675 42919.0
0.14676 42914.2
0.14677 42909.4
0.14678 42904.6
0.14679 42899.8
0.14680 42894.9
0.14681 42890.1
0.14682 42885.2
0.14683 42880.4
0.14684 42875.5
0.14685 42870.7
0.14686 42865.8
0.14687 42860.9
0.14688 42856.0
0.14689 42851.1
0.14690 42846.3
0.14691 42841.4
0.14692 42836.4
0.14693 42831.5
0.14694 42826.6
0.14695 42821.7
0.14696 42816.8
0.14697 42811.8
0.14698 42806.9
0.14699 42801.9
0.14700 42797.0
0.14701 42792.0
0.14702 42787.1
0.14703 42782.1
0.14704 42777.1
0.14705 42772.2
0.14706 42767.2
0.14707 42762.2
0.14708 42757.2
0.14709 42752.2
0.14710 42747.2
0.14711 42742.2
0.14712 42737.2
0.14713 42732.2
0.14714 42727.2
0.14715 42722.2
0.14716 42717.1
0.14717 42712.1
0.14718 42707.1
0.14719 42702.0
0.14720 42697.0
0.14721 42692.0
0.14722 42686.9
0.14723 42681.9
0.14724 42676.8
0.14725 42671.8
0.14726 42666.7
0.14727 42661.6
0.14728 42656.6
0.14729 42651.5
0.14730 42646.4
0.14731 42641.4
0.14732 42636.3
0.14733 42631.2
0.14734 42626.1
0.14735 42621.0
0.14736 42615.9
0.14737 42610.9
0.14738 42605.8
0.14739 42600.7
0.14740 42595.6
0.14741 42590.5
0.14742 42585.4
0.14743 42580.3
0.14744 42575.1
0.14745 42570.0
0.14746 42564.9
0.14747 42559.8
0.14748 42554.7
0.14749 42549.6
0.14750 42544.5
0.14751 42539.3
0.14752 42534.2
0.14753 42529.1
0.14754 42524.0
0.14755 42518.8
0.14756 42513.7
0.14757 42508.6
0.14758 42503.4
0.14759 42498.3
0.14760 42493.2
0.14761 42488.0
0.14762 42482.9
0.14763 42477.8
0.14764 42472.6
0.14765 42467.5
0.14766 42462.3
0.14767 42457.2
0.14768 42452.0
0.14769 42446.9
0.14770 42441.8
0.14771 42436.6
0.14772 42431.5
0.14773 42426.3
0.14774 42421.2
0.14775 42416.0
0.14776 42410.9
0.14777 42405.7
0.14778 42400.6
0.14779 42395.4
0.14780 42390.3
0.14781 42385.1
0.14782 42379.9
0.14783 42374.8
0.14784 42369.6
0.14785 42364.5
0.14786 42359.3
0.14787 42354.2
0.14788 42349.0
0.14789 42343.9
0.14790 42338.7
0.14791 42333.6
0.14792 42328.4
0.14793 42323.3
0.14794 42318.1
0.14795 42313.0
0.14796 42307.8
0.14797 42302.7
0.14798 42297.5
0.14799 42292.4
0.14800 42287.2
0.14801 42282.1
0.14802 42276.9
0.14803 42271.8
0.14804 42266.6
0.14805 42261.5
0.14806 42256.3
0.14807 42251.2
0.14808 42246.0
0.14809 42240.9
0.14810 42235.7
0.14811 42230.6
0.14812 42225.4
0.14813 42220.3
0.14814 42215.2
0.14815 42210.0
0.14816 42204.9
0.14817 42199.8
0.14818 42194.6
0.14819 42189.5
0.14820 42184.4
0.14821 42179.2
0.14822 42174.1
0.14823 42169.0
0.14824 42163.8
0.14825 42158.7
0.14826 42153.6
0.14827 42148.5
0.14828 42143.3
0.14829 42138.2
0.14830 42133.1
0.14831 42128.0
0.14832 42122.9
0.14833 42117.8
0.14834 42112.6
0.14835 42107.5
0.14836 42102.4
0.14837 42097.3
0.14838 42092.2
0.14839 42087.1
0.14840 42082.0
0.14841 42076.9
0.14842 42071.8
0.14843 42066.7
0.14844 42061.6
0.14845 42056.5
0.14846 42051.4
0.14847 42046.3
0.14848 42041.3
0.14849 42036.2
0.14850 42031.1
0.14851 42026.0
0.14852 42020.9
0.14853 42015.9
0.14854 42010.8
0.14855 42005.7
0.14856 42000.7
0.14857 41995.6
0.14858 41990.5
0.14859 41985.5
0.14860 41980.4
0.14861 41975.4
0.14862 41970.3
0.14863 41965.3
0.14864 41960.2
0.14865 41955.2
0.14866 41950.1
0.14867 41945.1
0.14868 41940.0
0.14869 41935.0
0.14870 41930.0
0.14871 41925.0
0.14872 41919.9
0.14873 41914.9
0.14874 41909.9
0.14875 41904.9
0.14876 41899.9
0.14877 41894.8
0.14878 41889.8
0.14879 41884.8
0.14880 41879.8
0.14881 41874.8
0.14882 41869.8
0.14883 41864.8
0.14884 41859.8
0.14885 41854.9
0.14886 41849.9
0.14887 41844.9
0.14888 41839.9
0.14889 41834.9
0.14890 41830.0
0.14891 41825.0
0.14892 41820.0
0.14893 41815.1
0.14894 41810.1
0.14895 41805.2
0.14896 41800.2
0.14897 41795.3
0.14898 41790.3
0.14899 41785.4
0.14900 41780.4
0.14901 41775.5
0.14902 41770.6
0.14903 41765.6
0.14904 41760.7
0.14905 41755.8
0.14906 41750.9
0.14907 41746.0
0.14908 41741.0
0.14909 41736.1
0.14910 41731.2
0.14911 41726.3
0.14912 41721.4
0.14913 41716.5
0.14914 41711.7
0.14915 41706.8
0.14916 41701.9
0.14917 41697.0
0.14918 41692.1
0.14919 41687.3
0.14920 41682.4
0.14921 41677.5
0.14922 41672.7
0.14923 41667.8
0.14924 41663.0
0.14925 41658.1
0.14926 41653.3
0.14927 41648.5
0.14928 41643.6
0.14929 41638.8
0.14930 41634.0
0.14931 41629.1
0.14932 41624.3
0.14933 41619.5
0.14934 41614.7
0.14935 41609.9
0.14936 41605.1
0.14937 41600.3
0.14938 41595.5
0.14939 41590.7
0.14940 41585.9
0.14941 41581.1
0.14942 41576.4
0.14943 41571.6
0.14944 41566.8
0.14945 41562.1
0.14946 41557.3
0.14947 41552.5
0.14948 41547.8
0.14949 41543.0
0.14950 41538.3
0.14951 41533.6
0.14952 41528.8
0.14953 41524.1
0.14954 41519.4
0.14955 41514.6
0.14956 41509.9
0.14957 41505.2
0.14958 41500.5
0.14959 41495.8
0.14960 41491.1
0.14961 41486.4
0.14962 41481.7
0.14963 41477.0
0.14964 41472.4
0.14965 41467.7
0.14966 41463.0
0.14967 41458.3
0.14968 41453.7
0.14969 41449.0
0.14970 41444.4
0.14971 41439.7
0.14972 41435.1
0.14973 41430.4
0.14974 41425.8
0.14975 41421.2
0.14976 41416.5
0.14977 41411.9
0.14978 41407.3
0.14979 41402.7
0.14980 41398.1
0.14981 41393.5
0.14982 41388.9
0.14983 41384.3
0.14984 41379.7
0.14985 41375.1
0.14986 41370.5
0.14987 41366.0
0.14988 41361.4
0.14989 41356.8
0.14990 41352.3
0.14991 41347.7
0.14992 41343.2
0.14993 41338.6
0.14994 41334.1
0.14995 41329.5
0.14996 41325.0
0.14997 41320.5
0.14998 41316.0
0.14999 41311.4
0.15000 41306.9
0.15001 41302.4
0.15002 41297.9
0.15003 41293.4
0.15004 41288.9
0.15005 41284.5
0.15006 41280.0
0.15007 41275.5
0.15008 41271.0
0.15009 41266.6
0.15010 41262.1
0.15011 41257.6
0.15012 41253.2
0.15013 41248.7
0.15014 41244.3
0.15015 41239.9
0.15016 41235.4
0.15017 41231.0
0.15018 41226.6
0.15019 41222.2
0.15020 41217.8
0.15021 41213.4
0.15022 41209.0
0.15023 41204.6
0.15024 41200.2
0.15025 41195.8
0.15026 41191.4
0.15027 41187.0
0.15028 41182.7
0.15029 41178.3
0.15030 41173.9
0.15031 41169.6
0.15032 41165.2
0.15033 41160.9
0.15034 41156.5
0.15035 41152.2
0.15036 41147.9
0.15037 41143.6
0.15038 41139.2
0.15039 41134.9
0.15040 41130.6
0.15041 41126.3
0.15042 41122.0
0.15043 41117.7
0.15044 41113.4
0.15045 41109.2
0.15046 41104.9
0.15047 41100.6
0.15048 41096.3
0.15049 41092.1
0.15050 41087.8
0.15051 41083.6
0.15052 41079.3
0.15053 41075.1
0.15054 41070.9
0.15055 41066.6
0.15056 41062.4
0.15057 41058.2
0.15058 41054.0
0.15059 41049.8
0.15060 41045.6
0.15061 41041.4
0.15062 41037.2
0.15063 41033.0
0.15064 41028.8
0.15065 41024.6
0.15066 41020.5
0.15067 41016.3
0.15068 41012.1
0.15069 41008.0
0.15070 41003.8
0.15071 40999.7
0.15072 40995.5
0.15073 40991.4
0.15074 40987.3
0.15075 40983.2
0.15076 40979.0
0.15077 40974.9
0.15078 40970.8
0.15079 40966.7
0.15080 40962.6
0.15081 40958.5
0.15082 40954.5
0.15083 40950.4
0.15084 40946.3
0.15085 40942.2
0.15086 40938.2
0.15087 40934.1
0.15088 40930.1
0.15089 40926.0
0.15090 40922.0
0.15091 40917.9
0.15092 40913.9
0.15093 40909.9
0.15094 40905.9
0.15095 40901.9
0.15096 40897.8
0.15097 40893.8
0.15098 40889.8
0.15099 40885.9
0.15100 40881.9
0.15101 40877.9
0.15102 40873.9
0.15103 40869.9
0.15104 40866.0
0.15105 40862.0
0.15106 40858.1
0.15107 40854.1
0.15108 40850.2
0.15109 40846.2
0.15110 40842.3
0.15111 40838.4
0.15112 40834.4
0.15113 40830.5
0.15114 40826.6
0.15115 40822.7
0.15116 40818.8
0.15117 40814.9
0.15118 40811.0
0.15119 40807.2
0.15120 40803.3
0.15121 40799.4
0.15122 40795.5
0.15123 40791.7
0.15124 40787.8
0.15125 40784.0
0.15126 40780.1
0.15127 40776.3
0.15128 40772.4
0.15129 40768.6
0.15130 40764.8
0.15131 40761.0
0.15132 40757.2
0.15133 40753.4
0.15134 40749.6
0.15135 40745.8
0.15136 40742.0
0.15137 40738.2
0.15138 40734.4
0.15139 40730.6
0.15140 40726.9
0.15141 40723.1
0.15142 40719.3
0.15143 40715.6
0.15144 40711.8
0.15145 40708.1
0.15146 40704.4
0.15147 40700.6
0.15148 40696.9
0.15149 40693.2
0.15150 40689.5
0.15151 40685.8
0.15152 40682.1
0.15153 40678.4
0.15154 40674.7
0.15155 40671.0
0.15156 40667.3
0.15157 40663.6
0.15158 40660.0
0.15159 40656.3
0.15160 40652.6
0.15161 40649.0
0.15162 40645.3
0.15163 40641.7
0.15164 40638.1
0.15165 40634.4
0.15166 40630.8
0.15167 40627.2
0.15168 40623.6
0.15169 40620.0
0.15170 40616.4
0.15171 40612.8
0.15172 40609.2
0.15173 40605.6
0.15174 40602.0
0.15175 40598.4
0.15176 40594.8
0.15177 40591.3
0.15178 40587.7
0.15179 40584.2
0.15180 40580.6
0.15181 40577.1
0.15182 40573.5
0.15183 40570.0
0.15184 40566.5
0.15185 40562.9
0.15186 40559.4
0.15187 40555.9
0.15188 40552.4
0.15189 40548.9
0.15190 40545.4
0.15191 40541.9
0.15192 40538.4
0.15193 40534.9
0.15194 40531.5
0.15195 40528.0
0.15196 40524.5
0.15197 40521.1
0.15198 40517.6
0.15199 40514.2
0.15200 40510.7
0.15201 40507.3
0.15202 40503.9
0.15203 40500.4
0.15204 40497.0
0.15205 40493.6
0.15206 40490.2
0.15207 40486.8
0.15208 40483.4
0.15209 40480.0
0.15210 40476.6
0.15211 40473.2
0.15212 40469.8
0.15213 40466.5
0.15214 40463.1
0.15215 40459.7
0.15216 40456.4
0.15217 40453.0
0.15218 40449.7
0.15219 40446.3
0.15220 40443.0
0.15221 40439.7
0.15222 40436.4
0.15223 40433.0
0.15224 40429.7
0.15225 40426.4
0.15226 40423.1
0.15227 40419.8
0.15228 40416.5
0.15229 40413.2
0.15230 40409.9
0.15231 40406.7
0.15232 40403.4
0.15233 40400.1
0.15234 40396.9
0.15235 40393.6
0.15236 40390.4
0.15237 40387.1
0.15238 40383.9
0.15239 40380.6
0.15240 40377.4
0.15241 40374.2
0.15242 40371.0
0.15243 40367.7
0.15244 40364.5
0.15245 40361.3
0.15246 40358.1
0.15247 40354.9
0.15248 40351.8
0.15249 40348.6
0.15250 40345.4
0.15251 40342.2
0.15252 40339.1
0.15253 40335.9
0.15254 40332.7
0.15255 40329.6
0.15256 40326.4
0.15257 40323.3
0.15258 40320.2
0.15259 40317.0
0.15260 40313.9
0.15261 40310.8
0.15262 40307.7
0.15263 40304.5
0.15264 40301.4
0.15265 40298.3
0.15266 40295.2
0.15267 40292.2
0.15268 40289.1
0.15269 40286.0
0.15270 40282.9
0.15271 40279.8
0.15272 40276.8
0.15273 40273.7
0.15274 40270.7
0.15275 40267.6
0.15276 40264.6
0.15277 40261.5
0.15278 40258.5
0.15279 40255.5
0.15280 40252.4
0.15281 40249.4
0.15282 40246.4
0.15283 40243.4
0.15284 40240.4
0.15285 40237.4
0.15286 40234.4
0.15287 40231.4
0.15288 40228.4
0.15289 40225.5
0.15290 40222.5
0.15291 40219.5
0.15292 40216.6
0.15293 40213.6
0.15294 40210.6
0.15295 40207.7
0.15296 40204.8
0.15297 40201.8
0.15298 40198.9
0.15299 40196.0
0.15300 40193.0
0.15301 40190.1
0.15302 40187.2
0.15303 40184.3
0.15304 40181.4
0.15305 40178.5
0.15306 40175.6
0.15307 40172.7
0.15308 40169.8
0.15309 40166.9
0.15310 40164.1
0.15311 40161.2
0.15312 40158.3
0.15313 40155.5
0.15314 40152.6
0.15315 40149.8
0.15316 40146.9
0.15317 40144.1
0.15318 40141.2
0.15319 40138.4
0.15320 40135.6
0.15321 40132.8
0.15322 40130.0
0.15323 40127.1
0.15324 40124.3
0.15325 40121.5
0.15326 40118.7
0.15327 40115.9
0.15328 40113.2
0.15329 40110.4
0.15330 40107.6
0.15331 40104.8
0.15332 40102.1
0.15333 40099.3
0.15334 40096.5
0.15335 40093.8
0.15336 40091.0
0.15337 40088.3
0.15338 40085.6
0.15339 40082.8
0.15340 40080.1
0.15341 40077.4
0.15342 40074.7
0.15343 40071.9
0.15344 40069.2
0.15345 40066.5
0.15346 40063.8
0.15347 40061.1
0.15348 40058.4
0.15349 40055.7
0.15350 40053.1
0.15351 40050.4
0.15352 40047.7
0.15353 40045.0
0.15354 40042.4
0.15355 40039.7
0.15356 40037.1
0.15357 40034.4
0.15358 40031.8
0.15359 40029.1
0.15360 40026.5
0.15361 40023.9
0.15362 40021.2
0.15363 40018.6
0.15364 40016.0
0.15365 40013.4
0.15366 40010.8
0.15367 40008.2
0.15368 40005.6
0.15369 40003.0
0.15370 40000.4
0.15371 39997.8
0.15372 39995.2
0.15373 39992.7
0.15374 39990.1
0.15375 39987.5
0.15376 39985.0
0.15377 39982.4
0.15378 39979.9
0.15379 39977.3
0.15380 39974.8
0.15381 39972.2
0.15382 39969.7
0.15383 39967.2
0.15384 39964.6
0.15385 39962.1
0.15386 39959.6
0.15387 39957.1
0.15388 39954.6
0.15389 39952.1
0.15390 39949.6
0.15391 39947.1
0.15392 39944.6
0.15393 39942.1
0.15394 39939.6
0.15395 39937.1
0.15396 39934.7
0.15397 39932.2
0.15398 39929.7
0.15399 39927.3
0.15400 39924.8
0.15401 39922.4
0.15402 39919.9
0.15403 39917.5
0.15404 39915.1
0.15405 39912.6
0.15406 39910.2
0.15407 39907.8
0.15408 39905.4
0.15409 39902.9
0.15410 39900.5
0.15411 39898.1
0.15412 39895.7
0.15413 39893.3
0.15414 39890.9
0.15415 39888.5
0.15416 39886.2
0.15417 39883.8
0.15418 39881.4
0.15419 39879.0
0.15420 39876.7
0.15421 39874.3
0.15422 39871.9
0.15423 39869.6
0.15424 39867.2
0.15425 39864.9
0.15426 39862.6
0.15427 39860.2
0.15428 39857.9
0.15429 39855.6
0.15430 39853.2
0.15431 39850.9
0.15432 39848.6
0.15433 39846.3
0.15434 39844.0
0.15435 39841.7
0.15436 39839.4
0.15437 39837.1
0.15438 39834.8
0.15439 39832.5
0.15440 39830.2
0.15441 39827.9
0.15442 39825.7
0.15443 39823.4
0.15444 39821.1
0.15445 39818.9
0.15446 39816.6
0.15447 39814.3
0.15448 39812.1
0.15449 39809.9
0.15450 39807.6
0.15451 39805.4
0.15452 39803.1
0.15453 39800.9
0.15454 39798.7
0.15455 39796.5
0.15456 39794.2
0.15457 39792.0
0.15458 39789.8
0.15459 39787.6
0.15460 39785.4
0.15461 39783.2
0.15462 39781.0
0.15463 39778.8
0.15464 39776.7
0.15465 39774.5
0.15466 39772.3
0.15467 39770.1
0.15468 39768.0
0.15469 39765.8
0.15470 39763.6
0.15471 39761.5
0.15472 39759.3
0.15473 39757.2
0.15474 39755.0
0.15475 39752.9
0.15476 39750.8
0.15477 39748.6
0.15478 39746.5
0.15479 39744.4
0.15480 39742.2
0.15481 39740.1
0.15482 39738.0
0.15483 39735.9
0.15484 39733.8
0.15485 39731.7
0.15486 39729.6
0.15487 39727.5
0.15488 39725.4
0.15489 39723.3
0.15490 39721.2
0.15491 39719.2
0.15492 39717.1
0.15493 39715.0
0.15494 39713.0
0.15495 39710.9
0.15496 39708.8
0.15497 39706.8
0.15498 39704.7
0.15499 39702.7
0.15500 39700.6
0.15501 39698.6
0.15502 39696.6
0.15503 39694.5
0.15504 39692.5
0.15505 39690.5
0.15506 39688.5
0.15507 39686.4
0.15508 39684.4
0.15509 39682.4
0.15510 39680.4
0.15511 39678.4
0.15512 39676.4
0.15513 39674.4
0.15514 39672.4
0.15515 39670.4
0.15516 39668.5
0.15517 39666.5
0.15518 39664.5
0.15519 39662.5
0.15520 39660.6
0.15521 39658.6
0.15522 39656.6
0.15523 39654.7
0.15524 39652.7
0.15525 39650.8
0.15526 39648.8
0.15527 39646.9
0.15528 39644.9
0.15529 39643.0
0.15530 39641.1
0.15531 39639.1
0.15532 39637.2
0.15533 39635.3
0.15534 39633.4
0.15535 39631.5
0.15536 39629.5
0.15537 39627.6
0.15538 39625.7
0.15539 39623.8
0.15540 39621.9
0.15541 39620.0
0.15542 39618.2
0.15543 39616.3
0.15544 39614.4
0.15545 39612.5
0.15546 39610.6
0.15547 39608.8
0.15548 39606.9
0.15549 39605.0
0.15550 39603.2
0.15551 39601.3
0.15552 39599.5
0.15553 39597.6
0.15554 39595.8
0.15555 39593.9
0.15556 39592.1
0.15557 39590.2
0.15558 39588.4
0.15559 39586.6
0.15560 39584.7
0.15561 39582.9
0.15562 39581.1
0.15563 39579.3
0.15564 39577.5
0.15565 39575.7
0.15566 39573.9
0.15567 39572.1
0.15568 39570.3
0.15569 39568.5
0.15570 39566.7
0.15571 39564.9
0.15572 39563.1
0.15573 39561.3
0.15574 39559.5
0.15575 39557.8
0.15576 39556.0
0.15577 39554.2
0.15578 39552.5
0.15579 39550.7
0.15580 39548.9
0.15581 39547.2
0.15582 39545.4
0.15583 39543.7
0.15584 39541.9
0.15585 39540.2
0.15586 39538.5
0.15587 39536.7
0.15588 39535.0
0.15589 39533.3
0.15590 39531.5
0.15591 39529.8
0.15592 39528.1
0.15593 39526.4
0.15594 39524.7
0.15595 39523.0
0.15596 39521.2
0.15597 39519.5
0.15598 39517.8
0.15599 39516.1
0.15600 39514.5
0.15601 39512.8
0.15602 39511.1
0.15603 39509.4
0.15604 39507.7
0.15605 39506.0
0.15606 39504.4
0.15607 39502.7
0.15608 39501.0
0.15609 39499.4
0.15610 39497.7
0.15611 39496.0
0.15612 39494.4
0.15613 39492.7
0.15614 39491.1
0.15615 39489.4
0.15616 39487.8
0.15617 39486.2
0.15618 39484.5
0.15619 39482.9
0.15620 39481.3
0.15621 39479.6
0.15622 39478.0
0.15623 39476.4
0.15624 39474.8
0.15625 39473.2
0.15626 39471.5
0.15627 39469.9
0.15628 39468.3
0.15629 39466.7
0.15630 39465.1
0.15631 39463.5
0.15632 39461.9
0.15633 39460.4
0.15634 39458.8
0.15635 39457.2
0.15636 39455.6
0.15637 39454.0
0.15638 39452.5
0.15639 39450.9
0.15640 39449.3
0.15641 39447.7
0.15642 39446.2
0.15643 39444.6
0.15644 39443.1
0.15645 39441.5
0.15646 39440.0
0.15647 39438.4
0.15648 39436.9
0.15649 39435.3
0.15650 39433.8
0.15651 39432.3
0.15652 39430.7
0.15653 39429.2
0.15654 39427.7
0.15655 39426.1
0.15656 39424.6
0.15657 39423.1
0.15658 39421.6
0.15659 39420.1
0.15660 39418.6
0.15661 39417.1
0.15662 39415.6
0.15663 39414.0
0.15664 39412.6
0.15665 39411.1
0.15666 39409.6
0.15667 39408.1
0.15668 39406.6
0.15669 39405.1
0.15670 39403.6
0.15671 39402.1
0.15672 39400.7
0.15673 39399.2
0.15674 39397.7
0.15675 39396.3
0.15676 39394.8
0.15677 39393.3
0.15678 39391.9
0.15679 39390.4
0.15680 39389.0
0.15681 39387.5
0.15682 39386.1
0.15683 39384.6
0.15684 39383.2
0.15685 39381.7
0.15686 39380.3
0.15687 39378.9
0.15688 39377.4
0.15689 39376.0
0.15690 39374.6
0.15691 39373.2
0.15692 39371.7
0.15693 39370.3
0.15694 39368.9
0.15695 39367.5
0.15696 39366.1
0.15697 39364.7
0.15698 39363.3
0.15699 39361.9
0.15700 39360.5
0.15701 39359.1
0.15702 39357.7
0.15703 39356.3
0.15704 39354.9
0.15705 39353.5
0.15706 39352.2
0.15707 39350.8
0.15708 39349.4
0.15709 39348.0
0.15710 39346.7
0.15711 39345.3
0.15712 39343.9
0.15713 39342.6
0.15714 39341.2
0.15715 39339.8
0.15716 39338.5
0.15717 39337.1
0.15718 39335.8
0.15719 39334.4
0.15720 39333.1
0.15721 39331.7
0.15722 39330.4
0.15723 39329.1
0.15724 39327.7
0.15725 39326.4
0.15726 39325.1
0.15727 39323.7
0.15728 39322.4
0.15729 39321.1
0.15730 39319.8
0.15731 39318.5
0.15732 39317.1
0.15733 39315.8
0.15734 39314.5
0.15735 39313.2
0.15736 39311.9
0.15737 39310.6
0.15738 39309.3
0.15739 39308.0
0.15740 39306.7
0.15741 39305.4
0.15742 39304.1
0.15743 39302.9
0.15744 39301.6
0.15745 39300.3
0.15746 39299.0
0.15747 39297.7
0.15748 39296.5
0.15749 39295.2
0.15750 39293.9
0.15751 39292.7
0.15752 39291.4
0.15753 39290.1
0.15754 39288.9
0.15755 39287.6
0.15756 39286.4
0.15757 39285.1
0.15758 39283.9
0.15759 39282.6
0.15760 39281.4
0.15761 39280.1
0.15762 39278.9
0.15763 39277.6
0.15764 39276.4
0.15765 39275.2
0.15766 39273.9
0.15767 39272.7
0.15768 39271.5
0.15769 39270.3
0.15770 39269.0
0.15771 39267.8
0.15772 39266.6
0.15773 39265.4
0.15774 39264.2
0.15775 39263.0
0.15776 39261.8
0.15777 39260.6
0.15778 39259.4
0.15779 39258.2
0.15780 39257.0
0.15781 39255.8
0.15782 39254.6
0.15783 39253.4
0.15784 39252.2
0.15785 39251.0
0.15786 39249.8
0.15787 39248.6
0.15788 39247.5
0.15789 39246.3
0.15790 39245.1
0.15791 39243.9
0.15792 39242.8
0.15793 39241.6
0.15794 39240.4
0.15795 39239.3
0.15796 39238.1
0.15797 39236.9
0.15798 39235.8
0.15799 39234.6
0.15800 39233.5
0.15801 39232.3
0.15802 39231.2
0.15803 39230.0
0.15804 39228.9
0.15805 39227.7
0.15806 39226.6
0.15807 39225.5
0.15808 39224.3
0.15809 39223.2
0.15810 39222.1
0.15811 39220.9
0.15812 39219.8
0.15813 39218.7
0.15814 39217.6
0.15815 39216.5
0.15816 39215.3
0.15817 39214.2
0.15818 39213.1
0.15819 39212.0
0.15820 39210.9
0.15821 39209.8
0.15822 39208.7
0.15823 39207.6
0.15824 39206.5
0.15825 39205.4
0.15826 39204.3
0.15827 39203.2
0.15828 39202.1
0.15829 39201.0
0.15830 39199.9
0.15831 39198.8
0.15832 39197.7
0.15833 39196.7
0.15834 39195.6
0.15835 39194.5
0.15836 39193.4
0.15837 39192.4
0.15838 39191.3
0.15839 39190.2
0.15840 39189.2
0.15841 39188.1
0.15842 39187.0
0.15843 39186.0
0.15844 39184.9
0.15845 39183.9
0.15846 39182.8
0.15847 39181.7
0.15848 39180.7
0.15849 39179.7
0.15850 39178.6
0.15851 39177.6
0.15852 39176.5
0.15853 39175.5
0.15854 39174.4
0.15855 39173.4
0.15856 39172.4
0.15857 39171.3
0.15858 39170.3
0.15859 39169.3
0.15860 39168.3
0.15861 39167.2
0.15862 39166.2
0.15863 39165.2
0.15864 39164.2
0.15865 39163.2
0.15866 39162.1
0.15867 39161.1
0.15868 39160.1
0.15869 39159.1
0.15870 39158.1
0.15871 39157.1
0.15872 39156.1
0.15873 39155.1
0.15874 39154.1
0.15875 39153.1
0.15876 39152.1
0.15877 39151.1
0.15878 39150.1
0.15879 39149.1
0.15880 39148.1
0.15881 39147.2
0.15882 39146.2
0.15883 39145.2
0.15884 39144.2
0.15885 39143.2
0.15886 39142.3
0.15887 39141.3
0.15888 39140.3
0.15889 39139.3
0.15890 39138.4
0.15891 39137.4
0.15892 39136.4
0.15893 39135.5
0.15894 39134.5
0.15895 39133.6
0.15896 39132.6
0.15897 39131.6
0.15898 39130.7
0.15899 39129.7
0.15900 39128.8
0.15901 39127.8
0.15902 39126.9
0.15903 39126.0
0.15904 39125.0
0.15905 39124.1
0.15906 39123.1
0.15907 39122.2
0.15908 39121.3
0.15909 39120.3
0.15910 39119.4
0.15911 39118.5
0.15912 39117.5
0.15913 39116.6
0.15914 39115.7
0.15915 39114.8
0.15916 39113.8
0.15917 39112.9
0.15918 39112.0
0.15919 39111.1
0.15920 39110.2
0.15921 39109.3
0.15922 39108.4
0.15923 39107.4
0.15924 39106.5
0.15925 39105.6
0.15926 39104.7
0.15927 39103.8
0.15928 39102.9
0.15929 39102.0
0.15930 39101.1
0.15931 39100.2
0.15932 39099.4
0.15933 39098.5
0.15934 39097.6
0.15935 39096.7
0.15936 39095.8
0.15937 39094.9
0.15938 39094.0
0.15939 39093.1
0.15940 39092.3
0.15941 39091.4
0.15942 39090.5
0.15943 39089.6
0.15944 39088.8
0.15945 39087.9
0.15946 39087.0
0.15947 39086.2
0.15948 39085.3
0.15949 39084.4
0.15950 39083.6
0.15951 39082.7
0.15952 39081.9
0.15953 39081.0
0.15954 39080.1
0.15955 39079.3
0.15956 39078.4
0.15957 39077.6
0.15958 39076.7
0.15959 39075.9
0.15960 39075.0
0.15961 39074.2
0.15962 39073.4
0.15963 39072.5
0.15964 39071.7
0.15965 39070.8
0.15966 39070.0
0.15967 39069.2
0.15968 39068.3
0.15969 39067.5
0.15970 39066.7
0.15971 39065.8
0.15972 39065.0
0.15973 39064.2
0.15974 39063.4
0.15975 39062.5
0.15976 39061.7
0.15977 39060.9
0.15978 39060.1
0.15979 39059.3
0.15980 39058.5
0.15981 39057.6
0.15982 39056.8
0.15983 39056.0
0.15984 39055.2
0.15985 39054.4
0.15986 39053.6
0.15987 39052.8
0.15988 39052.0
0.15989 39051.2
0.15990 39050.4
0.15991 39049.6
0.15992 39048.8
0.15993 39048.0
0.15994 39047.2
0.15995 39046.4
0.15996 39045.6
0.15997 39044.9
0.15998 39044.1
0.15999 39043.3
0.16000 38577.4
0.16001 38577.4
0.16002 38577.4
0.16003 38577.4
0.16004 38577.4
0.16005 38577.4
0.16006 38577.4
0.16007 38577.4
0.16008 38577.4
0.16009 38577.4
0.16010 38577.4
0.16011 38577.4
0.16012 38577.4
0.16013 38577.4
0.16014 38577.4
0.16015 38577.4
0.16016 38577.4
0.16017 38577.4
0.16018 38577.4
0.16019 38577.4
0.16020 38577.4
0.16021 38577.4
0.16022 38577.4
0.16023 38577.4
0.16024 38577.4
0.16025 38577.4
0.16026 38577.4
0.16027 38577.4
0.16028 38577.4
0.16029 38577.4
0.16030 38577.4
0.16031 38577.4
0.16032 38577.4
0.16033 38577.4
0.16034 38577.4
0.16035 38577.4
0.16036 38577.4
0.16037 38577.4
0.16038 38577.4
0.16039 38577.4
0.16040 38577.4
0.16041 38577.4
0.16042 38577.4
0.16043 38577.4
0.16044 38577.4
0.16045 38577.4
0.16046 38577.4
0.16047 38577.4
0.16048 38577.4
0.16049 38577.4
0.16050 38577.4
0.16051 38577.4
0.16052 38577.4
0.16053 38577.4
0.16054 38577.4
0.16055 38577.4
0.16056 38577.4
0.16057 38577.4
0.16058 38577.4
0.16059 38577.4
0.16060 38577.4
0.16061 38577.4
0.16062 38577.4
0.16063 38577.4
0.16064 38577.4
0.16065 38577.4
0.16066 38577.4
0.16067 38577.4
0.16068 38577.4
0.16069 38577.4
0.16070 38577.4
0.16071 38577.4
0.16072 38577.4
0.16073 38577.4
0.16074 38577.4
0.16075 38577.4
0.16076 38577.4
0.16077 38577.4
0.16078 38577.4
0.16079 38577.4
0.16080 38577.4
0.16081 38577.4
0.16082 38577.4
0.16083 38577.4
0.16084 38577.4
0.16085 38577.4
0.16086 38577.4
0.16087 38577.4
0.16088 38577.4
0.16089 38577.4
0.16090 38577.4
0.16091 38577.4
0.16092 38577.4
0.16093 38577.4
0.16094 38577.4
0.16095 38577.4
0.16096 38577.4
0.16097 38577.4
0.16098 38577.4
0.16099 38577.4
0.16100 38577.4
0.16101 37153.6
0.16102 35786.4
0.16103 34473.5
0.16104 33212.4
0.16105 32001.1
0.16106 30837.4
0.16107 29719.2
0.16108 28644.6
0.16109 27611.7
0.16110 26618.9
0.16111 25664.4
0.16112 24746.5
0.16113 23863.7
0.16114 23014.5
0.16115 22197.5
0.16116 21411.2
0.16117 20654.4
0.16118 19925.7
0.16119 19223.9
0.16120 18547.8
0.16121 17896.2
0.16122 17268.0
0.16123 16662.0
0.16124 16077.3
0.16125 15512.7
0.16126 14967.2
0.16127 14439.7
0.16128 13929.4
0.16129 13435.1
0.16130 12955.9
0.16131 12490.9
0.16132 12038.9
0.16133 11599.2
0.16134 11170.5
0.16135 10752.1
0.16136 10342.8
0.16137 9941.8
0.16138 9547.9
0.16139 9160.3
0.16140 8777.8
0.16141 8399.5
0.16142 8024.5
0.16143 7651.7
0.16144 7280.2
0.16145 6909.3
0.16146 6538.1
0.16147 6166.0
0.16148 5792.4
0.16149 5417.2
0.16150 5040.2
0.16151 4839.3
0.16152 4613.5
0.16153 4364.5
0.16154 4095.1
0.16155 3808.3
0.16156 3508.3
0.16157 3199.7
0.16158 2887.6
0.16159 2577.9
0.16160 2276.6
0.16161 1989.7
0.16162 1723.0
0.16163 1481.3
0.16164 1268.4
0.16165 1086.2
0.16166 935.0
0.16167 812.8
0.16168 716.6
0.16169 642.2
0.16170 585.3
0.16171 542.1
0.16172 509.2
0.16173 484.3
0.16174 465.3
0.16175 450.9
0.16176 440.1
0.16177 432.2
0.16178 426.7
0.16179 423.2
0.16180 421.3
0.16181 421.0
0.16182 421.9
0.16183 424.2
0.16184 427.6
0.16185 432.1
0.16186 437.7
0.16187 444.5
0.16188 452.3
0.16189 461.3
0.16190 471.4
0.16191 482.8
0.16192 495.5
0.16193 509.5
0.16194 524.9
0.16195 541.9
0.16196 560.5
0.16197 580.8
0.16198 603.0
0.16199 627.2
0.16200 653.4
0.16201 682.0
0.16202 713.0
0.16203 746.6
0.16204 783.0
0.16205 822.5
0.16206 865.1
0.16207 911.2
0.16208 961.0
0.16209 1014.7
0.16210 1072.5
0.16211 1134.8
0.16212 1201.9
0.16213 1273.9
0.16214 1351.2
0.16215 1434.0
0.16216 1522.7
0.16217 1617.6
0.16218 1718.9
0.16219 1826.9
0.16220 1941.8
0.16221 2064.1
0.16222 2193.8
0.16223 2331.2
0.16224 2476.6
0.16225 2630.2
0.16226 2792.1
0.16227 2962.4
0.16228 3141.3
0.16229 3329.0
0.16230 3525.5
0.16231 3730.8
0.16232 3944.9
0.16233 4168.0
0.16234 4399.9
0.16235 4640.6
0.16236 4890.1
0.16237 5148.2
0.16238 5414.9
0.16239 5690.0
0.16240 5973.5
0.16241 6265.1
0.16242 6564.8
0.16243 6872.3
0.16244 7187.5
0.16245 7510.2
0.16246 7840.2
0.16247 8177.4
0.16248 8521.6
0.16249 8872.5
0.16250 9230.0
0.16251 9593.9
0.16252 9964.0
0.16253 10340.2
0.16254 10722.1
0.16255 11109.7
0.16256 11502.7
0.16257 11900.8
0.16258 12304.0
0.16259 12712.0
0.16260 13124.5
0.16261 13541.3
0.16262 13962.2
0.16263 14386.8
0.16264 14815.0
0.16265 15246.4
0.16266 15680.8
0.16267 16117.8
0.16268 16557.1
0.16269 16998.4
0.16270 17441.4
0.16271 17885.6
0.16272 18330.8
0.16273 18776.5
0.16274 19222.4
0.16275 19668.0
0.16276 20113.1
0.16277 20557.2
0.16278 20999.9
0.16279 21440.9
0.16280 21879.8
0.16281 22316.2
0.16282 22749.7
0.16283 23180.0
0.16284 23606.8
0.16285 24029.7
0.16286 24448.5
0.16287 24862.8
0.16288 25272.4
0.16289 25677.0
0.16290 26076.5
0.16291 26470.5
0.16292 26858.9
0.16293 27241.5
0.16294 27618.2
0.16295 27988.8
0.16296 28353.2
0.16297 28711.3
0.16298 29063.1
0.16299 29408.5
0.16300 29747.4
0.16301 30079.8
0.16302 30405.7
0.16303 30725.0
0.16304 31037.9
0.16305 31344.3
0.16306 31644.2
0.16307 31937.7
0.16308 32224.9
0.16309 32505.7
0.16310 32780.3
0.16311 33048.7
0.16312 33311.1
0.16313 33567.4
0.16314 33817.8
0.16315 34062.3
0.16316 34301.1
0.16317 34534.3
0.16318 34761.9
0.16319 34984.1
0.16320 35200.8
0.16321 35412.4
0.16322 35618.8
0.16323 35820.1
0.16324 36016.6
0.16325 36208.1
0.16326 36395.0
0.16327 36577.2
0.16328 36754.8
0.16329 36928.0
0.16330 37096.9
0.16331 37261.6
0.16332 37422.1
0.16333 37578.6
0.16334 37731.2
0.16335 37879.9
0.16336 38024.8
0.16337 38166.1
0.16338 38303.8
0.16339 38438.0
0.16340 38568.8
0.16341 38696.2
0.16342 38820.5
0.16343 38941.5
0.16344 39059.5
0.16345 39174.5
0.16346 39286.6
0.16347 39395.8
0.16348 39502.2
0.16349 39606.0
0.16350 39707.1
0.16351 39805.6
0.16352 39901.6
0.16353 39995.2
0.16354 40086.4
0.16355 40175.2
0.16356 40261.8
0.16357 40346.3
0.16358 40428.6
0.16359 40508.7
0.16360 40586.9
0.16361 40663.1
0.16362 40737.3
0.16363 40809.7
0.16364 40880.3
0.16365 40949.0
0.16366 41016.1
0.16367 41081.4
0.16368 41145.1
0.16369 41207.2
0.16370 41267.7
0.16371 41326.7
0.16372 41384.2
0.16373 41440.3
0.16374 41495.0
0.16375 41548.3
0.16376 41600.3
0.16377 41650.9
0.16378 41700.3
0.16379 41748.5
0.16380 41795.5
0.16381 41841.2
0.16382 41885.9
0.16383 41929.4
0.16384 41971.9
0.16385 42013.2
0.16386 42053.6
0.16387 42093.0
0.16388 42131.3
0.16389 42168.7
0.16390 42205.2
0.16391 42240.8
0.16392 42275.5
0.16393 42309.3
0.16394 42342.3
0.16395 42374.5
0.16396 42405.9
0.16397 42436.5
0.16398 42466.3
0.16399 42495.4
0.16400 42523.8
0.16401 42551.4
0.16402 42578.4
0.16403 42604.7
0.16404 42630.3
0.16405 42655.4
0.16406 42679.7
0.16407 42703.5
0.16408 42726.7
0.16409 42749.3
0.16410 42771.3
0.16411 42792.8
0.16412 42813.8
0.16413 42834.2
0.16414 42854.1
0.16415 42873.5
0.16416 42892.4
0.16417 42910.8
0.16418 42928.8
0.16419 42946.3
0.16420 42963.4
0.16421 42980.0
0.16422 42996.2
0.16423 43012.0
0.16424 43027.4
0.16425 43042.3
0.16426 43056.9
0.16427 43071.2
0.16428 43085.0
0.16429 43098.5
0.16430 43111.6
0.16431 43124.4
0.16432 43136.9
0.16433 43149.0
0.16434 43160.8
0.16435 43172.3
0.16436 43183.4
0.16437 43194.3
0.16438 43204.9
0.16439 43215.2
0.16440 43225.2
0.16441 43234.9
0.16442 43244.3
0.16443 43253.5
0.16444 43262.5
0.16445 43271.1
0.16446 43279.6
0.16447 43287.8
0.16448 43295.7
0.16449 43303.4
0.16450 43310.9
0.16451 43318.2
0.16452 43325.3
0.16453 43332.1
0.16454 43338.7
0.16455 43345.1
0.16456 43351.4
0.16457 43357.4
0.16458 43363.2
0.16459 43368.9
0.16460 43374.3
0.16461 43379.6
0.16462 43384.7
0.16463 43389.7
0.16464 43394.4
0.16465 43399.0
0.16466 43403.4
0.16467 43407.7
0.16468 43411.8
0.16469 43415.8
0.16470 43419.6
0.16471 43423.3
0.16472 43426.8
0.16473 43430.2
0.16474 43433.4
0.16475 43436.5
0.16476 43439.4
0.16477 43442.3
0.16478 43445.0
0.16479 43447.6
0.16480 43450.0
0.16481 43452.3
0.16482 43454.6
0.16483 43456.7
0.16484 43458.6
0.16485 43460.5
0.16486 43462.3
0.16487 43463.9
0.16488 43465.4
0.16489 43466.9
0.16490 43468.2
0.16491 43469.4
0.16492 43470.6
0.16493 43471.6
0.16494 43472.6
0.16495 43473.4
0.16496 43474.2
0.16497 43474.8
0.16498 43475.4
0.16499 43475.9
0.16500 43476.3
0.16501 43476.6
0.16502 43476.8
0.16503 43477.0
0.16504 43477.0
0.16505 43477.0
0.16506 43477.0
0.16507 43476.8
0.16508 43476.6
0.16509 43476.2
0.16510 43475.9
0.16511 43475.4
0.16512 43474.9
0.16513 43474.3
0.16514 43473.6
0.16515 43472.9
0.16516 43472.1
0.16517 43471.3
0.16518 43470.3
0.16519 43469.4
0.16520 43468.3
0.16521 43467.2
0.16522 43466.1
0.16523 43464.8
0.16524 43463.6
0.16525 43462.2
0.16526 43460.8
0.16527 43459.4
0.16528 43457.9
0.16529 43456.4
0.16530 43454.8
0.16531 43453.1
0.16532 43451.4
0.16533 43449.6
0.16534 43447.8
0.16535 43446.0
0.16536 43444.1
0.16537 43442.2
0.16538 43440.2
0.16539 43438.1
0.16540 43436.0
0.16541 43433.9
0.16542 43431.8
0.16543 43429.5
0.16544 43427.3
0.16545 43425.0
0.16546 43422.7
0.16547 43420.3
0.16548 43417.9
0.16549 43415.4
0.16550 43412.9
0.16551 43410.4
0.16552 43407.8
0.16553 43405.2
0.16554 43402.6
0.16555 43399.9
0.16556 43397.2
0.16557 43394.5
0.16558 43391.7
0.16559 43388.9
0.16560 43386.0
0.16561 43383.2
0.16562 43380.2
0.16563 43377.3
0.16564 43374.3
0.16565 43371.3
0.16566 43368.3
0.16567 43365.2
0.16568 43362.1
0.16569 43359.0
0.16570 43355.8
0.16571 43352.7
0.16572 43349.5
0.16573 43346.2
0.16574 43343.0
0.16575 43339.7
0.16576 43336.3
0.16577 43333.0
0.16578 43329.6
0.16579 43326.2
0.16580 43322.8
0.16581 43319.4
0.16582 43315.9
0.16583 43312.4
0.16584 43308.9
0.16585 43305.3
0.16586 43301.8
0.16587 43298.2
0.16588 43294.6
0.16589 43290.9
0.16590 43287.3
0.16591 43283.6
0.16592 43279.9
0.16593 43276.2
0.16594 43272.4
0.16595 43268.7
0.16596 43264.9
0.16597 43261.1
0.16598 43257.3
0.16599 43253.4
0.16600 43249.6
0.16601 43245.7
0.16602 43241.8
0.16603 43237.9
0.16604 43233.9
0.16605 43230.0
0.16606 43226.0
0.16607 43222.0
0.16608 43218.0
0.16609 43214.0
0.16610 43209.9
0.16611 43205.9
0.16612 43201.8
0.16613 43197.7
0.16614 43193.6
0.16615 43189.5
0.16616 43185.3
0.16617 43181.2
0.16618 43177.0
0.16619 43172.8
0.16620 43168.6
0.16621 43164.4
0.16622 43160.2
0.16623 43155.9
0.16624 43151.7
0.16625 43147.4
0.16626 43143.1
0.16627 43138.8
0.16628 43134.5
0.16629 43130.1
0.16630 43125.8
0.16631 43121.4
0.16632 43117.1
0.16633 43112.7
0.16634 43108.3
0.16635 43103.9
0.16636 43099.5
0.16637 43095.0
0.16638 43090.6
0.16639 43086.1
0.16640 43081.7
0.16641 43077.2
0.16642 43072.7
0.16643 43068.2
0.16644 43063.7
0.16645 43059.2
0.16646 43054.6
0.16647 43050.1
0.16648 43045.5
0.16649 43041.0
0.16650 43036.4
0.16651 43031.8
0.16652 43027.2
0.16653 43022.6
0.16654 43018.0
0.16655 43013.4
0.16656 43008.7
0.16657 43004.1
0.16658 42999.4
0.16659 42994.8
0.16660 42990.1
0.16661 42985.4
0.16662 42980.7
0.16663 42976.0
0.16664 42971.3
0.16665 42966.6
0.16666 42961.9
0.16667 42957.1
0.16668 42952.4
0.16669 42947.7
0.16670 42942.9
0.16671 42938.1
0.16672 42933.4
0.16673 42928.6
0.16674 42923.8
0.16675 42919.0
0.16676 42914.2
0.16677 42909.4
0.16678 42904.6
0.16679 42899.8
0.16680 42894.9
0.16681 42890.1
0.16682 42885.2
0.16683 42880.4
0.16684 42875.5
0.16685 42870.7
0.16686 42865.8
0.16687 42860.9
0.16688 42856.0
0.16689 42851.1
0.16690 42846.3
0.16691 42841.4
0.16692 42836.4
0.16693 42831.5
0.16694 42826.6
0.16695 42821.7
0.16696 42816.8
0.16697 42811.8
0.16698 42806.9
0.16699 42801.9
0.16700 42797.0
0.16701 42792.0
0.16702 42787.1
0.16703 42782.1
0.16704 42777.1
0.16705 42772.2
0.16706 42767.2
0.16707 42762.2
0.16708 42757.2
0.16709 42752.2
0.16710 42747.2
0.16711 42742.2
0.16712 42737.2
0.16713 42732.2
0.16714 42727.2
0.16715 42722.2
0.16716 42717.1
0.16717 42712.1
0.16718 42707.1
0.16719 42702.0
0.16720 42697.0
0.16721 42692.0
0.16722 42686.9
0.16723 42681.9
0.16724 42676.8
0.16725 42671.8
0.16726 42666.7
0.16727 42661.6
0.16728 42656.6
0.16729 42651.5
0.16730 42646.4
0.16731 42641.4
0.16732 42636.3
0.16733 42631.2
0.16734 42626.1
0.16735 42621.0
0.16736 42615.9
0.16737 42610.9
0.16738 42605.8
0.16739 42600.7
0.16740 42595.6
0.16741 42590.5
0.16742 42585.4
0.16743 42580.3
0.16744 42575.1
0.16745 42570.0
0.16746 42564.9
0.16747 42559.8
0.16748 42554.7
0.16749 42549.6
0.16750 42544.5
0.16751 42539.3
0.16752 42534.2
0.16753 42529.1
0.16754 42524.0
0.16755 42518.8
0.16756 42513.7
0.16757 42508.6
0.16758 42503.4
0.16759 42498.3
0.16760 42493.2
0.16761 42488.0
0.16762 42482.9
0.16763 42477.8
0.16764 42472.6
0.16765 42467.5
0.16766 42462.3
0.16767 42457.2
0.16768 42452.0
0.16769 42446.9
0.16770 42441.8
0.16771 42436.6
0.16772 42431.5
0.16773 42426.3
0.16774 42421.2
0.16775 42416.0
0.16776 42410.9
0.16777 42405.7
0.16778 42400.6
0.16779 42395.4
0.16780 42390.3
0.16781 42385.1
0.16782 42379.9
0.16783 42374.8
0.16784 42369.6
0.16785 42364.5
0.16786 42359.3
0.16787 42354.2
0.16788 42349.0
0.16789 42343.9
0.16790 42338.7
0.16791 42333.6
0.16792 42328.4
0.16793 42323.3
0.16794 42318.1
0.16795 42313.0
0.16796 42307.8
0.16797 42302.7
0.16798 42297.5
0.16799 42292.4
0.16800 42287.2
0.16801 42282.1
0.16802 42276.9
0.16803 42271.8
0.16804 42266.6
0.16805 42261.5
0.16806 42256.3
0.16807 42251.2
0.16808 42246.0
0.16809 42240.9
0.16810 42235.7
0.16811 42230.6
0.16812 42225.4
0.16813 42220.3
0.16814 42215.2
0.16815 42210.0
0.16816 42204.9
0.16817 42199.8
0.16818 42194.6
0.16819 42189.5
0.16820 42184.4
0.16821 42179.2
0.16822 42174.1
0.16823 42169.0
0.16824 42163.8
0.16825 42158.7
0.16826 42153.6
0.16827 42148.5
0.16828 42143.3
0.16829 42138.2
0.16830 42133.1
0.16831 42128.0
0.16832 42122.9
0.16833 42117.8
0.16834 42112.6
0.16835 42107.5
0.16836 42102.4
0.16837 42097.3
0.16838 42092.2
0.16839 42087.1
0.16840 42082.0
0.16841 42076.9
0.16842 42071.8
0.16843 42066.7
0.16844 42061.6
0.16845 42056.5
0.16846 42051.4
0.16847 42046.3
0.16848 42041.3
0.16849 42036.2
0.16850 42031.1
0.16851 42026.0
0.16852 42020.9
0.16853 42015.9
0.16854 42010.8
0.16855 42005.7
0.16856 42000.7
0.16857 41995.6
0.16858 41990.5
0.16859 41985.5
0.16860 41980.4
0.16861 41975.4
0.16862 41970.3
0.16863 41965.3
0.16864 41960.2
0.16865 41955.2
0.16866 41950.1
0.16867 41945.1
0.16868 41940.0
0.16869 41935.0
0.16870 41930.0
0.16871 41925.0
0.16872 41919.9
0.16873 41914.9
0.16874 41909.9
0.16875 41904.9
0.16876 41899.9
0.16877 41894.8
0.16878 41889.8
0.16879 41884.8
0.16880 41879.8
0.16881 41874.8
0.16882 41869.8
0.16883 41864.8
0.16884 41859.8
0.16885 41854.9
0.16886 41849.9
0.16887 41844.9
0.16888 41839.9
0.16889 41834.9
0.16890 41830.0
0.16891 41825.0
0.16892 41820.0
0.16893 41815.1
0.16894 41810.1
0.16895 41805.2
0.16896 41800.2
0.16897 41795.3
0.16898 41790.3
0.16899 41785.4
0.16900 41780.4
0.16901 41775.5
0.16902 41770.6
0.16903 41765.6
0.16904 41760.7
0.16905 41755.8
0.16906 41750.9
0.16907 41746.0
0.16908 41741.0
0.16909 41736.1
0.16910 41731.2
0.16911 41726.3
0.16912 41721.4
0.16913 41716.5
0.16914 41711.7
0.16915 41706.8
0.16916 41701.9
0.16917 41697.0
0.16918 41692.1
0.16919 41687.3
0.16920 41682.4
0.16921 41677.5
0.16922 41672.7
0.16923 41667.8
0.16924 41663.0
0.16925 41658.1
0.16926 41653.3
0.16927 41648.5
0.16928 41643.6
0.16929 41638.8
0.16930 41634.0
0.16931 41629.1
0.16932 41624.3
0.16933 41619.5
0.16934 41614.7
0.16935 41609.9
0.16936 41605.1
0.16937 41600.3
0.16938 41595.5
0.16939 41590.7
0.16940 41585.9
0.16941 41581.1
0.16942 41576.4
0.16943 41571.6
0.16944 41566.8
0.16945 41562.1
0.16946 41557.3
0.16947 41552.5
0.16948 41547.8
0.16949 41543.0
0.16950 41538.3
0.16951 41533.6
0.16952 41528.8
0.16953 41524.1
0.16954 41519.4
0.16955 41514.6
0.16956 41509.9
0.16957 41505.2
0.16958 41500.5
0.16959 41495.8
0.16960 41491.1
0.16961 41486.4
0.16962 41481.7
0.16963 41477.0
0.16964 41472.4
0.16965 41467.7
0.16966 41463.0
0.16967 41458.3
0.16968 41453.7
0.16969 41449.0
0.16970 41444.4
0.16971 41439.7
0.16972 41435.1
0.16973 41430.4
0.16974 41425.8
0.16975 41421.2
0.16976 41416.5
0.16977 41411.9
0.16978 41407.3
0.16979 41402.7
0.16980 41398.1
0.16981 41393.5
0.16982 41388.9
0.16983 41384.3
0.16984 41379.7
0.16985 41375.1
0.16986 41370.5
0.16987 41366.0
0.16988 41361.4
0.16989 41356.8
0.16990 41352.3
0.16991 41347.7
0.16992 41343.2
0.16993 41338.6
0.16994 41334.1
0.16995 41329.5
0.16996 41325.0
0.16997 41320.5
0.16998 41316.0
0.16999 41311.4
0.17000 41306.9
0.17001 41302.4
0.17002 41297.9
0.17003 41293.4
0.17004 41288.9
0.17005 41284.5
0.17006 41280.0
0.17007 41275.5
0.17008 41271.0
0.17009 41266.6
0.17010 41262.1
0.17011 41257.6
0.17012 41253.2
0.17013 41248.7
0.17014 41244.3
0.17015 41239.9
0.17016 41235.4
0.17017 41231.0
0.17018 41226.6
0.17019 41222.2
0.17020 41217.8
0.17021 41213.4
0.17022 41209.0
0.17023 41204.6
0.17024 41200.2
0.17025 41195.8
0.17026 41191.4
0.17027 41187.0
0.17028 41182.7
0.17029 41178.3
0.17030 41173.9
0.17031 41169.6
0.17032 41165.2
0.17033 41160.9
0.17034 41156.5
0.17035 41152.2
0.17036 41147.9
0.17037 41143.6
0.17038 41139.2
0.17039 41134.9
0.17040 41130.6
0.17041 41126.3
0.17042 41122.0
0.17043 41117.7
0.17044 41113.4
0.17045 41109.2
0.17046 41104.9
0.17047 41100.6
0.17048 41096.3
0.17049 41092.1
0.17050 41087.8
0.17051 41083.6
0.17052 41079.3
0.17053 41075.1
0.17054 41070.9
0.17055 41066.6
0.17056 41062.4
0.17057 41058.2
0.17058 41054.0
0.17059 41049.8
0.17060 41045.6
0.17061 41041.4
0.17062 41037.2
0.17063 41033.0
0.17064 41028.8
0.17065 41024.6
0.17066 41020.5
0.17067 41016.3
0.17068 41012.1
0.17069 41008.0
0.17070 41003.8
0.17071 40999.7
0.17072 40995.5
0.17073 40991.4
0.17074 40987.3
0.17075 40983.2
0.17076 40979.0
0.17077 40974.9
0.17078 40970.8
0.17079 40966.7
0.17080 40962.6
0.17081 40958.5
0.17082 40954.5
0.17083 40950.4
0.17084 40946.3
0.17085 40942.2
0.17086 40938.2
0.17087 40934.1
0.17088 40930.1
0.17089 40926.0
0.17090 40922.0
0.17091 40917.9
0.17092 40913.9
0.17093 40909.9
0.17094 40905.9
0.17095 40901.9
0.17096 40897.8
0.17097 40893.8
0.17098 40889.8
0.17099 40885.9
0.17100 40881.9
0.17101 40877.9
0.17102 40873.9
0.17103 40869.9
0.17104 40866.0
0.17105 40862.0
0.17106 40858.1
0.17107 40854.1
0.17108 40850.2
0.17109 40846.2
0.17110 40842.3
0.17111 40838.4
0.17112 40834.4
0.17113 40830.5
0.17114 40826.6
0.17115 40822.7
0.17116 40818.8
0.17117 40814.9
0.17118 40811.0
0.17119 40807.2
0.17120 40803.3
0.17121 40799.4
0.17122 40795.5
0.17123 40791.7
0.17124 40787.8
0.17125 40784.0
0.17126 40780.1
0.17127 40776.3
0.17128 40772.4
0.17129 40768.6
0.17130 40764.8
0.17131 40761.0
0.17132 40757.2
0.17133 40753.4
0.17134 40749.6
0.17135 40745.8
0.17136 40742.0
0.17137 40738.2
0.17138 40734.4
0.17139 40730.6
0.17140 40726.9
0.17141 40723.1
0.17142 40719.3
0.17143 40715.6
0.17144 40711.8
0.17145 40708.1
0.17146 40704.4
0.17147 40700.6
0.17148 40696.9
0.17149 40693.2
0.17150 40689.5
0.17151 40685.8
0.17152 40682.1
0.17153 40678.4
0.17154 40674.7
0.17155 40671.0
0.17156 40667.3
0.17157 40663.6
0.17158 40660.0
0.17159 40656.3
0.17160 40652.6
0.17161 40649.0
0.17162 40645.3
0.17163 40641.7
0.17164 40638.1
0.17165 40634.4
0.17166 40630.8
0.17167 40627.2
0.17168 40623.6
0.17169 40620.0
0.17170 40616.4
0.17171 40612.8
0.17172 40609.2
0.17173 40605.6
0.17174 40602.0
0.17175 40598.4
0.17176 40594.8
0.17177 40591.3
0.17178 40587.7
0.17179 40584.2
0.17180 40580.6
0.17181 40577.1
0.17182 40573.5
0.17183 40570.0
0.17184 40566.5
0.17185 40562.9
0.17186 40559.4
0.17187 40555.9
0.17188 40552.4
0.17189 40548.9
0.17190 40545.4
0.17191 40541.9
0.17192 40538.4
0.17193 40534.9
0.17194 40531.5
0.17195 40528.0
0.17196 40524.5
0.17197 40521.1
0.17198 40517.6
0.17199 40514.2
0.17200 40510.7
0.17201 40507.3
0.17202 40503.9
0.17203 40500.4
0.17204 40497.0
0.17205 40493.6
0.17206 40490.2
0.17207 40486.8
0.17208 40483.4
0.17209 40480.0
0.17210 40476.6
0.17211 40473.2
0.17212 40469.8
0.17213 40466.5
0.17214 40463.1
0.17215 40459.7
0.17216 40456.4
0.17217 40453.0
0.17218 40449.7
0.17219 40446.3
0.17220 40443.0
0.17221 40439.7
0.17222 40436.4
0.17223 40433.0
0.17224 40429.7
0.17225 40426.4
0.17226 40423.1
0.17227 40419.8
0.17228 40416.5
0.17229 40413.2
0.17230 40409.9
0.17231 40406.7
0.17232 40403.4
0.17233 40400.1
0.17234 40396.9
0.17235 40393.6
0.17236 40390.4
0.17237 40387.1
0.17238 40383.9
0.17239 40380.6
0.17240 40377.4
0.17241 40374.2
0.17242 40371.0
0.17243 40367.7
0.17244 40364.5
0.17245 40361.3
0.17246 40358.1
0.17247 40354.9
0.17248 40351.8
0.17249 40348.6
0.17250 40345.4
0.17251 40342.2
0.17252 40339.1
0.17253 40335.9
0.17254 40332.7
0.17255 40329.6
0.17256 40326.4
0.17257 40323.3
0.17258 40320.2
0.17259 40317.0
0.17260 40313.9
0.17261 40310.8
0.17262 40307.7
0.17263 40304.5
0.17264 40301.4
0.17265 40298.3
0.17266 40295.2
0.17267 40292.2
0.17268 40289.1
0.17269 40286.0
0.17270 40282.9
0.17271 40279.8
0.17272 40276.8
0.17273 40273.7
0.17274 40270.7
0.17275 40267.6
0.17276 40264.6
0.17277 40261.5
0.17278 40258.5
0.17279 40255.5
0.17280 40252.4
0.17281 40249.4
0.17282 40246.4
0.17283 40243.4
0.17284 40240.4
0.17285 40237.4
0.17286 40234.4
0.17287 40231.4
0.17288 40228.4
0.17289 40225.5
0.17290 40222.5
0.17291 40219.5
0.17292 40216.6
0.17293 40213.6
0.17294 40210.6
0.17295 40207.7
0.17296 40204.8
0.17297 40201.8
0.17298 40198.9
0.17299 40196.0
0.17300 40193.0
0.17301 40190.1
0.17302 40187.2
0.17303 40184.3
0.17304 40181.4
0.17305 40178.5
0.17306 40175.6
0.17307 40172.7
0.17308 40169.8
0.17309 40166.9
0.17310 40164.1
0.17311 40161.2
0.17312 40158.3
0.17313 40155.5
0.17314 40152.6
0.17315 40149.8
0.17316 40146.9
0.17317 40144.1
0.17318 40141.2
0.17319 40138.4
0.17320 40135.6
0.17321 40132.8
0.17322 40130.0
0.17323 40127.1
0.17324 40124.3
0.17325 40121.5
0.17326 40118.7
0.17327 40115.9
0.17328 40113.2
0.17329 40110.4
0.17330 40107.6
0.17331 40104.8
0.17332 40102.1
0.17333 40099.3
0.17334 40096.5
0.17335 40093.8
0.17336 40091.0
0.17337 40088.3
0.17338 40085.6
0.17339 40082.8
0.17340 40080.1
0.17341 40077.4
0.17342 40074.7
0.17343 40071.9
0.17344 40069.2
0.17345 40066.5
0.17346 40063.8
0.17347 40061.1
0.17348 40058.4
0.17349 40055.7
0.17350 40053.1
0.17351 40050.4
0.17352 40047.7
0.17353 40045.0
0.17354 40042.4
0.17355 40039.7
0.17356 40037.1
0.17357 40034.4
0.17358 40031.8
0.17359 40029.1
0.17360 40026.5
0.17361 40023.9
0.17362 40021.2
0.17363 40018.6
0.17364 40016.0
0.17365 40013.4
0.17366 40010.8
0.17367 40008.2
0.17368 40005.6
0.17369 40003.0
0.17370 40000.4
0.17371 39997.8
0.17372 39995.2
0.17373 39992.7
0.17374 39990.1
0.17375 39987.5
0.17376 39985.0
0.17377 39982.4
0.17378 39979.9
0.17379 39977.3
0.17380 39974.8
0.17381 39972.2
0.17382 39969.7
0.17383 39967.2
0.17384 39964.6
0.17385 39962.1
0.17386 39959.6
0.17387 39957.1
0.17388 39954.6
0.17389 39952.1
0.17390 39949.6
0.17391 39947.1
0.17392 39944.6
0.17393 39942.1
0.17394 39939.6
0.17395 39937.1
0.17396 39934.7
0.17397 39932.2
0.17398 39929.7
0.17399 39927.3
0.17400 39924.8
0.17401 39922.4
0.17402 39919.9
0.17403 39917.5
0.17404 39915.1
0.17405 39912.6
0.17406 39910.2
0.17407 39907.8
0.17408 39905.4
0.17409 39902.9
0.17410 39900.5
0.17411 39898.1
0.17412 39895.7
0.17413 39893.3
0.17414 39890.9
0.17415 39888.5
0.17416 39886.2
0.17417 39883.8
0.17418 39881.4
0.17419 39879.0
0.17420 39876.7
0.17421 39874.3
0.17422 39871.9
0.17423 39869.6
0.17424 39867.2
0.17425 39864.9
0.17426 39862.6
0.17427 39860.2
0.17428 39857.9
0.17429 39855.6
0.17430 39853.2
0.17431 39850.9
0.17432 39848.6
0.17433 39846.3
0.17434 39844.0
0.17435 39841.7
0.17436 39839.4
0.17437 39837.1
0.17438 39834.8
0.17439 39832.5
0.17440 39830.2
0.17441 39827.9
0.17442 39825.7
0.17443 39823.4
0.17444 39821.1
0.17445 39818.9
0.17446 39816.6
0.17447 39814.3
0.17448 39812.1
0.17449 39809.9
0.17450 39807.6
0.17451 39805.4
0.17452 39803.1
0.17453 39800.9
0.17454 39798.7
0.17455 39796.5
0.17456 39794.2
0.17457 39792.0
0.17458 39789.8
0.17459 39787.6
0.17460 39785.4
0.17461 39783.2
0.17462 39781.0
0.17463 39778.8
0.17464 39776.7
0.17465 39774.5
0.17466 39772.3
0.17467 39770.1
0.17468 39768.0
0.17469 39765.8
0.17470 39763.6
0.17471 39761.5
0.17472 39759.3
0.17473 39757.2
0.17474 39755.0
0.17475 39752.9
0.17476 39750.8
0.17477 39748.6
0.17478 39746.5
0.17479 39744.4
0.17480 39742.2
0.17481 39740.1
0.17482 39738.0
0.17483 39735.9
0.17484 39733.8
0.17485 39731.7
0.17486 39729.6
0.17487 39727.5
0.17488 39725.4
0.17489 39723.3
0.17490 39721.2
0.17491 39719.2
0.17492 39717.1
0.17493 39715.0
0.17494 39713.0
0.17495 39710.9
0.17496 39708.8
0.17497 39706.8
0.17498 39704.7
0.17499 39702.7
0.17500 39700.6
0.17501 39698.6
0.17502 39696.6
0.17503 39694.5
0.17504 39692.5
0.17505 39690.5
0.17506 39688.5
0.17507 39686.4
0.17508 39684.4
0.17509 39682.4
0.17510 39680.4
0.17511 39678.4
0.17512 39676.4
0.17513 39674.4
0.17514 39672.4
0.17515 39670.4
0.17516 39668.5
0.17517 39666.5
0.17518 39664.5
0.17519 39662.5
0.17520 39660.6
0.17521 39658.6
0.17522 39656.6
0.17523 39654.7
0.17524 39652.7
0.17525 39650.8
0.17526 39648.8
0.17527 39646.9
0.17528 39644.9
0.17529 39643.0
0.17530 39641.1
0.17531 39639.1
0.17532 39637.2
0.17533 39635.3
0.17534 39633.4
0.17535 39631.5
0.17536 39629.5
0.17537 39627.6
0.17538 39625.7
0.17539 39623.8
0.17540 39621.9
0.17541 39620.0
0.17542 39618.2
0.17543 39616.3
0.17544 39614.4
0.17545 39612.5
0.17546 39610.6
0.17547 39608.8
0.17548 39606.9
0.17549 39605.0
0.17550 39603.2
0.17551 39601.3
0.17552 39599.5
0.17553 39597.6
0.17554 39595.8
0.17555 39593.9
0.17556 39592.1
0.17557 39590.2
0.17558 39588.4
0.17559 39586.6
0.17560 39584.7
0.17561 39582.9
0.17562 39581.1
0.17563 39579.3
0.17564 39577.5
0.17565 39575.7
0.17566 39573.9
0.17567 39572.1
0.17568 39570.3
0.17569 39568.5
0.17570 39566.7
0.17571 39564.9
0.17572 39563.1
0.17573 39561.3
0.17574 39559.5
0.17575 39557.8
0.17576 39556.0
0.17577 39554.2
0.17578 39552.5
0.17579 39550.7
0.17580 39548.9
0.17581 39547.2
0.17582 39545.4
0.17583 39543.7
0.17584 39541.9
0.17585 39540.2
0.17586 39538.5
0.17587 39536.7
0.17588 39535.0
0.17589 39533.3
0.17590 39531.5
0.17591 39529.8
0.17592 39528.1
0.17593 39526.4
0.17594 39524.7
0.17595 39523.0
0.17596 39521.2
0.17597 39519.5
0.17598 39517.8
0.17599 39516.1
0.17600 39514.5
0.17601 39512.8
0.17602 39511.1
0.17603 39509.4
0.17604 39507.7
0.17605 39506.0
0.17606 39504.4
0.17607 39502.7
0.17608 39501.0
0.17609 39499.4
0.17610 39497.7
0.17611 39496.0
0.17612 39494.4
0.17613 39492.7
0.17614 39491.1
0.17615 39489.4
0.17616 39487.8
0.17617 39486.2
0.17618 39484.5
0.17619 39482.9
0.17620 39481.3
0.17621 39479.6
0.17622 39478.0
0.17623 39476.4
0.17624 39474.8
0.17625 39473.2
0.17626 39471.5
0.17627 39469.9
0.17628 39468.3
0.17629 39466.7
0.17630 39465.1
0.17631 39463.5
0.17632 39461.9
0.17633 39460.4
0.17634 39458.8
0.17635 39457.2
0.17636 39455.6
0.17637 39454.0
0.17638 39452.5
0.17639 39450.9
0.17640 39449.3
0.17641 39447.7
0.17642 39446.2
0.17643 39444.6
0.17644 39443.1
0.17645 39441.5
0.17646 39440.0
0.17647 39438.4
0.17648 39436.9
0.17649 39435.3
0.17650 39433.8
0.17651 39432.3
0.17652 39430.7
0.17653 39429.2
0.17654 39427.7
0.17655 39426.1
0.17656 39424.6
0.17657 39423.1
0.17658 39421.6
0.17659 39420.1
0.17660 39418.6
0.17661 39417.1
0.17662 39415.6
0.17663 39414.0
0.17664 39412.6
0.17665 39411.1
0.17666 39409.6
0.17667 39408.1
0.17668 39406.6
0.17669 39405.1
0.17670 39403.6
0.17671 39402.1
0.17672 39400.7
0.17673 39399.2
0.17674 39397.7
0.17675 39396.3
0.17676 39394.8
0.17677 39393.3
0.17678 39391.9
0.17679 39390.4
0.17680 39389.0
0.17681 39387.5
0.17682 39386.1
0.17683 39384.6
0.17684 39383.2
0.17685 39381.7
0.17686 39380.3
0.17687 39378.9
0.17688 39377.4
0.17689 39376.0
0.17690 39374.6
0.17691 39373.2
0.17692 39371.7
0.17693 39370.3
0.17694 39368.9
0.17695 39367.5
0.17696 39366.1
0.17697 39364.7
0.17698 39363.3
0.17699 39361.9
0.17700 39360.5
0.17701 39359.1
0.17702 39357.7
0.17703 39356.3
0.17704 39354.9
0.17705 39353.5
0.17706 39352.2
0.17707 39350.8
0.17708 39349.4
0.17709 39348.0
0.17710 39346.7
0.17711 39345.3
0.17712 39343.9
0.17713 39342.6
0.17714 39341.2
0.17715 39339.8
0.17716 39338.5
0.17717 39337.1
0.17718 39335.8
0.17719 39334.4
0.17720 39333.1
0.17721 39331.7
0.17722 39330.4
0.17723 39329.1
0.17724 39327.7
0.17725 39326.4
0.17726 39325.1
0.17727 39323.7
0.17728 39322.4
0.17729 39321.1
0.17730 39319.8
0.17731 39318.5
0.17732 39317.1
0.17733 39315.8
0.17734 39314.5
0.17735 39313.2
0.17736 39311.9
0.17737 39310.6
0.17738 39309.3
0.17739 39308.0
0.17740 39306.7
0.17741 39305.4
0.17742 39304.1
0.17743 39302.9
0.17744 39301.6
0.17745 39300.3
0.17746 39299.0
0.17747 39297.7
0.17748 39296.5
0.17749 39295.2
0.17750 39293.9
0.17751 39292.7
0.17752 39291.4
0.17753 39290.1
0.17754 39288.9
0.17755 39287.6
0.17756 39286.4
0.17757 39285.1
0.17758 39283.9
0.17759 39282.6
0.17760 39281.4
0.17761 39280.1
0.17762 39278.9
0.17763 39277.6
0.17764 39276.4
0.17765 39275.2
0.17766 39273.9
0.17767 39272.7
0.17768 39271.5
0.17769 39270.3
0.17770 39269.0
0.17771 39267.8
0.17772 39266.6
0.17773 39265.4
0.17774 39264.2
0.17775 39263.0
0.17776 39261.8
0.17777 39260.6
0.17778 39259.4
0.17779 39258.2
0.17780 39257.0
0.17781 39255.8
0.17782 39254.6
0.17783 39253.4
0.17784 39252.2
0.17785 39251.0
0.17786 39249.8
0.17787 39248.6
0.17788 39247.5
0.17789 39246.3
0.17790 39245.1
0.17791 39243.9
0.17792 39242.8
0.17793 39241.6
0.17794 39240.4
0.17795 39239.3
0.17796 39238.1
0.17797 39236.9
0.17798 39235.8
0.17799 39234.6
0.17800 39233.5
0.17801 39232.3
0.17802 39231.2
0.17803 39230.0
0.17804 39228.9
0.17805 39227.7
0.17806 39226.6
0.17807 39225.5
0.17808 39224.3
0.17809 39223.2
0.17810 39222.1
0.17811 39220.9
0.17812 39219.8
0.17813 39218.7
0.17814 39217.6
0.17815 39216.5
0.17816 39215.3
0.17817 39214.2
0.17818 39213.1
0.17819 39212.0
0.17820 39210.9
0.17821 39209.8
0.17822 39208.7
0.17823 39207.6
0.17824 39206.5
0.17825 39205.4
0.17826 39204.3
0.17827 39203.2
0.17828 39202.1
0.17829 39201.0
0.17830 39199.9
0.17831 39198.8
0.17832 39197.7
0.17833 39196.7
0.17834 39195.6
0.17835 39194.5
0.17836 39193.4
0.17837 39192.4
0.17838 39191.3
0.17839 39190.2
0.17840 39189.2
0.17841 39188.1
0.17842 39187.0
0.17843 39186.0
0.17844 39184.9
0.17845 39183.9
0.17846 39182.8
0.17847 39181.7
0.17848 39180.7
0.17849 39179.7
0.17850 39178.6
0.17851 39177.6
0.17852 39176.5
0.17853 39175.5
0.17854 39174.4
0.17855 39173.4
0.17856 39172.4
0.17857 39171.3
0.17858 39170.3
0.17859 39169.3
0.17860 39168.3
0.17861 39167.2
0.17862 39166.2
0.17863 39165.2
0.17864 39164.2
0.17865 39163.2
0.17866 39162.1
0.17867 39161.1
0.17868 39160.1
0.17869 39159.1
0.17870 39158.1
0.17871 39157.1
0.17872 39156.1
0.17873 39155.1
0.17874 39154.1
0.17875 39153.1
0.17876 39152.1
0.17877 39151.1
0.17878 39150.1
0.17879 39149.1
0.17880 39148.1
0.17881 39147.2
0.17882 39146.2
0.17883 39145.2
0.17884 39144.2
0.17885 39143.2
0.17886 39142.3
0.17887 39141.3
0.17888 39140.3
0.17889 39139.3
0.17890 39138.4
0.17891 39137.4
0.17892 39136.4
0.17893 39135.5
0.17894 39134.5
0.17895 39133.6
0.17896 39132.6
0.17897 39131.6
0.17898 39130.7
0.17899 39129.7
0.17900 39128.8
0.17901 39127.8
0.17902 39126.9
0.17903 39126.0
0.17904 39125.0
0.17905 39124.1
0.17906 39123.1
0.17907 39122.2
0.17908 39121.3
0.17909 39120.3
0.17910 39119.4
0.17911 39118.5
0.17912 39117.5
0.17913 39116.6
0.17914 39115.7
0.17915 39114.8
0.17916 39113.8
0.17917 39112.9
0.17918 39112.0
0.17919 39111.1
0.17920 39110.2
0.17921 39109.3
0.17922 39108.4
0.17923 39107.4
0.17924 39106.5
0.17925 39105.6
0.17926 39104.7
0.17927 39103.8
0.17928 39102.9
0.17929 39102.0
0.17930 39101.1
0.17931 39100.2
0.17932 39099.4
0.17933 39098.5
0.17934 39097.6
0.17935 39096.7
0.17936 39095.8
0.17937 39094.9
0.17938 39094.0
0.17939 39093.1
0.17940 39092.3
0.17941 39091.4
0.17942 39090.5
0.17943 39089.6
0.17944 39088.8
0.17945 39087.9
0.17946 39087.0
0.17947 39086.2
0.17948 39085.3
0.17949 39084.4
0.17950 39083.6
0.17951 39082.7
0.17952 39081.9
0.17953 39081.0
0.17954 39080.1
0.17955 39079.3
0.17956 39078.4
0.17957 39077.6
0.17958 39076.7
0.17959 39075.9
0.17960 39075.0
0.17961 39074.2
0.17962 39073.4
0.17963 39072.5
0.17964 39071.7
0.17965 39070.8
0.17966 39070.0
0.17967 39069.2
0.17968 39068.3
0.17969 39067.5
0.17970 39066.7
0.17971 39065.8
0.17972 39065.0
0.17973 39064.2
0.17974 39063.4
0.17975 39062.5
0.17976 39061.7
0.17977 39060.9
0.17978 39060.1
0.17979 39059.3
0.17980 39058.5
0.17981 39057.6
0.17982 39056.8
0.17983 39056.0
0.17984 39055.2
0.17985 39054.4
0.17986 39053.6
0.17987 39052.8
0.17988 39052.0
0.17989 39051.2
0.17990 39050.4
0.17991 39049.6
0.17992 39048.8
0.17993 39048.0
0.17994 39047.2
0.17995 39046.4
0.17996 39045.6
0.17997 39044.9
0.17998 39044.1
0.17999 39043.3
0.18000 38577.4
0.18001 38577.4
0.18002 38577.4
0.18003 38577.4
0.18004 38577.4
0.18005 38577.4
0.18006 38577.4
0.18007 38577.4
0.18008 38577.4
0.18009 38577.4
0.18010 38577.4
0.18011 38577.4
0.18012 38577.4
0.18013 38577.4
0.18014 38577.4
0.18015 38577.4
0.18016 38577.4
0.18017 38577.4
0.18018 38577.4
0.18019 38577.4
0.18020 38577.4
0.18021 38577.4
0.18022 38577.4
0.18023 38577.4
0.18024 38577.4
0.18025 38577.4
0.18026 38577.4
0.18027 38577.4
0.18028 38577.4
0.18029 38577.4
0.18030 38577.4
0.18031 38577.4
0.18032 38577.4
0.18033 38577.4
0.18034 38577.4
0.18035 38577.4
0.18036 38577.4
0.18037 38577.4
0.18038 38577.4
0.18039 38577.4
0.18040 38577.4
0.18041 38577.4
0.18042 38577.4
0.18043 38577.4
0.18044 38577.4
0.18045 38577.4
0.18046 38577.4
0.18047 38577.4
0.18048 38577.4
0.18049 38577.4
0.18050 38577.4
0.18051 38577.4
0.18052 38577.4
0.18053 38577.4
0.18054 38577.4
0.18055 38577.4
0.18056 38577.4
0.18057 38577.4
0.18058 38577.4
0.18059 38577.4
0.18060 38577.4
0.18061 38577.4
0.18062 38577.4
0.18063 38577.4
0.18064 38577.4
0.18065 38577.4
0.18066 38577.4
0.18067 38577.4
0.18068 38577.4
0.18069 38577.4
0.18070 38577.4
0.18071 38577.4
0.18072 38577.4
0.18073 38577.4
0.18074 38577.4
0.18075 38577.4
0.18076 38577.4
0.18077 38577.4
0.18078 38577.4
0.18079 38577.4
0.18080 38577.4
0.18081 38577.4
0.18082 38577.4
0.18083 38577.4
0.18084 38577.4
0.18085 38577.4
0.18086 38577.4
0.18087 38577.4
0.18088 38577.4
0.18089 38577.4
0.18090 38577.4
0.18091 38577.4
0.18092 38577.4
0.18093 38577.4
0.18094 38577.4
0.18095 38577.4
0.18096 38577.4
0.18097 38577.4
0.18098 38577.4
0.18099 38577.4
0.18100 38577.4
0.18101 37153.6
0.18102 35786.4
0.18103 34473.5
0.18104 33212.4
0.18105 32001.1
0.18106 30837.4
0.18107 29719.2
0.18108 28644.6
0.18109 27611.7
0.18110 26618.9
0.18111 25664.4
0.18112 24746.5
0.18113 23863.7
0.18114 23014.5
0.18115 22197.5
0.18116 21411.2
0.18117 20654.4
0.18118 19925.7
0.18119 19223.9
0.18120 18547.8
0.18121 17896.2
0.18122 17268.0
0.18123 16662.0
0.18124 16077.3
0.18125 15512.7
0.18126 14967.2
0.18127 14439.7
0.18128 13929.4
0.18129 13435.1
0.18130 12955.9
0.18131 12490.9
0.18132 12038.9
0.18133 11599.2
0.18134 11170.5
0.18135 10752.1
0.18136 10342.8
0.18137 9941.8
0.18138 9547.9
0.18139 9160.3
0.18140 8777.8
0.18141 8399.5
0.18142 8024.5
0.18143 7651.7
0.18144 7280.2
0.18145 6909.3
0.18146 6538.1
0.18147 6166.0
0.18148 5792.4
0.18149 5417.2
0.18150 5040.2
0.18151 4839.3
0.18152 4613.5
0.18153 4364.5
0.18154 4095.1
0.18155 3808.3
0.18156 3508.3
0.18157 3199.7
0.18158 2887.6
0.18159 2577.9
0.18160 2276.6
0.18161 1989.7
0.18162 1723.0
0.18163 1481.3
0.18164 1268.4
0.18165 1086.2
0.18166 935.0
0.18167 812.8
0.18168 716.6
0.18169 642.2
0.18170 585.3
0.18171 542.1
0.18172 509.2
0.18173 484.3
0.18174 465.3
0.18175 450.9
0.18176 440.1
0.18177 432.2
0.18178 426.7
0.18179 423.2
0.18180 421.3
0.18181 421.0
0.18182 421.9
0.18183 424.2
0.18184 427.6
0.18185 432.1
0.18186 437.7
0.18187 444.5
0.18188 452.3
0.18189 461.3
0.18190 471.4
0.18191 482.8
0.18192 495.5
0.18193 509.5
0.18194 524.9
0.18195 541.9
0.18196 560.5
0.18197 580.8
0.18198 603.0
0.18199 627.2
0.18200 653.4
0.18201 682.0
0.18202 713.0
0.18203 746.6
0.18204 783.0
0.18205 822.5
0.18206 865.1
0.18207 911.2
0.18208 961.0
0.18209 1014.7
0.18210 1072.5
0.18211 1134.8
0.18212 1201.9
0.18213 1273.9
0.18214 1351.2
0.18215 1434.0
0.18216 1522.7
0.18217 1617.6
0.18218 1718.9
0.18219 1826.9
0.18220 1941.8
0.18221 2064.1
0.18222 2193.8
0.18223 2331.2
0.18224 2476.6
0.18225 2630.2
0.18226 2792.1
0.18227 2962.4
0.18228 3141.3
0.18229 3329.0
0.18230 3525.5
0.18231 3730.8
0.18232 3944.9
0.18233 4168.0
0.18234 4399.9
0.18235 4640.6
0.18236 4890.1
0.18237 5148.2
0.18238 5414.9
0.18239 5690.0
0.18240 5973.5
0.18241 6265.1
0.18242 6564.8
0.18243 6872.3
0.18244 7187.5
0.18245 7510.2
0.18246 7840.2
0.18247 8177.4
0.18248 8521.6
0.18249 8872.5
0.18250 9230.0
0.18251 9593.9
0.18252 9964.0
0.18253 10340.2
0.18254 10722.1
0.18255 11109.7
0.18256 11502.7
0.18257 11900.8
0.18258 12304.0
0.18259 12712.0
0.18260 13124.5
0.18261 13541.3
0.18262 13962.2
0.18263 14386.8
0.18264 14815.0
0.18265 15246.4
0.18266 15680.8
0.18267 16117.8
0.18268 16557.1
0.18269 16998.4
0.18270 17441.4
0.18271 17885.6
0.18272 18330.8
0.18273 18776.5
0.18274 19222.4
0.18275 19668.0
0.18276 20113.1
0.18277 20557.2
0.18278 20999.9
0.18279 21440.9
0.18280 21879.8
0.18281 22316.2
0.18282 22749.7
0.18283 23180.0
0.18284 23606.8
0.18285 24029.7
0.18286 24448.5
0.18287 24862.8
0.18288 25272.4
0.18289 25677.0
0.18290 26076.5
0.18291 26470.5
0.18292 26858.9
0.18293 27241.5
0.18294 27618.2
0.18295 27988.8
0.18296 28353.2
0.18297 28711.3
0.18298 29063.1
0.18299 29408.5
0.18300 29747.4
0.18301 30079.8
0.18302 30405.7
0.18303 30725.0
0.18304 31037.9
0.18305 31344.3
0.18306 31644.2
0.18307 31937.7
0.18308 32224.9
0.18309 32505.7
0.18310 32780.3
0.18311 33048.7
0.18312 33311.1
0.18313 33567.4
0.18314 33817.8
0.18315 34062.3
0.18316 34301.1
0.18317 34534.3
0.18318 34761.9
0.18319 34984.1
0.18320 35200.8
0.18321 35412.4
0.18322 35618.8
0.18323 35820.1
0.18324 36016.6
0.18325 36208.1
0.18326 36395.0
0.18327 36577.2
0.18328 36754.8
0.18329 36928.0
0.18330 37096.9
0.18331 37261.6
0.18332 37422.1
0.18333 37578.6
0.18334 37731.2
0.18335 37879.9
0.18336 38024.8
0.18337 38166.1
0.18338 38303.8
0.18339 38438.0
0.18340 38568.8
0.18341 38696.2
0.18342 38820.5
0.18343 38941.5
0.18344 39059.5
0.18345 39174.5
0.18346 39286.6
0.18347 39395.8
0.18348 39502.2
0.18349 39606.0
0.18350 39707.1
0.18351 39805.6
0.18352 39901.6
0.18353 39995.2
0.18354 40086.4
0.18355 40175.2
0.18356 40261.8
0.18357 40346.3
0.18358 40428.6
0.18359 40508.7
0.18360 40586.9
0.18361 40663.1
0.18362 40737.3
0.18363 40809.7
0.18364 40880.3
0.18365 40949.0
0.18366 41016.1
0.18367 41081.4
0.18368 41145.1
0.18369 41207.2
0.18370 41267.7
0.18371 41326.7
0.18372 41384.2
0.18373 41440.3
0.18374 41495.0
0.18375 41548.3
0.18376 41600.3
0.18377 41650.9
0.18378 41700.3
0.18379 41748.5
0.18380 41795.5
0.18381 41841.2
0.18382 41885.9
0.18383 41929.4
0.18384 41971.9
0.18385 42013.2
0.18386 42053.6
0.18387 42093.0
0.18388 42131.3
0.18389 42168.7
0.18390 42205.2
0.18391 42240.8
0.18392 42275.5
0.18393 42309.3
0.18394 42342.3
0.18395 42374.5
0.18396 42405.9
0.18397 42436.5
0.18398 42466.3
0.18399 42495.4
0.18400 42523.8
0.18401 42551.4
0.18402 42578.4
0.18403 42604.7
0.18404 42630.3
0.18405 42655.4
0.18406 42679.7
0.18407 42703.5
0.18408 42726.7
0.18409 42749.3
0.18410 42771.3
0.18411 42792.8
0.18412 42813.8
0.18413 42834.2
0.18414 42854.1
0.18415 42873.5
0.18416 42892.4
0.18417 42910.8
0.18418 42928.8
0.18419 42946.3
0.18420 42963.4
0.18421 42980.0
0.18422 42996.2
0.18423 43012.0
0.18424 43027.4
0.18425 43042.3
0.18426 43056.9
0.18427 43071.2
0.18428 43085.0
0.18429 43098.5
0.18430 43111.6
0.18431 43124.4
0.18432 43136.9
0.18433 43149.0
0.18434 43160.8
0.18435 43172.3
0.18436 43183.4
0.18437 43194.3
0.18438 43204.9
0.18439 43215.2
0.18440 43225.2
0.18441 43234.9
0.18442 43244.3
0.18443 43253.5
0.18444 43262.5
0.18445 43271.1
0.18446 43279.6
0.18447 43287.8
0.18448 43295.7
0.18449 43303.4
0.18450 43310.9
0.18451 43318.2
0.18452 43325.3
0.18453 43332.1
0.18454 43338.7
0.18455 43345.1
0.18456 43351.4
0.18457 43357.4
0.18458 43363.2
0.18459 43368.9
0.18460 43374.3
0.18461 43379.6
0.18462 43384.7
0.18463 43389.7
0.18464 43394.4
0.18465 43399.0
0.18466 43403.4
0.18467 43407.7
0.18468 43411.8
0.18469 43415.8
0.18470 43419.6
0.18471 43423.3
0.18472 43426.8
0.18473 43430.2
0.18474 43433.4
0.18475 43436.5
0.18476 43439.4
0.18477 43442.3
0.18478 43445.0
0.18479 43447.6
0.18480 43450.0
0.18481 43452.3
0.18482 43454.6
0.18483 43456.7
0.18484 43458.6
0.18485 43460.5
0.18486 43462.3
0.18487 43463.9
0.18488 43465.4
0.18489 43466.9
0.18490 43468.2
0.18491 43469.4
0.18492 43470.6
0.18493 43471.6
0.18494 43472.6
0.18495 43473.4
0.18496 43474.2
0.18497 43474.8
0.18498 43475.4
0.18499 43475.9
0.18500 43476.3
0.18501 43476.6
0.18502 43476.8
0.18503 43477.0
0.18504 43477.0
0.18505 43477.0
0.18506 43477.0
0.18507 43476.8
0.18508 43476.6
0.18509 43476.2
0.18510 43475.9
0.18511 43475.4
0.18512 43474.9
0.18513 43474.3
0.18514 43473.6
0.18515 43472.9
0.18516 43472.1
0.18517 43471.3
0.18518 43470.3
0.18519 43469.4
0.18520 43468.3
0.18521 43467.2
0.18522 43466.1
0.18523 43464.8
0.18524 43463.6
0.18525 43462.2
0.18526 43460.8
0.18527 43459.4
0.18528 43457.9
0.18529 43456.4
0.18530 43454.8
0.18531 43453.1
0.18532 43451.4
0.18533 43449.6
0.18534 43447.8
0.18535 43446.0
0.18536 43444.1
0.18537 43442.2
0.18538 43440.2
0.18539 43438.1
0.18540 43436.0
0.18541 43433.9
0.18542 43431.8
0.18543 43429.5
0.18544 43427.3
0.18545 43425.0
0.18546 43422.7
0.18547 43420.3
0.18548 43417.9
0.18549 43415.4
0.18550 43412.9
0.18551 43410.4
0.18552 43407.8
0.18553 43405.2
0.18554 43402.6
0.18555 43399.9
0.18556 43397.2
0.18557 43394.5
0.18558 43391.7
0.18559 43388.9
0.18560 43386.0
0.18561 43383.2
0.18562 43380.2
0.18563 43377.3
0.18564 43374.3
0.18565 43371.3
0.18566 43368.3
0.18567 43365.2
0.18568 43362.1
0.18569 43359.0
0.18570 43355.8
0.18571 43352.7
0.18572 43349.5
0.18573 43346.2
0.18574 43343.0
0.18575 43339.7
0.18576 43336.3
0.18577 43333.0
0.18578 43329.6
0.18579 43326.2
0.18580 43322.8
0.18581 43319.4
0.18582 43315.9
0.18583 43312.4
0.18584 43308.9
0.18585 43305.3
0.18586 43301.8
0.18587 43298.2
0.18588 43294.6
0.18589 43290.9
0.18590 43287.3
0.18591 43283.6
0.18592 43279.9
0.18593 43276.2
0.18594 43272.4
0.18595 43268.7
0.18596 43264.9
0.18597 43261.1
0.18598 43257.3
0.18599 43253.4
0.18600 43249.6
0.18601 43245.7
0.18602 43241.8
0.18603 43237.9
0.18604 43233.9
0.18605 43230.0
0.18606 43226.0
0.18607 43222.0
0.18608 43218.0
0.18609 43214.0
0.18610 43209.9
0.18611 43205.9
0.18612 43201.8
0.18613 43197.7
0.18614 43193.6
0.18615 43189.5
0.18616 43185.3
0.18617 43181.2
0.18618 43177.0
0.18619 43172.8
0.18620 43168.6
0.18621 43164.4
0.18622 43160.2
0.18623 43155.9
0.18624 43151.7
0.18625 43147.4
0.18626 43143.1
0.18627 43138.8
0.18628 43134.5
0.18629 43130.1
0.18630 43125.8
0.18631 43121.4
0.18632 43117.1
0.18633 43112.7
0.18634 43108.3
0.18635 43103.9
0.18636 43099.5
0.18637 43095.0
0.18638 43090.6
0.18639 43086.1
0.18640 43081.7
0.18641 43077.2
0.18642 43072.7
0.18643 43068.2
0.18644 43063.7
0.18645 43059.2
0.18646 43054.6
0.18647 43050.1
0.18648 43045.5
0.18649 43041.0
0.18650 43036.4
0.18651 43031.8
0.18652 43027.2
0.18653 43022.6
0.18654 43018.0
0.18655 43013.4
0.18656 43008.7
0.18657 43004.1
0.18658 42999.4
0.18659 42994.8
0.18660 42990.1
0.18661 42985.4
0.18662 42980.7
0.18663 42976.0
0.18664 42971.3
0.18665 42966.6
0.18666 42961.9
0.18667 42957.1
0.18668 42952.4
0.18669 42947.7
0.18670 42942.9
0.18671 42938.1
0.18672 42933.4
0.18673 42928.6
0.18674 42923.8
0.18675 42919.0
0.18676 42914.2
0.18677 42909.4
0.18678 42904.6
0.18679 42899.8
0.18680 42894.9
0.18681 42890.1
0.18682 42885.2
0.18683 42880.4
0.18684 42875.5
0.18685 42870.7
0.18686 42865.8
0.18687 42860.9
0.18688 42856.0
0.18689 42851.1
0.18690 42846.3
0.18691 42841.4
0.18692 42836.4
0.18693 42831.5
0.18694 42826.6
0.18695 42821.7
0.18696 42816.8
0.18697 42811.8
0.18698 42806.9
0.18699 42801.9
0.18700 42797.0
0.18701 42792.0
0.18702 42787.1
0.18703 42782.1
0.18704 42777.1
0.18705 42772.2
0.18706 42767.2
0.18707 42762.2
0.18708 42757.2
0.18709 42752.2
0.18710 42747.2
0.18711 42742.2
0.18712 42737.2
0.18713 42732.2
0.18714 42727.2
0.18715 42722.2
0.18716 42717.1
0.18717 42712.1
0.18718 42707.1
0.18719 42702.0
0.18720 42697.0
0.18721 42692.0
0.18722 42686.9
0.18723 42681.9
0.18724 42676.8
0.18725 42671.8
0.18726 42666.7
0.18727 42661.6
0.18728 42656.6
0.18729 42651.5
0.18730 42646.4
0.18731 42641.4
0.18732 42636.3
0.18733 42631.2
0.18734 42626.1
0.18735 42621.0
0.18736 42615.9
0.18737 42610.9
0.18738 42605.8
0.18739 42600.7
0.18740 42595.6
0.18741 42590.5
0.18742 42585.4
0.18743 42580.3
0.18744 42575.1
0.18745 42570.0
0.18746 42564.9
0.18747 42559.8
0.18748 42554.7
0.18749 42549.6
0.18750 42544.5
0.18751 42539.3
0.18752 42534.2
0.18753 42529.1
0.18754 42524.0
0.18755 42518.8
0.18756 42513.7
0.18757 42508.6
0.18758 42503.4
0.18759 42498.3
0.18760 42493.2
0.18761 42488.0
0.18762 42482.9
0.18763 42477.8
0.18764 42472.6
0.18765 42467.5
0.18766 42462.3
0.18767 42457.2
0.18768 42452.0
0.18769 42446.9
0.18770 42441.8
0.18771 42436.6
0.18772 42431.5
0.18773 42426.3
0.18774 42421.2
0.18775 42416.0
0.18776 42410.9
0.18777 42405.7
0.18778 42400.6
0.18779 42395.4
0.18780 42390.3
0.18781 42385.1
0.18782 42379.9
0.18783 42374.8
0.18784 42369.6
0.18785 42364.5
0.18786 42359.3
0.18787 42354.2
0.18788 42349.0
0.18789 42343.9
0.18790 42338.7
0.18791 42333.6
0.18792 42328.4
0.18793 42323.3
0.18794 42318.1
0.18795 42313.0
0.18796 42307.8
0.18797 42302.7
0.18798 42297.5
0.18799 42292.4
0.18800 42287.2
0.18801 42282.1
0.18802 42276.9
0.18803 42271.8
0.18804 42266.6
0.18805 42261.5
0.18806 42256.3
0.18807 42251.2
0.18808 42246.0
0.18809 42240.9
0.18810 42235.7
0.18811 42230.6
0.18812 42225.4
0.18813 42220.3
0.18814 42215.2
0.18815 42210.0
0.18816 42204.9
0.18817 42199.8
0.18818 42194.6
0.18819 42189.5
0.18820 42184.4
0.18821 42179.2
0.18822 42174.1
0.18823 42169.0
0.18824 42163.8
0.18825 42158.7
0.18826 42153.6
0.18827 42148.5
0.18828 42143.3
0.18829 42138.2
0.18830 42133.1
0.18831 42128.0
0.18832 42122.9
0.18833 42117.8
0.18834 42112.6
0.18835 42107.5
0.18836 42102.4
0.18837 42097.3
0.18838 42092.2
0.18839 42087.1
0.18840 42082.0
0.18841 42076.9
0.18842 42071.8
0.18843 42066.7
0.18844 42061.6
0.18845 42056.5
0.18846 42051.4
0.18847 42046.3
0.18848 42041.3
0.18849 42036.2
0.18850 42031.1
0.18851 42026.0
0.18852 42020.9
0.18853 42015.9
0.18854 42010.8
0.18855 42005.7
0.18856 42000.7
0.18857 41995.6
0.18858 41990.5
0.18859 41985.5
0.18860 41980.4
0.18861 41975.4
0.18862 41970.3
0.18863 41965.3
0.18864 41960.2
0.18865 41955.2
0.18866 41950.1
0.18867 41945.1
0.18868 41940.0
0.18869 41935.0
0.18870 41930.0
0.18871 41925.0
0.18872 41919.9
0.18873 41914.9
0.18874 41909.9
0.18875 41904.9
0.18876 41899.9
0.18877 41894.8
0.18878 41889.8
0.18879 41884.8
0.18880 41879.8
0.18881 41874.8
0.18882 41869.8
0.18883 41864.8
0.18884 41859.8
0.18885 41854.9
0.18886 41849.9
0.18887 41844.9
0.18888 41839.9
0.18889 41834.9
0.18890 41830.0
0.18891 41825.0
0.18892 41820.0
0.18893 41815.1
0.18894 41810.1
0.18895 41805.2
0.18896 41800.2
0.18897 41795.3
0.18898 41790.3
0.18899 41785.4
0.18900 41780.4
0.18901 41775.5
0.18902 41770.6
0.18903 41765.6
0.18904 41760.7
0.18905 41755.8
0.18906 41750.9
0.18907 41746.0
0.18908 41741.0
0.18909 41736.1
0.18910 41731.2
0.18911 41726.3
0.18912 41721.4
0.18913 41716.5
0.18914 41711.7
0.18915 41706.8
0.18916 41701.9
0.18917 41697.0
0.18918 41692.1
0.18919 41687.3
0.18920 41682.4
0.18921 41677.5
0.18922 41672.7
0.18923 41667.8
0.18924 41663.0
0.18925 41658.1
0.18926 41653.3
0.18927 41648.5
0.18928 41643.6
0.18929 41638.8
0.18930 41634.0
0.18931 41629.1
0.18932 41624.3
0.18933 41619.5
0.18934 41614.7
0.18935 41609.9
0.18936 41605.1
0.18937 41600.3
0.18938 41595.5
0.18939 41590.7
0.18940 41585.9
0.18941 41581.1
0.18942 41576.4
0.18943 41571.6
0.18944 41566.8
0.18945 41562.1
0.18946 41557.3
0.18947 41552.5
0.18948 41547.8
0.18949 41543.0
0.18950 41538.3
0.18951 41533.6
0.18952 41528.8
0.18953 41524.1
0.18954 41519.4
0.18955 41514.6
0.18956 41509.9
0.18957 41505.2
0.18958 41500.5
0.18959 41495.8
0.18960 41491.1
0.18961 41486.4
0.18962 41481.7
0.18963 41477.0
0.18964 41472.4
0.18965 41467.7
0.18966 41463.0
0.18967 41458.3
0.18968 41453.7
0.18969 41449.0
0.18970 41444.4
0.18971 41439.7
0.18972 41435.1
0.18973 41430.4
0.18974 41425.8
0.18975 41421.2
0.18976 41416.5
0.18977 41411.9
0.18978 41407.3
0.18979 41402.7
0.18980 41398.1
0.18981 41393.5
0.18982 41388.9
0.18983 41384.3
0.18984 41379.7
0.18985 41375.1
0.18986 41370.5
0.18987 41366.0
0.18988 41361.4
0.18989 41356.8
0.18990 41352.3
0.18991 41347.7
0.18992 41343.2
0.18993 41338.6
0.18994 41334.1
0.18995 41329.5
0.18996 41325.0
0.18997 41320.5
0.18998 41316.0
0.18999 41311.4
0.19000 41306.9
0.19001 41302.4
0.19002 41297.9
0.19003 41293.4
0.19004 41288.9
0.19005 41284.5
0.19006 41280.0
0.19007 41275.5
0.19008 41271.0
0.19009 41266.6
0.19010 41262.1
0.19011 41257.6
0.19012 41253.2
0.19013 41248.7
0.19014 41244.3
0.19015 41239.9
0.19016 41235.4
0.19017 41231.0
0.19018 41226.6
0.19019 41222.2
0.19020 41217.8
0.19021 41213.4
0.19022 41209.0
0.19023 41204.6
0.19024 41200.2
0.19025 41195.8
0.19026 41191.4
0.19027 41187.0
0.19028 41182.7
0.19029 41178.3
0.19030 41173.9
0.19031 41169.6
0.19032 41165.2
0.19033 41160.9
0.19034 41156.5
0.19035 41152.2
0.19036 41147.9
0.19037 41143.6
0.19038 41139.2
0.19039 41134.9
0.19040 41130.6
0.19041 41126.3
0.19042 41122.0
0.19043 41117.7
0.19044 41113.4
0.19045 41109.2
0.19046 41104.9
0.19047 41100.6
0.19048 41096.3
0.19049 41092.1
0.19050 41087.8
0.19051 41083.6
0.19052 41079.3
0.19053 41075.1
0.19054 41070.9
0.19055 41066.6
0.19056 41062.4
0.19057 41058.2
0.19058 41054.0
0.19059 41049.8
0.19060 41045.6
0.19061 41041.4
0.19062 41037.2
0.19063 41033.0
0.19064 41028.8
0.19065 41024.6
0.19066 41020.5
0.19067 41016.3
0.19068 41012.1
0.19069 41008.0
0.19070 41003.8
0.19071 40999.7
0.19072 40995.5
0.19073 40991.4
0.19074 40987.3
0.19075 40983.2
0.19076 40979.0
0.19077 40974.9
0.19078 40970.8
0.19079 40966.7
0.19080 40962.6
0.19081 40958.5
0.19082 40954.5
0.19083 40950.4
0.19084 40946.3
0.19085 40942.2
0.19086 40938.2
0.19087 40934.1
0.19088 40930.1
0.19089 40926.0
0.19090 40922.0
0.19091 40917.9
0.19092 40913.9
0.19093 40909.9
0.19094 40905.9
0.19095 40901.9
0.19096 40897.8
0.19097 40893.8
0.19098 40889.8
0.19099 40885.9
0.19100 40881.9
0.19101 40877.9
0.19102 40873.9
0.19103 40869.9
0.19104 40866.0
0.19105 40862.0
0.19106 40858.1
0.19107 40854.1
0.19108 40850.2
0.19109 40846.2
0.19110 40842.3
0.19111 40838.4
0.19112 40834.4
0.19113 40830.5
0.19114 40826.6
0.19115 40822.7
0.19116 40818.8
0.19117 40814.9
0.19118 40811.0
0.19119 40807.2
0.19120 40803.3
0.19121 40799.4
0.19122 40795.5
0.19123 40791.7
0.19124 40787.8
0.19125 40784.0
0.19126 40780.1
0.19127 40776.3
0.19128 40772.4
0.19129 40768.6
0.19130 40764.8
0.19131 40761.0
0.19132 40757.2
0.19133 40753.4
0.19134 40749.6
0.19135 40745.8
0.19136 40742.0
0.19137 40738.2
0.19138 40734.4
0.19139 40730.6
0.19140 40726.9
0.19141 40723.1
0.19142 40719.3
0.19143 40715.6
0.19144 40711.8
0.19145 40708.1
0.19146 40704.4
0.19147 40700.6
0.19148 40696.9
0.19149 40693.2
0.19150 40689.5
0.19151 40685.8
0.19152 40682.1
0.19153 40678.4
0.19154 40674.7
0.19155 40671.0
0.19156 40667.3
0.19157 40663.6
0.19158 40660.0
0.19159 40656.3
0.19160 40652.6
0.19161 40649.0
0.19162 40645.3
0.19163 40641.7
0.19164 40638.1
0.19165 40634.4
0.19166 40630.8
0.19167 40627.2
0.19168 40623.6
0.19169 40620.0
0.19170 40616.4
0.19171 40612.8
0.19172 40609.2
0.19173 40605.6
0.19174 40602.0
0.19175 40598.4
0.19176 40594.8
0.19177 40591.3
0.19178 40587.7
0.19179 40584.2
0.19180 40580.6
0.19181 40577.1
0.19182 40573.5
0.19183 40570.0
0.19184 40566.5
0.19185 40562.9
0.19186 40559.4
0.19187 40555.9
0.19188 40552.4
0.19189 40548.9
0.19190 40545.4
0.19191 40541.9
0.19192 40538.4
0.19193 40534.9
0.19194 40531.5
0.19195 40528.0
0.19196 40524.5
0.19197 40521.1
0.19198 40517.6
0.19199 40514.2
0.19200 40510.7
0.19201 40507.3
0.19202 40503.9
0.19203 40500.4
0.19204 40497.0
0.19205 40493.6
0.19206 40490.2
0.19207 40486.8
0.19208 40483.4
0.19209 40480.0
0.19210 40476.6
0.19211 40473.2
0.19212 40469.8
0.19213 40466.5
0.19214 40463.1
0.19215 40459.7
0.19216 40456.4
0.19217 40453.0
0.19218 40449.7
0.19219 40446.3
0.19220 40443.0
0.19221 40439.7
0.19222 40436.4
0.19223 40433.0
0.19224 40429.7
0.19225 40426.4
0.19226 40423.1
0.19227 40419.8
0.19228 40416.5
0.19229 40413.2
0.19230 40409.9
0.19231 40406.7
0.19232 40403.4
0.19233 40400.1
0.19234 40396.9
0.19235 40393.6
0.19236 40390.4
0.19237 40387.1
0.19238 40383.9
0.19239 40380.6
0.19240 40377.4
0.19241 40374.2
0.19242 40371.0
0.19243 40367.7
0.19244 40364.5
0.19245 40361.3
0.19246 40358.1
0.19247 40354.9
0.19248 40351.8
0.19249 40348.6
0.19250 40345.4
0.19251 40342.2
0.19252 40339.1
0.19253 40335.9
0.19254 40332.7
0.19255 40329.6
0.19256 40326.4
0.19257 40323.3
0.19258 40320.2
0.19259 40317.0
0.19260 40313.9
0.19261 40310.8
0.19262 40307.7
0.19263 40304.5
0.19264 40301.4
0.19265 40298.3
0.19266 40295.2
0.19267 40292.2
0.19268 40289.1
0.19269 40286.0
0.19270 40282.9
0.19271 40279.8
0.19272 40276.8
0.19273 40273.7
0.19274 40270.7
0.19275 40267.6
0.19276 40264.6
0.19277 40261.5
0.19278 40258.5
0.19279 40255.5
0.19280 40252.4
0.19281 40249.4
0.19282 40246.4
0.19283 40243.4
0.19284 40240.4
0.19285 40237.4
0.19286 40234.4
0.19287 40231.4
0.19288 40228.4
0.19289 40225.5
0.19290 40222.5
0.19291 40219.5
0.19292 40216.6
0.19293 40213.6
0.19294 40210.6
0.19295 40207.7
0.19296 40204.8
0.19297 40201.8
0.19298 40198.9
0.19299 40196.0
0.19300 40193.0
0.19301 40190.1
0.19302 40187.2
0.19303 40184.3
0.19304 40181.4
0.19305 40178.5
0.19306 40175.6
0.19307 40172.7
0.19308 40169.8
0.19309 40166.9
0.19310 40164.1
0.19311 40161.2
0.19312 40158.3
0.19313 40155.5
0.19314 40152.6
0.19315 40149.8
0.19316 40146.9
0.19317 40144.1
0.19318 40141.2
0.19319 40138.4
0.19320 40135.6
0.19321 40132.8
0.19322 40130.0
0.19323 40127.1
0.19324 40124.3
0.19325 40121.5
0.19326 40118.7
0.19327 40115.9
0.19328 40113.2
0.19329 40110.4
0.19330 40107.6
0.19331 40104.8
0.19332 40102.1
0.19333 40099.3
0.19334 40096.5
0.19335 40093.8
0.19336 40091.0
0.19337 40088.3
0.19338 40085.6
0.19339 40082.8
0.19340 40080.1
0.19341 40077.4
0.19342 40074.7
0.19343 40071.9
0.19344 40069.2
0.19345 40066.5
0.19346 40063.8
0.19347 40061.1
0.19348 40058.4
0.19349 40055.7
0.19350 40053.1
0.19351 40050.4
0.19352 40047.7
0.19353 40045.0
0.19354 40042.4
0.19355 40039.7
0.19356 40037.1
0.19357 40034.4
0.19358 40031.8
0.19359 40029.1
0.19360 40026.5
0.19361 40023.9
0.19362 40021.2
0.19363 40018.6
0.19364 40016.0
0.19365 40013.4
0.19366 40010.8
0.19367 40008.2
0.19368 40005.6
0.19369 40003.0
0.19370 40000.4
0.19371 39997.8
0.19372 39995.2
0.19373 39992.7
0.19374 39990.1
0.19375 39987.5
0.19376 39985.0
0.19377 39982.4
0.19378 39979.9
0.19379 39977.3
0.19380 39974.8
0.19381 39972.2
0.19382 39969.7
0.19383 39967.2
0.19384 39964.6
0.19385 39962.1
0.19386 39959.6
0.19387 39957.1
0.19388 39954.6
0.19389 39952.1
0.19390 39949.6
0.19391 39947.1
0.19392 39944.6
0.19393 39942.1
0.19394 39939.6
0.19395 39937.1
0.19396 39934.7
0.19397 39932.2
0.19398 39929.7
0.19399 39927.3
0.19400 39924.8
0.19401 39922.4
0.19402 39919.9
0.19403 39917.5
0.19404 39915.1
0.19405 39912.6
0.19406 39910.2
0.19407 39907.8
0.19408 39905.4
0.19409 39902.9
0.19410 39900.5
0.19411 39898.1
0.19412 39895.7
0.19413 39893.3
0.19414 39890.9
0.19415 39888.5
0.19416 39886.2
0.19417 39883.8
0.19418 39881.4
0.19419 39879.0
0.19420 39876.7
0.19421 39874.3
0.19422 39871.9
0.19423 39869.6
0.19424 39867.2
0.19425 39864.9
0.19426 39862.6
0.19427 39860.2
0.19428 39857.9
0.19429 39855.6
0.19430 39853.2
0.19431 39850.9
0.19432 39848.6
0.19433 39846.3
0.19434 39844.0
0.19435 39841.7
0.19436 39839.4
0.19437 39837.1
0.19438 39834.8
0.19439 39832.5
0.19440 39830.2
0.19441 39827.9
0.19442 39825.7
0.19443 39823.4
0.19444 39821.1
0.19445 39818.9
0.19446 39816.6
0.19447 39814.3
0.19448 39812.1
0.19449 39809.9
0.19450 39807.6
0.19451 39805.4
0.19452 39803.1
0.19453 39800.9
0.19454 39798.7
0.19455 39796.5
0.19456 39794.2
0.19457 39792.0
0.19458 39789.8
0.19459 39787.6
0.19460 39785.4
0.19461 39783.2
0.19462 39781.0
0.19463 39778.8
0.19464 39776.7
0.19465 39774.5
0.19466 39772.3
0.19467 39770.1
0.19468 39768.0
0.19469 39765.8
0.19470 39763.6
0.19471 39761.5
0.19472 39759.3
0.19473 39757.2
0.19474 39755.0
0.19475 39752.9
0.19476 39750.8
0.19477 39748.6
0.19478 39746.5
0.19479 39744.4
0.19480 39742.2
0.19481 39740.1
0.19482 39738.0
0.19483 39735.9
0.19484 39733.8
0.19485 39731.7
0.19486 39729.6
0.19487 39727.5
0.19488 39725.4
0.19489 39723.3
0.19490 39721.2
0.19491 39719.2
0.19492 39717.1
0.19493 39715.0
0.19494 39713.0
0.19495 39710.9
0.19496 39708.8
0.19497 39706.8
0.19498 39704.7
0.19499 39702.7
0.19500 39700.6
0.19501 39698.6
0.19502 39696.6
0.19503 39694.5
0.19504 39692.5
0.19505 39690.5
0.19506 39688.5
0.19507 39686.4
0.19508 39684.4
0.19509 39682.4
0.19510 39680.4
0.19511 39678.4
0.19512 39676.4
0.19513 39674.4
0.19514 39672.4
0.19515 39670.4
0.19516 39668.5
0.19517 39666.5
0.19518 39664.5
0.19519 39662.5
0.19520 39660.6
0.19521 39658.6
0.19522 39656.6
0.19523 39654.7
0.19524 39652.7
0.19525 39650.8
0.19526 39648.8
0.19527 39646.9
0.19528 39644.9
0.19529 39643.0
0.19530 39641.1
0.19531 39639.1
0.19532 39637.2
0.19533 39635.3
0.19534 39633.4
0.19535 39631.5
0.19536 39629.5
0.19537 39627.6
0.19538 39625.7
0.19539 39623.8
0.19540 39621.9
0.19541 39620.0
0.19542 39618.2
0.19543 39616.3
0.19544 39614.4
0.19545 39612.5
0.19546 39610.6
0.19547 39608.8
0.19548 39606.9
0.19549 39605.0
0.19550 39603.2
0.19551 39601.3
0.19552 39599.5
0.19553 39597.6
0.19554 39595.8
0.19555 39593.9
0.19556 39592.1
0.19557 39590.2
0.19558 39588.4
0.19559 39586.6
0.19560 39584.7
0.19561 39582.9
0.19562 39581.1
0.19563 39579.3
0.19564 39577.5
0.19565 39575.7
0.19566 39573.9
0.19567 39572.1
0.19568 39570.3
0.19569 39568.5
0.19570 39566.7
0.19571 39564.9
0.19572 39563.1
0.19573 39561.3
0.19574 39559.5
0.19575 39557.8
0.19576 39556.0
0.19577 39554.2
0.19578 39552.5
0.19579 39550.7
0.19580 39548.9
0.19581 39547.2
0.19582 39545.4
0.19583 39543.7
0.19584 39541.9
0.19585 39540.2
0.19586 39538.5
0.19587 39536.7
0.19588 39535.0
0.19589 39533.3
0.19590 39531.5
0.19591 39529.8
0.19592 39528.1
0.19593 39526.4
0.19594 39524.7
0.19595 39523.0
0.19596 39521.2
0.19597 39519.5
0.19598 39517.8
0.19599 39516.1
0.19600 39514.5
0.19601 39512.8
0.19602 39511.1
0.19603 39509.4
0.19604 39507.7
0.19605 39506.0
0.19606 39504.4
0.19607 39502.7
0.19608 39501.0
0.19609 39499.4
0.19610 39497.7
0.19611 39496.0
0.19612 39494.4
0.19613 39492.7
0.19614 39491.1
0.19615 39489.4
0.19616 39487.8
0.19617 39486.2
0.19618 39484.5
0.19619 39482.9
0.19620 39481.3
0.19621 39479.6
0.19622 39478.0
0.19623 39476.4
0.19624 39474.8
0.19625 39473.2
0.19626 39471.5
0.19627 39469.9
0.19628 39468.3
0.19629 39466.7
0.19630 39465.1
0.19631 39463.5
0.19632 39461.9
0.19633 39460.4
0.19634 39458.8
0.19635 39457.2
0.19636 39455.6
0.19637 39454.0
0.19638 39452.5
0.19639 39450.9
0.19640 39449.3
0.19641 39447.7
0.19642 39446.2
0.19643 39444.6
0.19644 39443.1
0.19645 39441.5
0.19646 39440.0
0.19647 39438.4
0.19648 39436.9
0.19649 39435.3
0.19650 39433.8
0.19651 39432.3
0.19652 39430.7
0.19653 39429.2
0.19654 39427.7
0.19655 39426.1
0.19656 39424.6
0.19657 39423.1
0.19658 39421.6
0.19659 39420.1
0.19660 39418.6
0.19661 39417.1
0.19662 39415.6
0.19663 39414.0
0.19664 39412.6
0.19665 39411.1
0.19666 39409.6
0.19667 39408.1
0.19668 39406.6
0.19669 39405.1
0.19670 39403.6
0.19671 39402.1
0.19672 39400.7
0.19673 39399.2
0.19674 39397.7
0.19675 39396.3
0.19676 39394.8
0.19677 39393.3
0.19678 39391.9
0.19679 39390.4
0.19680 39389.0
0.19681 39387.5
0.19682 39386.1
0.19683 39384.6
0.19684 39383.2
0.19685 39381.7
0.19686 39380.3
0.19687 39378.9
0.19688 39377.4
0.19689 39376.0
0.19690 39374.6
0.19691 39373.2
0.19692 39371.7
0.19693 39370.3
0.19694 39368.9
0.19695 39367.5
0.19696 39366.1
0.19697 39364.7
0.19698 39363.3
0.19699 39361.9
0.19700 39360.5
0.19701 39359.1
0.19702 39357.7
0.19703 39356.3
0.19704 39354.9
0.19705 39353.5
0.19706 39352.2
0.19707 39350.8
0.19708 39349.4
0.19709 39348.0
0.19710 39346.7
0.19711 39345.3
0.19712 39343.9
0.19713 39342.6
0.19714 39341.2
0.19715 39339.8
0.19716 39338.5
0.19717 39337.1
0.19718 39335.8
0.19719 39334.4
0.19720 39333.1
0.19721 39331.7
0.19722 39330.4
0.19723 39329.1
0.19724 39327.7
0.19725 39326.4
0.19726 39325.1
0.19727 39323.7
0.19728 39322.4
0.19729 39321.1
0.19730 39319.8
0.19731 39318.5
0.19732 39317.1
0.19733 39315.8
0.19734 39314.5
0.19735 39313.2
0.19736 39311.9
0.19737 39310.6
0.19738 39309.3
0.19739 39308.0
0.19740 39306.7
0.19741 39305.4
0.19742 39304.1
0.19743 39302.9
0.19744 39301.6
0.19745 39300.3
0.19746 39299.0
0.19747 39297.7
0.19748 39296.5
0.19749 39295.2
0.19750 39293.9
0.19751 39292.7
0.19752 39291.4
0.19753 39290.1
0.19754 39288.9
0.19755 39287.6
0.19756 39286.4
0.19757 39285.1
0.19758 39283.9
0.19759 39282.6
0.19760 39281.4
0.19761 39280.1
0.19762 39278.9
0.19763 39277.6
0.19764 39276.4
0.19765 39275.2
0.19766 39273.9
0.19767 39272.7
0.19768 39271.5
0.19769 39270.3
0.19770 39269.0
0.19771 39267.8
0.19772 39266.6
0.19773 39265.4
0.19774 39264.2
0.19775 39263.0
0.19776 39261.8
0.19777 39260.6
0.19778 39259.4
0.19779 39258.2
0.19780 39257.0
0.19781 39255.8
0.19782 39254.6
0.19783 39253.4
0.19784 39252.2
0.19785 39251.0
0.19786 39249.8
0.19787 39248.6
0.19788 39247.5
0.19789 39246.3
0.19790 39245.1
0.19791 39243.9
0.19792 39242.8
0.19793 39241.6
0.19794 39240.4
0.19795 39239.3
0.19796 39238.1
0.19797 39236.9
0.19798 39235.8
0.19799 39234.6
0.19800 39233.5
0.19801 39232.3
0.19802 39231.2
0.19803 39230.0
0.19804 39228.9
0.19805 39227.7
0.19806 39226.6
0.19807 39225.5
0.19808 39224.3
0.19809 39223.2
0.19810 39222.1
0.19811 39220.9
0.19812 39219.8
0.19813 39218.7
0.19814 39217.6
0.19815 39216.5
0.19816 39215.3
0.19817 39214.2
0.19818 39213.1
0.19819 39212.0
0.19820 39210.9
0.19821 39209.8
0.19822 39208.7
0.19823 39207.6
0.19824 39206.5
0.19825 39205.4
0.19826 39204.3
0.19827 39203.2
0.19828 39202.1
0.19829 39201.0
0.19830 39199.9
0.19831 39198.8
0.19832 39197.7
0.19833 39196.7
0.19834 39195.6
0.19835 39194.5
0.19836 39193.4
0.19837 39192.4
0.19838 39191.3
0.19839 39190.2
0.19840 39189.2
0.19841 39188.1
0.19842 39187.0
0.19843 39186.0
0.19844 39184.9
0.19845 39183.9
0.19846 39182.8
0.19847 39181.7
0.19848 39180.7
0.19849 39179.7
0.19850 39178.6
0.19851 39177.6
0.19852 39176.5
0.19853 39175.5
0.19854 39174.4
0.19855 39173.4
0.19856 39172.4
0.19857 39171.3
0.19858 39170.3
0.19859 39169.3
0.19860 39168.3
0.19861 39167.2
0.19862 39166.2
0.19863 39165.2
0.19864 39164.2
0.19865 39163.2
0.19866 39162.1
0.19867 39161.1
0.19868 39160.1
0.19869 39159.1
0.19870 39158.1
0.19871 39157.1
0.19872 39156.1
0.19873 39155.1
0.19874 39154.1
0.19875 39153.1
0.19876 39152.1
0.19877 39151.1
0.19878 39150.1
0.19879 39149.1
0.19880 39148.1
0.19881 39147.2
0.19882 39146.2
0.19883 39145.2
0.19884 39144.2
0.19885 39143.2
0.19886 39142.3
0.19887 39141.3
0.19888 39140.3
0.19889 39139.3
0.19890 39138.4
0.19891 39137.4
0.19892 39136.4
0.19893 39135.5
0.19894 39134.5
0.19895 39133.6
0.19896 39132.6
0.19897 39131.6
0.19898 39130.7
0.19899 39129.7
0.19900 39128.8
0.19901 39127.8
0.19902 39126.9
0.19903 39126.0
0.19904 39125.0
0.19905 39124.1
0.19906 39123.1
0.19907 39122.2
0.19908 39121.3
0.19909 39120.3
0.19910 39119.4
0.19911 39118.5
0.19912 39117.5
0.19913 39116.6
0.19914 39115.7
0.19915 39114.8
0.19916 39113.8
0.19917 39112.9
0.19918 39112.0
0.19919 39111.1
0.19920 39110.2
0.19921 39109.3
0.19922 39108.4
0.19923 39107.4
0.19924 39106.5
0.19925 39105.6
0.19926 39104.7
0.19927 39103.8
0.19928 39102.9
0.19929 39102.0
0.19930 39101.1
0.19931 39100.2
0.19932 39099.4
0.19933 39098.5
0.19934 39097.6
0.19935 39096.7
0.19936 39095.8
0.19937 39094.9
0.19938 39094.0
0.19939 39093.1
0.19940 39092.3
0.19941 39091.4
0.19942 39090.5
0.19943 39089.6
0.19944 39088.8
0.19945 39087.9
0.19946 39087.0
0.19947 39086.2
0.19948 39085.3
0.19949 39084.4
0.19950 39083.6
0.19951 39082.7
0.19952 39081.9
0.19953 39081.0
0.19954 39080.1
0.19955 39079.3
0.19956 39078.4
0.19957 39077.6
0.19958 39076.7
0.19959 39075.9
0.19960 39075.0
0.19961 39074.2
0.19962 39073.4
0.19963 39072.5
0.19964 39071.7
0.19965 39070.8
0.19966 39070.0
0.19967 39069.2
0.19968 39068.3
0.19969 39067.5
0.19970 39066.7
0.19971 39065.8
0.19972 39065.0
0.19973 39064.2
0.19974 39063.4
0.19975 39062.5
0.19976 39061.7
0.19977 39060.9
0.19978 39060.1
0.19979 39059.3
0.19980 39058.5
0.19981 39057.6
0.19982 39056.8
0.19983 39056.0
0.19984 39055.2
0.19985 39054.4
0.19986 39053.6
0.19987 39052.8
0.19988 39052.0
0.19989 39051.2
0.19990 39050.4
0.19991 39049.6
0.19992 39048.8
0.19993 39048.0
0.19994 39047.2
0.19995 39046.4
0.19996 39045.6
0.19997 39044.9
0.19998 39044.1
0.19999 39043.3
0.20000 38577.4
0.20001 38577.4
0.20002 38577.4
0.20003 38577.4
0.20004 38577.4
0.20005 38577.4
0.20006 38577.4
0.20007 38577.4
0.20008 38577.4
0.20009 38577.4
0.20010 38577.4
0.20011 38577.4
0.20012 38577.4
0.20013 38577.4
0.20014 38577.4
0.20015 38577.4
0.20016 38577.4
0.20017 38577.4
0.20018 38577.4
0.20019 38577.4
0.20020 38577.4
0.20021 38577.4
0.20022 38577.4
0.20023 38577.4
0.20024 38577.4
0.20025 38577.4
0.20026 38577.4
0.20027 38577.4
0.20028 38577.4
0.20029 38577.4
0.20030 38577.4
0.20031 38577.4
0.20032 38577.4
0.20033 38577.4
0.20034 38577.4
0.20035 38577.4
0.20036 38577.4
0.20037 38577.4
0.20038 38577.4
0.20039 38577.4
0.20040 38577.4
0.20041 38577.4
0.20042 38577.4
0.20043 38577.4
0.20044 38577.4
0.20045 38577.4
0.20046 38577.4
0.20047 38577.4
0.20048 38577.4
0.20049 38577.4
0.20050 38577.4
0.20051 38577.4
0.20052 38577.4
0.20053 38577.4
0.20054 38577.4
0.20055 38577.4
0.20056 38577.4
0.20057 38577.4
0.20058 38577.4
0.20059 38577.4
0.20060 38577.4
0.20061 38577.4
0.20062 38577.4
0.20063 38577.4
0.20064 38577.4
0.20065 38577.4
0.20066 38577.4
0.20067 38577.4
0.20068 38577.4
0.20069 38577.4
0.20070 38577.4
0.20071 38577.4
0.20072 38577.4
0.20073 38577.4
0.20074 38577.4
0.20075 38577.4
0.20076 38577.4
0.20077 38577.4
0.20078 38577.4
0.20079 38577.4
0.20080 38577.4
0.20081 38577.4
0.20082 38577.4
0.20083 38577.4
0.20084 38577.4
0.20085 38577.4
0.20086 38577.4
0.20087 38577.4
0.20088 38577.4
0.20089 38577.4
0.20090 38577.4
0.20091 38577.4
0.20092 38577.4
0.20093 38577.4
0.20094 38577.4
0.20095 38577.4
0.20096 38577.4
0.20097 38577.4
0.20098 38577.4
0.20099 38577.4
0.20100 38577.4
0.20101 38577.4
0.20102 38577.4
0.20103 38577.4
0.20104 38577.4
0.20105 38577.4
0.20106 38577.4
0.20107 38577.4
0.20108 38577.4
0.20109 38577.4
0.20110 38577.4
0.20111 38577.4
0.20112 38577.4
0.20113 38577.4
0.20114 38577.4
0.20115 38577.4
0.20116 38577.4
0.20117 38577.4
0.20118 38577.4
0.20119 38577.4
0.20120 38577.4
0.20121 38577.4
0.20122 38577.4
0.20123 38577.4
0.20124 38577.4
0.20125 38577.4
0.20126 38577.4
0.20127 38577.4
0.20128 38577.4
0.20129 38577.4
0.20130 38577.4
0.20131 38577.4
0.20132 38577.4
0.20133 38577.4
0.20134 38577.4
0.20135 38577.4
0.20136 38577.4
0.20137 38577.4
0.20138 38577.4
0.20139 38577.4
0.20140 38577.4
0.20141 38577.4
0.20142 38577.4
0.20143 38577.4
0.20144 38577.4
0.20145 38577.4
0.20146 38577.4
0.20147 38577.4
0.20148 38577.4
0.20149 38577.4
0.20150 38577.4
0.20151 38577.4
0.20152 38577.4
0.20153 38577.4
0.20154 38577.4
0.20155 38577.4
0.20156 38577.4
0.20157 38577.4
0.20158 38577.4
0.20159 38577.4
0.20160 38577.4
0.20161 38577.4
0.20162 38577.4
0.20163 38577.4
0.20164 38577.4
0.20165 38577.4
0.20166 38577.4
0.20167 38577.4
0.20168 38577.4
0.20169 38577.4
0.20170 38577.4
0.20171 38577.4
0.20172 38577.4
0.20173 38577.4
0.20174 38577.4
0.20175 38577.4
0.20176 38577.4
0.20177 38577.4
0.20178 38577.4
0.20179 38577.4
0.20180 38577.4
0.20181 38577.4
0.20182 38577.4
0.20183 38577.4
0.20184 38577.4
0.20185 38577.4
0.20186 38577.4
0.20187 38577.4
0.20188 38577.4
0.20189 38577.4
0.20190 38577.4
0.20191 38577.4
0.20192 38577.4
0.20193 38577.4
0.20194 38577.4
0.20195 38577.4
0.20196 38577.4
0.20197 38577.4
0.20198 38577.4
0.20199 38577.4
0.20200 38577.4
0.20201 38577.4
0.20202 38577.4
0.20203 38577.4
0.20204 38577.4
0.20205 38577.4
0.20206 38577.4
0.20207 38577.4
0.20208 38577.4
0.20209 38577.4
0.20210 38577.4
0.20211 38577.4
0.20212 38577.4
0.20213 38577.4
0.20214 38577.4
0.20215 38577.4
0.20216 38577.4
0.20217 38577.4
0.20218 38577.4
0.20219 38577.4
0.20220 38577.4
0.20221 38577.4
0.20222 38577.4
0.20223 38577.4
0.20224 38577.4
0.20225 38577.4
0.20226 38577.4
0.20227 38577.4
0.20228 38577.4
0.20229 38577.4
0.20230 38577.4
0.20231 38577.4
0.20232 38577.4
0.20233 38577.4
0.20234 38577.4
0.20235 38577.4
0.20236 38577.4
0.20237 38577.4
0.20238 38577.4
0.20239 38577.4
0.20240 38577.4
0.20241 38577.4
0.20242 38577.4
0.20243 38577.4
0.20244 38577.4
0.20245 38577.4
0.20246 38577.4
0.20247 38577.4
0.20248 38577.4
0.20249 38577.4
0.20250 38577.4
0.20251 38577.4
0.20252 38577.4
0.20253 38577.4
0.20254 38577.4
0.20255 38577.4
0.20256 38577.4
0.20257 38577.4
0.20258 38577.4
0.20259 38577.4
0.20260 38577.4
0.20261 38577.4
0.20262 38577.4
0.20263 38577.4
0.20264 38577.4
0.20265 38577.4
0.20266 38577.4
0.20267 38577.4
0.20268 38577.4
0.20269 38577.4
0.20270 38577.4
0.20271 38577.4
0.20272 38577.4
0.20273 38577.4
0.20274 38577.4
0.20275 38577.4
0.20276 38577.4
0.20277 38577.4
0.20278 38577.4
0.20279 38577.4
0.20280 38577.4
0.20281 38577.4
0.20282 38577.4
0.20283 38577.4
0.20284 38577.4
0.20285 38577.4
0.20286 38577.4
0.20287 38577.4
0.20288 38577.4
0.20289 38577.4
0.20290 38577.4
0.20291 38577.4
0.20292 38577.4
0.20293 38577.4
0.20294 38577.4
0.20295 38577.4
0.20296 38577.4
0.20297 38577.4
0.20298 38577.4
0.20299 38577.4
0.20300 38577.4
0.20301 38577.4
0.20302 38577.4
0.20303 38577.4
0.20304 38577.4
0.20305 38577.4
0.20306 38577.4
0.20307 38577.4
0.20308 38577.4
0.20309 38577.4
0.20310 38577.4
0.20311 38577.4
0.20312 38577.4
0.20313 38577.4
0.20314 38577.4
0.20315 38577.4
0.20316 38577.4
0.20317 38577.4
0.20318 38577.4
0.20319 38577.4
0.20320 38577.4
0.20321 38577.4
0.20322 38577.4
0.20323 38577.4
0.20324 38577.4
0.20325 38577.4
0.20326 38577.4
0.20327 38577.4
0.20328 38577.4
0.20329 38577.4
0.20330 38577.4
0.20331 38577.4
0.20332 38577.4
0.20333 38577.4
0.20334 38577.4
0.20335 38577.4
0.20336 38577.4
0.20337 38577.4
0.20338 38577.4
0.20339 38577.4
0.20340 38577.4
0.20341 38577.4
0.20342 38577.4
0.20343 38577.4
0.20344 38577.4
0.20345 38577.4
0.20346 38577.4
0.20347 38577.4
0.20348 38577.4
0.20349 38577.4
0.20350 38577.4
0.20351 38577.4
0.20352 38577.4
0.20353 38577.4
0.20354 38577.4
0.20355 38577.4
0.20356 38577.4
0.20357 38577.4
0.20358 38577.4
0.20359 38577.4
0.20360 38577.4
0.20361 38577.4
0.20362 38577.4
0.20363 38577.4
0.20364 38577.4
0.20365 38577.4
0.20366 38577.4
0.20367 38577.4
0.20368 38577.4
0.20369 38577.4
0.20370 38577.4
0.20371 38577.4
0.20372 38577.4
0.20373 38577.4
0.20374 38577.4
0.20375 38577.4
0.20376 38577.4
0.20377 38577.4
0.20378 38577.4
0.20379 38577.4
0.20380 38577.4
0.20381 38577.4
0.20382 38577.4
0.20383 38577.4
0.20384 38577.4
0.20385 38577.4
0.20386 38577.4
0.20387 38577.4
0.20388 38577.4
0.20389 38577.4
0.20390 38577.4
0.20391 38577.4
0.20392 38577.4
0.20393 38577.4
0.20394 38577.4
0.20395 38577.4
0.20396 38577.4
0.20397 38577.4
0.20398 38577.4
0.20399 38577.4
0.20400 38577.4
0.20401 38577.4
0.20402 38577.4
0.20403 38577.4
0.20404 38577.4
0.20405 38577.4
0.20406 38577.4
0.20407 38577.4
0.20408 38577.4
0.20409 38577.4
0.20410 38577.4
0.20411 38577.4
0.20412 38577.4
0.20413 38577.4
0.20414 38577.4
0.20415 38577.4
0.20416 38577.4
0.20417 38577.4
0.20418 38577.4
0.20419 38577.4
0.20420 38577.4
0.20421 38577.4
0.20422 38577.4
0.20423 38577.4
0.20424 38577.4
0.20425 38577.4
0.20426 38577.4
0.20427 38577.4
0.20428 38577.4
0.20429 38577.4
0.20430 38577.4
0.20431 38577.4
0.20432 38577.4
0.20433 38577.4
0.20434 38577.4
0.20435 38577.4
0.20436 38577.4
0.20437 38577.4
0.20438 38577.4
0.20439 38577.4
0.20440 38577.4
0.20441 38577.4
0.20442 38577.4
0.20443 38577.4
0.20444 38577.4
0.20445 38577.4
0.20446 38577.4
0.20447 38577.4
0.20448 38577.4
0.20449 38577.4
0.20450 38577.4
0.20451 38577.4
0.20452 38577.4
0.20453 38577.4
0.20454 38577.4
0.20455 38577.4
0.20456 38577.4
0.20457 38577.4
0.20458 38577.4
0.20459 38577.4
0.20460 38577.4
0.20461 38577.4
0.20462 38577.4
0.20463 38577.4
0.20464 38577.4
0.20465 38577.4
0.20466 38577.4
0.20467 38577.4
0.20468 38577.4
0.20469 38577.4
0.20470 38577.4
0.20471 38577.4
0.20472 38577.4
0.20473 38577.4
0.20474 38577.4
0.20475 38577.4
0.20476 38577.4
0.20477 38577.4
0.20478 38577.4
0.20479 38577.4
0.20480 38577.4
0.20481 38577.4
0.20482 38577.4
0.20483 38577.4
0.20484 38577.4
0.20485 38577.4
0.20486 38577.4
0.20487 38577.4
0.20488 38577.4
0.20489 38577.4
0.20490 38577.4
0.20491 38577.4
0.20492 38577.4
0.20493 38577.4
0.20494 38577.4
0.20495 38577.4
0.20496 38577.4
0.20497 38577.4
0.20498 38577.4
0.20499 38577.4
0.20500 38577.4
0.20501 38577.4
0.20502 38577.4
0.20503 38577.4
0.20504 38577.4
0.20505 38577.4
0.20506 38577.4
0.20507 38577.4
0.20508 38577.4
0.20509 38577.4
0.20510 38577.4
0.20511 38577.4
0.20512 38577.4
0.20513 38577.4
0.20514 38577.4
0.20515 38577.4
0.20516 38577.4
0.20517 38577.4
0.20518 38577.4
0.20519 38577.4
0.20520 38577.4
0.20521 38577.4
0.20522 38577.4
0.20523 38577.4
0.20524 38577.4
0.20525 38577.4
0.20526 38577.4
0.20527 38577.4
0.20528 38577.4
0.20529 38577.4
0.20530 38577.4
0.20531 38577.4
0.20532 38577.4
0.20533 38577.4
0.20534 38577.4
0.20535 38577.4
0.20536 38577.4
0.20537 38577.4
0.20538 38577.4
0.20539 38577.4
0.20540 38577.4
0.20541 38577.4
0.20542 38577.4
0.20543 38577.4
0.20544 38577.4
0.20545 38577.4
0.20546 38577.4
0.20547 38577.4
0.20548 38577.4
0.20549 38577.4
0.20550 38577.4
0.20551 38577.4
0.20552 38577.4
0.20553 38577.4
0.20554 38577.4
0.20555 38577.4
0.20556 38577.4
0.20557 38577.4
0.20558 38577.4
0.20559 38577.4
0.20560 38577.4
0.20561 38577.4
0.20562 38577.4
0.20563 38577.4
0.20564 38577.4
0.20565 38577.4
0.20566 38577.4
0.20567 38577.4
0.20568 38577.4
0.20569 38577.4
0.20570 38577.4
0.20571 38577.4
0.20572 38577.4
0.20573 38577.4
0.20574 38577.4
0.20575 38577.4
0.20576 38577.4
0.20577 38577.4
0.20578 38577.4
0.20579 38577.4
0.20580 38577.4
0.20581 38577.4
0.20582 38577.4
0.20583 38577.4
0.20584 38577.4
0.20585 38577.4
0.20586 38577.4
0.20587 38577.4
0.20588 38577.4
0.20589 38577.4
0.20590 38577.4
0.20591 38577.4
0.20592 38577.4
0.20593 38577.4
0.20594 38577.4
0.20595 38577.4
0.20596 38577.4
0.20597 38577.4
0.20598 38577.4
0.20599 38577.4
0.20600 38577.4
0.20601 38577.4
0.20602 38577.4
0.20603 38577.4
0.20604 38577.4
0.20605 38577.4
0.20606 38577.4
0.20607 38577.4
0.20608 38577.4
0.20609 38577.4
0.20610 38577.4
0.20611 38577.4
0.20612 38577.4
0.20613 38577.4
0.20614 38577.4
0.20615 38577.4
0.20616 38577.4
0.20617 38577.4
0.20618 38577.4
0.20619 38577.4
0.20620 38577.4
0.20621 38577.4
0.20622 38577.4
0.20623 38577.4
0.20624 38577.4
0.20625 38577.4
0.20626 38577.4
0.20627 38577.4
0.20628 38577.4
0.20629 38577.4
0.20630 38577.4
0.20631 38577.4
0.20632 38577.4
0.20633 38577.4
0.20634 38577.4
0.20635 38577.4
0.20636 38577.4
0.20637 38577.4
0.20638 38577.4
0.20639 38577.4
0.20640 38577.4
0.20641 38577.4
0.20642 38577.4
0.20643 38577.4
0.20644 38577.4
0.20645 38577.4
0.20646 38577.4
0.20647 38577.4
0.20648 38577.4
0.20649 38577.4
0.20650 38577.4
0.20651 38577.4
0.20652 38577.4
0.20653 38577.4
0.20654 38577.4
0.20655 38577.4
0.20656 38577.4
0.20657 38577.4
0.20658 38577.4
0.20659 38577.4
0.20660 38577.4
0.20661 38577.4
0.20662 38577.4
0.20663 38577.4
0.20664 38577.4
0.20665 38577.4
0.20666 38577.4
0.20667 38577.4
0.20668 38577.4
0.20669 38577.4
0.20670 38577.4
0.20671 38577.4
0.20672 38577.4
0.20673 38577.4
0.20674 38577.4
0.20675 38577.4
0.20676 38577.4
0.20677 38577.4
0.20678 38577.4
0.20679 38577.4
0.20680 38577.4
0.20681 38577.4
0.20682 38577.4
0.20683 38577.4
0.20684 38577.4
0.20685 38577.4
0.20686 38577.4
0.20687 38577.4
0.20688 38577.4
0.20689 38577.4
0.20690 38577.4
0.20691 38577.4
0.20692 38577.4
0.20693 38577.4
0.20694 38577.4
0.20695 38577.4
0.20696 38577.4
0.20697 38577.4
0.20698 38577.4
0.20699 38577.4
0.20700 38577.4
0.20701 38577.4
0.20702 38577.4
0.20703 38577.4
0.20704 38577.4
0.20705 38577.4
0.20706 38577.4
0.20707 38577.4
0.20708 38577.4
0.20709 38577.4
0.20710 38577.4
0.20711 38577.4
0.20712 38577.4
0.20713 38577.4
0.20714 38577.4
0.20715 38577.4
0.20716 38577.4
0.20717 38577.4
0.20718 38577.4
0.20719 38577.4
0.20720 38577.4
0.20721 38577.4
0.20722 38577.4
0.20723 38577.4
0.20724 38577.4
0.20725 38577.4
0.20726 38577.4
0.20727 38577.4
0.20728 38577.4
0.20729 38577.4
0.20730 38577.4
0.20731 38577.4
0.20732 38577.4
0.20733 38577.4
0.20734 38577.4
0.20735 38577.4
0.20736 38577.4
0.20737 38577.4
0.20738 38577.4
0.20739 38577.4
0.20740 38577.4
0.20741 38577.4
0.20742 38577.4
0.20743 38577.4
0.20744 38577.4
0.20745 38577.4
0.20746 38577.4
0.20747 38577.4
0.20748 38577.4
0.20749 38577.4
0.20750 38577.4
0.20751 38577.4
0.20752 38577.4
0.20753 38577.4
0.20754 38577.4
0.20755 38577.4
0.20756 38577.4
0.20757 38577.4
0.20758 38577.4
0.20759 38577.4
0.20760 38577.4
0.20761 38577.4
0.20762 38577.4
0.20763 38577.4
0.20764 38577.4
0.20765 38577.4
0.20766 38577.4
0.20767 38577.4
0.20768 38577.4
0.20769 38577.4
0.20770 38577.4
0.20771 38577.4
0.20772 38577.4
0.20773 38577.4
0.20774 38577.4
0.20775 38577.4
0.20776 38577.4
0.20777 38577.4
0.20778 38577.4
0.20779 38577.4
0.20780 38577.4
0.20781 38577.4
0.20782 38577.4
0.20783 38577.4
0.20784 38577.4
0.20785 38577.4
0.20786 38577.4
0.20787 38577.4
0.20788 38577.4
0.20789 38577.4
0.20790 38577.4
0.20791 38577.4
0.20792 38577.4
0.20793 38577.4
0.20794 38577.4
0.20795 38577.4
0.20796 38577.4
0.20797 38577.4
0.20798 38577.4
0.20799 38577.4
0.20800 38577.4
0.20801 38577.4
0.20802 38577.4
0.20803 38577.4
0.20804 38577.4
0.20805 38577.4
0.20806 38577.4
0.20807 38577.4
0.20808 38577.4
0.20809 38577.4
0.20810 38577.4
0.20811 38577.4
0.20812 38577.4
0.20813 38577.4
0.20814 38577.4
0.20815 38577.4
0.20816 38577.4
0.20817 38577.4
0.20818 38577.4
0.20819 38577.4
0.20820 38577.4
0.20821 38577.4
0.20822 38577.4
0.20823 38577.4
0.20824 38577.4
0.20825 38577.4
0.20826 38577.4
0.20827 38577.4
0.20828 38577.4
0.20829 38577.4
0.20830 38577.4
0.20831 38577.4
0.20832 38577.4
0.20833 38577.4
0.20834 38577.4
0.20835 38577.4
0.20836 38577.4
0.20837 38577.4
0.20838 38577.4
0.20839 38577.4
0.20840 38577.4
0.20841 38577.4
0.20842 38577.4
0.20843 38577.4
0.20844 38577.4
0.20845 38577.4
0.20846 38577.4
0.20847 38577.4
0.20848 38577.4
0.20849 38577.4
0.20850 38577.4
0.20851 38577.4
0.20852 38577.4
0.20853 38577.4
0.20854 38577.4
0.20855 38577.4
0.20856 38577.4
0.20857 38577.4
0.20858 38577.4
0.20859 38577.4
0.20860 38577.4
0.20861 38577.4
0.20862 38577.4
0.20863 38577.4
0.20864 38577.4
0.20865 38577.4
0.20866 38577.4
0.20867 38577.4
0.20868 38577.4
0.20869 38577.4
0.20870 38577.4
0.20871 38577.4
0.20872 38577.4
0.20873 38577.4
0.20874 38577.4
0.20875 38577.4
0.20876 38577.4
0.20877 38577.4
0.20878 38577.4
0.20879 38577.4
0.20880 38577.4
0.20881 38577.4
0.20882 38577.4
0.20883 38577.4
0.20884 38577.4
0.20885 38577.4
0.20886 38577.4
0.20887 38577.4
0.20888 38577.4
0.20889 38577.4
0.20890 38577.4
0.20891 38577.4
0.20892 38577.4
0.20893 38577.4
0.20894 38577.4
0.20895 38577.4
0.20896 38577.4
0.20897 38577.4
0.20898 38577.4
0.20899 38577.4
0.20900 38577.4
0.20901 38577.4
0.20902 38577.4
0.20903 38577.4
0.20904 38577.4
0.20905 38577.4
0.20906 38577.4
0.20907 38577.4
0.20908 38577.4
0.20909 38577.4
0.20910 38577.4
0.20911 38577.4
0.20912 38577.4
0.20913 38577.4
0.20914 38577.4
0.20915 38577.4
0.20916 38577.4
0.20917 38577.4
0.20918 38577.4
0.20919 38577.4
0.20920 38577.4
0.20921 38577.4
0.20922 38577.4
0.20923 38577.4
0.20924 38577.4
0.20925 38577.4
0.20926 38577.4
0.20927 38577.4
0.20928 38577.4
0.20929 38577.4
0.20930 38577.4
0.20931 38577.4
0.20932 38577.4
0.20933 38577.4
0.20934 38577.4
0.20935 38577.4
0.20936 38577.4
0.20937 38577.4
0.20938 38577.4
0.20939 38577.4
0.20940 38577.4
0.20941 38577.4
0.20942 38577.4
0.20943 38577.4
0.20944 38577.4
0.20945 38577.4
0.20946 38577.4
0.20947 38577.4
0.20948 38577.4
0.20949 38577.4
0.20950 38577.4
0.20951 38577.4
0.20952 38577.4
0.20953 38577.4
0.20954 38577.4
0.20955 38577.4
0.20956 38577.4
0.20957 38577.4
0.20958 38577.4
0.20959 38577.4
0.20960 38577.4
0.20961 38577.4
0.20962 38577.4
0.20963 38577.4
0.20964 38577.4
0.20965 38577.4
0.20966 38577.4
0.20967 38577.4
0.20968 38577.4
0.20969 38577.4
0.20970 38577.4
0.20971 38577.4
0.20972 38577.4
0.20973 38577.4
0.20974 38577.4
0.20975 38577.4
0.20976 38577.4
0.20977 38577.4
0.20978 38577.4
0.20979 38577.4
0.20980 38577.4
0.20981 38577.4
0.20982 38577.4
0.20983 38577.4
0.20984 38577.4
0.20985 38577.4
0.20986 38577.4
0.20987 38577.4
0.20988 38577.4
0.20989 38577.4
0.20990 38577.4
0.20991 38577.4
0.20992 38577.4
0.20993 38577.4
0.20994 38577.4
0.20995 38577.4
0.20996 38577.4
0.20997 38577.4
0.20998 38577.4
0.20999 38577.4
0.21000 38577.4
