0.00000 1018.8
0.00001 1018.8
0.00002 1018.8
0.00003 1018.8
0.00004 1018.8
0.00005 1018.8
0.00006 1018.8
0.00007 1018.8
0.00008 1018.8
0.00009 1018.8
0.00010 1018.8
0.00011 1018.8
0.00012 1018.8
0.00013 1018.8
0.00014 1018.8
0.00015 1018.8
0.00016 1018.8
0.00017 1018.8
0.00018 1018.8
0.00019 1018.8
0.00020 1018.8
0.00021 1018.8
0.00022 1018.8
0.00023 1018.8
0.00024 1018.8
0.00025 1018.8
0.00026 1018.8
0.00027 1018.8
0.00028 1018.8
0.00029 1018.8
0.00030 1018.8
0.00031 1018.8
0.00032 1018.8
0.00033 1018.8
0.00034 1018.8
0.00035 1018.8
0.00036 1018.8
0.00037 1018.8
0.00038 1018.8
0.00039 1018.8
0.00040 1018.8
0.00041 1018.8
0.00042 1018.8
0.00043 1018.8
0.00044 1018.8
0.00045 1018.8
0.00046 1018.8
0.00047 1018.8
0.00048 1018.8
0.00049 1018.8
0.00050 1018.8
0.00051 1018.8
0.00052 1018.8
0.00053 1018.8
0.00054 1018.8
0.00055 1018.8
0.00056 1018.8
0.00057 1018.8
0.00058 1018.8
0.00059 1018.8
0.00060 1018.8
0.00061 1018.8
0.00062 1018.8
0.00063 1018.8
0.00064 1018.8
0.00065 1018.8
0.00066 1018.8
0.00067 1018.8
0.00068 1018.8
0.00069 1018.8
0.00070 1018.8
0.00071 1018.8
0.00072 1018.8
0.00073 1018.8
0.00074 1018.8
0.00075 1018.8
0.00076 1018.8
0.00077 1018.8
0.00078 1018.8
0.00079 1018.8
0.00080 1018.8
0.00081 1018.8
0.00082 1018.8
0.00083 1018.8
0.00084 1018.8
0.00085 1018.8
0.00086 1018.8
0.00087 1018.8
0.00088 1018.8
0.00089 1018.8
0.00090 1018.8
0.00091 1018.8
0.00092 1018.8
0.00093 1018.8
0.00094 1018.8
0.00095 1018.8
0.00096 1018.8
0.00097 1018.8
0.00098 1018.8
0.00099 1018.8
0.00100 1018.8
0.00101 1037.4
0.00102 1056.2
0.00103 1075.4
0.00104 1094.8
0.00105 1114.5
0.00106 1134.5
0.00107 1154.8
0.00108 1175.4
0.00109 1196.3
0.00110 1217.5
0.00111 1239.0
0.00112 1260.9
0.00113 1283.0
0.00114 1305.5
0.00115 1328.4
0.00116 1351.6
0.00117 1375.1
0.00118 1399.1
0.00119 1423.3
0.00120 1448.0
0.00121 1473.1
0.00122 1498.6
0.00123 1524.5
0.00124 1550.9
0.00125 1577.7
0.00126 1605.1
0.00127 1632.9
0.00128 1661.4
0.00129 1690.5
0.00130 1720.2
0.00131 1750.6
0.00132 1781.9
0.00133 1814.0
0.00134 1847.1
0.00135 1881.2
0.00136 1916.6
0.00137 1953.3
0.00138 1991.6
0.00139 2031.6
0.00140 2073.7
0.00141 2118.0
0.00142 2164.9
0.00143 2214.9
0.00144 2268.5
0.00145 2326.1
0.00146 2388.6
0.00147 2456.8
0.00148 2531.6
0.00149 2614.3
0.00150 2706.4
0.00151 2759.8
0.00152 2823.8
0.00153 2900.0
0.00154 2990.1
0.00155 3096.1
0.00156 3220.5
0.00157 3366.1
0.00158 3536.0
0.00159 3733.9
0.00160 3963.5
0.00161 4228.2
0.00162 4530.7
0.00163 4871.5
0.00164 5248.3
0.00165 5653.7
0.00166 6075.8
0.00167 6498.1
0.00168 6903.3
0.00169 7276.3
0.00170 7607.5
0.00171 7893.0
0.00172 8133.4
0.00173 8332.1
0.00174 8493.5
0.00175 8622.5
0.00176 8723.1
0.00177 8799.2
0.00178 8853.7
0.00179 8889.3
0.00180 8908.0
0.00181 8911.7
0.00182 8901.7
0.00183 8879.2
0.00184 8845.3
0.00185 8800.7
0.00186 8746.1
0.00187 8682.3
0.00188 8609.7
0.00189 8528.8
0.00190 8440.1
0.00191 8344.0
0.00192 8240.9
0.00193 8131.3
0.00194 8015.5
0.00195 7894.1
0.00196 7767.3
0.00197 7635.6
0.00198 7499.5
0.00199 7359.5
0.00200 7215.9
0.00201 7069.2
0.00202 6920.0
0.00203 6768.6
0.00204 6615.6
0.00205 6461.4
0.00206 6306.5
0.00207 6151.3
0.00208 5996.2
0.00209 5841.8
0.00210 5688.3
0.00211 5536.2
0.00212 5385.8
0.00213 5237.5
0.00214 5091.4
0.00215 4948.1
0.00216 4807.5
0.00217 4670.1
0.00218 4535.9
0.00219 4405.1
0.00220 4277.9
0.00221 4154.4
0.00222 4034.6
0.00223 3918.6
0.00224 3806.5
0.00225 3698.1
0.00226 3593.6
0.00227 3492.9
0.00228 3395.9
0.00229 3302.6
0.00230 3213.0
0.00231 3126.9
0.00232 3044.2
0.00233 2964.9
0.00234 2888.8
0.00235 2815.9
0.00236 2746.0
0.00237 2679.0
0.00238 2614.8
0.00239 2553.4
0.00240 2494.5
0.00241 2438.0
0.00242 2384.0
0.00243 2332.1
0.00244 2282.5
0.00245 2234.9
0.00246 2189.2
0.00247 2145.4
0.00248 2103.4
0.00249 2063.0
0.00250 2024.3
0.00251 1987.0
0.00252 1951.2
0.00253 1916.8
0.00254 1883.8
0.00255 1851.9
0.00256 1821.3
0.00257 1791.8
0.00258 1763.3
0.00259 1735.9
0.00260 1709.5
0.00261 1684.1
0.00262 1659.5
0.00263 1635.8
0.00264 1612.9
0.00265 1590.9
0.00266 1569.6
0.00267 1549.0
0.00268 1529.1
0.00269 1509.9
0.00270 1491.4
0.00271 1473.5
0.00272 1456.2
0.00273 1439.5
0.00274 1423.4
0.00275 1407.8
0.00276 1392.8
0.00277 1378.3
0.00278 1364.2
0.00279 1350.7
0.00280 1337.6
0.00281 1325.0
0.00282 1312.8
0.00283 1301.1
0.00284 1289.7
0.00285 1278.8
0.00286 1268.2
0.00287 1258.0
0.00288 1248.2
0.00289 1238.7
0.00290 1229.6
0.00291 1220.7
0.00292 1212.2
0.00293 1204.0
0.00294 1196.1
0.00295 1188.5
0.00296 1181.1
0.00297 1174.0
0.00298 1167.2
0.00299 1160.6
0.00300 1154.2
0.00301 1148.1
0.00302 1142.2
0.00303 1136.5
0.00304 1130.9
0.00305 1125.6
0.00306 1120.5
0.00307 1115.5
0.00308 1110.8
0.00309 1106.1
0.00310 1101.7
0.00311 1097.4
0.00312 1093.2
0.00313 1089.2
0.00314 1085.3
0.00315 1081.6
0.00316 1078.0
0.00317 1074.5
0.00318 1071.1
0.00319 1067.8
0.00320 1064.6
0.00321 1061.6
0.00322 1058.6
0.00323 1055.8
0.00324 1053.0
0.00325 1050.3
0.00326 1047.7
0.00327 1045.2
0.00328 1042.8
0.00329 1040.4
0.00330 1038.2
0.00331 1036.0
0.00332 1033.8
0.00333 1031.8
0.00334 1029.8
0.00335 1027.8
0.00336 1025.9
0.00337 1024.1
0.00338 1022.3
0.00339 1020.6
0.00340 1019.0
0.00341 1017.3
0.00342 1015.8
0.00343 1014.3
0.00344 1012.8
0.00345 1011.4
0.00346 1010.0
0.00347 1008.6
0.00348 1007.3
0.00349 1006.1
0.00350 1004.8
0.00351 1003.6
0.00352 1002.5
0.00353 1001.3
0.00354 1000.3
0.00355 999.2
0.00356 998.2
0.00357 997.2
0.00358 996.2
0.00359 995.2
0.00360 994.3
0.00361 993.4
0.00362 992.5
0.00363 991.7
0.00364 990.9
0.00365 990.1
0.00366 989.3
0.00367 988.5
0.00368 987.8
0.00369 987.1
0.00370 986.4
0.00371 985.7
0.00372 985.1
0.00373 984.4
0.00374 983.8
0.00375 983.2
0.00376 982.6
0.00377 982.0
0.00378 981.5
0.00379 980.9
0.00380 980.4
0.00381 979.9
0.00382 979.4
0.00383 978.9
0.00384 978.4
0.00385 978.0
0.00386 977.5
0.00387 977.1
0.00388 976.6
0.00389 976.2
0.00390 975.8
0.00391 975.4
0.00392 975.0
0.00393 974.7
0.00394 974.3
0.00395 974.0
0.00396 973.6
0.00397 973.3
0.00398 972.9
0.00399 972.6
0.00400 972.3
0.00401 972.0
0.00402 971.7
0.00403 971.4
0.00404 971.1
0.00405 970.9
0.00406 970.6
0.00407 970.3
0.00408 970.1
0.00409 969.8
0.00410 969.6
0.00411 969.4
0.00412 969.1
0.00413 968.9
0.00414 968.7
0.00415 968.5
0.00416 968.3
0.00417 968.1
0.00418 967.9
0.00419 967.7
0.00420 967.5
0.00421 967.3
0.00422 967.2
0.00423 967.0
0.00424 966.8
0.00425 966.7
0.00426 966.5
0.00427 966.4
0.00428 966.2
0.00429 966.1
0.00430 965.9
0.00431 965.8
0.00432 965.7
0.00433 965.5
0.00434 965.4
0.00435 965.3
0.00436 965.2
0.00437 965.0
0.00438 964.9
0.00439 964.8
0.00440 964.7
0.00441 964.6
0.00442 964.5
0.00443 964.4
0.00444 964.3
0.00445 964.2
0.00446 964.1
0.00447 964.0
0.00448 963.9
0.00449 963.9
0.00450 963.8
0.00451 963.7
0.00452 963.6
0.00453 963.6
0.00454 963.5
0.00455 963.4
0.00456 963.4
0.00457 963.3
0.00458 963.2
0.00459 963.2
0.00460 963.1
0.00461 963.1
0.00462 963.0
0.00463 962.9
0.00464 962.9
0.00465 962.8
0.00466 962.8
0.00467 962.8
0.00468 962.7
0.00469 962.7
0.00470 962.6
0.00471 962.6
0.00472 962.6
0.00473 962.5
0.00474 962.5
0.00475 962.4
0.00476 962.4
0.00477 962.4
0.00478 962.4
0.00479 962.3
0.00480 962.3
0.00481 962.3
0.00482 962.3
0.00483 962.2
0.00484 962.2
0.00485 962.2
0.00486 962.2
0.00487 962.2
0.00488 962.1
0.00489 962.1
0.00490 962.1
0.00491 962.1
0.00492 962.1
0.00493 962.1
0.00494 962.1
0.00495 962.1
0.00496 962.0
0.00497 962.0
0.00498 962.0
0.00499 962.0
0.00500 962.0
0.00501 962.0
0.00502 962.0
0.00503 962.0
0.00504 962.0
0.00505 962.0
0.00506 962.0
0.00507 962.0
0.00508 962.0
0.00509 962.0
0.00510 962.0
0.00511 962.0
0.00512 962.0
0.00513 962.0
0.00514 962.1
0.00515 962.1
0.00516 962.1
0.00517 962.1
0.00518 962.1
0.00519 962.1
0.00520 962.1
0.00521 962.1
0.00522 962.1
0.00523 962.1
0.00524 962.2
0.00525 962.2
0.00526 962.2
0.00527 962.2
0.00528 962.2
0.00529 962.2
0.00530 962.3
0.00531 962.3
0.00532 962.3
0.00533 962.3
0.00534 962.3
0.00535 962.3
0.00536 962.4
0.00537 962.4
0.00538 962.4
0.00539 962.4
0.00540 962.5
0.00541 962.5
0.00542 962.5
0.00543 962.5
0.00544 962.5
0.00545 962.6
0.00546 962.6
0.00547 962.6
0.00548 962.6
0.00549 962.7
0.00550 962.7
0.00551 962.7
0.00552 962.8
0.00553 962.8
0.00554 962.8
0.00555 962.8
0.00556 962.9
0.00557 962.9
0.00558 962.9
0.00559 963.0
0.00560 963.0
0.00561 963.0
0.00562 963.0
0.00563 963.1
0.00564 963.1
0.00565 963.1
0.00566 963.2
0.00567 963.2
0.00568 963.2
0.00569 963.3
0.00570 963.3
0.00571 963.3
0.00572 963.4
0.00573 963.4
0.00574 963.4
0.00575 963.5
0.00576 963.5
0.00577 963.6
0.00578 963.6
0.00579 963.6
0.00580 963.7
0.00581 963.7
0.00582 963.7
0.00583 963.8
0.00584 963.8
0.00585 963.8
0.00586 963.9
0.00587 963.9
0.00588 964.0
0.00589 964.0
0.00590 964.0
0.00591 964.1
0.00592 964.1
0.00593 964.2
0.00594 964.2
0.00595 964.2
0.00596 964.3
0.00597 964.3
0.00598 964.4
0.00599 964.4
0.00600 964.4
0.00601 964.5
0.00602 964.5
0.00603 964.6
0.00604 964.6
0.00605 964.7
0.00606 964.7
0.00607 964.7
0.00608 964.8
0.00609 964.8
0.00610 964.9
0.00611 964.9
0.00612 965.0
0.00613 965.0
0.00614 965.0
0.00615 965.1
0.00616 965.1
0.00617 965.2
0.00618 965.2
0.00619 965.3
0.00620 965.3
0.00621 965.4
0.00622 965.4
0.00623 965.4
0.00624 965.5
0.00625 965.5
0.00626 965.6
0.00627 965.6
0.00628 965.7
0.00629 965.7
0.00630 965.8
0.00631 965.8
0.00632 965.9
0.00633 965.9
0.00634 966.0
0.00635 966.0
0.00636 966.1
0.00637 966.1
0.00638 966.1
0.00639 966.2
0.00640 966.2
0.00641 966.3
0.00642 966.3
0.00643 966.4
0.00644 966.4
0.00645 966.5
0.00646 966.5
0.00647 966.6
0.00648 966.6
0.00649 966.7
0.00650 966.7
0.00651 966.8
0.00652 966.8
0.00653 966.9
0.00654 966.9
0.00655 967.0
0.00656 967.0
0.00657 967.1
0.00658 967.1
0.00659 967.2
0.00660 967.2
0.00661 967.3
0.00662 967.3
0.00663 967.4
0.00664 967.4
0.00665 967.5
0.00666 967.5
0.00667 967.6
0.00668 967.6
0.00669 967.7
0.00670 967.7
0.00671 967.8
0.00672 967.8
0.00673 967.9
0.00674 967.9
0.00675 968.0
0.00676 968.1
0.00677 968.1
0.00678 968.2
0.00679 968.2
0.00680 968.3
0.00681 968.3
0.00682 968.4
0.00683 968.4
0.00684 968.5
0.00685 968.5
0.00686 968.6
0.00687 968.6
0.00688 968.7
0.00689 968.7
0.00690 968.8
0.00691 968.8
0.00692 968.9
0.00693 968.9
0.00694 969.0
0.00695 969.1
0.00696 969.1
0.00697 969.2
0.00698 969.2
0.00699 969.3
0.00700 969.3
0.00701 969.4
0.00702 969.4
0.00703 969.5
0.00704 969.5
0.00705 969.6
0.00706 969.6
0.00707 969.7
0.00708 969.8
0.00709 969.8
0.00710 969.9
0.00711 969.9
0.00712 970.0
0.00713 970.0
0.00714 970.1
0.00715 970.1
0.00716 970.2
0.00717 970.2
0.00718 970.3
0.00719 970.4
0.00720 970.4
0.00721 970.5
0.00722 970.5
0.00723 970.6
0.00724 970.6
0.00725 970.7
0.00726 970.7
0.00727 970.8
0.00728 970.9
0.00729 970.9
0.00730 971.0
0.00731 971.0
0.00732 971.1
0.00733 971.1
0.00734 971.2
0.00735 971.2
0.00736 971.3
0.00737 971.4
0.00738 971.4
0.00739 971.5
0.00740 971.5
0.00741 971.6
0.00742 971.6
0.00743 971.7
0.00744 971.7
0.00745 971.8
0.00746 971.9
0.00747 971.9
0.00748 972.0
0.00749 972.0
0.00750 972.1
0.00751 972.1
0.00752 972.2
0.00753 972.3
0.00754 972.3
0.00755 972.4
0.00756 972.4
0.00757 972.5
0.00758 972.5
0.00759 972.6
0.00760 972.6
0.00761 972.7
0.00762 972.8
0.00763 972.8
0.00764 972.9
0.00765 972.9
0.00766 973.0
0.00767 973.0
0.00768 973.1
0.00769 973.2
0.00770 973.2
0.00771 973.3
0.00772 973.3
0.00773 973.4
0.00774 973.4
0.00775 973.5
0.00776 973.6
0.00777 973.6
0.00778 973.7
0.00779 973.7
0.00780 973.8
0.00781 973.8
0.00782 973.9
0.00783 973.9
0.00784 974.0
0.00785 974.1
0.00786 974.1
0.00787 974.2
0.00788 974.2
0.00789 974.3
0.00790 974.3
0.00791 974.4
0.00792 974.5
0.00793 974.5
0.00794 974.6
0.00795 974.6
0.00796 974.7
0.00797 974.7
0.00798 974.8
0.00799 974.9
0.00800 974.9
0.00801 975.0
0.00802 975.0
0.00803 975.1
0.00804 975.1
0.00805 975.2
0.00806 975.3
0.00807 975.3
0.00808 975.4
0.00809 975.4
0.00810 975.5
0.00811 975.5
0.00812 975.6
0.00813 975.7
0.00814 975.7
0.00815 975.8
0.00816 975.8
0.00817 975.9
0.00818 975.9
0.00819 976.0
0.00820 976.1
0.00821 976.1
0.00822 976.2
0.00823 976.2
0.00824 976.3
0.00825 976.3
0.00826 976.4
0.00827 976.5
0.00828 976.5
0.00829 976.6
0.00830 976.6
0.00831 976.7
0.00832 976.7
0.00833 976.8
0.00834 976.9
0.00835 976.9
0.00836 977.0
0.00837 977.0
0.00838 977.1
0.00839 977.1
0.00840 977.2
0.00841 977.3
0.00842 977.3
0.00843 977.4
0.00844 977.4
0.00845 977.5
0.00846 977.5
0.00847 977.6
0.00848 977.6
0.00849 977.7
0.00850 977.8
0.00851 977.8
0.00852 977.9
0.00853 977.9
0.00854 978.0
0.00855 978.0
0.00856 978.1
0.00857 978.2
0.00858 978.2
0.00859 978.3
0.00860 978.3
0.00861 978.4
0.00862 978.4
0.00863 978.5
0.00864 978.6
0.00865 978.6
0.00866 978.7
0.00867 978.7
0.00868 978.8
0.00869 978.8
0.00870 978.9
0.00871 979.0
0.00872 979.0
0.00873 979.1
0.00874 979.1
0.00875 979.2
0.00876 979.2
0.00877 979.3
0.00878 979.3
0.00879 979.4
0.00880 979.5
0.00881 979.5
0.00882 979.6
0.00883 979.6
0.00884 979.7
0.00885 979.7
0.00886 979.8
0.00887 979.8
0.00888 979.9
0.00889 980.0
0.00890 980.0
0.00891 980.1
0.00892 980.1
0.00893 980.2
0.00894 980.2
0.00895 980.3
0.00896 980.4
0.00897 980.4
0.00898 980.5
0.00899 980.5
0.00900 980.6
0.00901 980.6
0.00902 980.7
0.00903 980.7
0.00904 980.8
0.00905 980.9
0.00906 980.9
0.00907 981.0
0.00908 981.0
0.00909 981.1
0.00910 981.1
0.00911 981.2
0.00912 981.2
0.00913 981.3
0.00914 981.4
0.00915 981.4
0.00916 981.5
0.00917 981.5
0.00918 981.6
0.00919 981.6
0.00920 981.7
0.00921 981.7
0.00922 981.8
0.00923 981.8
0.00924 981.9
0.00925 982.0
0.00926 982.0
0.00927 982.1
0.00928 982.1
0.00929 982.2
0.00930 982.2
0.00931 982.3
0.00932 982.3
0.00933 982.4
0.00934 982.4
0.00935 982.5
0.00936 982.6
0.00937 982.6
0.00938 982.7
0.00939 982.7
0.00940 982.8
0.00941 982.8
0.00942 982.9
0.00943 982.9
0.00944 983.0
0.00945 983.0
0.00946 983.1
0.00947 983.2
0.00948 983.2
0.00949 983.3
0.00950 983.3
0.00951 983.4
0.00952 983.4
0.00953 983.5
0.00954 983.5
0.00955 983.6
0.00956 983.6
0.00957 983.7
0.00958 983.7
0.00959 983.8
0.00960 983.9
0.00961 983.9
0.00962 984.0
0.00963 984.0
0.00964 984.1
0.00965 984.1
0.00966 984.2
0.00967 984.2
0.00968 984.3
0.00969 984.3
0.00970 984.4
0.00971 984.4
0.00972 984.5
0.00973 984.5
0.00974 984.6
0.00975 984.6
0.00976 984.7
0.00977 984.8
0.00978 984.8
0.00979 984.9
0.00980 984.9
0.00981 985.0
0.00982 985.0
0.00983 985.1
0.00984 985.1
0.00985 985.2
0.00986 985.2
0.00987 985.3
0.00988 985.3
0.00989 985.4
0.00990 985.4
0.00991 985.5
0.00992 985.5
0.00993 985.6
0.00994 985.6
0.00995 985.7
0.00996 985.7
0.00997 985.8
0.00998 985.9
0.00999 985.9
0.01000 986.0
0.01001 986.0
0.01002 986.1
0.01003 986.1
0.01004 986.2
0.01005 986.2
0.01006 986.3
0.01007 986.3
0.01008 986.4
0.01009 986.4
0.01010 986.5
0.01011 986.5
0.01012 986.6
0.01013 986.6
0.01014 986.7
0.01015 986.7
0.01016 986.8
0.01017 986.8
0.01018 986.9
0.01019 986.9
0.01020 987.0
0.01021 987.0
0.01022 987.1
0.01023 987.1
0.01024 987.2
0.01025 987.2
0.01026 987.3
0.01027 987.3
0.01028 987.4
0.01029 987.4
0.01030 987.5
0.01031 987.5
0.01032 987.6
0.01033 987.6
0.01034 987.7
0.01035 987.7
0.01036 987.8
0.01037 987.8
0.01038 987.9
0.01039 987.9
0.01040 988.0
0.01041 988.0
0.01042 988.1
0.01043 988.1
0.01044 988.2
0.01045 988.2
0.01046 988.3
0.01047 988.3
0.01048 988.4
0.01049 988.4
0.01050 988.5
0.01051 988.5
0.01052 988.6
0.01053 988.6
0.01054 988.7
0.01055 988.7
0.01056 988.8
0.01057 988.8
0.01058 988.9
0.01059 988.9
0.01060 989.0
0.01061 989.0
0.01062 989.1
0.01063 989.1
0.01064 989.2
0.01065 989.2
0.01066 989.3
0.01067 989.3
0.01068 989.3
0.01069 989.4
0.01070 989.4
0.01071 989.5
0.01072 989.5
0.01073 989.6
0.01074 989.6
0.01075 989.7
0.01076 989.7
0.01077 989.8
0.01078 989.8
0.01079 989.9
0.01080 989.9
0.01081 990.0
0.01082 990.0
0.01083 990.1
0.01084 990.1
0.01085 990.2
0.01086 990.2
0.01087 990.3
0.01088 990.3
0.01089 990.3
0.01090 990.4
0.01091 990.4
0.01092 990.5
0.01093 990.5
0.01094 990.6
0.01095 990.6
0.01096 990.7
0.01097 990.7
0.01098 990.8
0.01099 990.8
0.01100 990.9
0.01101 990.9
0.01102 991.0
0.01103 991.0
0.01104 991.0
0.01105 991.1
0.01106 991.1
0.01107 991.2
0.01108 991.2
0.01109 991.3
0.01110 991.3
0.01111 991.4
0.01112 991.4
0.01113 991.5
0.01114 991.5
0.01115 991.6
0.01116 991.6
0.01117 991.6
0.01118 991.7
0.01119 991.7
0.01120 991.8
0.01121 991.8
0.01122 991.9
0.01123 991.9
0.01124 992.0
0.01125 992.0
0.01126 992.0
0.01127 992.1
0.01128 992.1
0.01129 992.2
0.01130 992.2
0.01131 992.3
0.01132 992.3
0.01133 992.4
0.01134 992.4
0.01135 992.4
0.01136 992.5
0.01137 992.5
0.01138 992.6
0.01139 992.6
0.01140 992.7
0.01141 992.7
0.01142 992.8
0.01143 992.8
0.01144 992.8
0.01145 992.9
0.01146 992.9
0.01147 993.0
0.01148 993.0
0.01149 993.1
0.01150 993.1
0.01151 993.2
0.01152 993.2
0.01153 993.2
0.01154 993.3
0.01155 993.3
0.01156 993.4
0.01157 993.4
0.01158 993.5
0.01159 993.5
0.01160 993.5
0.01161 993.6
0.01162 993.6
0.01163 993.7
0.01164 993.7
0.01165 993.8
0.01166 993.8
0.01167 993.8
0.01168 993.9
0.01169 993.9
0.01170 994.0
0.01171 994.0
0.01172 994.1
0.01173 994.1
0.01174 994.1
0.01175 994.2
0.01176 994.2
0.01177 994.3
0.01178 994.3
0.01179 994.3
0.01180 994.4
0.01181 994.4
0.01182 994.5
0.01183 994.5
0.01184 994.6
0.01185 994.6
0.01186 994.6
0.01187 994.7
0.01188 994.7
0.01189 994.8
0.01190 994.8
0.01191 994.8
0.01192 994.9
0.01193 994.9
0.01194 995.0
0.01195 995.0
0.01196 995.0
0.01197 995.1
0.01198 995.1
0.01199 995.2
0.01200 995.2
0.01201 995.2
0.01202 995.3
0.01203 995.3
0.01204 995.4
0.01205 995.4
0.01206 995.5
0.01207 995.5
0.01208 995.5
0.01209 995.6
0.01210 995.6
0.01211 995.7
0.01212 995.7
0.01213 995.7
0.01214 995.8
0.01215 995.8
0.01216 995.9
0.01217 995.9
0.01218 995.9
0.01219 996.0
0.01220 996.0
0.01221 996.0
0.01222 996.1
0.01223 996.1
0.01224 996.2
0.01225 996.2
0.01226 996.2
0.01227 996.3
0.01228 996.3
0.01229 996.4
0.01230 996.4
0.01231 996.4
0.01232 996.5
0.01233 996.5
0.01234 996.6
0.01235 996.6
0.01236 996.6
0.01237 996.7
0.01238 996.7
0.01239 996.7
0.01240 996.8
0.01241 996.8
0.01242 996.9
0.01243 996.9
0.01244 996.9
0.01245 997.0
0.01246 997.0
0.01247 997.1
0.01248 997.1
0.01249 997.1
0.01250 997.2
0.01251 997.2
0.01252 997.2
0.01253 997.3
0.01254 997.3
0.01255 997.4
0.01256 997.4
0.01257 997.4
0.01258 997.5
0.01259 997.5
0.01260 997.5
0.01261 997.6
0.01262 997.6
0.01263 997.6
0.01264 997.7
0.01265 997.7
0.01266 997.8
0.01267 997.8
0.01268 997.8
0.01269 997.9
0.01270 997.9
0.01271 997.9
0.01272 998.0
0.01273 998.0
0.01274 998.1
0.01275 998.1
0.01276 998.1
0.01277 998.2
0.01278 998.2
0.01279 998.2
0.01280 998.3
0.01281 998.3
0.01282 998.3
0.01283 998.4
0.01284 998.4
0.01285 998.4
0.01286 998.5
0.01287 998.5
0.01288 998.6
0.01289 998.6
0.01290 998.6
0.01291 998.7
0.01292 998.7
0.01293 998.7
0.01294 998.8
0.01295 998.8
0.01296 998.8
0.01297 998.9
0.01298 998.9
0.01299 998.9
0.01300 999.0
0.01301 999.0
0.01302 999.0
0.01303 999.1
0.01304 999.1
0.01305 999.2
0.01306 999.2
0.01307 999.2
0.01308 999.3
0.01309 999.3
0.01310 999.3
0.01311 999.4
0.01312 999.4
0.01313 999.4
0.01314 999.5
0.01315 999.5
0.01316 999.5
0.01317 999.6
0.01318 999.6
0.01319 999.6
0.01320 999.7
0.01321 999.7
0.01322 999.7
0.01323 999.8
0.01324 999.8
0.01325 999.8
0.01326 999.9
0.01327 999.9
0.01328 999.9
0.01329 1000.0
0.01330 1000.0
0.01331 1000.0
0.01332 1000.1
0.01333 1000.1
0.01334 1000.1
0.01335 1000.2
0.01336 1000.2
0.01337 1000.2
0.01338 1000.3
0.01339 1000.3
0.01340 1000.3
0.01341 1000.4
0.01342 1000.4
0.01343 1000.4
0.01344 1000.5
0.01345 1000.5
0.01346 1000.5
0.01347 1000.6
0.01348 1000.6
0.01349 1000.6
0.01350 1000.7
0.01351 1000.7
0.01352 1000.7
0.01353 1000.7
0.01354 1000.8
0.01355 1000.8
0.01356 1000.8
0.01357 1000.9
0.01358 1000.9
0.01359 1000.9
0.01360 1001.0
0.01361 1001.0
0.01362 1001.0
0.01363 1001.1
0.01364 1001.1
0.01365 1001.1
0.01366 1001.2
0.01367 1001.2
0.01368 1001.2
0.01369 1001.3
0.01370 1001.3
0.01371 1001.3
0.01372 1001.3
0.01373 1001.4
0.01374 1001.4
0.01375 1001.4
0.01376 1001.5
0.01377 1001.5
0.01378 1001.5
0.01379 1001.6
0.01380 1001.6
0.01381 1001.6
0.01382 1001.7
0.01383 1001.7
0.01384 1001.7
0.01385 1001.7
0.01386 1001.8
0.01387 1001.8
0.01388 1001.8
0.01389 1001.9
0.01390 1001.9
0.01391 1001.9
0.01392 1002.0
0.01393 1002.0
0.01394 1002.0
0.01395 1002.0
0.01396 1002.1
0.01397 1002.1
0.01398 1002.1
0.01399 1002.2
0.01400 1002.2
0.01401 1002.2
0.01402 1002.3
0.01403 1002.3
0.01404 1002.3
0.01405 1002.3
0.01406 1002.4
0.01407 1002.4
0.01408 1002.4
0.01409 1002.5
0.01410 1002.5
0.01411 1002.5
0.01412 1002.5
0.01413 1002.6
0.01414 1002.6
0.01415 1002.6
0.01416 1002.7
0.01417 1002.7
0.01418 1002.7
0.01419 1002.7
0.01420 1002.8
0.01421 1002.8
0.01422 1002.8
0.01423 1002.9
0.01424 1002.9
0.01425 1002.9
0.01426 1002.9
0.01427 1003.0
0.01428 1003.0
0.01429 1003.0
0.01430 1003.1
0.01431 1003.1
0.01432 1003.1
0.01433 1003.1
0.01434 1003.2
0.01435 1003.2
0.01436 1003.2
0.01437 1003.3
0.01438 1003.3
0.01439 1003.3
0.01440 1003.3
0.01441 1003.4
0.01442 1003.4
0.01443 1003.4
0.01444 1003.4
0.01445 1003.5
0.01446 1003.5
0.01447 1003.5
0.01448 1003.6
0.01449 1003.6
0.01450 1003.6
0.01451 1003.6
0.01452 1003.7
0.01453 1003.7
0.01454 1003.7
0.01455 1003.7
0.01456 1003.8
0.01457 1003.8
0.01458 1003.8
0.01459 1003.9
0.01460 1003.9
0.01461 1003.9
0.01462 1003.9
0.01463 1004.0
0.01464 1004.0
0.01465 1004.0
0.01466 1004.0
0.01467 1004.1
0.01468 1004.1
0.01469 1004.1
0.01470 1004.1
0.01471 1004.2
0.01472 1004.2
0.01473 1004.2
0.01474 1004.2
0.01475 1004.3
0.01476 1004.3
0.01477 1004.3
0.01478 1004.3
0.01479 1004.4
0.01480 1004.4
0.01481 1004.4
0.01482 1004.5
0.01483 1004.5
0.01484 1004.5
0.01485 1004.5
0.01486 1004.6
0.01487 1004.6
0.01488 1004.6
0.01489 1004.6
0.01490 1004.7
0.01491 1004.7
0.01492 1004.7
0.01493 1004.7
0.01494 1004.8
0.01495 1004.8
0.01496 1004.8
0.01497 1004.8
0.01498 1004.9
0.01499 1004.9
0.01500 1004.9
0.01501 1004.9
0.01502 1005.0
0.01503 1005.0
0.01504 1005.0
0.01505 1005.0
0.01506 1005.1
0.01507 1005.1
0.01508 1005.1
0.01509 1005.1
0.01510 1005.2
0.01511 1005.2
0.01512 1005.2
0.01513 1005.2
0.01514 1005.2
0.01515 1005.3
0.01516 1005.3
0.01517 1005.3
0.01518 1005.3
0.01519 1005.4
0.01520 1005.4
0.01521 1005.4
0.01522 1005.4
0.01523 1005.5
0.01524 1005.5
0.01525 1005.5
0.01526 1005.5
0.01527 1005.6
0.01528 1005.6
0.01529 1005.6
0.01530 1005.6
0.01531 1005.7
0.01532 1005.7
0.01533 1005.7
0.01534 1005.7
0.01535 1005.7
0.01536 1005.8
0.01537 1005.8
0.01538 1005.8
0.01539 1005.8
0.01540 1005.9
0.01541 1005.9
0.01542 1005.9
0.01543 1005.9
0.01544 1006.0
0.01545 1006.0
0.01546 1006.0
0.01547 1006.0
0.01548 1006.0
0.01549 1006.1
0.01550 1006.1
0.01551 1006.1
0.01552 1006.1
0.01553 1006.2
0.01554 1006.2
0.01555 1006.2
0.01556 1006.2
0.01557 1006.2
0.01558 1006.3
0.01559 1006.3
0.01560 1006.3
0.01561 1006.3
0.01562 1006.4
0.01563 1006.4
0.01564 1006.4
0.01565 1006.4
0.01566 1006.4
0.01567 1006.5
0.01568 1006.5
0.01569 1006.5
0.01570 1006.5
0.01571 1006.6
0.01572 1006.6
0.01573 1006.6
0.01574 1006.6
0.01575 1006.6
0.01576 1006.7
0.01577 1006.7
0.01578 1006.7
0.01579 1006.7
0.01580 1006.8
0.01581 1006.8
0.01582 1006.8
0.01583 1006.8
0.01584 1006.8
0.01585 1006.9
0.01586 1006.9
0.01587 1006.9
0.01588 1006.9
0.01589 1006.9
0.01590 1007.0
0.01591 1007.0
0.01592 1007.0
0.01593 1007.0
0.01594 1007.1
0.01595 1007.1
0.01596 1007.1
0.01597 1007.1
0.01598 1007.1
0.01599 1007.2
0.01600 1007.2
0.01601 1007.2
0.01602 1007.2
0.01603 1007.2
0.01604 1007.3
0.01605 1007.3
0.01606 1007.3
0.01607 1007.3
0.01608 1007.3
0.01609 1007.4
0.01610 1007.4
0.01611 1007.4
0.01612 1007.4
0.01613 1007.4
0.01614 1007.5
0.01615 1007.5
0.01616 1007.5
0.01617 1007.5
0.01618 1007.5
0.01619 1007.6
0.01620 1007.6
0.01621 1007.6
0.01622 1007.6
0.01623 1007.6
0.01624 1007.7
0.01625 1007.7
0.01626 1007.7
0.01627 1007.7
0.01628 1007.7
0.01629 1007.8
0.01630 1007.8
0.01631 1007.8
0.01632 1007.8
0.01633 1007.8
0.01634 1007.9
0.01635 1007.9
0.01636 1007.9
0.01637 1007.9
0.01638 1007.9
0.01639 1008.0
0.01640 1008.0
0.01641 1008.0
0.01642 1008.0
0.01643 1008.0
0.01644 1008.1
0.01645 1008.1
0.01646 1008.1
0.01647 1008.1
0.01648 1008.1
0.01649 1008.1
0.01650 1008.2
0.01651 1008.2
0.01652 1008.2
0.01653 1008.2
0.01654 1008.2
0.01655 1008.3
0.01656 1008.3
0.01657 1008.3
0.01658 1008.3
0.01659 1008.3
0.01660 1008.4
0.01661 1008.4
0.01662 1008.4
0.01663 1008.4
0.01664 1008.4
0.01665 1008.4
0.01666 1008.5
0.01667 1008.5
0.01668 1008.5
0.01669 1008.5
0.01670 1008.5
0.01671 1008.6
0.01672 1008.6
0.01673 1008.6
0.01674 1008.6
0.01675 1008.6
0.01676 1008.6
0.01677 1008.7
0.01678 1008.7
0.01679 1008.7
0.01680 1008.7
0.01681 1008.7
0.01682 1008.8
0.01683 1008.8
0.01684 1008.8
0.01685 1008.8
0.01686 1008.8
0.01687 1008.8
0.01688 1008.9
0.01689 1008.9
0.01690 1008.9
0.01691 1008.9
0.01692 1008.9
0.01693 1008.9
0.01694 1009.0
0.01695 1009.0
0.01696 1009.0
0.01697 1009.0
0.01698 1009.0
0.01699 1009.0
0.01700 1009.1
0.01701 1009.1
0.01702 1009.1
0.01703 1009.1
0.01704 1009.1
0.01705 1009.2
0.01706 1009.2
0.01707 1009.2
0.01708 1009.2
0.01709 1009.2
0.01710 1009.2
0.01711 1009.3
0.01712 1009.3
0.01713 1009.3
0.01714 1009.3
0.01715 1009.3
0.01716 1009.3
0.01717 1009.4
0.01718 1009.4
0.01719 1009.4
0.01720 1009.4
0.01721 1009.4
0.01722 1009.4
0.01723 1009.5
0.01724 1009.5
0.01725 1009.5
0.01726 1009.5
0.01727 1009.5
0.01728 1009.5
0.01729 1009.6
0.01730 1009.6
0.01731 1009.6
0.01732 1009.6
0.01733 1009.6
0.01734 1009.6
0.01735 1009.6
0.01736 1009.7
0.01737 1009.7
0.01738 1009.7
0.01739 1009.7
0.01740 1009.7
0.01741 1009.7
0.01742 1009.8
0.01743 1009.8
0.01744 1009.8
0.01745 1009.8
0.01746 1009.8
0.01747 1009.8
0.01748 1009.9
0.01749 1009.9
0.01750 1009.9
0.01751 1009.9
0.01752 1009.9
0.01753 1009.9
0.01754 1009.9
0.01755 1010.0
0.01756 1010.0
0.01757 1010.0
0.01758 1010.0
0.01759 1010.0
0.01760 1010.0
0.01761 1010.1
0.01762 1010.1
0.01763 1010.1
0.01764 1010.1
0.01765 1010.1
0.01766 1010.1
0.01767 1010.1
0.01768 1010.2
0.01769 1010.2
0.01770 1010.2
0.01771 1010.2
0.01772 1010.2
0.01773 1010.2
0.01774 1010.3
0.01775 1010.3
0.01776 1010.3
0.01777 1010.3
0.01778 1010.3
0.01779 1010.3
0.01780 1010.3
0.01781 1010.4
0.01782 1010.4
0.01783 1010.4
0.01784 1010.4
0.01785 1010.4
0.01786 1010.4
0.01787 1010.4
0.01788 1010.5
0.01789 1010.5
0.01790 1010.5
0.01791 1010.5
0.01792 1010.5
0.01793 1010.5
0.01794 1010.5
0.01795 1010.6
0.01796 1010.6
0.01797 1010.6
0.01798 1010.6
0.01799 1010.6
0.01800 1010.6
0.01801 1010.6
0.01802 1010.7
0.01803 1010.7
0.01804 1010.7
0.01805 1010.7
0.01806 1010.7
0.01807 1010.7
0.01808 1010.7
0.01809 1010.8
0.01810 1010.8
0.01811 1010.8
0.01812 1010.8
0.01813 1010.8
0.01814 1010.8
0.01815 1010.8
0.01816 1010.9
0.01817 1010.9
0.01818 1010.9
0.01819 1010.9
0.01820 1010.9
0.01821 1010.9
0.01822 1010.9
0.01823 1011.0
0.01824 1011.0
0.01825 1011.0
0.01826 1011.0
0.01827 1011.0
0.01828 1011.0
0.01829 1011.0
0.01830 1011.0
0.01831 1011.1
0.01832 1011.1
0.01833 1011.1
0.01834 1011.1
0.01835 1011.1
0.01836 1011.1
0.01837 1011.1
0.01838 1011.2
0.01839 1011.2
0.01840 1011.2
0.01841 1011.2
0.01842 1011.2
0.01843 1011.2
0.01844 1011.2
0.01845 1011.2
0.01846 1011.3
0.01847 1011.3
0.01848 1011.3
0.01849 1011.3
0.01850 1011.3
0.01851 1011.3
0.01852 1011.3
0.01853 1011.3
0.01854 1011.4
0.01855 1011.4
0.01856 1011.4
0.01857 1011.4
0.01858 1011.4
0.01859 1011.4
0.01860 1011.4
0.01861 1011.5
0.01862 1011.5
0.01863 1011.5
0.01864 1011.5
0.01865 1011.5
0.01866 1011.5
0.01867 1011.5
0.01868 1011.5
0.01869 1011.6
0.01870 1011.6
0.01871 1011.6
0.01872 1011.6
0.01873 1011.6
0.01874 1011.6
0.01875 1011.6
0.01876 1011.6
0.01877 1011.7
0.01878 1011.7
0.01879 1011.7
0.01880 1011.7
0.01881 1011.7
0.01882 1011.7
0.01883 1011.7
0.01884 1011.7
0.01885 1011.7
0.01886 1011.8
0.01887 1011.8
0.01888 1011.8
0.01889 1011.8
0.01890 1011.8
0.01891 1011.8
0.01892 1011.8
0.01893 1011.8
0.01894 1011.9
0.01895 1011.9
0.01896 1011.9
0.01897 1011.9
0.01898 1011.9
0.01899 1011.9
0.01900 1011.9
0.01901 1011.9
0.01902 1012.0
0.01903 1012.0
0.01904 1012.0
0.01905 1012.0
0.01906 1012.0
0.01907 1012.0
0.01908 1012.0
0.01909 1012.0
0.01910 1012.0
0.01911 1012.1
0.01912 1012.1
0.01913 1012.1
0.01914 1012.1
0.01915 1012.1
0.01916 1012.1
0.01917 1012.1
0.01918 1012.1
0.01919 1012.1
0.01920 1012.2
0.01921 1012.2
0.01922 1012.2
0.01923 1012.2
0.01924 1012.2
0.01925 1012.2
0.01926 1012.2
0.01927 1012.2
0.01928 1012.3
0.01929 1012.3
0.01930 1012.3
0.01931 1012.3
0.01932 1012.3
0.01933 1012.3
0.01934 1012.3
0.01935 1012.3
0.01936 1012.3
0.01937 1012.3
0.01938 1012.4
0.01939 1012.4
0.01940 1012.4
0.01941 1012.4
0.01942 1012.4
0.01943 1012.4
0.01944 1012.4
0.01945 1012.4
0.01946 1012.4
0.01947 1012.5
0.01948 1012.5
0.01949 1012.5
0.01950 1012.5
0.01951 1012.5
0.01952 1012.5
0.01953 1012.5
0.01954 1012.5
0.01955 1012.5
0.01956 1012.6
0.01957 1012.6
0.01958 1012.6
0.01959 1012.6
0.01960 1012.6
0.01961 1012.6
0.01962 1012.6
0.01963 1012.6
0.01964 1012.6
0.01965 1012.6
0.01966 1012.7
0.01967 1012.7
0.01968 1012.7
0.01969 1012.7
0.01970 1012.7
0.01971 1012.7
0.01972 1012.7
0.01973 1012.7
0.01974 1012.7
0.01975 1012.8
0.01976 1012.8
0.01977 1012.8
0.01978 1012.8
0.01979 1012.8
0.01980 1012.8
0.01981 1012.8
0.01982 1012.8
0.01983 1012.8
0.01984 1012.8
0.01985 1012.9
0.01986 1012.9
0.01987 1012.9
0.01988 1012.9
0.01989 1012.9
0.01990 1012.9
0.01991 1012.9
0.01992 1012.9
0.01993 1012.9
0.01994 1012.9
0.01995 1013.0
0.01996 1013.0
0.01997 1013.0
0.01998 1013.0
0.01999 1013.0
0.02000 1018.8
0.02001 1018.8
0.02002 1018.8
0.02003 1018.8
0.02004 1018.8
0.02005 1018.8
0.02006 1018.8
0.02007 1018.8
0.02008 1018.8
0.02009 1018.8
0.02010 1018.8
0.02011 1018.8
0.02012 1018.8
0.02013 1018.8
0.02014 1018.8
0.02015 1018.8
0.02016 1018.8
0.02017 1018.8
0.02018 1018.8
0.02019 1018.8
0.02020 1018.8
0.02021 1018.8
0.02022 1018.8
0.02023 1018.8
0.02024 1018.8
0.02025 1018.8
0.02026 1018.8
0.02027 1018.8
0.02028 1018.8
0.02029 1018.8
0.02030 1018.8
0.02031 1018.8
0.02032 1018.8
0.02033 1018.8
0.02034 1018.8
0.02035 1018.8
0.02036 1018.8
0.02037 1018.8
0.02038 1018.8
0.02039 1018.8
0.02040 1018.8
0.02041 1018.8
0.02042 1018.8
0.02043 1018.8
0.02044 1018.8
0.02045 1018.8
0.02046 1018.8
0.02047 1018.8
0.02048 1018.8
0.02049 1018.8
0.02050 1018.8
0.02051 1018.8
0.02052 1018.8
0.02053 1018.8
0.02054 1018.8
0.02055 1018.8
0.02056 1018.8
0.02057 1018.8
0.02058 1018.8
0.02059 1018.8
0.02060 1018.8
0.02061 1018.8
0.02062 1018.8
0.02063 1018.8
0.02064 1018.8
0.02065 1018.8
0.02066 1018.8
0.02067 1018.8
0.02068 1018.8
0.02069 1018.8
0.02070 1018.8
0.02071 1018.8
0.02072 1018.8
0.02073 1018.8
0.02074 1018.8
0.02075 1018.8
0.02076 1018.8
0.02077 1018.8
0.02078 1018.8
0.02079 1018.8
0.02080 1018.8
0.02081 1018.8
0.02082 1018.8
0.02083 1018.8
0.02084 1018.8
0.02085 1018.8
0.02086 1018.8
0.02087 1018.8
0.02088 1018.8
0.02089 1018.8
0.02090 1018.8
0.02091 1018.8
0.02092 1018.8
0.02093 1018.8
0.02094 1018.8
0.02095 1018.8
0.02096 1018.8
0.02097 1018.8
0.02098 1018.8
0.02099 1018.8
0.02100 1018.8
0.02101 1037.4
0.02102 1056.2
0.02103 1075.4
0.02104 1094.8
0.02105 1114.5
0.02106 1134.5
0.02107 1154.8
0.02108 1175.4
0.02109 1196.3
0.02110 1217.5
0.02111 1239.0
0.02112 1260.9
0.02113 1283.0
0.02114 1305.5
0.02115 1328.4
0.02116 1351.6
0.02117 1375.1
0.02118 1399.1
0.02119 1423.3
0.02120 1448.0
0.02121 1473.1
0.02122 1498.6
0.02123 1524.5
0.02124 1550.9
0.02125 1577.7
0.02126 1605.1
0.02127 1632.9
0.02128 1661.4
0.02129 1690.5
0.02130 1720.2
0.02131 1750.6
0.02132 1781.9
0.02133 1814.0
0.02134 1847.1
0.02135 1881.2
0.02136 1916.6
0.02137 1953.3
0.02138 1991.6
0.02139 2031.6
0.02140 2073.7
0.02141 2118.0
0.02142 2164.9
0.02143 2214.9
0.02144 2268.5
0.02145 2326.1
0.02146 2388.6
0.02147 2456.8
0.02148 2531.6
0.02149 2614.3
0.02150 2706.4
0.02151 2759.8
0.02152 2823.8
0.02153 2900.0
0.02154 2990.1
0.02155 3096.1
0.02156 3220.5
0.02157 3366.1
0.02158 3536.0
0.02159 3733.9
0.02160 3963.5
0.02161 4228.2
0.02162 4530.7
0.02163 4871.5
0.02164 5248.3
0.02165 5653.7
0.02166 6075.8
0.02167 6498.1
0.02168 6903.3
0.02169 7276.3
0.02170 7607.5
0.02171 7893.0
0.02172 8133.4
0.02173 8332.1
0.02174 8493.5
0.02175 8622.5
0.02176 8723.1
0.02177 8799.2
0.02178 8853.7
0.02179 8889.3
0.02180 8908.0
0.02181 8911.7
0.02182 8901.7
0.02183 8879.2
0.02184 8845.3
0.02185 8800.7
0.02186 8746.1
0.02187 8682.3
0.02188 8609.7
0.02189 8528.8
0.02190 8440.1
0.02191 8344.0
0.02192 8240.9
0.02193 8131.3
0.02194 8015.5
0.02195 7894.1
0.02196 7767.3
0.02197 7635.6
0.02198 7499.5
0.02199 7359.5
0.02200 7215.9
0.02201 7069.2
0.02202 6920.0
0.02203 6768.6
0.02204 6615.6
0.02205 6461.4
0.02206 6306.5
0.02207 6151.3
0.02208 5996.2
0.02209 5841.8
0.02210 5688.3
0.02211 5536.2
0.02212 5385.8
0.02213 5237.5
0.02214 5091.4
0.02215 4948.1
0.02216 4807.5
0.02217 4670.1
0.02218 4535.9
0.02219 4405.1
0.02220 4277.9
0.02221 4154.4
0.02222 4034.6
0.02223 3918.6
0.02224 3806.5
0.02225 3698.1
0.02226 3593.6
0.02227 3492.9
0.02228 3395.9
0.02229 3302.6
0.02230 3213.0
0.02231 3126.9
0.02232 3044.2
0.02233 2964.9
0.02234 2888.8
0.02235 2815.9
0.02236 2746.0
0.02237 2679.0
0.02238 2614.8
0.02239 2553.4
0.02240 2494.5
0.02241 2438.0
0.02242 2384.0
0.02243 2332.1
0.02244 2282.5
0.02245 2234.9
0.02246 2189.2
0.02247 2145.4
0.02248 2103.4
0.02249 2063.0
0.02250 2024.3
0.02251 1987.0
0.02252 1951.2
0.02253 1916.8
0.02254 1883.8
0.02255 1851.9
0.02256 1821.3
0.02257 1791.8
0.02258 1763.3
0.02259 1735.9
0.02260 1709.5
0.02261 1684.1
0.02262 1659.5
0.02263 1635.8
0.02264 1612.9
0.02265 1590.9
0.02266 1569.6
0.02267 1549.0
0.02268 1529.1
0.02269 1509.9
0.02270 1491.4
0.02271 1473.5
0.02272 1456.2
0.02273 1439.5
0.02274 1423.4
0.02275 1407.8
0.02276 1392.8
0.02277 1378.3
0.02278 1364.2
0.02279 1350.7
0.02280 1337.6
0.02281 1325.0
0.02282 1312.8
0.02283 1301.1
0.02284 1289.7
0.02285 1278.8
0.02286 1268.2
0.02287 1258.0
0.02288 1248.2
0.02289 1238.7
0.02290 1229.6
0.02291 1220.7
0.02292 1212.2
0.02293 1204.0
0.02294 1196.1
0.02295 1188.5
0.02296 1181.1
0.02297 1174.0
0.02298 1167.2
0.02299 1160.6
0.02300 1154.2
0.02301 1148.1
0.02302 1142.2
0.02303 1136.5
0.02304 1130.9
0.02305 1125.6
0.02306 1120.5
0.02307 1115.5
0.02308 1110.8
0.02309 1106.1
0.02310 1101.7
0.02311 1097.4
0.02312 1093.2
0.02313 1089.2
0.02314 1085.3
0.02315 1081.6
0.02316 1078.0
0.02317 1074.5
0.02318 1071.1
0.02319 1067.8
0.02320 1064.6
0.02321 1061.6
0.02322 1058.6
0.02323 1055.8
0.02324 1053.0
0.02325 1050.3
0.02326 1047.7
0.02327 1045.2
0.02328 1042.8
0.02329 1040.4
0.02330 1038.2
0.02331 1036.0
0.02332 1033.8
0.02333 1031.8
0.02334 1029.8
0.02335 1027.8
0.02336 1025.9
0.02337 1024.1
0.02338 1022.3
0.02339 1020.6
0.02340 1019.0
0.02341 1017.3
0.02342 1015.8
0.02343 1014.3
0.02344 1012.8
0.02345 1011.4
0.02346 1010.0
0.02347 1008.6
0.02348 1007.3
0.02349 1006.1
0.02350 1004.8
0.02351 1003.6
0.02352 1002.5
0.02353 1001.3
0.02354 1000.3
0.02355 999.2
0.02356 998.2
0.02357 997.2
0.02358 996.2
0.02359 995.2
0.02360 994.3
0.02361 993.4
0.02362 992.5
0.02363 991.7
0.02364 990.9
0.02365 990.1
0.02366 989.3
0.02367 988.5
0.02368 987.8
0.02369 987.1
0.02370 986.4
0.02371 985.7
0.02372 985.1
0.02373 984.4
0.02374 983.8
0.02375 983.2
0.02376 982.6
0.02377 982.0
0.02378 981.5
0.02379 980.9
0.02380 980.4
0.02381 979.9
0.02382 979.4
0.02383 978.9
0.02384 978.4
0.02385 978.0
0.02386 977.5
0.02387 977.1
0.02388 976.6
0.02389 976.2
0.02390 975.8
0.02391 975.4
0.02392 975.0
0.02393 974.7
0.02394 974.3
0.02395 974.0
0.02396 973.6
0.02397 973.3
0.02398 972.9
0.02399 972.6
0.02400 972.3
0.02401 972.0
0.02402 971.7
0.02403 971.4
0.02404 971.1
0.02405 970.9
0.02406 970.6
0.02407 970.3
0.02408 970.1
0.02409 969.8
0.02410 969.6
0.02411 969.4
0.02412 969.1
0.02413 968.9
0.02414 968.7
0.02415 968.5
0.02416 968.3
0.02417 968.1
0.02418 967.9
0.02419 967.7
0.02420 967.5
0.02421 967.3
0.02422 967.2
0.02423 967.0
0.02424 966.8
0.02425 966.7
0.02426 966.5
0.02427 966.4
0.02428 966.2
0.02429 966.1
0.02430 965.9
0.02431 965.8
0.02432 965.7
0.02433 965.5
0.02434 965.4
0.02435 965.3
0.02436 965.2
0.02437 965.0
0.02438 964.9
0.02439 964.8
0.02440 964.7
0.02441 964.6
0.02442 964.5
0.02443 964.4
0.02444 964.3
0.02445 964.2
0.02446 964.1
0.02447 964.0
0.02448 963.9
0.02449 963.9
0.02450 963.8
0.02451 963.7
0.02452 963.6
0.02453 963.6
0.02454 963.5
0.02455 963.4
0.02456 963.4
0.02457 963.3
0.02458 963.2
0.02459 963.2
0.02460 963.1
0.02461 963.1
0.02462 963.0
0.02463 962.9
0.02464 962.9
0.02465 962.8
0.02466 962.8
0.02467 962.8
0.02468 962.7
0.02469 962.7
0.02470 962.6
0.02471 962.6
0.02472 962.6
0.02473 962.5
0.02474 962.5
0.02475 962.4
0.02476 962.4
0.02477 962.4
0.02478 962.4
0.02479 962.3
0.02480 962.3
0.02481 962.3
0.02482 962.3
0.02483 962.2
0.02484 962.2
0.02485 962.2
0.02486 962.2
0.02487 962.2
0.02488 962.1
0.02489 962.1
0.02490 962.1
0.02491 962.1
0.02492 962.1
0.02493 962.1
0.02494 962.1
0.02495 962.1
0.02496 962.0
0.02497 962.0
0.02498 962.0
0.02499 962.0
0.02500 962.0
0.02501 962.0
0.02502 962.0
0.02503 962.0
0.02504 962.0
0.02505 962.0
0.02506 962.0
0.02507 962.0
0.02508 962.0
0.02509 962.0
0.02510 962.0
0.02511 962.0
0.02512 962.0
0.02513 962.0
0.02514 962.1
0.02515 962.1
0.02516 962.1
0.02517 962.1
0.02518 962.1
0.02519 962.1
0.02520 962.1
0.02521 962.1
0.02522 962.1
0.02523 962.1
0.02524 962.2
0.02525 962.2
0.02526 962.2
0.02527 962.2
0.02528 962.2
0.02529 962.2
0.02530 962.3
0.02531 962.3
0.02532 962.3
0.02533 962.3
0.02534 962.3
0.02535 962.3
0.02536 962.4
0.02537 962.4
0.02538 962.4
0.02539 962.4
0.02540 962.5
0.02541 962.5
0.02542 962.5
0.02543 962.5
0.02544 962.5
0.02545 962.6
0.02546 962.6
0.02547 962.6
0.02548 962.6
0.02549 962.7
0.02550 962.7
0.02551 962.7
0.02552 962.8
0.02553 962.8
0.02554 962.8
0.02555 962.8
0.02556 962.9
0.02557 962.9
0.02558 962.9
0.02559 963.0
0.02560 963.0
0.02561 963.0
0.02562 963.0
0.02563 963.1
0.02564 963.1
0.02565 963.1
0.02566 963.2
0.02567 963.2
0.02568 963.2
0.02569 963.3
0.02570 963.3
0.02571 963.3
0.02572 963.4
0.02573 963.4
0.02574 963.4
0.02575 963.5
0.02576 963.5
0.02577 963.6
0.02578 963.6
0.02579 963.6
0.02580 963.7
0.02581 963.7
0.02582 963.7
0.02583 963.8
0.02584 963.8
0.02585 963.8
0.02586 963.9
0.02587 963.9
0.02588 964.0
0.02589 964.0
0.02590 964.0
0.02591 964.1
0.02592 964.1
0.02593 964.2
0.02594 964.2
0.02595 964.2
0.02596 964.3
0.02597 964.3
0.02598 964.4
0.02599 964.4
0.02600 964.4
0.02601 964.5
0.02602 964.5
0.02603 964.6
0.02604 964.6
0.02605 964.7
0.02606 964.7
0.02607 964.7
0.02608 964.8
0.02609 964.8
0.02610 964.9
0.02611 964.9
0.02612 965.0
0.02613 965.0
0.02614 965.0
0.02615 965.1
0.02616 965.1
0.02617 965.2
0.02618 965.2
0.02619 965.3
0.02620 965.3
0.02621 965.4
0.02622 965.4
0.02623 965.4
0.02624 965.5
0.02625 965.5
0.02626 965.6
0.02627 965.6
0.02628 965.7
0.02629 965.7
0.02630 965.8
0.02631 965.8
0.02632 965.9
0.02633 965.9
0.02634 966.0
0.02635 966.0
0.02636 966.1
0.02637 966.1
0.02638 966.1
0.02639 966.2
0.02640 966.2
0.02641 966.3
0.02642 966.3
0.02643 966.4
0.02644 966.4
0.02645 966.5
0.02646 966.5
0.02647 966.6
0.02648 966.6
0.02649 966.7
0.02650 966.7
0.02651 966.8
0.02652 966.8
0.02653 966.9
0.02654 966.9
0.02655 967.0
0.02656 967.0
0.02657 967.1
0.02658 967.1
0.02659 967.2
0.02660 967.2
0.02661 967.3
0.02662 967.3
0.02663 967.4
0.02664 967.4
0.02665 967.5
0.02666 967.5
0.02667 967.6
0.02668 967.6
0.02669 967.7
0.02670 967.7
0.02671 967.8
0.02672 967.8
0.02673 967.9
0.02674 967.9
0.02675 968.0
0.02676 968.1
0.02677 968.1
0.02678 968.2
0.02679 968.2
0.02680 968.3
0.02681 968.3
0.02682 968.4
0.02683 968.4
0.02684 968.5
0.02685 968.5
0.02686 968.6
0.02687 968.6
0.02688 968.7
0.02689 968.7
0.02690 968.8
0.02691 968.8
0.02692 968.9
0.02693 968.9
0.02694 969.0
0.02695 969.1
0.02696 969.1
0.02697 969.2
0.02698 969.2
0.02699 969.3
0.02700 969.3
0.02701 969.4
0.02702 969.4
0.02703 969.5
0.02704 969.5
0.02705 969.6
0.02706 969.6
0.02707 969.7
0.02708 969.8
0.02709 969.8
0.02710 969.9
0.02711 969.9
0.02712 970.0
0.02713 970.0
0.02714 970.1
0.02715 970.1
0.02716 970.2
0.02717 970.2
0.02718 970.3
0.02719 970.4
0.02720 970.4
0.02721 970.5
0.02722 970.5
0.02723 970.6
0.02724 970.6
0.02725 970.7
0.02726 970.7
0.02727 970.8
0.02728 970.9
0.02729 970.9
0.02730 971.0
0.02731 971.0
0.02732 971.1
0.02733 971.1
0.02734 971.2
0.02735 971.2
0.02736 971.3
0.02737 971.4
0.02738 971.4
0.02739 971.5
0.02740 971.5
0.02741 971.6
0.02742 971.6
0.02743 971.7
0.02744 971.7
0.02745 971.8
0.02746 971.9
0.02747 971.9
0.02748 972.0
0.02749 972.0
0.02750 972.1
0.02751 972.1
0.02752 972.2
0.02753 972.3
0.02754 972.3
0.02755 972.4
0.02756 972.4
0.02757 972.5
0.02758 972.5
0.02759 972.6
0.02760 972.6
0.02761 972.7
0.02762 972.8
0.02763 972.8
0.02764 972.9
0.02765 972.9
0.02766 973.0
0.02767 973.0
0.02768 973.1
0.02769 973.2
0.02770 973.2
0.02771 973.3
0.02772 973.3
0.02773 973.4
0.02774 973.4
0.02775 973.5
0.02776 973.6
0.02777 973.6
0.02778 973.7
0.02779 973.7
0.02780 973.8
0.02781 973.8
0.02782 973.9
0.02783 973.9
0.02784 974.0
0.02785 974.1
0.02786 974.1
0.02787 974.2
0.02788 974.2
0.02789 974.3
0.02790 974.3
0.02791 974.4
0.02792 974.5
0.02793 974.5
0.02794 974.6
0.02795 974.6
0.02796 974.7
0.02797 974.7
0.02798 974.8
0.02799 974.9
0.02800 974.9
0.02801 975.0
0.02802 975.0
0.02803 975.1
0.02804 975.1
0.02805 975.2
0.02806 975.3
0.02807 975.3
0.02808 975.4
0.02809 975.4
0.02810 975.5
0.02811 975.5
0.02812 975.6
0.02813 975.7
0.02814 975.7
0.02815 975.8
0.02816 975.8
0.02817 975.9
0.02818 975.9
0.02819 976.0
0.02820 976.1
0.02821 976.1
0.02822 976.2
0.02823 976.2
0.02824 976.3
0.02825 976.3
0.02826 976.4
0.02827 976.5
0.02828 976.5
0.02829 976.6
0.02830 976.6
0.02831 976.7
0.02832 976.7
0.02833 976.8
0.02834 976.9
0.02835 976.9
0.02836 977.0
0.02837 977.0
0.02838 977.1
0.02839 977.1
0.02840 977.2
0.02841 977.3
0.02842 977.3
0.02843 977.4
0.02844 977.4
0.02845 977.5
0.02846 977.5
0.02847 977.6
0.02848 977.6
0.02849 977.7
0.02850 977.8
0.02851 977.8
0.02852 977.9
0.02853 977.9
0.02854 978.0
0.02855 978.0
0.02856 978.1
0.02857 978.2
0.02858 978.2
0.02859 978.3
0.02860 978.3
0.02861 978.4
0.02862 978.4
0.02863 978.5
0.02864 978.6
0.02865 978.6
0.02866 978.7
0.02867 978.7
0.02868 978.8
0.02869 978.8
0.02870 978.9
0.02871 979.0
0.02872 979.0
0.02873 979.1
0.02874 979.1
0.02875 979.2
0.02876 979.2
0.02877 979.3
0.02878 979.3
0.02879 979.4
0.02880 979.5
0.02881 979.5
0.02882 979.6
0.02883 979.6
0.02884 979.7
0.02885 979.7
0.02886 979.8
0.02887 979.8
0.02888 979.9
0.02889 980.0
0.02890 980.0
0.02891 980.1
0.02892 980.1
0.02893 980.2
0.02894 980.2
0.02895 980.3
0.02896 980.4
0.02897 980.4
0.02898 980.5
0.02899 980.5
0.02900 980.6
0.02901 980.6
0.02902 980.7
0.02903 980.7
0.02904 980.8
0.02905 980.9
0.02906 980.9
0.02907 981.0
0.02908 981.0
0.02909 981.1
0.02910 981.1
0.02911 981.2
0.02912 981.2
0.02913 981.3
0.02914 981.4
0.02915 981.4
0.02916 981.5
0.02917 981.5
0.02918 981.6
0.02919 981.6
0.02920 981.7
0.02921 981.7
0.02922 981.8
0.02923 981.8
0.02924 981.9
0.02925 982.0
0.02926 982.0
0.02927 982.1
0.02928 982.1
0.02929 982.2
0.02930 982.2
0.02931 982.3
0.02932 982.3
0.02933 982.4
0.02934 982.4
0.02935 982.5
0.02936 982.6
0.02937 982.6
0.02938 982.7
0.02939 982.7
0.02940 982.8
0.02941 982.8
0.02942 982.9
0.02943 982.9
0.02944 983.0
0.02945 983.0
0.02946 983.1
0.02947 983.2
0.02948 983.2
0.02949 983.3
0.02950 983.3
0.02951 983.4
0.02952 983.4
0.02953 983.5
0.02954 983.5
0.02955 983.6
0.02956 983.6
0.02957 983.7
0.02958 983.7
0.02959 983.8
0.02960 983.9
0.02961 983.9
0.02962 984.0
0.02963 984.0
0.02964 984.1
0.02965 984.1
0.02966 984.2
0.02967 984.2
0.02968 984.3
0.02969 984.3
0.02970 984.4
0.02971 984.4
0.02972 984.5
0.02973 984.5
0.02974 984.6
0.02975 984.6
0.02976 984.7
0.02977 984.8
0.02978 984.8
0.02979 984.9
0.02980 984.9
0.02981 985.0
0.02982 985.0
0.02983 985.1
0.02984 985.1
0.02985 985.2
0.02986 985.2
0.02987 985.3
0.02988 985.3
0.02989 985.4
0.02990 985.4
0.02991 985.5
0.02992 985.5
0.02993 985.6
0.02994 985.6
0.02995 985.7
0.02996 985.7
0.02997 985.8
0.02998 985.9
0.02999 985.9
0.03000 986.0
0.03001 986.0
0.03002 986.1
0.03003 986.1
0.03004 986.2
0.03005 986.2
0.03006 986.3
0.03007 986.3
0.03008 986.4
0.03009 986.4
0.03010 986.5
0.03011 986.5
0.03012 986.6
0.03013 986.6
0.03014 986.7
0.03015 986.7
0.03016 986.8
0.03017 986.8
0.03018 986.9
0.03019 986.9
0.03020 987.0
0.03021 987.0
0.03022 987.1
0.03023 987.1
0.03024 987.2
0.03025 987.2
0.03026 987.3
0.03027 987.3
0.03028 987.4
0.03029 987.4
0.03030 987.5
0.03031 987.5
0.03032 987.6
0.03033 987.6
0.03034 987.7
0.03035 987.7
0.03036 987.8
0.03037 987.8
0.03038 987.9
0.03039 987.9
0.03040 988.0
0.03041 988.0
0.03042 988.1
0.03043 988.1
0.03044 988.2
0.03045 988.2
0.03046 988.3
0.03047 988.3
0.03048 988.4
0.03049 988.4
0.03050 988.5
0.03051 988.5
0.03052 988.6
0.03053 988.6
0.03054 988.7
0.03055 988.7
0.03056 988.8
0.03057 988.8
0.03058 988.9
0.03059 988.9
0.03060 989.0
0.03061 989.0
0.03062 989.1
0.03063 989.1
0.03064 989.2
0.03065 989.2
0.03066 989.3
0.03067 989.3
0.03068 989.3
0.03069 989.4
0.03070 989.4
0.03071 989.5
0.03072 989.5
0.03073 989.6
0.03074 989.6
0.03075 989.7
0.03076 989.7
0.03077 989.8
0.03078 989.8
0.03079 989.9
0.03080 989.9
0.03081 990.0
0.03082 990.0
0.03083 990.1
0.03084 990.1
0.03085 990.2
0.03086 990.2
0.03087 990.3
0.03088 990.3
0.03089 990.3
0.03090 990.4
0.03091 990.4
0.03092 990.5
0.03093 990.5
0.03094 990.6
0.03095 990.6
0.03096 990.7
0.03097 990.7
0.03098 990.8
0.03099 990.8
0.03100 990.9
0.03101 990.9
0.03102 991.0
0.03103 991.0
0.03104 991.0
0.03105 991.1
0.03106 991.1
0.03107 991.2
0.03108 991.2
0.03109 991.3
0.03110 991.3
0.03111 991.4
0.03112 991.4
0.03113 991.5
0.03114 991.5
0.03115 991.6
0.03116 991.6
0.03117 991.6
0.03118 991.7
0.03119 991.7
0.03120 991.8
0.03121 991.8
0.03122 991.9
0.03123 991.9
0.03124 992.0
0.03125 992.0
0.03126 992.0
0.03127 992.1
0.03128 992.1
0.03129 992.2
0.03130 992.2
0.03131 992.3
0.03132 992.3
0.03133 992.4
0.03134 992.4
0.03135 992.4
0.03136 992.5
0.03137 992.5
0.03138 992.6
0.03139 992.6
0.03140 992.7
0.03141 992.7
0.03142 992.8
0.03143 992.8
0.03144 992.8
0.03145 992.9
0.03146 992.9
0.03147 993.0
0.03148 993.0
0.03149 993.1
0.03150 993.1
0.03151 993.2
0.03152 993.2
0.03153 993.2
0.03154 993.3
0.03155 993.3
0.03156 993.4
0.03157 993.4
0.03158 993.5
0.03159 993.5
0.03160 993.5
0.03161 993.6
0.03162 993.6
0.03163 993.7
0.03164 993.7
0.03165 993.8
0.03166 993.8
0.03167 993.8
0.03168 993.9
0.03169 993.9
0.03170 994.0
0.03171 994.0
0.03172 994.1
0.03173 994.1
0.03174 994.1
0.03175 994.2
0.03176 994.2
0.03177 994.3
0.03178 994.3
0.03179 994.3
0.03180 994.4
0.03181 994.4
0.03182 994.5
0.03183 994.5
0.03184 994.6
0.03185 994.6
0.03186 994.6
0.03187 994.7
0.03188 994.7
0.03189 994.8
0.03190 994.8
0.03191 994.8
0.03192 994.9
0.03193 994.9
0.03194 995.0
0.03195 995.0
0.03196 995.0
0.03197 995.1
0.03198 995.1
0.03199 995.2
0.03200 995.2
0.03201 995.2
0.03202 995.3
0.03203 995.3
0.03204 995.4
0.03205 995.4
0.03206 995.5
0.03207 995.5
0.03208 995.5
0.03209 995.6
0.03210 995.6
0.03211 995.7
0.03212 995.7
0.03213 995.7
0.03214 995.8
0.03215 995.8
0.03216 995.9
0.03217 995.9
0.03218 995.9
0.03219 996.0
0.03220 996.0
0.03221 996.0
0.03222 996.1
0.03223 996.1
0.03224 996.2
0.03225 996.2
0.03226 996.2
0.03227 996.3
0.03228 996.3
0.03229 996.4
0.03230 996.4
0.03231 996.4
0.03232 996.5
0.03233 996.5
0.03234 996.6
0.03235 996.6
0.03236 996.6
0.03237 996.7
0.03238 996.7
0.03239 996.7
0.03240 996.8
0.03241 996.8
0.03242 996.9
0.03243 996.9
0.03244 996.9
0.03245 997.0
0.03246 997.0
0.03247 997.1
0.03248 997.1
0.03249 997.1
0.03250 997.2
0.03251 997.2
0.03252 997.2
0.03253 997.3
0.03254 997.3
0.03255 997.4
0.03256 997.4
0.03257 997.4
0.03258 997.5
0.03259 997.5
0.03260 997.5
0.03261 997.6
0.03262 997.6
0.03263 997.6
0.03264 997.7
0.03265 997.7
0.03266 997.8
0.03267 997.8
0.03268 997.8
0.03269 997.9
0.03270 997.9
0.03271 997.9
0.03272 998.0
0.03273 998.0
0.03274 998.1
0.03275 998.1
0.03276 998.1
0.03277 998.2
0.03278 998.2
0.03279 998.2
0.03280 998.3
0.03281 998.3
0.03282 998.3
0.03283 998.4
0.03284 998.4
0.03285 998.4
0.03286 998.5
0.03287 998.5
0.03288 998.6
0.03289 998.6
0.03290 998.6
0.03291 998.7
0.03292 998.7
0.03293 998.7
0.03294 998.8
0.03295 998.8
0.03296 998.8
0.03297 998.9
0.03298 998.9
0.03299 998.9
0.03300 999.0
0.03301 999.0
0.03302 999.0
0.03303 999.1
0.03304 999.1
0.03305 999.2
0.03306 999.2
0.03307 999.2
0.03308 999.3
0.03309 999.3
0.03310 999.3
0.03311 999.4
0.03312 999.4
0.03313 999.4
0.03314 999.5
0.03315 999.5
0.03316 999.5
0.03317 999.6
0.03318 999.6
0.03319 999.6
0.03320 999.7
0.03321 999.7
0.03322 999.7
0.03323 999.8
0.03324 999.8
0.03325 999.8
0.03326 999.9
0.03327 999.9
0.03328 999.9
0.03329 1000.0
0.03330 1000.0
0.03331 1000.0
0.03332 1000.1
0.03333 1000.1
0.03334 1000.1
0.03335 1000.2
0.03336 1000.2
0.03337 1000.2
0.03338 1000.3
0.03339 1000.3
0.03340 1000.3
0.03341 1000.4
0.03342 1000.4
0.03343 1000.4
0.03344 1000.5
0.03345 1000.5
0.03346 1000.5
0.03347 1000.6
0.03348 1000.6
0.03349 1000.6
0.03350 1000.7
0.03351 1000.7
0.03352 1000.7
0.03353 1000.7
0.03354 1000.8
0.03355 1000.8
0.03356 1000.8
0.03357 1000.9
0.03358 1000.9
0.03359 1000.9
0.03360 1001.0
0.03361 1001.0
0.03362 1001.0
0.03363 1001.1
0.03364 1001.1
0.03365 1001.1
0.03366 1001.2
0.03367 1001.2
0.03368 1001.2
0.03369 1001.3
0.03370 1001.3
0.03371 1001.3
0.03372 1001.3
0.03373 1001.4
0.03374 1001.4
0.03375 1001.4
0.03376 1001.5
0.03377 1001.5
0.03378 1001.5
0.03379 1001.6
0.03380 1001.6
0.03381 1001.6
0.03382 1001.7
0.03383 1001.7
0.03384 1001.7
0.03385 1001.7
0.03386 1001.8
0.03387 1001.8
0.03388 1001.8
0.03389 1001.9
0.03390 1001.9
0.03391 1001.9
0.03392 1002.0
0.03393 1002.0
0.03394 1002.0
0.03395 1002.0
0.03396 1002.1
0.03397 1002.1
0.03398 1002.1
0.03399 1002.2
0.03400 1002.2
0.03401 1002.2
0.03402 1002.3
0.03403 1002.3
0.03404 1002.3
0.03405 1002.3
0.03406 1002.4
0.03407 1002.4
0.03408 1002.4
0.03409 1002.5
0.03410 1002.5
0.03411 1002.5
0.03412 1002.5
0.03413 1002.6
0.03414 1002.6
0.03415 1002.6
0.03416 1002.7
0.03417 1002.7
0.03418 1002.7
0.03419 1002.7
0.03420 1002.8
0.03421 1002.8
0.03422 1002.8
0.03423 1002.9
0.03424 1002.9
0.03425 1002.9
0.03426 1002.9
0.03427 1003.0
0.03428 1003.0
0.03429 1003.0
0.03430 1003.1
0.03431 1003.1
0.03432 1003.1
0.03433 1003.1
0.03434 1003.2
0.03435 1003.2
0.03436 1003.2
0.03437 1003.3
0.03438 1003.3
0.03439 1003.3
0.03440 1003.3
0.03441 1003.4
0.03442 1003.4
0.03443 1003.4
0.03444 1003.4
0.03445 1003.5
0.03446 1003.5
0.03447 1003.5
0.03448 1003.6
0.03449 1003.6
0.03450 1003.6
0.03451 1003.6
0.03452 1003.7
0.03453 1003.7
0.03454 1003.7
0.03455 1003.7
0.03456 1003.8
0.03457 1003.8
0.03458 1003.8
0.03459 1003.9
0.03460 1003.9
0.03461 1003.9
0.03462 1003.9
0.03463 1004.0
0.03464 1004.0
0.03465 1004.0
0.03466 1004.0
0.03467 1004.1
0.03468 1004.1
0.03469 1004.1
0.03470 1004.1
0.03471 1004.2
0.03472 1004.2
0.03473 1004.2
0.03474 1004.2
0.03475 1004.3
0.03476 1004.3
0.03477 1004.3
0.03478 1004.3
0.03479 1004.4
0.03480 1004.4
0.03481 1004.4
0.03482 1004.5
0.03483 1004.5
0.03484 1004.5
0.03485 1004.5
0.03486 1004.6
0.03487 1004.6
0.03488 1004.6
0.03489 1004.6
0.03490 1004.7
0.03491 1004.7
0.03492 1004.7
0.03493 1004.7
0.03494 1004.8
0.03495 1004.8
0.03496 1004.8
0.03497 1004.8
0.03498 1004.9
0.03499 1004.9
0.03500 1004.9
0.03501 1004.9
0.03502 1005.0
0.03503 1005.0
0.03504 1005.0
0.03505 1005.0
0.03506 1005.1
0.03507 1005.1
0.03508 1005.1
0.03509 1005.1
0.03510 1005.2
0.03511 1005.2
0.03512 1005.2
0.03513 1005.2
0.03514 1005.2
0.03515 1005.3
0.03516 1005.3
0.03517 1005.3
0.03518 1005.3
0.03519 1005.4
0.03520 1005.4
0.03521 1005.4
0.03522 1005.4
0.03523 1005.5
0.03524 1005.5
0.03525 1005.5
0.03526 1005.5
0.03527 1005.6
0.03528 1005.6
0.03529 1005.6
0.03530 1005.6
0.03531 1005.7
0.03532 1005.7
0.03533 1005.7
0.03534 1005.7
0.03535 1005.7
0.03536 1005.8
0.03537 1005.8
0.03538 1005.8
0.03539 1005.8
0.03540 1005.9
0.03541 1005.9
0.03542 1005.9
0.03543 1005.9
0.03544 1006.0
0.03545 1006.0
0.03546 1006.0
0.03547 1006.0
0.03548 1006.0
0.03549 1006.1
0.03550 1006.1
0.03551 1006.1
0.03552 1006.1
0.03553 1006.2
0.03554 1006.2
0.03555 1006.2
0.03556 1006.2
0.03557 1006.2
0.03558 1006.3
0.03559 1006.3
0.03560 1006.3
0.03561 1006.3
0.03562 1006.4
0.03563 1006.4
0.03564 1006.4
0.03565 1006.4
0.03566 1006.4
0.03567 1006.5
0.03568 1006.5
0.03569 1006.5
0.03570 1006.5
0.03571 1006.6
0.03572 1006.6
0.03573 1006.6
0.03574 1006.6
0.03575 1006.6
0.03576 1006.7
0.03577 1006.7
0.03578 1006.7
0.03579 1006.7
0.03580 1006.8
0.03581 1006.8
0.03582 1006.8
0.03583 1006.8
0.03584 1006.8
0.03585 1006.9
0.03586 1006.9
0.03587 1006.9
0.03588 1006.9
0.03589 1006.9
0.03590 1007.0
0.03591 1007.0
0.03592 1007.0
0.03593 1007.0
0.03594 1007.1
0.03595 1007.1
0.03596 1007.1
0.03597 1007.1
0.03598 1007.1
0.03599 1007.2
0.03600 1007.2
0.03601 1007.2
0.03602 1007.2
0.03603 1007.2
0.03604 1007.3
0.03605 1007.3
0.03606 1007.3
0.03607 1007.3
0.03608 1007.3
0.03609 1007.4
0.03610 1007.4
0.03611 1007.4
0.03612 1007.4
0.03613 1007.4
0.03614 1007.5
0.03615 1007.5
0.03616 1007.5
0.03617 1007.5
0.03618 1007.5
0.03619 1007.6
0.03620 1007.6
0.03621 1007.6
0.03622 1007.6
0.03623 1007.6
0.03624 1007.7
0.03625 1007.7
0.03626 1007.7
0.03627 1007.7
0.03628 1007.7
0.03629 1007.8
0.03630 1007.8
0.03631 1007.8
0.03632 1007.8
0.03633 1007.8
0.03634 1007.9
0.03635 1007.9
0.03636 1007.9
0.03637 1007.9
0.03638 1007.9
0.03639 1008.0
0.03640 1008.0
0.03641 1008.0
0.03642 1008.0
0.03643 1008.0
0.03644 1008.1
0.03645 1008.1
0.03646 1008.1
0.03647 1008.1
0.03648 1008.1
0.03649 1008.1
0.03650 1008.2
0.03651 1008.2
0.03652 1008.2
0.03653 1008.2
0.03654 1008.2
0.03655 1008.3
0.03656 1008.3
0.03657 1008.3
0.03658 1008.3
0.03659 1008.3
0.03660 1008.4
0.03661 1008.4
0.03662 1008.4
0.03663 1008.4
0.03664 1008.4
0.03665 1008.4
0.03666 1008.5
0.03667 1008.5
0.03668 1008.5
0.03669 1008.5
0.03670 1008.5
0.03671 1008.6
0.03672 1008.6
0.03673 1008.6
0.03674 1008.6
0.03675 1008.6
0.03676 1008.6
0.03677 1008.7
0.03678 1008.7
0.03679 1008.7
0.03680 1008.7
0.03681 1008.7
0.03682 1008.8
0.03683 1008.8
0.03684 1008.8
0.03685 1008.8
0.03686 1008.8
0.03687 1008.8
0.03688 1008.9
0.03689 1008.9
0.03690 1008.9
0.03691 1008.9
0.03692 1008.9
0.03693 1008.9
0.03694 1009.0
0.03695 1009.0
0.03696 1009.0
0.03697 1009.0
0.03698 1009.0
0.03699 1009.0
0.03700 1009.1
0.03701 1009.1
0.03702 1009.1
0.03703 1009.1
0.03704 1009.1
0.03705 1009.2
0.03706 1009.2
0.03707 1009.2
0.03708 1009.2
0.03709 1009.2
0.03710 1009.2
0.03711 1009.3
0.03712 1009.3
0.03713 1009.3
0.03714 1009.3
0.03715 1009.3
0.03716 1009.3
0.03717 1009.4
0.03718 1009.4
0.03719 1009.4
0.03720 1009.4
0.03721 1009.4
0.03722 1009.4
0.03723 1009.5
0.03724 1009.5
0.03725 1009.5
0.03726 1009.5
0.03727 1009.5
0.03728 1009.5
0.03729 1009.6
0.03730 1009.6
0.03731 1009.6
0.03732 1009.6
0.03733 1009.6
0.03734 1009.6
0.03735 1009.6
0.03736 1009.7
0.03737 1009.7
0.03738 1009.7
0.03739 1009.7
0.03740 1009.7
0.03741 1009.7
0.03742 1009.8
0.03743 1009.8
0.03744 1009.8
0.03745 1009.8
0.03746 1009.8
0.03747 1009.8
0.03748 1009.9
0.03749 1009.9
0.03750 1009.9
0.03751 1009.9
0.03752 1009.9
0.03753 1009.9
0.03754 1009.9
0.03755 1010.0
0.03756 1010.0
0.03757 1010.0
0.03758 1010.0
0.03759 1010.0
0.03760 1010.0
0.03761 1010.1
0.03762 1010.1
0.03763 1010.1
0.03764 1010.1
0.03765 1010.1
0.03766 1010.1
0.03767 1010.1
0.03768 1010.2
0.03769 1010.2
0.03770 1010.2
0.03771 1010.2
0.03772 1010.2
0.03773 1010.2
0.03774 1010.3
0.03775 1010.3
0.03776 1010.3
0.03777 1010.3
0.03778 1010.3
0.03779 1010.3
0.03780 1010.3
0.03781 1010.4
0.03782 1010.4
0.03783 1010.4
0.03784 1010.4
0.03785 1010.4
0.03786 1010.4
0.03787 1010.4
0.03788 1010.5
0.03789 1010.5
0.03790 1010.5
0.03791 1010.5
0.03792 1010.5
0.03793 1010.5
0.03794 1010.5
0.03795 1010.6
0.03796 1010.6
0.03797 1010.6
0.03798 1010.6
0.03799 1010.6
0.03800 1010.6
0.03801 1010.6
0.03802 1010.7
0.03803 1010.7
0.03804 1010.7
0.03805 1010.7
0.03806 1010.7
0.03807 1010.7
0.03808 1010.7
0.03809 1010.8
0.03810 1010.8
0.03811 1010.8
0.03812 1010.8
0.03813 1010.8
0.03814 1010.8
0.03815 1010.8
0.03816 1010.9
0.03817 1010.9
0.03818 1010.9
0.03819 1010.9
0.03820 1010.9
0.03821 1010.9
0.03822 1010.9
0.03823 1011.0
0.03824 1011.0
0.03825 1011.0
0.03826 1011.0
0.03827 1011.0
0.03828 1011.0
0.03829 1011.0
0.03830 1011.0
0.03831 1011.1
0.03832 1011.1
0.03833 1011.1
0.03834 1011.1
0.03835 1011.1
0.03836 1011.1
0.03837 1011.1
0.03838 1011.2
0.03839 1011.2
0.03840 1011.2
0.03841 1011.2
0.03842 1011.2
0.03843 1011.2
0.03844 1011.2
0.03845 1011.2
0.03846 1011.3
0.03847 1011.3
0.03848 1011.3
0.03849 1011.3
0.03850 1011.3
0.03851 1011.3
0.03852 1011.3
0.03853 1011.3
0.03854 1011.4
0.03855 1011.4
0.03856 1011.4
0.03857 1011.4
0.03858 1011.4
0.03859 1011.4
0.03860 1011.4
0.03861 1011.5
0.03862 1011.5
0.03863 1011.5
0.03864 1011.5
0.03865 1011.5
0.03866 1011.5
0.03867 1011.5
0.03868 1011.5
0.03869 1011.6
0.03870 1011.6
0.03871 1011.6
0.03872 1011.6
0.03873 1011.6
0.03874 1011.6
0.03875 1011.6
0.03876 1011.6
0.03877 1011.7
0.03878 1011.7
0.03879 1011.7
0.03880 1011.7
0.03881 1011.7
0.03882 1011.7
0.03883 1011.7
0.03884 1011.7
0.03885 1011.7
0.03886 1011.8
0.03887 1011.8
0.03888 1011.8
0.03889 1011.8
0.03890 1011.8
0.03891 1011.8
0.03892 1011.8
0.03893 1011.8
0.03894 1011.9
0.03895 1011.9
0.03896 1011.9
0.03897 1011.9
0.03898 1011.9
0.03899 1011.9
0.03900 1011.9
0.03901 1011.9
0.03902 1012.0
0.03903 1012.0
0.03904 1012.0
0.03905 1012.0
0.03906 1012.0
0.03907 1012.0
0.03908 1012.0
0.03909 1012.0
0.03910 1012.0
0.03911 1012.1
0.03912 1012.1
0.03913 1012.1
0.03914 1012.1
0.03915 1012.1
0.03916 1012.1
0.03917 1012.1
0.03918 1012.1
0.03919 1012.1
0.03920 1012.2
0.03921 1012.2
0.03922 1012.2
0.03923 1012.2
0.03924 1012.2
0.03925 1012.2
0.03926 1012.2
0.03927 1012.2
0.03928 1012.3
0.03929 1012.3
0.03930 1012.3
0.03931 1012.3
0.03932 1012.3
0.03933 1012.3
0.03934 1012.3
0.03935 1012.3
0.03936 1012.3
0.03937 1012.3
0.03938 1012.4
0.03939 1012.4
0.03940 1012.4
0.03941 1012.4
0.03942 1012.4
0.03943 1012.4
0.03944 1012.4
0.03945 1012.4
0.03946 1012.4
0.03947 1012.5
0.03948 1012.5
0.03949 1012.5
0.03950 1012.5
0.03951 1012.5
0.03952 1012.5
0.03953 1012.5
0.03954 1012.5
0.03955 1012.5
0.03956 1012.6
0.03957 1012.6
0.03958 1012.6
0.03959 1012.6
0.03960 1012.6
0.03961 1012.6
0.03962 1012.6
0.03963 1012.6
0.03964 1012.6
0.03965 1012.6
0.03966 1012.7
0.03967 1012.7
0.03968 1012.7
0.03969 1012.7
0.03970 1012.7
0.03971 1012.7
0.03972 1012.7
0.03973 1012.7
0.03974 1012.7
0.03975 1012.8
0.03976 1012.8
0.03977 1012.8
0.03978 1012.8
0.03979 1012.8
0.03980 1012.8
0.03981 1012.8
0.03982 1012.8
0.03983 1012.8
0.03984 1012.8
0.03985 1012.9
0.03986 1012.9
0.03987 1012.9
0.03988 1012.9
0.03989 1012.9
0.03990 1012.9
0.03991 1012.9
0.03992 1012.9
0.03993 1012.9
0.03994 1012.9
0.03995 1013.0
0.03996 1013.0
0.03997 1013.0
0.03998 1013.0
0.03999 1013.0
0.04000 1018.8
0.04001 1018.8
0.04002 1018.8
0.04003 1018.8
0.04004 1018.8
0.04005 1018.8
0.04006 1018.8
0.04007 1018.8
0.04008 1018.8
0.04009 1018.8
0.04010 1018.8
0.04011 1018.8
0.04012 1018.8
0.04013 1018.8
0.04014 1018.8
0.04015 1018.8
0.04016 1018.8
0.04017 1018.8
0.04018 1018.8
0.04019 1018.8
0.04020 1018.8
0.04021 1018.8
0.04022 1018.8
0.04023 1018.8
0.04024 1018.8
0.04025 1018.8
0.04026 1018.8
0.04027 1018.8
0.04028 1018.8
0.04029 1018.8
0.04030 1018.8
0.04031 1018.8
0.04032 1018.8
0.04033 1018.8
0.04034 1018.8
0.04035 1018.8
0.04036 1018.8
0.04037 1018.8
0.04038 1018.8
0.04039 1018.8
0.04040 1018.8
0.04041 1018.8
0.04042 1018.8
0.04043 1018.8
0.04044 1018.8
0.04045 1018.8
0.04046 1018.8
0.04047 1018.8
0.04048 1018.8
0.04049 1018.8
0.04050 1018.8
0.04051 1018.8
0.04052 1018.8
0.04053 1018.8
0.04054 1018.8
0.04055 1018.8
0.04056 1018.8
0.04057 1018.8
0.04058 1018.8
0.04059 1018.8
0.04060 1018.8
0.04061 1018.8
0.04062 1018.8
0.04063 1018.8
0.04064 1018.8
0.04065 1018.8
0.04066 1018.8
0.04067 1018.8
0.04068 1018.8
0.04069 1018.8
0.04070 1018.8
0.04071 1018.8
0.04072 1018.8
0.04073 1018.8
0.04074 1018.8
0.04075 1018.8
0.04076 1018.8
0.04077 1018.8
0.04078 1018.8
0.04079 1018.8
0.04080 1018.8
0.04081 1018.8
0.04082 1018.8
0.04083 1018.8
0.04084 1018.8
0.04085 1018.8
0.04086 1018.8
0.04087 1018.8
0.04088 1018.8
0.04089 1018.8
0.04090 1018.8
0.04091 1018.8
0.04092 1018.8
0.04093 1018.8
0.04094 1018.8
0.04095 1018.8
0.04096 1018.8
0.04097 1018.8
0.04098 1018.8
0.04099 1018.8
0.04100 1018.8
0.04101 1037.4
0.04102 1056.2
0.04103 1075.4
0.04104 1094.8
0.04105 1114.5
0.04106 1134.5
0.04107 1154.8
0.04108 1175.4
0.04109 1196.3
0.04110 1217.5
0.04111 1239.0
0.04112 1260.9
0.04113 1283.0
0.04114 1305.5
0.04115 1328.4
0.04116 1351.6
0.04117 1375.1
0.04118 1399.1
0.04119 1423.3
0.04120 1448.0
0.04121 1473.1
0.04122 1498.6
0.04123 1524.5
0.04124 1550.9
0.04125 1577.7
0.04126 1605.1
0.04127 1632.9
0.04128 1661.4
0.04129 1690.5
0.04130 1720.2
0.04131 1750.6
0.04132 1781.9
0.04133 1814.0
0.04134 1847.1
0.04135 1881.2
0.04136 1916.6
0.04137 1953.3
0.04138 1991.6
0.04139 2031.6
0.04140 2073.7
0.04141 2118.0
0.04142 2164.9
0.04143 2214.9
0.04144 2268.5
0.04145 2326.1
0.04146 2388.6
0.04147 2456.8
0.04148 2531.6
0.04149 2614.3
0.04150 2706.4
0.04151 2759.8
0.04152 2823.8
0.04153 2900.0
0.04154 2990.1
0.04155 3096.1
0.04156 3220.5
0.04157 3366.1
0.04158 3536.0
0.04159 3733.9
0.04160 3963.5
0.04161 4228.2
0.04162 4530.7
0.04163 4871.5
0.04164 5248.3
0.04165 5653.7
0.04166 6075.8
0.04167 6498.1
0.04168 6903.3
0.04169 7276.3
0.04170 7607.5
0.04171 7893.0
0.04172 8133.4
0.04173 8332.1
0.04174 8493.5
0.04175 8622.5
0.04176 8723.1
0.04177 8799.2
0.04178 8853.7
0.04179 8889.3
0.04180 8908.0
0.04181 8911.7
0.04182 8901.7
0.04183 8879.2
0.04184 8845.3
0.04185 8800.7
0.04186 8746.1
0.04187 8682.3
0.04188 8609.7
0.04189 8528.8
0.04190 8440.1
0.04191 8344.0
0.04192 8240.9
0.04193 8131.3
0.04194 8015.5
0.04195 7894.1
0.04196 7767.3
0.04197 7635.6
0.04198 7499.5
0.04199 7359.5
0.04200 7215.9
0.04201 7069.2
0.04202 6920.0
0.04203 6768.6
0.04204 6615.6
0.04205 6461.4
0.04206 6306.5
0.04207 6151.3
0.04208 5996.2
0.04209 5841.8
0.04210 5688.3
0.04211 5536.2
0.04212 5385.8
0.04213 5237.5
0.04214 5091.4
0.04215 4948.1
0.04216 4807.5
0.04217 4670.1
0.04218 4535.9
0.04219 4405.1
0.04220 4277.9
0.04221 4154.4
0.04222 4034.6
0.04223 3918.6
0.04224 3806.5
0.04225 3698.1
0.04226 3593.6
0.04227 3492.9
0.04228 3395.9
0.04229 3302.6
0.04230 3213.0
0.04231 3126.9
0.04232 3044.2
0.04233 2964.9
0.04234 2888.8
0.04235 2815.9
0.04236 2746.0
0.04237 2679.0
0.04238 2614.8
0.04239 2553.4
0.04240 2494.5
0.04241 2438.0
0.04242 2384.0
0.04243 2332.1
0.04244 2282.5
0.04245 2234.9
0.04246 2189.2
0.04247 2145.4
0.04248 2103.4
0.04249 2063.0
0.04250 2024.3
0.04251 1987.0
0.04252 1951.2
0.04253 1916.8
0.04254 1883.8
0.04255 1851.9
0.04256 1821.3
0.04257 1791.8
0.04258 1763.3
0.04259 1735.9
0.04260 1709.5
0.04261 1684.1
0.04262 1659.5
0.04263 1635.8
0.04264 1612.9
0.04265 1590.9
0.04266 1569.6
0.04267 1549.0
0.04268 1529.1
0.04269 1509.9
0.04270 1491.4
0.04271 1473.5
0.04272 1456.2
0.04273 1439.5
0.04274 1423.4
0.04275 1407.8
0.04276 1392.8
0.04277 1378.3
0.04278 1364.2
0.04279 1350.7
0.04280 1337.6
0.04281 1325.0
0.04282 1312.8
0.04283 1301.1
0.04284 1289.7
0.04285 1278.8
0.04286 1268.2
0.04287 1258.0
0.04288 1248.2
0.04289 1238.7
0.04290 1229.6
0.04291 1220.7
0.04292 1212.2
0.04293 1204.0
0.04294 1196.1
0.04295 1188.5
0.04296 1181.1
0.04297 1174.0
0.04298 1167.2
0.04299 1160.6
0.04300 1154.2
0.04301 1148.1
0.04302 1142.2
0.04303 1136.5
0.04304 1130.9
0.04305 1125.6
0.04306 1120.5
0.04307 1115.5
0.04308 1110.8
0.04309 1106.1
0.04310 1101.7
0.04311 1097.4
0.04312 1093.2
0.04313 1089.2
0.04314 1085.3
0.04315 1081.6
0.04316 1078.0
0.04317 1074.5
0.04318 1071.1
0.04319 1067.8
0.04320 1064.6
0.04321 1061.6
0.04322 1058.6
0.04323 1055.8
0.04324 1053.0
0.04325 1050.3
0.04326 1047.7
0.04327 1045.2
0.04328 1042.8
0.04329 1040.4
0.04330 1038.2
0.04331 1036.0
0.04332 1033.8
0.04333 1031.8
0.04334 1029.8
0.04335 1027.8
0.04336 1025.9
0.04337 1024.1
0.04338 1022.3
0.04339 1020.6
0.04340 1019.0
0.04341 1017.3
0.04342 1015.8
0.04343 1014.3
0.04344 1012.8
0.04345 1011.4
0.04346 1010.0
0.04347 1008.6
0.04348 1007.3
0.04349 1006.1
0.04350 1004.8
0.04351 1003.6
0.04352 1002.5
0.04353 1001.3
0.04354 1000.3
0.04355 999.2
0.04356 998.2
0.04357 997.2
0.04358 996.2
0.04359 995.2
0.04360 994.3
0.04361 993.4
0.04362 992.5
0.04363 991.7
0.04364 990.9
0.04365 990.1
0.04366 989.3
0.04367 988.5
0.04368 987.8
0.04369 987.1
0.04370 986.4
0.04371 985.7
0.04372 985.1
0.04373 984.4
0.04374 983.8
0.04375 983.2
0.04376 982.6
0.04377 982.0
0.04378 981.5
0.04379 980.9
0.04380 980.4
0.04381 979.9
0.04382 979.4
0.04383 978.9
0.04384 978.4
0.04385 978.0
0.04386 977.5
0.04387 977.1
0.04388 976.6
0.04389 976.2
0.04390 975.8
0.04391 975.4
0.04392 975.0
0.04393 974.7
0.04394 974.3
0.04395 974.0
0.04396 973.6
0.04397 973.3
0.04398 972.9
0.04399 972.6
0.04400 972.3
0.04401 972.0
0.04402 971.7
0.04403 971.4
0.04404 971.1
0.04405 970.9
0.04406 970.6
0.04407 970.3
0.04408 970.1
0.04409 969.8
0.04410 969.6
0.04411 969.4
0.04412 969.1
0.04413 968.9
0.04414 968.7
0.04415 968.5
0.04416 968.3
0.04417 968.1
0.04418 967.9
0.04419 967.7
0.04420 967.5
0.04421 967.3
0.04422 967.2
0.04423 967.0
0.04424 966.8
0.04425 966.7
0.04426 966.5
0.04427 966.4
0.04428 966.2
0.04429 966.1
0.04430 965.9
0.04431 965.8
0.04432 965.7
0.04433 965.5
0.04434 965.4
0.04435 965.3
0.04436 965.2
0.04437 965.0
0.04438 964.9
0.04439 964.8
0.04440 964.7
0.04441 964.6
0.04442 964.5
0.04443 964.4
0.04444 964.3
0.04445 964.2
0.04446 964.1
0.04447 964.0
0.04448 963.9
0.04449 963.9
0.04450 963.8
0.04451 963.7
0.04452 963.6
0.04453 963.6
0.04454 963.5
0.04455 963.4
0.04456 963.4
0.04457 963.3
0.04458 963.2
0.04459 963.2
0.04460 963.1
0.04461 963.1
0.04462 963.0
0.04463 962.9
0.04464 962.9
0.04465 962.8
0.04466 962.8
0.04467 962.8
0.04468 962.7
0.04469 962.7
0.04470 962.6
0.04471 962.6
0.04472 962.6
0.04473 962.5
0.04474 962.5
0.04475 962.4
0.04476 962.4
0.04477 962.4
0.04478 962.4
0.04479 962.3
0.04480 962.3
0.04481 962.3
0.04482 962.3
0.04483 962.2
0.04484 962.2
0.04485 962.2
0.04486 962.2
0.04487 962.2
0.04488 962.1
0.04489 962.1
0.04490 962.1
0.04491 962.1
0.04492 962.1
0.04493 962.1
0.04494 962.1
0.04495 962.1
0.04496 962.0
0.04497 962.0
0.04498 962.0
0.04499 962.0
0.04500 962.0
0.04501 962.0
0.04502 962.0
0.04503 962.0
0.04504 962.0
0.04505 962.0
0.04506 962.0
0.04507 962.0
0.04508 962.0
0.04509 962.0
0.04510 962.0
0.04511 962.0
0.04512 962.0
0.04513 962.0
0.04514 962.1
0.04515 962.1
0.04516 962.1
0.04517 962.1
0.04518 962.1
0.04519 962.1
0.04520 962.1
0.04521 962.1
0.04522 962.1
0.04523 962.1
0.04524 962.2
0.04525 962.2
0.04526 962.2
0.04527 962.2
0.04528 962.2
0.04529 962.2
0.04530 962.3
0.04531 962.3
0.04532 962.3
0.04533 962.3
0.04534 962.3
0.04535 962.3
0.04536 962.4
0.04537 962.4
0.04538 962.4
0.04539 962.4
0.04540 962.5
0.04541 962.5
0.04542 962.5
0.04543 962.5
0.04544 962.5
0.04545 962.6
0.04546 962.6
0.04547 962.6
0.04548 962.6
0.04549 962.7
0.04550 962.7
0.04551 962.7
0.04552 962.8
0.04553 962.8
0.04554 962.8
0.04555 962.8
0.04556 962.9
0.04557 962.9
0.04558 962.9
0.04559 963.0
0.04560 963.0
0.04561 963.0
0.04562 963.0
0.04563 963.1
0.04564 963.1
0.04565 963.1
0.04566 963.2
0.04567 963.2
0.04568 963.2
0.04569 963.3
0.04570 963.3
0.04571 963.3
0.04572 963.4
0.04573 963.4
0.04574 963.4
0.04575 963.5
0.04576 963.5
0.04577 963.6
0.04578 963.6
0.04579 963.6
0.04580 963.7
0.04581 963.7
0.04582 963.7
0.04583 963.8
0.04584 963.8
0.04585 963.8
0.04586 963.9
0.04587 963.9
0.04588 964.0
0.04589 964.0
0.04590 964.0
0.04591 964.1
0.04592 964.1
0.04593 964.2
0.04594 964.2
0.04595 964.2
0.04596 964.3
0.04597 964.3
0.04598 964.4
0.04599 964.4
0.04600 964.4
0.04601 964.5
0.04602 964.5
0.04603 964.6
0.04604 964.6
0.04605 964.7
0.04606 964.7
0.04607 964.7
0.04608 964.8
0.04609 964.8
0.04610 964.9
0.04611 964.9
0.04612 965.0
0.04613 965.0
0.04614 965.0
0.04615 965.1
0.04616 965.1
0.04617 965.2
0.04618 965.2
0.04619 965.3
0.04620 965.3
0.04621 965.4
0.04622 965.4
0.04623 965.4
0.04624 965.5
0.04625 965.5
0.04626 965.6
0.04627 965.6
0.04628 965.7
0.04629 965.7
0.04630 965.8
0.04631 965.8
0.04632 965.9
0.04633 965.9
0.04634 966.0
0.04635 966.0
0.04636 966.1
0.04637 966.1
0.04638 966.1
0.04639 966.2
0.04640 966.2
0.04641 966.3
0.04642 966.3
0.04643 966.4
0.04644 966.4
0.04645 966.5
0.04646 966.5
0.04647 966.6
0.04648 966.6
0.04649 966.7
0.04650 966.7
0.04651 966.8
0.04652 966.8
0.04653 966.9
0.04654 966.9
0.04655 967.0
0.04656 967.0
0.04657 967.1
0.04658 967.1
0.04659 967.2
0.04660 967.2
0.04661 967.3
0.04662 967.3
0.04663 967.4
0.04664 967.4
0.04665 967.5
0.04666 967.5
0.04667 967.6
0.04668 967.6
0.04669 967.7
0.04670 967.7
0.04671 967.8
0.04672 967.8
0.04673 967.9
0.04674 967.9
0.04675 968.0
0.04676 968.1
0.04677 968.1
0.04678 968.2
0.04679 968.2
0.04680 968.3
0.04681 968.3
0.04682 968.4
0.04683 968.4
0.04684 968.5
0.04685 968.5
0.04686 968.6
0.04687 968.6
0.04688 968.7
0.04689 968.7
0.04690 968.8
0.04691 968.8
0.04692 968.9
0.04693 968.9
0.04694 969.0
0.04695 969.1
0.04696 969.1
0.04697 969.2
0.04698 969.2
0.04699 969.3
0.04700 969.3
0.04701 969.4
0.04702 969.4
0.04703 969.5
0.04704 969.5
0.04705 969.6
0.04706 969.6
0.04707 969.7
0.04708 969.8
0.04709 969.8
0.04710 969.9
0.04711 969.9
0.04712 970.0
0.04713 970.0
0.04714 970.1
0.04715 970.1
0.04716 970.2
0.04717 970.2
0.04718 970.3
0.04719 970.4
0.04720 970.4
0.04721 970.5
0.04722 970.5
0.04723 970.6
0.04724 970.6
0.04725 970.7
0.04726 970.7
0.04727 970.8
0.04728 970.9
0.04729 970.9
0.04730 971.0
0.04731 971.0
0.04732 971.1
0.04733 971.1
0.04734 971.2
0.04735 971.2
0.04736 971.3
0.04737 971.4
0.04738 971.4
0.04739 971.5
0.04740 971.5
0.04741 971.6
0.04742 971.6
0.04743 971.7
0.04744 971.7
0.04745 971.8
0.04746 971.9
0.04747 971.9
0.04748 972.0
0.04749 972.0
0.04750 972.1
0.04751 972.1
0.04752 972.2
0.04753 972.3
0.04754 972.3
0.04755 972.4
0.04756 972.4
0.04757 972.5
0.04758 972.5
0.04759 972.6
0.04760 972.6
0.04761 972.7
0.04762 972.8
0.04763 972.8
0.04764 972.9
0.04765 972.9
0.04766 973.0
0.04767 973.0
0.04768 973.1
0.04769 973.2
0.04770 973.2
0.04771 973.3
0.04772 973.3
0.04773 973.4
0.04774 973.4
0.04775 973.5
0.04776 973.6
0.04777 973.6
0.04778 973.7
0.04779 973.7
0.04780 973.8
0.04781 973.8
0.04782 973.9
0.04783 973.9
0.04784 974.0
0.04785 974.1
0.04786 974.1
0.04787 974.2
0.04788 974.2
0.04789 974.3
0.04790 974.3
0.04791 974.4
0.04792 974.5
0.04793 974.5
0.04794 974.6
0.04795 974.6
0.04796 974.7
0.04797 974.7
0.04798 974.8
0.04799 974.9
0.04800 974.9
0.04801 975.0
0.04802 975.0
0.04803 975.1
0.04804 975.1
0.04805 975.2
0.04806 975.3
0.04807 975.3
0.04808 975.4
0.04809 975.4
0.04810 975.5
0.04811 975.5
0.04812 975.6
0.04813 975.7
0.04814 975.7
0.04815 975.8
0.04816 975.8
0.04817 975.9
0.04818 975.9
0.04819 976.0
0.04820 976.1
0.04821 976.1
0.04822 976.2
0.04823 976.2
0.04824 976.3
0.04825 976.3
0.04826 976.4
0.04827 976.5
0.04828 976.5
0.04829 976.6
0.04830 976.6
0.04831 976.7
0.04832 976.7
0.04833 976.8
0.04834 976.9
0.04835 976.9
0.04836 977.0
0.04837 977.0
0.04838 977.1
0.04839 977.1
0.04840 977.2
0.04841 977.3
0.04842 977.3
0.04843 977.4
0.04844 977.4
0.04845 977.5
0.04846 977.5
0.04847 977.6
0.04848 977.6
0.04849 977.7
0.04850 977.8
0.04851 977.8
0.04852 977.9
0.04853 977.9
0.04854 978.0
0.04855 978.0
0.04856 978.1
0.04857 978.2
0.04858 978.2
0.04859 978.3
0.04860 978.3
0.04861 978.4
0.04862 978.4
0.04863 978.5
0.04864 978.6
0.04865 978.6
0.04866 978.7
0.04867 978.7
0.04868 978.8
0.04869 978.8
0.04870 978.9
0.04871 979.0
0.04872 979.0
0.04873 979.1
0.04874 979.1
0.04875 979.2
0.04876 979.2
0.04877 979.3
0.04878 979.3
0.04879 979.4
0.04880 979.5
0.04881 979.5
0.04882 979.6
0.04883 979.6
0.04884 979.7
0.04885 979.7
0.04886 979.8
0.04887 979.8
0.04888 979.9
0.04889 980.0
0.04890 980.0
0.04891 980.1
0.04892 980.1
0.04893 980.2
0.04894 980.2
0.04895 980.3
0.04896 980.4
0.04897 980.4
0.04898 980.5
0.04899 980.5
0.04900 980.6
0.04901 980.6
0.04902 980.7
0.04903 980.7
0.04904 980.8
0.04905 980.9
0.04906 980.9
0.04907 981.0
0.04908 981.0
0.04909 981.1
0.04910 981.1
0.04911 981.2
0.04912 981.2
0.04913 981.3
0.04914 981.4
0.04915 981.4
0.04916 981.5
0.04917 981.5
0.04918 981.6
0.04919 981.6
0.04920 981.7
0.04921 981.7
0.04922 981.8
0.04923 981.8
0.04924 981.9
0.04925 982.0
0.04926 982.0
0.04927 982.1
0.04928 982.1
0.04929 982.2
0.04930 982.2
0.04931 982.3
0.04932 982.3
0.04933 982.4
0.04934 982.4
0.04935 982.5
0.04936 982.6
0.04937 982.6
0.04938 982.7
0.04939 982.7
0.04940 982.8
0.04941 982.8
0.04942 982.9
0.04943 982.9
0.04944 983.0
0.04945 983.0
0.04946 983.1
0.04947 983.2
0.04948 983.2
0.04949 983.3
0.04950 983.3
0.04951 983.4
0.04952 983.4
0.04953 983.5
0.04954 983.5
0.04955 983.6
0.04956 983.6
0.04957 983.7
0.04958 983.7
0.04959 983.8
0.04960 983.9
0.04961 983.9
0.04962 984.0
0.04963 984.0
0.04964 984.1
0.04965 984.1
0.04966 984.2
0.04967 984.2
0.04968 984.3
0.04969 984.3
0.04970 984.4
0.04971 984.4
0.04972 984.5
0.04973 984.5
0.04974 984.6
0.04975 984.6
0.04976 984.7
0.04977 984.8
0.04978 984.8
0.04979 984.9
0.04980 984.9
0.04981 985.0
0.04982 985.0
0.04983 985.1
0.04984 985.1
0.04985 985.2
0.04986 985.2
0.04987 985.3
0.04988 985.3
0.04989 985.4
0.04990 985.4
0.04991 985.5
0.04992 985.5
0.04993 985.6
0.04994 985.6
0.04995 985.7
0.04996 985.7
0.04997 985.8
0.04998 985.9
0.04999 985.9
0.05000 986.0
0.05001 986.0
0.05002 986.1
0.05003 986.1
0.05004 986.2
0.05005 986.2
0.05006 986.3
0.05007 986.3
0.05008 986.4
0.05009 986.4
0.05010 986.5
0.05011 986.5
0.05012 986.6
0.05013 986.6
0.05014 986.7
0.05015 986.7
0.05016 986.8
0.05017 986.8
0.05018 986.9
0.05019 986.9
0.05020 987.0
0.05021 987.0
0.05022 987.1
0.05023 987.1
0.05024 987.2
0.05025 987.2
0.05026 987.3
0.05027 987.3
0.05028 987.4
0.05029 987.4
0.05030 987.5
0.05031 987.5
0.05032 987.6
0.05033 987.6
0.05034 987.7
0.05035 987.7
0.05036 987.8
0.05037 987.8
0.05038 987.9
0.05039 987.9
0.05040 988.0
0.05041 988.0
0.05042 988.1
0.05043 988.1
0.05044 988.2
0.05045 988.2
0.05046 988.3
0.05047 988.3
0.05048 988.4
0.05049 988.4
0.05050 988.5
0.05051 988.5
0.05052 988.6
0.05053 988.6
0.05054 988.7
0.05055 988.7
0.05056 988.8
0.05057 988.8
0.05058 988.9
0.05059 988.9
0.05060 989.0
0.05061 989.0
0.05062 989.1
0.05063 989.1
0.05064 989.2
0.05065 989.2
0.05066 989.3
0.05067 989.3
0.05068 989.3
0.05069 989.4
0.05070 989.4
0.05071 989.5
0.05072 989.5
0.05073 989.6
0.05074 989.6
0.05075 989.7
0.05076 989.7
0.05077 989.8
0.05078 989.8
0.05079 989.9
0.05080 989.9
0.05081 990.0
0.05082 990.0
0.05083 990.1
0.05084 990.1
0.05085 990.2
0.05086 990.2
0.05087 990.3
0.05088 990.3
0.05089 990.3
0.05090 990.4
0.05091 990.4
0.05092 990.5
0.05093 990.5
0.05094 990.6
0.05095 990.6
0.05096 990.7
0.05097 990.7
0.05098 990.8
0.05099 990.8
0.05100 990.9
0.05101 990.9
0.05102 991.0
0.05103 991.0
0.05104 991.0
0.05105 991.1
0.05106 991.1
0.05107 991.2
0.05108 991.2
0.05109 991.3
0.05110 991.3
0.05111 991.4
0.05112 991.4
0.05113 991.5
0.05114 991.5
0.05115 991.6
0.05116 991.6
0.05117 991.6
0.05118 991.7
0.05119 991.7
0.05120 991.8
0.05121 991.8
0.05122 991.9
0.05123 991.9
0.05124 992.0
0.05125 992.0
0.05126 992.0
0.05127 992.1
0.05128 992.1
0.05129 992.2
0.05130 992.2
0.05131 992.3
0.05132 992.3
0.05133 992.4
0.05134 992.4
0.05135 992.4
0.05136 992.5
0.05137 992.5
0.05138 992.6
0.05139 992.6
0.05140 992.7
0.05141 992.7
0.05142 992.8
0.05143 992.8
0.05144 992.8
0.05145 992.9
0.05146 992.9
0.05147 993.0
0.05148 993.0
0.05149 993.1
0.05150 993.1
0.05151 993.2
0.05152 993.2
0.05153 993.2
0.05154 993.3
0.05155 993.3
0.05156 993.4
0.05157 993.4
0.05158 993.5
0.05159 993.5
0.05160 993.5
0.05161 993.6
0.05162 993.6
0.05163 993.7
0.05164 993.7
0.05165 993.8
0.05166 993.8
0.05167 993.8
0.05168 993.9
0.05169 993.9
0.05170 994.0
0.05171 994.0
0.05172 994.1
0.05173 994.1
0.05174 994.1
0.05175 994.2
0.05176 994.2
0.05177 994.3
0.05178 994.3
0.05179 994.3
0.05180 994.4
0.05181 994.4
0.05182 994.5
0.05183 994.5
0.05184 994.6
0.05185 994.6
0.05186 994.6
0.05187 994.7
0.05188 994.7
0.05189 994.8
0.05190 994.8
0.05191 994.8
0.05192 994.9
0.05193 994.9
0.05194 995.0
0.05195 995.0
0.05196 995.0
0.05197 995.1
0.05198 995.1
0.05199 995.2
0.05200 995.2
0.05201 995.2
0.05202 995.3
0.05203 995.3
0.05204 995.4
0.05205 995.4
0.05206 995.5
0.05207 995.5
0.05208 995.5
0.05209 995.6
0.05210 995.6
0.05211 995.7
0.05212 995.7
0.05213 995.7
0.05214 995.8
0.05215 995.8
0.05216 995.9
0.05217 995.9
0.05218 995.9
0.05219 996.0
0.05220 996.0
0.05221 996.0
0.05222 996.1
0.05223 996.1
0.05224 996.2
0.05225 996.2
0.05226 996.2
0.05227 996.3
0.05228 996.3
0.05229 996.4
0.05230 996.4
0.05231 996.4
0.05232 996.5
0.05233 996.5
0.05234 996.6
0.05235 996.6
0.05236 996.6
0.05237 996.7
0.05238 996.7
0.05239 996.7
0.05240 996.8
0.05241 996.8
0.05242 996.9
0.05243 996.9
0.05244 996.9
0.05245 997.0
0.05246 997.0
0.05247 997.1
0.05248 997.1
0.05249 997.1
0.05250 997.2
0.05251 997.2
0.05252 997.2
0.05253 997.3
0.05254 997.3
0.05255 997.4
0.05256 997.4
0.05257 997.4
0.05258 997.5
0.05259 997.5
0.05260 997.5
0.05261 997.6
0.05262 997.6
0.05263 997.6
0.05264 997.7
0.05265 997.7
0.05266 997.8
0.05267 997.8
0.05268 997.8
0.05269 997.9
0.05270 997.9
0.05271 997.9
0.05272 998.0
0.05273 998.0
0.05274 998.1
0.05275 998.1
0.05276 998.1
0.05277 998.2
0.05278 998.2
0.05279 998.2
0.05280 998.3
0.05281 998.3
0.05282 998.3
0.05283 998.4
0.05284 998.4
0.05285 998.4
0.05286 998.5
0.05287 998.5
0.05288 998.6
0.05289 998.6
0.05290 998.6
0.05291 998.7
0.05292 998.7
0.05293 998.7
0.05294 998.8
0.05295 998.8
0.05296 998.8
0.05297 998.9
0.05298 998.9
0.05299 998.9
0.05300 999.0
0.05301 999.0
0.05302 999.0
0.05303 999.1
0.05304 999.1
0.05305 999.2
0.05306 999.2
0.05307 999.2
0.05308 999.3
0.05309 999.3
0.05310 999.3
0.05311 999.4
0.05312 999.4
0.05313 999.4
0.05314 999.5
0.05315 999.5
0.05316 999.5
0.05317 999.6
0.05318 999.6
0.05319 999.6
0.05320 999.7
0.05321 999.7
0.05322 999.7
0.05323 999.8
0.05324 999.8
0.05325 999.8
0.05326 999.9
0.05327 999.9
0.05328 999.9
0.05329 1000.0
0.05330 1000.0
0.05331 1000.0
0.05332 1000.1
0.05333 1000.1
0.05334 1000.1
0.05335 1000.2
0.05336 1000.2
0.05337 1000.2
0.05338 1000.3
0.05339 1000.3
0.05340 1000.3
0.05341 1000.4
0.05342 1000.4
0.05343 1000.4
0.05344 1000.5
0.05345 1000.5
0.05346 1000.5
0.05347 1000.6
0.05348 1000.6
0.05349 1000.6
0.05350 1000.7
0.05351 1000.7
0.05352 1000.7
0.05353 1000.7
0.05354 1000.8
0.05355 1000.8
0.05356 1000.8
0.05357 1000.9
0.05358 1000.9
0.05359 1000.9
0.05360 1001.0
0.05361 1001.0
0.05362 1001.0
0.05363 1001.1
0.05364 1001.1
0.05365 1001.1
0.05366 1001.2
0.05367 1001.2
0.05368 1001.2
0.05369 1001.3
0.05370 1001.3
0.05371 1001.3
0.05372 1001.3
0.05373 1001.4
0.05374 1001.4
0.05375 1001.4
0.05376 1001.5
0.05377 1001.5
0.05378 1001.5
0.05379 1001.6
0.05380 1001.6
0.05381 1001.6
0.05382 1001.7
0.05383 1001.7
0.05384 1001.7
0.05385 1001.7
0.05386 1001.8
0.05387 1001.8
0.05388 1001.8
0.05389 1001.9
0.05390 1001.9
0.05391 1001.9
0.05392 1002.0
0.05393 1002.0
0.05394 1002.0
0.05395 1002.0
0.05396 1002.1
0.05397 1002.1
0.05398 1002.1
0.05399 1002.2
0.05400 1002.2
0.05401 1002.2
0.05402 1002.3
0.05403 1002.3
0.05404 1002.3
0.05405 1002.3
0.05406 1002.4
0.05407 1002.4
0.05408 1002.4
0.05409 1002.5
0.05410 1002.5
0.05411 1002.5
0.05412 1002.5
0.05413 1002.6
0.05414 1002.6
0.05415 1002.6
0.05416 1002.7
0.05417 1002.7
0.05418 1002.7
0.05419 1002.7
0.05420 1002.8
0.05421 1002.8
0.05422 1002.8
0.05423 1002.9
0.05424 1002.9
0.05425 1002.9
0.05426 1002.9
0.05427 1003.0
0.05428 1003.0
0.05429 1003.0
0.05430 1003.1
0.05431 1003.1
0.05432 1003.1
0.05433 1003.1
0.05434 1003.2
0.05435 1003.2
0.05436 1003.2
0.05437 1003.3
0.05438 1003.3
0.05439 1003.3
0.05440 1003.3
0.05441 1003.4
0.05442 1003.4
0.05443 1003.4
0.05444 1003.4
0.05445 1003.5
0.05446 1003.5
0.05447 1003.5
0.05448 1003.6
0.05449 1003.6
0.05450 1003.6
0.05451 1003.6
0.05452 1003.7
0.05453 1003.7
0.05454 1003.7
0.05455 1003.7
0.05456 1003.8
0.05457 1003.8
0.05458 1003.8
0.05459 1003.9
0.05460 1003.9
0.05461 1003.9
0.05462 1003.9
0.05463 1004.0
0.05464 1004.0
0.05465 1004.0
0.05466 1004.0
0.05467 1004.1
0.05468 1004.1
0.05469 1004.1
0.05470 1004.1
0.05471 1004.2
0.05472 1004.2
0.05473 1004.2
0.05474 1004.2
0.05475 1004.3
0.05476 1004.3
0.05477 1004.3
0.05478 1004.3
0.05479 1004.4
0.05480 1004.4
0.05481 1004.4
0.05482 1004.5
0.05483 1004.5
0.05484 1004.5
0.05485 1004.5
0.05486 1004.6
0.05487 1004.6
0.05488 1004.6
0.05489 1004.6
0.05490 1004.7
0.05491 1004.7
0.05492 1004.7
0.05493 1004.7
0.05494 1004.8
0.05495 1004.8
0.05496 1004.8
0.05497 1004.8
0.05498 1004.9
0.05499 1004.9
0.05500 1004.9
0.05501 1004.9
0.05502 1005.0
0.05503 1005.0
0.05504 1005.0
0.05505 1005.0
0.05506 1005.1
0.05507 1005.1
0.05508 1005.1
0.05509 1005.1
0.05510 1005.2
0.05511 1005.2
0.05512 1005.2
0.05513 1005.2
0.05514 1005.2
0.05515 1005.3
0.05516 1005.3
0.05517 1005.3
0.05518 1005.3
0.05519 1005.4
0.05520 1005.4
0.05521 1005.4
0.05522 1005.4
0.05523 1005.5
0.05524 1005.5
0.05525 1005.5
0.05526 1005.5
0.05527 1005.6
0.05528 1005.6
0.05529 1005.6
0.05530 1005.6
0.05531 1005.7
0.05532 1005.7
0.05533 1005.7
0.05534 1005.7
0.05535 1005.7
0.05536 1005.8
0.05537 1005.8
0.05538 1005.8
0.05539 1005.8
0.05540 1005.9
0.05541 1005.9
0.05542 1005.9
0.05543 1005.9
0.05544 1006.0
0.05545 1006.0
0.05546 1006.0
0.05547 1006.0
0.05548 1006.0
0.05549 1006.1
0.05550 1006.1
0.05551 1006.1
0.05552 1006.1
0.05553 1006.2
0.05554 1006.2
0.05555 1006.2
0.05556 1006.2
0.05557 1006.2
0.05558 1006.3
0.05559 1006.3
0.05560 1006.3
0.05561 1006.3
0.05562 1006.4
0.05563 1006.4
0.05564 1006.4
0.05565 1006.4
0.05566 1006.4
0.05567 1006.5
0.05568 1006.5
0.05569 1006.5
0.05570 1006.5
0.05571 1006.6
0.05572 1006.6
0.05573 1006.6
0.05574 1006.6
0.05575 1006.6
0.05576 1006.7
0.05577 1006.7
0.05578 1006.7
0.05579 1006.7
0.05580 1006.8
0.05581 1006.8
0.05582 1006.8
0.05583 1006.8
0.05584 1006.8
0.05585 1006.9
0.05586 1006.9
0.05587 1006.9
0.05588 1006.9
0.05589 1006.9
0.05590 1007.0
0.05591 1007.0
0.05592 1007.0
0.05593 1007.0
0.05594 1007.1
0.05595 1007.1
0.05596 1007.1
0.05597 1007.1
0.05598 1007.1
0.05599 1007.2
0.05600 1007.2
0.05601 1007.2
0.05602 1007.2
0.05603 1007.2
0.05604 1007.3
0.05605 1007.3
0.05606 1007.3
0.05607 1007.3
0.05608 1007.3
0.05609 1007.4
0.05610 1007.4
0.05611 1007.4
0.05612 1007.4
0.05613 1007.4
0.05614 1007.5
0.05615 1007.5
0.05616 1007.5
0.05617 1007.5
0.05618 1007.5
0.05619 1007.6
0.05620 1007.6
0.05621 1007.6
0.05622 1007.6
0.05623 1007.6
0.05624 1007.7
0.05625 1007.7
0.05626 1007.7
0.05627 1007.7
0.05628 1007.7
0.05629 1007.8
0.05630 1007.8
0.05631 1007.8
0.05632 1007.8
0.05633 1007.8
0.05634 1007.9
0.05635 1007.9
0.05636 1007.9
0.05637 1007.9
0.05638 1007.9
0.05639 1008.0
0.05640 1008.0
0.05641 1008.0
0.05642 1008.0
0.05643 1008.0
0.05644 1008.1
0.05645 1008.1
0.05646 1008.1
0.05647 1008.1
0.05648 1008.1
0.05649 1008.1
0.05650 1008.2
0.05651 1008.2
0.05652 1008.2
0.05653 1008.2
0.05654 1008.2
0.05655 1008.3
0.05656 1008.3
0.05657 1008.3
0.05658 1008.3
0.05659 1008.3
0.05660 1008.4
0.05661 1008.4
0.05662 1008.4
0.05663 1008.4
0.05664 1008.4
0.05665 1008.4
0.05666 1008.5
0.05667 1008.5
0.05668 1008.5
0.05669 1008.5
0.05670 1008.5
0.05671 1008.6
0.05672 1008.6
0.05673 1008.6
0.05674 1008.6
0.05675 1008.6
0.05676 1008.6
0.05677 1008.7
0.05678 1008.7
0.05679 1008.7
0.05680 1008.7
0.05681 1008.7
0.05682 1008.8
0.05683 1008.8
0.05684 1008.8
0.05685 1008.8
0.05686 1008.8
0.05687 1008.8
0.05688 1008.9
0.05689 1008.9
0.05690 1008.9
0.05691 1008.9
0.05692 1008.9
0.05693 1008.9
0.05694 1009.0
0.05695 1009.0
0.05696 1009.0
0.05697 1009.0
0.05698 1009.0
0.05699 1009.0
0.05700 1009.1
0.05701 1009.1
0.05702 1009.1
0.05703 1009.1
0.05704 1009.1
0.05705 1009.2
0.05706 1009.2
0.05707 1009.2
0.05708 1009.2
0.05709 1009.2
0.05710 1009.2
0.05711 1009.3
0.05712 1009.3
0.05713 1009.3
0.05714 1009.3
0.05715 1009.3
0.05716 1009.3
0.05717 1009.4
0.05718 1009.4
0.05719 1009.4
0.05720 1009.4
0.05721 1009.4
0.05722 1009.4
0.05723 1009.5
0.05724 1009.5
0.05725 1009.5
0.05726 1009.5
0.05727 1009.5
0.05728 1009.5
0.05729 1009.6
0.05730 1009.6
0.05731 1009.6
0.05732 1009.6
0.05733 1009.6
0.05734 1009.6
0.05735 1009.6
0.05736 1009.7
0.05737 1009.7
0.05738 1009.7
0.05739 1009.7
0.05740 1009.7
0.05741 1009.7
0.05742 1009.8
0.05743 1009.8
0.05744 1009.8
0.05745 1009.8
0.05746 1009.8
0.05747 1009.8
0.05748 1009.9
0.05749 1009.9
0.05750 1009.9
0.05751 1009.9
0.05752 1009.9
0.05753 1009.9
0.05754 1009.9
0.05755 1010.0
0.05756 1010.0
0.05757 1010.0
0.05758 1010.0
0.05759 1010.0
0.05760 1010.0
0.05761 1010.1
0.05762 1010.1
0.05763 1010.1
0.05764 1010.1
0.05765 1010.1
0.05766 1010.1
0.05767 1010.1
0.05768 1010.2
0.05769 1010.2
0.05770 1010.2
0.05771 1010.2
0.05772 1010.2
0.05773 1010.2
0.05774 1010.3
0.05775 1010.3
0.05776 1010.3
0.05777 1010.3
0.05778 1010.3
0.05779 1010.3
0.05780 1010.3
0.05781 1010.4
0.05782 1010.4
0.05783 1010.4
0.05784 1010.4
0.05785 1010.4
0.05786 1010.4
0.05787 1010.4
0.05788 1010.5
0.05789 1010.5
0.05790 1010.5
0.05791 1010.5
0.05792 1010.5
0.05793 1010.5
0.05794 1010.5
0.05795 1010.6
0.05796 1010.6
0.05797 1010.6
0.05798 1010.6
0.05799 1010.6
0.05800 1010.6
0.05801 1010.6
0.05802 1010.7
0.05803 1010.7
0.05804 1010.7
0.05805 1010.7
0.05806 1010.7
0.05807 1010.7
0.05808 1010.7
0.05809 1010.8
0.05810 1010.8
0.05811 1010.8
0.05812 1010.8
0.05813 1010.8
0.05814 1010.8
0.05815 1010.8
0.05816 1010.9
0.05817 1010.9
0.05818 1010.9
0.05819 1010.9
0.05820 1010.9
0.05821 1010.9
0.05822 1010.9
0.05823 1011.0
0.05824 1011.0
0.05825 1011.0
0.05826 1011.0
0.05827 1011.0
0.05828 1011.0
0.05829 1011.0
0.05830 1011.0
0.05831 1011.1
0.05832 1011.1
0.05833 1011.1
0.05834 1011.1
0.05835 1011.1
0.05836 1011.1
0.05837 1011.1
0.05838 1011.2
0.05839 1011.2
0.05840 1011.2
0.05841 1011.2
0.05842 1011.2
0.05843 1011.2
0.05844 1011.2
0.05845 1011.2
0.05846 1011.3
0.05847 1011.3
0.05848 1011.3
0.05849 1011.3
0.05850 1011.3
0.05851 1011.3
0.05852 1011.3
0.05853 1011.3
0.05854 1011.4
0.05855 1011.4
0.05856 1011.4
0.05857 1011.4
0.05858 1011.4
0.05859 1011.4
0.05860 1011.4
0.05861 1011.5
0.05862 1011.5
0.05863 1011.5
0.05864 1011.5
0.05865 1011.5
0.05866 1011.5
0.05867 1011.5
0.05868 1011.5
0.05869 1011.6
0.05870 1011.6
0.05871 1011.6
0.05872 1011.6
0.05873 1011.6
0.05874 1011.6
0.05875 1011.6
0.05876 1011.6
0.05877 1011.7
0.05878 1011.7
0.05879 1011.7
0.05880 1011.7
0.05881 1011.7
0.05882 1011.7
0.05883 1011.7
0.05884 1011.7
0.05885 1011.7
0.05886 1011.8
0.05887 1011.8
0.05888 1011.8
0.05889 1011.8
0.05890 1011.8
0.05891 1011.8
0.05892 1011.8
0.05893 1011.8
0.05894 1011.9
0.05895 1011.9
0.05896 1011.9
0.05897 1011.9
0.05898 1011.9
0.05899 1011.9
0.05900 1011.9
0.05901 1011.9
0.05902 1012.0
0.05903 1012.0
0.05904 1012.0
0.05905 1012.0
0.05906 1012.0
0.05907 1012.0
0.05908 1012.0
0.05909 1012.0
0.05910 1012.0
0.05911 1012.1
0.05912 1012.1
0.05913 1012.1
0.05914 1012.1
0.05915 1012.1
0.05916 1012.1
0.05917 1012.1
0.05918 1012.1
0.05919 1012.1
0.05920 1012.2
0.05921 1012.2
0.05922 1012.2
0.05923 1012.2
0.05924 1012.2
0.05925 1012.2
0.05926 1012.2
0.05927 1012.2
0.05928 1012.3
0.05929 1012.3
0.05930 1012.3
0.05931 1012.3
0.05932 1012.3
0.05933 1012.3
0.05934 1012.3
0.05935 1012.3
0.05936 1012.3
0.05937 1012.3
0.05938 1012.4
0.05939 1012.4
0.05940 1012.4
0.05941 1012.4
0.05942 1012.4
0.05943 1012.4
0.05944 1012.4
0.05945 1012.4
0.05946 1012.4
0.05947 1012.5
0.05948 1012.5
0.05949 1012.5
0.05950 1012.5
0.05951 1012.5
0.05952 1012.5
0.05953 1012.5
0.05954 1012.5
0.05955 1012.5
0.05956 1012.6
0.05957 1012.6
0.05958 1012.6
0.05959 1012.6
0.05960 1012.6
0.05961 1012.6
0.05962 1012.6
0.05963 1012.6
0.05964 1012.6
0.05965 1012.6
0.05966 1012.7
0.05967 1012.7
0.05968 1012.7
0.05969 1012.7
0.05970 1012.7
0.05971 1012.7
0.05972 1012.7
0.05973 1012.7
0.05974 1012.7
0.05975 1012.8
0.05976 1012.8
0.05977 1012.8
0.05978 1012.8
0.05979 1012.8
0.05980 1012.8
0.05981 1012.8
0.05982 1012.8
0.05983 1012.8
0.05984 1012.8
0.05985 1012.9
0.05986 1012.9
0.05987 1012.9
0.05988 1012.9
0.05989 1012.9
0.05990 1012.9
0.05991 1012.9
0.05992 1012.9
0.05993 1012.9
0.05994 1012.9
0.05995 1013.0
0.05996 1013.0
0.05997 1013.0
0.05998 1013.0
0.05999 1013.0
0.06000 1018.8
0.06001 1018.8
0.06002 1018.8
0.06003 1018.8
0.06004 1018.8
0.06005 1018.8
0.06006 1018.8
0.06007 1018.8
0.06008 1018.8
0.06009 1018.8
0.06010 1018.8
0.06011 1018.8
0.06012 1018.8
0.06013 1018.8
0.06014 1018.8
0.06015 1018.8
0.06016 1018.8
0.06017 1018.8
0.06018 1018.8
0.06019 1018.8
0.06020 1018.8
0.06021 1018.8
0.06022 1018.8
0.06023 1018.8
0.06024 1018.8
0.06025 1018.8
0.06026 1018.8
0.06027 1018.8
0.06028 1018.8
0.06029 1018.8
0.06030 1018.8
0.06031 1018.8
0.06032 1018.8
0.06033 1018.8
0.06034 1018.8
0.06035 1018.8
0.06036 1018.8
0.06037 1018.8
0.06038 1018.8
0.06039 1018.8
0.06040 1018.8
0.06041 1018.8
0.06042 1018.8
0.06043 1018.8
0.06044 1018.8
0.06045 1018.8
0.06046 1018.8
0.06047 1018.8
0.06048 1018.8
0.06049 1018.8
0.06050 1018.8
0.06051 1018.8
0.06052 1018.8
0.06053 1018.8
0.06054 1018.8
0.06055 1018.8
0.06056 1018.8
0.06057 1018.8
0.06058 1018.8
0.06059 1018.8
0.06060 1018.8
0.06061 1018.8
0.06062 1018.8
0.06063 1018.8
0.06064 1018.8
0.06065 1018.8
0.06066 1018.8
0.06067 1018.8
0.06068 1018.8
0.06069 1018.8
0.06070 1018.8
0.06071 1018.8
0.06072 1018.8
0.06073 1018.8
0.06074 1018.8
0.06075 1018.8
0.06076 1018.8
0.06077 1018.8
0.06078 1018.8
0.06079 1018.8
0.06080 1018.8
0.06081 1018.8
0.06082 1018.8
0.06083 1018.8
0.06084 1018.8
0.06085 1018.8
0.06086 1018.8
0.06087 1018.8
0.06088 1018.8
0.06089 1018.8
0.06090 1018.8
0.06091 1018.8
0.06092 1018.8
0.06093 1018.8
0.06094 1018.8
0.06095 1018.8
0.06096 1018.8
0.06097 1018.8
0.06098 1018.8
0.06099 1018.8
0.06100 1018.8
0.06101 1037.4
0.06102 1056.2
0.06103 1075.4
0.06104 1094.8
0.06105 1114.5
0.06106 1134.5
0.06107 1154.8
0.06108 1175.4
0.06109 1196.3
0.06110 1217.5
0.06111 1239.0
0.06112 1260.9
0.06113 1283.0
0.06114 1305.5
0.06115 1328.4
0.06116 1351.6
0.06117 1375.1
0.06118 1399.1
0.06119 1423.3
0.06120 1448.0
0.06121 1473.1
0.06122 1498.6
0.06123 1524.5
0.06124 1550.9
0.06125 1577.7
0.06126 1605.1
0.06127 1632.9
0.06128 1661.4
0.06129 1690.5
0.06130 1720.2
0.06131 1750.6
0.06132 1781.9
0.06133 1814.0
0.06134 1847.1
0.06135 1881.2
0.06136 1916.6
0.06137 1953.3
0.06138 1991.6
0.06139 2031.6
0.06140 2073.7
0.06141 2118.0
0.06142 2164.9
0.06143 2214.9
0.06144 2268.5
0.06145 2326.1
0.06146 2388.6
0.06147 2456.8
0.06148 2531.6
0.06149 2614.3
0.06150 2706.4
0.06151 2759.8
0.06152 2823.8
0.06153 2900.0
0.06154 2990.1
0.06155 3096.1
0.06156 3220.5
0.06157 3366.1
0.06158 3536.0
0.06159 3733.9
0.06160 3963.5
0.06161 4228.2
0.06162 4530.7
0.06163 4871.5
0.06164 5248.3
0.06165 5653.7
0.06166 6075.8
0.06167 6498.1
0.06168 6903.3
0.06169 7276.3
0.06170 7607.5
0.06171 7893.0
0.06172 8133.4
0.06173 8332.1
0.06174 8493.5
0.06175 8622.5
0.06176 8723.1
0.06177 8799.2
0.06178 8853.7
0.06179 8889.3
0.06180 8908.0
0.06181 8911.7
0.06182 8901.7
0.06183 8879.2
0.06184 8845.3
0.06185 8800.7
0.06186 8746.1
0.06187 8682.3
0.06188 8609.7
0.06189 8528.8
0.06190 8440.1
0.06191 8344.0
0.06192 8240.9
0.06193 8131.3
0.06194 8015.5
0.06195 7894.1
0.06196 7767.3
0.06197 7635.6
0.06198 7499.5
0.06199 7359.5
0.06200 7215.9
0.06201 7069.2
0.06202 6920.0
0.06203 6768.6
0.06204 6615.6
0.06205 6461.4
0.06206 6306.5
0.06207 6151.3
0.06208 5996.2
0.06209 5841.8
0.06210 5688.3
0.06211 5536.2
0.06212 5385.8
0.06213 5237.5
0.06214 5091.4
0.06215 4948.1
0.06216 4807.5
0.06217 4670.1
0.06218 4535.9
0.06219 4405.1
0.06220 4277.9
0.06221 4154.4
0.06222 4034.6
0.06223 3918.6
0.06224 3806.5
0.06225 3698.1
0.06226 3593.6
0.06227 3492.9
0.06228 3395.9
0.06229 3302.6
0.06230 3213.0
0.06231 3126.9
0.06232 3044.2
0.06233 2964.9
0.06234 2888.8
0.06235 2815.9
0.06236 2746.0
0.06237 2679.0
0.06238 2614.8
0.06239 2553.4
0.06240 2494.5
0.06241 2438.0
0.06242 2384.0
0.06243 2332.1
0.06244 2282.5
0.06245 2234.9
0.06246 2189.2
0.06247 2145.4
0.06248 2103.4
0.06249 2063.0
0.06250 2024.3
0.06251 1987.0
0.06252 1951.2
0.06253 1916.8
0.06254 1883.8
0.06255 1851.9
0.06256 1821.3
0.06257 1791.8
0.06258 1763.3
0.06259 1735.9
0.06260 1709.5
0.06261 1684.1
0.06262 1659.5
0.06263 1635.8
0.06264 1612.9
0.06265 1590.9
0.06266 1569.6
0.06267 1549.0
0.06268 1529.1
0.06269 1509.9
0.06270 1491.4
0.06271 1473.5
0.06272 1456.2
0.06273 1439.5
0.06274 1423.4
0.06275 1407.8
0.06276 1392.8
0.06277 1378.3
0.06278 1364.2
0.06279 1350.7
0.06280 1337.6
0.06281 1325.0
0.06282 1312.8
0.06283 1301.1
0.06284 1289.7
0.06285 1278.8
0.06286 1268.2
0.06287 1258.0
0.06288 1248.2
0.06289 1238.7
0.06290 1229.6
0.06291 1220.7
0.06292 1212.2
0.06293 1204.0
0.06294 1196.1
0.06295 1188.5
0.06296 1181.1
0.06297 1174.0
0.06298 1167.2
0.06299 1160.6
0.06300 1154.2
0.06301 1148.1
0.06302 1142.2
0.06303 1136.5
0.06304 1130.9
0.06305 1125.6
0.06306 1120.5
0.06307 1115.5
0.06308 1110.8
0.06309 1106.1
0.06310 1101.7
0.06311 1097.4
0.06312 1093.2
0.06313 1089.2
0.06314 1085.3
0.06315 1081.6
0.06316 1078.0
0.06317 1074.5
0.06318 1071.1
0.06319 1067.8
0.06320 1064.6
0.06321 1061.6
0.06322 1058.6
0.06323 1055.8
0.06324 1053.0
0.06325 1050.3
0.06326 1047.7
0.06327 1045.2
0.06328 1042.8
0.06329 1040.4
0.06330 1038.2
0.06331 1036.0
0.06332 1033.8
0.06333 1031.8
0.06334 1029.8
0.06335 1027.8
0.06336 1025.9
0.06337 1024.1
0.06338 1022.3
0.06339 1020.6
0.06340 1019.0
0.06341 1017.3
0.06342 1015.8
0.06343 1014.3
0.06344 1012.8
0.06345 1011.4
0.06346 1010.0
0.06347 1008.6
0.06348 1007.3
0.06349 1006.1
0.06350 1004.8
0.06351 1003.6
0.06352 1002.5
0.06353 1001.3
0.06354 1000.3
0.06355 999.2
0.06356 998.2
0.06357 997.2
0.06358 996.2
0.06359 995.2
0.06360 994.3
0.06361 993.4
0.06362 992.5
0.06363 991.7
0.06364 990.9
0.06365 990.1
0.06366 989.3
0.06367 988.5
0.06368 987.8
0.06369 987.1
0.06370 986.4
0.06371 985.7
0.06372 985.1
0.06373 984.4
0.06374 983.8
0.06375 983.2
0.06376 982.6
0.06377 982.0
0.06378 981.5
0.06379 980.9
0.06380 980.4
0.06381 979.9
0.06382 979.4
0.06383 978.9
0.06384 978.4
0.06385 978.0
0.06386 977.5
0.06387 977.1
0.06388 976.6
0.06389 976.2
0.06390 975.8
0.06391 975.4
0.06392 975.0
0.06393 974.7
0.06394 974.3
0.06395 974.0
0.06396 973.6
0.06397 973.3
0.06398 972.9
0.06399 972.6
0.06400 972.3
0.06401 972.0
0.06402 971.7
0.06403 971.4
0.06404 971.1
0.06405 970.9
0.06406 970.6
0.06407 970.3
0.06408 970.1
0.06409 969.8
0.06410 969.6
0.06411 969.4
0.06412 969.1
0.06413 968.9
0.06414 968.7
0.06415 968.5
0.06416 968.3
0.06417 968.1
0.06418 967.9
0.06419 967.7
0.06420 967.5
0.06421 967.3
0.06422 967.2
0.06423 967.0
0.06424 966.8
0.06425 966.7
0.06426 966.5
0.06427 966.4
0.06428 966.2
0.06429 966.1
0.06430 965.9
0.06431 965.8
0.06432 965.7
0.06433 965.5
0.06434 965.4
0.06435 965.3
0.06436 965.2
0.06437 965.0
0.06438 964.9
0.06439 964.8
0.06440 964.7
0.06441 964.6
0.06442 964.5
0.06443 964.4
0.06444 964.3
0.06445 964.2
0.06446 964.1
0.06447 964.0
0.06448 963.9
0.06449 963.9
0.06450 963.8
0.06451 963.7
0.06452 963.6
0.06453 963.6
0.06454 963.5
0.06455 963.4
0.06456 963.4
0.06457 963.3
0.06458 963.2
0.06459 963.2
0.06460 963.1
0.06461 963.1
0.06462 963.0
0.06463 962.9
0.06464 962.9
0.06465 962.8
0.06466 962.8
0.06467 962.8
0.06468 962.7
0.06469 962.7
0.06470 962.6
0.06471 962.6
0.06472 962.6
0.06473 962.5
0.06474 962.5
0.06475 962.4
0.06476 962.4
0.06477 962.4
0.06478 962.4
0.06479 962.3
0.06480 962.3
0.06481 962.3
0.06482 962.3
0.06483 962.2
0.06484 962.2
0.06485 962.2
0.06486 962.2
0.06487 962.2
0.06488 962.1
0.06489 962.1
0.06490 962.1
0.06491 962.1
0.06492 962.1
0.06493 962.1
0.06494 962.1
0.06495 962.1
0.06496 962.0
0.06497 962.0
0.06498 962.0
0.06499 962.0
0.06500 962.0
0.06501 962.0
0.06502 962.0
0.06503 962.0
0.06504 962.0
0.06505 962.0
0.06506 962.0
0.06507 962.0
0.06508 962.0
0.06509 962.0
0.06510 962.0
0.06511 962.0
0.06512 962.0
0.06513 962.0
0.06514 962.1
0.06515 962.1
0.06516 962.1
0.06517 962.1
0.06518 962.1
0.06519 962.1
0.06520 962.1
0.06521 962.1
0.06522 962.1
0.06523 962.1
0.06524 962.2
0.06525 962.2
0.06526 962.2
0.06527 962.2
0.06528 962.2
0.06529 962.2
0.06530 962.3
0.06531 962.3
0.06532 962.3
0.06533 962.3
0.06534 962.3
0.06535 962.3
0.06536 962.4
0.06537 962.4
0.06538 962.4
0.06539 962.4
0.06540 962.5
0.06541 962.5
0.06542 962.5
0.06543 962.5
0.06544 962.5
0.06545 962.6
0.06546 962.6
0.06547 962.6
0.06548 962.6
0.06549 962.7
0.06550 962.7
0.06551 962.7
0.06552 962.8
0.06553 962.8
0.06554 962.8
0.06555 962.8
0.06556 962.9
0.06557 962.9
0.06558 962.9
0.06559 963.0
0.06560 963.0
0.06561 963.0
0.06562 963.0
0.06563 963.1
0.06564 963.1
0.06565 963.1
0.06566 963.2
0.06567 963.2
0.06568 963.2
0.06569 963.3
0.06570 963.3
0.06571 963.3
0.06572 963.4
0.06573 963.4
0.06574 963.4
0.06575 963.5
0.06576 963.5
0.06577 963.6
0.06578 963.6
0.06579 963.6
0.06580 963.7
0.06581 963.7
0.06582 963.7
0.06583 963.8
0.06584 963.8
0.06585 963.8
0.06586 963.9
0.06587 963.9
0.06588 964.0
0.06589 964.0
0.06590 964.0
0.06591 964.1
0.06592 964.1
0.06593 964.2
0.06594 964.2
0.06595 964.2
0.06596 964.3
0.06597 964.3
0.06598 964.4
0.06599 964.4
0.06600 964.4
0.06601 964.5
0.06602 964.5
0.06603 964.6
0.06604 964.6
0.06605 964.7
0.06606 964.7
0.06607 964.7
0.06608 964.8
0.06609 964.8
0.06610 964.9
0.06611 964.9
0.06612 965.0
0.06613 965.0
0.06614 965.0
0.06615 965.1
0.06616 965.1
0.06617 965.2
0.06618 965.2
0.06619 965.3
0.06620 965.3
0.06621 965.4
0.06622 965.4
0.06623 965.4
0.06624 965.5
0.06625 965.5
0.06626 965.6
0.06627 965.6
0.06628 965.7
0.06629 965.7
0.06630 965.8
0.06631 965.8
0.06632 965.9
0.06633 965.9
0.06634 966.0
0.06635 966.0
0.06636 966.1
0.06637 966.1
0.06638 966.1
0.06639 966.2
0.06640 966.2
0.06641 966.3
0.06642 966.3
0.06643 966.4
0.06644 966.4
0.06645 966.5
0.06646 966.5
0.06647 966.6
0.06648 966.6
0.06649 966.7
0.06650 966.7
0.06651 966.8
0.06652 966.8
0.06653 966.9
0.06654 966.9
0.06655 967.0
0.06656 967.0
0.06657 967.1
0.06658 967.1
0.06659 967.2
0.06660 967.2
0.06661 967.3
0.06662 967.3
0.06663 967.4
0.06664 967.4
0.06665 967.5
0.06666 967.5
0.06667 967.6
0.06668 967.6
0.06669 967.7
0.06670 967.7
0.06671 967.8
0.06672 967.8
0.06673 967.9
0.06674 967.9
0.06675 968.0
0.06676 968.1
0.06677 968.1
0.06678 968.2
0.06679 968.2
0.06680 968.3
0.06681 968.3
0.06682 968.4
0.06683 968.4
0.06684 968.5
0.06685 968.5
0.06686 968.6
0.06687 968.6
0.06688 968.7
0.06689 968.7
0.06690 968.8
0.06691 968.8
0.06692 968.9
0.06693 968.9
0.06694 969.0
0.06695 969.1
0.06696 969.1
0.06697 969.2
0.06698 969.2
0.06699 969.3
0.06700 969.3
0.06701 969.4
0.06702 969.4
0.06703 969.5
0.06704 969.5
0.06705 969.6
0.06706 969.6
0.06707 969.7
0.06708 969.8
0.06709 969.8
0.06710 969.9
0.06711 969.9
0.06712 970.0
0.06713 970.0
0.06714 970.1
0.06715 970.1
0.06716 970.2
0.06717 970.2
0.06718 970.3
0.06719 970.4
0.06720 970.4
0.06721 970.5
0.06722 970.5
0.06723 970.6
0.06724 970.6
0.06725 970.7
0.06726 970.7
0.06727 970.8
0.06728 970.9
0.06729 970.9
0.06730 971.0
0.06731 971.0
0.06732 971.1
0.06733 971.1
0.06734 971.2
0.06735 971.2
0.06736 971.3
0.06737 971.4
0.06738 971.4
0.06739 971.5
0.06740 971.5
0.06741 971.6
0.06742 971.6
0.06743 971.7
0.06744 971.7
0.06745 971.8
0.06746 971.9
0.06747 971.9
0.06748 972.0
0.06749 972.0
0.06750 972.1
0.06751 972.1
0.06752 972.2
0.06753 972.3
0.06754 972.3
0.06755 972.4
0.06756 972.4
0.06757 972.5
0.06758 972.5
0.06759 972.6
0.06760 972.6
0.06761 972.7
0.06762 972.8
0.06763 972.8
0.06764 972.9
0.06765 972.9
0.06766 973.0
0.06767 973.0
0.06768 973.1
0.06769 973.2
0.06770 973.2
0.06771 973.3
0.06772 973.3
0.06773 973.4
0.06774 973.4
0.06775 973.5
0.06776 973.6
0.06777 973.6
0.06778 973.7
0.06779 973.7
0.06780 973.8
0.06781 973.8
0.06782 973.9
0.06783 973.9
0.06784 974.0
0.06785 974.1
0.06786 974.1
0.06787 974.2
0.06788 974.2
0.06789 974.3
0.06790 974.3
0.06791 974.4
0.06792 974.5
0.06793 974.5
0.06794 974.6
0.06795 974.6
0.06796 974.7
0.06797 974.7
0.06798 974.8
0.06799 974.9
0.06800 974.9
0.06801 975.0
0.06802 975.0
0.06803 975.1
0.06804 975.1
0.06805 975.2
0.06806 975.3
0.06807 975.3
0.06808 975.4
0.06809 975.4
0.06810 975.5
0.06811 975.5
0.06812 975.6
0.06813 975.7
0.06814 975.7
0.06815 975.8
0.06816 975.8
0.06817 975.9
0.06818 975.9
0.06819 976.0
0.06820 976.1
0.06821 976.1
0.06822 976.2
0.06823 976.2
0.06824 976.3
0.06825 976.3
0.06826 976.4
0.06827 976.5
0.06828 976.5
0.06829 976.6
0.06830 976.6
0.06831 976.7
0.06832 976.7
0.06833 976.8
0.06834 976.9
0.06835 976.9
0.06836 977.0
0.06837 977.0
0.06838 977.1
0.06839 977.1
0.06840 977.2
0.06841 977.3
0.06842 977.3
0.06843 977.4
0.06844 977.4
0.06845 977.5
0.06846 977.5
0.06847 977.6
0.06848 977.6
0.06849 977.7
0.06850 977.8
0.06851 977.8
0.06852 977.9
0.06853 977.9
0.06854 978.0
0.06855 978.0
0.06856 978.1
0.06857 978.2
0.06858 978.2
0.06859 978.3
0.06860 978.3
0.06861 978.4
0.06862 978.4
0.06863 978.5
0.06864 978.6
0.06865 978.6
0.06866 978.7
0.06867 978.7
0.06868 978.8
0.06869 978.8
0.06870 978.9
0.06871 979.0
0.06872 979.0
0.06873 979.1
0.06874 979.1
0.06875 979.2
0.06876 979.2
0.06877 979.3
0.06878 979.3
0.06879 979.4
0.06880 979.5
0.06881 979.5
0.06882 979.6
0.06883 979.6
0.06884 979.7
0.06885 979.7
0.06886 979.8
0.06887 979.8
0.06888 979.9
0.06889 980.0
0.06890 980.0
0.06891 980.1
0.06892 980.1
0.06893 980.2
0.06894 980.2
0.06895 980.3
0.06896 980.4
0.06897 980.4
0.06898 980.5
0.06899 980.5
0.06900 980.6
0.06901 980.6
0.06902 980.7
0.06903 980.7
0.06904 980.8
0.06905 980.9
0.06906 980.9
0.06907 981.0
0.06908 981.0
0.06909 981.1
0.06910 981.1
0.06911 981.2
0.06912 981.2
0.06913 981.3
0.06914 981.4
0.06915 981.4
0.06916 981.5
0.06917 981.5
0.06918 981.6
0.06919 981.6
0.06920 981.7
0.06921 981.7
0.06922 981.8
0.06923 981.8
0.06924 981.9
0.06925 982.0
0.06926 982.0
0.06927 982.1
0.06928 982.1
0.06929 982.2
0.06930 982.2
0.06931 982.3
0.06932 982.3
0.06933 982.4
0.06934 982.4
0.06935 982.5
0.06936 982.6
0.06937 982.6
0.06938 982.7
0.06939 982.7
0.06940 982.8
0.06941 982.8
0.06942 982.9
0.06943 982.9
0.06944 983.0
0.06945 983.0
0.06946 983.1
0.06947 983.2
0.06948 983.2
0.06949 983.3
0.06950 983.3
0.06951 983.4
0.06952 983.4
0.06953 983.5
0.06954 983.5
0.06955 983.6
0.06956 983.6
0.06957 983.7
0.06958 983.7
0.06959 983.8
0.06960 983.9
0.06961 983.9
0.06962 984.0
0.06963 984.0
0.06964 984.1
0.06965 984.1
0.06966 984.2
0.06967 984.2
0.06968 984.3
0.06969 984.3
0.06970 984.4
0.06971 984.4
0.06972 984.5
0.06973 984.5
0.06974 984.6
0.06975 984.6
0.06976 984.7
0.06977 984.8
0.06978 984.8
0.06979 984.9
0.06980 984.9
0.06981 985.0
0.06982 985.0
0.06983 985.1
0.06984 985.1
0.06985 985.2
0.06986 985.2
0.06987 985.3
0.06988 985.3
0.06989 985.4
0.06990 985.4
0.06991 985.5
0.06992 985.5
0.06993 985.6
0.06994 985.6
0.06995 985.7
0.06996 985.7
0.06997 985.8
0.06998 985.9
0.06999 985.9
0.07000 986.0
0.07001 986.0
0.07002 986.1
0.07003 986.1
0.07004 986.2
0.07005 986.2
0.07006 986.3
0.07007 986.3
0.07008 986.4
0.07009 986.4
0.07010 986.5
0.07011 986.5
0.07012 986.6
0.07013 986.6
0.07014 986.7
0.07015 986.7
0.07016 986.8
0.07017 986.8
0.07018 986.9
0.07019 986.9
0.07020 987.0
0.07021 987.0
0.07022 987.1
0.07023 987.1
0.07024 987.2
0.07025 987.2
0.07026 987.3
0.07027 987.3
0.07028 987.4
0.07029 987.4
0.07030 987.5
0.07031 987.5
0.07032 987.6
0.07033 987.6
0.07034 987.7
0.07035 987.7
0.07036 987.8
0.07037 987.8
0.07038 987.9
0.07039 987.9
0.07040 988.0
0.07041 988.0
0.07042 988.1
0.07043 988.1
0.07044 988.2
0.07045 988.2
0.07046 988.3
0.07047 988.3
0.07048 988.4
0.07049 988.4
0.07050 988.5
0.07051 988.5
0.07052 988.6
0.07053 988.6
0.07054 988.7
0.07055 988.7
0.07056 988.8
0.07057 988.8
0.07058 988.9
0.07059 988.9
0.07060 989.0
0.07061 989.0
0.07062 989.1
0.07063 989.1
0.07064 989.2
0.07065 989.2
0.07066 989.3
0.07067 989.3
0.07068 989.3
0.07069 989.4
0.07070 989.4
0.07071 989.5
0.07072 989.5
0.07073 989.6
0.07074 989.6
0.07075 989.7
0.07076 989.7
0.07077 989.8
0.07078 989.8
0.07079 989.9
0.07080 989.9
0.07081 990.0
0.07082 990.0
0.07083 990.1
0.07084 990.1
0.07085 990.2
0.07086 990.2
0.07087 990.3
0.07088 990.3
0.07089 990.3
0.07090 990.4
0.07091 990.4
0.07092 990.5
0.07093 990.5
0.07094 990.6
0.07095 990.6
0.07096 990.7
0.07097 990.7
0.07098 990.8
0.07099 990.8
0.07100 990.9
0.07101 990.9
0.07102 991.0
0.07103 991.0
0.07104 991.0
0.07105 991.1
0.07106 991.1
0.07107 991.2
0.07108 991.2
0.07109 991.3
0.07110 991.3
0.07111 991.4
0.07112 991.4
0.07113 991.5
0.07114 991.5
0.07115 991.6
0.07116 991.6
0.07117 991.6
0.07118 991.7
0.07119 991.7
0.07120 991.8
0.07121 991.8
0.07122 991.9
0.07123 991.9
0.07124 992.0
0.07125 992.0
0.07126 992.0
0.07127 992.1
0.07128 992.1
0.07129 992.2
0.07130 992.2
0.07131 992.3
0.07132 992.3
0.07133 992.4
0.07134 992.4
0.07135 992.4
0.07136 992.5
0.07137 992.5
0.07138 992.6
0.07139 992.6
0.07140 992.7
0.07141 992.7
0.07142 992.8
0.07143 992.8
0.07144 992.8
0.07145 992.9
0.07146 992.9
0.07147 993.0
0.07148 993.0
0.07149 993.1
0.07150 993.1
0.07151 993.2
0.07152 993.2
0.07153 993.2
0.07154 993.3
0.07155 993.3
0.07156 993.4
0.07157 993.4
0.07158 993.5
0.07159 993.5
0.07160 993.5
0.07161 993.6
0.07162 993.6
0.07163 993.7
0.07164 993.7
0.07165 993.8
0.07166 993.8
0.07167 993.8
0.07168 993.9
0.07169 993.9
0.07170 994.0
0.07171 994.0
0.07172 994.1
0.07173 994.1
0.07174 994.1
0.07175 994.2
0.07176 994.2
0.07177 994.3
0.07178 994.3
0.07179 994.3
0.07180 994.4
0.07181 994.4
0.07182 994.5
0.07183 994.5
0.07184 994.6
0.07185 994.6
0.07186 994.6
0.07187 994.7
0.07188 994.7
0.07189 994.8
0.07190 994.8
0.07191 994.8
0.07192 994.9
0.07193 994.9
0.07194 995.0
0.07195 995.0
0.07196 995.0
0.07197 995.1
0.07198 995.1
0.07199 995.2
0.07200 995.2
0.07201 995.2
0.07202 995.3
0.07203 995.3
0.07204 995.4
0.07205 995.4
0.07206 995.5
0.07207 995.5
0.07208 995.5
0.07209 995.6
0.07210 995.6
0.07211 995.7
0.07212 995.7
0.07213 995.7
0.07214 995.8
0.07215 995.8
0.07216 995.9
0.07217 995.9
0.07218 995.9
0.07219 996.0
0.07220 996.0
0.07221 996.0
0.07222 996.1
0.07223 996.1
0.07224 996.2
0.07225 996.2
0.07226 996.2
0.07227 996.3
0.07228 996.3
0.07229 996.4
0.07230 996.4
0.07231 996.4
0.07232 996.5
0.07233 996.5
0.07234 996.6
0.07235 996.6
0.07236 996.6
0.07237 996.7
0.07238 996.7
0.07239 996.7
0.07240 996.8
0.07241 996.8
0.07242 996.9
0.07243 996.9
0.07244 996.9
0.07245 997.0
0.07246 997.0
0.07247 997.1
0.07248 997.1
0.07249 997.1
0.07250 997.2
0.07251 997.2
0.07252 997.2
0.07253 997.3
0.07254 997.3
0.07255 997.4
0.07256 997.4
0.07257 997.4
0.07258 997.5
0.07259 997.5
0.07260 997.5
0.07261 997.6
0.07262 997.6
0.07263 997.6
0.07264 997.7
0.07265 997.7
0.07266 997.8
0.07267 997.8
0.07268 997.8
0.07269 997.9
0.07270 997.9
0.07271 997.9
0.07272 998.0
0.07273 998.0
0.07274 998.1
0.07275 998.1
0.07276 998.1
0.07277 998.2
0.07278 998.2
0.07279 998.2
0.07280 998.3
0.07281 998.3
0.07282 998.3
0.07283 998.4
0.07284 998.4
0.07285 998.4
0.07286 998.5
0.07287 998.5
0.07288 998.6
0.07289 998.6
0.07290 998.6
0.07291 998.7
0.07292 998.7
0.07293 998.7
0.07294 998.8
0.07295 998.8
0.07296 998.8
0.07297 998.9
0.07298 998.9
0.07299 998.9
0.07300 999.0
0.07301 999.0
0.07302 999.0
0.07303 999.1
0.07304 999.1
0.07305 999.2
0.07306 999.2
0.07307 999.2
0.07308 999.3
0.07309 999.3
0.07310 999.3
0.07311 999.4
0.07312 999.4
0.07313 999.4
0.07314 999.5
0.07315 999.5
0.07316 999.5
0.07317 999.6
0.07318 999.6
0.07319 999.6
0.07320 999.7
0.07321 999.7
0.07322 999.7
0.07323 999.8
0.07324 999.8
0.07325 999.8
0.07326 999.9
0.07327 999.9
0.07328 999.9
0.07329 1000.0
0.07330 1000.0
0.07331 1000.0
0.07332 1000.1
0.07333 1000.1
0.07334 1000.1
0.07335 1000.2
0.07336 1000.2
0.07337 1000.2
0.07338 1000.3
0.07339 1000.3
0.07340 1000.3
0.07341 1000.4
0.07342 1000.4
0.07343 1000.4
0.07344 1000.5
0.07345 1000.5
0.07346 1000.5
0.07347 1000.6
0.07348 1000.6
0.07349 1000.6
0.07350 1000.7
0.07351 1000.7
0.07352 1000.7
0.07353 1000.7
0.07354 1000.8
0.07355 1000.8
0.07356 1000.8
0.07357 1000.9
0.07358 1000.9
0.07359 1000.9
0.07360 1001.0
0.07361 1001.0
0.07362 1001.0
0.07363 1001.1
0.07364 1001.1
0.07365 1001.1
0.07366 1001.2
0.07367 1001.2
0.07368 1001.2
0.07369 1001.3
0.07370 1001.3
0.07371 1001.3
0.07372 1001.3
0.07373 1001.4
0.07374 1001.4
0.07375 1001.4
0.07376 1001.5
0.07377 1001.5
0.07378 1001.5
0.07379 1001.6
0.07380 1001.6
0.07381 1001.6
0.07382 1001.7
0.07383 1001.7
0.07384 1001.7
0.07385 1001.7
0.07386 1001.8
0.07387 1001.8
0.07388 1001.8
0.07389 1001.9
0.07390 1001.9
0.07391 1001.9
0.07392 1002.0
0.07393 1002.0
0.07394 1002.0
0.07395 1002.0
0.07396 1002.1
0.07397 1002.1
0.07398 1002.1
0.07399 1002.2
0.07400 1002.2
0.07401 1002.2
0.07402 1002.3
0.07403 1002.3
0.07404 1002.3
0.07405 1002.3
0.07406 1002.4
0.07407 1002.4
0.07408 1002.4
0.07409 1002.5
0.07410 1002.5
0.07411 1002.5
0.07412 1002.5
0.07413 1002.6
0.07414 1002.6
0.07415 1002.6
0.07416 1002.7
0.07417 1002.7
0.07418 1002.7
0.07419 1002.7
0.07420 1002.8
0.07421 1002.8
0.07422 1002.8
0.07423 1002.9
0.07424 1002.9
0.07425 1002.9
0.07426 1002.9
0.07427 1003.0
0.07428 1003.0
0.07429 1003.0
0.07430 1003.1
0.07431 1003.1
0.07432 1003.1
0.07433 1003.1
0.07434 1003.2
0.07435 1003.2
0.07436 1003.2
0.07437 1003.3
0.07438 1003.3
0.07439 1003.3
0.07440 1003.3
0.07441 1003.4
0.07442 1003.4
0.07443 1003.4
0.07444 1003.4
0.07445 1003.5
0.07446 1003.5
0.07447 1003.5
0.07448 1003.6
0.07449 1003.6
0.07450 1003.6
0.07451 1003.6
0.07452 1003.7
0.07453 1003.7
0.07454 1003.7
0.07455 1003.7
0.07456 1003.8
0.07457 1003.8
0.07458 1003.8
0.07459 1003.9
0.07460 1003.9
0.07461 1003.9
0.07462 1003.9
0.07463 1004.0
0.07464 1004.0
0.07465 1004.0
0.07466 1004.0
0.07467 1004.1
0.07468 1004.1
0.07469 1004.1
0.07470 1004.1
0.07471 1004.2
0.07472 1004.2
0.07473 1004.2
0.07474 1004.2
0.07475 1004.3
0.07476 1004.3
0.07477 1004.3
0.07478 1004.3
0.07479 1004.4
0.07480 1004.4
0.07481 1004.4
0.07482 1004.5
0.07483 1004.5
0.07484 1004.5
0.07485 1004.5
0.07486 1004.6
0.07487 1004.6
0.07488 1004.6
0.07489 1004.6
0.07490 1004.7
0.07491 1004.7
0.07492 1004.7
0.07493 1004.7
0.07494 1004.8
0.07495 1004.8
0.07496 1004.8
0.07497 1004.8
0.07498 1004.9
0.07499 1004.9
0.07500 1004.9
0.07501 1004.9
0.07502 1005.0
0.07503 1005.0
0.07504 1005.0
0.07505 1005.0
0.07506 1005.1
0.07507 1005.1
0.07508 1005.1
0.07509 1005.1
0.07510 1005.2
0.07511 1005.2
0.07512 1005.2
0.07513 1005.2
0.07514 1005.2
0.07515 1005.3
0.07516 1005.3
0.07517 1005.3
0.07518 1005.3
0.07519 1005.4
0.07520 1005.4
0.07521 1005.4
0.07522 1005.4
0.07523 1005.5
0.07524 1005.5
0.07525 1005.5
0.07526 1005.5
0.07527 1005.6
0.07528 1005.6
0.07529 1005.6
0.07530 1005.6
0.07531 1005.7
0.07532 1005.7
0.07533 1005.7
0.07534 1005.7
0.07535 1005.7
0.07536 1005.8
0.07537 1005.8
0.07538 1005.8
0.07539 1005.8
0.07540 1005.9
0.07541 1005.9
0.07542 1005.9
0.07543 1005.9
0.07544 1006.0
0.07545 1006.0
0.07546 1006.0
0.07547 1006.0
0.07548 1006.0
0.07549 1006.1
0.07550 1006.1
0.07551 1006.1
0.07552 1006.1
0.07553 1006.2
0.07554 1006.2
0.07555 1006.2
0.07556 1006.2
0.07557 1006.2
0.07558 1006.3
0.07559 1006.3
0.07560 1006.3
0.07561 1006.3
0.07562 1006.4
0.07563 1006.4
0.07564 1006.4
0.07565 1006.4
0.07566 1006.4
0.07567 1006.5
0.07568 1006.5
0.07569 1006.5
0.07570 1006.5
0.07571 1006.6
0.07572 1006.6
0.07573 1006.6
0.07574 1006.6
0.07575 1006.6
0.07576 1006.7
0.07577 1006.7
0.07578 1006.7
0.07579 1006.7
0.07580 1006.8
0.07581 1006.8
0.07582 1006.8
0.07583 1006.8
0.07584 1006.8
0.07585 1006.9
0.07586 1006.9
0.07587 1006.9
0.07588 1006.9
0.07589 1006.9
0.07590 1007.0
0.07591 1007.0
0.07592 1007.0
0.07593 1007.0
0.07594 1007.1
0.07595 1007.1
0.07596 1007.1
0.07597 1007.1
0.07598 1007.1
0.07599 1007.2
0.07600 1007.2
0.07601 1007.2
0.07602 1007.2
0.07603 1007.2
0.07604 1007.3
0.07605 1007.3
0.07606 1007.3
0.07607 1007.3
0.07608 1007.3
0.07609 1007.4
0.07610 1007.4
0.07611 1007.4
0.07612 1007.4
0.07613 1007.4
0.07614 1007.5
0.07615 1007.5
0.07616 1007.5
0.07617 1007.5
0.07618 1007.5
0.07619 1007.6
0.07620 1007.6
0.07621 1007.6
0.07622 1007.6
0.07623 1007.6
0.07624 1007.7
0.07625 1007.7
0.07626 1007.7
0.07627 1007.7
0.07628 1007.7
0.07629 1007.8
0.07630 1007.8
0.07631 1007.8
0.07632 1007.8
0.07633 1007.8
0.07634 1007.9
0.07635 1007.9
0.07636 1007.9
0.07637 1007.9
0.07638 1007.9
0.07639 1008.0
0.07640 1008.0
0.07641 1008.0
0.07642 1008.0
0.07643 1008.0
0.07644 1008.1
0.07645 1008.1
0.07646 1008.1
0.07647 1008.1
0.07648 1008.1
0.07649 1008.1
0.07650 1008.2
0.07651 1008.2
0.07652 1008.2
0.07653 1008.2
0.07654 1008.2
0.07655 1008.3
0.07656 1008.3
0.07657 1008.3
0.07658 1008.3
0.07659 1008.3
0.07660 1008.4
0.07661 1008.4
0.07662 1008.4
0.07663 1008.4
0.07664 1008.4
0.07665 1008.4
0.07666 1008.5
0.07667 1008.5
0.07668 1008.5
0.07669 1008.5
0.07670 1008.5
0.07671 1008.6
0.07672 1008.6
0.07673 1008.6
0.07674 1008.6
0.07675 1008.6
0.07676 1008.6
0.07677 1008.7
0.07678 1008.7
0.07679 1008.7
0.07680 1008.7
0.07681 1008.7
0.07682 1008.8
0.07683 1008.8
0.07684 1008.8
0.07685 1008.8
0.07686 1008.8
0.07687 1008.8
0.07688 1008.9
0.07689 1008.9
0.07690 1008.9
0.07691 1008.9
0.07692 1008.9
0.07693 1008.9
0.07694 1009.0
0.07695 1009.0
0.07696 1009.0
0.07697 1009.0
0.07698 1009.0
0.07699 1009.0
0.07700 1009.1
0.07701 1009.1
0.07702 1009.1
0.07703 1009.1
0.07704 1009.1
0.07705 1009.2
0.07706 1009.2
0.07707 1009.2
0.07708 1009.2
0.07709 1009.2
0.07710 1009.2
0.07711 1009.3
0.07712 1009.3
0.07713 1009.3
0.07714 1009.3
0.07715 1009.3
0.07716 1009.3
0.07717 1009.4
0.07718 1009.4
0.07719 1009.4
0.07720 1009.4
0.07721 1009.4
0.07722 1009.4
0.07723 1009.5
0.07724 1009.5
0.07725 1009.5
0.07726 1009.5
0.07727 1009.5
0.07728 1009.5
0.07729 1009.6
0.07730 1009.6
0.07731 1009.6
0.07732 1009.6
0.07733 1009.6
0.07734 1009.6
0.07735 1009.6
0.07736 1009.7
0.07737 1009.7
0.07738 1009.7
0.07739 1009.7
0.07740 1009.7
0.07741 1009.7
0.07742 1009.8
0.07743 1009.8
0.07744 1009.8
0.07745 1009.8
0.07746 1009.8
0.07747 1009.8
0.07748 1009.9
0.07749 1009.9
0.07750 1009.9
0.07751 1009.9
0.07752 1009.9
0.07753 1009.9
0.07754 1009.9
0.07755 1010.0
0.07756 1010.0
0.07757 1010.0
0.07758 1010.0
0.07759 1010.0
0.07760 1010.0
0.07761 1010.1
0.07762 1010.1
0.07763 1010.1
0.07764 1010.1
0.07765 1010.1
0.07766 1010.1
0.07767 1010.1
0.07768 1010.2
0.07769 1010.2
0.07770 1010.2
0.07771 1010.2
0.07772 1010.2
0.07773 1010.2
0.07774 1010.3
0.07775 1010.3
0.07776 1010.3
0.07777 1010.3
0.07778 1010.3
0.07779 1010.3
0.07780 1010.3
0.07781 1010.4
0.07782 1010.4
0.07783 1010.4
0.07784 1010.4
0.07785 1010.4
0.07786 1010.4
0.07787 1010.4
0.07788 1010.5
0.07789 1010.5
0.07790 1010.5
0.07791 1010.5
0.07792 1010.5
0.07793 1010.5
0.07794 1010.5
0.07795 1010.6
0.07796 1010.6
0.07797 1010.6
0.07798 1010.6
0.07799 1010.6
0.07800 1010.6
0.07801 1010.6
0.07802 1010.7
0.07803 1010.7
0.07804 1010.7
0.07805 1010.7
0.07806 1010.7
0.07807 1010.7
0.07808 1010.7
0.07809 1010.8
0.07810 1010.8
0.07811 1010.8
0.07812 1010.8
0.07813 1010.8
0.07814 1010.8
0.07815 1010.8
0.07816 1010.9
0.07817 1010.9
0.07818 1010.9
0.07819 1010.9
0.07820 1010.9
0.07821 1010.9
0.07822 1010.9
0.07823 1011.0
0.07824 1011.0
0.07825 1011.0
0.07826 1011.0
0.07827 1011.0
0.07828 1011.0
0.07829 1011.0
0.07830 1011.0
0.07831 1011.1
0.07832 1011.1
0.07833 1011.1
0.07834 1011.1
0.07835 1011.1
0.07836 1011.1
0.07837 1011.1
0.07838 1011.2
0.07839 1011.2
0.07840 1011.2
0.07841 1011.2
0.07842 1011.2
0.07843 1011.2
0.07844 1011.2
0.07845 1011.2
0.07846 1011.3
0.07847 1011.3
0.07848 1011.3
0.07849 1011.3
0.07850 1011.3
0.07851 1011.3
0.07852 1011.3
0.07853 1011.3
0.07854 1011.4
0.07855 1011.4
0.07856 1011.4
0.07857 1011.4
0.07858 1011.4
0.07859 1011.4
0.07860 1011.4
0.07861 1011.5
0.07862 1011.5
0.07863 1011.5
0.07864 1011.5
0.07865 1011.5
0.07866 1011.5
0.07867 1011.5
0.07868 1011.5
0.07869 1011.6
0.07870 1011.6
0.07871 1011.6
0.07872 1011.6
0.07873 1011.6
0.07874 1011.6
0.07875 1011.6
0.07876 1011.6
0.07877 1011.7
0.07878 1011.7
0.07879 1011.7
0.07880 1011.7
0.07881 1011.7
0.07882 1011.7
0.07883 1011.7
0.07884 1011.7
0.07885 1011.7
0.07886 1011.8
0.07887 1011.8
0.07888 1011.8
0.07889 1011.8
0.07890 1011.8
0.07891 1011.8
0.07892 1011.8
0.07893 1011.8
0.07894 1011.9
0.07895 1011.9
0.07896 1011.9
0.07897 1011.9
0.07898 1011.9
0.07899 1011.9
0.07900 1011.9
0.07901 1011.9
0.07902 1012.0
0.07903 1012.0
0.07904 1012.0
0.07905 1012.0
0.07906 1012.0
0.07907 1012.0
0.07908 1012.0
0.07909 1012.0
0.07910 1012.0
0.07911 1012.1
0.07912 1012.1
0.07913 1012.1
0.07914 1012.1
0.07915 1012.1
0.07916 1012.1
0.07917 1012.1
0.07918 1012.1
0.07919 1012.1
0.07920 1012.2
0.07921 1012.2
0.07922 1012.2
0.07923 1012.2
0.07924 1012.2
0.07925 1012.2
0.07926 1012.2
0.07927 1012.2
0.07928 1012.3
0.07929 1012.3
0.07930 1012.3
0.07931 1012.3
0.07932 1012.3
0.07933 1012.3
0.07934 1012.3
0.07935 1012.3
0.07936 1012.3
0.07937 1012.3
0.07938 1012.4
0.07939 1012.4
0.07940 1012.4
0.07941 1012.4
0.07942 1012.4
0.07943 1012.4
0.07944 1012.4
0.07945 1012.4
0.07946 1012.4
0.07947 1012.5
0.07948 1012.5
0.07949 1012.5
0.07950 1012.5
0.07951 1012.5
0.07952 1012.5
0.07953 1012.5
0.07954 1012.5
0.07955 1012.5
0.07956 1012.6
0.07957 1012.6
0.07958 1012.6
0.07959 1012.6
0.07960 1012.6
0.07961 1012.6
0.07962 1012.6
0.07963 1012.6
0.07964 1012.6
0.07965 1012.6
0.07966 1012.7
0.07967 1012.7
0.07968 1012.7
0.07969 1012.7
0.07970 1012.7
0.07971 1012.7
0.07972 1012.7
0.07973 1012.7
0.07974 1012.7
0.07975 1012.8
0.07976 1012.8
0.07977 1012.8
0.07978 1012.8
0.07979 1012.8
0.07980 1012.8
0.07981 1012.8
0.07982 1012.8
0.07983 1012.8
0.07984 1012.8
0.07985 1012.9
0.07986 1012.9
0.07987 1012.9
0.07988 1012.9
0.07989 1012.9
0.07990 1012.9
0.07991 1012.9
0.07992 1012.9
0.07993 1012.9
0.07994 1012.9
0.07995 1013.0
0.07996 1013.0
0.07997 1013.0
0.07998 1013.0
0.07999 1013.0
0.08000 1018.8
0.08001 1018.8
0.08002 1018.8
0.08003 1018.8
0.08004 1018.8
0.08005 1018.8
0.08006 1018.8
0.08007 1018.8
0.08008 1018.8
0.08009 1018.8
0.08010 1018.8
0.08011 1018.8
0.08012 1018.8
0.08013 1018.8
0.08014 1018.8
0.08015 1018.8
0.08016 1018.8
0.08017 1018.8
0.08018 1018.8
0.08019 1018.8
0.08020 1018.8
0.08021 1018.8
0.08022 1018.8
0.08023 1018.8
0.08024 1018.8
0.08025 1018.8
0.08026 1018.8
0.08027 1018.8
0.08028 1018.8
0.08029 1018.8
0.08030 1018.8
0.08031 1018.8
0.08032 1018.8
0.08033 1018.8
0.08034 1018.8
0.08035 1018.8
0.08036 1018.8
0.08037 1018.8
0.08038 1018.8
0.08039 1018.8
0.08040 1018.8
0.08041 1018.8
0.08042 1018.8
0.08043 1018.8
0.08044 1018.8
0.08045 1018.8
0.08046 1018.8
0.08047 1018.8
0.08048 1018.8
0.08049 1018.8
0.08050 1018.8
0.08051 1018.8
0.08052 1018.8
0.08053 1018.8
0.08054 1018.8
0.08055 1018.8
0.08056 1018.8
0.08057 1018.8
0.08058 1018.8
0.08059 1018.8
0.08060 1018.8
0.08061 1018.8
0.08062 1018.8
0.08063 1018.8
0.08064 1018.8
0.08065 1018.8
0.08066 1018.8
0.08067 1018.8
0.08068 1018.8
0.08069 1018.8
0.08070 1018.8
0.08071 1018.8
0.08072 1018.8
0.08073 1018.8
0.08074 1018.8
0.08075 1018.8
0.08076 1018.8
0.08077 1018.8
0.08078 1018.8
0.08079 1018.8
0.08080 1018.8
0.08081 1018.8
0.08082 1018.8
0.08083 1018.8
0.08084 1018.8
0.08085 1018.8
0.08086 1018.8
0.08087 1018.8
0.08088 1018.8
0.08089 1018.8
0.08090 1018.8
0.08091 1018.8
0.08092 1018.8
0.08093 1018.8
0.08094 1018.8
0.08095 1018.8
0.08096 1018.8
0.08097 1018.8
0.08098 1018.8
0.08099 1018.8
0.08100 1018.8
0.08101 1037.4
0.08102 1056.2
0.08103 1075.4
0.08104 1094.8
0.08105 1114.5
0.08106 1134.5
0.08107 1154.8
0.08108 1175.4
0.08109 1196.3
0.08110 1217.5
0.08111 1239.0
0.08112 1260.9
0.08113 1283.0
0.08114 1305.5
0.08115 1328.4
0.08116 1351.6
0.08117 1375.1
0.08118 1399.1
0.08119 1423.3
0.08120 1448.0
0.08121 1473.1
0.08122 1498.6
0.08123 1524.5
0.08124 1550.9
0.08125 1577.7
0.08126 1605.1
0.08127 1632.9
0.08128 1661.4
0.08129 1690.5
0.08130 1720.2
0.08131 1750.6
0.08132 1781.9
0.08133 1814.0
0.08134 1847.1
0.08135 1881.2
0.08136 1916.6
0.08137 1953.3
0.08138 1991.6
0.08139 2031.6
0.08140 2073.7
0.08141 2118.0
0.08142 2164.9
0.08143 2214.9
0.08144 2268.5
0.08145 2326.1
0.08146 2388.6
0.08147 2456.8
0.08148 2531.6
0.08149 2614.3
0.08150 2706.4
0.08151 2759.8
0.08152 2823.8
0.08153 2900.0
0.08154 2990.1
0.08155 3096.1
0.08156 3220.5
0.08157 3366.1
0.08158 3536.0
0.08159 3733.9
0.08160 3963.5
0.08161 4228.2
0.08162 4530.7
0.08163 4871.5
0.08164 5248.3
0.08165 5653.7
0.08166 6075.8
0.08167 6498.1
0.08168 6903.3
0.08169 7276.3
0.08170 7607.5
0.08171 7893.0
0.08172 8133.4
0.08173 8332.1
0.08174 8493.5
0.08175 8622.5
0.08176 8723.1
0.08177 8799.2
0.08178 8853.7
0.08179 8889.3
0.08180 8908.0
0.08181 8911.7
0.08182 8901.7
0.08183 8879.2
0.08184 8845.3
0.08185 8800.7
0.08186 8746.1
0.08187 8682.3
0.08188 8609.7
0.08189 8528.8
0.08190 8440.1
0.08191 8344.0
0.08192 8240.9
0.08193 8131.3
0.08194 8015.5
0.08195 7894.1
0.08196 7767.3
0.08197 7635.6
0.08198 7499.5
0.08199 7359.5
0.08200 7215.9
0.08201 7069.2
0.08202 6920.0
0.08203 6768.6
0.08204 6615.6
0.08205 6461.4
0.08206 6306.5
0.08207 6151.3
0.08208 5996.2
0.08209 5841.8
0.08210 5688.3
0.08211 5536.2
0.08212 5385.8
0.08213 5237.5
0.08214 5091.4
0.08215 4948.1
0.08216 4807.5
0.08217 4670.1
0.08218 4535.9
0.08219 4405.1
0.08220 4277.9
0.08221 4154.4
0.08222 4034.6
0.08223 3918.6
0.08224 3806.5
0.08225 3698.1
0.08226 3593.6
0.08227 3492.9
0.08228 3395.9
0.08229 3302.6
0.08230 3213.0
0.08231 3126.9
0.08232 3044.2
0.08233 2964.9
0.08234 2888.8
0.08235 2815.9
0.08236 2746.0
0.08237 2679.0
0.08238 2614.8
0.08239 2553.4
0.08240 2494.5
0.08241 2438.0
0.08242 2384.0
0.08243 2332.1
0.08244 2282.5
0.08245 2234.9
0.08246 2189.2
0.08247 2145.4
0.08248 2103.4
0.08249 2063.0
0.08250 2024.3
0.08251 1987.0
0.08252 1951.2
0.08253 1916.8
0.08254 1883.8
0.08255 1851.9
0.08256 1821.3
0.08257 1791.8
0.08258 1763.3
0.08259 1735.9
0.08260 1709.5
0.08261 1684.1
0.08262 1659.5
0.08263 1635.8
0.08264 1612.9
0.08265 1590.9
0.08266 1569.6
0.08267 1549.0
0.08268 1529.1
0.08269 1509.9
0.08270 1491.4
0.08271 1473.5
0.08272 1456.2
0.08273 1439.5
0.08274 1423.4
0.08275 1407.8
0.08276 1392.8
0.08277 1378.3
0.08278 1364.2
0.08279 1350.7
0.08280 1337.6
0.08281 1325.0
0.08282 1312.8
0.08283 1301.1
0.08284 1289.7
0.08285 1278.8
0.08286 1268.2
0.08287 1258.0
0.08288 1248.2
0.08289 1238.7
0.08290 1229.6
0.08291 1220.7
0.08292 1212.2
0.08293 1204.0
0.08294 1196.1
0.08295 1188.5
0.08296 1181.1
0.08297 1174.0
0.08298 1167.2
0.08299 1160.6
0.08300 1154.2
0.08301 1148.1
0.08302 1142.2
0.08303 1136.5
0.08304 1130.9
0.08305 1125.6
0.08306 1120.5
0.08307 1115.5
0.08308 1110.8
0.08309 1106.1
0.08310 1101.7
0.08311 1097.4
0.08312 1093.2
0.08313 1089.2
0.08314 1085.3
0.08315 1081.6
0.08316 1078.0
0.08317 1074.5
0.08318 1071.1
0.08319 1067.8
0.08320 1064.6
0.08321 1061.6
0.08322 1058.6
0.08323 1055.8
0.08324 1053.0
0.08325 1050.3
0.08326 1047.7
0.08327 1045.2
0.08328 1042.8
0.08329 1040.4
0.08330 1038.2
0.08331 1036.0
0.08332 1033.8
0.08333 1031.8
0.08334 1029.8
0.08335 1027.8
0.08336 1025.9
0.08337 1024.1
0.08338 1022.3
0.08339 1020.6
0.08340 1019.0
0.08341 1017.3
0.08342 1015.8
0.08343 1014.3
0.08344 1012.8
0.08345 1011.4
0.08346 1010.0
0.08347 1008.6
0.08348 1007.3
0.08349 1006.1
0.08350 1004.8
0.08351 1003.6
0.08352 1002.5
0.08353 1001.3
0.08354 1000.3
0.08355 999.2
0.08356 998.2
0.08357 997.2
0.08358 996.2
0.08359 995.2
0.08360 994.3
0.08361 993.4
0.08362 992.5
0.08363 991.7
0.08364 990.9
0.08365 990.1
0.08366 989.3
0.08367 988.5
0.08368 987.8
0.08369 987.1
0.08370 986.4
0.08371 985.7
0.08372 985.1
0.08373 984.4
0.08374 983.8
0.08375 983.2
0.08376 982.6
0.08377 982.0
0.08378 981.5
0.08379 980.9
0.08380 980.4
0.08381 979.9
0.08382 979.4
0.08383 978.9
0.08384 978.4
0.08385 978.0
0.08386 977.5
0.08387 977.1
0.08388 976.6
0.08389 976.2
0.08390 975.8
0.08391 975.4
0.08392 975.0
0.08393 974.7
0.08394 974.3
0.08395 974.0
0.08396 973.6
0.08397 973.3
0.08398 972.9
0.08399 972.6
0.08400 972.3
0.08401 972.0
0.08402 971.7
0.08403 971.4
0.08404 971.1
0.08405 970.9
0.08406 970.6
0.08407 970.3
0.08408 970.1
0.08409 969.8
0.08410 969.6
0.08411 969.4
0.08412 969.1
0.08413 968.9
0.08414 968.7
0.08415 968.5
0.08416 968.3
0.08417 968.1
0.08418 967.9
0.08419 967.7
0.08420 967.5
0.08421 967.3
0.08422 967.2
0.08423 967.0
0.08424 966.8
0.08425 966.7
0.08426 966.5
0.08427 966.4
0.08428 966.2
0.08429 966.1
0.08430 965.9
0.08431 965.8
0.08432 965.7
0.08433 965.5
0.08434 965.4
0.08435 965.3
0.08436 965.2
0.08437 965.0
0.08438 964.9
0.08439 964.8
0.08440 964.7
0.08441 964.6
0.08442 964.5
0.08443 964.4
0.08444 964.3
0.08445 964.2
0.08446 964.1
0.08447 964.0
0.08448 963.9
0.08449 963.9
0.08450 963.8
0.08451 963.7
0.08452 963.6
0.08453 963.6
0.08454 963.5
0.08455 963.4
0.08456 963.4
0.08457 963.3
0.08458 963.2
0.08459 963.2
0.08460 963.1
0.08461 963.1
0.08462 963.0
0.08463 962.9
0.08464 962.9
0.08465 962.8
0.08466 962.8
0.08467 962.8
0.08468 962.7
0.08469 962.7
0.08470 962.6
0.08471 962.6
0.08472 962.6
0.08473 962.5
0.08474 962.5
0.08475 962.4
0.08476 962.4
0.08477 962.4
0.08478 962.4
0.08479 962.3
0.08480 962.3
0.08481 962.3
0.08482 962.3
0.08483 962.2
0.08484 962.2
0.08485 962.2
0.08486 962.2
0.08487 962.2
0.08488 962.1
0.08489 962.1
0.08490 962.1
0.08491 962.1
0.08492 962.1
0.08493 962.1
0.08494 962.1
0.08495 962.1
0.08496 962.0
0.08497 962.0
0.08498 962.0
0.08499 962.0
0.08500 962.0
0.08501 962.0
0.08502 962.0
0.08503 962.0
0.08504 962.0
0.08505 962.0
0.08506 962.0
0.08507 962.0
0.08508 962.0
0.08509 962.0
0.08510 962.0
0.08511 962.0
0.08512 962.0
0.08513 962.0
0.08514 962.1
0.08515 962.1
0.08516 962.1
0.08517 962.1
0.08518 962.1
0.08519 962.1
0.08520 962.1
0.08521 962.1
0.08522 962.1
0.08523 962.1
0.08524 962.2
0.08525 962.2
0.08526 962.2
0.08527 962.2
0.08528 962.2
0.08529 962.2
0.08530 962.3
0.08531 962.3
0.08532 962.3
0.08533 962.3
0.08534 962.3
0.08535 962.3
0.08536 962.4
0.08537 962.4
0.08538 962.4
0.08539 962.4
0.08540 962.5
0.08541 962.5
0.08542 962.5
0.08543 962.5
0.08544 962.5
0.08545 962.6
0.08546 962.6
0.08547 962.6
0.08548 962.6
0.08549 962.7
0.08550 962.7
0.08551 962.7
0.08552 962.8
0.08553 962.8
0.08554 962.8
0.08555 962.8
0.08556 962.9
0.08557 962.9
0.08558 962.9
0.08559 963.0
0.08560 963.0
0.08561 963.0
0.08562 963.0
0.08563 963.1
0.08564 963.1
0.08565 963.1
0.08566 963.2
0.08567 963.2
0.08568 963.2
0.08569 963.3
0.08570 963.3
0.08571 963.3
0.08572 963.4
0.08573 963.4
0.08574 963.4
0.08575 963.5
0.08576 963.5
0.08577 963.6
0.08578 963.6
0.08579 963.6
0.08580 963.7
0.08581 963.7
0.08582 963.7
0.08583 963.8
0.08584 963.8
0.08585 963.8
0.08586 963.9
0.08587 963.9
0.08588 964.0
0.08589 964.0
0.08590 964.0
0.08591 964.1
0.08592 964.1
0.08593 964.2
0.08594 964.2
0.08595 964.2
0.08596 964.3
0.08597 964.3
0.08598 964.4
0.08599 964.4
0.08600 964.4
0.08601 964.5
0.08602 964.5
0.08603 964.6
0.08604 964.6
0.08605 964.7
0.08606 964.7
0.08607 964.7
0.08608 964.8
0.08609 964.8
0.08610 964.9
0.08611 964.9
0.08612 965.0
0.08613 965.0
0.08614 965.0
0.08615 965.1
0.08616 965.1
0.08617 965.2
0.08618 965.2
0.08619 965.3
0.08620 965.3
0.08621 965.4
0.08622 965.4
0.08623 965.4
0.08624 965.5
0.08625 965.5
0.08626 965.6
0.08627 965.6
0.08628 965.7
0.08629 965.7
0.08630 965.8
0.08631 965.8
0.08632 965.9
0.08633 965.9
0.08634 966.0
0.08635 966.0
0.08636 966.1
0.08637 966.1
0.08638 966.1
0.08639 966.2
0.08640 966.2
0.08641 966.3
0.08642 966.3
0.08643 966.4
0.08644 966.4
0.08645 966.5
0.08646 966.5
0.08647 966.6
0.08648 966.6
0.08649 966.7
0.08650 966.7
0.08651 966.8
0.08652 966.8
0.08653 966.9
0.08654 966.9
0.08655 967.0
0.08656 967.0
0.08657 967.1
0.08658 967.1
0.08659 967.2
0.08660 967.2
0.08661 967.3
0.08662 967.3
0.08663 967.4
0.08664 967.4
0.08665 967.5
0.08666 967.5
0.08667 967.6
0.08668 967.6
0.08669 967.7
0.08670 967.7
0.08671 967.8
0.08672 967.8
0.08673 967.9
0.08674 967.9
0.08675 968.0
0.08676 968.1
0.08677 968.1
0.08678 968.2
0.08679 968.2
0.08680 968.3
0.08681 968.3
0.08682 968.4
0.08683 968.4
0.08684 968.5
0.08685 968.5
0.08686 968.6
0.08687 968.6
0.08688 968.7
0.08689 968.7
0.08690 968.8
0.08691 968.8
0.08692 968.9
0.08693 968.9
0.08694 969.0
0.08695 969.1
0.08696 969.1
0.08697 969.2
0.08698 969.2
0.08699 969.3
0.08700 969.3
0.08701 969.4
0.08702 969.4
0.08703 969.5
0.08704 969.5
0.08705 969.6
0.08706 969.6
0.08707 969.7
0.08708 969.8
0.08709 969.8
0.08710 969.9
0.08711 969.9
0.08712 970.0
0.08713 970.0
0.08714 970.1
0.08715 970.1
0.08716 970.2
0.08717 970.2
0.08718 970.3
0.08719 970.4
0.08720 970.4
0.08721 970.5
0.08722 970.5
0.08723 970.6
0.08724 970.6
0.08725 970.7
0.08726 970.7
0.08727 970.8
0.08728 970.9
0.08729 970.9
0.08730 971.0
0.08731 971.0
0.08732 971.1
0.08733 971.1
0.08734 971.2
0.08735 971.2
0.08736 971.3
0.08737 971.4
0.08738 971.4
0.08739 971.5
0.08740 971.5
0.08741 971.6
0.08742 971.6
0.08743 971.7
0.08744 971.7
0.08745 971.8
0.08746 971.9
0.08747 971.9
0.08748 972.0
0.08749 972.0
0.08750 972.1
0.08751 972.1
0.08752 972.2
0.08753 972.3
0.08754 972.3
0.08755 972.4
0.08756 972.4
0.08757 972.5
0.08758 972.5
0.08759 972.6
0.08760 972.6
0.08761 972.7
0.08762 972.8
0.08763 972.8
0.08764 972.9
0.08765 972.9
0.08766 973.0
0.08767 973.0
0.08768 973.1
0.08769 973.2
0.08770 973.2
0.08771 973.3
0.08772 973.3
0.08773 973.4
0.08774 973.4
0.08775 973.5
0.08776 973.6
0.08777 973.6
0.08778 973.7
0.08779 973.7
0.08780 973.8
0.08781 973.8
0.08782 973.9
0.08783 973.9
0.08784 974.0
0.08785 974.1
0.08786 974.1
0.08787 974.2
0.08788 974.2
0.08789 974.3
0.08790 974.3
0.08791 974.4
0.08792 974.5
0.08793 974.5
0.08794 974.6
0.08795 974.6
0.08796 974.7
0.08797 974.7
0.08798 974.8
0.08799 974.9
0.08800 974.9
0.08801 975.0
0.08802 975.0
0.08803 975.1
0.08804 975.1
0.08805 975.2
0.08806 975.3
0.08807 975.3
0.08808 975.4
0.08809 975.4
0.08810 975.5
0.08811 975.5
0.08812 975.6
0.08813 975.7
0.08814 975.7
0.08815 975.8
0.08816 975.8
0.08817 975.9
0.08818 975.9
0.08819 976.0
0.08820 976.1
0.08821 976.1
0.08822 976.2
0.08823 976.2
0.08824 976.3
0.08825 976.3
0.08826 976.4
0.08827 976.5
0.08828 976.5
0.08829 976.6
0.08830 976.6
0.08831 976.7
0.08832 976.7
0.08833 976.8
0.08834 976.9
0.08835 976.9
0.08836 977.0
0.08837 977.0
0.08838 977.1
0.08839 977.1
0.08840 977.2
0.08841 977.3
0.08842 977.3
0.08843 977.4
0.08844 977.4
0.08845 977.5
0.08846 977.5
0.08847 977.6
0.08848 977.6
0.08849 977.7
0.08850 977.8
0.08851 977.8
0.08852 977.9
0.08853 977.9
0.08854 978.0
0.08855 978.0
0.08856 978.1
0.08857 978.2
0.08858 978.2
0.08859 978.3
0.08860 978.3
0.08861 978.4
0.08862 978.4
0.08863 978.5
0.08864 978.6
0.08865 978.6
0.08866 978.7
0.08867 978.7
0.08868 978.8
0.08869 978.8
0.08870 978.9
0.08871 979.0
0.08872 979.0
0.08873 979.1
0.08874 979.1
0.08875 979.2
0.08876 979.2
0.08877 979.3
0.08878 979.3
0.08879 979.4
0.08880 979.5
0.08881 979.5
0.08882 979.6
0.08883 979.6
0.08884 979.7
0.08885 979.7
0.08886 979.8
0.08887 979.8
0.08888 979.9
0.08889 980.0
0.08890 980.0
0.08891 980.1
0.08892 980.1
0.08893 980.2
0.08894 980.2
0.08895 980.3
0.08896 980.4
0.08897 980.4
0.08898 980.5
0.08899 980.5
0.08900 980.6
0.08901 980.6
0.08902 980.7
0.08903 980.7
0.08904 980.8
0.08905 980.9
0.08906 980.9
0.08907 981.0
0.08908 981.0
0.08909 981.1
0.08910 981.1
0.08911 981.2
0.08912 981.2
0.08913 981.3
0.08914 981.4
0.08915 981.4
0.08916 981.5
0.08917 981.5
0.08918 981.6
0.08919 981.6
0.08920 981.7
0.08921 981.7
0.08922 981.8
0.08923 981.8
0.08924 981.9
0.08925 982.0
0.08926 982.0
0.08927 982.1
0.08928 982.1
0.08929 982.2
0.08930 982.2
0.08931 982.3
0.08932 982.3
0.08933 982.4
0.08934 982.4
0.08935 982.5
0.08936 982.6
0.08937 982.6
0.08938 982.7
0.08939 982.7
0.08940 982.8
0.08941 982.8
0.08942 982.9
0.08943 982.9
0.08944 983.0
0.08945 983.0
0.08946 983.1
0.08947 983.2
0.08948 983.2
0.08949 983.3
0.08950 983.3
0.08951 983.4
0.08952 983.4
0.08953 983.5
0.08954 983.5
0.08955 983.6
0.08956 983.6
0.08957 983.7
0.08958 983.7
0.08959 983.8
0.08960 983.9
0.08961 983.9
0.08962 984.0
0.08963 984.0
0.08964 984.1
0.08965 984.1
0.08966 984.2
0.08967 984.2
0.08968 984.3
0.08969 984.3
0.08970 984.4
0.08971 984.4
0.08972 984.5
0.08973 984.5
0.08974 984.6
0.08975 984.6
0.08976 984.7
0.08977 984.8
0.08978 984.8
0.08979 984.9
0.08980 984.9
0.08981 985.0
0.08982 985.0
0.08983 985.1
0.08984 985.1
0.08985 985.2
0.08986 985.2
0.08987 985.3
0.08988 985.3
0.08989 985.4
0.08990 985.4
0.08991 985.5
0.08992 985.5
0.08993 985.6
0.08994 985.6
0.08995 985.7
0.08996 985.7
0.08997 985.8
0.08998 985.9
0.08999 985.9
0.09000 986.0
0.09001 986.0
0.09002 986.1
0.09003 986.1
0.09004 986.2
0.09005 986.2
0.09006 986.3
0.09007 986.3
0.09008 986.4
0.09009 986.4
0.09010 986.5
0.09011 986.5
0.09012 986.6
0.09013 986.6
0.09014 986.7
0.09015 986.7
0.09016 986.8
0.09017 986.8
0.09018 986.9
0.09019 986.9
0.09020 987.0
0.09021 987.0
0.09022 987.1
0.09023 987.1
0.09024 987.2
0.09025 987.2
0.09026 987.3
0.09027 987.3
0.09028 987.4
0.09029 987.4
0.09030 987.5
0.09031 987.5
0.09032 987.6
0.09033 987.6
0.09034 987.7
0.09035 987.7
0.09036 987.8
0.09037 987.8
0.09038 987.9
0.09039 987.9
0.09040 988.0
0.09041 988.0
0.09042 988.1
0.09043 988.1
0.09044 988.2
0.09045 988.2
0.09046 988.3
0.09047 988.3
0.09048 988.4
0.09049 988.4
0.09050 988.5
0.09051 988.5
0.09052 988.6
0.09053 988.6
0.09054 988.7
0.09055 988.7
0.09056 988.8
0.09057 988.8
0.09058 988.9
0.09059 988.9
0.09060 989.0
0.09061 989.0
0.09062 989.1
0.09063 989.1
0.09064 989.2
0.09065 989.2
0.09066 989.3
0.09067 989.3
0.09068 989.3
0.09069 989.4
0.09070 989.4
0.09071 989.5
0.09072 989.5
0.09073 989.6
0.09074 989.6
0.09075 989.7
0.09076 989.7
0.09077 989.8
0.09078 989.8
0.09079 989.9
0.09080 989.9
0.09081 990.0
0.09082 990.0
0.09083 990.1
0.09084 990.1
0.09085 990.2
0.09086 990.2
0.09087 990.3
0.09088 990.3
0.09089 990.3
0.09090 990.4
0.09091 990.4
0.09092 990.5
0.09093 990.5
0.09094 990.6
0.09095 990.6
0.09096 990.7
0.09097 990.7
0.09098 990.8
0.09099 990.8
0.09100 990.9
0.09101 990.9
0.09102 991.0
0.09103 991.0
0.09104 991.0
0.09105 991.1
0.09106 991.1
0.09107 991.2
0.09108 991.2
0.09109 991.3
0.09110 991.3
0.09111 991.4
0.09112 991.4
0.09113 991.5
0.09114 991.5
0.09115 991.6
0.09116 991.6
0.09117 991.6
0.09118 991.7
0.09119 991.7
0.09120 991.8
0.09121 991.8
0.09122 991.9
0.09123 991.9
0.09124 992.0
0.09125 992.0
0.09126 992.0
0.09127 992.1
0.09128 992.1
0.09129 992.2
0.09130 992.2
0.09131 992.3
0.09132 992.3
0.09133 992.4
0.09134 992.4
0.09135 992.4
0.09136 992.5
0.09137 992.5
0.09138 992.6
0.09139 992.6
0.09140 992.7
0.09141 992.7
0.09142 992.8
0.09143 992.8
0.09144 992.8
0.09145 992.9
0.09146 992.9
0.09147 993.0
0.09148 993.0
0.09149 993.1
0.09150 993.1
0.09151 993.2
0.09152 993.2
0.09153 993.2
0.09154 993.3
0.09155 993.3
0.09156 993.4
0.09157 993.4
0.09158 993.5
0.09159 993.5
0.09160 993.5
0.09161 993.6
0.09162 993.6
0.09163 993.7
0.09164 993.7
0.09165 993.8
0.09166 993.8
0.09167 993.8
0.09168 993.9
0.09169 993.9
0.09170 994.0
0.09171 994.0
0.09172 994.1
0.09173 994.1
0.09174 994.1
0.09175 994.2
0.09176 994.2
0.09177 994.3
0.09178 994.3
0.09179 994.3
0.09180 994.4
0.09181 994.4
0.09182 994.5
0.09183 994.5
0.09184 994.6
0.09185 994.6
0.09186 994.6
0.09187 994.7
0.09188 994.7
0.09189 994.8
0.09190 994.8
0.09191 994.8
0.09192 994.9
0.09193 994.9
0.09194 995.0
0.09195 995.0
0.09196 995.0
0.09197 995.1
0.09198 995.1
0.09199 995.2
0.09200 995.2
0.09201 995.2
0.09202 995.3
0.09203 995.3
0.09204 995.4
0.09205 995.4
0.09206 995.5
0.09207 995.5
0.09208 995.5
0.09209 995.6
0.09210 995.6
0.09211 995.7
0.09212 995.7
0.09213 995.7
0.09214 995.8
0.09215 995.8
0.09216 995.9
0.09217 995.9
0.09218 995.9
0.09219 996.0
0.09220 996.0
0.09221 996.0
0.09222 996.1
0.09223 996.1
0.09224 996.2
0.09225 996.2
0.09226 996.2
0.09227 996.3
0.09228 996.3
0.09229 996.4
0.09230 996.4
0.09231 996.4
0.09232 996.5
0.09233 996.5
0.09234 996.6
0.09235 996.6
0.09236 996.6
0.09237 996.7
0.09238 996.7
0.09239 996.7
0.09240 996.8
0.09241 996.8
0.09242 996.9
0.09243 996.9
0.09244 996.9
0.09245 997.0
0.09246 997.0
0.09247 997.1
0.09248 997.1
0.09249 997.1
0.09250 997.2
0.09251 997.2
0.09252 997.2
0.09253 997.3
0.09254 997.3
0.09255 997.4
0.09256 997.4
0.09257 997.4
0.09258 997.5
0.09259 997.5
0.09260 997.5
0.09261 997.6
0.09262 997.6
0.09263 997.6
0.09264 997.7
0.09265 997.7
0.09266 997.8
0.09267 997.8
0.09268 997.8
0.09269 997.9
0.09270 997.9
0.09271 997.9
0.09272 998.0
0.09273 998.0
0.09274 998.1
0.09275 998.1
0.09276 998.1
0.09277 998.2
0.09278 998.2
0.09279 998.2
0.09280 998.3
0.09281 998.3
0.09282 998.3
0.09283 998.4
0.09284 998.4
0.09285 998.4
0.09286 998.5
0.09287 998.5
0.09288 998.6
0.09289 998.6
0.09290 998.6
0.09291 998.7
0.09292 998.7
0.09293 998.7
0.09294 998.8
0.09295 998.8
0.09296 998.8
0.09297 998.9
0.09298 998.9
0.09299 998.9
0.09300 999.0
0.09301 999.0
0.09302 999.0
0.09303 999.1
0.09304 999.1
0.09305 999.2
0.09306 999.2
0.09307 999.2
0.09308 999.3
0.09309 999.3
0.09310 999.3
0.09311 999.4
0.09312 999.4
0.09313 999.4
0.09314 999.5
0.09315 999.5
0.09316 999.5
0.09317 999.6
0.09318 999.6
0.09319 999.6
0.09320 999.7
0.09321 999.7
0.09322 999.7
0.09323 999.8
0.09324 999.8
0.09325 999.8
0.09326 999.9
0.09327 999.9
0.09328 999.9
0.09329 1000.0
0.09330 1000.0
0.09331 1000.0
0.09332 1000.1
0.09333 1000.1
0.09334 1000.1
0.09335 1000.2
0.09336 1000.2
0.09337 1000.2
0.09338 1000.3
0.09339 1000.3
0.09340 1000.3
0.09341 1000.4
0.09342 1000.4
0.09343 1000.4
0.09344 1000.5
0.09345 1000.5
0.09346 1000.5
0.09347 1000.6
0.09348 1000.6
0.09349 1000.6
0.09350 1000.7
0.09351 1000.7
0.09352 1000.7
0.09353 1000.7
0.09354 1000.8
0.09355 1000.8
0.09356 1000.8
0.09357 1000.9
0.09358 1000.9
0.09359 1000.9
0.09360 1001.0
0.09361 1001.0
0.09362 1001.0
0.09363 1001.1
0.09364 1001.1
0.09365 1001.1
0.09366 1001.2
0.09367 1001.2
0.09368 1001.2
0.09369 1001.3
0.09370 1001.3
0.09371 1001.3
0.09372 1001.3
0.09373 1001.4
0.09374 1001.4
0.09375 1001.4
0.09376 1001.5
0.09377 1001.5
0.09378 1001.5
0.09379 1001.6
0.09380 1001.6
0.09381 1001.6
0.09382 1001.7
0.09383 1001.7
0.09384 1001.7
0.09385 1001.7
0.09386 1001.8
0.09387 1001.8
0.09388 1001.8
0.09389 1001.9
0.09390 1001.9
0.09391 1001.9
0.09392 1002.0
0.09393 1002.0
0.09394 1002.0
0.09395 1002.0
0.09396 1002.1
0.09397 1002.1
0.09398 1002.1
0.09399 1002.2
0.09400 1002.2
0.09401 1002.2
0.09402 1002.3
0.09403 1002.3
0.09404 1002.3
0.09405 1002.3
0.09406 1002.4
0.09407 1002.4
0.09408 1002.4
0.09409 1002.5
0.09410 1002.5
0.09411 1002.5
0.09412 1002.5
0.09413 1002.6
0.09414 1002.6
0.09415 1002.6
0.09416 1002.7
0.09417 1002.7
0.09418 1002.7
0.09419 1002.7
0.09420 1002.8
0.09421 1002.8
0.09422 1002.8
0.09423 1002.9
0.09424 1002.9
0.09425 1002.9
0.09426 1002.9
0.09427 1003.0
0.09428 1003.0
0.09429 1003.0
0.09430 1003.1
0.09431 1003.1
0.09432 1003.1
0.09433 1003.1
0.09434 1003.2
0.09435 1003.2
0.09436 1003.2
0.09437 1003.3
0.09438 1003.3
0.09439 1003.3
0.09440 1003.3
0.09441 1003.4
0.09442 1003.4
0.09443 1003.4
0.09444 1003.4
0.09445 1003.5
0.09446 1003.5
0.09447 1003.5
0.09448 1003.6
0.09449 1003.6
0.09450 1003.6
0.09451 1003.6
0.09452 1003.7
0.09453 1003.7
0.09454 1003.7
0.09455 1003.7
0.09456 1003.8
0.09457 1003.8
0.09458 1003.8
0.09459 1003.9
0.09460 1003.9
0.09461 1003.9
0.09462 1003.9
0.09463 1004.0
0.09464 1004.0
0.09465 1004.0
0.09466 1004.0
0.09467 1004.1
0.09468 1004.1
0.09469 1004.1
0.09470 1004.1
0.09471 1004.2
0.09472 1004.2
0.09473 1004.2
0.09474 1004.2
0.09475 1004.3
0.09476 1004.3
0.09477 1004.3
0.09478 1004.3
0.09479 1004.4
0.09480 1004.4
0.09481 1004.4
0.09482 1004.5
0.09483 1004.5
0.09484 1004.5
0.09485 1004.5
0.09486 1004.6
0.09487 1004.6
0.09488 1004.6
0.09489 1004.6
0.09490 1004.7
0.09491 1004.7
0.09492 1004.7
0.09493 1004.7
0.09494 1004.8
0.09495 1004.8
0.09496 1004.8
0.09497 1004.8
0.09498 1004.9
0.09499 1004.9
0.09500 1004.9
0.09501 1004.9
0.09502 1005.0
0.09503 1005.0
0.09504 1005.0
0.09505 1005.0
0.09506 1005.1
0.09507 1005.1
0.09508 1005.1
0.09509 1005.1
0.09510 1005.2
0.09511 1005.2
0.09512 1005.2
0.09513 1005.2
0.09514 1005.2
0.09515 1005.3
0.09516 1005.3
0.09517 1005.3
0.09518 1005.3
0.09519 1005.4
0.09520 1005.4
0.09521 1005.4
0.09522 1005.4
0.09523 1005.5
0.09524 1005.5
0.09525 1005.5
0.09526 1005.5
0.09527 1005.6
0.09528 1005.6
0.09529 1005.6
0.09530 1005.6
0.09531 1005.7
0.09532 1005.7
0.09533 1005.7
0.09534 1005.7
0.09535 1005.7
0.09536 1005.8
0.09537 1005.8
0.09538 1005.8
0.09539 1005.8
0.09540 1005.9
0.09541 1005.9
0.09542 1005.9
0.09543 1005.9
0.09544 1006.0
0.09545 1006.0
0.09546 1006.0
0.09547 1006.0
0.09548 1006.0
0.09549 1006.1
0.09550 1006.1
0.09551 1006.1
0.09552 1006.1
0.09553 1006.2
0.09554 1006.2
0.09555 1006.2
0.09556 1006.2
0.09557 1006.2
0.09558 1006.3
0.09559 1006.3
0.09560 1006.3
0.09561 1006.3
0.09562 1006.4
0.09563 1006.4
0.09564 1006.4
0.09565 1006.4
0.09566 1006.4
0.09567 1006.5
0.09568 1006.5
0.09569 1006.5
0.09570 1006.5
0.09571 1006.6
0.09572 1006.6
0.09573 1006.6
0.09574 1006.6
0.09575 1006.6
0.09576 1006.7
0.09577 1006.7
0.09578 1006.7
0.09579 1006.7
0.09580 1006.8
0.09581 1006.8
0.09582 1006.8
0.09583 1006.8
0.09584 1006.8
0.09585 1006.9
0.09586 1006.9
0.09587 1006.9
0.09588 1006.9
0.09589 1006.9
0.09590 1007.0
0.09591 1007.0
0.09592 1007.0
0.09593 1007.0
0.09594 1007.1
0.09595 1007.1
0.09596 1007.1
0.09597 1007.1
0.09598 1007.1
0.09599 1007.2
0.09600 1007.2
0.09601 1007.2
0.09602 1007.2
0.09603 1007.2
0.09604 1007.3
0.09605 1007.3
0.09606 1007.3
0.09607 1007.3
0.09608 1007.3
0.09609 1007.4
0.09610 1007.4
0.09611 1007.4
0.09612 1007.4
0.09613 1007.4
0.09614 1007.5
0.09615 1007.5
0.09616 1007.5
0.09617 1007.5
0.09618 1007.5
0.09619 1007.6
0.09620 1007.6
0.09621 1007.6
0.09622 1007.6
0.09623 1007.6
0.09624 1007.7
0.09625 1007.7
0.09626 1007.7
0.09627 1007.7
0.09628 1007.7
0.09629 1007.8
0.09630 1007.8
0.09631 1007.8
0.09632 1007.8
0.09633 1007.8
0.09634 1007.9
0.09635 1007.9
0.09636 1007.9
0.09637 1007.9
0.09638 1007.9
0.09639 1008.0
0.09640 1008.0
0.09641 1008.0
0.09642 1008.0
0.09643 1008.0
0.09644 1008.1
0.09645 1008.1
0.09646 1008.1
0.09647 1008.1
0.09648 1008.1
0.09649 1008.1
0.09650 1008.2
0.09651 1008.2
0.09652 1008.2
0.09653 1008.2
0.09654 1008.2
0.09655 1008.3
0.09656 1008.3
0.09657 1008.3
0.09658 1008.3
0.09659 1008.3
0.09660 1008.4
0.09661 1008.4
0.09662 1008.4
0.09663 1008.4
0.09664 1008.4
0.09665 1008.4
0.09666 1008.5
0.09667 1008.5
0.09668 1008.5
0.09669 1008.5
0.09670 1008.5
0.09671 1008.6
0.09672 1008.6
0.09673 1008.6
0.09674 1008.6
0.09675 1008.6
0.09676 1008.6
0.09677 1008.7
0.09678 1008.7
0.09679 1008.7
0.09680 1008.7
0.09681 1008.7
0.09682 1008.8
0.09683 1008.8
0.09684 1008.8
0.09685 1008.8
0.09686 1008.8
0.09687 1008.8
0.09688 1008.9
0.09689 1008.9
0.09690 1008.9
0.09691 1008.9
0.09692 1008.9
0.09693 1008.9
0.09694 1009.0
0.09695 1009.0
0.09696 1009.0
0.09697 1009.0
0.09698 1009.0
0.09699 1009.0
0.09700 1009.1
0.09701 1009.1
0.09702 1009.1
0.09703 1009.1
0.09704 1009.1
0.09705 1009.2
0.09706 1009.2
0.09707 1009.2
0.09708 1009.2
0.09709 1009.2
0.09710 1009.2
0.09711 1009.3
0.09712 1009.3
0.09713 1009.3
0.09714 1009.3
0.09715 1009.3
0.09716 1009.3
0.09717 1009.4
0.09718 1009.4
0.09719 1009.4
0.09720 1009.4
0.09721 1009.4
0.09722 1009.4
0.09723 1009.5
0.09724 1009.5
0.09725 1009.5
0.09726 1009.5
0.09727 1009.5
0.09728 1009.5
0.09729 1009.6
0.09730 1009.6
0.09731 1009.6
0.09732 1009.6
0.09733 1009.6
0.09734 1009.6
0.09735 1009.6
0.09736 1009.7
0.09737 1009.7
0.09738 1009.7
0.09739 1009.7
0.09740 1009.7
0.09741 1009.7
0.09742 1009.8
0.09743 1009.8
0.09744 1009.8
0.09745 1009.8
0.09746 1009.8
0.09747 1009.8
0.09748 1009.9
0.09749 1009.9
0.09750 1009.9
0.09751 1009.9
0.09752 1009.9
0.09753 1009.9
0.09754 1009.9
0.09755 1010.0
0.09756 1010.0
0.09757 1010.0
0.09758 1010.0
0.09759 1010.0
0.09760 1010.0
0.09761 1010.1
0.09762 1010.1
0.09763 1010.1
0.09764 1010.1
0.09765 1010.1
0.09766 1010.1
0.09767 1010.1
0.09768 1010.2
0.09769 1010.2
0.09770 1010.2
0.09771 1010.2
0.09772 1010.2
0.09773 1010.2
0.09774 1010.3
0.09775 1010.3
0.09776 1010.3
0.09777 1010.3
0.09778 1010.3
0.09779 1010.3
0.09780 1010.3
0.09781 1010.4
0.09782 1010.4
0.09783 1010.4
0.09784 1010.4
0.09785 1010.4
0.09786 1010.4
0.09787 1010.4
0.09788 1010.5
0.09789 1010.5
0.09790 1010.5
0.09791 1010.5
0.09792 1010.5
0.09793 1010.5
0.09794 1010.5
0.09795 1010.6
0.09796 1010.6
0.09797 1010.6
0.09798 1010.6
0.09799 1010.6
0.09800 1010.6
0.09801 1010.6
0.09802 1010.7
0.09803 1010.7
0.09804 1010.7
0.09805 1010.7
0.09806 1010.7
0.09807 1010.7
0.09808 1010.7
0.09809 1010.8
0.09810 1010.8
0.09811 1010.8
0.09812 1010.8
0.09813 1010.8
0.09814 1010.8
0.09815 1010.8
0.09816 1010.9
0.09817 1010.9
0.09818 1010.9
0.09819 1010.9
0.09820 1010.9
0.09821 1010.9
0.09822 1010.9
0.09823 1011.0
0.09824 1011.0
0.09825 1011.0
0.09826 1011.0
0.09827 1011.0
0.09828 1011.0
0.09829 1011.0
0.09830 1011.0
0.09831 1011.1
0.09832 1011.1
0.09833 1011.1
0.09834 1011.1
0.09835 1011.1
0.09836 1011.1
0.09837 1011.1
0.09838 1011.2
0.09839 1011.2
0.09840 1011.2
0.09841 1011.2
0.09842 1011.2
0.09843 1011.2
0.09844 1011.2
0.09845 1011.2
0.09846 1011.3
0.09847 1011.3
0.09848 1011.3
0.09849 1011.3
0.09850 1011.3
0.09851 1011.3
0.09852 1011.3
0.09853 1011.3
0.09854 1011.4
0.09855 1011.4
0.09856 1011.4
0.09857 1011.4
0.09858 1011.4
0.09859 1011.4
0.09860 1011.4
0.09861 1011.5
0.09862 1011.5
0.09863 1011.5
0.09864 1011.5
0.09865 1011.5
0.09866 1011.5
0.09867 1011.5
0.09868 1011.5
0.09869 1011.6
0.09870 1011.6
0.09871 1011.6
0.09872 1011.6
0.09873 1011.6
0.09874 1011.6
0.09875 1011.6
0.09876 1011.6
0.09877 1011.7
0.09878 1011.7
0.09879 1011.7
0.09880 1011.7
0.09881 1011.7
0.09882 1011.7
0.09883 1011.7
0.09884 1011.7
0.09885 1011.7
0.09886 1011.8
0.09887 1011.8
0.09888 1011.8
0.09889 1011.8
0.09890 1011.8
0.09891 1011.8
0.09892 1011.8
0.09893 1011.8
0.09894 1011.9
0.09895 1011.9
0.09896 1011.9
0.09897 1011.9
0.09898 1011.9
0.09899 1011.9
0.09900 1011.9
0.09901 1011.9
0.09902 1012.0
0.09903 1012.0
0.09904 1012.0
0.09905 1012.0
0.09906 1012.0
0.09907 1012.0
0.09908 1012.0
0.09909 1012.0
0.09910 1012.0
0.09911 1012.1
0.09912 1012.1
0.09913 1012.1
0.09914 1012.1
0.09915 1012.1
0.09916 1012.1
0.09917 1012.1
0.09918 1012.1
0.09919 1012.1
0.09920 1012.2
0.09921 1012.2
0.09922 1012.2
0.09923 1012.2
0.09924 1012.2
0.09925 1012.2
0.09926 1012.2
0.09927 1012.2
0.09928 1012.3
0.09929 1012.3
0.09930 1012.3
0.09931 1012.3
0.09932 1012.3
0.09933 1012.3
0.09934 1012.3
0.09935 1012.3
0.09936 1012.3
0.09937 1012.3
0.09938 1012.4
0.09939 1012.4
0.09940 1012.4
0.09941 1012.4
0.09942 1012.4
0.09943 1012.4
0.09944 1012.4
0.09945 1012.4
0.09946 1012.4
0.09947 1012.5
0.09948 1012.5
0.09949 1012.5
0.09950 1012.5
0.09951 1012.5
0.09952 1012.5
0.09953 1012.5
0.09954 1012.5
0.09955 1012.5
0.09956 1012.6
0.09957 1012.6
0.09958 1012.6
0.09959 1012.6
0.09960 1012.6
0.09961 1012.6
0.09962 1012.6
0.09963 1012.6
0.09964 1012.6
0.09965 1012.6
0.09966 1012.7
0.09967 1012.7
0.09968 1012.7
0.09969 1012.7
0.09970 1012.7
0.09971 1012.7
0.09972 1012.7
0.09973 1012.7
0.09974 1012.7
0.09975 1012.8
0.09976 1012.8
0.09977 1012.8
0.09978 1012.8
0.09979 1012.8
0.09980 1012.8
0.09981 1012.8
0.09982 1012.8
0.09983 1012.8
0.09984 1012.8
0.09985 1012.9
0.09986 1012.9
0.09987 1012.9
0.09988 1012.9
0.09989 1012.9
0.09990 1012.9
0.09991 1012.9
0.09992 1012.9
0.09993 1012.9
0.09994 1012.9
0.09995 1013.0
0.09996 1013.0
0.09997 1013.0
0.09998 1013.0
0.09999 1013.0
0.10000 1018.8
0.10001 1018.8
0.10002 1018.8
0.10003 1018.8
0.10004 1018.8
0.10005 1018.8
0.10006 1018.8
0.10007 1018.8
0.10008 1018.8
0.10009 1018.8
0.10010 1018.8
0.10011 1018.8
0.10012 1018.8
0.10013 1018.8
0.10014 1018.8
0.10015 1018.8
0.10016 1018.8
0.10017 1018.8
0.10018 1018.8
0.10019 1018.8
0.10020 1018.8
0.10021 1018.8
0.10022 1018.8
0.10023 1018.8
0.10024 1018.8
0.10025 1018.8
0.10026 1018.8
0.10027 1018.8
0.10028 1018.8
0.10029 1018.8
0.10030 1018.8
0.10031 1018.8
0.10032 1018.8
0.10033 1018.8
0.10034 1018.8
0.10035 1018.8
0.10036 1018.8
0.10037 1018.8
0.10038 1018.8
0.10039 1018.8
0.10040 1018.8
0.10041 1018.8
0.10042 1018.8
0.10043 1018.8
0.10044 1018.8
0.10045 1018.8
0.10046 1018.8
0.10047 1018.8
0.10048 1018.8
0.10049 1018.8
0.10050 1018.8
0.10051 1018.8
0.10052 1018.8
0.10053 1018.8
0.10054 1018.8
0.10055 1018.8
0.10056 1018.8
0.10057 1018.8
0.10058 1018.8
0.10059 1018.8
0.10060 1018.8
0.10061 1018.8
0.10062 1018.8
0.10063 1018.8
0.10064 1018.8
0.10065 1018.8
0.10066 1018.8
0.10067 1018.8
0.10068 1018.8
0.10069 1018.8
0.10070 1018.8
0.10071 1018.8
0.10072 1018.8
0.10073 1018.8
0.10074 1018.8
0.10075 1018.8
0.10076 1018.8
0.10077 1018.8
0.10078 1018.8
0.10079 1018.8
0.10080 1018.8
0.10081 1018.8
0.10082 1018.8
0.10083 1018.8
0.10084 1018.8
0.10085 1018.8
0.10086 1018.8
0.10087 1018.8
0.10088 1018.8
0.10089 1018.8
0.10090 1018.8
0.10091 1018.8
0.10092 1018.8
0.10093 1018.8
0.10094 1018.8
0.10095 1018.8
0.10096 1018.8
0.10097 1018.8
0.10098 1018.8
0.10099 1018.8
0.10100 1018.8
0.10101 1037.4
0.10102 1056.2
0.10103 1075.4
0.10104 1094.8
0.10105 1114.5
0.10106 1134.5
0.10107 1154.8
0.10108 1175.4
0.10109 1196.3
0.10110 1217.5
0.10111 1239.0
0.10112 1260.9
0.10113 1283.0
0.10114 1305.5
0.10115 1328.4
0.10116 1351.6
0.10117 1375.1
0.10118 1399.1
0.10119 1423.3
0.10120 1448.0
0.10121 1473.1
0.10122 1498.6
0.10123 1524.5
0.10124 1550.9
0.10125 1577.7
0.10126 1605.1
0.10127 1632.9
0.10128 1661.4
0.10129 1690.5
0.10130 1720.2
0.10131 1750.6
0.10132 1781.9
0.10133 1814.0
0.10134 1847.1
0.10135 1881.2
0.10136 1916.6
0.10137 1953.3
0.10138 1991.6
0.10139 2031.6
0.10140 2073.7
0.10141 2118.0
0.10142 2164.9
0.10143 2214.9
0.10144 2268.5
0.10145 2326.1
0.10146 2388.6
0.10147 2456.8
0.10148 2531.6
0.10149 2614.3
0.10150 2706.4
0.10151 2759.8
0.10152 2823.8
0.10153 2900.0
0.10154 2990.1
0.10155 3096.1
0.10156 3220.5
0.10157 3366.1
0.10158 3536.0
0.10159 3733.9
0.10160 3963.5
0.10161 4228.2
0.10162 4530.7
0.10163 4871.5
0.10164 5248.3
0.10165 5653.7
0.10166 6075.8
0.10167 6498.1
0.10168 6903.3
0.10169 7276.3
0.10170 7607.5
0.10171 7893.0
0.10172 8133.4
0.10173 8332.1
0.10174 8493.5
0.10175 8622.5
0.10176 8723.1
0.10177 8799.2
0.10178 8853.7
0.10179 8889.3
0.10180 8908.0
0.10181 8911.7
0.10182 8901.7
0.10183 8879.2
0.10184 8845.3
0.10185 8800.7
0.10186 8746.1
0.10187 8682.3
0.10188 8609.7
0.10189 8528.8
0.10190 8440.1
0.10191 8344.0
0.10192 8240.9
0.10193 8131.3
0.10194 8015.5
0.10195 7894.1
0.10196 7767.3
0.10197 7635.6
0.10198 7499.5
0.10199 7359.5
0.10200 7215.9
0.10201 7069.2
0.10202 6920.0
0.10203 6768.6
0.10204 6615.6
0.10205 6461.4
0.10206 6306.5
0.10207 6151.3
0.10208 5996.2
0.10209 5841.8
0.10210 5688.3
0.10211 5536.2
0.10212 5385.8
0.10213 5237.5
0.10214 5091.4
0.10215 4948.1
0.10216 4807.5
0.10217 4670.1
0.10218 4535.9
0.10219 4405.1
0.10220 4277.9
0.10221 4154.4
0.10222 4034.6
0.10223 3918.6
0.10224 3806.5
0.10225 3698.1
0.10226 3593.6
0.10227 3492.9
0.10228 3395.9
0.10229 3302.6
0.10230 3213.0
0.10231 3126.9
0.10232 3044.2
0.10233 2964.9
0.10234 2888.8
0.10235 2815.9
0.10236 2746.0
0.10237 2679.0
0.10238 2614.8
0.10239 2553.4
0.10240 2494.5
0.10241 2438.0
0.10242 2384.0
0.10243 2332.1
0.10244 2282.5
0.10245 2234.9
0.10246 2189.2
0.10247 2145.4
0.10248 2103.4
0.10249 2063.0
0.10250 2024.3
0.10251 1987.0
0.10252 1951.2
0.10253 1916.8
0.10254 1883.8
0.10255 1851.9
0.10256 1821.3
0.10257 1791.8
0.10258 1763.3
0.10259 1735.9
0.10260 1709.5
0.10261 1684.1
0.10262 1659.5
0.10263 1635.8
0.10264 1612.9
0.10265 1590.9
0.10266 1569.6
0.10267 1549.0
0.10268 1529.1
0.10269 1509.9
0.10270 1491.4
0.10271 1473.5
0.10272 1456.2
0.10273 1439.5
0.10274 1423.4
0.10275 1407.8
0.10276 1392.8
0.10277 1378.3
0.10278 1364.2
0.10279 1350.7
0.10280 1337.6
0.10281 1325.0
0.10282 1312.8
0.10283 1301.1
0.10284 1289.7
0.10285 1278.8
0.10286 1268.2
0.10287 1258.0
0.10288 1248.2
0.10289 1238.7
0.10290 1229.6
0.10291 1220.7
0.10292 1212.2
0.10293 1204.0
0.10294 1196.1
0.10295 1188.5
0.10296 1181.1
0.10297 1174.0
0.10298 1167.2
0.10299 1160.6
0.10300 1154.2
0.10301 1148.1
0.10302 1142.2
0.10303 1136.5
0.10304 1130.9
0.10305 1125.6
0.10306 1120.5
0.10307 1115.5
0.10308 1110.8
0.10309 1106.1
0.10310 1101.7
0.10311 1097.4
0.10312 1093.2
0.10313 1089.2
0.10314 1085.3
0.10315 1081.6
0.10316 1078.0
0.10317 1074.5
0.10318 1071.1
0.10319 1067.8
0.10320 1064.6
0.10321 1061.6
0.10322 1058.6
0.10323 1055.8
0.10324 1053.0
0.10325 1050.3
0.10326 1047.7
0.10327 1045.2
0.10328 1042.8
0.10329 1040.4
0.10330 1038.2
0.10331 1036.0
0.10332 1033.8
0.10333 1031.8
0.10334 1029.8
0.10335 1027.8
0.10336 1025.9
0.10337 1024.1
0.10338 1022.3
0.10339 1020.6
0.10340 1019.0
0.10341 1017.3
0.10342 1015.8
0.10343 1014.3
0.10344 1012.8
0.10345 1011.4
0.10346 1010.0
0.10347 1008.6
0.10348 1007.3
0.10349 1006.1
0.10350 1004.8
0.10351 1003.6
0.10352 1002.5
0.10353 1001.3
0.10354 1000.3
0.10355 999.2
0.10356 998.2
0.10357 997.2
0.10358 996.2
0.10359 995.2
0.10360 994.3
0.10361 993.4
0.10362 992.5
0.10363 991.7
0.10364 990.9
0.10365 990.1
0.10366 989.3
0.10367 988.5
0.10368 987.8
0.10369 987.1
0.10370 986.4
0.10371 985.7
0.10372 985.1
0.10373 984.4
0.10374 983.8
0.10375 983.2
0.10376 982.6
0.10377 982.0
0.10378 981.5
0.10379 980.9
0.10380 980.4
0.10381 979.9
0.10382 979.4
0.10383 978.9
0.10384 978.4
0.10385 978.0
0.10386 977.5
0.10387 977.1
0.10388 976.6
0.10389 976.2
0.10390 975.8
0.10391 975.4
0.10392 975.0
0.10393 974.7
0.10394 974.3
0.10395 974.0
0.10396 973.6
0.10397 973.3
0.10398 972.9
0.10399 972.6
0.10400 972.3
0.10401 972.0
0.10402 971.7
0.10403 971.4
0.10404 971.1
0.10405 970.9
0.10406 970.6
0.10407 970.3
0.10408 970.1
0.10409 969.8
0.10410 969.6
0.10411 969.4
0.10412 969.1
0.10413 968.9
0.10414 968.7
0.10415 968.5
0.10416 968.3
0.10417 968.1
0.10418 967.9
0.10419 967.7
0.10420 967.5
0.10421 967.3
0.10422 967.2
0.10423 967.0
0.10424 966.8
0.10425 966.7
0.10426 966.5
0.10427 966.4
0.10428 966.2
0.10429 966.1
0.10430 965.9
0.10431 965.8
0.10432 965.7
0.10433 965.5
0.10434 965.4
0.10435 965.3
0.10436 965.2
0.10437 965.0
0.10438 964.9
0.10439 964.8
0.10440 964.7
0.10441 964.6
0.10442 964.5
0.10443 964.4
0.10444 964.3
0.10445 964.2
0.10446 964.1
0.10447 964.0
0.10448 963.9
0.10449 963.9
0.10450 963.8
0.10451 963.7
0.10452 963.6
0.10453 963.6
0.10454 963.5
0.10455 963.4
0.10456 963.4
0.10457 963.3
0.10458 963.2
0.10459 963.2
0.10460 963.1
0.10461 963.1
0.10462 963.0
0.10463 962.9
0.10464 962.9
0.10465 962.8
0.10466 962.8
0.10467 962.8
0.10468 962.7
0.10469 962.7
0.10470 962.6
0.10471 962.6
0.10472 962.6
0.10473 962.5
0.10474 962.5
0.10475 962.4
0.10476 962.4
0.10477 962.4
0.10478 962.4
0.10479 962.3
0.10480 962.3
0.10481 962.3
0.10482 962.3
0.10483 962.2
0.10484 962.2
0.10485 962.2
0.10486 962.2
0.10487 962.2
0.10488 962.1
0.10489 962.1
0.10490 962.1
0.10491 962.1
0.10492 962.1
0.10493 962.1
0.10494 962.1
0.10495 962.1
0.10496 962.0
0.10497 962.0
0.10498 962.0
0.10499 962.0
0.10500 962.0
0.10501 962.0
0.10502 962.0
0.10503 962.0
0.10504 962.0
0.10505 962.0
0.10506 962.0
0.10507 962.0
0.10508 962.0
0.10509 962.0
0.10510 962.0
0.10511 962.0
0.10512 962.0
0.10513 962.0
0.10514 962.1
0.10515 962.1
0.10516 962.1
0.10517 962.1
0.10518 962.1
0.10519 962.1
0.10520 962.1
0.10521 962.1
0.10522 962.1
0.10523 962.1
0.10524 962.2
0.10525 962.2
0.10526 962.2
0.10527 962.2
0.10528 962.2
0.10529 962.2
0.10530 962.3
0.10531 962.3
0.10532 962.3
0.10533 962.3
0.10534 962.3
0.10535 962.3
0.10536 962.4
0.10537 962.4
0.10538 962.4
0.10539 962.4
0.10540 962.5
0.10541 962.5
0.10542 962.5
0.10543 962.5
0.10544 962.5
0.10545 962.6
0.10546 962.6
0.10547 962.6
0.10548 962.6
0.10549 962.7
0.10550 962.7
0.10551 962.7
0.10552 962.8
0.10553 962.8
0.10554 962.8
0.10555 962.8
0.10556 962.9
0.10557 962.9
0.10558 962.9
0.10559 963.0
0.10560 963.0
0.10561 963.0
0.10562 963.0
0.10563 963.1
0.10564 963.1
0.10565 963.1
0.10566 963.2
0.10567 963.2
0.10568 963.2
0.10569 963.3
0.10570 963.3
0.10571 963.3
0.10572 963.4
0.10573 963.4
0.10574 963.4
0.10575 963.5
0.10576 963.5
0.10577 963.6
0.10578 963.6
0.10579 963.6
0.10580 963.7
0.10581 963.7
0.10582 963.7
0.10583 963.8
0.10584 963.8
0.10585 963.8
0.10586 963.9
0.10587 963.9
0.10588 964.0
0.10589 964.0
0.10590 964.0
0.10591 964.1
0.10592 964.1
0.10593 964.2
0.10594 964.2
0.10595 964.2
0.10596 964.3
0.10597 964.3
0.10598 964.4
0.10599 964.4
0.10600 964.4
0.10601 964.5
0.10602 964.5
0.10603 964.6
0.10604 964.6
0.10605 964.7
0.10606 964.7
0.10607 964.7
0.10608 964.8
0.10609 964.8
0.10610 964.9
0.10611 964.9
0.10612 965.0
0.10613 965.0
0.10614 965.0
0.10615 965.1
0.10616 965.1
0.10617 965.2
0.10618 965.2
0.10619 965.3
0.10620 965.3
0.10621 965.4
0.10622 965.4
0.10623 965.4
0.10624 965.5
0.10625 965.5
0.10626 965.6
0.10627 965.6
0.10628 965.7
0.10629 965.7
0.10630 965.8
0.10631 965.8
0.10632 965.9
0.10633 965.9
0.10634 966.0
0.10635 966.0
0.10636 966.1
0.10637 966.1
0.10638 966.1
0.10639 966.2
0.10640 966.2
0.10641 966.3
0.10642 966.3
0.10643 966.4
0.10644 966.4
0.10645 966.5
0.10646 966.5
0.10647 966.6
0.10648 966.6
0.10649 966.7
0.10650 966.7
0.10651 966.8
0.10652 966.8
0.10653 966.9
0.10654 966.9
0.10655 967.0
0.10656 967.0
0.10657 967.1
0.10658 967.1
0.10659 967.2
0.10660 967.2
0.10661 967.3
0.10662 967.3
0.10663 967.4
0.10664 967.4
0.10665 967.5
0.10666 967.5
0.10667 967.6
0.10668 967.6
0.10669 967.7
0.10670 967.7
0.10671 967.8
0.10672 967.8
0.10673 967.9
0.10674 967.9
0.10675 968.0
0.10676 968.1
0.10677 968.1
0.10678 968.2
0.10679 968.2
0.10680 968.3
0.10681 968.3
0.10682 968.4
0.10683 968.4
0.10684 968.5
0.10685 968.5
0.10686 968.6
0.10687 968.6
0.10688 968.7
0.10689 968.7
0.10690 968.8
0.10691 968.8
0.10692 968.9
0.10693 968.9
0.10694 969.0
0.10695 969.1
0.10696 969.1
0.10697 969.2
0.10698 969.2
0.10699 969.3
0.10700 969.3
0.10701 969.4
0.10702 969.4
0.10703 969.5
0.10704 969.5
0.10705 969.6
0.10706 969.6
0.10707 969.7
0.10708 969.8
0.10709 969.8
0.10710 969.9
0.10711 969.9
0.10712 970.0
0.10713 970.0
0.10714 970.1
0.10715 970.1
0.10716 970.2
0.10717 970.2
0.10718 970.3
0.10719 970.4
0.10720 970.4
0.10721 970.5
0.10722 970.5
0.10723 970.6
0.10724 970.6
0.10725 970.7
0.10726 970.7
0.10727 970.8
0.10728 970.9
0.10729 970.9
0.10730 971.0
0.10731 971.0
0.10732 971.1
0.10733 971.1
0.10734 971.2
0.10735 971.2
0.10736 971.3
0.10737 971.4
0.10738 971.4
0.10739 971.5
0.10740 971.5
0.10741 971.6
0.10742 971.6
0.10743 971.7
0.10744 971.7
0.10745 971.8
0.10746 971.9
0.10747 971.9
0.10748 972.0
0.10749 972.0
0.10750 972.1
0.10751 972.1
0.10752 972.2
0.10753 972.3
0.10754 972.3
0.10755 972.4
0.10756 972.4
0.10757 972.5
0.10758 972.5
0.10759 972.6
0.10760 972.6
0.10761 972.7
0.10762 972.8
0.10763 972.8
0.10764 972.9
0.10765 972.9
0.10766 973.0
0.10767 973.0
0.10768 973.1
0.10769 973.2
0.10770 973.2
0.10771 973.3
0.10772 973.3
0.10773 973.4
0.10774 973.4
0.10775 973.5
0.10776 973.6
0.10777 973.6
0.10778 973.7
0.10779 973.7
0.10780 973.8
0.10781 973.8
0.10782 973.9
0.10783 973.9
0.10784 974.0
0.10785 974.1
0.10786 974.1
0.10787 974.2
0.10788 974.2
0.10789 974.3
0.10790 974.3
0.10791 974.4
0.10792 974.5
0.10793 974.5
0.10794 974.6
0.10795 974.6
0.10796 974.7
0.10797 974.7
0.10798 974.8
0.10799 974.9
0.10800 974.9
0.10801 975.0
0.10802 975.0
0.10803 975.1
0.10804 975.1
0.10805 975.2
0.10806 975.3
0.10807 975.3
0.10808 975.4
0.10809 975.4
0.10810 975.5
0.10811 975.5
0.10812 975.6
0.10813 975.7
0.10814 975.7
0.10815 975.8
0.10816 975.8
0.10817 975.9
0.10818 975.9
0.10819 976.0
0.10820 976.1
0.10821 976.1
0.10822 976.2
0.10823 976.2
0.10824 976.3
0.10825 976.3
0.10826 976.4
0.10827 976.5
0.10828 976.5
0.10829 976.6
0.10830 976.6
0.10831 976.7
0.10832 976.7
0.10833 976.8
0.10834 976.9
0.10835 976.9
0.10836 977.0
0.10837 977.0
0.10838 977.1
0.10839 977.1
0.10840 977.2
0.10841 977.3
0.10842 977.3
0.10843 977.4
0.10844 977.4
0.10845 977.5
0.10846 977.5
0.10847 977.6
0.10848 977.6
0.10849 977.7
0.10850 977.8
0.10851 977.8
0.10852 977.9
0.10853 977.9
0.10854 978.0
0.10855 978.0
0.10856 978.1
0.10857 978.2
0.10858 978.2
0.10859 978.3
0.10860 978.3
0.10861 978.4
0.10862 978.4
0.10863 978.5
0.10864 978.6
0.10865 978.6
0.10866 978.7
0.10867 978.7
0.10868 978.8
0.10869 978.8
0.10870 978.9
0.10871 979.0
0.10872 979.0
0.10873 979.1
0.10874 979.1
0.10875 979.2
0.10876 979.2
0.10877 979.3
0.10878 979.3
0.10879 979.4
0.10880 979.5
0.10881 979.5
0.10882 979.6
0.10883 979.6
0.10884 979.7
0.10885 979.7
0.10886 979.8
0.10887 979.8
0.10888 979.9
0.10889 980.0
0.10890 980.0
0.10891 980.1
0.10892 980.1
0.10893 980.2
0.10894 980.2
0.10895 980.3
0.10896 980.4
0.10897 980.4
0.10898 980.5
0.10899 980.5
0.10900 980.6
0.10901 980.6
0.10902 980.7
0.10903 980.7
0.10904 980.8
0.10905 980.9
0.10906 980.9
0.10907 981.0
0.10908 981.0
0.10909 981.1
0.10910 981.1
0.10911 981.2
0.10912 981.2
0.10913 981.3
0.10914 981.4
0.10915 981.4
0.10916 981.5
0.10917 981.5
0.10918 981.6
0.10919 981.6
0.10920 981.7
0.10921 981.7
0.10922 981.8
0.10923 981.8
0.10924 981.9
0.10925 982.0
0.10926 982.0
0.10927 982.1
0.10928 982.1
0.10929 982.2
0.10930 982.2
0.10931 982.3
0.10932 982.3
0.10933 982.4
0.10934 982.4
0.10935 982.5
0.10936 982.6
0.10937 982.6
0.10938 982.7
0.10939 982.7
0.10940 982.8
0.10941 982.8
0.10942 982.9
0.10943 982.9
0.10944 983.0
0.10945 983.0
0.10946 983.1
0.10947 983.2
0.10948 983.2
0.10949 983.3
0.10950 983.3
0.10951 983.4
0.10952 983.4
0.10953 983.5
0.10954 983.5
0.10955 983.6
0.10956 983.6
0.10957 983.7
0.10958 983.7
0.10959 983.8
0.10960 983.9
0.10961 983.9
0.10962 984.0
0.10963 984.0
0.10964 984.1
0.10965 984.1
0.10966 984.2
0.10967 984.2
0.10968 984.3
0.10969 984.3
0.10970 984.4
0.10971 984.4
0.10972 984.5
0.10973 984.5
0.10974 984.6
0.10975 984.6
0.10976 984.7
0.10977 984.8
0.10978 984.8
0.10979 984.9
0.10980 984.9
0.10981 985.0
0.10982 985.0
0.10983 985.1
0.10984 985.1
0.10985 985.2
0.10986 985.2
0.10987 985.3
0.10988 985.3
0.10989 985.4
0.10990 985.4
0.10991 985.5
0.10992 985.5
0.10993 985.6
0.10994 985.6
0.10995 985.7
0.10996 985.7
0.10997 985.8
0.10998 985.9
0.10999 985.9
0.11000 986.0
0.11001 986.0
0.11002 986.1
0.11003 986.1
0.11004 986.2
0.11005 986.2
0.11006 986.3
0.11007 986.3
0.11008 986.4
0.11009 986.4
0.11010 986.5
0.11011 986.5
0.11012 986.6
0.11013 986.6
0.11014 986.7
0.11015 986.7
0.11016 986.8
0.11017 986.8
0.11018 986.9
0.11019 986.9
0.11020 987.0
0.11021 987.0
0.11022 987.1
0.11023 987.1
0.11024 987.2
0.11025 987.2
0.11026 987.3
0.11027 987.3
0.11028 987.4
0.11029 987.4
0.11030 987.5
0.11031 987.5
0.11032 987.6
0.11033 987.6
0.11034 987.7
0.11035 987.7
0.11036 987.8
0.11037 987.8
0.11038 987.9
0.11039 987.9
0.11040 988.0
0.11041 988.0
0.11042 988.1
0.11043 988.1
0.11044 988.2
0.11045 988.2
0.11046 988.3
0.11047 988.3
0.11048 988.4
0.11049 988.4
0.11050 988.5
0.11051 988.5
0.11052 988.6
0.11053 988.6
0.11054 988.7
0.11055 988.7
0.11056 988.8
0.11057 988.8
0.11058 988.9
0.11059 988.9
0.11060 989.0
0.11061 989.0
0.11062 989.1
0.11063 989.1
0.11064 989.2
0.11065 989.2
0.11066 989.3
0.11067 989.3
0.11068 989.3
0.11069 989.4
0.11070 989.4
0.11071 989.5
0.11072 989.5
0.11073 989.6
0.11074 989.6
0.11075 989.7
0.11076 989.7
0.11077 989.8
0.11078 989.8
0.11079 989.9
0.11080 989.9
0.11081 990.0
0.11082 990.0
0.11083 990.1
0.11084 990.1
0.11085 990.2
0.11086 990.2
0.11087 990.3
0.11088 990.3
0.11089 990.3
0.11090 990.4
0.11091 990.4
0.11092 990.5
0.11093 990.5
0.11094 990.6
0.11095 990.6
0.11096 990.7
0.11097 990.7
0.11098 990.8
0.11099 990.8
0.11100 990.9
0.11101 990.9
0.11102 991.0
0.11103 991.0
0.11104 991.0
0.11105 991.1
0.11106 991.1
0.11107 991.2
0.11108 991.2
0.11109 991.3
0.11110 991.3
0.11111 991.4
0.11112 991.4
0.11113 991.5
0.11114 991.5
0.11115 991.6
0.11116 991.6
0.11117 991.6
0.11118 991.7
0.11119 991.7
0.11120 991.8
0.11121 991.8
0.11122 991.9
0.11123 991.9
0.11124 992.0
0.11125 992.0
0.11126 992.0
0.11127 992.1
0.11128 992.1
0.11129 992.2
0.11130 992.2
0.11131 992.3
0.11132 992.3
0.11133 992.4
0.11134 992.4
0.11135 992.4
0.11136 992.5
0.11137 992.5
0.11138 992.6
0.11139 992.6
0.11140 992.7
0.11141 992.7
0.11142 992.8
0.11143 992.8
0.11144 992.8
0.11145 992.9
0.11146 992.9
0.11147 993.0
0.11148 993.0
0.11149 993.1
0.11150 993.1
0.11151 993.2
0.11152 993.2
0.11153 993.2
0.11154 993.3
0.11155 993.3
0.11156 993.4
0.11157 993.4
0.11158 993.5
0.11159 993.5
0.11160 993.5
0.11161 993.6
0.11162 993.6
0.11163 993.7
0.11164 993.7
0.11165 993.8
0.11166 993.8
0.11167 993.8
0.11168 993.9
0.11169 993.9
0.11170 994.0
0.11171 994.0
0.11172 994.1
0.11173 994.1
0.11174 994.1
0.11175 994.2
0.11176 994.2
0.11177 994.3
0.11178 994.3
0.11179 994.3
0.11180 994.4
0.11181 994.4
0.11182 994.5
0.11183 994.5
0.11184 994.6
0.11185 994.6
0.11186 994.6
0.11187 994.7
0.11188 994.7
0.11189 994.8
0.11190 994.8
0.11191 994.8
0.11192 994.9
0.11193 994.9
0.11194 995.0
0.11195 995.0
0.11196 995.0
0.11197 995.1
0.11198 995.1
0.11199 995.2
0.11200 995.2
0.11201 995.2
0.11202 995.3
0.11203 995.3
0.11204 995.4
0.11205 995.4
0.11206 995.5
0.11207 995.5
0.11208 995.5
0.11209 995.6
0.11210 995.6
0.11211 995.7
0.11212 995.7
0.11213 995.7
0.11214 995.8
0.11215 995.8
0.11216 995.9
0.11217 995.9
0.11218 995.9
0.11219 996.0
0.11220 996.0
0.11221 996.0
0.11222 996.1
0.11223 996.1
0.11224 996.2
0.11225 996.2
0.11226 996.2
0.11227 996.3
0.11228 996.3
0.11229 996.4
0.11230 996.4
0.11231 996.4
0.11232 996.5
0.11233 996.5
0.11234 996.6
0.11235 996.6
0.11236 996.6
0.11237 996.7
0.11238 996.7
0.11239 996.7
0.11240 996.8
0.11241 996.8
0.11242 996.9
0.11243 996.9
0.11244 996.9
0.11245 997.0
0.11246 997.0
0.11247 997.1
0.11248 997.1
0.11249 997.1
0.11250 997.2
0.11251 997.2
0.11252 997.2
0.11253 997.3
0.11254 997.3
0.11255 997.4
0.11256 997.4
0.11257 997.4
0.11258 997.5
0.11259 997.5
0.11260 997.5
0.11261 997.6
0.11262 997.6
0.11263 997.6
0.11264 997.7
0.11265 997.7
0.11266 997.8
0.11267 997.8
0.11268 997.8
0.11269 997.9
0.11270 997.9
0.11271 997.9
0.11272 998.0
0.11273 998.0
0.11274 998.1
0.11275 998.1
0.11276 998.1
0.11277 998.2
0.11278 998.2
0.11279 998.2
0.11280 998.3
0.11281 998.3
0.11282 998.3
0.11283 998.4
0.11284 998.4
0.11285 998.4
0.11286 998.5
0.11287 998.5
0.11288 998.6
0.11289 998.6
0.11290 998.6
0.11291 998.7
0.11292 998.7
0.11293 998.7
0.11294 998.8
0.11295 998.8
0.11296 998.8
0.11297 998.9
0.11298 998.9
0.11299 998.9
0.11300 999.0
0.11301 999.0
0.11302 999.0
0.11303 999.1
0.11304 999.1
0.11305 999.2
0.11306 999.2
0.11307 999.2
0.11308 999.3
0.11309 999.3
0.11310 999.3
0.11311 999.4
0.11312 999.4
0.11313 999.4
0.11314 999.5
0.11315 999.5
0.11316 999.5
0.11317 999.6
0.11318 999.6
0.11319 999.6
0.11320 999.7
0.11321 999.7
0.11322 999.7
0.11323 999.8
0.11324 999.8
0.11325 999.8
0.11326 999.9
0.11327 999.9
0.11328 999.9
0.11329 1000.0
0.11330 1000.0
0.11331 1000.0
0.11332 1000.1
0.11333 1000.1
0.11334 1000.1
0.11335 1000.2
0.11336 1000.2
0.11337 1000.2
0.11338 1000.3
0.11339 1000.3
0.11340 1000.3
0.11341 1000.4
0.11342 1000.4
0.11343 1000.4
0.11344 1000.5
0.11345 1000.5
0.11346 1000.5
0.11347 1000.6
0.11348 1000.6
0.11349 1000.6
0.11350 1000.7
0.11351 1000.7
0.11352 1000.7
0.11353 1000.7
0.11354 1000.8
0.11355 1000.8
0.11356 1000.8
0.11357 1000.9
0.11358 1000.9
0.11359 1000.9
0.11360 1001.0
0.11361 1001.0
0.11362 1001.0
0.11363 1001.1
0.11364 1001.1
0.11365 1001.1
0.11366 1001.2
0.11367 1001.2
0.11368 1001.2
0.11369 1001.3
0.11370 1001.3
0.11371 1001.3
0.11372 1001.3
0.11373 1001.4
0.11374 1001.4
0.11375 1001.4
0.11376 1001.5
0.11377 1001.5
0.11378 1001.5
0.11379 1001.6
0.11380 1001.6
0.11381 1001.6
0.11382 1001.7
0.11383 1001.7
0.11384 1001.7
0.11385 1001.7
0.11386 1001.8
0.11387 1001.8
0.11388 1001.8
0.11389 1001.9
0.11390 1001.9
0.11391 1001.9
0.11392 1002.0
0.11393 1002.0
0.11394 1002.0
0.11395 1002.0
0.11396 1002.1
0.11397 1002.1
0.11398 1002.1
0.11399 1002.2
0.11400 1002.2
0.11401 1002.2
0.11402 1002.3
0.11403 1002.3
0.11404 1002.3
0.11405 1002.3
0.11406 1002.4
0.11407 1002.4
0.11408 1002.4
0.11409 1002.5
0.11410 1002.5
0.11411 1002.5
0.11412 1002.5
0.11413 1002.6
0.11414 1002.6
0.11415 1002.6
0.11416 1002.7
0.11417 1002.7
0.11418 1002.7
0.11419 1002.7
0.11420 1002.8
0.11421 1002.8
0.11422 1002.8
0.11423 1002.9
0.11424 1002.9
0.11425 1002.9
0.11426 1002.9
0.11427 1003.0
0.11428 1003.0
0.11429 1003.0
0.11430 1003.1
0.11431 1003.1
0.11432 1003.1
0.11433 1003.1
0.11434 1003.2
0.11435 1003.2
0.11436 1003.2
0.11437 1003.3
0.11438 1003.3
0.11439 1003.3
0.11440 1003.3
0.11441 1003.4
0.11442 1003.4
0.11443 1003.4
0.11444 1003.4
0.11445 1003.5
0.11446 1003.5
0.11447 1003.5
0.11448 1003.6
0.11449 1003.6
0.11450 1003.6
0.11451 1003.6
0.11452 1003.7
0.11453 1003.7
0.11454 1003.7
0.11455 1003.7
0.11456 1003.8
0.11457 1003.8
0.11458 1003.8
0.11459 1003.9
0.11460 1003.9
0.11461 1003.9
0.11462 1003.9
0.11463 1004.0
0.11464 1004.0
0.11465 1004.0
0.11466 1004.0
0.11467 1004.1
0.11468 1004.1
0.11469 1004.1
0.11470 1004.1
0.11471 1004.2
0.11472 1004.2
0.11473 1004.2
0.11474 1004.2
0.11475 1004.3
0.11476 1004.3
0.11477 1004.3
0.11478 1004.3
0.11479 1004.4
0.11480 1004.4
0.11481 1004.4
0.11482 1004.5
0.11483 1004.5
0.11484 1004.5
0.11485 1004.5
0.11486 1004.6
0.11487 1004.6
0.11488 1004.6
0.11489 1004.6
0.11490 1004.7
0.11491 1004.7
0.11492 1004.7
0.11493 1004.7
0.11494 1004.8
0.11495 1004.8
0.11496 1004.8
0.11497 1004.8
0.11498 1004.9
0.11499 1004.9
0.11500 1004.9
0.11501 1004.9
0.11502 1005.0
0.11503 1005.0
0.11504 1005.0
0.11505 1005.0
0.11506 1005.1
0.11507 1005.1
0.11508 1005.1
0.11509 1005.1
0.11510 1005.2
0.11511 1005.2
0.11512 1005.2
0.11513 1005.2
0.11514 1005.2
0.11515 1005.3
0.11516 1005.3
0.11517 1005.3
0.11518 1005.3
0.11519 1005.4
0.11520 1005.4
0.11521 1005.4
0.11522 1005.4
0.11523 1005.5
0.11524 1005.5
0.11525 1005.5
0.11526 1005.5
0.11527 1005.6
0.11528 1005.6
0.11529 1005.6
0.11530 1005.6
0.11531 1005.7
0.11532 1005.7
0.11533 1005.7
0.11534 1005.7
0.11535 1005.7
0.11536 1005.8
0.11537 1005.8
0.11538 1005.8
0.11539 1005.8
0.11540 1005.9
0.11541 1005.9
0.11542 1005.9
0.11543 1005.9
0.11544 1006.0
0.11545 1006.0
0.11546 1006.0
0.11547 1006.0
0.11548 1006.0
0.11549 1006.1
0.11550 1006.1
0.11551 1006.1
0.11552 1006.1
0.11553 1006.2
0.11554 1006.2
0.11555 1006.2
0.11556 1006.2
0.11557 1006.2
0.11558 1006.3
0.11559 1006.3
0.11560 1006.3
0.11561 1006.3
0.11562 1006.4
0.11563 1006.4
0.11564 1006.4
0.11565 1006.4
0.11566 1006.4
0.11567 1006.5
0.11568 1006.5
0.11569 1006.5
0.11570 1006.5
0.11571 1006.6
0.11572 1006.6
0.11573 1006.6
0.11574 1006.6
0.11575 1006.6
0.11576 1006.7
0.11577 1006.7
0.11578 1006.7
0.11579 1006.7
0.11580 1006.8
0.11581 1006.8
0.11582 1006.8
0.11583 1006.8
0.11584 1006.8
0.11585 1006.9
0.11586 1006.9
0.11587 1006.9
0.11588 1006.9
0.11589 1006.9
0.11590 1007.0
0.11591 1007.0
0.11592 1007.0
0.11593 1007.0
0.11594 1007.1
0.11595 1007.1
0.11596 1007.1
0.11597 1007.1
0.11598 1007.1
0.11599 1007.2
0.11600 1007.2
0.11601 1007.2
0.11602 1007.2
0.11603 1007.2
0.11604 1007.3
0.11605 1007.3
0.11606 1007.3
0.11607 1007.3
0.11608 1007.3
0.11609 1007.4
0.11610 1007.4
0.11611 1007.4
0.11612 1007.4
0.11613 1007.4
0.11614 1007.5
0.11615 1007.5
0.11616 1007.5
0.11617 1007.5
0.11618 1007.5
0.11619 1007.6
0.11620 1007.6
0.11621 1007.6
0.11622 1007.6
0.11623 1007.6
0.11624 1007.7
0.11625 1007.7
0.11626 1007.7
0.11627 1007.7
0.11628 1007.7
0.11629 1007.8
0.11630 1007.8
0.11631 1007.8
0.11632 1007.8
0.11633 1007.8
0.11634 1007.9
0.11635 1007.9
0.11636 1007.9
0.11637 1007.9
0.11638 1007.9
0.11639 1008.0
0.11640 1008.0
0.11641 1008.0
0.11642 1008.0
0.11643 1008.0
0.11644 1008.1
0.11645 1008.1
0.11646 1008.1
0.11647 1008.1
0.11648 1008.1
0.11649 1008.1
0.11650 1008.2
0.11651 1008.2
0.11652 1008.2
0.11653 1008.2
0.11654 1008.2
0.11655 1008.3
0.11656 1008.3
0.11657 1008.3
0.11658 1008.3
0.11659 1008.3
0.11660 1008.4
0.11661 1008.4
0.11662 1008.4
0.11663 1008.4
0.11664 1008.4
0.11665 1008.4
0.11666 1008.5
0.11667 1008.5
0.11668 1008.5
0.11669 1008.5
0.11670 1008.5
0.11671 1008.6
0.11672 1008.6
0.11673 1008.6
0.11674 1008.6
0.11675 1008.6
0.11676 1008.6
0.11677 1008.7
0.11678 1008.7
0.11679 1008.7
0.11680 1008.7
0.11681 1008.7
0.11682 1008.8
0.11683 1008.8
0.11684 1008.8
0.11685 1008.8
0.11686 1008.8
0.11687 1008.8
0.11688 1008.9
0.11689 1008.9
0.11690 1008.9
0.11691 1008.9
0.11692 1008.9
0.11693 1008.9
0.11694 1009.0
0.11695 1009.0
0.11696 1009.0
0.11697 1009.0
0.11698 1009.0
0.11699 1009.0
0.11700 1009.1
0.11701 1009.1
0.11702 1009.1
0.11703 1009.1
0.11704 1009.1
0.11705 1009.2
0.11706 1009.2
0.11707 1009.2
0.11708 1009.2
0.11709 1009.2
0.11710 1009.2
0.11711 1009.3
0.11712 1009.3
0.11713 1009.3
0.11714 1009.3
0.11715 1009.3
0.11716 1009.3
0.11717 1009.4
0.11718 1009.4
0.11719 1009.4
0.11720 1009.4
0.11721 1009.4
0.11722 1009.4
0.11723 1009.5
0.11724 1009.5
0.11725 1009.5
0.11726 1009.5
0.11727 1009.5
0.11728 1009.5
0.11729 1009.6
0.11730 1009.6
0.11731 1009.6
0.11732 1009.6
0.11733 1009.6
0.11734 1009.6
0.11735 1009.6
0.11736 1009.7
0.11737 1009.7
0.11738 1009.7
0.11739 1009.7
0.11740 1009.7
0.11741 1009.7
0.11742 1009.8
0.11743 1009.8
0.11744 1009.8
0.11745 1009.8
0.11746 1009.8
0.11747 1009.8
0.11748 1009.9
0.11749 1009.9
0.11750 1009.9
0.11751 1009.9
0.11752 1009.9
0.11753 1009.9
0.11754 1009.9
0.11755 1010.0
0.11756 1010.0
0.11757 1010.0
0.11758 1010.0
0.11759 1010.0
0.11760 1010.0
0.11761 1010.1
0.11762 1010.1
0.11763 1010.1
0.11764 1010.1
0.11765 1010.1
0.11766 1010.1
0.11767 1010.1
0.11768 1010.2
0.11769 1010.2
0.11770 1010.2
0.11771 1010.2
0.11772 1010.2
0.11773 1010.2
0.11774 1010.3
0.11775 1010.3
0.11776 1010.3
0.11777 1010.3
0.11778 1010.3
0.11779 1010.3
0.11780 1010.3
0.11781 1010.4
0.11782 1010.4
0.11783 1010.4
0.11784 1010.4
0.11785 1010.4
0.11786 1010.4
0.11787 1010.4
0.11788 1010.5
0.11789 1010.5
0.11790 1010.5
0.11791 1010.5
0.11792 1010.5
0.11793 1010.5
0.11794 1010.5
0.11795 1010.6
0.11796 1010.6
0.11797 1010.6
0.11798 1010.6
0.11799 1010.6
0.11800 1010.6
0.11801 1010.6
0.11802 1010.7
0.11803 1010.7
0.11804 1010.7
0.11805 1010.7
0.11806 1010.7
0.11807 1010.7
0.11808 1010.7
0.11809 1010.8
0.11810 1010.8
0.11811 1010.8
0.11812 1010.8
0.11813 1010.8
0.11814 1010.8
0.11815 1010.8
0.11816 1010.9
0.11817 1010.9
0.11818 1010.9
0.11819 1010.9
0.11820 1010.9
0.11821 1010.9
0.11822 1010.9
0.11823 1011.0
0.11824 1011.0
0.11825 1011.0
0.11826 1011.0
0.11827 1011.0
0.11828 1011.0
0.11829 1011.0
0.11830 1011.0
0.11831 1011.1
0.11832 1011.1
0.11833 1011.1
0.11834 1011.1
0.11835 1011.1
0.11836 1011.1
0.11837 1011.1
0.11838 1011.2
0.11839 1011.2
0.11840 1011.2
0.11841 1011.2
0.11842 1011.2
0.11843 1011.2
0.11844 1011.2
0.11845 1011.2
0.11846 1011.3
0.11847 1011.3
0.11848 1011.3
0.11849 1011.3
0.11850 1011.3
0.11851 1011.3
0.11852 1011.3
0.11853 1011.3
0.11854 1011.4
0.11855 1011.4
0.11856 1011.4
0.11857 1011.4
0.11858 1011.4
0.11859 1011.4
0.11860 1011.4
0.11861 1011.5
0.11862 1011.5
0.11863 1011.5
0.11864 1011.5
0.11865 1011.5
0.11866 1011.5
0.11867 1011.5
0.11868 1011.5
0.11869 1011.6
0.11870 1011.6
0.11871 1011.6
0.11872 1011.6
0.11873 1011.6
0.11874 1011.6
0.11875 1011.6
0.11876 1011.6
0.11877 1011.7
0.11878 1011.7
0.11879 1011.7
0.11880 1011.7
0.11881 1011.7
0.11882 1011.7
0.11883 1011.7
0.11884 1011.7
0.11885 1011.7
0.11886 1011.8
0.11887 1011.8
0.11888 1011.8
0.11889 1011.8
0.11890 1011.8
0.11891 1011.8
0.11892 1011.8
0.11893 1011.8
0.11894 1011.9
0.11895 1011.9
0.11896 1011.9
0.11897 1011.9
0.11898 1011.9
0.11899 1011.9
0.11900 1011.9
0.11901 1011.9
0.11902 1012.0
0.11903 1012.0
0.11904 1012.0
0.11905 1012.0
0.11906 1012.0
0.11907 1012.0
0.11908 1012.0
0.11909 1012.0
0.11910 1012.0
0.11911 1012.1
0.11912 1012.1
0.11913 1012.1
0.11914 1012.1
0.11915 1012.1
0.11916 1012.1
0.11917 1012.1
0.11918 1012.1
0.11919 1012.1
0.11920 1012.2
0.11921 1012.2
0.11922 1012.2
0.11923 1012.2
0.11924 1012.2
0.11925 1012.2
0.11926 1012.2
0.11927 1012.2
0.11928 1012.3
0.11929 1012.3
0.11930 1012.3
0.11931 1012.3
0.11932 1012.3
0.11933 1012.3
0.11934 1012.3
0.11935 1012.3
0.11936 1012.3
0.11937 1012.3
0.11938 1012.4
0.11939 1012.4
0.11940 1012.4
0.11941 1012.4
0.11942 1012.4
0.11943 1012.4
0.11944 1012.4
0.11945 1012.4
0.11946 1012.4
0.11947 1012.5
0.11948 1012.5
0.11949 1012.5
0.11950 1012.5
0.11951 1012.5
0.11952 1012.5
0.11953 1012.5
0.11954 1012.5
0.11955 1012.5
0.11956 1012.6
0.11957 1012.6
0.11958 1012.6
0.11959 1012.6
0.11960 1012.6
0.11961 1012.6
0.11962 1012.6
0.11963 1012.6
0.11964 1012.6
0.11965 1012.6
0.11966 1012.7
0.11967 1012.7
0.11968 1012.7
0.11969 1012.7
0.11970 1012.7
0.11971 1012.7
0.11972 1012.7
0.11973 1012.7
0.11974 1012.7
0.11975 1012.8
0.11976 1012.8
0.11977 1012.8
0.11978 1012.8
0.11979 1012.8
0.11980 1012.8
0.11981 1012.8
0.11982 1012.8
0.11983 1012.8
0.11984 1012.8
0.11985 1012.9
0.11986 1012.9
0.11987 1012.9
0.11988 1012.9
0.11989 1012.9
0.11990 1012.9
0.11991 1012.9
0.11992 1012.9
0.11993 1012.9
0.11994 1012.9
0.11995 1013.0
0.11996 1013.0
0.11997 1013.0
0.11998 1013.0
0.11999 1013.0
0.12000 1018.8
0.12001 1018.8
0.12002 1018.8
0.12003 1018.8
0.12004 1018.8
0.12005 1018.8
0.12006 1018.8
0.12007 1018.8
0.12008 1018.8
0.12009 1018.8
0.12010 1018.8
0.12011 1018.8
0.12012 1018.8
0.12013 1018.8
0.12014 1018.8
0.12015 1018.8
0.12016 1018.8
0.12017 1018.8
0.12018 1018.8
0.12019 1018.8
0.12020 1018.8
0.12021 1018.8
0.12022 1018.8
0.12023 1018.8
0.12024 1018.8
0.12025 1018.8
0.12026 1018.8
0.12027 1018.8
0.12028 1018.8
0.12029 1018.8
0.12030 1018.8
0.12031 1018.8
0.12032 1018.8
0.12033 1018.8
0.12034 1018.8
0.12035 1018.8
0.12036 1018.8
0.12037 1018.8
0.12038 1018.8
0.12039 1018.8
0.12040 1018.8
0.12041 1018.8
0.12042 1018.8
0.12043 1018.8
0.12044 1018.8
0.12045 1018.8
0.12046 1018.8
0.12047 1018.8
0.12048 1018.8
0.12049 1018.8
0.12050 1018.8
0.12051 1018.8
0.12052 1018.8
0.12053 1018.8
0.12054 1018.8
0.12055 1018.8
0.12056 1018.8
0.12057 1018.8
0.12058 1018.8
0.12059 1018.8
0.12060 1018.8
0.12061 1018.8
0.12062 1018.8
0.12063 1018.8
0.12064 1018.8
0.12065 1018.8
0.12066 1018.8
0.12067 1018.8
0.12068 1018.8
0.12069 1018.8
0.12070 1018.8
0.12071 1018.8
0.12072 1018.8
0.12073 1018.8
0.12074 1018.8
0.12075 1018.8
0.12076 1018.8
0.12077 1018.8
0.12078 1018.8
0.12079 1018.8
0.12080 1018.8
0.12081 1018.8
0.12082 1018.8
0.12083 1018.8
0.12084 1018.8
0.12085 1018.8
0.12086 1018.8
0.12087 1018.8
0.12088 1018.8
0.12089 1018.8
0.12090 1018.8
0.12091 1018.8
0.12092 1018.8
0.12093 1018.8
0.12094 1018.8
0.12095 1018.8
0.12096 1018.8
0.12097 1018.8
0.12098 1018.8
0.12099 1018.8
0.12100 1018.8
0.12101 1037.4
0.12102 1056.2
0.12103 1075.4
0.12104 1094.8
0.12105 1114.5
0.12106 1134.5
0.12107 1154.8
0.12108 1175.4
0.12109 1196.3
0.12110 1217.5
0.12111 1239.0
0.12112 1260.9
0.12113 1283.0
0.12114 1305.5
0.12115 1328.4
0.12116 1351.6
0.12117 1375.1
0.12118 1399.1
0.12119 1423.3
0.12120 1448.0
0.12121 1473.1
0.12122 1498.6
0.12123 1524.5
0.12124 1550.9
0.12125 1577.7
0.12126 1605.1
0.12127 1632.9
0.12128 1661.4
0.12129 1690.5
0.12130 1720.2
0.12131 1750.6
0.12132 1781.9
0.12133 1814.0
0.12134 1847.1
0.12135 1881.2
0.12136 1916.6
0.12137 1953.3
0.12138 1991.6
0.12139 2031.6
0.12140 2073.7
0.12141 2118.0
0.12142 2164.9
0.12143 2214.9
0.12144 2268.5
0.12145 2326.1
0.12146 2388.6
0.12147 2456.8
0.12148 2531.6
0.12149 2614.3
0.12150 2706.4
0.12151 2759.8
0.12152 2823.8
0.12153 2900.0
0.12154 2990.1
0.12155 3096.1
0.12156 3220.5
0.12157 3366.1
0.12158 3536.0
0.12159 3733.9
0.12160 3963.5
0.12161 4228.2
0.12162 4530.7
0.12163 4871.5
0.12164 5248.3
0.12165 5653.7
0.12166 6075.8
0.12167 6498.1
0.12168 6903.3
0.12169 7276.3
0.12170 7607.5
0.12171 7893.0
0.12172 8133.4
0.12173 8332.1
0.12174 8493.5
0.12175 8622.5
0.12176 8723.1
0.12177 8799.2
0.12178 8853.7
0.12179 8889.3
0.12180 8908.0
0.12181 8911.7
0.12182 8901.7
0.12183 8879.2
0.12184 8845.3
0.12185 8800.7
0.12186 8746.1
0.12187 8682.3
0.12188 8609.7
0.12189 8528.8
0.12190 8440.1
0.12191 8344.0
0.12192 8240.9
0.12193 8131.3
0.12194 8015.5
0.12195 7894.1
0.12196 7767.3
0.12197 7635.6
0.12198 7499.5
0.12199 7359.5
0.12200 7215.9
0.12201 7069.2
0.12202 6920.0
0.12203 6768.6
0.12204 6615.6
0.12205 6461.4
0.12206 6306.5
0.12207 6151.3
0.12208 5996.2
0.12209 5841.8
0.12210 5688.3
0.12211 5536.2
0.12212 5385.8
0.12213 5237.5
0.12214 5091.4
0.12215 4948.1
0.12216 4807.5
0.12217 4670.1
0.12218 4535.9
0.12219 4405.1
0.12220 4277.9
0.12221 4154.4
0.12222 4034.6
0.12223 3918.6
0.12224 3806.5
0.12225 3698.1
0.12226 3593.6
0.12227 3492.9
0.12228 3395.9
0.12229 3302.6
0.12230 3213.0
0.12231 3126.9
0.12232 3044.2
0.12233 2964.9
0.12234 2888.8
0.12235 2815.9
0.12236 2746.0
0.12237 2679.0
0.12238 2614.8
0.12239 2553.4
0.12240 2494.5
0.12241 2438.0
0.12242 2384.0
0.12243 2332.1
0.12244 2282.5
0.12245 2234.9
0.12246 2189.2
0.12247 2145.4
0.12248 2103.4
0.12249 2063.0
0.12250 2024.3
0.12251 1987.0
0.12252 1951.2
0.12253 1916.8
0.12254 1883.8
0.12255 1851.9
0.12256 1821.3
0.12257 1791.8
0.12258 1763.3
0.12259 1735.9
0.12260 1709.5
0.12261 1684.1
0.12262 1659.5
0.12263 1635.8
0.12264 1612.9
0.12265 1590.9
0.12266 1569.6
0.12267 1549.0
0.12268 1529.1
0.12269 1509.9
0.12270 1491.4
0.12271 1473.5
0.12272 1456.2
0.12273 1439.5
0.12274 1423.4
0.12275 1407.8
0.12276 1392.8
0.12277 1378.3
0.12278 1364.2
0.12279 1350.7
0.12280 1337.6
0.12281 1325.0
0.12282 1312.8
0.12283 1301.1
0.12284 1289.7
0.12285 1278.8
0.12286 1268.2
0.12287 1258.0
0.12288 1248.2
0.12289 1238.7
0.12290 1229.6
0.12291 1220.7
0.12292 1212.2
0.12293 1204.0
0.12294 1196.1
0.12295 1188.5
0.12296 1181.1
0.12297 1174.0
0.12298 1167.2
0.12299 1160.6
0.12300 1154.2
0.12301 1148.1
0.12302 1142.2
0.12303 1136.5
0.12304 1130.9
0.12305 1125.6
0.12306 1120.5
0.12307 1115.5
0.12308 1110.8
0.12309 1106.1
0.12310 1101.7
0.12311 1097.4
0.12312 1093.2
0.12313 1089.2
0.12314 1085.3
0.12315 1081.6
0.12316 1078.0
0.12317 1074.5
0.12318 1071.1
0.12319 1067.8
0.12320 1064.6
0.12321 1061.6
0.12322 1058.6
0.12323 1055.8
0.12324 1053.0
0.12325 1050.3
0.12326 1047.7
0.12327 1045.2
0.12328 1042.8
0.12329 1040.4
0.12330 1038.2
0.12331 1036.0
0.12332 1033.8
0.12333 1031.8
0.12334 1029.8
0.12335 1027.8
0.12336 1025.9
0.12337 1024.1
0.12338 1022.3
0.12339 1020.6
0.12340 1019.0
0.12341 1017.3
0.12342 1015.8
0.12343 1014.3
0.12344 1012.8
0.12345 1011.4
0.12346 1010.0
0.12347 1008.6
0.12348 1007.3
0.12349 1006.1
0.12350 1004.8
0.12351 1003.6
0.12352 1002.5
0.12353 1001.3
0.12354 1000.3
0.12355 999.2
0.12356 998.2
0.12357 997.2
0.12358 996.2
0.12359 995.2
0.12360 994.3
0.12361 993.4
0.12362 992.5
0.12363 991.7
0.12364 990.9
0.12365 990.1
0.12366 989.3
0.12367 988.5
0.12368 987.8
0.12369 987.1
0.12370 986.4
0.12371 985.7
0.12372 985.1
0.12373 984.4
0.12374 983.8
0.12375 983.2
0.12376 982.6
0.12377 982.0
0.12378 981.5
0.12379 980.9
0.12380 980.4
0.12381 979.9
0.12382 979.4
0.12383 978.9
0.12384 978.4
0.12385 978.0
0.12386 977.5
0.12387 977.1
0.12388 976.6
0.12389 976.2
0.12390 975.8
0.12391 975.4
0.12392 975.0
0.12393 974.7
0.12394 974.3
0.12395 974.0
0.12396 973.6
0.12397 973.3
0.12398 972.9
0.12399 972.6
0.12400 972.3
0.12401 972.0
0.12402 971.7
0.12403 971.4
0.12404 971.1
0.12405 970.9
0.12406 970.6
0.12407 970.3
0.12408 970.1
0.12409 969.8
0.12410 969.6
0.12411 969.4
0.12412 969.1
0.12413 968.9
0.12414 968.7
0.12415 968.5
0.12416 968.3
0.12417 968.1
0.12418 967.9
0.12419 967.7
0.12420 967.5
0.12421 967.3
0.12422 967.2
0.12423 967.0
0.12424 966.8
0.12425 966.7
0.12426 966.5
0.12427 966.4
0.12428 966.2
0.12429 966.1
0.12430 965.9
0.12431 965.8
0.12432 965.7
0.12433 965.5
0.12434 965.4
0.12435 965.3
0.12436 965.2
0.12437 965.0
0.12438 964.9
0.12439 964.8
0.12440 964.7
0.12441 964.6
0.12442 964.5
0.12443 964.4
0.12444 964.3
0.12445 964.2
0.12446 964.1
0.12447 964.0
0.12448 963.9
0.12449 963.9
0.12450 963.8
0.12451 963.7
0.12452 963.6
0.12453 963.6
0.12454 963.5
0.12455 963.4
0.12456 963.4
0.12457 963.3
0.12458 963.2
0.12459 963.2
0.12460 963.1
0.12461 963.1
0.12462 963.0
0.12463 962.9
0.12464 962.9
0.12465 962.8
0.12466 962.8
0.12467 962.8
0.12468 962.7
0.12469 962.7
0.12470 962.6
0.12471 962.6
0.12472 962.6
0.12473 962.5
0.12474 962.5
0.12475 962.4
0.12476 962.4
0.12477 962.4
0.12478 962.4
0.12479 962.3
0.12480 962.3
0.12481 962.3
0.12482 962.3
0.12483 962.2
0.12484 962.2
0.12485 962.2
0.12486 962.2
0.12487 962.2
0.12488 962.1
0.12489 962.1
0.12490 962.1
0.12491 962.1
0.12492 962.1
0.12493 962.1
0.12494 962.1
0.12495 962.1
0.12496 962.0
0.12497 962.0
0.12498 962.0
0.12499 962.0
0.12500 962.0
0.12501 962.0
0.12502 962.0
0.12503 962.0
0.12504 962.0
0.12505 962.0
0.12506 962.0
0.12507 962.0
0.12508 962.0
0.12509 962.0
0.12510 962.0
0.12511 962.0
0.12512 962.0
0.12513 962.0
0.12514 962.1
0.12515 962.1
0.12516 962.1
0.12517 962.1
0.12518 962.1
0.12519 962.1
0.12520 962.1
0.12521 962.1
0.12522 962.1
0.12523 962.1
0.12524 962.2
0.12525 962.2
0.12526 962.2
0.12527 962.2
0.12528 962.2
0.12529 962.2
0.12530 962.3
0.12531 962.3
0.12532 962.3
0.12533 962.3
0.12534 962.3
0.12535 962.3
0.12536 962.4
0.12537 962.4
0.12538 962.4
0.12539 962.4
0.12540 962.5
0.12541 962.5
0.12542 962.5
0.12543 962.5
0.12544 962.5
0.12545 962.6
0.12546 962.6
0.12547 962.6
0.12548 962.6
0.12549 962.7
0.12550 962.7
0.12551 962.7
0.12552 962.8
0.12553 962.8
0.12554 962.8
0.12555 962.8
0.12556 962.9
0.12557 962.9
0.12558 962.9
0.12559 963.0
0.12560 963.0
0.12561 963.0
0.12562 963.0
0.12563 963.1
0.12564 963.1
0.12565 963.1
0.12566 963.2
0.12567 963.2
0.12568 963.2
0.12569 963.3
0.12570 963.3
0.12571 963.3
0.12572 963.4
0.12573 963.4
0.12574 963.4
0.12575 963.5
0.12576 963.5
0.12577 963.6
0.12578 963.6
0.12579 963.6
0.12580 963.7
0.12581 963.7
0.12582 963.7
0.12583 963.8
0.12584 963.8
0.12585 963.8
0.12586 963.9
0.12587 963.9
0.12588 964.0
0.12589 964.0
0.12590 964.0
0.12591 964.1
0.12592 964.1
0.12593 964.2
0.12594 964.2
0.12595 964.2
0.12596 964.3
0.12597 964.3
0.12598 964.4
0.12599 964.4
0.12600 964.4
0.12601 964.5
0.12602 964.5
0.12603 964.6
0.12604 964.6
0.12605 964.7
0.12606 964.7
0.12607 964.7
0.12608 964.8
0.12609 964.8
0.12610 964.9
0.12611 964.9
0.12612 965.0
0.12613 965.0
0.12614 965.0
0.12615 965.1
0.12616 965.1
0.12617 965.2
0.12618 965.2
0.12619 965.3
0.12620 965.3
0.12621 965.4
0.12622 965.4
0.12623 965.4
0.12624 965.5
0.12625 965.5
0.12626 965.6
0.12627 965.6
0.12628 965.7
0.12629 965.7
0.12630 965.8
0.12631 965.8
0.12632 965.9
0.12633 965.9
0.12634 966.0
0.12635 966.0
0.12636 966.1
0.12637 966.1
0.12638 966.1
0.12639 966.2
0.12640 966.2
0.12641 966.3
0.12642 966.3
0.12643 966.4
0.12644 966.4
0.12645 966.5
0.12646 966.5
0.12647 966.6
0.12648 966.6
0.12649 966.7
0.12650 966.7
0.12651 966.8
0.12652 966.8
0.12653 966.9
0.12654 966.9
0.12655 967.0
0.12656 967.0
0.12657 967.1
0.12658 967.1
0.12659 967.2
0.12660 967.2
0.12661 967.3
0.12662 967.3
0.12663 967.4
0.12664 967.4
0.12665 967.5
0.12666 967.5
0.12667 967.6
0.12668 967.6
0.12669 967.7
0.12670 967.7
0.12671 967.8
0.12672 967.8
0.12673 967.9
0.12674 967.9
0.12675 968.0
0.12676 968.1
0.12677 968.1
0.12678 968.2
0.12679 968.2
0.12680 968.3
0.12681 968.3
0.12682 968.4
0.12683 968.4
0.12684 968.5
0.12685 968.5
0.12686 968.6
0.12687 968.6
0.12688 968.7
0.12689 968.7
0.12690 968.8
0.12691 968.8
0.12692 968.9
0.12693 968.9
0.12694 969.0
0.12695 969.1
0.12696 969.1
0.12697 969.2
0.12698 969.2
0.12699 969.3
0.12700 969.3
0.12701 969.4
0.12702 969.4
0.12703 969.5
0.12704 969.5
0.12705 969.6
0.12706 969.6
0.12707 969.7
0.12708 969.8
0.12709 969.8
0.12710 969.9
0.12711 969.9
0.12712 970.0
0.12713 970.0
0.12714 970.1
0.12715 970.1
0.12716 970.2
0.12717 970.2
0.12718 970.3
0.12719 970.4
0.12720 970.4
0.12721 970.5
0.12722 970.5
0.12723 970.6
0.12724 970.6
0.12725 970.7
0.12726 970.7
0.12727 970.8
0.12728 970.9
0.12729 970.9
0.12730 971.0
0.12731 971.0
0.12732 971.1
0.12733 971.1
0.12734 971.2
0.12735 971.2
0.12736 971.3
0.12737 971.4
0.12738 971.4
0.12739 971.5
0.12740 971.5
0.12741 971.6
0.12742 971.6
0.12743 971.7
0.12744 971.7
0.12745 971.8
0.12746 971.9
0.12747 971.9
0.12748 972.0
0.12749 972.0
0.12750 972.1
0.12751 972.1
0.12752 972.2
0.12753 972.3
0.12754 972.3
0.12755 972.4
0.12756 972.4
0.12757 972.5
0.12758 972.5
0.12759 972.6
0.12760 972.6
0.12761 972.7
0.12762 972.8
0.12763 972.8
0.12764 972.9
0.12765 972.9
0.12766 973.0
0.12767 973.0
0.12768 973.1
0.12769 973.2
0.12770 973.2
0.12771 973.3
0.12772 973.3
0.12773 973.4
0.12774 973.4
0.12775 973.5
0.12776 973.6
0.12777 973.6
0.12778 973.7
0.12779 973.7
0.12780 973.8
0.12781 973.8
0.12782 973.9
0.12783 973.9
0.12784 974.0
0.12785 974.1
0.12786 974.1
0.12787 974.2
0.12788 974.2
0.12789 974.3
0.12790 974.3
0.12791 974.4
0.12792 974.5
0.12793 974.5
0.12794 974.6
0.12795 974.6
0.12796 974.7
0.12797 974.7
0.12798 974.8
0.12799 974.9
0.12800 974.9
0.12801 975.0
0.12802 975.0
0.12803 975.1
0.12804 975.1
0.12805 975.2
0.12806 975.3
0.12807 975.3
0.12808 975.4
0.12809 975.4
0.12810 975.5
0.12811 975.5
0.12812 975.6
0.12813 975.7
0.12814 975.7
0.12815 975.8
0.12816 975.8
0.12817 975.9
0.12818 975.9
0.12819 976.0
0.12820 976.1
0.12821 976.1
0.12822 976.2
0.12823 976.2
0.12824 976.3
0.12825 976.3
0.12826 976.4
0.12827 976.5
0.12828 976.5
0.12829 976.6
0.12830 976.6
0.12831 976.7
0.12832 976.7
0.12833 976.8
0.12834 976.9
0.12835 976.9
0.12836 977.0
0.12837 977.0
0.12838 977.1
0.12839 977.1
0.12840 977.2
0.12841 977.3
0.12842 977.3
0.12843 977.4
0.12844 977.4
0.12845 977.5
0.12846 977.5
0.12847 977.6
0.12848 977.6
0.12849 977.7
0.12850 977.8
0.12851 977.8
0.12852 977.9
0.12853 977.9
0.12854 978.0
0.12855 978.0
0.12856 978.1
0.12857 978.2
0.12858 978.2
0.12859 978.3
0.12860 978.3
0.12861 978.4
0.12862 978.4
0.12863 978.5
0.12864 978.6
0.12865 978.6
0.12866 978.7
0.12867 978.7
0.12868 978.8
0.12869 978.8
0.12870 978.9
0.12871 979.0
0.12872 979.0
0.12873 979.1
0.12874 979.1
0.12875 979.2
0.12876 979.2
0.12877 979.3
0.12878 979.3
0.12879 979.4
0.12880 979.5
0.12881 979.5
0.12882 979.6
0.12883 979.6
0.12884 979.7
0.12885 979.7
0.12886 979.8
0.12887 979.8
0.12888 979.9
0.12889 980.0
0.12890 980.0
0.12891 980.1
0.12892 980.1
0.12893 980.2
0.12894 980.2
0.12895 980.3
0.12896 980.4
0.12897 980.4
0.12898 980.5
0.12899 980.5
0.12900 980.6
0.12901 980.6
0.12902 980.7
0.12903 980.7
0.12904 980.8
0.12905 980.9
0.12906 980.9
0.12907 981.0
0.12908 981.0
0.12909 981.1
0.12910 981.1
0.12911 981.2
0.12912 981.2
0.12913 981.3
0.12914 981.4
0.12915 981.4
0.12916 981.5
0.12917 981.5
0.12918 981.6
0.12919 981.6
0.12920 981.7
0.12921 981.7
0.12922 981.8
0.12923 981.8
0.12924 981.9
0.12925 982.0
0.12926 982.0
0.12927 982.1
0.12928 982.1
0.12929 982.2
0.12930 982.2
0.12931 982.3
0.12932 982.3
0.12933 982.4
0.12934 982.4
0.12935 982.5
0.12936 982.6
0.12937 982.6
0.12938 982.7
0.12939 982.7
0.12940 982.8
0.12941 982.8
0.12942 982.9
0.12943 982.9
0.12944 983.0
0.12945 983.0
0.12946 983.1
0.12947 983.2
0.12948 983.2
0.12949 983.3
0.12950 983.3
0.12951 983.4
0.12952 983.4
0.12953 983.5
0.12954 983.5
0.12955 983.6
0.12956 983.6
0.12957 983.7
0.12958 983.7
0.12959 983.8
0.12960 983.9
0.12961 983.9
0.12962 984.0
0.12963 984.0
0.12964 984.1
0.12965 984.1
0.12966 984.2
0.12967 984.2
0.12968 984.3
0.12969 984.3
0.12970 984.4
0.12971 984.4
0.12972 984.5
0.12973 984.5
0.12974 984.6
0.12975 984.6
0.12976 984.7
0.12977 984.8
0.12978 984.8
0.12979 984.9
0.12980 984.9
0.12981 985.0
0.12982 985.0
0.12983 985.1
0.12984 985.1
0.12985 985.2
0.12986 985.2
0.12987 985.3
0.12988 985.3
0.12989 985.4
0.12990 985.4
0.12991 985.5
0.12992 985.5
0.12993 985.6
0.12994 985.6
0.12995 985.7
0.12996 985.7
0.12997 985.8
0.12998 985.9
0.12999 985.9
0.13000 986.0
0.13001 986.0
0.13002 986.1
0.13003 986.1
0.13004 986.2
0.13005 986.2
0.13006 986.3
0.13007 986.3
0.13008 986.4
0.13009 986.4
0.13010 986.5
0.13011 986.5
0.13012 986.6
0.13013 986.6
0.13014 986.7
0.13015 986.7
0.13016 986.8
0.13017 986.8
0.13018 986.9
0.13019 986.9
0.13020 987.0
0.13021 987.0
0.13022 987.1
0.13023 987.1
0.13024 987.2
0.13025 987.2
0.13026 987.3
0.13027 987.3
0.13028 987.4
0.13029 987.4
0.13030 987.5
0.13031 987.5
0.13032 987.6
0.13033 987.6
0.13034 987.7
0.13035 987.7
0.13036 987.8
0.13037 987.8
0.13038 987.9
0.13039 987.9
0.13040 988.0
0.13041 988.0
0.13042 988.1
0.13043 988.1
0.13044 988.2
0.13045 988.2
0.13046 988.3
0.13047 988.3
0.13048 988.4
0.13049 988.4
0.13050 988.5
0.13051 988.5
0.13052 988.6
0.13053 988.6
0.13054 988.7
0.13055 988.7
0.13056 988.8
0.13057 988.8
0.13058 988.9
0.13059 988.9
0.13060 989.0
0.13061 989.0
0.13062 989.1
0.13063 989.1
0.13064 989.2
0.13065 989.2
0.13066 989.3
0.13067 989.3
0.13068 989.3
0.13069 989.4
0.13070 989.4
0.13071 989.5
0.13072 989.5
0.13073 989.6
0.13074 989.6
0.13075 989.7
0.13076 989.7
0.13077 989.8
0.13078 989.8
0.13079 989.9
0.13080 989.9
0.13081 990.0
0.13082 990.0
0.13083 990.1
0.13084 990.1
0.13085 990.2
0.13086 990.2
0.13087 990.3
0.13088 990.3
0.13089 990.3
0.13090 990.4
0.13091 990.4
0.13092 990.5
0.13093 990.5
0.13094 990.6
0.13095 990.6
0.13096 990.7
0.13097 990.7
0.13098 990.8
0.13099 990.8
0.13100 990.9
0.13101 990.9
0.13102 991.0
0.13103 991.0
0.13104 991.0
0.13105 991.1
0.13106 991.1
0.13107 991.2
0.13108 991.2
0.13109 991.3
0.13110 991.3
0.13111 991.4
0.13112 991.4
0.13113 991.5
0.13114 991.5
0.13115 991.6
0.13116 991.6
0.13117 991.6
0.13118 991.7
0.13119 991.7
0.13120 991.8
0.13121 991.8
0.13122 991.9
0.13123 991.9
0.13124 992.0
0.13125 992.0
0.13126 992.0
0.13127 992.1
0.13128 992.1
0.13129 992.2
0.13130 992.2
0.13131 992.3
0.13132 992.3
0.13133 992.4
0.13134 992.4
0.13135 992.4
0.13136 992.5
0.13137 992.5
0.13138 992.6
0.13139 992.6
0.13140 992.7
0.13141 992.7
0.13142 992.8
0.13143 992.8
0.13144 992.8
0.13145 992.9
0.13146 992.9
0.13147 993.0
0.13148 993.0
0.13149 993.1
0.13150 993.1
0.13151 993.2
0.13152 993.2
0.13153 993.2
0.13154 993.3
0.13155 993.3
0.13156 993.4
0.13157 993.4
0.13158 993.5
0.13159 993.5
0.13160 993.5
0.13161 993.6
0.13162 993.6
0.13163 993.7
0.13164 993.7
0.13165 993.8
0.13166 993.8
0.13167 993.8
0.13168 993.9
0.13169 993.9
0.13170 994.0
0.13171 994.0
0.13172 994.1
0.13173 994.1
0.13174 994.1
0.13175 994.2
0.13176 994.2
0.13177 994.3
0.13178 994.3
0.13179 994.3
0.13180 994.4
0.13181 994.4
0.13182 994.5
0.13183 994.5
0.13184 994.6
0.13185 994.6
0.13186 994.6
0.13187 994.7
0.13188 994.7
0.13189 994.8
0.13190 994.8
0.13191 994.8
0.13192 994.9
0.13193 994.9
0.13194 995.0
0.13195 995.0
0.13196 995.0
0.13197 995.1
0.13198 995.1
0.13199 995.2
0.13200 995.2
0.13201 995.2
0.13202 995.3
0.13203 995.3
0.13204 995.4
0.13205 995.4
0.13206 995.5
0.13207 995.5
0.13208 995.5
0.13209 995.6
0.13210 995.6
0.13211 995.7
0.13212 995.7
0.13213 995.7
0.13214 995.8
0.13215 995.8
0.13216 995.9
0.13217 995.9
0.13218 995.9
0.13219 996.0
0.13220 996.0
0.13221 996.0
0.13222 996.1
0.13223 996.1
0.13224 996.2
0.13225 996.2
0.13226 996.2
0.13227 996.3
0.13228 996.3
0.13229 996.4
0.13230 996.4
0.13231 996.4
0.13232 996.5
0.13233 996.5
0.13234 996.6
0.13235 996.6
0.13236 996.6
0.13237 996.7
0.13238 996.7
0.13239 996.7
0.13240 996.8
0.13241 996.8
0.13242 996.9
0.13243 996.9
0.13244 996.9
0.13245 997.0
0.13246 997.0
0.13247 997.1
0.13248 997.1
0.13249 997.1
0.13250 997.2
0.13251 997.2
0.13252 997.2
0.13253 997.3
0.13254 997.3
0.13255 997.4
0.13256 997.4
0.13257 997.4
0.13258 997.5
0.13259 997.5
0.13260 997.5
0.13261 997.6
0.13262 997.6
0.13263 997.6
0.13264 997.7
0.13265 997.7
0.13266 997.8
0.13267 997.8
0.13268 997.8
0.13269 997.9
0.13270 997.9
0.13271 997.9
0.13272 998.0
0.13273 998.0
0.13274 998.1
0.13275 998.1
0.13276 998.1
0.13277 998.2
0.13278 998.2
0.13279 998.2
0.13280 998.3
0.13281 998.3
0.13282 998.3
0.13283 998.4
0.13284 998.4
0.13285 998.4
0.13286 998.5
0.13287 998.5
0.13288 998.6
0.13289 998.6
0.13290 998.6
0.13291 998.7
0.13292 998.7
0.13293 998.7
0.13294 998.8
0.13295 998.8
0.13296 998.8
0.13297 998.9
0.13298 998.9
0.13299 998.9
0.13300 999.0
0.13301 999.0
0.13302 999.0
0.13303 999.1
0.13304 999.1
0.13305 999.2
0.13306 999.2
0.13307 999.2
0.13308 999.3
0.13309 999.3
0.13310 999.3
0.13311 999.4
0.13312 999.4
0.13313 999.4
0.13314 999.5
0.13315 999.5
0.13316 999.5
0.13317 999.6
0.13318 999.6
0.13319 999.6
0.13320 999.7
0.13321 999.7
0.13322 999.7
0.13323 999.8
0.13324 999.8
0.13325 999.8
0.13326 999.9
0.13327 999.9
0.13328 999.9
0.13329 1000.0
0.13330 1000.0
0.13331 1000.0
0.13332 1000.1
0.13333 1000.1
0.13334 1000.1
0.13335 1000.2
0.13336 1000.2
0.13337 1000.2
0.13338 1000.3
0.13339 1000.3
0.13340 1000.3
0.13341 1000.4
0.13342 1000.4
0.13343 1000.4
0.13344 1000.5
0.13345 1000.5
0.13346 1000.5
0.13347 1000.6
0.13348 1000.6
0.13349 1000.6
0.13350 1000.7
0.13351 1000.7
0.13352 1000.7
0.13353 1000.7
0.13354 1000.8
0.13355 1000.8
0.13356 1000.8
0.13357 1000.9
0.13358 1000.9
0.13359 1000.9
0.13360 1001.0
0.13361 1001.0
0.13362 1001.0
0.13363 1001.1
0.13364 1001.1
0.13365 1001.1
0.13366 1001.2
0.13367 1001.2
0.13368 1001.2
0.13369 1001.3
0.13370 1001.3
0.13371 1001.3
0.13372 1001.3
0.13373 1001.4
0.13374 1001.4
0.13375 1001.4
0.13376 1001.5
0.13377 1001.5
0.13378 1001.5
0.13379 1001.6
0.13380 1001.6
0.13381 1001.6
0.13382 1001.7
0.13383 1001.7
0.13384 1001.7
0.13385 1001.7
0.13386 1001.8
0.13387 1001.8
0.13388 1001.8
0.13389 1001.9
0.13390 1001.9
0.13391 1001.9
0.13392 1002.0
0.13393 1002.0
0.13394 1002.0
0.13395 1002.0
0.13396 1002.1
0.13397 1002.1
0.13398 1002.1
0.13399 1002.2
0.13400 1002.2
0.13401 1002.2
0.13402 1002.3
0.13403 1002.3
0.13404 1002.3
0.13405 1002.3
0.13406 1002.4
0.13407 1002.4
0.13408 1002.4
0.13409 1002.5
0.13410 1002.5
0.13411 1002.5
0.13412 1002.5
0.13413 1002.6
0.13414 1002.6
0.13415 1002.6
0.13416 1002.7
0.13417 1002.7
0.13418 1002.7
0.13419 1002.7
0.13420 1002.8
0.13421 1002.8
0.13422 1002.8
0.13423 1002.9
0.13424 1002.9
0.13425 1002.9
0.13426 1002.9
0.13427 1003.0
0.13428 1003.0
0.13429 1003.0
0.13430 1003.1
0.13431 1003.1
0.13432 1003.1
0.13433 1003.1
0.13434 1003.2
0.13435 1003.2
0.13436 1003.2
0.13437 1003.3
0.13438 1003.3
0.13439 1003.3
0.13440 1003.3
0.13441 1003.4
0.13442 1003.4
0.13443 1003.4
0.13444 1003.4
0.13445 1003.5
0.13446 1003.5
0.13447 1003.5
0.13448 1003.6
0.13449 1003.6
0.13450 1003.6
0.13451 1003.6
0.13452 1003.7
0.13453 1003.7
0.13454 1003.7
0.13455 1003.7
0.13456 1003.8
0.13457 1003.8
0.13458 1003.8
0.13459 1003.9
0.13460 1003.9
0.13461 1003.9
0.13462 1003.9
0.13463 1004.0
0.13464 1004.0
0.13465 1004.0
0.13466 1004.0
0.13467 1004.1
0.13468 1004.1
0.13469 1004.1
0.13470 1004.1
0.13471 1004.2
0.13472 1004.2
0.13473 1004.2
0.13474 1004.2
0.13475 1004.3
0.13476 1004.3
0.13477 1004.3
0.13478 1004.3
0.13479 1004.4
0.13480 1004.4
0.13481 1004.4
0.13482 1004.5
0.13483 1004.5
0.13484 1004.5
0.13485 1004.5
0.13486 1004.6
0.13487 1004.6
0.13488 1004.6
0.13489 1004.6
0.13490 1004.7
0.13491 1004.7
0.13492 1004.7
0.13493 1004.7
0.13494 1004.8
0.13495 1004.8
0.13496 1004.8
0.13497 1004.8
0.13498 1004.9
0.13499 1004.9
0.13500 1004.9
0.13501 1004.9
0.13502 1005.0
0.13503 1005.0
0.13504 1005.0
0.13505 1005.0
0.13506 1005.1
0.13507 1005.1
0.13508 1005.1
0.13509 1005.1
0.13510 1005.2
0.13511 1005.2
0.13512 1005.2
0.13513 1005.2
0.13514 1005.2
0.13515 1005.3
0.13516 1005.3
0.13517 1005.3
0.13518 1005.3
0.13519 1005.4
0.13520 1005.4
0.13521 1005.4
0.13522 1005.4
0.13523 1005.5
0.13524 1005.5
0.13525 1005.5
0.13526 1005.5
0.13527 1005.6
0.13528 1005.6
0.13529 1005.6
0.13530 1005.6
0.13531 1005.7
0.13532 1005.7
0.13533 1005.7
0.13534 1005.7
0.13535 1005.7
0.13536 1005.8
0.13537 1005.8
0.13538 1005.8
0.13539 1005.8
0.13540 1005.9
0.13541 1005.9
0.13542 1005.9
0.13543 1005.9
0.13544 1006.0
0.13545 1006.0
0.13546 1006.0
0.13547 1006.0
0.13548 1006.0
0.13549 1006.1
0.13550 1006.1
0.13551 1006.1
0.13552 1006.1
0.13553 1006.2
0.13554 1006.2
0.13555 1006.2
0.13556 1006.2
0.13557 1006.2
0.13558 1006.3
0.13559 1006.3
0.13560 1006.3
0.13561 1006.3
0.13562 1006.4
0.13563 1006.4
0.13564 1006.4
0.13565 1006.4
0.13566 1006.4
0.13567 1006.5
0.13568 1006.5
0.13569 1006.5
0.13570 1006.5
0.13571 1006.6
0.13572 1006.6
0.13573 1006.6
0.13574 1006.6
0.13575 1006.6
0.13576 1006.7
0.13577 1006.7
0.13578 1006.7
0.13579 1006.7
0.13580 1006.8
0.13581 1006.8
0.13582 1006.8
0.13583 1006.8
0.13584 1006.8
0.13585 1006.9
0.13586 1006.9
0.13587 1006.9
0.13588 1006.9
0.13589 1006.9
0.13590 1007.0
0.13591 1007.0
0.13592 1007.0
0.13593 1007.0
0.13594 1007.1
0.13595 1007.1
0.13596 1007.1
0.13597 1007.1
0.13598 1007.1
0.13599 1007.2
0.13600 1007.2
0.13601 1007.2
0.13602 1007.2
0.13603 1007.2
0.13604 1007.3
0.13605 1007.3
0.13606 1007.3
0.13607 1007.3
0.13608 1007.3
0.13609 1007.4
0.13610 1007.4
0.13611 1007.4
0.13612 1007.4
0.13613 1007.4
0.13614 1007.5
0.13615 1007.5
0.13616 1007.5
0.13617 1007.5
0.13618 1007.5
0.13619 1007.6
0.13620 1007.6
0.13621 1007.6
0.13622 1007.6
0.13623 1007.6
0.13624 1007.7
0.13625 1007.7
0.13626 1007.7
0.13627 1007.7
0.13628 1007.7
0.13629 1007.8
0.13630 1007.8
0.13631 1007.8
0.13632 1007.8
0.13633 1007.8
0.13634 1007.9
0.13635 1007.9
0.13636 1007.9
0.13637 1007.9
0.13638 1007.9
0.13639 1008.0
0.13640 1008.0
0.13641 1008.0
0.13642 1008.0
0.13643 1008.0
0.13644 1008.1
0.13645 1008.1
0.13646 1008.1
0.13647 1008.1
0.13648 1008.1
0.13649 1008.1
0.13650 1008.2
0.13651 1008.2
0.13652 1008.2
0.13653 1008.2
0.13654 1008.2
0.13655 1008.3
0.13656 1008.3
0.13657 1008.3
0.13658 1008.3
0.13659 1008.3
0.13660 1008.4
0.13661 1008.4
0.13662 1008.4
0.13663 1008.4
0.13664 1008.4
0.13665 1008.4
0.13666 1008.5
0.13667 1008.5
0.13668 1008.5
0.13669 1008.5
0.13670 1008.5
0.13671 1008.6
0.13672 1008.6
0.13673 1008.6
0.13674 1008.6
0.13675 1008.6
0.13676 1008.6
0.13677 1008.7
0.13678 1008.7
0.13679 1008.7
0.13680 1008.7
0.13681 1008.7
0.13682 1008.8
0.13683 1008.8
0.13684 1008.8
0.13685 1008.8
0.13686 1008.8
0.13687 1008.8
0.13688 1008.9
0.13689 1008.9
0.13690 1008.9
0.13691 1008.9
0.13692 1008.9
0.13693 1008.9
0.13694 1009.0
0.13695 1009.0
0.13696 1009.0
0.13697 1009.0
0.13698 1009.0
0.13699 1009.0
0.13700 1009.1
0.13701 1009.1
0.13702 1009.1
0.13703 1009.1
0.13704 1009.1
0.13705 1009.2
0.13706 1009.2
0.13707 1009.2
0.13708 1009.2
0.13709 1009.2
0.13710 1009.2
0.13711 1009.3
0.13712 1009.3
0.13713 1009.3
0.13714 1009.3
0.13715 1009.3
0.13716 1009.3
0.13717 1009.4
0.13718 1009.4
0.13719 1009.4
0.13720 1009.4
0.13721 1009.4
0.13722 1009.4
0.13723 1009.5
0.13724 1009.5
0.13725 1009.5
0.13726 1009.5
0.13727 1009.5
0.13728 1009.5
0.13729 1009.6
0.13730 1009.6
0.13731 1009.6
0.13732 1009.6
0.13733 1009.6
0.13734 1009.6
0.13735 1009.6
0.13736 1009.7
0.13737 1009.7
0.13738 1009.7
0.13739 1009.7
0.13740 1009.7
0.13741 1009.7
0.13742 1009.8
0.13743 1009.8
0.13744 1009.8
0.13745 1009.8
0.13746 1009.8
0.13747 1009.8
0.13748 1009.9
0.13749 1009.9
0.13750 1009.9
0.13751 1009.9
0.13752 1009.9
0.13753 1009.9
0.13754 1009.9
0.13755 1010.0
0.13756 1010.0
0.13757 1010.0
0.13758 1010.0
0.13759 1010.0
0.13760 1010.0
0.13761 1010.1
0.13762 1010.1
0.13763 1010.1
0.13764 1010.1
0.13765 1010.1
0.13766 1010.1
0.13767 1010.1
0.13768 1010.2
0.13769 1010.2
0.13770 1010.2
0.13771 1010.2
0.13772 1010.2
0.13773 1010.2
0.13774 1010.3
0.13775 1010.3
0.13776 1010.3
0.13777 1010.3
0.13778 1010.3
0.13779 1010.3
0.13780 1010.3
0.13781 1010.4
0.13782 1010.4
0.13783 1010.4
0.13784 1010.4
0.13785 1010.4
0.13786 1010.4
0.13787 1010.4
0.13788 1010.5
0.13789 1010.5
0.13790 1010.5
0.13791 1010.5
0.13792 1010.5
0.13793 1010.5
0.13794 1010.5
0.13795 1010.6
0.13796 1010.6
0.13797 1010.6
0.13798 1010.6
0.13799 1010.6
0.13800 1010.6
0.13801 1010.6
0.13802 1010.7
0.13803 1010.7
0.13804 1010.7
0.13805 1010.7
0.13806 1010.7
0.13807 1010.7
0.13808 1010.7
0.13809 1010.8
0.13810 1010.8
0.13811 1010.8
0.13812 1010.8
0.13813 1010.8
0.13814 1010.8
0.13815 1010.8
0.13816 1010.9
0.13817 1010.9
0.13818 1010.9
0.13819 1010.9
0.13820 1010.9
0.13821 1010.9
0.13822 1010.9
0.13823 1011.0
0.13824 1011.0
0.13825 1011.0
0.13826 1011.0
0.13827 1011.0
0.13828 1011.0
0.13829 1011.0
0.13830 1011.0
0.13831 1011.1
0.13832 1011.1
0.13833 1011.1
0.13834 1011.1
0.13835 1011.1
0.13836 1011.1
0.13837 1011.1
0.13838 1011.2
0.13839 1011.2
0.13840 1011.2
0.13841 1011.2
0.13842 1011.2
0.13843 1011.2
0.13844 1011.2
0.13845 1011.2
0.13846 1011.3
0.13847 1011.3
0.13848 1011.3
0.13849 1011.3
0.13850 1011.3
0.13851 1011.3
0.13852 1011.3
0.13853 1011.3
0.13854 1011.4
0.13855 1011.4
0.13856 1011.4
0.13857 1011.4
0.13858 1011.4
0.13859 1011.4
0.13860 1011.4
0.13861 1011.5
0.13862 1011.5
0.13863 1011.5
0.13864 1011.5
0.13865 1011.5
0.13866 1011.5
0.13867 1011.5
0.13868 1011.5
0.13869 1011.6
0.13870 1011.6
0.13871 1011.6
0.13872 1011.6
0.13873 1011.6
0.13874 1011.6
0.13875 1011.6
0.13876 1011.6
0.13877 1011.7
0.13878 1011.7
0.13879 1011.7
0.13880 1011.7
0.13881 1011.7
0.13882 1011.7
0.13883 1011.7
0.13884 1011.7
0.13885 1011.7
0.13886 1011.8
0.13887 1011.8
0.13888 1011.8
0.13889 1011.8
0.13890 1011.8
0.13891 1011.8
0.13892 1011.8
0.13893 1011.8
0.13894 1011.9
0.13895 1011.9
0.13896 1011.9
0.13897 1011.9
0.13898 1011.9
0.13899 1011.9
0.13900 1011.9
0.13901 1011.9
0.13902 1012.0
0.13903 1012.0
0.13904 1012.0
0.13905 1012.0
0.13906 1012.0
0.13907 1012.0
0.13908 1012.0
0.13909 1012.0
0.13910 1012.0
0.13911 1012.1
0.13912 1012.1
0.13913 1012.1
0.13914 1012.1
0.13915 1012.1
0.13916 1012.1
0.13917 1012.1
0.13918 1012.1
0.13919 1012.1
0.13920 1012.2
0.13921 1012.2
0.13922 1012.2
0.13923 1012.2
0.13924 1012.2
0.13925 1012.2
0.13926 1012.2
0.13927 1012.2
0.13928 1012.3
0.13929 1012.3
0.13930 1012.3
0.13931 1012.3
0.13932 1012.3
0.13933 1012.3
0.13934 1012.3
0.13935 1012.3
0.13936 1012.3
0.13937 1012.3
0.13938 1012.4
0.13939 1012.4
0.13940 1012.4
0.13941 1012.4
0.13942 1012.4
0.13943 1012.4
0.13944 1012.4
0.13945 1012.4
0.13946 1012.4
0.13947 1012.5
0.13948 1012.5
0.13949 1012.5
0.13950 1012.5
0.13951 1012.5
0.13952 1012.5
0.13953 1012.5
0.13954 1012.5
0.13955 1012.5
0.13956 1012.6
0.13957 1012.6
0.13958 1012.6
0.13959 1012.6
0.13960 1012.6
0.13961 1012.6
0.13962 1012.6
0.13963 1012.6
0.13964 1012.6
0.13965 1012.6
0.13966 1012.7
0.13967 1012.7
0.13968 1012.7
0.13969 1012.7
0.13970 1012.7
0.13971 1012.7
0.13972 1012.7
0.13973 1012.7
0.13974 1012.7
0.13975 1012.8
0.13976 1012.8
0.13977 1012.8
0.13978 1012.8
0.13979 1012.8
0.13980 1012.8
0.13981 1012.8
0.13982 1012.8
0.13983 1012.8
0.13984 1012.8
0.13985 1012.9
0.13986 1012.9
0.13987 1012.9
0.13988 1012.9
0.13989 1012.9
0.13990 1012.9
0.13991 1012.9
0.13992 1012.9
0.13993 1012.9
0.13994 1012.9
0.13995 1013.0
0.13996 1013.0
0.13997 1013.0
0.13998 1013.0
0.13999 1013.0
0.14000 1018.8
0.14001 1018.8
0.14002 1018.8
0.14003 1018.8
0.14004 1018.8
0.14005 1018.8
0.14006 1018.8
0.14007 1018.8
0.14008 1018.8
0.14009 1018.8
0.14010 1018.8
0.14011 1018.8
0.14012 1018.8
0.14013 1018.8
0.14014 1018.8
0.14015 1018.8
0.14016 1018.8
0.14017 1018.8
0.14018 1018.8
0.14019 1018.8
0.14020 1018.8
0.14021 1018.8
0.14022 1018.8
0.14023 1018.8
0.14024 1018.8
0.14025 1018.8
0.14026 1018.8
0.14027 1018.8
0.14028 1018.8
0.14029 1018.8
0.14030 1018.8
0.14031 1018.8
0.14032 1018.8
0.14033 1018.8
0.14034 1018.8
0.14035 1018.8
0.14036 1018.8
0.14037 1018.8
0.14038 1018.8
0.14039 1018.8
0.14040 1018.8
0.14041 1018.8
0.14042 1018.8
0.14043 1018.8
0.14044 1018.8
0.14045 1018.8
0.14046 1018.8
0.14047 1018.8
0.14048 1018.8
0.14049 1018.8
0.14050 1018.8
0.14051 1018.8
0.14052 1018.8
0.14053 1018.8
0.14054 1018.8
0.14055 1018.8
0.14056 1018.8
0.14057 1018.8
0.14058 1018.8
0.14059 1018.8
0.14060 1018.8
0.14061 1018.8
0.14062 1018.8
0.14063 1018.8
0.14064 1018.8
0.14065 1018.8
0.14066 1018.8
0.14067 1018.8
0.14068 1018.8
0.14069 1018.8
0.14070 1018.8
0.14071 1018.8
0.14072 1018.8
0.14073 1018.8
0.14074 1018.8
0.14075 1018.8
0.14076 1018.8
0.14077 1018.8
0.14078 1018.8
0.14079 1018.8
0.14080 1018.8
0.14081 1018.8
0.14082 1018.8
0.14083 1018.8
0.14084 1018.8
0.14085 1018.8
0.14086 1018.8
0.14087 1018.8
0.14088 1018.8
0.14089 1018.8
0.14090 1018.8
0.14091 1018.8
0.14092 1018.8
0.14093 1018.8
0.14094 1018.8
0.14095 1018.8
0.14096 1018.8
0.14097 1018.8
0.14098 1018.8
0.14099 1018.8
0.14100 1018.8
0.14101 1037.4
0.14102 1056.2
0.14103 1075.4
0.14104 1094.8
0.14105 1114.5
0.14106 1134.5
0.14107 1154.8
0.14108 1175.4
0.14109 1196.3
0.14110 1217.5
0.14111 1239.0
0.14112 1260.9
0.14113 1283.0
0.14114 1305.5
0.14115 1328.4
0.14116 1351.6
0.14117 1375.1
0.14118 1399.1
0.14119 1423.3
0.14120 1448.0
0.14121 1473.1
0.14122 1498.6
0.14123 1524.5
0.14124 1550.9
0.14125 1577.7
0.14126 1605.1
0.14127 1632.9
0.14128 1661.4
0.14129 1690.5
0.14130 1720.2
0.14131 1750.6
0.14132 1781.9
0.14133 1814.0
0.14134 1847.1
0.14135 1881.2
0.14136 1916.6
0.14137 1953.3
0.14138 1991.6
0.14139 2031.6
0.14140 2073.7
0.14141 2118.0
0.14142 2164.9
0.14143 2214.9
0.14144 2268.5
0.14145 2326.1
0.14146 2388.6
0.14147 2456.8
0.14148 2531.6
0.14149 2614.3
0.14150 2706.4
0.14151 2759.8
0.14152 2823.8
0.14153 2900.0
0.14154 2990.1
0.14155 3096.1
0.14156 3220.5
0.14157 3366.1
0.14158 3536.0
0.14159 3733.9
0.14160 3963.5
0.14161 4228.2
0.14162 4530.7
0.14163 4871.5
0.14164 5248.3
0.14165 5653.7
0.14166 6075.8
0.14167 6498.1
0.14168 6903.3
0.14169 7276.3
0.14170 7607.5
0.14171 7893.0
0.14172 8133.4
0.14173 8332.1
0.14174 8493.5
0.14175 8622.5
0.14176 8723.1
0.14177 8799.2
0.14178 8853.7
0.14179 8889.3
0.14180 8908.0
0.14181 8911.7
0.14182 8901.7
0.14183 8879.2
0.14184 8845.3
0.14185 8800.7
0.14186 8746.1
0.14187 8682.3
0.14188 8609.7
0.14189 8528.8
0.14190 8440.1
0.14191 8344.0
0.14192 8240.9
0.14193 8131.3
0.14194 8015.5
0.14195 7894.1
0.14196 7767.3
0.14197 7635.6
0.14198 7499.5
0.14199 7359.5
0.14200 7215.9
0.14201 7069.2
0.14202 6920.0
0.14203 6768.6
0.14204 6615.6
0.14205 6461.4
0.14206 6306.5
0.14207 6151.3
0.14208 5996.2
0.14209 5841.8
0.14210 5688.3
0.14211 5536.2
0.14212 5385.8
0.14213 5237.5
0.14214 5091.4
0.14215 4948.1
0.14216 4807.5
0.14217 4670.1
0.14218 4535.9
0.14219 4405.1
0.14220 4277.9
0.14221 4154.4
0.14222 4034.6
0.14223 3918.6
0.14224 3806.5
0.14225 3698.1
0.14226 3593.6
0.14227 3492.9
0.14228 3395.9
0.14229 3302.6
0.14230 3213.0
0.14231 3126.9
0.14232 3044.2
0.14233 2964.9
0.14234 2888.8
0.14235 2815.9
0.14236 2746.0
0.14237 2679.0
0.14238 2614.8
0.14239 2553.4
0.14240 2494.5
0.14241 2438.0
0.14242 2384.0
0.14243 2332.1
0.14244 2282.5
0.14245 2234.9
0.14246 2189.2
0.14247 2145.4
0.14248 2103.4
0.14249 2063.0
0.14250 2024.3
0.14251 1987.0
0.14252 1951.2
0.14253 1916.8
0.14254 1883.8
0.14255 1851.9
0.14256 1821.3
0.14257 1791.8
0.14258 1763.3
0.14259 1735.9
0.14260 1709.5
0.14261 1684.1
0.14262 1659.5
0.14263 1635.8
0.14264 1612.9
0.14265 1590.9
0.14266 1569.6
0.14267 1549.0
0.14268 1529.1
0.14269 1509.9
0.14270 1491.4
0.14271 1473.5
0.14272 1456.2
0.14273 1439.5
0.14274 1423.4
0.14275 1407.8
0.14276 1392.8
0.14277 1378.3
0.14278 1364.2
0.14279 1350.7
0.14280 1337.6
0.14281 1325.0
0.14282 1312.8
0.14283 1301.1
0.14284 1289.7
0.14285 1278.8
0.14286 1268.2
0.14287 1258.0
0.14288 1248.2
0.14289 1238.7
0.14290 1229.6
0.14291 1220.7
0.14292 1212.2
0.14293 1204.0
0.14294 1196.1
0.14295 1188.5
0.14296 1181.1
0.14297 1174.0
0.14298 1167.2
0.14299 1160.6
0.14300 1154.2
0.14301 1148.1
0.14302 1142.2
0.14303 1136.5
0.14304 1130.9
0.14305 1125.6
0.14306 1120.5
0.14307 1115.5
0.14308 1110.8
0.14309 1106.1
0.14310 1101.7
0.14311 1097.4
0.14312 1093.2
0.14313 1089.2
0.14314 1085.3
0.14315 1081.6
0.14316 1078.0
0.14317 1074.5
0.14318 1071.1
0.14319 1067.8
0.14320 1064.6
0.14321 1061.6
0.14322 1058.6
0.14323 1055.8
0.14324 1053.0
0.14325 1050.3
0.14326 1047.7
0.14327 1045.2
0.14328 1042.8
0.14329 1040.4
0.14330 1038.2
0.14331 1036.0
0.14332 1033.8
0.14333 1031.8
0.14334 1029.8
0.14335 1027.8
0.14336 1025.9
0.14337 1024.1
0.14338 1022.3
0.14339 1020.6
0.14340 1019.0
0.14341 1017.3
0.14342 1015.8
0.14343 1014.3
0.14344 1012.8
0.14345 1011.4
0.14346 1010.0
0.14347 1008.6
0.14348 1007.3
0.14349 1006.1
0.14350 1004.8
0.14351 1003.6
0.14352 1002.5
0.14353 1001.3
0.14354 1000.3
0.14355 999.2
0.14356 998.2
0.14357 997.2
0.14358 996.2
0.14359 995.2
0.14360 994.3
0.14361 993.4
0.14362 992.5
0.14363 991.7
0.14364 990.9
0.14365 990.1
0.14366 989.3
0.14367 988.5
0.14368 987.8
0.14369 987.1
0.14370 986.4
0.14371 985.7
0.14372 985.1
0.14373 984.4
0.14374 983.8
0.14375 983.2
0.14376 982.6
0.14377 982.0
0.14378 981.5
0.14379 980.9
0.14380 980.4
0.14381 979.9
0.14382 979.4
0.14383 978.9
0.14384 978.4
0.14385 978.0
0.14386 977.5
0.14387 977.1
0.14388 976.6
0.14389 976.2
0.14390 975.8
0.14391 975.4
0.14392 975.0
0.14393 974.7
0.14394 974.3
0.14395 974.0
0.14396 973.6
0.14397 973.3
0.14398 972.9
0.14399 972.6
0.14400 972.3
0.14401 972.0
0.14402 971.7
0.14403 971.4
0.14404 971.1
0.14405 970.9
0.14406 970.6
0.14407 970.3
0.14408 970.1
0.14409 969.8
0.14410 969.6
0.14411 969.4
0.14412 969.1
0.14413 968.9
0.14414 968.7
0.14415 968.5
0.14416 968.3
0.14417 968.1
0.14418 967.9
0.14419 967.7
0.14420 967.5
0.14421 967.3
0.14422 967.2
0.14423 967.0
0.14424 966.8
0.14425 966.7
0.14426 966.5
0.14427 966.4
0.14428 966.2
0.14429 966.1
0.14430 965.9
0.14431 965.8
0.14432 965.7
0.14433 965.5
0.14434 965.4
0.14435 965.3
0.14436 965.2
0.14437 965.0
0.14438 964.9
0.14439 964.8
0.14440 964.7
0.14441 964.6
0.14442 964.5
0.14443 964.4
0.14444 964.3
0.14445 964.2
0.14446 964.1
0.14447 964.0
0.14448 963.9
0.14449 963.9
0.14450 963.8
0.14451 963.7
0.14452 963.6
0.14453 963.6
0.14454 963.5
0.14455 963.4
0.14456 963.4
0.14457 963.3
0.14458 963.2
0.14459 963.2
0.14460 963.1
0.14461 963.1
0.14462 963.0
0.14463 962.9
0.14464 962.9
0.14465 962.8
0.14466 962.8
0.14467 962.8
0.14468 962.7
0.14469 962.7
0.14470 962.6
0.14471 962.6
0.14472 962.6
0.14473 962.5
0.14474 962.5
0.14475 962.4
0.14476 962.4
0.14477 962.4
0.14478 962.4
0.14479 962.3
0.14480 962.3
0.14481 962.3
0.14482 962.3
0.14483 962.2
0.14484 962.2
0.14485 962.2
0.14486 962.2
0.14487 962.2
0.14488 962.1
0.14489 962.1
0.14490 962.1
0.14491 962.1
0.14492 962.1
0.14493 962.1
0.14494 962.1
0.14495 962.1
0.14496 962.0
0.14497 962.0
0.14498 962.0
0.14499 962.0
0.14500 962.0
0.14501 962.0
0.14502 962.0
0.14503 962.0
0.14504 962.0
0.14505 962.0
0.14506 962.0
0.14507 962.0
0.14508 962.0
0.14509 962.0
0.14510 962.0
0.14511 962.0
0.14512 962.0
0.14513 962.0
0.14514 962.1
0.14515 962.1
0.14516 962.1
0.14517 962.1
0.14518 962.1
0.14519 962.1
0.14520 962.1
0.14521 962.1
0.14522 962.1
0.14523 962.1
0.14524 962.2
0.14525 962.2
0.14526 962.2
0.14527 962.2
0.14528 962.2
0.14529 962.2
0.14530 962.3
0.14531 962.3
0.14532 962.3
0.14533 962.3
0.14534 962.3
0.14535 962.3
0.14536 962.4
0.14537 962.4
0.14538 962.4
0.14539 962.4
0.14540 962.5
0.14541 962.5
0.14542 962.5
0.14543 962.5
0.14544 962.5
0.14545 962.6
0.14546 962.6
0.14547 962.6
0.14548 962.6
0.14549 962.7
0.14550 962.7
0.14551 962.7
0.14552 962.8
0.14553 962.8
0.14554 962.8
0.14555 962.8
0.14556 962.9
0.14557 962.9
0.14558 962.9
0.14559 963.0
0.14560 963.0
0.14561 963.0
0.14562 963.0
0.14563 963.1
0.14564 963.1
0.14565 963.1
0.14566 963.2
0.14567 963.2
0.14568 963.2
0.14569 963.3
0.14570 963.3
0.14571 963.3
0.14572 963.4
0.14573 963.4
0.14574 963.4
0.14575 963.5
0.14576 963.5
0.14577 963.6
0.14578 963.6
0.14579 963.6
0.14580 963.7
0.14581 963.7
0.14582 963.7
0.14583 963.8
0.14584 963.8
0.14585 963.8
0.14586 963.9
0.14587 963.9
0.14588 964.0
0.14589 964.0
0.14590 964.0
0.14591 964.1
0.14592 964.1
0.14593 964.2
0.14594 964.2
0.14595 964.2
0.14596 964.3
0.14597 964.3
0.14598 964.4
0.14599 964.4
0.14600 964.4
0.14601 964.5
0.14602 964.5
0.14603 964.6
0.14604 964.6
0.14605 964.7
0.14606 964.7
0.14607 964.7
0.14608 964.8
0.14609 964.8
0.14610 964.9
0.14611 964.9
0.14612 965.0
0.14613 965.0
0.14614 965.0
0.14615 965.1
0.14616 965.1
0.14617 965.2
0.14618 965.2
0.14619 965.3
0.14620 965.3
0.14621 965.4
0.14622 965.4
0.14623 965.4
0.14624 965.5
0.14625 965.5
0.14626 965.6
0.14627 965.6
0.14628 965.7
0.14629 965.7
0.14630 965.8
0.14631 965.8
0.14632 965.9
0.14633 965.9
0.14634 966.0
0.14635 966.0
0.14636 966.1
0.14637 966.1
0.14638 966.1
0.14639 966.2
0.14640 966.2
0.14641 966.3
0.14642 966.3
0.14643 966.4
0.14644 966.4
0.14645 966.5
0.14646 966.5
0.14647 966.6
0.14648 966.6
0.14649 966.7
0.14650 966.7
0.14651 966.8
0.14652 966.8
0.14653 966.9
0.14654 966.9
0.14655 967.0
0.14656 967.0
0.14657 967.1
0.14658 967.1
0.14659 967.2
0.14660 967.2
0.14661 967.3
0.14662 967.3
0.14663 967.4
0.14664 967.4
0.14665 967.5
0.14666 967.5
0.14667 967.6
0.14668 967.6
0.14669 967.7
0.14670 967.7
0.14671 967.8
0.14672 967.8
0.14673 967.9
0.14674 967.9
0.14675 968.0
0.14676 968.1
0.14677 968.1
0.14678 968.2
0.14679 968.2
0.14680 968.3
0.14681 968.3
0.14682 968.4
0.14683 968.4
0.14684 968.5
0.14685 968.5
0.14686 968.6
0.14687 968.6
0.14688 968.7
0.14689 968.7
0.14690 968.8
0.14691 968.8
0.14692 968.9
0.14693 968.9
0.14694 969.0
0.14695 969.1
0.14696 969.1
0.14697 969.2
0.14698 969.2
0.14699 969.3
0.14700 969.3
0.14701 969.4
0.14702 969.4
0.14703 969.5
0.14704 969.5
0.14705 969.6
0.14706 969.6
0.14707 969.7
0.14708 969.8
0.14709 969.8
0.14710 969.9
0.14711 969.9
0.14712 970.0
0.14713 970.0
0.14714 970.1
0.14715 970.1
0.14716 970.2
0.14717 970.2
0.14718 970.3
0.14719 970.4
0.14720 970.4
0.14721 970.5
0.14722 970.5
0.14723 970.6
0.14724 970.6
0.14725 970.7
0.14726 970.7
0.14727 970.8
0.14728 970.9
0.14729 970.9
0.14730 971.0
0.14731 971.0
0.14732 971.1
0.14733 971.1
0.14734 971.2
0.14735 971.2
0.14736 971.3
0.14737 971.4
0.14738 971.4
0.14739 971.5
0.14740 971.5
0.14741 971.6
0.14742 971.6
0.14743 971.7
0.14744 971.7
0.14745 971.8
0.14746 971.9
0.14747 971.9
0.14748 972.0
0.14749 972.0
0.14750 972.1
0.14751 972.1
0.14752 972.2
0.14753 972.3
0.14754 972.3
0.14755 972.4
0.14756 972.4
0.14757 972.5
0.14758 972.5
0.14759 972.6
0.14760 972.6
0.14761 972.7
0.14762 972.8
0.14763 972.8
0.14764 972.9
0.14765 972.9
0.14766 973.0
0.14767 973.0
0.14768 973.1
0.14769 973.2
0.14770 973.2
0.14771 973.3
0.14772 973.3
0.14773 973.4
0.14774 973.4
0.14775 973.5
0.14776 973.6
0.14777 973.6
0.14778 973.7
0.14779 973.7
0.14780 973.8
0.14781 973.8
0.14782 973.9
0.14783 973.9
0.14784 974.0
0.14785 974.1
0.14786 974.1
0.14787 974.2
0.14788 974.2
0.14789 974.3
0.14790 974.3
0.14791 974.4
0.14792 974.5
0.14793 974.5
0.14794 974.6
0.14795 974.6
0.14796 974.7
0.14797 974.7
0.14798 974.8
0.14799 974.9
0.14800 974.9
0.14801 975.0
0.14802 975.0
0.14803 975.1
0.14804 975.1
0.14805 975.2
0.14806 975.3
0.14807 975.3
0.14808 975.4
0.14809 975.4
0.14810 975.5
0.14811 975.5
0.14812 975.6
0.14813 975.7
0.14814 975.7
0.14815 975.8
0.14816 975.8
0.14817 975.9
0.14818 975.9
0.14819 976.0
0.14820 976.1
0.14821 976.1
0.14822 976.2
0.14823 976.2
0.14824 976.3
0.14825 976.3
0.14826 976.4
0.14827 976.5
0.14828 976.5
0.14829 976.6
0.14830 976.6
0.14831 976.7
0.14832 976.7
0.14833 976.8
0.14834 976.9
0.14835 976.9
0.14836 977.0
0.14837 977.0
0.14838 977.1
0.14839 977.1
0.14840 977.2
0.14841 977.3
0.14842 977.3
0.14843 977.4
0.14844 977.4
0.14845 977.5
0.14846 977.5
0.14847 977.6
0.14848 977.6
0.14849 977.7
0.14850 977.8
0.14851 977.8
0.14852 977.9
0.14853 977.9
0.14854 978.0
0.14855 978.0
0.14856 978.1
0.14857 978.2
0.14858 978.2
0.14859 978.3
0.14860 978.3
0.14861 978.4
0.14862 978.4
0.14863 978.5
0.14864 978.6
0.14865 978.6
0.14866 978.7
0.14867 978.7
0.14868 978.8
0.14869 978.8
0.14870 978.9
0.14871 979.0
0.14872 979.0
0.14873 979.1
0.14874 979.1
0.14875 979.2
0.14876 979.2
0.14877 979.3
0.14878 979.3
0.14879 979.4
0.14880 979.5
0.14881 979.5
0.14882 979.6
0.14883 979.6
0.14884 979.7
0.14885 979.7
0.14886 979.8
0.14887 979.8
0.14888 979.9
0.14889 980.0
0.14890 980.0
0.14891 980.1
0.14892 980.1
0.14893 980.2
0.14894 980.2
0.14895 980.3
0.14896 980.4
0.14897 980.4
0.14898 980.5
0.14899 980.5
0.14900 980.6
0.14901 980.6
0.14902 980.7
0.14903 980.7
0.14904 980.8
0.14905 980.9
0.14906 980.9
0.14907 981.0
0.14908 981.0
0.14909 981.1
0.14910 981.1
0.14911 981.2
0.14912 981.2
0.14913 981.3
0.14914 981.4
0.14915 981.4
0.14916 981.5
0.14917 981.5
0.14918 981.6
0.14919 981.6
0.14920 981.7
0.14921 981.7
0.14922 981.8
0.14923 981.8
0.14924 981.9
0.14925 982.0
0.14926 982.0
0.14927 982.1
0.14928 982.1
0.14929 982.2
0.14930 982.2
0.14931 982.3
0.14932 982.3
0.14933 982.4
0.14934 982.4
0.14935 982.5
0.14936 982.6
0.14937 982.6
0.14938 982.7
0.14939 982.7
0.14940 982.8
0.14941 982.8
0.14942 982.9
0.14943 982.9
0.14944 983.0
0.14945 983.0
0.14946 983.1
0.14947 983.2
0.14948 983.2
0.14949 983.3
0.14950 983.3
0.14951 983.4
0.14952 983.4
0.14953 983.5
0.14954 983.5
0.14955 983.6
0.14956 983.6
0.14957 983.7
0.14958 983.7
0.14959 983.8
0.14960 983.9
0.14961 983.9
0.14962 984.0
0.14963 984.0
0.14964 984.1
0.14965 984.1
0.14966 984.2
0.14967 984.2
0.14968 984.3
0.14969 984.3
0.14970 984.4
0.14971 984.4
0.14972 984.5
0.14973 984.5
0.14974 984.6
0.14975 984.6
0.14976 984.7
0.14977 984.8
0.14978 984.8
0.14979 984.9
0.14980 984.9
0.14981 985.0
0.14982 985.0
0.14983 985.1
0.14984 985.1
0.14985 985.2
0.14986 985.2
0.14987 985.3
0.14988 985.3
0.14989 985.4
0.14990 985.4
0.14991 985.5
0.14992 985.5
0.14993 985.6
0.14994 985.6
0.14995 985.7
0.14996 985.7
0.14997 985.8
0.14998 985.9
0.14999 985.9
0.15000 986.0
0.15001 986.0
0.15002 986.1
0.15003 986.1
0.15004 986.2
0.15005 986.2
0.15006 986.3
0.15007 986.3
0.15008 986.4
0.15009 986.4
0.15010 986.5
0.15011 986.5
0.15012 986.6
0.15013 986.6
0.15014 986.7
0.15015 986.7
0.15016 986.8
0.15017 986.8
0.15018 986.9
0.15019 986.9
0.15020 987.0
0.15021 987.0
0.15022 987.1
0.15023 987.1
0.15024 987.2
0.15025 987.2
0.15026 987.3
0.15027 987.3
0.15028 987.4
0.15029 987.4
0.15030 987.5
0.15031 987.5
0.15032 987.6
0.15033 987.6
0.15034 987.7
0.15035 987.7
0.15036 987.8
0.15037 987.8
0.15038 987.9
0.15039 987.9
0.15040 988.0
0.15041 988.0
0.15042 988.1
0.15043 988.1
0.15044 988.2
0.15045 988.2
0.15046 988.3
0.15047 988.3
0.15048 988.4
0.15049 988.4
0.15050 988.5
0.15051 988.5
0.15052 988.6
0.15053 988.6
0.15054 988.7
0.15055 988.7
0.15056 988.8
0.15057 988.8
0.15058 988.9
0.15059 988.9
0.15060 989.0
0.15061 989.0
0.15062 989.1
0.15063 989.1
0.15064 989.2
0.15065 989.2
0.15066 989.3
0.15067 989.3
0.15068 989.3
0.15069 989.4
0.15070 989.4
0.15071 989.5
0.15072 989.5
0.15073 989.6
0.15074 989.6
0.15075 989.7
0.15076 989.7
0.15077 989.8
0.15078 989.8
0.15079 989.9
0.15080 989.9
0.15081 990.0
0.15082 990.0
0.15083 990.1
0.15084 990.1
0.15085 990.2
0.15086 990.2
0.15087 990.3
0.15088 990.3
0.15089 990.3
0.15090 990.4
0.15091 990.4
0.15092 990.5
0.15093 990.5
0.15094 990.6
0.15095 990.6
0.15096 990.7
0.15097 990.7
0.15098 990.8
0.15099 990.8
0.15100 990.9
0.15101 990.9
0.15102 991.0
0.15103 991.0
0.15104 991.0
0.15105 991.1
0.15106 991.1
0.15107 991.2
0.15108 991.2
0.15109 991.3
0.15110 991.3
0.15111 991.4
0.15112 991.4
0.15113 991.5
0.15114 991.5
0.15115 991.6
0.15116 991.6
0.15117 991.6
0.15118 991.7
0.15119 991.7
0.15120 991.8
0.15121 991.8
0.15122 991.9
0.15123 991.9
0.15124 992.0
0.15125 992.0
0.15126 992.0
0.15127 992.1
0.15128 992.1
0.15129 992.2
0.15130 992.2
0.15131 992.3
0.15132 992.3
0.15133 992.4
0.15134 992.4
0.15135 992.4
0.15136 992.5
0.15137 992.5
0.15138 992.6
0.15139 992.6
0.15140 992.7
0.15141 992.7
0.15142 992.8
0.15143 992.8
0.15144 992.8
0.15145 992.9
0.15146 992.9
0.15147 993.0
0.15148 993.0
0.15149 993.1
0.15150 993.1
0.15151 993.2
0.15152 993.2
0.15153 993.2
0.15154 993.3
0.15155 993.3
0.15156 993.4
0.15157 993.4
0.15158 993.5
0.15159 993.5
0.15160 993.5
0.15161 993.6
0.15162 993.6
0.15163 993.7
0.15164 993.7
0.15165 993.8
0.15166 993.8
0.15167 993.8
0.15168 993.9
0.15169 993.9
0.15170 994.0
0.15171 994.0
0.15172 994.1
0.15173 994.1
0.15174 994.1
0.15175 994.2
0.15176 994.2
0.15177 994.3
0.15178 994.3
0.15179 994.3
0.15180 994.4
0.15181 994.4
0.15182 994.5
0.15183 994.5
0.15184 994.6
0.15185 994.6
0.15186 994.6
0.15187 994.7
0.15188 994.7
0.15189 994.8
0.15190 994.8
0.15191 994.8
0.15192 994.9
0.15193 994.9
0.15194 995.0
0.15195 995.0
0.15196 995.0
0.15197 995.1
0.15198 995.1
0.15199 995.2
0.15200 995.2
0.15201 995.2
0.15202 995.3
0.15203 995.3
0.15204 995.4
0.15205 995.4
0.15206 995.5
0.15207 995.5
0.15208 995.5
0.15209 995.6
0.15210 995.6
0.15211 995.7
0.15212 995.7
0.15213 995.7
0.15214 995.8
0.15215 995.8
0.15216 995.9
0.15217 995.9
0.15218 995.9
0.15219 996.0
0.15220 996.0
0.15221 996.0
0.15222 996.1
0.15223 996.1
0.15224 996.2
0.15225 996.2
0.15226 996.2
0.15227 996.3
0.15228 996.3
0.15229 996.4
0.15230 996.4
0.15231 996.4
0.15232 996.5
0.15233 996.5
0.15234 996.6
0.15235 996.6
0.15236 996.6
0.15237 996.7
0.15238 996.7
0.15239 996.7
0.15240 996.8
0.15241 996.8
0.15242 996.9
0.15243 996.9
0.15244 996.9
0.15245 997.0
0.15246 997.0
0.15247 997.1
0.15248 997.1
0.15249 997.1
0.15250 997.2
0.15251 997.2
0.15252 997.2
0.15253 997.3
0.15254 997.3
0.15255 997.4
0.15256 997.4
0.15257 997.4
0.15258 997.5
0.15259 997.5
0.15260 997.5
0.15261 997.6
0.15262 997.6
0.15263 997.6
0.15264 997.7
0.15265 997.7
0.15266 997.8
0.15267 997.8
0.15268 997.8
0.15269 997.9
0.15270 997.9
0.15271 997.9
0.15272 998.0
0.15273 998.0
0.15274 998.1
0.15275 998.1
0.15276 998.1
0.15277 998.2
0.15278 998.2
0.15279 998.2
0.15280 998.3
0.15281 998.3
0.15282 998.3
0.15283 998.4
0.15284 998.4
0.15285 998.4
0.15286 998.5
0.15287 998.5
0.15288 998.6
0.15289 998.6
0.15290 998.6
0.15291 998.7
0.15292 998.7
0.15293 998.7
0.15294 998.8
0.15295 998.8
0.15296 998.8
0.15297 998.9
0.15298 998.9
0.15299 998.9
0.15300 999.0
0.15301 999.0
0.15302 999.0
0.15303 999.1
0.15304 999.1
0.15305 999.2
0.15306 999.2
0.15307 999.2
0.15308 999.3
0.15309 999.3
0.15310 999.3
0.15311 999.4
0.15312 999.4
0.15313 999.4
0.15314 999.5
0.15315 999.5
0.15316 999.5
0.15317 999.6
0.15318 999.6
0.15319 999.6
0.15320 999.7
0.15321 999.7
0.15322 999.7
0.15323 999.8
0.15324 999.8
0.15325 999.8
0.15326 999.9
0.15327 999.9
0.15328 999.9
0.15329 1000.0
0.15330 1000.0
0.15331 1000.0
0.15332 1000.1
0.15333 1000.1
0.15334 1000.1
0.15335 1000.2
0.15336 1000.2
0.15337 1000.2
0.15338 1000.3
0.15339 1000.3
0.15340 1000.3
0.15341 1000.4
0.15342 1000.4
0.15343 1000.4
0.15344 1000.5
0.15345 1000.5
0.15346 1000.5
0.15347 1000.6
0.15348 1000.6
0.15349 1000.6
0.15350 1000.7
0.15351 1000.7
0.15352 1000.7
0.15353 1000.7
0.15354 1000.8
0.15355 1000.8
0.15356 1000.8
0.15357 1000.9
0.15358 1000.9
0.15359 1000.9
0.15360 1001.0
0.15361 1001.0
0.15362 1001.0
0.15363 1001.1
0.15364 1001.1
0.15365 1001.1
0.15366 1001.2
0.15367 1001.2
0.15368 1001.2
0.15369 1001.3
0.15370 1001.3
0.15371 1001.3
0.15372 1001.3
0.15373 1001.4
0.15374 1001.4
0.15375 1001.4
0.15376 1001.5
0.15377 1001.5
0.15378 1001.5
0.15379 1001.6
0.15380 1001.6
0.15381 1001.6
0.15382 1001.7
0.15383 1001.7
0.15384 1001.7
0.15385 1001.7
0.15386 1001.8
0.15387 1001.8
0.15388 1001.8
0.15389 1001.9
0.15390 1001.9
0.15391 1001.9
0.15392 1002.0
0.15393 1002.0
0.15394 1002.0
0.15395 1002.0
0.15396 1002.1
0.15397 1002.1
0.15398 1002.1
0.15399 1002.2
0.15400 1002.2
0.15401 1002.2
0.15402 1002.3
0.15403 1002.3
0.15404 1002.3
0.15405 1002.3
0.15406 1002.4
0.15407 1002.4
0.15408 1002.4
0.15409 1002.5
0.15410 1002.5
0.15411 1002.5
0.15412 1002.5
0.15413 1002.6
0.15414 1002.6
0.15415 1002.6
0.15416 1002.7
0.15417 1002.7
0.15418 1002.7
0.15419 1002.7
0.15420 1002.8
0.15421 1002.8
0.15422 1002.8
0.15423 1002.9
0.15424 1002.9
0.15425 1002.9
0.15426 1002.9
0.15427 1003.0
0.15428 1003.0
0.15429 1003.0
0.15430 1003.1
0.15431 1003.1
0.15432 1003.1
0.15433 1003.1
0.15434 1003.2
0.15435 1003.2
0.15436 1003.2
0.15437 1003.3
0.15438 1003.3
0.15439 1003.3
0.15440 1003.3
0.15441 1003.4
0.15442 1003.4
0.15443 1003.4
0.15444 1003.4
0.15445 1003.5
0.15446 1003.5
0.15447 1003.5
0.15448 1003.6
0.15449 1003.6
0.15450 1003.6
0.15451 1003.6
0.15452 1003.7
0.15453 1003.7
0.15454 1003.7
0.15455 1003.7
0.15456 1003.8
0.15457 1003.8
0.15458 1003.8
0.15459 1003.9
0.15460 1003.9
0.15461 1003.9
0.15462 1003.9
0.15463 1004.0
0.15464 1004.0
0.15465 1004.0
0.15466 1004.0
0.15467 1004.1
0.15468 1004.1
0.15469 1004.1
0.15470 1004.1
0.15471 1004.2
0.15472 1004.2
0.15473 1004.2
0.15474 1004.2
0.15475 1004.3
0.15476 1004.3
0.15477 1004.3
0.15478 1004.3
0.15479 1004.4
0.15480 1004.4
0.15481 1004.4
0.15482 1004.5
0.15483 1004.5
0.15484 1004.5
0.15485 1004.5
0.15486 1004.6
0.15487 1004.6
0.15488 1004.6
0.15489 1004.6
0.15490 1004.7
0.15491 1004.7
0.15492 1004.7
0.15493 1004.7
0.15494 1004.8
0.15495 1004.8
0.15496 1004.8
0.15497 1004.8
0.15498 1004.9
0.15499 1004.9
0.15500 1004.9
0.15501 1004.9
0.15502 1005.0
0.15503 1005.0
0.15504 1005.0
0.15505 1005.0
0.15506 1005.1
0.15507 1005.1
0.15508 1005.1
0.15509 1005.1
0.15510 1005.2
0.15511 1005.2
0.15512 1005.2
0.15513 1005.2
0.15514 1005.2
0.15515 1005.3
0.15516 1005.3
0.15517 1005.3
0.15518 1005.3
0.15519 1005.4
0.15520 1005.4
0.15521 1005.4
0.15522 1005.4
0.15523 1005.5
0.15524 1005.5
0.15525 1005.5
0.15526 1005.5
0.15527 1005.6
0.15528 1005.6
0.15529 1005.6
0.15530 1005.6
0.15531 1005.7
0.15532 1005.7
0.15533 1005.7
0.15534 1005.7
0.15535 1005.7
0.15536 1005.8
0.15537 1005.8
0.15538 1005.8
0.15539 1005.8
0.15540 1005.9
0.15541 1005.9
0.15542 1005.9
0.15543 1005.9
0.15544 1006.0
0.15545 1006.0
0.15546 1006.0
0.15547 1006.0
0.15548 1006.0
0.15549 1006.1
0.15550 1006.1
0.15551 1006.1
0.15552 1006.1
0.15553 1006.2
0.15554 1006.2
0.15555 1006.2
0.15556 1006.2
0.15557 1006.2
0.15558 1006.3
0.15559 1006.3
0.15560 1006.3
0.15561 1006.3
0.15562 1006.4
0.15563 1006.4
0.15564 1006.4
0.15565 1006.4
0.15566 1006.4
0.15567 1006.5
0.15568 1006.5
0.15569 1006.5
0.15570 1006.5
0.15571 1006.6
0.15572 1006.6
0.15573 1006.6
0.15574 1006.6
0.15575 1006.6
0.15576 1006.7
0.15577 1006.7
0.15578 1006.7
0.15579 1006.7
0.15580 1006.8
0.15581 1006.8
0.15582 1006.8
0.15583 1006.8
0.15584 1006.8
0.15585 1006.9
0.15586 1006.9
0.15587 1006.9
0.15588 1006.9
0.15589 1006.9
0.15590 1007.0
0.15591 1007.0
0.15592 1007.0
0.15593 1007.0
0.15594 1007.1
0.15595 1007.1
0.15596 1007.1
0.15597 1007.1
0.15598 1007.1
0.15599 1007.2
0.15600 1007.2
0.15601 1007.2
0.15602 1007.2
0.15603 1007.2
0.15604 1007.3
0.15605 1007.3
0.15606 1007.3
0.15607 1007.3
0.15608 1007.3
0.15609 1007.4
0.15610 1007.4
0.15611 1007.4
0.15612 1007.4
0.15613 1007.4
0.15614 1007.5
0.15615 1007.5
0.15616 1007.5
0.15617 1007.5
0.15618 1007.5
0.15619 1007.6
0.15620 1007.6
0.15621 1007.6
0.15622 1007.6
0.15623 1007.6
0.15624 1007.7
0.15625 1007.7
0.15626 1007.7
0.15627 1007.7
0.15628 1007.7
0.15629 1007.8
0.15630 1007.8
0.15631 1007.8
0.15632 1007.8
0.15633 1007.8
0.15634 1007.9
0.15635 1007.9
0.15636 1007.9
0.15637 1007.9
0.15638 1007.9
0.15639 1008.0
0.15640 1008.0
0.15641 1008.0
0.15642 1008.0
0.15643 1008.0
0.15644 1008.1
0.15645 1008.1
0.15646 1008.1
0.15647 1008.1
0.15648 1008.1
0.15649 1008.1
0.15650 1008.2
0.15651 1008.2
0.15652 1008.2
0.15653 1008.2
0.15654 1008.2
0.15655 1008.3
0.15656 1008.3
0.15657 1008.3
0.15658 1008.3
0.15659 1008.3
0.15660 1008.4
0.15661 1008.4
0.15662 1008.4
0.15663 1008.4
0.15664 1008.4
0.15665 1008.4
0.15666 1008.5
0.15667 1008.5
0.15668 1008.5
0.15669 1008.5
0.15670 1008.5
0.15671 1008.6
0.15672 1008.6
0.15673 1008.6
0.15674 1008.6
0.15675 1008.6
0.15676 1008.6
0.15677 1008.7
0.15678 1008.7
0.15679 1008.7
0.15680 1008.7
0.15681 1008.7
0.15682 1008.8
0.15683 1008.8
0.15684 1008.8
0.15685 1008.8
0.15686 1008.8
0.15687 1008.8
0.15688 1008.9
0.15689 1008.9
0.15690 1008.9
0.15691 1008.9
0.15692 1008.9
0.15693 1008.9
0.15694 1009.0
0.15695 1009.0
0.15696 1009.0
0.15697 1009.0
0.15698 1009.0
0.15699 1009.0
0.15700 1009.1
0.15701 1009.1
0.15702 1009.1
0.15703 1009.1
0.15704 1009.1
0.15705 1009.2
0.15706 1009.2
0.15707 1009.2
0.15708 1009.2
0.15709 1009.2
0.15710 1009.2
0.15711 1009.3
0.15712 1009.3
0.15713 1009.3
0.15714 1009.3
0.15715 1009.3
0.15716 1009.3
0.15717 1009.4
0.15718 1009.4
0.15719 1009.4
0.15720 1009.4
0.15721 1009.4
0.15722 1009.4
0.15723 1009.5
0.15724 1009.5
0.15725 1009.5
0.15726 1009.5
0.15727 1009.5
0.15728 1009.5
0.15729 1009.6
0.15730 1009.6
0.15731 1009.6
0.15732 1009.6
0.15733 1009.6
0.15734 1009.6
0.15735 1009.6
0.15736 1009.7
0.15737 1009.7
0.15738 1009.7
0.15739 1009.7
0.15740 1009.7
0.15741 1009.7
0.15742 1009.8
0.15743 1009.8
0.15744 1009.8
0.15745 1009.8
0.15746 1009.8
0.15747 1009.8
0.15748 1009.9
0.15749 1009.9
0.15750 1009.9
0.15751 1009.9
0.15752 1009.9
0.15753 1009.9
0.15754 1009.9
0.15755 1010.0
0.15756 1010.0
0.15757 1010.0
0.15758 1010.0
0.15759 1010.0
0.15760 1010.0
0.15761 1010.1
0.15762 1010.1
0.15763 1010.1
0.15764 1010.1
0.15765 1010.1
0.15766 1010.1
0.15767 1010.1
0.15768 1010.2
0.15769 1010.2
0.15770 1010.2
0.15771 1010.2
0.15772 1010.2
0.15773 1010.2
0.15774 1010.3
0.15775 1010.3
0.15776 1010.3
0.15777 1010.3
0.15778 1010.3
0.15779 1010.3
0.15780 1010.3
0.15781 1010.4
0.15782 1010.4
0.15783 1010.4
0.15784 1010.4
0.15785 1010.4
0.15786 1010.4
0.15787 1010.4
0.15788 1010.5
0.15789 1010.5
0.15790 1010.5
0.15791 1010.5
0.15792 1010.5
0.15793 1010.5
0.15794 1010.5
0.15795 1010.6
0.15796 1010.6
0.15797 1010.6
0.15798 1010.6
0.15799 1010.6
0.15800 1010.6
0.15801 1010.6
0.15802 1010.7
0.15803 1010.7
0.15804 1010.7
0.15805 1010.7
0.15806 1010.7
0.15807 1010.7
0.15808 1010.7
0.15809 1010.8
0.15810 1010.8
0.15811 1010.8
0.15812 1010.8
0.15813 1010.8
0.15814 1010.8
0.15815 1010.8
0.15816 1010.9
0.15817 1010.9
0.15818 1010.9
0.15819 1010.9
0.15820 1010.9
0.15821 1010.9
0.15822 1010.9
0.15823 1011.0
0.15824 1011.0
0.15825 1011.0
0.15826 1011.0
0.15827 1011.0
0.15828 1011.0
0.15829 1011.0
0.15830 1011.0
0.15831 1011.1
0.15832 1011.1
0.15833 1011.1
0.15834 1011.1
0.15835 1011.1
0.15836 1011.1
0.15837 1011.1
0.15838 1011.2
0.15839 1011.2
0.15840 1011.2
0.15841 1011.2
0.15842 1011.2
0.15843 1011.2
0.15844 1011.2
0.15845 1011.2
0.15846 1011.3
0.15847 1011.3
0.15848 1011.3
0.15849 1011.3
0.15850 1011.3
0.15851 1011.3
0.15852 1011.3
0.15853 1011.3
0.15854 1011.4
0.15855 1011.4
0.15856 1011.4
0.15857 1011.4
0.15858 1011.4
0.15859 1011.4
0.15860 1011.4
0.15861 1011.5
0.15862 1011.5
0.15863 1011.5
0.15864 1011.5
0.15865 1011.5
0.15866 1011.5
0.15867 1011.5
0.15868 1011.5
0.15869 1011.6
0.15870 1011.6
0.15871 1011.6
0.15872 1011.6
0.15873 1011.6
0.15874 1011.6
0.15875 1011.6
0.15876 1011.6
0.15877 1011.7
0.15878 1011.7
0.15879 1011.7
0.15880 1011.7
0.15881 1011.7
0.15882 1011.7
0.15883 1011.7
0.15884 1011.7
0.15885 1011.7
0.15886 1011.8
0.15887 1011.8
0.15888 1011.8
0.15889 1011.8
0.15890 1011.8
0.15891 1011.8
0.15892 1011.8
0.15893 1011.8
0.15894 1011.9
0.15895 1011.9
0.15896 1011.9
0.15897 1011.9
0.15898 1011.9
0.15899 1011.9
0.15900 1011.9
0.15901 1011.9
0.15902 1012.0
0.15903 1012.0
0.15904 1012.0
0.15905 1012.0
0.15906 1012.0
0.15907 1012.0
0.15908 1012.0
0.15909 1012.0
0.15910 1012.0
0.15911 1012.1
0.15912 1012.1
0.15913 1012.1
0.15914 1012.1
0.15915 1012.1
0.15916 1012.1
0.15917 1012.1
0.15918 1012.1
0.15919 1012.1
0.15920 1012.2
0.15921 1012.2
0.15922 1012.2
0.15923 1012.2
0.15924 1012.2
0.15925 1012.2
0.15926 1012.2
0.15927 1012.2
0.15928 1012.3
0.15929 1012.3
0.15930 1012.3
0.15931 1012.3
0.15932 1012.3
0.15933 1012.3
0.15934 1012.3
0.15935 1012.3
0.15936 1012.3
0.15937 1012.3
0.15938 1012.4
0.15939 1012.4
0.15940 1012.4
0.15941 1012.4
0.15942 1012.4
0.15943 1012.4
0.15944 1012.4
0.15945 1012.4
0.15946 1012.4
0.15947 1012.5
0.15948 1012.5
0.15949 1012.5
0.15950 1012.5
0.15951 1012.5
0.15952 1012.5
0.15953 1012.5
0.15954 1012.5
0.15955 1012.5
0.15956 1012.6
0.15957 1012.6
0.15958 1012.6
0.15959 1012.6
0.15960 1012.6
0.15961 1012.6
0.15962 1012.6
0.15963 1012.6
0.15964 1012.6
0.15965 1012.6
0.15966 1012.7
0.15967 1012.7
0.15968 1012.7
0.15969 1012.7
0.15970 1012.7
0.15971 1012.7
0.15972 1012.7
0.15973 1012.7
0.15974 1012.7
0.15975 1012.8
0.15976 1012.8
0.15977 1012.8
0.15978 1012.8
0.15979 1012.8
0.15980 1012.8
0.15981 1012.8
0.15982 1012.8
0.15983 1012.8
0.15984 1012.8
0.15985 1012.9
0.15986 1012.9
0.15987 1012.9
0.15988 1012.9
0.15989 1012.9
0.15990 1012.9
0.15991 1012.9
0.15992 1012.9
0.15993 1012.9
0.15994 1012.9
0.15995 1013.0
0.15996 1013.0
0.15997 1013.0
0.15998 1013.0
0.15999 1013.0
0.16000 1018.8
0.16001 1018.8
0.16002 1018.8
0.16003 1018.8
0.16004 1018.8
0.16005 1018.8
0.16006 1018.8
0.16007 1018.8
0.16008 1018.8
0.16009 1018.8
0.16010 1018.8
0.16011 1018.8
0.16012 1018.8
0.16013 1018.8
0.16014 1018.8
0.16015 1018.8
0.16016 1018.8
0.16017 1018.8
0.16018 1018.8
0.16019 1018.8
0.16020 1018.8
0.16021 1018.8
0.16022 1018.8
0.16023 1018.8
0.16024 1018.8
0.16025 1018.8
0.16026 1018.8
0.16027 1018.8
0.16028 1018.8
0.16029 1018.8
0.16030 1018.8
0.16031 1018.8
0.16032 1018.8
0.16033 1018.8
0.16034 1018.8
0.16035 1018.8
0.16036 1018.8
0.16037 1018.8
0.16038 1018.8
0.16039 1018.8
0.16040 1018.8
0.16041 1018.8
0.16042 1018.8
0.16043 1018.8
0.16044 1018.8
0.16045 1018.8
0.16046 1018.8
0.16047 1018.8
0.16048 1018.8
0.16049 1018.8
0.16050 1018.8
0.16051 1018.8
0.16052 1018.8
0.16053 1018.8
0.16054 1018.8
0.16055 1018.8
0.16056 1018.8
0.16057 1018.8
0.16058 1018.8
0.16059 1018.8
0.16060 1018.8
0.16061 1018.8
0.16062 1018.8
0.16063 1018.8
0.16064 1018.8
0.16065 1018.8
0.16066 1018.8
0.16067 1018.8
0.16068 1018.8
0.16069 1018.8
0.16070 1018.8
0.16071 1018.8
0.16072 1018.8
0.16073 1018.8
0.16074 1018.8
0.16075 1018.8
0.16076 1018.8
0.16077 1018.8
0.16078 1018.8
0.16079 1018.8
0.16080 1018.8
0.16081 1018.8
0.16082 1018.8
0.16083 1018.8
0.16084 1018.8
0.16085 1018.8
0.16086 1018.8
0.16087 1018.8
0.16088 1018.8
0.16089 1018.8
0.16090 1018.8
0.16091 1018.8
0.16092 1018.8
0.16093 1018.8
0.16094 1018.8
0.16095 1018.8
0.16096 1018.8
0.16097 1018.8
0.16098 1018.8
0.16099 1018.8
0.16100 1018.8
0.16101 1037.4
0.16102 1056.2
0.16103 1075.4
0.16104 1094.8
0.16105 1114.5
0.16106 1134.5
0.16107 1154.8
0.16108 1175.4
0.16109 1196.3
0.16110 1217.5
0.16111 1239.0
0.16112 1260.9
0.16113 1283.0
0.16114 1305.5
0.16115 1328.4
0.16116 1351.6
0.16117 1375.1
0.16118 1399.1
0.16119 1423.3
0.16120 1448.0
0.16121 1473.1
0.16122 1498.6
0.16123 1524.5
0.16124 1550.9
0.16125 1577.7
0.16126 1605.1
0.16127 1632.9
0.16128 1661.4
0.16129 1690.5
0.16130 1720.2
0.16131 1750.6
0.16132 1781.9
0.16133 1814.0
0.16134 1847.1
0.16135 1881.2
0.16136 1916.6
0.16137 1953.3
0.16138 1991.6
0.16139 2031.6
0.16140 2073.7
0.16141 2118.0
0.16142 2164.9
0.16143 2214.9
0.16144 2268.5
0.16145 2326.1
0.16146 2388.6
0.16147 2456.8
0.16148 2531.6
0.16149 2614.3
0.16150 2706.4
0.16151 2759.8
0.16152 2823.8
0.16153 2900.0
0.16154 2990.1
0.16155 3096.1
0.16156 3220.5
0.16157 3366.1
0.16158 3536.0
0.16159 3733.9
0.16160 3963.5
0.16161 4228.2
0.16162 4530.7
0.16163 4871.5
0.16164 5248.3
0.16165 5653.7
0.16166 6075.8
0.16167 6498.1
0.16168 6903.3
0.16169 7276.3
0.16170 7607.5
0.16171 7893.0
0.16172 8133.4
0.16173 8332.1
0.16174 8493.5
0.16175 8622.5
0.16176 8723.1
0.16177 8799.2
0.16178 8853.7
0.16179 8889.3
0.16180 8908.0
0.16181 8911.7
0.16182 8901.7
0.16183 8879.2
0.16184 8845.3
0.16185 8800.7
0.16186 8746.1
0.16187 8682.3
0.16188 8609.7
0.16189 8528.8
0.16190 8440.1
0.16191 8344.0
0.16192 8240.9
0.16193 8131.3
0.16194 8015.5
0.16195 7894.1
0.16196 7767.3
0.16197 7635.6
0.16198 7499.5
0.16199 7359.5
0.16200 7215.9
0.16201 7069.2
0.16202 6920.0
0.16203 6768.6
0.16204 6615.6
0.16205 6461.4
0.16206 6306.5
0.16207 6151.3
0.16208 5996.2
0.16209 5841.8
0.16210 5688.3
0.16211 5536.2
0.16212 5385.8
0.16213 5237.5
0.16214 5091.4
0.16215 4948.1
0.16216 4807.5
0.16217 4670.1
0.16218 4535.9
0.16219 4405.1
0.16220 4277.9
0.16221 4154.4
0.16222 4034.6
0.16223 3918.6
0.16224 3806.5
0.16225 3698.1
0.16226 3593.6
0.16227 3492.9
0.16228 3395.9
0.16229 3302.6
0.16230 3213.0
0.16231 3126.9
0.16232 3044.2
0.16233 2964.9
0.16234 2888.8
0.16235 2815.9
0.16236 2746.0
0.16237 2679.0
0.16238 2614.8
0.16239 2553.4
0.16240 2494.5
0.16241 2438.0
0.16242 2384.0
0.16243 2332.1
0.16244 2282.5
0.16245 2234.9
0.16246 2189.2
0.16247 2145.4
0.16248 2103.4
0.16249 2063.0
0.16250 2024.3
0.16251 1987.0
0.16252 1951.2
0.16253 1916.8
0.16254 1883.8
0.16255 1851.9
0.16256 1821.3
0.16257 1791.8
0.16258 1763.3
0.16259 1735.9
0.16260 1709.5
0.16261 1684.1
0.16262 1659.5
0.16263 1635.8
0.16264 1612.9
0.16265 1590.9
0.16266 1569.6
0.16267 1549.0
0.16268 1529.1
0.16269 1509.9
0.16270 1491.4
0.16271 1473.5
0.16272 1456.2
0.16273 1439.5
0.16274 1423.4
0.16275 1407.8
0.16276 1392.8
0.16277 1378.3
0.16278 1364.2
0.16279 1350.7
0.16280 1337.6
0.16281 1325.0
0.16282 1312.8
0.16283 1301.1
0.16284 1289.7
0.16285 1278.8
0.16286 1268.2
0.16287 1258.0
0.16288 1248.2
0.16289 1238.7
0.16290 1229.6
0.16291 1220.7
0.16292 1212.2
0.16293 1204.0
0.16294 1196.1
0.16295 1188.5
0.16296 1181.1
0.16297 1174.0
0.16298 1167.2
0.16299 1160.6
0.16300 1154.2
0.16301 1148.1
0.16302 1142.2
0.16303 1136.5
0.16304 1130.9
0.16305 1125.6
0.16306 1120.5
0.16307 1115.5
0.16308 1110.8
0.16309 1106.1
0.16310 1101.7
0.16311 1097.4
0.16312 1093.2
0.16313 1089.2
0.16314 1085.3
0.16315 1081.6
0.16316 1078.0
0.16317 1074.5
0.16318 1071.1
0.16319 1067.8
0.16320 1064.6
0.16321 1061.6
0.16322 1058.6
0.16323 1055.8
0.16324 1053.0
0.16325 1050.3
0.16326 1047.7
0.16327 1045.2
0.16328 1042.8
0.16329 1040.4
0.16330 1038.2
0.16331 1036.0
0.16332 1033.8
0.16333 1031.8
0.16334 1029.8
0.16335 1027.8
0.16336 1025.9
0.16337 1024.1
0.16338 1022.3
0.16339 1020.6
0.16340 1019.0
0.16341 1017.3
0.16342 1015.8
0.16343 1014.3
0.16344 1012.8
0.16345 1011.4
0.16346 1010.0
0.16347 1008.6
0.16348 1007.3
0.16349 1006.1
0.16350 1004.8
0.16351 1003.6
0.16352 1002.5
0.16353 1001.3
0.16354 1000.3
0.16355 999.2
0.16356 998.2
0.16357 997.2
0.16358 996.2
0.16359 995.2
0.16360 994.3
0.16361 993.4
0.16362 992.5
0.16363 991.7
0.16364 990.9
0.16365 990.1
0.16366 989.3
0.16367 988.5
0.16368 987.8
0.16369 987.1
0.16370 986.4
0.16371 985.7
0.16372 985.1
0.16373 984.4
0.16374 983.8
0.16375 983.2
0.16376 982.6
0.16377 982.0
0.16378 981.5
0.16379 980.9
0.16380 980.4
0.16381 979.9
0.16382 979.4
0.16383 978.9
0.16384 978.4
0.16385 978.0
0.16386 977.5
0.16387 977.1
0.16388 976.6
0.16389 976.2
0.16390 975.8
0.16391 975.4
0.16392 975.0
0.16393 974.7
0.16394 974.3
0.16395 974.0
0.16396 973.6
0.16397 973.3
0.16398 972.9
0.16399 972.6
0.16400 972.3
0.16401 972.0
0.16402 971.7
0.16403 971.4
0.16404 971.1
0.16405 970.9
0.16406 970.6
0.16407 970.3
0.16408 970.1
0.16409 969.8
0.16410 969.6
0.16411 969.4
0.16412 969.1
0.16413 968.9
0.16414 968.7
0.16415 968.5
0.16416 968.3
0.16417 968.1
0.16418 967.9
0.16419 967.7
0.16420 967.5
0.16421 967.3
0.16422 967.2
0.16423 967.0
0.16424 966.8
0.16425 966.7
0.16426 966.5
0.16427 966.4
0.16428 966.2
0.16429 966.1
0.16430 965.9
0.16431 965.8
0.16432 965.7
0.16433 965.5
0.16434 965.4
0.16435 965.3
0.16436 965.2
0.16437 965.0
0.16438 964.9
0.16439 964.8
0.16440 964.7
0.16441 964.6
0.16442 964.5
0.16443 964.4
0.16444 964.3
0.16445 964.2
0.16446 964.1
0.16447 964.0
0.16448 963.9
0.16449 963.9
0.16450 963.8
0.16451 963.7
0.16452 963.6
0.16453 963.6
0.16454 963.5
0.16455 963.4
0.16456 963.4
0.16457 963.3
0.16458 963.2
0.16459 963.2
0.16460 963.1
0.16461 963.1
0.16462 963.0
0.16463 962.9
0.16464 962.9
0.16465 962.8
0.16466 962.8
0.16467 962.8
0.16468 962.7
0.16469 962.7
0.16470 962.6
0.16471 962.6
0.16472 962.6
0.16473 962.5
0.16474 962.5
0.16475 962.4
0.16476 962.4
0.16477 962.4
0.16478 962.4
0.16479 962.3
0.16480 962.3
0.16481 962.3
0.16482 962.3
0.16483 962.2
0.16484 962.2
0.16485 962.2
0.16486 962.2
0.16487 962.2
0.16488 962.1
0.16489 962.1
0.16490 962.1
0.16491 962.1
0.16492 962.1
0.16493 962.1
0.16494 962.1
0.16495 962.1
0.16496 962.0
0.16497 962.0
0.16498 962.0
0.16499 962.0
0.16500 962.0
0.16501 962.0
0.16502 962.0
0.16503 962.0
0.16504 962.0
0.16505 962.0
0.16506 962.0
0.16507 962.0
0.16508 962.0
0.16509 962.0
0.16510 962.0
0.16511 962.0
0.16512 962.0
0.16513 962.0
0.16514 962.1
0.16515 962.1
0.16516 962.1
0.16517 962.1
0.16518 962.1
0.16519 962.1
0.16520 962.1
0.16521 962.1
0.16522 962.1
0.16523 962.1
0.16524 962.2
0.16525 962.2
0.16526 962.2
0.16527 962.2
0.16528 962.2
0.16529 962.2
0.16530 962.3
0.16531 962.3
0.16532 962.3
0.16533 962.3
0.16534 962.3
0.16535 962.3
0.16536 962.4
0.16537 962.4
0.16538 962.4
0.16539 962.4
0.16540 962.5
0.16541 962.5
0.16542 962.5
0.16543 962.5
0.16544 962.5
0.16545 962.6
0.16546 962.6
0.16547 962.6
0.16548 962.6
0.16549 962.7
0.16550 962.7
0.16551 962.7
0.16552 962.8
0.16553 962.8
0.16554 962.8
0.16555 962.8
0.16556 962.9
0.16557 962.9
0.16558 962.9
0.16559 963.0
0.16560 963.0
0.16561 963.0
0.16562 963.0
0.16563 963.1
0.16564 963.1
0.16565 963.1
0.16566 963.2
0.16567 963.2
0.16568 963.2
0.16569 963.3
0.16570 963.3
0.16571 963.3
0.16572 963.4
0.16573 963.4
0.16574 963.4
0.16575 963.5
0.16576 963.5
0.16577 963.6
0.16578 963.6
0.16579 963.6
0.16580 963.7
0.16581 963.7
0.16582 963.7
0.16583 963.8
0.16584 963.8
0.16585 963.8
0.16586 963.9
0.16587 963.9
0.16588 964.0
0.16589 964.0
0.16590 964.0
0.16591 964.1
0.16592 964.1
0.16593 964.2
0.16594 964.2
0.16595 964.2
0.16596 964.3
0.16597 964.3
0.16598 964.4
0.16599 964.4
0.16600 964.4
0.16601 964.5
0.16602 964.5
0.16603 964.6
0.16604 964.6
0.16605 964.7
0.16606 964.7
0.16607 964.7
0.16608 964.8
0.16609 964.8
0.16610 964.9
0.16611 964.9
0.16612 965.0
0.16613 965.0
0.16614 965.0
0.16615 965.1
0.16616 965.1
0.16617 965.2
0.16618 965.2
0.16619 965.3
0.16620 965.3
0.16621 965.4
0.16622 965.4
0.16623 965.4
0.16624 965.5
0.16625 965.5
0.16626 965.6
0.16627 965.6
0.16628 965.7
0.16629 965.7
0.16630 965.8
0.16631 965.8
0.16632 965.9
0.16633 965.9
0.16634 966.0
0.16635 966.0
0.16636 966.1
0.16637 966.1
0.16638 966.1
0.16639 966.2
0.16640 966.2
0.16641 966.3
0.16642 966.3
0.16643 966.4
0.16644 966.4
0.16645 966.5
0.16646 966.5
0.16647 966.6
0.16648 966.6
0.16649 966.7
0.16650 966.7
0.16651 966.8
0.16652 966.8
0.16653 966.9
0.16654 966.9
0.16655 967.0
0.16656 967.0
0.16657 967.1
0.16658 967.1
0.16659 967.2
0.16660 967.2
0.16661 967.3
0.16662 967.3
0.16663 967.4
0.16664 967.4
0.16665 967.5
0.16666 967.5
0.16667 967.6
0.16668 967.6
0.16669 967.7
0.16670 967.7
0.16671 967.8
0.16672 967.8
0.16673 967.9
0.16674 967.9
0.16675 968.0
0.16676 968.1
0.16677 968.1
0.16678 968.2
0.16679 968.2
0.16680 968.3
0.16681 968.3
0.16682 968.4
0.16683 968.4
0.16684 968.5
0.16685 968.5
0.16686 968.6
0.16687 968.6
0.16688 968.7
0.16689 968.7
0.16690 968.8
0.16691 968.8
0.16692 968.9
0.16693 968.9
0.16694 969.0
0.16695 969.1
0.16696 969.1
0.16697 969.2
0.16698 969.2
0.16699 969.3
0.16700 969.3
0.16701 969.4
0.16702 969.4
0.16703 969.5
0.16704 969.5
0.16705 969.6
0.16706 969.6
0.16707 969.7
0.16708 969.8
0.16709 969.8
0.16710 969.9
0.16711 969.9
0.16712 970.0
0.16713 970.0
0.16714 970.1
0.16715 970.1
0.16716 970.2
0.16717 970.2
0.16718 970.3
0.16719 970.4
0.16720 970.4
0.16721 970.5
0.16722 970.5
0.16723 970.6
0.16724 970.6
0.16725 970.7
0.16726 970.7
0.16727 970.8
0.16728 970.9
0.16729 970.9
0.16730 971.0
0.16731 971.0
0.16732 971.1
0.16733 971.1
0.16734 971.2
0.16735 971.2
0.16736 971.3
0.16737 971.4
0.16738 971.4
0.16739 971.5
0.16740 971.5
0.16741 971.6
0.16742 971.6
0.16743 971.7
0.16744 971.7
0.16745 971.8
0.16746 971.9
0.16747 971.9
0.16748 972.0
0.16749 972.0
0.16750 972.1
0.16751 972.1
0.16752 972.2
0.16753 972.3
0.16754 972.3
0.16755 972.4
0.16756 972.4
0.16757 972.5
0.16758 972.5
0.16759 972.6
0.16760 972.6
0.16761 972.7
0.16762 972.8
0.16763 972.8
0.16764 972.9
0.16765 972.9
0.16766 973.0
0.16767 973.0
0.16768 973.1
0.16769 973.2
0.16770 973.2
0.16771 973.3
0.16772 973.3
0.16773 973.4
0.16774 973.4
0.16775 973.5
0.16776 973.6
0.16777 973.6
0.16778 973.7
0.16779 973.7
0.16780 973.8
0.16781 973.8
0.16782 973.9
0.16783 973.9
0.16784 974.0
0.16785 974.1
0.16786 974.1
0.16787 974.2
0.16788 974.2
0.16789 974.3
0.16790 974.3
0.16791 974.4
0.16792 974.5
0.16793 974.5
0.16794 974.6
0.16795 974.6
0.16796 974.7
0.16797 974.7
0.16798 974.8
0.16799 974.9
0.16800 974.9
0.16801 975.0
0.16802 975.0
0.16803 975.1
0.16804 975.1
0.16805 975.2
0.16806 975.3
0.16807 975.3
0.16808 975.4
0.16809 975.4
0.16810 975.5
0.16811 975.5
0.16812 975.6
0.16813 975.7
0.16814 975.7
0.16815 975.8
0.16816 975.8
0.16817 975.9
0.16818 975.9
0.16819 976.0
0.16820 976.1
0.16821 976.1
0.16822 976.2
0.16823 976.2
0.16824 976.3
0.16825 976.3
0.16826 976.4
0.16827 976.5
0.16828 976.5
0.16829 976.6
0.16830 976.6
0.16831 976.7
0.16832 976.7
0.16833 976.8
0.16834 976.9
0.16835 976.9
0.16836 977.0
0.16837 977.0
0.16838 977.1
0.16839 977.1
0.16840 977.2
0.16841 977.3
0.16842 977.3
0.16843 977.4
0.16844 977.4
0.16845 977.5
0.16846 977.5
0.16847 977.6
0.16848 977.6
0.16849 977.7
0.16850 977.8
0.16851 977.8
0.16852 977.9
0.16853 977.9
0.16854 978.0
0.16855 978.0
0.16856 978.1
0.16857 978.2
0.16858 978.2
0.16859 978.3
0.16860 978.3
0.16861 978.4
0.16862 978.4
0.16863 978.5
0.16864 978.6
0.16865 978.6
0.16866 978.7
0.16867 978.7
0.16868 978.8
0.16869 978.8
0.16870 978.9
0.16871 979.0
0.16872 979.0
0.16873 979.1
0.16874 979.1
0.16875 979.2
0.16876 979.2
0.16877 979.3
0.16878 979.3
0.16879 979.4
0.16880 979.5
0.16881 979.5
0.16882 979.6
0.16883 979.6
0.16884 979.7
0.16885 979.7
0.16886 979.8
0.16887 979.8
0.16888 979.9
0.16889 980.0
0.16890 980.0
0.16891 980.1
0.16892 980.1
0.16893 980.2
0.16894 980.2
0.16895 980.3
0.16896 980.4
0.16897 980.4
0.16898 980.5
0.16899 980.5
0.16900 980.6
0.16901 980.6
0.16902 980.7
0.16903 980.7
0.16904 980.8
0.16905 980.9
0.16906 980.9
0.16907 981.0
0.16908 981.0
0.16909 981.1
0.16910 981.1
0.16911 981.2
0.16912 981.2
0.16913 981.3
0.16914 981.4
0.16915 981.4
0.16916 981.5
0.16917 981.5
0.16918 981.6
0.16919 981.6
0.16920 981.7
0.16921 981.7
0.16922 981.8
0.16923 981.8
0.16924 981.9
0.16925 982.0
0.16926 982.0
0.16927 982.1
0.16928 982.1
0.16929 982.2
0.16930 982.2
0.16931 982.3
0.16932 982.3
0.16933 982.4
0.16934 982.4
0.16935 982.5
0.16936 982.6
0.16937 982.6
0.16938 982.7
0.16939 982.7
0.16940 982.8
0.16941 982.8
0.16942 982.9
0.16943 982.9
0.16944 983.0
0.16945 983.0
0.16946 983.1
0.16947 983.2
0.16948 983.2
0.16949 983.3
0.16950 983.3
0.16951 983.4
0.16952 983.4
0.16953 983.5
0.16954 983.5
0.16955 983.6
0.16956 983.6
0.16957 983.7
0.16958 983.7
0.16959 983.8
0.16960 983.9
0.16961 983.9
0.16962 984.0
0.16963 984.0
0.16964 984.1
0.16965 984.1
0.16966 984.2
0.16967 984.2
0.16968 984.3
0.16969 984.3
0.16970 984.4
0.16971 984.4
0.16972 984.5
0.16973 984.5
0.16974 984.6
0.16975 984.6
0.16976 984.7
0.16977 984.8
0.16978 984.8
0.16979 984.9
0.16980 984.9
0.16981 985.0
0.16982 985.0
0.16983 985.1
0.16984 985.1
0.16985 985.2
0.16986 985.2
0.16987 985.3
0.16988 985.3
0.16989 985.4
0.16990 985.4
0.16991 985.5
0.16992 985.5
0.16993 985.6
0.16994 985.6
0.16995 985.7
0.16996 985.7
0.16997 985.8
0.16998 985.9
0.16999 985.9
0.17000 986.0
0.17001 986.0
0.17002 986.1
0.17003 986.1
0.17004 986.2
0.17005 986.2
0.17006 986.3
0.17007 986.3
0.17008 986.4
0.17009 986.4
0.17010 986.5
0.17011 986.5
0.17012 986.6
0.17013 986.6
0.17014 986.7
0.17015 986.7
0.17016 986.8
0.17017 986.8
0.17018 986.9
0.17019 986.9
0.17020 987.0
0.17021 987.0
0.17022 987.1
0.17023 987.1
0.17024 987.2
0.17025 987.2
0.17026 987.3
0.17027 987.3
0.17028 987.4
0.17029 987.4
0.17030 987.5
0.17031 987.5
0.17032 987.6
0.17033 987.6
0.17034 987.7
0.17035 987.7
0.17036 987.8
0.17037 987.8
0.17038 987.9
0.17039 987.9
0.17040 988.0
0.17041 988.0
0.17042 988.1
0.17043 988.1
0.17044 988.2
0.17045 988.2
0.17046 988.3
0.17047 988.3
0.17048 988.4
0.17049 988.4
0.17050 988.5
0.17051 988.5
0.17052 988.6
0.17053 988.6
0.17054 988.7
0.17055 988.7
0.17056 988.8
0.17057 988.8
0.17058 988.9
0.17059 988.9
0.17060 989.0
0.17061 989.0
0.17062 989.1
0.17063 989.1
0.17064 989.2
0.17065 989.2
0.17066 989.3
0.17067 989.3
0.17068 989.3
0.17069 989.4
0.17070 989.4
0.17071 989.5
0.17072 989.5
0.17073 989.6
0.17074 989.6
0.17075 989.7
0.17076 989.7
0.17077 989.8
0.17078 989.8
0.17079 989.9
0.17080 989.9
0.17081 990.0
0.17082 990.0
0.17083 990.1
0.17084 990.1
0.17085 990.2
0.17086 990.2
0.17087 990.3
0.17088 990.3
0.17089 990.3
0.17090 990.4
0.17091 990.4
0.17092 990.5
0.17093 990.5
0.17094 990.6
0.17095 990.6
0.17096 990.7
0.17097 990.7
0.17098 990.8
0.17099 990.8
0.17100 990.9
0.17101 990.9
0.17102 991.0
0.17103 991.0
0.17104 991.0
0.17105 991.1
0.17106 991.1
0.17107 991.2
0.17108 991.2
0.17109 991.3
0.17110 991.3
0.17111 991.4
0.17112 991.4
0.17113 991.5
0.17114 991.5
0.17115 991.6
0.17116 991.6
0.17117 991.6
0.17118 991.7
0.17119 991.7
0.17120 991.8
0.17121 991.8
0.17122 991.9
0.17123 991.9
0.17124 992.0
0.17125 992.0
0.17126 992.0
0.17127 992.1
0.17128 992.1
0.17129 992.2
0.17130 992.2
0.17131 992.3
0.17132 992.3
0.17133 992.4
0.17134 992.4
0.17135 992.4
0.17136 992.5
0.17137 992.5
0.17138 992.6
0.17139 992.6
0.17140 992.7
0.17141 992.7
0.17142 992.8
0.17143 992.8
0.17144 992.8
0.17145 992.9
0.17146 992.9
0.17147 993.0
0.17148 993.0
0.17149 993.1
0.17150 993.1
0.17151 993.2
0.17152 993.2
0.17153 993.2
0.17154 993.3
0.17155 993.3
0.17156 993.4
0.17157 993.4
0.17158 993.5
0.17159 993.5
0.17160 993.5
0.17161 993.6
0.17162 993.6
0.17163 993.7
0.17164 993.7
0.17165 993.8
0.17166 993.8
0.17167 993.8
0.17168 993.9
0.17169 993.9
0.17170 994.0
0.17171 994.0
0.17172 994.1
0.17173 994.1
0.17174 994.1
0.17175 994.2
0.17176 994.2
0.17177 994.3
0.17178 994.3
0.17179 994.3
0.17180 994.4
0.17181 994.4
0.17182 994.5
0.17183 994.5
0.17184 994.6
0.17185 994.6
0.17186 994.6
0.17187 994.7
0.17188 994.7
0.17189 994.8
0.17190 994.8
0.17191 994.8
0.17192 994.9
0.17193 994.9
0.17194 995.0
0.17195 995.0
0.17196 995.0
0.17197 995.1
0.17198 995.1
0.17199 995.2
0.17200 995.2
0.17201 995.2
0.17202 995.3
0.17203 995.3
0.17204 995.4
0.17205 995.4
0.17206 995.5
0.17207 995.5
0.17208 995.5
0.17209 995.6
0.17210 995.6
0.17211 995.7
0.17212 995.7
0.17213 995.7
0.17214 995.8
0.17215 995.8
0.17216 995.9
0.17217 995.9
0.17218 995.9
0.17219 996.0
0.17220 996.0
0.17221 996.0
0.17222 996.1
0.17223 996.1
0.17224 996.2
0.17225 996.2
0.17226 996.2
0.17227 996.3
0.17228 996.3
0.17229 996.4
0.17230 996.4
0.17231 996.4
0.17232 996.5
0.17233 996.5
0.17234 996.6
0.17235 996.6
0.17236 996.6
0.17237 996.7
0.17238 996.7
0.17239 996.7
0.17240 996.8
0.17241 996.8
0.17242 996.9
0.17243 996.9
0.17244 996.9
0.17245 997.0
0.17246 997.0
0.17247 997.1
0.17248 997.1
0.17249 997.1
0.17250 997.2
0.17251 997.2
0.17252 997.2
0.17253 997.3
0.17254 997.3
0.17255 997.4
0.17256 997.4
0.17257 997.4
0.17258 997.5
0.17259 997.5
0.17260 997.5
0.17261 997.6
0.17262 997.6
0.17263 997.6
0.17264 997.7
0.17265 997.7
0.17266 997.8
0.17267 997.8
0.17268 997.8
0.17269 997.9
0.17270 997.9
0.17271 997.9
0.17272 998.0
0.17273 998.0
0.17274 998.1
0.17275 998.1
0.17276 998.1
0.17277 998.2
0.17278 998.2
0.17279 998.2
0.17280 998.3
0.17281 998.3
0.17282 998.3
0.17283 998.4
0.17284 998.4
0.17285 998.4
0.17286 998.5
0.17287 998.5
0.17288 998.6
0.17289 998.6
0.17290 998.6
0.17291 998.7
0.17292 998.7
0.17293 998.7
0.17294 998.8
0.17295 998.8
0.17296 998.8
0.17297 998.9
0.17298 998.9
0.17299 998.9
0.17300 999.0
0.17301 999.0
0.17302 999.0
0.17303 999.1
0.17304 999.1
0.17305 999.2
0.17306 999.2
0.17307 999.2
0.17308 999.3
0.17309 999.3
0.17310 999.3
0.17311 999.4
0.17312 999.4
0.17313 999.4
0.17314 999.5
0.17315 999.5
0.17316 999.5
0.17317 999.6
0.17318 999.6
0.17319 999.6
0.17320 999.7
0.17321 999.7
0.17322 999.7
0.17323 999.8
0.17324 999.8
0.17325 999.8
0.17326 999.9
0.17327 999.9
0.17328 999.9
0.17329 1000.0
0.17330 1000.0
0.17331 1000.0
0.17332 1000.1
0.17333 1000.1
0.17334 1000.1
0.17335 1000.2
0.17336 1000.2
0.17337 1000.2
0.17338 1000.3
0.17339 1000.3
0.17340 1000.3
0.17341 1000.4
0.17342 1000.4
0.17343 1000.4
0.17344 1000.5
0.17345 1000.5
0.17346 1000.5
0.17347 1000.6
0.17348 1000.6
0.17349 1000.6
0.17350 1000.7
0.17351 1000.7
0.17352 1000.7
0.17353 1000.7
0.17354 1000.8
0.17355 1000.8
0.17356 1000.8
0.17357 1000.9
0.17358 1000.9
0.17359 1000.9
0.17360 1001.0
0.17361 1001.0
0.17362 1001.0
0.17363 1001.1
0.17364 1001.1
0.17365 1001.1
0.17366 1001.2
0.17367 1001.2
0.17368 1001.2
0.17369 1001.3
0.17370 1001.3
0.17371 1001.3
0.17372 1001.3
0.17373 1001.4
0.17374 1001.4
0.17375 1001.4
0.17376 1001.5
0.17377 1001.5
0.17378 1001.5
0.17379 1001.6
0.17380 1001.6
0.17381 1001.6
0.17382 1001.7
0.17383 1001.7
0.17384 1001.7
0.17385 1001.7
0.17386 1001.8
0.17387 1001.8
0.17388 1001.8
0.17389 1001.9
0.17390 1001.9
0.17391 1001.9
0.17392 1002.0
0.17393 1002.0
0.17394 1002.0
0.17395 1002.0
0.17396 1002.1
0.17397 1002.1
0.17398 1002.1
0.17399 1002.2
0.17400 1002.2
0.17401 1002.2
0.17402 1002.3
0.17403 1002.3
0.17404 1002.3
0.17405 1002.3
0.17406 1002.4
0.17407 1002.4
0.17408 1002.4
0.17409 1002.5
0.17410 1002.5
0.17411 1002.5
0.17412 1002.5
0.17413 1002.6
0.17414 1002.6
0.17415 1002.6
0.17416 1002.7
0.17417 1002.7
0.17418 1002.7
0.17419 1002.7
0.17420 1002.8
0.17421 1002.8
0.17422 1002.8
0.17423 1002.9
0.17424 1002.9
0.17425 1002.9
0.17426 1002.9
0.17427 1003.0
0.17428 1003.0
0.17429 1003.0
0.17430 1003.1
0.17431 1003.1
0.17432 1003.1
0.17433 1003.1
0.17434 1003.2
0.17435 1003.2
0.17436 1003.2
0.17437 1003.3
0.17438 1003.3
0.17439 1003.3
0.17440 1003.3
0.17441 1003.4
0.17442 1003.4
0.17443 1003.4
0.17444 1003.4
0.17445 1003.5
0.17446 1003.5
0.17447 1003.5
0.17448 1003.6
0.17449 1003.6
0.17450 1003.6
0.17451 1003.6
0.17452 1003.7
0.17453 1003.7
0.17454 1003.7
0.17455 1003.7
0.17456 1003.8
0.17457 1003.8
0.17458 1003.8
0.17459 1003.9
0.17460 1003.9
0.17461 1003.9
0.17462 1003.9
0.17463 1004.0
0.17464 1004.0
0.17465 1004.0
0.17466 1004.0
0.17467 1004.1
0.17468 1004.1
0.17469 1004.1
0.17470 1004.1
0.17471 1004.2
0.17472 1004.2
0.17473 1004.2
0.17474 1004.2
0.17475 1004.3
0.17476 1004.3
0.17477 1004.3
0.17478 1004.3
0.17479 1004.4
0.17480 1004.4
0.17481 1004.4
0.17482 1004.5
0.17483 1004.5
0.17484 1004.5
0.17485 1004.5
0.17486 1004.6
0.17487 1004.6
0.17488 1004.6
0.17489 1004.6
0.17490 1004.7
0.17491 1004.7
0.17492 1004.7
0.17493 1004.7
0.17494 1004.8
0.17495 1004.8
0.17496 1004.8
0.17497 1004.8
0.17498 1004.9
0.17499 1004.9
0.17500 1004.9
0.17501 1004.9
0.17502 1005.0
0.17503 1005.0
0.17504 1005.0
0.17505 1005.0
0.17506 1005.1
0.17507 1005.1
0.17508 1005.1
0.17509 1005.1
0.17510 1005.2
0.17511 1005.2
0.17512 1005.2
0.17513 1005.2
0.17514 1005.2
0.17515 1005.3
0.17516 1005.3
0.17517 1005.3
0.17518 1005.3
0.17519 1005.4
0.17520 1005.4
0.17521 1005.4
0.17522 1005.4
0.17523 1005.5
0.17524 1005.5
0.17525 1005.5
0.17526 1005.5
0.17527 1005.6
0.17528 1005.6
0.17529 1005.6
0.17530 1005.6
0.17531 1005.7
0.17532 1005.7
0.17533 1005.7
0.17534 1005.7
0.17535 1005.7
0.17536 1005.8
0.17537 1005.8
0.17538 1005.8
0.17539 1005.8
0.17540 1005.9
0.17541 1005.9
0.17542 1005.9
0.17543 1005.9
0.17544 1006.0
0.17545 1006.0
0.17546 1006.0
0.17547 1006.0
0.17548 1006.0
0.17549 1006.1
0.17550 1006.1
0.17551 1006.1
0.17552 1006.1
0.17553 1006.2
0.17554 1006.2
0.17555 1006.2
0.17556 1006.2
0.17557 1006.2
0.17558 1006.3
0.17559 1006.3
0.17560 1006.3
0.17561 1006.3
0.17562 1006.4
0.17563 1006.4
0.17564 1006.4
0.17565 1006.4
0.17566 1006.4
0.17567 1006.5
0.17568 1006.5
0.17569 1006.5
0.17570 1006.5
0.17571 1006.6
0.17572 1006.6
0.17573 1006.6
0.17574 1006.6
0.17575 1006.6
0.17576 1006.7
0.17577 1006.7
0.17578 1006.7
0.17579 1006.7
0.17580 1006.8
0.17581 1006.8
0.17582 1006.8
0.17583 1006.8
0.17584 1006.8
0.17585 1006.9
0.17586 1006.9
0.17587 1006.9
0.17588 1006.9
0.17589 1006.9
0.17590 1007.0
0.17591 1007.0
0.17592 1007.0
0.17593 1007.0
0.17594 1007.1
0.17595 1007.1
0.17596 1007.1
0.17597 1007.1
0.17598 1007.1
0.17599 1007.2
0.17600 1007.2
0.17601 1007.2
0.17602 1007.2
0.17603 1007.2
0.17604 1007.3
0.17605 1007.3
0.17606 1007.3
0.17607 1007.3
0.17608 1007.3
0.17609 1007.4
0.17610 1007.4
0.17611 1007.4
0.17612 1007.4
0.17613 1007.4
0.17614 1007.5
0.17615 1007.5
0.17616 1007.5
0.17617 1007.5
0.17618 1007.5
0.17619 1007.6
0.17620 1007.6
0.17621 1007.6
0.17622 1007.6
0.17623 1007.6
0.17624 1007.7
0.17625 1007.7
0.17626 1007.7
0.17627 1007.7
0.17628 1007.7
0.17629 1007.8
0.17630 1007.8
0.17631 1007.8
0.17632 1007.8
0.17633 1007.8
0.17634 1007.9
0.17635 1007.9
0.17636 1007.9
0.17637 1007.9
0.17638 1007.9
0.17639 1008.0
0.17640 1008.0
0.17641 1008.0
0.17642 1008.0
0.17643 1008.0
0.17644 1008.1
0.17645 1008.1
0.17646 1008.1
0.17647 1008.1
0.17648 1008.1
0.17649 1008.1
0.17650 1008.2
0.17651 1008.2
0.17652 1008.2
0.17653 1008.2
0.17654 1008.2
0.17655 1008.3
0.17656 1008.3
0.17657 1008.3
0.17658 1008.3
0.17659 1008.3
0.17660 1008.4
0.17661 1008.4
0.17662 1008.4
0.17663 1008.4
0.17664 1008.4
0.17665 1008.4
0.17666 1008.5
0.17667 1008.5
0.17668 1008.5
0.17669 1008.5
0.17670 1008.5
0.17671 1008.6
0.17672 1008.6
0.17673 1008.6
0.17674 1008.6
0.17675 1008.6
0.17676 1008.6
0.17677 1008.7
0.17678 1008.7
0.17679 1008.7
0.17680 1008.7
0.17681 1008.7
0.17682 1008.8
0.17683 1008.8
0.17684 1008.8
0.17685 1008.8
0.17686 1008.8
0.17687 1008.8
0.17688 1008.9
0.17689 1008.9
0.17690 1008.9
0.17691 1008.9
0.17692 1008.9
0.17693 1008.9
0.17694 1009.0
0.17695 1009.0
0.17696 1009.0
0.17697 1009.0
0.17698 1009.0
0.17699 1009.0
0.17700 1009.1
0.17701 1009.1
0.17702 1009.1
0.17703 1009.1
0.17704 1009.1
0.17705 1009.2
0.17706 1009.2
0.17707 1009.2
0.17708 1009.2
0.17709 1009.2
0.17710 1009.2
0.17711 1009.3
0.17712 1009.3
0.17713 1009.3
0.17714 1009.3
0.17715 1009.3
0.17716 1009.3
0.17717 1009.4
0.17718 1009.4
0.17719 1009.4
0.17720 1009.4
0.17721 1009.4
0.17722 1009.4
0.17723 1009.5
0.17724 1009.5
0.17725 1009.5
0.17726 1009.5
0.17727 1009.5
0.17728 1009.5
0.17729 1009.6
0.17730 1009.6
0.17731 1009.6
0.17732 1009.6
0.17733 1009.6
0.17734 1009.6
0.17735 1009.6
0.17736 1009.7
0.17737 1009.7
0.17738 1009.7
0.17739 1009.7
0.17740 1009.7
0.17741 1009.7
0.17742 1009.8
0.17743 1009.8
0.17744 1009.8
0.17745 1009.8
0.17746 1009.8
0.17747 1009.8
0.17748 1009.9
0.17749 1009.9
0.17750 1009.9
0.17751 1009.9
0.17752 1009.9
0.17753 1009.9
0.17754 1009.9
0.17755 1010.0
0.17756 1010.0
0.17757 1010.0
0.17758 1010.0
0.17759 1010.0
0.17760 1010.0
0.17761 1010.1
0.17762 1010.1
0.17763 1010.1
0.17764 1010.1
0.17765 1010.1
0.17766 1010.1
0.17767 1010.1
0.17768 1010.2
0.17769 1010.2
0.17770 1010.2
0.17771 1010.2
0.17772 1010.2
0.17773 1010.2
0.17774 1010.3
0.17775 1010.3
0.17776 1010.3
0.17777 1010.3
0.17778 1010.3
0.17779 1010.3
0.17780 1010.3
0.17781 1010.4
0.17782 1010.4
0.17783 1010.4
0.17784 1010.4
0.17785 1010.4
0.17786 1010.4
0.17787 1010.4
0.17788 1010.5
0.17789 1010.5
0.17790 1010.5
0.17791 1010.5
0.17792 1010.5
0.17793 1010.5
0.17794 1010.5
0.17795 1010.6
0.17796 1010.6
0.17797 1010.6
0.17798 1010.6
0.17799 1010.6
0.17800 1010.6
0.17801 1010.6
0.17802 1010.7
0.17803 1010.7
0.17804 1010.7
0.17805 1010.7
0.17806 1010.7
0.17807 1010.7
0.17808 1010.7
0.17809 1010.8
0.17810 1010.8
0.17811 1010.8
0.17812 1010.8
0.17813 1010.8
0.17814 1010.8
0.17815 1010.8
0.17816 1010.9
0.17817 1010.9
0.17818 1010.9
0.17819 1010.9
0.17820 1010.9
0.17821 1010.9
0.17822 1010.9
0.17823 1011.0
0.17824 1011.0
0.17825 1011.0
0.17826 1011.0
0.17827 1011.0
0.17828 1011.0
0.17829 1011.0
0.17830 1011.0
0.17831 1011.1
0.17832 1011.1
0.17833 1011.1
0.17834 1011.1
0.17835 1011.1
0.17836 1011.1
0.17837 1011.1
0.17838 1011.2
0.17839 1011.2
0.17840 1011.2
0.17841 1011.2
0.17842 1011.2
0.17843 1011.2
0.17844 1011.2
0.17845 1011.2
0.17846 1011.3
0.17847 1011.3
0.17848 1011.3
0.17849 1011.3
0.17850 1011.3
0.17851 1011.3
0.17852 1011.3
0.17853 1011.3
0.17854 1011.4
0.17855 1011.4
0.17856 1011.4
0.17857 1011.4
0.17858 1011.4
0.17859 1011.4
0.17860 1011.4
0.17861 1011.5
0.17862 1011.5
0.17863 1011.5
0.17864 1011.5
0.17865 1011.5
0.17866 1011.5
0.17867 1011.5
0.17868 1011.5
0.17869 1011.6
0.17870 1011.6
0.17871 1011.6
0.17872 1011.6
0.17873 1011.6
0.17874 1011.6
0.17875 1011.6
0.17876 1011.6
0.17877 1011.7
0.17878 1011.7
0.17879 1011.7
0.17880 1011.7
0.17881 1011.7
0.17882 1011.7
0.17883 1011.7
0.17884 1011.7
0.17885 1011.7
0.17886 1011.8
0.17887 1011.8
0.17888 1011.8
0.17889 1011.8
0.17890 1011.8
0.17891 1011.8
0.17892 1011.8
0.17893 1011.8
0.17894 1011.9
0.17895 1011.9
0.17896 1011.9
0.17897 1011.9
0.17898 1011.9
0.17899 1011.9
0.17900 1011.9
0.17901 1011.9
0.17902 1012.0
0.17903 1012.0
0.17904 1012.0
0.17905 1012.0
0.17906 1012.0
0.17907 1012.0
0.17908 1012.0
0.17909 1012.0
0.17910 1012.0
0.17911 1012.1
0.17912 1012.1
0.17913 1012.1
0.17914 1012.1
0.17915 1012.1
0.17916 1012.1
0.17917 1012.1
0.17918 1012.1
0.17919 1012.1
0.17920 1012.2
0.17921 1012.2
0.17922 1012.2
0.17923 1012.2
0.17924 1012.2
0.17925 1012.2
0.17926 1012.2
0.17927 1012.2
0.17928 1012.3
0.17929 1012.3
0.17930 1012.3
0.17931 1012.3
0.17932 1012.3
0.17933 1012.3
0.17934 1012.3
0.17935 1012.3
0.17936 1012.3
0.17937 1012.3
0.17938 1012.4
0.17939 1012.4
0.17940 1012.4
0.17941 1012.4
0.17942 1012.4
0.17943 1012.4
0.17944 1012.4
0.17945 1012.4
0.17946 1012.4
0.17947 1012.5
0.17948 1012.5
0.17949 1012.5
0.17950 1012.5
0.17951 1012.5
0.17952 1012.5
0.17953 1012.5
0.17954 1012.5
0.17955 1012.5
0.17956 1012.6
0.17957 1012.6
0.17958 1012.6
0.17959 1012.6
0.17960 1012.6
0.17961 1012.6
0.17962 1012.6
0.17963 1012.6
0.17964 1012.6
0.17965 1012.6
0.17966 1012.7
0.17967 1012.7
0.17968 1012.7
0.17969 1012.7
0.17970 1012.7
0.17971 1012.7
0.17972 1012.7
0.17973 1012.7
0.17974 1012.7
0.17975 1012.8
0.17976 1012.8
0.17977 1012.8
0.17978 1012.8
0.17979 1012.8
0.17980 1012.8
0.17981 1012.8
0.17982 1012.8
0.17983 1012.8
0.17984 1012.8
0.17985 1012.9
0.17986 1012.9
0.17987 1012.9
0.17988 1012.9
0.17989 1012.9
0.17990 1012.9
0.17991 1012.9
0.17992 1012.9
0.17993 1012.9
0.17994 1012.9
0.17995 1013.0
0.17996 1013.0
0.17997 1013.0
0.17998 1013.0
0.17999 1013.0
0.18000 1018.8
0.18001 1018.8
0.18002 1018.8
0.18003 1018.8
0.18004 1018.8
0.18005 1018.8
0.18006 1018.8
0.18007 1018.8
0.18008 1018.8
0.18009 1018.8
0.18010 1018.8
0.18011 1018.8
0.18012 1018.8
0.18013 1018.8
0.18014 1018.8
0.18015 1018.8
0.18016 1018.8
0.18017 1018.8
0.18018 1018.8
0.18019 1018.8
0.18020 1018.8
0.18021 1018.8
0.18022 1018.8
0.18023 1018.8
0.18024 1018.8
0.18025 1018.8
0.18026 1018.8
0.18027 1018.8
0.18028 1018.8
0.18029 1018.8
0.18030 1018.8
0.18031 1018.8
0.18032 1018.8
0.18033 1018.8
0.18034 1018.8
0.18035 1018.8
0.18036 1018.8
0.18037 1018.8
0.18038 1018.8
0.18039 1018.8
0.18040 1018.8
0.18041 1018.8
0.18042 1018.8
0.18043 1018.8
0.18044 1018.8
0.18045 1018.8
0.18046 1018.8
0.18047 1018.8
0.18048 1018.8
0.18049 1018.8
0.18050 1018.8
0.18051 1018.8
0.18052 1018.8
0.18053 1018.8
0.18054 1018.8
0.18055 1018.8
0.18056 1018.8
0.18057 1018.8
0.18058 1018.8
0.18059 1018.8
0.18060 1018.8
0.18061 1018.8
0.18062 1018.8
0.18063 1018.8
0.18064 1018.8
0.18065 1018.8
0.18066 1018.8
0.18067 1018.8
0.18068 1018.8
0.18069 1018.8
0.18070 1018.8
0.18071 1018.8
0.18072 1018.8
0.18073 1018.8
0.18074 1018.8
0.18075 1018.8
0.18076 1018.8
0.18077 1018.8
0.18078 1018.8
0.18079 1018.8
0.18080 1018.8
0.18081 1018.8
0.18082 1018.8
0.18083 1018.8
0.18084 1018.8
0.18085 1018.8
0.18086 1018.8
0.18087 1018.8
0.18088 1018.8
0.18089 1018.8
0.18090 1018.8
0.18091 1018.8
0.18092 1018.8
0.18093 1018.8
0.18094 1018.8
0.18095 1018.8
0.18096 1018.8
0.18097 1018.8
0.18098 1018.8
0.18099 1018.8
0.18100 1018.8
0.18101 1037.4
0.18102 1056.2
0.18103 1075.4
0.18104 1094.8
0.18105 1114.5
0.18106 1134.5
0.18107 1154.8
0.18108 1175.4
0.18109 1196.3
0.18110 1217.5
0.18111 1239.0
0.18112 1260.9
0.18113 1283.0
0.18114 1305.5
0.18115 1328.4
0.18116 1351.6
0.18117 1375.1
0.18118 1399.1
0.18119 1423.3
0.18120 1448.0
0.18121 1473.1
0.18122 1498.6
0.18123 1524.5
0.18124 1550.9
0.18125 1577.7
0.18126 1605.1
0.18127 1632.9
0.18128 1661.4
0.18129 1690.5
0.18130 1720.2
0.18131 1750.6
0.18132 1781.9
0.18133 1814.0
0.18134 1847.1
0.18135 1881.2
0.18136 1916.6
0.18137 1953.3
0.18138 1991.6
0.18139 2031.6
0.18140 2073.7
0.18141 2118.0
0.18142 2164.9
0.18143 2214.9
0.18144 2268.5
0.18145 2326.1
0.18146 2388.6
0.18147 2456.8
0.18148 2531.6
0.18149 2614.3
0.18150 2706.4
0.18151 2759.8
0.18152 2823.8
0.18153 2900.0
0.18154 2990.1
0.18155 3096.1
0.18156 3220.5
0.18157 3366.1
0.18158 3536.0
0.18159 3733.9
0.18160 3963.5
0.18161 4228.2
0.18162 4530.7
0.18163 4871.5
0.18164 5248.3
0.18165 5653.7
0.18166 6075.8
0.18167 6498.1
0.18168 6903.3
0.18169 7276.3
0.18170 7607.5
0.18171 7893.0
0.18172 8133.4
0.18173 8332.1
0.18174 8493.5
0.18175 8622.5
0.18176 8723.1
0.18177 8799.2
0.18178 8853.7
0.18179 8889.3
0.18180 8908.0
0.18181 8911.7
0.18182 8901.7
0.18183 8879.2
0.18184 8845.3
0.18185 8800.7
0.18186 8746.1
0.18187 8682.3
0.18188 8609.7
0.18189 8528.8
0.18190 8440.1
0.18191 8344.0
0.18192 8240.9
0.18193 8131.3
0.18194 8015.5
0.18195 7894.1
0.18196 7767.3
0.18197 7635.6
0.18198 7499.5
0.18199 7359.5
0.18200 7215.9
0.18201 7069.2
0.18202 6920.0
0.18203 6768.6
0.18204 6615.6
0.18205 6461.4
0.18206 6306.5
0.18207 6151.3
0.18208 5996.2
0.18209 5841.8
0.18210 5688.3
0.18211 5536.2
0.18212 5385.8
0.18213 5237.5
0.18214 5091.4
0.18215 4948.1
0.18216 4807.5
0.18217 4670.1
0.18218 4535.9
0.18219 4405.1
0.18220 4277.9
0.18221 4154.4
0.18222 4034.6
0.18223 3918.6
0.18224 3806.5
0.18225 3698.1
0.18226 3593.6
0.18227 3492.9
0.18228 3395.9
0.18229 3302.6
0.18230 3213.0
0.18231 3126.9
0.18232 3044.2
0.18233 2964.9
0.18234 2888.8
0.18235 2815.9
0.18236 2746.0
0.18237 2679.0
0.18238 2614.8
0.18239 2553.4
0.18240 2494.5
0.18241 2438.0
0.18242 2384.0
0.18243 2332.1
0.18244 2282.5
0.18245 2234.9
0.18246 2189.2
0.18247 2145.4
0.18248 2103.4
0.18249 2063.0
0.18250 2024.3
0.18251 1987.0
0.18252 1951.2
0.18253 1916.8
0.18254 1883.8
0.18255 1851.9
0.18256 1821.3
0.18257 1791.8
0.18258 1763.3
0.18259 1735.9
0.18260 1709.5
0.18261 1684.1
0.18262 1659.5
0.18263 1635.8
0.18264 1612.9
0.18265 1590.9
0.18266 1569.6
0.18267 1549.0
0.18268 1529.1
0.18269 1509.9
0.18270 1491.4
0.18271 1473.5
0.18272 1456.2
0.18273 1439.5
0.18274 1423.4
0.18275 1407.8
0.18276 1392.8
0.18277 1378.3
0.18278 1364.2
0.18279 1350.7
0.18280 1337.6
0.18281 1325.0
0.18282 1312.8
0.18283 1301.1
0.18284 1289.7
0.18285 1278.8
0.18286 1268.2
0.18287 1258.0
0.18288 1248.2
0.18289 1238.7
0.18290 1229.6
0.18291 1220.7
0.18292 1212.2
0.18293 1204.0
0.18294 1196.1
0.18295 1188.5
0.18296 1181.1
0.18297 1174.0
0.18298 1167.2
0.18299 1160.6
0.18300 1154.2
0.18301 1148.1
0.18302 1142.2
0.18303 1136.5
0.18304 1130.9
0.18305 1125.6
0.18306 1120.5
0.18307 1115.5
0.18308 1110.8
0.18309 1106.1
0.18310 1101.7
0.18311 1097.4
0.18312 1093.2
0.18313 1089.2
0.18314 1085.3
0.18315 1081.6
0.18316 1078.0
0.18317 1074.5
0.18318 1071.1
0.18319 1067.8
0.18320 1064.6
0.18321 1061.6
0.18322 1058.6
0.18323 1055.8
0.18324 1053.0
0.18325 1050.3
0.18326 1047.7
0.18327 1045.2
0.18328 1042.8
0.18329 1040.4
0.18330 1038.2
0.18331 1036.0
0.18332 1033.8
0.18333 1031.8
0.18334 1029.8
0.18335 1027.8
0.18336 1025.9
0.18337 1024.1
0.18338 1022.3
0.18339 1020.6
0.18340 1019.0
0.18341 1017.3
0.18342 1015.8
0.18343 1014.3
0.18344 1012.8
0.18345 1011.4
0.18346 1010.0
0.18347 1008.6
0.18348 1007.3
0.18349 1006.1
0.18350 1004.8
0.18351 1003.6
0.18352 1002.5
0.18353 1001.3
0.18354 1000.3
0.18355 999.2
0.18356 998.2
0.18357 997.2
0.18358 996.2
0.18359 995.2
0.18360 994.3
0.18361 993.4
0.18362 992.5
0.18363 991.7
0.18364 990.9
0.18365 990.1
0.18366 989.3
0.18367 988.5
0.18368 987.8
0.18369 987.1
0.18370 986.4
0.18371 985.7
0.18372 985.1
0.18373 984.4
0.18374 983.8
0.18375 983.2
0.18376 982.6
0.18377 982.0
0.18378 981.5
0.18379 980.9
0.18380 980.4
0.18381 979.9
0.18382 979.4
0.18383 978.9
0.18384 978.4
0.18385 978.0
0.18386 977.5
0.18387 977.1
0.18388 976.6
0.18389 976.2
0.18390 975.8
0.18391 975.4
0.18392 975.0
0.18393 974.7
0.18394 974.3
0.18395 974.0
0.18396 973.6
0.18397 973.3
0.18398 972.9
0.18399 972.6
0.18400 972.3
0.18401 972.0
0.18402 971.7
0.18403 971.4
0.18404 971.1
0.18405 970.9
0.18406 970.6
0.18407 970.3
0.18408 970.1
0.18409 969.8
0.18410 969.6
0.18411 969.4
0.18412 969.1
0.18413 968.9
0.18414 968.7
0.18415 968.5
0.18416 968.3
0.18417 968.1
0.18418 967.9
0.18419 967.7
0.18420 967.5
0.18421 967.3
0.18422 967.2
0.18423 967.0
0.18424 966.8
0.18425 966.7
0.18426 966.5
0.18427 966.4
0.18428 966.2
0.18429 966.1
0.18430 965.9
0.18431 965.8
0.18432 965.7
0.18433 965.5
0.18434 965.4
0.18435 965.3
0.18436 965.2
0.18437 965.0
0.18438 964.9
0.18439 964.8
0.18440 964.7
0.18441 964.6
0.18442 964.5
0.18443 964.4
0.18444 964.3
0.18445 964.2
0.18446 964.1
0.18447 964.0
0.18448 963.9
0.18449 963.9
0.18450 963.8
0.18451 963.7
0.18452 963.6
0.18453 963.6
0.18454 963.5
0.18455 963.4
0.18456 963.4
0.18457 963.3
0.18458 963.2
0.18459 963.2
0.18460 963.1
0.18461 963.1
0.18462 963.0
0.18463 962.9
0.18464 962.9
0.18465 962.8
0.18466 962.8
0.18467 962.8
0.18468 962.7
0.18469 962.7
0.18470 962.6
0.18471 962.6
0.18472 962.6
0.18473 962.5
0.18474 962.5
0.18475 962.4
0.18476 962.4
0.18477 962.4
0.18478 962.4
0.18479 962.3
0.18480 962.3
0.18481 962.3
0.18482 962.3
0.18483 962.2
0.18484 962.2
0.18485 962.2
0.18486 962.2
0.18487 962.2
0.18488 962.1
0.18489 962.1
0.18490 962.1
0.18491 962.1
0.18492 962.1
0.18493 962.1
0.18494 962.1
0.18495 962.1
0.18496 962.0
0.18497 962.0
0.18498 962.0
0.18499 962.0
0.18500 962.0
0.18501 962.0
0.18502 962.0
0.18503 962.0
0.18504 962.0
0.18505 962.0
0.18506 962.0
0.18507 962.0
0.18508 962.0
0.18509 962.0
0.18510 962.0
0.18511 962.0
0.18512 962.0
0.18513 962.0
0.18514 962.1
0.18515 962.1
0.18516 962.1
0.18517 962.1
0.18518 962.1
0.18519 962.1
0.18520 962.1
0.18521 962.1
0.18522 962.1
0.18523 962.1
0.18524 962.2
0.18525 962.2
0.18526 962.2
0.18527 962.2
0.18528 962.2
0.18529 962.2
0.18530 962.3
0.18531 962.3
0.18532 962.3
0.18533 962.3
0.18534 962.3
0.18535 962.3
0.18536 962.4
0.18537 962.4
0.18538 962.4
0.18539 962.4
0.18540 962.5
0.18541 962.5
0.18542 962.5
0.18543 962.5
0.18544 962.5
0.18545 962.6
0.18546 962.6
0.18547 962.6
0.18548 962.6
0.18549 962.7
0.18550 962.7
0.18551 962.7
0.18552 962.8
0.18553 962.8
0.18554 962.8
0.18555 962.8
0.18556 962.9
0.18557 962.9
0.18558 962.9
0.18559 963.0
0.18560 963.0
0.18561 963.0
0.18562 963.0
0.18563 963.1
0.18564 963.1
0.18565 963.1
0.18566 963.2
0.18567 963.2
0.18568 963.2
0.18569 963.3
0.18570 963.3
0.18571 963.3
0.18572 963.4
0.18573 963.4
0.18574 963.4
0.18575 963.5
0.18576 963.5
0.18577 963.6
0.18578 963.6
0.18579 963.6
0.18580 963.7
0.18581 963.7
0.18582 963.7
0.18583 963.8
0.18584 963.8
0.18585 963.8
0.18586 963.9
0.18587 963.9
0.18588 964.0
0.18589 964.0
0.18590 964.0
0.18591 964.1
0.18592 964.1
0.18593 964.2
0.18594 964.2
0.18595 964.2
0.18596 964.3
0.18597 964.3
0.18598 964.4
0.18599 964.4
0.18600 964.4
0.18601 964.5
0.18602 964.5
0.18603 964.6
0.18604 964.6
0.18605 964.7
0.18606 964.7
0.18607 964.7
0.18608 964.8
0.18609 964.8
0.18610 964.9
0.18611 964.9
0.18612 965.0
0.18613 965.0
0.18614 965.0
0.18615 965.1
0.18616 965.1
0.18617 965.2
0.18618 965.2
0.18619 965.3
0.18620 965.3
0.18621 965.4
0.18622 965.4
0.18623 965.4
0.18624 965.5
0.18625 965.5
0.18626 965.6
0.18627 965.6
0.18628 965.7
0.18629 965.7
0.18630 965.8
0.18631 965.8
0.18632 965.9
0.18633 965.9
0.18634 966.0
0.18635 966.0
0.18636 966.1
0.18637 966.1
0.18638 966.1
0.18639 966.2
0.18640 966.2
0.18641 966.3
0.18642 966.3
0.18643 966.4
0.18644 966.4
0.18645 966.5
0.18646 966.5
0.18647 966.6
0.18648 966.6
0.18649 966.7
0.18650 966.7
0.18651 966.8
0.18652 966.8
0.18653 966.9
0.18654 966.9
0.18655 967.0
0.18656 967.0
0.18657 967.1
0.18658 967.1
0.18659 967.2
0.18660 967.2
0.18661 967.3
0.18662 967.3
0.18663 967.4
0.18664 967.4
0.18665 967.5
0.18666 967.5
0.18667 967.6
0.18668 967.6
0.18669 967.7
0.18670 967.7
0.18671 967.8
0.18672 967.8
0.18673 967.9
0.18674 967.9
0.18675 968.0
0.18676 968.1
0.18677 968.1
0.18678 968.2
0.18679 968.2
0.18680 968.3
0.18681 968.3
0.18682 968.4
0.18683 968.4
0.18684 968.5
0.18685 968.5
0.18686 968.6
0.18687 968.6
0.18688 968.7
0.18689 968.7
0.18690 968.8
0.18691 968.8
0.18692 968.9
0.18693 968.9
0.18694 969.0
0.18695 969.1
0.18696 969.1
0.18697 969.2
0.18698 969.2
0.18699 969.3
0.18700 969.3
0.18701 969.4
0.18702 969.4
0.18703 969.5
0.18704 969.5
0.18705 969.6
0.18706 969.6
0.18707 969.7
0.18708 969.8
0.18709 969.8
0.18710 969.9
0.18711 969.9
0.18712 970.0
0.18713 970.0
0.18714 970.1
0.18715 970.1
0.18716 970.2
0.18717 970.2
0.18718 970.3
0.18719 970.4
0.18720 970.4
0.18721 970.5
0.18722 970.5
0.18723 970.6
0.18724 970.6
0.18725 970.7
0.18726 970.7
0.18727 970.8
0.18728 970.9
0.18729 970.9
0.18730 971.0
0.18731 971.0
0.18732 971.1
0.18733 971.1
0.18734 971.2
0.18735 971.2
0.18736 971.3
0.18737 971.4
0.18738 971.4
0.18739 971.5
0.18740 971.5
0.18741 971.6
0.18742 971.6
0.18743 971.7
0.18744 971.7
0.18745 971.8
0.18746 971.9
0.18747 971.9
0.18748 972.0
0.18749 972.0
0.18750 972.1
0.18751 972.1
0.18752 972.2
0.18753 972.3
0.18754 972.3
0.18755 972.4
0.18756 972.4
0.18757 972.5
0.18758 972.5
0.18759 972.6
0.18760 972.6
0.18761 972.7
0.18762 972.8
0.18763 972.8
0.18764 972.9
0.18765 972.9
0.18766 973.0
0.18767 973.0
0.18768 973.1
0.18769 973.2
0.18770 973.2
0.18771 973.3
0.18772 973.3
0.18773 973.4
0.18774 973.4
0.18775 973.5
0.18776 973.6
0.18777 973.6
0.18778 973.7
0.18779 973.7
0.18780 973.8
0.18781 973.8
0.18782 973.9
0.18783 973.9
0.18784 974.0
0.18785 974.1
0.18786 974.1
0.18787 974.2
0.18788 974.2
0.18789 974.3
0.18790 974.3
0.18791 974.4
0.18792 974.5
0.18793 974.5
0.18794 974.6
0.18795 974.6
0.18796 974.7
0.18797 974.7
0.18798 974.8
0.18799 974.9
0.18800 974.9
0.18801 975.0
0.18802 975.0
0.18803 975.1
0.18804 975.1
0.18805 975.2
0.18806 975.3
0.18807 975.3
0.18808 975.4
0.18809 975.4
0.18810 975.5
0.18811 975.5
0.18812 975.6
0.18813 975.7
0.18814 975.7
0.18815 975.8
0.18816 975.8
0.18817 975.9
0.18818 975.9
0.18819 976.0
0.18820 976.1
0.18821 976.1
0.18822 976.2
0.18823 976.2
0.18824 976.3
0.18825 976.3
0.18826 976.4
0.18827 976.5
0.18828 976.5
0.18829 976.6
0.18830 976.6
0.18831 976.7
0.18832 976.7
0.18833 976.8
0.18834 976.9
0.18835 976.9
0.18836 977.0
0.18837 977.0
0.18838 977.1
0.18839 977.1
0.18840 977.2
0.18841 977.3
0.18842 977.3
0.18843 977.4
0.18844 977.4
0.18845 977.5
0.18846 977.5
0.18847 977.6
0.18848 977.6
0.18849 977.7
0.18850 977.8
0.18851 977.8
0.18852 977.9
0.18853 977.9
0.18854 978.0
0.18855 978.0
0.18856 978.1
0.18857 978.2
0.18858 978.2
0.18859 978.3
0.18860 978.3
0.18861 978.4
0.18862 978.4
0.18863 978.5
0.18864 978.6
0.18865 978.6
0.18866 978.7
0.18867 978.7
0.18868 978.8
0.18869 978.8
0.18870 978.9
0.18871 979.0
0.18872 979.0
0.18873 979.1
0.18874 979.1
0.18875 979.2
0.18876 979.2
0.18877 979.3
0.18878 979.3
0.18879 979.4
0.18880 979.5
0.18881 979.5
0.18882 979.6
0.18883 979.6
0.18884 979.7
0.18885 979.7
0.18886 979.8
0.18887 979.8
0.18888 979.9
0.18889 980.0
0.18890 980.0
0.18891 980.1
0.18892 980.1
0.18893 980.2
0.18894 980.2
0.18895 980.3
0.18896 980.4
0.18897 980.4
0.18898 980.5
0.18899 980.5
0.18900 980.6
0.18901 980.6
0.18902 980.7
0.18903 980.7
0.18904 980.8
0.18905 980.9
0.18906 980.9
0.18907 981.0
0.18908 981.0
0.18909 981.1
0.18910 981.1
0.18911 981.2
0.18912 981.2
0.18913 981.3
0.18914 981.4
0.18915 981.4
0.18916 981.5
0.18917 981.5
0.18918 981.6
0.18919 981.6
0.18920 981.7
0.18921 981.7
0.18922 981.8
0.18923 981.8
0.18924 981.9
0.18925 982.0
0.18926 982.0
0.18927 982.1
0.18928 982.1
0.18929 982.2
0.18930 982.2
0.18931 982.3
0.18932 982.3
0.18933 982.4
0.18934 982.4
0.18935 982.5
0.18936 982.6
0.18937 982.6
0.18938 982.7
0.18939 982.7
0.18940 982.8
0.18941 982.8
0.18942 982.9
0.18943 982.9
0.18944 983.0
0.18945 983.0
0.18946 983.1
0.18947 983.2
0.18948 983.2
0.18949 983.3
0.18950 983.3
0.18951 983.4
0.18952 983.4
0.18953 983.5
0.18954 983.5
0.18955 983.6
0.18956 983.6
0.18957 983.7
0.18958 983.7
0.18959 983.8
0.18960 983.9
0.18961 983.9
0.18962 984.0
0.18963 984.0
0.18964 984.1
0.18965 984.1
0.18966 984.2
0.18967 984.2
0.18968 984.3
0.18969 984.3
0.18970 984.4
0.18971 984.4
0.18972 984.5
0.18973 984.5
0.18974 984.6
0.18975 984.6
0.18976 984.7
0.18977 984.8
0.18978 984.8
0.18979 984.9
0.18980 984.9
0.18981 985.0
0.18982 985.0
0.18983 985.1
0.18984 985.1
0.18985 985.2
0.18986 985.2
0.18987 985.3
0.18988 985.3
0.18989 985.4
0.18990 985.4
0.18991 985.5
0.18992 985.5
0.18993 985.6
0.18994 985.6
0.18995 985.7
0.18996 985.7
0.18997 985.8
0.18998 985.9
0.18999 985.9
0.19000 986.0
0.19001 986.0
0.19002 986.1
0.19003 986.1
0.19004 986.2
0.19005 986.2
0.19006 986.3
0.19007 986.3
0.19008 986.4
0.19009 986.4
0.19010 986.5
0.19011 986.5
0.19012 986.6
0.19013 986.6
0.19014 986.7
0.19015 986.7
0.19016 986.8
0.19017 986.8
0.19018 986.9
0.19019 986.9
0.19020 987.0
0.19021 987.0
0.19022 987.1
0.19023 987.1
0.19024 987.2
0.19025 987.2
0.19026 987.3
0.19027 987.3
0.19028 987.4
0.19029 987.4
0.19030 987.5
0.19031 987.5
0.19032 987.6
0.19033 987.6
0.19034 987.7
0.19035 987.7
0.19036 987.8
0.19037 987.8
0.19038 987.9
0.19039 987.9
0.19040 988.0
0.19041 988.0
0.19042 988.1
0.19043 988.1
0.19044 988.2
0.19045 988.2
0.19046 988.3
0.19047 988.3
0.19048 988.4
0.19049 988.4
0.19050 988.5
0.19051 988.5
0.19052 988.6
0.19053 988.6
0.19054 988.7
0.19055 988.7
0.19056 988.8
0.19057 988.8
0.19058 988.9
0.19059 988.9
0.19060 989.0
0.19061 989.0
0.19062 989.1
0.19063 989.1
0.19064 989.2
0.19065 989.2
0.19066 989.3
0.19067 989.3
0.19068 989.3
0.19069 989.4
0.19070 989.4
0.19071 989.5
0.19072 989.5
0.19073 989.6
0.19074 989.6
0.19075 989.7
0.19076 989.7
0.19077 989.8
0.19078 989.8
0.19079 989.9
0.19080 989.9
0.19081 990.0
0.19082 990.0
0.19083 990.1
0.19084 990.1
0.19085 990.2
0.19086 990.2
0.19087 990.3
0.19088 990.3
0.19089 990.3
0.19090 990.4
0.19091 990.4
0.19092 990.5
0.19093 990.5
0.19094 990.6
0.19095 990.6
0.19096 990.7
0.19097 990.7
0.19098 990.8
0.19099 990.8
0.19100 990.9
0.19101 990.9
0.19102 991.0
0.19103 991.0
0.19104 991.0
0.19105 991.1
0.19106 991.1
0.19107 991.2
0.19108 991.2
0.19109 991.3
0.19110 991.3
0.19111 991.4
0.19112 991.4
0.19113 991.5
0.19114 991.5
0.19115 991.6
0.19116 991.6
0.19117 991.6
0.19118 991.7
0.19119 991.7
0.19120 991.8
0.19121 991.8
0.19122 991.9
0.19123 991.9
0.19124 992.0
0.19125 992.0
0.19126 992.0
0.19127 992.1
0.19128 992.1
0.19129 992.2
0.19130 992.2
0.19131 992.3
0.19132 992.3
0.19133 992.4
0.19134 992.4
0.19135 992.4
0.19136 992.5
0.19137 992.5
0.19138 992.6
0.19139 992.6
0.19140 992.7
0.19141 992.7
0.19142 992.8
0.19143 992.8
0.19144 992.8
0.19145 992.9
0.19146 992.9
0.19147 993.0
0.19148 993.0
0.19149 993.1
0.19150 993.1
0.19151 993.2
0.19152 993.2
0.19153 993.2
0.19154 993.3
0.19155 993.3
0.19156 993.4
0.19157 993.4
0.19158 993.5
0.19159 993.5
0.19160 993.5
0.19161 993.6
0.19162 993.6
0.19163 993.7
0.19164 993.7
0.19165 993.8
0.19166 993.8
0.19167 993.8
0.19168 993.9
0.19169 993.9
0.19170 994.0
0.19171 994.0
0.19172 994.1
0.19173 994.1
0.19174 994.1
0.19175 994.2
0.19176 994.2
0.19177 994.3
0.19178 994.3
0.19179 994.3
0.19180 994.4
0.19181 994.4
0.19182 994.5
0.19183 994.5
0.19184 994.6
0.19185 994.6
0.19186 994.6
0.19187 994.7
0.19188 994.7
0.19189 994.8
0.19190 994.8
0.19191 994.8
0.19192 994.9
0.19193 994.9
0.19194 995.0
0.19195 995.0
0.19196 995.0
0.19197 995.1
0.19198 995.1
0.19199 995.2
0.19200 995.2
0.19201 995.2
0.19202 995.3
0.19203 995.3
0.19204 995.4
0.19205 995.4
0.19206 995.5
0.19207 995.5
0.19208 995.5
0.19209 995.6
0.19210 995.6
0.19211 995.7
0.19212 995.7
0.19213 995.7
0.19214 995.8
0.19215 995.8
0.19216 995.9
0.19217 995.9
0.19218 995.9
0.19219 996.0
0.19220 996.0
0.19221 996.0
0.19222 996.1
0.19223 996.1
0.19224 996.2
0.19225 996.2
0.19226 996.2
0.19227 996.3
0.19228 996.3
0.19229 996.4
0.19230 996.4
0.19231 996.4
0.19232 996.5
0.19233 996.5
0.19234 996.6
0.19235 996.6
0.19236 996.6
0.19237 996.7
0.19238 996.7
0.19239 996.7
0.19240 996.8
0.19241 996.8
0.19242 996.9
0.19243 996.9
0.19244 996.9
0.19245 997.0
0.19246 997.0
0.19247 997.1
0.19248 997.1
0.19249 997.1
0.19250 997.2
0.19251 997.2
0.19252 997.2
0.19253 997.3
0.19254 997.3
0.19255 997.4
0.19256 997.4
0.19257 997.4
0.19258 997.5
0.19259 997.5
0.19260 997.5
0.19261 997.6
0.19262 997.6
0.19263 997.6
0.19264 997.7
0.19265 997.7
0.19266 997.8
0.19267 997.8
0.19268 997.8
0.19269 997.9
0.19270 997.9
0.19271 997.9
0.19272 998.0
0.19273 998.0
0.19274 998.1
0.19275 998.1
0.19276 998.1
0.19277 998.2
0.19278 998.2
0.19279 998.2
0.19280 998.3
0.19281 998.3
0.19282 998.3
0.19283 998.4
0.19284 998.4
0.19285 998.4
0.19286 998.5
0.19287 998.5
0.19288 998.6
0.19289 998.6
0.19290 998.6
0.19291 998.7
0.19292 998.7
0.19293 998.7
0.19294 998.8
0.19295 998.8
0.19296 998.8
0.19297 998.9
0.19298 998.9
0.19299 998.9
0.19300 999.0
0.19301 999.0
0.19302 999.0
0.19303 999.1
0.19304 999.1
0.19305 999.2
0.19306 999.2
0.19307 999.2
0.19308 999.3
0.19309 999.3
0.19310 999.3
0.19311 999.4
0.19312 999.4
0.19313 999.4
0.19314 999.5
0.19315 999.5
0.19316 999.5
0.19317 999.6
0.19318 999.6
0.19319 999.6
0.19320 999.7
0.19321 999.7
0.19322 999.7
0.19323 999.8
0.19324 999.8
0.19325 999.8
0.19326 999.9
0.19327 999.9
0.19328 999.9
0.19329 1000.0
0.19330 1000.0
0.19331 1000.0
0.19332 1000.1
0.19333 1000.1
0.19334 1000.1
0.19335 1000.2
0.19336 1000.2
0.19337 1000.2
0.19338 1000.3
0.19339 1000.3
0.19340 1000.3
0.19341 1000.4
0.19342 1000.4
0.19343 1000.4
0.19344 1000.5
0.19345 1000.5
0.19346 1000.5
0.19347 1000.6
0.19348 1000.6
0.19349 1000.6
0.19350 1000.7
0.19351 1000.7
0.19352 1000.7
0.19353 1000.7
0.19354 1000.8
0.19355 1000.8
0.19356 1000.8
0.19357 1000.9
0.19358 1000.9
0.19359 1000.9
0.19360 1001.0
0.19361 1001.0
0.19362 1001.0
0.19363 1001.1
0.19364 1001.1
0.19365 1001.1
0.19366 1001.2
0.19367 1001.2
0.19368 1001.2
0.19369 1001.3
0.19370 1001.3
0.19371 1001.3
0.19372 1001.3
0.19373 1001.4
0.19374 1001.4
0.19375 1001.4
0.19376 1001.5
0.19377 1001.5
0.19378 1001.5
0.19379 1001.6
0.19380 1001.6
0.19381 1001.6
0.19382 1001.7
0.19383 1001.7
0.19384 1001.7
0.19385 1001.7
0.19386 1001.8
0.19387 1001.8
0.19388 1001.8
0.19389 1001.9
0.19390 1001.9
0.19391 1001.9
0.19392 1002.0
0.19393 1002.0
0.19394 1002.0
0.19395 1002.0
0.19396 1002.1
0.19397 1002.1
0.19398 1002.1
0.19399 1002.2
0.19400 1002.2
0.19401 1002.2
0.19402 1002.3
0.19403 1002.3
0.19404 1002.3
0.19405 1002.3
0.19406 1002.4
0.19407 1002.4
0.19408 1002.4
0.19409 1002.5
0.19410 1002.5
0.19411 1002.5
0.19412 1002.5
0.19413 1002.6
0.19414 1002.6
0.19415 1002.6
0.19416 1002.7
0.19417 1002.7
0.19418 1002.7
0.19419 1002.7
0.19420 1002.8
0.19421 1002.8
0.19422 1002.8
0.19423 1002.9
0.19424 1002.9
0.19425 1002.9
0.19426 1002.9
0.19427 1003.0
0.19428 1003.0
0.19429 1003.0
0.19430 1003.1
0.19431 1003.1
0.19432 1003.1
0.19433 1003.1
0.19434 1003.2
0.19435 1003.2
0.19436 1003.2
0.19437 1003.3
0.19438 1003.3
0.19439 1003.3
0.19440 1003.3
0.19441 1003.4
0.19442 1003.4
0.19443 1003.4
0.19444 1003.4
0.19445 1003.5
0.19446 1003.5
0.19447 1003.5
0.19448 1003.6
0.19449 1003.6
0.19450 1003.6
0.19451 1003.6
0.19452 1003.7
0.19453 1003.7
0.19454 1003.7
0.19455 1003.7
0.19456 1003.8
0.19457 1003.8
0.19458 1003.8
0.19459 1003.9
0.19460 1003.9
0.19461 1003.9
0.19462 1003.9
0.19463 1004.0
0.19464 1004.0
0.19465 1004.0
0.19466 1004.0
0.19467 1004.1
0.19468 1004.1
0.19469 1004.1
0.19470 1004.1
0.19471 1004.2
0.19472 1004.2
0.19473 1004.2
0.19474 1004.2
0.19475 1004.3
0.19476 1004.3
0.19477 1004.3
0.19478 1004.3
0.19479 1004.4
0.19480 1004.4
0.19481 1004.4
0.19482 1004.5
0.19483 1004.5
0.19484 1004.5
0.19485 1004.5
0.19486 1004.6
0.19487 1004.6
0.19488 1004.6
0.19489 1004.6
0.19490 1004.7
0.19491 1004.7
0.19492 1004.7
0.19493 1004.7
0.19494 1004.8
0.19495 1004.8
0.19496 1004.8
0.19497 1004.8
0.19498 1004.9
0.19499 1004.9
0.19500 1004.9
0.19501 1004.9
0.19502 1005.0
0.19503 1005.0
0.19504 1005.0
0.19505 1005.0
0.19506 1005.1
0.19507 1005.1
0.19508 1005.1
0.19509 1005.1
0.19510 1005.2
0.19511 1005.2
0.19512 1005.2
0.19513 1005.2
0.19514 1005.2
0.19515 1005.3
0.19516 1005.3
0.19517 1005.3
0.19518 1005.3
0.19519 1005.4
0.19520 1005.4
0.19521 1005.4
0.19522 1005.4
0.19523 1005.5
0.19524 1005.5
0.19525 1005.5
0.19526 1005.5
0.19527 1005.6
0.19528 1005.6
0.19529 1005.6
0.19530 1005.6
0.19531 1005.7
0.19532 1005.7
0.19533 1005.7
0.19534 1005.7
0.19535 1005.7
0.19536 1005.8
0.19537 1005.8
0.19538 1005.8
0.19539 1005.8
0.19540 1005.9
0.19541 1005.9
0.19542 1005.9
0.19543 1005.9
0.19544 1006.0
0.19545 1006.0
0.19546 1006.0
0.19547 1006.0
0.19548 1006.0
0.19549 1006.1
0.19550 1006.1
0.19551 1006.1
0.19552 1006.1
0.19553 1006.2
0.19554 1006.2
0.19555 1006.2
0.19556 1006.2
0.19557 1006.2
0.19558 1006.3
0.19559 1006.3
0.19560 1006.3
0.19561 1006.3
0.19562 1006.4
0.19563 1006.4
0.19564 1006.4
0.19565 1006.4
0.19566 1006.4
0.19567 1006.5
0.19568 1006.5
0.19569 1006.5
0.19570 1006.5
0.19571 1006.6
0.19572 1006.6
0.19573 1006.6
0.19574 1006.6
0.19575 1006.6
0.19576 1006.7
0.19577 1006.7
0.19578 1006.7
0.19579 1006.7
0.19580 1006.8
0.19581 1006.8
0.19582 1006.8
0.19583 1006.8
0.19584 1006.8
0.19585 1006.9
0.19586 1006.9
0.19587 1006.9
0.19588 1006.9
0.19589 1006.9
0.19590 1007.0
0.19591 1007.0
0.19592 1007.0
0.19593 1007.0
0.19594 1007.1
0.19595 1007.1
0.19596 1007.1
0.19597 1007.1
0.19598 1007.1
0.19599 1007.2
0.19600 1007.2
0.19601 1007.2
0.19602 1007.2
0.19603 1007.2
0.19604 1007.3
0.19605 1007.3
0.19606 1007.3
0.19607 1007.3
0.19608 1007.3
0.19609 1007.4
0.19610 1007.4
0.19611 1007.4
0.19612 1007.4
0.19613 1007.4
0.19614 1007.5
0.19615 1007.5
0.19616 1007.5
0.19617 1007.5
0.19618 1007.5
0.19619 1007.6
0.19620 1007.6
0.19621 1007.6
0.19622 1007.6
0.19623 1007.6
0.19624 1007.7
0.19625 1007.7
0.19626 1007.7
0.19627 1007.7
0.19628 1007.7
0.19629 1007.8
0.19630 1007.8
0.19631 1007.8
0.19632 1007.8
0.19633 1007.8
0.19634 1007.9
0.19635 1007.9
0.19636 1007.9
0.19637 1007.9
0.19638 1007.9
0.19639 1008.0
0.19640 1008.0
0.19641 1008.0
0.19642 1008.0
0.19643 1008.0
0.19644 1008.1
0.19645 1008.1
0.19646 1008.1
0.19647 1008.1
0.19648 1008.1
0.19649 1008.1
0.19650 1008.2
0.19651 1008.2
0.19652 1008.2
0.19653 1008.2
0.19654 1008.2
0.19655 1008.3
0.19656 1008.3
0.19657 1008.3
0.19658 1008.3
0.19659 1008.3
0.19660 1008.4
0.19661 1008.4
0.19662 1008.4
0.19663 1008.4
0.19664 1008.4
0.19665 1008.4
0.19666 1008.5
0.19667 1008.5
0.19668 1008.5
0.19669 1008.5
0.19670 1008.5
0.19671 1008.6
0.19672 1008.6
0.19673 1008.6
0.19674 1008.6
0.19675 1008.6
0.19676 1008.6
0.19677 1008.7
0.19678 1008.7
0.19679 1008.7
0.19680 1008.7
0.19681 1008.7
0.19682 1008.8
0.19683 1008.8
0.19684 1008.8
0.19685 1008.8
0.19686 1008.8
0.19687 1008.8
0.19688 1008.9
0.19689 1008.9
0.19690 1008.9
0.19691 1008.9
0.19692 1008.9
0.19693 1008.9
0.19694 1009.0
0.19695 1009.0
0.19696 1009.0
0.19697 1009.0
0.19698 1009.0
0.19699 1009.0
0.19700 1009.1
0.19701 1009.1
0.19702 1009.1
0.19703 1009.1
0.19704 1009.1
0.19705 1009.2
0.19706 1009.2
0.19707 1009.2
0.19708 1009.2
0.19709 1009.2
0.19710 1009.2
0.19711 1009.3
0.19712 1009.3
0.19713 1009.3
0.19714 1009.3
0.19715 1009.3
0.19716 1009.3
0.19717 1009.4
0.19718 1009.4
0.19719 1009.4
0.19720 1009.4
0.19721 1009.4
0.19722 1009.4
0.19723 1009.5
0.19724 1009.5
0.19725 1009.5
0.19726 1009.5
0.19727 1009.5
0.19728 1009.5
0.19729 1009.6
0.19730 1009.6
0.19731 1009.6
0.19732 1009.6
0.19733 1009.6
0.19734 1009.6
0.19735 1009.6
0.19736 1009.7
0.19737 1009.7
0.19738 1009.7
0.19739 1009.7
0.19740 1009.7
0.19741 1009.7
0.19742 1009.8
0.19743 1009.8
0.19744 1009.8
0.19745 1009.8
0.19746 1009.8
0.19747 1009.8
0.19748 1009.9
0.19749 1009.9
0.19750 1009.9
0.19751 1009.9
0.19752 1009.9
0.19753 1009.9
0.19754 1009.9
0.19755 1010.0
0.19756 1010.0
0.19757 1010.0
0.19758 1010.0
0.19759 1010.0
0.19760 1010.0
0.19761 1010.1
0.19762 1010.1
0.19763 1010.1
0.19764 1010.1
0.19765 1010.1
0.19766 1010.1
0.19767 1010.1
0.19768 1010.2
0.19769 1010.2
0.19770 1010.2
0.19771 1010.2
0.19772 1010.2
0.19773 1010.2
0.19774 1010.3
0.19775 1010.3
0.19776 1010.3
0.19777 1010.3
0.19778 1010.3
0.19779 1010.3
0.19780 1010.3
0.19781 1010.4
0.19782 1010.4
0.19783 1010.4
0.19784 1010.4
0.19785 1010.4
0.19786 1010.4
0.19787 1010.4
0.19788 1010.5
0.19789 1010.5
0.19790 1010.5
0.19791 1010.5
0.19792 1010.5
0.19793 1010.5
0.19794 1010.5
0.19795 1010.6
0.19796 1010.6
0.19797 1010.6
0.19798 1010.6
0.19799 1010.6
0.19800 1010.6
0.19801 1010.6
0.19802 1010.7
0.19803 1010.7
0.19804 1010.7
0.19805 1010.7
0.19806 1010.7
0.19807 1010.7
0.19808 1010.7
0.19809 1010.8
0.19810 1010.8
0.19811 1010.8
0.19812 1010.8
0.19813 1010.8
0.19814 1010.8
0.19815 1010.8
0.19816 1010.9
0.19817 1010.9
0.19818 1010.9
0.19819 1010.9
0.19820 1010.9
0.19821 1010.9
0.19822 1010.9
0.19823 1011.0
0.19824 1011.0
0.19825 1011.0
0.19826 1011.0
0.19827 1011.0
0.19828 1011.0
0.19829 1011.0
0.19830 1011.0
0.19831 1011.1
0.19832 1011.1
0.19833 1011.1
0.19834 1011.1
0.19835 1011.1
0.19836 1011.1
0.19837 1011.1
0.19838 1011.2
0.19839 1011.2
0.19840 1011.2
0.19841 1011.2
0.19842 1011.2
0.19843 1011.2
0.19844 1011.2
0.19845 1011.2
0.19846 1011.3
0.19847 1011.3
0.19848 1011.3
0.19849 1011.3
0.19850 1011.3
0.19851 1011.3
0.19852 1011.3
0.19853 1011.3
0.19854 1011.4
0.19855 1011.4
0.19856 1011.4
0.19857 1011.4
0.19858 1011.4
0.19859 1011.4
0.19860 1011.4
0.19861 1011.5
0.19862 1011.5
0.19863 1011.5
0.19864 1011.5
0.19865 1011.5
0.19866 1011.5
0.19867 1011.5
0.19868 1011.5
0.19869 1011.6
0.19870 1011.6
0.19871 1011.6
0.19872 1011.6
0.19873 1011.6
0.19874 1011.6
0.19875 1011.6
0.19876 1011.6
0.19877 1011.7
0.19878 1011.7
0.19879 1011.7
0.19880 1011.7
0.19881 1011.7
0.19882 1011.7
0.19883 1011.7
0.19884 1011.7
0.19885 1011.7
0.19886 1011.8
0.19887 1011.8
0.19888 1011.8
0.19889 1011.8
0.19890 1011.8
0.19891 1011.8
0.19892 1011.8
0.19893 1011.8
0.19894 1011.9
0.19895 1011.9
0.19896 1011.9
0.19897 1011.9
0.19898 1011.9
0.19899 1011.9
0.19900 1011.9
0.19901 1011.9
0.19902 1012.0
0.19903 1012.0
0.19904 1012.0
0.19905 1012.0
0.19906 1012.0
0.19907 1012.0
0.19908 1012.0
0.19909 1012.0
0.19910 1012.0
0.19911 1012.1
0.19912 1012.1
0.19913 1012.1
0.19914 1012.1
0.19915 1012.1
0.19916 1012.1
0.19917 1012.1
0.19918 1012.1
0.19919 1012.1
0.19920 1012.2
0.19921 1012.2
0.19922 1012.2
0.19923 1012.2
0.19924 1012.2
0.19925 1012.2
0.19926 1012.2
0.19927 1012.2
0.19928 1012.3
0.19929 1012.3
0.19930 1012.3
0.19931 1012.3
0.19932 1012.3
0.19933 1012.3
0.19934 1012.3
0.19935 1012.3
0.19936 1012.3
0.19937 1012.3
0.19938 1012.4
0.19939 1012.4
0.19940 1012.4
0.19941 1012.4
0.19942 1012.4
0.19943 1012.4
0.19944 1012.4
0.19945 1012.4
0.19946 1012.4
0.19947 1012.5
0.19948 1012.5
0.19949 1012.5
0.19950 1012.5
0.19951 1012.5
0.19952 1012.5
0.19953 1012.5
0.19954 1012.5
0.19955 1012.5
0.19956 1012.6
0.19957 1012.6
0.19958 1012.6
0.19959 1012.6
0.19960 1012.6
0.19961 1012.6
0.19962 1012.6
0.19963 1012.6
0.19964 1012.6
0.19965 1012.6
0.19966 1012.7
0.19967 1012.7
0.19968 1012.7
0.19969 1012.7
0.19970 1012.7
0.19971 1012.7
0.19972 1012.7
0.19973 1012.7
0.19974 1012.7
0.19975 1012.8
0.19976 1012.8
0.19977 1012.8
0.19978 1012.8
0.19979 1012.8
0.19980 1012.8
0.19981 1012.8
0.19982 1012.8
0.19983 1012.8
0.19984 1012.8
0.19985 1012.9
0.19986 1012.9
0.19987 1012.9
0.19988 1012.9
0.19989 1012.9
0.19990 1012.9
0.19991 1012.9
0.19992 1012.9
0.19993 1012.9
0.19994 1012.9
0.19995 1013.0
0.19996 1013.0
0.19997 1013.0
0.19998 1013.0
0.19999 1013.0
0.20000 1018.8
0.20001 1018.8
0.20002 1018.8
0.20003 1018.8
0.20004 1018.8
0.20005 1018.8
0.20006 1018.8
0.20007 1018.8
0.20008 1018.8
0.20009 1018.8
0.20010 1018.8
0.20011 1018.8
0.20012 1018.8
0.20013 1018.8
0.20014 1018.8
0.20015 1018.8
0.20016 1018.8
0.20017 1018.8
0.20018 1018.8
0.20019 1018.8
0.20020 1018.8
0.20021 1018.8
0.20022 1018.8
0.20023 1018.8
0.20024 1018.8
0.20025 1018.8
0.20026 1018.8
0.20027 1018.8
0.20028 1018.8
0.20029 1018.8
0.20030 1018.8
0.20031 1018.8
0.20032 1018.8
0.20033 1018.8
0.20034 1018.8
0.20035 1018.8
0.20036 1018.8
0.20037 1018.8
0.20038 1018.8
0.20039 1018.8
0.20040 1018.8
0.20041 1018.8
0.20042 1018.8
0.20043 1018.8
0.20044 1018.8
0.20045 1018.8
0.20046 1018.8
0.20047 1018.8
0.20048 1018.8
0.20049 1018.8
0.20050 1018.8
0.20051 1018.8
0.20052 1018.8
0.20053 1018.8
0.20054 1018.8
0.20055 1018.8
0.20056 1018.8
0.20057 1018.8
0.20058 1018.8
0.20059 1018.8
0.20060 1018.8
0.20061 1018.8
0.20062 1018.8
0.20063 1018.8
0.20064 1018.8
0.20065 1018.8
0.20066 1018.8
0.20067 1018.8
0.20068 1018.8
0.20069 1018.8
0.20070 1018.8
0.20071 1018.8
0.20072 1018.8
0.20073 1018.8
0.20074 1018.8
0.20075 1018.8
0.20076 1018.8
0.20077 1018.8
0.20078 1018.8
0.20079 1018.8
0.20080 1018.8
0.20081 1018.8
0.20082 1018.8
0.20083 1018.8
0.20084 1018.8
0.20085 1018.8
0.20086 1018.8
0.20087 1018.8
0.20088 1018.8
0.20089 1018.8
0.20090 1018.8
0.20091 1018.8
0.20092 1018.8
0.20093 1018.8
0.20094 1018.8
0.20095 1018.8
0.20096 1018.8
0.20097 1018.8
0.20098 1018.8
0.20099 1018.8
0.20100 1018.8
0.20101 1018.8
0.20102 1018.8
0.20103 1018.8
0.20104 1018.8
0.20105 1018.8
0.20106 1018.8
0.20107 1018.8
0.20108 1018.8
0.20109 1018.8
0.20110 1018.8
0.20111 1018.8
0.20112 1018.8
0.20113 1018.8
0.20114 1018.8
0.20115 1018.8
0.20116 1018.8
0.20117 1018.8
0.20118 1018.8
0.20119 1018.8
0.20120 1018.8
0.20121 1018.8
0.20122 1018.8
0.20123 1018.8
0.20124 1018.8
0.20125 1018.8
0.20126 1018.8
0.20127 1018.8
0.20128 1018.8
0.20129 1018.8
0.20130 1018.8
0.20131 1018.8
0.20132 1018.8
0.20133 1018.8
0.20134 1018.8
0.20135 1018.8
0.20136 1018.8
0.20137 1018.8
0.20138 1018.8
0.20139 1018.8
0.20140 1018.8
0.20141 1018.8
0.20142 1018.8
0.20143 1018.8
0.20144 1018.8
0.20145 1018.8
0.20146 1018.8
0.20147 1018.8
0.20148 1018.8
0.20149 1018.8
0.20150 1018.8
0.20151 1018.8
0.20152 1018.8
0.20153 1018.8
0.20154 1018.8
0.20155 1018.8
0.20156 1018.8
0.20157 1018.8
0.20158 1018.8
0.20159 1018.8
0.20160 1018.8
0.20161 1018.8
0.20162 1018.8
0.20163 1018.8
0.20164 1018.8
0.20165 1018.8
0.20166 1018.8
0.20167 1018.8
0.20168 1018.8
0.20169 1018.8
0.20170 1018.8
0.20171 1018.8
0.20172 1018.8
0.20173 1018.8
0.20174 1018.8
0.20175 1018.8
0.20176 1018.8
0.20177 1018.8
0.20178 1018.8
0.20179 1018.8
0.20180 1018.8
0.20181 1018.8
0.20182 1018.8
0.20183 1018.8
0.20184 1018.8
0.20185 1018.8
0.20186 1018.8
0.20187 1018.8
0.20188 1018.8
0.20189 1018.8
0.20190 1018.8
0.20191 1018.8
0.20192 1018.8
0.20193 1018.8
0.20194 1018.8
0.20195 1018.8
0.20196 1018.8
0.20197 1018.8
0.20198 1018.8
0.20199 1018.8
0.20200 1018.8
0.20201 1018.8
0.20202 1018.8
0.20203 1018.8
0.20204 1018.8
0.20205 1018.8
0.20206 1018.8
0.20207 1018.8
0.20208 1018.8
0.20209 1018.8
0.20210 1018.8
0.20211 1018.8
0.20212 1018.8
0.20213 1018.8
0.20214 1018.8
0.20215 1018.8
0.20216 1018.8
0.20217 1018.8
0.20218 1018.8
0.20219 1018.8
0.20220 1018.8
0.20221 1018.8
0.20222 1018.8
0.20223 1018.8
0.20224 1018.8
0.20225 1018.8
0.20226 1018.8
0.20227 1018.8
0.20228 1018.8
0.20229 1018.8
0.20230 1018.8
0.20231 1018.8
0.20232 1018.8
0.20233 1018.8
0.20234 1018.8
0.20235 1018.8
0.20236 1018.8
0.20237 1018.8
0.20238 1018.8
0.20239 1018.8
0.20240 1018.8
0.20241 1018.8
0.20242 1018.8
0.20243 1018.8
0.20244 1018.8
0.20245 1018.8
0.20246 1018.8
0.20247 1018.8
0.20248 1018.8
0.20249 1018.8
0.20250 1018.8
0.20251 1018.8
0.20252 1018.8
0.20253 1018.8
0.20254 1018.8
0.20255 1018.8
0.20256 1018.8
0.20257 1018.8
0.20258 1018.8
0.20259 1018.8
0.20260 1018.8
0.20261 1018.8
0.20262 1018.8
0.20263 1018.8
0.20264 1018.8
0.20265 1018.8
0.20266 1018.8
0.20267 1018.8
0.20268 1018.8
0.20269 1018.8
0.20270 1018.8
0.20271 1018.8
0.20272 1018.8
0.20273 1018.8
0.20274 1018.8
0.20275 1018.8
0.20276 1018.8
0.20277 1018.8
0.20278 1018.8
0.20279 1018.8
0.20280 1018.8
0.20281 1018.8
0.20282 1018.8
0.20283 1018.8
0.20284 1018.8
0.20285 1018.8
0.20286 1018.8
0.20287 1018.8
0.20288 1018.8
0.20289 1018.8
0.20290 1018.8
0.20291 1018.8
0.20292 1018.8
0.20293 1018.8
0.20294 1018.8
0.20295 1018.8
0.20296 1018.8
0.20297 1018.8
0.20298 1018.8
0.20299 1018.8
0.20300 1018.8
0.20301 1018.8
0.20302 1018.8
0.20303 1018.8
0.20304 1018.8
0.20305 1018.8
0.20306 1018.8
0.20307 1018.8
0.20308 1018.8
0.20309 1018.8
0.20310 1018.8
0.20311 1018.8
0.20312 1018.8
0.20313 1018.8
0.20314 1018.8
0.20315 1018.8
0.20316 1018.8
0.20317 1018.8
0.20318 1018.8
0.20319 1018.8
0.20320 1018.8
0.20321 1018.8
0.20322 1018.8
0.20323 1018.8
0.20324 1018.8
0.20325 1018.8
0.20326 1018.8
0.20327 1018.8
0.20328 1018.8
0.20329 1018.8
0.20330 1018.8
0.20331 1018.8
0.20332 1018.8
0.20333 1018.8
0.20334 1018.8
0.20335 1018.8
0.20336 1018.8
0.20337 1018.8
0.20338 1018.8
0.20339 1018.8
0.20340 1018.8
0.20341 1018.8
0.20342 1018.8
0.20343 1018.8
0.20344 1018.8
0.20345 1018.8
0.20346 1018.8
0.20347 1018.8
0.20348 1018.8
0.20349 1018.8
0.20350 1018.8
0.20351 1018.8
0.20352 1018.8
0.20353 1018.8
0.20354 1018.8
0.20355 1018.8
0.20356 1018.8
0.20357 1018.8
0.20358 1018.8
0.20359 1018.8
0.20360 1018.8
0.20361 1018.8
0.20362 1018.8
0.20363 1018.8
0.20364 1018.8
0.20365 1018.8
0.20366 1018.8
0.20367 1018.8
0.20368 1018.8
0.20369 1018.8
0.20370 1018.8
0.20371 1018.8
0.20372 1018.8
0.20373 1018.8
0.20374 1018.8
0.20375 1018.8
0.20376 1018.8
0.20377 1018.8
0.20378 1018.8
0.20379 1018.8
0.20380 1018.8
0.20381 1018.8
0.20382 1018.8
0.20383 1018.8
0.20384 1018.8
0.20385 1018.8
0.20386 1018.8
0.20387 1018.8
0.20388 1018.8
0.20389 1018.8
0.20390 1018.8
0.20391 1018.8
0.20392 1018.8
0.20393 1018.8
0.20394 1018.8
0.20395 1018.8
0.20396 1018.8
0.20397 1018.8
0.20398 1018.8
0.20399 1018.8
0.20400 1018.8
0.20401 1018.8
0.20402 1018.8
0.20403 1018.8
0.20404 1018.8
0.20405 1018.8
0.20406 1018.8
0.20407 1018.8
0.20408 1018.8
0.20409 1018.8
0.20410 1018.8
0.20411 1018.8
0.20412 1018.8
0.20413 1018.8
0.20414 1018.8
0.20415 1018.8
0.20416 1018.8
0.20417 1018.8
0.20418 1018.8
0.20419 1018.8
0.20420 1018.8
0.20421 1018.8
0.20422 1018.8
0.20423 1018.8
0.20424 1018.8
0.20425 1018.8
0.20426 1018.8
0.20427 1018.8
0.20428 1018.8
0.20429 1018.8
0.20430 1018.8
0.20431 1018.8
0.20432 1018.8
0.20433 1018.8
0.20434 1018.8
0.20435 1018.8
0.20436 1018.8
0.20437 1018.8
0.20438 1018.8
0.20439 1018.8
0.20440 1018.8
0.20441 1018.8
0.20442 1018.8
0.20443 1018.8
0.20444 1018.8
0.20445 1018.8
0.20446 1018.8
0.20447 1018.8
0.20448 1018.8
0.20449 1018.8
0.20450 1018.8
0.20451 1018.8
0.20452 1018.8
0.20453 1018.8
0.20454 1018.8
0.20455 1018.8
0.20456 1018.8
0.20457 1018.8
0.20458 1018.8
0.20459 1018.8
0.20460 1018.8
0.20461 1018.8
0.20462 1018.8
0.20463 1018.8
0.20464 1018.8
0.20465 1018.8
0.20466 1018.8
0.20467 1018.8
0.20468 1018.8
0.20469 1018.8
0.20470 1018.8
0.20471 1018.8
0.20472 1018.8
0.20473 1018.8
0.20474 1018.8
0.20475 1018.8
0.20476 1018.8
0.20477 1018.8
0.20478 1018.8
0.20479 1018.8
0.20480 1018.8
0.20481 1018.8
0.20482 1018.8
0.20483 1018.8
0.20484 1018.8
0.20485 1018.8
0.20486 1018.8
0.20487 1018.8
0.20488 1018.8
0.20489 1018.8
0.20490 1018.8
0.20491 1018.8
0.20492 1018.8
0.20493 1018.8
0.20494 1018.8
0.20495 1018.8
0.20496 1018.8
0.20497 1018.8
0.20498 1018.8
0.20499 1018.8
0.20500 1018.8
0.20501 1018.8
0.20502 1018.8
0.20503 1018.8
0.20504 1018.8
0.20505 1018.8
0.20506 1018.8
0.20507 1018.8
0.20508 1018.8
0.20509 1018.8
0.20510 1018.8
0.20511 1018.8
0.20512 1018.8
0.20513 1018.8
0.20514 1018.8
0.20515 1018.8
0.20516 1018.8
0.20517 1018.8
0.20518 1018.8
0.20519 1018.8
0.20520 1018.8
0.20521 1018.8
0.20522 1018.8
0.20523 1018.8
0.20524 1018.8
0.20525 1018.8
0.20526 1018.8
0.20527 1018.8
0.20528 1018.8
0.20529 1018.8
0.20530 1018.8
0.20531 1018.8
0.20532 1018.8
0.20533 1018.8
0.20534 1018.8
0.20535 1018.8
0.20536 1018.8
0.20537 1018.8
0.20538 1018.8
0.20539 1018.8
0.20540 1018.8
0.20541 1018.8
0.20542 1018.8
0.20543 1018.8
0.20544 1018.8
0.20545 1018.8
0.20546 1018.8
0.20547 1018.8
0.20548 1018.8
0.20549 1018.8
0.20550 1018.8
0.20551 1018.8
0.20552 1018.8
0.20553 1018.8
0.20554 1018.8
0.20555 1018.8
0.20556 1018.8
0.20557 1018.8
0.20558 1018.8
0.20559 1018.8
0.20560 1018.8
0.20561 1018.8
0.20562 1018.8
0.20563 1018.8
0.20564 1018.8
0.20565 1018.8
0.20566 1018.8
0.20567 1018.8
0.20568 1018.8
0.20569 1018.8
0.20570 1018.8
0.20571 1018.8
0.20572 1018.8
0.20573 1018.8
0.20574 1018.8
0.20575 1018.8
0.20576 1018.8
0.20577 1018.8
0.20578 1018.8
0.20579 1018.8
0.20580 1018.8
0.20581 1018.8
0.20582 1018.8
0.20583 1018.8
0.20584 1018.8
0.20585 1018.8
0.20586 1018.8
0.20587 1018.8
0.20588 1018.8
0.20589 1018.8
0.20590 1018.8
0.20591 1018.8
0.20592 1018.8
0.20593 1018.8
0.20594 1018.8
0.20595 1018.8
0.20596 1018.8
0.20597 1018.8
0.20598 1018.8
0.20599 1018.8
0.20600 1018.8
0.20601 1018.8
0.20602 1018.8
0.20603 1018.8
0.20604 1018.8
0.20605 1018.8
0.20606 1018.8
0.20607 1018.8
0.20608 1018.8
0.20609 1018.8
0.20610 1018.8
0.20611 1018.8
0.20612 1018.8
0.20613 1018.8
0.20614 1018.8
0.20615 1018.8
0.20616 1018.8
0.20617 1018.8
0.20618 1018.8
0.20619 1018.8
0.20620 1018.8
0.20621 1018.8
0.20622 1018.8
0.20623 1018.8
0.20624 1018.8
0.20625 1018.8
0.20626 1018.8
0.20627 1018.8
0.20628 1018.8
0.20629 1018.8
0.20630 1018.8
0.20631 1018.8
0.20632 1018.8
0.20633 1018.8
0.20634 1018.8
0.20635 1018.8
0.20636 1018.8
0.20637 1018.8
0.20638 1018.8
0.20639 1018.8
0.20640 1018.8
0.20641 1018.8
0.20642 1018.8
0.20643 1018.8
0.20644 1018.8
0.20645 1018.8
0.20646 1018.8
0.20647 1018.8
0.20648 1018.8
0.20649 1018.8
0.20650 1018.8
0.20651 1018.8
0.20652 1018.8
0.20653 1018.8
0.20654 1018.8
0.20655 1018.8
0.20656 1018.8
0.20657 1018.8
0.20658 1018.8
0.20659 1018.8
0.20660 1018.8
0.20661 1018.8
0.20662 1018.8
0.20663 1018.8
0.20664 1018.8
0.20665 1018.8
0.20666 1018.8
0.20667 1018.8
0.20668 1018.8
0.20669 1018.8
0.20670 1018.8
0.20671 1018.8
0.20672 1018.8
0.20673 1018.8
0.20674 1018.8
0.20675 1018.8
0.20676 1018.8
0.20677 1018.8
0.20678 1018.8
0.20679 1018.8
0.20680 1018.8
0.20681 1018.8
0.20682 1018.8
0.20683 1018.8
0.20684 1018.8
0.20685 1018.8
0.20686 1018.8
0.20687 1018.8
0.20688 1018.8
0.20689 1018.8
0.20690 1018.8
0.20691 1018.8
0.20692 1018.8
0.20693 1018.8
0.20694 1018.8
0.20695 1018.8
0.20696 1018.8
0.20697 1018.8
0.20698 1018.8
0.20699 1018.8
0.20700 1018.8
0.20701 1018.8
0.20702 1018.8
0.20703 1018.8
0.20704 1018.8
0.20705 1018.8
0.20706 1018.8
0.20707 1018.8
0.20708 1018.8
0.20709 1018.8
0.20710 1018.8
0.20711 1018.8
0.20712 1018.8
0.20713 1018.8
0.20714 1018.8
0.20715 1018.8
0.20716 1018.8
0.20717 1018.8
0.20718 1018.8
0.20719 1018.8
0.20720 1018.8
0.20721 1018.8
0.20722 1018.8
0.20723 1018.8
0.20724 1018.8
0.20725 1018.8
0.20726 1018.8
0.20727 1018.8
0.20728 1018.8
0.20729 1018.8
0.20730 1018.8
0.20731 1018.8
0.20732 1018.8
0.20733 1018.8
0.20734 1018.8
0.20735 1018.8
0.20736 1018.8
0.20737 1018.8
0.20738 1018.8
0.20739 1018.8
0.20740 1018.8
0.20741 1018.8
0.20742 1018.8
0.20743 1018.8
0.20744 1018.8
0.20745 1018.8
0.20746 1018.8
0.20747 1018.8
0.20748 1018.8
0.20749 1018.8
0.20750 1018.8
0.20751 1018.8
0.20752 1018.8
0.20753 1018.8
0.20754 1018.8
0.20755 1018.8
0.20756 1018.8
0.20757 1018.8
0.20758 1018.8
0.20759 1018.8
0.20760 1018.8
0.20761 1018.8
0.20762 1018.8
0.20763 1018.8
0.20764 1018.8
0.20765 1018.8
0.20766 1018.8
0.20767 1018.8
0.20768 1018.8
0.20769 1018.8
0.20770 1018.8
0.20771 1018.8
0.20772 1018.8
0.20773 1018.8
0.20774 1018.8
0.20775 1018.8
0.20776 1018.8
0.20777 1018.8
0.20778 1018.8
0.20779 1018.8
0.20780 1018.8
0.20781 1018.8
0.20782 1018.8
0.20783 1018.8
0.20784 1018.8
0.20785 1018.8
0.20786 1018.8
0.20787 1018.8
0.20788 1018.8
0.20789 1018.8
0.20790 1018.8
0.20791 1018.8
0.20792 1018.8
0.20793 1018.8
0.20794 1018.8
0.20795 1018.8
0.20796 1018.8
0.20797 1018.8
0.20798 1018.8
0.20799 1018.8
0.20800 1018.8
0.20801 1018.8
0.20802 1018.8
0.20803 1018.8
0.20804 1018.8
0.20805 1018.8
0.20806 1018.8
0.20807 1018.8
0.20808 1018.8
0.20809 1018.8
0.20810 1018.8
0.20811 1018.8
0.20812 1018.8
0.20813 1018.8
0.20814 1018.8
0.20815 1018.8
0.20816 1018.8
0.20817 1018.8
0.20818 1018.8
0.20819 1018.8
0.20820 1018.8
0.20821 1018.8
0.20822 1018.8
0.20823 1018.8
0.20824 1018.8
0.20825 1018.8
0.20826 1018.8
0.20827 1018.8
0.20828 1018.8
0.20829 1018.8
0.20830 1018.8
0.20831 1018.8
0.20832 1018.8
0.20833 1018.8
0.20834 1018.8
0.20835 1018.8
0.20836 1018.8
0.20837 1018.8
0.20838 1018.8
0.20839 1018.8
0.20840 1018.8
0.20841 1018.8
0.20842 1018.8
0.20843 1018.8
0.20844 1018.8
0.20845 1018.8
0.20846 1018.8
0.20847 1018.8
0.20848 1018.8
0.20849 1018.8
0.20850 1018.8
0.20851 1018.8
0.20852 1018.8
0.20853 1018.8
0.20854 1018.8
0.20855 1018.8
0.20856 1018.8
0.20857 1018.8
0.20858 1018.8
0.20859 1018.8
0.20860 1018.8
0.20861 1018.8
0.20862 1018.8
0.20863 1018.8
0.20864 1018.8
0.20865 1018.8
0.20866 1018.8
0.20867 1018.8
0.20868 1018.8
0.20869 1018.8
0.20870 1018.8
0.20871 1018.8
0.20872 1018.8
0.20873 1018.8
0.20874 1018.8
0.20875 1018.8
0.20876 1018.8
0.20877 1018.8
0.20878 1018.8
0.20879 1018.8
0.20880 1018.8
0.20881 1018.8
0.20882 1018.8
0.20883 1018.8
0.20884 1018.8
0.20885 1018.8
0.20886 1018.8
0.20887 1018.8
0.20888 1018.8
0.20889 1018.8
0.20890 1018.8
0.20891 1018.8
0.20892 1018.8
0.20893 1018.8
0.20894 1018.8
0.20895 1018.8
0.20896 1018.8
0.20897 1018.8
0.20898 1018.8
0.20899 1018.8
0.20900 1018.8
0.20901 1018.8
0.20902 1018.8
0.20903 1018.8
0.20904 1018.8
0.20905 1018.8
0.20906 1018.8
0.20907 1018.8
0.20908 1018.8
0.20909 1018.8
0.20910 1018.8
0.20911 1018.8
0.20912 1018.8
0.20913 1018.8
0.20914 1018.8
0.20915 1018.8
0.20916 1018.8
0.20917 1018.8
0.20918 1018.8
0.20919 1018.8
0.20920 1018.8
0.20921 1018.8
0.20922 1018.8
0.20923 1018.8
0.20924 1018.8
0.20925 1018.8
0.20926 1018.8
0.20927 1018.8
0.20928 1018.8
0.20929 1018.8
0.20930 1018.8
0.20931 1018.8
0.20932 1018.8
0.20933 1018.8
0.20934 1018.8
0.20935 1018.8
0.20936 1018.8
0.20937 1018.8
0.20938 1018.8
0.20939 1018.8
0.20940 1018.8
0.20941 1018.8
0.20942 1018.8
0.20943 1018.8
0.20944 1018.8
0.20945 1018.8
0.20946 1018.8
0.20947 1018.8
0.20948 1018.8
0.20949 1018.8
0.20950 1018.8
0.20951 1018.8
0.20952 1018.8
0.20953 1018.8
0.20954 1018.8
0.20955 1018.8
0.20956 1018.8
0.20957 1018.8
0.20958 1018.8
0.20959 1018.8
0.20960 1018.8
0.20961 1018.8
0.20962 1018.8
0.20963 1018.8
0.20964 1018.8
0.20965 1018.8
0.20966 1018.8
0.20967 1018.8
0.20968 1018.8
0.20969 1018.8
0.20970 1018.8
0.20971 1018.8
0.20972 1018.8
0.20973 1018.8
0.20974 1018.8
0.20975 1018.8
0.20976 1018.8
0.20977 1018.8
0.20978 1018.8
0.20979 1018.8
0.20980 1018.8
0.20981 1018.8
0.20982 1018.8
0.20983 1018.8
0.20984 1018.8
0.20985 1018.8
0.20986 1018.8
0.20987 1018.8
0.20988 1018.8
0.20989 1018.8
0.20990 1018.8
0.20991 1018.8
0.20992 1018.8
0.20993 1018.8
0.20994 1018.8
0.20995 1018.8
0.20996 1018.8
0.20997 1018.8
0.20998 1018.8
0.20999 1018.8
0.21000 1018.8
