0.00000 982.4
0.00001 982.4
0.00002 982.4
0.00003 982.4
0.00004 982.4
0.00005 982.4
0.00006 982.4
0.00007 982.4
0.00008 982.4
0.00009 982.4
0.00010 982.4
0.00011 982.4
0.00012 982.4
0.00013 982.4
0.00014 982.4
0.00015 982.4
0.00016 982.4
0.00017 982.4
0.00018 982.4
0.00019 982.4
0.00020 982.4
0.00021 982.4
0.00022 982.4
0.00023 982.4
0.00024 982.4
0.00025 982.4
0.00026 982.4
0.00027 982.4
0.00028 982.4
0.00029 982.4
0.00030 982.4
0.00031 982.4
0.00032 982.4
0.00033 982.4
0.00034 982.4
0.00035 982.4
0.00036 982.4
0.00037 982.4
0.00038 982.4
0.00039 982.4
0.00040 982.4
0.00041 982.4
0.00042 982.4
0.00043 982.4
0.00044 982.4
0.00045 982.4
0.00046 982.4
0.00047 982.4
0.00048 982.4
0.00049 982.4
0.00050 982.4
0.00051 982.4
0.00052 982.4
0.00053 982.4
0.00054 982.4
0.00055 982.4
0.00056 982.4
0.00057 982.4
0.00058 982.4
0.00059 982.4
0.00060 982.4
0.00061 982.4
0.00062 982.4
0.00063 982.4
0.00064 982.4
0.00065 982.4
0.00066 982.4
0.00067 982.4
0.00068 982.4
0.00069 982.4
0.00070 982.4
0.00071 982.4
0.00072 982.4
0.00073 982.4
0.00074 982.4
0.00075 982.4
0.00076 982.4
0.00077 982.4
0.00078 982.4
0.00079 982.4
0.00080 982.4
0.00081 982.4
0.00082 982.4
0.00083 982.4
0.00084 982.4
0.00085 982.4
0.00086 982.4
0.00087 982.4
0.00088 982.4
0.00089 982.4
0.00090 982.4
0.00091 982.4
0.00092 982.4
0.00093 982.4
0.00094 982.4
0.00095 982.4
0.00096 982.4
0.00097 982.4
0.00098 982.4
0.00099 982.4
0.00100 982.4
0.00101 1006.0
0.00102 1030.0
0.00103 1054.6
0.00104 1079.7
0.00105 1105.3
0.00106 1131.5
0.00107 1158.1
0.00108 1185.4
0.00109 1213.1
0.00110 1241.5
0.00111 1270.4
0.00112 1300.0
0.00113 1330.1
0.00114 1360.9
0.00115 1392.3
0.00116 1424.3
0.00117 1457.0
0.00118 1490.4
0.00119 1524.5
0.00120 1559.3
0.00121 1594.9
0.00122 1631.3
0.00123 1668.5
0.00124 1706.5
0.00125 1745.4
0.00126 1785.3
0.00127 1826.2
0.00128 1868.1
0.00129 1911.2
0.00130 1955.5
0.00131 2001.1
0.00132 2048.2
0.00133 2096.9
0.00134 2147.3
0.00135 2199.6
0.00136 2254.1
0.00137 2311.1
0.00138 2370.8
0.00139 2433.6
0.00140 2500.0
0.00141 2570.5
0.00142 2645.6
0.00143 2726.2
0.00144 2813.2
0.00145 2907.5
0.00146 3010.6
0.00147 3124.0
0.00148 3249.7
0.00149 3389.9
0.00150 3547.8
0.00151 3640.0
0.00152 3751.4
0.00153 3885.0
0.00154 4044.4
0.00155 4234.0
0.00156 4459.0
0.00157 4725.7
0.00158 5041.8
0.00159 5415.9
0.00160 5857.7
0.00161 6377.3
0.00162 6983.6
0.00163 7682.2
0.00164 8472.4
0.00165 9343.1
0.00166 10270.4
0.00167 11218.8
0.00168 12147.1
0.00169 13017.2
0.00170 13801.5
0.00171 14486.2
0.00172 15068.9
0.00173 15554.5
0.00174 15952.0
0.00175 16271.0
0.00176 16521.1
0.00177 16710.7
0.00178 16846.9
0.00179 16935.9
0.00180 16982.9
0.00181 16992.0
0.00182 16967.0
0.00183 16910.7
0.00184 16825.8
0.00185 16714.4
0.00186 16578.4
0.00187 16419.5
0.00188 16239.2
0.00189 16039.0
0.00190 15820.1
0.00191 15583.8
0.00192 15331.3
0.00193 15063.8
0.00194 14782.6
0.00195 14488.8
0.00196 14183.7
0.00197 13868.5
0.00198 13544.6
0.00199 13213.0
0.00200 12875.2
0.00201 12532.4
0.00202 12185.7
0.00203 11836.6
0.00204 11486.2
0.00205 11135.6
0.00206 10786.0
0.00207 10438.4
0.00208 10094.0
0.00209 9753.7
0.00210 9418.3
0.00211 9088.6
0.00212 8765.5
0.00213 8449.5
0.00214 8141.3
0.00215 7841.2
0.00216 7549.8
0.00217 7267.4
0.00218 6994.2
0.00219 6730.4
0.00220 6476.1
0.00221 6231.4
0.00222 5996.3
0.00223 5770.8
0.00224 5554.6
0.00225 5347.8
0.00226 5150.0
0.00227 4961.1
0.00228 4780.9
0.00229 4609.0
0.00230 4445.3
0.00231 4289.3
0.00232 4140.9
0.00233 3999.7
0.00234 3865.3
0.00235 3737.6
0.00236 3616.1
0.00237 3500.6
0.00238 3390.8
0.00239 3286.4
0.00240 3187.2
0.00241 3092.7
0.00242 3002.9
0.00243 2917.4
0.00244 2836.0
0.00245 2758.5
0.00246 2684.7
0.00247 2614.3
0.00248 2547.2
0.00249 2483.1
0.00250 2422.0
0.00251 2363.6
0.00252 2307.8
0.00253 2254.5
0.00254 2203.5
0.00255 2154.7
0.00256 2107.9
0.00257 2063.2
0.00258 2020.2
0.00259 1979.1
0.00260 1939.6
0.00261 1901.7
0.00262 1865.4
0.00263 1830.4
0.00264 1796.9
0.00265 1764.6
0.00266 1733.6
0.00267 1703.8
0.00268 1675.1
0.00269 1647.6
0.00270 1621.0
0.00271 1595.5
0.00272 1571.0
0.00273 1547.3
0.00274 1524.6
0.00275 1502.7
0.00276 1481.6
0.00277 1461.4
0.00278 1441.8
0.00279 1423.1
0.00280 1405.0
0.00281 1387.6
0.00282 1370.8
0.00283 1354.7
0.00284 1339.2
0.00285 1324.3
0.00286 1309.9
0.00287 1296.1
0.00288 1282.8
0.00289 1270.0
0.00290 1257.7
0.00291 1245.9
0.00292 1234.5
0.00293 1223.5
0.00294 1213.0
0.00295 1202.8
0.00296 1193.0
0.00297 1183.6
0.00298 1174.6
0.00299 1165.8
0.00300 1157.4
0.00301 1149.4
0.00302 1141.6
0.00303 1134.1
0.00304 1126.8
0.00305 1119.9
0.00306 1113.2
0.00307 1106.7
0.00308 1100.5
0.00309 1094.5
0.00310 1088.7
0.00311 1083.1
0.00312 1077.7
0.00313 1072.5
0.00314 1067.5
0.00315 1062.6
0.00316 1058.0
0.00317 1053.4
0.00318 1049.1
0.00319 1044.9
0.00320 1040.8
0.00321 1036.9
0.00322 1033.1
0.00323 1029.4
0.00324 1025.9
0.00325 1022.5
0.00326 1019.1
0.00327 1015.9
0.00328 1012.8
0.00329 1009.8
0.00330 1006.9
0.00331 1004.1
0.00332 1001.4
0.00333 998.8
0.00334 996.2
0.00335 993.7
0.00336 991.4
0.00337 989.0
0.00338 986.8
0.00339 984.6
0.00340 982.5
0.00341 980.5
0.00342 978.5
0.00343 976.6
0.00344 974.7
0.00345 972.9
0.00346 971.1
0.00347 969.4
0.00348 967.8
0.00349 966.2
0.00350 964.6
0.00351 963.1
0.00352 961.7
0.00353 960.3
0.00354 958.9
0.00355 957.5
0.00356 956.2
0.00357 955.0
0.00358 953.7
0.00359 952.6
0.00360 951.4
0.00361 950.3
0.00362 949.2
0.00363 948.1
0.00364 947.1
0.00365 946.1
0.00366 945.1
0.00367 944.2
0.00368 943.2
0.00369 942.3
0.00370 941.5
0.00371 940.6
0.00372 939.8
0.00373 939.0
0.00374 938.2
0.00375 937.4
0.00376 936.7
0.00377 936.0
0.00378 935.3
0.00379 934.6
0.00380 933.9
0.00381 933.3
0.00382 932.7
0.00383 932.1
0.00384 931.5
0.00385 930.9
0.00386 930.3
0.00387 929.8
0.00388 929.2
0.00389 928.7
0.00390 928.2
0.00391 927.7
0.00392 927.2
0.00393 926.8
0.00394 926.3
0.00395 925.9
0.00396 925.4
0.00397 925.0
0.00398 924.6
0.00399 924.2
0.00400 923.8
0.00401 923.4
0.00402 923.1
0.00403 922.7
0.00404 922.4
0.00405 922.0
0.00406 921.7
0.00407 921.4
0.00408 921.1
0.00409 920.7
0.00410 920.4
0.00411 920.2
0.00412 919.9
0.00413 919.6
0.00414 919.3
0.00415 919.1
0.00416 918.8
0.00417 918.6
0.00418 918.3
0.00419 918.1
0.00420 917.8
0.00421 917.6
0.00422 917.4
0.00423 917.2
0.00424 917.0
0.00425 916.8
0.00426 916.6
0.00427 916.4
0.00428 916.2
0.00429 916.0
0.00430 915.9
0.00431 915.7
0.00432 915.5
0.00433 915.4
0.00434 915.2
0.00435 915.0
0.00436 914.9
0.00437 914.7
0.00438 914.6
0.00439 914.5
0.00440 914.3
0.00441 914.2
0.00442 914.1
0.00443 914.0
0.00444 913.8
0.00445 913.7
0.00446 913.6
0.00447 913.5
0.00448 913.4
0.00449 913.3
0.00450 913.2
0.00451 913.1
0.00452 913.0
0.00453 912.9
0.00454 912.8
0.00455 912.7
0.00456 912.7
0.00457 912.6
0.00458 912.5
0.00459 912.4
0.00460 912.4
0.00461 912.3
0.00462 912.2
0.00463 912.1
0.00464 912.1
0.00465 912.0
0.00466 912.0
0.00467 911.9
0.00468 911.9
0.00469 911.8
0.00470 911.8
0.00471 911.7
0.00472 911.7
0.00473 911.6
0.00474 911.6
0.00475 911.5
0.00476 911.5
0.00477 911.5
0.00478 911.4
0.00479 911.4
0.00480 911.3
0.00481 911.3
0.00482 911.3
0.00483 911.3
0.00484 911.2
0.00485 911.2
0.00486 911.2
0.00487 911.2
0.00488 911.1
0.00489 911.1
0.00490 911.1
0.00491 911.1
0.00492 911.1
0.00493 911.1
0.00494 911.0
0.00495 911.0
0.00496 911.0
0.00497 911.0
0.00498 911.0
0.00499 911.0
0.00500 911.0
0.00501 911.0
0.00502 911.0
0.00503 911.0
0.00504 911.0
0.00505 911.0
0.00506 911.0
0.00507 911.0
0.00508 911.0
0.00509 911.0
0.00510 911.0
0.00511 911.0
0.00512 911.0
0.00513 911.0
0.00514 911.0
0.00515 911.0
0.00516 911.1
0.00517 911.1
0.00518 911.1
0.00519 911.1
0.00520 911.1
0.00521 911.1
0.00522 911.1
0.00523 911.2
0.00524 911.2
0.00525 911.2
0.00526 911.2
0.00527 911.2
0.00528 911.2
0.00529 911.3
0.00530 911.3
0.00531 911.3
0.00532 911.3
0.00533 911.4
0.00534 911.4
0.00535 911.4
0.00536 911.4
0.00537 911.5
0.00538 911.5
0.00539 911.5
0.00540 911.5
0.00541 911.6
0.00542 911.6
0.00543 911.6
0.00544 911.6
0.00545 911.7
0.00546 911.7
0.00547 911.7
0.00548 911.8
0.00549 911.8
0.00550 911.8
0.00551 911.9
0.00552 911.9
0.00553 911.9
0.00554 912.0
0.00555 912.0
0.00556 912.0
0.00557 912.1
0.00558 912.1
0.00559 912.2
0.00560 912.2
0.00561 912.2
0.00562 912.3
0.00563 912.3
0.00564 912.4
0.00565 912.4
0.00566 912.4
0.00567 912.5
0.00568 912.5
0.00569 912.6
0.00570 912.6
0.00571 912.6
0.00572 912.7
0.00573 912.7
0.00574 912.8
0.00575 912.8
0.00576 912.9
0.00577 912.9
0.00578 912.9
0.00579 913.0
0.00580 913.0
0.00581 913.1
0.00582 913.1
0.00583 913.2
0.00584 913.2
0.00585 913.3
0.00586 913.3
0.00587 913.4
0.00588 913.4
0.00589 913.5
0.00590 913.5
0.00591 913.6
0.00592 913.6
0.00593 913.7
0.00594 913.7
0.00595 913.8
0.00596 913.8
0.00597 913.9
0.00598 913.9
0.00599 914.0
0.00600 914.0
0.00601 914.1
0.00602 914.1
0.00603 914.2
0.00604 914.2
0.00605 914.3
0.00606 914.3
0.00607 914.4
0.00608 914.4
0.00609 914.5
0.00610 914.5
0.00611 914.6
0.00612 914.6
0.00613 914.7
0.00614 914.8
0.00615 914.8
0.00616 914.9
0.00617 914.9
0.00618 915.0
0.00619 915.0
0.00620 915.1
0.00621 915.1
0.00622 915.2
0.00623 915.3
0.00624 915.3
0.00625 915.4
0.00626 915.4
0.00627 915.5
0.00628 915.5
0.00629 915.6
0.00630 915.7
0.00631 915.7
0.00632 915.8
0.00633 915.8
0.00634 915.9
0.00635 916.0
0.00636 916.0
0.00637 916.1
0.00638 916.1
0.00639 916.2
0.00640 916.3
0.00641 916.3
0.00642 916.4
0.00643 916.4
0.00644 916.5
0.00645 916.6
0.00646 916.6
0.00647 916.7
0.00648 916.7
0.00649 916.8
0.00650 916.9
0.00651 916.9
0.00652 917.0
0.00653 917.0
0.00654 917.1
0.00655 917.2
0.00656 917.2
0.00657 917.3
0.00658 917.4
0.00659 917.4
0.00660 917.5
0.00661 917.6
0.00662 917.6
0.00663 917.7
0.00664 917.7
0.00665 917.8
0.00666 917.9
0.00667 917.9
0.00668 918.0
0.00669 918.1
0.00670 918.1
0.00671 918.2
0.00672 918.3
0.00673 918.3
0.00674 918.4
0.00675 918.4
0.00676 918.5
0.00677 918.6
0.00678 918.6
0.00679 918.7
0.00680 918.8
0.00681 918.8
0.00682 918.9
0.00683 919.0
0.00684 919.0
0.00685 919.1
0.00686 919.2
0.00687 919.2
0.00688 919.3
0.00689 919.4
0.00690 919.4
0.00691 919.5
0.00692 919.6
0.00693 919.6
0.00694 919.7
0.00695 919.8
0.00696 919.8
0.00697 919.9
0.00698 920.0
0.00699 920.0
0.00700 920.1
0.00701 920.2
0.00702 920.2
0.00703 920.3
0.00704 920.4
0.00705 920.4
0.00706 920.5
0.00707 920.6
0.00708 920.6
0.00709 920.7
0.00710 920.8
0.00711 920.8
0.00712 920.9
0.00713 921.0
0.00714 921.0
0.00715 921.1
0.00716 921.2
0.00717 921.3
0.00718 921.3
0.00719 921.4
0.00720 921.5
0.00721 921.5
0.00722 921.6
0.00723 921.7
0.00724 921.7
0.00725 921.8
0.00726 921.9
0.00727 921.9
0.00728 922.0
0.00729 922.1
0.00730 922.1
0.00731 922.2
0.00732 922.3
0.00733 922.4
0.00734 922.4
0.00735 922.5
0.00736 922.6
0.00737 922.6
0.00738 922.7
0.00739 922.8
0.00740 922.8
0.00741 922.9
0.00742 923.0
0.00743 923.0
0.00744 923.1
0.00745 923.2
0.00746 923.3
0.00747 923.3
0.00748 923.4
0.00749 923.5
0.00750 923.5
0.00751 923.6
0.00752 923.7
0.00753 923.7
0.00754 923.8
0.00755 923.9
0.00756 924.0
0.00757 924.0
0.00758 924.1
0.00759 924.2
0.00760 924.2
0.00761 924.3
0.00762 924.4
0.00763 924.5
0.00764 924.5
0.00765 924.6
0.00766 924.7
0.00767 924.7
0.00768 924.8
0.00769 924.9
0.00770 924.9
0.00771 925.0
0.00772 925.1
0.00773 925.2
0.00774 925.2
0.00775 925.3
0.00776 925.4
0.00777 925.4
0.00778 925.5
0.00779 925.6
0.00780 925.7
0.00781 925.7
0.00782 925.8
0.00783 925.9
0.00784 925.9
0.00785 926.0
0.00786 926.1
0.00787 926.2
0.00788 926.2
0.00789 926.3
0.00790 926.4
0.00791 926.4
0.00792 926.5
0.00793 926.6
0.00794 926.7
0.00795 926.7
0.00796 926.8
0.00797 926.9
0.00798 926.9
0.00799 927.0
0.00800 927.1
0.00801 927.2
0.00802 927.2
0.00803 927.3
0.00804 927.4
0.00805 927.4
0.00806 927.5
0.00807 927.6
0.00808 927.7
0.00809 927.7
0.00810 927.8
0.00811 927.9
0.00812 927.9
0.00813 928.0
0.00814 928.1
0.00815 928.1
0.00816 928.2
0.00817 928.3
0.00818 928.4
0.00819 928.4
0.00820 928.5
0.00821 928.6
0.00822 928.6
0.00823 928.7
0.00824 928.8
0.00825 928.9
0.00826 928.9
0.00827 929.0
0.00828 929.1
0.00829 929.1
0.00830 929.2
0.00831 929.3
0.00832 929.4
0.00833 929.4
0.00834 929.5
0.00835 929.6
0.00836 929.6
0.00837 929.7
0.00838 929.8
0.00839 929.9
0.00840 929.9
0.00841 930.0
0.00842 930.1
0.00843 930.1
0.00844 930.2
0.00845 930.3
0.00846 930.4
0.00847 930.4
0.00848 930.5
0.00849 930.6
0.00850 930.6
0.00851 930.7
0.00852 930.8
0.00853 930.9
0.00854 930.9
0.00855 931.0
0.00856 931.1
0.00857 931.1
0.00858 931.2
0.00859 931.3
0.00860 931.3
0.00861 931.4
0.00862 931.5
0.00863 931.6
0.00864 931.6
0.00865 931.7
0.00866 931.8
0.00867 931.8
0.00868 931.9
0.00869 932.0
0.00870 932.1
0.00871 932.1
0.00872 932.2
0.00873 932.3
0.00874 932.3
0.00875 932.4
0.00876 932.5
0.00877 932.5
0.00878 932.6
0.00879 932.7
0.00880 932.8
0.00881 932.8
0.00882 932.9
0.00883 933.0
0.00884 933.0
0.00885 933.1
0.00886 933.2
0.00887 933.3
0.00888 933.3
0.00889 933.4
0.00890 933.5
0.00891 933.5
0.00892 933.6
0.00893 933.7
0.00894 933.7
0.00895 933.8
0.00896 933.9
0.00897 934.0
0.00898 934.0
0.00899 934.1
0.00900 934.2
0.00901 934.2
0.00902 934.3
0.00903 934.4
0.00904 934.4
0.00905 934.5
0.00906 934.6
0.00907 934.6
0.00908 934.7
0.00909 934.8
0.00910 934.9
0.00911 934.9
0.00912 935.0
0.00913 935.1
0.00914 935.1
0.00915 935.2
0.00916 935.3
0.00917 935.3
0.00918 935.4
0.00919 935.5
0.00920 935.5
0.00921 935.6
0.00922 935.7
0.00923 935.8
0.00924 935.8
0.00925 935.9
0.00926 936.0
0.00927 936.0
0.00928 936.1
0.00929 936.2
0.00930 936.2
0.00931 936.3
0.00932 936.4
0.00933 936.4
0.00934 936.5
0.00935 936.6
0.00936 936.6
0.00937 936.7
0.00938 936.8
0.00939 936.8
0.00940 936.9
0.00941 937.0
0.00942 937.0
0.00943 937.1
0.00944 937.2
0.00945 937.3
0.00946 937.3
0.00947 937.4
0.00948 937.5
0.00949 937.5
0.00950 937.6
0.00951 937.7
0.00952 937.7
0.00953 937.8
0.00954 937.9
0.00955 937.9
0.00956 938.0
0.00957 938.1
0.00958 938.1
0.00959 938.2
0.00960 938.3
0.00961 938.3
0.00962 938.4
0.00963 938.5
0.00964 938.5
0.00965 938.6
0.00966 938.7
0.00967 938.7
0.00968 938.8
0.00969 938.9
0.00970 938.9
0.00971 939.0
0.00972 939.1
0.00973 939.1
0.00974 939.2
0.00975 939.3
0.00976 939.3
0.00977 939.4
0.00978 939.5
0.00979 939.5
0.00980 939.6
0.00981 939.7
0.00982 939.7
0.00983 939.8
0.00984 939.9
0.00985 939.9
0.00986 940.0
0.00987 940.1
0.00988 940.1
0.00989 940.2
0.00990 940.3
0.00991 940.3
0.00992 940.4
0.00993 940.4
0.00994 940.5
0.00995 940.6
0.00996 940.6
0.00997 940.7
0.00998 940.8
0.00999 940.8
0.01000 940.9
0.01001 941.0
0.01002 941.0
0.01003 941.1
0.01004 941.2
0.01005 941.2
0.01006 941.3
0.01007 941.4
0.01008 941.4
0.01009 941.5
0.01010 941.5
0.01011 941.6
0.01012 941.7
0.01013 941.7
0.01014 941.8
0.01015 941.9
0.01016 941.9
0.01017 942.0
0.01018 942.1
0.01019 942.1
0.01020 942.2
0.01021 942.2
0.01022 942.3
0.01023 942.4
0.01024 942.4
0.01025 942.5
0.01026 942.6
0.01027 942.6
0.01028 942.7
0.01029 942.8
0.01030 942.8
0.01031 942.9
0.01032 942.9
0.01033 943.0
0.01034 943.1
0.01035 943.1
0.01036 943.2
0.01037 943.3
0.01038 943.3
0.01039 943.4
0.01040 943.4
0.01041 943.5
0.01042 943.6
0.01043 943.6
0.01044 943.7
0.01045 943.8
0.01046 943.8
0.01047 943.9
0.01048 943.9
0.01049 944.0
0.01050 944.1
0.01051 944.1
0.01052 944.2
0.01053 944.2
0.01054 944.3
0.01055 944.4
0.01056 944.4
0.01057 944.5
0.01058 944.6
0.01059 944.6
0.01060 944.7
0.01061 944.7
0.01062 944.8
0.01063 944.9
0.01064 944.9
0.01065 945.0
0.01066 945.0
0.01067 945.1
0.01068 945.2
0.01069 945.2
0.01070 945.3
0.01071 945.3
0.01072 945.4
0.01073 945.5
0.01074 945.5
0.01075 945.6
0.01076 945.6
0.01077 945.7
0.01078 945.8
0.01079 945.8
0.01080 945.9
0.01081 945.9
0.01082 946.0
0.01083 946.1
0.01084 946.1
0.01085 946.2
0.01086 946.2
0.01087 946.3
0.01088 946.4
0.01089 946.4
0.01090 946.5
0.01091 946.5
0.01092 946.6
0.01093 946.7
0.01094 946.7
0.01095 946.8
0.01096 946.8
0.01097 946.9
0.01098 946.9
0.01099 947.0
0.01100 947.1
0.01101 947.1
0.01102 947.2
0.01103 947.2
0.01104 947.3
0.01105 947.4
0.01106 947.4
0.01107 947.5
0.01108 947.5
0.01109 947.6
0.01110 947.6
0.01111 947.7
0.01112 947.8
0.01113 947.8
0.01114 947.9
0.01115 947.9
0.01116 948.0
0.01117 948.0
0.01118 948.1
0.01119 948.2
0.01120 948.2
0.01121 948.3
0.01122 948.3
0.01123 948.4
0.01124 948.4
0.01125 948.5
0.01126 948.6
0.01127 948.6
0.01128 948.7
0.01129 948.7
0.01130 948.8
0.01131 948.8
0.01132 948.9
0.01133 948.9
0.01134 949.0
0.01135 949.1
0.01136 949.1
0.01137 949.2
0.01138 949.2
0.01139 949.3
0.01140 949.3
0.01141 949.4
0.01142 949.4
0.01143 949.5
0.01144 949.6
0.01145 949.6
0.01146 949.7
0.01147 949.7
0.01148 949.8
0.01149 949.8
0.01150 949.9
0.01151 949.9
0.01152 950.0
0.01153 950.0
0.01154 950.1
0.01155 950.2
0.01156 950.2
0.01157 950.3
0.01158 950.3
0.01159 950.4
0.01160 950.4
0.01161 950.5
0.01162 950.5
0.01163 950.6
0.01164 950.6
0.01165 950.7
0.01166 950.7
0.01167 950.8
0.01168 950.9
0.01169 950.9
0.01170 951.0
0.01171 951.0
0.01172 951.1
0.01173 951.1
0.01174 951.2
0.01175 951.2
0.01176 951.3
0.01177 951.3
0.01178 951.4
0.01179 951.4
0.01180 951.5
0.01181 951.5
0.01182 951.6
0.01183 951.6
0.01184 951.7
0.01185 951.8
0.01186 951.8
0.01187 951.9
0.01188 951.9
0.01189 952.0
0.01190 952.0
0.01191 952.1
0.01192 952.1
0.01193 952.2
0.01194 952.2
0.01195 952.3
0.01196 952.3
0.01197 952.4
0.01198 952.4
0.01199 952.5
0.01200 952.5
0.01201 952.6
0.01202 952.6
0.01203 952.7
0.01204 952.7
0.01205 952.8
0.01206 952.8
0.01207 952.9
0.01208 952.9
0.01209 953.0
0.01210 953.0
0.01211 953.1
0.01212 953.1
0.01213 953.2
0.01214 953.2
0.01215 953.3
0.01216 953.3
0.01217 953.4
0.01218 953.4
0.01219 953.5
0.01220 953.5
0.01221 953.6
0.01222 953.6
0.01223 953.7
0.01224 953.7
0.01225 953.8
0.01226 953.8
0.01227 953.9
0.01228 953.9
0.01229 954.0
0.01230 954.0
0.01231 954.1
0.01232 954.1
0.01233 954.2
0.01234 954.2
0.01235 954.3
0.01236 954.3
0.01237 954.4
0.01238 954.4
0.01239 954.5
0.01240 954.5
0.01241 954.6
0.01242 954.6
0.01243 954.7
0.01244 954.7
0.01245 954.7
0.01246 954.8
0.01247 954.8
0.01248 954.9
0.01249 954.9
0.01250 955.0
0.01251 955.0
0.01252 955.1
0.01253 955.1
0.01254 955.2
0.01255 955.2
0.01256 955.3
0.01257 955.3
0.01258 955.4
0.01259 955.4
0.01260 955.5
0.01261 955.5
0.01262 955.6
0.01263 955.6
0.01264 955.6
0.01265 955.7
0.01266 955.7
0.01267 955.8
0.01268 955.8
0.01269 955.9
0.01270 955.9
0.01271 956.0
0.01272 956.0
0.01273 956.1
0.01274 956.1
0.01275 956.2
0.01276 956.2
0.01277 956.2
0.01278 956.3
0.01279 956.3
0.01280 956.4
0.01281 956.4
0.01282 956.5
0.01283 956.5
0.01284 956.6
0.01285 956.6
0.01286 956.6
0.01287 956.7
0.01288 956.7
0.01289 956.8
0.01290 956.8
0.01291 956.9
0.01292 956.9
0.01293 957.0
0.01294 957.0
0.01295 957.1
0.01296 957.1
0.01297 957.1
0.01298 957.2
0.01299 957.2
0.01300 957.3
0.01301 957.3
0.01302 957.4
0.01303 957.4
0.01304 957.4
0.01305 957.5
0.01306 957.5
0.01307 957.6
0.01308 957.6
0.01309 957.7
0.01310 957.7
0.01311 957.7
0.01312 957.8
0.01313 957.8
0.01314 957.9
0.01315 957.9
0.01316 958.0
0.01317 958.0
0.01318 958.0
0.01319 958.1
0.01320 958.1
0.01321 958.2
0.01322 958.2
0.01323 958.3
0.01324 958.3
0.01325 958.3
0.01326 958.4
0.01327 958.4
0.01328 958.5
0.01329 958.5
0.01330 958.6
0.01331 958.6
0.01332 958.6
0.01333 958.7
0.01334 958.7
0.01335 958.8
0.01336 958.8
0.01337 958.8
0.01338 958.9
0.01339 958.9
0.01340 959.0
0.01341 959.0
0.01342 959.1
0.01343 959.1
0.01344 959.1
0.01345 959.2
0.01346 959.2
0.01347 959.3
0.01348 959.3
0.01349 959.3
0.01350 959.4
0.01351 959.4
0.01352 959.5
0.01353 959.5
0.01354 959.5
0.01355 959.6
0.01356 959.6
0.01357 959.7
0.01358 959.7
0.01359 959.7
0.01360 959.8
0.01361 959.8
0.01362 959.9
0.01363 959.9
0.01364 959.9
0.01365 960.0
0.01366 960.0
0.01367 960.1
0.01368 960.1
0.01369 960.1
0.01370 960.2
0.01371 960.2
0.01372 960.3
0.01373 960.3
0.01374 960.3
0.01375 960.4
0.01376 960.4
0.01377 960.4
0.01378 960.5
0.01379 960.5
0.01380 960.6
0.01381 960.6
0.01382 960.6
0.01383 960.7
0.01384 960.7
0.01385 960.8
0.01386 960.8
0.01387 960.8
0.01388 960.9
0.01389 960.9
0.01390 960.9
0.01391 961.0
0.01392 961.0
0.01393 961.1
0.01394 961.1
0.01395 961.1
0.01396 961.2
0.01397 961.2
0.01398 961.2
0.01399 961.3
0.01400 961.3
0.01401 961.4
0.01402 961.4
0.01403 961.4
0.01404 961.5
0.01405 961.5
0.01406 961.5
0.01407 961.6
0.01408 961.6
0.01409 961.7
0.01410 961.7
0.01411 961.7
0.01412 961.8
0.01413 961.8
0.01414 961.8
0.01415 961.9
0.01416 961.9
0.01417 961.9
0.01418 962.0
0.01419 962.0
0.01420 962.1
0.01421 962.1
0.01422 962.1
0.01423 962.2
0.01424 962.2
0.01425 962.2
0.01426 962.3
0.01427 962.3
0.01428 962.3
0.01429 962.4
0.01430 962.4
0.01431 962.4
0.01432 962.5
0.01433 962.5
0.01434 962.6
0.01435 962.6
0.01436 962.6
0.01437 962.7
0.01438 962.7
0.01439 962.7
0.01440 962.8
0.01441 962.8
0.01442 962.8
0.01443 962.9
0.01444 962.9
0.01445 962.9
0.01446 963.0
0.01447 963.0
0.01448 963.0
0.01449 963.1
0.01450 963.1
0.01451 963.1
0.01452 963.2
0.01453 963.2
0.01454 963.2
0.01455 963.3
0.01456 963.3
0.01457 963.3
0.01458 963.4
0.01459 963.4
0.01460 963.4
0.01461 963.5
0.01462 963.5
0.01463 963.5
0.01464 963.6
0.01465 963.6
0.01466 963.6
0.01467 963.7
0.01468 963.7
0.01469 963.7
0.01470 963.8
0.01471 963.8
0.01472 963.8
0.01473 963.9
0.01474 963.9
0.01475 963.9
0.01476 964.0
0.01477 964.0
0.01478 964.0
0.01479 964.1
0.01480 964.1
0.01481 964.1
0.01482 964.2
0.01483 964.2
0.01484 964.2
0.01485 964.3
0.01486 964.3
0.01487 964.3
0.01488 964.4
0.01489 964.4
0.01490 964.4
0.01491 964.5
0.01492 964.5
0.01493 964.5
0.01494 964.6
0.01495 964.6
0.01496 964.6
0.01497 964.7
0.01498 964.7
0.01499 964.7
0.01500 964.7
0.01501 964.8
0.01502 964.8
0.01503 964.8
0.01504 964.9
0.01505 964.9
0.01506 964.9
0.01507 965.0
0.01508 965.0
0.01509 965.0
0.01510 965.1
0.01511 965.1
0.01512 965.1
0.01513 965.1
0.01514 965.2
0.01515 965.2
0.01516 965.2
0.01517 965.3
0.01518 965.3
0.01519 965.3
0.01520 965.4
0.01521 965.4
0.01522 965.4
0.01523 965.4
0.01524 965.5
0.01525 965.5
0.01526 965.5
0.01527 965.6
0.01528 965.6
0.01529 965.6
0.01530 965.7
0.01531 965.7
0.01532 965.7
0.01533 965.7
0.01534 965.8
0.01535 965.8
0.01536 965.8
0.01537 965.9
0.01538 965.9
0.01539 965.9
0.01540 966.0
0.01541 966.0
0.01542 966.0
0.01543 966.0
0.01544 966.1
0.01545 966.1
0.01546 966.1
0.01547 966.2
0.01548 966.2
0.01549 966.2
0.01550 966.2
0.01551 966.3
0.01552 966.3
0.01553 966.3
0.01554 966.4
0.01555 966.4
0.01556 966.4
0.01557 966.4
0.01558 966.5
0.01559 966.5
0.01560 966.5
0.01561 966.6
0.01562 966.6
0.01563 966.6
0.01564 966.6
0.01565 966.7
0.01566 966.7
0.01567 966.7
0.01568 966.7
0.01569 966.8
0.01570 966.8
0.01571 966.8
0.01572 966.9
0.01573 966.9
0.01574 966.9
0.01575 966.9
0.01576 967.0
0.01577 967.0
0.01578 967.0
0.01579 967.1
0.01580 967.1
0.01581 967.1
0.01582 967.1
0.01583 967.2
0.01584 967.2
0.01585 967.2
0.01586 967.2
0.01587 967.3
0.01588 967.3
0.01589 967.3
0.01590 967.3
0.01591 967.4
0.01592 967.4
0.01593 967.4
0.01594 967.5
0.01595 967.5
0.01596 967.5
0.01597 967.5
0.01598 967.6
0.01599 967.6
0.01600 967.6
0.01601 967.6
0.01602 967.7
0.01603 967.7
0.01604 967.7
0.01605 967.7
0.01606 967.8
0.01607 967.8
0.01608 967.8
0.01609 967.8
0.01610 967.9
0.01611 967.9
0.01612 967.9
0.01613 967.9
0.01614 968.0
0.01615 968.0
0.01616 968.0
0.01617 968.0
0.01618 968.1
0.01619 968.1
0.01620 968.1
0.01621 968.1
0.01622 968.2
0.01623 968.2
0.01624 968.2
0.01625 968.2
0.01626 968.3
0.01627 968.3
0.01628 968.3
0.01629 968.3
0.01630 968.4
0.01631 968.4
0.01632 968.4
0.01633 968.4
0.01634 968.5
0.01635 968.5
0.01636 968.5
0.01637 968.5
0.01638 968.6
0.01639 968.6
0.01640 968.6
0.01641 968.6
0.01642 968.7
0.01643 968.7
0.01644 968.7
0.01645 968.7
0.01646 968.8
0.01647 968.8
0.01648 968.8
0.01649 968.8
0.01650 968.9
0.01651 968.9
0.01652 968.9
0.01653 968.9
0.01654 969.0
0.01655 969.0
0.01656 969.0
0.01657 969.0
0.01658 969.0
0.01659 969.1
0.01660 969.1
0.01661 969.1
0.01662 969.1
0.01663 969.2
0.01664 969.2
0.01665 969.2
0.01666 969.2
0.01667 969.3
0.01668 969.3
0.01669 969.3
0.01670 969.3
0.01671 969.3
0.01672 969.4
0.01673 969.4
0.01674 969.4
0.01675 969.4
0.01676 969.5
0.01677 969.5
0.01678 969.5
0.01679 969.5
0.01680 969.6
0.01681 969.6
0.01682 969.6
0.01683 969.6
0.01684 969.6
0.01685 969.7
0.01686 969.7
0.01687 969.7
0.01688 969.7
0.01689 969.8
0.01690 969.8
0.01691 969.8
0.01692 969.8
0.01693 969.8
0.01694 969.9
0.01695 969.9
0.01696 969.9
0.01697 969.9
0.01698 970.0
0.01699 970.0
0.01700 970.0
0.01701 970.0
0.01702 970.0
0.01703 970.1
0.01704 970.1
0.01705 970.1
0.01706 970.1
0.01707 970.1
0.01708 970.2
0.01709 970.2
0.01710 970.2
0.01711 970.2
0.01712 970.3
0.01713 970.3
0.01714 970.3
0.01715 970.3
0.01716 970.3
0.01717 970.4
0.01718 970.4
0.01719 970.4
0.01720 970.4
0.01721 970.4
0.01722 970.5
0.01723 970.5
0.01724 970.5
0.01725 970.5
0.01726 970.5
0.01727 970.6
0.01728 970.6
0.01729 970.6
0.01730 970.6
0.01731 970.7
0.01732 970.7
0.01733 970.7
0.01734 970.7
0.01735 970.7
0.01736 970.8
0.01737 970.8
0.01738 970.8
0.01739 970.8
0.01740 970.8
0.01741 970.9
0.01742 970.9
0.01743 970.9
0.01744 970.9
0.01745 970.9
0.01746 971.0
0.01747 971.0
0.01748 971.0
0.01749 971.0
0.01750 971.0
0.01751 971.1
0.01752 971.1
0.01753 971.1
0.01754 971.1
0.01755 971.1
0.01756 971.2
0.01757 971.2
0.01758 971.2
0.01759 971.2
0.01760 971.2
0.01761 971.2
0.01762 971.3
0.01763 971.3
0.01764 971.3
0.01765 971.3
0.01766 971.3
0.01767 971.4
0.01768 971.4
0.01769 971.4
0.01770 971.4
0.01771 971.4
0.01772 971.5
0.01773 971.5
0.01774 971.5
0.01775 971.5
0.01776 971.5
0.01777 971.6
0.01778 971.6
0.01779 971.6
0.01780 971.6
0.01781 971.6
0.01782 971.6
0.01783 971.7
0.01784 971.7
0.01785 971.7
0.01786 971.7
0.01787 971.7
0.01788 971.8
0.01789 971.8
0.01790 971.8
0.01791 971.8
0.01792 971.8
0.01793 971.8
0.01794 971.9
0.01795 971.9
0.01796 971.9
0.01797 971.9
0.01798 971.9
0.01799 972.0
0.01800 972.0
0.01801 972.0
0.01802 972.0
0.01803 972.0
0.01804 972.0
0.01805 972.1
0.01806 972.1
0.01807 972.1
0.01808 972.1
0.01809 972.1
0.01810 972.2
0.01811 972.2
0.01812 972.2
0.01813 972.2
0.01814 972.2
0.01815 972.2
0.01816 972.3
0.01817 972.3
0.01818 972.3
0.01819 972.3
0.01820 972.3
0.01821 972.3
0.01822 972.4
0.01823 972.4
0.01824 972.4
0.01825 972.4
0.01826 972.4
0.01827 972.5
0.01828 972.5
0.01829 972.5
0.01830 972.5
0.01831 972.5
0.01832 972.5
0.01833 972.6
0.01834 972.6
0.01835 972.6
0.01836 972.6
0.01837 972.6
0.01838 972.6
0.01839 972.7
0.01840 972.7
0.01841 972.7
0.01842 972.7
0.01843 972.7
0.01844 972.7
0.01845 972.8
0.01846 972.8
0.01847 972.8
0.01848 972.8
0.01849 972.8
0.01850 972.8
0.01851 972.9
0.01852 972.9
0.01853 972.9
0.01854 972.9
0.01855 972.9
0.01856 972.9
0.01857 972.9
0.01858 973.0
0.01859 973.0
0.01860 973.0
0.01861 973.0
0.01862 973.0
0.01863 973.0
0.01864 973.1
0.01865 973.1
0.01866 973.1
0.01867 973.1
0.01868 973.1
0.01869 973.1
0.01870 973.2
0.01871 973.2
0.01872 973.2
0.01873 973.2
0.01874 973.2
0.01875 973.2
0.01876 973.3
0.01877 973.3
0.01878 973.3
0.01879 973.3
0.01880 973.3
0.01881 973.3
0.01882 973.3
0.01883 973.4
0.01884 973.4
0.01885 973.4
0.01886 973.4
0.01887 973.4
0.01888 973.4
0.01889 973.5
0.01890 973.5
0.01891 973.5
0.01892 973.5
0.01893 973.5
0.01894 973.5
0.01895 973.5
0.01896 973.6
0.01897 973.6
0.01898 973.6
0.01899 973.6
0.01900 973.6
0.01901 973.6
0.01902 973.6
0.01903 973.7
0.01904 973.7
0.01905 973.7
0.01906 973.7
0.01907 973.7
0.01908 973.7
0.01909 973.7
0.01910 973.8
0.01911 973.8
0.01912 973.8
0.01913 973.8
0.01914 973.8
0.01915 973.8
0.01916 973.9
0.01917 973.9
0.01918 973.9
0.01919 973.9
0.01920 973.9
0.01921 973.9
0.01922 973.9
0.01923 974.0
0.01924 974.0
0.01925 974.0
0.01926 974.0
0.01927 974.0
0.01928 974.0
0.01929 974.0
0.01930 974.1
0.01931 974.1
0.01932 974.1
0.01933 974.1
0.01934 974.1
0.01935 974.1
0.01936 974.1
0.01937 974.1
0.01938 974.2
0.01939 974.2
0.01940 974.2
0.01941 974.2
0.01942 974.2
0.01943 974.2
0.01944 974.2
0.01945 974.3
0.01946 974.3
0.01947 974.3
0.01948 974.3
0.01949 974.3
0.01950 974.3
0.01951 974.3
0.01952 974.4
0.01953 974.4
0.01954 974.4
0.01955 974.4
0.01956 974.4
0.01957 974.4
0.01958 974.4
0.01959 974.4
0.01960 974.5
0.01961 974.5
0.01962 974.5
0.01963 974.5
0.01964 974.5
0.01965 974.5
0.01966 974.5
0.01967 974.6
0.01968 974.6
0.01969 974.6
0.01970 974.6
0.01971 974.6
0.01972 974.6
0.01973 974.6
0.01974 974.6
0.01975 974.7
0.01976 974.7
0.01977 974.7
0.01978 974.7
0.01979 974.7
0.01980 974.7
0.01981 974.7
0.01982 974.7
0.01983 974.8
0.01984 974.8
0.01985 974.8
0.01986 974.8
0.01987 974.8
0.01988 974.8
0.01989 974.8
0.01990 974.8
0.01991 974.9
0.01992 974.9
0.01993 974.9
0.01994 974.9
0.01995 974.9
0.01996 974.9
0.01997 974.9
0.01998 974.9
0.01999 975.0
0.02000 982.4
0.02001 982.4
0.02002 982.4
0.02003 982.4
0.02004 982.4
0.02005 982.4
0.02006 982.4
0.02007 982.4
0.02008 982.4
0.02009 982.4
0.02010 982.4
0.02011 982.4
0.02012 982.4
0.02013 982.4
0.02014 982.4
0.02015 982.4
0.02016 982.4
0.02017 982.4
0.02018 982.4
0.02019 982.4
0.02020 982.4
0.02021 982.4
0.02022 982.4
0.02023 982.4
0.02024 982.4
0.02025 982.4
0.02026 982.4
0.02027 982.4
0.02028 982.4
0.02029 982.4
0.02030 982.4
0.02031 982.4
0.02032 982.4
0.02033 982.4
0.02034 982.4
0.02035 982.4
0.02036 982.4
0.02037 982.4
0.02038 982.4
0.02039 982.4
0.02040 982.4
0.02041 982.4
0.02042 982.4
0.02043 982.4
0.02044 982.4
0.02045 982.4
0.02046 982.4
0.02047 982.4
0.02048 982.4
0.02049 982.4
0.02050 982.4
0.02051 982.4
0.02052 982.4
0.02053 982.4
0.02054 982.4
0.02055 982.4
0.02056 982.4
0.02057 982.4
0.02058 982.4
0.02059 982.4
0.02060 982.4
0.02061 982.4
0.02062 982.4
0.02063 982.4
0.02064 982.4
0.02065 982.4
0.02066 982.4
0.02067 982.4
0.02068 982.4
0.02069 982.4
0.02070 982.4
0.02071 982.4
0.02072 982.4
0.02073 982.4
0.02074 982.4
0.02075 982.4
0.02076 982.4
0.02077 982.4
0.02078 982.4
0.02079 982.4
0.02080 982.4
0.02081 982.4
0.02082 982.4
0.02083 982.4
0.02084 982.4
0.02085 982.4
0.02086 982.4
0.02087 982.4
0.02088 982.4
0.02089 982.4
0.02090 982.4
0.02091 982.4
0.02092 982.4
0.02093 982.4
0.02094 982.4
0.02095 982.4
0.02096 982.4
0.02097 982.4
0.02098 982.4
0.02099 982.4
0.02100 982.4
0.02101 1006.0
0.02102 1030.0
0.02103 1054.6
0.02104 1079.7
0.02105 1105.3
0.02106 1131.5
0.02107 1158.1
0.02108 1185.4
0.02109 1213.1
0.02110 1241.5
0.02111 1270.4
0.02112 1300.0
0.02113 1330.1
0.02114 1360.9
0.02115 1392.3
0.02116 1424.3
0.02117 1457.0
0.02118 1490.4
0.02119 1524.5
0.02120 1559.3
0.02121 1594.9
0.02122 1631.3
0.02123 1668.5
0.02124 1706.5
0.02125 1745.4
0.02126 1785.3
0.02127 1826.2
0.02128 1868.1
0.02129 1911.2
0.02130 1955.5
0.02131 2001.1
0.02132 2048.2
0.02133 2096.9
0.02134 2147.3
0.02135 2199.6
0.02136 2254.1
0.02137 2311.1
0.02138 2370.8
0.02139 2433.6
0.02140 2500.0
0.02141 2570.5
0.02142 2645.6
0.02143 2726.2
0.02144 2813.2
0.02145 2907.5
0.02146 3010.6
0.02147 3124.0
0.02148 3249.7
0.02149 3389.9
0.02150 3547.8
0.02151 3640.0
0.02152 3751.4
0.02153 3885.0
0.02154 4044.4
0.02155 4234.0
0.02156 4459.0
0.02157 4725.7
0.02158 5041.8
0.02159 5415.9
0.02160 5857.7
0.02161 6377.3
0.02162 6983.6
0.02163 7682.2
0.02164 8472.4
0.02165 9343.1
0.02166 10270.4
0.02167 11218.8
0.02168 12147.1
0.02169 13017.2
0.02170 13801.5
0.02171 14486.2
0.02172 15068.9
0.02173 15554.5
0.02174 15952.0
0.02175 16271.0
0.02176 16521.1
0.02177 16710.7
0.02178 16846.9
0.02179 16935.9
0.02180 16982.9
0.02181 16992.0
0.02182 16967.0
0.02183 16910.7
0.02184 16825.8
0.02185 16714.4
0.02186 16578.4
0.02187 16419.5
0.02188 16239.2
0.02189 16039.0
0.02190 15820.1
0.02191 15583.8
0.02192 15331.3
0.02193 15063.8
0.02194 14782.6
0.02195 14488.8
0.02196 14183.7
0.02197 13868.5
0.02198 13544.6
0.02199 13213.0
0.02200 12875.2
0.02201 12532.4
0.02202 12185.7
0.02203 11836.6
0.02204 11486.2
0.02205 11135.6
0.02206 10786.0
0.02207 10438.4
0.02208 10094.0
0.02209 9753.7
0.02210 9418.3
0.02211 9088.6
0.02212 8765.5
0.02213 8449.5
0.02214 8141.3
0.02215 7841.2
0.02216 7549.8
0.02217 7267.4
0.02218 6994.2
0.02219 6730.4
0.02220 6476.1
0.02221 6231.4
0.02222 5996.3
0.02223 5770.8
0.02224 5554.6
0.02225 5347.8
0.02226 5150.0
0.02227 4961.1
0.02228 4780.9
0.02229 4609.0
0.02230 4445.3
0.02231 4289.3
0.02232 4140.9
0.02233 3999.7
0.02234 3865.3
0.02235 3737.6
0.02236 3616.1
0.02237 3500.6
0.02238 3390.8
0.02239 3286.4
0.02240 3187.2
0.02241 3092.7
0.02242 3002.9
0.02243 2917.4
0.02244 2836.0
0.02245 2758.5
0.02246 2684.7
0.02247 2614.3
0.02248 2547.2
0.02249 2483.1
0.02250 2422.0
0.02251 2363.6
0.02252 2307.8
0.02253 2254.5
0.02254 2203.5
0.02255 2154.7
0.02256 2107.9
0.02257 2063.2
0.02258 2020.2
0.02259 1979.1
0.02260 1939.6
0.02261 1901.7
0.02262 1865.4
0.02263 1830.4
0.02264 1796.9
0.02265 1764.6
0.02266 1733.6
0.02267 1703.8
0.02268 1675.1
0.02269 1647.6
0.02270 1621.0
0.02271 1595.5
0.02272 1571.0
0.02273 1547.3
0.02274 1524.6
0.02275 1502.7
0.02276 1481.6
0.02277 1461.4
0.02278 1441.8
0.02279 1423.1
0.02280 1405.0
0.02281 1387.6
0.02282 1370.8
0.02283 1354.7
0.02284 1339.2
0.02285 1324.3
0.02286 1309.9
0.02287 1296.1
0.02288 1282.8
0.02289 1270.0
0.02290 1257.7
0.02291 1245.9
0.02292 1234.5
0.02293 1223.5
0.02294 1213.0
0.02295 1202.8
0.02296 1193.0
0.02297 1183.6
0.02298 1174.6
0.02299 1165.8
0.02300 1157.4
0.02301 1149.4
0.02302 1141.6
0.02303 1134.1
0.02304 1126.8
0.02305 1119.9
0.02306 1113.2
0.02307 1106.7
0.02308 1100.5
0.02309 1094.5
0.02310 1088.7
0.02311 1083.1
0.02312 1077.7
0.02313 1072.5
0.02314 1067.5
0.02315 1062.6
0.02316 1058.0
0.02317 1053.4
0.02318 1049.1
0.02319 1044.9
0.02320 1040.8
0.02321 1036.9
0.02322 1033.1
0.02323 1029.4
0.02324 1025.9
0.02325 1022.5
0.02326 1019.1
0.02327 1015.9
0.02328 1012.8
0.02329 1009.8
0.02330 1006.9
0.02331 1004.1
0.02332 1001.4
0.02333 998.8
0.02334 996.2
0.02335 993.7
0.02336 991.4
0.02337 989.0
0.02338 986.8
0.02339 984.6
0.02340 982.5
0.02341 980.5
0.02342 978.5
0.02343 976.6
0.02344 974.7
0.02345 972.9
0.02346 971.1
0.02347 969.4
0.02348 967.8
0.02349 966.2
0.02350 964.6
0.02351 963.1
0.02352 961.7
0.02353 960.3
0.02354 958.9
0.02355 957.5
0.02356 956.2
0.02357 955.0
0.02358 953.7
0.02359 952.6
0.02360 951.4
0.02361 950.3
0.02362 949.2
0.02363 948.1
0.02364 947.1
0.02365 946.1
0.02366 945.1
0.02367 944.2
0.02368 943.2
0.02369 942.3
0.02370 941.5
0.02371 940.6
0.02372 939.8
0.02373 939.0
0.02374 938.2
0.02375 937.4
0.02376 936.7
0.02377 936.0
0.02378 935.3
0.02379 934.6
0.02380 933.9
0.02381 933.3
0.02382 932.7
0.02383 932.1
0.02384 931.5
0.02385 930.9
0.02386 930.3
0.02387 929.8
0.02388 929.2
0.02389 928.7
0.02390 928.2
0.02391 927.7
0.02392 927.2
0.02393 926.8
0.02394 926.3
0.02395 925.9
0.02396 925.4
0.02397 925.0
0.02398 924.6
0.02399 924.2
0.02400 923.8
0.02401 923.4
0.02402 923.1
0.02403 922.7
0.02404 922.4
0.02405 922.0
0.02406 921.7
0.02407 921.4
0.02408 921.1
0.02409 920.7
0.02410 920.4
0.02411 920.2
0.02412 919.9
0.02413 919.6
0.02414 919.3
0.02415 919.1
0.02416 918.8
0.02417 918.6
0.02418 918.3
0.02419 918.1
0.02420 917.8
0.02421 917.6
0.02422 917.4
0.02423 917.2
0.02424 917.0
0.02425 916.8
0.02426 916.6
0.02427 916.4
0.02428 916.2
0.02429 916.0
0.02430 915.9
0.02431 915.7
0.02432 915.5
0.02433 915.4
0.02434 915.2
0.02435 915.0
0.02436 914.9
0.02437 914.7
0.02438 914.6
0.02439 914.5
0.02440 914.3
0.02441 914.2
0.02442 914.1
0.02443 914.0
0.02444 913.8
0.02445 913.7
0.02446 913.6
0.02447 913.5
0.02448 913.4
0.02449 913.3
0.02450 913.2
0.02451 913.1
0.02452 913.0
0.02453 912.9
0.02454 912.8
0.02455 912.7
0.02456 912.7
0.02457 912.6
0.02458 912.5
0.02459 912.4
0.02460 912.4
0.02461 912.3
0.02462 912.2
0.02463 912.1
0.02464 912.1
0.02465 912.0
0.02466 912.0
0.02467 911.9
0.02468 911.9
0.02469 911.8
0.02470 911.8
0.02471 911.7
0.02472 911.7
0.02473 911.6
0.02474 911.6
0.02475 911.5
0.02476 911.5
0.02477 911.5
0.02478 911.4
0.02479 911.4
0.02480 911.3
0.02481 911.3
0.02482 911.3
0.02483 911.3
0.02484 911.2
0.02485 911.2
0.02486 911.2
0.02487 911.2
0.02488 911.1
0.02489 911.1
0.02490 911.1
0.02491 911.1
0.02492 911.1
0.02493 911.1
0.02494 911.0
0.02495 911.0
0.02496 911.0
0.02497 911.0
0.02498 911.0
0.02499 911.0
0.02500 911.0
0.02501 911.0
0.02502 911.0
0.02503 911.0
0.02504 911.0
0.02505 911.0
0.02506 911.0
0.02507 911.0
0.02508 911.0
0.02509 911.0
0.02510 911.0
0.02511 911.0
0.02512 911.0
0.02513 911.0
0.02514 911.0
0.02515 911.0
0.02516 911.1
0.02517 911.1
0.02518 911.1
0.02519 911.1
0.02520 911.1
0.02521 911.1
0.02522 911.1
0.02523 911.2
0.02524 911.2
0.02525 911.2
0.02526 911.2
0.02527 911.2
0.02528 911.2
0.02529 911.3
0.02530 911.3
0.02531 911.3
0.02532 911.3
0.02533 911.4
0.02534 911.4
0.02535 911.4
0.02536 911.4
0.02537 911.5
0.02538 911.5
0.02539 911.5
0.02540 911.5
0.02541 911.6
0.02542 911.6
0.02543 911.6
0.02544 911.6
0.02545 911.7
0.02546 911.7
0.02547 911.7
0.02548 911.8
0.02549 911.8
0.02550 911.8
0.02551 911.9
0.02552 911.9
0.02553 911.9
0.02554 912.0
0.02555 912.0
0.02556 912.0
0.02557 912.1
0.02558 912.1
0.02559 912.2
0.02560 912.2
0.02561 912.2
0.02562 912.3
0.02563 912.3
0.02564 912.4
0.02565 912.4
0.02566 912.4
0.02567 912.5
0.02568 912.5
0.02569 912.6
0.02570 912.6
0.02571 912.6
0.02572 912.7
0.02573 912.7
0.02574 912.8
0.02575 912.8
0.02576 912.9
0.02577 912.9
0.02578 912.9
0.02579 913.0
0.02580 913.0
0.02581 913.1
0.02582 913.1
0.02583 913.2
0.02584 913.2
0.02585 913.3
0.02586 913.3
0.02587 913.4
0.02588 913.4
0.02589 913.5
0.02590 913.5
0.02591 913.6
0.02592 913.6
0.02593 913.7
0.02594 913.7
0.02595 913.8
0.02596 913.8
0.02597 913.9
0.02598 913.9
0.02599 914.0
0.02600 914.0
0.02601 914.1
0.02602 914.1
0.02603 914.2
0.02604 914.2
0.02605 914.3
0.02606 914.3
0.02607 914.4
0.02608 914.4
0.02609 914.5
0.02610 914.5
0.02611 914.6
0.02612 914.6
0.02613 914.7
0.02614 914.8
0.02615 914.8
0.02616 914.9
0.02617 914.9
0.02618 915.0
0.02619 915.0
0.02620 915.1
0.02621 915.1
0.02622 915.2
0.02623 915.3
0.02624 915.3
0.02625 915.4
0.02626 915.4
0.02627 915.5
0.02628 915.5
0.02629 915.6
0.02630 915.7
0.02631 915.7
0.02632 915.8
0.02633 915.8
0.02634 915.9
0.02635 916.0
0.02636 916.0
0.02637 916.1
0.02638 916.1
0.02639 916.2
0.02640 916.3
0.02641 916.3
0.02642 916.4
0.02643 916.4
0.02644 916.5
0.02645 916.6
0.02646 916.6
0.02647 916.7
0.02648 916.7
0.02649 916.8
0.02650 916.9
0.02651 916.9
0.02652 917.0
0.02653 917.0
0.02654 917.1
0.02655 917.2
0.02656 917.2
0.02657 917.3
0.02658 917.4
0.02659 917.4
0.02660 917.5
0.02661 917.6
0.02662 917.6
0.02663 917.7
0.02664 917.7
0.02665 917.8
0.02666 917.9
0.02667 917.9
0.02668 918.0
0.02669 918.1
0.02670 918.1
0.02671 918.2
0.02672 918.3
0.02673 918.3
0.02674 918.4
0.02675 918.4
0.02676 918.5
0.02677 918.6
0.02678 918.6
0.02679 918.7
0.02680 918.8
0.02681 918.8
0.02682 918.9
0.02683 919.0
0.02684 919.0
0.02685 919.1
0.02686 919.2
0.02687 919.2
0.02688 919.3
0.02689 919.4
0.02690 919.4
0.02691 919.5
0.02692 919.6
0.02693 919.6
0.02694 919.7
0.02695 919.8
0.02696 919.8
0.02697 919.9
0.02698 920.0
0.02699 920.0
0.02700 920.1
0.02701 920.2
0.02702 920.2
0.02703 920.3
0.02704 920.4
0.02705 920.4
0.02706 920.5
0.02707 920.6
0.02708 920.6
0.02709 920.7
0.02710 920.8
0.02711 920.8
0.02712 920.9
0.02713 921.0
0.02714 921.0
0.02715 921.1
0.02716 921.2
0.02717 921.3
0.02718 921.3
0.02719 921.4
0.02720 921.5
0.02721 921.5
0.02722 921.6
0.02723 921.7
0.02724 921.7
0.02725 921.8
0.02726 921.9
0.02727 921.9
0.02728 922.0
0.02729 922.1
0.02730 922.1
0.02731 922.2
0.02732 922.3
0.02733 922.4
0.02734 922.4
0.02735 922.5
0.02736 922.6
0.02737 922.6
0.02738 922.7
0.02739 922.8
0.02740 922.8
0.02741 922.9
0.02742 923.0
0.02743 923.0
0.02744 923.1
0.02745 923.2
0.02746 923.3
0.02747 923.3
0.02748 923.4
0.02749 923.5
0.02750 923.5
0.02751 923.6
0.02752 923.7
0.02753 923.7
0.02754 923.8
0.02755 923.9
0.02756 924.0
0.02757 924.0
0.02758 924.1
0.02759 924.2
0.02760 924.2
0.02761 924.3
0.02762 924.4
0.02763 924.5
0.02764 924.5
0.02765 924.6
0.02766 924.7
0.02767 924.7
0.02768 924.8
0.02769 924.9
0.02770 924.9
0.02771 925.0
0.02772 925.1
0.02773 925.2
0.02774 925.2
0.02775 925.3
0.02776 925.4
0.02777 925.4
0.02778 925.5
0.02779 925.6
0.02780 925.7
0.02781 925.7
0.02782 925.8
0.02783 925.9
0.02784 925.9
0.02785 926.0
0.02786 926.1
0.02787 926.2
0.02788 926.2
0.02789 926.3
0.02790 926.4
0.02791 926.4
0.02792 926.5
0.02793 926.6
0.02794 926.7
0.02795 926.7
0.02796 926.8
0.02797 926.9
0.02798 926.9
0.02799 927.0
0.02800 927.1
0.02801 927.2
0.02802 927.2
0.02803 927.3
0.02804 927.4
0.02805 927.4
0.02806 927.5
0.02807 927.6
0.02808 927.7
0.02809 927.7
0.02810 927.8
0.02811 927.9
0.02812 927.9
0.02813 928.0
0.02814 928.1
0.02815 928.1
0.02816 928.2
0.02817 928.3
0.02818 928.4
0.02819 928.4
0.02820 928.5
0.02821 928.6
0.02822 928.6
0.02823 928.7
0.02824 928.8
0.02825 928.9
0.02826 928.9
0.02827 929.0
0.02828 929.1
0.02829 929.1
0.02830 929.2
0.02831 929.3
0.02832 929.4
0.02833 929.4
0.02834 929.5
0.02835 929.6
0.02836 929.6
0.02837 929.7
0.02838 929.8
0.02839 929.9
0.02840 929.9
0.02841 930.0
0.02842 930.1
0.02843 930.1
0.02844 930.2
0.02845 930.3
0.02846 930.4
0.02847 930.4
0.02848 930.5
0.02849 930.6
0.02850 930.6
0.02851 930.7
0.02852 930.8
0.02853 930.9
0.02854 930.9
0.02855 931.0
0.02856 931.1
0.02857 931.1
0.02858 931.2
0.02859 931.3
0.02860 931.3
0.02861 931.4
0.02862 931.5
0.02863 931.6
0.02864 931.6
0.02865 931.7
0.02866 931.8
0.02867 931.8
0.02868 931.9
0.02869 932.0
0.02870 932.1
0.02871 932.1
0.02872 932.2
0.02873 932.3
0.02874 932.3
0.02875 932.4
0.02876 932.5
0.02877 932.5
0.02878 932.6
0.02879 932.7
0.02880 932.8
0.02881 932.8
0.02882 932.9
0.02883 933.0
0.02884 933.0
0.02885 933.1
0.02886 933.2
0.02887 933.3
0.02888 933.3
0.02889 933.4
0.02890 933.5
0.02891 933.5
0.02892 933.6
0.02893 933.7
0.02894 933.7
0.02895 933.8
0.02896 933.9
0.02897 934.0
0.02898 934.0
0.02899 934.1
0.02900 934.2
0.02901 934.2
0.02902 934.3
0.02903 934.4
0.02904 934.4
0.02905 934.5
0.02906 934.6
0.02907 934.6
0.02908 934.7
0.02909 934.8
0.02910 934.9
0.02911 934.9
0.02912 935.0
0.02913 935.1
0.02914 935.1
0.02915 935.2
0.02916 935.3
0.02917 935.3
0.02918 935.4
0.02919 935.5
0.02920 935.5
0.02921 935.6
0.02922 935.7
0.02923 935.8
0.02924 935.8
0.02925 935.9
0.02926 936.0
0.02927 936.0
0.02928 936.1
0.02929 936.2
0.02930 936.2
0.02931 936.3
0.02932 936.4
0.02933 936.4
0.02934 936.5
0.02935 936.6
0.02936 936.6
0.02937 936.7
0.02938 936.8
0.02939 936.8
0.02940 936.9
0.02941 937.0
0.02942 937.0
0.02943 937.1
0.02944 937.2
0.02945 937.3
0.02946 937.3
0.02947 937.4
0.02948 937.5
0.02949 937.5
0.02950 937.6
0.02951 937.7
0.02952 937.7
0.02953 937.8
0.02954 937.9
0.02955 937.9
0.02956 938.0
0.02957 938.1
0.02958 938.1
0.02959 938.2
0.02960 938.3
0.02961 938.3
0.02962 938.4
0.02963 938.5
0.02964 938.5
0.02965 938.6
0.02966 938.7
0.02967 938.7
0.02968 938.8
0.02969 938.9
0.02970 938.9
0.02971 939.0
0.02972 939.1
0.02973 939.1
0.02974 939.2
0.02975 939.3
0.02976 939.3
0.02977 939.4
0.02978 939.5
0.02979 939.5
0.02980 939.6
0.02981 939.7
0.02982 939.7
0.02983 939.8
0.02984 939.9
0.02985 939.9
0.02986 940.0
0.02987 940.1
0.02988 940.1
0.02989 940.2
0.02990 940.3
0.02991 940.3
0.02992 940.4
0.02993 940.4
0.02994 940.5
0.02995 940.6
0.02996 940.6
0.02997 940.7
0.02998 940.8
0.02999 940.8
0.03000 940.9
0.03001 941.0
0.03002 941.0
0.03003 941.1
0.03004 941.2
0.03005 941.2
0.03006 941.3
0.03007 941.4
0.03008 941.4
0.03009 941.5
0.03010 941.5
0.03011 941.6
0.03012 941.7
0.03013 941.7
0.03014 941.8
0.03015 941.9
0.03016 941.9
0.03017 942.0
0.03018 942.1
0.03019 942.1
0.03020 942.2
0.03021 942.2
0.03022 942.3
0.03023 942.4
0.03024 942.4
0.03025 942.5
0.03026 942.6
0.03027 942.6
0.03028 942.7
0.03029 942.8
0.03030 942.8
0.03031 942.9
0.03032 942.9
0.03033 943.0
0.03034 943.1
0.03035 943.1
0.03036 943.2
0.03037 943.3
0.03038 943.3
0.03039 943.4
0.03040 943.4
0.03041 943.5
0.03042 943.6
0.03043 943.6
0.03044 943.7
0.03045 943.8
0.03046 943.8
0.03047 943.9
0.03048 943.9
0.03049 944.0
0.03050 944.1
0.03051 944.1
0.03052 944.2
0.03053 944.2
0.03054 944.3
0.03055 944.4
0.03056 944.4
0.03057 944.5
0.03058 944.6
0.03059 944.6
0.03060 944.7
0.03061 944.7
0.03062 944.8
0.03063 944.9
0.03064 944.9
0.03065 945.0
0.03066 945.0
0.03067 945.1
0.03068 945.2
0.03069 945.2
0.03070 945.3
0.03071 945.3
0.03072 945.4
0.03073 945.5
0.03074 945.5
0.03075 945.6
0.03076 945.6
0.03077 945.7
0.03078 945.8
0.03079 945.8
0.03080 945.9
0.03081 945.9
0.03082 946.0
0.03083 946.1
0.03084 946.1
0.03085 946.2
0.03086 946.2
0.03087 946.3
0.03088 946.4
0.03089 946.4
0.03090 946.5
0.03091 946.5
0.03092 946.6
0.03093 946.7
0.03094 946.7
0.03095 946.8
0.03096 946.8
0.03097 946.9
0.03098 946.9
0.03099 947.0
0.03100 947.1
0.03101 947.1
0.03102 947.2
0.03103 947.2
0.03104 947.3
0.03105 947.4
0.03106 947.4
0.03107 947.5
0.03108 947.5
0.03109 947.6
0.03110 947.6
0.03111 947.7
0.03112 947.8
0.03113 947.8
0.03114 947.9
0.03115 947.9
0.03116 948.0
0.03117 948.0
0.03118 948.1
0.03119 948.2
0.03120 948.2
0.03121 948.3
0.03122 948.3
0.03123 948.4
0.03124 948.4
0.03125 948.5
0.03126 948.6
0.03127 948.6
0.03128 948.7
0.03129 948.7
0.03130 948.8
0.03131 948.8
0.03132 948.9
0.03133 948.9
0.03134 949.0
0.03135 949.1
0.03136 949.1
0.03137 949.2
0.03138 949.2
0.03139 949.3
0.03140 949.3
0.03141 949.4
0.03142 949.4
0.03143 949.5
0.03144 949.6
0.03145 949.6
0.03146 949.7
0.03147 949.7
0.03148 949.8
0.03149 949.8
0.03150 949.9
0.03151 949.9
0.03152 950.0
0.03153 950.0
0.03154 950.1
0.03155 950.2
0.03156 950.2
0.03157 950.3
0.03158 950.3
0.03159 950.4
0.03160 950.4
0.03161 950.5
0.03162 950.5
0.03163 950.6
0.03164 950.6
0.03165 950.7
0.03166 950.7
0.03167 950.8
0.03168 950.9
0.03169 950.9
0.03170 951.0
0.03171 951.0
0.03172 951.1
0.03173 951.1
0.03174 951.2
0.03175 951.2
0.03176 951.3
0.03177 951.3
0.03178 951.4
0.03179 951.4
0.03180 951.5
0.03181 951.5
0.03182 951.6
0.03183 951.6
0.03184 951.7
0.03185 951.8
0.03186 951.8
0.03187 951.9
0.03188 951.9
0.03189 952.0
0.03190 952.0
0.03191 952.1
0.03192 952.1
0.03193 952.2
0.03194 952.2
0.03195 952.3
0.03196 952.3
0.03197 952.4
0.03198 952.4
0.03199 952.5
0.03200 952.5
0.03201 952.6
0.03202 952.6
0.03203 952.7
0.03204 952.7
0.03205 952.8
0.03206 952.8
0.03207 952.9
0.03208 952.9
0.03209 953.0
0.03210 953.0
0.03211 953.1
0.03212 953.1
0.03213 953.2
0.03214 953.2
0.03215 953.3
0.03216 953.3
0.03217 953.4
0.03218 953.4
0.03219 953.5
0.03220 953.5
0.03221 953.6
0.03222 953.6
0.03223 953.7
0.03224 953.7
0.03225 953.8
0.03226 953.8
0.03227 953.9
0.03228 953.9
0.03229 954.0
0.03230 954.0
0.03231 954.1
0.03232 954.1
0.03233 954.2
0.03234 954.2
0.03235 954.3
0.03236 954.3
0.03237 954.4
0.03238 954.4
0.03239 954.5
0.03240 954.5
0.03241 954.6
0.03242 954.6
0.03243 954.7
0.03244 954.7
0.03245 954.7
0.03246 954.8
0.03247 954.8
0.03248 954.9
0.03249 954.9
0.03250 955.0
0.03251 955.0
0.03252 955.1
0.03253 955.1
0.03254 955.2
0.03255 955.2
0.03256 955.3
0.03257 955.3
0.03258 955.4
0.03259 955.4
0.03260 955.5
0.03261 955.5
0.03262 955.6
0.03263 955.6
0.03264 955.6
0.03265 955.7
0.03266 955.7
0.03267 955.8
0.03268 955.8
0.03269 955.9
0.03270 955.9
0.03271 956.0
0.03272 956.0
0.03273 956.1
0.03274 956.1
0.03275 956.2
0.03276 956.2
0.03277 956.2
0.03278 956.3
0.03279 956.3
0.03280 956.4
0.03281 956.4
0.03282 956.5
0.03283 956.5
0.03284 956.6
0.03285 956.6
0.03286 956.6
0.03287 956.7
0.03288 956.7
0.03289 956.8
0.03290 956.8
0.03291 956.9
0.03292 956.9
0.03293 957.0
0.03294 957.0
0.03295 957.1
0.03296 957.1
0.03297 957.1
0.03298 957.2
0.03299 957.2
0.03300 957.3
0.03301 957.3
0.03302 957.4
0.03303 957.4
0.03304 957.4
0.03305 957.5
0.03306 957.5
0.03307 957.6
0.03308 957.6
0.03309 957.7
0.03310 957.7
0.03311 957.7
0.03312 957.8
0.03313 957.8
0.03314 957.9
0.03315 957.9
0.03316 958.0
0.03317 958.0
0.03318 958.0
0.03319 958.1
0.03320 958.1
0.03321 958.2
0.03322 958.2
0.03323 958.3
0.03324 958.3
0.03325 958.3
0.03326 958.4
0.03327 958.4
0.03328 958.5
0.03329 958.5
0.03330 958.6
0.03331 958.6
0.03332 958.6
0.03333 958.7
0.03334 958.7
0.03335 958.8
0.03336 958.8
0.03337 958.8
0.03338 958.9
0.03339 958.9
0.03340 959.0
0.03341 959.0
0.03342 959.1
0.03343 959.1
0.03344 959.1
0.03345 959.2
0.03346 959.2
0.03347 959.3
0.03348 959.3
0.03349 959.3
0.03350 959.4
0.03351 959.4
0.03352 959.5
0.03353 959.5
0.03354 959.5
0.03355 959.6
0.03356 959.6
0.03357 959.7
0.03358 959.7
0.03359 959.7
0.03360 959.8
0.03361 959.8
0.03362 959.9
0.03363 959.9
0.03364 959.9
0.03365 960.0
0.03366 960.0
0.03367 960.1
0.03368 960.1
0.03369 960.1
0.03370 960.2
0.03371 960.2
0.03372 960.3
0.03373 960.3
0.03374 960.3
0.03375 960.4
0.03376 960.4
0.03377 960.4
0.03378 960.5
0.03379 960.5
0.03380 960.6
0.03381 960.6
0.03382 960.6
0.03383 960.7
0.03384 960.7
0.03385 960.8
0.03386 960.8
0.03387 960.8
0.03388 960.9
0.03389 960.9
0.03390 960.9
0.03391 961.0
0.03392 961.0
0.03393 961.1
0.03394 961.1
0.03395 961.1
0.03396 961.2
0.03397 961.2
0.03398 961.2
0.03399 961.3
0.03400 961.3
0.03401 961.4
0.03402 961.4
0.03403 961.4
0.03404 961.5
0.03405 961.5
0.03406 961.5
0.03407 961.6
0.03408 961.6
0.03409 961.7
0.03410 961.7
0.03411 961.7
0.03412 961.8
0.03413 961.8
0.03414 961.8
0.03415 961.9
0.03416 961.9
0.03417 961.9
0.03418 962.0
0.03419 962.0
0.03420 962.1
0.03421 962.1
0.03422 962.1
0.03423 962.2
0.03424 962.2
0.03425 962.2
0.03426 962.3
0.03427 962.3
0.03428 962.3
0.03429 962.4
0.03430 962.4
0.03431 962.4
0.03432 962.5
0.03433 962.5
0.03434 962.6
0.03435 962.6
0.03436 962.6
0.03437 962.7
0.03438 962.7
0.03439 962.7
0.03440 962.8
0.03441 962.8
0.03442 962.8
0.03443 962.9
0.03444 962.9
0.03445 962.9
0.03446 963.0
0.03447 963.0
0.03448 963.0
0.03449 963.1
0.03450 963.1
0.03451 963.1
0.03452 963.2
0.03453 963.2
0.03454 963.2
0.03455 963.3
0.03456 963.3
0.03457 963.3
0.03458 963.4
0.03459 963.4
0.03460 963.4
0.03461 963.5
0.03462 963.5
0.03463 963.5
0.03464 963.6
0.03465 963.6
0.03466 963.6
0.03467 963.7
0.03468 963.7
0.03469 963.7
0.03470 963.8
0.03471 963.8
0.03472 963.8
0.03473 963.9
0.03474 963.9
0.03475 963.9
0.03476 964.0
0.03477 964.0
0.03478 964.0
0.03479 964.1
0.03480 964.1
0.03481 964.1
0.03482 964.2
0.03483 964.2
0.03484 964.2
0.03485 964.3
0.03486 964.3
0.03487 964.3
0.03488 964.4
0.03489 964.4
0.03490 964.4
0.03491 964.5
0.03492 964.5
0.03493 964.5
0.03494 964.6
0.03495 964.6
0.03496 964.6
0.03497 964.7
0.03498 964.7
0.03499 964.7
0.03500 964.7
0.03501 964.8
0.03502 964.8
0.03503 964.8
0.03504 964.9
0.03505 964.9
0.03506 964.9
0.03507 965.0
0.03508 965.0
0.03509 965.0
0.03510 965.1
0.03511 965.1
0.03512 965.1
0.03513 965.1
0.03514 965.2
0.03515 965.2
0.03516 965.2
0.03517 965.3
0.03518 965.3
0.03519 965.3
0.03520 965.4
0.03521 965.4
0.03522 965.4
0.03523 965.4
0.03524 965.5
0.03525 965.5
0.03526 965.5
0.03527 965.6
0.03528 965.6
0.03529 965.6
0.03530 965.7
0.03531 965.7
0.03532 965.7
0.03533 965.7
0.03534 965.8
0.03535 965.8
0.03536 965.8
0.03537 965.9
0.03538 965.9
0.03539 965.9
0.03540 966.0
0.03541 966.0
0.03542 966.0
0.03543 966.0
0.03544 966.1
0.03545 966.1
0.03546 966.1
0.03547 966.2
0.03548 966.2
0.03549 966.2
0.03550 966.2
0.03551 966.3
0.03552 966.3
0.03553 966.3
0.03554 966.4
0.03555 966.4
0.03556 966.4
0.03557 966.4
0.03558 966.5
0.03559 966.5
0.03560 966.5
0.03561 966.6
0.03562 966.6
0.03563 966.6
0.03564 966.6
0.03565 966.7
0.03566 966.7
0.03567 966.7
0.03568 966.7
0.03569 966.8
0.03570 966.8
0.03571 966.8
0.03572 966.9
0.03573 966.9
0.03574 966.9
0.03575 966.9
0.03576 967.0
0.03577 967.0
0.03578 967.0
0.03579 967.1
0.03580 967.1
0.03581 967.1
0.03582 967.1
0.03583 967.2
0.03584 967.2
0.03585 967.2
0.03586 967.2
0.03587 967.3
0.03588 967.3
0.03589 967.3
0.03590 967.3
0.03591 967.4
0.03592 967.4
0.03593 967.4
0.03594 967.5
0.03595 967.5
0.03596 967.5
0.03597 967.5
0.03598 967.6
0.03599 967.6
0.03600 967.6
0.03601 967.6
0.03602 967.7
0.03603 967.7
0.03604 967.7
0.03605 967.7
0.03606 967.8
0.03607 967.8
0.03608 967.8
0.03609 967.8
0.03610 967.9
0.03611 967.9
0.03612 967.9
0.03613 967.9
0.03614 968.0
0.03615 968.0
0.03616 968.0
0.03617 968.0
0.03618 968.1
0.03619 968.1
0.03620 968.1
0.03621 968.1
0.03622 968.2
0.03623 968.2
0.03624 968.2
0.03625 968.2
0.03626 968.3
0.03627 968.3
0.03628 968.3
0.03629 968.3
0.03630 968.4
0.03631 968.4
0.03632 968.4
0.03633 968.4
0.03634 968.5
0.03635 968.5
0.03636 968.5
0.03637 968.5
0.03638 968.6
0.03639 968.6
0.03640 968.6
0.03641 968.6
0.03642 968.7
0.03643 968.7
0.03644 968.7
0.03645 968.7
0.03646 968.8
0.03647 968.8
0.03648 968.8
0.03649 968.8
0.03650 968.9
0.03651 968.9
0.03652 968.9
0.03653 968.9
0.03654 969.0
0.03655 969.0
0.03656 969.0
0.03657 969.0
0.03658 969.0
0.03659 969.1
0.03660 969.1
0.03661 969.1
0.03662 969.1
0.03663 969.2
0.03664 969.2
0.03665 969.2
0.03666 969.2
0.03667 969.3
0.03668 969.3
0.03669 969.3
0.03670 969.3
0.03671 969.3
0.03672 969.4
0.03673 969.4
0.03674 969.4
0.03675 969.4
0.03676 969.5
0.03677 969.5
0.03678 969.5
0.03679 969.5
0.03680 969.6
0.03681 969.6
0.03682 969.6
0.03683 969.6
0.03684 969.6
0.03685 969.7
0.03686 969.7
0.03687 969.7
0.03688 969.7
0.03689 969.8
0.03690 969.8
0.03691 969.8
0.03692 969.8
0.03693 969.8
0.03694 969.9
0.03695 969.9
0.03696 969.9
0.03697 969.9
0.03698 970.0
0.03699 970.0
0.03700 970.0
0.03701 970.0
0.03702 970.0
0.03703 970.1
0.03704 970.1
0.03705 970.1
0.03706 970.1
0.03707 970.1
0.03708 970.2
0.03709 970.2
0.03710 970.2
0.03711 970.2
0.03712 970.3
0.03713 970.3
0.03714 970.3
0.03715 970.3
0.03716 970.3
0.03717 970.4
0.03718 970.4
0.03719 970.4
0.03720 970.4
0.03721 970.4
0.03722 970.5
0.03723 970.5
0.03724 970.5
0.03725 970.5
0.03726 970.5
0.03727 970.6
0.03728 970.6
0.03729 970.6
0.03730 970.6
0.03731 970.7
0.03732 970.7
0.03733 970.7
0.03734 970.7
0.03735 970.7
0.03736 970.8
0.03737 970.8
0.03738 970.8
0.03739 970.8
0.03740 970.8
0.03741 970.9
0.03742 970.9
0.03743 970.9
0.03744 970.9
0.03745 970.9
0.03746 971.0
0.03747 971.0
0.03748 971.0
0.03749 971.0
0.03750 971.0
0.03751 971.1
0.03752 971.1
0.03753 971.1
0.03754 971.1
0.03755 971.1
0.03756 971.2
0.03757 971.2
0.03758 971.2
0.03759 971.2
0.03760 971.2
0.03761 971.2
0.03762 971.3
0.03763 971.3
0.03764 971.3
0.03765 971.3
0.03766 971.3
0.03767 971.4
0.03768 971.4
0.03769 971.4
0.03770 971.4
0.03771 971.4
0.03772 971.5
0.03773 971.5
0.03774 971.5
0.03775 971.5
0.03776 971.5
0.03777 971.6
0.03778 971.6
0.03779 971.6
0.03780 971.6
0.03781 971.6
0.03782 971.6
0.03783 971.7
0.03784 971.7
0.03785 971.7
0.03786 971.7
0.03787 971.7
0.03788 971.8
0.03789 971.8
0.03790 971.8
0.03791 971.8
0.03792 971.8
0.03793 971.8
0.03794 971.9
0.03795 971.9
0.03796 971.9
0.03797 971.9
0.03798 971.9
0.03799 972.0
0.03800 972.0
0.03801 972.0
0.03802 972.0
0.03803 972.0
0.03804 972.0
0.03805 972.1
0.03806 972.1
0.03807 972.1
0.03808 972.1
0.03809 972.1
0.03810 972.2
0.03811 972.2
0.03812 972.2
0.03813 972.2
0.03814 972.2
0.03815 972.2
0.03816 972.3
0.03817 972.3
0.03818 972.3
0.03819 972.3
0.03820 972.3
0.03821 972.3
0.03822 972.4
0.03823 972.4
0.03824 972.4
0.03825 972.4
0.03826 972.4
0.03827 972.5
0.03828 972.5
0.03829 972.5
0.03830 972.5
0.03831 972.5
0.03832 972.5
0.03833 972.6
0.03834 972.6
0.03835 972.6
0.03836 972.6
0.03837 972.6
0.03838 972.6
0.03839 972.7
0.03840 972.7
0.03841 972.7
0.03842 972.7
0.03843 972.7
0.03844 972.7
0.03845 972.8
0.03846 972.8
0.03847 972.8
0.03848 972.8
0.03849 972.8
0.03850 972.8
0.03851 972.9
0.03852 972.9
0.03853 972.9
0.03854 972.9
0.03855 972.9
0.03856 972.9
0.03857 972.9
0.03858 973.0
0.03859 973.0
0.03860 973.0
0.03861 973.0
0.03862 973.0
0.03863 973.0
0.03864 973.1
0.03865 973.1
0.03866 973.1
0.03867 973.1
0.03868 973.1
0.03869 973.1
0.03870 973.2
0.03871 973.2
0.03872 973.2
0.03873 973.2
0.03874 973.2
0.03875 973.2
0.03876 973.3
0.03877 973.3
0.03878 973.3
0.03879 973.3
0.03880 973.3
0.03881 973.3
0.03882 973.3
0.03883 973.4
0.03884 973.4
0.03885 973.4
0.03886 973.4
0.03887 973.4
0.03888 973.4
0.03889 973.5
0.03890 973.5
0.03891 973.5
0.03892 973.5
0.03893 973.5
0.03894 973.5
0.03895 973.5
0.03896 973.6
0.03897 973.6
0.03898 973.6
0.03899 973.6
0.03900 973.6
0.03901 973.6
0.03902 973.6
0.03903 973.7
0.03904 973.7
0.03905 973.7
0.03906 973.7
0.03907 973.7
0.03908 973.7
0.03909 973.7
0.03910 973.8
0.03911 973.8
0.03912 973.8
0.03913 973.8
0.03914 973.8
0.03915 973.8
0.03916 973.9
0.03917 973.9
0.03918 973.9
0.03919 973.9
0.03920 973.9
0.03921 973.9
0.03922 973.9
0.03923 974.0
0.03924 974.0
0.03925 974.0
0.03926 974.0
0.03927 974.0
0.03928 974.0
0.03929 974.0
0.03930 974.1
0.03931 974.1
0.03932 974.1
0.03933 974.1
0.03934 974.1
0.03935 974.1
0.03936 974.1
0.03937 974.1
0.03938 974.2
0.03939 974.2
0.03940 974.2
0.03941 974.2
0.03942 974.2
0.03943 974.2
0.03944 974.2
0.03945 974.3
0.03946 974.3
0.03947 974.3
0.03948 974.3
0.03949 974.3
0.03950 974.3
0.03951 974.3
0.03952 974.4
0.03953 974.4
0.03954 974.4
0.03955 974.4
0.03956 974.4
0.03957 974.4
0.03958 974.4
0.03959 974.4
0.03960 974.5
0.03961 974.5
0.03962 974.5
0.03963 974.5
0.03964 974.5
0.03965 974.5
0.03966 974.5
0.03967 974.6
0.03968 974.6
0.03969 974.6
0.03970 974.6
0.03971 974.6
0.03972 974.6
0.03973 974.6
0.03974 974.6
0.03975 974.7
0.03976 974.7
0.03977 974.7
0.03978 974.7
0.03979 974.7
0.03980 974.7
0.03981 974.7
0.03982 974.7
0.03983 974.8
0.03984 974.8
0.03985 974.8
0.03986 974.8
0.03987 974.8
0.03988 974.8
0.03989 974.8
0.03990 974.8
0.03991 974.9
0.03992 974.9
0.03993 974.9
0.03994 974.9
0.03995 974.9
0.03996 974.9
0.03997 974.9
0.03998 974.9
0.03999 975.0
0.04000 982.4
0.04001 982.4
0.04002 982.4
0.04003 982.4
0.04004 982.4
0.04005 982.4
0.04006 982.4
0.04007 982.4
0.04008 982.4
0.04009 982.4
0.04010 982.4
0.04011 982.4
0.04012 982.4
0.04013 982.4
0.04014 982.4
0.04015 982.4
0.04016 982.4
0.04017 982.4
0.04018 982.4
0.04019 982.4
0.04020 982.4
0.04021 982.4
0.04022 982.4
0.04023 982.4
0.04024 982.4
0.04025 982.4
0.04026 982.4
0.04027 982.4
0.04028 982.4
0.04029 982.4
0.04030 982.4
0.04031 982.4
0.04032 982.4
0.04033 982.4
0.04034 982.4
0.04035 982.4
0.04036 982.4
0.04037 982.4
0.04038 982.4
0.04039 982.4
0.04040 982.4
0.04041 982.4
0.04042 982.4
0.04043 982.4
0.04044 982.4
0.04045 982.4
0.04046 982.4
0.04047 982.4
0.04048 982.4
0.04049 982.4
0.04050 982.4
0.04051 982.4
0.04052 982.4
0.04053 982.4
0.04054 982.4
0.04055 982.4
0.04056 982.4
0.04057 982.4
0.04058 982.4
0.04059 982.4
0.04060 982.4
0.04061 982.4
0.04062 982.4
0.04063 982.4
0.04064 982.4
0.04065 982.4
0.04066 982.4
0.04067 982.4
0.04068 982.4
0.04069 982.4
0.04070 982.4
0.04071 982.4
0.04072 982.4
0.04073 982.4
0.04074 982.4
0.04075 982.4
0.04076 982.4
0.04077 982.4
0.04078 982.4
0.04079 982.4
0.04080 982.4
0.04081 982.4
0.04082 982.4
0.04083 982.4
0.04084 982.4
0.04085 982.4
0.04086 982.4
0.04087 982.4
0.04088 982.4
0.04089 982.4
0.04090 982.4
0.04091 982.4
0.04092 982.4
0.04093 982.4
0.04094 982.4
0.04095 982.4
0.04096 982.4
0.04097 982.4
0.04098 982.4
0.04099 982.4
0.04100 982.4
0.04101 1006.0
0.04102 1030.0
0.04103 1054.6
0.04104 1079.7
0.04105 1105.3
0.04106 1131.5
0.04107 1158.1
0.04108 1185.4
0.04109 1213.1
0.04110 1241.5
0.04111 1270.4
0.04112 1300.0
0.04113 1330.1
0.04114 1360.9
0.04115 1392.3
0.04116 1424.3
0.04117 1457.0
0.04118 1490.4
0.04119 1524.5
0.04120 1559.3
0.04121 1594.9
0.04122 1631.3
0.04123 1668.5
0.04124 1706.5
0.04125 1745.4
0.04126 1785.3
0.04127 1826.2
0.04128 1868.1
0.04129 1911.2
0.04130 1955.5
0.04131 2001.1
0.04132 2048.2
0.04133 2096.9
0.04134 2147.3
0.04135 2199.6
0.04136 2254.1
0.04137 2311.1
0.04138 2370.8
0.04139 2433.6
0.04140 2500.0
0.04141 2570.5
0.04142 2645.6
0.04143 2726.2
0.04144 2813.2
0.04145 2907.5
0.04146 3010.6
0.04147 3124.0
0.04148 3249.7
0.04149 3389.9
0.04150 3547.8
0.04151 3640.0
0.04152 3751.4
0.04153 3885.0
0.04154 4044.4
0.04155 4234.0
0.04156 4459.0
0.04157 4725.7
0.04158 5041.8
0.04159 5415.9
0.04160 5857.7
0.04161 6377.3
0.04162 6983.6
0.04163 7682.2
0.04164 8472.4
0.04165 9343.1
0.04166 10270.4
0.04167 11218.8
0.04168 12147.1
0.04169 13017.2
0.04170 13801.5
0.04171 14486.2
0.04172 15068.9
0.04173 15554.5
0.04174 15952.0
0.04175 16271.0
0.04176 16521.1
0.04177 16710.7
0.04178 16846.9
0.04179 16935.9
0.04180 16982.9
0.04181 16992.0
0.04182 16967.0
0.04183 16910.7
0.04184 16825.8
0.04185 16714.4
0.04186 16578.4
0.04187 16419.5
0.04188 16239.2
0.04189 16039.0
0.04190 15820.1
0.04191 15583.8
0.04192 15331.3
0.04193 15063.8
0.04194 14782.6
0.04195 14488.8
0.04196 14183.7
0.04197 13868.5
0.04198 13544.6
0.04199 13213.0
0.04200 12875.2
0.04201 12532.4
0.04202 12185.7
0.04203 11836.6
0.04204 11486.2
0.04205 11135.6
0.04206 10786.0
0.04207 10438.4
0.04208 10094.0
0.04209 9753.7
0.04210 9418.3
0.04211 9088.6
0.04212 8765.5
0.04213 8449.5
0.04214 8141.3
0.04215 7841.2
0.04216 7549.8
0.04217 7267.4
0.04218 6994.2
0.04219 6730.4
0.04220 6476.1
0.04221 6231.4
0.04222 5996.3
0.04223 5770.8
0.04224 5554.6
0.04225 5347.8
0.04226 5150.0
0.04227 4961.1
0.04228 4780.9
0.04229 4609.0
0.04230 4445.3
0.04231 4289.3
0.04232 4140.9
0.04233 3999.7
0.04234 3865.3
0.04235 3737.6
0.04236 3616.1
0.04237 3500.6
0.04238 3390.8
0.04239 3286.4
0.04240 3187.2
0.04241 3092.7
0.04242 3002.9
0.04243 2917.4
0.04244 2836.0
0.04245 2758.5
0.04246 2684.7
0.04247 2614.3
0.04248 2547.2
0.04249 2483.1
0.04250 2422.0
0.04251 2363.6
0.04252 2307.8
0.04253 2254.5
0.04254 2203.5
0.04255 2154.7
0.04256 2107.9
0.04257 2063.2
0.04258 2020.2
0.04259 1979.1
0.04260 1939.6
0.04261 1901.7
0.04262 1865.4
0.04263 1830.4
0.04264 1796.9
0.04265 1764.6
0.04266 1733.6
0.04267 1703.8
0.04268 1675.1
0.04269 1647.6
0.04270 1621.0
0.04271 1595.5
0.04272 1571.0
0.04273 1547.3
0.04274 1524.6
0.04275 1502.7
0.04276 1481.6
0.04277 1461.4
0.04278 1441.8
0.04279 1423.1
0.04280 1405.0
0.04281 1387.6
0.04282 1370.8
0.04283 1354.7
0.04284 1339.2
0.04285 1324.3
0.04286 1309.9
0.04287 1296.1
0.04288 1282.8
0.04289 1270.0
0.04290 1257.7
0.04291 1245.9
0.04292 1234.5
0.04293 1223.5
0.04294 1213.0
0.04295 1202.8
0.04296 1193.0
0.04297 1183.6
0.04298 1174.6
0.04299 1165.8
0.04300 1157.4
0.04301 1149.4
0.04302 1141.6
0.04303 1134.1
0.04304 1126.8
0.04305 1119.9
0.04306 1113.2
0.04307 1106.7
0.04308 1100.5
0.04309 1094.5
0.04310 1088.7
0.04311 1083.1
0.04312 1077.7
0.04313 1072.5
0.04314 1067.5
0.04315 1062.6
0.04316 1058.0
0.04317 1053.4
0.04318 1049.1
0.04319 1044.9
0.04320 1040.8
0.04321 1036.9
0.04322 1033.1
0.04323 1029.4
0.04324 1025.9
0.04325 1022.5
0.04326 1019.1
0.04327 1015.9
0.04328 1012.8
0.04329 1009.8
0.04330 1006.9
0.04331 1004.1
0.04332 1001.4
0.04333 998.8
0.04334 996.2
0.04335 993.7
0.04336 991.4
0.04337 989.0
0.04338 986.8
0.04339 984.6
0.04340 982.5
0.04341 980.5
0.04342 978.5
0.04343 976.6
0.04344 974.7
0.04345 972.9
0.04346 971.1
0.04347 969.4
0.04348 967.8
0.04349 966.2
0.04350 964.6
0.04351 963.1
0.04352 961.7
0.04353 960.3
0.04354 958.9
0.04355 957.5
0.04356 956.2
0.04357 955.0
0.04358 953.7
0.04359 952.6
0.04360 951.4
0.04361 950.3
0.04362 949.2
0.04363 948.1
0.04364 947.1
0.04365 946.1
0.04366 945.1
0.04367 944.2
0.04368 943.2
0.04369 942.3
0.04370 941.5
0.04371 940.6
0.04372 939.8
0.04373 939.0
0.04374 938.2
0.04375 937.4
0.04376 936.7
0.04377 936.0
0.04378 935.3
0.04379 934.6
0.04380 933.9
0.04381 933.3
0.04382 932.7
0.04383 932.1
0.04384 931.5
0.04385 930.9
0.04386 930.3
0.04387 929.8
0.04388 929.2
0.04389 928.7
0.04390 928.2
0.04391 927.7
0.04392 927.2
0.04393 926.8
0.04394 926.3
0.04395 925.9
0.04396 925.4
0.04397 925.0
0.04398 924.6
0.04399 924.2
0.04400 923.8
0.04401 923.4
0.04402 923.1
0.04403 922.7
0.04404 922.4
0.04405 922.0
0.04406 921.7
0.04407 921.4
0.04408 921.1
0.04409 920.7
0.04410 920.4
0.04411 920.2
0.04412 919.9
0.04413 919.6
0.04414 919.3
0.04415 919.1
0.04416 918.8
0.04417 918.6
0.04418 918.3
0.04419 918.1
0.04420 917.8
0.04421 917.6
0.04422 917.4
0.04423 917.2
0.04424 917.0
0.04425 916.8
0.04426 916.6
0.04427 916.4
0.04428 916.2
0.04429 916.0
0.04430 915.9
0.04431 915.7
0.04432 915.5
0.04433 915.4
0.04434 915.2
0.04435 915.0
0.04436 914.9
0.04437 914.7
0.04438 914.6
0.04439 914.5
0.04440 914.3
0.04441 914.2
0.04442 914.1
0.04443 914.0
0.04444 913.8
0.04445 913.7
0.04446 913.6
0.04447 913.5
0.04448 913.4
0.04449 913.3
0.04450 913.2
0.04451 913.1
0.04452 913.0
0.04453 912.9
0.04454 912.8
0.04455 912.7
0.04456 912.7
0.04457 912.6
0.04458 912.5
0.04459 912.4
0.04460 912.4
0.04461 912.3
0.04462 912.2
0.04463 912.1
0.04464 912.1
0.04465 912.0
0.04466 912.0
0.04467 911.9
0.04468 911.9
0.04469 911.8
0.04470 911.8
0.04471 911.7
0.04472 911.7
0.04473 911.6
0.04474 911.6
0.04475 911.5
0.04476 911.5
0.04477 911.5
0.04478 911.4
0.04479 911.4
0.04480 911.3
0.04481 911.3
0.04482 911.3
0.04483 911.3
0.04484 911.2
0.04485 911.2
0.04486 911.2
0.04487 911.2
0.04488 911.1
0.04489 911.1
0.04490 911.1
0.04491 911.1
0.04492 911.1
0.04493 911.1
0.04494 911.0
0.04495 911.0
0.04496 911.0
0.04497 911.0
0.04498 911.0
0.04499 911.0
0.04500 911.0
0.04501 911.0
0.04502 911.0
0.04503 911.0
0.04504 911.0
0.04505 911.0
0.04506 911.0
0.04507 911.0
0.04508 911.0
0.04509 911.0
0.04510 911.0
0.04511 911.0
0.04512 911.0
0.04513 911.0
0.04514 911.0
0.04515 911.0
0.04516 911.1
0.04517 911.1
0.04518 911.1
0.04519 911.1
0.04520 911.1
0.04521 911.1
0.04522 911.1
0.04523 911.2
0.04524 911.2
0.04525 911.2
0.04526 911.2
0.04527 911.2
0.04528 911.2
0.04529 911.3
0.04530 911.3
0.04531 911.3
0.04532 911.3
0.04533 911.4
0.04534 911.4
0.04535 911.4
0.04536 911.4
0.04537 911.5
0.04538 911.5
0.04539 911.5
0.04540 911.5
0.04541 911.6
0.04542 911.6
0.04543 911.6
0.04544 911.6
0.04545 911.7
0.04546 911.7
0.04547 911.7
0.04548 911.8
0.04549 911.8
0.04550 911.8
0.04551 911.9
0.04552 911.9
0.04553 911.9
0.04554 912.0
0.04555 912.0
0.04556 912.0
0.04557 912.1
0.04558 912.1
0.04559 912.2
0.04560 912.2
0.04561 912.2
0.04562 912.3
0.04563 912.3
0.04564 912.4
0.04565 912.4
0.04566 912.4
0.04567 912.5
0.04568 912.5
0.04569 912.6
0.04570 912.6
0.04571 912.6
0.04572 912.7
0.04573 912.7
0.04574 912.8
0.04575 912.8
0.04576 912.9
0.04577 912.9
0.04578 912.9
0.04579 913.0
0.04580 913.0
0.04581 913.1
0.04582 913.1
0.04583 913.2
0.04584 913.2
0.04585 913.3
0.04586 913.3
0.04587 913.4
0.04588 913.4
0.04589 913.5
0.04590 913.5
0.04591 913.6
0.04592 913.6
0.04593 913.7
0.04594 913.7
0.04595 913.8
0.04596 913.8
0.04597 913.9
0.04598 913.9
0.04599 914.0
0.04600 914.0
0.04601 914.1
0.04602 914.1
0.04603 914.2
0.04604 914.2
0.04605 914.3
0.04606 914.3
0.04607 914.4
0.04608 914.4
0.04609 914.5
0.04610 914.5
0.04611 914.6
0.04612 914.6
0.04613 914.7
0.04614 914.8
0.04615 914.8
0.04616 914.9
0.04617 914.9
0.04618 915.0
0.04619 915.0
0.04620 915.1
0.04621 915.1
0.04622 915.2
0.04623 915.3
0.04624 915.3
0.04625 915.4
0.04626 915.4
0.04627 915.5
0.04628 915.5
0.04629 915.6
0.04630 915.7
0.04631 915.7
0.04632 915.8
0.04633 915.8
0.04634 915.9
0.04635 916.0
0.04636 916.0
0.04637 916.1
0.04638 916.1
0.04639 916.2
0.04640 916.3
0.04641 916.3
0.04642 916.4
0.04643 916.4
0.04644 916.5
0.04645 916.6
0.04646 916.6
0.04647 916.7
0.04648 916.7
0.04649 916.8
0.04650 916.9
0.04651 916.9
0.04652 917.0
0.04653 917.0
0.04654 917.1
0.04655 917.2
0.04656 917.2
0.04657 917.3
0.04658 917.4
0.04659 917.4
0.04660 917.5
0.04661 917.6
0.04662 917.6
0.04663 917.7
0.04664 917.7
0.04665 917.8
0.04666 917.9
0.04667 917.9
0.04668 918.0
0.04669 918.1
0.04670 918.1
0.04671 918.2
0.04672 918.3
0.04673 918.3
0.04674 918.4
0.04675 918.4
0.04676 918.5
0.04677 918.6
0.04678 918.6
0.04679 918.7
0.04680 918.8
0.04681 918.8
0.04682 918.9
0.04683 919.0
0.04684 919.0
0.04685 919.1
0.04686 919.2
0.04687 919.2
0.04688 919.3
0.04689 919.4
0.04690 919.4
0.04691 919.5
0.04692 919.6
0.04693 919.6
0.04694 919.7
0.04695 919.8
0.04696 919.8
0.04697 919.9
0.04698 920.0
0.04699 920.0
0.04700 920.1
0.04701 920.2
0.04702 920.2
0.04703 920.3
0.04704 920.4
0.04705 920.4
0.04706 920.5
0.04707 920.6
0.04708 920.6
0.04709 920.7
0.04710 920.8
0.04711 920.8
0.04712 920.9
0.04713 921.0
0.04714 921.0
0.04715 921.1
0.04716 921.2
0.04717 921.3
0.04718 921.3
0.04719 921.4
0.04720 921.5
0.04721 921.5
0.04722 921.6
0.04723 921.7
0.04724 921.7
0.04725 921.8
0.04726 921.9
0.04727 921.9
0.04728 922.0
0.04729 922.1
0.04730 922.1
0.04731 922.2
0.04732 922.3
0.04733 922.4
0.04734 922.4
0.04735 922.5
0.04736 922.6
0.04737 922.6
0.04738 922.7
0.04739 922.8
0.04740 922.8
0.04741 922.9
0.04742 923.0
0.04743 923.0
0.04744 923.1
0.04745 923.2
0.04746 923.3
0.04747 923.3
0.04748 923.4
0.04749 923.5
0.04750 923.5
0.04751 923.6
0.04752 923.7
0.04753 923.7
0.04754 923.8
0.04755 923.9
0.04756 924.0
0.04757 924.0
0.04758 924.1
0.04759 924.2
0.04760 924.2
0.04761 924.3
0.04762 924.4
0.04763 924.5
0.04764 924.5
0.04765 924.6
0.04766 924.7
0.04767 924.7
0.04768 924.8
0.04769 924.9
0.04770 924.9
0.04771 925.0
0.04772 925.1
0.04773 925.2
0.04774 925.2
0.04775 925.3
0.04776 925.4
0.04777 925.4
0.04778 925.5
0.04779 925.6
0.04780 925.7
0.04781 925.7
0.04782 925.8
0.04783 925.9
0.04784 925.9
0.04785 926.0
0.04786 926.1
0.04787 926.2
0.04788 926.2
0.04789 926.3
0.04790 926.4
0.04791 926.4
0.04792 926.5
0.04793 926.6
0.04794 926.7
0.04795 926.7
0.04796 926.8
0.04797 926.9
0.04798 926.9
0.04799 927.0
0.04800 927.1
0.04801 927.2
0.04802 927.2
0.04803 927.3
0.04804 927.4
0.04805 927.4
0.04806 927.5
0.04807 927.6
0.04808 927.7
0.04809 927.7
0.04810 927.8
0.04811 927.9
0.04812 927.9
0.04813 928.0
0.04814 928.1
0.04815 928.1
0.04816 928.2
0.04817 928.3
0.04818 928.4
0.04819 928.4
0.04820 928.5
0.04821 928.6
0.04822 928.6
0.04823 928.7
0.04824 928.8
0.04825 928.9
0.04826 928.9
0.04827 929.0
0.04828 929.1
0.04829 929.1
0.04830 929.2
0.04831 929.3
0.04832 929.4
0.04833 929.4
0.04834 929.5
0.04835 929.6
0.04836 929.6
0.04837 929.7
0.04838 929.8
0.04839 929.9
0.04840 929.9
0.04841 930.0
0.04842 930.1
0.04843 930.1
0.04844 930.2
0.04845 930.3
0.04846 930.4
0.04847 930.4
0.04848 930.5
0.04849 930.6
0.04850 930.6
0.04851 930.7
0.04852 930.8
0.04853 930.9
0.04854 930.9
0.04855 931.0
0.04856 931.1
0.04857 931.1
0.04858 931.2
0.04859 931.3
0.04860 931.3
0.04861 931.4
0.04862 931.5
0.04863 931.6
0.04864 931.6
0.04865 931.7
0.04866 931.8
0.04867 931.8
0.04868 931.9
0.04869 932.0
0.04870 932.1
0.04871 932.1
0.04872 932.2
0.04873 932.3
0.04874 932.3
0.04875 932.4
0.04876 932.5
0.04877 932.5
0.04878 932.6
0.04879 932.7
0.04880 932.8
0.04881 932.8
0.04882 932.9
0.04883 933.0
0.04884 933.0
0.04885 933.1
0.04886 933.2
0.04887 933.3
0.04888 933.3
0.04889 933.4
0.04890 933.5
0.04891 933.5
0.04892 933.6
0.04893 933.7
0.04894 933.7
0.04895 933.8
0.04896 933.9
0.04897 934.0
0.04898 934.0
0.04899 934.1
0.04900 934.2
0.04901 934.2
0.04902 934.3
0.04903 934.4
0.04904 934.4
0.04905 934.5
0.04906 934.6
0.04907 934.6
0.04908 934.7
0.04909 934.8
0.04910 934.9
0.04911 934.9
0.04912 935.0
0.04913 935.1
0.04914 935.1
0.04915 935.2
0.04916 935.3
0.04917 935.3
0.04918 935.4
0.04919 935.5
0.04920 935.5
0.04921 935.6
0.04922 935.7
0.04923 935.8
0.04924 935.8
0.04925 935.9
0.04926 936.0
0.04927 936.0
0.04928 936.1
0.04929 936.2
0.04930 936.2
0.04931 936.3
0.04932 936.4
0.04933 936.4
0.04934 936.5
0.04935 936.6
0.04936 936.6
0.04937 936.7
0.04938 936.8
0.04939 936.8
0.04940 936.9
0.04941 937.0
0.04942 937.0
0.04943 937.1
0.04944 937.2
0.04945 937.3
0.04946 937.3
0.04947 937.4
0.04948 937.5
0.04949 937.5
0.04950 937.6
0.04951 937.7
0.04952 937.7
0.04953 937.8
0.04954 937.9
0.04955 937.9
0.04956 938.0
0.04957 938.1
0.04958 938.1
0.04959 938.2
0.04960 938.3
0.04961 938.3
0.04962 938.4
0.04963 938.5
0.04964 938.5
0.04965 938.6
0.04966 938.7
0.04967 938.7
0.04968 938.8
0.04969 938.9
0.04970 938.9
0.04971 939.0
0.04972 939.1
0.04973 939.1
0.04974 939.2
0.04975 939.3
0.04976 939.3
0.04977 939.4
0.04978 939.5
0.04979 939.5
0.04980 939.6
0.04981 939.7
0.04982 939.7
0.04983 939.8
0.04984 939.9
0.04985 939.9
0.04986 940.0
0.04987 940.1
0.04988 940.1
0.04989 940.2
0.04990 940.3
0.04991 940.3
0.04992 940.4
0.04993 940.4
0.04994 940.5
0.04995 940.6
0.04996 940.6
0.04997 940.7
0.04998 940.8
0.04999 940.8
0.05000 940.9
0.05001 941.0
0.05002 941.0
0.05003 941.1
0.05004 941.2
0.05005 941.2
0.05006 941.3
0.05007 941.4
0.05008 941.4
0.05009 941.5
0.05010 941.5
0.05011 941.6
0.05012 941.7
0.05013 941.7
0.05014 941.8
0.05015 941.9
0.05016 941.9
0.05017 942.0
0.05018 942.1
0.05019 942.1
0.05020 942.2
0.05021 942.2
0.05022 942.3
0.05023 942.4
0.05024 942.4
0.05025 942.5
0.05026 942.6
0.05027 942.6
0.05028 942.7
0.05029 942.8
0.05030 942.8
0.05031 942.9
0.05032 942.9
0.05033 943.0
0.05034 943.1
0.05035 943.1
0.05036 943.2
0.05037 943.3
0.05038 943.3
0.05039 943.4
0.05040 943.4
0.05041 943.5
0.05042 943.6
0.05043 943.6
0.05044 943.7
0.05045 943.8
0.05046 943.8
0.05047 943.9
0.05048 943.9
0.05049 944.0
0.05050 944.1
0.05051 944.1
0.05052 944.2
0.05053 944.2
0.05054 944.3
0.05055 944.4
0.05056 944.4
0.05057 944.5
0.05058 944.6
0.05059 944.6
0.05060 944.7
0.05061 944.7
0.05062 944.8
0.05063 944.9
0.05064 944.9
0.05065 945.0
0.05066 945.0
0.05067 945.1
0.05068 945.2
0.05069 945.2
0.05070 945.3
0.05071 945.3
0.05072 945.4
0.05073 945.5
0.05074 945.5
0.05075 945.6
0.05076 945.6
0.05077 945.7
0.05078 945.8
0.05079 945.8
0.05080 945.9
0.05081 945.9
0.05082 946.0
0.05083 946.1
0.05084 946.1
0.05085 946.2
0.05086 946.2
0.05087 946.3
0.05088 946.4
0.05089 946.4
0.05090 946.5
0.05091 946.5
0.05092 946.6
0.05093 946.7
0.05094 946.7
0.05095 946.8
0.05096 946.8
0.05097 946.9
0.05098 946.9
0.05099 947.0
0.05100 947.1
0.05101 947.1
0.05102 947.2
0.05103 947.2
0.05104 947.3
0.05105 947.4
0.05106 947.4
0.05107 947.5
0.05108 947.5
0.05109 947.6
0.05110 947.6
0.05111 947.7
0.05112 947.8
0.05113 947.8
0.05114 947.9
0.05115 947.9
0.05116 948.0
0.05117 948.0
0.05118 948.1
0.05119 948.2
0.05120 948.2
0.05121 948.3
0.05122 948.3
0.05123 948.4
0.05124 948.4
0.05125 948.5
0.05126 948.6
0.05127 948.6
0.05128 948.7
0.05129 948.7
0.05130 948.8
0.05131 948.8
0.05132 948.9
0.05133 948.9
0.05134 949.0
0.05135 949.1
0.05136 949.1
0.05137 949.2
0.05138 949.2
0.05139 949.3
0.05140 949.3
0.05141 949.4
0.05142 949.4
0.05143 949.5
0.05144 949.6
0.05145 949.6
0.05146 949.7
0.05147 949.7
0.05148 949.8
0.05149 949.8
0.05150 949.9
0.05151 949.9
0.05152 950.0
0.05153 950.0
0.05154 950.1
0.05155 950.2
0.05156 950.2
0.05157 950.3
0.05158 950.3
0.05159 950.4
0.05160 950.4
0.05161 950.5
0.05162 950.5
0.05163 950.6
0.05164 950.6
0.05165 950.7
0.05166 950.7
0.05167 950.8
0.05168 950.9
0.05169 950.9
0.05170 951.0
0.05171 951.0
0.05172 951.1
0.05173 951.1
0.05174 951.2
0.05175 951.2
0.05176 951.3
0.05177 951.3
0.05178 951.4
0.05179 951.4
0.05180 951.5
0.05181 951.5
0.05182 951.6
0.05183 951.6
0.05184 951.7
0.05185 951.8
0.05186 951.8
0.05187 951.9
0.05188 951.9
0.05189 952.0
0.05190 952.0
0.05191 952.1
0.05192 952.1
0.05193 952.2
0.05194 952.2
0.05195 952.3
0.05196 952.3
0.05197 952.4
0.05198 952.4
0.05199 952.5
0.05200 952.5
0.05201 952.6
0.05202 952.6
0.05203 952.7
0.05204 952.7
0.05205 952.8
0.05206 952.8
0.05207 952.9
0.05208 952.9
0.05209 953.0
0.05210 953.0
0.05211 953.1
0.05212 953.1
0.05213 953.2
0.05214 953.2
0.05215 953.3
0.05216 953.3
0.05217 953.4
0.05218 953.4
0.05219 953.5
0.05220 953.5
0.05221 953.6
0.05222 953.6
0.05223 953.7
0.05224 953.7
0.05225 953.8
0.05226 953.8
0.05227 953.9
0.05228 953.9
0.05229 954.0
0.05230 954.0
0.05231 954.1
0.05232 954.1
0.05233 954.2
0.05234 954.2
0.05235 954.3
0.05236 954.3
0.05237 954.4
0.05238 954.4
0.05239 954.5
0.05240 954.5
0.05241 954.6
0.05242 954.6
0.05243 954.7
0.05244 954.7
0.05245 954.7
0.05246 954.8
0.05247 954.8
0.05248 954.9
0.05249 954.9
0.05250 955.0
0.05251 955.0
0.05252 955.1
0.05253 955.1
0.05254 955.2
0.05255 955.2
0.05256 955.3
0.05257 955.3
0.05258 955.4
0.05259 955.4
0.05260 955.5
0.05261 955.5
0.05262 955.6
0.05263 955.6
0.05264 955.6
0.05265 955.7
0.05266 955.7
0.05267 955.8
0.05268 955.8
0.05269 955.9
0.05270 955.9
0.05271 956.0
0.05272 956.0
0.05273 956.1
0.05274 956.1
0.05275 956.2
0.05276 956.2
0.05277 956.2
0.05278 956.3
0.05279 956.3
0.05280 956.4
0.05281 956.4
0.05282 956.5
0.05283 956.5
0.05284 956.6
0.05285 956.6
0.05286 956.6
0.05287 956.7
0.05288 956.7
0.05289 956.8
0.05290 956.8
0.05291 956.9
0.05292 956.9
0.05293 957.0
0.05294 957.0
0.05295 957.1
0.05296 957.1
0.05297 957.1
0.05298 957.2
0.05299 957.2
0.05300 957.3
0.05301 957.3
0.05302 957.4
0.05303 957.4
0.05304 957.4
0.05305 957.5
0.05306 957.5
0.05307 957.6
0.05308 957.6
0.05309 957.7
0.05310 957.7
0.05311 957.7
0.05312 957.8
0.05313 957.8
0.05314 957.9
0.05315 957.9
0.05316 958.0
0.05317 958.0
0.05318 958.0
0.05319 958.1
0.05320 958.1
0.05321 958.2
0.05322 958.2
0.05323 958.3
0.05324 958.3
0.05325 958.3
0.05326 958.4
0.05327 958.4
0.05328 958.5
0.05329 958.5
0.05330 958.6
0.05331 958.6
0.05332 958.6
0.05333 958.7
0.05334 958.7
0.05335 958.8
0.05336 958.8
0.05337 958.8
0.05338 958.9
0.05339 958.9
0.05340 959.0
0.05341 959.0
0.05342 959.1
0.05343 959.1
0.05344 959.1
0.05345 959.2
0.05346 959.2
0.05347 959.3
0.05348 959.3
0.05349 959.3
0.05350 959.4
0.05351 959.4
0.05352 959.5
0.05353 959.5
0.05354 959.5
0.05355 959.6
0.05356 959.6
0.05357 959.7
0.05358 959.7
0.05359 959.7
0.05360 959.8
0.05361 959.8
0.05362 959.9
0.05363 959.9
0.05364 959.9
0.05365 960.0
0.05366 960.0
0.05367 960.1
0.05368 960.1
0.05369 960.1
0.05370 960.2
0.05371 960.2
0.05372 960.3
0.05373 960.3
0.05374 960.3
0.05375 960.4
0.05376 960.4
0.05377 960.4
0.05378 960.5
0.05379 960.5
0.05380 960.6
0.05381 960.6
0.05382 960.6
0.05383 960.7
0.05384 960.7
0.05385 960.8
0.05386 960.8
0.05387 960.8
0.05388 960.9
0.05389 960.9
0.05390 960.9
0.05391 961.0
0.05392 961.0
0.05393 961.1
0.05394 961.1
0.05395 961.1
0.05396 961.2
0.05397 961.2
0.05398 961.2
0.05399 961.3
0.05400 961.3
0.05401 961.4
0.05402 961.4
0.05403 961.4
0.05404 961.5
0.05405 961.5
0.05406 961.5
0.05407 961.6
0.05408 961.6
0.05409 961.7
0.05410 961.7
0.05411 961.7
0.05412 961.8
0.05413 961.8
0.05414 961.8
0.05415 961.9
0.05416 961.9
0.05417 961.9
0.05418 962.0
0.05419 962.0
0.05420 962.1
0.05421 962.1
0.05422 962.1
0.05423 962.2
0.05424 962.2
0.05425 962.2
0.05426 962.3
0.05427 962.3
0.05428 962.3
0.05429 962.4
0.05430 962.4
0.05431 962.4
0.05432 962.5
0.05433 962.5
0.05434 962.6
0.05435 962.6
0.05436 962.6
0.05437 962.7
0.05438 962.7
0.05439 962.7
0.05440 962.8
0.05441 962.8
0.05442 962.8
0.05443 962.9
0.05444 962.9
0.05445 962.9
0.05446 963.0
0.05447 963.0
0.05448 963.0
0.05449 963.1
0.05450 963.1
0.05451 963.1
0.05452 963.2
0.05453 963.2
0.05454 963.2
0.05455 963.3
0.05456 963.3
0.05457 963.3
0.05458 963.4
0.05459 963.4
0.05460 963.4
0.05461 963.5
0.05462 963.5
0.05463 963.5
0.05464 963.6
0.05465 963.6
0.05466 963.6
0.05467 963.7
0.05468 963.7
0.05469 963.7
0.05470 963.8
0.05471 963.8
0.05472 963.8
0.05473 963.9
0.05474 963.9
0.05475 963.9
0.05476 964.0
0.05477 964.0
0.05478 964.0
0.05479 964.1
0.05480 964.1
0.05481 964.1
0.05482 964.2
0.05483 964.2
0.05484 964.2
0.05485 964.3
0.05486 964.3
0.05487 964.3
0.05488 964.4
0.05489 964.4
0.05490 964.4
0.05491 964.5
0.05492 964.5
0.05493 964.5
0.05494 964.6
0.05495 964.6
0.05496 964.6
0.05497 964.7
0.05498 964.7
0.05499 964.7
0.05500 964.7
0.05501 964.8
0.05502 964.8
0.05503 964.8
0.05504 964.9
0.05505 964.9
0.05506 964.9
0.05507 965.0
0.05508 965.0
0.05509 965.0
0.05510 965.1
0.05511 965.1
0.05512 965.1
0.05513 965.1
0.05514 965.2
0.05515 965.2
0.05516 965.2
0.05517 965.3
0.05518 965.3
0.05519 965.3
0.05520 965.4
0.05521 965.4
0.05522 965.4
0.05523 965.4
0.05524 965.5
0.05525 965.5
0.05526 965.5
0.05527 965.6
0.05528 965.6
0.05529 965.6
0.05530 965.7
0.05531 965.7
0.05532 965.7
0.05533 965.7
0.05534 965.8
0.05535 965.8
0.05536 965.8
0.05537 965.9
0.05538 965.9
0.05539 965.9
0.05540 966.0
0.05541 966.0
0.05542 966.0
0.05543 966.0
0.05544 966.1
0.05545 966.1
0.05546 966.1
0.05547 966.2
0.05548 966.2
0.05549 966.2
0.05550 966.2
0.05551 966.3
0.05552 966.3
0.05553 966.3
0.05554 966.4
0.05555 966.4
0.05556 966.4
0.05557 966.4
0.05558 966.5
0.05559 966.5
0.05560 966.5
0.05561 966.6
0.05562 966.6
0.05563 966.6
0.05564 966.6
0.05565 966.7
0.05566 966.7
0.05567 966.7
0.05568 966.7
0.05569 966.8
0.05570 966.8
0.05571 966.8
0.05572 966.9
0.05573 966.9
0.05574 966.9
0.05575 966.9
0.05576 967.0
0.05577 967.0
0.05578 967.0
0.05579 967.1
0.05580 967.1
0.05581 967.1
0.05582 967.1
0.05583 967.2
0.05584 967.2
0.05585 967.2
0.05586 967.2
0.05587 967.3
0.05588 967.3
0.05589 967.3
0.05590 967.3
0.05591 967.4
0.05592 967.4
0.05593 967.4
0.05594 967.5
0.05595 967.5
0.05596 967.5
0.05597 967.5
0.05598 967.6
0.05599 967.6
0.05600 967.6
0.05601 967.6
0.05602 967.7
0.05603 967.7
0.05604 967.7
0.05605 967.7
0.05606 967.8
0.05607 967.8
0.05608 967.8
0.05609 967.8
0.05610 967.9
0.05611 967.9
0.05612 967.9
0.05613 967.9
0.05614 968.0
0.05615 968.0
0.05616 968.0
0.05617 968.0
0.05618 968.1
0.05619 968.1
0.05620 968.1
0.05621 968.1
0.05622 968.2
0.05623 968.2
0.05624 968.2
0.05625 968.2
0.05626 968.3
0.05627 968.3
0.05628 968.3
0.05629 968.3
0.05630 968.4
0.05631 968.4
0.05632 968.4
0.05633 968.4
0.05634 968.5
0.05635 968.5
0.05636 968.5
0.05637 968.5
0.05638 968.6
0.05639 968.6
0.05640 968.6
0.05641 968.6
0.05642 968.7
0.05643 968.7
0.05644 968.7
0.05645 968.7
0.05646 968.8
0.05647 968.8
0.05648 968.8
0.05649 968.8
0.05650 968.9
0.05651 968.9
0.05652 968.9
0.05653 968.9
0.05654 969.0
0.05655 969.0
0.05656 969.0
0.05657 969.0
0.05658 969.0
0.05659 969.1
0.05660 969.1
0.05661 969.1
0.05662 969.1
0.05663 969.2
0.05664 969.2
0.05665 969.2
0.05666 969.2
0.05667 969.3
0.05668 969.3
0.05669 969.3
0.05670 969.3
0.05671 969.3
0.05672 969.4
0.05673 969.4
0.05674 969.4
0.05675 969.4
0.05676 969.5
0.05677 969.5
0.05678 969.5
0.05679 969.5
0.05680 969.6
0.05681 969.6
0.05682 969.6
0.05683 969.6
0.05684 969.6
0.05685 969.7
0.05686 969.7
0.05687 969.7
0.05688 969.7
0.05689 969.8
0.05690 969.8
0.05691 969.8
0.05692 969.8
0.05693 969.8
0.05694 969.9
0.05695 969.9
0.05696 969.9
0.05697 969.9
0.05698 970.0
0.05699 970.0
0.05700 970.0
0.05701 970.0
0.05702 970.0
0.05703 970.1
0.05704 970.1
0.05705 970.1
0.05706 970.1
0.05707 970.1
0.05708 970.2
0.05709 970.2
0.05710 970.2
0.05711 970.2
0.05712 970.3
0.05713 970.3
0.05714 970.3
0.05715 970.3
0.05716 970.3
0.05717 970.4
0.05718 970.4
0.05719 970.4
0.05720 970.4
0.05721 970.4
0.05722 970.5
0.05723 970.5
0.05724 970.5
0.05725 970.5
0.05726 970.5
0.05727 970.6
0.05728 970.6
0.05729 970.6
0.05730 970.6
0.05731 970.7
0.05732 970.7
0.05733 970.7
0.05734 970.7
0.05735 970.7
0.05736 970.8
0.05737 970.8
0.05738 970.8
0.05739 970.8
0.05740 970.8
0.05741 970.9
0.05742 970.9
0.05743 970.9
0.05744 970.9
0.05745 970.9
0.05746 971.0
0.05747 971.0
0.05748 971.0
0.05749 971.0
0.05750 971.0
0.05751 971.1
0.05752 971.1
0.05753 971.1
0.05754 971.1
0.05755 971.1
0.05756 971.2
0.05757 971.2
0.05758 971.2
0.05759 971.2
0.05760 971.2
0.05761 971.2
0.05762 971.3
0.05763 971.3
0.05764 971.3
0.05765 971.3
0.05766 971.3
0.05767 971.4
0.05768 971.4
0.05769 971.4
0.05770 971.4
0.05771 971.4
0.05772 971.5
0.05773 971.5
0.05774 971.5
0.05775 971.5
0.05776 971.5
0.05777 971.6
0.05778 971.6
0.05779 971.6
0.05780 971.6
0.05781 971.6
0.05782 971.6
0.05783 971.7
0.05784 971.7
0.05785 971.7
0.05786 971.7
0.05787 971.7
0.05788 971.8
0.05789 971.8
0.05790 971.8
0.05791 971.8
0.05792 971.8
0.05793 971.8
0.05794 971.9
0.05795 971.9
0.05796 971.9
0.05797 971.9
0.05798 971.9
0.05799 972.0
0.05800 972.0
0.05801 972.0
0.05802 972.0
0.05803 972.0
0.05804 972.0
0.05805 972.1
0.05806 972.1
0.05807 972.1
0.05808 972.1
0.05809 972.1
0.05810 972.2
0.05811 972.2
0.05812 972.2
0.05813 972.2
0.05814 972.2
0.05815 972.2
0.05816 972.3
0.05817 972.3
0.05818 972.3
0.05819 972.3
0.05820 972.3
0.05821 972.3
0.05822 972.4
0.05823 972.4
0.05824 972.4
0.05825 972.4
0.05826 972.4
0.05827 972.5
0.05828 972.5
0.05829 972.5
0.05830 972.5
0.05831 972.5
0.05832 972.5
0.05833 972.6
0.05834 972.6
0.05835 972.6
0.05836 972.6
0.05837 972.6
0.05838 972.6
0.05839 972.7
0.05840 972.7
0.05841 972.7
0.05842 972.7
0.05843 972.7
0.05844 972.7
0.05845 972.8
0.05846 972.8
0.05847 972.8
0.05848 972.8
0.05849 972.8
0.05850 972.8
0.05851 972.9
0.05852 972.9
0.05853 972.9
0.05854 972.9
0.05855 972.9
0.05856 972.9
0.05857 972.9
0.05858 973.0
0.05859 973.0
0.05860 973.0
0.05861 973.0
0.05862 973.0
0.05863 973.0
0.05864 973.1
0.05865 973.1
0.05866 973.1
0.05867 973.1
0.05868 973.1
0.05869 973.1
0.05870 973.2
0.05871 973.2
0.05872 973.2
0.05873 973.2
0.05874 973.2
0.05875 973.2
0.05876 973.3
0.05877 973.3
0.05878 973.3
0.05879 973.3
0.05880 973.3
0.05881 973.3
0.05882 973.3
0.05883 973.4
0.05884 973.4
0.05885 973.4
0.05886 973.4
0.05887 973.4
0.05888 973.4
0.05889 973.5
0.05890 973.5
0.05891 973.5
0.05892 973.5
0.05893 973.5
0.05894 973.5
0.05895 973.5
0.05896 973.6
0.05897 973.6
0.05898 973.6
0.05899 973.6
0.05900 973.6
0.05901 973.6
0.05902 973.6
0.05903 973.7
0.05904 973.7
0.05905 973.7
0.05906 973.7
0.05907 973.7
0.05908 973.7
0.05909 973.7
0.05910 973.8
0.05911 973.8
0.05912 973.8
0.05913 973.8
0.05914 973.8
0.05915 973.8
0.05916 973.9
0.05917 973.9
0.05918 973.9
0.05919 973.9
0.05920 973.9
0.05921 973.9
0.05922 973.9
0.05923 974.0
0.05924 974.0
0.05925 974.0
0.05926 974.0
0.05927 974.0
0.05928 974.0
0.05929 974.0
0.05930 974.1
0.05931 974.1
0.05932 974.1
0.05933 974.1
0.05934 974.1
0.05935 974.1
0.05936 974.1
0.05937 974.1
0.05938 974.2
0.05939 974.2
0.05940 974.2
0.05941 974.2
0.05942 974.2
0.05943 974.2
0.05944 974.2
0.05945 974.3
0.05946 974.3
0.05947 974.3
0.05948 974.3
0.05949 974.3
0.05950 974.3
0.05951 974.3
0.05952 974.4
0.05953 974.4
0.05954 974.4
0.05955 974.4
0.05956 974.4
0.05957 974.4
0.05958 974.4
0.05959 974.4
0.05960 974.5
0.05961 974.5
0.05962 974.5
0.05963 974.5
0.05964 974.5
0.05965 974.5
0.05966 974.5
0.05967 974.6
0.05968 974.6
0.05969 974.6
0.05970 974.6
0.05971 974.6
0.05972 974.6
0.05973 974.6
0.05974 974.6
0.05975 974.7
0.05976 974.7
0.05977 974.7
0.05978 974.7
0.05979 974.7
0.05980 974.7
0.05981 974.7
0.05982 974.7
0.05983 974.8
0.05984 974.8
0.05985 974.8
0.05986 974.8
0.05987 974.8
0.05988 974.8
0.05989 974.8
0.05990 974.8
0.05991 974.9
0.05992 974.9
0.05993 974.9
0.05994 974.9
0.05995 974.9
0.05996 974.9
0.05997 974.9
0.05998 974.9
0.05999 975.0
0.06000 982.4
0.06001 982.4
0.06002 982.4
0.06003 982.4
0.06004 982.4
0.06005 982.4
0.06006 982.4
0.06007 982.4
0.06008 982.4
0.06009 982.4
0.06010 982.4
0.06011 982.4
0.06012 982.4
0.06013 982.4
0.06014 982.4
0.06015 982.4
0.06016 982.4
0.06017 982.4
0.06018 982.4
0.06019 982.4
0.06020 982.4
0.06021 982.4
0.06022 982.4
0.06023 982.4
0.06024 982.4
0.06025 982.4
0.06026 982.4
0.06027 982.4
0.06028 982.4
0.06029 982.4
0.06030 982.4
0.06031 982.4
0.06032 982.4
0.06033 982.4
0.06034 982.4
0.06035 982.4
0.06036 982.4
0.06037 982.4
0.06038 982.4
0.06039 982.4
0.06040 982.4
0.06041 982.4
0.06042 982.4
0.06043 982.4
0.06044 982.4
0.06045 982.4
0.06046 982.4
0.06047 982.4
0.06048 982.4
0.06049 982.4
0.06050 982.4
0.06051 982.4
0.06052 982.4
0.06053 982.4
0.06054 982.4
0.06055 982.4
0.06056 982.4
0.06057 982.4
0.06058 982.4
0.06059 982.4
0.06060 982.4
0.06061 982.4
0.06062 982.4
0.06063 982.4
0.06064 982.4
0.06065 982.4
0.06066 982.4
0.06067 982.4
0.06068 982.4
0.06069 982.4
0.06070 982.4
0.06071 982.4
0.06072 982.4
0.06073 982.4
0.06074 982.4
0.06075 982.4
0.06076 982.4
0.06077 982.4
0.06078 982.4
0.06079 982.4
0.06080 982.4
0.06081 982.4
0.06082 982.4
0.06083 982.4
0.06084 982.4
0.06085 982.4
0.06086 982.4
0.06087 982.4
0.06088 982.4
0.06089 982.4
0.06090 982.4
0.06091 982.4
0.06092 982.4
0.06093 982.4
0.06094 982.4
0.06095 982.4
0.06096 982.4
0.06097 982.4
0.06098 982.4
0.06099 982.4
0.06100 982.4
0.06101 1006.0
0.06102 1030.0
0.06103 1054.6
0.06104 1079.7
0.06105 1105.3
0.06106 1131.5
0.06107 1158.1
0.06108 1185.4
0.06109 1213.1
0.06110 1241.5
0.06111 1270.4
0.06112 1300.0
0.06113 1330.1
0.06114 1360.9
0.06115 1392.3
0.06116 1424.3
0.06117 1457.0
0.06118 1490.4
0.06119 1524.5
0.06120 1559.3
0.06121 1594.9
0.06122 1631.3
0.06123 1668.5
0.06124 1706.5
0.06125 1745.4
0.06126 1785.3
0.06127 1826.2
0.06128 1868.1
0.06129 1911.2
0.06130 1955.5
0.06131 2001.1
0.06132 2048.2
0.06133 2096.9
0.06134 2147.3
0.06135 2199.6
0.06136 2254.1
0.06137 2311.1
0.06138 2370.8
0.06139 2433.6
0.06140 2500.0
0.06141 2570.5
0.06142 2645.6
0.06143 2726.2
0.06144 2813.2
0.06145 2907.5
0.06146 3010.6
0.06147 3124.0
0.06148 3249.7
0.06149 3389.9
0.06150 3547.8
0.06151 3640.0
0.06152 3751.4
0.06153 3885.0
0.06154 4044.4
0.06155 4234.0
0.06156 4459.0
0.06157 4725.7
0.06158 5041.8
0.06159 5415.9
0.06160 5857.7
0.06161 6377.3
0.06162 6983.6
0.06163 7682.2
0.06164 8472.4
0.06165 9343.1
0.06166 10270.4
0.06167 11218.8
0.06168 12147.1
0.06169 13017.2
0.06170 13801.5
0.06171 14486.2
0.06172 15068.9
0.06173 15554.5
0.06174 15952.0
0.06175 16271.0
0.06176 16521.1
0.06177 16710.7
0.06178 16846.9
0.06179 16935.9
0.06180 16982.9
0.06181 16992.0
0.06182 16967.0
0.06183 16910.7
0.06184 16825.8
0.06185 16714.4
0.06186 16578.4
0.06187 16419.5
0.06188 16239.2
0.06189 16039.0
0.06190 15820.1
0.06191 15583.8
0.06192 15331.3
0.06193 15063.8
0.06194 14782.6
0.06195 14488.8
0.06196 14183.7
0.06197 13868.5
0.06198 13544.6
0.06199 13213.0
0.06200 12875.2
0.06201 12532.4
0.06202 12185.7
0.06203 11836.6
0.06204 11486.2
0.06205 11135.6
0.06206 10786.0
0.06207 10438.4
0.06208 10094.0
0.06209 9753.7
0.06210 9418.3
0.06211 9088.6
0.06212 8765.5
0.06213 8449.5
0.06214 8141.3
0.06215 7841.2
0.06216 7549.8
0.06217 7267.4
0.06218 6994.2
0.06219 6730.4
0.06220 6476.1
0.06221 6231.4
0.06222 5996.3
0.06223 5770.8
0.06224 5554.6
0.06225 5347.8
0.06226 5150.0
0.06227 4961.1
0.06228 4780.9
0.06229 4609.0
0.06230 4445.3
0.06231 4289.3
0.06232 4140.9
0.06233 3999.7
0.06234 3865.3
0.06235 3737.6
0.06236 3616.1
0.06237 3500.6
0.06238 3390.8
0.06239 3286.4
0.06240 3187.2
0.06241 3092.7
0.06242 3002.9
0.06243 2917.4
0.06244 2836.0
0.06245 2758.5
0.06246 2684.7
0.06247 2614.3
0.06248 2547.2
0.06249 2483.1
0.06250 2422.0
0.06251 2363.6
0.06252 2307.8
0.06253 2254.5
0.06254 2203.5
0.06255 2154.7
0.06256 2107.9
0.06257 2063.2
0.06258 2020.2
0.06259 1979.1
0.06260 1939.6
0.06261 1901.7
0.06262 1865.4
0.06263 1830.4
0.06264 1796.9
0.06265 1764.6
0.06266 1733.6
0.06267 1703.8
0.06268 1675.1
0.06269 1647.6
0.06270 1621.0
0.06271 1595.5
0.06272 1571.0
0.06273 1547.3
0.06274 1524.6
0.06275 1502.7
0.06276 1481.6
0.06277 1461.4
0.06278 1441.8
0.06279 1423.1
0.06280 1405.0
0.06281 1387.6
0.06282 1370.8
0.06283 1354.7
0.06284 1339.2
0.06285 1324.3
0.06286 1309.9
0.06287 1296.1
0.06288 1282.8
0.06289 1270.0
0.06290 1257.7
0.06291 1245.9
0.06292 1234.5
0.06293 1223.5
0.06294 1213.0
0.06295 1202.8
0.06296 1193.0
0.06297 1183.6
0.06298 1174.6
0.06299 1165.8
0.06300 1157.4
0.06301 1149.4
0.06302 1141.6
0.06303 1134.1
0.06304 1126.8
0.06305 1119.9
0.06306 1113.2
0.06307 1106.7
0.06308 1100.5
0.06309 1094.5
0.06310 1088.7
0.06311 1083.1
0.06312 1077.7
0.06313 1072.5
0.06314 1067.5
0.06315 1062.6
0.06316 1058.0
0.06317 1053.4
0.06318 1049.1
0.06319 1044.9
0.06320 1040.8
0.06321 1036.9
0.06322 1033.1
0.06323 1029.4
0.06324 1025.9
0.06325 1022.5
0.06326 1019.1
0.06327 1015.9
0.06328 1012.8
0.06329 1009.8
0.06330 1006.9
0.06331 1004.1
0.06332 1001.4
0.06333 998.8
0.06334 996.2
0.06335 993.7
0.06336 991.4
0.06337 989.0
0.06338 986.8
0.06339 984.6
0.06340 982.5
0.06341 980.5
0.06342 978.5
0.06343 976.6
0.06344 974.7
0.06345 972.9
0.06346 971.1
0.06347 969.4
0.06348 967.8
0.06349 966.2
0.06350 964.6
0.06351 963.1
0.06352 961.7
0.06353 960.3
0.06354 958.9
0.06355 957.5
0.06356 956.2
0.06357 955.0
0.06358 953.7
0.06359 952.6
0.06360 951.4
0.06361 950.3
0.06362 949.2
0.06363 948.1
0.06364 947.1
0.06365 946.1
0.06366 945.1
0.06367 944.2
0.06368 943.2
0.06369 942.3
0.06370 941.5
0.06371 940.6
0.06372 939.8
0.06373 939.0
0.06374 938.2
0.06375 937.4
0.06376 936.7
0.06377 936.0
0.06378 935.3
0.06379 934.6
0.06380 933.9
0.06381 933.3
0.06382 932.7
0.06383 932.1
0.06384 931.5
0.06385 930.9
0.06386 930.3
0.06387 929.8
0.06388 929.2
0.06389 928.7
0.06390 928.2
0.06391 927.7
0.06392 927.2
0.06393 926.8
0.06394 926.3
0.06395 925.9
0.06396 925.4
0.06397 925.0
0.06398 924.6
0.06399 924.2
0.06400 923.8
0.06401 923.4
0.06402 923.1
0.06403 922.7
0.06404 922.4
0.06405 922.0
0.06406 921.7
0.06407 921.4
0.06408 921.1
0.06409 920.7
0.06410 920.4
0.06411 920.2
0.06412 919.9
0.06413 919.6
0.06414 919.3
0.06415 919.1
0.06416 918.8
0.06417 918.6
0.06418 918.3
0.06419 918.1
0.06420 917.8
0.06421 917.6
0.06422 917.4
0.06423 917.2
0.06424 917.0
0.06425 916.8
0.06426 916.6
0.06427 916.4
0.06428 916.2
0.06429 916.0
0.06430 915.9
0.06431 915.7
0.06432 915.5
0.06433 915.4
0.06434 915.2
0.06435 915.0
0.06436 914.9
0.06437 914.7
0.06438 914.6
0.06439 914.5
0.06440 914.3
0.06441 914.2
0.06442 914.1
0.06443 914.0
0.06444 913.8
0.06445 913.7
0.06446 913.6
0.06447 913.5
0.06448 913.4
0.06449 913.3
0.06450 913.2
0.06451 913.1
0.06452 913.0
0.06453 912.9
0.06454 912.8
0.06455 912.7
0.06456 912.7
0.06457 912.6
0.06458 912.5
0.06459 912.4
0.06460 912.4
0.06461 912.3
0.06462 912.2
0.06463 912.1
0.06464 912.1
0.06465 912.0
0.06466 912.0
0.06467 911.9
0.06468 911.9
0.06469 911.8
0.06470 911.8
0.06471 911.7
0.06472 911.7
0.06473 911.6
0.06474 911.6
0.06475 911.5
0.06476 911.5
0.06477 911.5
0.06478 911.4
0.06479 911.4
0.06480 911.3
0.06481 911.3
0.06482 911.3
0.06483 911.3
0.06484 911.2
0.06485 911.2
0.06486 911.2
0.06487 911.2
0.06488 911.1
0.06489 911.1
0.06490 911.1
0.06491 911.1
0.06492 911.1
0.06493 911.1
0.06494 911.0
0.06495 911.0
0.06496 911.0
0.06497 911.0
0.06498 911.0
0.06499 911.0
0.06500 911.0
0.06501 911.0
0.06502 911.0
0.06503 911.0
0.06504 911.0
0.06505 911.0
0.06506 911.0
0.06507 911.0
0.06508 911.0
0.06509 911.0
0.06510 911.0
0.06511 911.0
0.06512 911.0
0.06513 911.0
0.06514 911.0
0.06515 911.0
0.06516 911.1
0.06517 911.1
0.06518 911.1
0.06519 911.1
0.06520 911.1
0.06521 911.1
0.06522 911.1
0.06523 911.2
0.06524 911.2
0.06525 911.2
0.06526 911.2
0.06527 911.2
0.06528 911.2
0.06529 911.3
0.06530 911.3
0.06531 911.3
0.06532 911.3
0.06533 911.4
0.06534 911.4
0.06535 911.4
0.06536 911.4
0.06537 911.5
0.06538 911.5
0.06539 911.5
0.06540 911.5
0.06541 911.6
0.06542 911.6
0.06543 911.6
0.06544 911.6
0.06545 911.7
0.06546 911.7
0.06547 911.7
0.06548 911.8
0.06549 911.8
0.06550 911.8
0.06551 911.9
0.06552 911.9
0.06553 911.9
0.06554 912.0
0.06555 912.0
0.06556 912.0
0.06557 912.1
0.06558 912.1
0.06559 912.2
0.06560 912.2
0.06561 912.2
0.06562 912.3
0.06563 912.3
0.06564 912.4
0.06565 912.4
0.06566 912.4
0.06567 912.5
0.06568 912.5
0.06569 912.6
0.06570 912.6
0.06571 912.6
0.06572 912.7
0.06573 912.7
0.06574 912.8
0.06575 912.8
0.06576 912.9
0.06577 912.9
0.06578 912.9
0.06579 913.0
0.06580 913.0
0.06581 913.1
0.06582 913.1
0.06583 913.2
0.06584 913.2
0.06585 913.3
0.06586 913.3
0.06587 913.4
0.06588 913.4
0.06589 913.5
0.06590 913.5
0.06591 913.6
0.06592 913.6
0.06593 913.7
0.06594 913.7
0.06595 913.8
0.06596 913.8
0.06597 913.9
0.06598 913.9
0.06599 914.0
0.06600 914.0
0.06601 914.1
0.06602 914.1
0.06603 914.2
0.06604 914.2
0.06605 914.3
0.06606 914.3
0.06607 914.4
0.06608 914.4
0.06609 914.5
0.06610 914.5
0.06611 914.6
0.06612 914.6
0.06613 914.7
0.06614 914.8
0.06615 914.8
0.06616 914.9
0.06617 914.9
0.06618 915.0
0.06619 915.0
0.06620 915.1
0.06621 915.1
0.06622 915.2
0.06623 915.3
0.06624 915.3
0.06625 915.4
0.06626 915.4
0.06627 915.5
0.06628 915.5
0.06629 915.6
0.06630 915.7
0.06631 915.7
0.06632 915.8
0.06633 915.8
0.06634 915.9
0.06635 916.0
0.06636 916.0
0.06637 916.1
0.06638 916.1
0.06639 916.2
0.06640 916.3
0.06641 916.3
0.06642 916.4
0.06643 916.4
0.06644 916.5
0.06645 916.6
0.06646 916.6
0.06647 916.7
0.06648 916.7
0.06649 916.8
0.06650 916.9
0.06651 916.9
0.06652 917.0
0.06653 917.0
0.06654 917.1
0.06655 917.2
0.06656 917.2
0.06657 917.3
0.06658 917.4
0.06659 917.4
0.06660 917.5
0.06661 917.6
0.06662 917.6
0.06663 917.7
0.06664 917.7
0.06665 917.8
0.06666 917.9
0.06667 917.9
0.06668 918.0
0.06669 918.1
0.06670 918.1
0.06671 918.2
0.06672 918.3
0.06673 918.3
0.06674 918.4
0.06675 918.4
0.06676 918.5
0.06677 918.6
0.06678 918.6
0.06679 918.7
0.06680 918.8
0.06681 918.8
0.06682 918.9
0.06683 919.0
0.06684 919.0
0.06685 919.1
0.06686 919.2
0.06687 919.2
0.06688 919.3
0.06689 919.4
0.06690 919.4
0.06691 919.5
0.06692 919.6
0.06693 919.6
0.06694 919.7
0.06695 919.8
0.06696 919.8
0.06697 919.9
0.06698 920.0
0.06699 920.0
0.06700 920.1
0.06701 920.2
0.06702 920.2
0.06703 920.3
0.06704 920.4
0.06705 920.4
0.06706 920.5
0.06707 920.6
0.06708 920.6
0.06709 920.7
0.06710 920.8
0.06711 920.8
0.06712 920.9
0.06713 921.0
0.06714 921.0
0.06715 921.1
0.06716 921.2
0.06717 921.3
0.06718 921.3
0.06719 921.4
0.06720 921.5
0.06721 921.5
0.06722 921.6
0.06723 921.7
0.06724 921.7
0.06725 921.8
0.06726 921.9
0.06727 921.9
0.06728 922.0
0.06729 922.1
0.06730 922.1
0.06731 922.2
0.06732 922.3
0.06733 922.4
0.06734 922.4
0.06735 922.5
0.06736 922.6
0.06737 922.6
0.06738 922.7
0.06739 922.8
0.06740 922.8
0.06741 922.9
0.06742 923.0
0.06743 923.0
0.06744 923.1
0.06745 923.2
0.06746 923.3
0.06747 923.3
0.06748 923.4
0.06749 923.5
0.06750 923.5
0.06751 923.6
0.06752 923.7
0.06753 923.7
0.06754 923.8
0.06755 923.9
0.06756 924.0
0.06757 924.0
0.06758 924.1
0.06759 924.2
0.06760 924.2
0.06761 924.3
0.06762 924.4
0.06763 924.5
0.06764 924.5
0.06765 924.6
0.06766 924.7
0.06767 924.7
0.06768 924.8
0.06769 924.9
0.06770 924.9
0.06771 925.0
0.06772 925.1
0.06773 925.2
0.06774 925.2
0.06775 925.3
0.06776 925.4
0.06777 925.4
0.06778 925.5
0.06779 925.6
0.06780 925.7
0.06781 925.7
0.06782 925.8
0.06783 925.9
0.06784 925.9
0.06785 926.0
0.06786 926.1
0.06787 926.2
0.06788 926.2
0.06789 926.3
0.06790 926.4
0.06791 926.4
0.06792 926.5
0.06793 926.6
0.06794 926.7
0.06795 926.7
0.06796 926.8
0.06797 926.9
0.06798 926.9
0.06799 927.0
0.06800 927.1
0.06801 927.2
0.06802 927.2
0.06803 927.3
0.06804 927.4
0.06805 927.4
0.06806 927.5
0.06807 927.6
0.06808 927.7
0.06809 927.7
0.06810 927.8
0.06811 927.9
0.06812 927.9
0.06813 928.0
0.06814 928.1
0.06815 928.1
0.06816 928.2
0.06817 928.3
0.06818 928.4
0.06819 928.4
0.06820 928.5
0.06821 928.6
0.06822 928.6
0.06823 928.7
0.06824 928.8
0.06825 928.9
0.06826 928.9
0.06827 929.0
0.06828 929.1
0.06829 929.1
0.06830 929.2
0.06831 929.3
0.06832 929.4
0.06833 929.4
0.06834 929.5
0.06835 929.6
0.06836 929.6
0.06837 929.7
0.06838 929.8
0.06839 929.9
0.06840 929.9
0.06841 930.0
0.06842 930.1
0.06843 930.1
0.06844 930.2
0.06845 930.3
0.06846 930.4
0.06847 930.4
0.06848 930.5
0.06849 930.6
0.06850 930.6
0.06851 930.7
0.06852 930.8
0.06853 930.9
0.06854 930.9
0.06855 931.0
0.06856 931.1
0.06857 931.1
0.06858 931.2
0.06859 931.3
0.06860 931.3
0.06861 931.4
0.06862 931.5
0.06863 931.6
0.06864 931.6
0.06865 931.7
0.06866 931.8
0.06867 931.8
0.06868 931.9
0.06869 932.0
0.06870 932.1
0.06871 932.1
0.06872 932.2
0.06873 932.3
0.06874 932.3
0.06875 932.4
0.06876 932.5
0.06877 932.5
0.06878 932.6
0.06879 932.7
0.06880 932.8
0.06881 932.8
0.06882 932.9
0.06883 933.0
0.06884 933.0
0.06885 933.1
0.06886 933.2
0.06887 933.3
0.06888 933.3
0.06889 933.4
0.06890 933.5
0.06891 933.5
0.06892 933.6
0.06893 933.7
0.06894 933.7
0.06895 933.8
0.06896 933.9
0.06897 934.0
0.06898 934.0
0.06899 934.1
0.06900 934.2
0.06901 934.2
0.06902 934.3
0.06903 934.4
0.06904 934.4
0.06905 934.5
0.06906 934.6
0.06907 934.6
0.06908 934.7
0.06909 934.8
0.06910 934.9
0.06911 934.9
0.06912 935.0
0.06913 935.1
0.06914 935.1
0.06915 935.2
0.06916 935.3
0.06917 935.3
0.06918 935.4
0.06919 935.5
0.06920 935.5
0.06921 935.6
0.06922 935.7
0.06923 935.8
0.06924 935.8
0.06925 935.9
0.06926 936.0
0.06927 936.0
0.06928 936.1
0.06929 936.2
0.06930 936.2
0.06931 936.3
0.06932 936.4
0.06933 936.4
0.06934 936.5
0.06935 936.6
0.06936 936.6
0.06937 936.7
0.06938 936.8
0.06939 936.8
0.06940 936.9
0.06941 937.0
0.06942 937.0
0.06943 937.1
0.06944 937.2
0.06945 937.3
0.06946 937.3
0.06947 937.4
0.06948 937.5
0.06949 937.5
0.06950 937.6
0.06951 937.7
0.06952 937.7
0.06953 937.8
0.06954 937.9
0.06955 937.9
0.06956 938.0
0.06957 938.1
0.06958 938.1
0.06959 938.2
0.06960 938.3
0.06961 938.3
0.06962 938.4
0.06963 938.5
0.06964 938.5
0.06965 938.6
0.06966 938.7
0.06967 938.7
0.06968 938.8
0.06969 938.9
0.06970 938.9
0.06971 939.0
0.06972 939.1
0.06973 939.1
0.06974 939.2
0.06975 939.3
0.06976 939.3
0.06977 939.4
0.06978 939.5
0.06979 939.5
0.06980 939.6
0.06981 939.7
0.06982 939.7
0.06983 939.8
0.06984 939.9
0.06985 939.9
0.06986 940.0
0.06987 940.1
0.06988 940.1
0.06989 940.2
0.06990 940.3
0.06991 940.3
0.06992 940.4
0.06993 940.4
0.06994 940.5
0.06995 940.6
0.06996 940.6
0.06997 940.7
0.06998 940.8
0.06999 940.8
0.07000 940.9
0.07001 941.0
0.07002 941.0
0.07003 941.1
0.07004 941.2
0.07005 941.2
0.07006 941.3
0.07007 941.4
0.07008 941.4
0.07009 941.5
0.07010 941.5
0.07011 941.6
0.07012 941.7
0.07013 941.7
0.07014 941.8
0.07015 941.9
0.07016 941.9
0.07017 942.0
0.07018 942.1
0.07019 942.1
0.07020 942.2
0.07021 942.2
0.07022 942.3
0.07023 942.4
0.07024 942.4
0.07025 942.5
0.07026 942.6
0.07027 942.6
0.07028 942.7
0.07029 942.8
0.07030 942.8
0.07031 942.9
0.07032 942.9
0.07033 943.0
0.07034 943.1
0.07035 943.1
0.07036 943.2
0.07037 943.3
0.07038 943.3
0.07039 943.4
0.07040 943.4
0.07041 943.5
0.07042 943.6
0.07043 943.6
0.07044 943.7
0.07045 943.8
0.07046 943.8
0.07047 943.9
0.07048 943.9
0.07049 944.0
0.07050 944.1
0.07051 944.1
0.07052 944.2
0.07053 944.2
0.07054 944.3
0.07055 944.4
0.07056 944.4
0.07057 944.5
0.07058 944.6
0.07059 944.6
0.07060 944.7
0.07061 944.7
0.07062 944.8
0.07063 944.9
0.07064 944.9
0.07065 945.0
0.07066 945.0
0.07067 945.1
0.07068 945.2
0.07069 945.2
0.07070 945.3
0.07071 945.3
0.07072 945.4
0.07073 945.5
0.07074 945.5
0.07075 945.6
0.07076 945.6
0.07077 945.7
0.07078 945.8
0.07079 945.8
0.07080 945.9
0.07081 945.9
0.07082 946.0
0.07083 946.1
0.07084 946.1
0.07085 946.2
0.07086 946.2
0.07087 946.3
0.07088 946.4
0.07089 946.4
0.07090 946.5
0.07091 946.5
0.07092 946.6
0.07093 946.7
0.07094 946.7
0.07095 946.8
0.07096 946.8
0.07097 946.9
0.07098 946.9
0.07099 947.0
0.07100 947.1
0.07101 947.1
0.07102 947.2
0.07103 947.2
0.07104 947.3
0.07105 947.4
0.07106 947.4
0.07107 947.5
0.07108 947.5
0.07109 947.6
0.07110 947.6
0.07111 947.7
0.07112 947.8
0.07113 947.8
0.07114 947.9
0.07115 947.9
0.07116 948.0
0.07117 948.0
0.07118 948.1
0.07119 948.2
0.07120 948.2
0.07121 948.3
0.07122 948.3
0.07123 948.4
0.07124 948.4
0.07125 948.5
0.07126 948.6
0.07127 948.6
0.07128 948.7
0.07129 948.7
0.07130 948.8
0.07131 948.8
0.07132 948.9
0.07133 948.9
0.07134 949.0
0.07135 949.1
0.07136 949.1
0.07137 949.2
0.07138 949.2
0.07139 949.3
0.07140 949.3
0.07141 949.4
0.07142 949.4
0.07143 949.5
0.07144 949.6
0.07145 949.6
0.07146 949.7
0.07147 949.7
0.07148 949.8
0.07149 949.8
0.07150 949.9
0.07151 949.9
0.07152 950.0
0.07153 950.0
0.07154 950.1
0.07155 950.2
0.07156 950.2
0.07157 950.3
0.07158 950.3
0.07159 950.4
0.07160 950.4
0.07161 950.5
0.07162 950.5
0.07163 950.6
0.07164 950.6
0.07165 950.7
0.07166 950.7
0.07167 950.8
0.07168 950.9
0.07169 950.9
0.07170 951.0
0.07171 951.0
0.07172 951.1
0.07173 951.1
0.07174 951.2
0.07175 951.2
0.07176 951.3
0.07177 951.3
0.07178 951.4
0.07179 951.4
0.07180 951.5
0.07181 951.5
0.07182 951.6
0.07183 951.6
0.07184 951.7
0.07185 951.8
0.07186 951.8
0.07187 951.9
0.07188 951.9
0.07189 952.0
0.07190 952.0
0.07191 952.1
0.07192 952.1
0.07193 952.2
0.07194 952.2
0.07195 952.3
0.07196 952.3
0.07197 952.4
0.07198 952.4
0.07199 952.5
0.07200 952.5
0.07201 952.6
0.07202 952.6
0.07203 952.7
0.07204 952.7
0.07205 952.8
0.07206 952.8
0.07207 952.9
0.07208 952.9
0.07209 953.0
0.07210 953.0
0.07211 953.1
0.07212 953.1
0.07213 953.2
0.07214 953.2
0.07215 953.3
0.07216 953.3
0.07217 953.4
0.07218 953.4
0.07219 953.5
0.07220 953.5
0.07221 953.6
0.07222 953.6
0.07223 953.7
0.07224 953.7
0.07225 953.8
0.07226 953.8
0.07227 953.9
0.07228 953.9
0.07229 954.0
0.07230 954.0
0.07231 954.1
0.07232 954.1
0.07233 954.2
0.07234 954.2
0.07235 954.3
0.07236 954.3
0.07237 954.4
0.07238 954.4
0.07239 954.5
0.07240 954.5
0.07241 954.6
0.07242 954.6
0.07243 954.7
0.07244 954.7
0.07245 954.7
0.07246 954.8
0.07247 954.8
0.07248 954.9
0.07249 954.9
0.07250 955.0
0.07251 955.0
0.07252 955.1
0.07253 955.1
0.07254 955.2
0.07255 955.2
0.07256 955.3
0.07257 955.3
0.07258 955.4
0.07259 955.4
0.07260 955.5
0.07261 955.5
0.07262 955.6
0.07263 955.6
0.07264 955.6
0.07265 955.7
0.07266 955.7
0.07267 955.8
0.07268 955.8
0.07269 955.9
0.07270 955.9
0.07271 956.0
0.07272 956.0
0.07273 956.1
0.07274 956.1
0.07275 956.2
0.07276 956.2
0.07277 956.2
0.07278 956.3
0.07279 956.3
0.07280 956.4
0.07281 956.4
0.07282 956.5
0.07283 956.5
0.07284 956.6
0.07285 956.6
0.07286 956.6
0.07287 956.7
0.07288 956.7
0.07289 956.8
0.07290 956.8
0.07291 956.9
0.07292 956.9
0.07293 957.0
0.07294 957.0
0.07295 957.1
0.07296 957.1
0.07297 957.1
0.07298 957.2
0.07299 957.2
0.07300 957.3
0.07301 957.3
0.07302 957.4
0.07303 957.4
0.07304 957.4
0.07305 957.5
0.07306 957.5
0.07307 957.6
0.07308 957.6
0.07309 957.7
0.07310 957.7
0.07311 957.7
0.07312 957.8
0.07313 957.8
0.07314 957.9
0.07315 957.9
0.07316 958.0
0.07317 958.0
0.07318 958.0
0.07319 958.1
0.07320 958.1
0.07321 958.2
0.07322 958.2
0.07323 958.3
0.07324 958.3
0.07325 958.3
0.07326 958.4
0.07327 958.4
0.07328 958.5
0.07329 958.5
0.07330 958.6
0.07331 958.6
0.07332 958.6
0.07333 958.7
0.07334 958.7
0.07335 958.8
0.07336 958.8
0.07337 958.8
0.07338 958.9
0.07339 958.9
0.07340 959.0
0.07341 959.0
0.07342 959.1
0.07343 959.1
0.07344 959.1
0.07345 959.2
0.07346 959.2
0.07347 959.3
0.07348 959.3
0.07349 959.3
0.07350 959.4
0.07351 959.4
0.07352 959.5
0.07353 959.5
0.07354 959.5
0.07355 959.6
0.07356 959.6
0.07357 959.7
0.07358 959.7
0.07359 959.7
0.07360 959.8
0.07361 959.8
0.07362 959.9
0.07363 959.9
0.07364 959.9
0.07365 960.0
0.07366 960.0
0.07367 960.1
0.07368 960.1
0.07369 960.1
0.07370 960.2
0.07371 960.2
0.07372 960.3
0.07373 960.3
0.07374 960.3
0.07375 960.4
0.07376 960.4
0.07377 960.4
0.07378 960.5
0.07379 960.5
0.07380 960.6
0.07381 960.6
0.07382 960.6
0.07383 960.7
0.07384 960.7
0.07385 960.8
0.07386 960.8
0.07387 960.8
0.07388 960.9
0.07389 960.9
0.07390 960.9
0.07391 961.0
0.07392 961.0
0.07393 961.1
0.07394 961.1
0.07395 961.1
0.07396 961.2
0.07397 961.2
0.07398 961.2
0.07399 961.3
0.07400 961.3
0.07401 961.4
0.07402 961.4
0.07403 961.4
0.07404 961.5
0.07405 961.5
0.07406 961.5
0.07407 961.6
0.07408 961.6
0.07409 961.7
0.07410 961.7
0.07411 961.7
0.07412 961.8
0.07413 961.8
0.07414 961.8
0.07415 961.9
0.07416 961.9
0.07417 961.9
0.07418 962.0
0.07419 962.0
0.07420 962.1
0.07421 962.1
0.07422 962.1
0.07423 962.2
0.07424 962.2
0.07425 962.2
0.07426 962.3
0.07427 962.3
0.07428 962.3
0.07429 962.4
0.07430 962.4
0.07431 962.4
0.07432 962.5
0.07433 962.5
0.07434 962.6
0.07435 962.6
0.07436 962.6
0.07437 962.7
0.07438 962.7
0.07439 962.7
0.07440 962.8
0.07441 962.8
0.07442 962.8
0.07443 962.9
0.07444 962.9
0.07445 962.9
0.07446 963.0
0.07447 963.0
0.07448 963.0
0.07449 963.1
0.07450 963.1
0.07451 963.1
0.07452 963.2
0.07453 963.2
0.07454 963.2
0.07455 963.3
0.07456 963.3
0.07457 963.3
0.07458 963.4
0.07459 963.4
0.07460 963.4
0.07461 963.5
0.07462 963.5
0.07463 963.5
0.07464 963.6
0.07465 963.6
0.07466 963.6
0.07467 963.7
0.07468 963.7
0.07469 963.7
0.07470 963.8
0.07471 963.8
0.07472 963.8
0.07473 963.9
0.07474 963.9
0.07475 963.9
0.07476 964.0
0.07477 964.0
0.07478 964.0
0.07479 964.1
0.07480 964.1
0.07481 964.1
0.07482 964.2
0.07483 964.2
0.07484 964.2
0.07485 964.3
0.07486 964.3
0.07487 964.3
0.07488 964.4
0.07489 964.4
0.07490 964.4
0.07491 964.5
0.07492 964.5
0.07493 964.5
0.07494 964.6
0.07495 964.6
0.07496 964.6
0.07497 964.7
0.07498 964.7
0.07499 964.7
0.07500 964.7
0.07501 964.8
0.07502 964.8
0.07503 964.8
0.07504 964.9
0.07505 964.9
0.07506 964.9
0.07507 965.0
0.07508 965.0
0.07509 965.0
0.07510 965.1
0.07511 965.1
0.07512 965.1
0.07513 965.1
0.07514 965.2
0.07515 965.2
0.07516 965.2
0.07517 965.3
0.07518 965.3
0.07519 965.3
0.07520 965.4
0.07521 965.4
0.07522 965.4
0.07523 965.4
0.07524 965.5
0.07525 965.5
0.07526 965.5
0.07527 965.6
0.07528 965.6
0.07529 965.6
0.07530 965.7
0.07531 965.7
0.07532 965.7
0.07533 965.7
0.07534 965.8
0.07535 965.8
0.07536 965.8
0.07537 965.9
0.07538 965.9
0.07539 965.9
0.07540 966.0
0.07541 966.0
0.07542 966.0
0.07543 966.0
0.07544 966.1
0.07545 966.1
0.07546 966.1
0.07547 966.2
0.07548 966.2
0.07549 966.2
0.07550 966.2
0.07551 966.3
0.07552 966.3
0.07553 966.3
0.07554 966.4
0.07555 966.4
0.07556 966.4
0.07557 966.4
0.07558 966.5
0.07559 966.5
0.07560 966.5
0.07561 966.6
0.07562 966.6
0.07563 966.6
0.07564 966.6
0.07565 966.7
0.07566 966.7
0.07567 966.7
0.07568 966.7
0.07569 966.8
0.07570 966.8
0.07571 966.8
0.07572 966.9
0.07573 966.9
0.07574 966.9
0.07575 966.9
0.07576 967.0
0.07577 967.0
0.07578 967.0
0.07579 967.1
0.07580 967.1
0.07581 967.1
0.07582 967.1
0.07583 967.2
0.07584 967.2
0.07585 967.2
0.07586 967.2
0.07587 967.3
0.07588 967.3
0.07589 967.3
0.07590 967.3
0.07591 967.4
0.07592 967.4
0.07593 967.4
0.07594 967.5
0.07595 967.5
0.07596 967.5
0.07597 967.5
0.07598 967.6
0.07599 967.6
0.07600 967.6
0.07601 967.6
0.07602 967.7
0.07603 967.7
0.07604 967.7
0.07605 967.7
0.07606 967.8
0.07607 967.8
0.07608 967.8
0.07609 967.8
0.07610 967.9
0.07611 967.9
0.07612 967.9
0.07613 967.9
0.07614 968.0
0.07615 968.0
0.07616 968.0
0.07617 968.0
0.07618 968.1
0.07619 968.1
0.07620 968.1
0.07621 968.1
0.07622 968.2
0.07623 968.2
0.07624 968.2
0.07625 968.2
0.07626 968.3
0.07627 968.3
0.07628 968.3
0.07629 968.3
0.07630 968.4
0.07631 968.4
0.07632 968.4
0.07633 968.4
0.07634 968.5
0.07635 968.5
0.07636 968.5
0.07637 968.5
0.07638 968.6
0.07639 968.6
0.07640 968.6
0.07641 968.6
0.07642 968.7
0.07643 968.7
0.07644 968.7
0.07645 968.7
0.07646 968.8
0.07647 968.8
0.07648 968.8
0.07649 968.8
0.07650 968.9
0.07651 968.9
0.07652 968.9
0.07653 968.9
0.07654 969.0
0.07655 969.0
0.07656 969.0
0.07657 969.0
0.07658 969.0
0.07659 969.1
0.07660 969.1
0.07661 969.1
0.07662 969.1
0.07663 969.2
0.07664 969.2
0.07665 969.2
0.07666 969.2
0.07667 969.3
0.07668 969.3
0.07669 969.3
0.07670 969.3
0.07671 969.3
0.07672 969.4
0.07673 969.4
0.07674 969.4
0.07675 969.4
0.07676 969.5
0.07677 969.5
0.07678 969.5
0.07679 969.5
0.07680 969.6
0.07681 969.6
0.07682 969.6
0.07683 969.6
0.07684 969.6
0.07685 969.7
0.07686 969.7
0.07687 969.7
0.07688 969.7
0.07689 969.8
0.07690 969.8
0.07691 969.8
0.07692 969.8
0.07693 969.8
0.07694 969.9
0.07695 969.9
0.07696 969.9
0.07697 969.9
0.07698 970.0
0.07699 970.0
0.07700 970.0
0.07701 970.0
0.07702 970.0
0.07703 970.1
0.07704 970.1
0.07705 970.1
0.07706 970.1
0.07707 970.1
0.07708 970.2
0.07709 970.2
0.07710 970.2
0.07711 970.2
0.07712 970.3
0.07713 970.3
0.07714 970.3
0.07715 970.3
0.07716 970.3
0.07717 970.4
0.07718 970.4
0.07719 970.4
0.07720 970.4
0.07721 970.4
0.07722 970.5
0.07723 970.5
0.07724 970.5
0.07725 970.5
0.07726 970.5
0.07727 970.6
0.07728 970.6
0.07729 970.6
0.07730 970.6
0.07731 970.7
0.07732 970.7
0.07733 970.7
0.07734 970.7
0.07735 970.7
0.07736 970.8
0.07737 970.8
0.07738 970.8
0.07739 970.8
0.07740 970.8
0.07741 970.9
0.07742 970.9
0.07743 970.9
0.07744 970.9
0.07745 970.9
0.07746 971.0
0.07747 971.0
0.07748 971.0
0.07749 971.0
0.07750 971.0
0.07751 971.1
0.07752 971.1
0.07753 971.1
0.07754 971.1
0.07755 971.1
0.07756 971.2
0.07757 971.2
0.07758 971.2
0.07759 971.2
0.07760 971.2
0.07761 971.2
0.07762 971.3
0.07763 971.3
0.07764 971.3
0.07765 971.3
0.07766 971.3
0.07767 971.4
0.07768 971.4
0.07769 971.4
0.07770 971.4
0.07771 971.4
0.07772 971.5
0.07773 971.5
0.07774 971.5
0.07775 971.5
0.07776 971.5
0.07777 971.6
0.07778 971.6
0.07779 971.6
0.07780 971.6
0.07781 971.6
0.07782 971.6
0.07783 971.7
0.07784 971.7
0.07785 971.7
0.07786 971.7
0.07787 971.7
0.07788 971.8
0.07789 971.8
0.07790 971.8
0.07791 971.8
0.07792 971.8
0.07793 971.8
0.07794 971.9
0.07795 971.9
0.07796 971.9
0.07797 971.9
0.07798 971.9
0.07799 972.0
0.07800 972.0
0.07801 972.0
0.07802 972.0
0.07803 972.0
0.07804 972.0
0.07805 972.1
0.07806 972.1
0.07807 972.1
0.07808 972.1
0.07809 972.1
0.07810 972.2
0.07811 972.2
0.07812 972.2
0.07813 972.2
0.07814 972.2
0.07815 972.2
0.07816 972.3
0.07817 972.3
0.07818 972.3
0.07819 972.3
0.07820 972.3
0.07821 972.3
0.07822 972.4
0.07823 972.4
0.07824 972.4
0.07825 972.4
0.07826 972.4
0.07827 972.5
0.07828 972.5
0.07829 972.5
0.07830 972.5
0.07831 972.5
0.07832 972.5
0.07833 972.6
0.07834 972.6
0.07835 972.6
0.07836 972.6
0.07837 972.6
0.07838 972.6
0.07839 972.7
0.07840 972.7
0.07841 972.7
0.07842 972.7
0.07843 972.7
0.07844 972.7
0.07845 972.8
0.07846 972.8
0.07847 972.8
0.07848 972.8
0.07849 972.8
0.07850 972.8
0.07851 972.9
0.07852 972.9
0.07853 972.9
0.07854 972.9
0.07855 972.9
0.07856 972.9
0.07857 972.9
0.07858 973.0
0.07859 973.0
0.07860 973.0
0.07861 973.0
0.07862 973.0
0.07863 973.0
0.07864 973.1
0.07865 973.1
0.07866 973.1
0.07867 973.1
0.07868 973.1
0.07869 973.1
0.07870 973.2
0.07871 973.2
0.07872 973.2
0.07873 973.2
0.07874 973.2
0.07875 973.2
0.07876 973.3
0.07877 973.3
0.07878 973.3
0.07879 973.3
0.07880 973.3
0.07881 973.3
0.07882 973.3
0.07883 973.4
0.07884 973.4
0.07885 973.4
0.07886 973.4
0.07887 973.4
0.07888 973.4
0.07889 973.5
0.07890 973.5
0.07891 973.5
0.07892 973.5
0.07893 973.5
0.07894 973.5
0.07895 973.5
0.07896 973.6
0.07897 973.6
0.07898 973.6
0.07899 973.6
0.07900 973.6
0.07901 973.6
0.07902 973.6
0.07903 973.7
0.07904 973.7
0.07905 973.7
0.07906 973.7
0.07907 973.7
0.07908 973.7
0.07909 973.7
0.07910 973.8
0.07911 973.8
0.07912 973.8
0.07913 973.8
0.07914 973.8
0.07915 973.8
0.07916 973.9
0.07917 973.9
0.07918 973.9
0.07919 973.9
0.07920 973.9
0.07921 973.9
0.07922 973.9
0.07923 974.0
0.07924 974.0
0.07925 974.0
0.07926 974.0
0.07927 974.0
0.07928 974.0
0.07929 974.0
0.07930 974.1
0.07931 974.1
0.07932 974.1
0.07933 974.1
0.07934 974.1
0.07935 974.1
0.07936 974.1
0.07937 974.1
0.07938 974.2
0.07939 974.2
0.07940 974.2
0.07941 974.2
0.07942 974.2
0.07943 974.2
0.07944 974.2
0.07945 974.3
0.07946 974.3
0.07947 974.3
0.07948 974.3
0.07949 974.3
0.07950 974.3
0.07951 974.3
0.07952 974.4
0.07953 974.4
0.07954 974.4
0.07955 974.4
0.07956 974.4
0.07957 974.4
0.07958 974.4
0.07959 974.4
0.07960 974.5
0.07961 974.5
0.07962 974.5
0.07963 974.5
0.07964 974.5
0.07965 974.5
0.07966 974.5
0.07967 974.6
0.07968 974.6
0.07969 974.6
0.07970 974.6
0.07971 974.6
0.07972 974.6
0.07973 974.6
0.07974 974.6
0.07975 974.7
0.07976 974.7
0.07977 974.7
0.07978 974.7
0.07979 974.7
0.07980 974.7
0.07981 974.7
0.07982 974.7
0.07983 974.8
0.07984 974.8
0.07985 974.8
0.07986 974.8
0.07987 974.8
0.07988 974.8
0.07989 974.8
0.07990 974.8
0.07991 974.9
0.07992 974.9
0.07993 974.9
0.07994 974.9
0.07995 974.9
0.07996 974.9
0.07997 974.9
0.07998 974.9
0.07999 975.0
0.08000 982.4
0.08001 982.4
0.08002 982.4
0.08003 982.4
0.08004 982.4
0.08005 982.4
0.08006 982.4
0.08007 982.4
0.08008 982.4
0.08009 982.4
0.08010 982.4
0.08011 982.4
0.08012 982.4
0.08013 982.4
0.08014 982.4
0.08015 982.4
0.08016 982.4
0.08017 982.4
0.08018 982.4
0.08019 982.4
0.08020 982.4
0.08021 982.4
0.08022 982.4
0.08023 982.4
0.08024 982.4
0.08025 982.4
0.08026 982.4
0.08027 982.4
0.08028 982.4
0.08029 982.4
0.08030 982.4
0.08031 982.4
0.08032 982.4
0.08033 982.4
0.08034 982.4
0.08035 982.4
0.08036 982.4
0.08037 982.4
0.08038 982.4
0.08039 982.4
0.08040 982.4
0.08041 982.4
0.08042 982.4
0.08043 982.4
0.08044 982.4
0.08045 982.4
0.08046 982.4
0.08047 982.4
0.08048 982.4
0.08049 982.4
0.08050 982.4
0.08051 982.4
0.08052 982.4
0.08053 982.4
0.08054 982.4
0.08055 982.4
0.08056 982.4
0.08057 982.4
0.08058 982.4
0.08059 982.4
0.08060 982.4
0.08061 982.4
0.08062 982.4
0.08063 982.4
0.08064 982.4
0.08065 982.4
0.08066 982.4
0.08067 982.4
0.08068 982.4
0.08069 982.4
0.08070 982.4
0.08071 982.4
0.08072 982.4
0.08073 982.4
0.08074 982.4
0.08075 982.4
0.08076 982.4
0.08077 982.4
0.08078 982.4
0.08079 982.4
0.08080 982.4
0.08081 982.4
0.08082 982.4
0.08083 982.4
0.08084 982.4
0.08085 982.4
0.08086 982.4
0.08087 982.4
0.08088 982.4
0.08089 982.4
0.08090 982.4
0.08091 982.4
0.08092 982.4
0.08093 982.4
0.08094 982.4
0.08095 982.4
0.08096 982.4
0.08097 982.4
0.08098 982.4
0.08099 982.4
0.08100 982.4
0.08101 1006.0
0.08102 1030.0
0.08103 1054.6
0.08104 1079.7
0.08105 1105.3
0.08106 1131.5
0.08107 1158.1
0.08108 1185.4
0.08109 1213.1
0.08110 1241.5
0.08111 1270.4
0.08112 1300.0
0.08113 1330.1
0.08114 1360.9
0.08115 1392.3
0.08116 1424.3
0.08117 1457.0
0.08118 1490.4
0.08119 1524.5
0.08120 1559.3
0.08121 1594.9
0.08122 1631.3
0.08123 1668.5
0.08124 1706.5
0.08125 1745.4
0.08126 1785.3
0.08127 1826.2
0.08128 1868.1
0.08129 1911.2
0.08130 1955.5
0.08131 2001.1
0.08132 2048.2
0.08133 2096.9
0.08134 2147.3
0.08135 2199.6
0.08136 2254.1
0.08137 2311.1
0.08138 2370.8
0.08139 2433.6
0.08140 2500.0
0.08141 2570.5
0.08142 2645.6
0.08143 2726.2
0.08144 2813.2
0.08145 2907.5
0.08146 3010.6
0.08147 3124.0
0.08148 3249.7
0.08149 3389.9
0.08150 3547.8
0.08151 3640.0
0.08152 3751.4
0.08153 3885.0
0.08154 4044.4
0.08155 4234.0
0.08156 4459.0
0.08157 4725.7
0.08158 5041.8
0.08159 5415.9
0.08160 5857.7
0.08161 6377.3
0.08162 6983.6
0.08163 7682.2
0.08164 8472.4
0.08165 9343.1
0.08166 10270.4
0.08167 11218.8
0.08168 12147.1
0.08169 13017.2
0.08170 13801.5
0.08171 14486.2
0.08172 15068.9
0.08173 15554.5
0.08174 15952.0
0.08175 16271.0
0.08176 16521.1
0.08177 16710.7
0.08178 16846.9
0.08179 16935.9
0.08180 16982.9
0.08181 16992.0
0.08182 16967.0
0.08183 16910.7
0.08184 16825.8
0.08185 16714.4
0.08186 16578.4
0.08187 16419.5
0.08188 16239.2
0.08189 16039.0
0.08190 15820.1
0.08191 15583.8
0.08192 15331.3
0.08193 15063.8
0.08194 14782.6
0.08195 14488.8
0.08196 14183.7
0.08197 13868.5
0.08198 13544.6
0.08199 13213.0
0.08200 12875.2
0.08201 12532.4
0.08202 12185.7
0.08203 11836.6
0.08204 11486.2
0.08205 11135.6
0.08206 10786.0
0.08207 10438.4
0.08208 10094.0
0.08209 9753.7
0.08210 9418.3
0.08211 9088.6
0.08212 8765.5
0.08213 8449.5
0.08214 8141.3
0.08215 7841.2
0.08216 7549.8
0.08217 7267.4
0.08218 6994.2
0.08219 6730.4
0.08220 6476.1
0.08221 6231.4
0.08222 5996.3
0.08223 5770.8
0.08224 5554.6
0.08225 5347.8
0.08226 5150.0
0.08227 4961.1
0.08228 4780.9
0.08229 4609.0
0.08230 4445.3
0.08231 4289.3
0.08232 4140.9
0.08233 3999.7
0.08234 3865.3
0.08235 3737.6
0.08236 3616.1
0.08237 3500.6
0.08238 3390.8
0.08239 3286.4
0.08240 3187.2
0.08241 3092.7
0.08242 3002.9
0.08243 2917.4
0.08244 2836.0
0.08245 2758.5
0.08246 2684.7
0.08247 2614.3
0.08248 2547.2
0.08249 2483.1
0.08250 2422.0
0.08251 2363.6
0.08252 2307.8
0.08253 2254.5
0.08254 2203.5
0.08255 2154.7
0.08256 2107.9
0.08257 2063.2
0.08258 2020.2
0.08259 1979.1
0.08260 1939.6
0.08261 1901.7
0.08262 1865.4
0.08263 1830.4
0.08264 1796.9
0.08265 1764.6
0.08266 1733.6
0.08267 1703.8
0.08268 1675.1
0.08269 1647.6
0.08270 1621.0
0.08271 1595.5
0.08272 1571.0
0.08273 1547.3
0.08274 1524.6
0.08275 1502.7
0.08276 1481.6
0.08277 1461.4
0.08278 1441.8
0.08279 1423.1
0.08280 1405.0
0.08281 1387.6
0.08282 1370.8
0.08283 1354.7
0.08284 1339.2
0.08285 1324.3
0.08286 1309.9
0.08287 1296.1
0.08288 1282.8
0.08289 1270.0
0.08290 1257.7
0.08291 1245.9
0.08292 1234.5
0.08293 1223.5
0.08294 1213.0
0.08295 1202.8
0.08296 1193.0
0.08297 1183.6
0.08298 1174.6
0.08299 1165.8
0.08300 1157.4
0.08301 1149.4
0.08302 1141.6
0.08303 1134.1
0.08304 1126.8
0.08305 1119.9
0.08306 1113.2
0.08307 1106.7
0.08308 1100.5
0.08309 1094.5
0.08310 1088.7
0.08311 1083.1
0.08312 1077.7
0.08313 1072.5
0.08314 1067.5
0.08315 1062.6
0.08316 1058.0
0.08317 1053.4
0.08318 1049.1
0.08319 1044.9
0.08320 1040.8
0.08321 1036.9
0.08322 1033.1
0.08323 1029.4
0.08324 1025.9
0.08325 1022.5
0.08326 1019.1
0.08327 1015.9
0.08328 1012.8
0.08329 1009.8
0.08330 1006.9
0.08331 1004.1
0.08332 1001.4
0.08333 998.8
0.08334 996.2
0.08335 993.7
0.08336 991.4
0.08337 989.0
0.08338 986.8
0.08339 984.6
0.08340 982.5
0.08341 980.5
0.08342 978.5
0.08343 976.6
0.08344 974.7
0.08345 972.9
0.08346 971.1
0.08347 969.4
0.08348 967.8
0.08349 966.2
0.08350 964.6
0.08351 963.1
0.08352 961.7
0.08353 960.3
0.08354 958.9
0.08355 957.5
0.08356 956.2
0.08357 955.0
0.08358 953.7
0.08359 952.6
0.08360 951.4
0.08361 950.3
0.08362 949.2
0.08363 948.1
0.08364 947.1
0.08365 946.1
0.08366 945.1
0.08367 944.2
0.08368 943.2
0.08369 942.3
0.08370 941.5
0.08371 940.6
0.08372 939.8
0.08373 939.0
0.08374 938.2
0.08375 937.4
0.08376 936.7
0.08377 936.0
0.08378 935.3
0.08379 934.6
0.08380 933.9
0.08381 933.3
0.08382 932.7
0.08383 932.1
0.08384 931.5
0.08385 930.9
0.08386 930.3
0.08387 929.8
0.08388 929.2
0.08389 928.7
0.08390 928.2
0.08391 927.7
0.08392 927.2
0.08393 926.8
0.08394 926.3
0.08395 925.9
0.08396 925.4
0.08397 925.0
0.08398 924.6
0.08399 924.2
0.08400 923.8
0.08401 923.4
0.08402 923.1
0.08403 922.7
0.08404 922.4
0.08405 922.0
0.08406 921.7
0.08407 921.4
0.08408 921.1
0.08409 920.7
0.08410 920.4
0.08411 920.2
0.08412 919.9
0.08413 919.6
0.08414 919.3
0.08415 919.1
0.08416 918.8
0.08417 918.6
0.08418 918.3
0.08419 918.1
0.08420 917.8
0.08421 917.6
0.08422 917.4
0.08423 917.2
0.08424 917.0
0.08425 916.8
0.08426 916.6
0.08427 916.4
0.08428 916.2
0.08429 916.0
0.08430 915.9
0.08431 915.7
0.08432 915.5
0.08433 915.4
0.08434 915.2
0.08435 915.0
0.08436 914.9
0.08437 914.7
0.08438 914.6
0.08439 914.5
0.08440 914.3
0.08441 914.2
0.08442 914.1
0.08443 914.0
0.08444 913.8
0.08445 913.7
0.08446 913.6
0.08447 913.5
0.08448 913.4
0.08449 913.3
0.08450 913.2
0.08451 913.1
0.08452 913.0
0.08453 912.9
0.08454 912.8
0.08455 912.7
0.08456 912.7
0.08457 912.6
0.08458 912.5
0.08459 912.4
0.08460 912.4
0.08461 912.3
0.08462 912.2
0.08463 912.1
0.08464 912.1
0.08465 912.0
0.08466 912.0
0.08467 911.9
0.08468 911.9
0.08469 911.8
0.08470 911.8
0.08471 911.7
0.08472 911.7
0.08473 911.6
0.08474 911.6
0.08475 911.5
0.08476 911.5
0.08477 911.5
0.08478 911.4
0.08479 911.4
0.08480 911.3
0.08481 911.3
0.08482 911.3
0.08483 911.3
0.08484 911.2
0.08485 911.2
0.08486 911.2
0.08487 911.2
0.08488 911.1
0.08489 911.1
0.08490 911.1
0.08491 911.1
0.08492 911.1
0.08493 911.1
0.08494 911.0
0.08495 911.0
0.08496 911.0
0.08497 911.0
0.08498 911.0
0.08499 911.0
0.08500 911.0
0.08501 911.0
0.08502 911.0
0.08503 911.0
0.08504 911.0
0.08505 911.0
0.08506 911.0
0.08507 911.0
0.08508 911.0
0.08509 911.0
0.08510 911.0
0.08511 911.0
0.08512 911.0
0.08513 911.0
0.08514 911.0
0.08515 911.0
0.08516 911.1
0.08517 911.1
0.08518 911.1
0.08519 911.1
0.08520 911.1
0.08521 911.1
0.08522 911.1
0.08523 911.2
0.08524 911.2
0.08525 911.2
0.08526 911.2
0.08527 911.2
0.08528 911.2
0.08529 911.3
0.08530 911.3
0.08531 911.3
0.08532 911.3
0.08533 911.4
0.08534 911.4
0.08535 911.4
0.08536 911.4
0.08537 911.5
0.08538 911.5
0.08539 911.5
0.08540 911.5
0.08541 911.6
0.08542 911.6
0.08543 911.6
0.08544 911.6
0.08545 911.7
0.08546 911.7
0.08547 911.7
0.08548 911.8
0.08549 911.8
0.08550 911.8
0.08551 911.9
0.08552 911.9
0.08553 911.9
0.08554 912.0
0.08555 912.0
0.08556 912.0
0.08557 912.1
0.08558 912.1
0.08559 912.2
0.08560 912.2
0.08561 912.2
0.08562 912.3
0.08563 912.3
0.08564 912.4
0.08565 912.4
0.08566 912.4
0.08567 912.5
0.08568 912.5
0.08569 912.6
0.08570 912.6
0.08571 912.6
0.08572 912.7
0.08573 912.7
0.08574 912.8
0.08575 912.8
0.08576 912.9
0.08577 912.9
0.08578 912.9
0.08579 913.0
0.08580 913.0
0.08581 913.1
0.08582 913.1
0.08583 913.2
0.08584 913.2
0.08585 913.3
0.08586 913.3
0.08587 913.4
0.08588 913.4
0.08589 913.5
0.08590 913.5
0.08591 913.6
0.08592 913.6
0.08593 913.7
0.08594 913.7
0.08595 913.8
0.08596 913.8
0.08597 913.9
0.08598 913.9
0.08599 914.0
0.08600 914.0
0.08601 914.1
0.08602 914.1
0.08603 914.2
0.08604 914.2
0.08605 914.3
0.08606 914.3
0.08607 914.4
0.08608 914.4
0.08609 914.5
0.08610 914.5
0.08611 914.6
0.08612 914.6
0.08613 914.7
0.08614 914.8
0.08615 914.8
0.08616 914.9
0.08617 914.9
0.08618 915.0
0.08619 915.0
0.08620 915.1
0.08621 915.1
0.08622 915.2
0.08623 915.3
0.08624 915.3
0.08625 915.4
0.08626 915.4
0.08627 915.5
0.08628 915.5
0.08629 915.6
0.08630 915.7
0.08631 915.7
0.08632 915.8
0.08633 915.8
0.08634 915.9
0.08635 916.0
0.08636 916.0
0.08637 916.1
0.08638 916.1
0.08639 916.2
0.08640 916.3
0.08641 916.3
0.08642 916.4
0.08643 916.4
0.08644 916.5
0.08645 916.6
0.08646 916.6
0.08647 916.7
0.08648 916.7
0.08649 916.8
0.08650 916.9
0.08651 916.9
0.08652 917.0
0.08653 917.0
0.08654 917.1
0.08655 917.2
0.08656 917.2
0.08657 917.3
0.08658 917.4
0.08659 917.4
0.08660 917.5
0.08661 917.6
0.08662 917.6
0.08663 917.7
0.08664 917.7
0.08665 917.8
0.08666 917.9
0.08667 917.9
0.08668 918.0
0.08669 918.1
0.08670 918.1
0.08671 918.2
0.08672 918.3
0.08673 918.3
0.08674 918.4
0.08675 918.4
0.08676 918.5
0.08677 918.6
0.08678 918.6
0.08679 918.7
0.08680 918.8
0.08681 918.8
0.08682 918.9
0.08683 919.0
0.08684 919.0
0.08685 919.1
0.08686 919.2
0.08687 919.2
0.08688 919.3
0.08689 919.4
0.08690 919.4
0.08691 919.5
0.08692 919.6
0.08693 919.6
0.08694 919.7
0.08695 919.8
0.08696 919.8
0.08697 919.9
0.08698 920.0
0.08699 920.0
0.08700 920.1
0.08701 920.2
0.08702 920.2
0.08703 920.3
0.08704 920.4
0.08705 920.4
0.08706 920.5
0.08707 920.6
0.08708 920.6
0.08709 920.7
0.08710 920.8
0.08711 920.8
0.08712 920.9
0.08713 921.0
0.08714 921.0
0.08715 921.1
0.08716 921.2
0.08717 921.3
0.08718 921.3
0.08719 921.4
0.08720 921.5
0.08721 921.5
0.08722 921.6
0.08723 921.7
0.08724 921.7
0.08725 921.8
0.08726 921.9
0.08727 921.9
0.08728 922.0
0.08729 922.1
0.08730 922.1
0.08731 922.2
0.08732 922.3
0.08733 922.4
0.08734 922.4
0.08735 922.5
0.08736 922.6
0.08737 922.6
0.08738 922.7
0.08739 922.8
0.08740 922.8
0.08741 922.9
0.08742 923.0
0.08743 923.0
0.08744 923.1
0.08745 923.2
0.08746 923.3
0.08747 923.3
0.08748 923.4
0.08749 923.5
0.08750 923.5
0.08751 923.6
0.08752 923.7
0.08753 923.7
0.08754 923.8
0.08755 923.9
0.08756 924.0
0.08757 924.0
0.08758 924.1
0.08759 924.2
0.08760 924.2
0.08761 924.3
0.08762 924.4
0.08763 924.5
0.08764 924.5
0.08765 924.6
0.08766 924.7
0.08767 924.7
0.08768 924.8
0.08769 924.9
0.08770 924.9
0.08771 925.0
0.08772 925.1
0.08773 925.2
0.08774 925.2
0.08775 925.3
0.08776 925.4
0.08777 925.4
0.08778 925.5
0.08779 925.6
0.08780 925.7
0.08781 925.7
0.08782 925.8
0.08783 925.9
0.08784 925.9
0.08785 926.0
0.08786 926.1
0.08787 926.2
0.08788 926.2
0.08789 926.3
0.08790 926.4
0.08791 926.4
0.08792 926.5
0.08793 926.6
0.08794 926.7
0.08795 926.7
0.08796 926.8
0.08797 926.9
0.08798 926.9
0.08799 927.0
0.08800 927.1
0.08801 927.2
0.08802 927.2
0.08803 927.3
0.08804 927.4
0.08805 927.4
0.08806 927.5
0.08807 927.6
0.08808 927.7
0.08809 927.7
0.08810 927.8
0.08811 927.9
0.08812 927.9
0.08813 928.0
0.08814 928.1
0.08815 928.1
0.08816 928.2
0.08817 928.3
0.08818 928.4
0.08819 928.4
0.08820 928.5
0.08821 928.6
0.08822 928.6
0.08823 928.7
0.08824 928.8
0.08825 928.9
0.08826 928.9
0.08827 929.0
0.08828 929.1
0.08829 929.1
0.08830 929.2
0.08831 929.3
0.08832 929.4
0.08833 929.4
0.08834 929.5
0.08835 929.6
0.08836 929.6
0.08837 929.7
0.08838 929.8
0.08839 929.9
0.08840 929.9
0.08841 930.0
0.08842 930.1
0.08843 930.1
0.08844 930.2
0.08845 930.3
0.08846 930.4
0.08847 930.4
0.08848 930.5
0.08849 930.6
0.08850 930.6
0.08851 930.7
0.08852 930.8
0.08853 930.9
0.08854 930.9
0.08855 931.0
0.08856 931.1
0.08857 931.1
0.08858 931.2
0.08859 931.3
0.08860 931.3
0.08861 931.4
0.08862 931.5
0.08863 931.6
0.08864 931.6
0.08865 931.7
0.08866 931.8
0.08867 931.8
0.08868 931.9
0.08869 932.0
0.08870 932.1
0.08871 932.1
0.08872 932.2
0.08873 932.3
0.08874 932.3
0.08875 932.4
0.08876 932.5
0.08877 932.5
0.08878 932.6
0.08879 932.7
0.08880 932.8
0.08881 932.8
0.08882 932.9
0.08883 933.0
0.08884 933.0
0.08885 933.1
0.08886 933.2
0.08887 933.3
0.08888 933.3
0.08889 933.4
0.08890 933.5
0.08891 933.5
0.08892 933.6
0.08893 933.7
0.08894 933.7
0.08895 933.8
0.08896 933.9
0.08897 934.0
0.08898 934.0
0.08899 934.1
0.08900 934.2
0.08901 934.2
0.08902 934.3
0.08903 934.4
0.08904 934.4
0.08905 934.5
0.08906 934.6
0.08907 934.6
0.08908 934.7
0.08909 934.8
0.08910 934.9
0.08911 934.9
0.08912 935.0
0.08913 935.1
0.08914 935.1
0.08915 935.2
0.08916 935.3
0.08917 935.3
0.08918 935.4
0.08919 935.5
0.08920 935.5
0.08921 935.6
0.08922 935.7
0.08923 935.8
0.08924 935.8
0.08925 935.9
0.08926 936.0
0.08927 936.0
0.08928 936.1
0.08929 936.2
0.08930 936.2
0.08931 936.3
0.08932 936.4
0.08933 936.4
0.08934 936.5
0.08935 936.6
0.08936 936.6
0.08937 936.7
0.08938 936.8
0.08939 936.8
0.08940 936.9
0.08941 937.0
0.08942 937.0
0.08943 937.1
0.08944 937.2
0.08945 937.3
0.08946 937.3
0.08947 937.4
0.08948 937.5
0.08949 937.5
0.08950 937.6
0.08951 937.7
0.08952 937.7
0.08953 937.8
0.08954 937.9
0.08955 937.9
0.08956 938.0
0.08957 938.1
0.08958 938.1
0.08959 938.2
0.08960 938.3
0.08961 938.3
0.08962 938.4
0.08963 938.5
0.08964 938.5
0.08965 938.6
0.08966 938.7
0.08967 938.7
0.08968 938.8
0.08969 938.9
0.08970 938.9
0.08971 939.0
0.08972 939.1
0.08973 939.1
0.08974 939.2
0.08975 939.3
0.08976 939.3
0.08977 939.4
0.08978 939.5
0.08979 939.5
0.08980 939.6
0.08981 939.7
0.08982 939.7
0.08983 939.8
0.08984 939.9
0.08985 939.9
0.08986 940.0
0.08987 940.1
0.08988 940.1
0.08989 940.2
0.08990 940.3
0.08991 940.3
0.08992 940.4
0.08993 940.4
0.08994 940.5
0.08995 940.6
0.08996 940.6
0.08997 940.7
0.08998 940.8
0.08999 940.8
0.09000 940.9
0.09001 941.0
0.09002 941.0
0.09003 941.1
0.09004 941.2
0.09005 941.2
0.09006 941.3
0.09007 941.4
0.09008 941.4
0.09009 941.5
0.09010 941.5
0.09011 941.6
0.09012 941.7
0.09013 941.7
0.09014 941.8
0.09015 941.9
0.09016 941.9
0.09017 942.0
0.09018 942.1
0.09019 942.1
0.09020 942.2
0.09021 942.2
0.09022 942.3
0.09023 942.4
0.09024 942.4
0.09025 942.5
0.09026 942.6
0.09027 942.6
0.09028 942.7
0.09029 942.8
0.09030 942.8
0.09031 942.9
0.09032 942.9
0.09033 943.0
0.09034 943.1
0.09035 943.1
0.09036 943.2
0.09037 943.3
0.09038 943.3
0.09039 943.4
0.09040 943.4
0.09041 943.5
0.09042 943.6
0.09043 943.6
0.09044 943.7
0.09045 943.8
0.09046 943.8
0.09047 943.9
0.09048 943.9
0.09049 944.0
0.09050 944.1
0.09051 944.1
0.09052 944.2
0.09053 944.2
0.09054 944.3
0.09055 944.4
0.09056 944.4
0.09057 944.5
0.09058 944.6
0.09059 944.6
0.09060 944.7
0.09061 944.7
0.09062 944.8
0.09063 944.9
0.09064 944.9
0.09065 945.0
0.09066 945.0
0.09067 945.1
0.09068 945.2
0.09069 945.2
0.09070 945.3
0.09071 945.3
0.09072 945.4
0.09073 945.5
0.09074 945.5
0.09075 945.6
0.09076 945.6
0.09077 945.7
0.09078 945.8
0.09079 945.8
0.09080 945.9
0.09081 945.9
0.09082 946.0
0.09083 946.1
0.09084 946.1
0.09085 946.2
0.09086 946.2
0.09087 946.3
0.09088 946.4
0.09089 946.4
0.09090 946.5
0.09091 946.5
0.09092 946.6
0.09093 946.7
0.09094 946.7
0.09095 946.8
0.09096 946.8
0.09097 946.9
0.09098 946.9
0.09099 947.0
0.09100 947.1
0.09101 947.1
0.09102 947.2
0.09103 947.2
0.09104 947.3
0.09105 947.4
0.09106 947.4
0.09107 947.5
0.09108 947.5
0.09109 947.6
0.09110 947.6
0.09111 947.7
0.09112 947.8
0.09113 947.8
0.09114 947.9
0.09115 947.9
0.09116 948.0
0.09117 948.0
0.09118 948.1
0.09119 948.2
0.09120 948.2
0.09121 948.3
0.09122 948.3
0.09123 948.4
0.09124 948.4
0.09125 948.5
0.09126 948.6
0.09127 948.6
0.09128 948.7
0.09129 948.7
0.09130 948.8
0.09131 948.8
0.09132 948.9
0.09133 948.9
0.09134 949.0
0.09135 949.1
0.09136 949.1
0.09137 949.2
0.09138 949.2
0.09139 949.3
0.09140 949.3
0.09141 949.4
0.09142 949.4
0.09143 949.5
0.09144 949.6
0.09145 949.6
0.09146 949.7
0.09147 949.7
0.09148 949.8
0.09149 949.8
0.09150 949.9
0.09151 949.9
0.09152 950.0
0.09153 950.0
0.09154 950.1
0.09155 950.2
0.09156 950.2
0.09157 950.3
0.09158 950.3
0.09159 950.4
0.09160 950.4
0.09161 950.5
0.09162 950.5
0.09163 950.6
0.09164 950.6
0.09165 950.7
0.09166 950.7
0.09167 950.8
0.09168 950.9
0.09169 950.9
0.09170 951.0
0.09171 951.0
0.09172 951.1
0.09173 951.1
0.09174 951.2
0.09175 951.2
0.09176 951.3
0.09177 951.3
0.09178 951.4
0.09179 951.4
0.09180 951.5
0.09181 951.5
0.09182 951.6
0.09183 951.6
0.09184 951.7
0.09185 951.8
0.09186 951.8
0.09187 951.9
0.09188 951.9
0.09189 952.0
0.09190 952.0
0.09191 952.1
0.09192 952.1
0.09193 952.2
0.09194 952.2
0.09195 952.3
0.09196 952.3
0.09197 952.4
0.09198 952.4
0.09199 952.5
0.09200 952.5
0.09201 952.6
0.09202 952.6
0.09203 952.7
0.09204 952.7
0.09205 952.8
0.09206 952.8
0.09207 952.9
0.09208 952.9
0.09209 953.0
0.09210 953.0
0.09211 953.1
0.09212 953.1
0.09213 953.2
0.09214 953.2
0.09215 953.3
0.09216 953.3
0.09217 953.4
0.09218 953.4
0.09219 953.5
0.09220 953.5
0.09221 953.6
0.09222 953.6
0.09223 953.7
0.09224 953.7
0.09225 953.8
0.09226 953.8
0.09227 953.9
0.09228 953.9
0.09229 954.0
0.09230 954.0
0.09231 954.1
0.09232 954.1
0.09233 954.2
0.09234 954.2
0.09235 954.3
0.09236 954.3
0.09237 954.4
0.09238 954.4
0.09239 954.5
0.09240 954.5
0.09241 954.6
0.09242 954.6
0.09243 954.7
0.09244 954.7
0.09245 954.7
0.09246 954.8
0.09247 954.8
0.09248 954.9
0.09249 954.9
0.09250 955.0
0.09251 955.0
0.09252 955.1
0.09253 955.1
0.09254 955.2
0.09255 955.2
0.09256 955.3
0.09257 955.3
0.09258 955.4
0.09259 955.4
0.09260 955.5
0.09261 955.5
0.09262 955.6
0.09263 955.6
0.09264 955.6
0.09265 955.7
0.09266 955.7
0.09267 955.8
0.09268 955.8
0.09269 955.9
0.09270 955.9
0.09271 956.0
0.09272 956.0
0.09273 956.1
0.09274 956.1
0.09275 956.2
0.09276 956.2
0.09277 956.2
0.09278 956.3
0.09279 956.3
0.09280 956.4
0.09281 956.4
0.09282 956.5
0.09283 956.5
0.09284 956.6
0.09285 956.6
0.09286 956.6
0.09287 956.7
0.09288 956.7
0.09289 956.8
0.09290 956.8
0.09291 956.9
0.09292 956.9
0.09293 957.0
0.09294 957.0
0.09295 957.1
0.09296 957.1
0.09297 957.1
0.09298 957.2
0.09299 957.2
0.09300 957.3
0.09301 957.3
0.09302 957.4
0.09303 957.4
0.09304 957.4
0.09305 957.5
0.09306 957.5
0.09307 957.6
0.09308 957.6
0.09309 957.7
0.09310 957.7
0.09311 957.7
0.09312 957.8
0.09313 957.8
0.09314 957.9
0.09315 957.9
0.09316 958.0
0.09317 958.0
0.09318 958.0
0.09319 958.1
0.09320 958.1
0.09321 958.2
0.09322 958.2
0.09323 958.3
0.09324 958.3
0.09325 958.3
0.09326 958.4
0.09327 958.4
0.09328 958.5
0.09329 958.5
0.09330 958.6
0.09331 958.6
0.09332 958.6
0.09333 958.7
0.09334 958.7
0.09335 958.8
0.09336 958.8
0.09337 958.8
0.09338 958.9
0.09339 958.9
0.09340 959.0
0.09341 959.0
0.09342 959.1
0.09343 959.1
0.09344 959.1
0.09345 959.2
0.09346 959.2
0.09347 959.3
0.09348 959.3
0.09349 959.3
0.09350 959.4
0.09351 959.4
0.09352 959.5
0.09353 959.5
0.09354 959.5
0.09355 959.6
0.09356 959.6
0.09357 959.7
0.09358 959.7
0.09359 959.7
0.09360 959.8
0.09361 959.8
0.09362 959.9
0.09363 959.9
0.09364 959.9
0.09365 960.0
0.09366 960.0
0.09367 960.1
0.09368 960.1
0.09369 960.1
0.09370 960.2
0.09371 960.2
0.09372 960.3
0.09373 960.3
0.09374 960.3
0.09375 960.4
0.09376 960.4
0.09377 960.4
0.09378 960.5
0.09379 960.5
0.09380 960.6
0.09381 960.6
0.09382 960.6
0.09383 960.7
0.09384 960.7
0.09385 960.8
0.09386 960.8
0.09387 960.8
0.09388 960.9
0.09389 960.9
0.09390 960.9
0.09391 961.0
0.09392 961.0
0.09393 961.1
0.09394 961.1
0.09395 961.1
0.09396 961.2
0.09397 961.2
0.09398 961.2
0.09399 961.3
0.09400 961.3
0.09401 961.4
0.09402 961.4
0.09403 961.4
0.09404 961.5
0.09405 961.5
0.09406 961.5
0.09407 961.6
0.09408 961.6
0.09409 961.7
0.09410 961.7
0.09411 961.7
0.09412 961.8
0.09413 961.8
0.09414 961.8
0.09415 961.9
0.09416 961.9
0.09417 961.9
0.09418 962.0
0.09419 962.0
0.09420 962.1
0.09421 962.1
0.09422 962.1
0.09423 962.2
0.09424 962.2
0.09425 962.2
0.09426 962.3
0.09427 962.3
0.09428 962.3
0.09429 962.4
0.09430 962.4
0.09431 962.4
0.09432 962.5
0.09433 962.5
0.09434 962.6
0.09435 962.6
0.09436 962.6
0.09437 962.7
0.09438 962.7
0.09439 962.7
0.09440 962.8
0.09441 962.8
0.09442 962.8
0.09443 962.9
0.09444 962.9
0.09445 962.9
0.09446 963.0
0.09447 963.0
0.09448 963.0
0.09449 963.1
0.09450 963.1
0.09451 963.1
0.09452 963.2
0.09453 963.2
0.09454 963.2
0.09455 963.3
0.09456 963.3
0.09457 963.3
0.09458 963.4
0.09459 963.4
0.09460 963.4
0.09461 963.5
0.09462 963.5
0.09463 963.5
0.09464 963.6
0.09465 963.6
0.09466 963.6
0.09467 963.7
0.09468 963.7
0.09469 963.7
0.09470 963.8
0.09471 963.8
0.09472 963.8
0.09473 963.9
0.09474 963.9
0.09475 963.9
0.09476 964.0
0.09477 964.0
0.09478 964.0
0.09479 964.1
0.09480 964.1
0.09481 964.1
0.09482 964.2
0.09483 964.2
0.09484 964.2
0.09485 964.3
0.09486 964.3
0.09487 964.3
0.09488 964.4
0.09489 964.4
0.09490 964.4
0.09491 964.5
0.09492 964.5
0.09493 964.5
0.09494 964.6
0.09495 964.6
0.09496 964.6
0.09497 964.7
0.09498 964.7
0.09499 964.7
0.09500 964.7
0.09501 964.8
0.09502 964.8
0.09503 964.8
0.09504 964.9
0.09505 964.9
0.09506 964.9
0.09507 965.0
0.09508 965.0
0.09509 965.0
0.09510 965.1
0.09511 965.1
0.09512 965.1
0.09513 965.1
0.09514 965.2
0.09515 965.2
0.09516 965.2
0.09517 965.3
0.09518 965.3
0.09519 965.3
0.09520 965.4
0.09521 965.4
0.09522 965.4
0.09523 965.4
0.09524 965.5
0.09525 965.5
0.09526 965.5
0.09527 965.6
0.09528 965.6
0.09529 965.6
0.09530 965.7
0.09531 965.7
0.09532 965.7
0.09533 965.7
0.09534 965.8
0.09535 965.8
0.09536 965.8
0.09537 965.9
0.09538 965.9
0.09539 965.9
0.09540 966.0
0.09541 966.0
0.09542 966.0
0.09543 966.0
0.09544 966.1
0.09545 966.1
0.09546 966.1
0.09547 966.2
0.09548 966.2
0.09549 966.2
0.09550 966.2
0.09551 966.3
0.09552 966.3
0.09553 966.3
0.09554 966.4
0.09555 966.4
0.09556 966.4
0.09557 966.4
0.09558 966.5
0.09559 966.5
0.09560 966.5
0.09561 966.6
0.09562 966.6
0.09563 966.6
0.09564 966.6
0.09565 966.7
0.09566 966.7
0.09567 966.7
0.09568 966.7
0.09569 966.8
0.09570 966.8
0.09571 966.8
0.09572 966.9
0.09573 966.9
0.09574 966.9
0.09575 966.9
0.09576 967.0
0.09577 967.0
0.09578 967.0
0.09579 967.1
0.09580 967.1
0.09581 967.1
0.09582 967.1
0.09583 967.2
0.09584 967.2
0.09585 967.2
0.09586 967.2
0.09587 967.3
0.09588 967.3
0.09589 967.3
0.09590 967.3
0.09591 967.4
0.09592 967.4
0.09593 967.4
0.09594 967.5
0.09595 967.5
0.09596 967.5
0.09597 967.5
0.09598 967.6
0.09599 967.6
0.09600 967.6
0.09601 967.6
0.09602 967.7
0.09603 967.7
0.09604 967.7
0.09605 967.7
0.09606 967.8
0.09607 967.8
0.09608 967.8
0.09609 967.8
0.09610 967.9
0.09611 967.9
0.09612 967.9
0.09613 967.9
0.09614 968.0
0.09615 968.0
0.09616 968.0
0.09617 968.0
0.09618 968.1
0.09619 968.1
0.09620 968.1
0.09621 968.1
0.09622 968.2
0.09623 968.2
0.09624 968.2
0.09625 968.2
0.09626 968.3
0.09627 968.3
0.09628 968.3
0.09629 968.3
0.09630 968.4
0.09631 968.4
0.09632 968.4
0.09633 968.4
0.09634 968.5
0.09635 968.5
0.09636 968.5
0.09637 968.5
0.09638 968.6
0.09639 968.6
0.09640 968.6
0.09641 968.6
0.09642 968.7
0.09643 968.7
0.09644 968.7
0.09645 968.7
0.09646 968.8
0.09647 968.8
0.09648 968.8
0.09649 968.8
0.09650 968.9
0.09651 968.9
0.09652 968.9
0.09653 968.9
0.09654 969.0
0.09655 969.0
0.09656 969.0
0.09657 969.0
0.09658 969.0
0.09659 969.1
0.09660 969.1
0.09661 969.1
0.09662 969.1
0.09663 969.2
0.09664 969.2
0.09665 969.2
0.09666 969.2
0.09667 969.3
0.09668 969.3
0.09669 969.3
0.09670 969.3
0.09671 969.3
0.09672 969.4
0.09673 969.4
0.09674 969.4
0.09675 969.4
0.09676 969.5
0.09677 969.5
0.09678 969.5
0.09679 969.5
0.09680 969.6
0.09681 969.6
0.09682 969.6
0.09683 969.6
0.09684 969.6
0.09685 969.7
0.09686 969.7
0.09687 969.7
0.09688 969.7
0.09689 969.8
0.09690 969.8
0.09691 969.8
0.09692 969.8
0.09693 969.8
0.09694 969.9
0.09695 969.9
0.09696 969.9
0.09697 969.9
0.09698 970.0
0.09699 970.0
0.09700 970.0
0.09701 970.0
0.09702 970.0
0.09703 970.1
0.09704 970.1
0.09705 970.1
0.09706 970.1
0.09707 970.1
0.09708 970.2
0.09709 970.2
0.09710 970.2
0.09711 970.2
0.09712 970.3
0.09713 970.3
0.09714 970.3
0.09715 970.3
0.09716 970.3
0.09717 970.4
0.09718 970.4
0.09719 970.4
0.09720 970.4
0.09721 970.4
0.09722 970.5
0.09723 970.5
0.09724 970.5
0.09725 970.5
0.09726 970.5
0.09727 970.6
0.09728 970.6
0.09729 970.6
0.09730 970.6
0.09731 970.7
0.09732 970.7
0.09733 970.7
0.09734 970.7
0.09735 970.7
0.09736 970.8
0.09737 970.8
0.09738 970.8
0.09739 970.8
0.09740 970.8
0.09741 970.9
0.09742 970.9
0.09743 970.9
0.09744 970.9
0.09745 970.9
0.09746 971.0
0.09747 971.0
0.09748 971.0
0.09749 971.0
0.09750 971.0
0.09751 971.1
0.09752 971.1
0.09753 971.1
0.09754 971.1
0.09755 971.1
0.09756 971.2
0.09757 971.2
0.09758 971.2
0.09759 971.2
0.09760 971.2
0.09761 971.2
0.09762 971.3
0.09763 971.3
0.09764 971.3
0.09765 971.3
0.09766 971.3
0.09767 971.4
0.09768 971.4
0.09769 971.4
0.09770 971.4
0.09771 971.4
0.09772 971.5
0.09773 971.5
0.09774 971.5
0.09775 971.5
0.09776 971.5
0.09777 971.6
0.09778 971.6
0.09779 971.6
0.09780 971.6
0.09781 971.6
0.09782 971.6
0.09783 971.7
0.09784 971.7
0.09785 971.7
0.09786 971.7
0.09787 971.7
0.09788 971.8
0.09789 971.8
0.09790 971.8
0.09791 971.8
0.09792 971.8
0.09793 971.8
0.09794 971.9
0.09795 971.9
0.09796 971.9
0.09797 971.9
0.09798 971.9
0.09799 972.0
0.09800 972.0
0.09801 972.0
0.09802 972.0
0.09803 972.0
0.09804 972.0
0.09805 972.1
0.09806 972.1
0.09807 972.1
0.09808 972.1
0.09809 972.1
0.09810 972.2
0.09811 972.2
0.09812 972.2
0.09813 972.2
0.09814 972.2
0.09815 972.2
0.09816 972.3
0.09817 972.3
0.09818 972.3
0.09819 972.3
0.09820 972.3
0.09821 972.3
0.09822 972.4
0.09823 972.4
0.09824 972.4
0.09825 972.4
0.09826 972.4
0.09827 972.5
0.09828 972.5
0.09829 972.5
0.09830 972.5
0.09831 972.5
0.09832 972.5
0.09833 972.6
0.09834 972.6
0.09835 972.6
0.09836 972.6
0.09837 972.6
0.09838 972.6
0.09839 972.7
0.09840 972.7
0.09841 972.7
0.09842 972.7
0.09843 972.7
0.09844 972.7
0.09845 972.8
0.09846 972.8
0.09847 972.8
0.09848 972.8
0.09849 972.8
0.09850 972.8
0.09851 972.9
0.09852 972.9
0.09853 972.9
0.09854 972.9
0.09855 972.9
0.09856 972.9
0.09857 972.9
0.09858 973.0
0.09859 973.0
0.09860 973.0
0.09861 973.0
0.09862 973.0
0.09863 973.0
0.09864 973.1
0.09865 973.1
0.09866 973.1
0.09867 973.1
0.09868 973.1
0.09869 973.1
0.09870 973.2
0.09871 973.2
0.09872 973.2
0.09873 973.2
0.09874 973.2
0.09875 973.2
0.09876 973.3
0.09877 973.3
0.09878 973.3
0.09879 973.3
0.09880 973.3
0.09881 973.3
0.09882 973.3
0.09883 973.4
0.09884 973.4
0.09885 973.4
0.09886 973.4
0.09887 973.4
0.09888 973.4
0.09889 973.5
0.09890 973.5
0.09891 973.5
0.09892 973.5
0.09893 973.5
0.09894 973.5
0.09895 973.5
0.09896 973.6
0.09897 973.6
0.09898 973.6
0.09899 973.6
0.09900 973.6
0.09901 973.6
0.09902 973.6
0.09903 973.7
0.09904 973.7
0.09905 973.7
0.09906 973.7
0.09907 973.7
0.09908 973.7
0.09909 973.7
0.09910 973.8
0.09911 973.8
0.09912 973.8
0.09913 973.8
0.09914 973.8
0.09915 973.8
0.09916 973.9
0.09917 973.9
0.09918 973.9
0.09919 973.9
0.09920 973.9
0.09921 973.9
0.09922 973.9
0.09923 974.0
0.09924 974.0
0.09925 974.0
0.09926 974.0
0.09927 974.0
0.09928 974.0
0.09929 974.0
0.09930 974.1
0.09931 974.1
0.09932 974.1
0.09933 974.1
0.09934 974.1
0.09935 974.1
0.09936 974.1
0.09937 974.1
0.09938 974.2
0.09939 974.2
0.09940 974.2
0.09941 974.2
0.09942 974.2
0.09943 974.2
0.09944 974.2
0.09945 974.3
0.09946 974.3
0.09947 974.3
0.09948 974.3
0.09949 974.3
0.09950 974.3
0.09951 974.3
0.09952 974.4
0.09953 974.4
0.09954 974.4
0.09955 974.4
0.09956 974.4
0.09957 974.4
0.09958 974.4
0.09959 974.4
0.09960 974.5
0.09961 974.5
0.09962 974.5
0.09963 974.5
0.09964 974.5
0.09965 974.5
0.09966 974.5
0.09967 974.6
0.09968 974.6
0.09969 974.6
0.09970 974.6
0.09971 974.6
0.09972 974.6
0.09973 974.6
0.09974 974.6
0.09975 974.7
0.09976 974.7
0.09977 974.7
0.09978 974.7
0.09979 974.7
0.09980 974.7
0.09981 974.7
0.09982 974.7
0.09983 974.8
0.09984 974.8
0.09985 974.8
0.09986 974.8
0.09987 974.8
0.09988 974.8
0.09989 974.8
0.09990 974.8
0.09991 974.9
0.09992 974.9
0.09993 974.9
0.09994 974.9
0.09995 974.9
0.09996 974.9
0.09997 974.9
0.09998 974.9
0.09999 975.0
0.10000 982.4
0.10001 982.4
0.10002 982.4
0.10003 982.4
0.10004 982.4
0.10005 982.4
0.10006 982.4
0.10007 982.4
0.10008 982.4
0.10009 982.4
0.10010 982.4
0.10011 982.4
0.10012 982.4
0.10013 982.4
0.10014 982.4
0.10015 982.4
0.10016 982.4
0.10017 982.4
0.10018 982.4
0.10019 982.4
0.10020 982.4
0.10021 982.4
0.10022 982.4
0.10023 982.4
0.10024 982.4
0.10025 982.4
0.10026 982.4
0.10027 982.4
0.10028 982.4
0.10029 982.4
0.10030 982.4
0.10031 982.4
0.10032 982.4
0.10033 982.4
0.10034 982.4
0.10035 982.4
0.10036 982.4
0.10037 982.4
0.10038 982.4
0.10039 982.4
0.10040 982.4
0.10041 982.4
0.10042 982.4
0.10043 982.4
0.10044 982.4
0.10045 982.4
0.10046 982.4
0.10047 982.4
0.10048 982.4
0.10049 982.4
0.10050 982.4
0.10051 982.4
0.10052 982.4
0.10053 982.4
0.10054 982.4
0.10055 982.4
0.10056 982.4
0.10057 982.4
0.10058 982.4
0.10059 982.4
0.10060 982.4
0.10061 982.4
0.10062 982.4
0.10063 982.4
0.10064 982.4
0.10065 982.4
0.10066 982.4
0.10067 982.4
0.10068 982.4
0.10069 982.4
0.10070 982.4
0.10071 982.4
0.10072 982.4
0.10073 982.4
0.10074 982.4
0.10075 982.4
0.10076 982.4
0.10077 982.4
0.10078 982.4
0.10079 982.4
0.10080 982.4
0.10081 982.4
0.10082 982.4
0.10083 982.4
0.10084 982.4
0.10085 982.4
0.10086 982.4
0.10087 982.4
0.10088 982.4
0.10089 982.4
0.10090 982.4
0.10091 982.4
0.10092 982.4
0.10093 982.4
0.10094 982.4
0.10095 982.4
0.10096 982.4
0.10097 982.4
0.10098 982.4
0.10099 982.4
0.10100 982.4
0.10101 1006.0
0.10102 1030.0
0.10103 1054.6
0.10104 1079.7
0.10105 1105.3
0.10106 1131.5
0.10107 1158.1
0.10108 1185.4
0.10109 1213.1
0.10110 1241.5
0.10111 1270.4
0.10112 1300.0
0.10113 1330.1
0.10114 1360.9
0.10115 1392.3
0.10116 1424.3
0.10117 1457.0
0.10118 1490.4
0.10119 1524.5
0.10120 1559.3
0.10121 1594.9
0.10122 1631.3
0.10123 1668.5
0.10124 1706.5
0.10125 1745.4
0.10126 1785.3
0.10127 1826.2
0.10128 1868.1
0.10129 1911.2
0.10130 1955.5
0.10131 2001.1
0.10132 2048.2
0.10133 2096.9
0.10134 2147.3
0.10135 2199.6
0.10136 2254.1
0.10137 2311.1
0.10138 2370.8
0.10139 2433.6
0.10140 2500.0
0.10141 2570.5
0.10142 2645.6
0.10143 2726.2
0.10144 2813.2
0.10145 2907.5
0.10146 3010.6
0.10147 3124.0
0.10148 3249.7
0.10149 3389.9
0.10150 3547.8
0.10151 3640.0
0.10152 3751.4
0.10153 3885.0
0.10154 4044.4
0.10155 4234.0
0.10156 4459.0
0.10157 4725.7
0.10158 5041.8
0.10159 5415.9
0.10160 5857.7
0.10161 6377.3
0.10162 6983.6
0.10163 7682.2
0.10164 8472.4
0.10165 9343.1
0.10166 10270.4
0.10167 11218.8
0.10168 12147.1
0.10169 13017.2
0.10170 13801.5
0.10171 14486.2
0.10172 15068.9
0.10173 15554.5
0.10174 15952.0
0.10175 16271.0
0.10176 16521.1
0.10177 16710.7
0.10178 16846.9
0.10179 16935.9
0.10180 16982.9
0.10181 16992.0
0.10182 16967.0
0.10183 16910.7
0.10184 16825.8
0.10185 16714.4
0.10186 16578.4
0.10187 16419.5
0.10188 16239.2
0.10189 16039.0
0.10190 15820.1
0.10191 15583.8
0.10192 15331.3
0.10193 15063.8
0.10194 14782.6
0.10195 14488.8
0.10196 14183.7
0.10197 13868.5
0.10198 13544.6
0.10199 13213.0
0.10200 12875.2
0.10201 12532.4
0.10202 12185.7
0.10203 11836.6
0.10204 11486.2
0.10205 11135.6
0.10206 10786.0
0.10207 10438.4
0.10208 10094.0
0.10209 9753.7
0.10210 9418.3
0.10211 9088.6
0.10212 8765.5
0.10213 8449.5
0.10214 8141.3
0.10215 7841.2
0.10216 7549.8
0.10217 7267.4
0.10218 6994.2
0.10219 6730.4
0.10220 6476.1
0.10221 6231.4
0.10222 5996.3
0.10223 5770.8
0.10224 5554.6
0.10225 5347.8
0.10226 5150.0
0.10227 4961.1
0.10228 4780.9
0.10229 4609.0
0.10230 4445.3
0.10231 4289.3
0.10232 4140.9
0.10233 3999.7
0.10234 3865.3
0.10235 3737.6
0.10236 3616.1
0.10237 3500.6
0.10238 3390.8
0.10239 3286.4
0.10240 3187.2
0.10241 3092.7
0.10242 3002.9
0.10243 2917.4
0.10244 2836.0
0.10245 2758.5
0.10246 2684.7
0.10247 2614.3
0.10248 2547.2
0.10249 2483.1
0.10250 2422.0
0.10251 2363.6
0.10252 2307.8
0.10253 2254.5
0.10254 2203.5
0.10255 2154.7
0.10256 2107.9
0.10257 2063.2
0.10258 2020.2
0.10259 1979.1
0.10260 1939.6
0.10261 1901.7
0.10262 1865.4
0.10263 1830.4
0.10264 1796.9
0.10265 1764.6
0.10266 1733.6
0.10267 1703.8
0.10268 1675.1
0.10269 1647.6
0.10270 1621.0
0.10271 1595.5
0.10272 1571.0
0.10273 1547.3
0.10274 1524.6
0.10275 1502.7
0.10276 1481.6
0.10277 1461.4
0.10278 1441.8
0.10279 1423.1
0.10280 1405.0
0.10281 1387.6
0.10282 1370.8
0.10283 1354.7
0.10284 1339.2
0.10285 1324.3
0.10286 1309.9
0.10287 1296.1
0.10288 1282.8
0.10289 1270.0
0.10290 1257.7
0.10291 1245.9
0.10292 1234.5
0.10293 1223.5
0.10294 1213.0
0.10295 1202.8
0.10296 1193.0
0.10297 1183.6
0.10298 1174.6
0.10299 1165.8
0.10300 1157.4
0.10301 1149.4
0.10302 1141.6
0.10303 1134.1
0.10304 1126.8
0.10305 1119.9
0.10306 1113.2
0.10307 1106.7
0.10308 1100.5
0.10309 1094.5
0.10310 1088.7
0.10311 1083.1
0.10312 1077.7
0.10313 1072.5
0.10314 1067.5
0.10315 1062.6
0.10316 1058.0
0.10317 1053.4
0.10318 1049.1
0.10319 1044.9
0.10320 1040.8
0.10321 1036.9
0.10322 1033.1
0.10323 1029.4
0.10324 1025.9
0.10325 1022.5
0.10326 1019.1
0.10327 1015.9
0.10328 1012.8
0.10329 1009.8
0.10330 1006.9
0.10331 1004.1
0.10332 1001.4
0.10333 998.8
0.10334 996.2
0.10335 993.7
0.10336 991.4
0.10337 989.0
0.10338 986.8
0.10339 984.6
0.10340 982.5
0.10341 980.5
0.10342 978.5
0.10343 976.6
0.10344 974.7
0.10345 972.9
0.10346 971.1
0.10347 969.4
0.10348 967.8
0.10349 966.2
0.10350 964.6
0.10351 963.1
0.10352 961.7
0.10353 960.3
0.10354 958.9
0.10355 957.5
0.10356 956.2
0.10357 955.0
0.10358 953.7
0.10359 952.6
0.10360 951.4
0.10361 950.3
0.10362 949.2
0.10363 948.1
0.10364 947.1
0.10365 946.1
0.10366 945.1
0.10367 944.2
0.10368 943.2
0.10369 942.3
0.10370 941.5
0.10371 940.6
0.10372 939.8
0.10373 939.0
0.10374 938.2
0.10375 937.4
0.10376 936.7
0.10377 936.0
0.10378 935.3
0.10379 934.6
0.10380 933.9
0.10381 933.3
0.10382 932.7
0.10383 932.1
0.10384 931.5
0.10385 930.9
0.10386 930.3
0.10387 929.8
0.10388 929.2
0.10389 928.7
0.10390 928.2
0.10391 927.7
0.10392 927.2
0.10393 926.8
0.10394 926.3
0.10395 925.9
0.10396 925.4
0.10397 925.0
0.10398 924.6
0.10399 924.2
0.10400 923.8
0.10401 923.4
0.10402 923.1
0.10403 922.7
0.10404 922.4
0.10405 922.0
0.10406 921.7
0.10407 921.4
0.10408 921.1
0.10409 920.7
0.10410 920.4
0.10411 920.2
0.10412 919.9
0.10413 919.6
0.10414 919.3
0.10415 919.1
0.10416 918.8
0.10417 918.6
0.10418 918.3
0.10419 918.1
0.10420 917.8
0.10421 917.6
0.10422 917.4
0.10423 917.2
0.10424 917.0
0.10425 916.8
0.10426 916.6
0.10427 916.4
0.10428 916.2
0.10429 916.0
0.10430 915.9
0.10431 915.7
0.10432 915.5
0.10433 915.4
0.10434 915.2
0.10435 915.0
0.10436 914.9
0.10437 914.7
0.10438 914.6
0.10439 914.5
0.10440 914.3
0.10441 914.2
0.10442 914.1
0.10443 914.0
0.10444 913.8
0.10445 913.7
0.10446 913.6
0.10447 913.5
0.10448 913.4
0.10449 913.3
0.10450 913.2
0.10451 913.1
0.10452 913.0
0.10453 912.9
0.10454 912.8
0.10455 912.7
0.10456 912.7
0.10457 912.6
0.10458 912.5
0.10459 912.4
0.10460 912.4
0.10461 912.3
0.10462 912.2
0.10463 912.1
0.10464 912.1
0.10465 912.0
0.10466 912.0
0.10467 911.9
0.10468 911.9
0.10469 911.8
0.10470 911.8
0.10471 911.7
0.10472 911.7
0.10473 911.6
0.10474 911.6
0.10475 911.5
0.10476 911.5
0.10477 911.5
0.10478 911.4
0.10479 911.4
0.10480 911.3
0.10481 911.3
0.10482 911.3
0.10483 911.3
0.10484 911.2
0.10485 911.2
0.10486 911.2
0.10487 911.2
0.10488 911.1
0.10489 911.1
0.10490 911.1
0.10491 911.1
0.10492 911.1
0.10493 911.1
0.10494 911.0
0.10495 911.0
0.10496 911.0
0.10497 911.0
0.10498 911.0
0.10499 911.0
0.10500 911.0
0.10501 911.0
0.10502 911.0
0.10503 911.0
0.10504 911.0
0.10505 911.0
0.10506 911.0
0.10507 911.0
0.10508 911.0
0.10509 911.0
0.10510 911.0
0.10511 911.0
0.10512 911.0
0.10513 911.0
0.10514 911.0
0.10515 911.0
0.10516 911.1
0.10517 911.1
0.10518 911.1
0.10519 911.1
0.10520 911.1
0.10521 911.1
0.10522 911.1
0.10523 911.2
0.10524 911.2
0.10525 911.2
0.10526 911.2
0.10527 911.2
0.10528 911.2
0.10529 911.3
0.10530 911.3
0.10531 911.3
0.10532 911.3
0.10533 911.4
0.10534 911.4
0.10535 911.4
0.10536 911.4
0.10537 911.5
0.10538 911.5
0.10539 911.5
0.10540 911.5
0.10541 911.6
0.10542 911.6
0.10543 911.6
0.10544 911.6
0.10545 911.7
0.10546 911.7
0.10547 911.7
0.10548 911.8
0.10549 911.8
0.10550 911.8
0.10551 911.9
0.10552 911.9
0.10553 911.9
0.10554 912.0
0.10555 912.0
0.10556 912.0
0.10557 912.1
0.10558 912.1
0.10559 912.2
0.10560 912.2
0.10561 912.2
0.10562 912.3
0.10563 912.3
0.10564 912.4
0.10565 912.4
0.10566 912.4
0.10567 912.5
0.10568 912.5
0.10569 912.6
0.10570 912.6
0.10571 912.6
0.10572 912.7
0.10573 912.7
0.10574 912.8
0.10575 912.8
0.10576 912.9
0.10577 912.9
0.10578 912.9
0.10579 913.0
0.10580 913.0
0.10581 913.1
0.10582 913.1
0.10583 913.2
0.10584 913.2
0.10585 913.3
0.10586 913.3
0.10587 913.4
0.10588 913.4
0.10589 913.5
0.10590 913.5
0.10591 913.6
0.10592 913.6
0.10593 913.7
0.10594 913.7
0.10595 913.8
0.10596 913.8
0.10597 913.9
0.10598 913.9
0.10599 914.0
0.10600 914.0
0.10601 914.1
0.10602 914.1
0.10603 914.2
0.10604 914.2
0.10605 914.3
0.10606 914.3
0.10607 914.4
0.10608 914.4
0.10609 914.5
0.10610 914.5
0.10611 914.6
0.10612 914.6
0.10613 914.7
0.10614 914.8
0.10615 914.8
0.10616 914.9
0.10617 914.9
0.10618 915.0
0.10619 915.0
0.10620 915.1
0.10621 915.1
0.10622 915.2
0.10623 915.3
0.10624 915.3
0.10625 915.4
0.10626 915.4
0.10627 915.5
0.10628 915.5
0.10629 915.6
0.10630 915.7
0.10631 915.7
0.10632 915.8
0.10633 915.8
0.10634 915.9
0.10635 916.0
0.10636 916.0
0.10637 916.1
0.10638 916.1
0.10639 916.2
0.10640 916.3
0.10641 916.3
0.10642 916.4
0.10643 916.4
0.10644 916.5
0.10645 916.6
0.10646 916.6
0.10647 916.7
0.10648 916.7
0.10649 916.8
0.10650 916.9
0.10651 916.9
0.10652 917.0
0.10653 917.0
0.10654 917.1
0.10655 917.2
0.10656 917.2
0.10657 917.3
0.10658 917.4
0.10659 917.4
0.10660 917.5
0.10661 917.6
0.10662 917.6
0.10663 917.7
0.10664 917.7
0.10665 917.8
0.10666 917.9
0.10667 917.9
0.10668 918.0
0.10669 918.1
0.10670 918.1
0.10671 918.2
0.10672 918.3
0.10673 918.3
0.10674 918.4
0.10675 918.4
0.10676 918.5
0.10677 918.6
0.10678 918.6
0.10679 918.7
0.10680 918.8
0.10681 918.8
0.10682 918.9
0.10683 919.0
0.10684 919.0
0.10685 919.1
0.10686 919.2
0.10687 919.2
0.10688 919.3
0.10689 919.4
0.10690 919.4
0.10691 919.5
0.10692 919.6
0.10693 919.6
0.10694 919.7
0.10695 919.8
0.10696 919.8
0.10697 919.9
0.10698 920.0
0.10699 920.0
0.10700 920.1
0.10701 920.2
0.10702 920.2
0.10703 920.3
0.10704 920.4
0.10705 920.4
0.10706 920.5
0.10707 920.6
0.10708 920.6
0.10709 920.7
0.10710 920.8
0.10711 920.8
0.10712 920.9
0.10713 921.0
0.10714 921.0
0.10715 921.1
0.10716 921.2
0.10717 921.3
0.10718 921.3
0.10719 921.4
0.10720 921.5
0.10721 921.5
0.10722 921.6
0.10723 921.7
0.10724 921.7
0.10725 921.8
0.10726 921.9
0.10727 921.9
0.10728 922.0
0.10729 922.1
0.10730 922.1
0.10731 922.2
0.10732 922.3
0.10733 922.4
0.10734 922.4
0.10735 922.5
0.10736 922.6
0.10737 922.6
0.10738 922.7
0.10739 922.8
0.10740 922.8
0.10741 922.9
0.10742 923.0
0.10743 923.0
0.10744 923.1
0.10745 923.2
0.10746 923.3
0.10747 923.3
0.10748 923.4
0.10749 923.5
0.10750 923.5
0.10751 923.6
0.10752 923.7
0.10753 923.7
0.10754 923.8
0.10755 923.9
0.10756 924.0
0.10757 924.0
0.10758 924.1
0.10759 924.2
0.10760 924.2
0.10761 924.3
0.10762 924.4
0.10763 924.5
0.10764 924.5
0.10765 924.6
0.10766 924.7
0.10767 924.7
0.10768 924.8
0.10769 924.9
0.10770 924.9
0.10771 925.0
0.10772 925.1
0.10773 925.2
0.10774 925.2
0.10775 925.3
0.10776 925.4
0.10777 925.4
0.10778 925.5
0.10779 925.6
0.10780 925.7
0.10781 925.7
0.10782 925.8
0.10783 925.9
0.10784 925.9
0.10785 926.0
0.10786 926.1
0.10787 926.2
0.10788 926.2
0.10789 926.3
0.10790 926.4
0.10791 926.4
0.10792 926.5
0.10793 926.6
0.10794 926.7
0.10795 926.7
0.10796 926.8
0.10797 926.9
0.10798 926.9
0.10799 927.0
0.10800 927.1
0.10801 927.2
0.10802 927.2
0.10803 927.3
0.10804 927.4
0.10805 927.4
0.10806 927.5
0.10807 927.6
0.10808 927.7
0.10809 927.7
0.10810 927.8
0.10811 927.9
0.10812 927.9
0.10813 928.0
0.10814 928.1
0.10815 928.1
0.10816 928.2
0.10817 928.3
0.10818 928.4
0.10819 928.4
0.10820 928.5
0.10821 928.6
0.10822 928.6
0.10823 928.7
0.10824 928.8
0.10825 928.9
0.10826 928.9
0.10827 929.0
0.10828 929.1
0.10829 929.1
0.10830 929.2
0.10831 929.3
0.10832 929.4
0.10833 929.4
0.10834 929.5
0.10835 929.6
0.10836 929.6
0.10837 929.7
0.10838 929.8
0.10839 929.9
0.10840 929.9
0.10841 930.0
0.10842 930.1
0.10843 930.1
0.10844 930.2
0.10845 930.3
0.10846 930.4
0.10847 930.4
0.10848 930.5
0.10849 930.6
0.10850 930.6
0.10851 930.7
0.10852 930.8
0.10853 930.9
0.10854 930.9
0.10855 931.0
0.10856 931.1
0.10857 931.1
0.10858 931.2
0.10859 931.3
0.10860 931.3
0.10861 931.4
0.10862 931.5
0.10863 931.6
0.10864 931.6
0.10865 931.7
0.10866 931.8
0.10867 931.8
0.10868 931.9
0.10869 932.0
0.10870 932.1
0.10871 932.1
0.10872 932.2
0.10873 932.3
0.10874 932.3
0.10875 932.4
0.10876 932.5
0.10877 932.5
0.10878 932.6
0.10879 932.7
0.10880 932.8
0.10881 932.8
0.10882 932.9
0.10883 933.0
0.10884 933.0
0.10885 933.1
0.10886 933.2
0.10887 933.3
0.10888 933.3
0.10889 933.4
0.10890 933.5
0.10891 933.5
0.10892 933.6
0.10893 933.7
0.10894 933.7
0.10895 933.8
0.10896 933.9
0.10897 934.0
0.10898 934.0
0.10899 934.1
0.10900 934.2
0.10901 934.2
0.10902 934.3
0.10903 934.4
0.10904 934.4
0.10905 934.5
0.10906 934.6
0.10907 934.6
0.10908 934.7
0.10909 934.8
0.10910 934.9
0.10911 934.9
0.10912 935.0
0.10913 935.1
0.10914 935.1
0.10915 935.2
0.10916 935.3
0.10917 935.3
0.10918 935.4
0.10919 935.5
0.10920 935.5
0.10921 935.6
0.10922 935.7
0.10923 935.8
0.10924 935.8
0.10925 935.9
0.10926 936.0
0.10927 936.0
0.10928 936.1
0.10929 936.2
0.10930 936.2
0.10931 936.3
0.10932 936.4
0.10933 936.4
0.10934 936.5
0.10935 936.6
0.10936 936.6
0.10937 936.7
0.10938 936.8
0.10939 936.8
0.10940 936.9
0.10941 937.0
0.10942 937.0
0.10943 937.1
0.10944 937.2
0.10945 937.3
0.10946 937.3
0.10947 937.4
0.10948 937.5
0.10949 937.5
0.10950 937.6
0.10951 937.7
0.10952 937.7
0.10953 937.8
0.10954 937.9
0.10955 937.9
0.10956 938.0
0.10957 938.1
0.10958 938.1
0.10959 938.2
0.10960 938.3
0.10961 938.3
0.10962 938.4
0.10963 938.5
0.10964 938.5
0.10965 938.6
0.10966 938.7
0.10967 938.7
0.10968 938.8
0.10969 938.9
0.10970 938.9
0.10971 939.0
0.10972 939.1
0.10973 939.1
0.10974 939.2
0.10975 939.3
0.10976 939.3
0.10977 939.4
0.10978 939.5
0.10979 939.5
0.10980 939.6
0.10981 939.7
0.10982 939.7
0.10983 939.8
0.10984 939.9
0.10985 939.9
0.10986 940.0
0.10987 940.1
0.10988 940.1
0.10989 940.2
0.10990 940.3
0.10991 940.3
0.10992 940.4
0.10993 940.4
0.10994 940.5
0.10995 940.6
0.10996 940.6
0.10997 940.7
0.10998 940.8
0.10999 940.8
0.11000 940.9
0.11001 941.0
0.11002 941.0
0.11003 941.1
0.11004 941.2
0.11005 941.2
0.11006 941.3
0.11007 941.4
0.11008 941.4
0.11009 941.5
0.11010 941.5
0.11011 941.6
0.11012 941.7
0.11013 941.7
0.11014 941.8
0.11015 941.9
0.11016 941.9
0.11017 942.0
0.11018 942.1
0.11019 942.1
0.11020 942.2
0.11021 942.2
0.11022 942.3
0.11023 942.4
0.11024 942.4
0.11025 942.5
0.11026 942.6
0.11027 942.6
0.11028 942.7
0.11029 942.8
0.11030 942.8
0.11031 942.9
0.11032 942.9
0.11033 943.0
0.11034 943.1
0.11035 943.1
0.11036 943.2
0.11037 943.3
0.11038 943.3
0.11039 943.4
0.11040 943.4
0.11041 943.5
0.11042 943.6
0.11043 943.6
0.11044 943.7
0.11045 943.8
0.11046 943.8
0.11047 943.9
0.11048 943.9
0.11049 944.0
0.11050 944.1
0.11051 944.1
0.11052 944.2
0.11053 944.2
0.11054 944.3
0.11055 944.4
0.11056 944.4
0.11057 944.5
0.11058 944.6
0.11059 944.6
0.11060 944.7
0.11061 944.7
0.11062 944.8
0.11063 944.9
0.11064 944.9
0.11065 945.0
0.11066 945.0
0.11067 945.1
0.11068 945.2
0.11069 945.2
0.11070 945.3
0.11071 945.3
0.11072 945.4
0.11073 945.5
0.11074 945.5
0.11075 945.6
0.11076 945.6
0.11077 945.7
0.11078 945.8
0.11079 945.8
0.11080 945.9
0.11081 945.9
0.11082 946.0
0.11083 946.1
0.11084 946.1
0.11085 946.2
0.11086 946.2
0.11087 946.3
0.11088 946.4
0.11089 946.4
0.11090 946.5
0.11091 946.5
0.11092 946.6
0.11093 946.7
0.11094 946.7
0.11095 946.8
0.11096 946.8
0.11097 946.9
0.11098 946.9
0.11099 947.0
0.11100 947.1
0.11101 947.1
0.11102 947.2
0.11103 947.2
0.11104 947.3
0.11105 947.4
0.11106 947.4
0.11107 947.5
0.11108 947.5
0.11109 947.6
0.11110 947.6
0.11111 947.7
0.11112 947.8
0.11113 947.8
0.11114 947.9
0.11115 947.9
0.11116 948.0
0.11117 948.0
0.11118 948.1
0.11119 948.2
0.11120 948.2
0.11121 948.3
0.11122 948.3
0.11123 948.4
0.11124 948.4
0.11125 948.5
0.11126 948.6
0.11127 948.6
0.11128 948.7
0.11129 948.7
0.11130 948.8
0.11131 948.8
0.11132 948.9
0.11133 948.9
0.11134 949.0
0.11135 949.1
0.11136 949.1
0.11137 949.2
0.11138 949.2
0.11139 949.3
0.11140 949.3
0.11141 949.4
0.11142 949.4
0.11143 949.5
0.11144 949.6
0.11145 949.6
0.11146 949.7
0.11147 949.7
0.11148 949.8
0.11149 949.8
0.11150 949.9
0.11151 949.9
0.11152 950.0
0.11153 950.0
0.11154 950.1
0.11155 950.2
0.11156 950.2
0.11157 950.3
0.11158 950.3
0.11159 950.4
0.11160 950.4
0.11161 950.5
0.11162 950.5
0.11163 950.6
0.11164 950.6
0.11165 950.7
0.11166 950.7
0.11167 950.8
0.11168 950.9
0.11169 950.9
0.11170 951.0
0.11171 951.0
0.11172 951.1
0.11173 951.1
0.11174 951.2
0.11175 951.2
0.11176 951.3
0.11177 951.3
0.11178 951.4
0.11179 951.4
0.11180 951.5
0.11181 951.5
0.11182 951.6
0.11183 951.6
0.11184 951.7
0.11185 951.8
0.11186 951.8
0.11187 951.9
0.11188 951.9
0.11189 952.0
0.11190 952.0
0.11191 952.1
0.11192 952.1
0.11193 952.2
0.11194 952.2
0.11195 952.3
0.11196 952.3
0.11197 952.4
0.11198 952.4
0.11199 952.5
0.11200 952.5
0.11201 952.6
0.11202 952.6
0.11203 952.7
0.11204 952.7
0.11205 952.8
0.11206 952.8
0.11207 952.9
0.11208 952.9
0.11209 953.0
0.11210 953.0
0.11211 953.1
0.11212 953.1
0.11213 953.2
0.11214 953.2
0.11215 953.3
0.11216 953.3
0.11217 953.4
0.11218 953.4
0.11219 953.5
0.11220 953.5
0.11221 953.6
0.11222 953.6
0.11223 953.7
0.11224 953.7
0.11225 953.8
0.11226 953.8
0.11227 953.9
0.11228 953.9
0.11229 954.0
0.11230 954.0
0.11231 954.1
0.11232 954.1
0.11233 954.2
0.11234 954.2
0.11235 954.3
0.11236 954.3
0.11237 954.4
0.11238 954.4
0.11239 954.5
0.11240 954.5
0.11241 954.6
0.11242 954.6
0.11243 954.7
0.11244 954.7
0.11245 954.7
0.11246 954.8
0.11247 954.8
0.11248 954.9
0.11249 954.9
0.11250 955.0
0.11251 955.0
0.11252 955.1
0.11253 955.1
0.11254 955.2
0.11255 955.2
0.11256 955.3
0.11257 955.3
0.11258 955.4
0.11259 955.4
0.11260 955.5
0.11261 955.5
0.11262 955.6
0.11263 955.6
0.11264 955.6
0.11265 955.7
0.11266 955.7
0.11267 955.8
0.11268 955.8
0.11269 955.9
0.11270 955.9
0.11271 956.0
0.11272 956.0
0.11273 956.1
0.11274 956.1
0.11275 956.2
0.11276 956.2
0.11277 956.2
0.11278 956.3
0.11279 956.3
0.11280 956.4
0.11281 956.4
0.11282 956.5
0.11283 956.5
0.11284 956.6
0.11285 956.6
0.11286 956.6
0.11287 956.7
0.11288 956.7
0.11289 956.8
0.11290 956.8
0.11291 956.9
0.11292 956.9
0.11293 957.0
0.11294 957.0
0.11295 957.1
0.11296 957.1
0.11297 957.1
0.11298 957.2
0.11299 957.2
0.11300 957.3
0.11301 957.3
0.11302 957.4
0.11303 957.4
0.11304 957.4
0.11305 957.5
0.11306 957.5
0.11307 957.6
0.11308 957.6
0.11309 957.7
0.11310 957.7
0.11311 957.7
0.11312 957.8
0.11313 957.8
0.11314 957.9
0.11315 957.9
0.11316 958.0
0.11317 958.0
0.11318 958.0
0.11319 958.1
0.11320 958.1
0.11321 958.2
0.11322 958.2
0.11323 958.3
0.11324 958.3
0.11325 958.3
0.11326 958.4
0.11327 958.4
0.11328 958.5
0.11329 958.5
0.11330 958.6
0.11331 958.6
0.11332 958.6
0.11333 958.7
0.11334 958.7
0.11335 958.8
0.11336 958.8
0.11337 958.8
0.11338 958.9
0.11339 958.9
0.11340 959.0
0.11341 959.0
0.11342 959.1
0.11343 959.1
0.11344 959.1
0.11345 959.2
0.11346 959.2
0.11347 959.3
0.11348 959.3
0.11349 959.3
0.11350 959.4
0.11351 959.4
0.11352 959.5
0.11353 959.5
0.11354 959.5
0.11355 959.6
0.11356 959.6
0.11357 959.7
0.11358 959.7
0.11359 959.7
0.11360 959.8
0.11361 959.8
0.11362 959.9
0.11363 959.9
0.11364 959.9
0.11365 960.0
0.11366 960.0
0.11367 960.1
0.11368 960.1
0.11369 960.1
0.11370 960.2
0.11371 960.2
0.11372 960.3
0.11373 960.3
0.11374 960.3
0.11375 960.4
0.11376 960.4
0.11377 960.4
0.11378 960.5
0.11379 960.5
0.11380 960.6
0.11381 960.6
0.11382 960.6
0.11383 960.7
0.11384 960.7
0.11385 960.8
0.11386 960.8
0.11387 960.8
0.11388 960.9
0.11389 960.9
0.11390 960.9
0.11391 961.0
0.11392 961.0
0.11393 961.1
0.11394 961.1
0.11395 961.1
0.11396 961.2
0.11397 961.2
0.11398 961.2
0.11399 961.3
0.11400 961.3
0.11401 961.4
0.11402 961.4
0.11403 961.4
0.11404 961.5
0.11405 961.5
0.11406 961.5
0.11407 961.6
0.11408 961.6
0.11409 961.7
0.11410 961.7
0.11411 961.7
0.11412 961.8
0.11413 961.8
0.11414 961.8
0.11415 961.9
0.11416 961.9
0.11417 961.9
0.11418 962.0
0.11419 962.0
0.11420 962.1
0.11421 962.1
0.11422 962.1
0.11423 962.2
0.11424 962.2
0.11425 962.2
0.11426 962.3
0.11427 962.3
0.11428 962.3
0.11429 962.4
0.11430 962.4
0.11431 962.4
0.11432 962.5
0.11433 962.5
0.11434 962.6
0.11435 962.6
0.11436 962.6
0.11437 962.7
0.11438 962.7
0.11439 962.7
0.11440 962.8
0.11441 962.8
0.11442 962.8
0.11443 962.9
0.11444 962.9
0.11445 962.9
0.11446 963.0
0.11447 963.0
0.11448 963.0
0.11449 963.1
0.11450 963.1
0.11451 963.1
0.11452 963.2
0.11453 963.2
0.11454 963.2
0.11455 963.3
0.11456 963.3
0.11457 963.3
0.11458 963.4
0.11459 963.4
0.11460 963.4
0.11461 963.5
0.11462 963.5
0.11463 963.5
0.11464 963.6
0.11465 963.6
0.11466 963.6
0.11467 963.7
0.11468 963.7
0.11469 963.7
0.11470 963.8
0.11471 963.8
0.11472 963.8
0.11473 963.9
0.11474 963.9
0.11475 963.9
0.11476 964.0
0.11477 964.0
0.11478 964.0
0.11479 964.1
0.11480 964.1
0.11481 964.1
0.11482 964.2
0.11483 964.2
0.11484 964.2
0.11485 964.3
0.11486 964.3
0.11487 964.3
0.11488 964.4
0.11489 964.4
0.11490 964.4
0.11491 964.5
0.11492 964.5
0.11493 964.5
0.11494 964.6
0.11495 964.6
0.11496 964.6
0.11497 964.7
0.11498 964.7
0.11499 964.7
0.11500 964.7
0.11501 964.8
0.11502 964.8
0.11503 964.8
0.11504 964.9
0.11505 964.9
0.11506 964.9
0.11507 965.0
0.11508 965.0
0.11509 965.0
0.11510 965.1
0.11511 965.1
0.11512 965.1
0.11513 965.1
0.11514 965.2
0.11515 965.2
0.11516 965.2
0.11517 965.3
0.11518 965.3
0.11519 965.3
0.11520 965.4
0.11521 965.4
0.11522 965.4
0.11523 965.4
0.11524 965.5
0.11525 965.5
0.11526 965.5
0.11527 965.6
0.11528 965.6
0.11529 965.6
0.11530 965.7
0.11531 965.7
0.11532 965.7
0.11533 965.7
0.11534 965.8
0.11535 965.8
0.11536 965.8
0.11537 965.9
0.11538 965.9
0.11539 965.9
0.11540 966.0
0.11541 966.0
0.11542 966.0
0.11543 966.0
0.11544 966.1
0.11545 966.1
0.11546 966.1
0.11547 966.2
0.11548 966.2
0.11549 966.2
0.11550 966.2
0.11551 966.3
0.11552 966.3
0.11553 966.3
0.11554 966.4
0.11555 966.4
0.11556 966.4
0.11557 966.4
0.11558 966.5
0.11559 966.5
0.11560 966.5
0.11561 966.6
0.11562 966.6
0.11563 966.6
0.11564 966.6
0.11565 966.7
0.11566 966.7
0.11567 966.7
0.11568 966.7
0.11569 966.8
0.11570 966.8
0.11571 966.8
0.11572 966.9
0.11573 966.9
0.11574 966.9
0.11575 966.9
0.11576 967.0
0.11577 967.0
0.11578 967.0
0.11579 967.1
0.11580 967.1
0.11581 967.1
0.11582 967.1
0.11583 967.2
0.11584 967.2
0.11585 967.2
0.11586 967.2
0.11587 967.3
0.11588 967.3
0.11589 967.3
0.11590 967.3
0.11591 967.4
0.11592 967.4
0.11593 967.4
0.11594 967.5
0.11595 967.5
0.11596 967.5
0.11597 967.5
0.11598 967.6
0.11599 967.6
0.11600 967.6
0.11601 967.6
0.11602 967.7
0.11603 967.7
0.11604 967.7
0.11605 967.7
0.11606 967.8
0.11607 967.8
0.11608 967.8
0.11609 967.8
0.11610 967.9
0.11611 967.9
0.11612 967.9
0.11613 967.9
0.11614 968.0
0.11615 968.0
0.11616 968.0
0.11617 968.0
0.11618 968.1
0.11619 968.1
0.11620 968.1
0.11621 968.1
0.11622 968.2
0.11623 968.2
0.11624 968.2
0.11625 968.2
0.11626 968.3
0.11627 968.3
0.11628 968.3
0.11629 968.3
0.11630 968.4
0.11631 968.4
0.11632 968.4
0.11633 968.4
0.11634 968.5
0.11635 968.5
0.11636 968.5
0.11637 968.5
0.11638 968.6
0.11639 968.6
0.11640 968.6
0.11641 968.6
0.11642 968.7
0.11643 968.7
0.11644 968.7
0.11645 968.7
0.11646 968.8
0.11647 968.8
0.11648 968.8
0.11649 968.8
0.11650 968.9
0.11651 968.9
0.11652 968.9
0.11653 968.9
0.11654 969.0
0.11655 969.0
0.11656 969.0
0.11657 969.0
0.11658 969.0
0.11659 969.1
0.11660 969.1
0.11661 969.1
0.11662 969.1
0.11663 969.2
0.11664 969.2
0.11665 969.2
0.11666 969.2
0.11667 969.3
0.11668 969.3
0.11669 969.3
0.11670 969.3
0.11671 969.3
0.11672 969.4
0.11673 969.4
0.11674 969.4
0.11675 969.4
0.11676 969.5
0.11677 969.5
0.11678 969.5
0.11679 969.5
0.11680 969.6
0.11681 969.6
0.11682 969.6
0.11683 969.6
0.11684 969.6
0.11685 969.7
0.11686 969.7
0.11687 969.7
0.11688 969.7
0.11689 969.8
0.11690 969.8
0.11691 969.8
0.11692 969.8
0.11693 969.8
0.11694 969.9
0.11695 969.9
0.11696 969.9
0.11697 969.9
0.11698 970.0
0.11699 970.0
0.11700 970.0
0.11701 970.0
0.11702 970.0
0.11703 970.1
0.11704 970.1
0.11705 970.1
0.11706 970.1
0.11707 970.1
0.11708 970.2
0.11709 970.2
0.11710 970.2
0.11711 970.2
0.11712 970.3
0.11713 970.3
0.11714 970.3
0.11715 970.3
0.11716 970.3
0.11717 970.4
0.11718 970.4
0.11719 970.4
0.11720 970.4
0.11721 970.4
0.11722 970.5
0.11723 970.5
0.11724 970.5
0.11725 970.5
0.11726 970.5
0.11727 970.6
0.11728 970.6
0.11729 970.6
0.11730 970.6
0.11731 970.7
0.11732 970.7
0.11733 970.7
0.11734 970.7
0.11735 970.7
0.11736 970.8
0.11737 970.8
0.11738 970.8
0.11739 970.8
0.11740 970.8
0.11741 970.9
0.11742 970.9
0.11743 970.9
0.11744 970.9
0.11745 970.9
0.11746 971.0
0.11747 971.0
0.11748 971.0
0.11749 971.0
0.11750 971.0
0.11751 971.1
0.11752 971.1
0.11753 971.1
0.11754 971.1
0.11755 971.1
0.11756 971.2
0.11757 971.2
0.11758 971.2
0.11759 971.2
0.11760 971.2
0.11761 971.2
0.11762 971.3
0.11763 971.3
0.11764 971.3
0.11765 971.3
0.11766 971.3
0.11767 971.4
0.11768 971.4
0.11769 971.4
0.11770 971.4
0.11771 971.4
0.11772 971.5
0.11773 971.5
0.11774 971.5
0.11775 971.5
0.11776 971.5
0.11777 971.6
0.11778 971.6
0.11779 971.6
0.11780 971.6
0.11781 971.6
0.11782 971.6
0.11783 971.7
0.11784 971.7
0.11785 971.7
0.11786 971.7
0.11787 971.7
0.11788 971.8
0.11789 971.8
0.11790 971.8
0.11791 971.8
0.11792 971.8
0.11793 971.8
0.11794 971.9
0.11795 971.9
0.11796 971.9
0.11797 971.9
0.11798 971.9
0.11799 972.0
0.11800 972.0
0.11801 972.0
0.11802 972.0
0.11803 972.0
0.11804 972.0
0.11805 972.1
0.11806 972.1
0.11807 972.1
0.11808 972.1
0.11809 972.1
0.11810 972.2
0.11811 972.2
0.11812 972.2
0.11813 972.2
0.11814 972.2
0.11815 972.2
0.11816 972.3
0.11817 972.3
0.11818 972.3
0.11819 972.3
0.11820 972.3
0.11821 972.3
0.11822 972.4
0.11823 972.4
0.11824 972.4
0.11825 972.4
0.11826 972.4
0.11827 972.5
0.11828 972.5
0.11829 972.5
0.11830 972.5
0.11831 972.5
0.11832 972.5
0.11833 972.6
0.11834 972.6
0.11835 972.6
0.11836 972.6
0.11837 972.6
0.11838 972.6
0.11839 972.7
0.11840 972.7
0.11841 972.7
0.11842 972.7
0.11843 972.7
0.11844 972.7
0.11845 972.8
0.11846 972.8
0.11847 972.8
0.11848 972.8
0.11849 972.8
0.11850 972.8
0.11851 972.9
0.11852 972.9
0.11853 972.9
0.11854 972.9
0.11855 972.9
0.11856 972.9
0.11857 972.9
0.11858 973.0
0.11859 973.0
0.11860 973.0
0.11861 973.0
0.11862 973.0
0.11863 973.0
0.11864 973.1
0.11865 973.1
0.11866 973.1
0.11867 973.1
0.11868 973.1
0.11869 973.1
0.11870 973.2
0.11871 973.2
0.11872 973.2
0.11873 973.2
0.11874 973.2
0.11875 973.2
0.11876 973.3
0.11877 973.3
0.11878 973.3
0.11879 973.3
0.11880 973.3
0.11881 973.3
0.11882 973.3
0.11883 973.4
0.11884 973.4
0.11885 973.4
0.11886 973.4
0.11887 973.4
0.11888 973.4
0.11889 973.5
0.11890 973.5
0.11891 973.5
0.11892 973.5
0.11893 973.5
0.11894 973.5
0.11895 973.5
0.11896 973.6
0.11897 973.6
0.11898 973.6
0.11899 973.6
0.11900 973.6
0.11901 973.6
0.11902 973.6
0.11903 973.7
0.11904 973.7
0.11905 973.7
0.11906 973.7
0.11907 973.7
0.11908 973.7
0.11909 973.7
0.11910 973.8
0.11911 973.8
0.11912 973.8
0.11913 973.8
0.11914 973.8
0.11915 973.8
0.11916 973.9
0.11917 973.9
0.11918 973.9
0.11919 973.9
0.11920 973.9
0.11921 973.9
0.11922 973.9
0.11923 974.0
0.11924 974.0
0.11925 974.0
0.11926 974.0
0.11927 974.0
0.11928 974.0
0.11929 974.0
0.11930 974.1
0.11931 974.1
0.11932 974.1
0.11933 974.1
0.11934 974.1
0.11935 974.1
0.11936 974.1
0.11937 974.1
0.11938 974.2
0.11939 974.2
0.11940 974.2
0.11941 974.2
0.11942 974.2
0.11943 974.2
0.11944 974.2
0.11945 974.3
0.11946 974.3
0.11947 974.3
0.11948 974.3
0.11949 974.3
0.11950 974.3
0.11951 974.3
0.11952 974.4
0.11953 974.4
0.11954 974.4
0.11955 974.4
0.11956 974.4
0.11957 974.4
0.11958 974.4
0.11959 974.4
0.11960 974.5
0.11961 974.5
0.11962 974.5
0.11963 974.5
0.11964 974.5
0.11965 974.5
0.11966 974.5
0.11967 974.6
0.11968 974.6
0.11969 974.6
0.11970 974.6
0.11971 974.6
0.11972 974.6
0.11973 974.6
0.11974 974.6
0.11975 974.7
0.11976 974.7
0.11977 974.7
0.11978 974.7
0.11979 974.7
0.11980 974.7
0.11981 974.7
0.11982 974.7
0.11983 974.8
0.11984 974.8
0.11985 974.8
0.11986 974.8
0.11987 974.8
0.11988 974.8
0.11989 974.8
0.11990 974.8
0.11991 974.9
0.11992 974.9
0.11993 974.9
0.11994 974.9
0.11995 974.9
0.11996 974.9
0.11997 974.9
0.11998 974.9
0.11999 975.0
0.12000 982.4
0.12001 982.4
0.12002 982.4
0.12003 982.4
0.12004 982.4
0.12005 982.4
0.12006 982.4
0.12007 982.4
0.12008 982.4
0.12009 982.4
0.12010 982.4
0.12011 982.4
0.12012 982.4
0.12013 982.4
0.12014 982.4
0.12015 982.4
0.12016 982.4
0.12017 982.4
0.12018 982.4
0.12019 982.4
0.12020 982.4
0.12021 982.4
0.12022 982.4
0.12023 982.4
0.12024 982.4
0.12025 982.4
0.12026 982.4
0.12027 982.4
0.12028 982.4
0.12029 982.4
0.12030 982.4
0.12031 982.4
0.12032 982.4
0.12033 982.4
0.12034 982.4
0.12035 982.4
0.12036 982.4
0.12037 982.4
0.12038 982.4
0.12039 982.4
0.12040 982.4
0.12041 982.4
0.12042 982.4
0.12043 982.4
0.12044 982.4
0.12045 982.4
0.12046 982.4
0.12047 982.4
0.12048 982.4
0.12049 982.4
0.12050 982.4
0.12051 982.4
0.12052 982.4
0.12053 982.4
0.12054 982.4
0.12055 982.4
0.12056 982.4
0.12057 982.4
0.12058 982.4
0.12059 982.4
0.12060 982.4
0.12061 982.4
0.12062 982.4
0.12063 982.4
0.12064 982.4
0.12065 982.4
0.12066 982.4
0.12067 982.4
0.12068 982.4
0.12069 982.4
0.12070 982.4
0.12071 982.4
0.12072 982.4
0.12073 982.4
0.12074 982.4
0.12075 982.4
0.12076 982.4
0.12077 982.4
0.12078 982.4
0.12079 982.4
0.12080 982.4
0.12081 982.4
0.12082 982.4
0.12083 982.4
0.12084 982.4
0.12085 982.4
0.12086 982.4
0.12087 982.4
0.12088 982.4
0.12089 982.4
0.12090 982.4
0.12091 982.4
0.12092 982.4
0.12093 982.4
0.12094 982.4
0.12095 982.4
0.12096 982.4
0.12097 982.4
0.12098 982.4
0.12099 982.4
0.12100 982.4
0.12101 1006.0
0.12102 1030.0
0.12103 1054.6
0.12104 1079.7
0.12105 1105.3
0.12106 1131.5
0.12107 1158.1
0.12108 1185.4
0.12109 1213.1
0.12110 1241.5
0.12111 1270.4
0.12112 1300.0
0.12113 1330.1
0.12114 1360.9
0.12115 1392.3
0.12116 1424.3
0.12117 1457.0
0.12118 1490.4
0.12119 1524.5
0.12120 1559.3
0.12121 1594.9
0.12122 1631.3
0.12123 1668.5
0.12124 1706.5
0.12125 1745.4
0.12126 1785.3
0.12127 1826.2
0.12128 1868.1
0.12129 1911.2
0.12130 1955.5
0.12131 2001.1
0.12132 2048.2
0.12133 2096.9
0.12134 2147.3
0.12135 2199.6
0.12136 2254.1
0.12137 2311.1
0.12138 2370.8
0.12139 2433.6
0.12140 2500.0
0.12141 2570.5
0.12142 2645.6
0.12143 2726.2
0.12144 2813.2
0.12145 2907.5
0.12146 3010.6
0.12147 3124.0
0.12148 3249.7
0.12149 3389.9
0.12150 3547.8
0.12151 3640.0
0.12152 3751.4
0.12153 3885.0
0.12154 4044.4
0.12155 4234.0
0.12156 4459.0
0.12157 4725.7
0.12158 5041.8
0.12159 5415.9
0.12160 5857.7
0.12161 6377.3
0.12162 6983.6
0.12163 7682.2
0.12164 8472.4
0.12165 9343.1
0.12166 10270.4
0.12167 11218.8
0.12168 12147.1
0.12169 13017.2
0.12170 13801.5
0.12171 14486.2
0.12172 15068.9
0.12173 15554.5
0.12174 15952.0
0.12175 16271.0
0.12176 16521.1
0.12177 16710.7
0.12178 16846.9
0.12179 16935.9
0.12180 16982.9
0.12181 16992.0
0.12182 16967.0
0.12183 16910.7
0.12184 16825.8
0.12185 16714.4
0.12186 16578.4
0.12187 16419.5
0.12188 16239.2
0.12189 16039.0
0.12190 15820.1
0.12191 15583.8
0.12192 15331.3
0.12193 15063.8
0.12194 14782.6
0.12195 14488.8
0.12196 14183.7
0.12197 13868.5
0.12198 13544.6
0.12199 13213.0
0.12200 12875.2
0.12201 12532.4
0.12202 12185.7
0.12203 11836.6
0.12204 11486.2
0.12205 11135.6
0.12206 10786.0
0.12207 10438.4
0.12208 10094.0
0.12209 9753.7
0.12210 9418.3
0.12211 9088.6
0.12212 8765.5
0.12213 8449.5
0.12214 8141.3
0.12215 7841.2
0.12216 7549.8
0.12217 7267.4
0.12218 6994.2
0.12219 6730.4
0.12220 6476.1
0.12221 6231.4
0.12222 5996.3
0.12223 5770.8
0.12224 5554.6
0.12225 5347.8
0.12226 5150.0
0.12227 4961.1
0.12228 4780.9
0.12229 4609.0
0.12230 4445.3
0.12231 4289.3
0.12232 4140.9
0.12233 3999.7
0.12234 3865.3
0.12235 3737.6
0.12236 3616.1
0.12237 3500.6
0.12238 3390.8
0.12239 3286.4
0.12240 3187.2
0.12241 3092.7
0.12242 3002.9
0.12243 2917.4
0.12244 2836.0
0.12245 2758.5
0.12246 2684.7
0.12247 2614.3
0.12248 2547.2
0.12249 2483.1
0.12250 2422.0
0.12251 2363.6
0.12252 2307.8
0.12253 2254.5
0.12254 2203.5
0.12255 2154.7
0.12256 2107.9
0.12257 2063.2
0.12258 2020.2
0.12259 1979.1
0.12260 1939.6
0.12261 1901.7
0.12262 1865.4
0.12263 1830.4
0.12264 1796.9
0.12265 1764.6
0.12266 1733.6
0.12267 1703.8
0.12268 1675.1
0.12269 1647.6
0.12270 1621.0
0.12271 1595.5
0.12272 1571.0
0.12273 1547.3
0.12274 1524.6
0.12275 1502.7
0.12276 1481.6
0.12277 1461.4
0.12278 1441.8
0.12279 1423.1
0.12280 1405.0
0.12281 1387.6
0.12282 1370.8
0.12283 1354.7
0.12284 1339.2
0.12285 1324.3
0.12286 1309.9
0.12287 1296.1
0.12288 1282.8
0.12289 1270.0
0.12290 1257.7
0.12291 1245.9
0.12292 1234.5
0.12293 1223.5
0.12294 1213.0
0.12295 1202.8
0.12296 1193.0
0.12297 1183.6
0.12298 1174.6
0.12299 1165.8
0.12300 1157.4
0.12301 1149.4
0.12302 1141.6
0.12303 1134.1
0.12304 1126.8
0.12305 1119.9
0.12306 1113.2
0.12307 1106.7
0.12308 1100.5
0.12309 1094.5
0.12310 1088.7
0.12311 1083.1
0.12312 1077.7
0.12313 1072.5
0.12314 1067.5
0.12315 1062.6
0.12316 1058.0
0.12317 1053.4
0.12318 1049.1
0.12319 1044.9
0.12320 1040.8
0.12321 1036.9
0.12322 1033.1
0.12323 1029.4
0.12324 1025.9
0.12325 1022.5
0.12326 1019.1
0.12327 1015.9
0.12328 1012.8
0.12329 1009.8
0.12330 1006.9
0.12331 1004.1
0.12332 1001.4
0.12333 998.8
0.12334 996.2
0.12335 993.7
0.12336 991.4
0.12337 989.0
0.12338 986.8
0.12339 984.6
0.12340 982.5
0.12341 980.5
0.12342 978.5
0.12343 976.6
0.12344 974.7
0.12345 972.9
0.12346 971.1
0.12347 969.4
0.12348 967.8
0.12349 966.2
0.12350 964.6
0.12351 963.1
0.12352 961.7
0.12353 960.3
0.12354 958.9
0.12355 957.5
0.12356 956.2
0.12357 955.0
0.12358 953.7
0.12359 952.6
0.12360 951.4
0.12361 950.3
0.12362 949.2
0.12363 948.1
0.12364 947.1
0.12365 946.1
0.12366 945.1
0.12367 944.2
0.12368 943.2
0.12369 942.3
0.12370 941.5
0.12371 940.6
0.12372 939.8
0.12373 939.0
0.12374 938.2
0.12375 937.4
0.12376 936.7
0.12377 936.0
0.12378 935.3
0.12379 934.6
0.12380 933.9
0.12381 933.3
0.12382 932.7
0.12383 932.1
0.12384 931.5
0.12385 930.9
0.12386 930.3
0.12387 929.8
0.12388 929.2
0.12389 928.7
0.12390 928.2
0.12391 927.7
0.12392 927.2
0.12393 926.8
0.12394 926.3
0.12395 925.9
0.12396 925.4
0.12397 925.0
0.12398 924.6
0.12399 924.2
0.12400 923.8
0.12401 923.4
0.12402 923.1
0.12403 922.7
0.12404 922.4
0.12405 922.0
0.12406 921.7
0.12407 921.4
0.12408 921.1
0.12409 920.7
0.12410 920.4
0.12411 920.2
0.12412 919.9
0.12413 919.6
0.12414 919.3
0.12415 919.1
0.12416 918.8
0.12417 918.6
0.12418 918.3
0.12419 918.1
0.12420 917.8
0.12421 917.6
0.12422 917.4
0.12423 917.2
0.12424 917.0
0.12425 916.8
0.12426 916.6
0.12427 916.4
0.12428 916.2
0.12429 916.0
0.12430 915.9
0.12431 915.7
0.12432 915.5
0.12433 915.4
0.12434 915.2
0.12435 915.0
0.12436 914.9
0.12437 914.7
0.12438 914.6
0.12439 914.5
0.12440 914.3
0.12441 914.2
0.12442 914.1
0.12443 914.0
0.12444 913.8
0.12445 913.7
0.12446 913.6
0.12447 913.5
0.12448 913.4
0.12449 913.3
0.12450 913.2
0.12451 913.1
0.12452 913.0
0.12453 912.9
0.12454 912.8
0.12455 912.7
0.12456 912.7
0.12457 912.6
0.12458 912.5
0.12459 912.4
0.12460 912.4
0.12461 912.3
0.12462 912.2
0.12463 912.1
0.12464 912.1
0.12465 912.0
0.12466 912.0
0.12467 911.9
0.12468 911.9
0.12469 911.8
0.12470 911.8
0.12471 911.7
0.12472 911.7
0.12473 911.6
0.12474 911.6
0.12475 911.5
0.12476 911.5
0.12477 911.5
0.12478 911.4
0.12479 911.4
0.12480 911.3
0.12481 911.3
0.12482 911.3
0.12483 911.3
0.12484 911.2
0.12485 911.2
0.12486 911.2
0.12487 911.2
0.12488 911.1
0.12489 911.1
0.12490 911.1
0.12491 911.1
0.12492 911.1
0.12493 911.1
0.12494 911.0
0.12495 911.0
0.12496 911.0
0.12497 911.0
0.12498 911.0
0.12499 911.0
0.12500 911.0
0.12501 911.0
0.12502 911.0
0.12503 911.0
0.12504 911.0
0.12505 911.0
0.12506 911.0
0.12507 911.0
0.12508 911.0
0.12509 911.0
0.12510 911.0
0.12511 911.0
0.12512 911.0
0.12513 911.0
0.12514 911.0
0.12515 911.0
0.12516 911.1
0.12517 911.1
0.12518 911.1
0.12519 911.1
0.12520 911.1
0.12521 911.1
0.12522 911.1
0.12523 911.2
0.12524 911.2
0.12525 911.2
0.12526 911.2
0.12527 911.2
0.12528 911.2
0.12529 911.3
0.12530 911.3
0.12531 911.3
0.12532 911.3
0.12533 911.4
0.12534 911.4
0.12535 911.4
0.12536 911.4
0.12537 911.5
0.12538 911.5
0.12539 911.5
0.12540 911.5
0.12541 911.6
0.12542 911.6
0.12543 911.6
0.12544 911.6
0.12545 911.7
0.12546 911.7
0.12547 911.7
0.12548 911.8
0.12549 911.8
0.12550 911.8
0.12551 911.9
0.12552 911.9
0.12553 911.9
0.12554 912.0
0.12555 912.0
0.12556 912.0
0.12557 912.1
0.12558 912.1
0.12559 912.2
0.12560 912.2
0.12561 912.2
0.12562 912.3
0.12563 912.3
0.12564 912.4
0.12565 912.4
0.12566 912.4
0.12567 912.5
0.12568 912.5
0.12569 912.6
0.12570 912.6
0.12571 912.6
0.12572 912.7
0.12573 912.7
0.12574 912.8
0.12575 912.8
0.12576 912.9
0.12577 912.9
0.12578 912.9
0.12579 913.0
0.12580 913.0
0.12581 913.1
0.12582 913.1
0.12583 913.2
0.12584 913.2
0.12585 913.3
0.12586 913.3
0.12587 913.4
0.12588 913.4
0.12589 913.5
0.12590 913.5
0.12591 913.6
0.12592 913.6
0.12593 913.7
0.12594 913.7
0.12595 913.8
0.12596 913.8
0.12597 913.9
0.12598 913.9
0.12599 914.0
0.12600 914.0
0.12601 914.1
0.12602 914.1
0.12603 914.2
0.12604 914.2
0.12605 914.3
0.12606 914.3
0.12607 914.4
0.12608 914.4
0.12609 914.5
0.12610 914.5
0.12611 914.6
0.12612 914.6
0.12613 914.7
0.12614 914.8
0.12615 914.8
0.12616 914.9
0.12617 914.9
0.12618 915.0
0.12619 915.0
0.12620 915.1
0.12621 915.1
0.12622 915.2
0.12623 915.3
0.12624 915.3
0.12625 915.4
0.12626 915.4
0.12627 915.5
0.12628 915.5
0.12629 915.6
0.12630 915.7
0.12631 915.7
0.12632 915.8
0.12633 915.8
0.12634 915.9
0.12635 916.0
0.12636 916.0
0.12637 916.1
0.12638 916.1
0.12639 916.2
0.12640 916.3
0.12641 916.3
0.12642 916.4
0.12643 916.4
0.12644 916.5
0.12645 916.6
0.12646 916.6
0.12647 916.7
0.12648 916.7
0.12649 916.8
0.12650 916.9
0.12651 916.9
0.12652 917.0
0.12653 917.0
0.12654 917.1
0.12655 917.2
0.12656 917.2
0.12657 917.3
0.12658 917.4
0.12659 917.4
0.12660 917.5
0.12661 917.6
0.12662 917.6
0.12663 917.7
0.12664 917.7
0.12665 917.8
0.12666 917.9
0.12667 917.9
0.12668 918.0
0.12669 918.1
0.12670 918.1
0.12671 918.2
0.12672 918.3
0.12673 918.3
0.12674 918.4
0.12675 918.4
0.12676 918.5
0.12677 918.6
0.12678 918.6
0.12679 918.7
0.12680 918.8
0.12681 918.8
0.12682 918.9
0.12683 919.0
0.12684 919.0
0.12685 919.1
0.12686 919.2
0.12687 919.2
0.12688 919.3
0.12689 919.4
0.12690 919.4
0.12691 919.5
0.12692 919.6
0.12693 919.6
0.12694 919.7
0.12695 919.8
0.12696 919.8
0.12697 919.9
0.12698 920.0
0.12699 920.0
0.12700 920.1
0.12701 920.2
0.12702 920.2
0.12703 920.3
0.12704 920.4
0.12705 920.4
0.12706 920.5
0.12707 920.6
0.12708 920.6
0.12709 920.7
0.12710 920.8
0.12711 920.8
0.12712 920.9
0.12713 921.0
0.12714 921.0
0.12715 921.1
0.12716 921.2
0.12717 921.3
0.12718 921.3
0.12719 921.4
0.12720 921.5
0.12721 921.5
0.12722 921.6
0.12723 921.7
0.12724 921.7
0.12725 921.8
0.12726 921.9
0.12727 921.9
0.12728 922.0
0.12729 922.1
0.12730 922.1
0.12731 922.2
0.12732 922.3
0.12733 922.4
0.12734 922.4
0.12735 922.5
0.12736 922.6
0.12737 922.6
0.12738 922.7
0.12739 922.8
0.12740 922.8
0.12741 922.9
0.12742 923.0
0.12743 923.0
0.12744 923.1
0.12745 923.2
0.12746 923.3
0.12747 923.3
0.12748 923.4
0.12749 923.5
0.12750 923.5
0.12751 923.6
0.12752 923.7
0.12753 923.7
0.12754 923.8
0.12755 923.9
0.12756 924.0
0.12757 924.0
0.12758 924.1
0.12759 924.2
0.12760 924.2
0.12761 924.3
0.12762 924.4
0.12763 924.5
0.12764 924.5
0.12765 924.6
0.12766 924.7
0.12767 924.7
0.12768 924.8
0.12769 924.9
0.12770 924.9
0.12771 925.0
0.12772 925.1
0.12773 925.2
0.12774 925.2
0.12775 925.3
0.12776 925.4
0.12777 925.4
0.12778 925.5
0.12779 925.6
0.12780 925.7
0.12781 925.7
0.12782 925.8
0.12783 925.9
0.12784 925.9
0.12785 926.0
0.12786 926.1
0.12787 926.2
0.12788 926.2
0.12789 926.3
0.12790 926.4
0.12791 926.4
0.12792 926.5
0.12793 926.6
0.12794 926.7
0.12795 926.7
0.12796 926.8
0.12797 926.9
0.12798 926.9
0.12799 927.0
0.12800 927.1
0.12801 927.2
0.12802 927.2
0.12803 927.3
0.12804 927.4
0.12805 927.4
0.12806 927.5
0.12807 927.6
0.12808 927.7
0.12809 927.7
0.12810 927.8
0.12811 927.9
0.12812 927.9
0.12813 928.0
0.12814 928.1
0.12815 928.1
0.12816 928.2
0.12817 928.3
0.12818 928.4
0.12819 928.4
0.12820 928.5
0.12821 928.6
0.12822 928.6
0.12823 928.7
0.12824 928.8
0.12825 928.9
0.12826 928.9
0.12827 929.0
0.12828 929.1
0.12829 929.1
0.12830 929.2
0.12831 929.3
0.12832 929.4
0.12833 929.4
0.12834 929.5
0.12835 929.6
0.12836 929.6
0.12837 929.7
0.12838 929.8
0.12839 929.9
0.12840 929.9
0.12841 930.0
0.12842 930.1
0.12843 930.1
0.12844 930.2
0.12845 930.3
0.12846 930.4
0.12847 930.4
0.12848 930.5
0.12849 930.6
0.12850 930.6
0.12851 930.7
0.12852 930.8
0.12853 930.9
0.12854 930.9
0.12855 931.0
0.12856 931.1
0.12857 931.1
0.12858 931.2
0.12859 931.3
0.12860 931.3
0.12861 931.4
0.12862 931.5
0.12863 931.6
0.12864 931.6
0.12865 931.7
0.12866 931.8
0.12867 931.8
0.12868 931.9
0.12869 932.0
0.12870 932.1
0.12871 932.1
0.12872 932.2
0.12873 932.3
0.12874 932.3
0.12875 932.4
0.12876 932.5
0.12877 932.5
0.12878 932.6
0.12879 932.7
0.12880 932.8
0.12881 932.8
0.12882 932.9
0.12883 933.0
0.12884 933.0
0.12885 933.1
0.12886 933.2
0.12887 933.3
0.12888 933.3
0.12889 933.4
0.12890 933.5
0.12891 933.5
0.12892 933.6
0.12893 933.7
0.12894 933.7
0.12895 933.8
0.12896 933.9
0.12897 934.0
0.12898 934.0
0.12899 934.1
0.12900 934.2
0.12901 934.2
0.12902 934.3
0.12903 934.4
0.12904 934.4
0.12905 934.5
0.12906 934.6
0.12907 934.6
0.12908 934.7
0.12909 934.8
0.12910 934.9
0.12911 934.9
0.12912 935.0
0.12913 935.1
0.12914 935.1
0.12915 935.2
0.12916 935.3
0.12917 935.3
0.12918 935.4
0.12919 935.5
0.12920 935.5
0.12921 935.6
0.12922 935.7
0.12923 935.8
0.12924 935.8
0.12925 935.9
0.12926 936.0
0.12927 936.0
0.12928 936.1
0.12929 936.2
0.12930 936.2
0.12931 936.3
0.12932 936.4
0.12933 936.4
0.12934 936.5
0.12935 936.6
0.12936 936.6
0.12937 936.7
0.12938 936.8
0.12939 936.8
0.12940 936.9
0.12941 937.0
0.12942 937.0
0.12943 937.1
0.12944 937.2
0.12945 937.3
0.12946 937.3
0.12947 937.4
0.12948 937.5
0.12949 937.5
0.12950 937.6
0.12951 937.7
0.12952 937.7
0.12953 937.8
0.12954 937.9
0.12955 937.9
0.12956 938.0
0.12957 938.1
0.12958 938.1
0.12959 938.2
0.12960 938.3
0.12961 938.3
0.12962 938.4
0.12963 938.5
0.12964 938.5
0.12965 938.6
0.12966 938.7
0.12967 938.7
0.12968 938.8
0.12969 938.9
0.12970 938.9
0.12971 939.0
0.12972 939.1
0.12973 939.1
0.12974 939.2
0.12975 939.3
0.12976 939.3
0.12977 939.4
0.12978 939.5
0.12979 939.5
0.12980 939.6
0.12981 939.7
0.12982 939.7
0.12983 939.8
0.12984 939.9
0.12985 939.9
0.12986 940.0
0.12987 940.1
0.12988 940.1
0.12989 940.2
0.12990 940.3
0.12991 940.3
0.12992 940.4
0.12993 940.4
0.12994 940.5
0.12995 940.6
0.12996 940.6
0.12997 940.7
0.12998 940.8
0.12999 940.8
0.13000 940.9
0.13001 941.0
0.13002 941.0
0.13003 941.1
0.13004 941.2
0.13005 941.2
0.13006 941.3
0.13007 941.4
0.13008 941.4
0.13009 941.5
0.13010 941.5
0.13011 941.6
0.13012 941.7
0.13013 941.7
0.13014 941.8
0.13015 941.9
0.13016 941.9
0.13017 942.0
0.13018 942.1
0.13019 942.1
0.13020 942.2
0.13021 942.2
0.13022 942.3
0.13023 942.4
0.13024 942.4
0.13025 942.5
0.13026 942.6
0.13027 942.6
0.13028 942.7
0.13029 942.8
0.13030 942.8
0.13031 942.9
0.13032 942.9
0.13033 943.0
0.13034 943.1
0.13035 943.1
0.13036 943.2
0.13037 943.3
0.13038 943.3
0.13039 943.4
0.13040 943.4
0.13041 943.5
0.13042 943.6
0.13043 943.6
0.13044 943.7
0.13045 943.8
0.13046 943.8
0.13047 943.9
0.13048 943.9
0.13049 944.0
0.13050 944.1
0.13051 944.1
0.13052 944.2
0.13053 944.2
0.13054 944.3
0.13055 944.4
0.13056 944.4
0.13057 944.5
0.13058 944.6
0.13059 944.6
0.13060 944.7
0.13061 944.7
0.13062 944.8
0.13063 944.9
0.13064 944.9
0.13065 945.0
0.13066 945.0
0.13067 945.1
0.13068 945.2
0.13069 945.2
0.13070 945.3
0.13071 945.3
0.13072 945.4
0.13073 945.5
0.13074 945.5
0.13075 945.6
0.13076 945.6
0.13077 945.7
0.13078 945.8
0.13079 945.8
0.13080 945.9
0.13081 945.9
0.13082 946.0
0.13083 946.1
0.13084 946.1
0.13085 946.2
0.13086 946.2
0.13087 946.3
0.13088 946.4
0.13089 946.4
0.13090 946.5
0.13091 946.5
0.13092 946.6
0.13093 946.7
0.13094 946.7
0.13095 946.8
0.13096 946.8
0.13097 946.9
0.13098 946.9
0.13099 947.0
0.13100 947.1
0.13101 947.1
0.13102 947.2
0.13103 947.2
0.13104 947.3
0.13105 947.4
0.13106 947.4
0.13107 947.5
0.13108 947.5
0.13109 947.6
0.13110 947.6
0.13111 947.7
0.13112 947.8
0.13113 947.8
0.13114 947.9
0.13115 947.9
0.13116 948.0
0.13117 948.0
0.13118 948.1
0.13119 948.2
0.13120 948.2
0.13121 948.3
0.13122 948.3
0.13123 948.4
0.13124 948.4
0.13125 948.5
0.13126 948.6
0.13127 948.6
0.13128 948.7
0.13129 948.7
0.13130 948.8
0.13131 948.8
0.13132 948.9
0.13133 948.9
0.13134 949.0
0.13135 949.1
0.13136 949.1
0.13137 949.2
0.13138 949.2
0.13139 949.3
0.13140 949.3
0.13141 949.4
0.13142 949.4
0.13143 949.5
0.13144 949.6
0.13145 949.6
0.13146 949.7
0.13147 949.7
0.13148 949.8
0.13149 949.8
0.13150 949.9
0.13151 949.9
0.13152 950.0
0.13153 950.0
0.13154 950.1
0.13155 950.2
0.13156 950.2
0.13157 950.3
0.13158 950.3
0.13159 950.4
0.13160 950.4
0.13161 950.5
0.13162 950.5
0.13163 950.6
0.13164 950.6
0.13165 950.7
0.13166 950.7
0.13167 950.8
0.13168 950.9
0.13169 950.9
0.13170 951.0
0.13171 951.0
0.13172 951.1
0.13173 951.1
0.13174 951.2
0.13175 951.2
0.13176 951.3
0.13177 951.3
0.13178 951.4
0.13179 951.4
0.13180 951.5
0.13181 951.5
0.13182 951.6
0.13183 951.6
0.13184 951.7
0.13185 951.8
0.13186 951.8
0.13187 951.9
0.13188 951.9
0.13189 952.0
0.13190 952.0
0.13191 952.1
0.13192 952.1
0.13193 952.2
0.13194 952.2
0.13195 952.3
0.13196 952.3
0.13197 952.4
0.13198 952.4
0.13199 952.5
0.13200 952.5
0.13201 952.6
0.13202 952.6
0.13203 952.7
0.13204 952.7
0.13205 952.8
0.13206 952.8
0.13207 952.9
0.13208 952.9
0.13209 953.0
0.13210 953.0
0.13211 953.1
0.13212 953.1
0.13213 953.2
0.13214 953.2
0.13215 953.3
0.13216 953.3
0.13217 953.4
0.13218 953.4
0.13219 953.5
0.13220 953.5
0.13221 953.6
0.13222 953.6
0.13223 953.7
0.13224 953.7
0.13225 953.8
0.13226 953.8
0.13227 953.9
0.13228 953.9
0.13229 954.0
0.13230 954.0
0.13231 954.1
0.13232 954.1
0.13233 954.2
0.13234 954.2
0.13235 954.3
0.13236 954.3
0.13237 954.4
0.13238 954.4
0.13239 954.5
0.13240 954.5
0.13241 954.6
0.13242 954.6
0.13243 954.7
0.13244 954.7
0.13245 954.7
0.13246 954.8
0.13247 954.8
0.13248 954.9
0.13249 954.9
0.13250 955.0
0.13251 955.0
0.13252 955.1
0.13253 955.1
0.13254 955.2
0.13255 955.2
0.13256 955.3
0.13257 955.3
0.13258 955.4
0.13259 955.4
0.13260 955.5
0.13261 955.5
0.13262 955.6
0.13263 955.6
0.13264 955.6
0.13265 955.7
0.13266 955.7
0.13267 955.8
0.13268 955.8
0.13269 955.9
0.13270 955.9
0.13271 956.0
0.13272 956.0
0.13273 956.1
0.13274 956.1
0.13275 956.2
0.13276 956.2
0.13277 956.2
0.13278 956.3
0.13279 956.3
0.13280 956.4
0.13281 956.4
0.13282 956.5
0.13283 956.5
0.13284 956.6
0.13285 956.6
0.13286 956.6
0.13287 956.7
0.13288 956.7
0.13289 956.8
0.13290 956.8
0.13291 956.9
0.13292 956.9
0.13293 957.0
0.13294 957.0
0.13295 957.1
0.13296 957.1
0.13297 957.1
0.13298 957.2
0.13299 957.2
0.13300 957.3
0.13301 957.3
0.13302 957.4
0.13303 957.4
0.13304 957.4
0.13305 957.5
0.13306 957.5
0.13307 957.6
0.13308 957.6
0.13309 957.7
0.13310 957.7
0.13311 957.7
0.13312 957.8
0.13313 957.8
0.13314 957.9
0.13315 957.9
0.13316 958.0
0.13317 958.0
0.13318 958.0
0.13319 958.1
0.13320 958.1
0.13321 958.2
0.13322 958.2
0.13323 958.3
0.13324 958.3
0.13325 958.3
0.13326 958.4
0.13327 958.4
0.13328 958.5
0.13329 958.5
0.13330 958.6
0.13331 958.6
0.13332 958.6
0.13333 958.7
0.13334 958.7
0.13335 958.8
0.13336 958.8
0.13337 958.8
0.13338 958.9
0.13339 958.9
0.13340 959.0
0.13341 959.0
0.13342 959.1
0.13343 959.1
0.13344 959.1
0.13345 959.2
0.13346 959.2
0.13347 959.3
0.13348 959.3
0.13349 959.3
0.13350 959.4
0.13351 959.4
0.13352 959.5
0.13353 959.5
0.13354 959.5
0.13355 959.6
0.13356 959.6
0.13357 959.7
0.13358 959.7
0.13359 959.7
0.13360 959.8
0.13361 959.8
0.13362 959.9
0.13363 959.9
0.13364 959.9
0.13365 960.0
0.13366 960.0
0.13367 960.1
0.13368 960.1
0.13369 960.1
0.13370 960.2
0.13371 960.2
0.13372 960.3
0.13373 960.3
0.13374 960.3
0.13375 960.4
0.13376 960.4
0.13377 960.4
0.13378 960.5
0.13379 960.5
0.13380 960.6
0.13381 960.6
0.13382 960.6
0.13383 960.7
0.13384 960.7
0.13385 960.8
0.13386 960.8
0.13387 960.8
0.13388 960.9
0.13389 960.9
0.13390 960.9
0.13391 961.0
0.13392 961.0
0.13393 961.1
0.13394 961.1
0.13395 961.1
0.13396 961.2
0.13397 961.2
0.13398 961.2
0.13399 961.3
0.13400 961.3
0.13401 961.4
0.13402 961.4
0.13403 961.4
0.13404 961.5
0.13405 961.5
0.13406 961.5
0.13407 961.6
0.13408 961.6
0.13409 961.7
0.13410 961.7
0.13411 961.7
0.13412 961.8
0.13413 961.8
0.13414 961.8
0.13415 961.9
0.13416 961.9
0.13417 961.9
0.13418 962.0
0.13419 962.0
0.13420 962.1
0.13421 962.1
0.13422 962.1
0.13423 962.2
0.13424 962.2
0.13425 962.2
0.13426 962.3
0.13427 962.3
0.13428 962.3
0.13429 962.4
0.13430 962.4
0.13431 962.4
0.13432 962.5
0.13433 962.5
0.13434 962.6
0.13435 962.6
0.13436 962.6
0.13437 962.7
0.13438 962.7
0.13439 962.7
0.13440 962.8
0.13441 962.8
0.13442 962.8
0.13443 962.9
0.13444 962.9
0.13445 962.9
0.13446 963.0
0.13447 963.0
0.13448 963.0
0.13449 963.1
0.13450 963.1
0.13451 963.1
0.13452 963.2
0.13453 963.2
0.13454 963.2
0.13455 963.3
0.13456 963.3
0.13457 963.3
0.13458 963.4
0.13459 963.4
0.13460 963.4
0.13461 963.5
0.13462 963.5
0.13463 963.5
0.13464 963.6
0.13465 963.6
0.13466 963.6
0.13467 963.7
0.13468 963.7
0.13469 963.7
0.13470 963.8
0.13471 963.8
0.13472 963.8
0.13473 963.9
0.13474 963.9
0.13475 963.9
0.13476 964.0
0.13477 964.0
0.13478 964.0
0.13479 964.1
0.13480 964.1
0.13481 964.1
0.13482 964.2
0.13483 964.2
0.13484 964.2
0.13485 964.3
0.13486 964.3
0.13487 964.3
0.13488 964.4
0.13489 964.4
0.13490 964.4
0.13491 964.5
0.13492 964.5
0.13493 964.5
0.13494 964.6
0.13495 964.6
0.13496 964.6
0.13497 964.7
0.13498 964.7
0.13499 964.7
0.13500 964.7
0.13501 964.8
0.13502 964.8
0.13503 964.8
0.13504 964.9
0.13505 964.9
0.13506 964.9
0.13507 965.0
0.13508 965.0
0.13509 965.0
0.13510 965.1
0.13511 965.1
0.13512 965.1
0.13513 965.1
0.13514 965.2
0.13515 965.2
0.13516 965.2
0.13517 965.3
0.13518 965.3
0.13519 965.3
0.13520 965.4
0.13521 965.4
0.13522 965.4
0.13523 965.4
0.13524 965.5
0.13525 965.5
0.13526 965.5
0.13527 965.6
0.13528 965.6
0.13529 965.6
0.13530 965.7
0.13531 965.7
0.13532 965.7
0.13533 965.7
0.13534 965.8
0.13535 965.8
0.13536 965.8
0.13537 965.9
0.13538 965.9
0.13539 965.9
0.13540 966.0
0.13541 966.0
0.13542 966.0
0.13543 966.0
0.13544 966.1
0.13545 966.1
0.13546 966.1
0.13547 966.2
0.13548 966.2
0.13549 966.2
0.13550 966.2
0.13551 966.3
0.13552 966.3
0.13553 966.3
0.13554 966.4
0.13555 966.4
0.13556 966.4
0.13557 966.4
0.13558 966.5
0.13559 966.5
0.13560 966.5
0.13561 966.6
0.13562 966.6
0.13563 966.6
0.13564 966.6
0.13565 966.7
0.13566 966.7
0.13567 966.7
0.13568 966.7
0.13569 966.8
0.13570 966.8
0.13571 966.8
0.13572 966.9
0.13573 966.9
0.13574 966.9
0.13575 966.9
0.13576 967.0
0.13577 967.0
0.13578 967.0
0.13579 967.1
0.13580 967.1
0.13581 967.1
0.13582 967.1
0.13583 967.2
0.13584 967.2
0.13585 967.2
0.13586 967.2
0.13587 967.3
0.13588 967.3
0.13589 967.3
0.13590 967.3
0.13591 967.4
0.13592 967.4
0.13593 967.4
0.13594 967.5
0.13595 967.5
0.13596 967.5
0.13597 967.5
0.13598 967.6
0.13599 967.6
0.13600 967.6
0.13601 967.6
0.13602 967.7
0.13603 967.7
0.13604 967.7
0.13605 967.7
0.13606 967.8
0.13607 967.8
0.13608 967.8
0.13609 967.8
0.13610 967.9
0.13611 967.9
0.13612 967.9
0.13613 967.9
0.13614 968.0
0.13615 968.0
0.13616 968.0
0.13617 968.0
0.13618 968.1
0.13619 968.1
0.13620 968.1
0.13621 968.1
0.13622 968.2
0.13623 968.2
0.13624 968.2
0.13625 968.2
0.13626 968.3
0.13627 968.3
0.13628 968.3
0.13629 968.3
0.13630 968.4
0.13631 968.4
0.13632 968.4
0.13633 968.4
0.13634 968.5
0.13635 968.5
0.13636 968.5
0.13637 968.5
0.13638 968.6
0.13639 968.6
0.13640 968.6
0.13641 968.6
0.13642 968.7
0.13643 968.7
0.13644 968.7
0.13645 968.7
0.13646 968.8
0.13647 968.8
0.13648 968.8
0.13649 968.8
0.13650 968.9
0.13651 968.9
0.13652 968.9
0.13653 968.9
0.13654 969.0
0.13655 969.0
0.13656 969.0
0.13657 969.0
0.13658 969.0
0.13659 969.1
0.13660 969.1
0.13661 969.1
0.13662 969.1
0.13663 969.2
0.13664 969.2
0.13665 969.2
0.13666 969.2
0.13667 969.3
0.13668 969.3
0.13669 969.3
0.13670 969.3
0.13671 969.3
0.13672 969.4
0.13673 969.4
0.13674 969.4
0.13675 969.4
0.13676 969.5
0.13677 969.5
0.13678 969.5
0.13679 969.5
0.13680 969.6
0.13681 969.6
0.13682 969.6
0.13683 969.6
0.13684 969.6
0.13685 969.7
0.13686 969.7
0.13687 969.7
0.13688 969.7
0.13689 969.8
0.13690 969.8
0.13691 969.8
0.13692 969.8
0.13693 969.8
0.13694 969.9
0.13695 969.9
0.13696 969.9
0.13697 969.9
0.13698 970.0
0.13699 970.0
0.13700 970.0
0.13701 970.0
0.13702 970.0
0.13703 970.1
0.13704 970.1
0.13705 970.1
0.13706 970.1
0.13707 970.1
0.13708 970.2
0.13709 970.2
0.13710 970.2
0.13711 970.2
0.13712 970.3
0.13713 970.3
0.13714 970.3
0.13715 970.3
0.13716 970.3
0.13717 970.4
0.13718 970.4
0.13719 970.4
0.13720 970.4
0.13721 970.4
0.13722 970.5
0.13723 970.5
0.13724 970.5
0.13725 970.5
0.13726 970.5
0.13727 970.6
0.13728 970.6
0.13729 970.6
0.13730 970.6
0.13731 970.7
0.13732 970.7
0.13733 970.7
0.13734 970.7
0.13735 970.7
0.13736 970.8
0.13737 970.8
0.13738 970.8
0.13739 970.8
0.13740 970.8
0.13741 970.9
0.13742 970.9
0.13743 970.9
0.13744 970.9
0.13745 970.9
0.13746 971.0
0.13747 971.0
0.13748 971.0
0.13749 971.0
0.13750 971.0
0.13751 971.1
0.13752 971.1
0.13753 971.1
0.13754 971.1
0.13755 971.1
0.13756 971.2
0.13757 971.2
0.13758 971.2
0.13759 971.2
0.13760 971.2
0.13761 971.2
0.13762 971.3
0.13763 971.3
0.13764 971.3
0.13765 971.3
0.13766 971.3
0.13767 971.4
0.13768 971.4
0.13769 971.4
0.13770 971.4
0.13771 971.4
0.13772 971.5
0.13773 971.5
0.13774 971.5
0.13775 971.5
0.13776 971.5
0.13777 971.6
0.13778 971.6
0.13779 971.6
0.13780 971.6
0.13781 971.6
0.13782 971.6
0.13783 971.7
0.13784 971.7
0.13785 971.7
0.13786 971.7
0.13787 971.7
0.13788 971.8
0.13789 971.8
0.13790 971.8
0.13791 971.8
0.13792 971.8
0.13793 971.8
0.13794 971.9
0.13795 971.9
0.13796 971.9
0.13797 971.9
0.13798 971.9
0.13799 972.0
0.13800 972.0
0.13801 972.0
0.13802 972.0
0.13803 972.0
0.13804 972.0
0.13805 972.1
0.13806 972.1
0.13807 972.1
0.13808 972.1
0.13809 972.1
0.13810 972.2
0.13811 972.2
0.13812 972.2
0.13813 972.2
0.13814 972.2
0.13815 972.2
0.13816 972.3
0.13817 972.3
0.13818 972.3
0.13819 972.3
0.13820 972.3
0.13821 972.3
0.13822 972.4
0.13823 972.4
0.13824 972.4
0.13825 972.4
0.13826 972.4
0.13827 972.5
0.13828 972.5
0.13829 972.5
0.13830 972.5
0.13831 972.5
0.13832 972.5
0.13833 972.6
0.13834 972.6
0.13835 972.6
0.13836 972.6
0.13837 972.6
0.13838 972.6
0.13839 972.7
0.13840 972.7
0.13841 972.7
0.13842 972.7
0.13843 972.7
0.13844 972.7
0.13845 972.8
0.13846 972.8
0.13847 972.8
0.13848 972.8
0.13849 972.8
0.13850 972.8
0.13851 972.9
0.13852 972.9
0.13853 972.9
0.13854 972.9
0.13855 972.9
0.13856 972.9
0.13857 972.9
0.13858 973.0
0.13859 973.0
0.13860 973.0
0.13861 973.0
0.13862 973.0
0.13863 973.0
0.13864 973.1
0.13865 973.1
0.13866 973.1
0.13867 973.1
0.13868 973.1
0.13869 973.1
0.13870 973.2
0.13871 973.2
0.13872 973.2
0.13873 973.2
0.13874 973.2
0.13875 973.2
0.13876 973.3
0.13877 973.3
0.13878 973.3
0.13879 973.3
0.13880 973.3
0.13881 973.3
0.13882 973.3
0.13883 973.4
0.13884 973.4
0.13885 973.4
0.13886 973.4
0.13887 973.4
0.13888 973.4
0.13889 973.5
0.13890 973.5
0.13891 973.5
0.13892 973.5
0.13893 973.5
0.13894 973.5
0.13895 973.5
0.13896 973.6
0.13897 973.6
0.13898 973.6
0.13899 973.6
0.13900 973.6
0.13901 973.6
0.13902 973.6
0.13903 973.7
0.13904 973.7
0.13905 973.7
0.13906 973.7
0.13907 973.7
0.13908 973.7
0.13909 973.7
0.13910 973.8
0.13911 973.8
0.13912 973.8
0.13913 973.8
0.13914 973.8
0.13915 973.8
0.13916 973.9
0.13917 973.9
0.13918 973.9
0.13919 973.9
0.13920 973.9
0.13921 973.9
0.13922 973.9
0.13923 974.0
0.13924 974.0
0.13925 974.0
0.13926 974.0
0.13927 974.0
0.13928 974.0
0.13929 974.0
0.13930 974.1
0.13931 974.1
0.13932 974.1
0.13933 974.1
0.13934 974.1
0.13935 974.1
0.13936 974.1
0.13937 974.1
0.13938 974.2
0.13939 974.2
0.13940 974.2
0.13941 974.2
0.13942 974.2
0.13943 974.2
0.13944 974.2
0.13945 974.3
0.13946 974.3
0.13947 974.3
0.13948 974.3
0.13949 974.3
0.13950 974.3
0.13951 974.3
0.13952 974.4
0.13953 974.4
0.13954 974.4
0.13955 974.4
0.13956 974.4
0.13957 974.4
0.13958 974.4
0.13959 974.4
0.13960 974.5
0.13961 974.5
0.13962 974.5
0.13963 974.5
0.13964 974.5
0.13965 974.5
0.13966 974.5
0.13967 974.6
0.13968 974.6
0.13969 974.6
0.13970 974.6
0.13971 974.6
0.13972 974.6
0.13973 974.6
0.13974 974.6
0.13975 974.7
0.13976 974.7
0.13977 974.7
0.13978 974.7
0.13979 974.7
0.13980 974.7
0.13981 974.7
0.13982 974.7
0.13983 974.8
0.13984 974.8
0.13985 974.8
0.13986 974.8
0.13987 974.8
0.13988 974.8
0.13989 974.8
0.13990 974.8
0.13991 974.9
0.13992 974.9
0.13993 974.9
0.13994 974.9
0.13995 974.9
0.13996 974.9
0.13997 974.9
0.13998 974.9
0.13999 975.0
0.14000 982.4
0.14001 982.4
0.14002 982.4
0.14003 982.4
0.14004 982.4
0.14005 982.4
0.14006 982.4
0.14007 982.4
0.14008 982.4
0.14009 982.4
0.14010 982.4
0.14011 982.4
0.14012 982.4
0.14013 982.4
0.14014 982.4
0.14015 982.4
0.14016 982.4
0.14017 982.4
0.14018 982.4
0.14019 982.4
0.14020 982.4
0.14021 982.4
0.14022 982.4
0.14023 982.4
0.14024 982.4
0.14025 982.4
0.14026 982.4
0.14027 982.4
0.14028 982.4
0.14029 982.4
0.14030 982.4
0.14031 982.4
0.14032 982.4
0.14033 982.4
0.14034 982.4
0.14035 982.4
0.14036 982.4
0.14037 982.4
0.14038 982.4
0.14039 982.4
0.14040 982.4
0.14041 982.4
0.14042 982.4
0.14043 982.4
0.14044 982.4
0.14045 982.4
0.14046 982.4
0.14047 982.4
0.14048 982.4
0.14049 982.4
0.14050 982.4
0.14051 982.4
0.14052 982.4
0.14053 982.4
0.14054 982.4
0.14055 982.4
0.14056 982.4
0.14057 982.4
0.14058 982.4
0.14059 982.4
0.14060 982.4
0.14061 982.4
0.14062 982.4
0.14063 982.4
0.14064 982.4
0.14065 982.4
0.14066 982.4
0.14067 982.4
0.14068 982.4
0.14069 982.4
0.14070 982.4
0.14071 982.4
0.14072 982.4
0.14073 982.4
0.14074 982.4
0.14075 982.4
0.14076 982.4
0.14077 982.4
0.14078 982.4
0.14079 982.4
0.14080 982.4
0.14081 982.4
0.14082 982.4
0.14083 982.4
0.14084 982.4
0.14085 982.4
0.14086 982.4
0.14087 982.4
0.14088 982.4
0.14089 982.4
0.14090 982.4
0.14091 982.4
0.14092 982.4
0.14093 982.4
0.14094 982.4
0.14095 982.4
0.14096 982.4
0.14097 982.4
0.14098 982.4
0.14099 982.4
0.14100 982.4
0.14101 1006.0
0.14102 1030.0
0.14103 1054.6
0.14104 1079.7
0.14105 1105.3
0.14106 1131.5
0.14107 1158.1
0.14108 1185.4
0.14109 1213.1
0.14110 1241.5
0.14111 1270.4
0.14112 1300.0
0.14113 1330.1
0.14114 1360.9
0.14115 1392.3
0.14116 1424.3
0.14117 1457.0
0.14118 1490.4
0.14119 1524.5
0.14120 1559.3
0.14121 1594.9
0.14122 1631.3
0.14123 1668.5
0.14124 1706.5
0.14125 1745.4
0.14126 1785.3
0.14127 1826.2
0.14128 1868.1
0.14129 1911.2
0.14130 1955.5
0.14131 2001.1
0.14132 2048.2
0.14133 2096.9
0.14134 2147.3
0.14135 2199.6
0.14136 2254.1
0.14137 2311.1
0.14138 2370.8
0.14139 2433.6
0.14140 2500.0
0.14141 2570.5
0.14142 2645.6
0.14143 2726.2
0.14144 2813.2
0.14145 2907.5
0.14146 3010.6
0.14147 3124.0
0.14148 3249.7
0.14149 3389.9
0.14150 3547.8
0.14151 3640.0
0.14152 3751.4
0.14153 3885.0
0.14154 4044.4
0.14155 4234.0
0.14156 4459.0
0.14157 4725.7
0.14158 5041.8
0.14159 5415.9
0.14160 5857.7
0.14161 6377.3
0.14162 6983.6
0.14163 7682.2
0.14164 8472.4
0.14165 9343.1
0.14166 10270.4
0.14167 11218.8
0.14168 12147.1
0.14169 13017.2
0.14170 13801.5
0.14171 14486.2
0.14172 15068.9
0.14173 15554.5
0.14174 15952.0
0.14175 16271.0
0.14176 16521.1
0.14177 16710.7
0.14178 16846.9
0.14179 16935.9
0.14180 16982.9
0.14181 16992.0
0.14182 16967.0
0.14183 16910.7
0.14184 16825.8
0.14185 16714.4
0.14186 16578.4
0.14187 16419.5
0.14188 16239.2
0.14189 16039.0
0.14190 15820.1
0.14191 15583.8
0.14192 15331.3
0.14193 15063.8
0.14194 14782.6
0.14195 14488.8
0.14196 14183.7
0.14197 13868.5
0.14198 13544.6
0.14199 13213.0
0.14200 12875.2
0.14201 12532.4
0.14202 12185.7
0.14203 11836.6
0.14204 11486.2
0.14205 11135.6
0.14206 10786.0
0.14207 10438.4
0.14208 10094.0
0.14209 9753.7
0.14210 9418.3
0.14211 9088.6
0.14212 8765.5
0.14213 8449.5
0.14214 8141.3
0.14215 7841.2
0.14216 7549.8
0.14217 7267.4
0.14218 6994.2
0.14219 6730.4
0.14220 6476.1
0.14221 6231.4
0.14222 5996.3
0.14223 5770.8
0.14224 5554.6
0.14225 5347.8
0.14226 5150.0
0.14227 4961.1
0.14228 4780.9
0.14229 4609.0
0.14230 4445.3
0.14231 4289.3
0.14232 4140.9
0.14233 3999.7
0.14234 3865.3
0.14235 3737.6
0.14236 3616.1
0.14237 3500.6
0.14238 3390.8
0.14239 3286.4
0.14240 3187.2
0.14241 3092.7
0.14242 3002.9
0.14243 2917.4
0.14244 2836.0
0.14245 2758.5
0.14246 2684.7
0.14247 2614.3
0.14248 2547.2
0.14249 2483.1
0.14250 2422.0
0.14251 2363.6
0.14252 2307.8
0.14253 2254.5
0.14254 2203.5
0.14255 2154.7
0.14256 2107.9
0.14257 2063.2
0.14258 2020.2
0.14259 1979.1
0.14260 1939.6
0.14261 1901.7
0.14262 1865.4
0.14263 1830.4
0.14264 1796.9
0.14265 1764.6
0.14266 1733.6
0.14267 1703.8
0.14268 1675.1
0.14269 1647.6
0.14270 1621.0
0.14271 1595.5
0.14272 1571.0
0.14273 1547.3
0.14274 1524.6
0.14275 1502.7
0.14276 1481.6
0.14277 1461.4
0.14278 1441.8
0.14279 1423.1
0.14280 1405.0
0.14281 1387.6
0.14282 1370.8
0.14283 1354.7
0.14284 1339.2
0.14285 1324.3
0.14286 1309.9
0.14287 1296.1
0.14288 1282.8
0.14289 1270.0
0.14290 1257.7
0.14291 1245.9
0.14292 1234.5
0.14293 1223.5
0.14294 1213.0
0.14295 1202.8
0.14296 1193.0
0.14297 1183.6
0.14298 1174.6
0.14299 1165.8
0.14300 1157.4
0.14301 1149.4
0.14302 1141.6
0.14303 1134.1
0.14304 1126.8
0.14305 1119.9
0.14306 1113.2
0.14307 1106.7
0.14308 1100.5
0.14309 1094.5
0.14310 1088.7
0.14311 1083.1
0.14312 1077.7
0.14313 1072.5
0.14314 1067.5
0.14315 1062.6
0.14316 1058.0
0.14317 1053.4
0.14318 1049.1
0.14319 1044.9
0.14320 1040.8
0.14321 1036.9
0.14322 1033.1
0.14323 1029.4
0.14324 1025.9
0.14325 1022.5
0.14326 1019.1
0.14327 1015.9
0.14328 1012.8
0.14329 1009.8
0.14330 1006.9
0.14331 1004.1
0.14332 1001.4
0.14333 998.8
0.14334 996.2
0.14335 993.7
0.14336 991.4
0.14337 989.0
0.14338 986.8
0.14339 984.6
0.14340 982.5
0.14341 980.5
0.14342 978.5
0.14343 976.6
0.14344 974.7
0.14345 972.9
0.14346 971.1
0.14347 969.4
0.14348 967.8
0.14349 966.2
0.14350 964.6
0.14351 963.1
0.14352 961.7
0.14353 960.3
0.14354 958.9
0.14355 957.5
0.14356 956.2
0.14357 955.0
0.14358 953.7
0.14359 952.6
0.14360 951.4
0.14361 950.3
0.14362 949.2
0.14363 948.1
0.14364 947.1
0.14365 946.1
0.14366 945.1
0.14367 944.2
0.14368 943.2
0.14369 942.3
0.14370 941.5
0.14371 940.6
0.14372 939.8
0.14373 939.0
0.14374 938.2
0.14375 937.4
0.14376 936.7
0.14377 936.0
0.14378 935.3
0.14379 934.6
0.14380 933.9
0.14381 933.3
0.14382 932.7
0.14383 932.1
0.14384 931.5
0.14385 930.9
0.14386 930.3
0.14387 929.8
0.14388 929.2
0.14389 928.7
0.14390 928.2
0.14391 927.7
0.14392 927.2
0.14393 926.8
0.14394 926.3
0.14395 925.9
0.14396 925.4
0.14397 925.0
0.14398 924.6
0.14399 924.2
0.14400 923.8
0.14401 923.4
0.14402 923.1
0.14403 922.7
0.14404 922.4
0.14405 922.0
0.14406 921.7
0.14407 921.4
0.14408 921.1
0.14409 920.7
0.14410 920.4
0.14411 920.2
0.14412 919.9
0.14413 919.6
0.14414 919.3
0.14415 919.1
0.14416 918.8
0.14417 918.6
0.14418 918.3
0.14419 918.1
0.14420 917.8
0.14421 917.6
0.14422 917.4
0.14423 917.2
0.14424 917.0
0.14425 916.8
0.14426 916.6
0.14427 916.4
0.14428 916.2
0.14429 916.0
0.14430 915.9
0.14431 915.7
0.14432 915.5
0.14433 915.4
0.14434 915.2
0.14435 915.0
0.14436 914.9
0.14437 914.7
0.14438 914.6
0.14439 914.5
0.14440 914.3
0.14441 914.2
0.14442 914.1
0.14443 914.0
0.14444 913.8
0.14445 913.7
0.14446 913.6
0.14447 913.5
0.14448 913.4
0.14449 913.3
0.14450 913.2
0.14451 913.1
0.14452 913.0
0.14453 912.9
0.14454 912.8
0.14455 912.7
0.14456 912.7
0.14457 912.6
0.14458 912.5
0.14459 912.4
0.14460 912.4
0.14461 912.3
0.14462 912.2
0.14463 912.1
0.14464 912.1
0.14465 912.0
0.14466 912.0
0.14467 911.9
0.14468 911.9
0.14469 911.8
0.14470 911.8
0.14471 911.7
0.14472 911.7
0.14473 911.6
0.14474 911.6
0.14475 911.5
0.14476 911.5
0.14477 911.5
0.14478 911.4
0.14479 911.4
0.14480 911.3
0.14481 911.3
0.14482 911.3
0.14483 911.3
0.14484 911.2
0.14485 911.2
0.14486 911.2
0.14487 911.2
0.14488 911.1
0.14489 911.1
0.14490 911.1
0.14491 911.1
0.14492 911.1
0.14493 911.1
0.14494 911.0
0.14495 911.0
0.14496 911.0
0.14497 911.0
0.14498 911.0
0.14499 911.0
0.14500 911.0
0.14501 911.0
0.14502 911.0
0.14503 911.0
0.14504 911.0
0.14505 911.0
0.14506 911.0
0.14507 911.0
0.14508 911.0
0.14509 911.0
0.14510 911.0
0.14511 911.0
0.14512 911.0
0.14513 911.0
0.14514 911.0
0.14515 911.0
0.14516 911.1
0.14517 911.1
0.14518 911.1
0.14519 911.1
0.14520 911.1
0.14521 911.1
0.14522 911.1
0.14523 911.2
0.14524 911.2
0.14525 911.2
0.14526 911.2
0.14527 911.2
0.14528 911.2
0.14529 911.3
0.14530 911.3
0.14531 911.3
0.14532 911.3
0.14533 911.4
0.14534 911.4
0.14535 911.4
0.14536 911.4
0.14537 911.5
0.14538 911.5
0.14539 911.5
0.14540 911.5
0.14541 911.6
0.14542 911.6
0.14543 911.6
0.14544 911.6
0.14545 911.7
0.14546 911.7
0.14547 911.7
0.14548 911.8
0.14549 911.8
0.14550 911.8
0.14551 911.9
0.14552 911.9
0.14553 911.9
0.14554 912.0
0.14555 912.0
0.14556 912.0
0.14557 912.1
0.14558 912.1
0.14559 912.2
0.14560 912.2
0.14561 912.2
0.14562 912.3
0.14563 912.3
0.14564 912.4
0.14565 912.4
0.14566 912.4
0.14567 912.5
0.14568 912.5
0.14569 912.6
0.14570 912.6
0.14571 912.6
0.14572 912.7
0.14573 912.7
0.14574 912.8
0.14575 912.8
0.14576 912.9
0.14577 912.9
0.14578 912.9
0.14579 913.0
0.14580 913.0
0.14581 913.1
0.14582 913.1
0.14583 913.2
0.14584 913.2
0.14585 913.3
0.14586 913.3
0.14587 913.4
0.14588 913.4
0.14589 913.5
0.14590 913.5
0.14591 913.6
0.14592 913.6
0.14593 913.7
0.14594 913.7
0.14595 913.8
0.14596 913.8
0.14597 913.9
0.14598 913.9
0.14599 914.0
0.14600 914.0
0.14601 914.1
0.14602 914.1
0.14603 914.2
0.14604 914.2
0.14605 914.3
0.14606 914.3
0.14607 914.4
0.14608 914.4
0.14609 914.5
0.14610 914.5
0.14611 914.6
0.14612 914.6
0.14613 914.7
0.14614 914.8
0.14615 914.8
0.14616 914.9
0.14617 914.9
0.14618 915.0
0.14619 915.0
0.14620 915.1
0.14621 915.1
0.14622 915.2
0.14623 915.3
0.14624 915.3
0.14625 915.4
0.14626 915.4
0.14627 915.5
0.14628 915.5
0.14629 915.6
0.14630 915.7
0.14631 915.7
0.14632 915.8
0.14633 915.8
0.14634 915.9
0.14635 916.0
0.14636 916.0
0.14637 916.1
0.14638 916.1
0.14639 916.2
0.14640 916.3
0.14641 916.3
0.14642 916.4
0.14643 916.4
0.14644 916.5
0.14645 916.6
0.14646 916.6
0.14647 916.7
0.14648 916.7
0.14649 916.8
0.14650 916.9
0.14651 916.9
0.14652 917.0
0.14653 917.0
0.14654 917.1
0.14655 917.2
0.14656 917.2
0.14657 917.3
0.14658 917.4
0.14659 917.4
0.14660 917.5
0.14661 917.6
0.14662 917.6
0.14663 917.7
0.14664 917.7
0.14665 917.8
0.14666 917.9
0.14667 917.9
0.14668 918.0
0.14669 918.1
0.14670 918.1
0.14671 918.2
0.14672 918.3
0.14673 918.3
0.14674 918.4
0.14675 918.4
0.14676 918.5
0.14677 918.6
0.14678 918.6
0.14679 918.7
0.14680 918.8
0.14681 918.8
0.14682 918.9
0.14683 919.0
0.14684 919.0
0.14685 919.1
0.14686 919.2
0.14687 919.2
0.14688 919.3
0.14689 919.4
0.14690 919.4
0.14691 919.5
0.14692 919.6
0.14693 919.6
0.14694 919.7
0.14695 919.8
0.14696 919.8
0.14697 919.9
0.14698 920.0
0.14699 920.0
0.14700 920.1
0.14701 920.2
0.14702 920.2
0.14703 920.3
0.14704 920.4
0.14705 920.4
0.14706 920.5
0.14707 920.6
0.14708 920.6
0.14709 920.7
0.14710 920.8
0.14711 920.8
0.14712 920.9
0.14713 921.0
0.14714 921.0
0.14715 921.1
0.14716 921.2
0.14717 921.3
0.14718 921.3
0.14719 921.4
0.14720 921.5
0.14721 921.5
0.14722 921.6
0.14723 921.7
0.14724 921.7
0.14725 921.8
0.14726 921.9
0.14727 921.9
0.14728 922.0
0.14729 922.1
0.14730 922.1
0.14731 922.2
0.14732 922.3
0.14733 922.4
0.14734 922.4
0.14735 922.5
0.14736 922.6
0.14737 922.6
0.14738 922.7
0.14739 922.8
0.14740 922.8
0.14741 922.9
0.14742 923.0
0.14743 923.0
0.14744 923.1
0.14745 923.2
0.14746 923.3
0.14747 923.3
0.14748 923.4
0.14749 923.5
0.14750 923.5
0.14751 923.6
0.14752 923.7
0.14753 923.7
0.14754 923.8
0.14755 923.9
0.14756 924.0
0.14757 924.0
0.14758 924.1
0.14759 924.2
0.14760 924.2
0.14761 924.3
0.14762 924.4
0.14763 924.5
0.14764 924.5
0.14765 924.6
0.14766 924.7
0.14767 924.7
0.14768 924.8
0.14769 924.9
0.14770 924.9
0.14771 925.0
0.14772 925.1
0.14773 925.2
0.14774 925.2
0.14775 925.3
0.14776 925.4
0.14777 925.4
0.14778 925.5
0.14779 925.6
0.14780 925.7
0.14781 925.7
0.14782 925.8
0.14783 925.9
0.14784 925.9
0.14785 926.0
0.14786 926.1
0.14787 926.2
0.14788 926.2
0.14789 926.3
0.14790 926.4
0.14791 926.4
0.14792 926.5
0.14793 926.6
0.14794 926.7
0.14795 926.7
0.14796 926.8
0.14797 926.9
0.14798 926.9
0.14799 927.0
0.14800 927.1
0.14801 927.2
0.14802 927.2
0.14803 927.3
0.14804 927.4
0.14805 927.4
0.14806 927.5
0.14807 927.6
0.14808 927.7
0.14809 927.7
0.14810 927.8
0.14811 927.9
0.14812 927.9
0.14813 928.0
0.14814 928.1
0.14815 928.1
0.14816 928.2
0.14817 928.3
0.14818 928.4
0.14819 928.4
0.14820 928.5
0.14821 928.6
0.14822 928.6
0.14823 928.7
0.14824 928.8
0.14825 928.9
0.14826 928.9
0.14827 929.0
0.14828 929.1
0.14829 929.1
0.14830 929.2
0.14831 929.3
0.14832 929.4
0.14833 929.4
0.14834 929.5
0.14835 929.6
0.14836 929.6
0.14837 929.7
0.14838 929.8
0.14839 929.9
0.14840 929.9
0.14841 930.0
0.14842 930.1
0.14843 930.1
0.14844 930.2
0.14845 930.3
0.14846 930.4
0.14847 930.4
0.14848 930.5
0.14849 930.6
0.14850 930.6
0.14851 930.7
0.14852 930.8
0.14853 930.9
0.14854 930.9
0.14855 931.0
0.14856 931.1
0.14857 931.1
0.14858 931.2
0.14859 931.3
0.14860 931.3
0.14861 931.4
0.14862 931.5
0.14863 931.6
0.14864 931.6
0.14865 931.7
0.14866 931.8
0.14867 931.8
0.14868 931.9
0.14869 932.0
0.14870 932.1
0.14871 932.1
0.14872 932.2
0.14873 932.3
0.14874 932.3
0.14875 932.4
0.14876 932.5
0.14877 932.5
0.14878 932.6
0.14879 932.7
0.14880 932.8
0.14881 932.8
0.14882 932.9
0.14883 933.0
0.14884 933.0
0.14885 933.1
0.14886 933.2
0.14887 933.3
0.14888 933.3
0.14889 933.4
0.14890 933.5
0.14891 933.5
0.14892 933.6
0.14893 933.7
0.14894 933.7
0.14895 933.8
0.14896 933.9
0.14897 934.0
0.14898 934.0
0.14899 934.1
0.14900 934.2
0.14901 934.2
0.14902 934.3
0.14903 934.4
0.14904 934.4
0.14905 934.5
0.14906 934.6
0.14907 934.6
0.14908 934.7
0.14909 934.8
0.14910 934.9
0.14911 934.9
0.14912 935.0
0.14913 935.1
0.14914 935.1
0.14915 935.2
0.14916 935.3
0.14917 935.3
0.14918 935.4
0.14919 935.5
0.14920 935.5
0.14921 935.6
0.14922 935.7
0.14923 935.8
0.14924 935.8
0.14925 935.9
0.14926 936.0
0.14927 936.0
0.14928 936.1
0.14929 936.2
0.14930 936.2
0.14931 936.3
0.14932 936.4
0.14933 936.4
0.14934 936.5
0.14935 936.6
0.14936 936.6
0.14937 936.7
0.14938 936.8
0.14939 936.8
0.14940 936.9
0.14941 937.0
0.14942 937.0
0.14943 937.1
0.14944 937.2
0.14945 937.3
0.14946 937.3
0.14947 937.4
0.14948 937.5
0.14949 937.5
0.14950 937.6
0.14951 937.7
0.14952 937.7
0.14953 937.8
0.14954 937.9
0.14955 937.9
0.14956 938.0
0.14957 938.1
0.14958 938.1
0.14959 938.2
0.14960 938.3
0.14961 938.3
0.14962 938.4
0.14963 938.5
0.14964 938.5
0.14965 938.6
0.14966 938.7
0.14967 938.7
0.14968 938.8
0.14969 938.9
0.14970 938.9
0.14971 939.0
0.14972 939.1
0.14973 939.1
0.14974 939.2
0.14975 939.3
0.14976 939.3
0.14977 939.4
0.14978 939.5
0.14979 939.5
0.14980 939.6
0.14981 939.7
0.14982 939.7
0.14983 939.8
0.14984 939.9
0.14985 939.9
0.14986 940.0
0.14987 940.1
0.14988 940.1
0.14989 940.2
0.14990 940.3
0.14991 940.3
0.14992 940.4
0.14993 940.4
0.14994 940.5
0.14995 940.6
0.14996 940.6
0.14997 940.7
0.14998 940.8
0.14999 940.8
0.15000 940.9
0.15001 941.0
0.15002 941.0
0.15003 941.1
0.15004 941.2
0.15005 941.2
0.15006 941.3
0.15007 941.4
0.15008 941.4
0.15009 941.5
0.15010 941.5
0.15011 941.6
0.15012 941.7
0.15013 941.7
0.15014 941.8
0.15015 941.9
0.15016 941.9
0.15017 942.0
0.15018 942.1
0.15019 942.1
0.15020 942.2
0.15021 942.2
0.15022 942.3
0.15023 942.4
0.15024 942.4
0.15025 942.5
0.15026 942.6
0.15027 942.6
0.15028 942.7
0.15029 942.8
0.15030 942.8
0.15031 942.9
0.15032 942.9
0.15033 943.0
0.15034 943.1
0.15035 943.1
0.15036 943.2
0.15037 943.3
0.15038 943.3
0.15039 943.4
0.15040 943.4
0.15041 943.5
0.15042 943.6
0.15043 943.6
0.15044 943.7
0.15045 943.8
0.15046 943.8
0.15047 943.9
0.15048 943.9
0.15049 944.0
0.15050 944.1
0.15051 944.1
0.15052 944.2
0.15053 944.2
0.15054 944.3
0.15055 944.4
0.15056 944.4
0.15057 944.5
0.15058 944.6
0.15059 944.6
0.15060 944.7
0.15061 944.7
0.15062 944.8
0.15063 944.9
0.15064 944.9
0.15065 945.0
0.15066 945.0
0.15067 945.1
0.15068 945.2
0.15069 945.2
0.15070 945.3
0.15071 945.3
0.15072 945.4
0.15073 945.5
0.15074 945.5
0.15075 945.6
0.15076 945.6
0.15077 945.7
0.15078 945.8
0.15079 945.8
0.15080 945.9
0.15081 945.9
0.15082 946.0
0.15083 946.1
0.15084 946.1
0.15085 946.2
0.15086 946.2
0.15087 946.3
0.15088 946.4
0.15089 946.4
0.15090 946.5
0.15091 946.5
0.15092 946.6
0.15093 946.7
0.15094 946.7
0.15095 946.8
0.15096 946.8
0.15097 946.9
0.15098 946.9
0.15099 947.0
0.15100 947.1
0.15101 947.1
0.15102 947.2
0.15103 947.2
0.15104 947.3
0.15105 947.4
0.15106 947.4
0.15107 947.5
0.15108 947.5
0.15109 947.6
0.15110 947.6
0.15111 947.7
0.15112 947.8
0.15113 947.8
0.15114 947.9
0.15115 947.9
0.15116 948.0
0.15117 948.0
0.15118 948.1
0.15119 948.2
0.15120 948.2
0.15121 948.3
0.15122 948.3
0.15123 948.4
0.15124 948.4
0.15125 948.5
0.15126 948.6
0.15127 948.6
0.15128 948.7
0.15129 948.7
0.15130 948.8
0.15131 948.8
0.15132 948.9
0.15133 948.9
0.15134 949.0
0.15135 949.1
0.15136 949.1
0.15137 949.2
0.15138 949.2
0.15139 949.3
0.15140 949.3
0.15141 949.4
0.15142 949.4
0.15143 949.5
0.15144 949.6
0.15145 949.6
0.15146 949.7
0.15147 949.7
0.15148 949.8
0.15149 949.8
0.15150 949.9
0.15151 949.9
0.15152 950.0
0.15153 950.0
0.15154 950.1
0.15155 950.2
0.15156 950.2
0.15157 950.3
0.15158 950.3
0.15159 950.4
0.15160 950.4
0.15161 950.5
0.15162 950.5
0.15163 950.6
0.15164 950.6
0.15165 950.7
0.15166 950.7
0.15167 950.8
0.15168 950.9
0.15169 950.9
0.15170 951.0
0.15171 951.0
0.15172 951.1
0.15173 951.1
0.15174 951.2
0.15175 951.2
0.15176 951.3
0.15177 951.3
0.15178 951.4
0.15179 951.4
0.15180 951.5
0.15181 951.5
0.15182 951.6
0.15183 951.6
0.15184 951.7
0.15185 951.8
0.15186 951.8
0.15187 951.9
0.15188 951.9
0.15189 952.0
0.15190 952.0
0.15191 952.1
0.15192 952.1
0.15193 952.2
0.15194 952.2
0.15195 952.3
0.15196 952.3
0.15197 952.4
0.15198 952.4
0.15199 952.5
0.15200 952.5
0.15201 952.6
0.15202 952.6
0.15203 952.7
0.15204 952.7
0.15205 952.8
0.15206 952.8
0.15207 952.9
0.15208 952.9
0.15209 953.0
0.15210 953.0
0.15211 953.1
0.15212 953.1
0.15213 953.2
0.15214 953.2
0.15215 953.3
0.15216 953.3
0.15217 953.4
0.15218 953.4
0.15219 953.5
0.15220 953.5
0.15221 953.6
0.15222 953.6
0.15223 953.7
0.15224 953.7
0.15225 953.8
0.15226 953.8
0.15227 953.9
0.15228 953.9
0.15229 954.0
0.15230 954.0
0.15231 954.1
0.15232 954.1
0.15233 954.2
0.15234 954.2
0.15235 954.3
0.15236 954.3
0.15237 954.4
0.15238 954.4
0.15239 954.5
0.15240 954.5
0.15241 954.6
0.15242 954.6
0.15243 954.7
0.15244 954.7
0.15245 954.7
0.15246 954.8
0.15247 954.8
0.15248 954.9
0.15249 954.9
0.15250 955.0
0.15251 955.0
0.15252 955.1
0.15253 955.1
0.15254 955.2
0.15255 955.2
0.15256 955.3
0.15257 955.3
0.15258 955.4
0.15259 955.4
0.15260 955.5
0.15261 955.5
0.15262 955.6
0.15263 955.6
0.15264 955.6
0.15265 955.7
0.15266 955.7
0.15267 955.8
0.15268 955.8
0.15269 955.9
0.15270 955.9
0.15271 956.0
0.15272 956.0
0.15273 956.1
0.15274 956.1
0.15275 956.2
0.15276 956.2
0.15277 956.2
0.15278 956.3
0.15279 956.3
0.15280 956.4
0.15281 956.4
0.15282 956.5
0.15283 956.5
0.15284 956.6
0.15285 956.6
0.15286 956.6
0.15287 956.7
0.15288 956.7
0.15289 956.8
0.15290 956.8
0.15291 956.9
0.15292 956.9
0.15293 957.0
0.15294 957.0
0.15295 957.1
0.15296 957.1
0.15297 957.1
0.15298 957.2
0.15299 957.2
0.15300 957.3
0.15301 957.3
0.15302 957.4
0.15303 957.4
0.15304 957.4
0.15305 957.5
0.15306 957.5
0.15307 957.6
0.15308 957.6
0.15309 957.7
0.15310 957.7
0.15311 957.7
0.15312 957.8
0.15313 957.8
0.15314 957.9
0.15315 957.9
0.15316 958.0
0.15317 958.0
0.15318 958.0
0.15319 958.1
0.15320 958.1
0.15321 958.2
0.15322 958.2
0.15323 958.3
0.15324 958.3
0.15325 958.3
0.15326 958.4
0.15327 958.4
0.15328 958.5
0.15329 958.5
0.15330 958.6
0.15331 958.6
0.15332 958.6
0.15333 958.7
0.15334 958.7
0.15335 958.8
0.15336 958.8
0.15337 958.8
0.15338 958.9
0.15339 958.9
0.15340 959.0
0.15341 959.0
0.15342 959.1
0.15343 959.1
0.15344 959.1
0.15345 959.2
0.15346 959.2
0.15347 959.3
0.15348 959.3
0.15349 959.3
0.15350 959.4
0.15351 959.4
0.15352 959.5
0.15353 959.5
0.15354 959.5
0.15355 959.6
0.15356 959.6
0.15357 959.7
0.15358 959.7
0.15359 959.7
0.15360 959.8
0.15361 959.8
0.15362 959.9
0.15363 959.9
0.15364 959.9
0.15365 960.0
0.15366 960.0
0.15367 960.1
0.15368 960.1
0.15369 960.1
0.15370 960.2
0.15371 960.2
0.15372 960.3
0.15373 960.3
0.15374 960.3
0.15375 960.4
0.15376 960.4
0.15377 960.4
0.15378 960.5
0.15379 960.5
0.15380 960.6
0.15381 960.6
0.15382 960.6
0.15383 960.7
0.15384 960.7
0.15385 960.8
0.15386 960.8
0.15387 960.8
0.15388 960.9
0.15389 960.9
0.15390 960.9
0.15391 961.0
0.15392 961.0
0.15393 961.1
0.15394 961.1
0.15395 961.1
0.15396 961.2
0.15397 961.2
0.15398 961.2
0.15399 961.3
0.15400 961.3
0.15401 961.4
0.15402 961.4
0.15403 961.4
0.15404 961.5
0.15405 961.5
0.15406 961.5
0.15407 961.6
0.15408 961.6
0.15409 961.7
0.15410 961.7
0.15411 961.7
0.15412 961.8
0.15413 961.8
0.15414 961.8
0.15415 961.9
0.15416 961.9
0.15417 961.9
0.15418 962.0
0.15419 962.0
0.15420 962.1
0.15421 962.1
0.15422 962.1
0.15423 962.2
0.15424 962.2
0.15425 962.2
0.15426 962.3
0.15427 962.3
0.15428 962.3
0.15429 962.4
0.15430 962.4
0.15431 962.4
0.15432 962.5
0.15433 962.5
0.15434 962.6
0.15435 962.6
0.15436 962.6
0.15437 962.7
0.15438 962.7
0.15439 962.7
0.15440 962.8
0.15441 962.8
0.15442 962.8
0.15443 962.9
0.15444 962.9
0.15445 962.9
0.15446 963.0
0.15447 963.0
0.15448 963.0
0.15449 963.1
0.15450 963.1
0.15451 963.1
0.15452 963.2
0.15453 963.2
0.15454 963.2
0.15455 963.3
0.15456 963.3
0.15457 963.3
0.15458 963.4
0.15459 963.4
0.15460 963.4
0.15461 963.5
0.15462 963.5
0.15463 963.5
0.15464 963.6
0.15465 963.6
0.15466 963.6
0.15467 963.7
0.15468 963.7
0.15469 963.7
0.15470 963.8
0.15471 963.8
0.15472 963.8
0.15473 963.9
0.15474 963.9
0.15475 963.9
0.15476 964.0
0.15477 964.0
0.15478 964.0
0.15479 964.1
0.15480 964.1
0.15481 964.1
0.15482 964.2
0.15483 964.2
0.15484 964.2
0.15485 964.3
0.15486 964.3
0.15487 964.3
0.15488 964.4
0.15489 964.4
0.15490 964.4
0.15491 964.5
0.15492 964.5
0.15493 964.5
0.15494 964.6
0.15495 964.6
0.15496 964.6
0.15497 964.7
0.15498 964.7
0.15499 964.7
0.15500 964.7
0.15501 964.8
0.15502 964.8
0.15503 964.8
0.15504 964.9
0.15505 964.9
0.15506 964.9
0.15507 965.0
0.15508 965.0
0.15509 965.0
0.15510 965.1
0.15511 965.1
0.15512 965.1
0.15513 965.1
0.15514 965.2
0.15515 965.2
0.15516 965.2
0.15517 965.3
0.15518 965.3
0.15519 965.3
0.15520 965.4
0.15521 965.4
0.15522 965.4
0.15523 965.4
0.15524 965.5
0.15525 965.5
0.15526 965.5
0.15527 965.6
0.15528 965.6
0.15529 965.6
0.15530 965.7
0.15531 965.7
0.15532 965.7
0.15533 965.7
0.15534 965.8
0.15535 965.8
0.15536 965.8
0.15537 965.9
0.15538 965.9
0.15539 965.9
0.15540 966.0
0.15541 966.0
0.15542 966.0
0.15543 966.0
0.15544 966.1
0.15545 966.1
0.15546 966.1
0.15547 966.2
0.15548 966.2
0.15549 966.2
0.15550 966.2
0.15551 966.3
0.15552 966.3
0.15553 966.3
0.15554 966.4
0.15555 966.4
0.15556 966.4
0.15557 966.4
0.15558 966.5
0.15559 966.5
0.15560 966.5
0.15561 966.6
0.15562 966.6
0.15563 966.6
0.15564 966.6
0.15565 966.7
0.15566 966.7
0.15567 966.7
0.15568 966.7
0.15569 966.8
0.15570 966.8
0.15571 966.8
0.15572 966.9
0.15573 966.9
0.15574 966.9
0.15575 966.9
0.15576 967.0
0.15577 967.0
0.15578 967.0
0.15579 967.1
0.15580 967.1
0.15581 967.1
0.15582 967.1
0.15583 967.2
0.15584 967.2
0.15585 967.2
0.15586 967.2
0.15587 967.3
0.15588 967.3
0.15589 967.3
0.15590 967.3
0.15591 967.4
0.15592 967.4
0.15593 967.4
0.15594 967.5
0.15595 967.5
0.15596 967.5
0.15597 967.5
0.15598 967.6
0.15599 967.6
0.15600 967.6
0.15601 967.6
0.15602 967.7
0.15603 967.7
0.15604 967.7
0.15605 967.7
0.15606 967.8
0.15607 967.8
0.15608 967.8
0.15609 967.8
0.15610 967.9
0.15611 967.9
0.15612 967.9
0.15613 967.9
0.15614 968.0
0.15615 968.0
0.15616 968.0
0.15617 968.0
0.15618 968.1
0.15619 968.1
0.15620 968.1
0.15621 968.1
0.15622 968.2
0.15623 968.2
0.15624 968.2
0.15625 968.2
0.15626 968.3
0.15627 968.3
0.15628 968.3
0.15629 968.3
0.15630 968.4
0.15631 968.4
0.15632 968.4
0.15633 968.4
0.15634 968.5
0.15635 968.5
0.15636 968.5
0.15637 968.5
0.15638 968.6
0.15639 968.6
0.15640 968.6
0.15641 968.6
0.15642 968.7
0.15643 968.7
0.15644 968.7
0.15645 968.7
0.15646 968.8
0.15647 968.8
0.15648 968.8
0.15649 968.8
0.15650 968.9
0.15651 968.9
0.15652 968.9
0.15653 968.9
0.15654 969.0
0.15655 969.0
0.15656 969.0
0.15657 969.0
0.15658 969.0
0.15659 969.1
0.15660 969.1
0.15661 969.1
0.15662 969.1
0.15663 969.2
0.15664 969.2
0.15665 969.2
0.15666 969.2
0.15667 969.3
0.15668 969.3
0.15669 969.3
0.15670 969.3
0.15671 969.3
0.15672 969.4
0.15673 969.4
0.15674 969.4
0.15675 969.4
0.15676 969.5
0.15677 969.5
0.15678 969.5
0.15679 969.5
0.15680 969.6
0.15681 969.6
0.15682 969.6
0.15683 969.6
0.15684 969.6
0.15685 969.7
0.15686 969.7
0.15687 969.7
0.15688 969.7
0.15689 969.8
0.15690 969.8
0.15691 969.8
0.15692 969.8
0.15693 969.8
0.15694 969.9
0.15695 969.9
0.15696 969.9
0.15697 969.9
0.15698 970.0
0.15699 970.0
0.15700 970.0
0.15701 970.0
0.15702 970.0
0.15703 970.1
0.15704 970.1
0.15705 970.1
0.15706 970.1
0.15707 970.1
0.15708 970.2
0.15709 970.2
0.15710 970.2
0.15711 970.2
0.15712 970.3
0.15713 970.3
0.15714 970.3
0.15715 970.3
0.15716 970.3
0.15717 970.4
0.15718 970.4
0.15719 970.4
0.15720 970.4
0.15721 970.4
0.15722 970.5
0.15723 970.5
0.15724 970.5
0.15725 970.5
0.15726 970.5
0.15727 970.6
0.15728 970.6
0.15729 970.6
0.15730 970.6
0.15731 970.7
0.15732 970.7
0.15733 970.7
0.15734 970.7
0.15735 970.7
0.15736 970.8
0.15737 970.8
0.15738 970.8
0.15739 970.8
0.15740 970.8
0.15741 970.9
0.15742 970.9
0.15743 970.9
0.15744 970.9
0.15745 970.9
0.15746 971.0
0.15747 971.0
0.15748 971.0
0.15749 971.0
0.15750 971.0
0.15751 971.1
0.15752 971.1
0.15753 971.1
0.15754 971.1
0.15755 971.1
0.15756 971.2
0.15757 971.2
0.15758 971.2
0.15759 971.2
0.15760 971.2
0.15761 971.2
0.15762 971.3
0.15763 971.3
0.15764 971.3
0.15765 971.3
0.15766 971.3
0.15767 971.4
0.15768 971.4
0.15769 971.4
0.15770 971.4
0.15771 971.4
0.15772 971.5
0.15773 971.5
0.15774 971.5
0.15775 971.5
0.15776 971.5
0.15777 971.6
0.15778 971.6
0.15779 971.6
0.15780 971.6
0.15781 971.6
0.15782 971.6
0.15783 971.7
0.15784 971.7
0.15785 971.7
0.15786 971.7
0.15787 971.7
0.15788 971.8
0.15789 971.8
0.15790 971.8
0.15791 971.8
0.15792 971.8
0.15793 971.8
0.15794 971.9
0.15795 971.9
0.15796 971.9
0.15797 971.9
0.15798 971.9
0.15799 972.0
0.15800 972.0
0.15801 972.0
0.15802 972.0
0.15803 972.0
0.15804 972.0
0.15805 972.1
0.15806 972.1
0.15807 972.1
0.15808 972.1
0.15809 972.1
0.15810 972.2
0.15811 972.2
0.15812 972.2
0.15813 972.2
0.15814 972.2
0.15815 972.2
0.15816 972.3
0.15817 972.3
0.15818 972.3
0.15819 972.3
0.15820 972.3
0.15821 972.3
0.15822 972.4
0.15823 972.4
0.15824 972.4
0.15825 972.4
0.15826 972.4
0.15827 972.5
0.15828 972.5
0.15829 972.5
0.15830 972.5
0.15831 972.5
0.15832 972.5
0.15833 972.6
0.15834 972.6
0.15835 972.6
0.15836 972.6
0.15837 972.6
0.15838 972.6
0.15839 972.7
0.15840 972.7
0.15841 972.7
0.15842 972.7
0.15843 972.7
0.15844 972.7
0.15845 972.8
0.15846 972.8
0.15847 972.8
0.15848 972.8
0.15849 972.8
0.15850 972.8
0.15851 972.9
0.15852 972.9
0.15853 972.9
0.15854 972.9
0.15855 972.9
0.15856 972.9
0.15857 972.9
0.15858 973.0
0.15859 973.0
0.15860 973.0
0.15861 973.0
0.15862 973.0
0.15863 973.0
0.15864 973.1
0.15865 973.1
0.15866 973.1
0.15867 973.1
0.15868 973.1
0.15869 973.1
0.15870 973.2
0.15871 973.2
0.15872 973.2
0.15873 973.2
0.15874 973.2
0.15875 973.2
0.15876 973.3
0.15877 973.3
0.15878 973.3
0.15879 973.3
0.15880 973.3
0.15881 973.3
0.15882 973.3
0.15883 973.4
0.15884 973.4
0.15885 973.4
0.15886 973.4
0.15887 973.4
0.15888 973.4
0.15889 973.5
0.15890 973.5
0.15891 973.5
0.15892 973.5
0.15893 973.5
0.15894 973.5
0.15895 973.5
0.15896 973.6
0.15897 973.6
0.15898 973.6
0.15899 973.6
0.15900 973.6
0.15901 973.6
0.15902 973.6
0.15903 973.7
0.15904 973.7
0.15905 973.7
0.15906 973.7
0.15907 973.7
0.15908 973.7
0.15909 973.7
0.15910 973.8
0.15911 973.8
0.15912 973.8
0.15913 973.8
0.15914 973.8
0.15915 973.8
0.15916 973.9
0.15917 973.9
0.15918 973.9
0.15919 973.9
0.15920 973.9
0.15921 973.9
0.15922 973.9
0.15923 974.0
0.15924 974.0
0.15925 974.0
0.15926 974.0
0.15927 974.0
0.15928 974.0
0.15929 974.0
0.15930 974.1
0.15931 974.1
0.15932 974.1
0.15933 974.1
0.15934 974.1
0.15935 974.1
0.15936 974.1
0.15937 974.1
0.15938 974.2
0.15939 974.2
0.15940 974.2
0.15941 974.2
0.15942 974.2
0.15943 974.2
0.15944 974.2
0.15945 974.3
0.15946 974.3
0.15947 974.3
0.15948 974.3
0.15949 974.3
0.15950 974.3
0.15951 974.3
0.15952 974.4
0.15953 974.4
0.15954 974.4
0.15955 974.4
0.15956 974.4
0.15957 974.4
0.15958 974.4
0.15959 974.4
0.15960 974.5
0.15961 974.5
0.15962 974.5
0.15963 974.5
0.15964 974.5
0.15965 974.5
0.15966 974.5
0.15967 974.6
0.15968 974.6
0.15969 974.6
0.15970 974.6
0.15971 974.6
0.15972 974.6
0.15973 974.6
0.15974 974.6
0.15975 974.7
0.15976 974.7
0.15977 974.7
0.15978 974.7
0.15979 974.7
0.15980 974.7
0.15981 974.7
0.15982 974.7
0.15983 974.8
0.15984 974.8
0.15985 974.8
0.15986 974.8
0.15987 974.8
0.15988 974.8
0.15989 974.8
0.15990 974.8
0.15991 974.9
0.15992 974.9
0.15993 974.9
0.15994 974.9
0.15995 974.9
0.15996 974.9
0.15997 974.9
0.15998 974.9
0.15999 975.0
0.16000 982.4
0.16001 982.4
0.16002 982.4
0.16003 982.4
0.16004 982.4
0.16005 982.4
0.16006 982.4
0.16007 982.4
0.16008 982.4
0.16009 982.4
0.16010 982.4
0.16011 982.4
0.16012 982.4
0.16013 982.4
0.16014 982.4
0.16015 982.4
0.16016 982.4
0.16017 982.4
0.16018 982.4
0.16019 982.4
0.16020 982.4
0.16021 982.4
0.16022 982.4
0.16023 982.4
0.16024 982.4
0.16025 982.4
0.16026 982.4
0.16027 982.4
0.16028 982.4
0.16029 982.4
0.16030 982.4
0.16031 982.4
0.16032 982.4
0.16033 982.4
0.16034 982.4
0.16035 982.4
0.16036 982.4
0.16037 982.4
0.16038 982.4
0.16039 982.4
0.16040 982.4
0.16041 982.4
0.16042 982.4
0.16043 982.4
0.16044 982.4
0.16045 982.4
0.16046 982.4
0.16047 982.4
0.16048 982.4
0.16049 982.4
0.16050 982.4
0.16051 982.4
0.16052 982.4
0.16053 982.4
0.16054 982.4
0.16055 982.4
0.16056 982.4
0.16057 982.4
0.16058 982.4
0.16059 982.4
0.16060 982.4
0.16061 982.4
0.16062 982.4
0.16063 982.4
0.16064 982.4
0.16065 982.4
0.16066 982.4
0.16067 982.4
0.16068 982.4
0.16069 982.4
0.16070 982.4
0.16071 982.4
0.16072 982.4
0.16073 982.4
0.16074 982.4
0.16075 982.4
0.16076 982.4
0.16077 982.4
0.16078 982.4
0.16079 982.4
0.16080 982.4
0.16081 982.4
0.16082 982.4
0.16083 982.4
0.16084 982.4
0.16085 982.4
0.16086 982.4
0.16087 982.4
0.16088 982.4
0.16089 982.4
0.16090 982.4
0.16091 982.4
0.16092 982.4
0.16093 982.4
0.16094 982.4
0.16095 982.4
0.16096 982.4
0.16097 982.4
0.16098 982.4
0.16099 982.4
0.16100 982.4
0.16101 1006.0
0.16102 1030.0
0.16103 1054.6
0.16104 1079.7
0.16105 1105.3
0.16106 1131.5
0.16107 1158.1
0.16108 1185.4
0.16109 1213.1
0.16110 1241.5
0.16111 1270.4
0.16112 1300.0
0.16113 1330.1
0.16114 1360.9
0.16115 1392.3
0.16116 1424.3
0.16117 1457.0
0.16118 1490.4
0.16119 1524.5
0.16120 1559.3
0.16121 1594.9
0.16122 1631.3
0.16123 1668.5
0.16124 1706.5
0.16125 1745.4
0.16126 1785.3
0.16127 1826.2
0.16128 1868.1
0.16129 1911.2
0.16130 1955.5
0.16131 2001.1
0.16132 2048.2
0.16133 2096.9
0.16134 2147.3
0.16135 2199.6
0.16136 2254.1
0.16137 2311.1
0.16138 2370.8
0.16139 2433.6
0.16140 2500.0
0.16141 2570.5
0.16142 2645.6
0.16143 2726.2
0.16144 2813.2
0.16145 2907.5
0.16146 3010.6
0.16147 3124.0
0.16148 3249.7
0.16149 3389.9
0.16150 3547.8
0.16151 3640.0
0.16152 3751.4
0.16153 3885.0
0.16154 4044.4
0.16155 4234.0
0.16156 4459.0
0.16157 4725.7
0.16158 5041.8
0.16159 5415.9
0.16160 5857.7
0.16161 6377.3
0.16162 6983.6
0.16163 7682.2
0.16164 8472.4
0.16165 9343.1
0.16166 10270.4
0.16167 11218.8
0.16168 12147.1
0.16169 13017.2
0.16170 13801.5
0.16171 14486.2
0.16172 15068.9
0.16173 15554.5
0.16174 15952.0
0.16175 16271.0
0.16176 16521.1
0.16177 16710.7
0.16178 16846.9
0.16179 16935.9
0.16180 16982.9
0.16181 16992.0
0.16182 16967.0
0.16183 16910.7
0.16184 16825.8
0.16185 16714.4
0.16186 16578.4
0.16187 16419.5
0.16188 16239.2
0.16189 16039.0
0.16190 15820.1
0.16191 15583.8
0.16192 15331.3
0.16193 15063.8
0.16194 14782.6
0.16195 14488.8
0.16196 14183.7
0.16197 13868.5
0.16198 13544.6
0.16199 13213.0
0.16200 12875.2
0.16201 12532.4
0.16202 12185.7
0.16203 11836.6
0.16204 11486.2
0.16205 11135.6
0.16206 10786.0
0.16207 10438.4
0.16208 10094.0
0.16209 9753.7
0.16210 9418.3
0.16211 9088.6
0.16212 8765.5
0.16213 8449.5
0.16214 8141.3
0.16215 7841.2
0.16216 7549.8
0.16217 7267.4
0.16218 6994.2
0.16219 6730.4
0.16220 6476.1
0.16221 6231.4
0.16222 5996.3
0.16223 5770.8
0.16224 5554.6
0.16225 5347.8
0.16226 5150.0
0.16227 4961.1
0.16228 4780.9
0.16229 4609.0
0.16230 4445.3
0.16231 4289.3
0.16232 4140.9
0.16233 3999.7
0.16234 3865.3
0.16235 3737.6
0.16236 3616.1
0.16237 3500.6
0.16238 3390.8
0.16239 3286.4
0.16240 3187.2
0.16241 3092.7
0.16242 3002.9
0.16243 2917.4
0.16244 2836.0
0.16245 2758.5
0.16246 2684.7
0.16247 2614.3
0.16248 2547.2
0.16249 2483.1
0.16250 2422.0
0.16251 2363.6
0.16252 2307.8
0.16253 2254.5
0.16254 2203.5
0.16255 2154.7
0.16256 2107.9
0.16257 2063.2
0.16258 2020.2
0.16259 1979.1
0.16260 1939.6
0.16261 1901.7
0.16262 1865.4
0.16263 1830.4
0.16264 1796.9
0.16265 1764.6
0.16266 1733.6
0.16267 1703.8
0.16268 1675.1
0.16269 1647.6
0.16270 1621.0
0.16271 1595.5
0.16272 1571.0
0.16273 1547.3
0.16274 1524.6
0.16275 1502.7
0.16276 1481.6
0.16277 1461.4
0.16278 1441.8
0.16279 1423.1
0.16280 1405.0
0.16281 1387.6
0.16282 1370.8
0.16283 1354.7
0.16284 1339.2
0.16285 1324.3
0.16286 1309.9
0.16287 1296.1
0.16288 1282.8
0.16289 1270.0
0.16290 1257.7
0.16291 1245.9
0.16292 1234.5
0.16293 1223.5
0.16294 1213.0
0.16295 1202.8
0.16296 1193.0
0.16297 1183.6
0.16298 1174.6
0.16299 1165.8
0.16300 1157.4
0.16301 1149.4
0.16302 1141.6
0.16303 1134.1
0.16304 1126.8
0.16305 1119.9
0.16306 1113.2
0.16307 1106.7
0.16308 1100.5
0.16309 1094.5
0.16310 1088.7
0.16311 1083.1
0.16312 1077.7
0.16313 1072.5
0.16314 1067.5
0.16315 1062.6
0.16316 1058.0
0.16317 1053.4
0.16318 1049.1
0.16319 1044.9
0.16320 1040.8
0.16321 1036.9
0.16322 1033.1
0.16323 1029.4
0.16324 1025.9
0.16325 1022.5
0.16326 1019.1
0.16327 1015.9
0.16328 1012.8
0.16329 1009.8
0.16330 1006.9
0.16331 1004.1
0.16332 1001.4
0.16333 998.8
0.16334 996.2
0.16335 993.7
0.16336 991.4
0.16337 989.0
0.16338 986.8
0.16339 984.6
0.16340 982.5
0.16341 980.5
0.16342 978.5
0.16343 976.6
0.16344 974.7
0.16345 972.9
0.16346 971.1
0.16347 969.4
0.16348 967.8
0.16349 966.2
0.16350 964.6
0.16351 963.1
0.16352 961.7
0.16353 960.3
0.16354 958.9
0.16355 957.5
0.16356 956.2
0.16357 955.0
0.16358 953.7
0.16359 952.6
0.16360 951.4
0.16361 950.3
0.16362 949.2
0.16363 948.1
0.16364 947.1
0.16365 946.1
0.16366 945.1
0.16367 944.2
0.16368 943.2
0.16369 942.3
0.16370 941.5
0.16371 940.6
0.16372 939.8
0.16373 939.0
0.16374 938.2
0.16375 937.4
0.16376 936.7
0.16377 936.0
0.16378 935.3
0.16379 934.6
0.16380 933.9
0.16381 933.3
0.16382 932.7
0.16383 932.1
0.16384 931.5
0.16385 930.9
0.16386 930.3
0.16387 929.8
0.16388 929.2
0.16389 928.7
0.16390 928.2
0.16391 927.7
0.16392 927.2
0.16393 926.8
0.16394 926.3
0.16395 925.9
0.16396 925.4
0.16397 925.0
0.16398 924.6
0.16399 924.2
0.16400 923.8
0.16401 923.4
0.16402 923.1
0.16403 922.7
0.16404 922.4
0.16405 922.0
0.16406 921.7
0.16407 921.4
0.16408 921.1
0.16409 920.7
0.16410 920.4
0.16411 920.2
0.16412 919.9
0.16413 919.6
0.16414 919.3
0.16415 919.1
0.16416 918.8
0.16417 918.6
0.16418 918.3
0.16419 918.1
0.16420 917.8
0.16421 917.6
0.16422 917.4
0.16423 917.2
0.16424 917.0
0.16425 916.8
0.16426 916.6
0.16427 916.4
0.16428 916.2
0.16429 916.0
0.16430 915.9
0.16431 915.7
0.16432 915.5
0.16433 915.4
0.16434 915.2
0.16435 915.0
0.16436 914.9
0.16437 914.7
0.16438 914.6
0.16439 914.5
0.16440 914.3
0.16441 914.2
0.16442 914.1
0.16443 914.0
0.16444 913.8
0.16445 913.7
0.16446 913.6
0.16447 913.5
0.16448 913.4
0.16449 913.3
0.16450 913.2
0.16451 913.1
0.16452 913.0
0.16453 912.9
0.16454 912.8
0.16455 912.7
0.16456 912.7
0.16457 912.6
0.16458 912.5
0.16459 912.4
0.16460 912.4
0.16461 912.3
0.16462 912.2
0.16463 912.1
0.16464 912.1
0.16465 912.0
0.16466 912.0
0.16467 911.9
0.16468 911.9
0.16469 911.8
0.16470 911.8
0.16471 911.7
0.16472 911.7
0.16473 911.6
0.16474 911.6
0.16475 911.5
0.16476 911.5
0.16477 911.5
0.16478 911.4
0.16479 911.4
0.16480 911.3
0.16481 911.3
0.16482 911.3
0.16483 911.3
0.16484 911.2
0.16485 911.2
0.16486 911.2
0.16487 911.2
0.16488 911.1
0.16489 911.1
0.16490 911.1
0.16491 911.1
0.16492 911.1
0.16493 911.1
0.16494 911.0
0.16495 911.0
0.16496 911.0
0.16497 911.0
0.16498 911.0
0.16499 911.0
0.16500 911.0
0.16501 911.0
0.16502 911.0
0.16503 911.0
0.16504 911.0
0.16505 911.0
0.16506 911.0
0.16507 911.0
0.16508 911.0
0.16509 911.0
0.16510 911.0
0.16511 911.0
0.16512 911.0
0.16513 911.0
0.16514 911.0
0.16515 911.0
0.16516 911.1
0.16517 911.1
0.16518 911.1
0.16519 911.1
0.16520 911.1
0.16521 911.1
0.16522 911.1
0.16523 911.2
0.16524 911.2
0.16525 911.2
0.16526 911.2
0.16527 911.2
0.16528 911.2
0.16529 911.3
0.16530 911.3
0.16531 911.3
0.16532 911.3
0.16533 911.4
0.16534 911.4
0.16535 911.4
0.16536 911.4
0.16537 911.5
0.16538 911.5
0.16539 911.5
0.16540 911.5
0.16541 911.6
0.16542 911.6
0.16543 911.6
0.16544 911.6
0.16545 911.7
0.16546 911.7
0.16547 911.7
0.16548 911.8
0.16549 911.8
0.16550 911.8
0.16551 911.9
0.16552 911.9
0.16553 911.9
0.16554 912.0
0.16555 912.0
0.16556 912.0
0.16557 912.1
0.16558 912.1
0.16559 912.2
0.16560 912.2
0.16561 912.2
0.16562 912.3
0.16563 912.3
0.16564 912.4
0.16565 912.4
0.16566 912.4
0.16567 912.5
0.16568 912.5
0.16569 912.6
0.16570 912.6
0.16571 912.6
0.16572 912.7
0.16573 912.7
0.16574 912.8
0.16575 912.8
0.16576 912.9
0.16577 912.9
0.16578 912.9
0.16579 913.0
0.16580 913.0
0.16581 913.1
0.16582 913.1
0.16583 913.2
0.16584 913.2
0.16585 913.3
0.16586 913.3
0.16587 913.4
0.16588 913.4
0.16589 913.5
0.16590 913.5
0.16591 913.6
0.16592 913.6
0.16593 913.7
0.16594 913.7
0.16595 913.8
0.16596 913.8
0.16597 913.9
0.16598 913.9
0.16599 914.0
0.16600 914.0
0.16601 914.1
0.16602 914.1
0.16603 914.2
0.16604 914.2
0.16605 914.3
0.16606 914.3
0.16607 914.4
0.16608 914.4
0.16609 914.5
0.16610 914.5
0.16611 914.6
0.16612 914.6
0.16613 914.7
0.16614 914.8
0.16615 914.8
0.16616 914.9
0.16617 914.9
0.16618 915.0
0.16619 915.0
0.16620 915.1
0.16621 915.1
0.16622 915.2
0.16623 915.3
0.16624 915.3
0.16625 915.4
0.16626 915.4
0.16627 915.5
0.16628 915.5
0.16629 915.6
0.16630 915.7
0.16631 915.7
0.16632 915.8
0.16633 915.8
0.16634 915.9
0.16635 916.0
0.16636 916.0
0.16637 916.1
0.16638 916.1
0.16639 916.2
0.16640 916.3
0.16641 916.3
0.16642 916.4
0.16643 916.4
0.16644 916.5
0.16645 916.6
0.16646 916.6
0.16647 916.7
0.16648 916.7
0.16649 916.8
0.16650 916.9
0.16651 916.9
0.16652 917.0
0.16653 917.0
0.16654 917.1
0.16655 917.2
0.16656 917.2
0.16657 917.3
0.16658 917.4
0.16659 917.4
0.16660 917.5
0.16661 917.6
0.16662 917.6
0.16663 917.7
0.16664 917.7
0.16665 917.8
0.16666 917.9
0.16667 917.9
0.16668 918.0
0.16669 918.1
0.16670 918.1
0.16671 918.2
0.16672 918.3
0.16673 918.3
0.16674 918.4
0.16675 918.4
0.16676 918.5
0.16677 918.6
0.16678 918.6
0.16679 918.7
0.16680 918.8
0.16681 918.8
0.16682 918.9
0.16683 919.0
0.16684 919.0
0.16685 919.1
0.16686 919.2
0.16687 919.2
0.16688 919.3
0.16689 919.4
0.16690 919.4
0.16691 919.5
0.16692 919.6
0.16693 919.6
0.16694 919.7
0.16695 919.8
0.16696 919.8
0.16697 919.9
0.16698 920.0
0.16699 920.0
0.16700 920.1
0.16701 920.2
0.16702 920.2
0.16703 920.3
0.16704 920.4
0.16705 920.4
0.16706 920.5
0.16707 920.6
0.16708 920.6
0.16709 920.7
0.16710 920.8
0.16711 920.8
0.16712 920.9
0.16713 921.0
0.16714 921.0
0.16715 921.1
0.16716 921.2
0.16717 921.3
0.16718 921.3
0.16719 921.4
0.16720 921.5
0.16721 921.5
0.16722 921.6
0.16723 921.7
0.16724 921.7
0.16725 921.8
0.16726 921.9
0.16727 921.9
0.16728 922.0
0.16729 922.1
0.16730 922.1
0.16731 922.2
0.16732 922.3
0.16733 922.4
0.16734 922.4
0.16735 922.5
0.16736 922.6
0.16737 922.6
0.16738 922.7
0.16739 922.8
0.16740 922.8
0.16741 922.9
0.16742 923.0
0.16743 923.0
0.16744 923.1
0.16745 923.2
0.16746 923.3
0.16747 923.3
0.16748 923.4
0.16749 923.5
0.16750 923.5
0.16751 923.6
0.16752 923.7
0.16753 923.7
0.16754 923.8
0.16755 923.9
0.16756 924.0
0.16757 924.0
0.16758 924.1
0.16759 924.2
0.16760 924.2
0.16761 924.3
0.16762 924.4
0.16763 924.5
0.16764 924.5
0.16765 924.6
0.16766 924.7
0.16767 924.7
0.16768 924.8
0.16769 924.9
0.16770 924.9
0.16771 925.0
0.16772 925.1
0.16773 925.2
0.16774 925.2
0.16775 925.3
0.16776 925.4
0.16777 925.4
0.16778 925.5
0.16779 925.6
0.16780 925.7
0.16781 925.7
0.16782 925.8
0.16783 925.9
0.16784 925.9
0.16785 926.0
0.16786 926.1
0.16787 926.2
0.16788 926.2
0.16789 926.3
0.16790 926.4
0.16791 926.4
0.16792 926.5
0.16793 926.6
0.16794 926.7
0.16795 926.7
0.16796 926.8
0.16797 926.9
0.16798 926.9
0.16799 927.0
0.16800 927.1
0.16801 927.2
0.16802 927.2
0.16803 927.3
0.16804 927.4
0.16805 927.4
0.16806 927.5
0.16807 927.6
0.16808 927.7
0.16809 927.7
0.16810 927.8
0.16811 927.9
0.16812 927.9
0.16813 928.0
0.16814 928.1
0.16815 928.1
0.16816 928.2
0.16817 928.3
0.16818 928.4
0.16819 928.4
0.16820 928.5
0.16821 928.6
0.16822 928.6
0.16823 928.7
0.16824 928.8
0.16825 928.9
0.16826 928.9
0.16827 929.0
0.16828 929.1
0.16829 929.1
0.16830 929.2
0.16831 929.3
0.16832 929.4
0.16833 929.4
0.16834 929.5
0.16835 929.6
0.16836 929.6
0.16837 929.7
0.16838 929.8
0.16839 929.9
0.16840 929.9
0.16841 930.0
0.16842 930.1
0.16843 930.1
0.16844 930.2
0.16845 930.3
0.16846 930.4
0.16847 930.4
0.16848 930.5
0.16849 930.6
0.16850 930.6
0.16851 930.7
0.16852 930.8
0.16853 930.9
0.16854 930.9
0.16855 931.0
0.16856 931.1
0.16857 931.1
0.16858 931.2
0.16859 931.3
0.16860 931.3
0.16861 931.4
0.16862 931.5
0.16863 931.6
0.16864 931.6
0.16865 931.7
0.16866 931.8
0.16867 931.8
0.16868 931.9
0.16869 932.0
0.16870 932.1
0.16871 932.1
0.16872 932.2
0.16873 932.3
0.16874 932.3
0.16875 932.4
0.16876 932.5
0.16877 932.5
0.16878 932.6
0.16879 932.7
0.16880 932.8
0.16881 932.8
0.16882 932.9
0.16883 933.0
0.16884 933.0
0.16885 933.1
0.16886 933.2
0.16887 933.3
0.16888 933.3
0.16889 933.4
0.16890 933.5
0.16891 933.5
0.16892 933.6
0.16893 933.7
0.16894 933.7
0.16895 933.8
0.16896 933.9
0.16897 934.0
0.16898 934.0
0.16899 934.1
0.16900 934.2
0.16901 934.2
0.16902 934.3
0.16903 934.4
0.16904 934.4
0.16905 934.5
0.16906 934.6
0.16907 934.6
0.16908 934.7
0.16909 934.8
0.16910 934.9
0.16911 934.9
0.16912 935.0
0.16913 935.1
0.16914 935.1
0.16915 935.2
0.16916 935.3
0.16917 935.3
0.16918 935.4
0.16919 935.5
0.16920 935.5
0.16921 935.6
0.16922 935.7
0.16923 935.8
0.16924 935.8
0.16925 935.9
0.16926 936.0
0.16927 936.0
0.16928 936.1
0.16929 936.2
0.16930 936.2
0.16931 936.3
0.16932 936.4
0.16933 936.4
0.16934 936.5
0.16935 936.6
0.16936 936.6
0.16937 936.7
0.16938 936.8
0.16939 936.8
0.16940 936.9
0.16941 937.0
0.16942 937.0
0.16943 937.1
0.16944 937.2
0.16945 937.3
0.16946 937.3
0.16947 937.4
0.16948 937.5
0.16949 937.5
0.16950 937.6
0.16951 937.7
0.16952 937.7
0.16953 937.8
0.16954 937.9
0.16955 937.9
0.16956 938.0
0.16957 938.1
0.16958 938.1
0.16959 938.2
0.16960 938.3
0.16961 938.3
0.16962 938.4
0.16963 938.5
0.16964 938.5
0.16965 938.6
0.16966 938.7
0.16967 938.7
0.16968 938.8
0.16969 938.9
0.16970 938.9
0.16971 939.0
0.16972 939.1
0.16973 939.1
0.16974 939.2
0.16975 939.3
0.16976 939.3
0.16977 939.4
0.16978 939.5
0.16979 939.5
0.16980 939.6
0.16981 939.7
0.16982 939.7
0.16983 939.8
0.16984 939.9
0.16985 939.9
0.16986 940.0
0.16987 940.1
0.16988 940.1
0.16989 940.2
0.16990 940.3
0.16991 940.3
0.16992 940.4
0.16993 940.4
0.16994 940.5
0.16995 940.6
0.16996 940.6
0.16997 940.7
0.16998 940.8
0.16999 940.8
0.17000 940.9
0.17001 941.0
0.17002 941.0
0.17003 941.1
0.17004 941.2
0.17005 941.2
0.17006 941.3
0.17007 941.4
0.17008 941.4
0.17009 941.5
0.17010 941.5
0.17011 941.6
0.17012 941.7
0.17013 941.7
0.17014 941.8
0.17015 941.9
0.17016 941.9
0.17017 942.0
0.17018 942.1
0.17019 942.1
0.17020 942.2
0.17021 942.2
0.17022 942.3
0.17023 942.4
0.17024 942.4
0.17025 942.5
0.17026 942.6
0.17027 942.6
0.17028 942.7
0.17029 942.8
0.17030 942.8
0.17031 942.9
0.17032 942.9
0.17033 943.0
0.17034 943.1
0.17035 943.1
0.17036 943.2
0.17037 943.3
0.17038 943.3
0.17039 943.4
0.17040 943.4
0.17041 943.5
0.17042 943.6
0.17043 943.6
0.17044 943.7
0.17045 943.8
0.17046 943.8
0.17047 943.9
0.17048 943.9
0.17049 944.0
0.17050 944.1
0.17051 944.1
0.17052 944.2
0.17053 944.2
0.17054 944.3
0.17055 944.4
0.17056 944.4
0.17057 944.5
0.17058 944.6
0.17059 944.6
0.17060 944.7
0.17061 944.7
0.17062 944.8
0.17063 944.9
0.17064 944.9
0.17065 945.0
0.17066 945.0
0.17067 945.1
0.17068 945.2
0.17069 945.2
0.17070 945.3
0.17071 945.3
0.17072 945.4
0.17073 945.5
0.17074 945.5
0.17075 945.6
0.17076 945.6
0.17077 945.7
0.17078 945.8
0.17079 945.8
0.17080 945.9
0.17081 945.9
0.17082 946.0
0.17083 946.1
0.17084 946.1
0.17085 946.2
0.17086 946.2
0.17087 946.3
0.17088 946.4
0.17089 946.4
0.17090 946.5
0.17091 946.5
0.17092 946.6
0.17093 946.7
0.17094 946.7
0.17095 946.8
0.17096 946.8
0.17097 946.9
0.17098 946.9
0.17099 947.0
0.17100 947.1
0.17101 947.1
0.17102 947.2
0.17103 947.2
0.17104 947.3
0.17105 947.4
0.17106 947.4
0.17107 947.5
0.17108 947.5
0.17109 947.6
0.17110 947.6
0.17111 947.7
0.17112 947.8
0.17113 947.8
0.17114 947.9
0.17115 947.9
0.17116 948.0
0.17117 948.0
0.17118 948.1
0.17119 948.2
0.17120 948.2
0.17121 948.3
0.17122 948.3
0.17123 948.4
0.17124 948.4
0.17125 948.5
0.17126 948.6
0.17127 948.6
0.17128 948.7
0.17129 948.7
0.17130 948.8
0.17131 948.8
0.17132 948.9
0.17133 948.9
0.17134 949.0
0.17135 949.1
0.17136 949.1
0.17137 949.2
0.17138 949.2
0.17139 949.3
0.17140 949.3
0.17141 949.4
0.17142 949.4
0.17143 949.5
0.17144 949.6
0.17145 949.6
0.17146 949.7
0.17147 949.7
0.17148 949.8
0.17149 949.8
0.17150 949.9
0.17151 949.9
0.17152 950.0
0.17153 950.0
0.17154 950.1
0.17155 950.2
0.17156 950.2
0.17157 950.3
0.17158 950.3
0.17159 950.4
0.17160 950.4
0.17161 950.5
0.17162 950.5
0.17163 950.6
0.17164 950.6
0.17165 950.7
0.17166 950.7
0.17167 950.8
0.17168 950.9
0.17169 950.9
0.17170 951.0
0.17171 951.0
0.17172 951.1
0.17173 951.1
0.17174 951.2
0.17175 951.2
0.17176 951.3
0.17177 951.3
0.17178 951.4
0.17179 951.4
0.17180 951.5
0.17181 951.5
0.17182 951.6
0.17183 951.6
0.17184 951.7
0.17185 951.8
0.17186 951.8
0.17187 951.9
0.17188 951.9
0.17189 952.0
0.17190 952.0
0.17191 952.1
0.17192 952.1
0.17193 952.2
0.17194 952.2
0.17195 952.3
0.17196 952.3
0.17197 952.4
0.17198 952.4
0.17199 952.5
0.17200 952.5
0.17201 952.6
0.17202 952.6
0.17203 952.7
0.17204 952.7
0.17205 952.8
0.17206 952.8
0.17207 952.9
0.17208 952.9
0.17209 953.0
0.17210 953.0
0.17211 953.1
0.17212 953.1
0.17213 953.2
0.17214 953.2
0.17215 953.3
0.17216 953.3
0.17217 953.4
0.17218 953.4
0.17219 953.5
0.17220 953.5
0.17221 953.6
0.17222 953.6
0.17223 953.7
0.17224 953.7
0.17225 953.8
0.17226 953.8
0.17227 953.9
0.17228 953.9
0.17229 954.0
0.17230 954.0
0.17231 954.1
0.17232 954.1
0.17233 954.2
0.17234 954.2
0.17235 954.3
0.17236 954.3
0.17237 954.4
0.17238 954.4
0.17239 954.5
0.17240 954.5
0.17241 954.6
0.17242 954.6
0.17243 954.7
0.17244 954.7
0.17245 954.7
0.17246 954.8
0.17247 954.8
0.17248 954.9
0.17249 954.9
0.17250 955.0
0.17251 955.0
0.17252 955.1
0.17253 955.1
0.17254 955.2
0.17255 955.2
0.17256 955.3
0.17257 955.3
0.17258 955.4
0.17259 955.4
0.17260 955.5
0.17261 955.5
0.17262 955.6
0.17263 955.6
0.17264 955.6
0.17265 955.7
0.17266 955.7
0.17267 955.8
0.17268 955.8
0.17269 955.9
0.17270 955.9
0.17271 956.0
0.17272 956.0
0.17273 956.1
0.17274 956.1
0.17275 956.2
0.17276 956.2
0.17277 956.2
0.17278 956.3
0.17279 956.3
0.17280 956.4
0.17281 956.4
0.17282 956.5
0.17283 956.5
0.17284 956.6
0.17285 956.6
0.17286 956.6
0.17287 956.7
0.17288 956.7
0.17289 956.8
0.17290 956.8
0.17291 956.9
0.17292 956.9
0.17293 957.0
0.17294 957.0
0.17295 957.1
0.17296 957.1
0.17297 957.1
0.17298 957.2
0.17299 957.2
0.17300 957.3
0.17301 957.3
0.17302 957.4
0.17303 957.4
0.17304 957.4
0.17305 957.5
0.17306 957.5
0.17307 957.6
0.17308 957.6
0.17309 957.7
0.17310 957.7
0.17311 957.7
0.17312 957.8
0.17313 957.8
0.17314 957.9
0.17315 957.9
0.17316 958.0
0.17317 958.0
0.17318 958.0
0.17319 958.1
0.17320 958.1
0.17321 958.2
0.17322 958.2
0.17323 958.3
0.17324 958.3
0.17325 958.3
0.17326 958.4
0.17327 958.4
0.17328 958.5
0.17329 958.5
0.17330 958.6
0.17331 958.6
0.17332 958.6
0.17333 958.7
0.17334 958.7
0.17335 958.8
0.17336 958.8
0.17337 958.8
0.17338 958.9
0.17339 958.9
0.17340 959.0
0.17341 959.0
0.17342 959.1
0.17343 959.1
0.17344 959.1
0.17345 959.2
0.17346 959.2
0.17347 959.3
0.17348 959.3
0.17349 959.3
0.17350 959.4
0.17351 959.4
0.17352 959.5
0.17353 959.5
0.17354 959.5
0.17355 959.6
0.17356 959.6
0.17357 959.7
0.17358 959.7
0.17359 959.7
0.17360 959.8
0.17361 959.8
0.17362 959.9
0.17363 959.9
0.17364 959.9
0.17365 960.0
0.17366 960.0
0.17367 960.1
0.17368 960.1
0.17369 960.1
0.17370 960.2
0.17371 960.2
0.17372 960.3
0.17373 960.3
0.17374 960.3
0.17375 960.4
0.17376 960.4
0.17377 960.4
0.17378 960.5
0.17379 960.5
0.17380 960.6
0.17381 960.6
0.17382 960.6
0.17383 960.7
0.17384 960.7
0.17385 960.8
0.17386 960.8
0.17387 960.8
0.17388 960.9
0.17389 960.9
0.17390 960.9
0.17391 961.0
0.17392 961.0
0.17393 961.1
0.17394 961.1
0.17395 961.1
0.17396 961.2
0.17397 961.2
0.17398 961.2
0.17399 961.3
0.17400 961.3
0.17401 961.4
0.17402 961.4
0.17403 961.4
0.17404 961.5
0.17405 961.5
0.17406 961.5
0.17407 961.6
0.17408 961.6
0.17409 961.7
0.17410 961.7
0.17411 961.7
0.17412 961.8
0.17413 961.8
0.17414 961.8
0.17415 961.9
0.17416 961.9
0.17417 961.9
0.17418 962.0
0.17419 962.0
0.17420 962.1
0.17421 962.1
0.17422 962.1
0.17423 962.2
0.17424 962.2
0.17425 962.2
0.17426 962.3
0.17427 962.3
0.17428 962.3
0.17429 962.4
0.17430 962.4
0.17431 962.4
0.17432 962.5
0.17433 962.5
0.17434 962.6
0.17435 962.6
0.17436 962.6
0.17437 962.7
0.17438 962.7
0.17439 962.7
0.17440 962.8
0.17441 962.8
0.17442 962.8
0.17443 962.9
0.17444 962.9
0.17445 962.9
0.17446 963.0
0.17447 963.0
0.17448 963.0
0.17449 963.1
0.17450 963.1
0.17451 963.1
0.17452 963.2
0.17453 963.2
0.17454 963.2
0.17455 963.3
0.17456 963.3
0.17457 963.3
0.17458 963.4
0.17459 963.4
0.17460 963.4
0.17461 963.5
0.17462 963.5
0.17463 963.5
0.17464 963.6
0.17465 963.6
0.17466 963.6
0.17467 963.7
0.17468 963.7
0.17469 963.7
0.17470 963.8
0.17471 963.8
0.17472 963.8
0.17473 963.9
0.17474 963.9
0.17475 963.9
0.17476 964.0
0.17477 964.0
0.17478 964.0
0.17479 964.1
0.17480 964.1
0.17481 964.1
0.17482 964.2
0.17483 964.2
0.17484 964.2
0.17485 964.3
0.17486 964.3
0.17487 964.3
0.17488 964.4
0.17489 964.4
0.17490 964.4
0.17491 964.5
0.17492 964.5
0.17493 964.5
0.17494 964.6
0.17495 964.6
0.17496 964.6
0.17497 964.7
0.17498 964.7
0.17499 964.7
0.17500 964.7
0.17501 964.8
0.17502 964.8
0.17503 964.8
0.17504 964.9
0.17505 964.9
0.17506 964.9
0.17507 965.0
0.17508 965.0
0.17509 965.0
0.17510 965.1
0.17511 965.1
0.17512 965.1
0.17513 965.1
0.17514 965.2
0.17515 965.2
0.17516 965.2
0.17517 965.3
0.17518 965.3
0.17519 965.3
0.17520 965.4
0.17521 965.4
0.17522 965.4
0.17523 965.4
0.17524 965.5
0.17525 965.5
0.17526 965.5
0.17527 965.6
0.17528 965.6
0.17529 965.6
0.17530 965.7
0.17531 965.7
0.17532 965.7
0.17533 965.7
0.17534 965.8
0.17535 965.8
0.17536 965.8
0.17537 965.9
0.17538 965.9
0.17539 965.9
0.17540 966.0
0.17541 966.0
0.17542 966.0
0.17543 966.0
0.17544 966.1
0.17545 966.1
0.17546 966.1
0.17547 966.2
0.17548 966.2
0.17549 966.2
0.17550 966.2
0.17551 966.3
0.17552 966.3
0.17553 966.3
0.17554 966.4
0.17555 966.4
0.17556 966.4
0.17557 966.4
0.17558 966.5
0.17559 966.5
0.17560 966.5
0.17561 966.6
0.17562 966.6
0.17563 966.6
0.17564 966.6
0.17565 966.7
0.17566 966.7
0.17567 966.7
0.17568 966.7
0.17569 966.8
0.17570 966.8
0.17571 966.8
0.17572 966.9
0.17573 966.9
0.17574 966.9
0.17575 966.9
0.17576 967.0
0.17577 967.0
0.17578 967.0
0.17579 967.1
0.17580 967.1
0.17581 967.1
0.17582 967.1
0.17583 967.2
0.17584 967.2
0.17585 967.2
0.17586 967.2
0.17587 967.3
0.17588 967.3
0.17589 967.3
0.17590 967.3
0.17591 967.4
0.17592 967.4
0.17593 967.4
0.17594 967.5
0.17595 967.5
0.17596 967.5
0.17597 967.5
0.17598 967.6
0.17599 967.6
0.17600 967.6
0.17601 967.6
0.17602 967.7
0.17603 967.7
0.17604 967.7
0.17605 967.7
0.17606 967.8
0.17607 967.8
0.17608 967.8
0.17609 967.8
0.17610 967.9
0.17611 967.9
0.17612 967.9
0.17613 967.9
0.17614 968.0
0.17615 968.0
0.17616 968.0
0.17617 968.0
0.17618 968.1
0.17619 968.1
0.17620 968.1
0.17621 968.1
0.17622 968.2
0.17623 968.2
0.17624 968.2
0.17625 968.2
0.17626 968.3
0.17627 968.3
0.17628 968.3
0.17629 968.3
0.17630 968.4
0.17631 968.4
0.17632 968.4
0.17633 968.4
0.17634 968.5
0.17635 968.5
0.17636 968.5
0.17637 968.5
0.17638 968.6
0.17639 968.6
0.17640 968.6
0.17641 968.6
0.17642 968.7
0.17643 968.7
0.17644 968.7
0.17645 968.7
0.17646 968.8
0.17647 968.8
0.17648 968.8
0.17649 968.8
0.17650 968.9
0.17651 968.9
0.17652 968.9
0.17653 968.9
0.17654 969.0
0.17655 969.0
0.17656 969.0
0.17657 969.0
0.17658 969.0
0.17659 969.1
0.17660 969.1
0.17661 969.1
0.17662 969.1
0.17663 969.2
0.17664 969.2
0.17665 969.2
0.17666 969.2
0.17667 969.3
0.17668 969.3
0.17669 969.3
0.17670 969.3
0.17671 969.3
0.17672 969.4
0.17673 969.4
0.17674 969.4
0.17675 969.4
0.17676 969.5
0.17677 969.5
0.17678 969.5
0.17679 969.5
0.17680 969.6
0.17681 969.6
0.17682 969.6
0.17683 969.6
0.17684 969.6
0.17685 969.7
0.17686 969.7
0.17687 969.7
0.17688 969.7
0.17689 969.8
0.17690 969.8
0.17691 969.8
0.17692 969.8
0.17693 969.8
0.17694 969.9
0.17695 969.9
0.17696 969.9
0.17697 969.9
0.17698 970.0
0.17699 970.0
0.17700 970.0
0.17701 970.0
0.17702 970.0
0.17703 970.1
0.17704 970.1
0.17705 970.1
0.17706 970.1
0.17707 970.1
0.17708 970.2
0.17709 970.2
0.17710 970.2
0.17711 970.2
0.17712 970.3
0.17713 970.3
0.17714 970.3
0.17715 970.3
0.17716 970.3
0.17717 970.4
0.17718 970.4
0.17719 970.4
0.17720 970.4
0.17721 970.4
0.17722 970.5
0.17723 970.5
0.17724 970.5
0.17725 970.5
0.17726 970.5
0.17727 970.6
0.17728 970.6
0.17729 970.6
0.17730 970.6
0.17731 970.7
0.17732 970.7
0.17733 970.7
0.17734 970.7
0.17735 970.7
0.17736 970.8
0.17737 970.8
0.17738 970.8
0.17739 970.8
0.17740 970.8
0.17741 970.9
0.17742 970.9
0.17743 970.9
0.17744 970.9
0.17745 970.9
0.17746 971.0
0.17747 971.0
0.17748 971.0
0.17749 971.0
0.17750 971.0
0.17751 971.1
0.17752 971.1
0.17753 971.1
0.17754 971.1
0.17755 971.1
0.17756 971.2
0.17757 971.2
0.17758 971.2
0.17759 971.2
0.17760 971.2
0.17761 971.2
0.17762 971.3
0.17763 971.3
0.17764 971.3
0.17765 971.3
0.17766 971.3
0.17767 971.4
0.17768 971.4
0.17769 971.4
0.17770 971.4
0.17771 971.4
0.17772 971.5
0.17773 971.5
0.17774 971.5
0.17775 971.5
0.17776 971.5
0.17777 971.6
0.17778 971.6
0.17779 971.6
0.17780 971.6
0.17781 971.6
0.17782 971.6
0.17783 971.7
0.17784 971.7
0.17785 971.7
0.17786 971.7
0.17787 971.7
0.17788 971.8
0.17789 971.8
0.17790 971.8
0.17791 971.8
0.17792 971.8
0.17793 971.8
0.17794 971.9
0.17795 971.9
0.17796 971.9
0.17797 971.9
0.17798 971.9
0.17799 972.0
0.17800 972.0
0.17801 972.0
0.17802 972.0
0.17803 972.0
0.17804 972.0
0.17805 972.1
0.17806 972.1
0.17807 972.1
0.17808 972.1
0.17809 972.1
0.17810 972.2
0.17811 972.2
0.17812 972.2
0.17813 972.2
0.17814 972.2
0.17815 972.2
0.17816 972.3
0.17817 972.3
0.17818 972.3
0.17819 972.3
0.17820 972.3
0.17821 972.3
0.17822 972.4
0.17823 972.4
0.17824 972.4
0.17825 972.4
0.17826 972.4
0.17827 972.5
0.17828 972.5
0.17829 972.5
0.17830 972.5
0.17831 972.5
0.17832 972.5
0.17833 972.6
0.17834 972.6
0.17835 972.6
0.17836 972.6
0.17837 972.6
0.17838 972.6
0.17839 972.7
0.17840 972.7
0.17841 972.7
0.17842 972.7
0.17843 972.7
0.17844 972.7
0.17845 972.8
0.17846 972.8
0.17847 972.8
0.17848 972.8
0.17849 972.8
0.17850 972.8
0.17851 972.9
0.17852 972.9
0.17853 972.9
0.17854 972.9
0.17855 972.9
0.17856 972.9
0.17857 972.9
0.17858 973.0
0.17859 973.0
0.17860 973.0
0.17861 973.0
0.17862 973.0
0.17863 973.0
0.17864 973.1
0.17865 973.1
0.17866 973.1
0.17867 973.1
0.17868 973.1
0.17869 973.1
0.17870 973.2
0.17871 973.2
0.17872 973.2
0.17873 973.2
0.17874 973.2
0.17875 973.2
0.17876 973.3
0.17877 973.3
0.17878 973.3
0.17879 973.3
0.17880 973.3
0.17881 973.3
0.17882 973.3
0.17883 973.4
0.17884 973.4
0.17885 973.4
0.17886 973.4
0.17887 973.4
0.17888 973.4
0.17889 973.5
0.17890 973.5
0.17891 973.5
0.17892 973.5
0.17893 973.5
0.17894 973.5
0.17895 973.5
0.17896 973.6
0.17897 973.6
0.17898 973.6
0.17899 973.6
0.17900 973.6
0.17901 973.6
0.17902 973.6
0.17903 973.7
0.17904 973.7
0.17905 973.7
0.17906 973.7
0.17907 973.7
0.17908 973.7
0.17909 973.7
0.17910 973.8
0.17911 973.8
0.17912 973.8
0.17913 973.8
0.17914 973.8
0.17915 973.8
0.17916 973.9
0.17917 973.9
0.17918 973.9
0.17919 973.9
0.17920 973.9
0.17921 973.9
0.17922 973.9
0.17923 974.0
0.17924 974.0
0.17925 974.0
0.17926 974.0
0.17927 974.0
0.17928 974.0
0.17929 974.0
0.17930 974.1
0.17931 974.1
0.17932 974.1
0.17933 974.1
0.17934 974.1
0.17935 974.1
0.17936 974.1
0.17937 974.1
0.17938 974.2
0.17939 974.2
0.17940 974.2
0.17941 974.2
0.17942 974.2
0.17943 974.2
0.17944 974.2
0.17945 974.3
0.17946 974.3
0.17947 974.3
0.17948 974.3
0.17949 974.3
0.17950 974.3
0.17951 974.3
0.17952 974.4
0.17953 974.4
0.17954 974.4
0.17955 974.4
0.17956 974.4
0.17957 974.4
0.17958 974.4
0.17959 974.4
0.17960 974.5
0.17961 974.5
0.17962 974.5
0.17963 974.5
0.17964 974.5
0.17965 974.5
0.17966 974.5
0.17967 974.6
0.17968 974.6
0.17969 974.6
0.17970 974.6
0.17971 974.6
0.17972 974.6
0.17973 974.6
0.17974 974.6
0.17975 974.7
0.17976 974.7
0.17977 974.7
0.17978 974.7
0.17979 974.7
0.17980 974.7
0.17981 974.7
0.17982 974.7
0.17983 974.8
0.17984 974.8
0.17985 974.8
0.17986 974.8
0.17987 974.8
0.17988 974.8
0.17989 974.8
0.17990 974.8
0.17991 974.9
0.17992 974.9
0.17993 974.9
0.17994 974.9
0.17995 974.9
0.17996 974.9
0.17997 974.9
0.17998 974.9
0.17999 975.0
0.18000 982.4
0.18001 982.4
0.18002 982.4
0.18003 982.4
0.18004 982.4
0.18005 982.4
0.18006 982.4
0.18007 982.4
0.18008 982.4
0.18009 982.4
0.18010 982.4
0.18011 982.4
0.18012 982.4
0.18013 982.4
0.18014 982.4
0.18015 982.4
0.18016 982.4
0.18017 982.4
0.18018 982.4
0.18019 982.4
0.18020 982.4
0.18021 982.4
0.18022 982.4
0.18023 982.4
0.18024 982.4
0.18025 982.4
0.18026 982.4
0.18027 982.4
0.18028 982.4
0.18029 982.4
0.18030 982.4
0.18031 982.4
0.18032 982.4
0.18033 982.4
0.18034 982.4
0.18035 982.4
0.18036 982.4
0.18037 982.4
0.18038 982.4
0.18039 982.4
0.18040 982.4
0.18041 982.4
0.18042 982.4
0.18043 982.4
0.18044 982.4
0.18045 982.4
0.18046 982.4
0.18047 982.4
0.18048 982.4
0.18049 982.4
0.18050 982.4
0.18051 982.4
0.18052 982.4
0.18053 982.4
0.18054 982.4
0.18055 982.4
0.18056 982.4
0.18057 982.4
0.18058 982.4
0.18059 982.4
0.18060 982.4
0.18061 982.4
0.18062 982.4
0.18063 982.4
0.18064 982.4
0.18065 982.4
0.18066 982.4
0.18067 982.4
0.18068 982.4
0.18069 982.4
0.18070 982.4
0.18071 982.4
0.18072 982.4
0.18073 982.4
0.18074 982.4
0.18075 982.4
0.18076 982.4
0.18077 982.4
0.18078 982.4
0.18079 982.4
0.18080 982.4
0.18081 982.4
0.18082 982.4
0.18083 982.4
0.18084 982.4
0.18085 982.4
0.18086 982.4
0.18087 982.4
0.18088 982.4
0.18089 982.4
0.18090 982.4
0.18091 982.4
0.18092 982.4
0.18093 982.4
0.18094 982.4
0.18095 982.4
0.18096 982.4
0.18097 982.4
0.18098 982.4
0.18099 982.4
0.18100 982.4
0.18101 1006.0
0.18102 1030.0
0.18103 1054.6
0.18104 1079.7
0.18105 1105.3
0.18106 1131.5
0.18107 1158.1
0.18108 1185.4
0.18109 1213.1
0.18110 1241.5
0.18111 1270.4
0.18112 1300.0
0.18113 1330.1
0.18114 1360.9
0.18115 1392.3
0.18116 1424.3
0.18117 1457.0
0.18118 1490.4
0.18119 1524.5
0.18120 1559.3
0.18121 1594.9
0.18122 1631.3
0.18123 1668.5
0.18124 1706.5
0.18125 1745.4
0.18126 1785.3
0.18127 1826.2
0.18128 1868.1
0.18129 1911.2
0.18130 1955.5
0.18131 2001.1
0.18132 2048.2
0.18133 2096.9
0.18134 2147.3
0.18135 2199.6
0.18136 2254.1
0.18137 2311.1
0.18138 2370.8
0.18139 2433.6
0.18140 2500.0
0.18141 2570.5
0.18142 2645.6
0.18143 2726.2
0.18144 2813.2
0.18145 2907.5
0.18146 3010.6
0.18147 3124.0
0.18148 3249.7
0.18149 3389.9
0.18150 3547.8
0.18151 3640.0
0.18152 3751.4
0.18153 3885.0
0.18154 4044.4
0.18155 4234.0
0.18156 4459.0
0.18157 4725.7
0.18158 5041.8
0.18159 5415.9
0.18160 5857.7
0.18161 6377.3
0.18162 6983.6
0.18163 7682.2
0.18164 8472.4
0.18165 9343.1
0.18166 10270.4
0.18167 11218.8
0.18168 12147.1
0.18169 13017.2
0.18170 13801.5
0.18171 14486.2
0.18172 15068.9
0.18173 15554.5
0.18174 15952.0
0.18175 16271.0
0.18176 16521.1
0.18177 16710.7
0.18178 16846.9
0.18179 16935.9
0.18180 16982.9
0.18181 16992.0
0.18182 16967.0
0.18183 16910.7
0.18184 16825.8
0.18185 16714.4
0.18186 16578.4
0.18187 16419.5
0.18188 16239.2
0.18189 16039.0
0.18190 15820.1
0.18191 15583.8
0.18192 15331.3
0.18193 15063.8
0.18194 14782.6
0.18195 14488.8
0.18196 14183.7
0.18197 13868.5
0.18198 13544.6
0.18199 13213.0
0.18200 12875.2
0.18201 12532.4
0.18202 12185.7
0.18203 11836.6
0.18204 11486.2
0.18205 11135.6
0.18206 10786.0
0.18207 10438.4
0.18208 10094.0
0.18209 9753.7
0.18210 9418.3
0.18211 9088.6
0.18212 8765.5
0.18213 8449.5
0.18214 8141.3
0.18215 7841.2
0.18216 7549.8
0.18217 7267.4
0.18218 6994.2
0.18219 6730.4
0.18220 6476.1
0.18221 6231.4
0.18222 5996.3
0.18223 5770.8
0.18224 5554.6
0.18225 5347.8
0.18226 5150.0
0.18227 4961.1
0.18228 4780.9
0.18229 4609.0
0.18230 4445.3
0.18231 4289.3
0.18232 4140.9
0.18233 3999.7
0.18234 3865.3
0.18235 3737.6
0.18236 3616.1
0.18237 3500.6
0.18238 3390.8
0.18239 3286.4
0.18240 3187.2
0.18241 3092.7
0.18242 3002.9
0.18243 2917.4
0.18244 2836.0
0.18245 2758.5
0.18246 2684.7
0.18247 2614.3
0.18248 2547.2
0.18249 2483.1
0.18250 2422.0
0.18251 2363.6
0.18252 2307.8
0.18253 2254.5
0.18254 2203.5
0.18255 2154.7
0.18256 2107.9
0.18257 2063.2
0.18258 2020.2
0.18259 1979.1
0.18260 1939.6
0.18261 1901.7
0.18262 1865.4
0.18263 1830.4
0.18264 1796.9
0.18265 1764.6
0.18266 1733.6
0.18267 1703.8
0.18268 1675.1
0.18269 1647.6
0.18270 1621.0
0.18271 1595.5
0.18272 1571.0
0.18273 1547.3
0.18274 1524.6
0.18275 1502.7
0.18276 1481.6
0.18277 1461.4
0.18278 1441.8
0.18279 1423.1
0.18280 1405.0
0.18281 1387.6
0.18282 1370.8
0.18283 1354.7
0.18284 1339.2
0.18285 1324.3
0.18286 1309.9
0.18287 1296.1
0.18288 1282.8
0.18289 1270.0
0.18290 1257.7
0.18291 1245.9
0.18292 1234.5
0.18293 1223.5
0.18294 1213.0
0.18295 1202.8
0.18296 1193.0
0.18297 1183.6
0.18298 1174.6
0.18299 1165.8
0.18300 1157.4
0.18301 1149.4
0.18302 1141.6
0.18303 1134.1
0.18304 1126.8
0.18305 1119.9
0.18306 1113.2
0.18307 1106.7
0.18308 1100.5
0.18309 1094.5
0.18310 1088.7
0.18311 1083.1
0.18312 1077.7
0.18313 1072.5
0.18314 1067.5
0.18315 1062.6
0.18316 1058.0
0.18317 1053.4
0.18318 1049.1
0.18319 1044.9
0.18320 1040.8
0.18321 1036.9
0.18322 1033.1
0.18323 1029.4
0.18324 1025.9
0.18325 1022.5
0.18326 1019.1
0.18327 1015.9
0.18328 1012.8
0.18329 1009.8
0.18330 1006.9
0.18331 1004.1
0.18332 1001.4
0.18333 998.8
0.18334 996.2
0.18335 993.7
0.18336 991.4
0.18337 989.0
0.18338 986.8
0.18339 984.6
0.18340 982.5
0.18341 980.5
0.18342 978.5
0.18343 976.6
0.18344 974.7
0.18345 972.9
0.18346 971.1
0.18347 969.4
0.18348 967.8
0.18349 966.2
0.18350 964.6
0.18351 963.1
0.18352 961.7
0.18353 960.3
0.18354 958.9
0.18355 957.5
0.18356 956.2
0.18357 955.0
0.18358 953.7
0.18359 952.6
0.18360 951.4
0.18361 950.3
0.18362 949.2
0.18363 948.1
0.18364 947.1
0.18365 946.1
0.18366 945.1
0.18367 944.2
0.18368 943.2
0.18369 942.3
0.18370 941.5
0.18371 940.6
0.18372 939.8
0.18373 939.0
0.18374 938.2
0.18375 937.4
0.18376 936.7
0.18377 936.0
0.18378 935.3
0.18379 934.6
0.18380 933.9
0.18381 933.3
0.18382 932.7
0.18383 932.1
0.18384 931.5
0.18385 930.9
0.18386 930.3
0.18387 929.8
0.18388 929.2
0.18389 928.7
0.18390 928.2
0.18391 927.7
0.18392 927.2
0.18393 926.8
0.18394 926.3
0.18395 925.9
0.18396 925.4
0.18397 925.0
0.18398 924.6
0.18399 924.2
0.18400 923.8
0.18401 923.4
0.18402 923.1
0.18403 922.7
0.18404 922.4
0.18405 922.0
0.18406 921.7
0.18407 921.4
0.18408 921.1
0.18409 920.7
0.18410 920.4
0.18411 920.2
0.18412 919.9
0.18413 919.6
0.18414 919.3
0.18415 919.1
0.18416 918.8
0.18417 918.6
0.18418 918.3
0.18419 918.1
0.18420 917.8
0.18421 917.6
0.18422 917.4
0.18423 917.2
0.18424 917.0
0.18425 916.8
0.18426 916.6
0.18427 916.4
0.18428 916.2
0.18429 916.0
0.18430 915.9
0.18431 915.7
0.18432 915.5
0.18433 915.4
0.18434 915.2
0.18435 915.0
0.18436 914.9
0.18437 914.7
0.18438 914.6
0.18439 914.5
0.18440 914.3
0.18441 914.2
0.18442 914.1
0.18443 914.0
0.18444 913.8
0.18445 913.7
0.18446 913.6
0.18447 913.5
0.18448 913.4
0.18449 913.3
0.18450 913.2
0.18451 913.1
0.18452 913.0
0.18453 912.9
0.18454 912.8
0.18455 912.7
0.18456 912.7
0.18457 912.6
0.18458 912.5
0.18459 912.4
0.18460 912.4
0.18461 912.3
0.18462 912.2
0.18463 912.1
0.18464 912.1
0.18465 912.0
0.18466 912.0
0.18467 911.9
0.18468 911.9
0.18469 911.8
0.18470 911.8
0.18471 911.7
0.18472 911.7
0.18473 911.6
0.18474 911.6
0.18475 911.5
0.18476 911.5
0.18477 911.5
0.18478 911.4
0.18479 911.4
0.18480 911.3
0.18481 911.3
0.18482 911.3
0.18483 911.3
0.18484 911.2
0.18485 911.2
0.18486 911.2
0.18487 911.2
0.18488 911.1
0.18489 911.1
0.18490 911.1
0.18491 911.1
0.18492 911.1
0.18493 911.1
0.18494 911.0
0.18495 911.0
0.18496 911.0
0.18497 911.0
0.18498 911.0
0.18499 911.0
0.18500 911.0
0.18501 911.0
0.18502 911.0
0.18503 911.0
0.18504 911.0
0.18505 911.0
0.18506 911.0
0.18507 911.0
0.18508 911.0
0.18509 911.0
0.18510 911.0
0.18511 911.0
0.18512 911.0
0.18513 911.0
0.18514 911.0
0.18515 911.0
0.18516 911.1
0.18517 911.1
0.18518 911.1
0.18519 911.1
0.18520 911.1
0.18521 911.1
0.18522 911.1
0.18523 911.2
0.18524 911.2
0.18525 911.2
0.18526 911.2
0.18527 911.2
0.18528 911.2
0.18529 911.3
0.18530 911.3
0.18531 911.3
0.18532 911.3
0.18533 911.4
0.18534 911.4
0.18535 911.4
0.18536 911.4
0.18537 911.5
0.18538 911.5
0.18539 911.5
0.18540 911.5
0.18541 911.6
0.18542 911.6
0.18543 911.6
0.18544 911.6
0.18545 911.7
0.18546 911.7
0.18547 911.7
0.18548 911.8
0.18549 911.8
0.18550 911.8
0.18551 911.9
0.18552 911.9
0.18553 911.9
0.18554 912.0
0.18555 912.0
0.18556 912.0
0.18557 912.1
0.18558 912.1
0.18559 912.2
0.18560 912.2
0.18561 912.2
0.18562 912.3
0.18563 912.3
0.18564 912.4
0.18565 912.4
0.18566 912.4
0.18567 912.5
0.18568 912.5
0.18569 912.6
0.18570 912.6
0.18571 912.6
0.18572 912.7
0.18573 912.7
0.18574 912.8
0.18575 912.8
0.18576 912.9
0.18577 912.9
0.18578 912.9
0.18579 913.0
0.18580 913.0
0.18581 913.1
0.18582 913.1
0.18583 913.2
0.18584 913.2
0.18585 913.3
0.18586 913.3
0.18587 913.4
0.18588 913.4
0.18589 913.5
0.18590 913.5
0.18591 913.6
0.18592 913.6
0.18593 913.7
0.18594 913.7
0.18595 913.8
0.18596 913.8
0.18597 913.9
0.18598 913.9
0.18599 914.0
0.18600 914.0
0.18601 914.1
0.18602 914.1
0.18603 914.2
0.18604 914.2
0.18605 914.3
0.18606 914.3
0.18607 914.4
0.18608 914.4
0.18609 914.5
0.18610 914.5
0.18611 914.6
0.18612 914.6
0.18613 914.7
0.18614 914.8
0.18615 914.8
0.18616 914.9
0.18617 914.9
0.18618 915.0
0.18619 915.0
0.18620 915.1
0.18621 915.1
0.18622 915.2
0.18623 915.3
0.18624 915.3
0.18625 915.4
0.18626 915.4
0.18627 915.5
0.18628 915.5
0.18629 915.6
0.18630 915.7
0.18631 915.7
0.18632 915.8
0.18633 915.8
0.18634 915.9
0.18635 916.0
0.18636 916.0
0.18637 916.1
0.18638 916.1
0.18639 916.2
0.18640 916.3
0.18641 916.3
0.18642 916.4
0.18643 916.4
0.18644 916.5
0.18645 916.6
0.18646 916.6
0.18647 916.7
0.18648 916.7
0.18649 916.8
0.18650 916.9
0.18651 916.9
0.18652 917.0
0.18653 917.0
0.18654 917.1
0.18655 917.2
0.18656 917.2
0.18657 917.3
0.18658 917.4
0.18659 917.4
0.18660 917.5
0.18661 917.6
0.18662 917.6
0.18663 917.7
0.18664 917.7
0.18665 917.8
0.18666 917.9
0.18667 917.9
0.18668 918.0
0.18669 918.1
0.18670 918.1
0.18671 918.2
0.18672 918.3
0.18673 918.3
0.18674 918.4
0.18675 918.4
0.18676 918.5
0.18677 918.6
0.18678 918.6
0.18679 918.7
0.18680 918.8
0.18681 918.8
0.18682 918.9
0.18683 919.0
0.18684 919.0
0.18685 919.1
0.18686 919.2
0.18687 919.2
0.18688 919.3
0.18689 919.4
0.18690 919.4
0.18691 919.5
0.18692 919.6
0.18693 919.6
0.18694 919.7
0.18695 919.8
0.18696 919.8
0.18697 919.9
0.18698 920.0
0.18699 920.0
0.18700 920.1
0.18701 920.2
0.18702 920.2
0.18703 920.3
0.18704 920.4
0.18705 920.4
0.18706 920.5
0.18707 920.6
0.18708 920.6
0.18709 920.7
0.18710 920.8
0.18711 920.8
0.18712 920.9
0.18713 921.0
0.18714 921.0
0.18715 921.1
0.18716 921.2
0.18717 921.3
0.18718 921.3
0.18719 921.4
0.18720 921.5
0.18721 921.5
0.18722 921.6
0.18723 921.7
0.18724 921.7
0.18725 921.8
0.18726 921.9
0.18727 921.9
0.18728 922.0
0.18729 922.1
0.18730 922.1
0.18731 922.2
0.18732 922.3
0.18733 922.4
0.18734 922.4
0.18735 922.5
0.18736 922.6
0.18737 922.6
0.18738 922.7
0.18739 922.8
0.18740 922.8
0.18741 922.9
0.18742 923.0
0.18743 923.0
0.18744 923.1
0.18745 923.2
0.18746 923.3
0.18747 923.3
0.18748 923.4
0.18749 923.5
0.18750 923.5
0.18751 923.6
0.18752 923.7
0.18753 923.7
0.18754 923.8
0.18755 923.9
0.18756 924.0
0.18757 924.0
0.18758 924.1
0.18759 924.2
0.18760 924.2
0.18761 924.3
0.18762 924.4
0.18763 924.5
0.18764 924.5
0.18765 924.6
0.18766 924.7
0.18767 924.7
0.18768 924.8
0.18769 924.9
0.18770 924.9
0.18771 925.0
0.18772 925.1
0.18773 925.2
0.18774 925.2
0.18775 925.3
0.18776 925.4
0.18777 925.4
0.18778 925.5
0.18779 925.6
0.18780 925.7
0.18781 925.7
0.18782 925.8
0.18783 925.9
0.18784 925.9
0.18785 926.0
0.18786 926.1
0.18787 926.2
0.18788 926.2
0.18789 926.3
0.18790 926.4
0.18791 926.4
0.18792 926.5
0.18793 926.6
0.18794 926.7
0.18795 926.7
0.18796 926.8
0.18797 926.9
0.18798 926.9
0.18799 927.0
0.18800 927.1
0.18801 927.2
0.18802 927.2
0.18803 927.3
0.18804 927.4
0.18805 927.4
0.18806 927.5
0.18807 927.6
0.18808 927.7
0.18809 927.7
0.18810 927.8
0.18811 927.9
0.18812 927.9
0.18813 928.0
0.18814 928.1
0.18815 928.1
0.18816 928.2
0.18817 928.3
0.18818 928.4
0.18819 928.4
0.18820 928.5
0.18821 928.6
0.18822 928.6
0.18823 928.7
0.18824 928.8
0.18825 928.9
0.18826 928.9
0.18827 929.0
0.18828 929.1
0.18829 929.1
0.18830 929.2
0.18831 929.3
0.18832 929.4
0.18833 929.4
0.18834 929.5
0.18835 929.6
0.18836 929.6
0.18837 929.7
0.18838 929.8
0.18839 929.9
0.18840 929.9
0.18841 930.0
0.18842 930.1
0.18843 930.1
0.18844 930.2
0.18845 930.3
0.18846 930.4
0.18847 930.4
0.18848 930.5
0.18849 930.6
0.18850 930.6
0.18851 930.7
0.18852 930.8
0.18853 930.9
0.18854 930.9
0.18855 931.0
0.18856 931.1
0.18857 931.1
0.18858 931.2
0.18859 931.3
0.18860 931.3
0.18861 931.4
0.18862 931.5
0.18863 931.6
0.18864 931.6
0.18865 931.7
0.18866 931.8
0.18867 931.8
0.18868 931.9
0.18869 932.0
0.18870 932.1
0.18871 932.1
0.18872 932.2
0.18873 932.3
0.18874 932.3
0.18875 932.4
0.18876 932.5
0.18877 932.5
0.18878 932.6
0.18879 932.7
0.18880 932.8
0.18881 932.8
0.18882 932.9
0.18883 933.0
0.18884 933.0
0.18885 933.1
0.18886 933.2
0.18887 933.3
0.18888 933.3
0.18889 933.4
0.18890 933.5
0.18891 933.5
0.18892 933.6
0.18893 933.7
0.18894 933.7
0.18895 933.8
0.18896 933.9
0.18897 934.0
0.18898 934.0
0.18899 934.1
0.18900 934.2
0.18901 934.2
0.18902 934.3
0.18903 934.4
0.18904 934.4
0.18905 934.5
0.18906 934.6
0.18907 934.6
0.18908 934.7
0.18909 934.8
0.18910 934.9
0.18911 934.9
0.18912 935.0
0.18913 935.1
0.18914 935.1
0.18915 935.2
0.18916 935.3
0.18917 935.3
0.18918 935.4
0.18919 935.5
0.18920 935.5
0.18921 935.6
0.18922 935.7
0.18923 935.8
0.18924 935.8
0.18925 935.9
0.18926 936.0
0.18927 936.0
0.18928 936.1
0.18929 936.2
0.18930 936.2
0.18931 936.3
0.18932 936.4
0.18933 936.4
0.18934 936.5
0.18935 936.6
0.18936 936.6
0.18937 936.7
0.18938 936.8
0.18939 936.8
0.18940 936.9
0.18941 937.0
0.18942 937.0
0.18943 937.1
0.18944 937.2
0.18945 937.3
0.18946 937.3
0.18947 937.4
0.18948 937.5
0.18949 937.5
0.18950 937.6
0.18951 937.7
0.18952 937.7
0.18953 937.8
0.18954 937.9
0.18955 937.9
0.18956 938.0
0.18957 938.1
0.18958 938.1
0.18959 938.2
0.18960 938.3
0.18961 938.3
0.18962 938.4
0.18963 938.5
0.18964 938.5
0.18965 938.6
0.18966 938.7
0.18967 938.7
0.18968 938.8
0.18969 938.9
0.18970 938.9
0.18971 939.0
0.18972 939.1
0.18973 939.1
0.18974 939.2
0.18975 939.3
0.18976 939.3
0.18977 939.4
0.18978 939.5
0.18979 939.5
0.18980 939.6
0.18981 939.7
0.18982 939.7
0.18983 939.8
0.18984 939.9
0.18985 939.9
0.18986 940.0
0.18987 940.1
0.18988 940.1
0.18989 940.2
0.18990 940.3
0.18991 940.3
0.18992 940.4
0.18993 940.4
0.18994 940.5
0.18995 940.6
0.18996 940.6
0.18997 940.7
0.18998 940.8
0.18999 940.8
0.19000 940.9
0.19001 941.0
0.19002 941.0
0.19003 941.1
0.19004 941.2
0.19005 941.2
0.19006 941.3
0.19007 941.4
0.19008 941.4
0.19009 941.5
0.19010 941.5
0.19011 941.6
0.19012 941.7
0.19013 941.7
0.19014 941.8
0.19015 941.9
0.19016 941.9
0.19017 942.0
0.19018 942.1
0.19019 942.1
0.19020 942.2
0.19021 942.2
0.19022 942.3
0.19023 942.4
0.19024 942.4
0.19025 942.5
0.19026 942.6
0.19027 942.6
0.19028 942.7
0.19029 942.8
0.19030 942.8
0.19031 942.9
0.19032 942.9
0.19033 943.0
0.19034 943.1
0.19035 943.1
0.19036 943.2
0.19037 943.3
0.19038 943.3
0.19039 943.4
0.19040 943.4
0.19041 943.5
0.19042 943.6
0.19043 943.6
0.19044 943.7
0.19045 943.8
0.19046 943.8
0.19047 943.9
0.19048 943.9
0.19049 944.0
0.19050 944.1
0.19051 944.1
0.19052 944.2
0.19053 944.2
0.19054 944.3
0.19055 944.4
0.19056 944.4
0.19057 944.5
0.19058 944.6
0.19059 944.6
0.19060 944.7
0.19061 944.7
0.19062 944.8
0.19063 944.9
0.19064 944.9
0.19065 945.0
0.19066 945.0
0.19067 945.1
0.19068 945.2
0.19069 945.2
0.19070 945.3
0.19071 945.3
0.19072 945.4
0.19073 945.5
0.19074 945.5
0.19075 945.6
0.19076 945.6
0.19077 945.7
0.19078 945.8
0.19079 945.8
0.19080 945.9
0.19081 945.9
0.19082 946.0
0.19083 946.1
0.19084 946.1
0.19085 946.2
0.19086 946.2
0.19087 946.3
0.19088 946.4
0.19089 946.4
0.19090 946.5
0.19091 946.5
0.19092 946.6
0.19093 946.7
0.19094 946.7
0.19095 946.8
0.19096 946.8
0.19097 946.9
0.19098 946.9
0.19099 947.0
0.19100 947.1
0.19101 947.1
0.19102 947.2
0.19103 947.2
0.19104 947.3
0.19105 947.4
0.19106 947.4
0.19107 947.5
0.19108 947.5
0.19109 947.6
0.19110 947.6
0.19111 947.7
0.19112 947.8
0.19113 947.8
0.19114 947.9
0.19115 947.9
0.19116 948.0
0.19117 948.0
0.19118 948.1
0.19119 948.2
0.19120 948.2
0.19121 948.3
0.19122 948.3
0.19123 948.4
0.19124 948.4
0.19125 948.5
0.19126 948.6
0.19127 948.6
0.19128 948.7
0.19129 948.7
0.19130 948.8
0.19131 948.8
0.19132 948.9
0.19133 948.9
0.19134 949.0
0.19135 949.1
0.19136 949.1
0.19137 949.2
0.19138 949.2
0.19139 949.3
0.19140 949.3
0.19141 949.4
0.19142 949.4
0.19143 949.5
0.19144 949.6
0.19145 949.6
0.19146 949.7
0.19147 949.7
0.19148 949.8
0.19149 949.8
0.19150 949.9
0.19151 949.9
0.19152 950.0
0.19153 950.0
0.19154 950.1
0.19155 950.2
0.19156 950.2
0.19157 950.3
0.19158 950.3
0.19159 950.4
0.19160 950.4
0.19161 950.5
0.19162 950.5
0.19163 950.6
0.19164 950.6
0.19165 950.7
0.19166 950.7
0.19167 950.8
0.19168 950.9
0.19169 950.9
0.19170 951.0
0.19171 951.0
0.19172 951.1
0.19173 951.1
0.19174 951.2
0.19175 951.2
0.19176 951.3
0.19177 951.3
0.19178 951.4
0.19179 951.4
0.19180 951.5
0.19181 951.5
0.19182 951.6
0.19183 951.6
0.19184 951.7
0.19185 951.8
0.19186 951.8
0.19187 951.9
0.19188 951.9
0.19189 952.0
0.19190 952.0
0.19191 952.1
0.19192 952.1
0.19193 952.2
0.19194 952.2
0.19195 952.3
0.19196 952.3
0.19197 952.4
0.19198 952.4
0.19199 952.5
0.19200 952.5
0.19201 952.6
0.19202 952.6
0.19203 952.7
0.19204 952.7
0.19205 952.8
0.19206 952.8
0.19207 952.9
0.19208 952.9
0.19209 953.0
0.19210 953.0
0.19211 953.1
0.19212 953.1
0.19213 953.2
0.19214 953.2
0.19215 953.3
0.19216 953.3
0.19217 953.4
0.19218 953.4
0.19219 953.5
0.19220 953.5
0.19221 953.6
0.19222 953.6
0.19223 953.7
0.19224 953.7
0.19225 953.8
0.19226 953.8
0.19227 953.9
0.19228 953.9
0.19229 954.0
0.19230 954.0
0.19231 954.1
0.19232 954.1
0.19233 954.2
0.19234 954.2
0.19235 954.3
0.19236 954.3
0.19237 954.4
0.19238 954.4
0.19239 954.5
0.19240 954.5
0.19241 954.6
0.19242 954.6
0.19243 954.7
0.19244 954.7
0.19245 954.7
0.19246 954.8
0.19247 954.8
0.19248 954.9
0.19249 954.9
0.19250 955.0
0.19251 955.0
0.19252 955.1
0.19253 955.1
0.19254 955.2
0.19255 955.2
0.19256 955.3
0.19257 955.3
0.19258 955.4
0.19259 955.4
0.19260 955.5
0.19261 955.5
0.19262 955.6
0.19263 955.6
0.19264 955.6
0.19265 955.7
0.19266 955.7
0.19267 955.8
0.19268 955.8
0.19269 955.9
0.19270 955.9
0.19271 956.0
0.19272 956.0
0.19273 956.1
0.19274 956.1
0.19275 956.2
0.19276 956.2
0.19277 956.2
0.19278 956.3
0.19279 956.3
0.19280 956.4
0.19281 956.4
0.19282 956.5
0.19283 956.5
0.19284 956.6
0.19285 956.6
0.19286 956.6
0.19287 956.7
0.19288 956.7
0.19289 956.8
0.19290 956.8
0.19291 956.9
0.19292 956.9
0.19293 957.0
0.19294 957.0
0.19295 957.1
0.19296 957.1
0.19297 957.1
0.19298 957.2
0.19299 957.2
0.19300 957.3
0.19301 957.3
0.19302 957.4
0.19303 957.4
0.19304 957.4
0.19305 957.5
0.19306 957.5
0.19307 957.6
0.19308 957.6
0.19309 957.7
0.19310 957.7
0.19311 957.7
0.19312 957.8
0.19313 957.8
0.19314 957.9
0.19315 957.9
0.19316 958.0
0.19317 958.0
0.19318 958.0
0.19319 958.1
0.19320 958.1
0.19321 958.2
0.19322 958.2
0.19323 958.3
0.19324 958.3
0.19325 958.3
0.19326 958.4
0.19327 958.4
0.19328 958.5
0.19329 958.5
0.19330 958.6
0.19331 958.6
0.19332 958.6
0.19333 958.7
0.19334 958.7
0.19335 958.8
0.19336 958.8
0.19337 958.8
0.19338 958.9
0.19339 958.9
0.19340 959.0
0.19341 959.0
0.19342 959.1
0.19343 959.1
0.19344 959.1
0.19345 959.2
0.19346 959.2
0.19347 959.3
0.19348 959.3
0.19349 959.3
0.19350 959.4
0.19351 959.4
0.19352 959.5
0.19353 959.5
0.19354 959.5
0.19355 959.6
0.19356 959.6
0.19357 959.7
0.19358 959.7
0.19359 959.7
0.19360 959.8
0.19361 959.8
0.19362 959.9
0.19363 959.9
0.19364 959.9
0.19365 960.0
0.19366 960.0
0.19367 960.1
0.19368 960.1
0.19369 960.1
0.19370 960.2
0.19371 960.2
0.19372 960.3
0.19373 960.3
0.19374 960.3
0.19375 960.4
0.19376 960.4
0.19377 960.4
0.19378 960.5
0.19379 960.5
0.19380 960.6
0.19381 960.6
0.19382 960.6
0.19383 960.7
0.19384 960.7
0.19385 960.8
0.19386 960.8
0.19387 960.8
0.19388 960.9
0.19389 960.9
0.19390 960.9
0.19391 961.0
0.19392 961.0
0.19393 961.1
0.19394 961.1
0.19395 961.1
0.19396 961.2
0.19397 961.2
0.19398 961.2
0.19399 961.3
0.19400 961.3
0.19401 961.4
0.19402 961.4
0.19403 961.4
0.19404 961.5
0.19405 961.5
0.19406 961.5
0.19407 961.6
0.19408 961.6
0.19409 961.7
0.19410 961.7
0.19411 961.7
0.19412 961.8
0.19413 961.8
0.19414 961.8
0.19415 961.9
0.19416 961.9
0.19417 961.9
0.19418 962.0
0.19419 962.0
0.19420 962.1
0.19421 962.1
0.19422 962.1
0.19423 962.2
0.19424 962.2
0.19425 962.2
0.19426 962.3
0.19427 962.3
0.19428 962.3
0.19429 962.4
0.19430 962.4
0.19431 962.4
0.19432 962.5
0.19433 962.5
0.19434 962.6
0.19435 962.6
0.19436 962.6
0.19437 962.7
0.19438 962.7
0.19439 962.7
0.19440 962.8
0.19441 962.8
0.19442 962.8
0.19443 962.9
0.19444 962.9
0.19445 962.9
0.19446 963.0
0.19447 963.0
0.19448 963.0
0.19449 963.1
0.19450 963.1
0.19451 963.1
0.19452 963.2
0.19453 963.2
0.19454 963.2
0.19455 963.3
0.19456 963.3
0.19457 963.3
0.19458 963.4
0.19459 963.4
0.19460 963.4
0.19461 963.5
0.19462 963.5
0.19463 963.5
0.19464 963.6
0.19465 963.6
0.19466 963.6
0.19467 963.7
0.19468 963.7
0.19469 963.7
0.19470 963.8
0.19471 963.8
0.19472 963.8
0.19473 963.9
0.19474 963.9
0.19475 963.9
0.19476 964.0
0.19477 964.0
0.19478 964.0
0.19479 964.1
0.19480 964.1
0.19481 964.1
0.19482 964.2
0.19483 964.2
0.19484 964.2
0.19485 964.3
0.19486 964.3
0.19487 964.3
0.19488 964.4
0.19489 964.4
0.19490 964.4
0.19491 964.5
0.19492 964.5
0.19493 964.5
0.19494 964.6
0.19495 964.6
0.19496 964.6
0.19497 964.7
0.19498 964.7
0.19499 964.7
0.19500 964.7
0.19501 964.8
0.19502 964.8
0.19503 964.8
0.19504 964.9
0.19505 964.9
0.19506 964.9
0.19507 965.0
0.19508 965.0
0.19509 965.0
0.19510 965.1
0.19511 965.1
0.19512 965.1
0.19513 965.1
0.19514 965.2
0.19515 965.2
0.19516 965.2
0.19517 965.3
0.19518 965.3
0.19519 965.3
0.19520 965.4
0.19521 965.4
0.19522 965.4
0.19523 965.4
0.19524 965.5
0.19525 965.5
0.19526 965.5
0.19527 965.6
0.19528 965.6
0.19529 965.6
0.19530 965.7
0.19531 965.7
0.19532 965.7
0.19533 965.7
0.19534 965.8
0.19535 965.8
0.19536 965.8
0.19537 965.9
0.19538 965.9
0.19539 965.9
0.19540 966.0
0.19541 966.0
0.19542 966.0
0.19543 966.0
0.19544 966.1
0.19545 966.1
0.19546 966.1
0.19547 966.2
0.19548 966.2
0.19549 966.2
0.19550 966.2
0.19551 966.3
0.19552 966.3
0.19553 966.3
0.19554 966.4
0.19555 966.4
0.19556 966.4
0.19557 966.4
0.19558 966.5
0.19559 966.5
0.19560 966.5
0.19561 966.6
0.19562 966.6
0.19563 966.6
0.19564 966.6
0.19565 966.7
0.19566 966.7
0.19567 966.7
0.19568 966.7
0.19569 966.8
0.19570 966.8
0.19571 966.8
0.19572 966.9
0.19573 966.9
0.19574 966.9
0.19575 966.9
0.19576 967.0
0.19577 967.0
0.19578 967.0
0.19579 967.1
0.19580 967.1
0.19581 967.1
0.19582 967.1
0.19583 967.2
0.19584 967.2
0.19585 967.2
0.19586 967.2
0.19587 967.3
0.19588 967.3
0.19589 967.3
0.19590 967.3
0.19591 967.4
0.19592 967.4
0.19593 967.4
0.19594 967.5
0.19595 967.5
0.19596 967.5
0.19597 967.5
0.19598 967.6
0.19599 967.6
0.19600 967.6
0.19601 967.6
0.19602 967.7
0.19603 967.7
0.19604 967.7
0.19605 967.7
0.19606 967.8
0.19607 967.8
0.19608 967.8
0.19609 967.8
0.19610 967.9
0.19611 967.9
0.19612 967.9
0.19613 967.9
0.19614 968.0
0.19615 968.0
0.19616 968.0
0.19617 968.0
0.19618 968.1
0.19619 968.1
0.19620 968.1
0.19621 968.1
0.19622 968.2
0.19623 968.2
0.19624 968.2
0.19625 968.2
0.19626 968.3
0.19627 968.3
0.19628 968.3
0.19629 968.3
0.19630 968.4
0.19631 968.4
0.19632 968.4
0.19633 968.4
0.19634 968.5
0.19635 968.5
0.19636 968.5
0.19637 968.5
0.19638 968.6
0.19639 968.6
0.19640 968.6
0.19641 968.6
0.19642 968.7
0.19643 968.7
0.19644 968.7
0.19645 968.7
0.19646 968.8
0.19647 968.8
0.19648 968.8
0.19649 968.8
0.19650 968.9
0.19651 968.9
0.19652 968.9
0.19653 968.9
0.19654 969.0
0.19655 969.0
0.19656 969.0
0.19657 969.0
0.19658 969.0
0.19659 969.1
0.19660 969.1
0.19661 969.1
0.19662 969.1
0.19663 969.2
0.19664 969.2
0.19665 969.2
0.19666 969.2
0.19667 969.3
0.19668 969.3
0.19669 969.3
0.19670 969.3
0.19671 969.3
0.19672 969.4
0.19673 969.4
0.19674 969.4
0.19675 969.4
0.19676 969.5
0.19677 969.5
0.19678 969.5
0.19679 969.5
0.19680 969.6
0.19681 969.6
0.19682 969.6
0.19683 969.6
0.19684 969.6
0.19685 969.7
0.19686 969.7
0.19687 969.7
0.19688 969.7
0.19689 969.8
0.19690 969.8
0.19691 969.8
0.19692 969.8
0.19693 969.8
0.19694 969.9
0.19695 969.9
0.19696 969.9
0.19697 969.9
0.19698 970.0
0.19699 970.0
0.19700 970.0
0.19701 970.0
0.19702 970.0
0.19703 970.1
0.19704 970.1
0.19705 970.1
0.19706 970.1
0.19707 970.1
0.19708 970.2
0.19709 970.2
0.19710 970.2
0.19711 970.2
0.19712 970.3
0.19713 970.3
0.19714 970.3
0.19715 970.3
0.19716 970.3
0.19717 970.4
0.19718 970.4
0.19719 970.4
0.19720 970.4
0.19721 970.4
0.19722 970.5
0.19723 970.5
0.19724 970.5
0.19725 970.5
0.19726 970.5
0.19727 970.6
0.19728 970.6
0.19729 970.6
0.19730 970.6
0.19731 970.7
0.19732 970.7
0.19733 970.7
0.19734 970.7
0.19735 970.7
0.19736 970.8
0.19737 970.8
0.19738 970.8
0.19739 970.8
0.19740 970.8
0.19741 970.9
0.19742 970.9
0.19743 970.9
0.19744 970.9
0.19745 970.9
0.19746 971.0
0.19747 971.0
0.19748 971.0
0.19749 971.0
0.19750 971.0
0.19751 971.1
0.19752 971.1
0.19753 971.1
0.19754 971.1
0.19755 971.1
0.19756 971.2
0.19757 971.2
0.19758 971.2
0.19759 971.2
0.19760 971.2
0.19761 971.2
0.19762 971.3
0.19763 971.3
0.19764 971.3
0.19765 971.3
0.19766 971.3
0.19767 971.4
0.19768 971.4
0.19769 971.4
0.19770 971.4
0.19771 971.4
0.19772 971.5
0.19773 971.5
0.19774 971.5
0.19775 971.5
0.19776 971.5
0.19777 971.6
0.19778 971.6
0.19779 971.6
0.19780 971.6
0.19781 971.6
0.19782 971.6
0.19783 971.7
0.19784 971.7
0.19785 971.7
0.19786 971.7
0.19787 971.7
0.19788 971.8
0.19789 971.8
0.19790 971.8
0.19791 971.8
0.19792 971.8
0.19793 971.8
0.19794 971.9
0.19795 971.9
0.19796 971.9
0.19797 971.9
0.19798 971.9
0.19799 972.0
0.19800 972.0
0.19801 972.0
0.19802 972.0
0.19803 972.0
0.19804 972.0
0.19805 972.1
0.19806 972.1
0.19807 972.1
0.19808 972.1
0.19809 972.1
0.19810 972.2
0.19811 972.2
0.19812 972.2
0.19813 972.2
0.19814 972.2
0.19815 972.2
0.19816 972.3
0.19817 972.3
0.19818 972.3
0.19819 972.3
0.19820 972.3
0.19821 972.3
0.19822 972.4
0.19823 972.4
0.19824 972.4
0.19825 972.4
0.19826 972.4
0.19827 972.5
0.19828 972.5
0.19829 972.5
0.19830 972.5
0.19831 972.5
0.19832 972.5
0.19833 972.6
0.19834 972.6
0.19835 972.6
0.19836 972.6
0.19837 972.6
0.19838 972.6
0.19839 972.7
0.19840 972.7
0.19841 972.7
0.19842 972.7
0.19843 972.7
0.19844 972.7
0.19845 972.8
0.19846 972.8
0.19847 972.8
0.19848 972.8
0.19849 972.8
0.19850 972.8
0.19851 972.9
0.19852 972.9
0.19853 972.9
0.19854 972.9
0.19855 972.9
0.19856 972.9
0.19857 972.9
0.19858 973.0
0.19859 973.0
0.19860 973.0
0.19861 973.0
0.19862 973.0
0.19863 973.0
0.19864 973.1
0.19865 973.1
0.19866 973.1
0.19867 973.1
0.19868 973.1
0.19869 973.1
0.19870 973.2
0.19871 973.2
0.19872 973.2
0.19873 973.2
0.19874 973.2
0.19875 973.2
0.19876 973.3
0.19877 973.3
0.19878 973.3
0.19879 973.3
0.19880 973.3
0.19881 973.3
0.19882 973.3
0.19883 973.4
0.19884 973.4
0.19885 973.4
0.19886 973.4
0.19887 973.4
0.19888 973.4
0.19889 973.5
0.19890 973.5
0.19891 973.5
0.19892 973.5
0.19893 973.5
0.19894 973.5
0.19895 973.5
0.19896 973.6
0.19897 973.6
0.19898 973.6
0.19899 973.6
0.19900 973.6
0.19901 973.6
0.19902 973.6
0.19903 973.7
0.19904 973.7
0.19905 973.7
0.19906 973.7
0.19907 973.7
0.19908 973.7
0.19909 973.7
0.19910 973.8
0.19911 973.8
0.19912 973.8
0.19913 973.8
0.19914 973.8
0.19915 973.8
0.19916 973.9
0.19917 973.9
0.19918 973.9
0.19919 973.9
0.19920 973.9
0.19921 973.9
0.19922 973.9
0.19923 974.0
0.19924 974.0
0.19925 974.0
0.19926 974.0
0.19927 974.0
0.19928 974.0
0.19929 974.0
0.19930 974.1
0.19931 974.1
0.19932 974.1
0.19933 974.1
0.19934 974.1
0.19935 974.1
0.19936 974.1
0.19937 974.1
0.19938 974.2
0.19939 974.2
0.19940 974.2
0.19941 974.2
0.19942 974.2
0.19943 974.2
0.19944 974.2
0.19945 974.3
0.19946 974.3
0.19947 974.3
0.19948 974.3
0.19949 974.3
0.19950 974.3
0.19951 974.3
0.19952 974.4
0.19953 974.4
0.19954 974.4
0.19955 974.4
0.19956 974.4
0.19957 974.4
0.19958 974.4
0.19959 974.4
0.19960 974.5
0.19961 974.5
0.19962 974.5
0.19963 974.5
0.19964 974.5
0.19965 974.5
0.19966 974.5
0.19967 974.6
0.19968 974.6
0.19969 974.6
0.19970 974.6
0.19971 974.6
0.19972 974.6
0.19973 974.6
0.19974 974.6
0.19975 974.7
0.19976 974.7
0.19977 974.7
0.19978 974.7
0.19979 974.7
0.19980 974.7
0.19981 974.7
0.19982 974.7
0.19983 974.8
0.19984 974.8
0.19985 974.8
0.19986 974.8
0.19987 974.8
0.19988 974.8
0.19989 974.8
0.19990 974.8
0.19991 974.9
0.19992 974.9
0.19993 974.9
0.19994 974.9
0.19995 974.9
0.19996 974.9
0.19997 974.9
0.19998 974.9
0.19999 975.0
0.20000 982.4
0.20001 982.4
0.20002 982.4
0.20003 982.4
0.20004 982.4
0.20005 982.4
0.20006 982.4
0.20007 982.4
0.20008 982.4
0.20009 982.4
0.20010 982.4
0.20011 982.4
0.20012 982.4
0.20013 982.4
0.20014 982.4
0.20015 982.4
0.20016 982.4
0.20017 982.4
0.20018 982.4
0.20019 982.4
0.20020 982.4
0.20021 982.4
0.20022 982.4
0.20023 982.4
0.20024 982.4
0.20025 982.4
0.20026 982.4
0.20027 982.4
0.20028 982.4
0.20029 982.4
0.20030 982.4
0.20031 982.4
0.20032 982.4
0.20033 982.4
0.20034 982.4
0.20035 982.4
0.20036 982.4
0.20037 982.4
0.20038 982.4
0.20039 982.4
0.20040 982.4
0.20041 982.4
0.20042 982.4
0.20043 982.4
0.20044 982.4
0.20045 982.4
0.20046 982.4
0.20047 982.4
0.20048 982.4
0.20049 982.4
0.20050 982.4
0.20051 982.4
0.20052 982.4
0.20053 982.4
0.20054 982.4
0.20055 982.4
0.20056 982.4
0.20057 982.4
0.20058 982.4
0.20059 982.4
0.20060 982.4
0.20061 982.4
0.20062 982.4
0.20063 982.4
0.20064 982.4
0.20065 982.4
0.20066 982.4
0.20067 982.4
0.20068 982.4
0.20069 982.4
0.20070 982.4
0.20071 982.4
0.20072 982.4
0.20073 982.4
0.20074 982.4
0.20075 982.4
0.20076 982.4
0.20077 982.4
0.20078 982.4
0.20079 982.4
0.20080 982.4
0.20081 982.4
0.20082 982.4
0.20083 982.4
0.20084 982.4
0.20085 982.4
0.20086 982.4
0.20087 982.4
0.20088 982.4
0.20089 982.4
0.20090 982.4
0.20091 982.4
0.20092 982.4
0.20093 982.4
0.20094 982.4
0.20095 982.4
0.20096 982.4
0.20097 982.4
0.20098 982.4
0.20099 982.4
0.20100 982.4
0.20101 982.4
0.20102 982.4
0.20103 982.4
0.20104 982.4
0.20105 982.4
0.20106 982.4
0.20107 982.4
0.20108 982.4
0.20109 982.4
0.20110 982.4
0.20111 982.4
0.20112 982.4
0.20113 982.4
0.20114 982.4
0.20115 982.4
0.20116 982.4
0.20117 982.4
0.20118 982.4
0.20119 982.4
0.20120 982.4
0.20121 982.4
0.20122 982.4
0.20123 982.4
0.20124 982.4
0.20125 982.4
0.20126 982.4
0.20127 982.4
0.20128 982.4
0.20129 982.4
0.20130 982.4
0.20131 982.4
0.20132 982.4
0.20133 982.4
0.20134 982.4
0.20135 982.4
0.20136 982.4
0.20137 982.4
0.20138 982.4
0.20139 982.4
0.20140 982.4
0.20141 982.4
0.20142 982.4
0.20143 982.4
0.20144 982.4
0.20145 982.4
0.20146 982.4
0.20147 982.4
0.20148 982.4
0.20149 982.4
0.20150 982.4
0.20151 982.4
0.20152 982.4
0.20153 982.4
0.20154 982.4
0.20155 982.4
0.20156 982.4
0.20157 982.4
0.20158 982.4
0.20159 982.4
0.20160 982.4
0.20161 982.4
0.20162 982.4
0.20163 982.4
0.20164 982.4
0.20165 982.4
0.20166 982.4
0.20167 982.4
0.20168 982.4
0.20169 982.4
0.20170 982.4
0.20171 982.4
0.20172 982.4
0.20173 982.4
0.20174 982.4
0.20175 982.4
0.20176 982.4
0.20177 982.4
0.20178 982.4
0.20179 982.4
0.20180 982.4
0.20181 982.4
0.20182 982.4
0.20183 982.4
0.20184 982.4
0.20185 982.4
0.20186 982.4
0.20187 982.4
0.20188 982.4
0.20189 982.4
0.20190 982.4
0.20191 982.4
0.20192 982.4
0.20193 982.4
0.20194 982.4
0.20195 982.4
0.20196 982.4
0.20197 982.4
0.20198 982.4
0.20199 982.4
0.20200 982.4
0.20201 982.4
0.20202 982.4
0.20203 982.4
0.20204 982.4
0.20205 982.4
0.20206 982.4
0.20207 982.4
0.20208 982.4
0.20209 982.4
0.20210 982.4
0.20211 982.4
0.20212 982.4
0.20213 982.4
0.20214 982.4
0.20215 982.4
0.20216 982.4
0.20217 982.4
0.20218 982.4
0.20219 982.4
0.20220 982.4
0.20221 982.4
0.20222 982.4
0.20223 982.4
0.20224 982.4
0.20225 982.4
0.20226 982.4
0.20227 982.4
0.20228 982.4
0.20229 982.4
0.20230 982.4
0.20231 982.4
0.20232 982.4
0.20233 982.4
0.20234 982.4
0.20235 982.4
0.20236 982.4
0.20237 982.4
0.20238 982.4
0.20239 982.4
0.20240 982.4
0.20241 982.4
0.20242 982.4
0.20243 982.4
0.20244 982.4
0.20245 982.4
0.20246 982.4
0.20247 982.4
0.20248 982.4
0.20249 982.4
0.20250 982.4
0.20251 982.4
0.20252 982.4
0.20253 982.4
0.20254 982.4
0.20255 982.4
0.20256 982.4
0.20257 982.4
0.20258 982.4
0.20259 982.4
0.20260 982.4
0.20261 982.4
0.20262 982.4
0.20263 982.4
0.20264 982.4
0.20265 982.4
0.20266 982.4
0.20267 982.4
0.20268 982.4
0.20269 982.4
0.20270 982.4
0.20271 982.4
0.20272 982.4
0.20273 982.4
0.20274 982.4
0.20275 982.4
0.20276 982.4
0.20277 982.4
0.20278 982.4
0.20279 982.4
0.20280 982.4
0.20281 982.4
0.20282 982.4
0.20283 982.4
0.20284 982.4
0.20285 982.4
0.20286 982.4
0.20287 982.4
0.20288 982.4
0.20289 982.4
0.20290 982.4
0.20291 982.4
0.20292 982.4
0.20293 982.4
0.20294 982.4
0.20295 982.4
0.20296 982.4
0.20297 982.4
0.20298 982.4
0.20299 982.4
0.20300 982.4
0.20301 982.4
0.20302 982.4
0.20303 982.4
0.20304 982.4
0.20305 982.4
0.20306 982.4
0.20307 982.4
0.20308 982.4
0.20309 982.4
0.20310 982.4
0.20311 982.4
0.20312 982.4
0.20313 982.4
0.20314 982.4
0.20315 982.4
0.20316 982.4
0.20317 982.4
0.20318 982.4
0.20319 982.4
0.20320 982.4
0.20321 982.4
0.20322 982.4
0.20323 982.4
0.20324 982.4
0.20325 982.4
0.20326 982.4
0.20327 982.4
0.20328 982.4
0.20329 982.4
0.20330 982.4
0.20331 982.4
0.20332 982.4
0.20333 982.4
0.20334 982.4
0.20335 982.4
0.20336 982.4
0.20337 982.4
0.20338 982.4
0.20339 982.4
0.20340 982.4
0.20341 982.4
0.20342 982.4
0.20343 982.4
0.20344 982.4
0.20345 982.4
0.20346 982.4
0.20347 982.4
0.20348 982.4
0.20349 982.4
0.20350 982.4
0.20351 982.4
0.20352 982.4
0.20353 982.4
0.20354 982.4
0.20355 982.4
0.20356 982.4
0.20357 982.4
0.20358 982.4
0.20359 982.4
0.20360 982.4
0.20361 982.4
0.20362 982.4
0.20363 982.4
0.20364 982.4
0.20365 982.4
0.20366 982.4
0.20367 982.4
0.20368 982.4
0.20369 982.4
0.20370 982.4
0.20371 982.4
0.20372 982.4
0.20373 982.4
0.20374 982.4
0.20375 982.4
0.20376 982.4
0.20377 982.4
0.20378 982.4
0.20379 982.4
0.20380 982.4
0.20381 982.4
0.20382 982.4
0.20383 982.4
0.20384 982.4
0.20385 982.4
0.20386 982.4
0.20387 982.4
0.20388 982.4
0.20389 982.4
0.20390 982.4
0.20391 982.4
0.20392 982.4
0.20393 982.4
0.20394 982.4
0.20395 982.4
0.20396 982.4
0.20397 982.4
0.20398 982.4
0.20399 982.4
0.20400 982.4
0.20401 982.4
0.20402 982.4
0.20403 982.4
0.20404 982.4
0.20405 982.4
0.20406 982.4
0.20407 982.4
0.20408 982.4
0.20409 982.4
0.20410 982.4
0.20411 982.4
0.20412 982.4
0.20413 982.4
0.20414 982.4
0.20415 982.4
0.20416 982.4
0.20417 982.4
0.20418 982.4
0.20419 982.4
0.20420 982.4
0.20421 982.4
0.20422 982.4
0.20423 982.4
0.20424 982.4
0.20425 982.4
0.20426 982.4
0.20427 982.4
0.20428 982.4
0.20429 982.4
0.20430 982.4
0.20431 982.4
0.20432 982.4
0.20433 982.4
0.20434 982.4
0.20435 982.4
0.20436 982.4
0.20437 982.4
0.20438 982.4
0.20439 982.4
0.20440 982.4
0.20441 982.4
0.20442 982.4
0.20443 982.4
0.20444 982.4
0.20445 982.4
0.20446 982.4
0.20447 982.4
0.20448 982.4
0.20449 982.4
0.20450 982.4
0.20451 982.4
0.20452 982.4
0.20453 982.4
0.20454 982.4
0.20455 982.4
0.20456 982.4
0.20457 982.4
0.20458 982.4
0.20459 982.4
0.20460 982.4
0.20461 982.4
0.20462 982.4
0.20463 982.4
0.20464 982.4
0.20465 982.4
0.20466 982.4
0.20467 982.4
0.20468 982.4
0.20469 982.4
0.20470 982.4
0.20471 982.4
0.20472 982.4
0.20473 982.4
0.20474 982.4
0.20475 982.4
0.20476 982.4
0.20477 982.4
0.20478 982.4
0.20479 982.4
0.20480 982.4
0.20481 982.4
0.20482 982.4
0.20483 982.4
0.20484 982.4
0.20485 982.4
0.20486 982.4
0.20487 982.4
0.20488 982.4
0.20489 982.4
0.20490 982.4
0.20491 982.4
0.20492 982.4
0.20493 982.4
0.20494 982.4
0.20495 982.4
0.20496 982.4
0.20497 982.4
0.20498 982.4
0.20499 982.4
0.20500 982.4
0.20501 982.4
0.20502 982.4
0.20503 982.4
0.20504 982.4
0.20505 982.4
0.20506 982.4
0.20507 982.4
0.20508 982.4
0.20509 982.4
0.20510 982.4
0.20511 982.4
0.20512 982.4
0.20513 982.4
0.20514 982.4
0.20515 982.4
0.20516 982.4
0.20517 982.4
0.20518 982.4
0.20519 982.4
0.20520 982.4
0.20521 982.4
0.20522 982.4
0.20523 982.4
0.20524 982.4
0.20525 982.4
0.20526 982.4
0.20527 982.4
0.20528 982.4
0.20529 982.4
0.20530 982.4
0.20531 982.4
0.20532 982.4
0.20533 982.4
0.20534 982.4
0.20535 982.4
0.20536 982.4
0.20537 982.4
0.20538 982.4
0.20539 982.4
0.20540 982.4
0.20541 982.4
0.20542 982.4
0.20543 982.4
0.20544 982.4
0.20545 982.4
0.20546 982.4
0.20547 982.4
0.20548 982.4
0.20549 982.4
0.20550 982.4
0.20551 982.4
0.20552 982.4
0.20553 982.4
0.20554 982.4
0.20555 982.4
0.20556 982.4
0.20557 982.4
0.20558 982.4
0.20559 982.4
0.20560 982.4
0.20561 982.4
0.20562 982.4
0.20563 982.4
0.20564 982.4
0.20565 982.4
0.20566 982.4
0.20567 982.4
0.20568 982.4
0.20569 982.4
0.20570 982.4
0.20571 982.4
0.20572 982.4
0.20573 982.4
0.20574 982.4
0.20575 982.4
0.20576 982.4
0.20577 982.4
0.20578 982.4
0.20579 982.4
0.20580 982.4
0.20581 982.4
0.20582 982.4
0.20583 982.4
0.20584 982.4
0.20585 982.4
0.20586 982.4
0.20587 982.4
0.20588 982.4
0.20589 982.4
0.20590 982.4
0.20591 982.4
0.20592 982.4
0.20593 982.4
0.20594 982.4
0.20595 982.4
0.20596 982.4
0.20597 982.4
0.20598 982.4
0.20599 982.4
0.20600 982.4
0.20601 982.4
0.20602 982.4
0.20603 982.4
0.20604 982.4
0.20605 982.4
0.20606 982.4
0.20607 982.4
0.20608 982.4
0.20609 982.4
0.20610 982.4
0.20611 982.4
0.20612 982.4
0.20613 982.4
0.20614 982.4
0.20615 982.4
0.20616 982.4
0.20617 982.4
0.20618 982.4
0.20619 982.4
0.20620 982.4
0.20621 982.4
0.20622 982.4
0.20623 982.4
0.20624 982.4
0.20625 982.4
0.20626 982.4
0.20627 982.4
0.20628 982.4
0.20629 982.4
0.20630 982.4
0.20631 982.4
0.20632 982.4
0.20633 982.4
0.20634 982.4
0.20635 982.4
0.20636 982.4
0.20637 982.4
0.20638 982.4
0.20639 982.4
0.20640 982.4
0.20641 982.4
0.20642 982.4
0.20643 982.4
0.20644 982.4
0.20645 982.4
0.20646 982.4
0.20647 982.4
0.20648 982.4
0.20649 982.4
0.20650 982.4
0.20651 982.4
0.20652 982.4
0.20653 982.4
0.20654 982.4
0.20655 982.4
0.20656 982.4
0.20657 982.4
0.20658 982.4
0.20659 982.4
0.20660 982.4
0.20661 982.4
0.20662 982.4
0.20663 982.4
0.20664 982.4
0.20665 982.4
0.20666 982.4
0.20667 982.4
0.20668 982.4
0.20669 982.4
0.20670 982.4
0.20671 982.4
0.20672 982.4
0.20673 982.4
0.20674 982.4
0.20675 982.4
0.20676 982.4
0.20677 982.4
0.20678 982.4
0.20679 982.4
0.20680 982.4
0.20681 982.4
0.20682 982.4
0.20683 982.4
0.20684 982.4
0.20685 982.4
0.20686 982.4
0.20687 982.4
0.20688 982.4
0.20689 982.4
0.20690 982.4
0.20691 982.4
0.20692 982.4
0.20693 982.4
0.20694 982.4
0.20695 982.4
0.20696 982.4
0.20697 982.4
0.20698 982.4
0.20699 982.4
0.20700 982.4
0.20701 982.4
0.20702 982.4
0.20703 982.4
0.20704 982.4
0.20705 982.4
0.20706 982.4
0.20707 982.4
0.20708 982.4
0.20709 982.4
0.20710 982.4
0.20711 982.4
0.20712 982.4
0.20713 982.4
0.20714 982.4
0.20715 982.4
0.20716 982.4
0.20717 982.4
0.20718 982.4
0.20719 982.4
0.20720 982.4
0.20721 982.4
0.20722 982.4
0.20723 982.4
0.20724 982.4
0.20725 982.4
0.20726 982.4
0.20727 982.4
0.20728 982.4
0.20729 982.4
0.20730 982.4
0.20731 982.4
0.20732 982.4
0.20733 982.4
0.20734 982.4
0.20735 982.4
0.20736 982.4
0.20737 982.4
0.20738 982.4
0.20739 982.4
0.20740 982.4
0.20741 982.4
0.20742 982.4
0.20743 982.4
0.20744 982.4
0.20745 982.4
0.20746 982.4
0.20747 982.4
0.20748 982.4
0.20749 982.4
0.20750 982.4
0.20751 982.4
0.20752 982.4
0.20753 982.4
0.20754 982.4
0.20755 982.4
0.20756 982.4
0.20757 982.4
0.20758 982.4
0.20759 982.4
0.20760 982.4
0.20761 982.4
0.20762 982.4
0.20763 982.4
0.20764 982.4
0.20765 982.4
0.20766 982.4
0.20767 982.4
0.20768 982.4
0.20769 982.4
0.20770 982.4
0.20771 982.4
0.20772 982.4
0.20773 982.4
0.20774 982.4
0.20775 982.4
0.20776 982.4
0.20777 982.4
0.20778 982.4
0.20779 982.4
0.20780 982.4
0.20781 982.4
0.20782 982.4
0.20783 982.4
0.20784 982.4
0.20785 982.4
0.20786 982.4
0.20787 982.4
0.20788 982.4
0.20789 982.4
0.20790 982.4
0.20791 982.4
0.20792 982.4
0.20793 982.4
0.20794 982.4
0.20795 982.4
0.20796 982.4
0.20797 982.4
0.20798 982.4
0.20799 982.4
0.20800 982.4
0.20801 982.4
0.20802 982.4
0.20803 982.4
0.20804 982.4
0.20805 982.4
0.20806 982.4
0.20807 982.4
0.20808 982.4
0.20809 982.4
0.20810 982.4
0.20811 982.4
0.20812 982.4
0.20813 982.4
0.20814 982.4
0.20815 982.4
0.20816 982.4
0.20817 982.4
0.20818 982.4
0.20819 982.4
0.20820 982.4
0.20821 982.4
0.20822 982.4
0.20823 982.4
0.20824 982.4
0.20825 982.4
0.20826 982.4
0.20827 982.4
0.20828 982.4
0.20829 982.4
0.20830 982.4
0.20831 982.4
0.20832 982.4
0.20833 982.4
0.20834 982.4
0.20835 982.4
0.20836 982.4
0.20837 982.4
0.20838 982.4
0.20839 982.4
0.20840 982.4
0.20841 982.4
0.20842 982.4
0.20843 982.4
0.20844 982.4
0.20845 982.4
0.20846 982.4
0.20847 982.4
0.20848 982.4
0.20849 982.4
0.20850 982.4
0.20851 982.4
0.20852 982.4
0.20853 982.4
0.20854 982.4
0.20855 982.4
0.20856 982.4
0.20857 982.4
0.20858 982.4
0.20859 982.4
0.20860 982.4
0.20861 982.4
0.20862 982.4
0.20863 982.4
0.20864 982.4
0.20865 982.4
0.20866 982.4
0.20867 982.4
0.20868 982.4
0.20869 982.4
0.20870 982.4
0.20871 982.4
0.20872 982.4
0.20873 982.4
0.20874 982.4
0.20875 982.4
0.20876 982.4
0.20877 982.4
0.20878 982.4
0.20879 982.4
0.20880 982.4
0.20881 982.4
0.20882 982.4
0.20883 982.4
0.20884 982.4
0.20885 982.4
0.20886 982.4
0.20887 982.4
0.20888 982.4
0.20889 982.4
0.20890 982.4
0.20891 982.4
0.20892 982.4
0.20893 982.4
0.20894 982.4
0.20895 982.4
0.20896 982.4
0.20897 982.4
0.20898 982.4
0.20899 982.4
0.20900 982.4
0.20901 982.4
0.20902 982.4
0.20903 982.4
0.20904 982.4
0.20905 982.4
0.20906 982.4
0.20907 982.4
0.20908 982.4
0.20909 982.4
0.20910 982.4
0.20911 982.4
0.20912 982.4
0.20913 982.4
0.20914 982.4
0.20915 982.4
0.20916 982.4
0.20917 982.4
0.20918 982.4
0.20919 982.4
0.20920 982.4
0.20921 982.4
0.20922 982.4
0.20923 982.4
0.20924 982.4
0.20925 982.4
0.20926 982.4
0.20927 982.4
0.20928 982.4
0.20929 982.4
0.20930 982.4
0.20931 982.4
0.20932 982.4
0.20933 982.4
0.20934 982.4
0.20935 982.4
0.20936 982.4
0.20937 982.4
0.20938 982.4
0.20939 982.4
0.20940 982.4
0.20941 982.4
0.20942 982.4
0.20943 982.4
0.20944 982.4
0.20945 982.4
0.20946 982.4
0.20947 982.4
0.20948 982.4
0.20949 982.4
0.20950 982.4
0.20951 982.4
0.20952 982.4
0.20953 982.4
0.20954 982.4
0.20955 982.4
0.20956 982.4
0.20957 982.4
0.20958 982.4
0.20959 982.4
0.20960 982.4
0.20961 982.4
0.20962 982.4
0.20963 982.4
0.20964 982.4
0.20965 982.4
0.20966 982.4
0.20967 982.4
0.20968 982.4
0.20969 982.4
0.20970 982.4
0.20971 982.4
0.20972 982.4
0.20973 982.4
0.20974 982.4
0.20975 982.4
0.20976 982.4
0.20977 982.4
0.20978 982.4
0.20979 982.4
0.20980 982.4
0.20981 982.4
0.20982 982.4
0.20983 982.4
0.20984 982.4
0.20985 982.4
0.20986 982.4
0.20987 982.4
0.20988 982.4
0.20989 982.4
0.20990 982.4
0.20991 982.4
0.20992 982.4
0.20993 982.4
0.20994 982.4
0.20995 982.4
0.20996 982.4
0.20997 982.4
0.20998 982.4
0.20999 982.4
0.21000 982.4
