0.00000 14907.3
0.00001 14907.3
0.00002 14907.3
0.00003 14907.3
0.00004 14907.3
0.00005 14907.3
0.00006 14907.3
0.00007 14907.3
0.00008 14907.3
0.00009 14907.3
0.00010 14907.3
0.00011 14907.3
0.00012 14907.3
0.00013 14907.3
0.00014 14907.3
0.00015 14907.3
0.00016 14907.3
0.00017 14907.3
0.00018 14907.3
0.00019 14907.3
0.00020 14907.3
0.00021 14907.3
0.00022 14907.3
0.00023 14907.3
0.00024 14907.3
0.00025 14907.3
0.00026 14907.3
0.00027 14907.3
0.00028 14907.3
0.00029 14907.3
0.00030 14907.3
0.00031 14907.3
0.00032 14907.3
0.00033 14907.3
0.00034 14907.3
0.00035 14907.3
0.00036 14907.3
0.00037 14907.3
0.00038 14907.3
0.00039 14907.3
0.00040 14907.3
0.00041 14907.3
0.00042 14907.3
0.00043 14907.3
0.00044 14907.3
0.00045 14907.3
0.00046 14907.3
0.00047 14907.3
0.00048 14907.3
0.00049 14907.3
0.00050 14907.3
0.00051 14907.3
0.00052 14907.3
0.00053 14907.3
0.00054 14907.3
0.00055 14907.3
0.00056 14907.3
0.00057 14907.3
0.00058 14907.3
0.00059 14907.3
0.00060 14907.3
0.00061 14907.3
0.00062 14907.3
0.00063 14907.3
0.00064 14907.3
0.00065 14907.3
0.00066 14907.3
0.00067 14907.3
0.00068 14907.3
0.00069 14907.3
0.00070 14907.3
0.00071 14907.3
0.00072 14907.3
0.00073 14907.3
0.00074 14907.3
0.00075 14907.3
0.00076 14907.3
0.00077 14907.3
0.00078 14907.3
0.00079 14907.3
0.00080 14907.3
0.00081 14907.3
0.00082 14907.3
0.00083 14907.3
0.00084 14907.3
0.00085 14907.3
0.00086 14907.3
0.00087 14907.3
0.00088 14907.3
0.00089 14907.3
0.00090 14907.3
0.00091 14907.3
0.00092 14907.3
0.00093 14907.3
0.00094 14907.3
0.00095 14907.3
0.00096 14907.3
0.00097 14907.3
0.00098 14907.3
0.00099 14907.3
0.00100 14907.3
0.00101 14607.4
0.00102 14314.5
0.00103 14028.3
0.00104 13748.7
0.00105 13475.5
0.00106 13208.4
0.00107 12947.5
0.00108 12692.4
0.00109 12443.0
0.00110 12199.3
0.00111 11960.9
0.00112 11727.9
0.00113 11499.9
0.00114 11277.0
0.00115 11058.9
0.00116 10845.5
0.00117 10636.7
0.00118 10432.2
0.00119 10232.1
0.00120 10036.0
0.00121 9844.0
0.00122 9655.8
0.00123 9471.2
0.00124 9290.1
0.00125 9112.4
0.00126 8937.9
0.00127 8766.3
0.00128 8597.5
0.00129 8431.3
0.00130 8267.5
0.00131 8105.8
0.00132 7946.0
0.00133 7787.8
0.00134 7631.0
0.00135 7475.2
0.00136 7320.1
0.00137 7165.3
0.00138 7010.5
0.00139 6855.3
0.00140 6699.1
0.00141 6541.6
0.00142 6382.1
0.00143 6220.1
0.00144 6055.1
0.00145 5886.4
0.00146 5713.4
0.00147 5535.3
0.00148 5351.6
0.00149 5161.4
0.00150 4964.1
0.00151 4856.2
0.00152 4732.4
0.00153 4592.7
0.00154 4437.2
0.00155 4266.6
0.00156 4081.6
0.00157 3883.5
0.00158 3674.0
0.00159 3455.6
0.00160 3231.1
0.00161 3004.3
0.00162 2779.6
0.00163 2561.6
0.00164 2355.6
0.00165 2166.3
0.00166 1997.7
0.00167 1852.2
0.00168 1730.3
0.00169 1630.8
0.00170 1551.1
0.00171 1488.1
0.00172 1438.7
0.00173 1400.1
0.00174 1370.2
0.00175 1347.1
0.00176 1329.7
0.00177 1316.7
0.00178 1307.6
0.00179 1301.7
0.00180 1298.6
0.00181 1298.0
0.00182 1299.7
0.00183 1303.4
0.00184 1309.0
0.00185 1316.5
0.00186 1325.7
0.00187 1336.7
0.00188 1349.4
0.00189 1363.8
0.00190 1380.0
0.00191 1397.9
0.00192 1417.6
0.00193 1439.1
0.00194 1462.5
0.00195 1487.9
0.00196 1515.2
0.00197 1544.7
0.00198 1576.2
0.00199 1610.0
0.00200 1646.2
0.00201 1684.6
0.00202 1725.6
0.00203 1769.1
0.00204 1815.2
0.00205 1864.0
0.00206 1915.7
0.00207 1970.1
0.00208 2027.6
0.00209 2088.0
0.00210 2151.5
0.00211 2218.2
0.00212 2288.0
0.00213 2361.1
0.00214 2437.4
0.00215 2517.1
0.00216 2600.0
0.00217 2686.3
0.00218 2776.0
0.00219 2868.9
0.00220 2965.0
0.00221 3064.5
0.00222 3167.1
0.00223 3272.8
0.00224 3381.5
0.00225 3493.2
0.00226 3607.8
0.00227 3725.1
0.00228 3845.0
0.00229 3967.5
0.00230 4092.3
0.00231 4219.4
0.00232 4348.6
0.00233 4479.8
0.00234 4612.8
0.00235 4747.4
0.00236 4883.7
0.00237 5021.3
0.00238 5160.2
0.00239 5300.3
0.00240 5441.3
0.00241 5583.3
0.00242 5726.0
0.00243 5869.4
0.00244 6013.3
0.00245 6157.7
0.00246 6302.5
0.00247 6447.5
0.00248 6592.7
0.00249 6738.1
0.00250 6883.4
0.00251 7028.8
0.00252 7174.0
0.00253 7319.1
0.00254 7463.9
0.00255 7608.5
0.00256 7752.7
0.00257 7896.6
0.00258 8040.0
0.00259 8183.0
0.00260 8325.4
0.00261 8467.2
0.00262 8608.4
0.00263 8748.9
0.00264 8888.6
0.00265 9027.6
0.00266 9165.6
0.00267 9302.8
0.00268 9438.9
0.00269 9574.0
0.00270 9708.0
0.00271 9840.8
0.00272 9972.4
0.00273 10102.7
0.00274 10231.6
0.00275 10359.1
0.00276 10485.1
0.00277 10609.6
0.00278 10732.4
0.00279 10853.6
0.00280 10973.1
0.00281 11090.8
0.00282 11206.7
0.00283 11320.7
0.00284 11432.9
0.00285 11543.1
0.00286 11651.3
0.00287 11757.6
0.00288 11861.9
0.00289 11964.1
0.00290 12064.3
0.00291 12162.5
0.00292 12258.6
0.00293 12352.6
0.00294 12444.6
0.00295 12534.5
0.00296 12622.5
0.00297 12708.4
0.00298 12792.2
0.00299 12874.2
0.00300 12954.1
0.00301 13032.1
0.00302 13108.2
0.00303 13182.4
0.00304 13254.8
0.00305 13325.3
0.00306 13394.0
0.00307 13461.0
0.00308 13526.3
0.00309 13589.8
0.00310 13651.8
0.00311 13712.0
0.00312 13770.7
0.00313 13827.9
0.00314 13883.5
0.00315 13937.7
0.00316 13990.4
0.00317 14041.7
0.00318 14091.6
0.00319 14140.2
0.00320 14187.5
0.00321 14233.5
0.00322 14278.2
0.00323 14321.8
0.00324 14364.2
0.00325 14405.4
0.00326 14445.5
0.00327 14484.5
0.00328 14522.5
0.00329 14559.5
0.00330 14595.4
0.00331 14630.4
0.00332 14664.4
0.00333 14697.5
0.00334 14729.7
0.00335 14761.0
0.00336 14791.5
0.00337 14821.2
0.00338 14850.0
0.00339 14878.1
0.00340 14905.5
0.00341 14932.1
0.00342 14957.9
0.00343 14983.1
0.00344 15007.6
0.00345 15031.5
0.00346 15054.7
0.00347 15077.3
0.00348 15099.3
0.00349 15120.7
0.00350 15141.6
0.00351 15161.8
0.00352 15181.6
0.00353 15200.8
0.00354 15219.5
0.00355 15237.7
0.00356 15255.5
0.00357 15272.8
0.00358 15289.6
0.00359 15306.0
0.00360 15321.9
0.00361 15337.4
0.00362 15352.6
0.00363 15367.3
0.00364 15381.6
0.00365 15395.6
0.00366 15409.2
0.00367 15422.5
0.00368 15435.4
0.00369 15448.0
0.00370 15460.2
0.00371 15472.2
0.00372 15483.8
0.00373 15495.1
0.00374 15506.2
0.00375 15516.9
0.00376 15527.4
0.00377 15537.6
0.00378 15547.6
0.00379 15557.3
0.00380 15566.8
0.00381 15576.0
0.00382 15584.9
0.00383 15593.7
0.00384 15602.2
0.00385 15610.5
0.00386 15618.6
0.00387 15626.5
0.00388 15634.2
0.00389 15641.7
0.00390 15649.0
0.00391 15656.2
0.00392 15663.1
0.00393 15669.9
0.00394 15676.5
0.00395 15682.9
0.00396 15689.2
0.00397 15695.3
0.00398 15701.3
0.00399 15707.1
0.00400 15712.7
0.00401 15718.3
0.00402 15723.6
0.00403 15728.9
0.00404 15734.0
0.00405 15739.0
0.00406 15743.8
0.00407 15748.6
0.00408 15753.2
0.00409 15757.7
0.00410 15762.1
0.00411 15766.4
0.00412 15770.5
0.00413 15774.6
0.00414 15778.6
0.00415 15782.4
0.00416 15786.2
0.00417 15789.8
0.00418 15793.4
0.00419 15796.9
0.00420 15800.3
0.00421 15803.6
0.00422 15806.8
0.00423 15809.9
0.00424 15813.0
0.00425 15816.0
0.00426 15818.9
0.00427 15821.7
0.00428 15824.4
0.00429 15827.1
0.00430 15829.7
0.00431 15832.3
0.00432 15834.7
0.00433 15837.1
0.00434 15839.5
0.00435 15841.7
0.00436 15844.0
0.00437 15846.1
0.00438 15848.2
0.00439 15850.2
0.00440 15852.2
0.00441 15854.2
0.00442 15856.0
0.00443 15857.9
0.00444 15859.6
0.00445 15861.3
0.00446 15863.0
0.00447 15864.6
0.00448 15866.2
0.00449 15867.7
0.00450 15869.2
0.00451 15870.7
0.00452 15872.1
0.00453 15873.4
0.00454 15874.7
0.00455 15876.0
0.00456 15877.2
0.00457 15878.4
0.00458 15879.6
0.00459 15880.7
0.00460 15881.8
0.00461 15882.8
0.00462 15883.8
0.00463 15884.8
0.00464 15885.7
0.00465 15886.6
0.00466 15887.5
0.00467 15888.4
0.00468 15889.2
0.00469 15890.0
0.00470 15890.7
0.00471 15891.4
0.00472 15892.1
0.00473 15892.8
0.00474 15893.4
0.00475 15894.1
0.00476 15894.6
0.00477 15895.2
0.00478 15895.7
0.00479 15896.2
0.00480 15896.7
0.00481 15897.2
0.00482 15897.6
0.00483 15898.0
0.00484 15898.4
0.00485 15898.8
0.00486 15899.2
0.00487 15899.5
0.00488 15899.8
0.00489 15900.1
0.00490 15900.3
0.00491 15900.6
0.00492 15900.8
0.00493 15901.0
0.00494 15901.2
0.00495 15901.4
0.00496 15901.5
0.00497 15901.6
0.00498 15901.7
0.00499 15901.8
0.00500 15901.9
0.00501 15902.0
0.00502 15902.0
0.00503 15902.1
0.00504 15902.1
0.00505 15902.1
0.00506 15902.1
0.00507 15902.0
0.00508 15902.0
0.00509 15901.9
0.00510 15901.8
0.00511 15901.7
0.00512 15901.6
0.00513 15901.5
0.00514 15901.4
0.00515 15901.3
0.00516 15901.1
0.00517 15900.9
0.00518 15900.7
0.00519 15900.6
0.00520 15900.3
0.00521 15900.1
0.00522 15899.9
0.00523 15899.7
0.00524 15899.4
0.00525 15899.1
0.00526 15898.9
0.00527 15898.6
0.00528 15898.3
0.00529 15898.0
0.00530 15897.7
0.00531 15897.3
0.00532 15897.0
0.00533 15896.7
0.00534 15896.3
0.00535 15895.9
0.00536 15895.6
0.00537 15895.2
0.00538 15894.8
0.00539 15894.4
0.00540 15894.0
0.00541 15893.5
0.00542 15893.1
0.00543 15892.7
0.00544 15892.2
0.00545 15891.8
0.00546 15891.3
0.00547 15890.9
0.00548 15890.4
0.00549 15889.9
0.00550 15889.4
0.00551 15888.9
0.00552 15888.4
0.00553 15887.9
0.00554 15887.4
0.00555 15886.8
0.00556 15886.3
0.00557 15885.7
0.00558 15885.2
0.00559 15884.6
0.00560 15884.1
0.00561 15883.5
0.00562 15882.9
0.00563 15882.4
0.00564 15881.8
0.00565 15881.2
0.00566 15880.6
0.00567 15880.0
0.00568 15879.3
0.00569 15878.7
0.00570 15878.1
0.00571 15877.5
0.00572 15876.8
0.00573 15876.2
0.00574 15875.6
0.00575 15874.9
0.00576 15874.2
0.00577 15873.6
0.00578 15872.9
0.00579 15872.2
0.00580 15871.6
0.00581 15870.9
0.00582 15870.2
0.00583 15869.5
0.00584 15868.8
0.00585 15868.1
0.00586 15867.4
0.00587 15866.7
0.00588 15866.0
0.00589 15865.3
0.00590 15864.5
0.00591 15863.8
0.00592 15863.1
0.00593 15862.3
0.00594 15861.6
0.00595 15860.9
0.00596 15860.1
0.00597 15859.3
0.00598 15858.6
0.00599 15857.8
0.00600 15857.1
0.00601 15856.3
0.00602 15855.5
0.00603 15854.7
0.00604 15854.0
0.00605 15853.2
0.00606 15852.4
0.00607 15851.6
0.00608 15850.8
0.00609 15850.0
0.00610 15849.2
0.00611 15848.4
0.00612 15847.6
0.00613 15846.8
0.00614 15846.0
0.00615 15845.2
0.00616 15844.3
0.00617 15843.5
0.00618 15842.7
0.00619 15841.9
0.00620 15841.0
0.00621 15840.2
0.00622 15839.3
0.00623 15838.5
0.00624 15837.7
0.00625 15836.8
0.00626 15836.0
0.00627 15835.1
0.00628 15834.3
0.00629 15833.4
0.00630 15832.5
0.00631 15831.7
0.00632 15830.8
0.00633 15829.9
0.00634 15829.1
0.00635 15828.2
0.00636 15827.3
0.00637 15826.4
0.00638 15825.5
0.00639 15824.7
0.00640 15823.8
0.00641 15822.9
0.00642 15822.0
0.00643 15821.1
0.00644 15820.2
0.00645 15819.3
0.00646 15818.4
0.00647 15817.5
0.00648 15816.6
0.00649 15815.7
0.00650 15814.8
0.00651 15813.9
0.00652 15813.0
0.00653 15812.1
0.00654 15811.1
0.00655 15810.2
0.00656 15809.3
0.00657 15808.4
0.00658 15807.4
0.00659 15806.5
0.00660 15805.6
0.00661 15804.7
0.00662 15803.7
0.00663 15802.8
0.00664 15801.9
0.00665 15800.9
0.00666 15800.0
0.00667 15799.0
0.00668 15798.1
0.00669 15797.2
0.00670 15796.2
0.00671 15795.3
0.00672 15794.3
0.00673 15793.4
0.00674 15792.4
0.00675 15791.5
0.00676 15790.5
0.00677 15789.6
0.00678 15788.6
0.00679 15787.6
0.00680 15786.7
0.00681 15785.7
0.00682 15784.8
0.00683 15783.8
0.00684 15782.8
0.00685 15781.9
0.00686 15780.9
0.00687 15779.9
0.00688 15778.9
0.00689 15778.0
0.00690 15777.0
0.00691 15776.0
0.00692 15775.0
0.00693 15774.1
0.00694 15773.1
0.00695 15772.1
0.00696 15771.1
0.00697 15770.1
0.00698 15769.2
0.00699 15768.2
0.00700 15767.2
0.00701 15766.2
0.00702 15765.2
0.00703 15764.2
0.00704 15763.2
0.00705 15762.3
0.00706 15761.3
0.00707 15760.3
0.00708 15759.3
0.00709 15758.3
0.00710 15757.3
0.00711 15756.3
0.00712 15755.3
0.00713 15754.3
0.00714 15753.3
0.00715 15752.3
0.00716 15751.3
0.00717 15750.3
0.00718 15749.3
0.00719 15748.3
0.00720 15747.3
0.00721 15746.3
0.00722 15745.3
0.00723 15744.3
0.00724 15743.3
0.00725 15742.3
0.00726 15741.2
0.00727 15740.2
0.00728 15739.2
0.00729 15738.2
0.00730 15737.2
0.00731 15736.2
0.00732 15735.2
0.00733 15734.2
0.00734 15733.2
0.00735 15732.1
0.00736 15731.1
0.00737 15730.1
0.00738 15729.1
0.00739 15728.1
0.00740 15727.1
0.00741 15726.0
0.00742 15725.0
0.00743 15724.0
0.00744 15723.0
0.00745 15722.0
0.00746 15720.9
0.00747 15719.9
0.00748 15718.9
0.00749 15717.9
0.00750 15716.9
0.00751 15715.8
0.00752 15714.8
0.00753 15713.8
0.00754 15712.8
0.00755 15711.7
0.00756 15710.7
0.00757 15709.7
0.00758 15708.7
0.00759 15707.6
0.00760 15706.6
0.00761 15705.6
0.00762 15704.6
0.00763 15703.5
0.00764 15702.5
0.00765 15701.5
0.00766 15700.5
0.00767 15699.4
0.00768 15698.4
0.00769 15697.4
0.00770 15696.3
0.00771 15695.3
0.00772 15694.3
0.00773 15693.3
0.00774 15692.2
0.00775 15691.2
0.00776 15690.2
0.00777 15689.1
0.00778 15688.1
0.00779 15687.1
0.00780 15686.1
0.00781 15685.0
0.00782 15684.0
0.00783 15683.0
0.00784 15681.9
0.00785 15680.9
0.00786 15679.9
0.00787 15678.8
0.00788 15677.8
0.00789 15676.8
0.00790 15675.8
0.00791 15674.7
0.00792 15673.7
0.00793 15672.7
0.00794 15671.6
0.00795 15670.6
0.00796 15669.6
0.00797 15668.5
0.00798 15667.5
0.00799 15666.5
0.00800 15665.4
0.00801 15664.4
0.00802 15663.4
0.00803 15662.3
0.00804 15661.3
0.00805 15660.3
0.00806 15659.3
0.00807 15658.2
0.00808 15657.2
0.00809 15656.2
0.00810 15655.1
0.00811 15654.1
0.00812 15653.1
0.00813 15652.0
0.00814 15651.0
0.00815 15650.0
0.00816 15649.0
0.00817 15647.9
0.00818 15646.9
0.00819 15645.9
0.00820 15644.8
0.00821 15643.8
0.00822 15642.8
0.00823 15641.8
0.00824 15640.7
0.00825 15639.7
0.00826 15638.7
0.00827 15637.7
0.00828 15636.6
0.00829 15635.6
0.00830 15634.6
0.00831 15633.5
0.00832 15632.5
0.00833 15631.5
0.00834 15630.5
0.00835 15629.4
0.00836 15628.4
0.00837 15627.4
0.00838 15626.4
0.00839 15625.3
0.00840 15624.3
0.00841 15623.3
0.00842 15622.3
0.00843 15621.3
0.00844 15620.2
0.00845 15619.2
0.00846 15618.2
0.00847 15617.2
0.00848 15616.2
0.00849 15615.1
0.00850 15614.1
0.00851 15613.1
0.00852 15612.1
0.00853 15611.1
0.00854 15610.0
0.00855 15609.0
0.00856 15608.0
0.00857 15607.0
0.00858 15606.0
0.00859 15605.0
0.00860 15603.9
0.00861 15602.9
0.00862 15601.9
0.00863 15600.9
0.00864 15599.9
0.00865 15598.9
0.00866 15597.8
0.00867 15596.8
0.00868 15595.8
0.00869 15594.8
0.00870 15593.8
0.00871 15592.8
0.00872 15591.8
0.00873 15590.8
0.00874 15589.8
0.00875 15588.8
0.00876 15587.7
0.00877 15586.7
0.00878 15585.7
0.00879 15584.7
0.00880 15583.7
0.00881 15582.7
0.00882 15581.7
0.00883 15580.7
0.00884 15579.7
0.00885 15578.7
0.00886 15577.7
0.00887 15576.7
0.00888 15575.7
0.00889 15574.7
0.00890 15573.7
0.00891 15572.7
0.00892 15571.7
0.00893 15570.7
0.00894 15569.7
0.00895 15568.7
0.00896 15567.7
0.00897 15566.7
0.00898 15565.7
0.00899 15564.7
0.00900 15563.7
0.00901 15562.7
0.00902 15561.7
0.00903 15560.7
0.00904 15559.8
0.00905 15558.8
0.00906 15557.8
0.00907 15556.8
0.00908 15555.8
0.00909 15554.8
0.00910 15553.8
0.00911 15552.8
0.00912 15551.9
0.00913 15550.9
0.00914 15549.9
0.00915 15548.9
0.00916 15547.9
0.00917 15546.9
0.00918 15546.0
0.00919 15545.0
0.00920 15544.0
0.00921 15543.0
0.00922 15542.0
0.00923 15541.1
0.00924 15540.1
0.00925 15539.1
0.00926 15538.1
0.00927 15537.1
0.00928 15536.2
0.00929 15535.2
0.00930 15534.2
0.00931 15533.3
0.00932 15532.3
0.00933 15531.3
0.00934 15530.3
0.00935 15529.4
0.00936 15528.4
0.00937 15527.4
0.00938 15526.5
0.00939 15525.5
0.00940 15524.5
0.00941 15523.6
0.00942 15522.6
0.00943 15521.6
0.00944 15520.7
0.00945 15519.7
0.00946 15518.8
0.00947 15517.8
0.00948 15516.8
0.00949 15515.9
0.00950 15514.9
0.00951 15514.0
0.00952 15513.0
0.00953 15512.1
0.00954 15511.1
0.00955 15510.2
0.00956 15509.2
0.00957 15508.3
0.00958 15507.3
0.00959 15506.4
0.00960 15505.4
0.00961 15504.5
0.00962 15503.5
0.00963 15502.6
0.00964 15501.6
0.00965 15500.7
0.00966 15499.7
0.00967 15498.8
0.00968 15497.8
0.00969 15496.9
0.00970 15496.0
0.00971 15495.0
0.00972 15494.1
0.00973 15493.1
0.00974 15492.2
0.00975 15491.3
0.00976 15490.3
0.00977 15489.4
0.00978 15488.5
0.00979 15487.5
0.00980 15486.6
0.00981 15485.7
0.00982 15484.8
0.00983 15483.8
0.00984 15482.9
0.00985 15482.0
0.00986 15481.0
0.00987 15480.1
0.00988 15479.2
0.00989 15478.3
0.00990 15477.3
0.00991 15476.4
0.00992 15475.5
0.00993 15474.6
0.00994 15473.7
0.00995 15472.8
0.00996 15471.8
0.00997 15470.9
0.00998 15470.0
0.00999 15469.1
0.01000 15468.2
0.01001 15467.3
0.01002 15466.4
0.01003 15465.4
0.01004 15464.5
0.01005 15463.6
0.01006 15462.7
0.01007 15461.8
0.01008 15460.9
0.01009 15460.0
0.01010 15459.1
0.01011 15458.2
0.01012 15457.3
0.01013 15456.4
0.01014 15455.5
0.01015 15454.6
0.01016 15453.7
0.01017 15452.8
0.01018 15451.9
0.01019 15451.0
0.01020 15450.1
0.01021 15449.2
0.01022 15448.3
0.01023 15447.5
0.01024 15446.6
0.01025 15445.7
0.01026 15444.8
0.01027 15443.9
0.01028 15443.0
0.01029 15442.1
0.01030 15441.3
0.01031 15440.4
0.01032 15439.5
0.01033 15438.6
0.01034 15437.7
0.01035 15436.8
0.01036 15436.0
0.01037 15435.1
0.01038 15434.2
0.01039 15433.3
0.01040 15432.5
0.01041 15431.6
0.01042 15430.7
0.01043 15429.9
0.01044 15429.0
0.01045 15428.1
0.01046 15427.3
0.01047 15426.4
0.01048 15425.5
0.01049 15424.7
0.01050 15423.8
0.01051 15422.9
0.01052 15422.1
0.01053 15421.2
0.01054 15420.4
0.01055 15419.5
0.01056 15418.6
0.01057 15417.8
0.01058 15416.9
0.01059 15416.1
0.01060 15415.2
0.01061 15414.4
0.01062 15413.5
0.01063 15412.7
0.01064 15411.8
0.01065 15411.0
0.01066 15410.1
0.01067 15409.3
0.01068 15408.4
0.01069 15407.6
0.01070 15406.8
0.01071 15405.9
0.01072 15405.1
0.01073 15404.2
0.01074 15403.4
0.01075 15402.6
0.01076 15401.7
0.01077 15400.9
0.01078 15400.1
0.01079 15399.2
0.01080 15398.4
0.01081 15397.6
0.01082 15396.7
0.01083 15395.9
0.01084 15395.1
0.01085 15394.2
0.01086 15393.4
0.01087 15392.6
0.01088 15391.8
0.01089 15390.9
0.01090 15390.1
0.01091 15389.3
0.01092 15388.5
0.01093 15387.7
0.01094 15386.9
0.01095 15386.0
0.01096 15385.2
0.01097 15384.4
0.01098 15383.6
0.01099 15382.8
0.01100 15382.0
0.01101 15381.2
0.01102 15380.4
0.01103 15379.5
0.01104 15378.7
0.01105 15377.9
0.01106 15377.1
0.01107 15376.3
0.01108 15375.5
0.01109 15374.7
0.01110 15373.9
0.01111 15373.1
0.01112 15372.3
0.01113 15371.5
0.01114 15370.7
0.01115 15369.9
0.01116 15369.2
0.01117 15368.4
0.01118 15367.6
0.01119 15366.8
0.01120 15366.0
0.01121 15365.2
0.01122 15364.4
0.01123 15363.6
0.01124 15362.8
0.01125 15362.1
0.01126 15361.3
0.01127 15360.5
0.01128 15359.7
0.01129 15358.9
0.01130 15358.2
0.01131 15357.4
0.01132 15356.6
0.01133 15355.8
0.01134 15355.1
0.01135 15354.3
0.01136 15353.5
0.01137 15352.7
0.01138 15352.0
0.01139 15351.2
0.01140 15350.4
0.01141 15349.7
0.01142 15348.9
0.01143 15348.1
0.01144 15347.4
0.01145 15346.6
0.01146 15345.9
0.01147 15345.1
0.01148 15344.3
0.01149 15343.6
0.01150 15342.8
0.01151 15342.1
0.01152 15341.3
0.01153 15340.6
0.01154 15339.8
0.01155 15339.1
0.01156 15338.3
0.01157 15337.6
0.01158 15336.8
0.01159 15336.1
0.01160 15335.3
0.01161 15334.6
0.01162 15333.8
0.01163 15333.1
0.01164 15332.3
0.01165 15331.6
0.01166 15330.9
0.01167 15330.1
0.01168 15329.4
0.01169 15328.7
0.01170 15327.9
0.01171 15327.2
0.01172 15326.5
0.01173 15325.7
0.01174 15325.0
0.01175 15324.3
0.01176 15323.5
0.01177 15322.8
0.01178 15322.1
0.01179 15321.4
0.01180 15320.6
0.01181 15319.9
0.01182 15319.2
0.01183 15318.5
0.01184 15317.7
0.01185 15317.0
0.01186 15316.3
0.01187 15315.6
0.01188 15314.9
0.01189 15314.2
0.01190 15313.4
0.01191 15312.7
0.01192 15312.0
0.01193 15311.3
0.01194 15310.6
0.01195 15309.9
0.01196 15309.2
0.01197 15308.5
0.01198 15307.8
0.01199 15307.1
0.01200 15306.4
0.01201 15305.7
0.01202 15305.0
0.01203 15304.3
0.01204 15303.6
0.01205 15302.9
0.01206 15302.2
0.01207 15301.5
0.01208 15300.8
0.01209 15300.1
0.01210 15299.4
0.01211 15298.7
0.01212 15298.0
0.01213 15297.3
0.01214 15296.6
0.01215 15296.0
0.01216 15295.3
0.01217 15294.6
0.01218 15293.9
0.01219 15293.2
0.01220 15292.5
0.01221 15291.9
0.01222 15291.2
0.01223 15290.5
0.01224 15289.8
0.01225 15289.1
0.01226 15288.5
0.01227 15287.8
0.01228 15287.1
0.01229 15286.5
0.01230 15285.8
0.01231 15285.1
0.01232 15284.4
0.01233 15283.8
0.01234 15283.1
0.01235 15282.4
0.01236 15281.8
0.01237 15281.1
0.01238 15280.5
0.01239 15279.8
0.01240 15279.1
0.01241 15278.5
0.01242 15277.8
0.01243 15277.2
0.01244 15276.5
0.01245 15275.8
0.01246 15275.2
0.01247 15274.5
0.01248 15273.9
0.01249 15273.2
0.01250 15272.6
0.01251 15271.9
0.01252 15271.3
0.01253 15270.6
0.01254 15270.0
0.01255 15269.4
0.01256 15268.7
0.01257 15268.1
0.01258 15267.4
0.01259 15266.8
0.01260 15266.1
0.01261 15265.5
0.01262 15264.9
0.01263 15264.2
0.01264 15263.6
0.01265 15263.0
0.01266 15262.3
0.01267 15261.7
0.01268 15261.1
0.01269 15260.4
0.01270 15259.8
0.01271 15259.2
0.01272 15258.5
0.01273 15257.9
0.01274 15257.3
0.01275 15256.7
0.01276 15256.0
0.01277 15255.4
0.01278 15254.8
0.01279 15254.2
0.01280 15253.6
0.01281 15252.9
0.01282 15252.3
0.01283 15251.7
0.01284 15251.1
0.01285 15250.5
0.01286 15249.9
0.01287 15249.3
0.01288 15248.6
0.01289 15248.0
0.01290 15247.4
0.01291 15246.8
0.01292 15246.2
0.01293 15245.6
0.01294 15245.0
0.01295 15244.4
0.01296 15243.8
0.01297 15243.2
0.01298 15242.6
0.01299 15242.0
0.01300 15241.4
0.01301 15240.8
0.01302 15240.2
0.01303 15239.6
0.01304 15239.0
0.01305 15238.4
0.01306 15237.8
0.01307 15237.2
0.01308 15236.6
0.01309 15236.0
0.01310 15235.5
0.01311 15234.9
0.01312 15234.3
0.01313 15233.7
0.01314 15233.1
0.01315 15232.5
0.01316 15231.9
0.01317 15231.4
0.01318 15230.8
0.01319 15230.2
0.01320 15229.6
0.01321 15229.0
0.01322 15228.5
0.01323 15227.9
0.01324 15227.3
0.01325 15226.7
0.01326 15226.2
0.01327 15225.6
0.01328 15225.0
0.01329 15224.5
0.01330 15223.9
0.01331 15223.3
0.01332 15222.7
0.01333 15222.2
0.01334 15221.6
0.01335 15221.1
0.01336 15220.5
0.01337 15219.9
0.01338 15219.4
0.01339 15218.8
0.01340 15218.2
0.01341 15217.7
0.01342 15217.1
0.01343 15216.6
0.01344 15216.0
0.01345 15215.5
0.01346 15214.9
0.01347 15214.4
0.01348 15213.8
0.01349 15213.2
0.01350 15212.7
0.01351 15212.1
0.01352 15211.6
0.01353 15211.1
0.01354 15210.5
0.01355 15210.0
0.01356 15209.4
0.01357 15208.9
0.01358 15208.3
0.01359 15207.8
0.01360 15207.2
0.01361 15206.7
0.01362 15206.2
0.01363 15205.6
0.01364 15205.1
0.01365 15204.6
0.01366 15204.0
0.01367 15203.5
0.01368 15203.0
0.01369 15202.4
0.01370 15201.9
0.01371 15201.4
0.01372 15200.8
0.01373 15200.3
0.01374 15199.8
0.01375 15199.2
0.01376 15198.7
0.01377 15198.2
0.01378 15197.7
0.01379 15197.1
0.01380 15196.6
0.01381 15196.1
0.01382 15195.6
0.01383 15195.1
0.01384 15194.5
0.01385 15194.0
0.01386 15193.5
0.01387 15193.0
0.01388 15192.5
0.01389 15192.0
0.01390 15191.4
0.01391 15190.9
0.01392 15190.4
0.01393 15189.9
0.01394 15189.4
0.01395 15188.9
0.01396 15188.4
0.01397 15187.9
0.01398 15187.4
0.01399 15186.9
0.01400 15186.4
0.01401 15185.9
0.01402 15185.4
0.01403 15184.9
0.01404 15184.4
0.01405 15183.9
0.01406 15183.4
0.01407 15182.9
0.01408 15182.4
0.01409 15181.9
0.01410 15181.4
0.01411 15180.9
0.01412 15180.4
0.01413 15179.9
0.01414 15179.4
0.01415 15178.9
0.01416 15178.4
0.01417 15177.9
0.01418 15177.4
0.01419 15176.9
0.01420 15176.5
0.01421 15176.0
0.01422 15175.5
0.01423 15175.0
0.01424 15174.5
0.01425 15174.0
0.01426 15173.6
0.01427 15173.1
0.01428 15172.6
0.01429 15172.1
0.01430 15171.6
0.01431 15171.2
0.01432 15170.7
0.01433 15170.2
0.01434 15169.7
0.01435 15169.3
0.01436 15168.8
0.01437 15168.3
0.01438 15167.8
0.01439 15167.4
0.01440 15166.9
0.01441 15166.4
0.01442 15166.0
0.01443 15165.5
0.01444 15165.0
0.01445 15164.6
0.01446 15164.1
0.01447 15163.6
0.01448 15163.2
0.01449 15162.7
0.01450 15162.3
0.01451 15161.8
0.01452 15161.3
0.01453 15160.9
0.01454 15160.4
0.01455 15160.0
0.01456 15159.5
0.01457 15159.0
0.01458 15158.6
0.01459 15158.1
0.01460 15157.7
0.01461 15157.2
0.01462 15156.8
0.01463 15156.3
0.01464 15155.9
0.01465 15155.4
0.01466 15155.0
0.01467 15154.5
0.01468 15154.1
0.01469 15153.6
0.01470 15153.2
0.01471 15152.8
0.01472 15152.3
0.01473 15151.9
0.01474 15151.4
0.01475 15151.0
0.01476 15150.6
0.01477 15150.1
0.01478 15149.7
0.01479 15149.2
0.01480 15148.8
0.01481 15148.4
0.01482 15147.9
0.01483 15147.5
0.01484 15147.1
0.01485 15146.6
0.01486 15146.2
0.01487 15145.8
0.01488 15145.3
0.01489 15144.9
0.01490 15144.5
0.01491 15144.0
0.01492 15143.6
0.01493 15143.2
0.01494 15142.8
0.01495 15142.3
0.01496 15141.9
0.01497 15141.5
0.01498 15141.1
0.01499 15140.6
0.01500 15140.2
0.01501 15139.8
0.01502 15139.4
0.01503 15139.0
0.01504 15138.6
0.01505 15138.1
0.01506 15137.7
0.01507 15137.3
0.01508 15136.9
0.01509 15136.5
0.01510 15136.1
0.01511 15135.6
0.01512 15135.2
0.01513 15134.8
0.01514 15134.4
0.01515 15134.0
0.01516 15133.6
0.01517 15133.2
0.01518 15132.8
0.01519 15132.4
0.01520 15132.0
0.01521 15131.6
0.01522 15131.2
0.01523 15130.8
0.01524 15130.4
0.01525 15129.9
0.01526 15129.5
0.01527 15129.1
0.01528 15128.7
0.01529 15128.3
0.01530 15127.9
0.01531 15127.6
0.01532 15127.2
0.01533 15126.8
0.01534 15126.4
0.01535 15126.0
0.01536 15125.6
0.01537 15125.2
0.01538 15124.8
0.01539 15124.4
0.01540 15124.0
0.01541 15123.6
0.01542 15123.2
0.01543 15122.8
0.01544 15122.4
0.01545 15122.1
0.01546 15121.7
0.01547 15121.3
0.01548 15120.9
0.01549 15120.5
0.01550 15120.1
0.01551 15119.7
0.01552 15119.4
0.01553 15119.0
0.01554 15118.6
0.01555 15118.2
0.01556 15117.8
0.01557 15117.5
0.01558 15117.1
0.01559 15116.7
0.01560 15116.3
0.01561 15116.0
0.01562 15115.6
0.01563 15115.2
0.01564 15114.8
0.01565 15114.5
0.01566 15114.1
0.01567 15113.7
0.01568 15113.3
0.01569 15113.0
0.01570 15112.6
0.01571 15112.2
0.01572 15111.9
0.01573 15111.5
0.01574 15111.1
0.01575 15110.8
0.01576 15110.4
0.01577 15110.0
0.01578 15109.7
0.01579 15109.3
0.01580 15108.9
0.01581 15108.6
0.01582 15108.2
0.01583 15107.9
0.01584 15107.5
0.01585 15107.1
0.01586 15106.8
0.01587 15106.4
0.01588 15106.1
0.01589 15105.7
0.01590 15105.4
0.01591 15105.0
0.01592 15104.6
0.01593 15104.3
0.01594 15103.9
0.01595 15103.6
0.01596 15103.2
0.01597 15102.9
0.01598 15102.5
0.01599 15102.2
0.01600 15101.8
0.01601 15101.5
0.01602 15101.1
0.01603 15100.8
0.01604 15100.4
0.01605 15100.1
0.01606 15099.7
0.01607 15099.4
0.01608 15099.1
0.01609 15098.7
0.01610 15098.4
0.01611 15098.0
0.01612 15097.7
0.01613 15097.3
0.01614 15097.0
0.01615 15096.7
0.01616 15096.3
0.01617 15096.0
0.01618 15095.6
0.01619 15095.3
0.01620 15095.0
0.01621 15094.6
0.01622 15094.3
0.01623 15094.0
0.01624 15093.6
0.01625 15093.3
0.01626 15093.0
0.01627 15092.6
0.01628 15092.3
0.01629 15092.0
0.01630 15091.6
0.01631 15091.3
0.01632 15091.0
0.01633 15090.6
0.01634 15090.3
0.01635 15090.0
0.01636 15089.7
0.01637 15089.3
0.01638 15089.0
0.01639 15088.7
0.01640 15088.4
0.01641 15088.0
0.01642 15087.7
0.01643 15087.4
0.01644 15087.1
0.01645 15086.8
0.01646 15086.4
0.01647 15086.1
0.01648 15085.8
0.01649 15085.5
0.01650 15085.2
0.01651 15084.8
0.01652 15084.5
0.01653 15084.2
0.01654 15083.9
0.01655 15083.6
0.01656 15083.3
0.01657 15082.9
0.01658 15082.6
0.01659 15082.3
0.01660 15082.0
0.01661 15081.7
0.01662 15081.4
0.01663 15081.1
0.01664 15080.8
0.01665 15080.5
0.01666 15080.2
0.01667 15079.8
0.01668 15079.5
0.01669 15079.2
0.01670 15078.9
0.01671 15078.6
0.01672 15078.3
0.01673 15078.0
0.01674 15077.7
0.01675 15077.4
0.01676 15077.1
0.01677 15076.8
0.01678 15076.5
0.01679 15076.2
0.01680 15075.9
0.01681 15075.6
0.01682 15075.3
0.01683 15075.0
0.01684 15074.7
0.01685 15074.4
0.01686 15074.1
0.01687 15073.8
0.01688 15073.5
0.01689 15073.2
0.01690 15072.9
0.01691 15072.6
0.01692 15072.3
0.01693 15072.0
0.01694 15071.7
0.01695 15071.5
0.01696 15071.2
0.01697 15070.9
0.01698 15070.6
0.01699 15070.3
0.01700 15070.0
0.01701 15069.7
0.01702 15069.4
0.01703 15069.1
0.01704 15068.9
0.01705 15068.6
0.01706 15068.3
0.01707 15068.0
0.01708 15067.7
0.01709 15067.4
0.01710 15067.1
0.01711 15066.9
0.01712 15066.6
0.01713 15066.3
0.01714 15066.0
0.01715 15065.7
0.01716 15065.5
0.01717 15065.2
0.01718 15064.9
0.01719 15064.6
0.01720 15064.3
0.01721 15064.1
0.01722 15063.8
0.01723 15063.5
0.01724 15063.2
0.01725 15063.0
0.01726 15062.7
0.01727 15062.4
0.01728 15062.1
0.01729 15061.9
0.01730 15061.6
0.01731 15061.3
0.01732 15061.0
0.01733 15060.8
0.01734 15060.5
0.01735 15060.2
0.01736 15060.0
0.01737 15059.7
0.01738 15059.4
0.01739 15059.1
0.01740 15058.9
0.01741 15058.6
0.01742 15058.3
0.01743 15058.1
0.01744 15057.8
0.01745 15057.5
0.01746 15057.3
0.01747 15057.0
0.01748 15056.8
0.01749 15056.5
0.01750 15056.2
0.01751 15056.0
0.01752 15055.7
0.01753 15055.4
0.01754 15055.2
0.01755 15054.9
0.01756 15054.7
0.01757 15054.4
0.01758 15054.1
0.01759 15053.9
0.01760 15053.6
0.01761 15053.4
0.01762 15053.1
0.01763 15052.9
0.01764 15052.6
0.01765 15052.3
0.01766 15052.1
0.01767 15051.8
0.01768 15051.6
0.01769 15051.3
0.01770 15051.1
0.01771 15050.8
0.01772 15050.6
0.01773 15050.3
0.01774 15050.1
0.01775 15049.8
0.01776 15049.6
0.01777 15049.3
0.01778 15049.1
0.01779 15048.8
0.01780 15048.6
0.01781 15048.3
0.01782 15048.1
0.01783 15047.8
0.01784 15047.6
0.01785 15047.3
0.01786 15047.1
0.01787 15046.8
0.01788 15046.6
0.01789 15046.4
0.01790 15046.1
0.01791 15045.9
0.01792 15045.6
0.01793 15045.4
0.01794 15045.1
0.01795 15044.9
0.01796 15044.7
0.01797 15044.4
0.01798 15044.2
0.01799 15043.9
0.01800 15043.7
0.01801 15043.5
0.01802 15043.2
0.01803 15043.0
0.01804 15042.8
0.01805 15042.5
0.01806 15042.3
0.01807 15042.1
0.01808 15041.8
0.01809 15041.6
0.01810 15041.3
0.01811 15041.1
0.01812 15040.9
0.01813 15040.6
0.01814 15040.4
0.01815 15040.2
0.01816 15040.0
0.01817 15039.7
0.01818 15039.5
0.01819 15039.3
0.01820 15039.0
0.01821 15038.8
0.01822 15038.6
0.01823 15038.3
0.01824 15038.1
0.01825 15037.9
0.01826 15037.7
0.01827 15037.4
0.01828 15037.2
0.01829 15037.0
0.01830 15036.8
0.01831 15036.5
0.01832 15036.3
0.01833 15036.1
0.01834 15035.9
0.01835 15035.6
0.01836 15035.4
0.01837 15035.2
0.01838 15035.0
0.01839 15034.7
0.01840 15034.5
0.01841 15034.3
0.01842 15034.1
0.01843 15033.9
0.01844 15033.6
0.01845 15033.4
0.01846 15033.2
0.01847 15033.0
0.01848 15032.8
0.01849 15032.6
0.01850 15032.3
0.01851 15032.1
0.01852 15031.9
0.01853 15031.7
0.01854 15031.5
0.01855 15031.3
0.01856 15031.0
0.01857 15030.8
0.01858 15030.6
0.01859 15030.4
0.01860 15030.2
0.01861 15030.0
0.01862 15029.8
0.01863 15029.6
0.01864 15029.3
0.01865 15029.1
0.01866 15028.9
0.01867 15028.7
0.01868 15028.5
0.01869 15028.3
0.01870 15028.1
0.01871 15027.9
0.01872 15027.7
0.01873 15027.5
0.01874 15027.3
0.01875 15027.0
0.01876 15026.8
0.01877 15026.6
0.01878 15026.4
0.01879 15026.2
0.01880 15026.0
0.01881 15025.8
0.01882 15025.6
0.01883 15025.4
0.01884 15025.2
0.01885 15025.0
0.01886 15024.8
0.01887 15024.6
0.01888 15024.4
0.01889 15024.2
0.01890 15024.0
0.01891 15023.8
0.01892 15023.6
0.01893 15023.4
0.01894 15023.2
0.01895 15023.0
0.01896 15022.8
0.01897 15022.6
0.01898 15022.4
0.01899 15022.2
0.01900 15022.0
0.01901 15021.8
0.01902 15021.6
0.01903 15021.4
0.01904 15021.2
0.01905 15021.0
0.01906 15020.8
0.01907 15020.6
0.01908 15020.4
0.01909 15020.3
0.01910 15020.1
0.01911 15019.9
0.01912 15019.7
0.01913 15019.5
0.01914 15019.3
0.01915 15019.1
0.01916 15018.9
0.01917 15018.7
0.01918 15018.5
0.01919 15018.3
0.01920 15018.1
0.01921 15018.0
0.01922 15017.8
0.01923 15017.6
0.01924 15017.4
0.01925 15017.2
0.01926 15017.0
0.01927 15016.8
0.01928 15016.6
0.01929 15016.5
0.01930 15016.3
0.01931 15016.1
0.01932 15015.9
0.01933 15015.7
0.01934 15015.5
0.01935 15015.3
0.01936 15015.2
0.01937 15015.0
0.01938 15014.8
0.01939 15014.6
0.01940 15014.4
0.01941 15014.2
0.01942 15014.1
0.01943 15013.9
0.01944 15013.7
0.01945 15013.5
0.01946 15013.3
0.01947 15013.2
0.01948 15013.0
0.01949 15012.8
0.01950 15012.6
0.01951 15012.4
0.01952 15012.3
0.01953 15012.1
0.01954 15011.9
0.01955 15011.7
0.01956 15011.6
0.01957 15011.4
0.01958 15011.2
0.01959 15011.0
0.01960 15010.9
0.01961 15010.7
0.01962 15010.5
0.01963 15010.3
0.01964 15010.2
0.01965 15010.0
0.01966 15009.8
0.01967 15009.6
0.01968 15009.5
0.01969 15009.3
0.01970 15009.1
0.01971 15008.9
0.01972 15008.8
0.01973 15008.6
0.01974 15008.4
0.01975 15008.3
0.01976 15008.1
0.01977 15007.9
0.01978 15007.8
0.01979 15007.6
0.01980 15007.4
0.01981 15007.2
0.01982 15007.1
0.01983 15006.9
0.01984 15006.7
0.01985 15006.6
0.01986 15006.4
0.01987 15006.2
0.01988 15006.1
0.01989 15005.9
0.01990 15005.7
0.01991 15005.6
0.01992 15005.4
0.01993 15005.2
0.01994 15005.1
0.01995 15004.9
0.01996 15004.8
0.01997 15004.6
0.01998 15004.4
0.01999 15004.3
0.02000 14907.3
0.02001 14907.3
0.02002 14907.3
0.02003 14907.3
0.02004 14907.3
0.02005 14907.3
0.02006 14907.3
0.02007 14907.3
0.02008 14907.3
0.02009 14907.3
0.02010 14907.3
0.02011 14907.3
0.02012 14907.3
0.02013 14907.3
0.02014 14907.3
0.02015 14907.3
0.02016 14907.3
0.02017 14907.3
0.02018 14907.3
0.02019 14907.3
0.02020 14907.3
0.02021 14907.3
0.02022 14907.3
0.02023 14907.3
0.02024 14907.3
0.02025 14907.3
0.02026 14907.3
0.02027 14907.3
0.02028 14907.3
0.02029 14907.3
0.02030 14907.3
0.02031 14907.3
0.02032 14907.3
0.02033 14907.3
0.02034 14907.3
0.02035 14907.3
0.02036 14907.3
0.02037 14907.3
0.02038 14907.3
0.02039 14907.3
0.02040 14907.3
0.02041 14907.3
0.02042 14907.3
0.02043 14907.3
0.02044 14907.3
0.02045 14907.3
0.02046 14907.3
0.02047 14907.3
0.02048 14907.3
0.02049 14907.3
0.02050 14907.3
0.02051 14907.3
0.02052 14907.3
0.02053 14907.3
0.02054 14907.3
0.02055 14907.3
0.02056 14907.3
0.02057 14907.3
0.02058 14907.3
0.02059 14907.3
0.02060 14907.3
0.02061 14907.3
0.02062 14907.3
0.02063 14907.3
0.02064 14907.3
0.02065 14907.3
0.02066 14907.3
0.02067 14907.3
0.02068 14907.3
0.02069 14907.3
0.02070 14907.3
0.02071 14907.3
0.02072 14907.3
0.02073 14907.3
0.02074 14907.3
0.02075 14907.3
0.02076 14907.3
0.02077 14907.3
0.02078 14907.3
0.02079 14907.3
0.02080 14907.3
0.02081 14907.3
0.02082 14907.3
0.02083 14907.3
0.02084 14907.3
0.02085 14907.3
0.02086 14907.3
0.02087 14907.3
0.02088 14907.3
0.02089 14907.3
0.02090 14907.3
0.02091 14907.3
0.02092 14907.3
0.02093 14907.3
0.02094 14907.3
0.02095 14907.3
0.02096 14907.3
0.02097 14907.3
0.02098 14907.3
0.02099 14907.3
0.02100 14907.3
0.02101 14907.3
0.02102 14907.3
0.02103 14907.3
0.02104 14907.3
0.02105 14907.3
0.02106 14907.3
0.02107 14907.3
0.02108 14907.3
0.02109 14907.3
0.02110 14907.3
0.02111 14907.3
0.02112 14907.3
0.02113 14907.3
0.02114 14907.3
0.02115 14907.3
0.02116 14907.3
0.02117 14907.3
0.02118 14907.3
0.02119 14907.3
0.02120 14907.3
0.02121 14907.3
0.02122 14907.3
0.02123 14907.3
0.02124 14907.3
0.02125 14907.3
0.02126 14907.3
0.02127 14907.3
0.02128 14907.3
0.02129 14907.3
0.02130 14907.3
0.02131 14907.3
0.02132 14907.3
0.02133 14907.3
0.02134 14907.3
0.02135 14907.3
0.02136 14907.3
0.02137 14907.3
0.02138 14907.3
0.02139 14907.3
0.02140 14907.3
0.02141 14907.3
0.02142 14907.3
0.02143 14907.3
0.02144 14907.3
0.02145 14907.3
0.02146 14907.3
0.02147 14907.3
0.02148 14907.3
0.02149 14907.3
0.02150 14907.3
0.02151 14907.3
0.02152 14907.3
0.02153 14907.3
0.02154 14907.3
0.02155 14907.3
0.02156 14907.3
0.02157 14907.3
0.02158 14907.3
0.02159 14907.3
0.02160 14907.3
0.02161 14907.3
0.02162 14907.3
0.02163 14907.3
0.02164 14907.3
0.02165 14907.3
0.02166 14907.3
0.02167 14907.3
0.02168 14907.3
0.02169 14907.3
0.02170 14907.3
0.02171 14907.3
0.02172 14907.3
0.02173 14907.3
0.02174 14907.3
0.02175 14907.3
0.02176 14907.3
0.02177 14907.3
0.02178 14907.3
0.02179 14907.3
0.02180 14907.3
0.02181 14907.3
0.02182 14907.3
0.02183 14907.3
0.02184 14907.3
0.02185 14907.3
0.02186 14907.3
0.02187 14907.3
0.02188 14907.3
0.02189 14907.3
0.02190 14907.3
0.02191 14907.3
0.02192 14907.3
0.02193 14907.3
0.02194 14907.3
0.02195 14907.3
0.02196 14907.3
0.02197 14907.3
0.02198 14907.3
0.02199 14907.3
0.02200 14907.3
0.02201 14907.3
0.02202 14907.3
0.02203 14907.3
0.02204 14907.3
0.02205 14907.3
0.02206 14907.3
0.02207 14907.3
0.02208 14907.3
0.02209 14907.3
0.02210 14907.3
0.02211 14907.3
0.02212 14907.3
0.02213 14907.3
0.02214 14907.3
0.02215 14907.3
0.02216 14907.3
0.02217 14907.3
0.02218 14907.3
0.02219 14907.3
0.02220 14907.3
0.02221 14907.3
0.02222 14907.3
0.02223 14907.3
0.02224 14907.3
0.02225 14907.3
0.02226 14907.3
0.02227 14907.3
0.02228 14907.3
0.02229 14907.3
0.02230 14907.3
0.02231 14907.3
0.02232 14907.3
0.02233 14907.3
0.02234 14907.3
0.02235 14907.3
0.02236 14907.3
0.02237 14907.3
0.02238 14907.3
0.02239 14907.3
0.02240 14907.3
0.02241 14907.3
0.02242 14907.3
0.02243 14907.3
0.02244 14907.3
0.02245 14907.3
0.02246 14907.3
0.02247 14907.3
0.02248 14907.3
0.02249 14907.3
0.02250 14907.3
0.02251 14907.3
0.02252 14907.3
0.02253 14907.3
0.02254 14907.3
0.02255 14907.3
0.02256 14907.3
0.02257 14907.3
0.02258 14907.3
0.02259 14907.3
0.02260 14907.3
0.02261 14907.3
0.02262 14907.3
0.02263 14907.3
0.02264 14907.3
0.02265 14907.3
0.02266 14907.3
0.02267 14907.3
0.02268 14907.3
0.02269 14907.3
0.02270 14907.3
0.02271 14907.3
0.02272 14907.3
0.02273 14907.3
0.02274 14907.3
0.02275 14907.3
0.02276 14907.3
0.02277 14907.3
0.02278 14907.3
0.02279 14907.3
0.02280 14907.3
0.02281 14907.3
0.02282 14907.3
0.02283 14907.3
0.02284 14907.3
0.02285 14907.3
0.02286 14907.3
0.02287 14907.3
0.02288 14907.3
0.02289 14907.3
0.02290 14907.3
0.02291 14907.3
0.02292 14907.3
0.02293 14907.3
0.02294 14907.3
0.02295 14907.3
0.02296 14907.3
0.02297 14907.3
0.02298 14907.3
0.02299 14907.3
0.02300 14907.3
0.02301 14907.3
0.02302 14907.3
0.02303 14907.3
0.02304 14907.3
0.02305 14907.3
0.02306 14907.3
0.02307 14907.3
0.02308 14907.3
0.02309 14907.3
0.02310 14907.3
0.02311 14907.3
0.02312 14907.3
0.02313 14907.3
0.02314 14907.3
0.02315 14907.3
0.02316 14907.3
0.02317 14907.3
0.02318 14907.3
0.02319 14907.3
0.02320 14907.3
0.02321 14907.3
0.02322 14907.3
0.02323 14907.3
0.02324 14907.3
0.02325 14907.3
0.02326 14907.3
0.02327 14907.3
0.02328 14907.3
0.02329 14907.3
0.02330 14907.3
0.02331 14907.3
0.02332 14907.3
0.02333 14907.3
0.02334 14907.3
0.02335 14907.3
0.02336 14907.3
0.02337 14907.3
0.02338 14907.3
0.02339 14907.3
0.02340 14907.3
0.02341 14907.3
0.02342 14907.3
0.02343 14907.3
0.02344 14907.3
0.02345 14907.3
0.02346 14907.3
0.02347 14907.3
0.02348 14907.3
0.02349 14907.3
0.02350 14907.3
0.02351 14907.3
0.02352 14907.3
0.02353 14907.3
0.02354 14907.3
0.02355 14907.3
0.02356 14907.3
0.02357 14907.3
0.02358 14907.3
0.02359 14907.3
0.02360 14907.3
0.02361 14907.3
0.02362 14907.3
0.02363 14907.3
0.02364 14907.3
0.02365 14907.3
0.02366 14907.3
0.02367 14907.3
0.02368 14907.3
0.02369 14907.3
0.02370 14907.3
0.02371 14907.3
0.02372 14907.3
0.02373 14907.3
0.02374 14907.3
0.02375 14907.3
0.02376 14907.3
0.02377 14907.3
0.02378 14907.3
0.02379 14907.3
0.02380 14907.3
0.02381 14907.3
0.02382 14907.3
0.02383 14907.3
0.02384 14907.3
0.02385 14907.3
0.02386 14907.3
0.02387 14907.3
0.02388 14907.3
0.02389 14907.3
0.02390 14907.3
0.02391 14907.3
0.02392 14907.3
0.02393 14907.3
0.02394 14907.3
0.02395 14907.3
0.02396 14907.3
0.02397 14907.3
0.02398 14907.3
0.02399 14907.3
0.02400 14907.3
0.02401 14907.3
0.02402 14907.3
0.02403 14907.3
0.02404 14907.3
0.02405 14907.3
0.02406 14907.3
0.02407 14907.3
0.02408 14907.3
0.02409 14907.3
0.02410 14907.3
0.02411 14907.3
0.02412 14907.3
0.02413 14907.3
0.02414 14907.3
0.02415 14907.3
0.02416 14907.3
0.02417 14907.3
0.02418 14907.3
0.02419 14907.3
0.02420 14907.3
0.02421 14907.3
0.02422 14907.3
0.02423 14907.3
0.02424 14907.3
0.02425 14907.3
0.02426 14907.3
0.02427 14907.3
0.02428 14907.3
0.02429 14907.3
0.02430 14907.3
0.02431 14907.3
0.02432 14907.3
0.02433 14907.3
0.02434 14907.3
0.02435 14907.3
0.02436 14907.3
0.02437 14907.3
0.02438 14907.3
0.02439 14907.3
0.02440 14907.3
0.02441 14907.3
0.02442 14907.3
0.02443 14907.3
0.02444 14907.3
0.02445 14907.3
0.02446 14907.3
0.02447 14907.3
0.02448 14907.3
0.02449 14907.3
0.02450 14907.3
0.02451 14907.3
0.02452 14907.3
0.02453 14907.3
0.02454 14907.3
0.02455 14907.3
0.02456 14907.3
0.02457 14907.3
0.02458 14907.3
0.02459 14907.3
0.02460 14907.3
0.02461 14907.3
0.02462 14907.3
0.02463 14907.3
0.02464 14907.3
0.02465 14907.3
0.02466 14907.3
0.02467 14907.3
0.02468 14907.3
0.02469 14907.3
0.02470 14907.3
0.02471 14907.3
0.02472 14907.3
0.02473 14907.3
0.02474 14907.3
0.02475 14907.3
0.02476 14907.3
0.02477 14907.3
0.02478 14907.3
0.02479 14907.3
0.02480 14907.3
0.02481 14907.3
0.02482 14907.3
0.02483 14907.3
0.02484 14907.3
0.02485 14907.3
0.02486 14907.3
0.02487 14907.3
0.02488 14907.3
0.02489 14907.3
0.02490 14907.3
0.02491 14907.3
0.02492 14907.3
0.02493 14907.3
0.02494 14907.3
0.02495 14907.3
0.02496 14907.3
0.02497 14907.3
0.02498 14907.3
0.02499 14907.3
0.02500 14907.3
0.02501 14907.3
0.02502 14907.3
0.02503 14907.3
0.02504 14907.3
0.02505 14907.3
0.02506 14907.3
0.02507 14907.3
0.02508 14907.3
0.02509 14907.3
0.02510 14907.3
0.02511 14907.3
0.02512 14907.3
0.02513 14907.3
0.02514 14907.3
0.02515 14907.3
0.02516 14907.3
0.02517 14907.3
0.02518 14907.3
0.02519 14907.3
0.02520 14907.3
0.02521 14907.3
0.02522 14907.3
0.02523 14907.3
0.02524 14907.3
0.02525 14907.3
0.02526 14907.3
0.02527 14907.3
0.02528 14907.3
0.02529 14907.3
0.02530 14907.3
0.02531 14907.3
0.02532 14907.3
0.02533 14907.3
0.02534 14907.3
0.02535 14907.3
0.02536 14907.3
0.02537 14907.3
0.02538 14907.3
0.02539 14907.3
0.02540 14907.3
0.02541 14907.3
0.02542 14907.3
0.02543 14907.3
0.02544 14907.3
0.02545 14907.3
0.02546 14907.3
0.02547 14907.3
0.02548 14907.3
0.02549 14907.3
0.02550 14907.3
0.02551 14907.3
0.02552 14907.3
0.02553 14907.3
0.02554 14907.3
0.02555 14907.3
0.02556 14907.3
0.02557 14907.3
0.02558 14907.3
0.02559 14907.3
0.02560 14907.3
0.02561 14907.3
0.02562 14907.3
0.02563 14907.3
0.02564 14907.3
0.02565 14907.3
0.02566 14907.3
0.02567 14907.3
0.02568 14907.3
0.02569 14907.3
0.02570 14907.3
0.02571 14907.3
0.02572 14907.3
0.02573 14907.3
0.02574 14907.3
0.02575 14907.3
0.02576 14907.3
0.02577 14907.3
0.02578 14907.3
0.02579 14907.3
0.02580 14907.3
0.02581 14907.3
0.02582 14907.3
0.02583 14907.3
0.02584 14907.3
0.02585 14907.3
0.02586 14907.3
0.02587 14907.3
0.02588 14907.3
0.02589 14907.3
0.02590 14907.3
0.02591 14907.3
0.02592 14907.3
0.02593 14907.3
0.02594 14907.3
0.02595 14907.3
0.02596 14907.3
0.02597 14907.3
0.02598 14907.3
0.02599 14907.3
0.02600 14907.3
0.02601 14907.3
0.02602 14907.3
0.02603 14907.3
0.02604 14907.3
0.02605 14907.3
0.02606 14907.3
0.02607 14907.3
0.02608 14907.3
0.02609 14907.3
0.02610 14907.3
0.02611 14907.3
0.02612 14907.3
0.02613 14907.3
0.02614 14907.3
0.02615 14907.3
0.02616 14907.3
0.02617 14907.3
0.02618 14907.3
0.02619 14907.3
0.02620 14907.3
0.02621 14907.3
0.02622 14907.3
0.02623 14907.3
0.02624 14907.3
0.02625 14907.3
0.02626 14907.3
0.02627 14907.3
0.02628 14907.3
0.02629 14907.3
0.02630 14907.3
0.02631 14907.3
0.02632 14907.3
0.02633 14907.3
0.02634 14907.3
0.02635 14907.3
0.02636 14907.3
0.02637 14907.3
0.02638 14907.3
0.02639 14907.3
0.02640 14907.3
0.02641 14907.3
0.02642 14907.3
0.02643 14907.3
0.02644 14907.3
0.02645 14907.3
0.02646 14907.3
0.02647 14907.3
0.02648 14907.3
0.02649 14907.3
0.02650 14907.3
0.02651 14907.3
0.02652 14907.3
0.02653 14907.3
0.02654 14907.3
0.02655 14907.3
0.02656 14907.3
0.02657 14907.3
0.02658 14907.3
0.02659 14907.3
0.02660 14907.3
0.02661 14907.3
0.02662 14907.3
0.02663 14907.3
0.02664 14907.3
0.02665 14907.3
0.02666 14907.3
0.02667 14907.3
0.02668 14907.3
0.02669 14907.3
0.02670 14907.3
0.02671 14907.3
0.02672 14907.3
0.02673 14907.3
0.02674 14907.3
0.02675 14907.3
0.02676 14907.3
0.02677 14907.3
0.02678 14907.3
0.02679 14907.3
0.02680 14907.3
0.02681 14907.3
0.02682 14907.3
0.02683 14907.3
0.02684 14907.3
0.02685 14907.3
0.02686 14907.3
0.02687 14907.3
0.02688 14907.3
0.02689 14907.3
0.02690 14907.3
0.02691 14907.3
0.02692 14907.3
0.02693 14907.3
0.02694 14907.3
0.02695 14907.3
0.02696 14907.3
0.02697 14907.3
0.02698 14907.3
0.02699 14907.3
0.02700 14907.3
0.02701 14907.3
0.02702 14907.3
0.02703 14907.3
0.02704 14907.3
0.02705 14907.3
0.02706 14907.3
0.02707 14907.3
0.02708 14907.3
0.02709 14907.3
0.02710 14907.3
0.02711 14907.3
0.02712 14907.3
0.02713 14907.3
0.02714 14907.3
0.02715 14907.3
0.02716 14907.3
0.02717 14907.3
0.02718 14907.3
0.02719 14907.3
0.02720 14907.3
0.02721 14907.3
0.02722 14907.3
0.02723 14907.3
0.02724 14907.3
0.02725 14907.3
0.02726 14907.3
0.02727 14907.3
0.02728 14907.3
0.02729 14907.3
0.02730 14907.3
0.02731 14907.3
0.02732 14907.3
0.02733 14907.3
0.02734 14907.3
0.02735 14907.3
0.02736 14907.3
0.02737 14907.3
0.02738 14907.3
0.02739 14907.3
0.02740 14907.3
0.02741 14907.3
0.02742 14907.3
0.02743 14907.3
0.02744 14907.3
0.02745 14907.3
0.02746 14907.3
0.02747 14907.3
0.02748 14907.3
0.02749 14907.3
0.02750 14907.3
0.02751 14907.3
0.02752 14907.3
0.02753 14907.3
0.02754 14907.3
0.02755 14907.3
0.02756 14907.3
0.02757 14907.3
0.02758 14907.3
0.02759 14907.3
0.02760 14907.3
0.02761 14907.3
0.02762 14907.3
0.02763 14907.3
0.02764 14907.3
0.02765 14907.3
0.02766 14907.3
0.02767 14907.3
0.02768 14907.3
0.02769 14907.3
0.02770 14907.3
0.02771 14907.3
0.02772 14907.3
0.02773 14907.3
0.02774 14907.3
0.02775 14907.3
0.02776 14907.3
0.02777 14907.3
0.02778 14907.3
0.02779 14907.3
0.02780 14907.3
0.02781 14907.3
0.02782 14907.3
0.02783 14907.3
0.02784 14907.3
0.02785 14907.3
0.02786 14907.3
0.02787 14907.3
0.02788 14907.3
0.02789 14907.3
0.02790 14907.3
0.02791 14907.3
0.02792 14907.3
0.02793 14907.3
0.02794 14907.3
0.02795 14907.3
0.02796 14907.3
0.02797 14907.3
0.02798 14907.3
0.02799 14907.3
0.02800 14907.3
0.02801 14907.3
0.02802 14907.3
0.02803 14907.3
0.02804 14907.3
0.02805 14907.3
0.02806 14907.3
0.02807 14907.3
0.02808 14907.3
0.02809 14907.3
0.02810 14907.3
0.02811 14907.3
0.02812 14907.3
0.02813 14907.3
0.02814 14907.3
0.02815 14907.3
0.02816 14907.3
0.02817 14907.3
0.02818 14907.3
0.02819 14907.3
0.02820 14907.3
0.02821 14907.3
0.02822 14907.3
0.02823 14907.3
0.02824 14907.3
0.02825 14907.3
0.02826 14907.3
0.02827 14907.3
0.02828 14907.3
0.02829 14907.3
0.02830 14907.3
0.02831 14907.3
0.02832 14907.3
0.02833 14907.3
0.02834 14907.3
0.02835 14907.3
0.02836 14907.3
0.02837 14907.3
0.02838 14907.3
0.02839 14907.3
0.02840 14907.3
0.02841 14907.3
0.02842 14907.3
0.02843 14907.3
0.02844 14907.3
0.02845 14907.3
0.02846 14907.3
0.02847 14907.3
0.02848 14907.3
0.02849 14907.3
0.02850 14907.3
0.02851 14907.3
0.02852 14907.3
0.02853 14907.3
0.02854 14907.3
0.02855 14907.3
0.02856 14907.3
0.02857 14907.3
0.02858 14907.3
0.02859 14907.3
0.02860 14907.3
0.02861 14907.3
0.02862 14907.3
0.02863 14907.3
0.02864 14907.3
0.02865 14907.3
0.02866 14907.3
0.02867 14907.3
0.02868 14907.3
0.02869 14907.3
0.02870 14907.3
0.02871 14907.3
0.02872 14907.3
0.02873 14907.3
0.02874 14907.3
0.02875 14907.3
0.02876 14907.3
0.02877 14907.3
0.02878 14907.3
0.02879 14907.3
0.02880 14907.3
0.02881 14907.3
0.02882 14907.3
0.02883 14907.3
0.02884 14907.3
0.02885 14907.3
0.02886 14907.3
0.02887 14907.3
0.02888 14907.3
0.02889 14907.3
0.02890 14907.3
0.02891 14907.3
0.02892 14907.3
0.02893 14907.3
0.02894 14907.3
0.02895 14907.3
0.02896 14907.3
0.02897 14907.3
0.02898 14907.3
0.02899 14907.3
0.02900 14907.3
0.02901 14907.3
0.02902 14907.3
0.02903 14907.3
0.02904 14907.3
0.02905 14907.3
0.02906 14907.3
0.02907 14907.3
0.02908 14907.3
0.02909 14907.3
0.02910 14907.3
0.02911 14907.3
0.02912 14907.3
0.02913 14907.3
0.02914 14907.3
0.02915 14907.3
0.02916 14907.3
0.02917 14907.3
0.02918 14907.3
0.02919 14907.3
0.02920 14907.3
0.02921 14907.3
0.02922 14907.3
0.02923 14907.3
0.02924 14907.3
0.02925 14907.3
0.02926 14907.3
0.02927 14907.3
0.02928 14907.3
0.02929 14907.3
0.02930 14907.3
0.02931 14907.3
0.02932 14907.3
0.02933 14907.3
0.02934 14907.3
0.02935 14907.3
0.02936 14907.3
0.02937 14907.3
0.02938 14907.3
0.02939 14907.3
0.02940 14907.3
0.02941 14907.3
0.02942 14907.3
0.02943 14907.3
0.02944 14907.3
0.02945 14907.3
0.02946 14907.3
0.02947 14907.3
0.02948 14907.3
0.02949 14907.3
0.02950 14907.3
0.02951 14907.3
0.02952 14907.3
0.02953 14907.3
0.02954 14907.3
0.02955 14907.3
0.02956 14907.3
0.02957 14907.3
0.02958 14907.3
0.02959 14907.3
0.02960 14907.3
0.02961 14907.3
0.02962 14907.3
0.02963 14907.3
0.02964 14907.3
0.02965 14907.3
0.02966 14907.3
0.02967 14907.3
0.02968 14907.3
0.02969 14907.3
0.02970 14907.3
0.02971 14907.3
0.02972 14907.3
0.02973 14907.3
0.02974 14907.3
0.02975 14907.3
0.02976 14907.3
0.02977 14907.3
0.02978 14907.3
0.02979 14907.3
0.02980 14907.3
0.02981 14907.3
0.02982 14907.3
0.02983 14907.3
0.02984 14907.3
0.02985 14907.3
0.02986 14907.3
0.02987 14907.3
0.02988 14907.3
0.02989 14907.3
0.02990 14907.3
0.02991 14907.3
0.02992 14907.3
0.02993 14907.3
0.02994 14907.3
0.02995 14907.3
0.02996 14907.3
0.02997 14907.3
0.02998 14907.3
0.02999 14907.3
0.03000 14907.3
0.03001 14907.3
0.03002 14907.3
0.03003 14907.3
0.03004 14907.3
0.03005 14907.3
0.03006 14907.3
0.03007 14907.3
0.03008 14907.3
0.03009 14907.3
0.03010 14907.3
0.03011 14907.3
0.03012 14907.3
0.03013 14907.3
0.03014 14907.3
0.03015 14907.3
0.03016 14907.3
0.03017 14907.3
0.03018 14907.3
0.03019 14907.3
0.03020 14907.3
0.03021 14907.3
0.03022 14907.3
0.03023 14907.3
0.03024 14907.3
0.03025 14907.3
0.03026 14907.3
0.03027 14907.3
0.03028 14907.3
0.03029 14907.3
0.03030 14907.3
0.03031 14907.3
0.03032 14907.3
0.03033 14907.3
0.03034 14907.3
0.03035 14907.3
0.03036 14907.3
0.03037 14907.3
0.03038 14907.3
0.03039 14907.3
0.03040 14907.3
0.03041 14907.3
0.03042 14907.3
0.03043 14907.3
0.03044 14907.3
0.03045 14907.3
0.03046 14907.3
0.03047 14907.3
0.03048 14907.3
0.03049 14907.3
0.03050 14907.3
0.03051 14907.3
0.03052 14907.3
0.03053 14907.3
0.03054 14907.3
0.03055 14907.3
0.03056 14907.3
0.03057 14907.3
0.03058 14907.3
0.03059 14907.3
0.03060 14907.3
0.03061 14907.3
0.03062 14907.3
0.03063 14907.3
0.03064 14907.3
0.03065 14907.3
0.03066 14907.3
0.03067 14907.3
0.03068 14907.3
0.03069 14907.3
0.03070 14907.3
0.03071 14907.3
0.03072 14907.3
0.03073 14907.3
0.03074 14907.3
0.03075 14907.3
0.03076 14907.3
0.03077 14907.3
0.03078 14907.3
0.03079 14907.3
0.03080 14907.3
0.03081 14907.3
0.03082 14907.3
0.03083 14907.3
0.03084 14907.3
0.03085 14907.3
0.03086 14907.3
0.03087 14907.3
0.03088 14907.3
0.03089 14907.3
0.03090 14907.3
0.03091 14907.3
0.03092 14907.3
0.03093 14907.3
0.03094 14907.3
0.03095 14907.3
0.03096 14907.3
0.03097 14907.3
0.03098 14907.3
0.03099 14907.3
0.03100 14907.3
0.03101 14907.3
0.03102 14907.3
0.03103 14907.3
0.03104 14907.3
0.03105 14907.3
0.03106 14907.3
0.03107 14907.3
0.03108 14907.3
0.03109 14907.3
0.03110 14907.3
0.03111 14907.3
0.03112 14907.3
0.03113 14907.3
0.03114 14907.3
0.03115 14907.3
0.03116 14907.3
0.03117 14907.3
0.03118 14907.3
0.03119 14907.3
0.03120 14907.3
0.03121 14907.3
0.03122 14907.3
0.03123 14907.3
0.03124 14907.3
0.03125 14907.3
0.03126 14907.3
0.03127 14907.3
0.03128 14907.3
0.03129 14907.3
0.03130 14907.3
0.03131 14907.3
0.03132 14907.3
0.03133 14907.3
0.03134 14907.3
0.03135 14907.3
0.03136 14907.3
0.03137 14907.3
0.03138 14907.3
0.03139 14907.3
0.03140 14907.3
0.03141 14907.3
0.03142 14907.3
0.03143 14907.3
0.03144 14907.3
0.03145 14907.3
0.03146 14907.3
0.03147 14907.3
0.03148 14907.3
0.03149 14907.3
0.03150 14907.3
0.03151 14907.3
0.03152 14907.3
0.03153 14907.3
0.03154 14907.3
0.03155 14907.3
0.03156 14907.3
0.03157 14907.3
0.03158 14907.3
0.03159 14907.3
0.03160 14907.3
0.03161 14907.3
0.03162 14907.3
0.03163 14907.3
0.03164 14907.3
0.03165 14907.3
0.03166 14907.3
0.03167 14907.3
0.03168 14907.3
0.03169 14907.3
0.03170 14907.3
0.03171 14907.3
0.03172 14907.3
0.03173 14907.3
0.03174 14907.3
0.03175 14907.3
0.03176 14907.3
0.03177 14907.3
0.03178 14907.3
0.03179 14907.3
0.03180 14907.3
0.03181 14907.3
0.03182 14907.3
0.03183 14907.3
0.03184 14907.3
0.03185 14907.3
0.03186 14907.3
0.03187 14907.3
0.03188 14907.3
0.03189 14907.3
0.03190 14907.3
0.03191 14907.3
0.03192 14907.3
0.03193 14907.3
0.03194 14907.3
0.03195 14907.3
0.03196 14907.3
0.03197 14907.3
0.03198 14907.3
0.03199 14907.3
0.03200 14907.3
0.03201 14907.3
0.03202 14907.3
0.03203 14907.3
0.03204 14907.3
0.03205 14907.3
0.03206 14907.3
0.03207 14907.3
0.03208 14907.3
0.03209 14907.3
0.03210 14907.3
0.03211 14907.3
0.03212 14907.3
0.03213 14907.3
0.03214 14907.3
0.03215 14907.3
0.03216 14907.3
0.03217 14907.3
0.03218 14907.3
0.03219 14907.3
0.03220 14907.3
0.03221 14907.3
0.03222 14907.3
0.03223 14907.3
0.03224 14907.3
0.03225 14907.3
0.03226 14907.3
0.03227 14907.3
0.03228 14907.3
0.03229 14907.3
0.03230 14907.3
0.03231 14907.3
0.03232 14907.3
0.03233 14907.3
0.03234 14907.3
0.03235 14907.3
0.03236 14907.3
0.03237 14907.3
0.03238 14907.3
0.03239 14907.3
0.03240 14907.3
0.03241 14907.3
0.03242 14907.3
0.03243 14907.3
0.03244 14907.3
0.03245 14907.3
0.03246 14907.3
0.03247 14907.3
0.03248 14907.3
0.03249 14907.3
0.03250 14907.3
0.03251 14907.3
0.03252 14907.3
0.03253 14907.3
0.03254 14907.3
0.03255 14907.3
0.03256 14907.3
0.03257 14907.3
0.03258 14907.3
0.03259 14907.3
0.03260 14907.3
0.03261 14907.3
0.03262 14907.3
0.03263 14907.3
0.03264 14907.3
0.03265 14907.3
0.03266 14907.3
0.03267 14907.3
0.03268 14907.3
0.03269 14907.3
0.03270 14907.3
0.03271 14907.3
0.03272 14907.3
0.03273 14907.3
0.03274 14907.3
0.03275 14907.3
0.03276 14907.3
0.03277 14907.3
0.03278 14907.3
0.03279 14907.3
0.03280 14907.3
0.03281 14907.3
0.03282 14907.3
0.03283 14907.3
0.03284 14907.3
0.03285 14907.3
0.03286 14907.3
0.03287 14907.3
0.03288 14907.3
0.03289 14907.3
0.03290 14907.3
0.03291 14907.3
0.03292 14907.3
0.03293 14907.3
0.03294 14907.3
0.03295 14907.3
0.03296 14907.3
0.03297 14907.3
0.03298 14907.3
0.03299 14907.3
0.03300 14907.3
0.03301 14907.3
0.03302 14907.3
0.03303 14907.3
0.03304 14907.3
0.03305 14907.3
0.03306 14907.3
0.03307 14907.3
0.03308 14907.3
0.03309 14907.3
0.03310 14907.3
0.03311 14907.3
0.03312 14907.3
0.03313 14907.3
0.03314 14907.3
0.03315 14907.3
0.03316 14907.3
0.03317 14907.3
0.03318 14907.3
0.03319 14907.3
0.03320 14907.3
0.03321 14907.3
0.03322 14907.3
0.03323 14907.3
0.03324 14907.3
0.03325 14907.3
0.03326 14907.3
0.03327 14907.3
0.03328 14907.3
0.03329 14907.3
0.03330 14907.3
0.03331 14907.3
0.03332 14907.3
0.03333 14907.3
0.03334 14907.3
0.03335 14907.3
0.03336 14907.3
0.03337 14907.3
0.03338 14907.3
0.03339 14907.3
0.03340 14907.3
0.03341 14907.3
0.03342 14907.3
0.03343 14907.3
0.03344 14907.3
0.03345 14907.3
0.03346 14907.3
0.03347 14907.3
0.03348 14907.3
0.03349 14907.3
0.03350 14907.3
0.03351 14907.3
0.03352 14907.3
0.03353 14907.3
0.03354 14907.3
0.03355 14907.3
0.03356 14907.3
0.03357 14907.3
0.03358 14907.3
0.03359 14907.3
0.03360 14907.3
0.03361 14907.3
0.03362 14907.3
0.03363 14907.3
0.03364 14907.3
0.03365 14907.3
0.03366 14907.3
0.03367 14907.3
0.03368 14907.3
0.03369 14907.3
0.03370 14907.3
0.03371 14907.3
0.03372 14907.3
0.03373 14907.3
0.03374 14907.3
0.03375 14907.3
0.03376 14907.3
0.03377 14907.3
0.03378 14907.3
0.03379 14907.3
0.03380 14907.3
0.03381 14907.3
0.03382 14907.3
0.03383 14907.3
0.03384 14907.3
0.03385 14907.3
0.03386 14907.3
0.03387 14907.3
0.03388 14907.3
0.03389 14907.3
0.03390 14907.3
0.03391 14907.3
0.03392 14907.3
0.03393 14907.3
0.03394 14907.3
0.03395 14907.3
0.03396 14907.3
0.03397 14907.3
0.03398 14907.3
0.03399 14907.3
0.03400 14907.3
0.03401 14907.3
0.03402 14907.3
0.03403 14907.3
0.03404 14907.3
0.03405 14907.3
0.03406 14907.3
0.03407 14907.3
0.03408 14907.3
0.03409 14907.3
0.03410 14907.3
0.03411 14907.3
0.03412 14907.3
0.03413 14907.3
0.03414 14907.3
0.03415 14907.3
0.03416 14907.3
0.03417 14907.3
0.03418 14907.3
0.03419 14907.3
0.03420 14907.3
0.03421 14907.3
0.03422 14907.3
0.03423 14907.3
0.03424 14907.3
0.03425 14907.3
0.03426 14907.3
0.03427 14907.3
0.03428 14907.3
0.03429 14907.3
0.03430 14907.3
0.03431 14907.3
0.03432 14907.3
0.03433 14907.3
0.03434 14907.3
0.03435 14907.3
0.03436 14907.3
0.03437 14907.3
0.03438 14907.3
0.03439 14907.3
0.03440 14907.3
0.03441 14907.3
0.03442 14907.3
0.03443 14907.3
0.03444 14907.3
0.03445 14907.3
0.03446 14907.3
0.03447 14907.3
0.03448 14907.3
0.03449 14907.3
0.03450 14907.3
0.03451 14907.3
0.03452 14907.3
0.03453 14907.3
0.03454 14907.3
0.03455 14907.3
0.03456 14907.3
0.03457 14907.3
0.03458 14907.3
0.03459 14907.3
0.03460 14907.3
0.03461 14907.3
0.03462 14907.3
0.03463 14907.3
0.03464 14907.3
0.03465 14907.3
0.03466 14907.3
0.03467 14907.3
0.03468 14907.3
0.03469 14907.3
0.03470 14907.3
0.03471 14907.3
0.03472 14907.3
0.03473 14907.3
0.03474 14907.3
0.03475 14907.3
0.03476 14907.3
0.03477 14907.3
0.03478 14907.3
0.03479 14907.3
0.03480 14907.3
0.03481 14907.3
0.03482 14907.3
0.03483 14907.3
0.03484 14907.3
0.03485 14907.3
0.03486 14907.3
0.03487 14907.3
0.03488 14907.3
0.03489 14907.3
0.03490 14907.3
0.03491 14907.3
0.03492 14907.3
0.03493 14907.3
0.03494 14907.3
0.03495 14907.3
0.03496 14907.3
0.03497 14907.3
0.03498 14907.3
0.03499 14907.3
0.03500 14907.3
0.03501 14907.3
0.03502 14907.3
0.03503 14907.3
0.03504 14907.3
0.03505 14907.3
0.03506 14907.3
0.03507 14907.3
0.03508 14907.3
0.03509 14907.3
0.03510 14907.3
0.03511 14907.3
0.03512 14907.3
0.03513 14907.3
0.03514 14907.3
0.03515 14907.3
0.03516 14907.3
0.03517 14907.3
0.03518 14907.3
0.03519 14907.3
0.03520 14907.3
0.03521 14907.3
0.03522 14907.3
0.03523 14907.3
0.03524 14907.3
0.03525 14907.3
0.03526 14907.3
0.03527 14907.3
0.03528 14907.3
0.03529 14907.3
0.03530 14907.3
0.03531 14907.3
0.03532 14907.3
0.03533 14907.3
0.03534 14907.3
0.03535 14907.3
0.03536 14907.3
0.03537 14907.3
0.03538 14907.3
0.03539 14907.3
0.03540 14907.3
0.03541 14907.3
0.03542 14907.3
0.03543 14907.3
0.03544 14907.3
0.03545 14907.3
0.03546 14907.3
0.03547 14907.3
0.03548 14907.3
0.03549 14907.3
0.03550 14907.3
0.03551 14907.3
0.03552 14907.3
0.03553 14907.3
0.03554 14907.3
0.03555 14907.3
0.03556 14907.3
0.03557 14907.3
0.03558 14907.3
0.03559 14907.3
0.03560 14907.3
0.03561 14907.3
0.03562 14907.3
0.03563 14907.3
0.03564 14907.3
0.03565 14907.3
0.03566 14907.3
0.03567 14907.3
0.03568 14907.3
0.03569 14907.3
0.03570 14907.3
0.03571 14907.3
0.03572 14907.3
0.03573 14907.3
0.03574 14907.3
0.03575 14907.3
0.03576 14907.3
0.03577 14907.3
0.03578 14907.3
0.03579 14907.3
0.03580 14907.3
0.03581 14907.3
0.03582 14907.3
0.03583 14907.3
0.03584 14907.3
0.03585 14907.3
0.03586 14907.3
0.03587 14907.3
0.03588 14907.3
0.03589 14907.3
0.03590 14907.3
0.03591 14907.3
0.03592 14907.3
0.03593 14907.3
0.03594 14907.3
0.03595 14907.3
0.03596 14907.3
0.03597 14907.3
0.03598 14907.3
0.03599 14907.3
0.03600 14907.3
0.03601 14907.3
0.03602 14907.3
0.03603 14907.3
0.03604 14907.3
0.03605 14907.3
0.03606 14907.3
0.03607 14907.3
0.03608 14907.3
0.03609 14907.3
0.03610 14907.3
0.03611 14907.3
0.03612 14907.3
0.03613 14907.3
0.03614 14907.3
0.03615 14907.3
0.03616 14907.3
0.03617 14907.3
0.03618 14907.3
0.03619 14907.3
0.03620 14907.3
0.03621 14907.3
0.03622 14907.3
0.03623 14907.3
0.03624 14907.3
0.03625 14907.3
0.03626 14907.3
0.03627 14907.3
0.03628 14907.3
0.03629 14907.3
0.03630 14907.3
0.03631 14907.3
0.03632 14907.3
0.03633 14907.3
0.03634 14907.3
0.03635 14907.3
0.03636 14907.3
0.03637 14907.3
0.03638 14907.3
0.03639 14907.3
0.03640 14907.3
0.03641 14907.3
0.03642 14907.3
0.03643 14907.3
0.03644 14907.3
0.03645 14907.3
0.03646 14907.3
0.03647 14907.3
0.03648 14907.3
0.03649 14907.3
0.03650 14907.3
0.03651 14907.3
0.03652 14907.3
0.03653 14907.3
0.03654 14907.3
0.03655 14907.3
0.03656 14907.3
0.03657 14907.3
0.03658 14907.3
0.03659 14907.3
0.03660 14907.3
0.03661 14907.3
0.03662 14907.3
0.03663 14907.3
0.03664 14907.3
0.03665 14907.3
0.03666 14907.3
0.03667 14907.3
0.03668 14907.3
0.03669 14907.3
0.03670 14907.3
0.03671 14907.3
0.03672 14907.3
0.03673 14907.3
0.03674 14907.3
0.03675 14907.3
0.03676 14907.3
0.03677 14907.3
0.03678 14907.3
0.03679 14907.3
0.03680 14907.3
0.03681 14907.3
0.03682 14907.3
0.03683 14907.3
0.03684 14907.3
0.03685 14907.3
0.03686 14907.3
0.03687 14907.3
0.03688 14907.3
0.03689 14907.3
0.03690 14907.3
0.03691 14907.3
0.03692 14907.3
0.03693 14907.3
0.03694 14907.3
0.03695 14907.3
0.03696 14907.3
0.03697 14907.3
0.03698 14907.3
0.03699 14907.3
0.03700 14907.3
0.03701 14907.3
0.03702 14907.3
0.03703 14907.3
0.03704 14907.3
0.03705 14907.3
0.03706 14907.3
0.03707 14907.3
0.03708 14907.3
0.03709 14907.3
0.03710 14907.3
0.03711 14907.3
0.03712 14907.3
0.03713 14907.3
0.03714 14907.3
0.03715 14907.3
0.03716 14907.3
0.03717 14907.3
0.03718 14907.3
0.03719 14907.3
0.03720 14907.3
0.03721 14907.3
0.03722 14907.3
0.03723 14907.3
0.03724 14907.3
0.03725 14907.3
0.03726 14907.3
0.03727 14907.3
0.03728 14907.3
0.03729 14907.3
0.03730 14907.3
0.03731 14907.3
0.03732 14907.3
0.03733 14907.3
0.03734 14907.3
0.03735 14907.3
0.03736 14907.3
0.03737 14907.3
0.03738 14907.3
0.03739 14907.3
0.03740 14907.3
0.03741 14907.3
0.03742 14907.3
0.03743 14907.3
0.03744 14907.3
0.03745 14907.3
0.03746 14907.3
0.03747 14907.3
0.03748 14907.3
0.03749 14907.3
0.03750 14907.3
0.03751 14907.3
0.03752 14907.3
0.03753 14907.3
0.03754 14907.3
0.03755 14907.3
0.03756 14907.3
0.03757 14907.3
0.03758 14907.3
0.03759 14907.3
0.03760 14907.3
0.03761 14907.3
0.03762 14907.3
0.03763 14907.3
0.03764 14907.3
0.03765 14907.3
0.03766 14907.3
0.03767 14907.3
0.03768 14907.3
0.03769 14907.3
0.03770 14907.3
0.03771 14907.3
0.03772 14907.3
0.03773 14907.3
0.03774 14907.3
0.03775 14907.3
0.03776 14907.3
0.03777 14907.3
0.03778 14907.3
0.03779 14907.3
0.03780 14907.3
0.03781 14907.3
0.03782 14907.3
0.03783 14907.3
0.03784 14907.3
0.03785 14907.3
0.03786 14907.3
0.03787 14907.3
0.03788 14907.3
0.03789 14907.3
0.03790 14907.3
0.03791 14907.3
0.03792 14907.3
0.03793 14907.3
0.03794 14907.3
0.03795 14907.3
0.03796 14907.3
0.03797 14907.3
0.03798 14907.3
0.03799 14907.3
0.03800 14907.3
0.03801 14907.3
0.03802 14907.3
0.03803 14907.3
0.03804 14907.3
0.03805 14907.3
0.03806 14907.3
0.03807 14907.3
0.03808 14907.3
0.03809 14907.3
0.03810 14907.3
0.03811 14907.3
0.03812 14907.3
0.03813 14907.3
0.03814 14907.3
0.03815 14907.3
0.03816 14907.3
0.03817 14907.3
0.03818 14907.3
0.03819 14907.3
0.03820 14907.3
0.03821 14907.3
0.03822 14907.3
0.03823 14907.3
0.03824 14907.3
0.03825 14907.3
0.03826 14907.3
0.03827 14907.3
0.03828 14907.3
0.03829 14907.3
0.03830 14907.3
0.03831 14907.3
0.03832 14907.3
0.03833 14907.3
0.03834 14907.3
0.03835 14907.3
0.03836 14907.3
0.03837 14907.3
0.03838 14907.3
0.03839 14907.3
0.03840 14907.3
0.03841 14907.3
0.03842 14907.3
0.03843 14907.3
0.03844 14907.3
0.03845 14907.3
0.03846 14907.3
0.03847 14907.3
0.03848 14907.3
0.03849 14907.3
0.03850 14907.3
0.03851 14907.3
0.03852 14907.3
0.03853 14907.3
0.03854 14907.3
0.03855 14907.3
0.03856 14907.3
0.03857 14907.3
0.03858 14907.3
0.03859 14907.3
0.03860 14907.3
0.03861 14907.3
0.03862 14907.3
0.03863 14907.3
0.03864 14907.3
0.03865 14907.3
0.03866 14907.3
0.03867 14907.3
0.03868 14907.3
0.03869 14907.3
0.03870 14907.3
0.03871 14907.3
0.03872 14907.3
0.03873 14907.3
0.03874 14907.3
0.03875 14907.3
0.03876 14907.3
0.03877 14907.3
0.03878 14907.3
0.03879 14907.3
0.03880 14907.3
0.03881 14907.3
0.03882 14907.3
0.03883 14907.3
0.03884 14907.3
0.03885 14907.3
0.03886 14907.3
0.03887 14907.3
0.03888 14907.3
0.03889 14907.3
0.03890 14907.3
0.03891 14907.3
0.03892 14907.3
0.03893 14907.3
0.03894 14907.3
0.03895 14907.3
0.03896 14907.3
0.03897 14907.3
0.03898 14907.3
0.03899 14907.3
0.03900 14907.3
0.03901 14907.3
0.03902 14907.3
0.03903 14907.3
0.03904 14907.3
0.03905 14907.3
0.03906 14907.3
0.03907 14907.3
0.03908 14907.3
0.03909 14907.3
0.03910 14907.3
0.03911 14907.3
0.03912 14907.3
0.03913 14907.3
0.03914 14907.3
0.03915 14907.3
0.03916 14907.3
0.03917 14907.3
0.03918 14907.3
0.03919 14907.3
0.03920 14907.3
0.03921 14907.3
0.03922 14907.3
0.03923 14907.3
0.03924 14907.3
0.03925 14907.3
0.03926 14907.3
0.03927 14907.3
0.03928 14907.3
0.03929 14907.3
0.03930 14907.3
0.03931 14907.3
0.03932 14907.3
0.03933 14907.3
0.03934 14907.3
0.03935 14907.3
0.03936 14907.3
0.03937 14907.3
0.03938 14907.3
0.03939 14907.3
0.03940 14907.3
0.03941 14907.3
0.03942 14907.3
0.03943 14907.3
0.03944 14907.3
0.03945 14907.3
0.03946 14907.3
0.03947 14907.3
0.03948 14907.3
0.03949 14907.3
0.03950 14907.3
0.03951 14907.3
0.03952 14907.3
0.03953 14907.3
0.03954 14907.3
0.03955 14907.3
0.03956 14907.3
0.03957 14907.3
0.03958 14907.3
0.03959 14907.3
0.03960 14907.3
0.03961 14907.3
0.03962 14907.3
0.03963 14907.3
0.03964 14907.3
0.03965 14907.3
0.03966 14907.3
0.03967 14907.3
0.03968 14907.3
0.03969 14907.3
0.03970 14907.3
0.03971 14907.3
0.03972 14907.3
0.03973 14907.3
0.03974 14907.3
0.03975 14907.3
0.03976 14907.3
0.03977 14907.3
0.03978 14907.3
0.03979 14907.3
0.03980 14907.3
0.03981 14907.3
0.03982 14907.3
0.03983 14907.3
0.03984 14907.3
0.03985 14907.3
0.03986 14907.3
0.03987 14907.3
0.03988 14907.3
0.03989 14907.3
0.03990 14907.3
0.03991 14907.3
0.03992 14907.3
0.03993 14907.3
0.03994 14907.3
0.03995 14907.3
0.03996 14907.3
0.03997 14907.3
0.03998 14907.3
0.03999 14907.3
0.04000 14907.3
0.04001 14907.3
0.04002 14907.3
0.04003 14907.3
0.04004 14907.3
0.04005 14907.3
0.04006 14907.3
0.04007 14907.3
0.04008 14907.3
0.04009 14907.3
0.04010 14907.3
0.04011 14907.3
0.04012 14907.3
0.04013 14907.3
0.04014 14907.3
0.04015 14907.3
0.04016 14907.3
0.04017 14907.3
0.04018 14907.3
0.04019 14907.3
0.04020 14907.3
0.04021 14907.3
0.04022 14907.3
0.04023 14907.3
0.04024 14907.3
0.04025 14907.3
0.04026 14907.3
0.04027 14907.3
0.04028 14907.3
0.04029 14907.3
0.04030 14907.3
0.04031 14907.3
0.04032 14907.3
0.04033 14907.3
0.04034 14907.3
0.04035 14907.3
0.04036 14907.3
0.04037 14907.3
0.04038 14907.3
0.04039 14907.3
0.04040 14907.3
0.04041 14907.3
0.04042 14907.3
0.04043 14907.3
0.04044 14907.3
0.04045 14907.3
0.04046 14907.3
0.04047 14907.3
0.04048 14907.3
0.04049 14907.3
0.04050 14907.3
0.04051 14907.3
0.04052 14907.3
0.04053 14907.3
0.04054 14907.3
0.04055 14907.3
0.04056 14907.3
0.04057 14907.3
0.04058 14907.3
0.04059 14907.3
0.04060 14907.3
0.04061 14907.3
0.04062 14907.3
0.04063 14907.3
0.04064 14907.3
0.04065 14907.3
0.04066 14907.3
0.04067 14907.3
0.04068 14907.3
0.04069 14907.3
0.04070 14907.3
0.04071 14907.3
0.04072 14907.3
0.04073 14907.3
0.04074 14907.3
0.04075 14907.3
0.04076 14907.3
0.04077 14907.3
0.04078 14907.3
0.04079 14907.3
0.04080 14907.3
0.04081 14907.3
0.04082 14907.3
0.04083 14907.3
0.04084 14907.3
0.04085 14907.3
0.04086 14907.3
0.04087 14907.3
0.04088 14907.3
0.04089 14907.3
0.04090 14907.3
0.04091 14907.3
0.04092 14907.3
0.04093 14907.3
0.04094 14907.3
0.04095 14907.3
0.04096 14907.3
0.04097 14907.3
0.04098 14907.3
0.04099 14907.3
0.04100 14907.3
0.04101 14907.3
0.04102 14907.3
0.04103 14907.3
0.04104 14907.3
0.04105 14907.3
0.04106 14907.3
0.04107 14907.3
0.04108 14907.3
0.04109 14907.3
0.04110 14907.3
0.04111 14907.3
0.04112 14907.3
0.04113 14907.3
0.04114 14907.3
0.04115 14907.3
0.04116 14907.3
0.04117 14907.3
0.04118 14907.3
0.04119 14907.3
0.04120 14907.3
0.04121 14907.3
0.04122 14907.3
0.04123 14907.3
0.04124 14907.3
0.04125 14907.3
0.04126 14907.3
0.04127 14907.3
0.04128 14907.3
0.04129 14907.3
0.04130 14907.3
0.04131 14907.3
0.04132 14907.3
0.04133 14907.3
0.04134 14907.3
0.04135 14907.3
0.04136 14907.3
0.04137 14907.3
0.04138 14907.3
0.04139 14907.3
0.04140 14907.3
0.04141 14907.3
0.04142 14907.3
0.04143 14907.3
0.04144 14907.3
0.04145 14907.3
0.04146 14907.3
0.04147 14907.3
0.04148 14907.3
0.04149 14907.3
0.04150 14907.3
0.04151 14907.3
0.04152 14907.3
0.04153 14907.3
0.04154 14907.3
0.04155 14907.3
0.04156 14907.3
0.04157 14907.3
0.04158 14907.3
0.04159 14907.3
0.04160 14907.3
0.04161 14907.3
0.04162 14907.3
0.04163 14907.3
0.04164 14907.3
0.04165 14907.3
0.04166 14907.3
0.04167 14907.3
0.04168 14907.3
0.04169 14907.3
0.04170 14907.3
0.04171 14907.3
0.04172 14907.3
0.04173 14907.3
0.04174 14907.3
0.04175 14907.3
0.04176 14907.3
0.04177 14907.3
0.04178 14907.3
0.04179 14907.3
0.04180 14907.3
0.04181 14907.3
0.04182 14907.3
0.04183 14907.3
0.04184 14907.3
0.04185 14907.3
0.04186 14907.3
0.04187 14907.3
0.04188 14907.3
0.04189 14907.3
0.04190 14907.3
0.04191 14907.3
0.04192 14907.3
0.04193 14907.3
0.04194 14907.3
0.04195 14907.3
0.04196 14907.3
0.04197 14907.3
0.04198 14907.3
0.04199 14907.3
0.04200 14907.3
0.04201 14907.3
0.04202 14907.3
0.04203 14907.3
0.04204 14907.3
0.04205 14907.3
0.04206 14907.3
0.04207 14907.3
0.04208 14907.3
0.04209 14907.3
0.04210 14907.3
0.04211 14907.3
0.04212 14907.3
0.04213 14907.3
0.04214 14907.3
0.04215 14907.3
0.04216 14907.3
0.04217 14907.3
0.04218 14907.3
0.04219 14907.3
0.04220 14907.3
0.04221 14907.3
0.04222 14907.3
0.04223 14907.3
0.04224 14907.3
0.04225 14907.3
0.04226 14907.3
0.04227 14907.3
0.04228 14907.3
0.04229 14907.3
0.04230 14907.3
0.04231 14907.3
0.04232 14907.3
0.04233 14907.3
0.04234 14907.3
0.04235 14907.3
0.04236 14907.3
0.04237 14907.3
0.04238 14907.3
0.04239 14907.3
0.04240 14907.3
0.04241 14907.3
0.04242 14907.3
0.04243 14907.3
0.04244 14907.3
0.04245 14907.3
0.04246 14907.3
0.04247 14907.3
0.04248 14907.3
0.04249 14907.3
0.04250 14907.3
0.04251 14907.3
0.04252 14907.3
0.04253 14907.3
0.04254 14907.3
0.04255 14907.3
0.04256 14907.3
0.04257 14907.3
0.04258 14907.3
0.04259 14907.3
0.04260 14907.3
0.04261 14907.3
0.04262 14907.3
0.04263 14907.3
0.04264 14907.3
0.04265 14907.3
0.04266 14907.3
0.04267 14907.3
0.04268 14907.3
0.04269 14907.3
0.04270 14907.3
0.04271 14907.3
0.04272 14907.3
0.04273 14907.3
0.04274 14907.3
0.04275 14907.3
0.04276 14907.3
0.04277 14907.3
0.04278 14907.3
0.04279 14907.3
0.04280 14907.3
0.04281 14907.3
0.04282 14907.3
0.04283 14907.3
0.04284 14907.3
0.04285 14907.3
0.04286 14907.3
0.04287 14907.3
0.04288 14907.3
0.04289 14907.3
0.04290 14907.3
0.04291 14907.3
0.04292 14907.3
0.04293 14907.3
0.04294 14907.3
0.04295 14907.3
0.04296 14907.3
0.04297 14907.3
0.04298 14907.3
0.04299 14907.3
0.04300 14907.3
0.04301 14907.3
0.04302 14907.3
0.04303 14907.3
0.04304 14907.3
0.04305 14907.3
0.04306 14907.3
0.04307 14907.3
0.04308 14907.3
0.04309 14907.3
0.04310 14907.3
0.04311 14907.3
0.04312 14907.3
0.04313 14907.3
0.04314 14907.3
0.04315 14907.3
0.04316 14907.3
0.04317 14907.3
0.04318 14907.3
0.04319 14907.3
0.04320 14907.3
0.04321 14907.3
0.04322 14907.3
0.04323 14907.3
0.04324 14907.3
0.04325 14907.3
0.04326 14907.3
0.04327 14907.3
0.04328 14907.3
0.04329 14907.3
0.04330 14907.3
0.04331 14907.3
0.04332 14907.3
0.04333 14907.3
0.04334 14907.3
0.04335 14907.3
0.04336 14907.3
0.04337 14907.3
0.04338 14907.3
0.04339 14907.3
0.04340 14907.3
0.04341 14907.3
0.04342 14907.3
0.04343 14907.3
0.04344 14907.3
0.04345 14907.3
0.04346 14907.3
0.04347 14907.3
0.04348 14907.3
0.04349 14907.3
0.04350 14907.3
0.04351 14907.3
0.04352 14907.3
0.04353 14907.3
0.04354 14907.3
0.04355 14907.3
0.04356 14907.3
0.04357 14907.3
0.04358 14907.3
0.04359 14907.3
0.04360 14907.3
0.04361 14907.3
0.04362 14907.3
0.04363 14907.3
0.04364 14907.3
0.04365 14907.3
0.04366 14907.3
0.04367 14907.3
0.04368 14907.3
0.04369 14907.3
0.04370 14907.3
0.04371 14907.3
0.04372 14907.3
0.04373 14907.3
0.04374 14907.3
0.04375 14907.3
0.04376 14907.3
0.04377 14907.3
0.04378 14907.3
0.04379 14907.3
0.04380 14907.3
0.04381 14907.3
0.04382 14907.3
0.04383 14907.3
0.04384 14907.3
0.04385 14907.3
0.04386 14907.3
0.04387 14907.3
0.04388 14907.3
0.04389 14907.3
0.04390 14907.3
0.04391 14907.3
0.04392 14907.3
0.04393 14907.3
0.04394 14907.3
0.04395 14907.3
0.04396 14907.3
0.04397 14907.3
0.04398 14907.3
0.04399 14907.3
0.04400 14907.3
0.04401 14907.3
0.04402 14907.3
0.04403 14907.3
0.04404 14907.3
0.04405 14907.3
0.04406 14907.3
0.04407 14907.3
0.04408 14907.3
0.04409 14907.3
0.04410 14907.3
0.04411 14907.3
0.04412 14907.3
0.04413 14907.3
0.04414 14907.3
0.04415 14907.3
0.04416 14907.3
0.04417 14907.3
0.04418 14907.3
0.04419 14907.3
0.04420 14907.3
0.04421 14907.3
0.04422 14907.3
0.04423 14907.3
0.04424 14907.3
0.04425 14907.3
0.04426 14907.3
0.04427 14907.3
0.04428 14907.3
0.04429 14907.3
0.04430 14907.3
0.04431 14907.3
0.04432 14907.3
0.04433 14907.3
0.04434 14907.3
0.04435 14907.3
0.04436 14907.3
0.04437 14907.3
0.04438 14907.3
0.04439 14907.3
0.04440 14907.3
0.04441 14907.3
0.04442 14907.3
0.04443 14907.3
0.04444 14907.3
0.04445 14907.3
0.04446 14907.3
0.04447 14907.3
0.04448 14907.3
0.04449 14907.3
0.04450 14907.3
0.04451 14907.3
0.04452 14907.3
0.04453 14907.3
0.04454 14907.3
0.04455 14907.3
0.04456 14907.3
0.04457 14907.3
0.04458 14907.3
0.04459 14907.3
0.04460 14907.3
0.04461 14907.3
0.04462 14907.3
0.04463 14907.3
0.04464 14907.3
0.04465 14907.3
0.04466 14907.3
0.04467 14907.3
0.04468 14907.3
0.04469 14907.3
0.04470 14907.3
0.04471 14907.3
0.04472 14907.3
0.04473 14907.3
0.04474 14907.3
0.04475 14907.3
0.04476 14907.3
0.04477 14907.3
0.04478 14907.3
0.04479 14907.3
0.04480 14907.3
0.04481 14907.3
0.04482 14907.3
0.04483 14907.3
0.04484 14907.3
0.04485 14907.3
0.04486 14907.3
0.04487 14907.3
0.04488 14907.3
0.04489 14907.3
0.04490 14907.3
0.04491 14907.3
0.04492 14907.3
0.04493 14907.3
0.04494 14907.3
0.04495 14907.3
0.04496 14907.3
0.04497 14907.3
0.04498 14907.3
0.04499 14907.3
0.04500 14907.3
0.04501 14907.3
0.04502 14907.3
0.04503 14907.3
0.04504 14907.3
0.04505 14907.3
0.04506 14907.3
0.04507 14907.3
0.04508 14907.3
0.04509 14907.3
0.04510 14907.3
0.04511 14907.3
0.04512 14907.3
0.04513 14907.3
0.04514 14907.3
0.04515 14907.3
0.04516 14907.3
0.04517 14907.3
0.04518 14907.3
0.04519 14907.3
0.04520 14907.3
0.04521 14907.3
0.04522 14907.3
0.04523 14907.3
0.04524 14907.3
0.04525 14907.3
0.04526 14907.3
0.04527 14907.3
0.04528 14907.3
0.04529 14907.3
0.04530 14907.3
0.04531 14907.3
0.04532 14907.3
0.04533 14907.3
0.04534 14907.3
0.04535 14907.3
0.04536 14907.3
0.04537 14907.3
0.04538 14907.3
0.04539 14907.3
0.04540 14907.3
0.04541 14907.3
0.04542 14907.3
0.04543 14907.3
0.04544 14907.3
0.04545 14907.3
0.04546 14907.3
0.04547 14907.3
0.04548 14907.3
0.04549 14907.3
0.04550 14907.3
0.04551 14907.3
0.04552 14907.3
0.04553 14907.3
0.04554 14907.3
0.04555 14907.3
0.04556 14907.3
0.04557 14907.3
0.04558 14907.3
0.04559 14907.3
0.04560 14907.3
0.04561 14907.3
0.04562 14907.3
0.04563 14907.3
0.04564 14907.3
0.04565 14907.3
0.04566 14907.3
0.04567 14907.3
0.04568 14907.3
0.04569 14907.3
0.04570 14907.3
0.04571 14907.3
0.04572 14907.3
0.04573 14907.3
0.04574 14907.3
0.04575 14907.3
0.04576 14907.3
0.04577 14907.3
0.04578 14907.3
0.04579 14907.3
0.04580 14907.3
0.04581 14907.3
0.04582 14907.3
0.04583 14907.3
0.04584 14907.3
0.04585 14907.3
0.04586 14907.3
0.04587 14907.3
0.04588 14907.3
0.04589 14907.3
0.04590 14907.3
0.04591 14907.3
0.04592 14907.3
0.04593 14907.3
0.04594 14907.3
0.04595 14907.3
0.04596 14907.3
0.04597 14907.3
0.04598 14907.3
0.04599 14907.3
0.04600 14907.3
0.04601 14907.3
0.04602 14907.3
0.04603 14907.3
0.04604 14907.3
0.04605 14907.3
0.04606 14907.3
0.04607 14907.3
0.04608 14907.3
0.04609 14907.3
0.04610 14907.3
0.04611 14907.3
0.04612 14907.3
0.04613 14907.3
0.04614 14907.3
0.04615 14907.3
0.04616 14907.3
0.04617 14907.3
0.04618 14907.3
0.04619 14907.3
0.04620 14907.3
0.04621 14907.3
0.04622 14907.3
0.04623 14907.3
0.04624 14907.3
0.04625 14907.3
0.04626 14907.3
0.04627 14907.3
0.04628 14907.3
0.04629 14907.3
0.04630 14907.3
0.04631 14907.3
0.04632 14907.3
0.04633 14907.3
0.04634 14907.3
0.04635 14907.3
0.04636 14907.3
0.04637 14907.3
0.04638 14907.3
0.04639 14907.3
0.04640 14907.3
0.04641 14907.3
0.04642 14907.3
0.04643 14907.3
0.04644 14907.3
0.04645 14907.3
0.04646 14907.3
0.04647 14907.3
0.04648 14907.3
0.04649 14907.3
0.04650 14907.3
0.04651 14907.3
0.04652 14907.3
0.04653 14907.3
0.04654 14907.3
0.04655 14907.3
0.04656 14907.3
0.04657 14907.3
0.04658 14907.3
0.04659 14907.3
0.04660 14907.3
0.04661 14907.3
0.04662 14907.3
0.04663 14907.3
0.04664 14907.3
0.04665 14907.3
0.04666 14907.3
0.04667 14907.3
0.04668 14907.3
0.04669 14907.3
0.04670 14907.3
0.04671 14907.3
0.04672 14907.3
0.04673 14907.3
0.04674 14907.3
0.04675 14907.3
0.04676 14907.3
0.04677 14907.3
0.04678 14907.3
0.04679 14907.3
0.04680 14907.3
0.04681 14907.3
0.04682 14907.3
0.04683 14907.3
0.04684 14907.3
0.04685 14907.3
0.04686 14907.3
0.04687 14907.3
0.04688 14907.3
0.04689 14907.3
0.04690 14907.3
0.04691 14907.3
0.04692 14907.3
0.04693 14907.3
0.04694 14907.3
0.04695 14907.3
0.04696 14907.3
0.04697 14907.3
0.04698 14907.3
0.04699 14907.3
0.04700 14907.3
0.04701 14907.3
0.04702 14907.3
0.04703 14907.3
0.04704 14907.3
0.04705 14907.3
0.04706 14907.3
0.04707 14907.3
0.04708 14907.3
0.04709 14907.3
0.04710 14907.3
0.04711 14907.3
0.04712 14907.3
0.04713 14907.3
0.04714 14907.3
0.04715 14907.3
0.04716 14907.3
0.04717 14907.3
0.04718 14907.3
0.04719 14907.3
0.04720 14907.3
0.04721 14907.3
0.04722 14907.3
0.04723 14907.3
0.04724 14907.3
0.04725 14907.3
0.04726 14907.3
0.04727 14907.3
0.04728 14907.3
0.04729 14907.3
0.04730 14907.3
0.04731 14907.3
0.04732 14907.3
0.04733 14907.3
0.04734 14907.3
0.04735 14907.3
0.04736 14907.3
0.04737 14907.3
0.04738 14907.3
0.04739 14907.3
0.04740 14907.3
0.04741 14907.3
0.04742 14907.3
0.04743 14907.3
0.04744 14907.3
0.04745 14907.3
0.04746 14907.3
0.04747 14907.3
0.04748 14907.3
0.04749 14907.3
0.04750 14907.3
0.04751 14907.3
0.04752 14907.3
0.04753 14907.3
0.04754 14907.3
0.04755 14907.3
0.04756 14907.3
0.04757 14907.3
0.04758 14907.3
0.04759 14907.3
0.04760 14907.3
0.04761 14907.3
0.04762 14907.3
0.04763 14907.3
0.04764 14907.3
0.04765 14907.3
0.04766 14907.3
0.04767 14907.3
0.04768 14907.3
0.04769 14907.3
0.04770 14907.3
0.04771 14907.3
0.04772 14907.3
0.04773 14907.3
0.04774 14907.3
0.04775 14907.3
0.04776 14907.3
0.04777 14907.3
0.04778 14907.3
0.04779 14907.3
0.04780 14907.3
0.04781 14907.3
0.04782 14907.3
0.04783 14907.3
0.04784 14907.3
0.04785 14907.3
0.04786 14907.3
0.04787 14907.3
0.04788 14907.3
0.04789 14907.3
0.04790 14907.3
0.04791 14907.3
0.04792 14907.3
0.04793 14907.3
0.04794 14907.3
0.04795 14907.3
0.04796 14907.3
0.04797 14907.3
0.04798 14907.3
0.04799 14907.3
0.04800 14907.3
0.04801 14907.3
0.04802 14907.3
0.04803 14907.3
0.04804 14907.3
0.04805 14907.3
0.04806 14907.3
0.04807 14907.3
0.04808 14907.3
0.04809 14907.3
0.04810 14907.3
0.04811 14907.3
0.04812 14907.3
0.04813 14907.3
0.04814 14907.3
0.04815 14907.3
0.04816 14907.3
0.04817 14907.3
0.04818 14907.3
0.04819 14907.3
0.04820 14907.3
0.04821 14907.3
0.04822 14907.3
0.04823 14907.3
0.04824 14907.3
0.04825 14907.3
0.04826 14907.3
0.04827 14907.3
0.04828 14907.3
0.04829 14907.3
0.04830 14907.3
0.04831 14907.3
0.04832 14907.3
0.04833 14907.3
0.04834 14907.3
0.04835 14907.3
0.04836 14907.3
0.04837 14907.3
0.04838 14907.3
0.04839 14907.3
0.04840 14907.3
0.04841 14907.3
0.04842 14907.3
0.04843 14907.3
0.04844 14907.3
0.04845 14907.3
0.04846 14907.3
0.04847 14907.3
0.04848 14907.3
0.04849 14907.3
0.04850 14907.3
0.04851 14907.3
0.04852 14907.3
0.04853 14907.3
0.04854 14907.3
0.04855 14907.3
0.04856 14907.3
0.04857 14907.3
0.04858 14907.3
0.04859 14907.3
0.04860 14907.3
0.04861 14907.3
0.04862 14907.3
0.04863 14907.3
0.04864 14907.3
0.04865 14907.3
0.04866 14907.3
0.04867 14907.3
0.04868 14907.3
0.04869 14907.3
0.04870 14907.3
0.04871 14907.3
0.04872 14907.3
0.04873 14907.3
0.04874 14907.3
0.04875 14907.3
0.04876 14907.3
0.04877 14907.3
0.04878 14907.3
0.04879 14907.3
0.04880 14907.3
0.04881 14907.3
0.04882 14907.3
0.04883 14907.3
0.04884 14907.3
0.04885 14907.3
0.04886 14907.3
0.04887 14907.3
0.04888 14907.3
0.04889 14907.3
0.04890 14907.3
0.04891 14907.3
0.04892 14907.3
0.04893 14907.3
0.04894 14907.3
0.04895 14907.3
0.04896 14907.3
0.04897 14907.3
0.04898 14907.3
0.04899 14907.3
0.04900 14907.3
0.04901 14907.3
0.04902 14907.3
0.04903 14907.3
0.04904 14907.3
0.04905 14907.3
0.04906 14907.3
0.04907 14907.3
0.04908 14907.3
0.04909 14907.3
0.04910 14907.3
0.04911 14907.3
0.04912 14907.3
0.04913 14907.3
0.04914 14907.3
0.04915 14907.3
0.04916 14907.3
0.04917 14907.3
0.04918 14907.3
0.04919 14907.3
0.04920 14907.3
0.04921 14907.3
0.04922 14907.3
0.04923 14907.3
0.04924 14907.3
0.04925 14907.3
0.04926 14907.3
0.04927 14907.3
0.04928 14907.3
0.04929 14907.3
0.04930 14907.3
0.04931 14907.3
0.04932 14907.3
0.04933 14907.3
0.04934 14907.3
0.04935 14907.3
0.04936 14907.3
0.04937 14907.3
0.04938 14907.3
0.04939 14907.3
0.04940 14907.3
0.04941 14907.3
0.04942 14907.3
0.04943 14907.3
0.04944 14907.3
0.04945 14907.3
0.04946 14907.3
0.04947 14907.3
0.04948 14907.3
0.04949 14907.3
0.04950 14907.3
0.04951 14907.3
0.04952 14907.3
0.04953 14907.3
0.04954 14907.3
0.04955 14907.3
0.04956 14907.3
0.04957 14907.3
0.04958 14907.3
0.04959 14907.3
0.04960 14907.3
0.04961 14907.3
0.04962 14907.3
0.04963 14907.3
0.04964 14907.3
0.04965 14907.3
0.04966 14907.3
0.04967 14907.3
0.04968 14907.3
0.04969 14907.3
0.04970 14907.3
0.04971 14907.3
0.04972 14907.3
0.04973 14907.3
0.04974 14907.3
0.04975 14907.3
0.04976 14907.3
0.04977 14907.3
0.04978 14907.3
0.04979 14907.3
0.04980 14907.3
0.04981 14907.3
0.04982 14907.3
0.04983 14907.3
0.04984 14907.3
0.04985 14907.3
0.04986 14907.3
0.04987 14907.3
0.04988 14907.3
0.04989 14907.3
0.04990 14907.3
0.04991 14907.3
0.04992 14907.3
0.04993 14907.3
0.04994 14907.3
0.04995 14907.3
0.04996 14907.3
0.04997 14907.3
0.04998 14907.3
0.04999 14907.3
0.05000 14907.3
0.05001 14907.3
0.05002 14907.3
0.05003 14907.3
0.05004 14907.3
0.05005 14907.3
0.05006 14907.3
0.05007 14907.3
0.05008 14907.3
0.05009 14907.3
0.05010 14907.3
0.05011 14907.3
0.05012 14907.3
0.05013 14907.3
0.05014 14907.3
0.05015 14907.3
0.05016 14907.3
0.05017 14907.3
0.05018 14907.3
0.05019 14907.3
0.05020 14907.3
0.05021 14907.3
0.05022 14907.3
0.05023 14907.3
0.05024 14907.3
0.05025 14907.3
0.05026 14907.3
0.05027 14907.3
0.05028 14907.3
0.05029 14907.3
0.05030 14907.3
0.05031 14907.3
0.05032 14907.3
0.05033 14907.3
0.05034 14907.3
0.05035 14907.3
0.05036 14907.3
0.05037 14907.3
0.05038 14907.3
0.05039 14907.3
0.05040 14907.3
0.05041 14907.3
0.05042 14907.3
0.05043 14907.3
0.05044 14907.3
0.05045 14907.3
0.05046 14907.3
0.05047 14907.3
0.05048 14907.3
0.05049 14907.3
0.05050 14907.3
0.05051 14907.3
0.05052 14907.3
0.05053 14907.3
0.05054 14907.3
0.05055 14907.3
0.05056 14907.3
0.05057 14907.3
0.05058 14907.3
0.05059 14907.3
0.05060 14907.3
0.05061 14907.3
0.05062 14907.3
0.05063 14907.3
0.05064 14907.3
0.05065 14907.3
0.05066 14907.3
0.05067 14907.3
0.05068 14907.3
0.05069 14907.3
0.05070 14907.3
0.05071 14907.3
0.05072 14907.3
0.05073 14907.3
0.05074 14907.3
0.05075 14907.3
0.05076 14907.3
0.05077 14907.3
0.05078 14907.3
0.05079 14907.3
0.05080 14907.3
0.05081 14907.3
0.05082 14907.3
0.05083 14907.3
0.05084 14907.3
0.05085 14907.3
0.05086 14907.3
0.05087 14907.3
0.05088 14907.3
0.05089 14907.3
0.05090 14907.3
0.05091 14907.3
0.05092 14907.3
0.05093 14907.3
0.05094 14907.3
0.05095 14907.3
0.05096 14907.3
0.05097 14907.3
0.05098 14907.3
0.05099 14907.3
0.05100 14907.3
0.05101 14907.3
0.05102 14907.3
0.05103 14907.3
0.05104 14907.3
0.05105 14907.3
0.05106 14907.3
0.05107 14907.3
0.05108 14907.3
0.05109 14907.3
0.05110 14907.3
0.05111 14907.3
0.05112 14907.3
0.05113 14907.3
0.05114 14907.3
0.05115 14907.3
0.05116 14907.3
0.05117 14907.3
0.05118 14907.3
0.05119 14907.3
0.05120 14907.3
0.05121 14907.3
0.05122 14907.3
0.05123 14907.3
0.05124 14907.3
0.05125 14907.3
0.05126 14907.3
0.05127 14907.3
0.05128 14907.3
0.05129 14907.3
0.05130 14907.3
0.05131 14907.3
0.05132 14907.3
0.05133 14907.3
0.05134 14907.3
0.05135 14907.3
0.05136 14907.3
0.05137 14907.3
0.05138 14907.3
0.05139 14907.3
0.05140 14907.3
0.05141 14907.3
0.05142 14907.3
0.05143 14907.3
0.05144 14907.3
0.05145 14907.3
0.05146 14907.3
0.05147 14907.3
0.05148 14907.3
0.05149 14907.3
0.05150 14907.3
0.05151 14907.3
0.05152 14907.3
0.05153 14907.3
0.05154 14907.3
0.05155 14907.3
0.05156 14907.3
0.05157 14907.3
0.05158 14907.3
0.05159 14907.3
0.05160 14907.3
0.05161 14907.3
0.05162 14907.3
0.05163 14907.3
0.05164 14907.3
0.05165 14907.3
0.05166 14907.3
0.05167 14907.3
0.05168 14907.3
0.05169 14907.3
0.05170 14907.3
0.05171 14907.3
0.05172 14907.3
0.05173 14907.3
0.05174 14907.3
0.05175 14907.3
0.05176 14907.3
0.05177 14907.3
0.05178 14907.3
0.05179 14907.3
0.05180 14907.3
0.05181 14907.3
0.05182 14907.3
0.05183 14907.3
0.05184 14907.3
0.05185 14907.3
0.05186 14907.3
0.05187 14907.3
0.05188 14907.3
0.05189 14907.3
0.05190 14907.3
0.05191 14907.3
0.05192 14907.3
0.05193 14907.3
0.05194 14907.3
0.05195 14907.3
0.05196 14907.3
0.05197 14907.3
0.05198 14907.3
0.05199 14907.3
0.05200 14907.3
0.05201 14907.3
0.05202 14907.3
0.05203 14907.3
0.05204 14907.3
0.05205 14907.3
0.05206 14907.3
0.05207 14907.3
0.05208 14907.3
0.05209 14907.3
0.05210 14907.3
0.05211 14907.3
0.05212 14907.3
0.05213 14907.3
0.05214 14907.3
0.05215 14907.3
0.05216 14907.3
0.05217 14907.3
0.05218 14907.3
0.05219 14907.3
0.05220 14907.3
0.05221 14907.3
0.05222 14907.3
0.05223 14907.3
0.05224 14907.3
0.05225 14907.3
0.05226 14907.3
0.05227 14907.3
0.05228 14907.3
0.05229 14907.3
0.05230 14907.3
0.05231 14907.3
0.05232 14907.3
0.05233 14907.3
0.05234 14907.3
0.05235 14907.3
0.05236 14907.3
0.05237 14907.3
0.05238 14907.3
0.05239 14907.3
0.05240 14907.3
0.05241 14907.3
0.05242 14907.3
0.05243 14907.3
0.05244 14907.3
0.05245 14907.3
0.05246 14907.3
0.05247 14907.3
0.05248 14907.3
0.05249 14907.3
0.05250 14907.3
0.05251 14907.3
0.05252 14907.3
0.05253 14907.3
0.05254 14907.3
0.05255 14907.3
0.05256 14907.3
0.05257 14907.3
0.05258 14907.3
0.05259 14907.3
0.05260 14907.3
0.05261 14907.3
0.05262 14907.3
0.05263 14907.3
0.05264 14907.3
0.05265 14907.3
0.05266 14907.3
0.05267 14907.3
0.05268 14907.3
0.05269 14907.3
0.05270 14907.3
0.05271 14907.3
0.05272 14907.3
0.05273 14907.3
0.05274 14907.3
0.05275 14907.3
0.05276 14907.3
0.05277 14907.3
0.05278 14907.3
0.05279 14907.3
0.05280 14907.3
0.05281 14907.3
0.05282 14907.3
0.05283 14907.3
0.05284 14907.3
0.05285 14907.3
0.05286 14907.3
0.05287 14907.3
0.05288 14907.3
0.05289 14907.3
0.05290 14907.3
0.05291 14907.3
0.05292 14907.3
0.05293 14907.3
0.05294 14907.3
0.05295 14907.3
0.05296 14907.3
0.05297 14907.3
0.05298 14907.3
0.05299 14907.3
0.05300 14907.3
0.05301 14907.3
0.05302 14907.3
0.05303 14907.3
0.05304 14907.3
0.05305 14907.3
0.05306 14907.3
0.05307 14907.3
0.05308 14907.3
0.05309 14907.3
0.05310 14907.3
0.05311 14907.3
0.05312 14907.3
0.05313 14907.3
0.05314 14907.3
0.05315 14907.3
0.05316 14907.3
0.05317 14907.3
0.05318 14907.3
0.05319 14907.3
0.05320 14907.3
0.05321 14907.3
0.05322 14907.3
0.05323 14907.3
0.05324 14907.3
0.05325 14907.3
0.05326 14907.3
0.05327 14907.3
0.05328 14907.3
0.05329 14907.3
0.05330 14907.3
0.05331 14907.3
0.05332 14907.3
0.05333 14907.3
0.05334 14907.3
0.05335 14907.3
0.05336 14907.3
0.05337 14907.3
0.05338 14907.3
0.05339 14907.3
0.05340 14907.3
0.05341 14907.3
0.05342 14907.3
0.05343 14907.3
0.05344 14907.3
0.05345 14907.3
0.05346 14907.3
0.05347 14907.3
0.05348 14907.3
0.05349 14907.3
0.05350 14907.3
0.05351 14907.3
0.05352 14907.3
0.05353 14907.3
0.05354 14907.3
0.05355 14907.3
0.05356 14907.3
0.05357 14907.3
0.05358 14907.3
0.05359 14907.3
0.05360 14907.3
0.05361 14907.3
0.05362 14907.3
0.05363 14907.3
0.05364 14907.3
0.05365 14907.3
0.05366 14907.3
0.05367 14907.3
0.05368 14907.3
0.05369 14907.3
0.05370 14907.3
0.05371 14907.3
0.05372 14907.3
0.05373 14907.3
0.05374 14907.3
0.05375 14907.3
0.05376 14907.3
0.05377 14907.3
0.05378 14907.3
0.05379 14907.3
0.05380 14907.3
0.05381 14907.3
0.05382 14907.3
0.05383 14907.3
0.05384 14907.3
0.05385 14907.3
0.05386 14907.3
0.05387 14907.3
0.05388 14907.3
0.05389 14907.3
0.05390 14907.3
0.05391 14907.3
0.05392 14907.3
0.05393 14907.3
0.05394 14907.3
0.05395 14907.3
0.05396 14907.3
0.05397 14907.3
0.05398 14907.3
0.05399 14907.3
0.05400 14907.3
0.05401 14907.3
0.05402 14907.3
0.05403 14907.3
0.05404 14907.3
0.05405 14907.3
0.05406 14907.3
0.05407 14907.3
0.05408 14907.3
0.05409 14907.3
0.05410 14907.3
0.05411 14907.3
0.05412 14907.3
0.05413 14907.3
0.05414 14907.3
0.05415 14907.3
0.05416 14907.3
0.05417 14907.3
0.05418 14907.3
0.05419 14907.3
0.05420 14907.3
0.05421 14907.3
0.05422 14907.3
0.05423 14907.3
0.05424 14907.3
0.05425 14907.3
0.05426 14907.3
0.05427 14907.3
0.05428 14907.3
0.05429 14907.3
0.05430 14907.3
0.05431 14907.3
0.05432 14907.3
0.05433 14907.3
0.05434 14907.3
0.05435 14907.3
0.05436 14907.3
0.05437 14907.3
0.05438 14907.3
0.05439 14907.3
0.05440 14907.3
0.05441 14907.3
0.05442 14907.3
0.05443 14907.3
0.05444 14907.3
0.05445 14907.3
0.05446 14907.3
0.05447 14907.3
0.05448 14907.3
0.05449 14907.3
0.05450 14907.3
0.05451 14907.3
0.05452 14907.3
0.05453 14907.3
0.05454 14907.3
0.05455 14907.3
0.05456 14907.3
0.05457 14907.3
0.05458 14907.3
0.05459 14907.3
0.05460 14907.3
0.05461 14907.3
0.05462 14907.3
0.05463 14907.3
0.05464 14907.3
0.05465 14907.3
0.05466 14907.3
0.05467 14907.3
0.05468 14907.3
0.05469 14907.3
0.05470 14907.3
0.05471 14907.3
0.05472 14907.3
0.05473 14907.3
0.05474 14907.3
0.05475 14907.3
0.05476 14907.3
0.05477 14907.3
0.05478 14907.3
0.05479 14907.3
0.05480 14907.3
0.05481 14907.3
0.05482 14907.3
0.05483 14907.3
0.05484 14907.3
0.05485 14907.3
0.05486 14907.3
0.05487 14907.3
0.05488 14907.3
0.05489 14907.3
0.05490 14907.3
0.05491 14907.3
0.05492 14907.3
0.05493 14907.3
0.05494 14907.3
0.05495 14907.3
0.05496 14907.3
0.05497 14907.3
0.05498 14907.3
0.05499 14907.3
0.05500 14907.3
0.05501 14907.3
0.05502 14907.3
0.05503 14907.3
0.05504 14907.3
0.05505 14907.3
0.05506 14907.3
0.05507 14907.3
0.05508 14907.3
0.05509 14907.3
0.05510 14907.3
0.05511 14907.3
0.05512 14907.3
0.05513 14907.3
0.05514 14907.3
0.05515 14907.3
0.05516 14907.3
0.05517 14907.3
0.05518 14907.3
0.05519 14907.3
0.05520 14907.3
0.05521 14907.3
0.05522 14907.3
0.05523 14907.3
0.05524 14907.3
0.05525 14907.3
0.05526 14907.3
0.05527 14907.3
0.05528 14907.3
0.05529 14907.3
0.05530 14907.3
0.05531 14907.3
0.05532 14907.3
0.05533 14907.3
0.05534 14907.3
0.05535 14907.3
0.05536 14907.3
0.05537 14907.3
0.05538 14907.3
0.05539 14907.3
0.05540 14907.3
0.05541 14907.3
0.05542 14907.3
0.05543 14907.3
0.05544 14907.3
0.05545 14907.3
0.05546 14907.3
0.05547 14907.3
0.05548 14907.3
0.05549 14907.3
0.05550 14907.3
0.05551 14907.3
0.05552 14907.3
0.05553 14907.3
0.05554 14907.3
0.05555 14907.3
0.05556 14907.3
0.05557 14907.3
0.05558 14907.3
0.05559 14907.3
0.05560 14907.3
0.05561 14907.3
0.05562 14907.3
0.05563 14907.3
0.05564 14907.3
0.05565 14907.3
0.05566 14907.3
0.05567 14907.3
0.05568 14907.3
0.05569 14907.3
0.05570 14907.3
0.05571 14907.3
0.05572 14907.3
0.05573 14907.3
0.05574 14907.3
0.05575 14907.3
0.05576 14907.3
0.05577 14907.3
0.05578 14907.3
0.05579 14907.3
0.05580 14907.3
0.05581 14907.3
0.05582 14907.3
0.05583 14907.3
0.05584 14907.3
0.05585 14907.3
0.05586 14907.3
0.05587 14907.3
0.05588 14907.3
0.05589 14907.3
0.05590 14907.3
0.05591 14907.3
0.05592 14907.3
0.05593 14907.3
0.05594 14907.3
0.05595 14907.3
0.05596 14907.3
0.05597 14907.3
0.05598 14907.3
0.05599 14907.3
0.05600 14907.3
0.05601 14907.3
0.05602 14907.3
0.05603 14907.3
0.05604 14907.3
0.05605 14907.3
0.05606 14907.3
0.05607 14907.3
0.05608 14907.3
0.05609 14907.3
0.05610 14907.3
0.05611 14907.3
0.05612 14907.3
0.05613 14907.3
0.05614 14907.3
0.05615 14907.3
0.05616 14907.3
0.05617 14907.3
0.05618 14907.3
0.05619 14907.3
0.05620 14907.3
0.05621 14907.3
0.05622 14907.3
0.05623 14907.3
0.05624 14907.3
0.05625 14907.3
0.05626 14907.3
0.05627 14907.3
0.05628 14907.3
0.05629 14907.3
0.05630 14907.3
0.05631 14907.3
0.05632 14907.3
0.05633 14907.3
0.05634 14907.3
0.05635 14907.3
0.05636 14907.3
0.05637 14907.3
0.05638 14907.3
0.05639 14907.3
0.05640 14907.3
0.05641 14907.3
0.05642 14907.3
0.05643 14907.3
0.05644 14907.3
0.05645 14907.3
0.05646 14907.3
0.05647 14907.3
0.05648 14907.3
0.05649 14907.3
0.05650 14907.3
0.05651 14907.3
0.05652 14907.3
0.05653 14907.3
0.05654 14907.3
0.05655 14907.3
0.05656 14907.3
0.05657 14907.3
0.05658 14907.3
0.05659 14907.3
0.05660 14907.3
0.05661 14907.3
0.05662 14907.3
0.05663 14907.3
0.05664 14907.3
0.05665 14907.3
0.05666 14907.3
0.05667 14907.3
0.05668 14907.3
0.05669 14907.3
0.05670 14907.3
0.05671 14907.3
0.05672 14907.3
0.05673 14907.3
0.05674 14907.3
0.05675 14907.3
0.05676 14907.3
0.05677 14907.3
0.05678 14907.3
0.05679 14907.3
0.05680 14907.3
0.05681 14907.3
0.05682 14907.3
0.05683 14907.3
0.05684 14907.3
0.05685 14907.3
0.05686 14907.3
0.05687 14907.3
0.05688 14907.3
0.05689 14907.3
0.05690 14907.3
0.05691 14907.3
0.05692 14907.3
0.05693 14907.3
0.05694 14907.3
0.05695 14907.3
0.05696 14907.3
0.05697 14907.3
0.05698 14907.3
0.05699 14907.3
0.05700 14907.3
0.05701 14907.3
0.05702 14907.3
0.05703 14907.3
0.05704 14907.3
0.05705 14907.3
0.05706 14907.3
0.05707 14907.3
0.05708 14907.3
0.05709 14907.3
0.05710 14907.3
0.05711 14907.3
0.05712 14907.3
0.05713 14907.3
0.05714 14907.3
0.05715 14907.3
0.05716 14907.3
0.05717 14907.3
0.05718 14907.3
0.05719 14907.3
0.05720 14907.3
0.05721 14907.3
0.05722 14907.3
0.05723 14907.3
0.05724 14907.3
0.05725 14907.3
0.05726 14907.3
0.05727 14907.3
0.05728 14907.3
0.05729 14907.3
0.05730 14907.3
0.05731 14907.3
0.05732 14907.3
0.05733 14907.3
0.05734 14907.3
0.05735 14907.3
0.05736 14907.3
0.05737 14907.3
0.05738 14907.3
0.05739 14907.3
0.05740 14907.3
0.05741 14907.3
0.05742 14907.3
0.05743 14907.3
0.05744 14907.3
0.05745 14907.3
0.05746 14907.3
0.05747 14907.3
0.05748 14907.3
0.05749 14907.3
0.05750 14907.3
0.05751 14907.3
0.05752 14907.3
0.05753 14907.3
0.05754 14907.3
0.05755 14907.3
0.05756 14907.3
0.05757 14907.3
0.05758 14907.3
0.05759 14907.3
0.05760 14907.3
0.05761 14907.3
0.05762 14907.3
0.05763 14907.3
0.05764 14907.3
0.05765 14907.3
0.05766 14907.3
0.05767 14907.3
0.05768 14907.3
0.05769 14907.3
0.05770 14907.3
0.05771 14907.3
0.05772 14907.3
0.05773 14907.3
0.05774 14907.3
0.05775 14907.3
0.05776 14907.3
0.05777 14907.3
0.05778 14907.3
0.05779 14907.3
0.05780 14907.3
0.05781 14907.3
0.05782 14907.3
0.05783 14907.3
0.05784 14907.3
0.05785 14907.3
0.05786 14907.3
0.05787 14907.3
0.05788 14907.3
0.05789 14907.3
0.05790 14907.3
0.05791 14907.3
0.05792 14907.3
0.05793 14907.3
0.05794 14907.3
0.05795 14907.3
0.05796 14907.3
0.05797 14907.3
0.05798 14907.3
0.05799 14907.3
0.05800 14907.3
0.05801 14907.3
0.05802 14907.3
0.05803 14907.3
0.05804 14907.3
0.05805 14907.3
0.05806 14907.3
0.05807 14907.3
0.05808 14907.3
0.05809 14907.3
0.05810 14907.3
0.05811 14907.3
0.05812 14907.3
0.05813 14907.3
0.05814 14907.3
0.05815 14907.3
0.05816 14907.3
0.05817 14907.3
0.05818 14907.3
0.05819 14907.3
0.05820 14907.3
0.05821 14907.3
0.05822 14907.3
0.05823 14907.3
0.05824 14907.3
0.05825 14907.3
0.05826 14907.3
0.05827 14907.3
0.05828 14907.3
0.05829 14907.3
0.05830 14907.3
0.05831 14907.3
0.05832 14907.3
0.05833 14907.3
0.05834 14907.3
0.05835 14907.3
0.05836 14907.3
0.05837 14907.3
0.05838 14907.3
0.05839 14907.3
0.05840 14907.3
0.05841 14907.3
0.05842 14907.3
0.05843 14907.3
0.05844 14907.3
0.05845 14907.3
0.05846 14907.3
0.05847 14907.3
0.05848 14907.3
0.05849 14907.3
0.05850 14907.3
0.05851 14907.3
0.05852 14907.3
0.05853 14907.3
0.05854 14907.3
0.05855 14907.3
0.05856 14907.3
0.05857 14907.3
0.05858 14907.3
0.05859 14907.3
0.05860 14907.3
0.05861 14907.3
0.05862 14907.3
0.05863 14907.3
0.05864 14907.3
0.05865 14907.3
0.05866 14907.3
0.05867 14907.3
0.05868 14907.3
0.05869 14907.3
0.05870 14907.3
0.05871 14907.3
0.05872 14907.3
0.05873 14907.3
0.05874 14907.3
0.05875 14907.3
0.05876 14907.3
0.05877 14907.3
0.05878 14907.3
0.05879 14907.3
0.05880 14907.3
0.05881 14907.3
0.05882 14907.3
0.05883 14907.3
0.05884 14907.3
0.05885 14907.3
0.05886 14907.3
0.05887 14907.3
0.05888 14907.3
0.05889 14907.3
0.05890 14907.3
0.05891 14907.3
0.05892 14907.3
0.05893 14907.3
0.05894 14907.3
0.05895 14907.3
0.05896 14907.3
0.05897 14907.3
0.05898 14907.3
0.05899 14907.3
0.05900 14907.3
0.05901 14907.3
0.05902 14907.3
0.05903 14907.3
0.05904 14907.3
0.05905 14907.3
0.05906 14907.3
0.05907 14907.3
0.05908 14907.3
0.05909 14907.3
0.05910 14907.3
0.05911 14907.3
0.05912 14907.3
0.05913 14907.3
0.05914 14907.3
0.05915 14907.3
0.05916 14907.3
0.05917 14907.3
0.05918 14907.3
0.05919 14907.3
0.05920 14907.3
0.05921 14907.3
0.05922 14907.3
0.05923 14907.3
0.05924 14907.3
0.05925 14907.3
0.05926 14907.3
0.05927 14907.3
0.05928 14907.3
0.05929 14907.3
0.05930 14907.3
0.05931 14907.3
0.05932 14907.3
0.05933 14907.3
0.05934 14907.3
0.05935 14907.3
0.05936 14907.3
0.05937 14907.3
0.05938 14907.3
0.05939 14907.3
0.05940 14907.3
0.05941 14907.3
0.05942 14907.3
0.05943 14907.3
0.05944 14907.3
0.05945 14907.3
0.05946 14907.3
0.05947 14907.3
0.05948 14907.3
0.05949 14907.3
0.05950 14907.3
0.05951 14907.3
0.05952 14907.3
0.05953 14907.3
0.05954 14907.3
0.05955 14907.3
0.05956 14907.3
0.05957 14907.3
0.05958 14907.3
0.05959 14907.3
0.05960 14907.3
0.05961 14907.3
0.05962 14907.3
0.05963 14907.3
0.05964 14907.3
0.05965 14907.3
0.05966 14907.3
0.05967 14907.3
0.05968 14907.3
0.05969 14907.3
0.05970 14907.3
0.05971 14907.3
0.05972 14907.3
0.05973 14907.3
0.05974 14907.3
0.05975 14907.3
0.05976 14907.3
0.05977 14907.3
0.05978 14907.3
0.05979 14907.3
0.05980 14907.3
0.05981 14907.3
0.05982 14907.3
0.05983 14907.3
0.05984 14907.3
0.05985 14907.3
0.05986 14907.3
0.05987 14907.3
0.05988 14907.3
0.05989 14907.3
0.05990 14907.3
0.05991 14907.3
0.05992 14907.3
0.05993 14907.3
0.05994 14907.3
0.05995 14907.3
0.05996 14907.3
0.05997 14907.3
0.05998 14907.3
0.05999 14907.3
0.06000 14907.3
0.06001 14907.3
0.06002 14907.3
0.06003 14907.3
0.06004 14907.3
0.06005 14907.3
0.06006 14907.3
0.06007 14907.3
0.06008 14907.3
0.06009 14907.3
0.06010 14907.3
0.06011 14907.3
0.06012 14907.3
0.06013 14907.3
0.06014 14907.3
0.06015 14907.3
0.06016 14907.3
0.06017 14907.3
0.06018 14907.3
0.06019 14907.3
0.06020 14907.3
0.06021 14907.3
0.06022 14907.3
0.06023 14907.3
0.06024 14907.3
0.06025 14907.3
0.06026 14907.3
0.06027 14907.3
0.06028 14907.3
0.06029 14907.3
0.06030 14907.3
0.06031 14907.3
0.06032 14907.3
0.06033 14907.3
0.06034 14907.3
0.06035 14907.3
0.06036 14907.3
0.06037 14907.3
0.06038 14907.3
0.06039 14907.3
0.06040 14907.3
0.06041 14907.3
0.06042 14907.3
0.06043 14907.3
0.06044 14907.3
0.06045 14907.3
0.06046 14907.3
0.06047 14907.3
0.06048 14907.3
0.06049 14907.3
0.06050 14907.3
0.06051 14907.3
0.06052 14907.3
0.06053 14907.3
0.06054 14907.3
0.06055 14907.3
0.06056 14907.3
0.06057 14907.3
0.06058 14907.3
0.06059 14907.3
0.06060 14907.3
0.06061 14907.3
0.06062 14907.3
0.06063 14907.3
0.06064 14907.3
0.06065 14907.3
0.06066 14907.3
0.06067 14907.3
0.06068 14907.3
0.06069 14907.3
0.06070 14907.3
0.06071 14907.3
0.06072 14907.3
0.06073 14907.3
0.06074 14907.3
0.06075 14907.3
0.06076 14907.3
0.06077 14907.3
0.06078 14907.3
0.06079 14907.3
0.06080 14907.3
0.06081 14907.3
0.06082 14907.3
0.06083 14907.3
0.06084 14907.3
0.06085 14907.3
0.06086 14907.3
0.06087 14907.3
0.06088 14907.3
0.06089 14907.3
0.06090 14907.3
0.06091 14907.3
0.06092 14907.3
0.06093 14907.3
0.06094 14907.3
0.06095 14907.3
0.06096 14907.3
0.06097 14907.3
0.06098 14907.3
0.06099 14907.3
0.06100 14907.3
0.06101 14907.3
0.06102 14907.3
0.06103 14907.3
0.06104 14907.3
0.06105 14907.3
0.06106 14907.3
0.06107 14907.3
0.06108 14907.3
0.06109 14907.3
0.06110 14907.3
0.06111 14907.3
0.06112 14907.3
0.06113 14907.3
0.06114 14907.3
0.06115 14907.3
0.06116 14907.3
0.06117 14907.3
0.06118 14907.3
0.06119 14907.3
0.06120 14907.3
0.06121 14907.3
0.06122 14907.3
0.06123 14907.3
0.06124 14907.3
0.06125 14907.3
0.06126 14907.3
0.06127 14907.3
0.06128 14907.3
0.06129 14907.3
0.06130 14907.3
0.06131 14907.3
0.06132 14907.3
0.06133 14907.3
0.06134 14907.3
0.06135 14907.3
0.06136 14907.3
0.06137 14907.3
0.06138 14907.3
0.06139 14907.3
0.06140 14907.3
0.06141 14907.3
0.06142 14907.3
0.06143 14907.3
0.06144 14907.3
0.06145 14907.3
0.06146 14907.3
0.06147 14907.3
0.06148 14907.3
0.06149 14907.3
0.06150 14907.3
0.06151 14907.3
0.06152 14907.3
0.06153 14907.3
0.06154 14907.3
0.06155 14907.3
0.06156 14907.3
0.06157 14907.3
0.06158 14907.3
0.06159 14907.3
0.06160 14907.3
0.06161 14907.3
0.06162 14907.3
0.06163 14907.3
0.06164 14907.3
0.06165 14907.3
0.06166 14907.3
0.06167 14907.3
0.06168 14907.3
0.06169 14907.3
0.06170 14907.3
0.06171 14907.3
0.06172 14907.3
0.06173 14907.3
0.06174 14907.3
0.06175 14907.3
0.06176 14907.3
0.06177 14907.3
0.06178 14907.3
0.06179 14907.3
0.06180 14907.3
0.06181 14907.3
0.06182 14907.3
0.06183 14907.3
0.06184 14907.3
0.06185 14907.3
0.06186 14907.3
0.06187 14907.3
0.06188 14907.3
0.06189 14907.3
0.06190 14907.3
0.06191 14907.3
0.06192 14907.3
0.06193 14907.3
0.06194 14907.3
0.06195 14907.3
0.06196 14907.3
0.06197 14907.3
0.06198 14907.3
0.06199 14907.3
0.06200 14907.3
0.06201 14907.3
0.06202 14907.3
0.06203 14907.3
0.06204 14907.3
0.06205 14907.3
0.06206 14907.3
0.06207 14907.3
0.06208 14907.3
0.06209 14907.3
0.06210 14907.3
0.06211 14907.3
0.06212 14907.3
0.06213 14907.3
0.06214 14907.3
0.06215 14907.3
0.06216 14907.3
0.06217 14907.3
0.06218 14907.3
0.06219 14907.3
0.06220 14907.3
0.06221 14907.3
0.06222 14907.3
0.06223 14907.3
0.06224 14907.3
0.06225 14907.3
0.06226 14907.3
0.06227 14907.3
0.06228 14907.3
0.06229 14907.3
0.06230 14907.3
0.06231 14907.3
0.06232 14907.3
0.06233 14907.3
0.06234 14907.3
0.06235 14907.3
0.06236 14907.3
0.06237 14907.3
0.06238 14907.3
0.06239 14907.3
0.06240 14907.3
0.06241 14907.3
0.06242 14907.3
0.06243 14907.3
0.06244 14907.3
0.06245 14907.3
0.06246 14907.3
0.06247 14907.3
0.06248 14907.3
0.06249 14907.3
0.06250 14907.3
0.06251 14907.3
0.06252 14907.3
0.06253 14907.3
0.06254 14907.3
0.06255 14907.3
0.06256 14907.3
0.06257 14907.3
0.06258 14907.3
0.06259 14907.3
0.06260 14907.3
0.06261 14907.3
0.06262 14907.3
0.06263 14907.3
0.06264 14907.3
0.06265 14907.3
0.06266 14907.3
0.06267 14907.3
0.06268 14907.3
0.06269 14907.3
0.06270 14907.3
0.06271 14907.3
0.06272 14907.3
0.06273 14907.3
0.06274 14907.3
0.06275 14907.3
0.06276 14907.3
0.06277 14907.3
0.06278 14907.3
0.06279 14907.3
0.06280 14907.3
0.06281 14907.3
0.06282 14907.3
0.06283 14907.3
0.06284 14907.3
0.06285 14907.3
0.06286 14907.3
0.06287 14907.3
0.06288 14907.3
0.06289 14907.3
0.06290 14907.3
0.06291 14907.3
0.06292 14907.3
0.06293 14907.3
0.06294 14907.3
0.06295 14907.3
0.06296 14907.3
0.06297 14907.3
0.06298 14907.3
0.06299 14907.3
0.06300 14907.3
0.06301 14907.3
0.06302 14907.3
0.06303 14907.3
0.06304 14907.3
0.06305 14907.3
0.06306 14907.3
0.06307 14907.3
0.06308 14907.3
0.06309 14907.3
0.06310 14907.3
0.06311 14907.3
0.06312 14907.3
0.06313 14907.3
0.06314 14907.3
0.06315 14907.3
0.06316 14907.3
0.06317 14907.3
0.06318 14907.3
0.06319 14907.3
0.06320 14907.3
0.06321 14907.3
0.06322 14907.3
0.06323 14907.3
0.06324 14907.3
0.06325 14907.3
0.06326 14907.3
0.06327 14907.3
0.06328 14907.3
0.06329 14907.3
0.06330 14907.3
0.06331 14907.3
0.06332 14907.3
0.06333 14907.3
0.06334 14907.3
0.06335 14907.3
0.06336 14907.3
0.06337 14907.3
0.06338 14907.3
0.06339 14907.3
0.06340 14907.3
0.06341 14907.3
0.06342 14907.3
0.06343 14907.3
0.06344 14907.3
0.06345 14907.3
0.06346 14907.3
0.06347 14907.3
0.06348 14907.3
0.06349 14907.3
0.06350 14907.3
0.06351 14907.3
0.06352 14907.3
0.06353 14907.3
0.06354 14907.3
0.06355 14907.3
0.06356 14907.3
0.06357 14907.3
0.06358 14907.3
0.06359 14907.3
0.06360 14907.3
0.06361 14907.3
0.06362 14907.3
0.06363 14907.3
0.06364 14907.3
0.06365 14907.3
0.06366 14907.3
0.06367 14907.3
0.06368 14907.3
0.06369 14907.3
0.06370 14907.3
0.06371 14907.3
0.06372 14907.3
0.06373 14907.3
0.06374 14907.3
0.06375 14907.3
0.06376 14907.3
0.06377 14907.3
0.06378 14907.3
0.06379 14907.3
0.06380 14907.3
0.06381 14907.3
0.06382 14907.3
0.06383 14907.3
0.06384 14907.3
0.06385 14907.3
0.06386 14907.3
0.06387 14907.3
0.06388 14907.3
0.06389 14907.3
0.06390 14907.3
0.06391 14907.3
0.06392 14907.3
0.06393 14907.3
0.06394 14907.3
0.06395 14907.3
0.06396 14907.3
0.06397 14907.3
0.06398 14907.3
0.06399 14907.3
0.06400 14907.3
0.06401 14907.3
0.06402 14907.3
0.06403 14907.3
0.06404 14907.3
0.06405 14907.3
0.06406 14907.3
0.06407 14907.3
0.06408 14907.3
0.06409 14907.3
0.06410 14907.3
0.06411 14907.3
0.06412 14907.3
0.06413 14907.3
0.06414 14907.3
0.06415 14907.3
0.06416 14907.3
0.06417 14907.3
0.06418 14907.3
0.06419 14907.3
0.06420 14907.3
0.06421 14907.3
0.06422 14907.3
0.06423 14907.3
0.06424 14907.3
0.06425 14907.3
0.06426 14907.3
0.06427 14907.3
0.06428 14907.3
0.06429 14907.3
0.06430 14907.3
0.06431 14907.3
0.06432 14907.3
0.06433 14907.3
0.06434 14907.3
0.06435 14907.3
0.06436 14907.3
0.06437 14907.3
0.06438 14907.3
0.06439 14907.3
0.06440 14907.3
0.06441 14907.3
0.06442 14907.3
0.06443 14907.3
0.06444 14907.3
0.06445 14907.3
0.06446 14907.3
0.06447 14907.3
0.06448 14907.3
0.06449 14907.3
0.06450 14907.3
0.06451 14907.3
0.06452 14907.3
0.06453 14907.3
0.06454 14907.3
0.06455 14907.3
0.06456 14907.3
0.06457 14907.3
0.06458 14907.3
0.06459 14907.3
0.06460 14907.3
0.06461 14907.3
0.06462 14907.3
0.06463 14907.3
0.06464 14907.3
0.06465 14907.3
0.06466 14907.3
0.06467 14907.3
0.06468 14907.3
0.06469 14907.3
0.06470 14907.3
0.06471 14907.3
0.06472 14907.3
0.06473 14907.3
0.06474 14907.3
0.06475 14907.3
0.06476 14907.3
0.06477 14907.3
0.06478 14907.3
0.06479 14907.3
0.06480 14907.3
0.06481 14907.3
0.06482 14907.3
0.06483 14907.3
0.06484 14907.3
0.06485 14907.3
0.06486 14907.3
0.06487 14907.3
0.06488 14907.3
0.06489 14907.3
0.06490 14907.3
0.06491 14907.3
0.06492 14907.3
0.06493 14907.3
0.06494 14907.3
0.06495 14907.3
0.06496 14907.3
0.06497 14907.3
0.06498 14907.3
0.06499 14907.3
0.06500 14907.3
0.06501 14907.3
0.06502 14907.3
0.06503 14907.3
0.06504 14907.3
0.06505 14907.3
0.06506 14907.3
0.06507 14907.3
0.06508 14907.3
0.06509 14907.3
0.06510 14907.3
0.06511 14907.3
0.06512 14907.3
0.06513 14907.3
0.06514 14907.3
0.06515 14907.3
0.06516 14907.3
0.06517 14907.3
0.06518 14907.3
0.06519 14907.3
0.06520 14907.3
0.06521 14907.3
0.06522 14907.3
0.06523 14907.3
0.06524 14907.3
0.06525 14907.3
0.06526 14907.3
0.06527 14907.3
0.06528 14907.3
0.06529 14907.3
0.06530 14907.3
0.06531 14907.3
0.06532 14907.3
0.06533 14907.3
0.06534 14907.3
0.06535 14907.3
0.06536 14907.3
0.06537 14907.3
0.06538 14907.3
0.06539 14907.3
0.06540 14907.3
0.06541 14907.3
0.06542 14907.3
0.06543 14907.3
0.06544 14907.3
0.06545 14907.3
0.06546 14907.3
0.06547 14907.3
0.06548 14907.3
0.06549 14907.3
0.06550 14907.3
0.06551 14907.3
0.06552 14907.3
0.06553 14907.3
0.06554 14907.3
0.06555 14907.3
0.06556 14907.3
0.06557 14907.3
0.06558 14907.3
0.06559 14907.3
0.06560 14907.3
0.06561 14907.3
0.06562 14907.3
0.06563 14907.3
0.06564 14907.3
0.06565 14907.3
0.06566 14907.3
0.06567 14907.3
0.06568 14907.3
0.06569 14907.3
0.06570 14907.3
0.06571 14907.3
0.06572 14907.3
0.06573 14907.3
0.06574 14907.3
0.06575 14907.3
0.06576 14907.3
0.06577 14907.3
0.06578 14907.3
0.06579 14907.3
0.06580 14907.3
0.06581 14907.3
0.06582 14907.3
0.06583 14907.3
0.06584 14907.3
0.06585 14907.3
0.06586 14907.3
0.06587 14907.3
0.06588 14907.3
0.06589 14907.3
0.06590 14907.3
0.06591 14907.3
0.06592 14907.3
0.06593 14907.3
0.06594 14907.3
0.06595 14907.3
0.06596 14907.3
0.06597 14907.3
0.06598 14907.3
0.06599 14907.3
0.06600 14907.3
0.06601 14907.3
0.06602 14907.3
0.06603 14907.3
0.06604 14907.3
0.06605 14907.3
0.06606 14907.3
0.06607 14907.3
0.06608 14907.3
0.06609 14907.3
0.06610 14907.3
0.06611 14907.3
0.06612 14907.3
0.06613 14907.3
0.06614 14907.3
0.06615 14907.3
0.06616 14907.3
0.06617 14907.3
0.06618 14907.3
0.06619 14907.3
0.06620 14907.3
0.06621 14907.3
0.06622 14907.3
0.06623 14907.3
0.06624 14907.3
0.06625 14907.3
0.06626 14907.3
0.06627 14907.3
0.06628 14907.3
0.06629 14907.3
0.06630 14907.3
0.06631 14907.3
0.06632 14907.3
0.06633 14907.3
0.06634 14907.3
0.06635 14907.3
0.06636 14907.3
0.06637 14907.3
0.06638 14907.3
0.06639 14907.3
0.06640 14907.3
0.06641 14907.3
0.06642 14907.3
0.06643 14907.3
0.06644 14907.3
0.06645 14907.3
0.06646 14907.3
0.06647 14907.3
0.06648 14907.3
0.06649 14907.3
0.06650 14907.3
0.06651 14907.3
0.06652 14907.3
0.06653 14907.3
0.06654 14907.3
0.06655 14907.3
0.06656 14907.3
0.06657 14907.3
0.06658 14907.3
0.06659 14907.3
0.06660 14907.3
0.06661 14907.3
0.06662 14907.3
0.06663 14907.3
0.06664 14907.3
0.06665 14907.3
0.06666 14907.3
0.06667 14907.3
0.06668 14907.3
0.06669 14907.3
0.06670 14907.3
0.06671 14907.3
0.06672 14907.3
0.06673 14907.3
0.06674 14907.3
0.06675 14907.3
0.06676 14907.3
0.06677 14907.3
0.06678 14907.3
0.06679 14907.3
0.06680 14907.3
0.06681 14907.3
0.06682 14907.3
0.06683 14907.3
0.06684 14907.3
0.06685 14907.3
0.06686 14907.3
0.06687 14907.3
0.06688 14907.3
0.06689 14907.3
0.06690 14907.3
0.06691 14907.3
0.06692 14907.3
0.06693 14907.3
0.06694 14907.3
0.06695 14907.3
0.06696 14907.3
0.06697 14907.3
0.06698 14907.3
0.06699 14907.3
0.06700 14907.3
0.06701 14907.3
0.06702 14907.3
0.06703 14907.3
0.06704 14907.3
0.06705 14907.3
0.06706 14907.3
0.06707 14907.3
0.06708 14907.3
0.06709 14907.3
0.06710 14907.3
0.06711 14907.3
0.06712 14907.3
0.06713 14907.3
0.06714 14907.3
0.06715 14907.3
0.06716 14907.3
0.06717 14907.3
0.06718 14907.3
0.06719 14907.3
0.06720 14907.3
0.06721 14907.3
0.06722 14907.3
0.06723 14907.3
0.06724 14907.3
0.06725 14907.3
0.06726 14907.3
0.06727 14907.3
0.06728 14907.3
0.06729 14907.3
0.06730 14907.3
0.06731 14907.3
0.06732 14907.3
0.06733 14907.3
0.06734 14907.3
0.06735 14907.3
0.06736 14907.3
0.06737 14907.3
0.06738 14907.3
0.06739 14907.3
0.06740 14907.3
0.06741 14907.3
0.06742 14907.3
0.06743 14907.3
0.06744 14907.3
0.06745 14907.3
0.06746 14907.3
0.06747 14907.3
0.06748 14907.3
0.06749 14907.3
0.06750 14907.3
0.06751 14907.3
0.06752 14907.3
0.06753 14907.3
0.06754 14907.3
0.06755 14907.3
0.06756 14907.3
0.06757 14907.3
0.06758 14907.3
0.06759 14907.3
0.06760 14907.3
0.06761 14907.3
0.06762 14907.3
0.06763 14907.3
0.06764 14907.3
0.06765 14907.3
0.06766 14907.3
0.06767 14907.3
0.06768 14907.3
0.06769 14907.3
0.06770 14907.3
0.06771 14907.3
0.06772 14907.3
0.06773 14907.3
0.06774 14907.3
0.06775 14907.3
0.06776 14907.3
0.06777 14907.3
0.06778 14907.3
0.06779 14907.3
0.06780 14907.3
0.06781 14907.3
0.06782 14907.3
0.06783 14907.3
0.06784 14907.3
0.06785 14907.3
0.06786 14907.3
0.06787 14907.3
0.06788 14907.3
0.06789 14907.3
0.06790 14907.3
0.06791 14907.3
0.06792 14907.3
0.06793 14907.3
0.06794 14907.3
0.06795 14907.3
0.06796 14907.3
0.06797 14907.3
0.06798 14907.3
0.06799 14907.3
0.06800 14907.3
0.06801 14907.3
0.06802 14907.3
0.06803 14907.3
0.06804 14907.3
0.06805 14907.3
0.06806 14907.3
0.06807 14907.3
0.06808 14907.3
0.06809 14907.3
0.06810 14907.3
0.06811 14907.3
0.06812 14907.3
0.06813 14907.3
0.06814 14907.3
0.06815 14907.3
0.06816 14907.3
0.06817 14907.3
0.06818 14907.3
0.06819 14907.3
0.06820 14907.3
0.06821 14907.3
0.06822 14907.3
0.06823 14907.3
0.06824 14907.3
0.06825 14907.3
0.06826 14907.3
0.06827 14907.3
0.06828 14907.3
0.06829 14907.3
0.06830 14907.3
0.06831 14907.3
0.06832 14907.3
0.06833 14907.3
0.06834 14907.3
0.06835 14907.3
0.06836 14907.3
0.06837 14907.3
0.06838 14907.3
0.06839 14907.3
0.06840 14907.3
0.06841 14907.3
0.06842 14907.3
0.06843 14907.3
0.06844 14907.3
0.06845 14907.3
0.06846 14907.3
0.06847 14907.3
0.06848 14907.3
0.06849 14907.3
0.06850 14907.3
0.06851 14907.3
0.06852 14907.3
0.06853 14907.3
0.06854 14907.3
0.06855 14907.3
0.06856 14907.3
0.06857 14907.3
0.06858 14907.3
0.06859 14907.3
0.06860 14907.3
0.06861 14907.3
0.06862 14907.3
0.06863 14907.3
0.06864 14907.3
0.06865 14907.3
0.06866 14907.3
0.06867 14907.3
0.06868 14907.3
0.06869 14907.3
0.06870 14907.3
0.06871 14907.3
0.06872 14907.3
0.06873 14907.3
0.06874 14907.3
0.06875 14907.3
0.06876 14907.3
0.06877 14907.3
0.06878 14907.3
0.06879 14907.3
0.06880 14907.3
0.06881 14907.3
0.06882 14907.3
0.06883 14907.3
0.06884 14907.3
0.06885 14907.3
0.06886 14907.3
0.06887 14907.3
0.06888 14907.3
0.06889 14907.3
0.06890 14907.3
0.06891 14907.3
0.06892 14907.3
0.06893 14907.3
0.06894 14907.3
0.06895 14907.3
0.06896 14907.3
0.06897 14907.3
0.06898 14907.3
0.06899 14907.3
0.06900 14907.3
0.06901 14907.3
0.06902 14907.3
0.06903 14907.3
0.06904 14907.3
0.06905 14907.3
0.06906 14907.3
0.06907 14907.3
0.06908 14907.3
0.06909 14907.3
0.06910 14907.3
0.06911 14907.3
0.06912 14907.3
0.06913 14907.3
0.06914 14907.3
0.06915 14907.3
0.06916 14907.3
0.06917 14907.3
0.06918 14907.3
0.06919 14907.3
0.06920 14907.3
0.06921 14907.3
0.06922 14907.3
0.06923 14907.3
0.06924 14907.3
0.06925 14907.3
0.06926 14907.3
0.06927 14907.3
0.06928 14907.3
0.06929 14907.3
0.06930 14907.3
0.06931 14907.3
0.06932 14907.3
0.06933 14907.3
0.06934 14907.3
0.06935 14907.3
0.06936 14907.3
0.06937 14907.3
0.06938 14907.3
0.06939 14907.3
0.06940 14907.3
0.06941 14907.3
0.06942 14907.3
0.06943 14907.3
0.06944 14907.3
0.06945 14907.3
0.06946 14907.3
0.06947 14907.3
0.06948 14907.3
0.06949 14907.3
0.06950 14907.3
0.06951 14907.3
0.06952 14907.3
0.06953 14907.3
0.06954 14907.3
0.06955 14907.3
0.06956 14907.3
0.06957 14907.3
0.06958 14907.3
0.06959 14907.3
0.06960 14907.3
0.06961 14907.3
0.06962 14907.3
0.06963 14907.3
0.06964 14907.3
0.06965 14907.3
0.06966 14907.3
0.06967 14907.3
0.06968 14907.3
0.06969 14907.3
0.06970 14907.3
0.06971 14907.3
0.06972 14907.3
0.06973 14907.3
0.06974 14907.3
0.06975 14907.3
0.06976 14907.3
0.06977 14907.3
0.06978 14907.3
0.06979 14907.3
0.06980 14907.3
0.06981 14907.3
0.06982 14907.3
0.06983 14907.3
0.06984 14907.3
0.06985 14907.3
0.06986 14907.3
0.06987 14907.3
0.06988 14907.3
0.06989 14907.3
0.06990 14907.3
0.06991 14907.3
0.06992 14907.3
0.06993 14907.3
0.06994 14907.3
0.06995 14907.3
0.06996 14907.3
0.06997 14907.3
0.06998 14907.3
0.06999 14907.3
0.07000 14907.3
0.07001 14907.3
0.07002 14907.3
0.07003 14907.3
0.07004 14907.3
0.07005 14907.3
0.07006 14907.3
0.07007 14907.3
0.07008 14907.3
0.07009 14907.3
0.07010 14907.3
0.07011 14907.3
0.07012 14907.3
0.07013 14907.3
0.07014 14907.3
0.07015 14907.3
0.07016 14907.3
0.07017 14907.3
0.07018 14907.3
0.07019 14907.3
0.07020 14907.3
0.07021 14907.3
0.07022 14907.3
0.07023 14907.3
0.07024 14907.3
0.07025 14907.3
0.07026 14907.3
0.07027 14907.3
0.07028 14907.3
0.07029 14907.3
0.07030 14907.3
0.07031 14907.3
0.07032 14907.3
0.07033 14907.3
0.07034 14907.3
0.07035 14907.3
0.07036 14907.3
0.07037 14907.3
0.07038 14907.3
0.07039 14907.3
0.07040 14907.3
0.07041 14907.3
0.07042 14907.3
0.07043 14907.3
0.07044 14907.3
0.07045 14907.3
0.07046 14907.3
0.07047 14907.3
0.07048 14907.3
0.07049 14907.3
0.07050 14907.3
0.07051 14907.3
0.07052 14907.3
0.07053 14907.3
0.07054 14907.3
0.07055 14907.3
0.07056 14907.3
0.07057 14907.3
0.07058 14907.3
0.07059 14907.3
0.07060 14907.3
0.07061 14907.3
0.07062 14907.3
0.07063 14907.3
0.07064 14907.3
0.07065 14907.3
0.07066 14907.3
0.07067 14907.3
0.07068 14907.3
0.07069 14907.3
0.07070 14907.3
0.07071 14907.3
0.07072 14907.3
0.07073 14907.3
0.07074 14907.3
0.07075 14907.3
0.07076 14907.3
0.07077 14907.3
0.07078 14907.3
0.07079 14907.3
0.07080 14907.3
0.07081 14907.3
0.07082 14907.3
0.07083 14907.3
0.07084 14907.3
0.07085 14907.3
0.07086 14907.3
0.07087 14907.3
0.07088 14907.3
0.07089 14907.3
0.07090 14907.3
0.07091 14907.3
0.07092 14907.3
0.07093 14907.3
0.07094 14907.3
0.07095 14907.3
0.07096 14907.3
0.07097 14907.3
0.07098 14907.3
0.07099 14907.3
0.07100 14907.3
0.07101 14907.3
0.07102 14907.3
0.07103 14907.3
0.07104 14907.3
0.07105 14907.3
0.07106 14907.3
0.07107 14907.3
0.07108 14907.3
0.07109 14907.3
0.07110 14907.3
0.07111 14907.3
0.07112 14907.3
0.07113 14907.3
0.07114 14907.3
0.07115 14907.3
0.07116 14907.3
0.07117 14907.3
0.07118 14907.3
0.07119 14907.3
0.07120 14907.3
0.07121 14907.3
0.07122 14907.3
0.07123 14907.3
0.07124 14907.3
0.07125 14907.3
0.07126 14907.3
0.07127 14907.3
0.07128 14907.3
0.07129 14907.3
0.07130 14907.3
0.07131 14907.3
0.07132 14907.3
0.07133 14907.3
0.07134 14907.3
0.07135 14907.3
0.07136 14907.3
0.07137 14907.3
0.07138 14907.3
0.07139 14907.3
0.07140 14907.3
0.07141 14907.3
0.07142 14907.3
0.07143 14907.3
0.07144 14907.3
0.07145 14907.3
0.07146 14907.3
0.07147 14907.3
0.07148 14907.3
0.07149 14907.3
0.07150 14907.3
0.07151 14907.3
0.07152 14907.3
0.07153 14907.3
0.07154 14907.3
0.07155 14907.3
0.07156 14907.3
0.07157 14907.3
0.07158 14907.3
0.07159 14907.3
0.07160 14907.3
0.07161 14907.3
0.07162 14907.3
0.07163 14907.3
0.07164 14907.3
0.07165 14907.3
0.07166 14907.3
0.07167 14907.3
0.07168 14907.3
0.07169 14907.3
0.07170 14907.3
0.07171 14907.3
0.07172 14907.3
0.07173 14907.3
0.07174 14907.3
0.07175 14907.3
0.07176 14907.3
0.07177 14907.3
0.07178 14907.3
0.07179 14907.3
0.07180 14907.3
0.07181 14907.3
0.07182 14907.3
0.07183 14907.3
0.07184 14907.3
0.07185 14907.3
0.07186 14907.3
0.07187 14907.3
0.07188 14907.3
0.07189 14907.3
0.07190 14907.3
0.07191 14907.3
0.07192 14907.3
0.07193 14907.3
0.07194 14907.3
0.07195 14907.3
0.07196 14907.3
0.07197 14907.3
0.07198 14907.3
0.07199 14907.3
0.07200 14907.3
0.07201 14907.3
0.07202 14907.3
0.07203 14907.3
0.07204 14907.3
0.07205 14907.3
0.07206 14907.3
0.07207 14907.3
0.07208 14907.3
0.07209 14907.3
0.07210 14907.3
0.07211 14907.3
0.07212 14907.3
0.07213 14907.3
0.07214 14907.3
0.07215 14907.3
0.07216 14907.3
0.07217 14907.3
0.07218 14907.3
0.07219 14907.3
0.07220 14907.3
0.07221 14907.3
0.07222 14907.3
0.07223 14907.3
0.07224 14907.3
0.07225 14907.3
0.07226 14907.3
0.07227 14907.3
0.07228 14907.3
0.07229 14907.3
0.07230 14907.3
0.07231 14907.3
0.07232 14907.3
0.07233 14907.3
0.07234 14907.3
0.07235 14907.3
0.07236 14907.3
0.07237 14907.3
0.07238 14907.3
0.07239 14907.3
0.07240 14907.3
0.07241 14907.3
0.07242 14907.3
0.07243 14907.3
0.07244 14907.3
0.07245 14907.3
0.07246 14907.3
0.07247 14907.3
0.07248 14907.3
0.07249 14907.3
0.07250 14907.3
0.07251 14907.3
0.07252 14907.3
0.07253 14907.3
0.07254 14907.3
0.07255 14907.3
0.07256 14907.3
0.07257 14907.3
0.07258 14907.3
0.07259 14907.3
0.07260 14907.3
0.07261 14907.3
0.07262 14907.3
0.07263 14907.3
0.07264 14907.3
0.07265 14907.3
0.07266 14907.3
0.07267 14907.3
0.07268 14907.3
0.07269 14907.3
0.07270 14907.3
0.07271 14907.3
0.07272 14907.3
0.07273 14907.3
0.07274 14907.3
0.07275 14907.3
0.07276 14907.3
0.07277 14907.3
0.07278 14907.3
0.07279 14907.3
0.07280 14907.3
0.07281 14907.3
0.07282 14907.3
0.07283 14907.3
0.07284 14907.3
0.07285 14907.3
0.07286 14907.3
0.07287 14907.3
0.07288 14907.3
0.07289 14907.3
0.07290 14907.3
0.07291 14907.3
0.07292 14907.3
0.07293 14907.3
0.07294 14907.3
0.07295 14907.3
0.07296 14907.3
0.07297 14907.3
0.07298 14907.3
0.07299 14907.3
0.07300 14907.3
0.07301 14907.3
0.07302 14907.3
0.07303 14907.3
0.07304 14907.3
0.07305 14907.3
0.07306 14907.3
0.07307 14907.3
0.07308 14907.3
0.07309 14907.3
0.07310 14907.3
0.07311 14907.3
0.07312 14907.3
0.07313 14907.3
0.07314 14907.3
0.07315 14907.3
0.07316 14907.3
0.07317 14907.3
0.07318 14907.3
0.07319 14907.3
0.07320 14907.3
0.07321 14907.3
0.07322 14907.3
0.07323 14907.3
0.07324 14907.3
0.07325 14907.3
0.07326 14907.3
0.07327 14907.3
0.07328 14907.3
0.07329 14907.3
0.07330 14907.3
0.07331 14907.3
0.07332 14907.3
0.07333 14907.3
0.07334 14907.3
0.07335 14907.3
0.07336 14907.3
0.07337 14907.3
0.07338 14907.3
0.07339 14907.3
0.07340 14907.3
0.07341 14907.3
0.07342 14907.3
0.07343 14907.3
0.07344 14907.3
0.07345 14907.3
0.07346 14907.3
0.07347 14907.3
0.07348 14907.3
0.07349 14907.3
0.07350 14907.3
0.07351 14907.3
0.07352 14907.3
0.07353 14907.3
0.07354 14907.3
0.07355 14907.3
0.07356 14907.3
0.07357 14907.3
0.07358 14907.3
0.07359 14907.3
0.07360 14907.3
0.07361 14907.3
0.07362 14907.3
0.07363 14907.3
0.07364 14907.3
0.07365 14907.3
0.07366 14907.3
0.07367 14907.3
0.07368 14907.3
0.07369 14907.3
0.07370 14907.3
0.07371 14907.3
0.07372 14907.3
0.07373 14907.3
0.07374 14907.3
0.07375 14907.3
0.07376 14907.3
0.07377 14907.3
0.07378 14907.3
0.07379 14907.3
0.07380 14907.3
0.07381 14907.3
0.07382 14907.3
0.07383 14907.3
0.07384 14907.3
0.07385 14907.3
0.07386 14907.3
0.07387 14907.3
0.07388 14907.3
0.07389 14907.3
0.07390 14907.3
0.07391 14907.3
0.07392 14907.3
0.07393 14907.3
0.07394 14907.3
0.07395 14907.3
0.07396 14907.3
0.07397 14907.3
0.07398 14907.3
0.07399 14907.3
0.07400 14907.3
0.07401 14907.3
0.07402 14907.3
0.07403 14907.3
0.07404 14907.3
0.07405 14907.3
0.07406 14907.3
0.07407 14907.3
0.07408 14907.3
0.07409 14907.3
0.07410 14907.3
0.07411 14907.3
0.07412 14907.3
0.07413 14907.3
0.07414 14907.3
0.07415 14907.3
0.07416 14907.3
0.07417 14907.3
0.07418 14907.3
0.07419 14907.3
0.07420 14907.3
0.07421 14907.3
0.07422 14907.3
0.07423 14907.3
0.07424 14907.3
0.07425 14907.3
0.07426 14907.3
0.07427 14907.3
0.07428 14907.3
0.07429 14907.3
0.07430 14907.3
0.07431 14907.3
0.07432 14907.3
0.07433 14907.3
0.07434 14907.3
0.07435 14907.3
0.07436 14907.3
0.07437 14907.3
0.07438 14907.3
0.07439 14907.3
0.07440 14907.3
0.07441 14907.3
0.07442 14907.3
0.07443 14907.3
0.07444 14907.3
0.07445 14907.3
0.07446 14907.3
0.07447 14907.3
0.07448 14907.3
0.07449 14907.3
0.07450 14907.3
0.07451 14907.3
0.07452 14907.3
0.07453 14907.3
0.07454 14907.3
0.07455 14907.3
0.07456 14907.3
0.07457 14907.3
0.07458 14907.3
0.07459 14907.3
0.07460 14907.3
0.07461 14907.3
0.07462 14907.3
0.07463 14907.3
0.07464 14907.3
0.07465 14907.3
0.07466 14907.3
0.07467 14907.3
0.07468 14907.3
0.07469 14907.3
0.07470 14907.3
0.07471 14907.3
0.07472 14907.3
0.07473 14907.3
0.07474 14907.3
0.07475 14907.3
0.07476 14907.3
0.07477 14907.3
0.07478 14907.3
0.07479 14907.3
0.07480 14907.3
0.07481 14907.3
0.07482 14907.3
0.07483 14907.3
0.07484 14907.3
0.07485 14907.3
0.07486 14907.3
0.07487 14907.3
0.07488 14907.3
0.07489 14907.3
0.07490 14907.3
0.07491 14907.3
0.07492 14907.3
0.07493 14907.3
0.07494 14907.3
0.07495 14907.3
0.07496 14907.3
0.07497 14907.3
0.07498 14907.3
0.07499 14907.3
0.07500 14907.3
0.07501 14907.3
0.07502 14907.3
0.07503 14907.3
0.07504 14907.3
0.07505 14907.3
0.07506 14907.3
0.07507 14907.3
0.07508 14907.3
0.07509 14907.3
0.07510 14907.3
0.07511 14907.3
0.07512 14907.3
0.07513 14907.3
0.07514 14907.3
0.07515 14907.3
0.07516 14907.3
0.07517 14907.3
0.07518 14907.3
0.07519 14907.3
0.07520 14907.3
0.07521 14907.3
0.07522 14907.3
0.07523 14907.3
0.07524 14907.3
0.07525 14907.3
0.07526 14907.3
0.07527 14907.3
0.07528 14907.3
0.07529 14907.3
0.07530 14907.3
0.07531 14907.3
0.07532 14907.3
0.07533 14907.3
0.07534 14907.3
0.07535 14907.3
0.07536 14907.3
0.07537 14907.3
0.07538 14907.3
0.07539 14907.3
0.07540 14907.3
0.07541 14907.3
0.07542 14907.3
0.07543 14907.3
0.07544 14907.3
0.07545 14907.3
0.07546 14907.3
0.07547 14907.3
0.07548 14907.3
0.07549 14907.3
0.07550 14907.3
0.07551 14907.3
0.07552 14907.3
0.07553 14907.3
0.07554 14907.3
0.07555 14907.3
0.07556 14907.3
0.07557 14907.3
0.07558 14907.3
0.07559 14907.3
0.07560 14907.3
0.07561 14907.3
0.07562 14907.3
0.07563 14907.3
0.07564 14907.3
0.07565 14907.3
0.07566 14907.3
0.07567 14907.3
0.07568 14907.3
0.07569 14907.3
0.07570 14907.3
0.07571 14907.3
0.07572 14907.3
0.07573 14907.3
0.07574 14907.3
0.07575 14907.3
0.07576 14907.3
0.07577 14907.3
0.07578 14907.3
0.07579 14907.3
0.07580 14907.3
0.07581 14907.3
0.07582 14907.3
0.07583 14907.3
0.07584 14907.3
0.07585 14907.3
0.07586 14907.3
0.07587 14907.3
0.07588 14907.3
0.07589 14907.3
0.07590 14907.3
0.07591 14907.3
0.07592 14907.3
0.07593 14907.3
0.07594 14907.3
0.07595 14907.3
0.07596 14907.3
0.07597 14907.3
0.07598 14907.3
0.07599 14907.3
0.07600 14907.3
0.07601 14907.3
0.07602 14907.3
0.07603 14907.3
0.07604 14907.3
0.07605 14907.3
0.07606 14907.3
0.07607 14907.3
0.07608 14907.3
0.07609 14907.3
0.07610 14907.3
0.07611 14907.3
0.07612 14907.3
0.07613 14907.3
0.07614 14907.3
0.07615 14907.3
0.07616 14907.3
0.07617 14907.3
0.07618 14907.3
0.07619 14907.3
0.07620 14907.3
0.07621 14907.3
0.07622 14907.3
0.07623 14907.3
0.07624 14907.3
0.07625 14907.3
0.07626 14907.3
0.07627 14907.3
0.07628 14907.3
0.07629 14907.3
0.07630 14907.3
0.07631 14907.3
0.07632 14907.3
0.07633 14907.3
0.07634 14907.3
0.07635 14907.3
0.07636 14907.3
0.07637 14907.3
0.07638 14907.3
0.07639 14907.3
0.07640 14907.3
0.07641 14907.3
0.07642 14907.3
0.07643 14907.3
0.07644 14907.3
0.07645 14907.3
0.07646 14907.3
0.07647 14907.3
0.07648 14907.3
0.07649 14907.3
0.07650 14907.3
0.07651 14907.3
0.07652 14907.3
0.07653 14907.3
0.07654 14907.3
0.07655 14907.3
0.07656 14907.3
0.07657 14907.3
0.07658 14907.3
0.07659 14907.3
0.07660 14907.3
0.07661 14907.3
0.07662 14907.3
0.07663 14907.3
0.07664 14907.3
0.07665 14907.3
0.07666 14907.3
0.07667 14907.3
0.07668 14907.3
0.07669 14907.3
0.07670 14907.3
0.07671 14907.3
0.07672 14907.3
0.07673 14907.3
0.07674 14907.3
0.07675 14907.3
0.07676 14907.3
0.07677 14907.3
0.07678 14907.3
0.07679 14907.3
0.07680 14907.3
0.07681 14907.3
0.07682 14907.3
0.07683 14907.3
0.07684 14907.3
0.07685 14907.3
0.07686 14907.3
0.07687 14907.3
0.07688 14907.3
0.07689 14907.3
0.07690 14907.3
0.07691 14907.3
0.07692 14907.3
0.07693 14907.3
0.07694 14907.3
0.07695 14907.3
0.07696 14907.3
0.07697 14907.3
0.07698 14907.3
0.07699 14907.3
0.07700 14907.3
0.07701 14907.3
0.07702 14907.3
0.07703 14907.3
0.07704 14907.3
0.07705 14907.3
0.07706 14907.3
0.07707 14907.3
0.07708 14907.3
0.07709 14907.3
0.07710 14907.3
0.07711 14907.3
0.07712 14907.3
0.07713 14907.3
0.07714 14907.3
0.07715 14907.3
0.07716 14907.3
0.07717 14907.3
0.07718 14907.3
0.07719 14907.3
0.07720 14907.3
0.07721 14907.3
0.07722 14907.3
0.07723 14907.3
0.07724 14907.3
0.07725 14907.3
0.07726 14907.3
0.07727 14907.3
0.07728 14907.3
0.07729 14907.3
0.07730 14907.3
0.07731 14907.3
0.07732 14907.3
0.07733 14907.3
0.07734 14907.3
0.07735 14907.3
0.07736 14907.3
0.07737 14907.3
0.07738 14907.3
0.07739 14907.3
0.07740 14907.3
0.07741 14907.3
0.07742 14907.3
0.07743 14907.3
0.07744 14907.3
0.07745 14907.3
0.07746 14907.3
0.07747 14907.3
0.07748 14907.3
0.07749 14907.3
0.07750 14907.3
0.07751 14907.3
0.07752 14907.3
0.07753 14907.3
0.07754 14907.3
0.07755 14907.3
0.07756 14907.3
0.07757 14907.3
0.07758 14907.3
0.07759 14907.3
0.07760 14907.3
0.07761 14907.3
0.07762 14907.3
0.07763 14907.3
0.07764 14907.3
0.07765 14907.3
0.07766 14907.3
0.07767 14907.3
0.07768 14907.3
0.07769 14907.3
0.07770 14907.3
0.07771 14907.3
0.07772 14907.3
0.07773 14907.3
0.07774 14907.3
0.07775 14907.3
0.07776 14907.3
0.07777 14907.3
0.07778 14907.3
0.07779 14907.3
0.07780 14907.3
0.07781 14907.3
0.07782 14907.3
0.07783 14907.3
0.07784 14907.3
0.07785 14907.3
0.07786 14907.3
0.07787 14907.3
0.07788 14907.3
0.07789 14907.3
0.07790 14907.3
0.07791 14907.3
0.07792 14907.3
0.07793 14907.3
0.07794 14907.3
0.07795 14907.3
0.07796 14907.3
0.07797 14907.3
0.07798 14907.3
0.07799 14907.3
0.07800 14907.3
0.07801 14907.3
0.07802 14907.3
0.07803 14907.3
0.07804 14907.3
0.07805 14907.3
0.07806 14907.3
0.07807 14907.3
0.07808 14907.3
0.07809 14907.3
0.07810 14907.3
0.07811 14907.3
0.07812 14907.3
0.07813 14907.3
0.07814 14907.3
0.07815 14907.3
0.07816 14907.3
0.07817 14907.3
0.07818 14907.3
0.07819 14907.3
0.07820 14907.3
0.07821 14907.3
0.07822 14907.3
0.07823 14907.3
0.07824 14907.3
0.07825 14907.3
0.07826 14907.3
0.07827 14907.3
0.07828 14907.3
0.07829 14907.3
0.07830 14907.3
0.07831 14907.3
0.07832 14907.3
0.07833 14907.3
0.07834 14907.3
0.07835 14907.3
0.07836 14907.3
0.07837 14907.3
0.07838 14907.3
0.07839 14907.3
0.07840 14907.3
0.07841 14907.3
0.07842 14907.3
0.07843 14907.3
0.07844 14907.3
0.07845 14907.3
0.07846 14907.3
0.07847 14907.3
0.07848 14907.3
0.07849 14907.3
0.07850 14907.3
0.07851 14907.3
0.07852 14907.3
0.07853 14907.3
0.07854 14907.3
0.07855 14907.3
0.07856 14907.3
0.07857 14907.3
0.07858 14907.3
0.07859 14907.3
0.07860 14907.3
0.07861 14907.3
0.07862 14907.3
0.07863 14907.3
0.07864 14907.3
0.07865 14907.3
0.07866 14907.3
0.07867 14907.3
0.07868 14907.3
0.07869 14907.3
0.07870 14907.3
0.07871 14907.3
0.07872 14907.3
0.07873 14907.3
0.07874 14907.3
0.07875 14907.3
0.07876 14907.3
0.07877 14907.3
0.07878 14907.3
0.07879 14907.3
0.07880 14907.3
0.07881 14907.3
0.07882 14907.3
0.07883 14907.3
0.07884 14907.3
0.07885 14907.3
0.07886 14907.3
0.07887 14907.3
0.07888 14907.3
0.07889 14907.3
0.07890 14907.3
0.07891 14907.3
0.07892 14907.3
0.07893 14907.3
0.07894 14907.3
0.07895 14907.3
0.07896 14907.3
0.07897 14907.3
0.07898 14907.3
0.07899 14907.3
0.07900 14907.3
0.07901 14907.3
0.07902 14907.3
0.07903 14907.3
0.07904 14907.3
0.07905 14907.3
0.07906 14907.3
0.07907 14907.3
0.07908 14907.3
0.07909 14907.3
0.07910 14907.3
0.07911 14907.3
0.07912 14907.3
0.07913 14907.3
0.07914 14907.3
0.07915 14907.3
0.07916 14907.3
0.07917 14907.3
0.07918 14907.3
0.07919 14907.3
0.07920 14907.3
0.07921 14907.3
0.07922 14907.3
0.07923 14907.3
0.07924 14907.3
0.07925 14907.3
0.07926 14907.3
0.07927 14907.3
0.07928 14907.3
0.07929 14907.3
0.07930 14907.3
0.07931 14907.3
0.07932 14907.3
0.07933 14907.3
0.07934 14907.3
0.07935 14907.3
0.07936 14907.3
0.07937 14907.3
0.07938 14907.3
0.07939 14907.3
0.07940 14907.3
0.07941 14907.3
0.07942 14907.3
0.07943 14907.3
0.07944 14907.3
0.07945 14907.3
0.07946 14907.3
0.07947 14907.3
0.07948 14907.3
0.07949 14907.3
0.07950 14907.3
0.07951 14907.3
0.07952 14907.3
0.07953 14907.3
0.07954 14907.3
0.07955 14907.3
0.07956 14907.3
0.07957 14907.3
0.07958 14907.3
0.07959 14907.3
0.07960 14907.3
0.07961 14907.3
0.07962 14907.3
0.07963 14907.3
0.07964 14907.3
0.07965 14907.3
0.07966 14907.3
0.07967 14907.3
0.07968 14907.3
0.07969 14907.3
0.07970 14907.3
0.07971 14907.3
0.07972 14907.3
0.07973 14907.3
0.07974 14907.3
0.07975 14907.3
0.07976 14907.3
0.07977 14907.3
0.07978 14907.3
0.07979 14907.3
0.07980 14907.3
0.07981 14907.3
0.07982 14907.3
0.07983 14907.3
0.07984 14907.3
0.07985 14907.3
0.07986 14907.3
0.07987 14907.3
0.07988 14907.3
0.07989 14907.3
0.07990 14907.3
0.07991 14907.3
0.07992 14907.3
0.07993 14907.3
0.07994 14907.3
0.07995 14907.3
0.07996 14907.3
0.07997 14907.3
0.07998 14907.3
0.07999 14907.3
0.08000 14907.3
0.08001 14907.3
0.08002 14907.3
0.08003 14907.3
0.08004 14907.3
0.08005 14907.3
0.08006 14907.3
0.08007 14907.3
0.08008 14907.3
0.08009 14907.3
0.08010 14907.3
0.08011 14907.3
0.08012 14907.3
0.08013 14907.3
0.08014 14907.3
0.08015 14907.3
0.08016 14907.3
0.08017 14907.3
0.08018 14907.3
0.08019 14907.3
0.08020 14907.3
0.08021 14907.3
0.08022 14907.3
0.08023 14907.3
0.08024 14907.3
0.08025 14907.3
0.08026 14907.3
0.08027 14907.3
0.08028 14907.3
0.08029 14907.3
0.08030 14907.3
0.08031 14907.3
0.08032 14907.3
0.08033 14907.3
0.08034 14907.3
0.08035 14907.3
0.08036 14907.3
0.08037 14907.3
0.08038 14907.3
0.08039 14907.3
0.08040 14907.3
0.08041 14907.3
0.08042 14907.3
0.08043 14907.3
0.08044 14907.3
0.08045 14907.3
0.08046 14907.3
0.08047 14907.3
0.08048 14907.3
0.08049 14907.3
0.08050 14907.3
0.08051 14907.3
0.08052 14907.3
0.08053 14907.3
0.08054 14907.3
0.08055 14907.3
0.08056 14907.3
0.08057 14907.3
0.08058 14907.3
0.08059 14907.3
0.08060 14907.3
0.08061 14907.3
0.08062 14907.3
0.08063 14907.3
0.08064 14907.3
0.08065 14907.3
0.08066 14907.3
0.08067 14907.3
0.08068 14907.3
0.08069 14907.3
0.08070 14907.3
0.08071 14907.3
0.08072 14907.3
0.08073 14907.3
0.08074 14907.3
0.08075 14907.3
0.08076 14907.3
0.08077 14907.3
0.08078 14907.3
0.08079 14907.3
0.08080 14907.3
0.08081 14907.3
0.08082 14907.3
0.08083 14907.3
0.08084 14907.3
0.08085 14907.3
0.08086 14907.3
0.08087 14907.3
0.08088 14907.3
0.08089 14907.3
0.08090 14907.3
0.08091 14907.3
0.08092 14907.3
0.08093 14907.3
0.08094 14907.3
0.08095 14907.3
0.08096 14907.3
0.08097 14907.3
0.08098 14907.3
0.08099 14907.3
0.08100 14907.3
0.08101 14907.3
0.08102 14907.3
0.08103 14907.3
0.08104 14907.3
0.08105 14907.3
0.08106 14907.3
0.08107 14907.3
0.08108 14907.3
0.08109 14907.3
0.08110 14907.3
0.08111 14907.3
0.08112 14907.3
0.08113 14907.3
0.08114 14907.3
0.08115 14907.3
0.08116 14907.3
0.08117 14907.3
0.08118 14907.3
0.08119 14907.3
0.08120 14907.3
0.08121 14907.3
0.08122 14907.3
0.08123 14907.3
0.08124 14907.3
0.08125 14907.3
0.08126 14907.3
0.08127 14907.3
0.08128 14907.3
0.08129 14907.3
0.08130 14907.3
0.08131 14907.3
0.08132 14907.3
0.08133 14907.3
0.08134 14907.3
0.08135 14907.3
0.08136 14907.3
0.08137 14907.3
0.08138 14907.3
0.08139 14907.3
0.08140 14907.3
0.08141 14907.3
0.08142 14907.3
0.08143 14907.3
0.08144 14907.3
0.08145 14907.3
0.08146 14907.3
0.08147 14907.3
0.08148 14907.3
0.08149 14907.3
0.08150 14907.3
0.08151 14907.3
0.08152 14907.3
0.08153 14907.3
0.08154 14907.3
0.08155 14907.3
0.08156 14907.3
0.08157 14907.3
0.08158 14907.3
0.08159 14907.3
0.08160 14907.3
0.08161 14907.3
0.08162 14907.3
0.08163 14907.3
0.08164 14907.3
0.08165 14907.3
0.08166 14907.3
0.08167 14907.3
0.08168 14907.3
0.08169 14907.3
0.08170 14907.3
0.08171 14907.3
0.08172 14907.3
0.08173 14907.3
0.08174 14907.3
0.08175 14907.3
0.08176 14907.3
0.08177 14907.3
0.08178 14907.3
0.08179 14907.3
0.08180 14907.3
0.08181 14907.3
0.08182 14907.3
0.08183 14907.3
0.08184 14907.3
0.08185 14907.3
0.08186 14907.3
0.08187 14907.3
0.08188 14907.3
0.08189 14907.3
0.08190 14907.3
0.08191 14907.3
0.08192 14907.3
0.08193 14907.3
0.08194 14907.3
0.08195 14907.3
0.08196 14907.3
0.08197 14907.3
0.08198 14907.3
0.08199 14907.3
0.08200 14907.3
0.08201 14907.3
0.08202 14907.3
0.08203 14907.3
0.08204 14907.3
0.08205 14907.3
0.08206 14907.3
0.08207 14907.3
0.08208 14907.3
0.08209 14907.3
0.08210 14907.3
0.08211 14907.3
0.08212 14907.3
0.08213 14907.3
0.08214 14907.3
0.08215 14907.3
0.08216 14907.3
0.08217 14907.3
0.08218 14907.3
0.08219 14907.3
0.08220 14907.3
0.08221 14907.3
0.08222 14907.3
0.08223 14907.3
0.08224 14907.3
0.08225 14907.3
0.08226 14907.3
0.08227 14907.3
0.08228 14907.3
0.08229 14907.3
0.08230 14907.3
0.08231 14907.3
0.08232 14907.3
0.08233 14907.3
0.08234 14907.3
0.08235 14907.3
0.08236 14907.3
0.08237 14907.3
0.08238 14907.3
0.08239 14907.3
0.08240 14907.3
0.08241 14907.3
0.08242 14907.3
0.08243 14907.3
0.08244 14907.3
0.08245 14907.3
0.08246 14907.3
0.08247 14907.3
0.08248 14907.3
0.08249 14907.3
0.08250 14907.3
0.08251 14907.3
0.08252 14907.3
0.08253 14907.3
0.08254 14907.3
0.08255 14907.3
0.08256 14907.3
0.08257 14907.3
0.08258 14907.3
0.08259 14907.3
0.08260 14907.3
0.08261 14907.3
0.08262 14907.3
0.08263 14907.3
0.08264 14907.3
0.08265 14907.3
0.08266 14907.3
0.08267 14907.3
0.08268 14907.3
0.08269 14907.3
0.08270 14907.3
0.08271 14907.3
0.08272 14907.3
0.08273 14907.3
0.08274 14907.3
0.08275 14907.3
0.08276 14907.3
0.08277 14907.3
0.08278 14907.3
0.08279 14907.3
0.08280 14907.3
0.08281 14907.3
0.08282 14907.3
0.08283 14907.3
0.08284 14907.3
0.08285 14907.3
0.08286 14907.3
0.08287 14907.3
0.08288 14907.3
0.08289 14907.3
0.08290 14907.3
0.08291 14907.3
0.08292 14907.3
0.08293 14907.3
0.08294 14907.3
0.08295 14907.3
0.08296 14907.3
0.08297 14907.3
0.08298 14907.3
0.08299 14907.3
0.08300 14907.3
0.08301 14907.3
0.08302 14907.3
0.08303 14907.3
0.08304 14907.3
0.08305 14907.3
0.08306 14907.3
0.08307 14907.3
0.08308 14907.3
0.08309 14907.3
0.08310 14907.3
0.08311 14907.3
0.08312 14907.3
0.08313 14907.3
0.08314 14907.3
0.08315 14907.3
0.08316 14907.3
0.08317 14907.3
0.08318 14907.3
0.08319 14907.3
0.08320 14907.3
0.08321 14907.3
0.08322 14907.3
0.08323 14907.3
0.08324 14907.3
0.08325 14907.3
0.08326 14907.3
0.08327 14907.3
0.08328 14907.3
0.08329 14907.3
0.08330 14907.3
0.08331 14907.3
0.08332 14907.3
0.08333 14907.3
0.08334 14907.3
0.08335 14907.3
0.08336 14907.3
0.08337 14907.3
0.08338 14907.3
0.08339 14907.3
0.08340 14907.3
0.08341 14907.3
0.08342 14907.3
0.08343 14907.3
0.08344 14907.3
0.08345 14907.3
0.08346 14907.3
0.08347 14907.3
0.08348 14907.3
0.08349 14907.3
0.08350 14907.3
0.08351 14907.3
0.08352 14907.3
0.08353 14907.3
0.08354 14907.3
0.08355 14907.3
0.08356 14907.3
0.08357 14907.3
0.08358 14907.3
0.08359 14907.3
0.08360 14907.3
0.08361 14907.3
0.08362 14907.3
0.08363 14907.3
0.08364 14907.3
0.08365 14907.3
0.08366 14907.3
0.08367 14907.3
0.08368 14907.3
0.08369 14907.3
0.08370 14907.3
0.08371 14907.3
0.08372 14907.3
0.08373 14907.3
0.08374 14907.3
0.08375 14907.3
0.08376 14907.3
0.08377 14907.3
0.08378 14907.3
0.08379 14907.3
0.08380 14907.3
0.08381 14907.3
0.08382 14907.3
0.08383 14907.3
0.08384 14907.3
0.08385 14907.3
0.08386 14907.3
0.08387 14907.3
0.08388 14907.3
0.08389 14907.3
0.08390 14907.3
0.08391 14907.3
0.08392 14907.3
0.08393 14907.3
0.08394 14907.3
0.08395 14907.3
0.08396 14907.3
0.08397 14907.3
0.08398 14907.3
0.08399 14907.3
0.08400 14907.3
0.08401 14907.3
0.08402 14907.3
0.08403 14907.3
0.08404 14907.3
0.08405 14907.3
0.08406 14907.3
0.08407 14907.3
0.08408 14907.3
0.08409 14907.3
0.08410 14907.3
0.08411 14907.3
0.08412 14907.3
0.08413 14907.3
0.08414 14907.3
0.08415 14907.3
0.08416 14907.3
0.08417 14907.3
0.08418 14907.3
0.08419 14907.3
0.08420 14907.3
0.08421 14907.3
0.08422 14907.3
0.08423 14907.3
0.08424 14907.3
0.08425 14907.3
0.08426 14907.3
0.08427 14907.3
0.08428 14907.3
0.08429 14907.3
0.08430 14907.3
0.08431 14907.3
0.08432 14907.3
0.08433 14907.3
0.08434 14907.3
0.08435 14907.3
0.08436 14907.3
0.08437 14907.3
0.08438 14907.3
0.08439 14907.3
0.08440 14907.3
0.08441 14907.3
0.08442 14907.3
0.08443 14907.3
0.08444 14907.3
0.08445 14907.3
0.08446 14907.3
0.08447 14907.3
0.08448 14907.3
0.08449 14907.3
0.08450 14907.3
0.08451 14907.3
0.08452 14907.3
0.08453 14907.3
0.08454 14907.3
0.08455 14907.3
0.08456 14907.3
0.08457 14907.3
0.08458 14907.3
0.08459 14907.3
0.08460 14907.3
0.08461 14907.3
0.08462 14907.3
0.08463 14907.3
0.08464 14907.3
0.08465 14907.3
0.08466 14907.3
0.08467 14907.3
0.08468 14907.3
0.08469 14907.3
0.08470 14907.3
0.08471 14907.3
0.08472 14907.3
0.08473 14907.3
0.08474 14907.3
0.08475 14907.3
0.08476 14907.3
0.08477 14907.3
0.08478 14907.3
0.08479 14907.3
0.08480 14907.3
0.08481 14907.3
0.08482 14907.3
0.08483 14907.3
0.08484 14907.3
0.08485 14907.3
0.08486 14907.3
0.08487 14907.3
0.08488 14907.3
0.08489 14907.3
0.08490 14907.3
0.08491 14907.3
0.08492 14907.3
0.08493 14907.3
0.08494 14907.3
0.08495 14907.3
0.08496 14907.3
0.08497 14907.3
0.08498 14907.3
0.08499 14907.3
0.08500 14907.3
0.08501 14907.3
0.08502 14907.3
0.08503 14907.3
0.08504 14907.3
0.08505 14907.3
0.08506 14907.3
0.08507 14907.3
0.08508 14907.3
0.08509 14907.3
0.08510 14907.3
0.08511 14907.3
0.08512 14907.3
0.08513 14907.3
0.08514 14907.3
0.08515 14907.3
0.08516 14907.3
0.08517 14907.3
0.08518 14907.3
0.08519 14907.3
0.08520 14907.3
0.08521 14907.3
0.08522 14907.3
0.08523 14907.3
0.08524 14907.3
0.08525 14907.3
0.08526 14907.3
0.08527 14907.3
0.08528 14907.3
0.08529 14907.3
0.08530 14907.3
0.08531 14907.3
0.08532 14907.3
0.08533 14907.3
0.08534 14907.3
0.08535 14907.3
0.08536 14907.3
0.08537 14907.3
0.08538 14907.3
0.08539 14907.3
0.08540 14907.3
0.08541 14907.3
0.08542 14907.3
0.08543 14907.3
0.08544 14907.3
0.08545 14907.3
0.08546 14907.3
0.08547 14907.3
0.08548 14907.3
0.08549 14907.3
0.08550 14907.3
0.08551 14907.3
0.08552 14907.3
0.08553 14907.3
0.08554 14907.3
0.08555 14907.3
0.08556 14907.3
0.08557 14907.3
0.08558 14907.3
0.08559 14907.3
0.08560 14907.3
0.08561 14907.3
0.08562 14907.3
0.08563 14907.3
0.08564 14907.3
0.08565 14907.3
0.08566 14907.3
0.08567 14907.3
0.08568 14907.3
0.08569 14907.3
0.08570 14907.3
0.08571 14907.3
0.08572 14907.3
0.08573 14907.3
0.08574 14907.3
0.08575 14907.3
0.08576 14907.3
0.08577 14907.3
0.08578 14907.3
0.08579 14907.3
0.08580 14907.3
0.08581 14907.3
0.08582 14907.3
0.08583 14907.3
0.08584 14907.3
0.08585 14907.3
0.08586 14907.3
0.08587 14907.3
0.08588 14907.3
0.08589 14907.3
0.08590 14907.3
0.08591 14907.3
0.08592 14907.3
0.08593 14907.3
0.08594 14907.3
0.08595 14907.3
0.08596 14907.3
0.08597 14907.3
0.08598 14907.3
0.08599 14907.3
0.08600 14907.3
0.08601 14907.3
0.08602 14907.3
0.08603 14907.3
0.08604 14907.3
0.08605 14907.3
0.08606 14907.3
0.08607 14907.3
0.08608 14907.3
0.08609 14907.3
0.08610 14907.3
0.08611 14907.3
0.08612 14907.3
0.08613 14907.3
0.08614 14907.3
0.08615 14907.3
0.08616 14907.3
0.08617 14907.3
0.08618 14907.3
0.08619 14907.3
0.08620 14907.3
0.08621 14907.3
0.08622 14907.3
0.08623 14907.3
0.08624 14907.3
0.08625 14907.3
0.08626 14907.3
0.08627 14907.3
0.08628 14907.3
0.08629 14907.3
0.08630 14907.3
0.08631 14907.3
0.08632 14907.3
0.08633 14907.3
0.08634 14907.3
0.08635 14907.3
0.08636 14907.3
0.08637 14907.3
0.08638 14907.3
0.08639 14907.3
0.08640 14907.3
0.08641 14907.3
0.08642 14907.3
0.08643 14907.3
0.08644 14907.3
0.08645 14907.3
0.08646 14907.3
0.08647 14907.3
0.08648 14907.3
0.08649 14907.3
0.08650 14907.3
0.08651 14907.3
0.08652 14907.3
0.08653 14907.3
0.08654 14907.3
0.08655 14907.3
0.08656 14907.3
0.08657 14907.3
0.08658 14907.3
0.08659 14907.3
0.08660 14907.3
0.08661 14907.3
0.08662 14907.3
0.08663 14907.3
0.08664 14907.3
0.08665 14907.3
0.08666 14907.3
0.08667 14907.3
0.08668 14907.3
0.08669 14907.3
0.08670 14907.3
0.08671 14907.3
0.08672 14907.3
0.08673 14907.3
0.08674 14907.3
0.08675 14907.3
0.08676 14907.3
0.08677 14907.3
0.08678 14907.3
0.08679 14907.3
0.08680 14907.3
0.08681 14907.3
0.08682 14907.3
0.08683 14907.3
0.08684 14907.3
0.08685 14907.3
0.08686 14907.3
0.08687 14907.3
0.08688 14907.3
0.08689 14907.3
0.08690 14907.3
0.08691 14907.3
0.08692 14907.3
0.08693 14907.3
0.08694 14907.3
0.08695 14907.3
0.08696 14907.3
0.08697 14907.3
0.08698 14907.3
0.08699 14907.3
0.08700 14907.3
0.08701 14907.3
0.08702 14907.3
0.08703 14907.3
0.08704 14907.3
0.08705 14907.3
0.08706 14907.3
0.08707 14907.3
0.08708 14907.3
0.08709 14907.3
0.08710 14907.3
0.08711 14907.3
0.08712 14907.3
0.08713 14907.3
0.08714 14907.3
0.08715 14907.3
0.08716 14907.3
0.08717 14907.3
0.08718 14907.3
0.08719 14907.3
0.08720 14907.3
0.08721 14907.3
0.08722 14907.3
0.08723 14907.3
0.08724 14907.3
0.08725 14907.3
0.08726 14907.3
0.08727 14907.3
0.08728 14907.3
0.08729 14907.3
0.08730 14907.3
0.08731 14907.3
0.08732 14907.3
0.08733 14907.3
0.08734 14907.3
0.08735 14907.3
0.08736 14907.3
0.08737 14907.3
0.08738 14907.3
0.08739 14907.3
0.08740 14907.3
0.08741 14907.3
0.08742 14907.3
0.08743 14907.3
0.08744 14907.3
0.08745 14907.3
0.08746 14907.3
0.08747 14907.3
0.08748 14907.3
0.08749 14907.3
0.08750 14907.3
0.08751 14907.3
0.08752 14907.3
0.08753 14907.3
0.08754 14907.3
0.08755 14907.3
0.08756 14907.3
0.08757 14907.3
0.08758 14907.3
0.08759 14907.3
0.08760 14907.3
0.08761 14907.3
0.08762 14907.3
0.08763 14907.3
0.08764 14907.3
0.08765 14907.3
0.08766 14907.3
0.08767 14907.3
0.08768 14907.3
0.08769 14907.3
0.08770 14907.3
0.08771 14907.3
0.08772 14907.3
0.08773 14907.3
0.08774 14907.3
0.08775 14907.3
0.08776 14907.3
0.08777 14907.3
0.08778 14907.3
0.08779 14907.3
0.08780 14907.3
0.08781 14907.3
0.08782 14907.3
0.08783 14907.3
0.08784 14907.3
0.08785 14907.3
0.08786 14907.3
0.08787 14907.3
0.08788 14907.3
0.08789 14907.3
0.08790 14907.3
0.08791 14907.3
0.08792 14907.3
0.08793 14907.3
0.08794 14907.3
0.08795 14907.3
0.08796 14907.3
0.08797 14907.3
0.08798 14907.3
0.08799 14907.3
0.08800 14907.3
0.08801 14907.3
0.08802 14907.3
0.08803 14907.3
0.08804 14907.3
0.08805 14907.3
0.08806 14907.3
0.08807 14907.3
0.08808 14907.3
0.08809 14907.3
0.08810 14907.3
0.08811 14907.3
0.08812 14907.3
0.08813 14907.3
0.08814 14907.3
0.08815 14907.3
0.08816 14907.3
0.08817 14907.3
0.08818 14907.3
0.08819 14907.3
0.08820 14907.3
0.08821 14907.3
0.08822 14907.3
0.08823 14907.3
0.08824 14907.3
0.08825 14907.3
0.08826 14907.3
0.08827 14907.3
0.08828 14907.3
0.08829 14907.3
0.08830 14907.3
0.08831 14907.3
0.08832 14907.3
0.08833 14907.3
0.08834 14907.3
0.08835 14907.3
0.08836 14907.3
0.08837 14907.3
0.08838 14907.3
0.08839 14907.3
0.08840 14907.3
0.08841 14907.3
0.08842 14907.3
0.08843 14907.3
0.08844 14907.3
0.08845 14907.3
0.08846 14907.3
0.08847 14907.3
0.08848 14907.3
0.08849 14907.3
0.08850 14907.3
0.08851 14907.3
0.08852 14907.3
0.08853 14907.3
0.08854 14907.3
0.08855 14907.3
0.08856 14907.3
0.08857 14907.3
0.08858 14907.3
0.08859 14907.3
0.08860 14907.3
0.08861 14907.3
0.08862 14907.3
0.08863 14907.3
0.08864 14907.3
0.08865 14907.3
0.08866 14907.3
0.08867 14907.3
0.08868 14907.3
0.08869 14907.3
0.08870 14907.3
0.08871 14907.3
0.08872 14907.3
0.08873 14907.3
0.08874 14907.3
0.08875 14907.3
0.08876 14907.3
0.08877 14907.3
0.08878 14907.3
0.08879 14907.3
0.08880 14907.3
0.08881 14907.3
0.08882 14907.3
0.08883 14907.3
0.08884 14907.3
0.08885 14907.3
0.08886 14907.3
0.08887 14907.3
0.08888 14907.3
0.08889 14907.3
0.08890 14907.3
0.08891 14907.3
0.08892 14907.3
0.08893 14907.3
0.08894 14907.3
0.08895 14907.3
0.08896 14907.3
0.08897 14907.3
0.08898 14907.3
0.08899 14907.3
0.08900 14907.3
0.08901 14907.3
0.08902 14907.3
0.08903 14907.3
0.08904 14907.3
0.08905 14907.3
0.08906 14907.3
0.08907 14907.3
0.08908 14907.3
0.08909 14907.3
0.08910 14907.3
0.08911 14907.3
0.08912 14907.3
0.08913 14907.3
0.08914 14907.3
0.08915 14907.3
0.08916 14907.3
0.08917 14907.3
0.08918 14907.3
0.08919 14907.3
0.08920 14907.3
0.08921 14907.3
0.08922 14907.3
0.08923 14907.3
0.08924 14907.3
0.08925 14907.3
0.08926 14907.3
0.08927 14907.3
0.08928 14907.3
0.08929 14907.3
0.08930 14907.3
0.08931 14907.3
0.08932 14907.3
0.08933 14907.3
0.08934 14907.3
0.08935 14907.3
0.08936 14907.3
0.08937 14907.3
0.08938 14907.3
0.08939 14907.3
0.08940 14907.3
0.08941 14907.3
0.08942 14907.3
0.08943 14907.3
0.08944 14907.3
0.08945 14907.3
0.08946 14907.3
0.08947 14907.3
0.08948 14907.3
0.08949 14907.3
0.08950 14907.3
0.08951 14907.3
0.08952 14907.3
0.08953 14907.3
0.08954 14907.3
0.08955 14907.3
0.08956 14907.3
0.08957 14907.3
0.08958 14907.3
0.08959 14907.3
0.08960 14907.3
0.08961 14907.3
0.08962 14907.3
0.08963 14907.3
0.08964 14907.3
0.08965 14907.3
0.08966 14907.3
0.08967 14907.3
0.08968 14907.3
0.08969 14907.3
0.08970 14907.3
0.08971 14907.3
0.08972 14907.3
0.08973 14907.3
0.08974 14907.3
0.08975 14907.3
0.08976 14907.3
0.08977 14907.3
0.08978 14907.3
0.08979 14907.3
0.08980 14907.3
0.08981 14907.3
0.08982 14907.3
0.08983 14907.3
0.08984 14907.3
0.08985 14907.3
0.08986 14907.3
0.08987 14907.3
0.08988 14907.3
0.08989 14907.3
0.08990 14907.3
0.08991 14907.3
0.08992 14907.3
0.08993 14907.3
0.08994 14907.3
0.08995 14907.3
0.08996 14907.3
0.08997 14907.3
0.08998 14907.3
0.08999 14907.3
0.09000 14907.3
0.09001 14907.3
0.09002 14907.3
0.09003 14907.3
0.09004 14907.3
0.09005 14907.3
0.09006 14907.3
0.09007 14907.3
0.09008 14907.3
0.09009 14907.3
0.09010 14907.3
0.09011 14907.3
0.09012 14907.3
0.09013 14907.3
0.09014 14907.3
0.09015 14907.3
0.09016 14907.3
0.09017 14907.3
0.09018 14907.3
0.09019 14907.3
0.09020 14907.3
0.09021 14907.3
0.09022 14907.3
0.09023 14907.3
0.09024 14907.3
0.09025 14907.3
0.09026 14907.3
0.09027 14907.3
0.09028 14907.3
0.09029 14907.3
0.09030 14907.3
0.09031 14907.3
0.09032 14907.3
0.09033 14907.3
0.09034 14907.3
0.09035 14907.3
0.09036 14907.3
0.09037 14907.3
0.09038 14907.3
0.09039 14907.3
0.09040 14907.3
0.09041 14907.3
0.09042 14907.3
0.09043 14907.3
0.09044 14907.3
0.09045 14907.3
0.09046 14907.3
0.09047 14907.3
0.09048 14907.3
0.09049 14907.3
0.09050 14907.3
0.09051 14907.3
0.09052 14907.3
0.09053 14907.3
0.09054 14907.3
0.09055 14907.3
0.09056 14907.3
0.09057 14907.3
0.09058 14907.3
0.09059 14907.3
0.09060 14907.3
0.09061 14907.3
0.09062 14907.3
0.09063 14907.3
0.09064 14907.3
0.09065 14907.3
0.09066 14907.3
0.09067 14907.3
0.09068 14907.3
0.09069 14907.3
0.09070 14907.3
0.09071 14907.3
0.09072 14907.3
0.09073 14907.3
0.09074 14907.3
0.09075 14907.3
0.09076 14907.3
0.09077 14907.3
0.09078 14907.3
0.09079 14907.3
0.09080 14907.3
0.09081 14907.3
0.09082 14907.3
0.09083 14907.3
0.09084 14907.3
0.09085 14907.3
0.09086 14907.3
0.09087 14907.3
0.09088 14907.3
0.09089 14907.3
0.09090 14907.3
0.09091 14907.3
0.09092 14907.3
0.09093 14907.3
0.09094 14907.3
0.09095 14907.3
0.09096 14907.3
0.09097 14907.3
0.09098 14907.3
0.09099 14907.3
0.09100 14907.3
0.09101 14907.3
0.09102 14907.3
0.09103 14907.3
0.09104 14907.3
0.09105 14907.3
0.09106 14907.3
0.09107 14907.3
0.09108 14907.3
0.09109 14907.3
0.09110 14907.3
0.09111 14907.3
0.09112 14907.3
0.09113 14907.3
0.09114 14907.3
0.09115 14907.3
0.09116 14907.3
0.09117 14907.3
0.09118 14907.3
0.09119 14907.3
0.09120 14907.3
0.09121 14907.3
0.09122 14907.3
0.09123 14907.3
0.09124 14907.3
0.09125 14907.3
0.09126 14907.3
0.09127 14907.3
0.09128 14907.3
0.09129 14907.3
0.09130 14907.3
0.09131 14907.3
0.09132 14907.3
0.09133 14907.3
0.09134 14907.3
0.09135 14907.3
0.09136 14907.3
0.09137 14907.3
0.09138 14907.3
0.09139 14907.3
0.09140 14907.3
0.09141 14907.3
0.09142 14907.3
0.09143 14907.3
0.09144 14907.3
0.09145 14907.3
0.09146 14907.3
0.09147 14907.3
0.09148 14907.3
0.09149 14907.3
0.09150 14907.3
0.09151 14907.3
0.09152 14907.3
0.09153 14907.3
0.09154 14907.3
0.09155 14907.3
0.09156 14907.3
0.09157 14907.3
0.09158 14907.3
0.09159 14907.3
0.09160 14907.3
0.09161 14907.3
0.09162 14907.3
0.09163 14907.3
0.09164 14907.3
0.09165 14907.3
0.09166 14907.3
0.09167 14907.3
0.09168 14907.3
0.09169 14907.3
0.09170 14907.3
0.09171 14907.3
0.09172 14907.3
0.09173 14907.3
0.09174 14907.3
0.09175 14907.3
0.09176 14907.3
0.09177 14907.3
0.09178 14907.3
0.09179 14907.3
0.09180 14907.3
0.09181 14907.3
0.09182 14907.3
0.09183 14907.3
0.09184 14907.3
0.09185 14907.3
0.09186 14907.3
0.09187 14907.3
0.09188 14907.3
0.09189 14907.3
0.09190 14907.3
0.09191 14907.3
0.09192 14907.3
0.09193 14907.3
0.09194 14907.3
0.09195 14907.3
0.09196 14907.3
0.09197 14907.3
0.09198 14907.3
0.09199 14907.3
0.09200 14907.3
0.09201 14907.3
0.09202 14907.3
0.09203 14907.3
0.09204 14907.3
0.09205 14907.3
0.09206 14907.3
0.09207 14907.3
0.09208 14907.3
0.09209 14907.3
0.09210 14907.3
0.09211 14907.3
0.09212 14907.3
0.09213 14907.3
0.09214 14907.3
0.09215 14907.3
0.09216 14907.3
0.09217 14907.3
0.09218 14907.3
0.09219 14907.3
0.09220 14907.3
0.09221 14907.3
0.09222 14907.3
0.09223 14907.3
0.09224 14907.3
0.09225 14907.3
0.09226 14907.3
0.09227 14907.3
0.09228 14907.3
0.09229 14907.3
0.09230 14907.3
0.09231 14907.3
0.09232 14907.3
0.09233 14907.3
0.09234 14907.3
0.09235 14907.3
0.09236 14907.3
0.09237 14907.3
0.09238 14907.3
0.09239 14907.3
0.09240 14907.3
0.09241 14907.3
0.09242 14907.3
0.09243 14907.3
0.09244 14907.3
0.09245 14907.3
0.09246 14907.3
0.09247 14907.3
0.09248 14907.3
0.09249 14907.3
0.09250 14907.3
0.09251 14907.3
0.09252 14907.3
0.09253 14907.3
0.09254 14907.3
0.09255 14907.3
0.09256 14907.3
0.09257 14907.3
0.09258 14907.3
0.09259 14907.3
0.09260 14907.3
0.09261 14907.3
0.09262 14907.3
0.09263 14907.3
0.09264 14907.3
0.09265 14907.3
0.09266 14907.3
0.09267 14907.3
0.09268 14907.3
0.09269 14907.3
0.09270 14907.3
0.09271 14907.3
0.09272 14907.3
0.09273 14907.3
0.09274 14907.3
0.09275 14907.3
0.09276 14907.3
0.09277 14907.3
0.09278 14907.3
0.09279 14907.3
0.09280 14907.3
0.09281 14907.3
0.09282 14907.3
0.09283 14907.3
0.09284 14907.3
0.09285 14907.3
0.09286 14907.3
0.09287 14907.3
0.09288 14907.3
0.09289 14907.3
0.09290 14907.3
0.09291 14907.3
0.09292 14907.3
0.09293 14907.3
0.09294 14907.3
0.09295 14907.3
0.09296 14907.3
0.09297 14907.3
0.09298 14907.3
0.09299 14907.3
0.09300 14907.3
0.09301 14907.3
0.09302 14907.3
0.09303 14907.3
0.09304 14907.3
0.09305 14907.3
0.09306 14907.3
0.09307 14907.3
0.09308 14907.3
0.09309 14907.3
0.09310 14907.3
0.09311 14907.3
0.09312 14907.3
0.09313 14907.3
0.09314 14907.3
0.09315 14907.3
0.09316 14907.3
0.09317 14907.3
0.09318 14907.3
0.09319 14907.3
0.09320 14907.3
0.09321 14907.3
0.09322 14907.3
0.09323 14907.3
0.09324 14907.3
0.09325 14907.3
0.09326 14907.3
0.09327 14907.3
0.09328 14907.3
0.09329 14907.3
0.09330 14907.3
0.09331 14907.3
0.09332 14907.3
0.09333 14907.3
0.09334 14907.3
0.09335 14907.3
0.09336 14907.3
0.09337 14907.3
0.09338 14907.3
0.09339 14907.3
0.09340 14907.3
0.09341 14907.3
0.09342 14907.3
0.09343 14907.3
0.09344 14907.3
0.09345 14907.3
0.09346 14907.3
0.09347 14907.3
0.09348 14907.3
0.09349 14907.3
0.09350 14907.3
0.09351 14907.3
0.09352 14907.3
0.09353 14907.3
0.09354 14907.3
0.09355 14907.3
0.09356 14907.3
0.09357 14907.3
0.09358 14907.3
0.09359 14907.3
0.09360 14907.3
0.09361 14907.3
0.09362 14907.3
0.09363 14907.3
0.09364 14907.3
0.09365 14907.3
0.09366 14907.3
0.09367 14907.3
0.09368 14907.3
0.09369 14907.3
0.09370 14907.3
0.09371 14907.3
0.09372 14907.3
0.09373 14907.3
0.09374 14907.3
0.09375 14907.3
0.09376 14907.3
0.09377 14907.3
0.09378 14907.3
0.09379 14907.3
0.09380 14907.3
0.09381 14907.3
0.09382 14907.3
0.09383 14907.3
0.09384 14907.3
0.09385 14907.3
0.09386 14907.3
0.09387 14907.3
0.09388 14907.3
0.09389 14907.3
0.09390 14907.3
0.09391 14907.3
0.09392 14907.3
0.09393 14907.3
0.09394 14907.3
0.09395 14907.3
0.09396 14907.3
0.09397 14907.3
0.09398 14907.3
0.09399 14907.3
0.09400 14907.3
0.09401 14907.3
0.09402 14907.3
0.09403 14907.3
0.09404 14907.3
0.09405 14907.3
0.09406 14907.3
0.09407 14907.3
0.09408 14907.3
0.09409 14907.3
0.09410 14907.3
0.09411 14907.3
0.09412 14907.3
0.09413 14907.3
0.09414 14907.3
0.09415 14907.3
0.09416 14907.3
0.09417 14907.3
0.09418 14907.3
0.09419 14907.3
0.09420 14907.3
0.09421 14907.3
0.09422 14907.3
0.09423 14907.3
0.09424 14907.3
0.09425 14907.3
0.09426 14907.3
0.09427 14907.3
0.09428 14907.3
0.09429 14907.3
0.09430 14907.3
0.09431 14907.3
0.09432 14907.3
0.09433 14907.3
0.09434 14907.3
0.09435 14907.3
0.09436 14907.3
0.09437 14907.3
0.09438 14907.3
0.09439 14907.3
0.09440 14907.3
0.09441 14907.3
0.09442 14907.3
0.09443 14907.3
0.09444 14907.3
0.09445 14907.3
0.09446 14907.3
0.09447 14907.3
0.09448 14907.3
0.09449 14907.3
0.09450 14907.3
0.09451 14907.3
0.09452 14907.3
0.09453 14907.3
0.09454 14907.3
0.09455 14907.3
0.09456 14907.3
0.09457 14907.3
0.09458 14907.3
0.09459 14907.3
0.09460 14907.3
0.09461 14907.3
0.09462 14907.3
0.09463 14907.3
0.09464 14907.3
0.09465 14907.3
0.09466 14907.3
0.09467 14907.3
0.09468 14907.3
0.09469 14907.3
0.09470 14907.3
0.09471 14907.3
0.09472 14907.3
0.09473 14907.3
0.09474 14907.3
0.09475 14907.3
0.09476 14907.3
0.09477 14907.3
0.09478 14907.3
0.09479 14907.3
0.09480 14907.3
0.09481 14907.3
0.09482 14907.3
0.09483 14907.3
0.09484 14907.3
0.09485 14907.3
0.09486 14907.3
0.09487 14907.3
0.09488 14907.3
0.09489 14907.3
0.09490 14907.3
0.09491 14907.3
0.09492 14907.3
0.09493 14907.3
0.09494 14907.3
0.09495 14907.3
0.09496 14907.3
0.09497 14907.3
0.09498 14907.3
0.09499 14907.3
0.09500 14907.3
0.09501 14907.3
0.09502 14907.3
0.09503 14907.3
0.09504 14907.3
0.09505 14907.3
0.09506 14907.3
0.09507 14907.3
0.09508 14907.3
0.09509 14907.3
0.09510 14907.3
0.09511 14907.3
0.09512 14907.3
0.09513 14907.3
0.09514 14907.3
0.09515 14907.3
0.09516 14907.3
0.09517 14907.3
0.09518 14907.3
0.09519 14907.3
0.09520 14907.3
0.09521 14907.3
0.09522 14907.3
0.09523 14907.3
0.09524 14907.3
0.09525 14907.3
0.09526 14907.3
0.09527 14907.3
0.09528 14907.3
0.09529 14907.3
0.09530 14907.3
0.09531 14907.3
0.09532 14907.3
0.09533 14907.3
0.09534 14907.3
0.09535 14907.3
0.09536 14907.3
0.09537 14907.3
0.09538 14907.3
0.09539 14907.3
0.09540 14907.3
0.09541 14907.3
0.09542 14907.3
0.09543 14907.3
0.09544 14907.3
0.09545 14907.3
0.09546 14907.3
0.09547 14907.3
0.09548 14907.3
0.09549 14907.3
0.09550 14907.3
0.09551 14907.3
0.09552 14907.3
0.09553 14907.3
0.09554 14907.3
0.09555 14907.3
0.09556 14907.3
0.09557 14907.3
0.09558 14907.3
0.09559 14907.3
0.09560 14907.3
0.09561 14907.3
0.09562 14907.3
0.09563 14907.3
0.09564 14907.3
0.09565 14907.3
0.09566 14907.3
0.09567 14907.3
0.09568 14907.3
0.09569 14907.3
0.09570 14907.3
0.09571 14907.3
0.09572 14907.3
0.09573 14907.3
0.09574 14907.3
0.09575 14907.3
0.09576 14907.3
0.09577 14907.3
0.09578 14907.3
0.09579 14907.3
0.09580 14907.3
0.09581 14907.3
0.09582 14907.3
0.09583 14907.3
0.09584 14907.3
0.09585 14907.3
0.09586 14907.3
0.09587 14907.3
0.09588 14907.3
0.09589 14907.3
0.09590 14907.3
0.09591 14907.3
0.09592 14907.3
0.09593 14907.3
0.09594 14907.3
0.09595 14907.3
0.09596 14907.3
0.09597 14907.3
0.09598 14907.3
0.09599 14907.3
0.09600 14907.3
0.09601 14907.3
0.09602 14907.3
0.09603 14907.3
0.09604 14907.3
0.09605 14907.3
0.09606 14907.3
0.09607 14907.3
0.09608 14907.3
0.09609 14907.3
0.09610 14907.3
0.09611 14907.3
0.09612 14907.3
0.09613 14907.3
0.09614 14907.3
0.09615 14907.3
0.09616 14907.3
0.09617 14907.3
0.09618 14907.3
0.09619 14907.3
0.09620 14907.3
0.09621 14907.3
0.09622 14907.3
0.09623 14907.3
0.09624 14907.3
0.09625 14907.3
0.09626 14907.3
0.09627 14907.3
0.09628 14907.3
0.09629 14907.3
0.09630 14907.3
0.09631 14907.3
0.09632 14907.3
0.09633 14907.3
0.09634 14907.3
0.09635 14907.3
0.09636 14907.3
0.09637 14907.3
0.09638 14907.3
0.09639 14907.3
0.09640 14907.3
0.09641 14907.3
0.09642 14907.3
0.09643 14907.3
0.09644 14907.3
0.09645 14907.3
0.09646 14907.3
0.09647 14907.3
0.09648 14907.3
0.09649 14907.3
0.09650 14907.3
0.09651 14907.3
0.09652 14907.3
0.09653 14907.3
0.09654 14907.3
0.09655 14907.3
0.09656 14907.3
0.09657 14907.3
0.09658 14907.3
0.09659 14907.3
0.09660 14907.3
0.09661 14907.3
0.09662 14907.3
0.09663 14907.3
0.09664 14907.3
0.09665 14907.3
0.09666 14907.3
0.09667 14907.3
0.09668 14907.3
0.09669 14907.3
0.09670 14907.3
0.09671 14907.3
0.09672 14907.3
0.09673 14907.3
0.09674 14907.3
0.09675 14907.3
0.09676 14907.3
0.09677 14907.3
0.09678 14907.3
0.09679 14907.3
0.09680 14907.3
0.09681 14907.3
0.09682 14907.3
0.09683 14907.3
0.09684 14907.3
0.09685 14907.3
0.09686 14907.3
0.09687 14907.3
0.09688 14907.3
0.09689 14907.3
0.09690 14907.3
0.09691 14907.3
0.09692 14907.3
0.09693 14907.3
0.09694 14907.3
0.09695 14907.3
0.09696 14907.3
0.09697 14907.3
0.09698 14907.3
0.09699 14907.3
0.09700 14907.3
0.09701 14907.3
0.09702 14907.3
0.09703 14907.3
0.09704 14907.3
0.09705 14907.3
0.09706 14907.3
0.09707 14907.3
0.09708 14907.3
0.09709 14907.3
0.09710 14907.3
0.09711 14907.3
0.09712 14907.3
0.09713 14907.3
0.09714 14907.3
0.09715 14907.3
0.09716 14907.3
0.09717 14907.3
0.09718 14907.3
0.09719 14907.3
0.09720 14907.3
0.09721 14907.3
0.09722 14907.3
0.09723 14907.3
0.09724 14907.3
0.09725 14907.3
0.09726 14907.3
0.09727 14907.3
0.09728 14907.3
0.09729 14907.3
0.09730 14907.3
0.09731 14907.3
0.09732 14907.3
0.09733 14907.3
0.09734 14907.3
0.09735 14907.3
0.09736 14907.3
0.09737 14907.3
0.09738 14907.3
0.09739 14907.3
0.09740 14907.3
0.09741 14907.3
0.09742 14907.3
0.09743 14907.3
0.09744 14907.3
0.09745 14907.3
0.09746 14907.3
0.09747 14907.3
0.09748 14907.3
0.09749 14907.3
0.09750 14907.3
0.09751 14907.3
0.09752 14907.3
0.09753 14907.3
0.09754 14907.3
0.09755 14907.3
0.09756 14907.3
0.09757 14907.3
0.09758 14907.3
0.09759 14907.3
0.09760 14907.3
0.09761 14907.3
0.09762 14907.3
0.09763 14907.3
0.09764 14907.3
0.09765 14907.3
0.09766 14907.3
0.09767 14907.3
0.09768 14907.3
0.09769 14907.3
0.09770 14907.3
0.09771 14907.3
0.09772 14907.3
0.09773 14907.3
0.09774 14907.3
0.09775 14907.3
0.09776 14907.3
0.09777 14907.3
0.09778 14907.3
0.09779 14907.3
0.09780 14907.3
0.09781 14907.3
0.09782 14907.3
0.09783 14907.3
0.09784 14907.3
0.09785 14907.3
0.09786 14907.3
0.09787 14907.3
0.09788 14907.3
0.09789 14907.3
0.09790 14907.3
0.09791 14907.3
0.09792 14907.3
0.09793 14907.3
0.09794 14907.3
0.09795 14907.3
0.09796 14907.3
0.09797 14907.3
0.09798 14907.3
0.09799 14907.3
0.09800 14907.3
0.09801 14907.3
0.09802 14907.3
0.09803 14907.3
0.09804 14907.3
0.09805 14907.3
0.09806 14907.3
0.09807 14907.3
0.09808 14907.3
0.09809 14907.3
0.09810 14907.3
0.09811 14907.3
0.09812 14907.3
0.09813 14907.3
0.09814 14907.3
0.09815 14907.3
0.09816 14907.3
0.09817 14907.3
0.09818 14907.3
0.09819 14907.3
0.09820 14907.3
0.09821 14907.3
0.09822 14907.3
0.09823 14907.3
0.09824 14907.3
0.09825 14907.3
0.09826 14907.3
0.09827 14907.3
0.09828 14907.3
0.09829 14907.3
0.09830 14907.3
0.09831 14907.3
0.09832 14907.3
0.09833 14907.3
0.09834 14907.3
0.09835 14907.3
0.09836 14907.3
0.09837 14907.3
0.09838 14907.3
0.09839 14907.3
0.09840 14907.3
0.09841 14907.3
0.09842 14907.3
0.09843 14907.3
0.09844 14907.3
0.09845 14907.3
0.09846 14907.3
0.09847 14907.3
0.09848 14907.3
0.09849 14907.3
0.09850 14907.3
0.09851 14907.3
0.09852 14907.3
0.09853 14907.3
0.09854 14907.3
0.09855 14907.3
0.09856 14907.3
0.09857 14907.3
0.09858 14907.3
0.09859 14907.3
0.09860 14907.3
0.09861 14907.3
0.09862 14907.3
0.09863 14907.3
0.09864 14907.3
0.09865 14907.3
0.09866 14907.3
0.09867 14907.3
0.09868 14907.3
0.09869 14907.3
0.09870 14907.3
0.09871 14907.3
0.09872 14907.3
0.09873 14907.3
0.09874 14907.3
0.09875 14907.3
0.09876 14907.3
0.09877 14907.3
0.09878 14907.3
0.09879 14907.3
0.09880 14907.3
0.09881 14907.3
0.09882 14907.3
0.09883 14907.3
0.09884 14907.3
0.09885 14907.3
0.09886 14907.3
0.09887 14907.3
0.09888 14907.3
0.09889 14907.3
0.09890 14907.3
0.09891 14907.3
0.09892 14907.3
0.09893 14907.3
0.09894 14907.3
0.09895 14907.3
0.09896 14907.3
0.09897 14907.3
0.09898 14907.3
0.09899 14907.3
0.09900 14907.3
0.09901 14907.3
0.09902 14907.3
0.09903 14907.3
0.09904 14907.3
0.09905 14907.3
0.09906 14907.3
0.09907 14907.3
0.09908 14907.3
0.09909 14907.3
0.09910 14907.3
0.09911 14907.3
0.09912 14907.3
0.09913 14907.3
0.09914 14907.3
0.09915 14907.3
0.09916 14907.3
0.09917 14907.3
0.09918 14907.3
0.09919 14907.3
0.09920 14907.3
0.09921 14907.3
0.09922 14907.3
0.09923 14907.3
0.09924 14907.3
0.09925 14907.3
0.09926 14907.3
0.09927 14907.3
0.09928 14907.3
0.09929 14907.3
0.09930 14907.3
0.09931 14907.3
0.09932 14907.3
0.09933 14907.3
0.09934 14907.3
0.09935 14907.3
0.09936 14907.3
0.09937 14907.3
0.09938 14907.3
0.09939 14907.3
0.09940 14907.3
0.09941 14907.3
0.09942 14907.3
0.09943 14907.3
0.09944 14907.3
0.09945 14907.3
0.09946 14907.3
0.09947 14907.3
0.09948 14907.3
0.09949 14907.3
0.09950 14907.3
0.09951 14907.3
0.09952 14907.3
0.09953 14907.3
0.09954 14907.3
0.09955 14907.3
0.09956 14907.3
0.09957 14907.3
0.09958 14907.3
0.09959 14907.3
0.09960 14907.3
0.09961 14907.3
0.09962 14907.3
0.09963 14907.3
0.09964 14907.3
0.09965 14907.3
0.09966 14907.3
0.09967 14907.3
0.09968 14907.3
0.09969 14907.3
0.09970 14907.3
0.09971 14907.3
0.09972 14907.3
0.09973 14907.3
0.09974 14907.3
0.09975 14907.3
0.09976 14907.3
0.09977 14907.3
0.09978 14907.3
0.09979 14907.3
0.09980 14907.3
0.09981 14907.3
0.09982 14907.3
0.09983 14907.3
0.09984 14907.3
0.09985 14907.3
0.09986 14907.3
0.09987 14907.3
0.09988 14907.3
0.09989 14907.3
0.09990 14907.3
0.09991 14907.3
0.09992 14907.3
0.09993 14907.3
0.09994 14907.3
0.09995 14907.3
0.09996 14907.3
0.09997 14907.3
0.09998 14907.3
0.09999 14907.3
0.10000 14907.3
0.10001 14907.3
0.10002 14907.3
0.10003 14907.3
0.10004 14907.3
0.10005 14907.3
0.10006 14907.3
0.10007 14907.3
0.10008 14907.3
0.10009 14907.3
0.10010 14907.3
0.10011 14907.3
0.10012 14907.3
0.10013 14907.3
0.10014 14907.3
0.10015 14907.3
0.10016 14907.3
0.10017 14907.3
0.10018 14907.3
0.10019 14907.3
0.10020 14907.3
0.10021 14907.3
0.10022 14907.3
0.10023 14907.3
0.10024 14907.3
0.10025 14907.3
0.10026 14907.3
0.10027 14907.3
0.10028 14907.3
0.10029 14907.3
0.10030 14907.3
0.10031 14907.3
0.10032 14907.3
0.10033 14907.3
0.10034 14907.3
0.10035 14907.3
0.10036 14907.3
0.10037 14907.3
0.10038 14907.3
0.10039 14907.3
0.10040 14907.3
0.10041 14907.3
0.10042 14907.3
0.10043 14907.3
0.10044 14907.3
0.10045 14907.3
0.10046 14907.3
0.10047 14907.3
0.10048 14907.3
0.10049 14907.3
0.10050 14907.3
0.10051 14907.3
0.10052 14907.3
0.10053 14907.3
0.10054 14907.3
0.10055 14907.3
0.10056 14907.3
0.10057 14907.3
0.10058 14907.3
0.10059 14907.3
0.10060 14907.3
0.10061 14907.3
0.10062 14907.3
0.10063 14907.3
0.10064 14907.3
0.10065 14907.3
0.10066 14907.3
0.10067 14907.3
0.10068 14907.3
0.10069 14907.3
0.10070 14907.3
0.10071 14907.3
0.10072 14907.3
0.10073 14907.3
0.10074 14907.3
0.10075 14907.3
0.10076 14907.3
0.10077 14907.3
0.10078 14907.3
0.10079 14907.3
0.10080 14907.3
0.10081 14907.3
0.10082 14907.3
0.10083 14907.3
0.10084 14907.3
0.10085 14907.3
0.10086 14907.3
0.10087 14907.3
0.10088 14907.3
0.10089 14907.3
0.10090 14907.3
0.10091 14907.3
0.10092 14907.3
0.10093 14907.3
0.10094 14907.3
0.10095 14907.3
0.10096 14907.3
0.10097 14907.3
0.10098 14907.3
0.10099 14907.3
0.10100 14907.3
0.10101 14907.3
0.10102 14907.3
0.10103 14907.3
0.10104 14907.3
0.10105 14907.3
0.10106 14907.3
0.10107 14907.3
0.10108 14907.3
0.10109 14907.3
0.10110 14907.3
0.10111 14907.3
0.10112 14907.3
0.10113 14907.3
0.10114 14907.3
0.10115 14907.3
0.10116 14907.3
0.10117 14907.3
0.10118 14907.3
0.10119 14907.3
0.10120 14907.3
0.10121 14907.3
0.10122 14907.3
0.10123 14907.3
0.10124 14907.3
0.10125 14907.3
0.10126 14907.3
0.10127 14907.3
0.10128 14907.3
0.10129 14907.3
0.10130 14907.3
0.10131 14907.3
0.10132 14907.3
0.10133 14907.3
0.10134 14907.3
0.10135 14907.3
0.10136 14907.3
0.10137 14907.3
0.10138 14907.3
0.10139 14907.3
0.10140 14907.3
0.10141 14907.3
0.10142 14907.3
0.10143 14907.3
0.10144 14907.3
0.10145 14907.3
0.10146 14907.3
0.10147 14907.3
0.10148 14907.3
0.10149 14907.3
0.10150 14907.3
0.10151 14907.3
0.10152 14907.3
0.10153 14907.3
0.10154 14907.3
0.10155 14907.3
0.10156 14907.3
0.10157 14907.3
0.10158 14907.3
0.10159 14907.3
0.10160 14907.3
0.10161 14907.3
0.10162 14907.3
0.10163 14907.3
0.10164 14907.3
0.10165 14907.3
0.10166 14907.3
0.10167 14907.3
0.10168 14907.3
0.10169 14907.3
0.10170 14907.3
0.10171 14907.3
0.10172 14907.3
0.10173 14907.3
0.10174 14907.3
0.10175 14907.3
0.10176 14907.3
0.10177 14907.3
0.10178 14907.3
0.10179 14907.3
0.10180 14907.3
0.10181 14907.3
0.10182 14907.3
0.10183 14907.3
0.10184 14907.3
0.10185 14907.3
0.10186 14907.3
0.10187 14907.3
0.10188 14907.3
0.10189 14907.3
0.10190 14907.3
0.10191 14907.3
0.10192 14907.3
0.10193 14907.3
0.10194 14907.3
0.10195 14907.3
0.10196 14907.3
0.10197 14907.3
0.10198 14907.3
0.10199 14907.3
0.10200 14907.3
0.10201 14907.3
0.10202 14907.3
0.10203 14907.3
0.10204 14907.3
0.10205 14907.3
0.10206 14907.3
0.10207 14907.3
0.10208 14907.3
0.10209 14907.3
0.10210 14907.3
0.10211 14907.3
0.10212 14907.3
0.10213 14907.3
0.10214 14907.3
0.10215 14907.3
0.10216 14907.3
0.10217 14907.3
0.10218 14907.3
0.10219 14907.3
0.10220 14907.3
0.10221 14907.3
0.10222 14907.3
0.10223 14907.3
0.10224 14907.3
0.10225 14907.3
0.10226 14907.3
0.10227 14907.3
0.10228 14907.3
0.10229 14907.3
0.10230 14907.3
0.10231 14907.3
0.10232 14907.3
0.10233 14907.3
0.10234 14907.3
0.10235 14907.3
0.10236 14907.3
0.10237 14907.3
0.10238 14907.3
0.10239 14907.3
0.10240 14907.3
0.10241 14907.3
0.10242 14907.3
0.10243 14907.3
0.10244 14907.3
0.10245 14907.3
0.10246 14907.3
0.10247 14907.3
0.10248 14907.3
0.10249 14907.3
0.10250 14907.3
0.10251 14907.3
0.10252 14907.3
0.10253 14907.3
0.10254 14907.3
0.10255 14907.3
0.10256 14907.3
0.10257 14907.3
0.10258 14907.3
0.10259 14907.3
0.10260 14907.3
0.10261 14907.3
0.10262 14907.3
0.10263 14907.3
0.10264 14907.3
0.10265 14907.3
0.10266 14907.3
0.10267 14907.3
0.10268 14907.3
0.10269 14907.3
0.10270 14907.3
0.10271 14907.3
0.10272 14907.3
0.10273 14907.3
0.10274 14907.3
0.10275 14907.3
0.10276 14907.3
0.10277 14907.3
0.10278 14907.3
0.10279 14907.3
0.10280 14907.3
0.10281 14907.3
0.10282 14907.3
0.10283 14907.3
0.10284 14907.3
0.10285 14907.3
0.10286 14907.3
0.10287 14907.3
0.10288 14907.3
0.10289 14907.3
0.10290 14907.3
0.10291 14907.3
0.10292 14907.3
0.10293 14907.3
0.10294 14907.3
0.10295 14907.3
0.10296 14907.3
0.10297 14907.3
0.10298 14907.3
0.10299 14907.3
0.10300 14907.3
0.10301 14907.3
0.10302 14907.3
0.10303 14907.3
0.10304 14907.3
0.10305 14907.3
0.10306 14907.3
0.10307 14907.3
0.10308 14907.3
0.10309 14907.3
0.10310 14907.3
0.10311 14907.3
0.10312 14907.3
0.10313 14907.3
0.10314 14907.3
0.10315 14907.3
0.10316 14907.3
0.10317 14907.3
0.10318 14907.3
0.10319 14907.3
0.10320 14907.3
0.10321 14907.3
0.10322 14907.3
0.10323 14907.3
0.10324 14907.3
0.10325 14907.3
0.10326 14907.3
0.10327 14907.3
0.10328 14907.3
0.10329 14907.3
0.10330 14907.3
0.10331 14907.3
0.10332 14907.3
0.10333 14907.3
0.10334 14907.3
0.10335 14907.3
0.10336 14907.3
0.10337 14907.3
0.10338 14907.3
0.10339 14907.3
0.10340 14907.3
0.10341 14907.3
0.10342 14907.3
0.10343 14907.3
0.10344 14907.3
0.10345 14907.3
0.10346 14907.3
0.10347 14907.3
0.10348 14907.3
0.10349 14907.3
0.10350 14907.3
0.10351 14907.3
0.10352 14907.3
0.10353 14907.3
0.10354 14907.3
0.10355 14907.3
0.10356 14907.3
0.10357 14907.3
0.10358 14907.3
0.10359 14907.3
0.10360 14907.3
0.10361 14907.3
0.10362 14907.3
0.10363 14907.3
0.10364 14907.3
0.10365 14907.3
0.10366 14907.3
0.10367 14907.3
0.10368 14907.3
0.10369 14907.3
0.10370 14907.3
0.10371 14907.3
0.10372 14907.3
0.10373 14907.3
0.10374 14907.3
0.10375 14907.3
0.10376 14907.3
0.10377 14907.3
0.10378 14907.3
0.10379 14907.3
0.10380 14907.3
0.10381 14907.3
0.10382 14907.3
0.10383 14907.3
0.10384 14907.3
0.10385 14907.3
0.10386 14907.3
0.10387 14907.3
0.10388 14907.3
0.10389 14907.3
0.10390 14907.3
0.10391 14907.3
0.10392 14907.3
0.10393 14907.3
0.10394 14907.3
0.10395 14907.3
0.10396 14907.3
0.10397 14907.3
0.10398 14907.3
0.10399 14907.3
0.10400 14907.3
0.10401 14907.3
0.10402 14907.3
0.10403 14907.3
0.10404 14907.3
0.10405 14907.3
0.10406 14907.3
0.10407 14907.3
0.10408 14907.3
0.10409 14907.3
0.10410 14907.3
0.10411 14907.3
0.10412 14907.3
0.10413 14907.3
0.10414 14907.3
0.10415 14907.3
0.10416 14907.3
0.10417 14907.3
0.10418 14907.3
0.10419 14907.3
0.10420 14907.3
0.10421 14907.3
0.10422 14907.3
0.10423 14907.3
0.10424 14907.3
0.10425 14907.3
0.10426 14907.3
0.10427 14907.3
0.10428 14907.3
0.10429 14907.3
0.10430 14907.3
0.10431 14907.3
0.10432 14907.3
0.10433 14907.3
0.10434 14907.3
0.10435 14907.3
0.10436 14907.3
0.10437 14907.3
0.10438 14907.3
0.10439 14907.3
0.10440 14907.3
0.10441 14907.3
0.10442 14907.3
0.10443 14907.3
0.10444 14907.3
0.10445 14907.3
0.10446 14907.3
0.10447 14907.3
0.10448 14907.3
0.10449 14907.3
0.10450 14907.3
0.10451 14907.3
0.10452 14907.3
0.10453 14907.3
0.10454 14907.3
0.10455 14907.3
0.10456 14907.3
0.10457 14907.3
0.10458 14907.3
0.10459 14907.3
0.10460 14907.3
0.10461 14907.3
0.10462 14907.3
0.10463 14907.3
0.10464 14907.3
0.10465 14907.3
0.10466 14907.3
0.10467 14907.3
0.10468 14907.3
0.10469 14907.3
0.10470 14907.3
0.10471 14907.3
0.10472 14907.3
0.10473 14907.3
0.10474 14907.3
0.10475 14907.3
0.10476 14907.3
0.10477 14907.3
0.10478 14907.3
0.10479 14907.3
0.10480 14907.3
0.10481 14907.3
0.10482 14907.3
0.10483 14907.3
0.10484 14907.3
0.10485 14907.3
0.10486 14907.3
0.10487 14907.3
0.10488 14907.3
0.10489 14907.3
0.10490 14907.3
0.10491 14907.3
0.10492 14907.3
0.10493 14907.3
0.10494 14907.3
0.10495 14907.3
0.10496 14907.3
0.10497 14907.3
0.10498 14907.3
0.10499 14907.3
0.10500 14907.3
0.10501 14907.3
0.10502 14907.3
0.10503 14907.3
0.10504 14907.3
0.10505 14907.3
0.10506 14907.3
0.10507 14907.3
0.10508 14907.3
0.10509 14907.3
0.10510 14907.3
0.10511 14907.3
0.10512 14907.3
0.10513 14907.3
0.10514 14907.3
0.10515 14907.3
0.10516 14907.3
0.10517 14907.3
0.10518 14907.3
0.10519 14907.3
0.10520 14907.3
0.10521 14907.3
0.10522 14907.3
0.10523 14907.3
0.10524 14907.3
0.10525 14907.3
0.10526 14907.3
0.10527 14907.3
0.10528 14907.3
0.10529 14907.3
0.10530 14907.3
0.10531 14907.3
0.10532 14907.3
0.10533 14907.3
0.10534 14907.3
0.10535 14907.3
0.10536 14907.3
0.10537 14907.3
0.10538 14907.3
0.10539 14907.3
0.10540 14907.3
0.10541 14907.3
0.10542 14907.3
0.10543 14907.3
0.10544 14907.3
0.10545 14907.3
0.10546 14907.3
0.10547 14907.3
0.10548 14907.3
0.10549 14907.3
0.10550 14907.3
0.10551 14907.3
0.10552 14907.3
0.10553 14907.3
0.10554 14907.3
0.10555 14907.3
0.10556 14907.3
0.10557 14907.3
0.10558 14907.3
0.10559 14907.3
0.10560 14907.3
0.10561 14907.3
0.10562 14907.3
0.10563 14907.3
0.10564 14907.3
0.10565 14907.3
0.10566 14907.3
0.10567 14907.3
0.10568 14907.3
0.10569 14907.3
0.10570 14907.3
0.10571 14907.3
0.10572 14907.3
0.10573 14907.3
0.10574 14907.3
0.10575 14907.3
0.10576 14907.3
0.10577 14907.3
0.10578 14907.3
0.10579 14907.3
0.10580 14907.3
0.10581 14907.3
0.10582 14907.3
0.10583 14907.3
0.10584 14907.3
0.10585 14907.3
0.10586 14907.3
0.10587 14907.3
0.10588 14907.3
0.10589 14907.3
0.10590 14907.3
0.10591 14907.3
0.10592 14907.3
0.10593 14907.3
0.10594 14907.3
0.10595 14907.3
0.10596 14907.3
0.10597 14907.3
0.10598 14907.3
0.10599 14907.3
0.10600 14907.3
0.10601 14907.3
0.10602 14907.3
0.10603 14907.3
0.10604 14907.3
0.10605 14907.3
0.10606 14907.3
0.10607 14907.3
0.10608 14907.3
0.10609 14907.3
0.10610 14907.3
0.10611 14907.3
0.10612 14907.3
0.10613 14907.3
0.10614 14907.3
0.10615 14907.3
0.10616 14907.3
0.10617 14907.3
0.10618 14907.3
0.10619 14907.3
0.10620 14907.3
0.10621 14907.3
0.10622 14907.3
0.10623 14907.3
0.10624 14907.3
0.10625 14907.3
0.10626 14907.3
0.10627 14907.3
0.10628 14907.3
0.10629 14907.3
0.10630 14907.3
0.10631 14907.3
0.10632 14907.3
0.10633 14907.3
0.10634 14907.3
0.10635 14907.3
0.10636 14907.3
0.10637 14907.3
0.10638 14907.3
0.10639 14907.3
0.10640 14907.3
0.10641 14907.3
0.10642 14907.3
0.10643 14907.3
0.10644 14907.3
0.10645 14907.3
0.10646 14907.3
0.10647 14907.3
0.10648 14907.3
0.10649 14907.3
0.10650 14907.3
0.10651 14907.3
0.10652 14907.3
0.10653 14907.3
0.10654 14907.3
0.10655 14907.3
0.10656 14907.3
0.10657 14907.3
0.10658 14907.3
0.10659 14907.3
0.10660 14907.3
0.10661 14907.3
0.10662 14907.3
0.10663 14907.3
0.10664 14907.3
0.10665 14907.3
0.10666 14907.3
0.10667 14907.3
0.10668 14907.3
0.10669 14907.3
0.10670 14907.3
0.10671 14907.3
0.10672 14907.3
0.10673 14907.3
0.10674 14907.3
0.10675 14907.3
0.10676 14907.3
0.10677 14907.3
0.10678 14907.3
0.10679 14907.3
0.10680 14907.3
0.10681 14907.3
0.10682 14907.3
0.10683 14907.3
0.10684 14907.3
0.10685 14907.3
0.10686 14907.3
0.10687 14907.3
0.10688 14907.3
0.10689 14907.3
0.10690 14907.3
0.10691 14907.3
0.10692 14907.3
0.10693 14907.3
0.10694 14907.3
0.10695 14907.3
0.10696 14907.3
0.10697 14907.3
0.10698 14907.3
0.10699 14907.3
0.10700 14907.3
0.10701 14907.3
0.10702 14907.3
0.10703 14907.3
0.10704 14907.3
0.10705 14907.3
0.10706 14907.3
0.10707 14907.3
0.10708 14907.3
0.10709 14907.3
0.10710 14907.3
0.10711 14907.3
0.10712 14907.3
0.10713 14907.3
0.10714 14907.3
0.10715 14907.3
0.10716 14907.3
0.10717 14907.3
0.10718 14907.3
0.10719 14907.3
0.10720 14907.3
0.10721 14907.3
0.10722 14907.3
0.10723 14907.3
0.10724 14907.3
0.10725 14907.3
0.10726 14907.3
0.10727 14907.3
0.10728 14907.3
0.10729 14907.3
0.10730 14907.3
0.10731 14907.3
0.10732 14907.3
0.10733 14907.3
0.10734 14907.3
0.10735 14907.3
0.10736 14907.3
0.10737 14907.3
0.10738 14907.3
0.10739 14907.3
0.10740 14907.3
0.10741 14907.3
0.10742 14907.3
0.10743 14907.3
0.10744 14907.3
0.10745 14907.3
0.10746 14907.3
0.10747 14907.3
0.10748 14907.3
0.10749 14907.3
0.10750 14907.3
0.10751 14907.3
0.10752 14907.3
0.10753 14907.3
0.10754 14907.3
0.10755 14907.3
0.10756 14907.3
0.10757 14907.3
0.10758 14907.3
0.10759 14907.3
0.10760 14907.3
0.10761 14907.3
0.10762 14907.3
0.10763 14907.3
0.10764 14907.3
0.10765 14907.3
0.10766 14907.3
0.10767 14907.3
0.10768 14907.3
0.10769 14907.3
0.10770 14907.3
0.10771 14907.3
0.10772 14907.3
0.10773 14907.3
0.10774 14907.3
0.10775 14907.3
0.10776 14907.3
0.10777 14907.3
0.10778 14907.3
0.10779 14907.3
0.10780 14907.3
0.10781 14907.3
0.10782 14907.3
0.10783 14907.3
0.10784 14907.3
0.10785 14907.3
0.10786 14907.3
0.10787 14907.3
0.10788 14907.3
0.10789 14907.3
0.10790 14907.3
0.10791 14907.3
0.10792 14907.3
0.10793 14907.3
0.10794 14907.3
0.10795 14907.3
0.10796 14907.3
0.10797 14907.3
0.10798 14907.3
0.10799 14907.3
0.10800 14907.3
0.10801 14907.3
0.10802 14907.3
0.10803 14907.3
0.10804 14907.3
0.10805 14907.3
0.10806 14907.3
0.10807 14907.3
0.10808 14907.3
0.10809 14907.3
0.10810 14907.3
0.10811 14907.3
0.10812 14907.3
0.10813 14907.3
0.10814 14907.3
0.10815 14907.3
0.10816 14907.3
0.10817 14907.3
0.10818 14907.3
0.10819 14907.3
0.10820 14907.3
0.10821 14907.3
0.10822 14907.3
0.10823 14907.3
0.10824 14907.3
0.10825 14907.3
0.10826 14907.3
0.10827 14907.3
0.10828 14907.3
0.10829 14907.3
0.10830 14907.3
0.10831 14907.3
0.10832 14907.3
0.10833 14907.3
0.10834 14907.3
0.10835 14907.3
0.10836 14907.3
0.10837 14907.3
0.10838 14907.3
0.10839 14907.3
0.10840 14907.3
0.10841 14907.3
0.10842 14907.3
0.10843 14907.3
0.10844 14907.3
0.10845 14907.3
0.10846 14907.3
0.10847 14907.3
0.10848 14907.3
0.10849 14907.3
0.10850 14907.3
0.10851 14907.3
0.10852 14907.3
0.10853 14907.3
0.10854 14907.3
0.10855 14907.3
0.10856 14907.3
0.10857 14907.3
0.10858 14907.3
0.10859 14907.3
0.10860 14907.3
0.10861 14907.3
0.10862 14907.3
0.10863 14907.3
0.10864 14907.3
0.10865 14907.3
0.10866 14907.3
0.10867 14907.3
0.10868 14907.3
0.10869 14907.3
0.10870 14907.3
0.10871 14907.3
0.10872 14907.3
0.10873 14907.3
0.10874 14907.3
0.10875 14907.3
0.10876 14907.3
0.10877 14907.3
0.10878 14907.3
0.10879 14907.3
0.10880 14907.3
0.10881 14907.3
0.10882 14907.3
0.10883 14907.3
0.10884 14907.3
0.10885 14907.3
0.10886 14907.3
0.10887 14907.3
0.10888 14907.3
0.10889 14907.3
0.10890 14907.3
0.10891 14907.3
0.10892 14907.3
0.10893 14907.3
0.10894 14907.3
0.10895 14907.3
0.10896 14907.3
0.10897 14907.3
0.10898 14907.3
0.10899 14907.3
0.10900 14907.3
0.10901 14907.3
0.10902 14907.3
0.10903 14907.3
0.10904 14907.3
0.10905 14907.3
0.10906 14907.3
0.10907 14907.3
0.10908 14907.3
0.10909 14907.3
0.10910 14907.3
0.10911 14907.3
0.10912 14907.3
0.10913 14907.3
0.10914 14907.3
0.10915 14907.3
0.10916 14907.3
0.10917 14907.3
0.10918 14907.3
0.10919 14907.3
0.10920 14907.3
0.10921 14907.3
0.10922 14907.3
0.10923 14907.3
0.10924 14907.3
0.10925 14907.3
0.10926 14907.3
0.10927 14907.3
0.10928 14907.3
0.10929 14907.3
0.10930 14907.3
0.10931 14907.3
0.10932 14907.3
0.10933 14907.3
0.10934 14907.3
0.10935 14907.3
0.10936 14907.3
0.10937 14907.3
0.10938 14907.3
0.10939 14907.3
0.10940 14907.3
0.10941 14907.3
0.10942 14907.3
0.10943 14907.3
0.10944 14907.3
0.10945 14907.3
0.10946 14907.3
0.10947 14907.3
0.10948 14907.3
0.10949 14907.3
0.10950 14907.3
0.10951 14907.3
0.10952 14907.3
0.10953 14907.3
0.10954 14907.3
0.10955 14907.3
0.10956 14907.3
0.10957 14907.3
0.10958 14907.3
0.10959 14907.3
0.10960 14907.3
0.10961 14907.3
0.10962 14907.3
0.10963 14907.3
0.10964 14907.3
0.10965 14907.3
0.10966 14907.3
0.10967 14907.3
0.10968 14907.3
0.10969 14907.3
0.10970 14907.3
0.10971 14907.3
0.10972 14907.3
0.10973 14907.3
0.10974 14907.3
0.10975 14907.3
0.10976 14907.3
0.10977 14907.3
0.10978 14907.3
0.10979 14907.3
0.10980 14907.3
0.10981 14907.3
0.10982 14907.3
0.10983 14907.3
0.10984 14907.3
0.10985 14907.3
0.10986 14907.3
0.10987 14907.3
0.10988 14907.3
0.10989 14907.3
0.10990 14907.3
0.10991 14907.3
0.10992 14907.3
0.10993 14907.3
0.10994 14907.3
0.10995 14907.3
0.10996 14907.3
0.10997 14907.3
0.10998 14907.3
0.10999 14907.3
0.11000 14907.3
0.11001 14907.3
0.11002 14907.3
0.11003 14907.3
0.11004 14907.3
0.11005 14907.3
0.11006 14907.3
0.11007 14907.3
0.11008 14907.3
0.11009 14907.3
0.11010 14907.3
0.11011 14907.3
0.11012 14907.3
0.11013 14907.3
0.11014 14907.3
0.11015 14907.3
0.11016 14907.3
0.11017 14907.3
0.11018 14907.3
0.11019 14907.3
0.11020 14907.3
0.11021 14907.3
0.11022 14907.3
0.11023 14907.3
0.11024 14907.3
0.11025 14907.3
0.11026 14907.3
0.11027 14907.3
0.11028 14907.3
0.11029 14907.3
0.11030 14907.3
0.11031 14907.3
0.11032 14907.3
0.11033 14907.3
0.11034 14907.3
0.11035 14907.3
0.11036 14907.3
0.11037 14907.3
0.11038 14907.3
0.11039 14907.3
0.11040 14907.3
0.11041 14907.3
0.11042 14907.3
0.11043 14907.3
0.11044 14907.3
0.11045 14907.3
0.11046 14907.3
0.11047 14907.3
0.11048 14907.3
0.11049 14907.3
0.11050 14907.3
0.11051 14907.3
0.11052 14907.3
0.11053 14907.3
0.11054 14907.3
0.11055 14907.3
0.11056 14907.3
0.11057 14907.3
0.11058 14907.3
0.11059 14907.3
0.11060 14907.3
0.11061 14907.3
0.11062 14907.3
0.11063 14907.3
0.11064 14907.3
0.11065 14907.3
0.11066 14907.3
0.11067 14907.3
0.11068 14907.3
0.11069 14907.3
0.11070 14907.3
0.11071 14907.3
0.11072 14907.3
0.11073 14907.3
0.11074 14907.3
0.11075 14907.3
0.11076 14907.3
0.11077 14907.3
0.11078 14907.3
0.11079 14907.3
0.11080 14907.3
0.11081 14907.3
0.11082 14907.3
0.11083 14907.3
0.11084 14907.3
0.11085 14907.3
0.11086 14907.3
0.11087 14907.3
0.11088 14907.3
0.11089 14907.3
0.11090 14907.3
0.11091 14907.3
0.11092 14907.3
0.11093 14907.3
0.11094 14907.3
0.11095 14907.3
0.11096 14907.3
0.11097 14907.3
0.11098 14907.3
0.11099 14907.3
0.11100 14907.3
0.11101 14907.3
0.11102 14907.3
0.11103 14907.3
0.11104 14907.3
0.11105 14907.3
0.11106 14907.3
0.11107 14907.3
0.11108 14907.3
0.11109 14907.3
0.11110 14907.3
0.11111 14907.3
0.11112 14907.3
0.11113 14907.3
0.11114 14907.3
0.11115 14907.3
0.11116 14907.3
0.11117 14907.3
0.11118 14907.3
0.11119 14907.3
0.11120 14907.3
0.11121 14907.3
0.11122 14907.3
0.11123 14907.3
0.11124 14907.3
0.11125 14907.3
0.11126 14907.3
0.11127 14907.3
0.11128 14907.3
0.11129 14907.3
0.11130 14907.3
0.11131 14907.3
0.11132 14907.3
0.11133 14907.3
0.11134 14907.3
0.11135 14907.3
0.11136 14907.3
0.11137 14907.3
0.11138 14907.3
0.11139 14907.3
0.11140 14907.3
0.11141 14907.3
0.11142 14907.3
0.11143 14907.3
0.11144 14907.3
0.11145 14907.3
0.11146 14907.3
0.11147 14907.3
0.11148 14907.3
0.11149 14907.3
0.11150 14907.3
0.11151 14907.3
0.11152 14907.3
0.11153 14907.3
0.11154 14907.3
0.11155 14907.3
0.11156 14907.3
0.11157 14907.3
0.11158 14907.3
0.11159 14907.3
0.11160 14907.3
0.11161 14907.3
0.11162 14907.3
0.11163 14907.3
0.11164 14907.3
0.11165 14907.3
0.11166 14907.3
0.11167 14907.3
0.11168 14907.3
0.11169 14907.3
0.11170 14907.3
0.11171 14907.3
0.11172 14907.3
0.11173 14907.3
0.11174 14907.3
0.11175 14907.3
0.11176 14907.3
0.11177 14907.3
0.11178 14907.3
0.11179 14907.3
0.11180 14907.3
0.11181 14907.3
0.11182 14907.3
0.11183 14907.3
0.11184 14907.3
0.11185 14907.3
0.11186 14907.3
0.11187 14907.3
0.11188 14907.3
0.11189 14907.3
0.11190 14907.3
0.11191 14907.3
0.11192 14907.3
0.11193 14907.3
0.11194 14907.3
0.11195 14907.3
0.11196 14907.3
0.11197 14907.3
0.11198 14907.3
0.11199 14907.3
0.11200 14907.3
0.11201 14907.3
0.11202 14907.3
0.11203 14907.3
0.11204 14907.3
0.11205 14907.3
0.11206 14907.3
0.11207 14907.3
0.11208 14907.3
0.11209 14907.3
0.11210 14907.3
0.11211 14907.3
0.11212 14907.3
0.11213 14907.3
0.11214 14907.3
0.11215 14907.3
0.11216 14907.3
0.11217 14907.3
0.11218 14907.3
0.11219 14907.3
0.11220 14907.3
0.11221 14907.3
0.11222 14907.3
0.11223 14907.3
0.11224 14907.3
0.11225 14907.3
0.11226 14907.3
0.11227 14907.3
0.11228 14907.3
0.11229 14907.3
0.11230 14907.3
0.11231 14907.3
0.11232 14907.3
0.11233 14907.3
0.11234 14907.3
0.11235 14907.3
0.11236 14907.3
0.11237 14907.3
0.11238 14907.3
0.11239 14907.3
0.11240 14907.3
0.11241 14907.3
0.11242 14907.3
0.11243 14907.3
0.11244 14907.3
0.11245 14907.3
0.11246 14907.3
0.11247 14907.3
0.11248 14907.3
0.11249 14907.3
0.11250 14907.3
0.11251 14907.3
0.11252 14907.3
0.11253 14907.3
0.11254 14907.3
0.11255 14907.3
0.11256 14907.3
0.11257 14907.3
0.11258 14907.3
0.11259 14907.3
0.11260 14907.3
0.11261 14907.3
0.11262 14907.3
0.11263 14907.3
0.11264 14907.3
0.11265 14907.3
0.11266 14907.3
0.11267 14907.3
0.11268 14907.3
0.11269 14907.3
0.11270 14907.3
0.11271 14907.3
0.11272 14907.3
0.11273 14907.3
0.11274 14907.3
0.11275 14907.3
0.11276 14907.3
0.11277 14907.3
0.11278 14907.3
0.11279 14907.3
0.11280 14907.3
0.11281 14907.3
0.11282 14907.3
0.11283 14907.3
0.11284 14907.3
0.11285 14907.3
0.11286 14907.3
0.11287 14907.3
0.11288 14907.3
0.11289 14907.3
0.11290 14907.3
0.11291 14907.3
0.11292 14907.3
0.11293 14907.3
0.11294 14907.3
0.11295 14907.3
0.11296 14907.3
0.11297 14907.3
0.11298 14907.3
0.11299 14907.3
0.11300 14907.3
0.11301 14907.3
0.11302 14907.3
0.11303 14907.3
0.11304 14907.3
0.11305 14907.3
0.11306 14907.3
0.11307 14907.3
0.11308 14907.3
0.11309 14907.3
0.11310 14907.3
0.11311 14907.3
0.11312 14907.3
0.11313 14907.3
0.11314 14907.3
0.11315 14907.3
0.11316 14907.3
0.11317 14907.3
0.11318 14907.3
0.11319 14907.3
0.11320 14907.3
0.11321 14907.3
0.11322 14907.3
0.11323 14907.3
0.11324 14907.3
0.11325 14907.3
0.11326 14907.3
0.11327 14907.3
0.11328 14907.3
0.11329 14907.3
0.11330 14907.3
0.11331 14907.3
0.11332 14907.3
0.11333 14907.3
0.11334 14907.3
0.11335 14907.3
0.11336 14907.3
0.11337 14907.3
0.11338 14907.3
0.11339 14907.3
0.11340 14907.3
0.11341 14907.3
0.11342 14907.3
0.11343 14907.3
0.11344 14907.3
0.11345 14907.3
0.11346 14907.3
0.11347 14907.3
0.11348 14907.3
0.11349 14907.3
0.11350 14907.3
0.11351 14907.3
0.11352 14907.3
0.11353 14907.3
0.11354 14907.3
0.11355 14907.3
0.11356 14907.3
0.11357 14907.3
0.11358 14907.3
0.11359 14907.3
0.11360 14907.3
0.11361 14907.3
0.11362 14907.3
0.11363 14907.3
0.11364 14907.3
0.11365 14907.3
0.11366 14907.3
0.11367 14907.3
0.11368 14907.3
0.11369 14907.3
0.11370 14907.3
0.11371 14907.3
0.11372 14907.3
0.11373 14907.3
0.11374 14907.3
0.11375 14907.3
0.11376 14907.3
0.11377 14907.3
0.11378 14907.3
0.11379 14907.3
0.11380 14907.3
0.11381 14907.3
0.11382 14907.3
0.11383 14907.3
0.11384 14907.3
0.11385 14907.3
0.11386 14907.3
0.11387 14907.3
0.11388 14907.3
0.11389 14907.3
0.11390 14907.3
0.11391 14907.3
0.11392 14907.3
0.11393 14907.3
0.11394 14907.3
0.11395 14907.3
0.11396 14907.3
0.11397 14907.3
0.11398 14907.3
0.11399 14907.3
0.11400 14907.3
0.11401 14907.3
0.11402 14907.3
0.11403 14907.3
0.11404 14907.3
0.11405 14907.3
0.11406 14907.3
0.11407 14907.3
0.11408 14907.3
0.11409 14907.3
0.11410 14907.3
0.11411 14907.3
0.11412 14907.3
0.11413 14907.3
0.11414 14907.3
0.11415 14907.3
0.11416 14907.3
0.11417 14907.3
0.11418 14907.3
0.11419 14907.3
0.11420 14907.3
0.11421 14907.3
0.11422 14907.3
0.11423 14907.3
0.11424 14907.3
0.11425 14907.3
0.11426 14907.3
0.11427 14907.3
0.11428 14907.3
0.11429 14907.3
0.11430 14907.3
0.11431 14907.3
0.11432 14907.3
0.11433 14907.3
0.11434 14907.3
0.11435 14907.3
0.11436 14907.3
0.11437 14907.3
0.11438 14907.3
0.11439 14907.3
0.11440 14907.3
0.11441 14907.3
0.11442 14907.3
0.11443 14907.3
0.11444 14907.3
0.11445 14907.3
0.11446 14907.3
0.11447 14907.3
0.11448 14907.3
0.11449 14907.3
0.11450 14907.3
0.11451 14907.3
0.11452 14907.3
0.11453 14907.3
0.11454 14907.3
0.11455 14907.3
0.11456 14907.3
0.11457 14907.3
0.11458 14907.3
0.11459 14907.3
0.11460 14907.3
0.11461 14907.3
0.11462 14907.3
0.11463 14907.3
0.11464 14907.3
0.11465 14907.3
0.11466 14907.3
0.11467 14907.3
0.11468 14907.3
0.11469 14907.3
0.11470 14907.3
0.11471 14907.3
0.11472 14907.3
0.11473 14907.3
0.11474 14907.3
0.11475 14907.3
0.11476 14907.3
0.11477 14907.3
0.11478 14907.3
0.11479 14907.3
0.11480 14907.3
0.11481 14907.3
0.11482 14907.3
0.11483 14907.3
0.11484 14907.3
0.11485 14907.3
0.11486 14907.3
0.11487 14907.3
0.11488 14907.3
0.11489 14907.3
0.11490 14907.3
0.11491 14907.3
0.11492 14907.3
0.11493 14907.3
0.11494 14907.3
0.11495 14907.3
0.11496 14907.3
0.11497 14907.3
0.11498 14907.3
0.11499 14907.3
0.11500 14907.3
0.11501 14907.3
0.11502 14907.3
0.11503 14907.3
0.11504 14907.3
0.11505 14907.3
0.11506 14907.3
0.11507 14907.3
0.11508 14907.3
0.11509 14907.3
0.11510 14907.3
0.11511 14907.3
0.11512 14907.3
0.11513 14907.3
0.11514 14907.3
0.11515 14907.3
0.11516 14907.3
0.11517 14907.3
0.11518 14907.3
0.11519 14907.3
0.11520 14907.3
0.11521 14907.3
0.11522 14907.3
0.11523 14907.3
0.11524 14907.3
0.11525 14907.3
0.11526 14907.3
0.11527 14907.3
0.11528 14907.3
0.11529 14907.3
0.11530 14907.3
0.11531 14907.3
0.11532 14907.3
0.11533 14907.3
0.11534 14907.3
0.11535 14907.3
0.11536 14907.3
0.11537 14907.3
0.11538 14907.3
0.11539 14907.3
0.11540 14907.3
0.11541 14907.3
0.11542 14907.3
0.11543 14907.3
0.11544 14907.3
0.11545 14907.3
0.11546 14907.3
0.11547 14907.3
0.11548 14907.3
0.11549 14907.3
0.11550 14907.3
0.11551 14907.3
0.11552 14907.3
0.11553 14907.3
0.11554 14907.3
0.11555 14907.3
0.11556 14907.3
0.11557 14907.3
0.11558 14907.3
0.11559 14907.3
0.11560 14907.3
0.11561 14907.3
0.11562 14907.3
0.11563 14907.3
0.11564 14907.3
0.11565 14907.3
0.11566 14907.3
0.11567 14907.3
0.11568 14907.3
0.11569 14907.3
0.11570 14907.3
0.11571 14907.3
0.11572 14907.3
0.11573 14907.3
0.11574 14907.3
0.11575 14907.3
0.11576 14907.3
0.11577 14907.3
0.11578 14907.3
0.11579 14907.3
0.11580 14907.3
0.11581 14907.3
0.11582 14907.3
0.11583 14907.3
0.11584 14907.3
0.11585 14907.3
0.11586 14907.3
0.11587 14907.3
0.11588 14907.3
0.11589 14907.3
0.11590 14907.3
0.11591 14907.3
0.11592 14907.3
0.11593 14907.3
0.11594 14907.3
0.11595 14907.3
0.11596 14907.3
0.11597 14907.3
0.11598 14907.3
0.11599 14907.3
0.11600 14907.3
0.11601 14907.3
0.11602 14907.3
0.11603 14907.3
0.11604 14907.3
0.11605 14907.3
0.11606 14907.3
0.11607 14907.3
0.11608 14907.3
0.11609 14907.3
0.11610 14907.3
0.11611 14907.3
0.11612 14907.3
0.11613 14907.3
0.11614 14907.3
0.11615 14907.3
0.11616 14907.3
0.11617 14907.3
0.11618 14907.3
0.11619 14907.3
0.11620 14907.3
0.11621 14907.3
0.11622 14907.3
0.11623 14907.3
0.11624 14907.3
0.11625 14907.3
0.11626 14907.3
0.11627 14907.3
0.11628 14907.3
0.11629 14907.3
0.11630 14907.3
0.11631 14907.3
0.11632 14907.3
0.11633 14907.3
0.11634 14907.3
0.11635 14907.3
0.11636 14907.3
0.11637 14907.3
0.11638 14907.3
0.11639 14907.3
0.11640 14907.3
0.11641 14907.3
0.11642 14907.3
0.11643 14907.3
0.11644 14907.3
0.11645 14907.3
0.11646 14907.3
0.11647 14907.3
0.11648 14907.3
0.11649 14907.3
0.11650 14907.3
0.11651 14907.3
0.11652 14907.3
0.11653 14907.3
0.11654 14907.3
0.11655 14907.3
0.11656 14907.3
0.11657 14907.3
0.11658 14907.3
0.11659 14907.3
0.11660 14907.3
0.11661 14907.3
0.11662 14907.3
0.11663 14907.3
0.11664 14907.3
0.11665 14907.3
0.11666 14907.3
0.11667 14907.3
0.11668 14907.3
0.11669 14907.3
0.11670 14907.3
0.11671 14907.3
0.11672 14907.3
0.11673 14907.3
0.11674 14907.3
0.11675 14907.3
0.11676 14907.3
0.11677 14907.3
0.11678 14907.3
0.11679 14907.3
0.11680 14907.3
0.11681 14907.3
0.11682 14907.3
0.11683 14907.3
0.11684 14907.3
0.11685 14907.3
0.11686 14907.3
0.11687 14907.3
0.11688 14907.3
0.11689 14907.3
0.11690 14907.3
0.11691 14907.3
0.11692 14907.3
0.11693 14907.3
0.11694 14907.3
0.11695 14907.3
0.11696 14907.3
0.11697 14907.3
0.11698 14907.3
0.11699 14907.3
0.11700 14907.3
0.11701 14907.3
0.11702 14907.3
0.11703 14907.3
0.11704 14907.3
0.11705 14907.3
0.11706 14907.3
0.11707 14907.3
0.11708 14907.3
0.11709 14907.3
0.11710 14907.3
0.11711 14907.3
0.11712 14907.3
0.11713 14907.3
0.11714 14907.3
0.11715 14907.3
0.11716 14907.3
0.11717 14907.3
0.11718 14907.3
0.11719 14907.3
0.11720 14907.3
0.11721 14907.3
0.11722 14907.3
0.11723 14907.3
0.11724 14907.3
0.11725 14907.3
0.11726 14907.3
0.11727 14907.3
0.11728 14907.3
0.11729 14907.3
0.11730 14907.3
0.11731 14907.3
0.11732 14907.3
0.11733 14907.3
0.11734 14907.3
0.11735 14907.3
0.11736 14907.3
0.11737 14907.3
0.11738 14907.3
0.11739 14907.3
0.11740 14907.3
0.11741 14907.3
0.11742 14907.3
0.11743 14907.3
0.11744 14907.3
0.11745 14907.3
0.11746 14907.3
0.11747 14907.3
0.11748 14907.3
0.11749 14907.3
0.11750 14907.3
0.11751 14907.3
0.11752 14907.3
0.11753 14907.3
0.11754 14907.3
0.11755 14907.3
0.11756 14907.3
0.11757 14907.3
0.11758 14907.3
0.11759 14907.3
0.11760 14907.3
0.11761 14907.3
0.11762 14907.3
0.11763 14907.3
0.11764 14907.3
0.11765 14907.3
0.11766 14907.3
0.11767 14907.3
0.11768 14907.3
0.11769 14907.3
0.11770 14907.3
0.11771 14907.3
0.11772 14907.3
0.11773 14907.3
0.11774 14907.3
0.11775 14907.3
0.11776 14907.3
0.11777 14907.3
0.11778 14907.3
0.11779 14907.3
0.11780 14907.3
0.11781 14907.3
0.11782 14907.3
0.11783 14907.3
0.11784 14907.3
0.11785 14907.3
0.11786 14907.3
0.11787 14907.3
0.11788 14907.3
0.11789 14907.3
0.11790 14907.3
0.11791 14907.3
0.11792 14907.3
0.11793 14907.3
0.11794 14907.3
0.11795 14907.3
0.11796 14907.3
0.11797 14907.3
0.11798 14907.3
0.11799 14907.3
0.11800 14907.3
0.11801 14907.3
0.11802 14907.3
0.11803 14907.3
0.11804 14907.3
0.11805 14907.3
0.11806 14907.3
0.11807 14907.3
0.11808 14907.3
0.11809 14907.3
0.11810 14907.3
0.11811 14907.3
0.11812 14907.3
0.11813 14907.3
0.11814 14907.3
0.11815 14907.3
0.11816 14907.3
0.11817 14907.3
0.11818 14907.3
0.11819 14907.3
0.11820 14907.3
0.11821 14907.3
0.11822 14907.3
0.11823 14907.3
0.11824 14907.3
0.11825 14907.3
0.11826 14907.3
0.11827 14907.3
0.11828 14907.3
0.11829 14907.3
0.11830 14907.3
0.11831 14907.3
0.11832 14907.3
0.11833 14907.3
0.11834 14907.3
0.11835 14907.3
0.11836 14907.3
0.11837 14907.3
0.11838 14907.3
0.11839 14907.3
0.11840 14907.3
0.11841 14907.3
0.11842 14907.3
0.11843 14907.3
0.11844 14907.3
0.11845 14907.3
0.11846 14907.3
0.11847 14907.3
0.11848 14907.3
0.11849 14907.3
0.11850 14907.3
0.11851 14907.3
0.11852 14907.3
0.11853 14907.3
0.11854 14907.3
0.11855 14907.3
0.11856 14907.3
0.11857 14907.3
0.11858 14907.3
0.11859 14907.3
0.11860 14907.3
0.11861 14907.3
0.11862 14907.3
0.11863 14907.3
0.11864 14907.3
0.11865 14907.3
0.11866 14907.3
0.11867 14907.3
0.11868 14907.3
0.11869 14907.3
0.11870 14907.3
0.11871 14907.3
0.11872 14907.3
0.11873 14907.3
0.11874 14907.3
0.11875 14907.3
0.11876 14907.3
0.11877 14907.3
0.11878 14907.3
0.11879 14907.3
0.11880 14907.3
0.11881 14907.3
0.11882 14907.3
0.11883 14907.3
0.11884 14907.3
0.11885 14907.3
0.11886 14907.3
0.11887 14907.3
0.11888 14907.3
0.11889 14907.3
0.11890 14907.3
0.11891 14907.3
0.11892 14907.3
0.11893 14907.3
0.11894 14907.3
0.11895 14907.3
0.11896 14907.3
0.11897 14907.3
0.11898 14907.3
0.11899 14907.3
0.11900 14907.3
0.11901 14907.3
0.11902 14907.3
0.11903 14907.3
0.11904 14907.3
0.11905 14907.3
0.11906 14907.3
0.11907 14907.3
0.11908 14907.3
0.11909 14907.3
0.11910 14907.3
0.11911 14907.3
0.11912 14907.3
0.11913 14907.3
0.11914 14907.3
0.11915 14907.3
0.11916 14907.3
0.11917 14907.3
0.11918 14907.3
0.11919 14907.3
0.11920 14907.3
0.11921 14907.3
0.11922 14907.3
0.11923 14907.3
0.11924 14907.3
0.11925 14907.3
0.11926 14907.3
0.11927 14907.3
0.11928 14907.3
0.11929 14907.3
0.11930 14907.3
0.11931 14907.3
0.11932 14907.3
0.11933 14907.3
0.11934 14907.3
0.11935 14907.3
0.11936 14907.3
0.11937 14907.3
0.11938 14907.3
0.11939 14907.3
0.11940 14907.3
0.11941 14907.3
0.11942 14907.3
0.11943 14907.3
0.11944 14907.3
0.11945 14907.3
0.11946 14907.3
0.11947 14907.3
0.11948 14907.3
0.11949 14907.3
0.11950 14907.3
0.11951 14907.3
0.11952 14907.3
0.11953 14907.3
0.11954 14907.3
0.11955 14907.3
0.11956 14907.3
0.11957 14907.3
0.11958 14907.3
0.11959 14907.3
0.11960 14907.3
0.11961 14907.3
0.11962 14907.3
0.11963 14907.3
0.11964 14907.3
0.11965 14907.3
0.11966 14907.3
0.11967 14907.3
0.11968 14907.3
0.11969 14907.3
0.11970 14907.3
0.11971 14907.3
0.11972 14907.3
0.11973 14907.3
0.11974 14907.3
0.11975 14907.3
0.11976 14907.3
0.11977 14907.3
0.11978 14907.3
0.11979 14907.3
0.11980 14907.3
0.11981 14907.3
0.11982 14907.3
0.11983 14907.3
0.11984 14907.3
0.11985 14907.3
0.11986 14907.3
0.11987 14907.3
0.11988 14907.3
0.11989 14907.3
0.11990 14907.3
0.11991 14907.3
0.11992 14907.3
0.11993 14907.3
0.11994 14907.3
0.11995 14907.3
0.11996 14907.3
0.11997 14907.3
0.11998 14907.3
0.11999 14907.3
0.12000 14907.3
0.12001 14907.3
0.12002 14907.3
0.12003 14907.3
0.12004 14907.3
0.12005 14907.3
0.12006 14907.3
0.12007 14907.3
0.12008 14907.3
0.12009 14907.3
0.12010 14907.3
0.12011 14907.3
0.12012 14907.3
0.12013 14907.3
0.12014 14907.3
0.12015 14907.3
0.12016 14907.3
0.12017 14907.3
0.12018 14907.3
0.12019 14907.3
0.12020 14907.3
0.12021 14907.3
0.12022 14907.3
0.12023 14907.3
0.12024 14907.3
0.12025 14907.3
0.12026 14907.3
0.12027 14907.3
0.12028 14907.3
0.12029 14907.3
0.12030 14907.3
0.12031 14907.3
0.12032 14907.3
0.12033 14907.3
0.12034 14907.3
0.12035 14907.3
0.12036 14907.3
0.12037 14907.3
0.12038 14907.3
0.12039 14907.3
0.12040 14907.3
0.12041 14907.3
0.12042 14907.3
0.12043 14907.3
0.12044 14907.3
0.12045 14907.3
0.12046 14907.3
0.12047 14907.3
0.12048 14907.3
0.12049 14907.3
0.12050 14907.3
0.12051 14907.3
0.12052 14907.3
0.12053 14907.3
0.12054 14907.3
0.12055 14907.3
0.12056 14907.3
0.12057 14907.3
0.12058 14907.3
0.12059 14907.3
0.12060 14907.3
0.12061 14907.3
0.12062 14907.3
0.12063 14907.3
0.12064 14907.3
0.12065 14907.3
0.12066 14907.3
0.12067 14907.3
0.12068 14907.3
0.12069 14907.3
0.12070 14907.3
0.12071 14907.3
0.12072 14907.3
0.12073 14907.3
0.12074 14907.3
0.12075 14907.3
0.12076 14907.3
0.12077 14907.3
0.12078 14907.3
0.12079 14907.3
0.12080 14907.3
0.12081 14907.3
0.12082 14907.3
0.12083 14907.3
0.12084 14907.3
0.12085 14907.3
0.12086 14907.3
0.12087 14907.3
0.12088 14907.3
0.12089 14907.3
0.12090 14907.3
0.12091 14907.3
0.12092 14907.3
0.12093 14907.3
0.12094 14907.3
0.12095 14907.3
0.12096 14907.3
0.12097 14907.3
0.12098 14907.3
0.12099 14907.3
0.12100 14907.3
0.12101 14907.3
0.12102 14907.3
0.12103 14907.3
0.12104 14907.3
0.12105 14907.3
0.12106 14907.3
0.12107 14907.3
0.12108 14907.3
0.12109 14907.3
0.12110 14907.3
0.12111 14907.3
0.12112 14907.3
0.12113 14907.3
0.12114 14907.3
0.12115 14907.3
0.12116 14907.3
0.12117 14907.3
0.12118 14907.3
0.12119 14907.3
0.12120 14907.3
0.12121 14907.3
0.12122 14907.3
0.12123 14907.3
0.12124 14907.3
0.12125 14907.3
0.12126 14907.3
0.12127 14907.3
0.12128 14907.3
0.12129 14907.3
0.12130 14907.3
0.12131 14907.3
0.12132 14907.3
0.12133 14907.3
0.12134 14907.3
0.12135 14907.3
0.12136 14907.3
0.12137 14907.3
0.12138 14907.3
0.12139 14907.3
0.12140 14907.3
0.12141 14907.3
0.12142 14907.3
0.12143 14907.3
0.12144 14907.3
0.12145 14907.3
0.12146 14907.3
0.12147 14907.3
0.12148 14907.3
0.12149 14907.3
0.12150 14907.3
0.12151 14907.3
0.12152 14907.3
0.12153 14907.3
0.12154 14907.3
0.12155 14907.3
0.12156 14907.3
0.12157 14907.3
0.12158 14907.3
0.12159 14907.3
0.12160 14907.3
0.12161 14907.3
0.12162 14907.3
0.12163 14907.3
0.12164 14907.3
0.12165 14907.3
0.12166 14907.3
0.12167 14907.3
0.12168 14907.3
0.12169 14907.3
0.12170 14907.3
0.12171 14907.3
0.12172 14907.3
0.12173 14907.3
0.12174 14907.3
0.12175 14907.3
0.12176 14907.3
0.12177 14907.3
0.12178 14907.3
0.12179 14907.3
0.12180 14907.3
0.12181 14907.3
0.12182 14907.3
0.12183 14907.3
0.12184 14907.3
0.12185 14907.3
0.12186 14907.3
0.12187 14907.3
0.12188 14907.3
0.12189 14907.3
0.12190 14907.3
0.12191 14907.3
0.12192 14907.3
0.12193 14907.3
0.12194 14907.3
0.12195 14907.3
0.12196 14907.3
0.12197 14907.3
0.12198 14907.3
0.12199 14907.3
0.12200 14907.3
0.12201 14907.3
0.12202 14907.3
0.12203 14907.3
0.12204 14907.3
0.12205 14907.3
0.12206 14907.3
0.12207 14907.3
0.12208 14907.3
0.12209 14907.3
0.12210 14907.3
0.12211 14907.3
0.12212 14907.3
0.12213 14907.3
0.12214 14907.3
0.12215 14907.3
0.12216 14907.3
0.12217 14907.3
0.12218 14907.3
0.12219 14907.3
0.12220 14907.3
0.12221 14907.3
0.12222 14907.3
0.12223 14907.3
0.12224 14907.3
0.12225 14907.3
0.12226 14907.3
0.12227 14907.3
0.12228 14907.3
0.12229 14907.3
0.12230 14907.3
0.12231 14907.3
0.12232 14907.3
0.12233 14907.3
0.12234 14907.3
0.12235 14907.3
0.12236 14907.3
0.12237 14907.3
0.12238 14907.3
0.12239 14907.3
0.12240 14907.3
0.12241 14907.3
0.12242 14907.3
0.12243 14907.3
0.12244 14907.3
0.12245 14907.3
0.12246 14907.3
0.12247 14907.3
0.12248 14907.3
0.12249 14907.3
0.12250 14907.3
0.12251 14907.3
0.12252 14907.3
0.12253 14907.3
0.12254 14907.3
0.12255 14907.3
0.12256 14907.3
0.12257 14907.3
0.12258 14907.3
0.12259 14907.3
0.12260 14907.3
0.12261 14907.3
0.12262 14907.3
0.12263 14907.3
0.12264 14907.3
0.12265 14907.3
0.12266 14907.3
0.12267 14907.3
0.12268 14907.3
0.12269 14907.3
0.12270 14907.3
0.12271 14907.3
0.12272 14907.3
0.12273 14907.3
0.12274 14907.3
0.12275 14907.3
0.12276 14907.3
0.12277 14907.3
0.12278 14907.3
0.12279 14907.3
0.12280 14907.3
0.12281 14907.3
0.12282 14907.3
0.12283 14907.3
0.12284 14907.3
0.12285 14907.3
0.12286 14907.3
0.12287 14907.3
0.12288 14907.3
0.12289 14907.3
0.12290 14907.3
0.12291 14907.3
0.12292 14907.3
0.12293 14907.3
0.12294 14907.3
0.12295 14907.3
0.12296 14907.3
0.12297 14907.3
0.12298 14907.3
0.12299 14907.3
0.12300 14907.3
0.12301 14907.3
0.12302 14907.3
0.12303 14907.3
0.12304 14907.3
0.12305 14907.3
0.12306 14907.3
0.12307 14907.3
0.12308 14907.3
0.12309 14907.3
0.12310 14907.3
0.12311 14907.3
0.12312 14907.3
0.12313 14907.3
0.12314 14907.3
0.12315 14907.3
0.12316 14907.3
0.12317 14907.3
0.12318 14907.3
0.12319 14907.3
0.12320 14907.3
0.12321 14907.3
0.12322 14907.3
0.12323 14907.3
0.12324 14907.3
0.12325 14907.3
0.12326 14907.3
0.12327 14907.3
0.12328 14907.3
0.12329 14907.3
0.12330 14907.3
0.12331 14907.3
0.12332 14907.3
0.12333 14907.3
0.12334 14907.3
0.12335 14907.3
0.12336 14907.3
0.12337 14907.3
0.12338 14907.3
0.12339 14907.3
0.12340 14907.3
0.12341 14907.3
0.12342 14907.3
0.12343 14907.3
0.12344 14907.3
0.12345 14907.3
0.12346 14907.3
0.12347 14907.3
0.12348 14907.3
0.12349 14907.3
0.12350 14907.3
0.12351 14907.3
0.12352 14907.3
0.12353 14907.3
0.12354 14907.3
0.12355 14907.3
0.12356 14907.3
0.12357 14907.3
0.12358 14907.3
0.12359 14907.3
0.12360 14907.3
0.12361 14907.3
0.12362 14907.3
0.12363 14907.3
0.12364 14907.3
0.12365 14907.3
0.12366 14907.3
0.12367 14907.3
0.12368 14907.3
0.12369 14907.3
0.12370 14907.3
0.12371 14907.3
0.12372 14907.3
0.12373 14907.3
0.12374 14907.3
0.12375 14907.3
0.12376 14907.3
0.12377 14907.3
0.12378 14907.3
0.12379 14907.3
0.12380 14907.3
0.12381 14907.3
0.12382 14907.3
0.12383 14907.3
0.12384 14907.3
0.12385 14907.3
0.12386 14907.3
0.12387 14907.3
0.12388 14907.3
0.12389 14907.3
0.12390 14907.3
0.12391 14907.3
0.12392 14907.3
0.12393 14907.3
0.12394 14907.3
0.12395 14907.3
0.12396 14907.3
0.12397 14907.3
0.12398 14907.3
0.12399 14907.3
0.12400 14907.3
0.12401 14907.3
0.12402 14907.3
0.12403 14907.3
0.12404 14907.3
0.12405 14907.3
0.12406 14907.3
0.12407 14907.3
0.12408 14907.3
0.12409 14907.3
0.12410 14907.3
0.12411 14907.3
0.12412 14907.3
0.12413 14907.3
0.12414 14907.3
0.12415 14907.3
0.12416 14907.3
0.12417 14907.3
0.12418 14907.3
0.12419 14907.3
0.12420 14907.3
0.12421 14907.3
0.12422 14907.3
0.12423 14907.3
0.12424 14907.3
0.12425 14907.3
0.12426 14907.3
0.12427 14907.3
0.12428 14907.3
0.12429 14907.3
0.12430 14907.3
0.12431 14907.3
0.12432 14907.3
0.12433 14907.3
0.12434 14907.3
0.12435 14907.3
0.12436 14907.3
0.12437 14907.3
0.12438 14907.3
0.12439 14907.3
0.12440 14907.3
0.12441 14907.3
0.12442 14907.3
0.12443 14907.3
0.12444 14907.3
0.12445 14907.3
0.12446 14907.3
0.12447 14907.3
0.12448 14907.3
0.12449 14907.3
0.12450 14907.3
0.12451 14907.3
0.12452 14907.3
0.12453 14907.3
0.12454 14907.3
0.12455 14907.3
0.12456 14907.3
0.12457 14907.3
0.12458 14907.3
0.12459 14907.3
0.12460 14907.3
0.12461 14907.3
0.12462 14907.3
0.12463 14907.3
0.12464 14907.3
0.12465 14907.3
0.12466 14907.3
0.12467 14907.3
0.12468 14907.3
0.12469 14907.3
0.12470 14907.3
0.12471 14907.3
0.12472 14907.3
0.12473 14907.3
0.12474 14907.3
0.12475 14907.3
0.12476 14907.3
0.12477 14907.3
0.12478 14907.3
0.12479 14907.3
0.12480 14907.3
0.12481 14907.3
0.12482 14907.3
0.12483 14907.3
0.12484 14907.3
0.12485 14907.3
0.12486 14907.3
0.12487 14907.3
0.12488 14907.3
0.12489 14907.3
0.12490 14907.3
0.12491 14907.3
0.12492 14907.3
0.12493 14907.3
0.12494 14907.3
0.12495 14907.3
0.12496 14907.3
0.12497 14907.3
0.12498 14907.3
0.12499 14907.3
0.12500 14907.3
0.12501 14907.3
0.12502 14907.3
0.12503 14907.3
0.12504 14907.3
0.12505 14907.3
0.12506 14907.3
0.12507 14907.3
0.12508 14907.3
0.12509 14907.3
0.12510 14907.3
0.12511 14907.3
0.12512 14907.3
0.12513 14907.3
0.12514 14907.3
0.12515 14907.3
0.12516 14907.3
0.12517 14907.3
0.12518 14907.3
0.12519 14907.3
0.12520 14907.3
0.12521 14907.3
0.12522 14907.3
0.12523 14907.3
0.12524 14907.3
0.12525 14907.3
0.12526 14907.3
0.12527 14907.3
0.12528 14907.3
0.12529 14907.3
0.12530 14907.3
0.12531 14907.3
0.12532 14907.3
0.12533 14907.3
0.12534 14907.3
0.12535 14907.3
0.12536 14907.3
0.12537 14907.3
0.12538 14907.3
0.12539 14907.3
0.12540 14907.3
0.12541 14907.3
0.12542 14907.3
0.12543 14907.3
0.12544 14907.3
0.12545 14907.3
0.12546 14907.3
0.12547 14907.3
0.12548 14907.3
0.12549 14907.3
0.12550 14907.3
0.12551 14907.3
0.12552 14907.3
0.12553 14907.3
0.12554 14907.3
0.12555 14907.3
0.12556 14907.3
0.12557 14907.3
0.12558 14907.3
0.12559 14907.3
0.12560 14907.3
0.12561 14907.3
0.12562 14907.3
0.12563 14907.3
0.12564 14907.3
0.12565 14907.3
0.12566 14907.3
0.12567 14907.3
0.12568 14907.3
0.12569 14907.3
0.12570 14907.3
0.12571 14907.3
0.12572 14907.3
0.12573 14907.3
0.12574 14907.3
0.12575 14907.3
0.12576 14907.3
0.12577 14907.3
0.12578 14907.3
0.12579 14907.3
0.12580 14907.3
0.12581 14907.3
0.12582 14907.3
0.12583 14907.3
0.12584 14907.3
0.12585 14907.3
0.12586 14907.3
0.12587 14907.3
0.12588 14907.3
0.12589 14907.3
0.12590 14907.3
0.12591 14907.3
0.12592 14907.3
0.12593 14907.3
0.12594 14907.3
0.12595 14907.3
0.12596 14907.3
0.12597 14907.3
0.12598 14907.3
0.12599 14907.3
0.12600 14907.3
0.12601 14907.3
0.12602 14907.3
0.12603 14907.3
0.12604 14907.3
0.12605 14907.3
0.12606 14907.3
0.12607 14907.3
0.12608 14907.3
0.12609 14907.3
0.12610 14907.3
0.12611 14907.3
0.12612 14907.3
0.12613 14907.3
0.12614 14907.3
0.12615 14907.3
0.12616 14907.3
0.12617 14907.3
0.12618 14907.3
0.12619 14907.3
0.12620 14907.3
0.12621 14907.3
0.12622 14907.3
0.12623 14907.3
0.12624 14907.3
0.12625 14907.3
0.12626 14907.3
0.12627 14907.3
0.12628 14907.3
0.12629 14907.3
0.12630 14907.3
0.12631 14907.3
0.12632 14907.3
0.12633 14907.3
0.12634 14907.3
0.12635 14907.3
0.12636 14907.3
0.12637 14907.3
0.12638 14907.3
0.12639 14907.3
0.12640 14907.3
0.12641 14907.3
0.12642 14907.3
0.12643 14907.3
0.12644 14907.3
0.12645 14907.3
0.12646 14907.3
0.12647 14907.3
0.12648 14907.3
0.12649 14907.3
0.12650 14907.3
0.12651 14907.3
0.12652 14907.3
0.12653 14907.3
0.12654 14907.3
0.12655 14907.3
0.12656 14907.3
0.12657 14907.3
0.12658 14907.3
0.12659 14907.3
0.12660 14907.3
0.12661 14907.3
0.12662 14907.3
0.12663 14907.3
0.12664 14907.3
0.12665 14907.3
0.12666 14907.3
0.12667 14907.3
0.12668 14907.3
0.12669 14907.3
0.12670 14907.3
0.12671 14907.3
0.12672 14907.3
0.12673 14907.3
0.12674 14907.3
0.12675 14907.3
0.12676 14907.3
0.12677 14907.3
0.12678 14907.3
0.12679 14907.3
0.12680 14907.3
0.12681 14907.3
0.12682 14907.3
0.12683 14907.3
0.12684 14907.3
0.12685 14907.3
0.12686 14907.3
0.12687 14907.3
0.12688 14907.3
0.12689 14907.3
0.12690 14907.3
0.12691 14907.3
0.12692 14907.3
0.12693 14907.3
0.12694 14907.3
0.12695 14907.3
0.12696 14907.3
0.12697 14907.3
0.12698 14907.3
0.12699 14907.3
0.12700 14907.3
0.12701 14907.3
0.12702 14907.3
0.12703 14907.3
0.12704 14907.3
0.12705 14907.3
0.12706 14907.3
0.12707 14907.3
0.12708 14907.3
0.12709 14907.3
0.12710 14907.3
0.12711 14907.3
0.12712 14907.3
0.12713 14907.3
0.12714 14907.3
0.12715 14907.3
0.12716 14907.3
0.12717 14907.3
0.12718 14907.3
0.12719 14907.3
0.12720 14907.3
0.12721 14907.3
0.12722 14907.3
0.12723 14907.3
0.12724 14907.3
0.12725 14907.3
0.12726 14907.3
0.12727 14907.3
0.12728 14907.3
0.12729 14907.3
0.12730 14907.3
0.12731 14907.3
0.12732 14907.3
0.12733 14907.3
0.12734 14907.3
0.12735 14907.3
0.12736 14907.3
0.12737 14907.3
0.12738 14907.3
0.12739 14907.3
0.12740 14907.3
0.12741 14907.3
0.12742 14907.3
0.12743 14907.3
0.12744 14907.3
0.12745 14907.3
0.12746 14907.3
0.12747 14907.3
0.12748 14907.3
0.12749 14907.3
0.12750 14907.3
0.12751 14907.3
0.12752 14907.3
0.12753 14907.3
0.12754 14907.3
0.12755 14907.3
0.12756 14907.3
0.12757 14907.3
0.12758 14907.3
0.12759 14907.3
0.12760 14907.3
0.12761 14907.3
0.12762 14907.3
0.12763 14907.3
0.12764 14907.3
0.12765 14907.3
0.12766 14907.3
0.12767 14907.3
0.12768 14907.3
0.12769 14907.3
0.12770 14907.3
0.12771 14907.3
0.12772 14907.3
0.12773 14907.3
0.12774 14907.3
0.12775 14907.3
0.12776 14907.3
0.12777 14907.3
0.12778 14907.3
0.12779 14907.3
0.12780 14907.3
0.12781 14907.3
0.12782 14907.3
0.12783 14907.3
0.12784 14907.3
0.12785 14907.3
0.12786 14907.3
0.12787 14907.3
0.12788 14907.3
0.12789 14907.3
0.12790 14907.3
0.12791 14907.3
0.12792 14907.3
0.12793 14907.3
0.12794 14907.3
0.12795 14907.3
0.12796 14907.3
0.12797 14907.3
0.12798 14907.3
0.12799 14907.3
0.12800 14907.3
0.12801 14907.3
0.12802 14907.3
0.12803 14907.3
0.12804 14907.3
0.12805 14907.3
0.12806 14907.3
0.12807 14907.3
0.12808 14907.3
0.12809 14907.3
0.12810 14907.3
0.12811 14907.3
0.12812 14907.3
0.12813 14907.3
0.12814 14907.3
0.12815 14907.3
0.12816 14907.3
0.12817 14907.3
0.12818 14907.3
0.12819 14907.3
0.12820 14907.3
0.12821 14907.3
0.12822 14907.3
0.12823 14907.3
0.12824 14907.3
0.12825 14907.3
0.12826 14907.3
0.12827 14907.3
0.12828 14907.3
0.12829 14907.3
0.12830 14907.3
0.12831 14907.3
0.12832 14907.3
0.12833 14907.3
0.12834 14907.3
0.12835 14907.3
0.12836 14907.3
0.12837 14907.3
0.12838 14907.3
0.12839 14907.3
0.12840 14907.3
0.12841 14907.3
0.12842 14907.3
0.12843 14907.3
0.12844 14907.3
0.12845 14907.3
0.12846 14907.3
0.12847 14907.3
0.12848 14907.3
0.12849 14907.3
0.12850 14907.3
0.12851 14907.3
0.12852 14907.3
0.12853 14907.3
0.12854 14907.3
0.12855 14907.3
0.12856 14907.3
0.12857 14907.3
0.12858 14907.3
0.12859 14907.3
0.12860 14907.3
0.12861 14907.3
0.12862 14907.3
0.12863 14907.3
0.12864 14907.3
0.12865 14907.3
0.12866 14907.3
0.12867 14907.3
0.12868 14907.3
0.12869 14907.3
0.12870 14907.3
0.12871 14907.3
0.12872 14907.3
0.12873 14907.3
0.12874 14907.3
0.12875 14907.3
0.12876 14907.3
0.12877 14907.3
0.12878 14907.3
0.12879 14907.3
0.12880 14907.3
0.12881 14907.3
0.12882 14907.3
0.12883 14907.3
0.12884 14907.3
0.12885 14907.3
0.12886 14907.3
0.12887 14907.3
0.12888 14907.3
0.12889 14907.3
0.12890 14907.3
0.12891 14907.3
0.12892 14907.3
0.12893 14907.3
0.12894 14907.3
0.12895 14907.3
0.12896 14907.3
0.12897 14907.3
0.12898 14907.3
0.12899 14907.3
0.12900 14907.3
0.12901 14907.3
0.12902 14907.3
0.12903 14907.3
0.12904 14907.3
0.12905 14907.3
0.12906 14907.3
0.12907 14907.3
0.12908 14907.3
0.12909 14907.3
0.12910 14907.3
0.12911 14907.3
0.12912 14907.3
0.12913 14907.3
0.12914 14907.3
0.12915 14907.3
0.12916 14907.3
0.12917 14907.3
0.12918 14907.3
0.12919 14907.3
0.12920 14907.3
0.12921 14907.3
0.12922 14907.3
0.12923 14907.3
0.12924 14907.3
0.12925 14907.3
0.12926 14907.3
0.12927 14907.3
0.12928 14907.3
0.12929 14907.3
0.12930 14907.3
0.12931 14907.3
0.12932 14907.3
0.12933 14907.3
0.12934 14907.3
0.12935 14907.3
0.12936 14907.3
0.12937 14907.3
0.12938 14907.3
0.12939 14907.3
0.12940 14907.3
0.12941 14907.3
0.12942 14907.3
0.12943 14907.3
0.12944 14907.3
0.12945 14907.3
0.12946 14907.3
0.12947 14907.3
0.12948 14907.3
0.12949 14907.3
0.12950 14907.3
0.12951 14907.3
0.12952 14907.3
0.12953 14907.3
0.12954 14907.3
0.12955 14907.3
0.12956 14907.3
0.12957 14907.3
0.12958 14907.3
0.12959 14907.3
0.12960 14907.3
0.12961 14907.3
0.12962 14907.3
0.12963 14907.3
0.12964 14907.3
0.12965 14907.3
0.12966 14907.3
0.12967 14907.3
0.12968 14907.3
0.12969 14907.3
0.12970 14907.3
0.12971 14907.3
0.12972 14907.3
0.12973 14907.3
0.12974 14907.3
0.12975 14907.3
0.12976 14907.3
0.12977 14907.3
0.12978 14907.3
0.12979 14907.3
0.12980 14907.3
0.12981 14907.3
0.12982 14907.3
0.12983 14907.3
0.12984 14907.3
0.12985 14907.3
0.12986 14907.3
0.12987 14907.3
0.12988 14907.3
0.12989 14907.3
0.12990 14907.3
0.12991 14907.3
0.12992 14907.3
0.12993 14907.3
0.12994 14907.3
0.12995 14907.3
0.12996 14907.3
0.12997 14907.3
0.12998 14907.3
0.12999 14907.3
0.13000 14907.3
0.13001 14907.3
0.13002 14907.3
0.13003 14907.3
0.13004 14907.3
0.13005 14907.3
0.13006 14907.3
0.13007 14907.3
0.13008 14907.3
0.13009 14907.3
0.13010 14907.3
0.13011 14907.3
0.13012 14907.3
0.13013 14907.3
0.13014 14907.3
0.13015 14907.3
0.13016 14907.3
0.13017 14907.3
0.13018 14907.3
0.13019 14907.3
0.13020 14907.3
0.13021 14907.3
0.13022 14907.3
0.13023 14907.3
0.13024 14907.3
0.13025 14907.3
0.13026 14907.3
0.13027 14907.3
0.13028 14907.3
0.13029 14907.3
0.13030 14907.3
0.13031 14907.3
0.13032 14907.3
0.13033 14907.3
0.13034 14907.3
0.13035 14907.3
0.13036 14907.3
0.13037 14907.3
0.13038 14907.3
0.13039 14907.3
0.13040 14907.3
0.13041 14907.3
0.13042 14907.3
0.13043 14907.3
0.13044 14907.3
0.13045 14907.3
0.13046 14907.3
0.13047 14907.3
0.13048 14907.3
0.13049 14907.3
0.13050 14907.3
0.13051 14907.3
0.13052 14907.3
0.13053 14907.3
0.13054 14907.3
0.13055 14907.3
0.13056 14907.3
0.13057 14907.3
0.13058 14907.3
0.13059 14907.3
0.13060 14907.3
0.13061 14907.3
0.13062 14907.3
0.13063 14907.3
0.13064 14907.3
0.13065 14907.3
0.13066 14907.3
0.13067 14907.3
0.13068 14907.3
0.13069 14907.3
0.13070 14907.3
0.13071 14907.3
0.13072 14907.3
0.13073 14907.3
0.13074 14907.3
0.13075 14907.3
0.13076 14907.3
0.13077 14907.3
0.13078 14907.3
0.13079 14907.3
0.13080 14907.3
0.13081 14907.3
0.13082 14907.3
0.13083 14907.3
0.13084 14907.3
0.13085 14907.3
0.13086 14907.3
0.13087 14907.3
0.13088 14907.3
0.13089 14907.3
0.13090 14907.3
0.13091 14907.3
0.13092 14907.3
0.13093 14907.3
0.13094 14907.3
0.13095 14907.3
0.13096 14907.3
0.13097 14907.3
0.13098 14907.3
0.13099 14907.3
0.13100 14907.3
0.13101 14907.3
0.13102 14907.3
0.13103 14907.3
0.13104 14907.3
0.13105 14907.3
0.13106 14907.3
0.13107 14907.3
0.13108 14907.3
0.13109 14907.3
0.13110 14907.3
0.13111 14907.3
0.13112 14907.3
0.13113 14907.3
0.13114 14907.3
0.13115 14907.3
0.13116 14907.3
0.13117 14907.3
0.13118 14907.3
0.13119 14907.3
0.13120 14907.3
0.13121 14907.3
0.13122 14907.3
0.13123 14907.3
0.13124 14907.3
0.13125 14907.3
0.13126 14907.3
0.13127 14907.3
0.13128 14907.3
0.13129 14907.3
0.13130 14907.3
0.13131 14907.3
0.13132 14907.3
0.13133 14907.3
0.13134 14907.3
0.13135 14907.3
0.13136 14907.3
0.13137 14907.3
0.13138 14907.3
0.13139 14907.3
0.13140 14907.3
0.13141 14907.3
0.13142 14907.3
0.13143 14907.3
0.13144 14907.3
0.13145 14907.3
0.13146 14907.3
0.13147 14907.3
0.13148 14907.3
0.13149 14907.3
0.13150 14907.3
0.13151 14907.3
0.13152 14907.3
0.13153 14907.3
0.13154 14907.3
0.13155 14907.3
0.13156 14907.3
0.13157 14907.3
0.13158 14907.3
0.13159 14907.3
0.13160 14907.3
0.13161 14907.3
0.13162 14907.3
0.13163 14907.3
0.13164 14907.3
0.13165 14907.3
0.13166 14907.3
0.13167 14907.3
0.13168 14907.3
0.13169 14907.3
0.13170 14907.3
0.13171 14907.3
0.13172 14907.3
0.13173 14907.3
0.13174 14907.3
0.13175 14907.3
0.13176 14907.3
0.13177 14907.3
0.13178 14907.3
0.13179 14907.3
0.13180 14907.3
0.13181 14907.3
0.13182 14907.3
0.13183 14907.3
0.13184 14907.3
0.13185 14907.3
0.13186 14907.3
0.13187 14907.3
0.13188 14907.3
0.13189 14907.3
0.13190 14907.3
0.13191 14907.3
0.13192 14907.3
0.13193 14907.3
0.13194 14907.3
0.13195 14907.3
0.13196 14907.3
0.13197 14907.3
0.13198 14907.3
0.13199 14907.3
0.13200 14907.3
0.13201 14907.3
0.13202 14907.3
0.13203 14907.3
0.13204 14907.3
0.13205 14907.3
0.13206 14907.3
0.13207 14907.3
0.13208 14907.3
0.13209 14907.3
0.13210 14907.3
0.13211 14907.3
0.13212 14907.3
0.13213 14907.3
0.13214 14907.3
0.13215 14907.3
0.13216 14907.3
0.13217 14907.3
0.13218 14907.3
0.13219 14907.3
0.13220 14907.3
0.13221 14907.3
0.13222 14907.3
0.13223 14907.3
0.13224 14907.3
0.13225 14907.3
0.13226 14907.3
0.13227 14907.3
0.13228 14907.3
0.13229 14907.3
0.13230 14907.3
0.13231 14907.3
0.13232 14907.3
0.13233 14907.3
0.13234 14907.3
0.13235 14907.3
0.13236 14907.3
0.13237 14907.3
0.13238 14907.3
0.13239 14907.3
0.13240 14907.3
0.13241 14907.3
0.13242 14907.3
0.13243 14907.3
0.13244 14907.3
0.13245 14907.3
0.13246 14907.3
0.13247 14907.3
0.13248 14907.3
0.13249 14907.3
0.13250 14907.3
0.13251 14907.3
0.13252 14907.3
0.13253 14907.3
0.13254 14907.3
0.13255 14907.3
0.13256 14907.3
0.13257 14907.3
0.13258 14907.3
0.13259 14907.3
0.13260 14907.3
0.13261 14907.3
0.13262 14907.3
0.13263 14907.3
0.13264 14907.3
0.13265 14907.3
0.13266 14907.3
0.13267 14907.3
0.13268 14907.3
0.13269 14907.3
0.13270 14907.3
0.13271 14907.3
0.13272 14907.3
0.13273 14907.3
0.13274 14907.3
0.13275 14907.3
0.13276 14907.3
0.13277 14907.3
0.13278 14907.3
0.13279 14907.3
0.13280 14907.3
0.13281 14907.3
0.13282 14907.3
0.13283 14907.3
0.13284 14907.3
0.13285 14907.3
0.13286 14907.3
0.13287 14907.3
0.13288 14907.3
0.13289 14907.3
0.13290 14907.3
0.13291 14907.3
0.13292 14907.3
0.13293 14907.3
0.13294 14907.3
0.13295 14907.3
0.13296 14907.3
0.13297 14907.3
0.13298 14907.3
0.13299 14907.3
0.13300 14907.3
0.13301 14907.3
0.13302 14907.3
0.13303 14907.3
0.13304 14907.3
0.13305 14907.3
0.13306 14907.3
0.13307 14907.3
0.13308 14907.3
0.13309 14907.3
0.13310 14907.3
0.13311 14907.3
0.13312 14907.3
0.13313 14907.3
0.13314 14907.3
0.13315 14907.3
0.13316 14907.3
0.13317 14907.3
0.13318 14907.3
0.13319 14907.3
0.13320 14907.3
0.13321 14907.3
0.13322 14907.3
0.13323 14907.3
0.13324 14907.3
0.13325 14907.3
0.13326 14907.3
0.13327 14907.3
0.13328 14907.3
0.13329 14907.3
0.13330 14907.3
0.13331 14907.3
0.13332 14907.3
0.13333 14907.3
0.13334 14907.3
0.13335 14907.3
0.13336 14907.3
0.13337 14907.3
0.13338 14907.3
0.13339 14907.3
0.13340 14907.3
0.13341 14907.3
0.13342 14907.3
0.13343 14907.3
0.13344 14907.3
0.13345 14907.3
0.13346 14907.3
0.13347 14907.3
0.13348 14907.3
0.13349 14907.3
0.13350 14907.3
0.13351 14907.3
0.13352 14907.3
0.13353 14907.3
0.13354 14907.3
0.13355 14907.3
0.13356 14907.3
0.13357 14907.3
0.13358 14907.3
0.13359 14907.3
0.13360 14907.3
0.13361 14907.3
0.13362 14907.3
0.13363 14907.3
0.13364 14907.3
0.13365 14907.3
0.13366 14907.3
0.13367 14907.3
0.13368 14907.3
0.13369 14907.3
0.13370 14907.3
0.13371 14907.3
0.13372 14907.3
0.13373 14907.3
0.13374 14907.3
0.13375 14907.3
0.13376 14907.3
0.13377 14907.3
0.13378 14907.3
0.13379 14907.3
0.13380 14907.3
0.13381 14907.3
0.13382 14907.3
0.13383 14907.3
0.13384 14907.3
0.13385 14907.3
0.13386 14907.3
0.13387 14907.3
0.13388 14907.3
0.13389 14907.3
0.13390 14907.3
0.13391 14907.3
0.13392 14907.3
0.13393 14907.3
0.13394 14907.3
0.13395 14907.3
0.13396 14907.3
0.13397 14907.3
0.13398 14907.3
0.13399 14907.3
0.13400 14907.3
0.13401 14907.3
0.13402 14907.3
0.13403 14907.3
0.13404 14907.3
0.13405 14907.3
0.13406 14907.3
0.13407 14907.3
0.13408 14907.3
0.13409 14907.3
0.13410 14907.3
0.13411 14907.3
0.13412 14907.3
0.13413 14907.3
0.13414 14907.3
0.13415 14907.3
0.13416 14907.3
0.13417 14907.3
0.13418 14907.3
0.13419 14907.3
0.13420 14907.3
0.13421 14907.3
0.13422 14907.3
0.13423 14907.3
0.13424 14907.3
0.13425 14907.3
0.13426 14907.3
0.13427 14907.3
0.13428 14907.3
0.13429 14907.3
0.13430 14907.3
0.13431 14907.3
0.13432 14907.3
0.13433 14907.3
0.13434 14907.3
0.13435 14907.3
0.13436 14907.3
0.13437 14907.3
0.13438 14907.3
0.13439 14907.3
0.13440 14907.3
0.13441 14907.3
0.13442 14907.3
0.13443 14907.3
0.13444 14907.3
0.13445 14907.3
0.13446 14907.3
0.13447 14907.3
0.13448 14907.3
0.13449 14907.3
0.13450 14907.3
0.13451 14907.3
0.13452 14907.3
0.13453 14907.3
0.13454 14907.3
0.13455 14907.3
0.13456 14907.3
0.13457 14907.3
0.13458 14907.3
0.13459 14907.3
0.13460 14907.3
0.13461 14907.3
0.13462 14907.3
0.13463 14907.3
0.13464 14907.3
0.13465 14907.3
0.13466 14907.3
0.13467 14907.3
0.13468 14907.3
0.13469 14907.3
0.13470 14907.3
0.13471 14907.3
0.13472 14907.3
0.13473 14907.3
0.13474 14907.3
0.13475 14907.3
0.13476 14907.3
0.13477 14907.3
0.13478 14907.3
0.13479 14907.3
0.13480 14907.3
0.13481 14907.3
0.13482 14907.3
0.13483 14907.3
0.13484 14907.3
0.13485 14907.3
0.13486 14907.3
0.13487 14907.3
0.13488 14907.3
0.13489 14907.3
0.13490 14907.3
0.13491 14907.3
0.13492 14907.3
0.13493 14907.3
0.13494 14907.3
0.13495 14907.3
0.13496 14907.3
0.13497 14907.3
0.13498 14907.3
0.13499 14907.3
0.13500 14907.3
0.13501 14907.3
0.13502 14907.3
0.13503 14907.3
0.13504 14907.3
0.13505 14907.3
0.13506 14907.3
0.13507 14907.3
0.13508 14907.3
0.13509 14907.3
0.13510 14907.3
0.13511 14907.3
0.13512 14907.3
0.13513 14907.3
0.13514 14907.3
0.13515 14907.3
0.13516 14907.3
0.13517 14907.3
0.13518 14907.3
0.13519 14907.3
0.13520 14907.3
0.13521 14907.3
0.13522 14907.3
0.13523 14907.3
0.13524 14907.3
0.13525 14907.3
0.13526 14907.3
0.13527 14907.3
0.13528 14907.3
0.13529 14907.3
0.13530 14907.3
0.13531 14907.3
0.13532 14907.3
0.13533 14907.3
0.13534 14907.3
0.13535 14907.3
0.13536 14907.3
0.13537 14907.3
0.13538 14907.3
0.13539 14907.3
0.13540 14907.3
0.13541 14907.3
0.13542 14907.3
0.13543 14907.3
0.13544 14907.3
0.13545 14907.3
0.13546 14907.3
0.13547 14907.3
0.13548 14907.3
0.13549 14907.3
0.13550 14907.3
0.13551 14907.3
0.13552 14907.3
0.13553 14907.3
0.13554 14907.3
0.13555 14907.3
0.13556 14907.3
0.13557 14907.3
0.13558 14907.3
0.13559 14907.3
0.13560 14907.3
0.13561 14907.3
0.13562 14907.3
0.13563 14907.3
0.13564 14907.3
0.13565 14907.3
0.13566 14907.3
0.13567 14907.3
0.13568 14907.3
0.13569 14907.3
0.13570 14907.3
0.13571 14907.3
0.13572 14907.3
0.13573 14907.3
0.13574 14907.3
0.13575 14907.3
0.13576 14907.3
0.13577 14907.3
0.13578 14907.3
0.13579 14907.3
0.13580 14907.3
0.13581 14907.3
0.13582 14907.3
0.13583 14907.3
0.13584 14907.3
0.13585 14907.3
0.13586 14907.3
0.13587 14907.3
0.13588 14907.3
0.13589 14907.3
0.13590 14907.3
0.13591 14907.3
0.13592 14907.3
0.13593 14907.3
0.13594 14907.3
0.13595 14907.3
0.13596 14907.3
0.13597 14907.3
0.13598 14907.3
0.13599 14907.3
0.13600 14907.3
0.13601 14907.3
0.13602 14907.3
0.13603 14907.3
0.13604 14907.3
0.13605 14907.3
0.13606 14907.3
0.13607 14907.3
0.13608 14907.3
0.13609 14907.3
0.13610 14907.3
0.13611 14907.3
0.13612 14907.3
0.13613 14907.3
0.13614 14907.3
0.13615 14907.3
0.13616 14907.3
0.13617 14907.3
0.13618 14907.3
0.13619 14907.3
0.13620 14907.3
0.13621 14907.3
0.13622 14907.3
0.13623 14907.3
0.13624 14907.3
0.13625 14907.3
0.13626 14907.3
0.13627 14907.3
0.13628 14907.3
0.13629 14907.3
0.13630 14907.3
0.13631 14907.3
0.13632 14907.3
0.13633 14907.3
0.13634 14907.3
0.13635 14907.3
0.13636 14907.3
0.13637 14907.3
0.13638 14907.3
0.13639 14907.3
0.13640 14907.3
0.13641 14907.3
0.13642 14907.3
0.13643 14907.3
0.13644 14907.3
0.13645 14907.3
0.13646 14907.3
0.13647 14907.3
0.13648 14907.3
0.13649 14907.3
0.13650 14907.3
0.13651 14907.3
0.13652 14907.3
0.13653 14907.3
0.13654 14907.3
0.13655 14907.3
0.13656 14907.3
0.13657 14907.3
0.13658 14907.3
0.13659 14907.3
0.13660 14907.3
0.13661 14907.3
0.13662 14907.3
0.13663 14907.3
0.13664 14907.3
0.13665 14907.3
0.13666 14907.3
0.13667 14907.3
0.13668 14907.3
0.13669 14907.3
0.13670 14907.3
0.13671 14907.3
0.13672 14907.3
0.13673 14907.3
0.13674 14907.3
0.13675 14907.3
0.13676 14907.3
0.13677 14907.3
0.13678 14907.3
0.13679 14907.3
0.13680 14907.3
0.13681 14907.3
0.13682 14907.3
0.13683 14907.3
0.13684 14907.3
0.13685 14907.3
0.13686 14907.3
0.13687 14907.3
0.13688 14907.3
0.13689 14907.3
0.13690 14907.3
0.13691 14907.3
0.13692 14907.3
0.13693 14907.3
0.13694 14907.3
0.13695 14907.3
0.13696 14907.3
0.13697 14907.3
0.13698 14907.3
0.13699 14907.3
0.13700 14907.3
0.13701 14907.3
0.13702 14907.3
0.13703 14907.3
0.13704 14907.3
0.13705 14907.3
0.13706 14907.3
0.13707 14907.3
0.13708 14907.3
0.13709 14907.3
0.13710 14907.3
0.13711 14907.3
0.13712 14907.3
0.13713 14907.3
0.13714 14907.3
0.13715 14907.3
0.13716 14907.3
0.13717 14907.3
0.13718 14907.3
0.13719 14907.3
0.13720 14907.3
0.13721 14907.3
0.13722 14907.3
0.13723 14907.3
0.13724 14907.3
0.13725 14907.3
0.13726 14907.3
0.13727 14907.3
0.13728 14907.3
0.13729 14907.3
0.13730 14907.3
0.13731 14907.3
0.13732 14907.3
0.13733 14907.3
0.13734 14907.3
0.13735 14907.3
0.13736 14907.3
0.13737 14907.3
0.13738 14907.3
0.13739 14907.3
0.13740 14907.3
0.13741 14907.3
0.13742 14907.3
0.13743 14907.3
0.13744 14907.3
0.13745 14907.3
0.13746 14907.3
0.13747 14907.3
0.13748 14907.3
0.13749 14907.3
0.13750 14907.3
0.13751 14907.3
0.13752 14907.3
0.13753 14907.3
0.13754 14907.3
0.13755 14907.3
0.13756 14907.3
0.13757 14907.3
0.13758 14907.3
0.13759 14907.3
0.13760 14907.3
0.13761 14907.3
0.13762 14907.3
0.13763 14907.3
0.13764 14907.3
0.13765 14907.3
0.13766 14907.3
0.13767 14907.3
0.13768 14907.3
0.13769 14907.3
0.13770 14907.3
0.13771 14907.3
0.13772 14907.3
0.13773 14907.3
0.13774 14907.3
0.13775 14907.3
0.13776 14907.3
0.13777 14907.3
0.13778 14907.3
0.13779 14907.3
0.13780 14907.3
0.13781 14907.3
0.13782 14907.3
0.13783 14907.3
0.13784 14907.3
0.13785 14907.3
0.13786 14907.3
0.13787 14907.3
0.13788 14907.3
0.13789 14907.3
0.13790 14907.3
0.13791 14907.3
0.13792 14907.3
0.13793 14907.3
0.13794 14907.3
0.13795 14907.3
0.13796 14907.3
0.13797 14907.3
0.13798 14907.3
0.13799 14907.3
0.13800 14907.3
0.13801 14907.3
0.13802 14907.3
0.13803 14907.3
0.13804 14907.3
0.13805 14907.3
0.13806 14907.3
0.13807 14907.3
0.13808 14907.3
0.13809 14907.3
0.13810 14907.3
0.13811 14907.3
0.13812 14907.3
0.13813 14907.3
0.13814 14907.3
0.13815 14907.3
0.13816 14907.3
0.13817 14907.3
0.13818 14907.3
0.13819 14907.3
0.13820 14907.3
0.13821 14907.3
0.13822 14907.3
0.13823 14907.3
0.13824 14907.3
0.13825 14907.3
0.13826 14907.3
0.13827 14907.3
0.13828 14907.3
0.13829 14907.3
0.13830 14907.3
0.13831 14907.3
0.13832 14907.3
0.13833 14907.3
0.13834 14907.3
0.13835 14907.3
0.13836 14907.3
0.13837 14907.3
0.13838 14907.3
0.13839 14907.3
0.13840 14907.3
0.13841 14907.3
0.13842 14907.3
0.13843 14907.3
0.13844 14907.3
0.13845 14907.3
0.13846 14907.3
0.13847 14907.3
0.13848 14907.3
0.13849 14907.3
0.13850 14907.3
0.13851 14907.3
0.13852 14907.3
0.13853 14907.3
0.13854 14907.3
0.13855 14907.3
0.13856 14907.3
0.13857 14907.3
0.13858 14907.3
0.13859 14907.3
0.13860 14907.3
0.13861 14907.3
0.13862 14907.3
0.13863 14907.3
0.13864 14907.3
0.13865 14907.3
0.13866 14907.3
0.13867 14907.3
0.13868 14907.3
0.13869 14907.3
0.13870 14907.3
0.13871 14907.3
0.13872 14907.3
0.13873 14907.3
0.13874 14907.3
0.13875 14907.3
0.13876 14907.3
0.13877 14907.3
0.13878 14907.3
0.13879 14907.3
0.13880 14907.3
0.13881 14907.3
0.13882 14907.3
0.13883 14907.3
0.13884 14907.3
0.13885 14907.3
0.13886 14907.3
0.13887 14907.3
0.13888 14907.3
0.13889 14907.3
0.13890 14907.3
0.13891 14907.3
0.13892 14907.3
0.13893 14907.3
0.13894 14907.3
0.13895 14907.3
0.13896 14907.3
0.13897 14907.3
0.13898 14907.3
0.13899 14907.3
0.13900 14907.3
0.13901 14907.3
0.13902 14907.3
0.13903 14907.3
0.13904 14907.3
0.13905 14907.3
0.13906 14907.3
0.13907 14907.3
0.13908 14907.3
0.13909 14907.3
0.13910 14907.3
0.13911 14907.3
0.13912 14907.3
0.13913 14907.3
0.13914 14907.3
0.13915 14907.3
0.13916 14907.3
0.13917 14907.3
0.13918 14907.3
0.13919 14907.3
0.13920 14907.3
0.13921 14907.3
0.13922 14907.3
0.13923 14907.3
0.13924 14907.3
0.13925 14907.3
0.13926 14907.3
0.13927 14907.3
0.13928 14907.3
0.13929 14907.3
0.13930 14907.3
0.13931 14907.3
0.13932 14907.3
0.13933 14907.3
0.13934 14907.3
0.13935 14907.3
0.13936 14907.3
0.13937 14907.3
0.13938 14907.3
0.13939 14907.3
0.13940 14907.3
0.13941 14907.3
0.13942 14907.3
0.13943 14907.3
0.13944 14907.3
0.13945 14907.3
0.13946 14907.3
0.13947 14907.3
0.13948 14907.3
0.13949 14907.3
0.13950 14907.3
0.13951 14907.3
0.13952 14907.3
0.13953 14907.3
0.13954 14907.3
0.13955 14907.3
0.13956 14907.3
0.13957 14907.3
0.13958 14907.3
0.13959 14907.3
0.13960 14907.3
0.13961 14907.3
0.13962 14907.3
0.13963 14907.3
0.13964 14907.3
0.13965 14907.3
0.13966 14907.3
0.13967 14907.3
0.13968 14907.3
0.13969 14907.3
0.13970 14907.3
0.13971 14907.3
0.13972 14907.3
0.13973 14907.3
0.13974 14907.3
0.13975 14907.3
0.13976 14907.3
0.13977 14907.3
0.13978 14907.3
0.13979 14907.3
0.13980 14907.3
0.13981 14907.3
0.13982 14907.3
0.13983 14907.3
0.13984 14907.3
0.13985 14907.3
0.13986 14907.3
0.13987 14907.3
0.13988 14907.3
0.13989 14907.3
0.13990 14907.3
0.13991 14907.3
0.13992 14907.3
0.13993 14907.3
0.13994 14907.3
0.13995 14907.3
0.13996 14907.3
0.13997 14907.3
0.13998 14907.3
0.13999 14907.3
0.14000 14907.3
0.14001 14907.3
0.14002 14907.3
0.14003 14907.3
0.14004 14907.3
0.14005 14907.3
0.14006 14907.3
0.14007 14907.3
0.14008 14907.3
0.14009 14907.3
0.14010 14907.3
0.14011 14907.3
0.14012 14907.3
0.14013 14907.3
0.14014 14907.3
0.14015 14907.3
0.14016 14907.3
0.14017 14907.3
0.14018 14907.3
0.14019 14907.3
0.14020 14907.3
0.14021 14907.3
0.14022 14907.3
0.14023 14907.3
0.14024 14907.3
0.14025 14907.3
0.14026 14907.3
0.14027 14907.3
0.14028 14907.3
0.14029 14907.3
0.14030 14907.3
0.14031 14907.3
0.14032 14907.3
0.14033 14907.3
0.14034 14907.3
0.14035 14907.3
0.14036 14907.3
0.14037 14907.3
0.14038 14907.3
0.14039 14907.3
0.14040 14907.3
0.14041 14907.3
0.14042 14907.3
0.14043 14907.3
0.14044 14907.3
0.14045 14907.3
0.14046 14907.3
0.14047 14907.3
0.14048 14907.3
0.14049 14907.3
0.14050 14907.3
0.14051 14907.3
0.14052 14907.3
0.14053 14907.3
0.14054 14907.3
0.14055 14907.3
0.14056 14907.3
0.14057 14907.3
0.14058 14907.3
0.14059 14907.3
0.14060 14907.3
0.14061 14907.3
0.14062 14907.3
0.14063 14907.3
0.14064 14907.3
0.14065 14907.3
0.14066 14907.3
0.14067 14907.3
0.14068 14907.3
0.14069 14907.3
0.14070 14907.3
0.14071 14907.3
0.14072 14907.3
0.14073 14907.3
0.14074 14907.3
0.14075 14907.3
0.14076 14907.3
0.14077 14907.3
0.14078 14907.3
0.14079 14907.3
0.14080 14907.3
0.14081 14907.3
0.14082 14907.3
0.14083 14907.3
0.14084 14907.3
0.14085 14907.3
0.14086 14907.3
0.14087 14907.3
0.14088 14907.3
0.14089 14907.3
0.14090 14907.3
0.14091 14907.3
0.14092 14907.3
0.14093 14907.3
0.14094 14907.3
0.14095 14907.3
0.14096 14907.3
0.14097 14907.3
0.14098 14907.3
0.14099 14907.3
0.14100 14907.3
0.14101 14907.3
0.14102 14907.3
0.14103 14907.3
0.14104 14907.3
0.14105 14907.3
0.14106 14907.3
0.14107 14907.3
0.14108 14907.3
0.14109 14907.3
0.14110 14907.3
0.14111 14907.3
0.14112 14907.3
0.14113 14907.3
0.14114 14907.3
0.14115 14907.3
0.14116 14907.3
0.14117 14907.3
0.14118 14907.3
0.14119 14907.3
0.14120 14907.3
0.14121 14907.3
0.14122 14907.3
0.14123 14907.3
0.14124 14907.3
0.14125 14907.3
0.14126 14907.3
0.14127 14907.3
0.14128 14907.3
0.14129 14907.3
0.14130 14907.3
0.14131 14907.3
0.14132 14907.3
0.14133 14907.3
0.14134 14907.3
0.14135 14907.3
0.14136 14907.3
0.14137 14907.3
0.14138 14907.3
0.14139 14907.3
0.14140 14907.3
0.14141 14907.3
0.14142 14907.3
0.14143 14907.3
0.14144 14907.3
0.14145 14907.3
0.14146 14907.3
0.14147 14907.3
0.14148 14907.3
0.14149 14907.3
0.14150 14907.3
0.14151 14907.3
0.14152 14907.3
0.14153 14907.3
0.14154 14907.3
0.14155 14907.3
0.14156 14907.3
0.14157 14907.3
0.14158 14907.3
0.14159 14907.3
0.14160 14907.3
0.14161 14907.3
0.14162 14907.3
0.14163 14907.3
0.14164 14907.3
0.14165 14907.3
0.14166 14907.3
0.14167 14907.3
0.14168 14907.3
0.14169 14907.3
0.14170 14907.3
0.14171 14907.3
0.14172 14907.3
0.14173 14907.3
0.14174 14907.3
0.14175 14907.3
0.14176 14907.3
0.14177 14907.3
0.14178 14907.3
0.14179 14907.3
0.14180 14907.3
0.14181 14907.3
0.14182 14907.3
0.14183 14907.3
0.14184 14907.3
0.14185 14907.3
0.14186 14907.3
0.14187 14907.3
0.14188 14907.3
0.14189 14907.3
0.14190 14907.3
0.14191 14907.3
0.14192 14907.3
0.14193 14907.3
0.14194 14907.3
0.14195 14907.3
0.14196 14907.3
0.14197 14907.3
0.14198 14907.3
0.14199 14907.3
0.14200 14907.3
0.14201 14907.3
0.14202 14907.3
0.14203 14907.3
0.14204 14907.3
0.14205 14907.3
0.14206 14907.3
0.14207 14907.3
0.14208 14907.3
0.14209 14907.3
0.14210 14907.3
0.14211 14907.3
0.14212 14907.3
0.14213 14907.3
0.14214 14907.3
0.14215 14907.3
0.14216 14907.3
0.14217 14907.3
0.14218 14907.3
0.14219 14907.3
0.14220 14907.3
0.14221 14907.3
0.14222 14907.3
0.14223 14907.3
0.14224 14907.3
0.14225 14907.3
0.14226 14907.3
0.14227 14907.3
0.14228 14907.3
0.14229 14907.3
0.14230 14907.3
0.14231 14907.3
0.14232 14907.3
0.14233 14907.3
0.14234 14907.3
0.14235 14907.3
0.14236 14907.3
0.14237 14907.3
0.14238 14907.3
0.14239 14907.3
0.14240 14907.3
0.14241 14907.3
0.14242 14907.3
0.14243 14907.3
0.14244 14907.3
0.14245 14907.3
0.14246 14907.3
0.14247 14907.3
0.14248 14907.3
0.14249 14907.3
0.14250 14907.3
0.14251 14907.3
0.14252 14907.3
0.14253 14907.3
0.14254 14907.3
0.14255 14907.3
0.14256 14907.3
0.14257 14907.3
0.14258 14907.3
0.14259 14907.3
0.14260 14907.3
0.14261 14907.3
0.14262 14907.3
0.14263 14907.3
0.14264 14907.3
0.14265 14907.3
0.14266 14907.3
0.14267 14907.3
0.14268 14907.3
0.14269 14907.3
0.14270 14907.3
0.14271 14907.3
0.14272 14907.3
0.14273 14907.3
0.14274 14907.3
0.14275 14907.3
0.14276 14907.3
0.14277 14907.3
0.14278 14907.3
0.14279 14907.3
0.14280 14907.3
0.14281 14907.3
0.14282 14907.3
0.14283 14907.3
0.14284 14907.3
0.14285 14907.3
0.14286 14907.3
0.14287 14907.3
0.14288 14907.3
0.14289 14907.3
0.14290 14907.3
0.14291 14907.3
0.14292 14907.3
0.14293 14907.3
0.14294 14907.3
0.14295 14907.3
0.14296 14907.3
0.14297 14907.3
0.14298 14907.3
0.14299 14907.3
0.14300 14907.3
0.14301 14907.3
0.14302 14907.3
0.14303 14907.3
0.14304 14907.3
0.14305 14907.3
0.14306 14907.3
0.14307 14907.3
0.14308 14907.3
0.14309 14907.3
0.14310 14907.3
0.14311 14907.3
0.14312 14907.3
0.14313 14907.3
0.14314 14907.3
0.14315 14907.3
0.14316 14907.3
0.14317 14907.3
0.14318 14907.3
0.14319 14907.3
0.14320 14907.3
0.14321 14907.3
0.14322 14907.3
0.14323 14907.3
0.14324 14907.3
0.14325 14907.3
0.14326 14907.3
0.14327 14907.3
0.14328 14907.3
0.14329 14907.3
0.14330 14907.3
0.14331 14907.3
0.14332 14907.3
0.14333 14907.3
0.14334 14907.3
0.14335 14907.3
0.14336 14907.3
0.14337 14907.3
0.14338 14907.3
0.14339 14907.3
0.14340 14907.3
0.14341 14907.3
0.14342 14907.3
0.14343 14907.3
0.14344 14907.3
0.14345 14907.3
0.14346 14907.3
0.14347 14907.3
0.14348 14907.3
0.14349 14907.3
0.14350 14907.3
0.14351 14907.3
0.14352 14907.3
0.14353 14907.3
0.14354 14907.3
0.14355 14907.3
0.14356 14907.3
0.14357 14907.3
0.14358 14907.3
0.14359 14907.3
0.14360 14907.3
0.14361 14907.3
0.14362 14907.3
0.14363 14907.3
0.14364 14907.3
0.14365 14907.3
0.14366 14907.3
0.14367 14907.3
0.14368 14907.3
0.14369 14907.3
0.14370 14907.3
0.14371 14907.3
0.14372 14907.3
0.14373 14907.3
0.14374 14907.3
0.14375 14907.3
0.14376 14907.3
0.14377 14907.3
0.14378 14907.3
0.14379 14907.3
0.14380 14907.3
0.14381 14907.3
0.14382 14907.3
0.14383 14907.3
0.14384 14907.3
0.14385 14907.3
0.14386 14907.3
0.14387 14907.3
0.14388 14907.3
0.14389 14907.3
0.14390 14907.3
0.14391 14907.3
0.14392 14907.3
0.14393 14907.3
0.14394 14907.3
0.14395 14907.3
0.14396 14907.3
0.14397 14907.3
0.14398 14907.3
0.14399 14907.3
0.14400 14907.3
0.14401 14907.3
0.14402 14907.3
0.14403 14907.3
0.14404 14907.3
0.14405 14907.3
0.14406 14907.3
0.14407 14907.3
0.14408 14907.3
0.14409 14907.3
0.14410 14907.3
0.14411 14907.3
0.14412 14907.3
0.14413 14907.3
0.14414 14907.3
0.14415 14907.3
0.14416 14907.3
0.14417 14907.3
0.14418 14907.3
0.14419 14907.3
0.14420 14907.3
0.14421 14907.3
0.14422 14907.3
0.14423 14907.3
0.14424 14907.3
0.14425 14907.3
0.14426 14907.3
0.14427 14907.3
0.14428 14907.3
0.14429 14907.3
0.14430 14907.3
0.14431 14907.3
0.14432 14907.3
0.14433 14907.3
0.14434 14907.3
0.14435 14907.3
0.14436 14907.3
0.14437 14907.3
0.14438 14907.3
0.14439 14907.3
0.14440 14907.3
0.14441 14907.3
0.14442 14907.3
0.14443 14907.3
0.14444 14907.3
0.14445 14907.3
0.14446 14907.3
0.14447 14907.3
0.14448 14907.3
0.14449 14907.3
0.14450 14907.3
0.14451 14907.3
0.14452 14907.3
0.14453 14907.3
0.14454 14907.3
0.14455 14907.3
0.14456 14907.3
0.14457 14907.3
0.14458 14907.3
0.14459 14907.3
0.14460 14907.3
0.14461 14907.3
0.14462 14907.3
0.14463 14907.3
0.14464 14907.3
0.14465 14907.3
0.14466 14907.3
0.14467 14907.3
0.14468 14907.3
0.14469 14907.3
0.14470 14907.3
0.14471 14907.3
0.14472 14907.3
0.14473 14907.3
0.14474 14907.3
0.14475 14907.3
0.14476 14907.3
0.14477 14907.3
0.14478 14907.3
0.14479 14907.3
0.14480 14907.3
0.14481 14907.3
0.14482 14907.3
0.14483 14907.3
0.14484 14907.3
0.14485 14907.3
0.14486 14907.3
0.14487 14907.3
0.14488 14907.3
0.14489 14907.3
0.14490 14907.3
0.14491 14907.3
0.14492 14907.3
0.14493 14907.3
0.14494 14907.3
0.14495 14907.3
0.14496 14907.3
0.14497 14907.3
0.14498 14907.3
0.14499 14907.3
0.14500 14907.3
0.14501 14907.3
0.14502 14907.3
0.14503 14907.3
0.14504 14907.3
0.14505 14907.3
0.14506 14907.3
0.14507 14907.3
0.14508 14907.3
0.14509 14907.3
0.14510 14907.3
0.14511 14907.3
0.14512 14907.3
0.14513 14907.3
0.14514 14907.3
0.14515 14907.3
0.14516 14907.3
0.14517 14907.3
0.14518 14907.3
0.14519 14907.3
0.14520 14907.3
0.14521 14907.3
0.14522 14907.3
0.14523 14907.3
0.14524 14907.3
0.14525 14907.3
0.14526 14907.3
0.14527 14907.3
0.14528 14907.3
0.14529 14907.3
0.14530 14907.3
0.14531 14907.3
0.14532 14907.3
0.14533 14907.3
0.14534 14907.3
0.14535 14907.3
0.14536 14907.3
0.14537 14907.3
0.14538 14907.3
0.14539 14907.3
0.14540 14907.3
0.14541 14907.3
0.14542 14907.3
0.14543 14907.3
0.14544 14907.3
0.14545 14907.3
0.14546 14907.3
0.14547 14907.3
0.14548 14907.3
0.14549 14907.3
0.14550 14907.3
0.14551 14907.3
0.14552 14907.3
0.14553 14907.3
0.14554 14907.3
0.14555 14907.3
0.14556 14907.3
0.14557 14907.3
0.14558 14907.3
0.14559 14907.3
0.14560 14907.3
0.14561 14907.3
0.14562 14907.3
0.14563 14907.3
0.14564 14907.3
0.14565 14907.3
0.14566 14907.3
0.14567 14907.3
0.14568 14907.3
0.14569 14907.3
0.14570 14907.3
0.14571 14907.3
0.14572 14907.3
0.14573 14907.3
0.14574 14907.3
0.14575 14907.3
0.14576 14907.3
0.14577 14907.3
0.14578 14907.3
0.14579 14907.3
0.14580 14907.3
0.14581 14907.3
0.14582 14907.3
0.14583 14907.3
0.14584 14907.3
0.14585 14907.3
0.14586 14907.3
0.14587 14907.3
0.14588 14907.3
0.14589 14907.3
0.14590 14907.3
0.14591 14907.3
0.14592 14907.3
0.14593 14907.3
0.14594 14907.3
0.14595 14907.3
0.14596 14907.3
0.14597 14907.3
0.14598 14907.3
0.14599 14907.3
0.14600 14907.3
0.14601 14907.3
0.14602 14907.3
0.14603 14907.3
0.14604 14907.3
0.14605 14907.3
0.14606 14907.3
0.14607 14907.3
0.14608 14907.3
0.14609 14907.3
0.14610 14907.3
0.14611 14907.3
0.14612 14907.3
0.14613 14907.3
0.14614 14907.3
0.14615 14907.3
0.14616 14907.3
0.14617 14907.3
0.14618 14907.3
0.14619 14907.3
0.14620 14907.3
0.14621 14907.3
0.14622 14907.3
0.14623 14907.3
0.14624 14907.3
0.14625 14907.3
0.14626 14907.3
0.14627 14907.3
0.14628 14907.3
0.14629 14907.3
0.14630 14907.3
0.14631 14907.3
0.14632 14907.3
0.14633 14907.3
0.14634 14907.3
0.14635 14907.3
0.14636 14907.3
0.14637 14907.3
0.14638 14907.3
0.14639 14907.3
0.14640 14907.3
0.14641 14907.3
0.14642 14907.3
0.14643 14907.3
0.14644 14907.3
0.14645 14907.3
0.14646 14907.3
0.14647 14907.3
0.14648 14907.3
0.14649 14907.3
0.14650 14907.3
0.14651 14907.3
0.14652 14907.3
0.14653 14907.3
0.14654 14907.3
0.14655 14907.3
0.14656 14907.3
0.14657 14907.3
0.14658 14907.3
0.14659 14907.3
0.14660 14907.3
0.14661 14907.3
0.14662 14907.3
0.14663 14907.3
0.14664 14907.3
0.14665 14907.3
0.14666 14907.3
0.14667 14907.3
0.14668 14907.3
0.14669 14907.3
0.14670 14907.3
0.14671 14907.3
0.14672 14907.3
0.14673 14907.3
0.14674 14907.3
0.14675 14907.3
0.14676 14907.3
0.14677 14907.3
0.14678 14907.3
0.14679 14907.3
0.14680 14907.3
0.14681 14907.3
0.14682 14907.3
0.14683 14907.3
0.14684 14907.3
0.14685 14907.3
0.14686 14907.3
0.14687 14907.3
0.14688 14907.3
0.14689 14907.3
0.14690 14907.3
0.14691 14907.3
0.14692 14907.3
0.14693 14907.3
0.14694 14907.3
0.14695 14907.3
0.14696 14907.3
0.14697 14907.3
0.14698 14907.3
0.14699 14907.3
0.14700 14907.3
0.14701 14907.3
0.14702 14907.3
0.14703 14907.3
0.14704 14907.3
0.14705 14907.3
0.14706 14907.3
0.14707 14907.3
0.14708 14907.3
0.14709 14907.3
0.14710 14907.3
0.14711 14907.3
0.14712 14907.3
0.14713 14907.3
0.14714 14907.3
0.14715 14907.3
0.14716 14907.3
0.14717 14907.3
0.14718 14907.3
0.14719 14907.3
0.14720 14907.3
0.14721 14907.3
0.14722 14907.3
0.14723 14907.3
0.14724 14907.3
0.14725 14907.3
0.14726 14907.3
0.14727 14907.3
0.14728 14907.3
0.14729 14907.3
0.14730 14907.3
0.14731 14907.3
0.14732 14907.3
0.14733 14907.3
0.14734 14907.3
0.14735 14907.3
0.14736 14907.3
0.14737 14907.3
0.14738 14907.3
0.14739 14907.3
0.14740 14907.3
0.14741 14907.3
0.14742 14907.3
0.14743 14907.3
0.14744 14907.3
0.14745 14907.3
0.14746 14907.3
0.14747 14907.3
0.14748 14907.3
0.14749 14907.3
0.14750 14907.3
0.14751 14907.3
0.14752 14907.3
0.14753 14907.3
0.14754 14907.3
0.14755 14907.3
0.14756 14907.3
0.14757 14907.3
0.14758 14907.3
0.14759 14907.3
0.14760 14907.3
0.14761 14907.3
0.14762 14907.3
0.14763 14907.3
0.14764 14907.3
0.14765 14907.3
0.14766 14907.3
0.14767 14907.3
0.14768 14907.3
0.14769 14907.3
0.14770 14907.3
0.14771 14907.3
0.14772 14907.3
0.14773 14907.3
0.14774 14907.3
0.14775 14907.3
0.14776 14907.3
0.14777 14907.3
0.14778 14907.3
0.14779 14907.3
0.14780 14907.3
0.14781 14907.3
0.14782 14907.3
0.14783 14907.3
0.14784 14907.3
0.14785 14907.3
0.14786 14907.3
0.14787 14907.3
0.14788 14907.3
0.14789 14907.3
0.14790 14907.3
0.14791 14907.3
0.14792 14907.3
0.14793 14907.3
0.14794 14907.3
0.14795 14907.3
0.14796 14907.3
0.14797 14907.3
0.14798 14907.3
0.14799 14907.3
0.14800 14907.3
0.14801 14907.3
0.14802 14907.3
0.14803 14907.3
0.14804 14907.3
0.14805 14907.3
0.14806 14907.3
0.14807 14907.3
0.14808 14907.3
0.14809 14907.3
0.14810 14907.3
0.14811 14907.3
0.14812 14907.3
0.14813 14907.3
0.14814 14907.3
0.14815 14907.3
0.14816 14907.3
0.14817 14907.3
0.14818 14907.3
0.14819 14907.3
0.14820 14907.3
0.14821 14907.3
0.14822 14907.3
0.14823 14907.3
0.14824 14907.3
0.14825 14907.3
0.14826 14907.3
0.14827 14907.3
0.14828 14907.3
0.14829 14907.3
0.14830 14907.3
0.14831 14907.3
0.14832 14907.3
0.14833 14907.3
0.14834 14907.3
0.14835 14907.3
0.14836 14907.3
0.14837 14907.3
0.14838 14907.3
0.14839 14907.3
0.14840 14907.3
0.14841 14907.3
0.14842 14907.3
0.14843 14907.3
0.14844 14907.3
0.14845 14907.3
0.14846 14907.3
0.14847 14907.3
0.14848 14907.3
0.14849 14907.3
0.14850 14907.3
0.14851 14907.3
0.14852 14907.3
0.14853 14907.3
0.14854 14907.3
0.14855 14907.3
0.14856 14907.3
0.14857 14907.3
0.14858 14907.3
0.14859 14907.3
0.14860 14907.3
0.14861 14907.3
0.14862 14907.3
0.14863 14907.3
0.14864 14907.3
0.14865 14907.3
0.14866 14907.3
0.14867 14907.3
0.14868 14907.3
0.14869 14907.3
0.14870 14907.3
0.14871 14907.3
0.14872 14907.3
0.14873 14907.3
0.14874 14907.3
0.14875 14907.3
0.14876 14907.3
0.14877 14907.3
0.14878 14907.3
0.14879 14907.3
0.14880 14907.3
0.14881 14907.3
0.14882 14907.3
0.14883 14907.3
0.14884 14907.3
0.14885 14907.3
0.14886 14907.3
0.14887 14907.3
0.14888 14907.3
0.14889 14907.3
0.14890 14907.3
0.14891 14907.3
0.14892 14907.3
0.14893 14907.3
0.14894 14907.3
0.14895 14907.3
0.14896 14907.3
0.14897 14907.3
0.14898 14907.3
0.14899 14907.3
0.14900 14907.3
0.14901 14907.3
0.14902 14907.3
0.14903 14907.3
0.14904 14907.3
0.14905 14907.3
0.14906 14907.3
0.14907 14907.3
0.14908 14907.3
0.14909 14907.3
0.14910 14907.3
0.14911 14907.3
0.14912 14907.3
0.14913 14907.3
0.14914 14907.3
0.14915 14907.3
0.14916 14907.3
0.14917 14907.3
0.14918 14907.3
0.14919 14907.3
0.14920 14907.3
0.14921 14907.3
0.14922 14907.3
0.14923 14907.3
0.14924 14907.3
0.14925 14907.3
0.14926 14907.3
0.14927 14907.3
0.14928 14907.3
0.14929 14907.3
0.14930 14907.3
0.14931 14907.3
0.14932 14907.3
0.14933 14907.3
0.14934 14907.3
0.14935 14907.3
0.14936 14907.3
0.14937 14907.3
0.14938 14907.3
0.14939 14907.3
0.14940 14907.3
0.14941 14907.3
0.14942 14907.3
0.14943 14907.3
0.14944 14907.3
0.14945 14907.3
0.14946 14907.3
0.14947 14907.3
0.14948 14907.3
0.14949 14907.3
0.14950 14907.3
0.14951 14907.3
0.14952 14907.3
0.14953 14907.3
0.14954 14907.3
0.14955 14907.3
0.14956 14907.3
0.14957 14907.3
0.14958 14907.3
0.14959 14907.3
0.14960 14907.3
0.14961 14907.3
0.14962 14907.3
0.14963 14907.3
0.14964 14907.3
0.14965 14907.3
0.14966 14907.3
0.14967 14907.3
0.14968 14907.3
0.14969 14907.3
0.14970 14907.3
0.14971 14907.3
0.14972 14907.3
0.14973 14907.3
0.14974 14907.3
0.14975 14907.3
0.14976 14907.3
0.14977 14907.3
0.14978 14907.3
0.14979 14907.3
0.14980 14907.3
0.14981 14907.3
0.14982 14907.3
0.14983 14907.3
0.14984 14907.3
0.14985 14907.3
0.14986 14907.3
0.14987 14907.3
0.14988 14907.3
0.14989 14907.3
0.14990 14907.3
0.14991 14907.3
0.14992 14907.3
0.14993 14907.3
0.14994 14907.3
0.14995 14907.3
0.14996 14907.3
0.14997 14907.3
0.14998 14907.3
0.14999 14907.3
0.15000 14907.3
0.15001 14907.3
0.15002 14907.3
0.15003 14907.3
0.15004 14907.3
0.15005 14907.3
0.15006 14907.3
0.15007 14907.3
0.15008 14907.3
0.15009 14907.3
0.15010 14907.3
0.15011 14907.3
0.15012 14907.3
0.15013 14907.3
0.15014 14907.3
0.15015 14907.3
0.15016 14907.3
0.15017 14907.3
0.15018 14907.3
0.15019 14907.3
0.15020 14907.3
0.15021 14907.3
0.15022 14907.3
0.15023 14907.3
0.15024 14907.3
0.15025 14907.3
0.15026 14907.3
0.15027 14907.3
0.15028 14907.3
0.15029 14907.3
0.15030 14907.3
0.15031 14907.3
0.15032 14907.3
0.15033 14907.3
0.15034 14907.3
0.15035 14907.3
0.15036 14907.3
0.15037 14907.3
0.15038 14907.3
0.15039 14907.3
0.15040 14907.3
0.15041 14907.3
0.15042 14907.3
0.15043 14907.3
0.15044 14907.3
0.15045 14907.3
0.15046 14907.3
0.15047 14907.3
0.15048 14907.3
0.15049 14907.3
0.15050 14907.3
0.15051 14907.3
0.15052 14907.3
0.15053 14907.3
0.15054 14907.3
0.15055 14907.3
0.15056 14907.3
0.15057 14907.3
0.15058 14907.3
0.15059 14907.3
0.15060 14907.3
0.15061 14907.3
0.15062 14907.3
0.15063 14907.3
0.15064 14907.3
0.15065 14907.3
0.15066 14907.3
0.15067 14907.3
0.15068 14907.3
0.15069 14907.3
0.15070 14907.3
0.15071 14907.3
0.15072 14907.3
0.15073 14907.3
0.15074 14907.3
0.15075 14907.3
0.15076 14907.3
0.15077 14907.3
0.15078 14907.3
0.15079 14907.3
0.15080 14907.3
0.15081 14907.3
0.15082 14907.3
0.15083 14907.3
0.15084 14907.3
0.15085 14907.3
0.15086 14907.3
0.15087 14907.3
0.15088 14907.3
0.15089 14907.3
0.15090 14907.3
0.15091 14907.3
0.15092 14907.3
0.15093 14907.3
0.15094 14907.3
0.15095 14907.3
0.15096 14907.3
0.15097 14907.3
0.15098 14907.3
0.15099 14907.3
0.15100 14907.3
0.15101 14907.3
0.15102 14907.3
0.15103 14907.3
0.15104 14907.3
0.15105 14907.3
0.15106 14907.3
0.15107 14907.3
0.15108 14907.3
0.15109 14907.3
0.15110 14907.3
0.15111 14907.3
0.15112 14907.3
0.15113 14907.3
0.15114 14907.3
0.15115 14907.3
0.15116 14907.3
0.15117 14907.3
0.15118 14907.3
0.15119 14907.3
0.15120 14907.3
0.15121 14907.3
0.15122 14907.3
0.15123 14907.3
0.15124 14907.3
0.15125 14907.3
0.15126 14907.3
0.15127 14907.3
0.15128 14907.3
0.15129 14907.3
0.15130 14907.3
0.15131 14907.3
0.15132 14907.3
0.15133 14907.3
0.15134 14907.3
0.15135 14907.3
0.15136 14907.3
0.15137 14907.3
0.15138 14907.3
0.15139 14907.3
0.15140 14907.3
0.15141 14907.3
0.15142 14907.3
0.15143 14907.3
0.15144 14907.3
0.15145 14907.3
0.15146 14907.3
0.15147 14907.3
0.15148 14907.3
0.15149 14907.3
0.15150 14907.3
0.15151 14907.3
0.15152 14907.3
0.15153 14907.3
0.15154 14907.3
0.15155 14907.3
0.15156 14907.3
0.15157 14907.3
0.15158 14907.3
0.15159 14907.3
0.15160 14907.3
0.15161 14907.3
0.15162 14907.3
0.15163 14907.3
0.15164 14907.3
0.15165 14907.3
0.15166 14907.3
0.15167 14907.3
0.15168 14907.3
0.15169 14907.3
0.15170 14907.3
0.15171 14907.3
0.15172 14907.3
0.15173 14907.3
0.15174 14907.3
0.15175 14907.3
0.15176 14907.3
0.15177 14907.3
0.15178 14907.3
0.15179 14907.3
0.15180 14907.3
0.15181 14907.3
0.15182 14907.3
0.15183 14907.3
0.15184 14907.3
0.15185 14907.3
0.15186 14907.3
0.15187 14907.3
0.15188 14907.3
0.15189 14907.3
0.15190 14907.3
0.15191 14907.3
0.15192 14907.3
0.15193 14907.3
0.15194 14907.3
0.15195 14907.3
0.15196 14907.3
0.15197 14907.3
0.15198 14907.3
0.15199 14907.3
0.15200 14907.3
0.15201 14907.3
0.15202 14907.3
0.15203 14907.3
0.15204 14907.3
0.15205 14907.3
0.15206 14907.3
0.15207 14907.3
0.15208 14907.3
0.15209 14907.3
0.15210 14907.3
0.15211 14907.3
0.15212 14907.3
0.15213 14907.3
0.15214 14907.3
0.15215 14907.3
0.15216 14907.3
0.15217 14907.3
0.15218 14907.3
0.15219 14907.3
0.15220 14907.3
0.15221 14907.3
0.15222 14907.3
0.15223 14907.3
0.15224 14907.3
0.15225 14907.3
0.15226 14907.3
0.15227 14907.3
0.15228 14907.3
0.15229 14907.3
0.15230 14907.3
0.15231 14907.3
0.15232 14907.3
0.15233 14907.3
0.15234 14907.3
0.15235 14907.3
0.15236 14907.3
0.15237 14907.3
0.15238 14907.3
0.15239 14907.3
0.15240 14907.3
0.15241 14907.3
0.15242 14907.3
0.15243 14907.3
0.15244 14907.3
0.15245 14907.3
0.15246 14907.3
0.15247 14907.3
0.15248 14907.3
0.15249 14907.3
0.15250 14907.3
0.15251 14907.3
0.15252 14907.3
0.15253 14907.3
0.15254 14907.3
0.15255 14907.3
0.15256 14907.3
0.15257 14907.3
0.15258 14907.3
0.15259 14907.3
0.15260 14907.3
0.15261 14907.3
0.15262 14907.3
0.15263 14907.3
0.15264 14907.3
0.15265 14907.3
0.15266 14907.3
0.15267 14907.3
0.15268 14907.3
0.15269 14907.3
0.15270 14907.3
0.15271 14907.3
0.15272 14907.3
0.15273 14907.3
0.15274 14907.3
0.15275 14907.3
0.15276 14907.3
0.15277 14907.3
0.15278 14907.3
0.15279 14907.3
0.15280 14907.3
0.15281 14907.3
0.15282 14907.3
0.15283 14907.3
0.15284 14907.3
0.15285 14907.3
0.15286 14907.3
0.15287 14907.3
0.15288 14907.3
0.15289 14907.3
0.15290 14907.3
0.15291 14907.3
0.15292 14907.3
0.15293 14907.3
0.15294 14907.3
0.15295 14907.3
0.15296 14907.3
0.15297 14907.3
0.15298 14907.3
0.15299 14907.3
0.15300 14907.3
0.15301 14907.3
0.15302 14907.3
0.15303 14907.3
0.15304 14907.3
0.15305 14907.3
0.15306 14907.3
0.15307 14907.3
0.15308 14907.3
0.15309 14907.3
0.15310 14907.3
0.15311 14907.3
0.15312 14907.3
0.15313 14907.3
0.15314 14907.3
0.15315 14907.3
0.15316 14907.3
0.15317 14907.3
0.15318 14907.3
0.15319 14907.3
0.15320 14907.3
0.15321 14907.3
0.15322 14907.3
0.15323 14907.3
0.15324 14907.3
0.15325 14907.3
0.15326 14907.3
0.15327 14907.3
0.15328 14907.3
0.15329 14907.3
0.15330 14907.3
0.15331 14907.3
0.15332 14907.3
0.15333 14907.3
0.15334 14907.3
0.15335 14907.3
0.15336 14907.3
0.15337 14907.3
0.15338 14907.3
0.15339 14907.3
0.15340 14907.3
0.15341 14907.3
0.15342 14907.3
0.15343 14907.3
0.15344 14907.3
0.15345 14907.3
0.15346 14907.3
0.15347 14907.3
0.15348 14907.3
0.15349 14907.3
0.15350 14907.3
0.15351 14907.3
0.15352 14907.3
0.15353 14907.3
0.15354 14907.3
0.15355 14907.3
0.15356 14907.3
0.15357 14907.3
0.15358 14907.3
0.15359 14907.3
0.15360 14907.3
0.15361 14907.3
0.15362 14907.3
0.15363 14907.3
0.15364 14907.3
0.15365 14907.3
0.15366 14907.3
0.15367 14907.3
0.15368 14907.3
0.15369 14907.3
0.15370 14907.3
0.15371 14907.3
0.15372 14907.3
0.15373 14907.3
0.15374 14907.3
0.15375 14907.3
0.15376 14907.3
0.15377 14907.3
0.15378 14907.3
0.15379 14907.3
0.15380 14907.3
0.15381 14907.3
0.15382 14907.3
0.15383 14907.3
0.15384 14907.3
0.15385 14907.3
0.15386 14907.3
0.15387 14907.3
0.15388 14907.3
0.15389 14907.3
0.15390 14907.3
0.15391 14907.3
0.15392 14907.3
0.15393 14907.3
0.15394 14907.3
0.15395 14907.3
0.15396 14907.3
0.15397 14907.3
0.15398 14907.3
0.15399 14907.3
0.15400 14907.3
0.15401 14907.3
0.15402 14907.3
0.15403 14907.3
0.15404 14907.3
0.15405 14907.3
0.15406 14907.3
0.15407 14907.3
0.15408 14907.3
0.15409 14907.3
0.15410 14907.3
0.15411 14907.3
0.15412 14907.3
0.15413 14907.3
0.15414 14907.3
0.15415 14907.3
0.15416 14907.3
0.15417 14907.3
0.15418 14907.3
0.15419 14907.3
0.15420 14907.3
0.15421 14907.3
0.15422 14907.3
0.15423 14907.3
0.15424 14907.3
0.15425 14907.3
0.15426 14907.3
0.15427 14907.3
0.15428 14907.3
0.15429 14907.3
0.15430 14907.3
0.15431 14907.3
0.15432 14907.3
0.15433 14907.3
0.15434 14907.3
0.15435 14907.3
0.15436 14907.3
0.15437 14907.3
0.15438 14907.3
0.15439 14907.3
0.15440 14907.3
0.15441 14907.3
0.15442 14907.3
0.15443 14907.3
0.15444 14907.3
0.15445 14907.3
0.15446 14907.3
0.15447 14907.3
0.15448 14907.3
0.15449 14907.3
0.15450 14907.3
0.15451 14907.3
0.15452 14907.3
0.15453 14907.3
0.15454 14907.3
0.15455 14907.3
0.15456 14907.3
0.15457 14907.3
0.15458 14907.3
0.15459 14907.3
0.15460 14907.3
0.15461 14907.3
0.15462 14907.3
0.15463 14907.3
0.15464 14907.3
0.15465 14907.3
0.15466 14907.3
0.15467 14907.3
0.15468 14907.3
0.15469 14907.3
0.15470 14907.3
0.15471 14907.3
0.15472 14907.3
0.15473 14907.3
0.15474 14907.3
0.15475 14907.3
0.15476 14907.3
0.15477 14907.3
0.15478 14907.3
0.15479 14907.3
0.15480 14907.3
0.15481 14907.3
0.15482 14907.3
0.15483 14907.3
0.15484 14907.3
0.15485 14907.3
0.15486 14907.3
0.15487 14907.3
0.15488 14907.3
0.15489 14907.3
0.15490 14907.3
0.15491 14907.3
0.15492 14907.3
0.15493 14907.3
0.15494 14907.3
0.15495 14907.3
0.15496 14907.3
0.15497 14907.3
0.15498 14907.3
0.15499 14907.3
0.15500 14907.3
0.15501 14907.3
0.15502 14907.3
0.15503 14907.3
0.15504 14907.3
0.15505 14907.3
0.15506 14907.3
0.15507 14907.3
0.15508 14907.3
0.15509 14907.3
0.15510 14907.3
0.15511 14907.3
0.15512 14907.3
0.15513 14907.3
0.15514 14907.3
0.15515 14907.3
0.15516 14907.3
0.15517 14907.3
0.15518 14907.3
0.15519 14907.3
0.15520 14907.3
0.15521 14907.3
0.15522 14907.3
0.15523 14907.3
0.15524 14907.3
0.15525 14907.3
0.15526 14907.3
0.15527 14907.3
0.15528 14907.3
0.15529 14907.3
0.15530 14907.3
0.15531 14907.3
0.15532 14907.3
0.15533 14907.3
0.15534 14907.3
0.15535 14907.3
0.15536 14907.3
0.15537 14907.3
0.15538 14907.3
0.15539 14907.3
0.15540 14907.3
0.15541 14907.3
0.15542 14907.3
0.15543 14907.3
0.15544 14907.3
0.15545 14907.3
0.15546 14907.3
0.15547 14907.3
0.15548 14907.3
0.15549 14907.3
0.15550 14907.3
0.15551 14907.3
0.15552 14907.3
0.15553 14907.3
0.15554 14907.3
0.15555 14907.3
0.15556 14907.3
0.15557 14907.3
0.15558 14907.3
0.15559 14907.3
0.15560 14907.3
0.15561 14907.3
0.15562 14907.3
0.15563 14907.3
0.15564 14907.3
0.15565 14907.3
0.15566 14907.3
0.15567 14907.3
0.15568 14907.3
0.15569 14907.3
0.15570 14907.3
0.15571 14907.3
0.15572 14907.3
0.15573 14907.3
0.15574 14907.3
0.15575 14907.3
0.15576 14907.3
0.15577 14907.3
0.15578 14907.3
0.15579 14907.3
0.15580 14907.3
0.15581 14907.3
0.15582 14907.3
0.15583 14907.3
0.15584 14907.3
0.15585 14907.3
0.15586 14907.3
0.15587 14907.3
0.15588 14907.3
0.15589 14907.3
0.15590 14907.3
0.15591 14907.3
0.15592 14907.3
0.15593 14907.3
0.15594 14907.3
0.15595 14907.3
0.15596 14907.3
0.15597 14907.3
0.15598 14907.3
0.15599 14907.3
0.15600 14907.3
0.15601 14907.3
0.15602 14907.3
0.15603 14907.3
0.15604 14907.3
0.15605 14907.3
0.15606 14907.3
0.15607 14907.3
0.15608 14907.3
0.15609 14907.3
0.15610 14907.3
0.15611 14907.3
0.15612 14907.3
0.15613 14907.3
0.15614 14907.3
0.15615 14907.3
0.15616 14907.3
0.15617 14907.3
0.15618 14907.3
0.15619 14907.3
0.15620 14907.3
0.15621 14907.3
0.15622 14907.3
0.15623 14907.3
0.15624 14907.3
0.15625 14907.3
0.15626 14907.3
0.15627 14907.3
0.15628 14907.3
0.15629 14907.3
0.15630 14907.3
0.15631 14907.3
0.15632 14907.3
0.15633 14907.3
0.15634 14907.3
0.15635 14907.3
0.15636 14907.3
0.15637 14907.3
0.15638 14907.3
0.15639 14907.3
0.15640 14907.3
0.15641 14907.3
0.15642 14907.3
0.15643 14907.3
0.15644 14907.3
0.15645 14907.3
0.15646 14907.3
0.15647 14907.3
0.15648 14907.3
0.15649 14907.3
0.15650 14907.3
0.15651 14907.3
0.15652 14907.3
0.15653 14907.3
0.15654 14907.3
0.15655 14907.3
0.15656 14907.3
0.15657 14907.3
0.15658 14907.3
0.15659 14907.3
0.15660 14907.3
0.15661 14907.3
0.15662 14907.3
0.15663 14907.3
0.15664 14907.3
0.15665 14907.3
0.15666 14907.3
0.15667 14907.3
0.15668 14907.3
0.15669 14907.3
0.15670 14907.3
0.15671 14907.3
0.15672 14907.3
0.15673 14907.3
0.15674 14907.3
0.15675 14907.3
0.15676 14907.3
0.15677 14907.3
0.15678 14907.3
0.15679 14907.3
0.15680 14907.3
0.15681 14907.3
0.15682 14907.3
0.15683 14907.3
0.15684 14907.3
0.15685 14907.3
0.15686 14907.3
0.15687 14907.3
0.15688 14907.3
0.15689 14907.3
0.15690 14907.3
0.15691 14907.3
0.15692 14907.3
0.15693 14907.3
0.15694 14907.3
0.15695 14907.3
0.15696 14907.3
0.15697 14907.3
0.15698 14907.3
0.15699 14907.3
0.15700 14907.3
0.15701 14907.3
0.15702 14907.3
0.15703 14907.3
0.15704 14907.3
0.15705 14907.3
0.15706 14907.3
0.15707 14907.3
0.15708 14907.3
0.15709 14907.3
0.15710 14907.3
0.15711 14907.3
0.15712 14907.3
0.15713 14907.3
0.15714 14907.3
0.15715 14907.3
0.15716 14907.3
0.15717 14907.3
0.15718 14907.3
0.15719 14907.3
0.15720 14907.3
0.15721 14907.3
0.15722 14907.3
0.15723 14907.3
0.15724 14907.3
0.15725 14907.3
0.15726 14907.3
0.15727 14907.3
0.15728 14907.3
0.15729 14907.3
0.15730 14907.3
0.15731 14907.3
0.15732 14907.3
0.15733 14907.3
0.15734 14907.3
0.15735 14907.3
0.15736 14907.3
0.15737 14907.3
0.15738 14907.3
0.15739 14907.3
0.15740 14907.3
0.15741 14907.3
0.15742 14907.3
0.15743 14907.3
0.15744 14907.3
0.15745 14907.3
0.15746 14907.3
0.15747 14907.3
0.15748 14907.3
0.15749 14907.3
0.15750 14907.3
0.15751 14907.3
0.15752 14907.3
0.15753 14907.3
0.15754 14907.3
0.15755 14907.3
0.15756 14907.3
0.15757 14907.3
0.15758 14907.3
0.15759 14907.3
0.15760 14907.3
0.15761 14907.3
0.15762 14907.3
0.15763 14907.3
0.15764 14907.3
0.15765 14907.3
0.15766 14907.3
0.15767 14907.3
0.15768 14907.3
0.15769 14907.3
0.15770 14907.3
0.15771 14907.3
0.15772 14907.3
0.15773 14907.3
0.15774 14907.3
0.15775 14907.3
0.15776 14907.3
0.15777 14907.3
0.15778 14907.3
0.15779 14907.3
0.15780 14907.3
0.15781 14907.3
0.15782 14907.3
0.15783 14907.3
0.15784 14907.3
0.15785 14907.3
0.15786 14907.3
0.15787 14907.3
0.15788 14907.3
0.15789 14907.3
0.15790 14907.3
0.15791 14907.3
0.15792 14907.3
0.15793 14907.3
0.15794 14907.3
0.15795 14907.3
0.15796 14907.3
0.15797 14907.3
0.15798 14907.3
0.15799 14907.3
0.15800 14907.3
0.15801 14907.3
0.15802 14907.3
0.15803 14907.3
0.15804 14907.3
0.15805 14907.3
0.15806 14907.3
0.15807 14907.3
0.15808 14907.3
0.15809 14907.3
0.15810 14907.3
0.15811 14907.3
0.15812 14907.3
0.15813 14907.3
0.15814 14907.3
0.15815 14907.3
0.15816 14907.3
0.15817 14907.3
0.15818 14907.3
0.15819 14907.3
0.15820 14907.3
0.15821 14907.3
0.15822 14907.3
0.15823 14907.3
0.15824 14907.3
0.15825 14907.3
0.15826 14907.3
0.15827 14907.3
0.15828 14907.3
0.15829 14907.3
0.15830 14907.3
0.15831 14907.3
0.15832 14907.3
0.15833 14907.3
0.15834 14907.3
0.15835 14907.3
0.15836 14907.3
0.15837 14907.3
0.15838 14907.3
0.15839 14907.3
0.15840 14907.3
0.15841 14907.3
0.15842 14907.3
0.15843 14907.3
0.15844 14907.3
0.15845 14907.3
0.15846 14907.3
0.15847 14907.3
0.15848 14907.3
0.15849 14907.3
0.15850 14907.3
0.15851 14907.3
0.15852 14907.3
0.15853 14907.3
0.15854 14907.3
0.15855 14907.3
0.15856 14907.3
0.15857 14907.3
0.15858 14907.3
0.15859 14907.3
0.15860 14907.3
0.15861 14907.3
0.15862 14907.3
0.15863 14907.3
0.15864 14907.3
0.15865 14907.3
0.15866 14907.3
0.15867 14907.3
0.15868 14907.3
0.15869 14907.3
0.15870 14907.3
0.15871 14907.3
0.15872 14907.3
0.15873 14907.3
0.15874 14907.3
0.15875 14907.3
0.15876 14907.3
0.15877 14907.3
0.15878 14907.3
0.15879 14907.3
0.15880 14907.3
0.15881 14907.3
0.15882 14907.3
0.15883 14907.3
0.15884 14907.3
0.15885 14907.3
0.15886 14907.3
0.15887 14907.3
0.15888 14907.3
0.15889 14907.3
0.15890 14907.3
0.15891 14907.3
0.15892 14907.3
0.15893 14907.3
0.15894 14907.3
0.15895 14907.3
0.15896 14907.3
0.15897 14907.3
0.15898 14907.3
0.15899 14907.3
0.15900 14907.3
0.15901 14907.3
0.15902 14907.3
0.15903 14907.3
0.15904 14907.3
0.15905 14907.3
0.15906 14907.3
0.15907 14907.3
0.15908 14907.3
0.15909 14907.3
0.15910 14907.3
0.15911 14907.3
0.15912 14907.3
0.15913 14907.3
0.15914 14907.3
0.15915 14907.3
0.15916 14907.3
0.15917 14907.3
0.15918 14907.3
0.15919 14907.3
0.15920 14907.3
0.15921 14907.3
0.15922 14907.3
0.15923 14907.3
0.15924 14907.3
0.15925 14907.3
0.15926 14907.3
0.15927 14907.3
0.15928 14907.3
0.15929 14907.3
0.15930 14907.3
0.15931 14907.3
0.15932 14907.3
0.15933 14907.3
0.15934 14907.3
0.15935 14907.3
0.15936 14907.3
0.15937 14907.3
0.15938 14907.3
0.15939 14907.3
0.15940 14907.3
0.15941 14907.3
0.15942 14907.3
0.15943 14907.3
0.15944 14907.3
0.15945 14907.3
0.15946 14907.3
0.15947 14907.3
0.15948 14907.3
0.15949 14907.3
0.15950 14907.3
0.15951 14907.3
0.15952 14907.3
0.15953 14907.3
0.15954 14907.3
0.15955 14907.3
0.15956 14907.3
0.15957 14907.3
0.15958 14907.3
0.15959 14907.3
0.15960 14907.3
0.15961 14907.3
0.15962 14907.3
0.15963 14907.3
0.15964 14907.3
0.15965 14907.3
0.15966 14907.3
0.15967 14907.3
0.15968 14907.3
0.15969 14907.3
0.15970 14907.3
0.15971 14907.3
0.15972 14907.3
0.15973 14907.3
0.15974 14907.3
0.15975 14907.3
0.15976 14907.3
0.15977 14907.3
0.15978 14907.3
0.15979 14907.3
0.15980 14907.3
0.15981 14907.3
0.15982 14907.3
0.15983 14907.3
0.15984 14907.3
0.15985 14907.3
0.15986 14907.3
0.15987 14907.3
0.15988 14907.3
0.15989 14907.3
0.15990 14907.3
0.15991 14907.3
0.15992 14907.3
0.15993 14907.3
0.15994 14907.3
0.15995 14907.3
0.15996 14907.3
0.15997 14907.3
0.15998 14907.3
0.15999 14907.3
0.16000 14907.3
0.16001 14907.3
0.16002 14907.3
0.16003 14907.3
0.16004 14907.3
0.16005 14907.3
0.16006 14907.3
0.16007 14907.3
0.16008 14907.3
0.16009 14907.3
0.16010 14907.3
0.16011 14907.3
0.16012 14907.3
0.16013 14907.3
0.16014 14907.3
0.16015 14907.3
0.16016 14907.3
0.16017 14907.3
0.16018 14907.3
0.16019 14907.3
0.16020 14907.3
0.16021 14907.3
0.16022 14907.3
0.16023 14907.3
0.16024 14907.3
0.16025 14907.3
0.16026 14907.3
0.16027 14907.3
0.16028 14907.3
0.16029 14907.3
0.16030 14907.3
0.16031 14907.3
0.16032 14907.3
0.16033 14907.3
0.16034 14907.3
0.16035 14907.3
0.16036 14907.3
0.16037 14907.3
0.16038 14907.3
0.16039 14907.3
0.16040 14907.3
0.16041 14907.3
0.16042 14907.3
0.16043 14907.3
0.16044 14907.3
0.16045 14907.3
0.16046 14907.3
0.16047 14907.3
0.16048 14907.3
0.16049 14907.3
0.16050 14907.3
0.16051 14907.3
0.16052 14907.3
0.16053 14907.3
0.16054 14907.3
0.16055 14907.3
0.16056 14907.3
0.16057 14907.3
0.16058 14907.3
0.16059 14907.3
0.16060 14907.3
0.16061 14907.3
0.16062 14907.3
0.16063 14907.3
0.16064 14907.3
0.16065 14907.3
0.16066 14907.3
0.16067 14907.3
0.16068 14907.3
0.16069 14907.3
0.16070 14907.3
0.16071 14907.3
0.16072 14907.3
0.16073 14907.3
0.16074 14907.3
0.16075 14907.3
0.16076 14907.3
0.16077 14907.3
0.16078 14907.3
0.16079 14907.3
0.16080 14907.3
0.16081 14907.3
0.16082 14907.3
0.16083 14907.3
0.16084 14907.3
0.16085 14907.3
0.16086 14907.3
0.16087 14907.3
0.16088 14907.3
0.16089 14907.3
0.16090 14907.3
0.16091 14907.3
0.16092 14907.3
0.16093 14907.3
0.16094 14907.3
0.16095 14907.3
0.16096 14907.3
0.16097 14907.3
0.16098 14907.3
0.16099 14907.3
0.16100 14907.3
0.16101 14907.3
0.16102 14907.3
0.16103 14907.3
0.16104 14907.3
0.16105 14907.3
0.16106 14907.3
0.16107 14907.3
0.16108 14907.3
0.16109 14907.3
0.16110 14907.3
0.16111 14907.3
0.16112 14907.3
0.16113 14907.3
0.16114 14907.3
0.16115 14907.3
0.16116 14907.3
0.16117 14907.3
0.16118 14907.3
0.16119 14907.3
0.16120 14907.3
0.16121 14907.3
0.16122 14907.3
0.16123 14907.3
0.16124 14907.3
0.16125 14907.3
0.16126 14907.3
0.16127 14907.3
0.16128 14907.3
0.16129 14907.3
0.16130 14907.3
0.16131 14907.3
0.16132 14907.3
0.16133 14907.3
0.16134 14907.3
0.16135 14907.3
0.16136 14907.3
0.16137 14907.3
0.16138 14907.3
0.16139 14907.3
0.16140 14907.3
0.16141 14907.3
0.16142 14907.3
0.16143 14907.3
0.16144 14907.3
0.16145 14907.3
0.16146 14907.3
0.16147 14907.3
0.16148 14907.3
0.16149 14907.3
0.16150 14907.3
0.16151 14907.3
0.16152 14907.3
0.16153 14907.3
0.16154 14907.3
0.16155 14907.3
0.16156 14907.3
0.16157 14907.3
0.16158 14907.3
0.16159 14907.3
0.16160 14907.3
0.16161 14907.3
0.16162 14907.3
0.16163 14907.3
0.16164 14907.3
0.16165 14907.3
0.16166 14907.3
0.16167 14907.3
0.16168 14907.3
0.16169 14907.3
0.16170 14907.3
0.16171 14907.3
0.16172 14907.3
0.16173 14907.3
0.16174 14907.3
0.16175 14907.3
0.16176 14907.3
0.16177 14907.3
0.16178 14907.3
0.16179 14907.3
0.16180 14907.3
0.16181 14907.3
0.16182 14907.3
0.16183 14907.3
0.16184 14907.3
0.16185 14907.3
0.16186 14907.3
0.16187 14907.3
0.16188 14907.3
0.16189 14907.3
0.16190 14907.3
0.16191 14907.3
0.16192 14907.3
0.16193 14907.3
0.16194 14907.3
0.16195 14907.3
0.16196 14907.3
0.16197 14907.3
0.16198 14907.3
0.16199 14907.3
0.16200 14907.3
0.16201 14907.3
0.16202 14907.3
0.16203 14907.3
0.16204 14907.3
0.16205 14907.3
0.16206 14907.3
0.16207 14907.3
0.16208 14907.3
0.16209 14907.3
0.16210 14907.3
0.16211 14907.3
0.16212 14907.3
0.16213 14907.3
0.16214 14907.3
0.16215 14907.3
0.16216 14907.3
0.16217 14907.3
0.16218 14907.3
0.16219 14907.3
0.16220 14907.3
0.16221 14907.3
0.16222 14907.3
0.16223 14907.3
0.16224 14907.3
0.16225 14907.3
0.16226 14907.3
0.16227 14907.3
0.16228 14907.3
0.16229 14907.3
0.16230 14907.3
0.16231 14907.3
0.16232 14907.3
0.16233 14907.3
0.16234 14907.3
0.16235 14907.3
0.16236 14907.3
0.16237 14907.3
0.16238 14907.3
0.16239 14907.3
0.16240 14907.3
0.16241 14907.3
0.16242 14907.3
0.16243 14907.3
0.16244 14907.3
0.16245 14907.3
0.16246 14907.3
0.16247 14907.3
0.16248 14907.3
0.16249 14907.3
0.16250 14907.3
0.16251 14907.3
0.16252 14907.3
0.16253 14907.3
0.16254 14907.3
0.16255 14907.3
0.16256 14907.3
0.16257 14907.3
0.16258 14907.3
0.16259 14907.3
0.16260 14907.3
0.16261 14907.3
0.16262 14907.3
0.16263 14907.3
0.16264 14907.3
0.16265 14907.3
0.16266 14907.3
0.16267 14907.3
0.16268 14907.3
0.16269 14907.3
0.16270 14907.3
0.16271 14907.3
0.16272 14907.3
0.16273 14907.3
0.16274 14907.3
0.16275 14907.3
0.16276 14907.3
0.16277 14907.3
0.16278 14907.3
0.16279 14907.3
0.16280 14907.3
0.16281 14907.3
0.16282 14907.3
0.16283 14907.3
0.16284 14907.3
0.16285 14907.3
0.16286 14907.3
0.16287 14907.3
0.16288 14907.3
0.16289 14907.3
0.16290 14907.3
0.16291 14907.3
0.16292 14907.3
0.16293 14907.3
0.16294 14907.3
0.16295 14907.3
0.16296 14907.3
0.16297 14907.3
0.16298 14907.3
0.16299 14907.3
0.16300 14907.3
0.16301 14907.3
0.16302 14907.3
0.16303 14907.3
0.16304 14907.3
0.16305 14907.3
0.16306 14907.3
0.16307 14907.3
0.16308 14907.3
0.16309 14907.3
0.16310 14907.3
0.16311 14907.3
0.16312 14907.3
0.16313 14907.3
0.16314 14907.3
0.16315 14907.3
0.16316 14907.3
0.16317 14907.3
0.16318 14907.3
0.16319 14907.3
0.16320 14907.3
0.16321 14907.3
0.16322 14907.3
0.16323 14907.3
0.16324 14907.3
0.16325 14907.3
0.16326 14907.3
0.16327 14907.3
0.16328 14907.3
0.16329 14907.3
0.16330 14907.3
0.16331 14907.3
0.16332 14907.3
0.16333 14907.3
0.16334 14907.3
0.16335 14907.3
0.16336 14907.3
0.16337 14907.3
0.16338 14907.3
0.16339 14907.3
0.16340 14907.3
0.16341 14907.3
0.16342 14907.3
0.16343 14907.3
0.16344 14907.3
0.16345 14907.3
0.16346 14907.3
0.16347 14907.3
0.16348 14907.3
0.16349 14907.3
0.16350 14907.3
0.16351 14907.3
0.16352 14907.3
0.16353 14907.3
0.16354 14907.3
0.16355 14907.3
0.16356 14907.3
0.16357 14907.3
0.16358 14907.3
0.16359 14907.3
0.16360 14907.3
0.16361 14907.3
0.16362 14907.3
0.16363 14907.3
0.16364 14907.3
0.16365 14907.3
0.16366 14907.3
0.16367 14907.3
0.16368 14907.3
0.16369 14907.3
0.16370 14907.3
0.16371 14907.3
0.16372 14907.3
0.16373 14907.3
0.16374 14907.3
0.16375 14907.3
0.16376 14907.3
0.16377 14907.3
0.16378 14907.3
0.16379 14907.3
0.16380 14907.3
0.16381 14907.3
0.16382 14907.3
0.16383 14907.3
0.16384 14907.3
0.16385 14907.3
0.16386 14907.3
0.16387 14907.3
0.16388 14907.3
0.16389 14907.3
0.16390 14907.3
0.16391 14907.3
0.16392 14907.3
0.16393 14907.3
0.16394 14907.3
0.16395 14907.3
0.16396 14907.3
0.16397 14907.3
0.16398 14907.3
0.16399 14907.3
0.16400 14907.3
0.16401 14907.3
0.16402 14907.3
0.16403 14907.3
0.16404 14907.3
0.16405 14907.3
0.16406 14907.3
0.16407 14907.3
0.16408 14907.3
0.16409 14907.3
0.16410 14907.3
0.16411 14907.3
0.16412 14907.3
0.16413 14907.3
0.16414 14907.3
0.16415 14907.3
0.16416 14907.3
0.16417 14907.3
0.16418 14907.3
0.16419 14907.3
0.16420 14907.3
0.16421 14907.3
0.16422 14907.3
0.16423 14907.3
0.16424 14907.3
0.16425 14907.3
0.16426 14907.3
0.16427 14907.3
0.16428 14907.3
0.16429 14907.3
0.16430 14907.3
0.16431 14907.3
0.16432 14907.3
0.16433 14907.3
0.16434 14907.3
0.16435 14907.3
0.16436 14907.3
0.16437 14907.3
0.16438 14907.3
0.16439 14907.3
0.16440 14907.3
0.16441 14907.3
0.16442 14907.3
0.16443 14907.3
0.16444 14907.3
0.16445 14907.3
0.16446 14907.3
0.16447 14907.3
0.16448 14907.3
0.16449 14907.3
0.16450 14907.3
0.16451 14907.3
0.16452 14907.3
0.16453 14907.3
0.16454 14907.3
0.16455 14907.3
0.16456 14907.3
0.16457 14907.3
0.16458 14907.3
0.16459 14907.3
0.16460 14907.3
0.16461 14907.3
0.16462 14907.3
0.16463 14907.3
0.16464 14907.3
0.16465 14907.3
0.16466 14907.3
0.16467 14907.3
0.16468 14907.3
0.16469 14907.3
0.16470 14907.3
0.16471 14907.3
0.16472 14907.3
0.16473 14907.3
0.16474 14907.3
0.16475 14907.3
0.16476 14907.3
0.16477 14907.3
0.16478 14907.3
0.16479 14907.3
0.16480 14907.3
0.16481 14907.3
0.16482 14907.3
0.16483 14907.3
0.16484 14907.3
0.16485 14907.3
0.16486 14907.3
0.16487 14907.3
0.16488 14907.3
0.16489 14907.3
0.16490 14907.3
0.16491 14907.3
0.16492 14907.3
0.16493 14907.3
0.16494 14907.3
0.16495 14907.3
0.16496 14907.3
0.16497 14907.3
0.16498 14907.3
0.16499 14907.3
0.16500 14907.3
0.16501 14907.3
0.16502 14907.3
0.16503 14907.3
0.16504 14907.3
0.16505 14907.3
0.16506 14907.3
0.16507 14907.3
0.16508 14907.3
0.16509 14907.3
0.16510 14907.3
0.16511 14907.3
0.16512 14907.3
0.16513 14907.3
0.16514 14907.3
0.16515 14907.3
0.16516 14907.3
0.16517 14907.3
0.16518 14907.3
0.16519 14907.3
0.16520 14907.3
0.16521 14907.3
0.16522 14907.3
0.16523 14907.3
0.16524 14907.3
0.16525 14907.3
0.16526 14907.3
0.16527 14907.3
0.16528 14907.3
0.16529 14907.3
0.16530 14907.3
0.16531 14907.3
0.16532 14907.3
0.16533 14907.3
0.16534 14907.3
0.16535 14907.3
0.16536 14907.3
0.16537 14907.3
0.16538 14907.3
0.16539 14907.3
0.16540 14907.3
0.16541 14907.3
0.16542 14907.3
0.16543 14907.3
0.16544 14907.3
0.16545 14907.3
0.16546 14907.3
0.16547 14907.3
0.16548 14907.3
0.16549 14907.3
0.16550 14907.3
0.16551 14907.3
0.16552 14907.3
0.16553 14907.3
0.16554 14907.3
0.16555 14907.3
0.16556 14907.3
0.16557 14907.3
0.16558 14907.3
0.16559 14907.3
0.16560 14907.3
0.16561 14907.3
0.16562 14907.3
0.16563 14907.3
0.16564 14907.3
0.16565 14907.3
0.16566 14907.3
0.16567 14907.3
0.16568 14907.3
0.16569 14907.3
0.16570 14907.3
0.16571 14907.3
0.16572 14907.3
0.16573 14907.3
0.16574 14907.3
0.16575 14907.3
0.16576 14907.3
0.16577 14907.3
0.16578 14907.3
0.16579 14907.3
0.16580 14907.3
0.16581 14907.3
0.16582 14907.3
0.16583 14907.3
0.16584 14907.3
0.16585 14907.3
0.16586 14907.3
0.16587 14907.3
0.16588 14907.3
0.16589 14907.3
0.16590 14907.3
0.16591 14907.3
0.16592 14907.3
0.16593 14907.3
0.16594 14907.3
0.16595 14907.3
0.16596 14907.3
0.16597 14907.3
0.16598 14907.3
0.16599 14907.3
0.16600 14907.3
0.16601 14907.3
0.16602 14907.3
0.16603 14907.3
0.16604 14907.3
0.16605 14907.3
0.16606 14907.3
0.16607 14907.3
0.16608 14907.3
0.16609 14907.3
0.16610 14907.3
0.16611 14907.3
0.16612 14907.3
0.16613 14907.3
0.16614 14907.3
0.16615 14907.3
0.16616 14907.3
0.16617 14907.3
0.16618 14907.3
0.16619 14907.3
0.16620 14907.3
0.16621 14907.3
0.16622 14907.3
0.16623 14907.3
0.16624 14907.3
0.16625 14907.3
0.16626 14907.3
0.16627 14907.3
0.16628 14907.3
0.16629 14907.3
0.16630 14907.3
0.16631 14907.3
0.16632 14907.3
0.16633 14907.3
0.16634 14907.3
0.16635 14907.3
0.16636 14907.3
0.16637 14907.3
0.16638 14907.3
0.16639 14907.3
0.16640 14907.3
0.16641 14907.3
0.16642 14907.3
0.16643 14907.3
0.16644 14907.3
0.16645 14907.3
0.16646 14907.3
0.16647 14907.3
0.16648 14907.3
0.16649 14907.3
0.16650 14907.3
0.16651 14907.3
0.16652 14907.3
0.16653 14907.3
0.16654 14907.3
0.16655 14907.3
0.16656 14907.3
0.16657 14907.3
0.16658 14907.3
0.16659 14907.3
0.16660 14907.3
0.16661 14907.3
0.16662 14907.3
0.16663 14907.3
0.16664 14907.3
0.16665 14907.3
0.16666 14907.3
0.16667 14907.3
0.16668 14907.3
0.16669 14907.3
0.16670 14907.3
0.16671 14907.3
0.16672 14907.3
0.16673 14907.3
0.16674 14907.3
0.16675 14907.3
0.16676 14907.3
0.16677 14907.3
0.16678 14907.3
0.16679 14907.3
0.16680 14907.3
0.16681 14907.3
0.16682 14907.3
0.16683 14907.3
0.16684 14907.3
0.16685 14907.3
0.16686 14907.3
0.16687 14907.3
0.16688 14907.3
0.16689 14907.3
0.16690 14907.3
0.16691 14907.3
0.16692 14907.3
0.16693 14907.3
0.16694 14907.3
0.16695 14907.3
0.16696 14907.3
0.16697 14907.3
0.16698 14907.3
0.16699 14907.3
0.16700 14907.3
0.16701 14907.3
0.16702 14907.3
0.16703 14907.3
0.16704 14907.3
0.16705 14907.3
0.16706 14907.3
0.16707 14907.3
0.16708 14907.3
0.16709 14907.3
0.16710 14907.3
0.16711 14907.3
0.16712 14907.3
0.16713 14907.3
0.16714 14907.3
0.16715 14907.3
0.16716 14907.3
0.16717 14907.3
0.16718 14907.3
0.16719 14907.3
0.16720 14907.3
0.16721 14907.3
0.16722 14907.3
0.16723 14907.3
0.16724 14907.3
0.16725 14907.3
0.16726 14907.3
0.16727 14907.3
0.16728 14907.3
0.16729 14907.3
0.16730 14907.3
0.16731 14907.3
0.16732 14907.3
0.16733 14907.3
0.16734 14907.3
0.16735 14907.3
0.16736 14907.3
0.16737 14907.3
0.16738 14907.3
0.16739 14907.3
0.16740 14907.3
0.16741 14907.3
0.16742 14907.3
0.16743 14907.3
0.16744 14907.3
0.16745 14907.3
0.16746 14907.3
0.16747 14907.3
0.16748 14907.3
0.16749 14907.3
0.16750 14907.3
0.16751 14907.3
0.16752 14907.3
0.16753 14907.3
0.16754 14907.3
0.16755 14907.3
0.16756 14907.3
0.16757 14907.3
0.16758 14907.3
0.16759 14907.3
0.16760 14907.3
0.16761 14907.3
0.16762 14907.3
0.16763 14907.3
0.16764 14907.3
0.16765 14907.3
0.16766 14907.3
0.16767 14907.3
0.16768 14907.3
0.16769 14907.3
0.16770 14907.3
0.16771 14907.3
0.16772 14907.3
0.16773 14907.3
0.16774 14907.3
0.16775 14907.3
0.16776 14907.3
0.16777 14907.3
0.16778 14907.3
0.16779 14907.3
0.16780 14907.3
0.16781 14907.3
0.16782 14907.3
0.16783 14907.3
0.16784 14907.3
0.16785 14907.3
0.16786 14907.3
0.16787 14907.3
0.16788 14907.3
0.16789 14907.3
0.16790 14907.3
0.16791 14907.3
0.16792 14907.3
0.16793 14907.3
0.16794 14907.3
0.16795 14907.3
0.16796 14907.3
0.16797 14907.3
0.16798 14907.3
0.16799 14907.3
0.16800 14907.3
0.16801 14907.3
0.16802 14907.3
0.16803 14907.3
0.16804 14907.3
0.16805 14907.3
0.16806 14907.3
0.16807 14907.3
0.16808 14907.3
0.16809 14907.3
0.16810 14907.3
0.16811 14907.3
0.16812 14907.3
0.16813 14907.3
0.16814 14907.3
0.16815 14907.3
0.16816 14907.3
0.16817 14907.3
0.16818 14907.3
0.16819 14907.3
0.16820 14907.3
0.16821 14907.3
0.16822 14907.3
0.16823 14907.3
0.16824 14907.3
0.16825 14907.3
0.16826 14907.3
0.16827 14907.3
0.16828 14907.3
0.16829 14907.3
0.16830 14907.3
0.16831 14907.3
0.16832 14907.3
0.16833 14907.3
0.16834 14907.3
0.16835 14907.3
0.16836 14907.3
0.16837 14907.3
0.16838 14907.3
0.16839 14907.3
0.16840 14907.3
0.16841 14907.3
0.16842 14907.3
0.16843 14907.3
0.16844 14907.3
0.16845 14907.3
0.16846 14907.3
0.16847 14907.3
0.16848 14907.3
0.16849 14907.3
0.16850 14907.3
0.16851 14907.3
0.16852 14907.3
0.16853 14907.3
0.16854 14907.3
0.16855 14907.3
0.16856 14907.3
0.16857 14907.3
0.16858 14907.3
0.16859 14907.3
0.16860 14907.3
0.16861 14907.3
0.16862 14907.3
0.16863 14907.3
0.16864 14907.3
0.16865 14907.3
0.16866 14907.3
0.16867 14907.3
0.16868 14907.3
0.16869 14907.3
0.16870 14907.3
0.16871 14907.3
0.16872 14907.3
0.16873 14907.3
0.16874 14907.3
0.16875 14907.3
0.16876 14907.3
0.16877 14907.3
0.16878 14907.3
0.16879 14907.3
0.16880 14907.3
0.16881 14907.3
0.16882 14907.3
0.16883 14907.3
0.16884 14907.3
0.16885 14907.3
0.16886 14907.3
0.16887 14907.3
0.16888 14907.3
0.16889 14907.3
0.16890 14907.3
0.16891 14907.3
0.16892 14907.3
0.16893 14907.3
0.16894 14907.3
0.16895 14907.3
0.16896 14907.3
0.16897 14907.3
0.16898 14907.3
0.16899 14907.3
0.16900 14907.3
0.16901 14907.3
0.16902 14907.3
0.16903 14907.3
0.16904 14907.3
0.16905 14907.3
0.16906 14907.3
0.16907 14907.3
0.16908 14907.3
0.16909 14907.3
0.16910 14907.3
0.16911 14907.3
0.16912 14907.3
0.16913 14907.3
0.16914 14907.3
0.16915 14907.3
0.16916 14907.3
0.16917 14907.3
0.16918 14907.3
0.16919 14907.3
0.16920 14907.3
0.16921 14907.3
0.16922 14907.3
0.16923 14907.3
0.16924 14907.3
0.16925 14907.3
0.16926 14907.3
0.16927 14907.3
0.16928 14907.3
0.16929 14907.3
0.16930 14907.3
0.16931 14907.3
0.16932 14907.3
0.16933 14907.3
0.16934 14907.3
0.16935 14907.3
0.16936 14907.3
0.16937 14907.3
0.16938 14907.3
0.16939 14907.3
0.16940 14907.3
0.16941 14907.3
0.16942 14907.3
0.16943 14907.3
0.16944 14907.3
0.16945 14907.3
0.16946 14907.3
0.16947 14907.3
0.16948 14907.3
0.16949 14907.3
0.16950 14907.3
0.16951 14907.3
0.16952 14907.3
0.16953 14907.3
0.16954 14907.3
0.16955 14907.3
0.16956 14907.3
0.16957 14907.3
0.16958 14907.3
0.16959 14907.3
0.16960 14907.3
0.16961 14907.3
0.16962 14907.3
0.16963 14907.3
0.16964 14907.3
0.16965 14907.3
0.16966 14907.3
0.16967 14907.3
0.16968 14907.3
0.16969 14907.3
0.16970 14907.3
0.16971 14907.3
0.16972 14907.3
0.16973 14907.3
0.16974 14907.3
0.16975 14907.3
0.16976 14907.3
0.16977 14907.3
0.16978 14907.3
0.16979 14907.3
0.16980 14907.3
0.16981 14907.3
0.16982 14907.3
0.16983 14907.3
0.16984 14907.3
0.16985 14907.3
0.16986 14907.3
0.16987 14907.3
0.16988 14907.3
0.16989 14907.3
0.16990 14907.3
0.16991 14907.3
0.16992 14907.3
0.16993 14907.3
0.16994 14907.3
0.16995 14907.3
0.16996 14907.3
0.16997 14907.3
0.16998 14907.3
0.16999 14907.3
0.17000 14907.3
0.17001 14907.3
0.17002 14907.3
0.17003 14907.3
0.17004 14907.3
0.17005 14907.3
0.17006 14907.3
0.17007 14907.3
0.17008 14907.3
0.17009 14907.3
0.17010 14907.3
0.17011 14907.3
0.17012 14907.3
0.17013 14907.3
0.17014 14907.3
0.17015 14907.3
0.17016 14907.3
0.17017 14907.3
0.17018 14907.3
0.17019 14907.3
0.17020 14907.3
0.17021 14907.3
0.17022 14907.3
0.17023 14907.3
0.17024 14907.3
0.17025 14907.3
0.17026 14907.3
0.17027 14907.3
0.17028 14907.3
0.17029 14907.3
0.17030 14907.3
0.17031 14907.3
0.17032 14907.3
0.17033 14907.3
0.17034 14907.3
0.17035 14907.3
0.17036 14907.3
0.17037 14907.3
0.17038 14907.3
0.17039 14907.3
0.17040 14907.3
0.17041 14907.3
0.17042 14907.3
0.17043 14907.3
0.17044 14907.3
0.17045 14907.3
0.17046 14907.3
0.17047 14907.3
0.17048 14907.3
0.17049 14907.3
0.17050 14907.3
0.17051 14907.3
0.17052 14907.3
0.17053 14907.3
0.17054 14907.3
0.17055 14907.3
0.17056 14907.3
0.17057 14907.3
0.17058 14907.3
0.17059 14907.3
0.17060 14907.3
0.17061 14907.3
0.17062 14907.3
0.17063 14907.3
0.17064 14907.3
0.17065 14907.3
0.17066 14907.3
0.17067 14907.3
0.17068 14907.3
0.17069 14907.3
0.17070 14907.3
0.17071 14907.3
0.17072 14907.3
0.17073 14907.3
0.17074 14907.3
0.17075 14907.3
0.17076 14907.3
0.17077 14907.3
0.17078 14907.3
0.17079 14907.3
0.17080 14907.3
0.17081 14907.3
0.17082 14907.3
0.17083 14907.3
0.17084 14907.3
0.17085 14907.3
0.17086 14907.3
0.17087 14907.3
0.17088 14907.3
0.17089 14907.3
0.17090 14907.3
0.17091 14907.3
0.17092 14907.3
0.17093 14907.3
0.17094 14907.3
0.17095 14907.3
0.17096 14907.3
0.17097 14907.3
0.17098 14907.3
0.17099 14907.3
0.17100 14907.3
0.17101 14907.3
0.17102 14907.3
0.17103 14907.3
0.17104 14907.3
0.17105 14907.3
0.17106 14907.3
0.17107 14907.3
0.17108 14907.3
0.17109 14907.3
0.17110 14907.3
0.17111 14907.3
0.17112 14907.3
0.17113 14907.3
0.17114 14907.3
0.17115 14907.3
0.17116 14907.3
0.17117 14907.3
0.17118 14907.3
0.17119 14907.3
0.17120 14907.3
0.17121 14907.3
0.17122 14907.3
0.17123 14907.3
0.17124 14907.3
0.17125 14907.3
0.17126 14907.3
0.17127 14907.3
0.17128 14907.3
0.17129 14907.3
0.17130 14907.3
0.17131 14907.3
0.17132 14907.3
0.17133 14907.3
0.17134 14907.3
0.17135 14907.3
0.17136 14907.3
0.17137 14907.3
0.17138 14907.3
0.17139 14907.3
0.17140 14907.3
0.17141 14907.3
0.17142 14907.3
0.17143 14907.3
0.17144 14907.3
0.17145 14907.3
0.17146 14907.3
0.17147 14907.3
0.17148 14907.3
0.17149 14907.3
0.17150 14907.3
0.17151 14907.3
0.17152 14907.3
0.17153 14907.3
0.17154 14907.3
0.17155 14907.3
0.17156 14907.3
0.17157 14907.3
0.17158 14907.3
0.17159 14907.3
0.17160 14907.3
0.17161 14907.3
0.17162 14907.3
0.17163 14907.3
0.17164 14907.3
0.17165 14907.3
0.17166 14907.3
0.17167 14907.3
0.17168 14907.3
0.17169 14907.3
0.17170 14907.3
0.17171 14907.3
0.17172 14907.3
0.17173 14907.3
0.17174 14907.3
0.17175 14907.3
0.17176 14907.3
0.17177 14907.3
0.17178 14907.3
0.17179 14907.3
0.17180 14907.3
0.17181 14907.3
0.17182 14907.3
0.17183 14907.3
0.17184 14907.3
0.17185 14907.3
0.17186 14907.3
0.17187 14907.3
0.17188 14907.3
0.17189 14907.3
0.17190 14907.3
0.17191 14907.3
0.17192 14907.3
0.17193 14907.3
0.17194 14907.3
0.17195 14907.3
0.17196 14907.3
0.17197 14907.3
0.17198 14907.3
0.17199 14907.3
0.17200 14907.3
0.17201 14907.3
0.17202 14907.3
0.17203 14907.3
0.17204 14907.3
0.17205 14907.3
0.17206 14907.3
0.17207 14907.3
0.17208 14907.3
0.17209 14907.3
0.17210 14907.3
0.17211 14907.3
0.17212 14907.3
0.17213 14907.3
0.17214 14907.3
0.17215 14907.3
0.17216 14907.3
0.17217 14907.3
0.17218 14907.3
0.17219 14907.3
0.17220 14907.3
0.17221 14907.3
0.17222 14907.3
0.17223 14907.3
0.17224 14907.3
0.17225 14907.3
0.17226 14907.3
0.17227 14907.3
0.17228 14907.3
0.17229 14907.3
0.17230 14907.3
0.17231 14907.3
0.17232 14907.3
0.17233 14907.3
0.17234 14907.3
0.17235 14907.3
0.17236 14907.3
0.17237 14907.3
0.17238 14907.3
0.17239 14907.3
0.17240 14907.3
0.17241 14907.3
0.17242 14907.3
0.17243 14907.3
0.17244 14907.3
0.17245 14907.3
0.17246 14907.3
0.17247 14907.3
0.17248 14907.3
0.17249 14907.3
0.17250 14907.3
0.17251 14907.3
0.17252 14907.3
0.17253 14907.3
0.17254 14907.3
0.17255 14907.3
0.17256 14907.3
0.17257 14907.3
0.17258 14907.3
0.17259 14907.3
0.17260 14907.3
0.17261 14907.3
0.17262 14907.3
0.17263 14907.3
0.17264 14907.3
0.17265 14907.3
0.17266 14907.3
0.17267 14907.3
0.17268 14907.3
0.17269 14907.3
0.17270 14907.3
0.17271 14907.3
0.17272 14907.3
0.17273 14907.3
0.17274 14907.3
0.17275 14907.3
0.17276 14907.3
0.17277 14907.3
0.17278 14907.3
0.17279 14907.3
0.17280 14907.3
0.17281 14907.3
0.17282 14907.3
0.17283 14907.3
0.17284 14907.3
0.17285 14907.3
0.17286 14907.3
0.17287 14907.3
0.17288 14907.3
0.17289 14907.3
0.17290 14907.3
0.17291 14907.3
0.17292 14907.3
0.17293 14907.3
0.17294 14907.3
0.17295 14907.3
0.17296 14907.3
0.17297 14907.3
0.17298 14907.3
0.17299 14907.3
0.17300 14907.3
0.17301 14907.3
0.17302 14907.3
0.17303 14907.3
0.17304 14907.3
0.17305 14907.3
0.17306 14907.3
0.17307 14907.3
0.17308 14907.3
0.17309 14907.3
0.17310 14907.3
0.17311 14907.3
0.17312 14907.3
0.17313 14907.3
0.17314 14907.3
0.17315 14907.3
0.17316 14907.3
0.17317 14907.3
0.17318 14907.3
0.17319 14907.3
0.17320 14907.3
0.17321 14907.3
0.17322 14907.3
0.17323 14907.3
0.17324 14907.3
0.17325 14907.3
0.17326 14907.3
0.17327 14907.3
0.17328 14907.3
0.17329 14907.3
0.17330 14907.3
0.17331 14907.3
0.17332 14907.3
0.17333 14907.3
0.17334 14907.3
0.17335 14907.3
0.17336 14907.3
0.17337 14907.3
0.17338 14907.3
0.17339 14907.3
0.17340 14907.3
0.17341 14907.3
0.17342 14907.3
0.17343 14907.3
0.17344 14907.3
0.17345 14907.3
0.17346 14907.3
0.17347 14907.3
0.17348 14907.3
0.17349 14907.3
0.17350 14907.3
0.17351 14907.3
0.17352 14907.3
0.17353 14907.3
0.17354 14907.3
0.17355 14907.3
0.17356 14907.3
0.17357 14907.3
0.17358 14907.3
0.17359 14907.3
0.17360 14907.3
0.17361 14907.3
0.17362 14907.3
0.17363 14907.3
0.17364 14907.3
0.17365 14907.3
0.17366 14907.3
0.17367 14907.3
0.17368 14907.3
0.17369 14907.3
0.17370 14907.3
0.17371 14907.3
0.17372 14907.3
0.17373 14907.3
0.17374 14907.3
0.17375 14907.3
0.17376 14907.3
0.17377 14907.3
0.17378 14907.3
0.17379 14907.3
0.17380 14907.3
0.17381 14907.3
0.17382 14907.3
0.17383 14907.3
0.17384 14907.3
0.17385 14907.3
0.17386 14907.3
0.17387 14907.3
0.17388 14907.3
0.17389 14907.3
0.17390 14907.3
0.17391 14907.3
0.17392 14907.3
0.17393 14907.3
0.17394 14907.3
0.17395 14907.3
0.17396 14907.3
0.17397 14907.3
0.17398 14907.3
0.17399 14907.3
0.17400 14907.3
0.17401 14907.3
0.17402 14907.3
0.17403 14907.3
0.17404 14907.3
0.17405 14907.3
0.17406 14907.3
0.17407 14907.3
0.17408 14907.3
0.17409 14907.3
0.17410 14907.3
0.17411 14907.3
0.17412 14907.3
0.17413 14907.3
0.17414 14907.3
0.17415 14907.3
0.17416 14907.3
0.17417 14907.3
0.17418 14907.3
0.17419 14907.3
0.17420 14907.3
0.17421 14907.3
0.17422 14907.3
0.17423 14907.3
0.17424 14907.3
0.17425 14907.3
0.17426 14907.3
0.17427 14907.3
0.17428 14907.3
0.17429 14907.3
0.17430 14907.3
0.17431 14907.3
0.17432 14907.3
0.17433 14907.3
0.17434 14907.3
0.17435 14907.3
0.17436 14907.3
0.17437 14907.3
0.17438 14907.3
0.17439 14907.3
0.17440 14907.3
0.17441 14907.3
0.17442 14907.3
0.17443 14907.3
0.17444 14907.3
0.17445 14907.3
0.17446 14907.3
0.17447 14907.3
0.17448 14907.3
0.17449 14907.3
0.17450 14907.3
0.17451 14907.3
0.17452 14907.3
0.17453 14907.3
0.17454 14907.3
0.17455 14907.3
0.17456 14907.3
0.17457 14907.3
0.17458 14907.3
0.17459 14907.3
0.17460 14907.3
0.17461 14907.3
0.17462 14907.3
0.17463 14907.3
0.17464 14907.3
0.17465 14907.3
0.17466 14907.3
0.17467 14907.3
0.17468 14907.3
0.17469 14907.3
0.17470 14907.3
0.17471 14907.3
0.17472 14907.3
0.17473 14907.3
0.17474 14907.3
0.17475 14907.3
0.17476 14907.3
0.17477 14907.3
0.17478 14907.3
0.17479 14907.3
0.17480 14907.3
0.17481 14907.3
0.17482 14907.3
0.17483 14907.3
0.17484 14907.3
0.17485 14907.3
0.17486 14907.3
0.17487 14907.3
0.17488 14907.3
0.17489 14907.3
0.17490 14907.3
0.17491 14907.3
0.17492 14907.3
0.17493 14907.3
0.17494 14907.3
0.17495 14907.3
0.17496 14907.3
0.17497 14907.3
0.17498 14907.3
0.17499 14907.3
0.17500 14907.3
0.17501 14907.3
0.17502 14907.3
0.17503 14907.3
0.17504 14907.3
0.17505 14907.3
0.17506 14907.3
0.17507 14907.3
0.17508 14907.3
0.17509 14907.3
0.17510 14907.3
0.17511 14907.3
0.17512 14907.3
0.17513 14907.3
0.17514 14907.3
0.17515 14907.3
0.17516 14907.3
0.17517 14907.3
0.17518 14907.3
0.17519 14907.3
0.17520 14907.3
0.17521 14907.3
0.17522 14907.3
0.17523 14907.3
0.17524 14907.3
0.17525 14907.3
0.17526 14907.3
0.17527 14907.3
0.17528 14907.3
0.17529 14907.3
0.17530 14907.3
0.17531 14907.3
0.17532 14907.3
0.17533 14907.3
0.17534 14907.3
0.17535 14907.3
0.17536 14907.3
0.17537 14907.3
0.17538 14907.3
0.17539 14907.3
0.17540 14907.3
0.17541 14907.3
0.17542 14907.3
0.17543 14907.3
0.17544 14907.3
0.17545 14907.3
0.17546 14907.3
0.17547 14907.3
0.17548 14907.3
0.17549 14907.3
0.17550 14907.3
0.17551 14907.3
0.17552 14907.3
0.17553 14907.3
0.17554 14907.3
0.17555 14907.3
0.17556 14907.3
0.17557 14907.3
0.17558 14907.3
0.17559 14907.3
0.17560 14907.3
0.17561 14907.3
0.17562 14907.3
0.17563 14907.3
0.17564 14907.3
0.17565 14907.3
0.17566 14907.3
0.17567 14907.3
0.17568 14907.3
0.17569 14907.3
0.17570 14907.3
0.17571 14907.3
0.17572 14907.3
0.17573 14907.3
0.17574 14907.3
0.17575 14907.3
0.17576 14907.3
0.17577 14907.3
0.17578 14907.3
0.17579 14907.3
0.17580 14907.3
0.17581 14907.3
0.17582 14907.3
0.17583 14907.3
0.17584 14907.3
0.17585 14907.3
0.17586 14907.3
0.17587 14907.3
0.17588 14907.3
0.17589 14907.3
0.17590 14907.3
0.17591 14907.3
0.17592 14907.3
0.17593 14907.3
0.17594 14907.3
0.17595 14907.3
0.17596 14907.3
0.17597 14907.3
0.17598 14907.3
0.17599 14907.3
0.17600 14907.3
0.17601 14907.3
0.17602 14907.3
0.17603 14907.3
0.17604 14907.3
0.17605 14907.3
0.17606 14907.3
0.17607 14907.3
0.17608 14907.3
0.17609 14907.3
0.17610 14907.3
0.17611 14907.3
0.17612 14907.3
0.17613 14907.3
0.17614 14907.3
0.17615 14907.3
0.17616 14907.3
0.17617 14907.3
0.17618 14907.3
0.17619 14907.3
0.17620 14907.3
0.17621 14907.3
0.17622 14907.3
0.17623 14907.3
0.17624 14907.3
0.17625 14907.3
0.17626 14907.3
0.17627 14907.3
0.17628 14907.3
0.17629 14907.3
0.17630 14907.3
0.17631 14907.3
0.17632 14907.3
0.17633 14907.3
0.17634 14907.3
0.17635 14907.3
0.17636 14907.3
0.17637 14907.3
0.17638 14907.3
0.17639 14907.3
0.17640 14907.3
0.17641 14907.3
0.17642 14907.3
0.17643 14907.3
0.17644 14907.3
0.17645 14907.3
0.17646 14907.3
0.17647 14907.3
0.17648 14907.3
0.17649 14907.3
0.17650 14907.3
0.17651 14907.3
0.17652 14907.3
0.17653 14907.3
0.17654 14907.3
0.17655 14907.3
0.17656 14907.3
0.17657 14907.3
0.17658 14907.3
0.17659 14907.3
0.17660 14907.3
0.17661 14907.3
0.17662 14907.3
0.17663 14907.3
0.17664 14907.3
0.17665 14907.3
0.17666 14907.3
0.17667 14907.3
0.17668 14907.3
0.17669 14907.3
0.17670 14907.3
0.17671 14907.3
0.17672 14907.3
0.17673 14907.3
0.17674 14907.3
0.17675 14907.3
0.17676 14907.3
0.17677 14907.3
0.17678 14907.3
0.17679 14907.3
0.17680 14907.3
0.17681 14907.3
0.17682 14907.3
0.17683 14907.3
0.17684 14907.3
0.17685 14907.3
0.17686 14907.3
0.17687 14907.3
0.17688 14907.3
0.17689 14907.3
0.17690 14907.3
0.17691 14907.3
0.17692 14907.3
0.17693 14907.3
0.17694 14907.3
0.17695 14907.3
0.17696 14907.3
0.17697 14907.3
0.17698 14907.3
0.17699 14907.3
0.17700 14907.3
0.17701 14907.3
0.17702 14907.3
0.17703 14907.3
0.17704 14907.3
0.17705 14907.3
0.17706 14907.3
0.17707 14907.3
0.17708 14907.3
0.17709 14907.3
0.17710 14907.3
0.17711 14907.3
0.17712 14907.3
0.17713 14907.3
0.17714 14907.3
0.17715 14907.3
0.17716 14907.3
0.17717 14907.3
0.17718 14907.3
0.17719 14907.3
0.17720 14907.3
0.17721 14907.3
0.17722 14907.3
0.17723 14907.3
0.17724 14907.3
0.17725 14907.3
0.17726 14907.3
0.17727 14907.3
0.17728 14907.3
0.17729 14907.3
0.17730 14907.3
0.17731 14907.3
0.17732 14907.3
0.17733 14907.3
0.17734 14907.3
0.17735 14907.3
0.17736 14907.3
0.17737 14907.3
0.17738 14907.3
0.17739 14907.3
0.17740 14907.3
0.17741 14907.3
0.17742 14907.3
0.17743 14907.3
0.17744 14907.3
0.17745 14907.3
0.17746 14907.3
0.17747 14907.3
0.17748 14907.3
0.17749 14907.3
0.17750 14907.3
0.17751 14907.3
0.17752 14907.3
0.17753 14907.3
0.17754 14907.3
0.17755 14907.3
0.17756 14907.3
0.17757 14907.3
0.17758 14907.3
0.17759 14907.3
0.17760 14907.3
0.17761 14907.3
0.17762 14907.3
0.17763 14907.3
0.17764 14907.3
0.17765 14907.3
0.17766 14907.3
0.17767 14907.3
0.17768 14907.3
0.17769 14907.3
0.17770 14907.3
0.17771 14907.3
0.17772 14907.3
0.17773 14907.3
0.17774 14907.3
0.17775 14907.3
0.17776 14907.3
0.17777 14907.3
0.17778 14907.3
0.17779 14907.3
0.17780 14907.3
0.17781 14907.3
0.17782 14907.3
0.17783 14907.3
0.17784 14907.3
0.17785 14907.3
0.17786 14907.3
0.17787 14907.3
0.17788 14907.3
0.17789 14907.3
0.17790 14907.3
0.17791 14907.3
0.17792 14907.3
0.17793 14907.3
0.17794 14907.3
0.17795 14907.3
0.17796 14907.3
0.17797 14907.3
0.17798 14907.3
0.17799 14907.3
0.17800 14907.3
0.17801 14907.3
0.17802 14907.3
0.17803 14907.3
0.17804 14907.3
0.17805 14907.3
0.17806 14907.3
0.17807 14907.3
0.17808 14907.3
0.17809 14907.3
0.17810 14907.3
0.17811 14907.3
0.17812 14907.3
0.17813 14907.3
0.17814 14907.3
0.17815 14907.3
0.17816 14907.3
0.17817 14907.3
0.17818 14907.3
0.17819 14907.3
0.17820 14907.3
0.17821 14907.3
0.17822 14907.3
0.17823 14907.3
0.17824 14907.3
0.17825 14907.3
0.17826 14907.3
0.17827 14907.3
0.17828 14907.3
0.17829 14907.3
0.17830 14907.3
0.17831 14907.3
0.17832 14907.3
0.17833 14907.3
0.17834 14907.3
0.17835 14907.3
0.17836 14907.3
0.17837 14907.3
0.17838 14907.3
0.17839 14907.3
0.17840 14907.3
0.17841 14907.3
0.17842 14907.3
0.17843 14907.3
0.17844 14907.3
0.17845 14907.3
0.17846 14907.3
0.17847 14907.3
0.17848 14907.3
0.17849 14907.3
0.17850 14907.3
0.17851 14907.3
0.17852 14907.3
0.17853 14907.3
0.17854 14907.3
0.17855 14907.3
0.17856 14907.3
0.17857 14907.3
0.17858 14907.3
0.17859 14907.3
0.17860 14907.3
0.17861 14907.3
0.17862 14907.3
0.17863 14907.3
0.17864 14907.3
0.17865 14907.3
0.17866 14907.3
0.17867 14907.3
0.17868 14907.3
0.17869 14907.3
0.17870 14907.3
0.17871 14907.3
0.17872 14907.3
0.17873 14907.3
0.17874 14907.3
0.17875 14907.3
0.17876 14907.3
0.17877 14907.3
0.17878 14907.3
0.17879 14907.3
0.17880 14907.3
0.17881 14907.3
0.17882 14907.3
0.17883 14907.3
0.17884 14907.3
0.17885 14907.3
0.17886 14907.3
0.17887 14907.3
0.17888 14907.3
0.17889 14907.3
0.17890 14907.3
0.17891 14907.3
0.17892 14907.3
0.17893 14907.3
0.17894 14907.3
0.17895 14907.3
0.17896 14907.3
0.17897 14907.3
0.17898 14907.3
0.17899 14907.3
0.17900 14907.3
0.17901 14907.3
0.17902 14907.3
0.17903 14907.3
0.17904 14907.3
0.17905 14907.3
0.17906 14907.3
0.17907 14907.3
0.17908 14907.3
0.17909 14907.3
0.17910 14907.3
0.17911 14907.3
0.17912 14907.3
0.17913 14907.3
0.17914 14907.3
0.17915 14907.3
0.17916 14907.3
0.17917 14907.3
0.17918 14907.3
0.17919 14907.3
0.17920 14907.3
0.17921 14907.3
0.17922 14907.3
0.17923 14907.3
0.17924 14907.3
0.17925 14907.3
0.17926 14907.3
0.17927 14907.3
0.17928 14907.3
0.17929 14907.3
0.17930 14907.3
0.17931 14907.3
0.17932 14907.3
0.17933 14907.3
0.17934 14907.3
0.17935 14907.3
0.17936 14907.3
0.17937 14907.3
0.17938 14907.3
0.17939 14907.3
0.17940 14907.3
0.17941 14907.3
0.17942 14907.3
0.17943 14907.3
0.17944 14907.3
0.17945 14907.3
0.17946 14907.3
0.17947 14907.3
0.17948 14907.3
0.17949 14907.3
0.17950 14907.3
0.17951 14907.3
0.17952 14907.3
0.17953 14907.3
0.17954 14907.3
0.17955 14907.3
0.17956 14907.3
0.17957 14907.3
0.17958 14907.3
0.17959 14907.3
0.17960 14907.3
0.17961 14907.3
0.17962 14907.3
0.17963 14907.3
0.17964 14907.3
0.17965 14907.3
0.17966 14907.3
0.17967 14907.3
0.17968 14907.3
0.17969 14907.3
0.17970 14907.3
0.17971 14907.3
0.17972 14907.3
0.17973 14907.3
0.17974 14907.3
0.17975 14907.3
0.17976 14907.3
0.17977 14907.3
0.17978 14907.3
0.17979 14907.3
0.17980 14907.3
0.17981 14907.3
0.17982 14907.3
0.17983 14907.3
0.17984 14907.3
0.17985 14907.3
0.17986 14907.3
0.17987 14907.3
0.17988 14907.3
0.17989 14907.3
0.17990 14907.3
0.17991 14907.3
0.17992 14907.3
0.17993 14907.3
0.17994 14907.3
0.17995 14907.3
0.17996 14907.3
0.17997 14907.3
0.17998 14907.3
0.17999 14907.3
0.18000 14907.3
0.18001 14907.3
0.18002 14907.3
0.18003 14907.3
0.18004 14907.3
0.18005 14907.3
0.18006 14907.3
0.18007 14907.3
0.18008 14907.3
0.18009 14907.3
0.18010 14907.3
0.18011 14907.3
0.18012 14907.3
0.18013 14907.3
0.18014 14907.3
0.18015 14907.3
0.18016 14907.3
0.18017 14907.3
0.18018 14907.3
0.18019 14907.3
0.18020 14907.3
0.18021 14907.3
0.18022 14907.3
0.18023 14907.3
0.18024 14907.3
0.18025 14907.3
0.18026 14907.3
0.18027 14907.3
0.18028 14907.3
0.18029 14907.3
0.18030 14907.3
0.18031 14907.3
0.18032 14907.3
0.18033 14907.3
0.18034 14907.3
0.18035 14907.3
0.18036 14907.3
0.18037 14907.3
0.18038 14907.3
0.18039 14907.3
0.18040 14907.3
0.18041 14907.3
0.18042 14907.3
0.18043 14907.3
0.18044 14907.3
0.18045 14907.3
0.18046 14907.3
0.18047 14907.3
0.18048 14907.3
0.18049 14907.3
0.18050 14907.3
0.18051 14907.3
0.18052 14907.3
0.18053 14907.3
0.18054 14907.3
0.18055 14907.3
0.18056 14907.3
0.18057 14907.3
0.18058 14907.3
0.18059 14907.3
0.18060 14907.3
0.18061 14907.3
0.18062 14907.3
0.18063 14907.3
0.18064 14907.3
0.18065 14907.3
0.18066 14907.3
0.18067 14907.3
0.18068 14907.3
0.18069 14907.3
0.18070 14907.3
0.18071 14907.3
0.18072 14907.3
0.18073 14907.3
0.18074 14907.3
0.18075 14907.3
0.18076 14907.3
0.18077 14907.3
0.18078 14907.3
0.18079 14907.3
0.18080 14907.3
0.18081 14907.3
0.18082 14907.3
0.18083 14907.3
0.18084 14907.3
0.18085 14907.3
0.18086 14907.3
0.18087 14907.3
0.18088 14907.3
0.18089 14907.3
0.18090 14907.3
0.18091 14907.3
0.18092 14907.3
0.18093 14907.3
0.18094 14907.3
0.18095 14907.3
0.18096 14907.3
0.18097 14907.3
0.18098 14907.3
0.18099 14907.3
0.18100 14907.3
0.18101 14907.3
0.18102 14907.3
0.18103 14907.3
0.18104 14907.3
0.18105 14907.3
0.18106 14907.3
0.18107 14907.3
0.18108 14907.3
0.18109 14907.3
0.18110 14907.3
0.18111 14907.3
0.18112 14907.3
0.18113 14907.3
0.18114 14907.3
0.18115 14907.3
0.18116 14907.3
0.18117 14907.3
0.18118 14907.3
0.18119 14907.3
0.18120 14907.3
0.18121 14907.3
0.18122 14907.3
0.18123 14907.3
0.18124 14907.3
0.18125 14907.3
0.18126 14907.3
0.18127 14907.3
0.18128 14907.3
0.18129 14907.3
0.18130 14907.3
0.18131 14907.3
0.18132 14907.3
0.18133 14907.3
0.18134 14907.3
0.18135 14907.3
0.18136 14907.3
0.18137 14907.3
0.18138 14907.3
0.18139 14907.3
0.18140 14907.3
0.18141 14907.3
0.18142 14907.3
0.18143 14907.3
0.18144 14907.3
0.18145 14907.3
0.18146 14907.3
0.18147 14907.3
0.18148 14907.3
0.18149 14907.3
0.18150 14907.3
0.18151 14907.3
0.18152 14907.3
0.18153 14907.3
0.18154 14907.3
0.18155 14907.3
0.18156 14907.3
0.18157 14907.3
0.18158 14907.3
0.18159 14907.3
0.18160 14907.3
0.18161 14907.3
0.18162 14907.3
0.18163 14907.3
0.18164 14907.3
0.18165 14907.3
0.18166 14907.3
0.18167 14907.3
0.18168 14907.3
0.18169 14907.3
0.18170 14907.3
0.18171 14907.3
0.18172 14907.3
0.18173 14907.3
0.18174 14907.3
0.18175 14907.3
0.18176 14907.3
0.18177 14907.3
0.18178 14907.3
0.18179 14907.3
0.18180 14907.3
0.18181 14907.3
0.18182 14907.3
0.18183 14907.3
0.18184 14907.3
0.18185 14907.3
0.18186 14907.3
0.18187 14907.3
0.18188 14907.3
0.18189 14907.3
0.18190 14907.3
0.18191 14907.3
0.18192 14907.3
0.18193 14907.3
0.18194 14907.3
0.18195 14907.3
0.18196 14907.3
0.18197 14907.3
0.18198 14907.3
0.18199 14907.3
0.18200 14907.3
0.18201 14907.3
0.18202 14907.3
0.18203 14907.3
0.18204 14907.3
0.18205 14907.3
0.18206 14907.3
0.18207 14907.3
0.18208 14907.3
0.18209 14907.3
0.18210 14907.3
0.18211 14907.3
0.18212 14907.3
0.18213 14907.3
0.18214 14907.3
0.18215 14907.3
0.18216 14907.3
0.18217 14907.3
0.18218 14907.3
0.18219 14907.3
0.18220 14907.3
0.18221 14907.3
0.18222 14907.3
0.18223 14907.3
0.18224 14907.3
0.18225 14907.3
0.18226 14907.3
0.18227 14907.3
0.18228 14907.3
0.18229 14907.3
0.18230 14907.3
0.18231 14907.3
0.18232 14907.3
0.18233 14907.3
0.18234 14907.3
0.18235 14907.3
0.18236 14907.3
0.18237 14907.3
0.18238 14907.3
0.18239 14907.3
0.18240 14907.3
0.18241 14907.3
0.18242 14907.3
0.18243 14907.3
0.18244 14907.3
0.18245 14907.3
0.18246 14907.3
0.18247 14907.3
0.18248 14907.3
0.18249 14907.3
0.18250 14907.3
0.18251 14907.3
0.18252 14907.3
0.18253 14907.3
0.18254 14907.3
0.18255 14907.3
0.18256 14907.3
0.18257 14907.3
0.18258 14907.3
0.18259 14907.3
0.18260 14907.3
0.18261 14907.3
0.18262 14907.3
0.18263 14907.3
0.18264 14907.3
0.18265 14907.3
0.18266 14907.3
0.18267 14907.3
0.18268 14907.3
0.18269 14907.3
0.18270 14907.3
0.18271 14907.3
0.18272 14907.3
0.18273 14907.3
0.18274 14907.3
0.18275 14907.3
0.18276 14907.3
0.18277 14907.3
0.18278 14907.3
0.18279 14907.3
0.18280 14907.3
0.18281 14907.3
0.18282 14907.3
0.18283 14907.3
0.18284 14907.3
0.18285 14907.3
0.18286 14907.3
0.18287 14907.3
0.18288 14907.3
0.18289 14907.3
0.18290 14907.3
0.18291 14907.3
0.18292 14907.3
0.18293 14907.3
0.18294 14907.3
0.18295 14907.3
0.18296 14907.3
0.18297 14907.3
0.18298 14907.3
0.18299 14907.3
0.18300 14907.3
0.18301 14907.3
0.18302 14907.3
0.18303 14907.3
0.18304 14907.3
0.18305 14907.3
0.18306 14907.3
0.18307 14907.3
0.18308 14907.3
0.18309 14907.3
0.18310 14907.3
0.18311 14907.3
0.18312 14907.3
0.18313 14907.3
0.18314 14907.3
0.18315 14907.3
0.18316 14907.3
0.18317 14907.3
0.18318 14907.3
0.18319 14907.3
0.18320 14907.3
0.18321 14907.3
0.18322 14907.3
0.18323 14907.3
0.18324 14907.3
0.18325 14907.3
0.18326 14907.3
0.18327 14907.3
0.18328 14907.3
0.18329 14907.3
0.18330 14907.3
0.18331 14907.3
0.18332 14907.3
0.18333 14907.3
0.18334 14907.3
0.18335 14907.3
0.18336 14907.3
0.18337 14907.3
0.18338 14907.3
0.18339 14907.3
0.18340 14907.3
0.18341 14907.3
0.18342 14907.3
0.18343 14907.3
0.18344 14907.3
0.18345 14907.3
0.18346 14907.3
0.18347 14907.3
0.18348 14907.3
0.18349 14907.3
0.18350 14907.3
0.18351 14907.3
0.18352 14907.3
0.18353 14907.3
0.18354 14907.3
0.18355 14907.3
0.18356 14907.3
0.18357 14907.3
0.18358 14907.3
0.18359 14907.3
0.18360 14907.3
0.18361 14907.3
0.18362 14907.3
0.18363 14907.3
0.18364 14907.3
0.18365 14907.3
0.18366 14907.3
0.18367 14907.3
0.18368 14907.3
0.18369 14907.3
0.18370 14907.3
0.18371 14907.3
0.18372 14907.3
0.18373 14907.3
0.18374 14907.3
0.18375 14907.3
0.18376 14907.3
0.18377 14907.3
0.18378 14907.3
0.18379 14907.3
0.18380 14907.3
0.18381 14907.3
0.18382 14907.3
0.18383 14907.3
0.18384 14907.3
0.18385 14907.3
0.18386 14907.3
0.18387 14907.3
0.18388 14907.3
0.18389 14907.3
0.18390 14907.3
0.18391 14907.3
0.18392 14907.3
0.18393 14907.3
0.18394 14907.3
0.18395 14907.3
0.18396 14907.3
0.18397 14907.3
0.18398 14907.3
0.18399 14907.3
0.18400 14907.3
0.18401 14907.3
0.18402 14907.3
0.18403 14907.3
0.18404 14907.3
0.18405 14907.3
0.18406 14907.3
0.18407 14907.3
0.18408 14907.3
0.18409 14907.3
0.18410 14907.3
0.18411 14907.3
0.18412 14907.3
0.18413 14907.3
0.18414 14907.3
0.18415 14907.3
0.18416 14907.3
0.18417 14907.3
0.18418 14907.3
0.18419 14907.3
0.18420 14907.3
0.18421 14907.3
0.18422 14907.3
0.18423 14907.3
0.18424 14907.3
0.18425 14907.3
0.18426 14907.3
0.18427 14907.3
0.18428 14907.3
0.18429 14907.3
0.18430 14907.3
0.18431 14907.3
0.18432 14907.3
0.18433 14907.3
0.18434 14907.3
0.18435 14907.3
0.18436 14907.3
0.18437 14907.3
0.18438 14907.3
0.18439 14907.3
0.18440 14907.3
0.18441 14907.3
0.18442 14907.3
0.18443 14907.3
0.18444 14907.3
0.18445 14907.3
0.18446 14907.3
0.18447 14907.3
0.18448 14907.3
0.18449 14907.3
0.18450 14907.3
0.18451 14907.3
0.18452 14907.3
0.18453 14907.3
0.18454 14907.3
0.18455 14907.3
0.18456 14907.3
0.18457 14907.3
0.18458 14907.3
0.18459 14907.3
0.18460 14907.3
0.18461 14907.3
0.18462 14907.3
0.18463 14907.3
0.18464 14907.3
0.18465 14907.3
0.18466 14907.3
0.18467 14907.3
0.18468 14907.3
0.18469 14907.3
0.18470 14907.3
0.18471 14907.3
0.18472 14907.3
0.18473 14907.3
0.18474 14907.3
0.18475 14907.3
0.18476 14907.3
0.18477 14907.3
0.18478 14907.3
0.18479 14907.3
0.18480 14907.3
0.18481 14907.3
0.18482 14907.3
0.18483 14907.3
0.18484 14907.3
0.18485 14907.3
0.18486 14907.3
0.18487 14907.3
0.18488 14907.3
0.18489 14907.3
0.18490 14907.3
0.18491 14907.3
0.18492 14907.3
0.18493 14907.3
0.18494 14907.3
0.18495 14907.3
0.18496 14907.3
0.18497 14907.3
0.18498 14907.3
0.18499 14907.3
0.18500 14907.3
0.18501 14907.3
0.18502 14907.3
0.18503 14907.3
0.18504 14907.3
0.18505 14907.3
0.18506 14907.3
0.18507 14907.3
0.18508 14907.3
0.18509 14907.3
0.18510 14907.3
0.18511 14907.3
0.18512 14907.3
0.18513 14907.3
0.18514 14907.3
0.18515 14907.3
0.18516 14907.3
0.18517 14907.3
0.18518 14907.3
0.18519 14907.3
0.18520 14907.3
0.18521 14907.3
0.18522 14907.3
0.18523 14907.3
0.18524 14907.3
0.18525 14907.3
0.18526 14907.3
0.18527 14907.3
0.18528 14907.3
0.18529 14907.3
0.18530 14907.3
0.18531 14907.3
0.18532 14907.3
0.18533 14907.3
0.18534 14907.3
0.18535 14907.3
0.18536 14907.3
0.18537 14907.3
0.18538 14907.3
0.18539 14907.3
0.18540 14907.3
0.18541 14907.3
0.18542 14907.3
0.18543 14907.3
0.18544 14907.3
0.18545 14907.3
0.18546 14907.3
0.18547 14907.3
0.18548 14907.3
0.18549 14907.3
0.18550 14907.3
0.18551 14907.3
0.18552 14907.3
0.18553 14907.3
0.18554 14907.3
0.18555 14907.3
0.18556 14907.3
0.18557 14907.3
0.18558 14907.3
0.18559 14907.3
0.18560 14907.3
0.18561 14907.3
0.18562 14907.3
0.18563 14907.3
0.18564 14907.3
0.18565 14907.3
0.18566 14907.3
0.18567 14907.3
0.18568 14907.3
0.18569 14907.3
0.18570 14907.3
0.18571 14907.3
0.18572 14907.3
0.18573 14907.3
0.18574 14907.3
0.18575 14907.3
0.18576 14907.3
0.18577 14907.3
0.18578 14907.3
0.18579 14907.3
0.18580 14907.3
0.18581 14907.3
0.18582 14907.3
0.18583 14907.3
0.18584 14907.3
0.18585 14907.3
0.18586 14907.3
0.18587 14907.3
0.18588 14907.3
0.18589 14907.3
0.18590 14907.3
0.18591 14907.3
0.18592 14907.3
0.18593 14907.3
0.18594 14907.3
0.18595 14907.3
0.18596 14907.3
0.18597 14907.3
0.18598 14907.3
0.18599 14907.3
0.18600 14907.3
0.18601 14907.3
0.18602 14907.3
0.18603 14907.3
0.18604 14907.3
0.18605 14907.3
0.18606 14907.3
0.18607 14907.3
0.18608 14907.3
0.18609 14907.3
0.18610 14907.3
0.18611 14907.3
0.18612 14907.3
0.18613 14907.3
0.18614 14907.3
0.18615 14907.3
0.18616 14907.3
0.18617 14907.3
0.18618 14907.3
0.18619 14907.3
0.18620 14907.3
0.18621 14907.3
0.18622 14907.3
0.18623 14907.3
0.18624 14907.3
0.18625 14907.3
0.18626 14907.3
0.18627 14907.3
0.18628 14907.3
0.18629 14907.3
0.18630 14907.3
0.18631 14907.3
0.18632 14907.3
0.18633 14907.3
0.18634 14907.3
0.18635 14907.3
0.18636 14907.3
0.18637 14907.3
0.18638 14907.3
0.18639 14907.3
0.18640 14907.3
0.18641 14907.3
0.18642 14907.3
0.18643 14907.3
0.18644 14907.3
0.18645 14907.3
0.18646 14907.3
0.18647 14907.3
0.18648 14907.3
0.18649 14907.3
0.18650 14907.3
0.18651 14907.3
0.18652 14907.3
0.18653 14907.3
0.18654 14907.3
0.18655 14907.3
0.18656 14907.3
0.18657 14907.3
0.18658 14907.3
0.18659 14907.3
0.18660 14907.3
0.18661 14907.3
0.18662 14907.3
0.18663 14907.3
0.18664 14907.3
0.18665 14907.3
0.18666 14907.3
0.18667 14907.3
0.18668 14907.3
0.18669 14907.3
0.18670 14907.3
0.18671 14907.3
0.18672 14907.3
0.18673 14907.3
0.18674 14907.3
0.18675 14907.3
0.18676 14907.3
0.18677 14907.3
0.18678 14907.3
0.18679 14907.3
0.18680 14907.3
0.18681 14907.3
0.18682 14907.3
0.18683 14907.3
0.18684 14907.3
0.18685 14907.3
0.18686 14907.3
0.18687 14907.3
0.18688 14907.3
0.18689 14907.3
0.18690 14907.3
0.18691 14907.3
0.18692 14907.3
0.18693 14907.3
0.18694 14907.3
0.18695 14907.3
0.18696 14907.3
0.18697 14907.3
0.18698 14907.3
0.18699 14907.3
0.18700 14907.3
0.18701 14907.3
0.18702 14907.3
0.18703 14907.3
0.18704 14907.3
0.18705 14907.3
0.18706 14907.3
0.18707 14907.3
0.18708 14907.3
0.18709 14907.3
0.18710 14907.3
0.18711 14907.3
0.18712 14907.3
0.18713 14907.3
0.18714 14907.3
0.18715 14907.3
0.18716 14907.3
0.18717 14907.3
0.18718 14907.3
0.18719 14907.3
0.18720 14907.3
0.18721 14907.3
0.18722 14907.3
0.18723 14907.3
0.18724 14907.3
0.18725 14907.3
0.18726 14907.3
0.18727 14907.3
0.18728 14907.3
0.18729 14907.3
0.18730 14907.3
0.18731 14907.3
0.18732 14907.3
0.18733 14907.3
0.18734 14907.3
0.18735 14907.3
0.18736 14907.3
0.18737 14907.3
0.18738 14907.3
0.18739 14907.3
0.18740 14907.3
0.18741 14907.3
0.18742 14907.3
0.18743 14907.3
0.18744 14907.3
0.18745 14907.3
0.18746 14907.3
0.18747 14907.3
0.18748 14907.3
0.18749 14907.3
0.18750 14907.3
0.18751 14907.3
0.18752 14907.3
0.18753 14907.3
0.18754 14907.3
0.18755 14907.3
0.18756 14907.3
0.18757 14907.3
0.18758 14907.3
0.18759 14907.3
0.18760 14907.3
0.18761 14907.3
0.18762 14907.3
0.18763 14907.3
0.18764 14907.3
0.18765 14907.3
0.18766 14907.3
0.18767 14907.3
0.18768 14907.3
0.18769 14907.3
0.18770 14907.3
0.18771 14907.3
0.18772 14907.3
0.18773 14907.3
0.18774 14907.3
0.18775 14907.3
0.18776 14907.3
0.18777 14907.3
0.18778 14907.3
0.18779 14907.3
0.18780 14907.3
0.18781 14907.3
0.18782 14907.3
0.18783 14907.3
0.18784 14907.3
0.18785 14907.3
0.18786 14907.3
0.18787 14907.3
0.18788 14907.3
0.18789 14907.3
0.18790 14907.3
0.18791 14907.3
0.18792 14907.3
0.18793 14907.3
0.18794 14907.3
0.18795 14907.3
0.18796 14907.3
0.18797 14907.3
0.18798 14907.3
0.18799 14907.3
0.18800 14907.3
0.18801 14907.3
0.18802 14907.3
0.18803 14907.3
0.18804 14907.3
0.18805 14907.3
0.18806 14907.3
0.18807 14907.3
0.18808 14907.3
0.18809 14907.3
0.18810 14907.3
0.18811 14907.3
0.18812 14907.3
0.18813 14907.3
0.18814 14907.3
0.18815 14907.3
0.18816 14907.3
0.18817 14907.3
0.18818 14907.3
0.18819 14907.3
0.18820 14907.3
0.18821 14907.3
0.18822 14907.3
0.18823 14907.3
0.18824 14907.3
0.18825 14907.3
0.18826 14907.3
0.18827 14907.3
0.18828 14907.3
0.18829 14907.3
0.18830 14907.3
0.18831 14907.3
0.18832 14907.3
0.18833 14907.3
0.18834 14907.3
0.18835 14907.3
0.18836 14907.3
0.18837 14907.3
0.18838 14907.3
0.18839 14907.3
0.18840 14907.3
0.18841 14907.3
0.18842 14907.3
0.18843 14907.3
0.18844 14907.3
0.18845 14907.3
0.18846 14907.3
0.18847 14907.3
0.18848 14907.3
0.18849 14907.3
0.18850 14907.3
0.18851 14907.3
0.18852 14907.3
0.18853 14907.3
0.18854 14907.3
0.18855 14907.3
0.18856 14907.3
0.18857 14907.3
0.18858 14907.3
0.18859 14907.3
0.18860 14907.3
0.18861 14907.3
0.18862 14907.3
0.18863 14907.3
0.18864 14907.3
0.18865 14907.3
0.18866 14907.3
0.18867 14907.3
0.18868 14907.3
0.18869 14907.3
0.18870 14907.3
0.18871 14907.3
0.18872 14907.3
0.18873 14907.3
0.18874 14907.3
0.18875 14907.3
0.18876 14907.3
0.18877 14907.3
0.18878 14907.3
0.18879 14907.3
0.18880 14907.3
0.18881 14907.3
0.18882 14907.3
0.18883 14907.3
0.18884 14907.3
0.18885 14907.3
0.18886 14907.3
0.18887 14907.3
0.18888 14907.3
0.18889 14907.3
0.18890 14907.3
0.18891 14907.3
0.18892 14907.3
0.18893 14907.3
0.18894 14907.3
0.18895 14907.3
0.18896 14907.3
0.18897 14907.3
0.18898 14907.3
0.18899 14907.3
0.18900 14907.3
0.18901 14907.3
0.18902 14907.3
0.18903 14907.3
0.18904 14907.3
0.18905 14907.3
0.18906 14907.3
0.18907 14907.3
0.18908 14907.3
0.18909 14907.3
0.18910 14907.3
0.18911 14907.3
0.18912 14907.3
0.18913 14907.3
0.18914 14907.3
0.18915 14907.3
0.18916 14907.3
0.18917 14907.3
0.18918 14907.3
0.18919 14907.3
0.18920 14907.3
0.18921 14907.3
0.18922 14907.3
0.18923 14907.3
0.18924 14907.3
0.18925 14907.3
0.18926 14907.3
0.18927 14907.3
0.18928 14907.3
0.18929 14907.3
0.18930 14907.3
0.18931 14907.3
0.18932 14907.3
0.18933 14907.3
0.18934 14907.3
0.18935 14907.3
0.18936 14907.3
0.18937 14907.3
0.18938 14907.3
0.18939 14907.3
0.18940 14907.3
0.18941 14907.3
0.18942 14907.3
0.18943 14907.3
0.18944 14907.3
0.18945 14907.3
0.18946 14907.3
0.18947 14907.3
0.18948 14907.3
0.18949 14907.3
0.18950 14907.3
0.18951 14907.3
0.18952 14907.3
0.18953 14907.3
0.18954 14907.3
0.18955 14907.3
0.18956 14907.3
0.18957 14907.3
0.18958 14907.3
0.18959 14907.3
0.18960 14907.3
0.18961 14907.3
0.18962 14907.3
0.18963 14907.3
0.18964 14907.3
0.18965 14907.3
0.18966 14907.3
0.18967 14907.3
0.18968 14907.3
0.18969 14907.3
0.18970 14907.3
0.18971 14907.3
0.18972 14907.3
0.18973 14907.3
0.18974 14907.3
0.18975 14907.3
0.18976 14907.3
0.18977 14907.3
0.18978 14907.3
0.18979 14907.3
0.18980 14907.3
0.18981 14907.3
0.18982 14907.3
0.18983 14907.3
0.18984 14907.3
0.18985 14907.3
0.18986 14907.3
0.18987 14907.3
0.18988 14907.3
0.18989 14907.3
0.18990 14907.3
0.18991 14907.3
0.18992 14907.3
0.18993 14907.3
0.18994 14907.3
0.18995 14907.3
0.18996 14907.3
0.18997 14907.3
0.18998 14907.3
0.18999 14907.3
0.19000 14907.3
0.19001 14907.3
0.19002 14907.3
0.19003 14907.3
0.19004 14907.3
0.19005 14907.3
0.19006 14907.3
0.19007 14907.3
0.19008 14907.3
0.19009 14907.3
0.19010 14907.3
0.19011 14907.3
0.19012 14907.3
0.19013 14907.3
0.19014 14907.3
0.19015 14907.3
0.19016 14907.3
0.19017 14907.3
0.19018 14907.3
0.19019 14907.3
0.19020 14907.3
0.19021 14907.3
0.19022 14907.3
0.19023 14907.3
0.19024 14907.3
0.19025 14907.3
0.19026 14907.3
0.19027 14907.3
0.19028 14907.3
0.19029 14907.3
0.19030 14907.3
0.19031 14907.3
0.19032 14907.3
0.19033 14907.3
0.19034 14907.3
0.19035 14907.3
0.19036 14907.3
0.19037 14907.3
0.19038 14907.3
0.19039 14907.3
0.19040 14907.3
0.19041 14907.3
0.19042 14907.3
0.19043 14907.3
0.19044 14907.3
0.19045 14907.3
0.19046 14907.3
0.19047 14907.3
0.19048 14907.3
0.19049 14907.3
0.19050 14907.3
0.19051 14907.3
0.19052 14907.3
0.19053 14907.3
0.19054 14907.3
0.19055 14907.3
0.19056 14907.3
0.19057 14907.3
0.19058 14907.3
0.19059 14907.3
0.19060 14907.3
0.19061 14907.3
0.19062 14907.3
0.19063 14907.3
0.19064 14907.3
0.19065 14907.3
0.19066 14907.3
0.19067 14907.3
0.19068 14907.3
0.19069 14907.3
0.19070 14907.3
0.19071 14907.3
0.19072 14907.3
0.19073 14907.3
0.19074 14907.3
0.19075 14907.3
0.19076 14907.3
0.19077 14907.3
0.19078 14907.3
0.19079 14907.3
0.19080 14907.3
0.19081 14907.3
0.19082 14907.3
0.19083 14907.3
0.19084 14907.3
0.19085 14907.3
0.19086 14907.3
0.19087 14907.3
0.19088 14907.3
0.19089 14907.3
0.19090 14907.3
0.19091 14907.3
0.19092 14907.3
0.19093 14907.3
0.19094 14907.3
0.19095 14907.3
0.19096 14907.3
0.19097 14907.3
0.19098 14907.3
0.19099 14907.3
0.19100 14907.3
0.19101 14907.3
0.19102 14907.3
0.19103 14907.3
0.19104 14907.3
0.19105 14907.3
0.19106 14907.3
0.19107 14907.3
0.19108 14907.3
0.19109 14907.3
0.19110 14907.3
0.19111 14907.3
0.19112 14907.3
0.19113 14907.3
0.19114 14907.3
0.19115 14907.3
0.19116 14907.3
0.19117 14907.3
0.19118 14907.3
0.19119 14907.3
0.19120 14907.3
0.19121 14907.3
0.19122 14907.3
0.19123 14907.3
0.19124 14907.3
0.19125 14907.3
0.19126 14907.3
0.19127 14907.3
0.19128 14907.3
0.19129 14907.3
0.19130 14907.3
0.19131 14907.3
0.19132 14907.3
0.19133 14907.3
0.19134 14907.3
0.19135 14907.3
0.19136 14907.3
0.19137 14907.3
0.19138 14907.3
0.19139 14907.3
0.19140 14907.3
0.19141 14907.3
0.19142 14907.3
0.19143 14907.3
0.19144 14907.3
0.19145 14907.3
0.19146 14907.3
0.19147 14907.3
0.19148 14907.3
0.19149 14907.3
0.19150 14907.3
0.19151 14907.3
0.19152 14907.3
0.19153 14907.3
0.19154 14907.3
0.19155 14907.3
0.19156 14907.3
0.19157 14907.3
0.19158 14907.3
0.19159 14907.3
0.19160 14907.3
0.19161 14907.3
0.19162 14907.3
0.19163 14907.3
0.19164 14907.3
0.19165 14907.3
0.19166 14907.3
0.19167 14907.3
0.19168 14907.3
0.19169 14907.3
0.19170 14907.3
0.19171 14907.3
0.19172 14907.3
0.19173 14907.3
0.19174 14907.3
0.19175 14907.3
0.19176 14907.3
0.19177 14907.3
0.19178 14907.3
0.19179 14907.3
0.19180 14907.3
0.19181 14907.3
0.19182 14907.3
0.19183 14907.3
0.19184 14907.3
0.19185 14907.3
0.19186 14907.3
0.19187 14907.3
0.19188 14907.3
0.19189 14907.3
0.19190 14907.3
0.19191 14907.3
0.19192 14907.3
0.19193 14907.3
0.19194 14907.3
0.19195 14907.3
0.19196 14907.3
0.19197 14907.3
0.19198 14907.3
0.19199 14907.3
0.19200 14907.3
0.19201 14907.3
0.19202 14907.3
0.19203 14907.3
0.19204 14907.3
0.19205 14907.3
0.19206 14907.3
0.19207 14907.3
0.19208 14907.3
0.19209 14907.3
0.19210 14907.3
0.19211 14907.3
0.19212 14907.3
0.19213 14907.3
0.19214 14907.3
0.19215 14907.3
0.19216 14907.3
0.19217 14907.3
0.19218 14907.3
0.19219 14907.3
0.19220 14907.3
0.19221 14907.3
0.19222 14907.3
0.19223 14907.3
0.19224 14907.3
0.19225 14907.3
0.19226 14907.3
0.19227 14907.3
0.19228 14907.3
0.19229 14907.3
0.19230 14907.3
0.19231 14907.3
0.19232 14907.3
0.19233 14907.3
0.19234 14907.3
0.19235 14907.3
0.19236 14907.3
0.19237 14907.3
0.19238 14907.3
0.19239 14907.3
0.19240 14907.3
0.19241 14907.3
0.19242 14907.3
0.19243 14907.3
0.19244 14907.3
0.19245 14907.3
0.19246 14907.3
0.19247 14907.3
0.19248 14907.3
0.19249 14907.3
0.19250 14907.3
0.19251 14907.3
0.19252 14907.3
0.19253 14907.3
0.19254 14907.3
0.19255 14907.3
0.19256 14907.3
0.19257 14907.3
0.19258 14907.3
0.19259 14907.3
0.19260 14907.3
0.19261 14907.3
0.19262 14907.3
0.19263 14907.3
0.19264 14907.3
0.19265 14907.3
0.19266 14907.3
0.19267 14907.3
0.19268 14907.3
0.19269 14907.3
0.19270 14907.3
0.19271 14907.3
0.19272 14907.3
0.19273 14907.3
0.19274 14907.3
0.19275 14907.3
0.19276 14907.3
0.19277 14907.3
0.19278 14907.3
0.19279 14907.3
0.19280 14907.3
0.19281 14907.3
0.19282 14907.3
0.19283 14907.3
0.19284 14907.3
0.19285 14907.3
0.19286 14907.3
0.19287 14907.3
0.19288 14907.3
0.19289 14907.3
0.19290 14907.3
0.19291 14907.3
0.19292 14907.3
0.19293 14907.3
0.19294 14907.3
0.19295 14907.3
0.19296 14907.3
0.19297 14907.3
0.19298 14907.3
0.19299 14907.3
0.19300 14907.3
0.19301 14907.3
0.19302 14907.3
0.19303 14907.3
0.19304 14907.3
0.19305 14907.3
0.19306 14907.3
0.19307 14907.3
0.19308 14907.3
0.19309 14907.3
0.19310 14907.3
0.19311 14907.3
0.19312 14907.3
0.19313 14907.3
0.19314 14907.3
0.19315 14907.3
0.19316 14907.3
0.19317 14907.3
0.19318 14907.3
0.19319 14907.3
0.19320 14907.3
0.19321 14907.3
0.19322 14907.3
0.19323 14907.3
0.19324 14907.3
0.19325 14907.3
0.19326 14907.3
0.19327 14907.3
0.19328 14907.3
0.19329 14907.3
0.19330 14907.3
0.19331 14907.3
0.19332 14907.3
0.19333 14907.3
0.19334 14907.3
0.19335 14907.3
0.19336 14907.3
0.19337 14907.3
0.19338 14907.3
0.19339 14907.3
0.19340 14907.3
0.19341 14907.3
0.19342 14907.3
0.19343 14907.3
0.19344 14907.3
0.19345 14907.3
0.19346 14907.3
0.19347 14907.3
0.19348 14907.3
0.19349 14907.3
0.19350 14907.3
0.19351 14907.3
0.19352 14907.3
0.19353 14907.3
0.19354 14907.3
0.19355 14907.3
0.19356 14907.3
0.19357 14907.3
0.19358 14907.3
0.19359 14907.3
0.19360 14907.3
0.19361 14907.3
0.19362 14907.3
0.19363 14907.3
0.19364 14907.3
0.19365 14907.3
0.19366 14907.3
0.19367 14907.3
0.19368 14907.3
0.19369 14907.3
0.19370 14907.3
0.19371 14907.3
0.19372 14907.3
0.19373 14907.3
0.19374 14907.3
0.19375 14907.3
0.19376 14907.3
0.19377 14907.3
0.19378 14907.3
0.19379 14907.3
0.19380 14907.3
0.19381 14907.3
0.19382 14907.3
0.19383 14907.3
0.19384 14907.3
0.19385 14907.3
0.19386 14907.3
0.19387 14907.3
0.19388 14907.3
0.19389 14907.3
0.19390 14907.3
0.19391 14907.3
0.19392 14907.3
0.19393 14907.3
0.19394 14907.3
0.19395 14907.3
0.19396 14907.3
0.19397 14907.3
0.19398 14907.3
0.19399 14907.3
0.19400 14907.3
0.19401 14907.3
0.19402 14907.3
0.19403 14907.3
0.19404 14907.3
0.19405 14907.3
0.19406 14907.3
0.19407 14907.3
0.19408 14907.3
0.19409 14907.3
0.19410 14907.3
0.19411 14907.3
0.19412 14907.3
0.19413 14907.3
0.19414 14907.3
0.19415 14907.3
0.19416 14907.3
0.19417 14907.3
0.19418 14907.3
0.19419 14907.3
0.19420 14907.3
0.19421 14907.3
0.19422 14907.3
0.19423 14907.3
0.19424 14907.3
0.19425 14907.3
0.19426 14907.3
0.19427 14907.3
0.19428 14907.3
0.19429 14907.3
0.19430 14907.3
0.19431 14907.3
0.19432 14907.3
0.19433 14907.3
0.19434 14907.3
0.19435 14907.3
0.19436 14907.3
0.19437 14907.3
0.19438 14907.3
0.19439 14907.3
0.19440 14907.3
0.19441 14907.3
0.19442 14907.3
0.19443 14907.3
0.19444 14907.3
0.19445 14907.3
0.19446 14907.3
0.19447 14907.3
0.19448 14907.3
0.19449 14907.3
0.19450 14907.3
0.19451 14907.3
0.19452 14907.3
0.19453 14907.3
0.19454 14907.3
0.19455 14907.3
0.19456 14907.3
0.19457 14907.3
0.19458 14907.3
0.19459 14907.3
0.19460 14907.3
0.19461 14907.3
0.19462 14907.3
0.19463 14907.3
0.19464 14907.3
0.19465 14907.3
0.19466 14907.3
0.19467 14907.3
0.19468 14907.3
0.19469 14907.3
0.19470 14907.3
0.19471 14907.3
0.19472 14907.3
0.19473 14907.3
0.19474 14907.3
0.19475 14907.3
0.19476 14907.3
0.19477 14907.3
0.19478 14907.3
0.19479 14907.3
0.19480 14907.3
0.19481 14907.3
0.19482 14907.3
0.19483 14907.3
0.19484 14907.3
0.19485 14907.3
0.19486 14907.3
0.19487 14907.3
0.19488 14907.3
0.19489 14907.3
0.19490 14907.3
0.19491 14907.3
0.19492 14907.3
0.19493 14907.3
0.19494 14907.3
0.19495 14907.3
0.19496 14907.3
0.19497 14907.3
0.19498 14907.3
0.19499 14907.3
0.19500 14907.3
0.19501 14907.3
0.19502 14907.3
0.19503 14907.3
0.19504 14907.3
0.19505 14907.3
0.19506 14907.3
0.19507 14907.3
0.19508 14907.3
0.19509 14907.3
0.19510 14907.3
0.19511 14907.3
0.19512 14907.3
0.19513 14907.3
0.19514 14907.3
0.19515 14907.3
0.19516 14907.3
0.19517 14907.3
0.19518 14907.3
0.19519 14907.3
0.19520 14907.3
0.19521 14907.3
0.19522 14907.3
0.19523 14907.3
0.19524 14907.3
0.19525 14907.3
0.19526 14907.3
0.19527 14907.3
0.19528 14907.3
0.19529 14907.3
0.19530 14907.3
0.19531 14907.3
0.19532 14907.3
0.19533 14907.3
0.19534 14907.3
0.19535 14907.3
0.19536 14907.3
0.19537 14907.3
0.19538 14907.3
0.19539 14907.3
0.19540 14907.3
0.19541 14907.3
0.19542 14907.3
0.19543 14907.3
0.19544 14907.3
0.19545 14907.3
0.19546 14907.3
0.19547 14907.3
0.19548 14907.3
0.19549 14907.3
0.19550 14907.3
0.19551 14907.3
0.19552 14907.3
0.19553 14907.3
0.19554 14907.3
0.19555 14907.3
0.19556 14907.3
0.19557 14907.3
0.19558 14907.3
0.19559 14907.3
0.19560 14907.3
0.19561 14907.3
0.19562 14907.3
0.19563 14907.3
0.19564 14907.3
0.19565 14907.3
0.19566 14907.3
0.19567 14907.3
0.19568 14907.3
0.19569 14907.3
0.19570 14907.3
0.19571 14907.3
0.19572 14907.3
0.19573 14907.3
0.19574 14907.3
0.19575 14907.3
0.19576 14907.3
0.19577 14907.3
0.19578 14907.3
0.19579 14907.3
0.19580 14907.3
0.19581 14907.3
0.19582 14907.3
0.19583 14907.3
0.19584 14907.3
0.19585 14907.3
0.19586 14907.3
0.19587 14907.3
0.19588 14907.3
0.19589 14907.3
0.19590 14907.3
0.19591 14907.3
0.19592 14907.3
0.19593 14907.3
0.19594 14907.3
0.19595 14907.3
0.19596 14907.3
0.19597 14907.3
0.19598 14907.3
0.19599 14907.3
0.19600 14907.3
0.19601 14907.3
0.19602 14907.3
0.19603 14907.3
0.19604 14907.3
0.19605 14907.3
0.19606 14907.3
0.19607 14907.3
0.19608 14907.3
0.19609 14907.3
0.19610 14907.3
0.19611 14907.3
0.19612 14907.3
0.19613 14907.3
0.19614 14907.3
0.19615 14907.3
0.19616 14907.3
0.19617 14907.3
0.19618 14907.3
0.19619 14907.3
0.19620 14907.3
0.19621 14907.3
0.19622 14907.3
0.19623 14907.3
0.19624 14907.3
0.19625 14907.3
0.19626 14907.3
0.19627 14907.3
0.19628 14907.3
0.19629 14907.3
0.19630 14907.3
0.19631 14907.3
0.19632 14907.3
0.19633 14907.3
0.19634 14907.3
0.19635 14907.3
0.19636 14907.3
0.19637 14907.3
0.19638 14907.3
0.19639 14907.3
0.19640 14907.3
0.19641 14907.3
0.19642 14907.3
0.19643 14907.3
0.19644 14907.3
0.19645 14907.3
0.19646 14907.3
0.19647 14907.3
0.19648 14907.3
0.19649 14907.3
0.19650 14907.3
0.19651 14907.3
0.19652 14907.3
0.19653 14907.3
0.19654 14907.3
0.19655 14907.3
0.19656 14907.3
0.19657 14907.3
0.19658 14907.3
0.19659 14907.3
0.19660 14907.3
0.19661 14907.3
0.19662 14907.3
0.19663 14907.3
0.19664 14907.3
0.19665 14907.3
0.19666 14907.3
0.19667 14907.3
0.19668 14907.3
0.19669 14907.3
0.19670 14907.3
0.19671 14907.3
0.19672 14907.3
0.19673 14907.3
0.19674 14907.3
0.19675 14907.3
0.19676 14907.3
0.19677 14907.3
0.19678 14907.3
0.19679 14907.3
0.19680 14907.3
0.19681 14907.3
0.19682 14907.3
0.19683 14907.3
0.19684 14907.3
0.19685 14907.3
0.19686 14907.3
0.19687 14907.3
0.19688 14907.3
0.19689 14907.3
0.19690 14907.3
0.19691 14907.3
0.19692 14907.3
0.19693 14907.3
0.19694 14907.3
0.19695 14907.3
0.19696 14907.3
0.19697 14907.3
0.19698 14907.3
0.19699 14907.3
0.19700 14907.3
0.19701 14907.3
0.19702 14907.3
0.19703 14907.3
0.19704 14907.3
0.19705 14907.3
0.19706 14907.3
0.19707 14907.3
0.19708 14907.3
0.19709 14907.3
0.19710 14907.3
0.19711 14907.3
0.19712 14907.3
0.19713 14907.3
0.19714 14907.3
0.19715 14907.3
0.19716 14907.3
0.19717 14907.3
0.19718 14907.3
0.19719 14907.3
0.19720 14907.3
0.19721 14907.3
0.19722 14907.3
0.19723 14907.3
0.19724 14907.3
0.19725 14907.3
0.19726 14907.3
0.19727 14907.3
0.19728 14907.3
0.19729 14907.3
0.19730 14907.3
0.19731 14907.3
0.19732 14907.3
0.19733 14907.3
0.19734 14907.3
0.19735 14907.3
0.19736 14907.3
0.19737 14907.3
0.19738 14907.3
0.19739 14907.3
0.19740 14907.3
0.19741 14907.3
0.19742 14907.3
0.19743 14907.3
0.19744 14907.3
0.19745 14907.3
0.19746 14907.3
0.19747 14907.3
0.19748 14907.3
0.19749 14907.3
0.19750 14907.3
0.19751 14907.3
0.19752 14907.3
0.19753 14907.3
0.19754 14907.3
0.19755 14907.3
0.19756 14907.3
0.19757 14907.3
0.19758 14907.3
0.19759 14907.3
0.19760 14907.3
0.19761 14907.3
0.19762 14907.3
0.19763 14907.3
0.19764 14907.3
0.19765 14907.3
0.19766 14907.3
0.19767 14907.3
0.19768 14907.3
0.19769 14907.3
0.19770 14907.3
0.19771 14907.3
0.19772 14907.3
0.19773 14907.3
0.19774 14907.3
0.19775 14907.3
0.19776 14907.3
0.19777 14907.3
0.19778 14907.3
0.19779 14907.3
0.19780 14907.3
0.19781 14907.3
0.19782 14907.3
0.19783 14907.3
0.19784 14907.3
0.19785 14907.3
0.19786 14907.3
0.19787 14907.3
0.19788 14907.3
0.19789 14907.3
0.19790 14907.3
0.19791 14907.3
0.19792 14907.3
0.19793 14907.3
0.19794 14907.3
0.19795 14907.3
0.19796 14907.3
0.19797 14907.3
0.19798 14907.3
0.19799 14907.3
0.19800 14907.3
0.19801 14907.3
0.19802 14907.3
0.19803 14907.3
0.19804 14907.3
0.19805 14907.3
0.19806 14907.3
0.19807 14907.3
0.19808 14907.3
0.19809 14907.3
0.19810 14907.3
0.19811 14907.3
0.19812 14907.3
0.19813 14907.3
0.19814 14907.3
0.19815 14907.3
0.19816 14907.3
0.19817 14907.3
0.19818 14907.3
0.19819 14907.3
0.19820 14907.3
0.19821 14907.3
0.19822 14907.3
0.19823 14907.3
0.19824 14907.3
0.19825 14907.3
0.19826 14907.3
0.19827 14907.3
0.19828 14907.3
0.19829 14907.3
0.19830 14907.3
0.19831 14907.3
0.19832 14907.3
0.19833 14907.3
0.19834 14907.3
0.19835 14907.3
0.19836 14907.3
0.19837 14907.3
0.19838 14907.3
0.19839 14907.3
0.19840 14907.3
0.19841 14907.3
0.19842 14907.3
0.19843 14907.3
0.19844 14907.3
0.19845 14907.3
0.19846 14907.3
0.19847 14907.3
0.19848 14907.3
0.19849 14907.3
0.19850 14907.3
0.19851 14907.3
0.19852 14907.3
0.19853 14907.3
0.19854 14907.3
0.19855 14907.3
0.19856 14907.3
0.19857 14907.3
0.19858 14907.3
0.19859 14907.3
0.19860 14907.3
0.19861 14907.3
0.19862 14907.3
0.19863 14907.3
0.19864 14907.3
0.19865 14907.3
0.19866 14907.3
0.19867 14907.3
0.19868 14907.3
0.19869 14907.3
0.19870 14907.3
0.19871 14907.3
0.19872 14907.3
0.19873 14907.3
0.19874 14907.3
0.19875 14907.3
0.19876 14907.3
0.19877 14907.3
0.19878 14907.3
0.19879 14907.3
0.19880 14907.3
0.19881 14907.3
0.19882 14907.3
0.19883 14907.3
0.19884 14907.3
0.19885 14907.3
0.19886 14907.3
0.19887 14907.3
0.19888 14907.3
0.19889 14907.3
0.19890 14907.3
0.19891 14907.3
0.19892 14907.3
0.19893 14907.3
0.19894 14907.3
0.19895 14907.3
0.19896 14907.3
0.19897 14907.3
0.19898 14907.3
0.19899 14907.3
0.19900 14907.3
0.19901 14907.3
0.19902 14907.3
0.19903 14907.3
0.19904 14907.3
0.19905 14907.3
0.19906 14907.3
0.19907 14907.3
0.19908 14907.3
0.19909 14907.3
0.19910 14907.3
0.19911 14907.3
0.19912 14907.3
0.19913 14907.3
0.19914 14907.3
0.19915 14907.3
0.19916 14907.3
0.19917 14907.3
0.19918 14907.3
0.19919 14907.3
0.19920 14907.3
0.19921 14907.3
0.19922 14907.3
0.19923 14907.3
0.19924 14907.3
0.19925 14907.3
0.19926 14907.3
0.19927 14907.3
0.19928 14907.3
0.19929 14907.3
0.19930 14907.3
0.19931 14907.3
0.19932 14907.3
0.19933 14907.3
0.19934 14907.3
0.19935 14907.3
0.19936 14907.3
0.19937 14907.3
0.19938 14907.3
0.19939 14907.3
0.19940 14907.3
0.19941 14907.3
0.19942 14907.3
0.19943 14907.3
0.19944 14907.3
0.19945 14907.3
0.19946 14907.3
0.19947 14907.3
0.19948 14907.3
0.19949 14907.3
0.19950 14907.3
0.19951 14907.3
0.19952 14907.3
0.19953 14907.3
0.19954 14907.3
0.19955 14907.3
0.19956 14907.3
0.19957 14907.3
0.19958 14907.3
0.19959 14907.3
0.19960 14907.3
0.19961 14907.3
0.19962 14907.3
0.19963 14907.3
0.19964 14907.3
0.19965 14907.3
0.19966 14907.3
0.19967 14907.3
0.19968 14907.3
0.19969 14907.3
0.19970 14907.3
0.19971 14907.3
0.19972 14907.3
0.19973 14907.3
0.19974 14907.3
0.19975 14907.3
0.19976 14907.3
0.19977 14907.3
0.19978 14907.3
0.19979 14907.3
0.19980 14907.3
0.19981 14907.3
0.19982 14907.3
0.19983 14907.3
0.19984 14907.3
0.19985 14907.3
0.19986 14907.3
0.19987 14907.3
0.19988 14907.3
0.19989 14907.3
0.19990 14907.3
0.19991 14907.3
0.19992 14907.3
0.19993 14907.3
0.19994 14907.3
0.19995 14907.3
0.19996 14907.3
0.19997 14907.3
0.19998 14907.3
0.19999 14907.3
0.20000 14907.3
0.20001 14907.3
0.20002 14907.3
0.20003 14907.3
0.20004 14907.3
0.20005 14907.3
0.20006 14907.3
0.20007 14907.3
0.20008 14907.3
0.20009 14907.3
0.20010 14907.3
0.20011 14907.3
0.20012 14907.3
0.20013 14907.3
0.20014 14907.3
0.20015 14907.3
0.20016 14907.3
0.20017 14907.3
0.20018 14907.3
0.20019 14907.3
0.20020 14907.3
0.20021 14907.3
0.20022 14907.3
0.20023 14907.3
0.20024 14907.3
0.20025 14907.3
0.20026 14907.3
0.20027 14907.3
0.20028 14907.3
0.20029 14907.3
0.20030 14907.3
0.20031 14907.3
0.20032 14907.3
0.20033 14907.3
0.20034 14907.3
0.20035 14907.3
0.20036 14907.3
0.20037 14907.3
0.20038 14907.3
0.20039 14907.3
0.20040 14907.3
0.20041 14907.3
0.20042 14907.3
0.20043 14907.3
0.20044 14907.3
0.20045 14907.3
0.20046 14907.3
0.20047 14907.3
0.20048 14907.3
0.20049 14907.3
0.20050 14907.3
0.20051 14907.3
0.20052 14907.3
0.20053 14907.3
0.20054 14907.3
0.20055 14907.3
0.20056 14907.3
0.20057 14907.3
0.20058 14907.3
0.20059 14907.3
0.20060 14907.3
0.20061 14907.3
0.20062 14907.3
0.20063 14907.3
0.20064 14907.3
0.20065 14907.3
0.20066 14907.3
0.20067 14907.3
0.20068 14907.3
0.20069 14907.3
0.20070 14907.3
0.20071 14907.3
0.20072 14907.3
0.20073 14907.3
0.20074 14907.3
0.20075 14907.3
0.20076 14907.3
0.20077 14907.3
0.20078 14907.3
0.20079 14907.3
0.20080 14907.3
0.20081 14907.3
0.20082 14907.3
0.20083 14907.3
0.20084 14907.3
0.20085 14907.3
0.20086 14907.3
0.20087 14907.3
0.20088 14907.3
0.20089 14907.3
0.20090 14907.3
0.20091 14907.3
0.20092 14907.3
0.20093 14907.3
0.20094 14907.3
0.20095 14907.3
0.20096 14907.3
0.20097 14907.3
0.20098 14907.3
0.20099 14907.3
0.20100 14907.3
0.20101 14907.3
0.20102 14907.3
0.20103 14907.3
0.20104 14907.3
0.20105 14907.3
0.20106 14907.3
0.20107 14907.3
0.20108 14907.3
0.20109 14907.3
0.20110 14907.3
0.20111 14907.3
0.20112 14907.3
0.20113 14907.3
0.20114 14907.3
0.20115 14907.3
0.20116 14907.3
0.20117 14907.3
0.20118 14907.3
0.20119 14907.3
0.20120 14907.3
0.20121 14907.3
0.20122 14907.3
0.20123 14907.3
0.20124 14907.3
0.20125 14907.3
0.20126 14907.3
0.20127 14907.3
0.20128 14907.3
0.20129 14907.3
0.20130 14907.3
0.20131 14907.3
0.20132 14907.3
0.20133 14907.3
0.20134 14907.3
0.20135 14907.3
0.20136 14907.3
0.20137 14907.3
0.20138 14907.3
0.20139 14907.3
0.20140 14907.3
0.20141 14907.3
0.20142 14907.3
0.20143 14907.3
0.20144 14907.3
0.20145 14907.3
0.20146 14907.3
0.20147 14907.3
0.20148 14907.3
0.20149 14907.3
0.20150 14907.3
0.20151 14907.3
0.20152 14907.3
0.20153 14907.3
0.20154 14907.3
0.20155 14907.3
0.20156 14907.3
0.20157 14907.3
0.20158 14907.3
0.20159 14907.3
0.20160 14907.3
0.20161 14907.3
0.20162 14907.3
0.20163 14907.3
0.20164 14907.3
0.20165 14907.3
0.20166 14907.3
0.20167 14907.3
0.20168 14907.3
0.20169 14907.3
0.20170 14907.3
0.20171 14907.3
0.20172 14907.3
0.20173 14907.3
0.20174 14907.3
0.20175 14907.3
0.20176 14907.3
0.20177 14907.3
0.20178 14907.3
0.20179 14907.3
0.20180 14907.3
0.20181 14907.3
0.20182 14907.3
0.20183 14907.3
0.20184 14907.3
0.20185 14907.3
0.20186 14907.3
0.20187 14907.3
0.20188 14907.3
0.20189 14907.3
0.20190 14907.3
0.20191 14907.3
0.20192 14907.3
0.20193 14907.3
0.20194 14907.3
0.20195 14907.3
0.20196 14907.3
0.20197 14907.3
0.20198 14907.3
0.20199 14907.3
0.20200 14907.3
0.20201 14907.3
0.20202 14907.3
0.20203 14907.3
0.20204 14907.3
0.20205 14907.3
0.20206 14907.3
0.20207 14907.3
0.20208 14907.3
0.20209 14907.3
0.20210 14907.3
0.20211 14907.3
0.20212 14907.3
0.20213 14907.3
0.20214 14907.3
0.20215 14907.3
0.20216 14907.3
0.20217 14907.3
0.20218 14907.3
0.20219 14907.3
0.20220 14907.3
0.20221 14907.3
0.20222 14907.3
0.20223 14907.3
0.20224 14907.3
0.20225 14907.3
0.20226 14907.3
0.20227 14907.3
0.20228 14907.3
0.20229 14907.3
0.20230 14907.3
0.20231 14907.3
0.20232 14907.3
0.20233 14907.3
0.20234 14907.3
0.20235 14907.3
0.20236 14907.3
0.20237 14907.3
0.20238 14907.3
0.20239 14907.3
0.20240 14907.3
0.20241 14907.3
0.20242 14907.3
0.20243 14907.3
0.20244 14907.3
0.20245 14907.3
0.20246 14907.3
0.20247 14907.3
0.20248 14907.3
0.20249 14907.3
0.20250 14907.3
0.20251 14907.3
0.20252 14907.3
0.20253 14907.3
0.20254 14907.3
0.20255 14907.3
0.20256 14907.3
0.20257 14907.3
0.20258 14907.3
0.20259 14907.3
0.20260 14907.3
0.20261 14907.3
0.20262 14907.3
0.20263 14907.3
0.20264 14907.3
0.20265 14907.3
0.20266 14907.3
0.20267 14907.3
0.20268 14907.3
0.20269 14907.3
0.20270 14907.3
0.20271 14907.3
0.20272 14907.3
0.20273 14907.3
0.20274 14907.3
0.20275 14907.3
0.20276 14907.3
0.20277 14907.3
0.20278 14907.3
0.20279 14907.3
0.20280 14907.3
0.20281 14907.3
0.20282 14907.3
0.20283 14907.3
0.20284 14907.3
0.20285 14907.3
0.20286 14907.3
0.20287 14907.3
0.20288 14907.3
0.20289 14907.3
0.20290 14907.3
0.20291 14907.3
0.20292 14907.3
0.20293 14907.3
0.20294 14907.3
0.20295 14907.3
0.20296 14907.3
0.20297 14907.3
0.20298 14907.3
0.20299 14907.3
0.20300 14907.3
0.20301 14907.3
0.20302 14907.3
0.20303 14907.3
0.20304 14907.3
0.20305 14907.3
0.20306 14907.3
0.20307 14907.3
0.20308 14907.3
0.20309 14907.3
0.20310 14907.3
0.20311 14907.3
0.20312 14907.3
0.20313 14907.3
0.20314 14907.3
0.20315 14907.3
0.20316 14907.3
0.20317 14907.3
0.20318 14907.3
0.20319 14907.3
0.20320 14907.3
0.20321 14907.3
0.20322 14907.3
0.20323 14907.3
0.20324 14907.3
0.20325 14907.3
0.20326 14907.3
0.20327 14907.3
0.20328 14907.3
0.20329 14907.3
0.20330 14907.3
0.20331 14907.3
0.20332 14907.3
0.20333 14907.3
0.20334 14907.3
0.20335 14907.3
0.20336 14907.3
0.20337 14907.3
0.20338 14907.3
0.20339 14907.3
0.20340 14907.3
0.20341 14907.3
0.20342 14907.3
0.20343 14907.3
0.20344 14907.3
0.20345 14907.3
0.20346 14907.3
0.20347 14907.3
0.20348 14907.3
0.20349 14907.3
0.20350 14907.3
0.20351 14907.3
0.20352 14907.3
0.20353 14907.3
0.20354 14907.3
0.20355 14907.3
0.20356 14907.3
0.20357 14907.3
0.20358 14907.3
0.20359 14907.3
0.20360 14907.3
0.20361 14907.3
0.20362 14907.3
0.20363 14907.3
0.20364 14907.3
0.20365 14907.3
0.20366 14907.3
0.20367 14907.3
0.20368 14907.3
0.20369 14907.3
0.20370 14907.3
0.20371 14907.3
0.20372 14907.3
0.20373 14907.3
0.20374 14907.3
0.20375 14907.3
0.20376 14907.3
0.20377 14907.3
0.20378 14907.3
0.20379 14907.3
0.20380 14907.3
0.20381 14907.3
0.20382 14907.3
0.20383 14907.3
0.20384 14907.3
0.20385 14907.3
0.20386 14907.3
0.20387 14907.3
0.20388 14907.3
0.20389 14907.3
0.20390 14907.3
0.20391 14907.3
0.20392 14907.3
0.20393 14907.3
0.20394 14907.3
0.20395 14907.3
0.20396 14907.3
0.20397 14907.3
0.20398 14907.3
0.20399 14907.3
0.20400 14907.3
0.20401 14907.3
0.20402 14907.3
0.20403 14907.3
0.20404 14907.3
0.20405 14907.3
0.20406 14907.3
0.20407 14907.3
0.20408 14907.3
0.20409 14907.3
0.20410 14907.3
0.20411 14907.3
0.20412 14907.3
0.20413 14907.3
0.20414 14907.3
0.20415 14907.3
0.20416 14907.3
0.20417 14907.3
0.20418 14907.3
0.20419 14907.3
0.20420 14907.3
0.20421 14907.3
0.20422 14907.3
0.20423 14907.3
0.20424 14907.3
0.20425 14907.3
0.20426 14907.3
0.20427 14907.3
0.20428 14907.3
0.20429 14907.3
0.20430 14907.3
0.20431 14907.3
0.20432 14907.3
0.20433 14907.3
0.20434 14907.3
0.20435 14907.3
0.20436 14907.3
0.20437 14907.3
0.20438 14907.3
0.20439 14907.3
0.20440 14907.3
0.20441 14907.3
0.20442 14907.3
0.20443 14907.3
0.20444 14907.3
0.20445 14907.3
0.20446 14907.3
0.20447 14907.3
0.20448 14907.3
0.20449 14907.3
0.20450 14907.3
0.20451 14907.3
0.20452 14907.3
0.20453 14907.3
0.20454 14907.3
0.20455 14907.3
0.20456 14907.3
0.20457 14907.3
0.20458 14907.3
0.20459 14907.3
0.20460 14907.3
0.20461 14907.3
0.20462 14907.3
0.20463 14907.3
0.20464 14907.3
0.20465 14907.3
0.20466 14907.3
0.20467 14907.3
0.20468 14907.3
0.20469 14907.3
0.20470 14907.3
0.20471 14907.3
0.20472 14907.3
0.20473 14907.3
0.20474 14907.3
0.20475 14907.3
0.20476 14907.3
0.20477 14907.3
0.20478 14907.3
0.20479 14907.3
0.20480 14907.3
0.20481 14907.3
0.20482 14907.3
0.20483 14907.3
0.20484 14907.3
0.20485 14907.3
0.20486 14907.3
0.20487 14907.3
0.20488 14907.3
0.20489 14907.3
0.20490 14907.3
0.20491 14907.3
0.20492 14907.3
0.20493 14907.3
0.20494 14907.3
0.20495 14907.3
0.20496 14907.3
0.20497 14907.3
0.20498 14907.3
0.20499 14907.3
0.20500 14907.3
0.20501 14907.3
0.20502 14907.3
0.20503 14907.3
0.20504 14907.3
0.20505 14907.3
0.20506 14907.3
0.20507 14907.3
0.20508 14907.3
0.20509 14907.3
0.20510 14907.3
0.20511 14907.3
0.20512 14907.3
0.20513 14907.3
0.20514 14907.3
0.20515 14907.3
0.20516 14907.3
0.20517 14907.3
0.20518 14907.3
0.20519 14907.3
0.20520 14907.3
0.20521 14907.3
0.20522 14907.3
0.20523 14907.3
0.20524 14907.3
0.20525 14907.3
0.20526 14907.3
0.20527 14907.3
0.20528 14907.3
0.20529 14907.3
0.20530 14907.3
0.20531 14907.3
0.20532 14907.3
0.20533 14907.3
0.20534 14907.3
0.20535 14907.3
0.20536 14907.3
0.20537 14907.3
0.20538 14907.3
0.20539 14907.3
0.20540 14907.3
0.20541 14907.3
0.20542 14907.3
0.20543 14907.3
0.20544 14907.3
0.20545 14907.3
0.20546 14907.3
0.20547 14907.3
0.20548 14907.3
0.20549 14907.3
0.20550 14907.3
0.20551 14907.3
0.20552 14907.3
0.20553 14907.3
0.20554 14907.3
0.20555 14907.3
0.20556 14907.3
0.20557 14907.3
0.20558 14907.3
0.20559 14907.3
0.20560 14907.3
0.20561 14907.3
0.20562 14907.3
0.20563 14907.3
0.20564 14907.3
0.20565 14907.3
0.20566 14907.3
0.20567 14907.3
0.20568 14907.3
0.20569 14907.3
0.20570 14907.3
0.20571 14907.3
0.20572 14907.3
0.20573 14907.3
0.20574 14907.3
0.20575 14907.3
0.20576 14907.3
0.20577 14907.3
0.20578 14907.3
0.20579 14907.3
0.20580 14907.3
0.20581 14907.3
0.20582 14907.3
0.20583 14907.3
0.20584 14907.3
0.20585 14907.3
0.20586 14907.3
0.20587 14907.3
0.20588 14907.3
0.20589 14907.3
0.20590 14907.3
0.20591 14907.3
0.20592 14907.3
0.20593 14907.3
0.20594 14907.3
0.20595 14907.3
0.20596 14907.3
0.20597 14907.3
0.20598 14907.3
0.20599 14907.3
0.20600 14907.3
0.20601 14907.3
0.20602 14907.3
0.20603 14907.3
0.20604 14907.3
0.20605 14907.3
0.20606 14907.3
0.20607 14907.3
0.20608 14907.3
0.20609 14907.3
0.20610 14907.3
0.20611 14907.3
0.20612 14907.3
0.20613 14907.3
0.20614 14907.3
0.20615 14907.3
0.20616 14907.3
0.20617 14907.3
0.20618 14907.3
0.20619 14907.3
0.20620 14907.3
0.20621 14907.3
0.20622 14907.3
0.20623 14907.3
0.20624 14907.3
0.20625 14907.3
0.20626 14907.3
0.20627 14907.3
0.20628 14907.3
0.20629 14907.3
0.20630 14907.3
0.20631 14907.3
0.20632 14907.3
0.20633 14907.3
0.20634 14907.3
0.20635 14907.3
0.20636 14907.3
0.20637 14907.3
0.20638 14907.3
0.20639 14907.3
0.20640 14907.3
0.20641 14907.3
0.20642 14907.3
0.20643 14907.3
0.20644 14907.3
0.20645 14907.3
0.20646 14907.3
0.20647 14907.3
0.20648 14907.3
0.20649 14907.3
0.20650 14907.3
0.20651 14907.3
0.20652 14907.3
0.20653 14907.3
0.20654 14907.3
0.20655 14907.3
0.20656 14907.3
0.20657 14907.3
0.20658 14907.3
0.20659 14907.3
0.20660 14907.3
0.20661 14907.3
0.20662 14907.3
0.20663 14907.3
0.20664 14907.3
0.20665 14907.3
0.20666 14907.3
0.20667 14907.3
0.20668 14907.3
0.20669 14907.3
0.20670 14907.3
0.20671 14907.3
0.20672 14907.3
0.20673 14907.3
0.20674 14907.3
0.20675 14907.3
0.20676 14907.3
0.20677 14907.3
0.20678 14907.3
0.20679 14907.3
0.20680 14907.3
0.20681 14907.3
0.20682 14907.3
0.20683 14907.3
0.20684 14907.3
0.20685 14907.3
0.20686 14907.3
0.20687 14907.3
0.20688 14907.3
0.20689 14907.3
0.20690 14907.3
0.20691 14907.3
0.20692 14907.3
0.20693 14907.3
0.20694 14907.3
0.20695 14907.3
0.20696 14907.3
0.20697 14907.3
0.20698 14907.3
0.20699 14907.3
0.20700 14907.3
0.20701 14907.3
0.20702 14907.3
0.20703 14907.3
0.20704 14907.3
0.20705 14907.3
0.20706 14907.3
0.20707 14907.3
0.20708 14907.3
0.20709 14907.3
0.20710 14907.3
0.20711 14907.3
0.20712 14907.3
0.20713 14907.3
0.20714 14907.3
0.20715 14907.3
0.20716 14907.3
0.20717 14907.3
0.20718 14907.3
0.20719 14907.3
0.20720 14907.3
0.20721 14907.3
0.20722 14907.3
0.20723 14907.3
0.20724 14907.3
0.20725 14907.3
0.20726 14907.3
0.20727 14907.3
0.20728 14907.3
0.20729 14907.3
0.20730 14907.3
0.20731 14907.3
0.20732 14907.3
0.20733 14907.3
0.20734 14907.3
0.20735 14907.3
0.20736 14907.3
0.20737 14907.3
0.20738 14907.3
0.20739 14907.3
0.20740 14907.3
0.20741 14907.3
0.20742 14907.3
0.20743 14907.3
0.20744 14907.3
0.20745 14907.3
0.20746 14907.3
0.20747 14907.3
0.20748 14907.3
0.20749 14907.3
0.20750 14907.3
0.20751 14907.3
0.20752 14907.3
0.20753 14907.3
0.20754 14907.3
0.20755 14907.3
0.20756 14907.3
0.20757 14907.3
0.20758 14907.3
0.20759 14907.3
0.20760 14907.3
0.20761 14907.3
0.20762 14907.3
0.20763 14907.3
0.20764 14907.3
0.20765 14907.3
0.20766 14907.3
0.20767 14907.3
0.20768 14907.3
0.20769 14907.3
0.20770 14907.3
0.20771 14907.3
0.20772 14907.3
0.20773 14907.3
0.20774 14907.3
0.20775 14907.3
0.20776 14907.3
0.20777 14907.3
0.20778 14907.3
0.20779 14907.3
0.20780 14907.3
0.20781 14907.3
0.20782 14907.3
0.20783 14907.3
0.20784 14907.3
0.20785 14907.3
0.20786 14907.3
0.20787 14907.3
0.20788 14907.3
0.20789 14907.3
0.20790 14907.3
0.20791 14907.3
0.20792 14907.3
0.20793 14907.3
0.20794 14907.3
0.20795 14907.3
0.20796 14907.3
0.20797 14907.3
0.20798 14907.3
0.20799 14907.3
0.20800 14907.3
0.20801 14907.3
0.20802 14907.3
0.20803 14907.3
0.20804 14907.3
0.20805 14907.3
0.20806 14907.3
0.20807 14907.3
0.20808 14907.3
0.20809 14907.3
0.20810 14907.3
0.20811 14907.3
0.20812 14907.3
0.20813 14907.3
0.20814 14907.3
0.20815 14907.3
0.20816 14907.3
0.20817 14907.3
0.20818 14907.3
0.20819 14907.3
0.20820 14907.3
0.20821 14907.3
0.20822 14907.3
0.20823 14907.3
0.20824 14907.3
0.20825 14907.3
0.20826 14907.3
0.20827 14907.3
0.20828 14907.3
0.20829 14907.3
0.20830 14907.3
0.20831 14907.3
0.20832 14907.3
0.20833 14907.3
0.20834 14907.3
0.20835 14907.3
0.20836 14907.3
0.20837 14907.3
0.20838 14907.3
0.20839 14907.3
0.20840 14907.3
0.20841 14907.3
0.20842 14907.3
0.20843 14907.3
0.20844 14907.3
0.20845 14907.3
0.20846 14907.3
0.20847 14907.3
0.20848 14907.3
0.20849 14907.3
0.20850 14907.3
0.20851 14907.3
0.20852 14907.3
0.20853 14907.3
0.20854 14907.3
0.20855 14907.3
0.20856 14907.3
0.20857 14907.3
0.20858 14907.3
0.20859 14907.3
0.20860 14907.3
0.20861 14907.3
0.20862 14907.3
0.20863 14907.3
0.20864 14907.3
0.20865 14907.3
0.20866 14907.3
0.20867 14907.3
0.20868 14907.3
0.20869 14907.3
0.20870 14907.3
0.20871 14907.3
0.20872 14907.3
0.20873 14907.3
0.20874 14907.3
0.20875 14907.3
0.20876 14907.3
0.20877 14907.3
0.20878 14907.3
0.20879 14907.3
0.20880 14907.3
0.20881 14907.3
0.20882 14907.3
0.20883 14907.3
0.20884 14907.3
0.20885 14907.3
0.20886 14907.3
0.20887 14907.3
0.20888 14907.3
0.20889 14907.3
0.20890 14907.3
0.20891 14907.3
0.20892 14907.3
0.20893 14907.3
0.20894 14907.3
0.20895 14907.3
0.20896 14907.3
0.20897 14907.3
0.20898 14907.3
0.20899 14907.3
0.20900 14907.3
0.20901 14907.3
0.20902 14907.3
0.20903 14907.3
0.20904 14907.3
0.20905 14907.3
0.20906 14907.3
0.20907 14907.3
0.20908 14907.3
0.20909 14907.3
0.20910 14907.3
0.20911 14907.3
0.20912 14907.3
0.20913 14907.3
0.20914 14907.3
0.20915 14907.3
0.20916 14907.3
0.20917 14907.3
0.20918 14907.3
0.20919 14907.3
0.20920 14907.3
0.20921 14907.3
0.20922 14907.3
0.20923 14907.3
0.20924 14907.3
0.20925 14907.3
0.20926 14907.3
0.20927 14907.3
0.20928 14907.3
0.20929 14907.3
0.20930 14907.3
0.20931 14907.3
0.20932 14907.3
0.20933 14907.3
0.20934 14907.3
0.20935 14907.3
0.20936 14907.3
0.20937 14907.3
0.20938 14907.3
0.20939 14907.3
0.20940 14907.3
0.20941 14907.3
0.20942 14907.3
0.20943 14907.3
0.20944 14907.3
0.20945 14907.3
0.20946 14907.3
0.20947 14907.3
0.20948 14907.3
0.20949 14907.3
0.20950 14907.3
0.20951 14907.3
0.20952 14907.3
0.20953 14907.3
0.20954 14907.3
0.20955 14907.3
0.20956 14907.3
0.20957 14907.3
0.20958 14907.3
0.20959 14907.3
0.20960 14907.3
0.20961 14907.3
0.20962 14907.3
0.20963 14907.3
0.20964 14907.3
0.20965 14907.3
0.20966 14907.3
0.20967 14907.3
0.20968 14907.3
0.20969 14907.3
0.20970 14907.3
0.20971 14907.3
0.20972 14907.3
0.20973 14907.3
0.20974 14907.3
0.20975 14907.3
0.20976 14907.3
0.20977 14907.3
0.20978 14907.3
0.20979 14907.3
0.20980 14907.3
0.20981 14907.3
0.20982 14907.3
0.20983 14907.3
0.20984 14907.3
0.20985 14907.3
0.20986 14907.3
0.20987 14907.3
0.20988 14907.3
0.20989 14907.3
0.20990 14907.3
0.20991 14907.3
0.20992 14907.3
0.20993 14907.3
0.20994 14907.3
0.20995 14907.3
0.20996 14907.3
0.20997 14907.3
0.20998 14907.3
0.20999 14907.3
0.21000 14907.3
0.21001 14907.3
0.21002 14907.3
0.21003 14907.3
0.21004 14907.3
0.21005 14907.3
0.21006 14907.3
0.21007 14907.3
0.21008 14907.3
0.21009 14907.3
0.21010 14907.3
0.21011 14907.3
0.21012 14907.3
0.21013 14907.3
0.21014 14907.3
0.21015 14907.3
0.21016 14907.3
0.21017 14907.3
0.21018 14907.3
0.21019 14907.3
0.21020 14907.3
0.21021 14907.3
0.21022 14907.3
0.21023 14907.3
0.21024 14907.3
0.21025 14907.3
0.21026 14907.3
0.21027 14907.3
0.21028 14907.3
0.21029 14907.3
0.21030 14907.3
0.21031 14907.3
0.21032 14907.3
0.21033 14907.3
0.21034 14907.3
0.21035 14907.3
0.21036 14907.3
0.21037 14907.3
0.21038 14907.3
0.21039 14907.3
0.21040 14907.3
0.21041 14907.3
0.21042 14907.3
0.21043 14907.3
0.21044 14907.3
0.21045 14907.3
0.21046 14907.3
0.21047 14907.3
0.21048 14907.3
0.21049 14907.3
0.21050 14907.3
0.21051 14907.3
0.21052 14907.3
0.21053 14907.3
0.21054 14907.3
0.21055 14907.3
0.21056 14907.3
0.21057 14907.3
0.21058 14907.3
0.21059 14907.3
0.21060 14907.3
0.21061 14907.3
0.21062 14907.3
0.21063 14907.3
0.21064 14907.3
0.21065 14907.3
0.21066 14907.3
0.21067 14907.3
0.21068 14907.3
0.21069 14907.3
0.21070 14907.3
0.21071 14907.3
0.21072 14907.3
0.21073 14907.3
0.21074 14907.3
0.21075 14907.3
0.21076 14907.3
0.21077 14907.3
0.21078 14907.3
0.21079 14907.3
0.21080 14907.3
0.21081 14907.3
0.21082 14907.3
0.21083 14907.3
0.21084 14907.3
0.21085 14907.3
0.21086 14907.3
0.21087 14907.3
0.21088 14907.3
0.21089 14907.3
0.21090 14907.3
0.21091 14907.3
0.21092 14907.3
0.21093 14907.3
0.21094 14907.3
0.21095 14907.3
0.21096 14907.3
0.21097 14907.3
0.21098 14907.3
0.21099 14907.3
0.21100 14907.3
0.21101 14907.3
0.21102 14907.3
0.21103 14907.3
0.21104 14907.3
0.21105 14907.3
0.21106 14907.3
0.21107 14907.3
0.21108 14907.3
0.21109 14907.3
0.21110 14907.3
0.21111 14907.3
0.21112 14907.3
0.21113 14907.3
0.21114 14907.3
0.21115 14907.3
0.21116 14907.3
0.21117 14907.3
0.21118 14907.3
0.21119 14907.3
0.21120 14907.3
0.21121 14907.3
0.21122 14907.3
0.21123 14907.3
0.21124 14907.3
0.21125 14907.3
0.21126 14907.3
0.21127 14907.3
0.21128 14907.3
0.21129 14907.3
0.21130 14907.3
0.21131 14907.3
0.21132 14907.3
0.21133 14907.3
0.21134 14907.3
0.21135 14907.3
0.21136 14907.3
0.21137 14907.3
0.21138 14907.3
0.21139 14907.3
0.21140 14907.3
0.21141 14907.3
0.21142 14907.3
0.21143 14907.3
0.21144 14907.3
0.21145 14907.3
0.21146 14907.3
0.21147 14907.3
0.21148 14907.3
0.21149 14907.3
0.21150 14907.3
0.21151 14907.3
0.21152 14907.3
0.21153 14907.3
0.21154 14907.3
0.21155 14907.3
0.21156 14907.3
0.21157 14907.3
0.21158 14907.3
0.21159 14907.3
0.21160 14907.3
0.21161 14907.3
0.21162 14907.3
0.21163 14907.3
0.21164 14907.3
0.21165 14907.3
0.21166 14907.3
0.21167 14907.3
0.21168 14907.3
0.21169 14907.3
0.21170 14907.3
0.21171 14907.3
0.21172 14907.3
0.21173 14907.3
0.21174 14907.3
0.21175 14907.3
0.21176 14907.3
0.21177 14907.3
0.21178 14907.3
0.21179 14907.3
0.21180 14907.3
0.21181 14907.3
0.21182 14907.3
0.21183 14907.3
0.21184 14907.3
0.21185 14907.3
0.21186 14907.3
0.21187 14907.3
0.21188 14907.3
0.21189 14907.3
0.21190 14907.3
0.21191 14907.3
0.21192 14907.3
0.21193 14907.3
0.21194 14907.3
0.21195 14907.3
0.21196 14907.3
0.21197 14907.3
0.21198 14907.3
0.21199 14907.3
0.21200 14907.3
0.21201 14907.3
0.21202 14907.3
0.21203 14907.3
0.21204 14907.3
0.21205 14907.3
0.21206 14907.3
0.21207 14907.3
0.21208 14907.3
0.21209 14907.3
0.21210 14907.3
0.21211 14907.3
0.21212 14907.3
0.21213 14907.3
0.21214 14907.3
0.21215 14907.3
0.21216 14907.3
0.21217 14907.3
0.21218 14907.3
0.21219 14907.3
0.21220 14907.3
0.21221 14907.3
0.21222 14907.3
0.21223 14907.3
0.21224 14907.3
0.21225 14907.3
0.21226 14907.3
0.21227 14907.3
0.21228 14907.3
0.21229 14907.3
0.21230 14907.3
0.21231 14907.3
0.21232 14907.3
0.21233 14907.3
0.21234 14907.3
0.21235 14907.3
0.21236 14907.3
0.21237 14907.3
0.21238 14907.3
0.21239 14907.3
0.21240 14907.3
0.21241 14907.3
0.21242 14907.3
0.21243 14907.3
0.21244 14907.3
0.21245 14907.3
0.21246 14907.3
0.21247 14907.3
0.21248 14907.3
0.21249 14907.3
0.21250 14907.3
0.21251 14907.3
0.21252 14907.3
0.21253 14907.3
0.21254 14907.3
0.21255 14907.3
0.21256 14907.3
0.21257 14907.3
0.21258 14907.3
0.21259 14907.3
0.21260 14907.3
0.21261 14907.3
0.21262 14907.3
0.21263 14907.3
0.21264 14907.3
0.21265 14907.3
0.21266 14907.3
0.21267 14907.3
0.21268 14907.3
0.21269 14907.3
0.21270 14907.3
0.21271 14907.3
0.21272 14907.3
0.21273 14907.3
0.21274 14907.3
0.21275 14907.3
0.21276 14907.3
0.21277 14907.3
0.21278 14907.3
0.21279 14907.3
0.21280 14907.3
0.21281 14907.3
0.21282 14907.3
0.21283 14907.3
0.21284 14907.3
0.21285 14907.3
0.21286 14907.3
0.21287 14907.3
0.21288 14907.3
0.21289 14907.3
0.21290 14907.3
0.21291 14907.3
0.21292 14907.3
0.21293 14907.3
0.21294 14907.3
0.21295 14907.3
0.21296 14907.3
0.21297 14907.3
0.21298 14907.3
0.21299 14907.3
0.21300 14907.3
0.21301 14907.3
0.21302 14907.3
0.21303 14907.3
0.21304 14907.3
0.21305 14907.3
0.21306 14907.3
0.21307 14907.3
0.21308 14907.3
0.21309 14907.3
0.21310 14907.3
0.21311 14907.3
0.21312 14907.3
0.21313 14907.3
0.21314 14907.3
0.21315 14907.3
0.21316 14907.3
0.21317 14907.3
0.21318 14907.3
0.21319 14907.3
0.21320 14907.3
0.21321 14907.3
0.21322 14907.3
0.21323 14907.3
0.21324 14907.3
0.21325 14907.3
0.21326 14907.3
0.21327 14907.3
0.21328 14907.3
0.21329 14907.3
0.21330 14907.3
0.21331 14907.3
0.21332 14907.3
0.21333 14907.3
0.21334 14907.3
0.21335 14907.3
0.21336 14907.3
0.21337 14907.3
0.21338 14907.3
0.21339 14907.3
0.21340 14907.3
0.21341 14907.3
0.21342 14907.3
0.21343 14907.3
0.21344 14907.3
0.21345 14907.3
0.21346 14907.3
0.21347 14907.3
0.21348 14907.3
0.21349 14907.3
0.21350 14907.3
0.21351 14907.3
0.21352 14907.3
0.21353 14907.3
0.21354 14907.3
0.21355 14907.3
0.21356 14907.3
0.21357 14907.3
0.21358 14907.3
0.21359 14907.3
0.21360 14907.3
0.21361 14907.3
0.21362 14907.3
0.21363 14907.3
0.21364 14907.3
0.21365 14907.3
0.21366 14907.3
0.21367 14907.3
0.21368 14907.3
0.21369 14907.3
0.21370 14907.3
0.21371 14907.3
0.21372 14907.3
0.21373 14907.3
0.21374 14907.3
0.21375 14907.3
0.21376 14907.3
0.21377 14907.3
0.21378 14907.3
0.21379 14907.3
0.21380 14907.3
0.21381 14907.3
0.21382 14907.3
0.21383 14907.3
0.21384 14907.3
0.21385 14907.3
0.21386 14907.3
0.21387 14907.3
0.21388 14907.3
0.21389 14907.3
0.21390 14907.3
0.21391 14907.3
0.21392 14907.3
0.21393 14907.3
0.21394 14907.3
0.21395 14907.3
0.21396 14907.3
0.21397 14907.3
0.21398 14907.3
0.21399 14907.3
0.21400 14907.3
0.21401 14907.3
0.21402 14907.3
0.21403 14907.3
0.21404 14907.3
0.21405 14907.3
0.21406 14907.3
0.21407 14907.3
0.21408 14907.3
0.21409 14907.3
0.21410 14907.3
0.21411 14907.3
0.21412 14907.3
0.21413 14907.3
0.21414 14907.3
0.21415 14907.3
0.21416 14907.3
0.21417 14907.3
0.21418 14907.3
0.21419 14907.3
0.21420 14907.3
0.21421 14907.3
0.21422 14907.3
0.21423 14907.3
0.21424 14907.3
0.21425 14907.3
0.21426 14907.3
0.21427 14907.3
0.21428 14907.3
0.21429 14907.3
0.21430 14907.3
0.21431 14907.3
0.21432 14907.3
0.21433 14907.3
0.21434 14907.3
0.21435 14907.3
0.21436 14907.3
0.21437 14907.3
0.21438 14907.3
0.21439 14907.3
0.21440 14907.3
0.21441 14907.3
0.21442 14907.3
0.21443 14907.3
0.21444 14907.3
0.21445 14907.3
0.21446 14907.3
0.21447 14907.3
0.21448 14907.3
0.21449 14907.3
0.21450 14907.3
0.21451 14907.3
0.21452 14907.3
0.21453 14907.3
0.21454 14907.3
0.21455 14907.3
0.21456 14907.3
0.21457 14907.3
0.21458 14907.3
0.21459 14907.3
0.21460 14907.3
0.21461 14907.3
0.21462 14907.3
0.21463 14907.3
0.21464 14907.3
0.21465 14907.3
0.21466 14907.3
0.21467 14907.3
0.21468 14907.3
0.21469 14907.3
0.21470 14907.3
0.21471 14907.3
0.21472 14907.3
0.21473 14907.3
0.21474 14907.3
0.21475 14907.3
0.21476 14907.3
0.21477 14907.3
0.21478 14907.3
0.21479 14907.3
0.21480 14907.3
0.21481 14907.3
0.21482 14907.3
0.21483 14907.3
0.21484 14907.3
0.21485 14907.3
0.21486 14907.3
0.21487 14907.3
0.21488 14907.3
0.21489 14907.3
0.21490 14907.3
0.21491 14907.3
0.21492 14907.3
0.21493 14907.3
0.21494 14907.3
0.21495 14907.3
0.21496 14907.3
0.21497 14907.3
0.21498 14907.3
0.21499 14907.3
0.21500 14907.3
0.21501 14907.3
0.21502 14907.3
0.21503 14907.3
0.21504 14907.3
0.21505 14907.3
0.21506 14907.3
0.21507 14907.3
0.21508 14907.3
0.21509 14907.3
0.21510 14907.3
0.21511 14907.3
0.21512 14907.3
0.21513 14907.3
0.21514 14907.3
0.21515 14907.3
0.21516 14907.3
0.21517 14907.3
0.21518 14907.3
0.21519 14907.3
0.21520 14907.3
0.21521 14907.3
0.21522 14907.3
0.21523 14907.3
0.21524 14907.3
0.21525 14907.3
0.21526 14907.3
0.21527 14907.3
0.21528 14907.3
0.21529 14907.3
0.21530 14907.3
0.21531 14907.3
0.21532 14907.3
0.21533 14907.3
0.21534 14907.3
0.21535 14907.3
0.21536 14907.3
0.21537 14907.3
0.21538 14907.3
0.21539 14907.3
0.21540 14907.3
0.21541 14907.3
0.21542 14907.3
0.21543 14907.3
0.21544 14907.3
0.21545 14907.3
0.21546 14907.3
0.21547 14907.3
0.21548 14907.3
0.21549 14907.3
0.21550 14907.3
0.21551 14907.3
0.21552 14907.3
0.21553 14907.3
0.21554 14907.3
0.21555 14907.3
0.21556 14907.3
0.21557 14907.3
0.21558 14907.3
0.21559 14907.3
0.21560 14907.3
0.21561 14907.3
0.21562 14907.3
0.21563 14907.3
0.21564 14907.3
0.21565 14907.3
0.21566 14907.3
0.21567 14907.3
0.21568 14907.3
0.21569 14907.3
0.21570 14907.3
0.21571 14907.3
0.21572 14907.3
0.21573 14907.3
0.21574 14907.3
0.21575 14907.3
0.21576 14907.3
0.21577 14907.3
0.21578 14907.3
0.21579 14907.3
0.21580 14907.3
0.21581 14907.3
0.21582 14907.3
0.21583 14907.3
0.21584 14907.3
0.21585 14907.3
0.21586 14907.3
0.21587 14907.3
0.21588 14907.3
0.21589 14907.3
0.21590 14907.3
0.21591 14907.3
0.21592 14907.3
0.21593 14907.3
0.21594 14907.3
0.21595 14907.3
0.21596 14907.3
0.21597 14907.3
0.21598 14907.3
0.21599 14907.3
0.21600 14907.3
0.21601 14907.3
0.21602 14907.3
0.21603 14907.3
0.21604 14907.3
0.21605 14907.3
0.21606 14907.3
0.21607 14907.3
0.21608 14907.3
0.21609 14907.3
0.21610 14907.3
0.21611 14907.3
0.21612 14907.3
0.21613 14907.3
0.21614 14907.3
0.21615 14907.3
0.21616 14907.3
0.21617 14907.3
0.21618 14907.3
0.21619 14907.3
0.21620 14907.3
0.21621 14907.3
0.21622 14907.3
0.21623 14907.3
0.21624 14907.3
0.21625 14907.3
0.21626 14907.3
0.21627 14907.3
0.21628 14907.3
0.21629 14907.3
0.21630 14907.3
0.21631 14907.3
0.21632 14907.3
0.21633 14907.3
0.21634 14907.3
0.21635 14907.3
0.21636 14907.3
0.21637 14907.3
0.21638 14907.3
0.21639 14907.3
0.21640 14907.3
0.21641 14907.3
0.21642 14907.3
0.21643 14907.3
0.21644 14907.3
0.21645 14907.3
0.21646 14907.3
0.21647 14907.3
0.21648 14907.3
0.21649 14907.3
0.21650 14907.3
0.21651 14907.3
0.21652 14907.3
0.21653 14907.3
0.21654 14907.3
0.21655 14907.3
0.21656 14907.3
0.21657 14907.3
0.21658 14907.3
0.21659 14907.3
0.21660 14907.3
0.21661 14907.3
0.21662 14907.3
0.21663 14907.3
0.21664 14907.3
0.21665 14907.3
0.21666 14907.3
0.21667 14907.3
0.21668 14907.3
0.21669 14907.3
0.21670 14907.3
0.21671 14907.3
0.21672 14907.3
0.21673 14907.3
0.21674 14907.3
0.21675 14907.3
0.21676 14907.3
0.21677 14907.3
0.21678 14907.3
0.21679 14907.3
0.21680 14907.3
0.21681 14907.3
0.21682 14907.3
0.21683 14907.3
0.21684 14907.3
0.21685 14907.3
0.21686 14907.3
0.21687 14907.3
0.21688 14907.3
0.21689 14907.3
0.21690 14907.3
0.21691 14907.3
0.21692 14907.3
0.21693 14907.3
0.21694 14907.3
0.21695 14907.3
0.21696 14907.3
0.21697 14907.3
0.21698 14907.3
0.21699 14907.3
0.21700 14907.3
0.21701 14907.3
0.21702 14907.3
0.21703 14907.3
0.21704 14907.3
0.21705 14907.3
0.21706 14907.3
0.21707 14907.3
0.21708 14907.3
0.21709 14907.3
0.21710 14907.3
0.21711 14907.3
0.21712 14907.3
0.21713 14907.3
0.21714 14907.3
0.21715 14907.3
0.21716 14907.3
0.21717 14907.3
0.21718 14907.3
0.21719 14907.3
0.21720 14907.3
0.21721 14907.3
0.21722 14907.3
0.21723 14907.3
0.21724 14907.3
0.21725 14907.3
0.21726 14907.3
0.21727 14907.3
0.21728 14907.3
0.21729 14907.3
0.21730 14907.3
0.21731 14907.3
0.21732 14907.3
0.21733 14907.3
0.21734 14907.3
0.21735 14907.3
0.21736 14907.3
0.21737 14907.3
0.21738 14907.3
0.21739 14907.3
0.21740 14907.3
0.21741 14907.3
0.21742 14907.3
0.21743 14907.3
0.21744 14907.3
0.21745 14907.3
0.21746 14907.3
0.21747 14907.3
0.21748 14907.3
0.21749 14907.3
0.21750 14907.3
0.21751 14907.3
0.21752 14907.3
0.21753 14907.3
0.21754 14907.3
0.21755 14907.3
0.21756 14907.3
0.21757 14907.3
0.21758 14907.3
0.21759 14907.3
0.21760 14907.3
0.21761 14907.3
0.21762 14907.3
0.21763 14907.3
0.21764 14907.3
0.21765 14907.3
0.21766 14907.3
0.21767 14907.3
0.21768 14907.3
0.21769 14907.3
0.21770 14907.3
0.21771 14907.3
0.21772 14907.3
0.21773 14907.3
0.21774 14907.3
0.21775 14907.3
0.21776 14907.3
0.21777 14907.3
0.21778 14907.3
0.21779 14907.3
0.21780 14907.3
0.21781 14907.3
0.21782 14907.3
0.21783 14907.3
0.21784 14907.3
0.21785 14907.3
0.21786 14907.3
0.21787 14907.3
0.21788 14907.3
0.21789 14907.3
0.21790 14907.3
0.21791 14907.3
0.21792 14907.3
0.21793 14907.3
0.21794 14907.3
0.21795 14907.3
0.21796 14907.3
0.21797 14907.3
0.21798 14907.3
0.21799 14907.3
0.21800 14907.3
0.21801 14907.3
0.21802 14907.3
0.21803 14907.3
0.21804 14907.3
0.21805 14907.3
0.21806 14907.3
0.21807 14907.3
0.21808 14907.3
0.21809 14907.3
0.21810 14907.3
0.21811 14907.3
0.21812 14907.3
0.21813 14907.3
0.21814 14907.3
0.21815 14907.3
0.21816 14907.3
0.21817 14907.3
0.21818 14907.3
0.21819 14907.3
0.21820 14907.3
0.21821 14907.3
0.21822 14907.3
0.21823 14907.3
0.21824 14907.3
0.21825 14907.3
0.21826 14907.3
0.21827 14907.3
0.21828 14907.3
0.21829 14907.3
0.21830 14907.3
0.21831 14907.3
0.21832 14907.3
0.21833 14907.3
0.21834 14907.3
0.21835 14907.3
0.21836 14907.3
0.21837 14907.3
0.21838 14907.3
0.21839 14907.3
0.21840 14907.3
0.21841 14907.3
0.21842 14907.3
0.21843 14907.3
0.21844 14907.3
0.21845 14907.3
0.21846 14907.3
0.21847 14907.3
0.21848 14907.3
0.21849 14907.3
0.21850 14907.3
0.21851 14907.3
0.21852 14907.3
0.21853 14907.3
0.21854 14907.3
0.21855 14907.3
0.21856 14907.3
0.21857 14907.3
0.21858 14907.3
0.21859 14907.3
0.21860 14907.3
0.21861 14907.3
0.21862 14907.3
0.21863 14907.3
0.21864 14907.3
0.21865 14907.3
0.21866 14907.3
0.21867 14907.3
0.21868 14907.3
0.21869 14907.3
0.21870 14907.3
0.21871 14907.3
0.21872 14907.3
0.21873 14907.3
0.21874 14907.3
0.21875 14907.3
0.21876 14907.3
0.21877 14907.3
0.21878 14907.3
0.21879 14907.3
0.21880 14907.3
0.21881 14907.3
0.21882 14907.3
0.21883 14907.3
0.21884 14907.3
0.21885 14907.3
0.21886 14907.3
0.21887 14907.3
0.21888 14907.3
0.21889 14907.3
0.21890 14907.3
0.21891 14907.3
0.21892 14907.3
0.21893 14907.3
0.21894 14907.3
0.21895 14907.3
0.21896 14907.3
0.21897 14907.3
0.21898 14907.3
0.21899 14907.3
0.21900 14907.3
0.21901 14907.3
0.21902 14907.3
0.21903 14907.3
0.21904 14907.3
0.21905 14907.3
0.21906 14907.3
0.21907 14907.3
0.21908 14907.3
0.21909 14907.3
0.21910 14907.3
0.21911 14907.3
0.21912 14907.3
0.21913 14907.3
0.21914 14907.3
0.21915 14907.3
0.21916 14907.3
0.21917 14907.3
0.21918 14907.3
0.21919 14907.3
0.21920 14907.3
0.21921 14907.3
0.21922 14907.3
0.21923 14907.3
0.21924 14907.3
0.21925 14907.3
0.21926 14907.3
0.21927 14907.3
0.21928 14907.3
0.21929 14907.3
0.21930 14907.3
0.21931 14907.3
0.21932 14907.3
0.21933 14907.3
0.21934 14907.3
0.21935 14907.3
0.21936 14907.3
0.21937 14907.3
0.21938 14907.3
0.21939 14907.3
0.21940 14907.3
0.21941 14907.3
0.21942 14907.3
0.21943 14907.3
0.21944 14907.3
0.21945 14907.3
0.21946 14907.3
0.21947 14907.3
0.21948 14907.3
0.21949 14907.3
0.21950 14907.3
0.21951 14907.3
0.21952 14907.3
0.21953 14907.3
0.21954 14907.3
0.21955 14907.3
0.21956 14907.3
0.21957 14907.3
0.21958 14907.3
0.21959 14907.3
0.21960 14907.3
0.21961 14907.3
0.21962 14907.3
0.21963 14907.3
0.21964 14907.3
0.21965 14907.3
0.21966 14907.3
0.21967 14907.3
0.21968 14907.3
0.21969 14907.3
0.21970 14907.3
0.21971 14907.3
0.21972 14907.3
0.21973 14907.3
0.21974 14907.3
0.21975 14907.3
0.21976 14907.3
0.21977 14907.3
0.21978 14907.3
0.21979 14907.3
0.21980 14907.3
0.21981 14907.3
0.21982 14907.3
0.21983 14907.3
0.21984 14907.3
0.21985 14907.3
0.21986 14907.3
0.21987 14907.3
0.21988 14907.3
0.21989 14907.3
0.21990 14907.3
0.21991 14907.3
0.21992 14907.3
0.21993 14907.3
0.21994 14907.3
0.21995 14907.3
0.21996 14907.3
0.21997 14907.3
0.21998 14907.3
0.21999 14907.3
0.22000 14907.3
0.22001 14907.3
0.22002 14907.3
0.22003 14907.3
0.22004 14907.3
0.22005 14907.3
0.22006 14907.3
0.22007 14907.3
0.22008 14907.3
0.22009 14907.3
0.22010 14907.3
0.22011 14907.3
0.22012 14907.3
0.22013 14907.3
0.22014 14907.3
0.22015 14907.3
0.22016 14907.3
0.22017 14907.3
0.22018 14907.3
0.22019 14907.3
0.22020 14907.3
0.22021 14907.3
0.22022 14907.3
0.22023 14907.3
0.22024 14907.3
0.22025 14907.3
0.22026 14907.3
0.22027 14907.3
0.22028 14907.3
0.22029 14907.3
0.22030 14907.3
0.22031 14907.3
0.22032 14907.3
0.22033 14907.3
0.22034 14907.3
0.22035 14907.3
0.22036 14907.3
0.22037 14907.3
0.22038 14907.3
0.22039 14907.3
0.22040 14907.3
0.22041 14907.3
0.22042 14907.3
0.22043 14907.3
0.22044 14907.3
0.22045 14907.3
0.22046 14907.3
0.22047 14907.3
0.22048 14907.3
0.22049 14907.3
0.22050 14907.3
0.22051 14907.3
0.22052 14907.3
0.22053 14907.3
0.22054 14907.3
0.22055 14907.3
0.22056 14907.3
0.22057 14907.3
0.22058 14907.3
0.22059 14907.3
0.22060 14907.3
0.22061 14907.3
0.22062 14907.3
0.22063 14907.3
0.22064 14907.3
0.22065 14907.3
0.22066 14907.3
0.22067 14907.3
0.22068 14907.3
0.22069 14907.3
0.22070 14907.3
0.22071 14907.3
0.22072 14907.3
0.22073 14907.3
0.22074 14907.3
0.22075 14907.3
0.22076 14907.3
0.22077 14907.3
0.22078 14907.3
0.22079 14907.3
0.22080 14907.3
0.22081 14907.3
0.22082 14907.3
0.22083 14907.3
0.22084 14907.3
0.22085 14907.3
0.22086 14907.3
0.22087 14907.3
0.22088 14907.3
0.22089 14907.3
0.22090 14907.3
0.22091 14907.3
0.22092 14907.3
0.22093 14907.3
0.22094 14907.3
0.22095 14907.3
0.22096 14907.3
0.22097 14907.3
0.22098 14907.3
0.22099 14907.3
0.22100 14907.3
0.22101 14907.3
0.22102 14907.3
0.22103 14907.3
0.22104 14907.3
0.22105 14907.3
0.22106 14907.3
0.22107 14907.3
0.22108 14907.3
0.22109 14907.3
0.22110 14907.3
0.22111 14907.3
0.22112 14907.3
0.22113 14907.3
0.22114 14907.3
0.22115 14907.3
0.22116 14907.3
0.22117 14907.3
0.22118 14907.3
0.22119 14907.3
0.22120 14907.3
0.22121 14907.3
0.22122 14907.3
0.22123 14907.3
0.22124 14907.3
0.22125 14907.3
0.22126 14907.3
0.22127 14907.3
0.22128 14907.3
0.22129 14907.3
0.22130 14907.3
0.22131 14907.3
0.22132 14907.3
0.22133 14907.3
0.22134 14907.3
0.22135 14907.3
0.22136 14907.3
0.22137 14907.3
0.22138 14907.3
0.22139 14907.3
0.22140 14907.3
0.22141 14907.3
0.22142 14907.3
0.22143 14907.3
0.22144 14907.3
0.22145 14907.3
0.22146 14907.3
0.22147 14907.3
0.22148 14907.3
0.22149 14907.3
0.22150 14907.3
0.22151 14907.3
0.22152 14907.3
0.22153 14907.3
0.22154 14907.3
0.22155 14907.3
0.22156 14907.3
0.22157 14907.3
0.22158 14907.3
0.22159 14907.3
0.22160 14907.3
0.22161 14907.3
0.22162 14907.3
0.22163 14907.3
0.22164 14907.3
0.22165 14907.3
0.22166 14907.3
0.22167 14907.3
0.22168 14907.3
0.22169 14907.3
0.22170 14907.3
0.22171 14907.3
0.22172 14907.3
0.22173 14907.3
0.22174 14907.3
0.22175 14907.3
0.22176 14907.3
0.22177 14907.3
0.22178 14907.3
0.22179 14907.3
0.22180 14907.3
0.22181 14907.3
0.22182 14907.3
0.22183 14907.3
0.22184 14907.3
0.22185 14907.3
0.22186 14907.3
0.22187 14907.3
0.22188 14907.3
0.22189 14907.3
0.22190 14907.3
0.22191 14907.3
0.22192 14907.3
0.22193 14907.3
0.22194 14907.3
0.22195 14907.3
0.22196 14907.3
0.22197 14907.3
0.22198 14907.3
0.22199 14907.3
0.22200 14907.3
0.22201 14907.3
0.22202 14907.3
0.22203 14907.3
0.22204 14907.3
0.22205 14907.3
0.22206 14907.3
0.22207 14907.3
0.22208 14907.3
0.22209 14907.3
0.22210 14907.3
0.22211 14907.3
0.22212 14907.3
0.22213 14907.3
0.22214 14907.3
0.22215 14907.3
0.22216 14907.3
0.22217 14907.3
0.22218 14907.3
0.22219 14907.3
0.22220 14907.3
0.22221 14907.3
0.22222 14907.3
0.22223 14907.3
0.22224 14907.3
0.22225 14907.3
0.22226 14907.3
0.22227 14907.3
0.22228 14907.3
0.22229 14907.3
0.22230 14907.3
0.22231 14907.3
0.22232 14907.3
0.22233 14907.3
0.22234 14907.3
0.22235 14907.3
0.22236 14907.3
0.22237 14907.3
0.22238 14907.3
0.22239 14907.3
0.22240 14907.3
0.22241 14907.3
0.22242 14907.3
0.22243 14907.3
0.22244 14907.3
0.22245 14907.3
0.22246 14907.3
0.22247 14907.3
0.22248 14907.3
0.22249 14907.3
0.22250 14907.3
0.22251 14907.3
0.22252 14907.3
0.22253 14907.3
0.22254 14907.3
0.22255 14907.3
0.22256 14907.3
0.22257 14907.3
0.22258 14907.3
0.22259 14907.3
0.22260 14907.3
0.22261 14907.3
0.22262 14907.3
0.22263 14907.3
0.22264 14907.3
0.22265 14907.3
0.22266 14907.3
0.22267 14907.3
0.22268 14907.3
0.22269 14907.3
0.22270 14907.3
0.22271 14907.3
0.22272 14907.3
0.22273 14907.3
0.22274 14907.3
0.22275 14907.3
0.22276 14907.3
0.22277 14907.3
0.22278 14907.3
0.22279 14907.3
0.22280 14907.3
0.22281 14907.3
0.22282 14907.3
0.22283 14907.3
0.22284 14907.3
0.22285 14907.3
0.22286 14907.3
0.22287 14907.3
0.22288 14907.3
0.22289 14907.3
0.22290 14907.3
0.22291 14907.3
0.22292 14907.3
0.22293 14907.3
0.22294 14907.3
0.22295 14907.3
0.22296 14907.3
0.22297 14907.3
0.22298 14907.3
0.22299 14907.3
0.22300 14907.3
0.22301 14907.3
0.22302 14907.3
0.22303 14907.3
0.22304 14907.3
0.22305 14907.3
0.22306 14907.3
0.22307 14907.3
0.22308 14907.3
0.22309 14907.3
0.22310 14907.3
0.22311 14907.3
0.22312 14907.3
0.22313 14907.3
0.22314 14907.3
0.22315 14907.3
0.22316 14907.3
0.22317 14907.3
0.22318 14907.3
0.22319 14907.3
0.22320 14907.3
0.22321 14907.3
0.22322 14907.3
0.22323 14907.3
0.22324 14907.3
0.22325 14907.3
0.22326 14907.3
0.22327 14907.3
0.22328 14907.3
0.22329 14907.3
0.22330 14907.3
0.22331 14907.3
0.22332 14907.3
0.22333 14907.3
0.22334 14907.3
0.22335 14907.3
0.22336 14907.3
0.22337 14907.3
0.22338 14907.3
0.22339 14907.3
0.22340 14907.3
0.22341 14907.3
0.22342 14907.3
0.22343 14907.3
0.22344 14907.3
0.22345 14907.3
0.22346 14907.3
0.22347 14907.3
0.22348 14907.3
0.22349 14907.3
0.22350 14907.3
0.22351 14907.3
0.22352 14907.3
0.22353 14907.3
0.22354 14907.3
0.22355 14907.3
0.22356 14907.3
0.22357 14907.3
0.22358 14907.3
0.22359 14907.3
0.22360 14907.3
0.22361 14907.3
0.22362 14907.3
0.22363 14907.3
0.22364 14907.3
0.22365 14907.3
0.22366 14907.3
0.22367 14907.3
0.22368 14907.3
0.22369 14907.3
0.22370 14907.3
0.22371 14907.3
0.22372 14907.3
0.22373 14907.3
0.22374 14907.3
0.22375 14907.3
0.22376 14907.3
0.22377 14907.3
0.22378 14907.3
0.22379 14907.3
0.22380 14907.3
0.22381 14907.3
0.22382 14907.3
0.22383 14907.3
0.22384 14907.3
0.22385 14907.3
0.22386 14907.3
0.22387 14907.3
0.22388 14907.3
0.22389 14907.3
0.22390 14907.3
0.22391 14907.3
0.22392 14907.3
0.22393 14907.3
0.22394 14907.3
0.22395 14907.3
0.22396 14907.3
0.22397 14907.3
0.22398 14907.3
0.22399 14907.3
0.22400 14907.3
0.22401 14907.3
0.22402 14907.3
0.22403 14907.3
0.22404 14907.3
0.22405 14907.3
0.22406 14907.3
0.22407 14907.3
0.22408 14907.3
0.22409 14907.3
0.22410 14907.3
0.22411 14907.3
0.22412 14907.3
0.22413 14907.3
0.22414 14907.3
0.22415 14907.3
0.22416 14907.3
0.22417 14907.3
0.22418 14907.3
0.22419 14907.3
0.22420 14907.3
0.22421 14907.3
0.22422 14907.3
0.22423 14907.3
0.22424 14907.3
0.22425 14907.3
0.22426 14907.3
0.22427 14907.3
0.22428 14907.3
0.22429 14907.3
0.22430 14907.3
0.22431 14907.3
0.22432 14907.3
0.22433 14907.3
0.22434 14907.3
0.22435 14907.3
0.22436 14907.3
0.22437 14907.3
0.22438 14907.3
0.22439 14907.3
0.22440 14907.3
0.22441 14907.3
0.22442 14907.3
0.22443 14907.3
0.22444 14907.3
0.22445 14907.3
0.22446 14907.3
0.22447 14907.3
0.22448 14907.3
0.22449 14907.3
0.22450 14907.3
0.22451 14907.3
0.22452 14907.3
0.22453 14907.3
0.22454 14907.3
0.22455 14907.3
0.22456 14907.3
0.22457 14907.3
0.22458 14907.3
0.22459 14907.3
0.22460 14907.3
0.22461 14907.3
0.22462 14907.3
0.22463 14907.3
0.22464 14907.3
0.22465 14907.3
0.22466 14907.3
0.22467 14907.3
0.22468 14907.3
0.22469 14907.3
0.22470 14907.3
0.22471 14907.3
0.22472 14907.3
0.22473 14907.3
0.22474 14907.3
0.22475 14907.3
0.22476 14907.3
0.22477 14907.3
0.22478 14907.3
0.22479 14907.3
0.22480 14907.3
0.22481 14907.3
0.22482 14907.3
0.22483 14907.3
0.22484 14907.3
0.22485 14907.3
0.22486 14907.3
0.22487 14907.3
0.22488 14907.3
0.22489 14907.3
0.22490 14907.3
0.22491 14907.3
0.22492 14907.3
0.22493 14907.3
0.22494 14907.3
0.22495 14907.3
0.22496 14907.3
0.22497 14907.3
0.22498 14907.3
0.22499 14907.3
0.22500 14907.3
0.22501 14907.3
0.22502 14907.3
0.22503 14907.3
0.22504 14907.3
0.22505 14907.3
0.22506 14907.3
0.22507 14907.3
0.22508 14907.3
0.22509 14907.3
0.22510 14907.3
0.22511 14907.3
0.22512 14907.3
0.22513 14907.3
0.22514 14907.3
0.22515 14907.3
0.22516 14907.3
0.22517 14907.3
0.22518 14907.3
0.22519 14907.3
0.22520 14907.3
0.22521 14907.3
0.22522 14907.3
0.22523 14907.3
0.22524 14907.3
0.22525 14907.3
0.22526 14907.3
0.22527 14907.3
0.22528 14907.3
0.22529 14907.3
0.22530 14907.3
0.22531 14907.3
0.22532 14907.3
0.22533 14907.3
0.22534 14907.3
0.22535 14907.3
0.22536 14907.3
0.22537 14907.3
0.22538 14907.3
0.22539 14907.3
0.22540 14907.3
0.22541 14907.3
0.22542 14907.3
0.22543 14907.3
0.22544 14907.3
0.22545 14907.3
0.22546 14907.3
0.22547 14907.3
0.22548 14907.3
0.22549 14907.3
0.22550 14907.3
0.22551 14907.3
0.22552 14907.3
0.22553 14907.3
0.22554 14907.3
0.22555 14907.3
0.22556 14907.3
0.22557 14907.3
0.22558 14907.3
0.22559 14907.3
0.22560 14907.3
0.22561 14907.3
0.22562 14907.3
0.22563 14907.3
0.22564 14907.3
0.22565 14907.3
0.22566 14907.3
0.22567 14907.3
0.22568 14907.3
0.22569 14907.3
0.22570 14907.3
0.22571 14907.3
0.22572 14907.3
0.22573 14907.3
0.22574 14907.3
0.22575 14907.3
0.22576 14907.3
0.22577 14907.3
0.22578 14907.3
0.22579 14907.3
0.22580 14907.3
0.22581 14907.3
0.22582 14907.3
0.22583 14907.3
0.22584 14907.3
0.22585 14907.3
0.22586 14907.3
0.22587 14907.3
0.22588 14907.3
0.22589 14907.3
0.22590 14907.3
0.22591 14907.3
0.22592 14907.3
0.22593 14907.3
0.22594 14907.3
0.22595 14907.3
0.22596 14907.3
0.22597 14907.3
0.22598 14907.3
0.22599 14907.3
0.22600 14907.3
0.22601 14907.3
0.22602 14907.3
0.22603 14907.3
0.22604 14907.3
0.22605 14907.3
0.22606 14907.3
0.22607 14907.3
0.22608 14907.3
0.22609 14907.3
0.22610 14907.3
0.22611 14907.3
0.22612 14907.3
0.22613 14907.3
0.22614 14907.3
0.22615 14907.3
0.22616 14907.3
0.22617 14907.3
0.22618 14907.3
0.22619 14907.3
0.22620 14907.3
0.22621 14907.3
0.22622 14907.3
0.22623 14907.3
0.22624 14907.3
0.22625 14907.3
0.22626 14907.3
0.22627 14907.3
0.22628 14907.3
0.22629 14907.3
0.22630 14907.3
0.22631 14907.3
0.22632 14907.3
0.22633 14907.3
0.22634 14907.3
0.22635 14907.3
0.22636 14907.3
0.22637 14907.3
0.22638 14907.3
0.22639 14907.3
0.22640 14907.3
0.22641 14907.3
0.22642 14907.3
0.22643 14907.3
0.22644 14907.3
0.22645 14907.3
0.22646 14907.3
0.22647 14907.3
0.22648 14907.3
0.22649 14907.3
0.22650 14907.3
0.22651 14907.3
0.22652 14907.3
0.22653 14907.3
0.22654 14907.3
0.22655 14907.3
0.22656 14907.3
0.22657 14907.3
0.22658 14907.3
0.22659 14907.3
0.22660 14907.3
0.22661 14907.3
0.22662 14907.3
0.22663 14907.3
0.22664 14907.3
0.22665 14907.3
0.22666 14907.3
0.22667 14907.3
0.22668 14907.3
0.22669 14907.3
0.22670 14907.3
0.22671 14907.3
0.22672 14907.3
0.22673 14907.3
0.22674 14907.3
0.22675 14907.3
0.22676 14907.3
0.22677 14907.3
0.22678 14907.3
0.22679 14907.3
0.22680 14907.3
0.22681 14907.3
0.22682 14907.3
0.22683 14907.3
0.22684 14907.3
0.22685 14907.3
0.22686 14907.3
0.22687 14907.3
0.22688 14907.3
0.22689 14907.3
0.22690 14907.3
0.22691 14907.3
0.22692 14907.3
0.22693 14907.3
0.22694 14907.3
0.22695 14907.3
0.22696 14907.3
0.22697 14907.3
0.22698 14907.3
0.22699 14907.3
0.22700 14907.3
0.22701 14907.3
0.22702 14907.3
0.22703 14907.3
0.22704 14907.3
0.22705 14907.3
0.22706 14907.3
0.22707 14907.3
0.22708 14907.3
0.22709 14907.3
0.22710 14907.3
0.22711 14907.3
0.22712 14907.3
0.22713 14907.3
0.22714 14907.3
0.22715 14907.3
0.22716 14907.3
0.22717 14907.3
0.22718 14907.3
0.22719 14907.3
0.22720 14907.3
0.22721 14907.3
0.22722 14907.3
0.22723 14907.3
0.22724 14907.3
0.22725 14907.3
0.22726 14907.3
0.22727 14907.3
0.22728 14907.3
0.22729 14907.3
0.22730 14907.3
0.22731 14907.3
0.22732 14907.3
0.22733 14907.3
0.22734 14907.3
0.22735 14907.3
0.22736 14907.3
0.22737 14907.3
0.22738 14907.3
0.22739 14907.3
0.22740 14907.3
0.22741 14907.3
0.22742 14907.3
0.22743 14907.3
0.22744 14907.3
0.22745 14907.3
0.22746 14907.3
0.22747 14907.3
0.22748 14907.3
0.22749 14907.3
0.22750 14907.3
0.22751 14907.3
0.22752 14907.3
0.22753 14907.3
0.22754 14907.3
0.22755 14907.3
0.22756 14907.3
0.22757 14907.3
0.22758 14907.3
0.22759 14907.3
0.22760 14907.3
0.22761 14907.3
0.22762 14907.3
0.22763 14907.3
0.22764 14907.3
0.22765 14907.3
0.22766 14907.3
0.22767 14907.3
0.22768 14907.3
0.22769 14907.3
0.22770 14907.3
0.22771 14907.3
0.22772 14907.3
0.22773 14907.3
0.22774 14907.3
0.22775 14907.3
0.22776 14907.3
0.22777 14907.3
0.22778 14907.3
0.22779 14907.3
0.22780 14907.3
0.22781 14907.3
0.22782 14907.3
0.22783 14907.3
0.22784 14907.3
0.22785 14907.3
0.22786 14907.3
0.22787 14907.3
0.22788 14907.3
0.22789 14907.3
0.22790 14907.3
0.22791 14907.3
0.22792 14907.3
0.22793 14907.3
0.22794 14907.3
0.22795 14907.3
0.22796 14907.3
0.22797 14907.3
0.22798 14907.3
0.22799 14907.3
0.22800 14907.3
0.22801 14907.3
0.22802 14907.3
0.22803 14907.3
0.22804 14907.3
0.22805 14907.3
0.22806 14907.3
0.22807 14907.3
0.22808 14907.3
0.22809 14907.3
0.22810 14907.3
0.22811 14907.3
0.22812 14907.3
0.22813 14907.3
0.22814 14907.3
0.22815 14907.3
0.22816 14907.3
0.22817 14907.3
0.22818 14907.3
0.22819 14907.3
0.22820 14907.3
0.22821 14907.3
0.22822 14907.3
0.22823 14907.3
0.22824 14907.3
0.22825 14907.3
0.22826 14907.3
0.22827 14907.3
0.22828 14907.3
0.22829 14907.3
0.22830 14907.3
0.22831 14907.3
0.22832 14907.3
0.22833 14907.3
0.22834 14907.3
0.22835 14907.3
0.22836 14907.3
0.22837 14907.3
0.22838 14907.3
0.22839 14907.3
0.22840 14907.3
0.22841 14907.3
0.22842 14907.3
0.22843 14907.3
0.22844 14907.3
0.22845 14907.3
0.22846 14907.3
0.22847 14907.3
0.22848 14907.3
0.22849 14907.3
0.22850 14907.3
0.22851 14907.3
0.22852 14907.3
0.22853 14907.3
0.22854 14907.3
0.22855 14907.3
0.22856 14907.3
0.22857 14907.3
0.22858 14907.3
0.22859 14907.3
0.22860 14907.3
0.22861 14907.3
0.22862 14907.3
0.22863 14907.3
0.22864 14907.3
0.22865 14907.3
0.22866 14907.3
0.22867 14907.3
0.22868 14907.3
0.22869 14907.3
0.22870 14907.3
0.22871 14907.3
0.22872 14907.3
0.22873 14907.3
0.22874 14907.3
0.22875 14907.3
0.22876 14907.3
0.22877 14907.3
0.22878 14907.3
0.22879 14907.3
0.22880 14907.3
0.22881 14907.3
0.22882 14907.3
0.22883 14907.3
0.22884 14907.3
0.22885 14907.3
0.22886 14907.3
0.22887 14907.3
0.22888 14907.3
0.22889 14907.3
0.22890 14907.3
0.22891 14907.3
0.22892 14907.3
0.22893 14907.3
0.22894 14907.3
0.22895 14907.3
0.22896 14907.3
0.22897 14907.3
0.22898 14907.3
0.22899 14907.3
0.22900 14907.3
0.22901 14907.3
0.22902 14907.3
0.22903 14907.3
0.22904 14907.3
0.22905 14907.3
0.22906 14907.3
0.22907 14907.3
0.22908 14907.3
0.22909 14907.3
0.22910 14907.3
0.22911 14907.3
0.22912 14907.3
0.22913 14907.3
0.22914 14907.3
0.22915 14907.3
0.22916 14907.3
0.22917 14907.3
0.22918 14907.3
0.22919 14907.3
0.22920 14907.3
0.22921 14907.3
0.22922 14907.3
0.22923 14907.3
0.22924 14907.3
0.22925 14907.3
0.22926 14907.3
0.22927 14907.3
0.22928 14907.3
0.22929 14907.3
0.22930 14907.3
0.22931 14907.3
0.22932 14907.3
0.22933 14907.3
0.22934 14907.3
0.22935 14907.3
0.22936 14907.3
0.22937 14907.3
0.22938 14907.3
0.22939 14907.3
0.22940 14907.3
0.22941 14907.3
0.22942 14907.3
0.22943 14907.3
0.22944 14907.3
0.22945 14907.3
0.22946 14907.3
0.22947 14907.3
0.22948 14907.3
0.22949 14907.3
0.22950 14907.3
0.22951 14907.3
0.22952 14907.3
0.22953 14907.3
0.22954 14907.3
0.22955 14907.3
0.22956 14907.3
0.22957 14907.3
0.22958 14907.3
0.22959 14907.3
0.22960 14907.3
0.22961 14907.3
0.22962 14907.3
0.22963 14907.3
0.22964 14907.3
0.22965 14907.3
0.22966 14907.3
0.22967 14907.3
0.22968 14907.3
0.22969 14907.3
0.22970 14907.3
0.22971 14907.3
0.22972 14907.3
0.22973 14907.3
0.22974 14907.3
0.22975 14907.3
0.22976 14907.3
0.22977 14907.3
0.22978 14907.3
0.22979 14907.3
0.22980 14907.3
0.22981 14907.3
0.22982 14907.3
0.22983 14907.3
0.22984 14907.3
0.22985 14907.3
0.22986 14907.3
0.22987 14907.3
0.22988 14907.3
0.22989 14907.3
0.22990 14907.3
0.22991 14907.3
0.22992 14907.3
0.22993 14907.3
0.22994 14907.3
0.22995 14907.3
0.22996 14907.3
0.22997 14907.3
0.22998 14907.3
0.22999 14907.3
0.23000 14907.3
0.23001 14907.3
0.23002 14907.3
0.23003 14907.3
0.23004 14907.3
0.23005 14907.3
0.23006 14907.3
0.23007 14907.3
0.23008 14907.3
0.23009 14907.3
0.23010 14907.3
0.23011 14907.3
0.23012 14907.3
0.23013 14907.3
0.23014 14907.3
0.23015 14907.3
0.23016 14907.3
0.23017 14907.3
0.23018 14907.3
0.23019 14907.3
0.23020 14907.3
0.23021 14907.3
0.23022 14907.3
0.23023 14907.3
0.23024 14907.3
0.23025 14907.3
0.23026 14907.3
0.23027 14907.3
0.23028 14907.3
0.23029 14907.3
0.23030 14907.3
0.23031 14907.3
0.23032 14907.3
0.23033 14907.3
0.23034 14907.3
0.23035 14907.3
0.23036 14907.3
0.23037 14907.3
0.23038 14907.3
0.23039 14907.3
0.23040 14907.3
0.23041 14907.3
0.23042 14907.3
0.23043 14907.3
0.23044 14907.3
0.23045 14907.3
0.23046 14907.3
0.23047 14907.3
0.23048 14907.3
0.23049 14907.3
0.23050 14907.3
0.23051 14907.3
0.23052 14907.3
0.23053 14907.3
0.23054 14907.3
0.23055 14907.3
0.23056 14907.3
0.23057 14907.3
0.23058 14907.3
0.23059 14907.3
0.23060 14907.3
0.23061 14907.3
0.23062 14907.3
0.23063 14907.3
0.23064 14907.3
0.23065 14907.3
0.23066 14907.3
0.23067 14907.3
0.23068 14907.3
0.23069 14907.3
0.23070 14907.3
0.23071 14907.3
0.23072 14907.3
0.23073 14907.3
0.23074 14907.3
0.23075 14907.3
0.23076 14907.3
0.23077 14907.3
0.23078 14907.3
0.23079 14907.3
0.23080 14907.3
0.23081 14907.3
0.23082 14907.3
0.23083 14907.3
0.23084 14907.3
0.23085 14907.3
0.23086 14907.3
0.23087 14907.3
0.23088 14907.3
0.23089 14907.3
0.23090 14907.3
0.23091 14907.3
0.23092 14907.3
0.23093 14907.3
0.23094 14907.3
0.23095 14907.3
0.23096 14907.3
0.23097 14907.3
0.23098 14907.3
0.23099 14907.3
0.23100 14907.3
0.23101 14907.3
0.23102 14907.3
0.23103 14907.3
0.23104 14907.3
0.23105 14907.3
0.23106 14907.3
0.23107 14907.3
0.23108 14907.3
0.23109 14907.3
0.23110 14907.3
0.23111 14907.3
0.23112 14907.3
0.23113 14907.3
0.23114 14907.3
0.23115 14907.3
0.23116 14907.3
0.23117 14907.3
0.23118 14907.3
0.23119 14907.3
0.23120 14907.3
0.23121 14907.3
0.23122 14907.3
0.23123 14907.3
0.23124 14907.3
0.23125 14907.3
0.23126 14907.3
0.23127 14907.3
0.23128 14907.3
0.23129 14907.3
0.23130 14907.3
0.23131 14907.3
0.23132 14907.3
0.23133 14907.3
0.23134 14907.3
0.23135 14907.3
0.23136 14907.3
0.23137 14907.3
0.23138 14907.3
0.23139 14907.3
0.23140 14907.3
0.23141 14907.3
0.23142 14907.3
0.23143 14907.3
0.23144 14907.3
0.23145 14907.3
0.23146 14907.3
0.23147 14907.3
0.23148 14907.3
0.23149 14907.3
0.23150 14907.3
0.23151 14907.3
0.23152 14907.3
0.23153 14907.3
0.23154 14907.3
0.23155 14907.3
0.23156 14907.3
0.23157 14907.3
0.23158 14907.3
0.23159 14907.3
0.23160 14907.3
0.23161 14907.3
0.23162 14907.3
0.23163 14907.3
0.23164 14907.3
0.23165 14907.3
0.23166 14907.3
0.23167 14907.3
0.23168 14907.3
0.23169 14907.3
0.23170 14907.3
0.23171 14907.3
0.23172 14907.3
0.23173 14907.3
0.23174 14907.3
0.23175 14907.3
0.23176 14907.3
0.23177 14907.3
0.23178 14907.3
0.23179 14907.3
0.23180 14907.3
0.23181 14907.3
0.23182 14907.3
0.23183 14907.3
0.23184 14907.3
0.23185 14907.3
0.23186 14907.3
0.23187 14907.3
0.23188 14907.3
0.23189 14907.3
0.23190 14907.3
0.23191 14907.3
0.23192 14907.3
0.23193 14907.3
0.23194 14907.3
0.23195 14907.3
0.23196 14907.3
0.23197 14907.3
0.23198 14907.3
0.23199 14907.3
0.23200 14907.3
0.23201 14907.3
0.23202 14907.3
0.23203 14907.3
0.23204 14907.3
0.23205 14907.3
0.23206 14907.3
0.23207 14907.3
0.23208 14907.3
0.23209 14907.3
0.23210 14907.3
0.23211 14907.3
0.23212 14907.3
0.23213 14907.3
0.23214 14907.3
0.23215 14907.3
0.23216 14907.3
0.23217 14907.3
0.23218 14907.3
0.23219 14907.3
0.23220 14907.3
0.23221 14907.3
0.23222 14907.3
0.23223 14907.3
0.23224 14907.3
0.23225 14907.3
0.23226 14907.3
0.23227 14907.3
0.23228 14907.3
0.23229 14907.3
0.23230 14907.3
0.23231 14907.3
0.23232 14907.3
0.23233 14907.3
0.23234 14907.3
0.23235 14907.3
0.23236 14907.3
0.23237 14907.3
0.23238 14907.3
0.23239 14907.3
0.23240 14907.3
0.23241 14907.3
0.23242 14907.3
0.23243 14907.3
0.23244 14907.3
0.23245 14907.3
0.23246 14907.3
0.23247 14907.3
0.23248 14907.3
0.23249 14907.3
0.23250 14907.3
0.23251 14907.3
0.23252 14907.3
0.23253 14907.3
0.23254 14907.3
0.23255 14907.3
0.23256 14907.3
0.23257 14907.3
0.23258 14907.3
0.23259 14907.3
0.23260 14907.3
0.23261 14907.3
0.23262 14907.3
0.23263 14907.3
0.23264 14907.3
0.23265 14907.3
0.23266 14907.3
0.23267 14907.3
0.23268 14907.3
0.23269 14907.3
0.23270 14907.3
0.23271 14907.3
0.23272 14907.3
0.23273 14907.3
0.23274 14907.3
0.23275 14907.3
0.23276 14907.3
0.23277 14907.3
0.23278 14907.3
0.23279 14907.3
0.23280 14907.3
0.23281 14907.3
0.23282 14907.3
0.23283 14907.3
0.23284 14907.3
0.23285 14907.3
0.23286 14907.3
0.23287 14907.3
0.23288 14907.3
0.23289 14907.3
0.23290 14907.3
0.23291 14907.3
0.23292 14907.3
0.23293 14907.3
0.23294 14907.3
0.23295 14907.3
0.23296 14907.3
0.23297 14907.3
0.23298 14907.3
0.23299 14907.3
0.23300 14907.3
0.23301 14907.3
0.23302 14907.3
0.23303 14907.3
0.23304 14907.3
0.23305 14907.3
0.23306 14907.3
0.23307 14907.3
0.23308 14907.3
0.23309 14907.3
0.23310 14907.3
0.23311 14907.3
0.23312 14907.3
0.23313 14907.3
0.23314 14907.3
0.23315 14907.3
0.23316 14907.3
0.23317 14907.3
0.23318 14907.3
0.23319 14907.3
0.23320 14907.3
0.23321 14907.3
0.23322 14907.3
0.23323 14907.3
0.23324 14907.3
0.23325 14907.3
0.23326 14907.3
0.23327 14907.3
0.23328 14907.3
0.23329 14907.3
0.23330 14907.3
0.23331 14907.3
0.23332 14907.3
0.23333 14907.3
0.23334 14907.3
0.23335 14907.3
0.23336 14907.3
0.23337 14907.3
0.23338 14907.3
0.23339 14907.3
0.23340 14907.3
0.23341 14907.3
0.23342 14907.3
0.23343 14907.3
0.23344 14907.3
0.23345 14907.3
0.23346 14907.3
0.23347 14907.3
0.23348 14907.3
0.23349 14907.3
0.23350 14907.3
0.23351 14907.3
0.23352 14907.3
0.23353 14907.3
0.23354 14907.3
0.23355 14907.3
0.23356 14907.3
0.23357 14907.3
0.23358 14907.3
0.23359 14907.3
0.23360 14907.3
0.23361 14907.3
0.23362 14907.3
0.23363 14907.3
0.23364 14907.3
0.23365 14907.3
0.23366 14907.3
0.23367 14907.3
0.23368 14907.3
0.23369 14907.3
0.23370 14907.3
0.23371 14907.3
0.23372 14907.3
0.23373 14907.3
0.23374 14907.3
0.23375 14907.3
0.23376 14907.3
0.23377 14907.3
0.23378 14907.3
0.23379 14907.3
0.23380 14907.3
0.23381 14907.3
0.23382 14907.3
0.23383 14907.3
0.23384 14907.3
0.23385 14907.3
0.23386 14907.3
0.23387 14907.3
0.23388 14907.3
0.23389 14907.3
0.23390 14907.3
0.23391 14907.3
0.23392 14907.3
0.23393 14907.3
0.23394 14907.3
0.23395 14907.3
0.23396 14907.3
0.23397 14907.3
0.23398 14907.3
0.23399 14907.3
0.23400 14907.3
0.23401 14907.3
0.23402 14907.3
0.23403 14907.3
0.23404 14907.3
0.23405 14907.3
0.23406 14907.3
0.23407 14907.3
0.23408 14907.3
0.23409 14907.3
0.23410 14907.3
0.23411 14907.3
0.23412 14907.3
0.23413 14907.3
0.23414 14907.3
0.23415 14907.3
0.23416 14907.3
0.23417 14907.3
0.23418 14907.3
0.23419 14907.3
0.23420 14907.3
0.23421 14907.3
0.23422 14907.3
0.23423 14907.3
0.23424 14907.3
0.23425 14907.3
0.23426 14907.3
0.23427 14907.3
0.23428 14907.3
0.23429 14907.3
0.23430 14907.3
0.23431 14907.3
0.23432 14907.3
0.23433 14907.3
0.23434 14907.3
0.23435 14907.3
0.23436 14907.3
0.23437 14907.3
0.23438 14907.3
0.23439 14907.3
0.23440 14907.3
0.23441 14907.3
0.23442 14907.3
0.23443 14907.3
0.23444 14907.3
0.23445 14907.3
0.23446 14907.3
0.23447 14907.3
0.23448 14907.3
0.23449 14907.3
0.23450 14907.3
0.23451 14907.3
0.23452 14907.3
0.23453 14907.3
0.23454 14907.3
0.23455 14907.3
0.23456 14907.3
0.23457 14907.3
0.23458 14907.3
0.23459 14907.3
0.23460 14907.3
0.23461 14907.3
0.23462 14907.3
0.23463 14907.3
0.23464 14907.3
0.23465 14907.3
0.23466 14907.3
0.23467 14907.3
0.23468 14907.3
0.23469 14907.3
0.23470 14907.3
0.23471 14907.3
0.23472 14907.3
0.23473 14907.3
0.23474 14907.3
0.23475 14907.3
0.23476 14907.3
0.23477 14907.3
0.23478 14907.3
0.23479 14907.3
0.23480 14907.3
0.23481 14907.3
0.23482 14907.3
0.23483 14907.3
0.23484 14907.3
0.23485 14907.3
0.23486 14907.3
0.23487 14907.3
0.23488 14907.3
0.23489 14907.3
0.23490 14907.3
0.23491 14907.3
0.23492 14907.3
0.23493 14907.3
0.23494 14907.3
0.23495 14907.3
0.23496 14907.3
0.23497 14907.3
0.23498 14907.3
0.23499 14907.3
0.23500 14907.3
0.23501 14907.3
0.23502 14907.3
0.23503 14907.3
0.23504 14907.3
0.23505 14907.3
0.23506 14907.3
0.23507 14907.3
0.23508 14907.3
0.23509 14907.3
0.23510 14907.3
0.23511 14907.3
0.23512 14907.3
0.23513 14907.3
0.23514 14907.3
0.23515 14907.3
0.23516 14907.3
0.23517 14907.3
0.23518 14907.3
0.23519 14907.3
0.23520 14907.3
0.23521 14907.3
0.23522 14907.3
0.23523 14907.3
0.23524 14907.3
0.23525 14907.3
0.23526 14907.3
0.23527 14907.3
0.23528 14907.3
0.23529 14907.3
0.23530 14907.3
0.23531 14907.3
0.23532 14907.3
0.23533 14907.3
0.23534 14907.3
0.23535 14907.3
0.23536 14907.3
0.23537 14907.3
0.23538 14907.3
0.23539 14907.3
0.23540 14907.3
0.23541 14907.3
0.23542 14907.3
0.23543 14907.3
0.23544 14907.3
0.23545 14907.3
0.23546 14907.3
0.23547 14907.3
0.23548 14907.3
0.23549 14907.3
0.23550 14907.3
0.23551 14907.3
0.23552 14907.3
0.23553 14907.3
0.23554 14907.3
0.23555 14907.3
0.23556 14907.3
0.23557 14907.3
0.23558 14907.3
0.23559 14907.3
0.23560 14907.3
0.23561 14907.3
0.23562 14907.3
0.23563 14907.3
0.23564 14907.3
0.23565 14907.3
0.23566 14907.3
0.23567 14907.3
0.23568 14907.3
0.23569 14907.3
0.23570 14907.3
0.23571 14907.3
0.23572 14907.3
0.23573 14907.3
0.23574 14907.3
0.23575 14907.3
0.23576 14907.3
0.23577 14907.3
0.23578 14907.3
0.23579 14907.3
0.23580 14907.3
0.23581 14907.3
0.23582 14907.3
0.23583 14907.3
0.23584 14907.3
0.23585 14907.3
0.23586 14907.3
0.23587 14907.3
0.23588 14907.3
0.23589 14907.3
0.23590 14907.3
0.23591 14907.3
0.23592 14907.3
0.23593 14907.3
0.23594 14907.3
0.23595 14907.3
0.23596 14907.3
0.23597 14907.3
0.23598 14907.3
0.23599 14907.3
0.23600 14907.3
0.23601 14907.3
0.23602 14907.3
0.23603 14907.3
0.23604 14907.3
0.23605 14907.3
0.23606 14907.3
0.23607 14907.3
0.23608 14907.3
0.23609 14907.3
0.23610 14907.3
0.23611 14907.3
0.23612 14907.3
0.23613 14907.3
0.23614 14907.3
0.23615 14907.3
0.23616 14907.3
0.23617 14907.3
0.23618 14907.3
0.23619 14907.3
0.23620 14907.3
0.23621 14907.3
0.23622 14907.3
0.23623 14907.3
0.23624 14907.3
0.23625 14907.3
0.23626 14907.3
0.23627 14907.3
0.23628 14907.3
0.23629 14907.3
0.23630 14907.3
0.23631 14907.3
0.23632 14907.3
0.23633 14907.3
0.23634 14907.3
0.23635 14907.3
0.23636 14907.3
0.23637 14907.3
0.23638 14907.3
0.23639 14907.3
0.23640 14907.3
0.23641 14907.3
0.23642 14907.3
0.23643 14907.3
0.23644 14907.3
0.23645 14907.3
0.23646 14907.3
0.23647 14907.3
0.23648 14907.3
0.23649 14907.3
0.23650 14907.3
0.23651 14907.3
0.23652 14907.3
0.23653 14907.3
0.23654 14907.3
0.23655 14907.3
0.23656 14907.3
0.23657 14907.3
0.23658 14907.3
0.23659 14907.3
0.23660 14907.3
0.23661 14907.3
0.23662 14907.3
0.23663 14907.3
0.23664 14907.3
0.23665 14907.3
0.23666 14907.3
0.23667 14907.3
0.23668 14907.3
0.23669 14907.3
0.23670 14907.3
0.23671 14907.3
0.23672 14907.3
0.23673 14907.3
0.23674 14907.3
0.23675 14907.3
0.23676 14907.3
0.23677 14907.3
0.23678 14907.3
0.23679 14907.3
0.23680 14907.3
0.23681 14907.3
0.23682 14907.3
0.23683 14907.3
0.23684 14907.3
0.23685 14907.3
0.23686 14907.3
0.23687 14907.3
0.23688 14907.3
0.23689 14907.3
0.23690 14907.3
0.23691 14907.3
0.23692 14907.3
0.23693 14907.3
0.23694 14907.3
0.23695 14907.3
0.23696 14907.3
0.23697 14907.3
0.23698 14907.3
0.23699 14907.3
0.23700 14907.3
0.23701 14907.3
0.23702 14907.3
0.23703 14907.3
0.23704 14907.3
0.23705 14907.3
0.23706 14907.3
0.23707 14907.3
0.23708 14907.3
0.23709 14907.3
0.23710 14907.3
0.23711 14907.3
0.23712 14907.3
0.23713 14907.3
0.23714 14907.3
0.23715 14907.3
0.23716 14907.3
0.23717 14907.3
0.23718 14907.3
0.23719 14907.3
0.23720 14907.3
0.23721 14907.3
0.23722 14907.3
0.23723 14907.3
0.23724 14907.3
0.23725 14907.3
0.23726 14907.3
0.23727 14907.3
0.23728 14907.3
0.23729 14907.3
0.23730 14907.3
0.23731 14907.3
0.23732 14907.3
0.23733 14907.3
0.23734 14907.3
0.23735 14907.3
0.23736 14907.3
0.23737 14907.3
0.23738 14907.3
0.23739 14907.3
0.23740 14907.3
0.23741 14907.3
0.23742 14907.3
0.23743 14907.3
0.23744 14907.3
0.23745 14907.3
0.23746 14907.3
0.23747 14907.3
0.23748 14907.3
0.23749 14907.3
0.23750 14907.3
0.23751 14907.3
0.23752 14907.3
0.23753 14907.3
0.23754 14907.3
0.23755 14907.3
0.23756 14907.3
0.23757 14907.3
0.23758 14907.3
0.23759 14907.3
0.23760 14907.3
0.23761 14907.3
0.23762 14907.3
0.23763 14907.3
0.23764 14907.3
0.23765 14907.3
0.23766 14907.3
0.23767 14907.3
0.23768 14907.3
0.23769 14907.3
0.23770 14907.3
0.23771 14907.3
0.23772 14907.3
0.23773 14907.3
0.23774 14907.3
0.23775 14907.3
0.23776 14907.3
0.23777 14907.3
0.23778 14907.3
0.23779 14907.3
0.23780 14907.3
0.23781 14907.3
0.23782 14907.3
0.23783 14907.3
0.23784 14907.3
0.23785 14907.3
0.23786 14907.3
0.23787 14907.3
0.23788 14907.3
0.23789 14907.3
0.23790 14907.3
0.23791 14907.3
0.23792 14907.3
0.23793 14907.3
0.23794 14907.3
0.23795 14907.3
0.23796 14907.3
0.23797 14907.3
0.23798 14907.3
0.23799 14907.3
0.23800 14907.3
0.23801 14907.3
0.23802 14907.3
0.23803 14907.3
0.23804 14907.3
0.23805 14907.3
0.23806 14907.3
0.23807 14907.3
0.23808 14907.3
0.23809 14907.3
0.23810 14907.3
0.23811 14907.3
0.23812 14907.3
0.23813 14907.3
0.23814 14907.3
0.23815 14907.3
0.23816 14907.3
0.23817 14907.3
0.23818 14907.3
0.23819 14907.3
0.23820 14907.3
0.23821 14907.3
0.23822 14907.3
0.23823 14907.3
0.23824 14907.3
0.23825 14907.3
0.23826 14907.3
0.23827 14907.3
0.23828 14907.3
0.23829 14907.3
0.23830 14907.3
0.23831 14907.3
0.23832 14907.3
0.23833 14907.3
0.23834 14907.3
0.23835 14907.3
0.23836 14907.3
0.23837 14907.3
0.23838 14907.3
0.23839 14907.3
0.23840 14907.3
0.23841 14907.3
0.23842 14907.3
0.23843 14907.3
0.23844 14907.3
0.23845 14907.3
0.23846 14907.3
0.23847 14907.3
0.23848 14907.3
0.23849 14907.3
0.23850 14907.3
0.23851 14907.3
0.23852 14907.3
0.23853 14907.3
0.23854 14907.3
0.23855 14907.3
0.23856 14907.3
0.23857 14907.3
0.23858 14907.3
0.23859 14907.3
0.23860 14907.3
0.23861 14907.3
0.23862 14907.3
0.23863 14907.3
0.23864 14907.3
0.23865 14907.3
0.23866 14907.3
0.23867 14907.3
0.23868 14907.3
0.23869 14907.3
0.23870 14907.3
0.23871 14907.3
0.23872 14907.3
0.23873 14907.3
0.23874 14907.3
0.23875 14907.3
0.23876 14907.3
0.23877 14907.3
0.23878 14907.3
0.23879 14907.3
0.23880 14907.3
0.23881 14907.3
0.23882 14907.3
0.23883 14907.3
0.23884 14907.3
0.23885 14907.3
0.23886 14907.3
0.23887 14907.3
0.23888 14907.3
0.23889 14907.3
0.23890 14907.3
0.23891 14907.3
0.23892 14907.3
0.23893 14907.3
0.23894 14907.3
0.23895 14907.3
0.23896 14907.3
0.23897 14907.3
0.23898 14907.3
0.23899 14907.3
0.23900 14907.3
0.23901 14907.3
0.23902 14907.3
0.23903 14907.3
0.23904 14907.3
0.23905 14907.3
0.23906 14907.3
0.23907 14907.3
0.23908 14907.3
0.23909 14907.3
0.23910 14907.3
0.23911 14907.3
0.23912 14907.3
0.23913 14907.3
0.23914 14907.3
0.23915 14907.3
0.23916 14907.3
0.23917 14907.3
0.23918 14907.3
0.23919 14907.3
0.23920 14907.3
0.23921 14907.3
0.23922 14907.3
0.23923 14907.3
0.23924 14907.3
0.23925 14907.3
0.23926 14907.3
0.23927 14907.3
0.23928 14907.3
0.23929 14907.3
0.23930 14907.3
0.23931 14907.3
0.23932 14907.3
0.23933 14907.3
0.23934 14907.3
0.23935 14907.3
0.23936 14907.3
0.23937 14907.3
0.23938 14907.3
0.23939 14907.3
0.23940 14907.3
0.23941 14907.3
0.23942 14907.3
0.23943 14907.3
0.23944 14907.3
0.23945 14907.3
0.23946 14907.3
0.23947 14907.3
0.23948 14907.3
0.23949 14907.3
0.23950 14907.3
0.23951 14907.3
0.23952 14907.3
0.23953 14907.3
0.23954 14907.3
0.23955 14907.3
0.23956 14907.3
0.23957 14907.3
0.23958 14907.3
0.23959 14907.3
0.23960 14907.3
0.23961 14907.3
0.23962 14907.3
0.23963 14907.3
0.23964 14907.3
0.23965 14907.3
0.23966 14907.3
0.23967 14907.3
0.23968 14907.3
0.23969 14907.3
0.23970 14907.3
0.23971 14907.3
0.23972 14907.3
0.23973 14907.3
0.23974 14907.3
0.23975 14907.3
0.23976 14907.3
0.23977 14907.3
0.23978 14907.3
0.23979 14907.3
0.23980 14907.3
0.23981 14907.3
0.23982 14907.3
0.23983 14907.3
0.23984 14907.3
0.23985 14907.3
0.23986 14907.3
0.23987 14907.3
0.23988 14907.3
0.23989 14907.3
0.23990 14907.3
0.23991 14907.3
0.23992 14907.3
0.23993 14907.3
0.23994 14907.3
0.23995 14907.3
0.23996 14907.3
0.23997 14907.3
0.23998 14907.3
0.23999 14907.3
0.24000 14907.3
0.24001 14907.3
0.24002 14907.3
0.24003 14907.3
0.24004 14907.3
0.24005 14907.3
0.24006 14907.3
0.24007 14907.3
0.24008 14907.3
0.24009 14907.3
0.24010 14907.3
0.24011 14907.3
0.24012 14907.3
0.24013 14907.3
0.24014 14907.3
0.24015 14907.3
0.24016 14907.3
0.24017 14907.3
0.24018 14907.3
0.24019 14907.3
0.24020 14907.3
0.24021 14907.3
0.24022 14907.3
0.24023 14907.3
0.24024 14907.3
0.24025 14907.3
0.24026 14907.3
0.24027 14907.3
0.24028 14907.3
0.24029 14907.3
0.24030 14907.3
0.24031 14907.3
0.24032 14907.3
0.24033 14907.3
0.24034 14907.3
0.24035 14907.3
0.24036 14907.3
0.24037 14907.3
0.24038 14907.3
0.24039 14907.3
0.24040 14907.3
0.24041 14907.3
0.24042 14907.3
0.24043 14907.3
0.24044 14907.3
0.24045 14907.3
0.24046 14907.3
0.24047 14907.3
0.24048 14907.3
0.24049 14907.3
0.24050 14907.3
0.24051 14907.3
0.24052 14907.3
0.24053 14907.3
0.24054 14907.3
0.24055 14907.3
0.24056 14907.3
0.24057 14907.3
0.24058 14907.3
0.24059 14907.3
0.24060 14907.3
0.24061 14907.3
0.24062 14907.3
0.24063 14907.3
0.24064 14907.3
0.24065 14907.3
0.24066 14907.3
0.24067 14907.3
0.24068 14907.3
0.24069 14907.3
0.24070 14907.3
0.24071 14907.3
0.24072 14907.3
0.24073 14907.3
0.24074 14907.3
0.24075 14907.3
0.24076 14907.3
0.24077 14907.3
0.24078 14907.3
0.24079 14907.3
0.24080 14907.3
0.24081 14907.3
0.24082 14907.3
0.24083 14907.3
0.24084 14907.3
0.24085 14907.3
0.24086 14907.3
0.24087 14907.3
0.24088 14907.3
0.24089 14907.3
0.24090 14907.3
0.24091 14907.3
0.24092 14907.3
0.24093 14907.3
0.24094 14907.3
0.24095 14907.3
0.24096 14907.3
0.24097 14907.3
0.24098 14907.3
0.24099 14907.3
0.24100 14907.3
0.24101 14907.3
0.24102 14907.3
0.24103 14907.3
0.24104 14907.3
0.24105 14907.3
0.24106 14907.3
0.24107 14907.3
0.24108 14907.3
0.24109 14907.3
0.24110 14907.3
0.24111 14907.3
0.24112 14907.3
0.24113 14907.3
0.24114 14907.3
0.24115 14907.3
0.24116 14907.3
0.24117 14907.3
0.24118 14907.3
0.24119 14907.3
0.24120 14907.3
0.24121 14907.3
0.24122 14907.3
0.24123 14907.3
0.24124 14907.3
0.24125 14907.3
0.24126 14907.3
0.24127 14907.3
0.24128 14907.3
0.24129 14907.3
0.24130 14907.3
0.24131 14907.3
0.24132 14907.3
0.24133 14907.3
0.24134 14907.3
0.24135 14907.3
0.24136 14907.3
0.24137 14907.3
0.24138 14907.3
0.24139 14907.3
0.24140 14907.3
0.24141 14907.3
0.24142 14907.3
0.24143 14907.3
0.24144 14907.3
0.24145 14907.3
0.24146 14907.3
0.24147 14907.3
0.24148 14907.3
0.24149 14907.3
0.24150 14907.3
0.24151 14907.3
0.24152 14907.3
0.24153 14907.3
0.24154 14907.3
0.24155 14907.3
0.24156 14907.3
0.24157 14907.3
0.24158 14907.3
0.24159 14907.3
0.24160 14907.3
0.24161 14907.3
0.24162 14907.3
0.24163 14907.3
0.24164 14907.3
0.24165 14907.3
0.24166 14907.3
0.24167 14907.3
0.24168 14907.3
0.24169 14907.3
0.24170 14907.3
0.24171 14907.3
0.24172 14907.3
0.24173 14907.3
0.24174 14907.3
0.24175 14907.3
0.24176 14907.3
0.24177 14907.3
0.24178 14907.3
0.24179 14907.3
0.24180 14907.3
0.24181 14907.3
0.24182 14907.3
0.24183 14907.3
0.24184 14907.3
0.24185 14907.3
0.24186 14907.3
0.24187 14907.3
0.24188 14907.3
0.24189 14907.3
0.24190 14907.3
0.24191 14907.3
0.24192 14907.3
0.24193 14907.3
0.24194 14907.3
0.24195 14907.3
0.24196 14907.3
0.24197 14907.3
0.24198 14907.3
0.24199 14907.3
0.24200 14907.3
0.24201 14907.3
0.24202 14907.3
0.24203 14907.3
0.24204 14907.3
0.24205 14907.3
0.24206 14907.3
0.24207 14907.3
0.24208 14907.3
0.24209 14907.3
0.24210 14907.3
0.24211 14907.3
0.24212 14907.3
0.24213 14907.3
0.24214 14907.3
0.24215 14907.3
0.24216 14907.3
0.24217 14907.3
0.24218 14907.3
0.24219 14907.3
0.24220 14907.3
0.24221 14907.3
0.24222 14907.3
0.24223 14907.3
0.24224 14907.3
0.24225 14907.3
0.24226 14907.3
0.24227 14907.3
0.24228 14907.3
0.24229 14907.3
0.24230 14907.3
0.24231 14907.3
0.24232 14907.3
0.24233 14907.3
0.24234 14907.3
0.24235 14907.3
0.24236 14907.3
0.24237 14907.3
0.24238 14907.3
0.24239 14907.3
0.24240 14907.3
0.24241 14907.3
0.24242 14907.3
0.24243 14907.3
0.24244 14907.3
0.24245 14907.3
0.24246 14907.3
0.24247 14907.3
0.24248 14907.3
0.24249 14907.3
0.24250 14907.3
0.24251 14907.3
0.24252 14907.3
0.24253 14907.3
0.24254 14907.3
0.24255 14907.3
0.24256 14907.3
0.24257 14907.3
0.24258 14907.3
0.24259 14907.3
0.24260 14907.3
0.24261 14907.3
0.24262 14907.3
0.24263 14907.3
0.24264 14907.3
0.24265 14907.3
0.24266 14907.3
0.24267 14907.3
0.24268 14907.3
0.24269 14907.3
0.24270 14907.3
0.24271 14907.3
0.24272 14907.3
0.24273 14907.3
0.24274 14907.3
0.24275 14907.3
0.24276 14907.3
0.24277 14907.3
0.24278 14907.3
0.24279 14907.3
0.24280 14907.3
0.24281 14907.3
0.24282 14907.3
0.24283 14907.3
0.24284 14907.3
0.24285 14907.3
0.24286 14907.3
0.24287 14907.3
0.24288 14907.3
0.24289 14907.3
0.24290 14907.3
0.24291 14907.3
0.24292 14907.3
0.24293 14907.3
0.24294 14907.3
0.24295 14907.3
0.24296 14907.3
0.24297 14907.3
0.24298 14907.3
0.24299 14907.3
0.24300 14907.3
0.24301 14907.3
0.24302 14907.3
0.24303 14907.3
0.24304 14907.3
0.24305 14907.3
0.24306 14907.3
0.24307 14907.3
0.24308 14907.3
0.24309 14907.3
0.24310 14907.3
0.24311 14907.3
0.24312 14907.3
0.24313 14907.3
0.24314 14907.3
0.24315 14907.3
0.24316 14907.3
0.24317 14907.3
0.24318 14907.3
0.24319 14907.3
0.24320 14907.3
0.24321 14907.3
0.24322 14907.3
0.24323 14907.3
0.24324 14907.3
0.24325 14907.3
0.24326 14907.3
0.24327 14907.3
0.24328 14907.3
0.24329 14907.3
0.24330 14907.3
0.24331 14907.3
0.24332 14907.3
0.24333 14907.3
0.24334 14907.3
0.24335 14907.3
0.24336 14907.3
0.24337 14907.3
0.24338 14907.3
0.24339 14907.3
0.24340 14907.3
0.24341 14907.3
0.24342 14907.3
0.24343 14907.3
0.24344 14907.3
0.24345 14907.3
0.24346 14907.3
0.24347 14907.3
0.24348 14907.3
0.24349 14907.3
0.24350 14907.3
0.24351 14907.3
0.24352 14907.3
0.24353 14907.3
0.24354 14907.3
0.24355 14907.3
0.24356 14907.3
0.24357 14907.3
0.24358 14907.3
0.24359 14907.3
0.24360 14907.3
0.24361 14907.3
0.24362 14907.3
0.24363 14907.3
0.24364 14907.3
0.24365 14907.3
0.24366 14907.3
0.24367 14907.3
0.24368 14907.3
0.24369 14907.3
0.24370 14907.3
0.24371 14907.3
0.24372 14907.3
0.24373 14907.3
0.24374 14907.3
0.24375 14907.3
0.24376 14907.3
0.24377 14907.3
0.24378 14907.3
0.24379 14907.3
0.24380 14907.3
0.24381 14907.3
0.24382 14907.3
0.24383 14907.3
0.24384 14907.3
0.24385 14907.3
0.24386 14907.3
0.24387 14907.3
0.24388 14907.3
0.24389 14907.3
0.24390 14907.3
0.24391 14907.3
0.24392 14907.3
0.24393 14907.3
0.24394 14907.3
0.24395 14907.3
0.24396 14907.3
0.24397 14907.3
0.24398 14907.3
0.24399 14907.3
0.24400 14907.3
0.24401 14907.3
0.24402 14907.3
0.24403 14907.3
0.24404 14907.3
0.24405 14907.3
0.24406 14907.3
0.24407 14907.3
0.24408 14907.3
0.24409 14907.3
0.24410 14907.3
0.24411 14907.3
0.24412 14907.3
0.24413 14907.3
0.24414 14907.3
0.24415 14907.3
0.24416 14907.3
0.24417 14907.3
0.24418 14907.3
0.24419 14907.3
0.24420 14907.3
0.24421 14907.3
0.24422 14907.3
0.24423 14907.3
0.24424 14907.3
0.24425 14907.3
0.24426 14907.3
0.24427 14907.3
0.24428 14907.3
0.24429 14907.3
0.24430 14907.3
0.24431 14907.3
0.24432 14907.3
0.24433 14907.3
0.24434 14907.3
0.24435 14907.3
0.24436 14907.3
0.24437 14907.3
0.24438 14907.3
0.24439 14907.3
0.24440 14907.3
0.24441 14907.3
0.24442 14907.3
0.24443 14907.3
0.24444 14907.3
0.24445 14907.3
0.24446 14907.3
0.24447 14907.3
0.24448 14907.3
0.24449 14907.3
0.24450 14907.3
0.24451 14907.3
0.24452 14907.3
0.24453 14907.3
0.24454 14907.3
0.24455 14907.3
0.24456 14907.3
0.24457 14907.3
0.24458 14907.3
0.24459 14907.3
0.24460 14907.3
0.24461 14907.3
0.24462 14907.3
0.24463 14907.3
0.24464 14907.3
0.24465 14907.3
0.24466 14907.3
0.24467 14907.3
0.24468 14907.3
0.24469 14907.3
0.24470 14907.3
0.24471 14907.3
0.24472 14907.3
0.24473 14907.3
0.24474 14907.3
0.24475 14907.3
0.24476 14907.3
0.24477 14907.3
0.24478 14907.3
0.24479 14907.3
0.24480 14907.3
0.24481 14907.3
0.24482 14907.3
0.24483 14907.3
0.24484 14907.3
0.24485 14907.3
0.24486 14907.3
0.24487 14907.3
0.24488 14907.3
0.24489 14907.3
0.24490 14907.3
0.24491 14907.3
0.24492 14907.3
0.24493 14907.3
0.24494 14907.3
0.24495 14907.3
0.24496 14907.3
0.24497 14907.3
0.24498 14907.3
0.24499 14907.3
0.24500 14907.3
0.24501 14907.3
0.24502 14907.3
0.24503 14907.3
0.24504 14907.3
0.24505 14907.3
0.24506 14907.3
0.24507 14907.3
0.24508 14907.3
0.24509 14907.3
0.24510 14907.3
0.24511 14907.3
0.24512 14907.3
0.24513 14907.3
0.24514 14907.3
0.24515 14907.3
0.24516 14907.3
0.24517 14907.3
0.24518 14907.3
0.24519 14907.3
0.24520 14907.3
0.24521 14907.3
0.24522 14907.3
0.24523 14907.3
0.24524 14907.3
0.24525 14907.3
0.24526 14907.3
0.24527 14907.3
0.24528 14907.3
0.24529 14907.3
0.24530 14907.3
0.24531 14907.3
0.24532 14907.3
0.24533 14907.3
0.24534 14907.3
0.24535 14907.3
0.24536 14907.3
0.24537 14907.3
0.24538 14907.3
0.24539 14907.3
0.24540 14907.3
0.24541 14907.3
0.24542 14907.3
0.24543 14907.3
0.24544 14907.3
0.24545 14907.3
0.24546 14907.3
0.24547 14907.3
0.24548 14907.3
0.24549 14907.3
0.24550 14907.3
0.24551 14907.3
0.24552 14907.3
0.24553 14907.3
0.24554 14907.3
0.24555 14907.3
0.24556 14907.3
0.24557 14907.3
0.24558 14907.3
0.24559 14907.3
0.24560 14907.3
0.24561 14907.3
0.24562 14907.3
0.24563 14907.3
0.24564 14907.3
0.24565 14907.3
0.24566 14907.3
0.24567 14907.3
0.24568 14907.3
0.24569 14907.3
0.24570 14907.3
0.24571 14907.3
0.24572 14907.3
0.24573 14907.3
0.24574 14907.3
0.24575 14907.3
0.24576 14907.3
0.24577 14907.3
0.24578 14907.3
0.24579 14907.3
0.24580 14907.3
0.24581 14907.3
0.24582 14907.3
0.24583 14907.3
0.24584 14907.3
0.24585 14907.3
0.24586 14907.3
0.24587 14907.3
0.24588 14907.3
0.24589 14907.3
0.24590 14907.3
0.24591 14907.3
0.24592 14907.3
0.24593 14907.3
0.24594 14907.3
0.24595 14907.3
0.24596 14907.3
0.24597 14907.3
0.24598 14907.3
0.24599 14907.3
0.24600 14907.3
0.24601 14907.3
0.24602 14907.3
0.24603 14907.3
0.24604 14907.3
0.24605 14907.3
0.24606 14907.3
0.24607 14907.3
0.24608 14907.3
0.24609 14907.3
0.24610 14907.3
0.24611 14907.3
0.24612 14907.3
0.24613 14907.3
0.24614 14907.3
0.24615 14907.3
0.24616 14907.3
0.24617 14907.3
0.24618 14907.3
0.24619 14907.3
0.24620 14907.3
0.24621 14907.3
0.24622 14907.3
0.24623 14907.3
0.24624 14907.3
0.24625 14907.3
0.24626 14907.3
0.24627 14907.3
0.24628 14907.3
0.24629 14907.3
0.24630 14907.3
0.24631 14907.3
0.24632 14907.3
0.24633 14907.3
0.24634 14907.3
0.24635 14907.3
0.24636 14907.3
0.24637 14907.3
0.24638 14907.3
0.24639 14907.3
0.24640 14907.3
0.24641 14907.3
0.24642 14907.3
0.24643 14907.3
0.24644 14907.3
0.24645 14907.3
0.24646 14907.3
0.24647 14907.3
0.24648 14907.3
0.24649 14907.3
0.24650 14907.3
0.24651 14907.3
0.24652 14907.3
0.24653 14907.3
0.24654 14907.3
0.24655 14907.3
0.24656 14907.3
0.24657 14907.3
0.24658 14907.3
0.24659 14907.3
0.24660 14907.3
0.24661 14907.3
0.24662 14907.3
0.24663 14907.3
0.24664 14907.3
0.24665 14907.3
0.24666 14907.3
0.24667 14907.3
0.24668 14907.3
0.24669 14907.3
0.24670 14907.3
0.24671 14907.3
0.24672 14907.3
0.24673 14907.3
0.24674 14907.3
0.24675 14907.3
0.24676 14907.3
0.24677 14907.3
0.24678 14907.3
0.24679 14907.3
0.24680 14907.3
0.24681 14907.3
0.24682 14907.3
0.24683 14907.3
0.24684 14907.3
0.24685 14907.3
0.24686 14907.3
0.24687 14907.3
0.24688 14907.3
0.24689 14907.3
0.24690 14907.3
0.24691 14907.3
0.24692 14907.3
0.24693 14907.3
0.24694 14907.3
0.24695 14907.3
0.24696 14907.3
0.24697 14907.3
0.24698 14907.3
0.24699 14907.3
0.24700 14907.3
0.24701 14907.3
0.24702 14907.3
0.24703 14907.3
0.24704 14907.3
0.24705 14907.3
0.24706 14907.3
0.24707 14907.3
0.24708 14907.3
0.24709 14907.3
0.24710 14907.3
0.24711 14907.3
0.24712 14907.3
0.24713 14907.3
0.24714 14907.3
0.24715 14907.3
0.24716 14907.3
0.24717 14907.3
0.24718 14907.3
0.24719 14907.3
0.24720 14907.3
0.24721 14907.3
0.24722 14907.3
0.24723 14907.3
0.24724 14907.3
0.24725 14907.3
0.24726 14907.3
0.24727 14907.3
0.24728 14907.3
0.24729 14907.3
0.24730 14907.3
0.24731 14907.3
0.24732 14907.3
0.24733 14907.3
0.24734 14907.3
0.24735 14907.3
0.24736 14907.3
0.24737 14907.3
0.24738 14907.3
0.24739 14907.3
0.24740 14907.3
0.24741 14907.3
0.24742 14907.3
0.24743 14907.3
0.24744 14907.3
0.24745 14907.3
0.24746 14907.3
0.24747 14907.3
0.24748 14907.3
0.24749 14907.3
0.24750 14907.3
0.24751 14907.3
0.24752 14907.3
0.24753 14907.3
0.24754 14907.3
0.24755 14907.3
0.24756 14907.3
0.24757 14907.3
0.24758 14907.3
0.24759 14907.3
0.24760 14907.3
0.24761 14907.3
0.24762 14907.3
0.24763 14907.3
0.24764 14907.3
0.24765 14907.3
0.24766 14907.3
0.24767 14907.3
0.24768 14907.3
0.24769 14907.3
0.24770 14907.3
0.24771 14907.3
0.24772 14907.3
0.24773 14907.3
0.24774 14907.3
0.24775 14907.3
0.24776 14907.3
0.24777 14907.3
0.24778 14907.3
0.24779 14907.3
0.24780 14907.3
0.24781 14907.3
0.24782 14907.3
0.24783 14907.3
0.24784 14907.3
0.24785 14907.3
0.24786 14907.3
0.24787 14907.3
0.24788 14907.3
0.24789 14907.3
0.24790 14907.3
0.24791 14907.3
0.24792 14907.3
0.24793 14907.3
0.24794 14907.3
0.24795 14907.3
0.24796 14907.3
0.24797 14907.3
0.24798 14907.3
0.24799 14907.3
0.24800 14907.3
0.24801 14907.3
0.24802 14907.3
0.24803 14907.3
0.24804 14907.3
0.24805 14907.3
0.24806 14907.3
0.24807 14907.3
0.24808 14907.3
0.24809 14907.3
0.24810 14907.3
0.24811 14907.3
0.24812 14907.3
0.24813 14907.3
0.24814 14907.3
0.24815 14907.3
0.24816 14907.3
0.24817 14907.3
0.24818 14907.3
0.24819 14907.3
0.24820 14907.3
0.24821 14907.3
0.24822 14907.3
0.24823 14907.3
0.24824 14907.3
0.24825 14907.3
0.24826 14907.3
0.24827 14907.3
0.24828 14907.3
0.24829 14907.3
0.24830 14907.3
0.24831 14907.3
0.24832 14907.3
0.24833 14907.3
0.24834 14907.3
0.24835 14907.3
0.24836 14907.3
0.24837 14907.3
0.24838 14907.3
0.24839 14907.3
0.24840 14907.3
0.24841 14907.3
0.24842 14907.3
0.24843 14907.3
0.24844 14907.3
0.24845 14907.3
0.24846 14907.3
0.24847 14907.3
0.24848 14907.3
0.24849 14907.3
0.24850 14907.3
0.24851 14907.3
0.24852 14907.3
0.24853 14907.3
0.24854 14907.3
0.24855 14907.3
0.24856 14907.3
0.24857 14907.3
0.24858 14907.3
0.24859 14907.3
0.24860 14907.3
0.24861 14907.3
0.24862 14907.3
0.24863 14907.3
0.24864 14907.3
0.24865 14907.3
0.24866 14907.3
0.24867 14907.3
0.24868 14907.3
0.24869 14907.3
0.24870 14907.3
0.24871 14907.3
0.24872 14907.3
0.24873 14907.3
0.24874 14907.3
0.24875 14907.3
0.24876 14907.3
0.24877 14907.3
0.24878 14907.3
0.24879 14907.3
0.24880 14907.3
0.24881 14907.3
0.24882 14907.3
0.24883 14907.3
0.24884 14907.3
0.24885 14907.3
0.24886 14907.3
0.24887 14907.3
0.24888 14907.3
0.24889 14907.3
0.24890 14907.3
0.24891 14907.3
0.24892 14907.3
0.24893 14907.3
0.24894 14907.3
0.24895 14907.3
0.24896 14907.3
0.24897 14907.3
0.24898 14907.3
0.24899 14907.3
0.24900 14907.3
0.24901 14907.3
0.24902 14907.3
0.24903 14907.3
0.24904 14907.3
0.24905 14907.3
0.24906 14907.3
0.24907 14907.3
0.24908 14907.3
0.24909 14907.3
0.24910 14907.3
0.24911 14907.3
0.24912 14907.3
0.24913 14907.3
0.24914 14907.3
0.24915 14907.3
0.24916 14907.3
0.24917 14907.3
0.24918 14907.3
0.24919 14907.3
0.24920 14907.3
0.24921 14907.3
0.24922 14907.3
0.24923 14907.3
0.24924 14907.3
0.24925 14907.3
0.24926 14907.3
0.24927 14907.3
0.24928 14907.3
0.24929 14907.3
0.24930 14907.3
0.24931 14907.3
0.24932 14907.3
0.24933 14907.3
0.24934 14907.3
0.24935 14907.3
0.24936 14907.3
0.24937 14907.3
0.24938 14907.3
0.24939 14907.3
0.24940 14907.3
0.24941 14907.3
0.24942 14907.3
0.24943 14907.3
0.24944 14907.3
0.24945 14907.3
0.24946 14907.3
0.24947 14907.3
0.24948 14907.3
0.24949 14907.3
0.24950 14907.3
0.24951 14907.3
0.24952 14907.3
0.24953 14907.3
0.24954 14907.3
0.24955 14907.3
0.24956 14907.3
0.24957 14907.3
0.24958 14907.3
0.24959 14907.3
0.24960 14907.3
0.24961 14907.3
0.24962 14907.3
0.24963 14907.3
0.24964 14907.3
0.24965 14907.3
0.24966 14907.3
0.24967 14907.3
0.24968 14907.3
0.24969 14907.3
0.24970 14907.3
0.24971 14907.3
0.24972 14907.3
0.24973 14907.3
0.24974 14907.3
0.24975 14907.3
0.24976 14907.3
0.24977 14907.3
0.24978 14907.3
0.24979 14907.3
0.24980 14907.3
0.24981 14907.3
0.24982 14907.3
0.24983 14907.3
0.24984 14907.3
0.24985 14907.3
0.24986 14907.3
0.24987 14907.3
0.24988 14907.3
0.24989 14907.3
0.24990 14907.3
0.24991 14907.3
0.24992 14907.3
0.24993 14907.3
0.24994 14907.3
0.24995 14907.3
0.24996 14907.3
0.24997 14907.3
0.24998 14907.3
0.24999 14907.3
0.25000 14907.3
0.25001 14907.3
0.25002 14907.3
0.25003 14907.3
0.25004 14907.3
0.25005 14907.3
0.25006 14907.3
0.25007 14907.3
0.25008 14907.3
0.25009 14907.3
0.25010 14907.3
0.25011 14907.3
0.25012 14907.3
0.25013 14907.3
0.25014 14907.3
0.25015 14907.3
0.25016 14907.3
0.25017 14907.3
0.25018 14907.3
0.25019 14907.3
0.25020 14907.3
0.25021 14907.3
0.25022 14907.3
0.25023 14907.3
0.25024 14907.3
0.25025 14907.3
0.25026 14907.3
0.25027 14907.3
0.25028 14907.3
0.25029 14907.3
0.25030 14907.3
0.25031 14907.3
0.25032 14907.3
0.25033 14907.3
0.25034 14907.3
0.25035 14907.3
0.25036 14907.3
0.25037 14907.3
0.25038 14907.3
0.25039 14907.3
0.25040 14907.3
0.25041 14907.3
0.25042 14907.3
0.25043 14907.3
0.25044 14907.3
0.25045 14907.3
0.25046 14907.3
0.25047 14907.3
0.25048 14907.3
0.25049 14907.3
0.25050 14907.3
0.25051 14907.3
0.25052 14907.3
0.25053 14907.3
0.25054 14907.3
0.25055 14907.3
0.25056 14907.3
0.25057 14907.3
0.25058 14907.3
0.25059 14907.3
0.25060 14907.3
0.25061 14907.3
0.25062 14907.3
0.25063 14907.3
0.25064 14907.3
0.25065 14907.3
0.25066 14907.3
0.25067 14907.3
0.25068 14907.3
0.25069 14907.3
0.25070 14907.3
0.25071 14907.3
0.25072 14907.3
0.25073 14907.3
0.25074 14907.3
0.25075 14907.3
0.25076 14907.3
0.25077 14907.3
0.25078 14907.3
0.25079 14907.3
0.25080 14907.3
0.25081 14907.3
0.25082 14907.3
0.25083 14907.3
0.25084 14907.3
0.25085 14907.3
0.25086 14907.3
0.25087 14907.3
0.25088 14907.3
0.25089 14907.3
0.25090 14907.3
0.25091 14907.3
0.25092 14907.3
0.25093 14907.3
0.25094 14907.3
0.25095 14907.3
0.25096 14907.3
0.25097 14907.3
0.25098 14907.3
0.25099 14907.3
0.25100 14907.3
0.25101 14907.3
0.25102 14907.3
0.25103 14907.3
0.25104 14907.3
0.25105 14907.3
0.25106 14907.3
0.25107 14907.3
0.25108 14907.3
0.25109 14907.3
0.25110 14907.3
0.25111 14907.3
0.25112 14907.3
0.25113 14907.3
0.25114 14907.3
0.25115 14907.3
0.25116 14907.3
0.25117 14907.3
0.25118 14907.3
0.25119 14907.3
0.25120 14907.3
0.25121 14907.3
0.25122 14907.3
0.25123 14907.3
0.25124 14907.3
0.25125 14907.3
0.25126 14907.3
0.25127 14907.3
0.25128 14907.3
0.25129 14907.3
0.25130 14907.3
0.25131 14907.3
0.25132 14907.3
0.25133 14907.3
0.25134 14907.3
0.25135 14907.3
0.25136 14907.3
0.25137 14907.3
0.25138 14907.3
0.25139 14907.3
0.25140 14907.3
0.25141 14907.3
0.25142 14907.3
0.25143 14907.3
0.25144 14907.3
0.25145 14907.3
0.25146 14907.3
0.25147 14907.3
0.25148 14907.3
0.25149 14907.3
0.25150 14907.3
0.25151 14907.3
0.25152 14907.3
0.25153 14907.3
0.25154 14907.3
0.25155 14907.3
0.25156 14907.3
0.25157 14907.3
0.25158 14907.3
0.25159 14907.3
0.25160 14907.3
0.25161 14907.3
0.25162 14907.3
0.25163 14907.3
0.25164 14907.3
0.25165 14907.3
0.25166 14907.3
0.25167 14907.3
0.25168 14907.3
0.25169 14907.3
0.25170 14907.3
0.25171 14907.3
0.25172 14907.3
0.25173 14907.3
0.25174 14907.3
0.25175 14907.3
0.25176 14907.3
0.25177 14907.3
0.25178 14907.3
0.25179 14907.3
0.25180 14907.3
0.25181 14907.3
0.25182 14907.3
0.25183 14907.3
0.25184 14907.3
0.25185 14907.3
0.25186 14907.3
0.25187 14907.3
0.25188 14907.3
0.25189 14907.3
0.25190 14907.3
0.25191 14907.3
0.25192 14907.3
0.25193 14907.3
0.25194 14907.3
0.25195 14907.3
0.25196 14907.3
0.25197 14907.3
0.25198 14907.3
0.25199 14907.3
0.25200 14907.3
0.25201 14907.3
0.25202 14907.3
0.25203 14907.3
0.25204 14907.3
0.25205 14907.3
0.25206 14907.3
0.25207 14907.3
0.25208 14907.3
0.25209 14907.3
0.25210 14907.3
0.25211 14907.3
0.25212 14907.3
0.25213 14907.3
0.25214 14907.3
0.25215 14907.3
0.25216 14907.3
0.25217 14907.3
0.25218 14907.3
0.25219 14907.3
0.25220 14907.3
0.25221 14907.3
0.25222 14907.3
0.25223 14907.3
0.25224 14907.3
0.25225 14907.3
0.25226 14907.3
0.25227 14907.3
0.25228 14907.3
0.25229 14907.3
0.25230 14907.3
0.25231 14907.3
0.25232 14907.3
0.25233 14907.3
0.25234 14907.3
0.25235 14907.3
0.25236 14907.3
0.25237 14907.3
0.25238 14907.3
0.25239 14907.3
0.25240 14907.3
0.25241 14907.3
0.25242 14907.3
0.25243 14907.3
0.25244 14907.3
0.25245 14907.3
0.25246 14907.3
0.25247 14907.3
0.25248 14907.3
0.25249 14907.3
0.25250 14907.3
0.25251 14907.3
0.25252 14907.3
0.25253 14907.3
0.25254 14907.3
0.25255 14907.3
0.25256 14907.3
0.25257 14907.3
0.25258 14907.3
0.25259 14907.3
0.25260 14907.3
0.25261 14907.3
0.25262 14907.3
0.25263 14907.3
0.25264 14907.3
0.25265 14907.3
0.25266 14907.3
0.25267 14907.3
0.25268 14907.3
0.25269 14907.3
0.25270 14907.3
0.25271 14907.3
0.25272 14907.3
0.25273 14907.3
0.25274 14907.3
0.25275 14907.3
0.25276 14907.3
0.25277 14907.3
0.25278 14907.3
0.25279 14907.3
0.25280 14907.3
0.25281 14907.3
0.25282 14907.3
0.25283 14907.3
0.25284 14907.3
0.25285 14907.3
0.25286 14907.3
0.25287 14907.3
0.25288 14907.3
0.25289 14907.3
0.25290 14907.3
0.25291 14907.3
0.25292 14907.3
0.25293 14907.3
0.25294 14907.3
0.25295 14907.3
0.25296 14907.3
0.25297 14907.3
0.25298 14907.3
0.25299 14907.3
0.25300 14907.3
0.25301 14907.3
0.25302 14907.3
0.25303 14907.3
0.25304 14907.3
0.25305 14907.3
0.25306 14907.3
0.25307 14907.3
0.25308 14907.3
0.25309 14907.3
0.25310 14907.3
0.25311 14907.3
0.25312 14907.3
0.25313 14907.3
0.25314 14907.3
0.25315 14907.3
0.25316 14907.3
0.25317 14907.3
0.25318 14907.3
0.25319 14907.3
0.25320 14907.3
0.25321 14907.3
0.25322 14907.3
0.25323 14907.3
0.25324 14907.3
0.25325 14907.3
0.25326 14907.3
0.25327 14907.3
0.25328 14907.3
0.25329 14907.3
0.25330 14907.3
0.25331 14907.3
0.25332 14907.3
0.25333 14907.3
0.25334 14907.3
0.25335 14907.3
0.25336 14907.3
0.25337 14907.3
0.25338 14907.3
0.25339 14907.3
0.25340 14907.3
0.25341 14907.3
0.25342 14907.3
0.25343 14907.3
0.25344 14907.3
0.25345 14907.3
0.25346 14907.3
0.25347 14907.3
0.25348 14907.3
0.25349 14907.3
0.25350 14907.3
0.25351 14907.3
0.25352 14907.3
0.25353 14907.3
0.25354 14907.3
0.25355 14907.3
0.25356 14907.3
0.25357 14907.3
0.25358 14907.3
0.25359 14907.3
0.25360 14907.3
0.25361 14907.3
0.25362 14907.3
0.25363 14907.3
0.25364 14907.3
0.25365 14907.3
0.25366 14907.3
0.25367 14907.3
0.25368 14907.3
0.25369 14907.3
0.25370 14907.3
0.25371 14907.3
0.25372 14907.3
0.25373 14907.3
0.25374 14907.3
0.25375 14907.3
0.25376 14907.3
0.25377 14907.3
0.25378 14907.3
0.25379 14907.3
0.25380 14907.3
0.25381 14907.3
0.25382 14907.3
0.25383 14907.3
0.25384 14907.3
0.25385 14907.3
0.25386 14907.3
0.25387 14907.3
0.25388 14907.3
0.25389 14907.3
0.25390 14907.3
0.25391 14907.3
0.25392 14907.3
0.25393 14907.3
0.25394 14907.3
0.25395 14907.3
0.25396 14907.3
0.25397 14907.3
0.25398 14907.3
0.25399 14907.3
0.25400 14907.3
0.25401 14907.3
0.25402 14907.3
0.25403 14907.3
0.25404 14907.3
0.25405 14907.3
0.25406 14907.3
0.25407 14907.3
0.25408 14907.3
0.25409 14907.3
0.25410 14907.3
0.25411 14907.3
0.25412 14907.3
0.25413 14907.3
0.25414 14907.3
0.25415 14907.3
0.25416 14907.3
0.25417 14907.3
0.25418 14907.3
0.25419 14907.3
0.25420 14907.3
0.25421 14907.3
0.25422 14907.3
0.25423 14907.3
0.25424 14907.3
0.25425 14907.3
0.25426 14907.3
0.25427 14907.3
0.25428 14907.3
0.25429 14907.3
0.25430 14907.3
0.25431 14907.3
0.25432 14907.3
0.25433 14907.3
0.25434 14907.3
0.25435 14907.3
0.25436 14907.3
0.25437 14907.3
0.25438 14907.3
0.25439 14907.3
0.25440 14907.3
0.25441 14907.3
0.25442 14907.3
0.25443 14907.3
0.25444 14907.3
0.25445 14907.3
0.25446 14907.3
0.25447 14907.3
0.25448 14907.3
0.25449 14907.3
0.25450 14907.3
0.25451 14907.3
0.25452 14907.3
0.25453 14907.3
0.25454 14907.3
0.25455 14907.3
0.25456 14907.3
0.25457 14907.3
0.25458 14907.3
0.25459 14907.3
0.25460 14907.3
0.25461 14907.3
0.25462 14907.3
0.25463 14907.3
0.25464 14907.3
0.25465 14907.3
0.25466 14907.3
0.25467 14907.3
0.25468 14907.3
0.25469 14907.3
0.25470 14907.3
0.25471 14907.3
0.25472 14907.3
0.25473 14907.3
0.25474 14907.3
0.25475 14907.3
0.25476 14907.3
0.25477 14907.3
0.25478 14907.3
0.25479 14907.3
0.25480 14907.3
0.25481 14907.3
0.25482 14907.3
0.25483 14907.3
0.25484 14907.3
0.25485 14907.3
0.25486 14907.3
0.25487 14907.3
0.25488 14907.3
0.25489 14907.3
0.25490 14907.3
0.25491 14907.3
0.25492 14907.3
0.25493 14907.3
0.25494 14907.3
0.25495 14907.3
0.25496 14907.3
0.25497 14907.3
0.25498 14907.3
0.25499 14907.3
0.25500 14907.3
0.25501 14907.3
0.25502 14907.3
0.25503 14907.3
0.25504 14907.3
0.25505 14907.3
0.25506 14907.3
0.25507 14907.3
0.25508 14907.3
0.25509 14907.3
0.25510 14907.3
0.25511 14907.3
0.25512 14907.3
0.25513 14907.3
0.25514 14907.3
0.25515 14907.3
0.25516 14907.3
0.25517 14907.3
0.25518 14907.3
0.25519 14907.3
0.25520 14907.3
0.25521 14907.3
0.25522 14907.3
0.25523 14907.3
0.25524 14907.3
0.25525 14907.3
0.25526 14907.3
0.25527 14907.3
0.25528 14907.3
0.25529 14907.3
0.25530 14907.3
0.25531 14907.3
0.25532 14907.3
0.25533 14907.3
0.25534 14907.3
0.25535 14907.3
0.25536 14907.3
0.25537 14907.3
0.25538 14907.3
0.25539 14907.3
0.25540 14907.3
0.25541 14907.3
0.25542 14907.3
0.25543 14907.3
0.25544 14907.3
0.25545 14907.3
0.25546 14907.3
0.25547 14907.3
0.25548 14907.3
0.25549 14907.3
0.25550 14907.3
0.25551 14907.3
0.25552 14907.3
0.25553 14907.3
0.25554 14907.3
0.25555 14907.3
0.25556 14907.3
0.25557 14907.3
0.25558 14907.3
0.25559 14907.3
0.25560 14907.3
0.25561 14907.3
0.25562 14907.3
0.25563 14907.3
0.25564 14907.3
0.25565 14907.3
0.25566 14907.3
0.25567 14907.3
0.25568 14907.3
0.25569 14907.3
0.25570 14907.3
0.25571 14907.3
0.25572 14907.3
0.25573 14907.3
0.25574 14907.3
0.25575 14907.3
0.25576 14907.3
0.25577 14907.3
0.25578 14907.3
0.25579 14907.3
0.25580 14907.3
0.25581 14907.3
0.25582 14907.3
0.25583 14907.3
0.25584 14907.3
0.25585 14907.3
0.25586 14907.3
0.25587 14907.3
0.25588 14907.3
0.25589 14907.3
0.25590 14907.3
0.25591 14907.3
0.25592 14907.3
0.25593 14907.3
0.25594 14907.3
0.25595 14907.3
0.25596 14907.3
0.25597 14907.3
0.25598 14907.3
0.25599 14907.3
0.25600 14907.3
0.25601 14907.3
0.25602 14907.3
0.25603 14907.3
0.25604 14907.3
0.25605 14907.3
0.25606 14907.3
0.25607 14907.3
0.25608 14907.3
0.25609 14907.3
0.25610 14907.3
0.25611 14907.3
0.25612 14907.3
0.25613 14907.3
0.25614 14907.3
0.25615 14907.3
0.25616 14907.3
0.25617 14907.3
0.25618 14907.3
0.25619 14907.3
0.25620 14907.3
0.25621 14907.3
0.25622 14907.3
0.25623 14907.3
0.25624 14907.3
0.25625 14907.3
0.25626 14907.3
0.25627 14907.3
0.25628 14907.3
0.25629 14907.3
0.25630 14907.3
0.25631 14907.3
0.25632 14907.3
0.25633 14907.3
0.25634 14907.3
0.25635 14907.3
0.25636 14907.3
0.25637 14907.3
0.25638 14907.3
0.25639 14907.3
0.25640 14907.3
0.25641 14907.3
0.25642 14907.3
0.25643 14907.3
0.25644 14907.3
0.25645 14907.3
0.25646 14907.3
0.25647 14907.3
0.25648 14907.3
0.25649 14907.3
0.25650 14907.3
0.25651 14907.3
0.25652 14907.3
0.25653 14907.3
0.25654 14907.3
0.25655 14907.3
0.25656 14907.3
0.25657 14907.3
0.25658 14907.3
0.25659 14907.3
0.25660 14907.3
0.25661 14907.3
0.25662 14907.3
0.25663 14907.3
0.25664 14907.3
0.25665 14907.3
0.25666 14907.3
0.25667 14907.3
0.25668 14907.3
0.25669 14907.3
0.25670 14907.3
0.25671 14907.3
0.25672 14907.3
0.25673 14907.3
0.25674 14907.3
0.25675 14907.3
0.25676 14907.3
0.25677 14907.3
0.25678 14907.3
0.25679 14907.3
0.25680 14907.3
0.25681 14907.3
0.25682 14907.3
0.25683 14907.3
0.25684 14907.3
0.25685 14907.3
0.25686 14907.3
0.25687 14907.3
0.25688 14907.3
0.25689 14907.3
0.25690 14907.3
0.25691 14907.3
0.25692 14907.3
0.25693 14907.3
0.25694 14907.3
0.25695 14907.3
0.25696 14907.3
0.25697 14907.3
0.25698 14907.3
0.25699 14907.3
0.25700 14907.3
0.25701 14907.3
0.25702 14907.3
0.25703 14907.3
0.25704 14907.3
0.25705 14907.3
0.25706 14907.3
0.25707 14907.3
0.25708 14907.3
0.25709 14907.3
0.25710 14907.3
0.25711 14907.3
0.25712 14907.3
0.25713 14907.3
0.25714 14907.3
0.25715 14907.3
0.25716 14907.3
0.25717 14907.3
0.25718 14907.3
0.25719 14907.3
0.25720 14907.3
0.25721 14907.3
0.25722 14907.3
0.25723 14907.3
0.25724 14907.3
0.25725 14907.3
0.25726 14907.3
0.25727 14907.3
0.25728 14907.3
0.25729 14907.3
0.25730 14907.3
0.25731 14907.3
0.25732 14907.3
0.25733 14907.3
0.25734 14907.3
0.25735 14907.3
0.25736 14907.3
0.25737 14907.3
0.25738 14907.3
0.25739 14907.3
0.25740 14907.3
0.25741 14907.3
0.25742 14907.3
0.25743 14907.3
0.25744 14907.3
0.25745 14907.3
0.25746 14907.3
0.25747 14907.3
0.25748 14907.3
0.25749 14907.3
0.25750 14907.3
0.25751 14907.3
0.25752 14907.3
0.25753 14907.3
0.25754 14907.3
0.25755 14907.3
0.25756 14907.3
0.25757 14907.3
0.25758 14907.3
0.25759 14907.3
0.25760 14907.3
0.25761 14907.3
0.25762 14907.3
0.25763 14907.3
0.25764 14907.3
0.25765 14907.3
0.25766 14907.3
0.25767 14907.3
0.25768 14907.3
0.25769 14907.3
0.25770 14907.3
0.25771 14907.3
0.25772 14907.3
0.25773 14907.3
0.25774 14907.3
0.25775 14907.3
0.25776 14907.3
0.25777 14907.3
0.25778 14907.3
0.25779 14907.3
0.25780 14907.3
0.25781 14907.3
0.25782 14907.3
0.25783 14907.3
0.25784 14907.3
0.25785 14907.3
0.25786 14907.3
0.25787 14907.3
0.25788 14907.3
0.25789 14907.3
0.25790 14907.3
0.25791 14907.3
0.25792 14907.3
0.25793 14907.3
0.25794 14907.3
0.25795 14907.3
0.25796 14907.3
0.25797 14907.3
0.25798 14907.3
0.25799 14907.3
0.25800 14907.3
0.25801 14907.3
0.25802 14907.3
0.25803 14907.3
0.25804 14907.3
0.25805 14907.3
0.25806 14907.3
0.25807 14907.3
0.25808 14907.3
0.25809 14907.3
0.25810 14907.3
0.25811 14907.3
0.25812 14907.3
0.25813 14907.3
0.25814 14907.3
0.25815 14907.3
0.25816 14907.3
0.25817 14907.3
0.25818 14907.3
0.25819 14907.3
0.25820 14907.3
0.25821 14907.3
0.25822 14907.3
0.25823 14907.3
0.25824 14907.3
0.25825 14907.3
0.25826 14907.3
0.25827 14907.3
0.25828 14907.3
0.25829 14907.3
0.25830 14907.3
0.25831 14907.3
0.25832 14907.3
0.25833 14907.3
0.25834 14907.3
0.25835 14907.3
0.25836 14907.3
0.25837 14907.3
0.25838 14907.3
0.25839 14907.3
0.25840 14907.3
0.25841 14907.3
0.25842 14907.3
0.25843 14907.3
0.25844 14907.3
0.25845 14907.3
0.25846 14907.3
0.25847 14907.3
0.25848 14907.3
0.25849 14907.3
0.25850 14907.3
0.25851 14907.3
0.25852 14907.3
0.25853 14907.3
0.25854 14907.3
0.25855 14907.3
0.25856 14907.3
0.25857 14907.3
0.25858 14907.3
0.25859 14907.3
0.25860 14907.3
0.25861 14907.3
0.25862 14907.3
0.25863 14907.3
0.25864 14907.3
0.25865 14907.3
0.25866 14907.3
0.25867 14907.3
0.25868 14907.3
0.25869 14907.3
0.25870 14907.3
0.25871 14907.3
0.25872 14907.3
0.25873 14907.3
0.25874 14907.3
0.25875 14907.3
0.25876 14907.3
0.25877 14907.3
0.25878 14907.3
0.25879 14907.3
0.25880 14907.3
0.25881 14907.3
0.25882 14907.3
0.25883 14907.3
0.25884 14907.3
0.25885 14907.3
0.25886 14907.3
0.25887 14907.3
0.25888 14907.3
0.25889 14907.3
0.25890 14907.3
0.25891 14907.3
0.25892 14907.3
0.25893 14907.3
0.25894 14907.3
0.25895 14907.3
0.25896 14907.3
0.25897 14907.3
0.25898 14907.3
0.25899 14907.3
0.25900 14907.3
0.25901 14907.3
0.25902 14907.3
0.25903 14907.3
0.25904 14907.3
0.25905 14907.3
0.25906 14907.3
0.25907 14907.3
0.25908 14907.3
0.25909 14907.3
0.25910 14907.3
0.25911 14907.3
0.25912 14907.3
0.25913 14907.3
0.25914 14907.3
0.25915 14907.3
0.25916 14907.3
0.25917 14907.3
0.25918 14907.3
0.25919 14907.3
0.25920 14907.3
0.25921 14907.3
0.25922 14907.3
0.25923 14907.3
0.25924 14907.3
0.25925 14907.3
0.25926 14907.3
0.25927 14907.3
0.25928 14907.3
0.25929 14907.3
0.25930 14907.3
0.25931 14907.3
0.25932 14907.3
0.25933 14907.3
0.25934 14907.3
0.25935 14907.3
0.25936 14907.3
0.25937 14907.3
0.25938 14907.3
0.25939 14907.3
0.25940 14907.3
0.25941 14907.3
0.25942 14907.3
0.25943 14907.3
0.25944 14907.3
0.25945 14907.3
0.25946 14907.3
0.25947 14907.3
0.25948 14907.3
0.25949 14907.3
0.25950 14907.3
0.25951 14907.3
0.25952 14907.3
0.25953 14907.3
0.25954 14907.3
0.25955 14907.3
0.25956 14907.3
0.25957 14907.3
0.25958 14907.3
0.25959 14907.3
0.25960 14907.3
0.25961 14907.3
0.25962 14907.3
0.25963 14907.3
0.25964 14907.3
0.25965 14907.3
0.25966 14907.3
0.25967 14907.3
0.25968 14907.3
0.25969 14907.3
0.25970 14907.3
0.25971 14907.3
0.25972 14907.3
0.25973 14907.3
0.25974 14907.3
0.25975 14907.3
0.25976 14907.3
0.25977 14907.3
0.25978 14907.3
0.25979 14907.3
0.25980 14907.3
0.25981 14907.3
0.25982 14907.3
0.25983 14907.3
0.25984 14907.3
0.25985 14907.3
0.25986 14907.3
0.25987 14907.3
0.25988 14907.3
0.25989 14907.3
0.25990 14907.3
0.25991 14907.3
0.25992 14907.3
0.25993 14907.3
0.25994 14907.3
0.25995 14907.3
0.25996 14907.3
0.25997 14907.3
0.25998 14907.3
0.25999 14907.3
0.26000 14907.3
0.26001 14907.3
0.26002 14907.3
0.26003 14907.3
0.26004 14907.3
0.26005 14907.3
0.26006 14907.3
0.26007 14907.3
0.26008 14907.3
0.26009 14907.3
0.26010 14907.3
0.26011 14907.3
0.26012 14907.3
0.26013 14907.3
0.26014 14907.3
0.26015 14907.3
0.26016 14907.3
0.26017 14907.3
0.26018 14907.3
0.26019 14907.3
0.26020 14907.3
0.26021 14907.3
0.26022 14907.3
0.26023 14907.3
0.26024 14907.3
0.26025 14907.3
0.26026 14907.3
0.26027 14907.3
0.26028 14907.3
0.26029 14907.3
0.26030 14907.3
0.26031 14907.3
0.26032 14907.3
0.26033 14907.3
0.26034 14907.3
0.26035 14907.3
0.26036 14907.3
0.26037 14907.3
0.26038 14907.3
0.26039 14907.3
0.26040 14907.3
0.26041 14907.3
0.26042 14907.3
0.26043 14907.3
0.26044 14907.3
0.26045 14907.3
0.26046 14907.3
0.26047 14907.3
0.26048 14907.3
0.26049 14907.3
0.26050 14907.3
0.26051 14907.3
0.26052 14907.3
0.26053 14907.3
0.26054 14907.3
0.26055 14907.3
0.26056 14907.3
0.26057 14907.3
0.26058 14907.3
0.26059 14907.3
0.26060 14907.3
0.26061 14907.3
0.26062 14907.3
0.26063 14907.3
0.26064 14907.3
0.26065 14907.3
0.26066 14907.3
0.26067 14907.3
0.26068 14907.3
0.26069 14907.3
0.26070 14907.3
0.26071 14907.3
0.26072 14907.3
0.26073 14907.3
0.26074 14907.3
0.26075 14907.3
0.26076 14907.3
0.26077 14907.3
0.26078 14907.3
0.26079 14907.3
0.26080 14907.3
0.26081 14907.3
0.26082 14907.3
0.26083 14907.3
0.26084 14907.3
0.26085 14907.3
0.26086 14907.3
0.26087 14907.3
0.26088 14907.3
0.26089 14907.3
0.26090 14907.3
0.26091 14907.3
0.26092 14907.3
0.26093 14907.3
0.26094 14907.3
0.26095 14907.3
0.26096 14907.3
0.26097 14907.3
0.26098 14907.3
0.26099 14907.3
0.26100 14907.3
0.26101 14907.3
0.26102 14907.3
0.26103 14907.3
0.26104 14907.3
0.26105 14907.3
0.26106 14907.3
0.26107 14907.3
0.26108 14907.3
0.26109 14907.3
0.26110 14907.3
0.26111 14907.3
0.26112 14907.3
0.26113 14907.3
0.26114 14907.3
0.26115 14907.3
0.26116 14907.3
0.26117 14907.3
0.26118 14907.3
0.26119 14907.3
0.26120 14907.3
0.26121 14907.3
0.26122 14907.3
0.26123 14907.3
0.26124 14907.3
0.26125 14907.3
0.26126 14907.3
0.26127 14907.3
0.26128 14907.3
0.26129 14907.3
0.26130 14907.3
0.26131 14907.3
0.26132 14907.3
0.26133 14907.3
0.26134 14907.3
0.26135 14907.3
0.26136 14907.3
0.26137 14907.3
0.26138 14907.3
0.26139 14907.3
0.26140 14907.3
0.26141 14907.3
0.26142 14907.3
0.26143 14907.3
0.26144 14907.3
0.26145 14907.3
0.26146 14907.3
0.26147 14907.3
0.26148 14907.3
0.26149 14907.3
0.26150 14907.3
0.26151 14907.3
0.26152 14907.3
0.26153 14907.3
0.26154 14907.3
0.26155 14907.3
0.26156 14907.3
0.26157 14907.3
0.26158 14907.3
0.26159 14907.3
0.26160 14907.3
0.26161 14907.3
0.26162 14907.3
0.26163 14907.3
0.26164 14907.3
0.26165 14907.3
0.26166 14907.3
0.26167 14907.3
0.26168 14907.3
0.26169 14907.3
0.26170 14907.3
0.26171 14907.3
0.26172 14907.3
0.26173 14907.3
0.26174 14907.3
0.26175 14907.3
0.26176 14907.3
0.26177 14907.3
0.26178 14907.3
0.26179 14907.3
0.26180 14907.3
0.26181 14907.3
0.26182 14907.3
0.26183 14907.3
0.26184 14907.3
0.26185 14907.3
0.26186 14907.3
0.26187 14907.3
0.26188 14907.3
0.26189 14907.3
0.26190 14907.3
0.26191 14907.3
0.26192 14907.3
0.26193 14907.3
0.26194 14907.3
0.26195 14907.3
0.26196 14907.3
0.26197 14907.3
0.26198 14907.3
0.26199 14907.3
0.26200 14907.3
0.26201 14907.3
0.26202 14907.3
0.26203 14907.3
0.26204 14907.3
0.26205 14907.3
0.26206 14907.3
0.26207 14907.3
0.26208 14907.3
0.26209 14907.3
0.26210 14907.3
0.26211 14907.3
0.26212 14907.3
0.26213 14907.3
0.26214 14907.3
0.26215 14907.3
0.26216 14907.3
0.26217 14907.3
0.26218 14907.3
0.26219 14907.3
0.26220 14907.3
0.26221 14907.3
0.26222 14907.3
0.26223 14907.3
0.26224 14907.3
0.26225 14907.3
0.26226 14907.3
0.26227 14907.3
0.26228 14907.3
0.26229 14907.3
0.26230 14907.3
0.26231 14907.3
0.26232 14907.3
0.26233 14907.3
0.26234 14907.3
0.26235 14907.3
0.26236 14907.3
0.26237 14907.3
0.26238 14907.3
0.26239 14907.3
0.26240 14907.3
0.26241 14907.3
0.26242 14907.3
0.26243 14907.3
0.26244 14907.3
0.26245 14907.3
0.26246 14907.3
0.26247 14907.3
0.26248 14907.3
0.26249 14907.3
0.26250 14907.3
0.26251 14907.3
0.26252 14907.3
0.26253 14907.3
0.26254 14907.3
0.26255 14907.3
0.26256 14907.3
0.26257 14907.3
0.26258 14907.3
0.26259 14907.3
0.26260 14907.3
0.26261 14907.3
0.26262 14907.3
0.26263 14907.3
0.26264 14907.3
0.26265 14907.3
0.26266 14907.3
0.26267 14907.3
0.26268 14907.3
0.26269 14907.3
0.26270 14907.3
0.26271 14907.3
0.26272 14907.3
0.26273 14907.3
0.26274 14907.3
0.26275 14907.3
0.26276 14907.3
0.26277 14907.3
0.26278 14907.3
0.26279 14907.3
0.26280 14907.3
0.26281 14907.3
0.26282 14907.3
0.26283 14907.3
0.26284 14907.3
0.26285 14907.3
0.26286 14907.3
0.26287 14907.3
0.26288 14907.3
0.26289 14907.3
0.26290 14907.3
0.26291 14907.3
0.26292 14907.3
0.26293 14907.3
0.26294 14907.3
0.26295 14907.3
0.26296 14907.3
0.26297 14907.3
0.26298 14907.3
0.26299 14907.3
0.26300 14907.3
0.26301 14907.3
0.26302 14907.3
0.26303 14907.3
0.26304 14907.3
0.26305 14907.3
0.26306 14907.3
0.26307 14907.3
0.26308 14907.3
0.26309 14907.3
0.26310 14907.3
0.26311 14907.3
0.26312 14907.3
0.26313 14907.3
0.26314 14907.3
0.26315 14907.3
0.26316 14907.3
0.26317 14907.3
0.26318 14907.3
0.26319 14907.3
0.26320 14907.3
0.26321 14907.3
0.26322 14907.3
0.26323 14907.3
0.26324 14907.3
0.26325 14907.3
0.26326 14907.3
0.26327 14907.3
0.26328 14907.3
0.26329 14907.3
0.26330 14907.3
0.26331 14907.3
0.26332 14907.3
0.26333 14907.3
0.26334 14907.3
0.26335 14907.3
0.26336 14907.3
0.26337 14907.3
0.26338 14907.3
0.26339 14907.3
0.26340 14907.3
0.26341 14907.3
0.26342 14907.3
0.26343 14907.3
0.26344 14907.3
0.26345 14907.3
0.26346 14907.3
0.26347 14907.3
0.26348 14907.3
0.26349 14907.3
0.26350 14907.3
0.26351 14907.3
0.26352 14907.3
0.26353 14907.3
0.26354 14907.3
0.26355 14907.3
0.26356 14907.3
0.26357 14907.3
0.26358 14907.3
0.26359 14907.3
0.26360 14907.3
0.26361 14907.3
0.26362 14907.3
0.26363 14907.3
0.26364 14907.3
0.26365 14907.3
0.26366 14907.3
0.26367 14907.3
0.26368 14907.3
0.26369 14907.3
0.26370 14907.3
0.26371 14907.3
0.26372 14907.3
0.26373 14907.3
0.26374 14907.3
0.26375 14907.3
0.26376 14907.3
0.26377 14907.3
0.26378 14907.3
0.26379 14907.3
0.26380 14907.3
0.26381 14907.3
0.26382 14907.3
0.26383 14907.3
0.26384 14907.3
0.26385 14907.3
0.26386 14907.3
0.26387 14907.3
0.26388 14907.3
0.26389 14907.3
0.26390 14907.3
0.26391 14907.3
0.26392 14907.3
0.26393 14907.3
0.26394 14907.3
0.26395 14907.3
0.26396 14907.3
0.26397 14907.3
0.26398 14907.3
0.26399 14907.3
0.26400 14907.3
0.26401 14907.3
0.26402 14907.3
0.26403 14907.3
0.26404 14907.3
0.26405 14907.3
0.26406 14907.3
0.26407 14907.3
0.26408 14907.3
0.26409 14907.3
0.26410 14907.3
0.26411 14907.3
0.26412 14907.3
0.26413 14907.3
0.26414 14907.3
0.26415 14907.3
0.26416 14907.3
0.26417 14907.3
0.26418 14907.3
0.26419 14907.3
0.26420 14907.3
0.26421 14907.3
0.26422 14907.3
0.26423 14907.3
0.26424 14907.3
0.26425 14907.3
0.26426 14907.3
0.26427 14907.3
0.26428 14907.3
0.26429 14907.3
0.26430 14907.3
0.26431 14907.3
0.26432 14907.3
0.26433 14907.3
0.26434 14907.3
0.26435 14907.3
0.26436 14907.3
0.26437 14907.3
0.26438 14907.3
0.26439 14907.3
0.26440 14907.3
0.26441 14907.3
0.26442 14907.3
0.26443 14907.3
0.26444 14907.3
0.26445 14907.3
0.26446 14907.3
0.26447 14907.3
0.26448 14907.3
0.26449 14907.3
0.26450 14907.3
0.26451 14907.3
0.26452 14907.3
0.26453 14907.3
0.26454 14907.3
0.26455 14907.3
0.26456 14907.3
0.26457 14907.3
0.26458 14907.3
0.26459 14907.3
0.26460 14907.3
0.26461 14907.3
0.26462 14907.3
0.26463 14907.3
0.26464 14907.3
0.26465 14907.3
0.26466 14907.3
0.26467 14907.3
0.26468 14907.3
0.26469 14907.3
0.26470 14907.3
0.26471 14907.3
0.26472 14907.3
0.26473 14907.3
0.26474 14907.3
0.26475 14907.3
0.26476 14907.3
0.26477 14907.3
0.26478 14907.3
0.26479 14907.3
0.26480 14907.3
0.26481 14907.3
0.26482 14907.3
0.26483 14907.3
0.26484 14907.3
0.26485 14907.3
0.26486 14907.3
0.26487 14907.3
0.26488 14907.3
0.26489 14907.3
0.26490 14907.3
0.26491 14907.3
0.26492 14907.3
0.26493 14907.3
0.26494 14907.3
0.26495 14907.3
0.26496 14907.3
0.26497 14907.3
0.26498 14907.3
0.26499 14907.3
0.26500 14907.3
0.26501 14907.3
0.26502 14907.3
0.26503 14907.3
0.26504 14907.3
0.26505 14907.3
0.26506 14907.3
0.26507 14907.3
0.26508 14907.3
0.26509 14907.3
0.26510 14907.3
0.26511 14907.3
0.26512 14907.3
0.26513 14907.3
0.26514 14907.3
0.26515 14907.3
0.26516 14907.3
0.26517 14907.3
0.26518 14907.3
0.26519 14907.3
0.26520 14907.3
0.26521 14907.3
0.26522 14907.3
0.26523 14907.3
0.26524 14907.3
0.26525 14907.3
0.26526 14907.3
0.26527 14907.3
0.26528 14907.3
0.26529 14907.3
0.26530 14907.3
0.26531 14907.3
0.26532 14907.3
0.26533 14907.3
0.26534 14907.3
0.26535 14907.3
0.26536 14907.3
0.26537 14907.3
0.26538 14907.3
0.26539 14907.3
0.26540 14907.3
0.26541 14907.3
0.26542 14907.3
0.26543 14907.3
0.26544 14907.3
0.26545 14907.3
0.26546 14907.3
0.26547 14907.3
0.26548 14907.3
0.26549 14907.3
0.26550 14907.3
0.26551 14907.3
0.26552 14907.3
0.26553 14907.3
0.26554 14907.3
0.26555 14907.3
0.26556 14907.3
0.26557 14907.3
0.26558 14907.3
0.26559 14907.3
0.26560 14907.3
0.26561 14907.3
0.26562 14907.3
0.26563 14907.3
0.26564 14907.3
0.26565 14907.3
0.26566 14907.3
0.26567 14907.3
0.26568 14907.3
0.26569 14907.3
0.26570 14907.3
0.26571 14907.3
0.26572 14907.3
0.26573 14907.3
0.26574 14907.3
0.26575 14907.3
0.26576 14907.3
0.26577 14907.3
0.26578 14907.3
0.26579 14907.3
0.26580 14907.3
0.26581 14907.3
0.26582 14907.3
0.26583 14907.3
0.26584 14907.3
0.26585 14907.3
0.26586 14907.3
0.26587 14907.3
0.26588 14907.3
0.26589 14907.3
0.26590 14907.3
0.26591 14907.3
0.26592 14907.3
0.26593 14907.3
0.26594 14907.3
0.26595 14907.3
0.26596 14907.3
0.26597 14907.3
0.26598 14907.3
0.26599 14907.3
0.26600 14907.3
0.26601 14907.3
0.26602 14907.3
0.26603 14907.3
0.26604 14907.3
0.26605 14907.3
0.26606 14907.3
0.26607 14907.3
0.26608 14907.3
0.26609 14907.3
0.26610 14907.3
0.26611 14907.3
0.26612 14907.3
0.26613 14907.3
0.26614 14907.3
0.26615 14907.3
0.26616 14907.3
0.26617 14907.3
0.26618 14907.3
0.26619 14907.3
0.26620 14907.3
0.26621 14907.3
0.26622 14907.3
0.26623 14907.3
0.26624 14907.3
0.26625 14907.3
0.26626 14907.3
0.26627 14907.3
0.26628 14907.3
0.26629 14907.3
0.26630 14907.3
0.26631 14907.3
0.26632 14907.3
0.26633 14907.3
0.26634 14907.3
0.26635 14907.3
0.26636 14907.3
0.26637 14907.3
0.26638 14907.3
0.26639 14907.3
0.26640 14907.3
0.26641 14907.3
0.26642 14907.3
0.26643 14907.3
0.26644 14907.3
0.26645 14907.3
0.26646 14907.3
0.26647 14907.3
0.26648 14907.3
0.26649 14907.3
0.26650 14907.3
0.26651 14907.3
0.26652 14907.3
0.26653 14907.3
0.26654 14907.3
0.26655 14907.3
0.26656 14907.3
0.26657 14907.3
0.26658 14907.3
0.26659 14907.3
0.26660 14907.3
0.26661 14907.3
0.26662 14907.3
0.26663 14907.3
0.26664 14907.3
0.26665 14907.3
0.26666 14907.3
0.26667 14907.3
0.26668 14907.3
0.26669 14907.3
0.26670 14907.3
0.26671 14907.3
0.26672 14907.3
0.26673 14907.3
0.26674 14907.3
0.26675 14907.3
0.26676 14907.3
0.26677 14907.3
0.26678 14907.3
0.26679 14907.3
0.26680 14907.3
0.26681 14907.3
0.26682 14907.3
0.26683 14907.3
0.26684 14907.3
0.26685 14907.3
0.26686 14907.3
0.26687 14907.3
0.26688 14907.3
0.26689 14907.3
0.26690 14907.3
0.26691 14907.3
0.26692 14907.3
0.26693 14907.3
0.26694 14907.3
0.26695 14907.3
0.26696 14907.3
0.26697 14907.3
0.26698 14907.3
0.26699 14907.3
0.26700 14907.3
0.26701 14907.3
0.26702 14907.3
0.26703 14907.3
0.26704 14907.3
0.26705 14907.3
0.26706 14907.3
0.26707 14907.3
0.26708 14907.3
0.26709 14907.3
0.26710 14907.3
0.26711 14907.3
0.26712 14907.3
0.26713 14907.3
0.26714 14907.3
0.26715 14907.3
0.26716 14907.3
0.26717 14907.3
0.26718 14907.3
0.26719 14907.3
0.26720 14907.3
0.26721 14907.3
0.26722 14907.3
0.26723 14907.3
0.26724 14907.3
0.26725 14907.3
0.26726 14907.3
0.26727 14907.3
0.26728 14907.3
0.26729 14907.3
0.26730 14907.3
0.26731 14907.3
0.26732 14907.3
0.26733 14907.3
0.26734 14907.3
0.26735 14907.3
0.26736 14907.3
0.26737 14907.3
0.26738 14907.3
0.26739 14907.3
0.26740 14907.3
0.26741 14907.3
0.26742 14907.3
0.26743 14907.3
0.26744 14907.3
0.26745 14907.3
0.26746 14907.3
0.26747 14907.3
0.26748 14907.3
0.26749 14907.3
0.26750 14907.3
0.26751 14907.3
0.26752 14907.3
0.26753 14907.3
0.26754 14907.3
0.26755 14907.3
0.26756 14907.3
0.26757 14907.3
0.26758 14907.3
0.26759 14907.3
0.26760 14907.3
0.26761 14907.3
0.26762 14907.3
0.26763 14907.3
0.26764 14907.3
0.26765 14907.3
0.26766 14907.3
0.26767 14907.3
0.26768 14907.3
0.26769 14907.3
0.26770 14907.3
0.26771 14907.3
0.26772 14907.3
0.26773 14907.3
0.26774 14907.3
0.26775 14907.3
0.26776 14907.3
0.26777 14907.3
0.26778 14907.3
0.26779 14907.3
0.26780 14907.3
0.26781 14907.3
0.26782 14907.3
0.26783 14907.3
0.26784 14907.3
0.26785 14907.3
0.26786 14907.3
0.26787 14907.3
0.26788 14907.3
0.26789 14907.3
0.26790 14907.3
0.26791 14907.3
0.26792 14907.3
0.26793 14907.3
0.26794 14907.3
0.26795 14907.3
0.26796 14907.3
0.26797 14907.3
0.26798 14907.3
0.26799 14907.3
0.26800 14907.3
0.26801 14907.3
0.26802 14907.3
0.26803 14907.3
0.26804 14907.3
0.26805 14907.3
0.26806 14907.3
0.26807 14907.3
0.26808 14907.3
0.26809 14907.3
0.26810 14907.3
0.26811 14907.3
0.26812 14907.3
0.26813 14907.3
0.26814 14907.3
0.26815 14907.3
0.26816 14907.3
0.26817 14907.3
0.26818 14907.3
0.26819 14907.3
0.26820 14907.3
0.26821 14907.3
0.26822 14907.3
0.26823 14907.3
0.26824 14907.3
0.26825 14907.3
0.26826 14907.3
0.26827 14907.3
0.26828 14907.3
0.26829 14907.3
0.26830 14907.3
0.26831 14907.3
0.26832 14907.3
0.26833 14907.3
0.26834 14907.3
0.26835 14907.3
0.26836 14907.3
0.26837 14907.3
0.26838 14907.3
0.26839 14907.3
0.26840 14907.3
0.26841 14907.3
0.26842 14907.3
0.26843 14907.3
0.26844 14907.3
0.26845 14907.3
0.26846 14907.3
0.26847 14907.3
0.26848 14907.3
0.26849 14907.3
0.26850 14907.3
0.26851 14907.3
0.26852 14907.3
0.26853 14907.3
0.26854 14907.3
0.26855 14907.3
0.26856 14907.3
0.26857 14907.3
0.26858 14907.3
0.26859 14907.3
0.26860 14907.3
0.26861 14907.3
0.26862 14907.3
0.26863 14907.3
0.26864 14907.3
0.26865 14907.3
0.26866 14907.3
0.26867 14907.3
0.26868 14907.3
0.26869 14907.3
0.26870 14907.3
0.26871 14907.3
0.26872 14907.3
0.26873 14907.3
0.26874 14907.3
0.26875 14907.3
0.26876 14907.3
0.26877 14907.3
0.26878 14907.3
0.26879 14907.3
0.26880 14907.3
0.26881 14907.3
0.26882 14907.3
0.26883 14907.3
0.26884 14907.3
0.26885 14907.3
0.26886 14907.3
0.26887 14907.3
0.26888 14907.3
0.26889 14907.3
0.26890 14907.3
0.26891 14907.3
0.26892 14907.3
0.26893 14907.3
0.26894 14907.3
0.26895 14907.3
0.26896 14907.3
0.26897 14907.3
0.26898 14907.3
0.26899 14907.3
0.26900 14907.3
0.26901 14907.3
0.26902 14907.3
0.26903 14907.3
0.26904 14907.3
0.26905 14907.3
0.26906 14907.3
0.26907 14907.3
0.26908 14907.3
0.26909 14907.3
0.26910 14907.3
0.26911 14907.3
0.26912 14907.3
0.26913 14907.3
0.26914 14907.3
0.26915 14907.3
0.26916 14907.3
0.26917 14907.3
0.26918 14907.3
0.26919 14907.3
0.26920 14907.3
0.26921 14907.3
0.26922 14907.3
0.26923 14907.3
0.26924 14907.3
0.26925 14907.3
0.26926 14907.3
0.26927 14907.3
0.26928 14907.3
0.26929 14907.3
0.26930 14907.3
0.26931 14907.3
0.26932 14907.3
0.26933 14907.3
0.26934 14907.3
0.26935 14907.3
0.26936 14907.3
0.26937 14907.3
0.26938 14907.3
0.26939 14907.3
0.26940 14907.3
0.26941 14907.3
0.26942 14907.3
0.26943 14907.3
0.26944 14907.3
0.26945 14907.3
0.26946 14907.3
0.26947 14907.3
0.26948 14907.3
0.26949 14907.3
0.26950 14907.3
0.26951 14907.3
0.26952 14907.3
0.26953 14907.3
0.26954 14907.3
0.26955 14907.3
0.26956 14907.3
0.26957 14907.3
0.26958 14907.3
0.26959 14907.3
0.26960 14907.3
0.26961 14907.3
0.26962 14907.3
0.26963 14907.3
0.26964 14907.3
0.26965 14907.3
0.26966 14907.3
0.26967 14907.3
0.26968 14907.3
0.26969 14907.3
0.26970 14907.3
0.26971 14907.3
0.26972 14907.3
0.26973 14907.3
0.26974 14907.3
0.26975 14907.3
0.26976 14907.3
0.26977 14907.3
0.26978 14907.3
0.26979 14907.3
0.26980 14907.3
0.26981 14907.3
0.26982 14907.3
0.26983 14907.3
0.26984 14907.3
0.26985 14907.3
0.26986 14907.3
0.26987 14907.3
0.26988 14907.3
0.26989 14907.3
0.26990 14907.3
0.26991 14907.3
0.26992 14907.3
0.26993 14907.3
0.26994 14907.3
0.26995 14907.3
0.26996 14907.3
0.26997 14907.3
0.26998 14907.3
0.26999 14907.3
0.27000 14907.3
0.27001 14907.3
0.27002 14907.3
0.27003 14907.3
0.27004 14907.3
0.27005 14907.3
0.27006 14907.3
0.27007 14907.3
0.27008 14907.3
0.27009 14907.3
0.27010 14907.3
0.27011 14907.3
0.27012 14907.3
0.27013 14907.3
0.27014 14907.3
0.27015 14907.3
0.27016 14907.3
0.27017 14907.3
0.27018 14907.3
0.27019 14907.3
0.27020 14907.3
0.27021 14907.3
0.27022 14907.3
0.27023 14907.3
0.27024 14907.3
0.27025 14907.3
0.27026 14907.3
0.27027 14907.3
0.27028 14907.3
0.27029 14907.3
0.27030 14907.3
0.27031 14907.3
0.27032 14907.3
0.27033 14907.3
0.27034 14907.3
0.27035 14907.3
0.27036 14907.3
0.27037 14907.3
0.27038 14907.3
0.27039 14907.3
0.27040 14907.3
0.27041 14907.3
0.27042 14907.3
0.27043 14907.3
0.27044 14907.3
0.27045 14907.3
0.27046 14907.3
0.27047 14907.3
0.27048 14907.3
0.27049 14907.3
0.27050 14907.3
0.27051 14907.3
0.27052 14907.3
0.27053 14907.3
0.27054 14907.3
0.27055 14907.3
0.27056 14907.3
0.27057 14907.3
0.27058 14907.3
0.27059 14907.3
0.27060 14907.3
0.27061 14907.3
0.27062 14907.3
0.27063 14907.3
0.27064 14907.3
0.27065 14907.3
0.27066 14907.3
0.27067 14907.3
0.27068 14907.3
0.27069 14907.3
0.27070 14907.3
0.27071 14907.3
0.27072 14907.3
0.27073 14907.3
0.27074 14907.3
0.27075 14907.3
0.27076 14907.3
0.27077 14907.3
0.27078 14907.3
0.27079 14907.3
0.27080 14907.3
0.27081 14907.3
0.27082 14907.3
0.27083 14907.3
0.27084 14907.3
0.27085 14907.3
0.27086 14907.3
0.27087 14907.3
0.27088 14907.3
0.27089 14907.3
0.27090 14907.3
0.27091 14907.3
0.27092 14907.3
0.27093 14907.3
0.27094 14907.3
0.27095 14907.3
0.27096 14907.3
0.27097 14907.3
0.27098 14907.3
0.27099 14907.3
0.27100 14907.3
0.27101 14907.3
0.27102 14907.3
0.27103 14907.3
0.27104 14907.3
0.27105 14907.3
0.27106 14907.3
0.27107 14907.3
0.27108 14907.3
0.27109 14907.3
0.27110 14907.3
0.27111 14907.3
0.27112 14907.3
0.27113 14907.3
0.27114 14907.3
0.27115 14907.3
0.27116 14907.3
0.27117 14907.3
0.27118 14907.3
0.27119 14907.3
0.27120 14907.3
0.27121 14907.3
0.27122 14907.3
0.27123 14907.3
0.27124 14907.3
0.27125 14907.3
0.27126 14907.3
0.27127 14907.3
0.27128 14907.3
0.27129 14907.3
0.27130 14907.3
0.27131 14907.3
0.27132 14907.3
0.27133 14907.3
0.27134 14907.3
0.27135 14907.3
0.27136 14907.3
0.27137 14907.3
0.27138 14907.3
0.27139 14907.3
0.27140 14907.3
0.27141 14907.3
0.27142 14907.3
0.27143 14907.3
0.27144 14907.3
0.27145 14907.3
0.27146 14907.3
0.27147 14907.3
0.27148 14907.3
0.27149 14907.3
0.27150 14907.3
0.27151 14907.3
0.27152 14907.3
0.27153 14907.3
0.27154 14907.3
0.27155 14907.3
0.27156 14907.3
0.27157 14907.3
0.27158 14907.3
0.27159 14907.3
0.27160 14907.3
0.27161 14907.3
0.27162 14907.3
0.27163 14907.3
0.27164 14907.3
0.27165 14907.3
0.27166 14907.3
0.27167 14907.3
0.27168 14907.3
0.27169 14907.3
0.27170 14907.3
0.27171 14907.3
0.27172 14907.3
0.27173 14907.3
0.27174 14907.3
0.27175 14907.3
0.27176 14907.3
0.27177 14907.3
0.27178 14907.3
0.27179 14907.3
0.27180 14907.3
0.27181 14907.3
0.27182 14907.3
0.27183 14907.3
0.27184 14907.3
0.27185 14907.3
0.27186 14907.3
0.27187 14907.3
0.27188 14907.3
0.27189 14907.3
0.27190 14907.3
0.27191 14907.3
0.27192 14907.3
0.27193 14907.3
0.27194 14907.3
0.27195 14907.3
0.27196 14907.3
0.27197 14907.3
0.27198 14907.3
0.27199 14907.3
0.27200 14907.3
0.27201 14907.3
0.27202 14907.3
0.27203 14907.3
0.27204 14907.3
0.27205 14907.3
0.27206 14907.3
0.27207 14907.3
0.27208 14907.3
0.27209 14907.3
0.27210 14907.3
0.27211 14907.3
0.27212 14907.3
0.27213 14907.3
0.27214 14907.3
0.27215 14907.3
0.27216 14907.3
0.27217 14907.3
0.27218 14907.3
0.27219 14907.3
0.27220 14907.3
0.27221 14907.3
0.27222 14907.3
0.27223 14907.3
0.27224 14907.3
0.27225 14907.3
0.27226 14907.3
0.27227 14907.3
0.27228 14907.3
0.27229 14907.3
0.27230 14907.3
0.27231 14907.3
0.27232 14907.3
0.27233 14907.3
0.27234 14907.3
0.27235 14907.3
0.27236 14907.3
0.27237 14907.3
0.27238 14907.3
0.27239 14907.3
0.27240 14907.3
0.27241 14907.3
0.27242 14907.3
0.27243 14907.3
0.27244 14907.3
0.27245 14907.3
0.27246 14907.3
0.27247 14907.3
0.27248 14907.3
0.27249 14907.3
0.27250 14907.3
0.27251 14907.3
0.27252 14907.3
0.27253 14907.3
0.27254 14907.3
0.27255 14907.3
0.27256 14907.3
0.27257 14907.3
0.27258 14907.3
0.27259 14907.3
0.27260 14907.3
0.27261 14907.3
0.27262 14907.3
0.27263 14907.3
0.27264 14907.3
0.27265 14907.3
0.27266 14907.3
0.27267 14907.3
0.27268 14907.3
0.27269 14907.3
0.27270 14907.3
0.27271 14907.3
0.27272 14907.3
0.27273 14907.3
0.27274 14907.3
0.27275 14907.3
0.27276 14907.3
0.27277 14907.3
0.27278 14907.3
0.27279 14907.3
0.27280 14907.3
0.27281 14907.3
0.27282 14907.3
0.27283 14907.3
0.27284 14907.3
0.27285 14907.3
0.27286 14907.3
0.27287 14907.3
0.27288 14907.3
0.27289 14907.3
0.27290 14907.3
0.27291 14907.3
0.27292 14907.3
0.27293 14907.3
0.27294 14907.3
0.27295 14907.3
0.27296 14907.3
0.27297 14907.3
0.27298 14907.3
0.27299 14907.3
0.27300 14907.3
0.27301 14907.3
0.27302 14907.3
0.27303 14907.3
0.27304 14907.3
0.27305 14907.3
0.27306 14907.3
0.27307 14907.3
0.27308 14907.3
0.27309 14907.3
0.27310 14907.3
0.27311 14907.3
0.27312 14907.3
0.27313 14907.3
0.27314 14907.3
0.27315 14907.3
0.27316 14907.3
0.27317 14907.3
0.27318 14907.3
0.27319 14907.3
0.27320 14907.3
0.27321 14907.3
0.27322 14907.3
0.27323 14907.3
0.27324 14907.3
0.27325 14907.3
0.27326 14907.3
0.27327 14907.3
0.27328 14907.3
0.27329 14907.3
0.27330 14907.3
0.27331 14907.3
0.27332 14907.3
0.27333 14907.3
0.27334 14907.3
0.27335 14907.3
0.27336 14907.3
0.27337 14907.3
0.27338 14907.3
0.27339 14907.3
0.27340 14907.3
0.27341 14907.3
0.27342 14907.3
0.27343 14907.3
0.27344 14907.3
0.27345 14907.3
0.27346 14907.3
0.27347 14907.3
0.27348 14907.3
0.27349 14907.3
0.27350 14907.3
0.27351 14907.3
0.27352 14907.3
0.27353 14907.3
0.27354 14907.3
0.27355 14907.3
0.27356 14907.3
0.27357 14907.3
0.27358 14907.3
0.27359 14907.3
0.27360 14907.3
0.27361 14907.3
0.27362 14907.3
0.27363 14907.3
0.27364 14907.3
0.27365 14907.3
0.27366 14907.3
0.27367 14907.3
0.27368 14907.3
0.27369 14907.3
0.27370 14907.3
0.27371 14907.3
0.27372 14907.3
0.27373 14907.3
0.27374 14907.3
0.27375 14907.3
0.27376 14907.3
0.27377 14907.3
0.27378 14907.3
0.27379 14907.3
0.27380 14907.3
0.27381 14907.3
0.27382 14907.3
0.27383 14907.3
0.27384 14907.3
0.27385 14907.3
0.27386 14907.3
0.27387 14907.3
0.27388 14907.3
0.27389 14907.3
0.27390 14907.3
0.27391 14907.3
0.27392 14907.3
0.27393 14907.3
0.27394 14907.3
0.27395 14907.3
0.27396 14907.3
0.27397 14907.3
0.27398 14907.3
0.27399 14907.3
0.27400 14907.3
0.27401 14907.3
0.27402 14907.3
0.27403 14907.3
0.27404 14907.3
0.27405 14907.3
0.27406 14907.3
0.27407 14907.3
0.27408 14907.3
0.27409 14907.3
0.27410 14907.3
0.27411 14907.3
0.27412 14907.3
0.27413 14907.3
0.27414 14907.3
0.27415 14907.3
0.27416 14907.3
0.27417 14907.3
0.27418 14907.3
0.27419 14907.3
0.27420 14907.3
0.27421 14907.3
0.27422 14907.3
0.27423 14907.3
0.27424 14907.3
0.27425 14907.3
0.27426 14907.3
0.27427 14907.3
0.27428 14907.3
0.27429 14907.3
0.27430 14907.3
0.27431 14907.3
0.27432 14907.3
0.27433 14907.3
0.27434 14907.3
0.27435 14907.3
0.27436 14907.3
0.27437 14907.3
0.27438 14907.3
0.27439 14907.3
0.27440 14907.3
0.27441 14907.3
0.27442 14907.3
0.27443 14907.3
0.27444 14907.3
0.27445 14907.3
0.27446 14907.3
0.27447 14907.3
0.27448 14907.3
0.27449 14907.3
0.27450 14907.3
0.27451 14907.3
0.27452 14907.3
0.27453 14907.3
0.27454 14907.3
0.27455 14907.3
0.27456 14907.3
0.27457 14907.3
0.27458 14907.3
0.27459 14907.3
0.27460 14907.3
0.27461 14907.3
0.27462 14907.3
0.27463 14907.3
0.27464 14907.3
0.27465 14907.3
0.27466 14907.3
0.27467 14907.3
0.27468 14907.3
0.27469 14907.3
0.27470 14907.3
0.27471 14907.3
0.27472 14907.3
0.27473 14907.3
0.27474 14907.3
0.27475 14907.3
0.27476 14907.3
0.27477 14907.3
0.27478 14907.3
0.27479 14907.3
0.27480 14907.3
0.27481 14907.3
0.27482 14907.3
0.27483 14907.3
0.27484 14907.3
0.27485 14907.3
0.27486 14907.3
0.27487 14907.3
0.27488 14907.3
0.27489 14907.3
0.27490 14907.3
0.27491 14907.3
0.27492 14907.3
0.27493 14907.3
0.27494 14907.3
0.27495 14907.3
0.27496 14907.3
0.27497 14907.3
0.27498 14907.3
0.27499 14907.3
0.27500 14907.3
0.27501 14907.3
0.27502 14907.3
0.27503 14907.3
0.27504 14907.3
0.27505 14907.3
0.27506 14907.3
0.27507 14907.3
0.27508 14907.3
0.27509 14907.3
0.27510 14907.3
0.27511 14907.3
0.27512 14907.3
0.27513 14907.3
0.27514 14907.3
0.27515 14907.3
0.27516 14907.3
0.27517 14907.3
0.27518 14907.3
0.27519 14907.3
0.27520 14907.3
0.27521 14907.3
0.27522 14907.3
0.27523 14907.3
0.27524 14907.3
0.27525 14907.3
0.27526 14907.3
0.27527 14907.3
0.27528 14907.3
0.27529 14907.3
0.27530 14907.3
0.27531 14907.3
0.27532 14907.3
0.27533 14907.3
0.27534 14907.3
0.27535 14907.3
0.27536 14907.3
0.27537 14907.3
0.27538 14907.3
0.27539 14907.3
0.27540 14907.3
0.27541 14907.3
0.27542 14907.3
0.27543 14907.3
0.27544 14907.3
0.27545 14907.3
0.27546 14907.3
0.27547 14907.3
0.27548 14907.3
0.27549 14907.3
0.27550 14907.3
0.27551 14907.3
0.27552 14907.3
0.27553 14907.3
0.27554 14907.3
0.27555 14907.3
0.27556 14907.3
0.27557 14907.3
0.27558 14907.3
0.27559 14907.3
0.27560 14907.3
0.27561 14907.3
0.27562 14907.3
0.27563 14907.3
0.27564 14907.3
0.27565 14907.3
0.27566 14907.3
0.27567 14907.3
0.27568 14907.3
0.27569 14907.3
0.27570 14907.3
0.27571 14907.3
0.27572 14907.3
0.27573 14907.3
0.27574 14907.3
0.27575 14907.3
0.27576 14907.3
0.27577 14907.3
0.27578 14907.3
0.27579 14907.3
0.27580 14907.3
0.27581 14907.3
0.27582 14907.3
0.27583 14907.3
0.27584 14907.3
0.27585 14907.3
0.27586 14907.3
0.27587 14907.3
0.27588 14907.3
0.27589 14907.3
0.27590 14907.3
0.27591 14907.3
0.27592 14907.3
0.27593 14907.3
0.27594 14907.3
0.27595 14907.3
0.27596 14907.3
0.27597 14907.3
0.27598 14907.3
0.27599 14907.3
0.27600 14907.3
0.27601 14907.3
0.27602 14907.3
0.27603 14907.3
0.27604 14907.3
0.27605 14907.3
0.27606 14907.3
0.27607 14907.3
0.27608 14907.3
0.27609 14907.3
0.27610 14907.3
0.27611 14907.3
0.27612 14907.3
0.27613 14907.3
0.27614 14907.3
0.27615 14907.3
0.27616 14907.3
0.27617 14907.3
0.27618 14907.3
0.27619 14907.3
0.27620 14907.3
0.27621 14907.3
0.27622 14907.3
0.27623 14907.3
0.27624 14907.3
0.27625 14907.3
0.27626 14907.3
0.27627 14907.3
0.27628 14907.3
0.27629 14907.3
0.27630 14907.3
0.27631 14907.3
0.27632 14907.3
0.27633 14907.3
0.27634 14907.3
0.27635 14907.3
0.27636 14907.3
0.27637 14907.3
0.27638 14907.3
0.27639 14907.3
0.27640 14907.3
0.27641 14907.3
0.27642 14907.3
0.27643 14907.3
0.27644 14907.3
0.27645 14907.3
0.27646 14907.3
0.27647 14907.3
0.27648 14907.3
0.27649 14907.3
0.27650 14907.3
0.27651 14907.3
0.27652 14907.3
0.27653 14907.3
0.27654 14907.3
0.27655 14907.3
0.27656 14907.3
0.27657 14907.3
0.27658 14907.3
0.27659 14907.3
0.27660 14907.3
0.27661 14907.3
0.27662 14907.3
0.27663 14907.3
0.27664 14907.3
0.27665 14907.3
0.27666 14907.3
0.27667 14907.3
0.27668 14907.3
0.27669 14907.3
0.27670 14907.3
0.27671 14907.3
0.27672 14907.3
0.27673 14907.3
0.27674 14907.3
0.27675 14907.3
0.27676 14907.3
0.27677 14907.3
0.27678 14907.3
0.27679 14907.3
0.27680 14907.3
0.27681 14907.3
0.27682 14907.3
0.27683 14907.3
0.27684 14907.3
0.27685 14907.3
0.27686 14907.3
0.27687 14907.3
0.27688 14907.3
0.27689 14907.3
0.27690 14907.3
0.27691 14907.3
0.27692 14907.3
0.27693 14907.3
0.27694 14907.3
0.27695 14907.3
0.27696 14907.3
0.27697 14907.3
0.27698 14907.3
0.27699 14907.3
0.27700 14907.3
0.27701 14907.3
0.27702 14907.3
0.27703 14907.3
0.27704 14907.3
0.27705 14907.3
0.27706 14907.3
0.27707 14907.3
0.27708 14907.3
0.27709 14907.3
0.27710 14907.3
0.27711 14907.3
0.27712 14907.3
0.27713 14907.3
0.27714 14907.3
0.27715 14907.3
0.27716 14907.3
0.27717 14907.3
0.27718 14907.3
0.27719 14907.3
0.27720 14907.3
0.27721 14907.3
0.27722 14907.3
0.27723 14907.3
0.27724 14907.3
0.27725 14907.3
0.27726 14907.3
0.27727 14907.3
0.27728 14907.3
0.27729 14907.3
0.27730 14907.3
0.27731 14907.3
0.27732 14907.3
0.27733 14907.3
0.27734 14907.3
0.27735 14907.3
0.27736 14907.3
0.27737 14907.3
0.27738 14907.3
0.27739 14907.3
0.27740 14907.3
0.27741 14907.3
0.27742 14907.3
0.27743 14907.3
0.27744 14907.3
0.27745 14907.3
0.27746 14907.3
0.27747 14907.3
0.27748 14907.3
0.27749 14907.3
0.27750 14907.3
0.27751 14907.3
0.27752 14907.3
0.27753 14907.3
0.27754 14907.3
0.27755 14907.3
0.27756 14907.3
0.27757 14907.3
0.27758 14907.3
0.27759 14907.3
0.27760 14907.3
0.27761 14907.3
0.27762 14907.3
0.27763 14907.3
0.27764 14907.3
0.27765 14907.3
0.27766 14907.3
0.27767 14907.3
0.27768 14907.3
0.27769 14907.3
0.27770 14907.3
0.27771 14907.3
0.27772 14907.3
0.27773 14907.3
0.27774 14907.3
0.27775 14907.3
0.27776 14907.3
0.27777 14907.3
0.27778 14907.3
0.27779 14907.3
0.27780 14907.3
0.27781 14907.3
0.27782 14907.3
0.27783 14907.3
0.27784 14907.3
0.27785 14907.3
0.27786 14907.3
0.27787 14907.3
0.27788 14907.3
0.27789 14907.3
0.27790 14907.3
0.27791 14907.3
0.27792 14907.3
0.27793 14907.3
0.27794 14907.3
0.27795 14907.3
0.27796 14907.3
0.27797 14907.3
0.27798 14907.3
0.27799 14907.3
0.27800 14907.3
0.27801 14907.3
0.27802 14907.3
0.27803 14907.3
0.27804 14907.3
0.27805 14907.3
0.27806 14907.3
0.27807 14907.3
0.27808 14907.3
0.27809 14907.3
0.27810 14907.3
0.27811 14907.3
0.27812 14907.3
0.27813 14907.3
0.27814 14907.3
0.27815 14907.3
0.27816 14907.3
0.27817 14907.3
0.27818 14907.3
0.27819 14907.3
0.27820 14907.3
0.27821 14907.3
0.27822 14907.3
0.27823 14907.3
0.27824 14907.3
0.27825 14907.3
0.27826 14907.3
0.27827 14907.3
0.27828 14907.3
0.27829 14907.3
0.27830 14907.3
0.27831 14907.3
0.27832 14907.3
0.27833 14907.3
0.27834 14907.3
0.27835 14907.3
0.27836 14907.3
0.27837 14907.3
0.27838 14907.3
0.27839 14907.3
0.27840 14907.3
0.27841 14907.3
0.27842 14907.3
0.27843 14907.3
0.27844 14907.3
0.27845 14907.3
0.27846 14907.3
0.27847 14907.3
0.27848 14907.3
0.27849 14907.3
0.27850 14907.3
0.27851 14907.3
0.27852 14907.3
0.27853 14907.3
0.27854 14907.3
0.27855 14907.3
0.27856 14907.3
0.27857 14907.3
0.27858 14907.3
0.27859 14907.3
0.27860 14907.3
0.27861 14907.3
0.27862 14907.3
0.27863 14907.3
0.27864 14907.3
0.27865 14907.3
0.27866 14907.3
0.27867 14907.3
0.27868 14907.3
0.27869 14907.3
0.27870 14907.3
0.27871 14907.3
0.27872 14907.3
0.27873 14907.3
0.27874 14907.3
0.27875 14907.3
0.27876 14907.3
0.27877 14907.3
0.27878 14907.3
0.27879 14907.3
0.27880 14907.3
0.27881 14907.3
0.27882 14907.3
0.27883 14907.3
0.27884 14907.3
0.27885 14907.3
0.27886 14907.3
0.27887 14907.3
0.27888 14907.3
0.27889 14907.3
0.27890 14907.3
0.27891 14907.3
0.27892 14907.3
0.27893 14907.3
0.27894 14907.3
0.27895 14907.3
0.27896 14907.3
0.27897 14907.3
0.27898 14907.3
0.27899 14907.3
0.27900 14907.3
0.27901 14907.3
0.27902 14907.3
0.27903 14907.3
0.27904 14907.3
0.27905 14907.3
0.27906 14907.3
0.27907 14907.3
0.27908 14907.3
0.27909 14907.3
0.27910 14907.3
0.27911 14907.3
0.27912 14907.3
0.27913 14907.3
0.27914 14907.3
0.27915 14907.3
0.27916 14907.3
0.27917 14907.3
0.27918 14907.3
0.27919 14907.3
0.27920 14907.3
0.27921 14907.3
0.27922 14907.3
0.27923 14907.3
0.27924 14907.3
0.27925 14907.3
0.27926 14907.3
0.27927 14907.3
0.27928 14907.3
0.27929 14907.3
0.27930 14907.3
0.27931 14907.3
0.27932 14907.3
0.27933 14907.3
0.27934 14907.3
0.27935 14907.3
0.27936 14907.3
0.27937 14907.3
0.27938 14907.3
0.27939 14907.3
0.27940 14907.3
0.27941 14907.3
0.27942 14907.3
0.27943 14907.3
0.27944 14907.3
0.27945 14907.3
0.27946 14907.3
0.27947 14907.3
0.27948 14907.3
0.27949 14907.3
0.27950 14907.3
0.27951 14907.3
0.27952 14907.3
0.27953 14907.3
0.27954 14907.3
0.27955 14907.3
0.27956 14907.3
0.27957 14907.3
0.27958 14907.3
0.27959 14907.3
0.27960 14907.3
0.27961 14907.3
0.27962 14907.3
0.27963 14907.3
0.27964 14907.3
0.27965 14907.3
0.27966 14907.3
0.27967 14907.3
0.27968 14907.3
0.27969 14907.3
0.27970 14907.3
0.27971 14907.3
0.27972 14907.3
0.27973 14907.3
0.27974 14907.3
0.27975 14907.3
0.27976 14907.3
0.27977 14907.3
0.27978 14907.3
0.27979 14907.3
0.27980 14907.3
0.27981 14907.3
0.27982 14907.3
0.27983 14907.3
0.27984 14907.3
0.27985 14907.3
0.27986 14907.3
0.27987 14907.3
0.27988 14907.3
0.27989 14907.3
0.27990 14907.3
0.27991 14907.3
0.27992 14907.3
0.27993 14907.3
0.27994 14907.3
0.27995 14907.3
0.27996 14907.3
0.27997 14907.3
0.27998 14907.3
0.27999 14907.3
0.28000 14907.3
0.28001 14907.3
0.28002 14907.3
0.28003 14907.3
0.28004 14907.3
0.28005 14907.3
0.28006 14907.3
0.28007 14907.3
0.28008 14907.3
0.28009 14907.3
0.28010 14907.3
0.28011 14907.3
0.28012 14907.3
0.28013 14907.3
0.28014 14907.3
0.28015 14907.3
0.28016 14907.3
0.28017 14907.3
0.28018 14907.3
0.28019 14907.3
0.28020 14907.3
0.28021 14907.3
0.28022 14907.3
0.28023 14907.3
0.28024 14907.3
0.28025 14907.3
0.28026 14907.3
0.28027 14907.3
0.28028 14907.3
0.28029 14907.3
0.28030 14907.3
0.28031 14907.3
0.28032 14907.3
0.28033 14907.3
0.28034 14907.3
0.28035 14907.3
0.28036 14907.3
0.28037 14907.3
0.28038 14907.3
0.28039 14907.3
0.28040 14907.3
0.28041 14907.3
0.28042 14907.3
0.28043 14907.3
0.28044 14907.3
0.28045 14907.3
0.28046 14907.3
0.28047 14907.3
0.28048 14907.3
0.28049 14907.3
0.28050 14907.3
0.28051 14907.3
0.28052 14907.3
0.28053 14907.3
0.28054 14907.3
0.28055 14907.3
0.28056 14907.3
0.28057 14907.3
0.28058 14907.3
0.28059 14907.3
0.28060 14907.3
0.28061 14907.3
0.28062 14907.3
0.28063 14907.3
0.28064 14907.3
0.28065 14907.3
0.28066 14907.3
0.28067 14907.3
0.28068 14907.3
0.28069 14907.3
0.28070 14907.3
0.28071 14907.3
0.28072 14907.3
0.28073 14907.3
0.28074 14907.3
0.28075 14907.3
0.28076 14907.3
0.28077 14907.3
0.28078 14907.3
0.28079 14907.3
0.28080 14907.3
0.28081 14907.3
0.28082 14907.3
0.28083 14907.3
0.28084 14907.3
0.28085 14907.3
0.28086 14907.3
0.28087 14907.3
0.28088 14907.3
0.28089 14907.3
0.28090 14907.3
0.28091 14907.3
0.28092 14907.3
0.28093 14907.3
0.28094 14907.3
0.28095 14907.3
0.28096 14907.3
0.28097 14907.3
0.28098 14907.3
0.28099 14907.3
0.28100 14907.3
0.28101 14907.3
0.28102 14907.3
0.28103 14907.3
0.28104 14907.3
0.28105 14907.3
0.28106 14907.3
0.28107 14907.3
0.28108 14907.3
0.28109 14907.3
0.28110 14907.3
0.28111 14907.3
0.28112 14907.3
0.28113 14907.3
0.28114 14907.3
0.28115 14907.3
0.28116 14907.3
0.28117 14907.3
0.28118 14907.3
0.28119 14907.3
0.28120 14907.3
0.28121 14907.3
0.28122 14907.3
0.28123 14907.3
0.28124 14907.3
0.28125 14907.3
0.28126 14907.3
0.28127 14907.3
0.28128 14907.3
0.28129 14907.3
0.28130 14907.3
0.28131 14907.3
0.28132 14907.3
0.28133 14907.3
0.28134 14907.3
0.28135 14907.3
0.28136 14907.3
0.28137 14907.3
0.28138 14907.3
0.28139 14907.3
0.28140 14907.3
0.28141 14907.3
0.28142 14907.3
0.28143 14907.3
0.28144 14907.3
0.28145 14907.3
0.28146 14907.3
0.28147 14907.3
0.28148 14907.3
0.28149 14907.3
0.28150 14907.3
0.28151 14907.3
0.28152 14907.3
0.28153 14907.3
0.28154 14907.3
0.28155 14907.3
0.28156 14907.3
0.28157 14907.3
0.28158 14907.3
0.28159 14907.3
0.28160 14907.3
0.28161 14907.3
0.28162 14907.3
0.28163 14907.3
0.28164 14907.3
0.28165 14907.3
0.28166 14907.3
0.28167 14907.3
0.28168 14907.3
0.28169 14907.3
0.28170 14907.3
0.28171 14907.3
0.28172 14907.3
0.28173 14907.3
0.28174 14907.3
0.28175 14907.3
0.28176 14907.3
0.28177 14907.3
0.28178 14907.3
0.28179 14907.3
0.28180 14907.3
0.28181 14907.3
0.28182 14907.3
0.28183 14907.3
0.28184 14907.3
0.28185 14907.3
0.28186 14907.3
0.28187 14907.3
0.28188 14907.3
0.28189 14907.3
0.28190 14907.3
0.28191 14907.3
0.28192 14907.3
0.28193 14907.3
0.28194 14907.3
0.28195 14907.3
0.28196 14907.3
0.28197 14907.3
0.28198 14907.3
0.28199 14907.3
0.28200 14907.3
0.28201 14907.3
0.28202 14907.3
0.28203 14907.3
0.28204 14907.3
0.28205 14907.3
0.28206 14907.3
0.28207 14907.3
0.28208 14907.3
0.28209 14907.3
0.28210 14907.3
0.28211 14907.3
0.28212 14907.3
0.28213 14907.3
0.28214 14907.3
0.28215 14907.3
0.28216 14907.3
0.28217 14907.3
0.28218 14907.3
0.28219 14907.3
0.28220 14907.3
0.28221 14907.3
0.28222 14907.3
0.28223 14907.3
0.28224 14907.3
0.28225 14907.3
0.28226 14907.3
0.28227 14907.3
0.28228 14907.3
0.28229 14907.3
0.28230 14907.3
0.28231 14907.3
0.28232 14907.3
0.28233 14907.3
0.28234 14907.3
0.28235 14907.3
0.28236 14907.3
0.28237 14907.3
0.28238 14907.3
0.28239 14907.3
0.28240 14907.3
0.28241 14907.3
0.28242 14907.3
0.28243 14907.3
0.28244 14907.3
0.28245 14907.3
0.28246 14907.3
0.28247 14907.3
0.28248 14907.3
0.28249 14907.3
0.28250 14907.3
0.28251 14907.3
0.28252 14907.3
0.28253 14907.3
0.28254 14907.3
0.28255 14907.3
0.28256 14907.3
0.28257 14907.3
0.28258 14907.3
0.28259 14907.3
0.28260 14907.3
0.28261 14907.3
0.28262 14907.3
0.28263 14907.3
0.28264 14907.3
0.28265 14907.3
0.28266 14907.3
0.28267 14907.3
0.28268 14907.3
0.28269 14907.3
0.28270 14907.3
0.28271 14907.3
0.28272 14907.3
0.28273 14907.3
0.28274 14907.3
0.28275 14907.3
0.28276 14907.3
0.28277 14907.3
0.28278 14907.3
0.28279 14907.3
0.28280 14907.3
0.28281 14907.3
0.28282 14907.3
0.28283 14907.3
0.28284 14907.3
0.28285 14907.3
0.28286 14907.3
0.28287 14907.3
0.28288 14907.3
0.28289 14907.3
0.28290 14907.3
0.28291 14907.3
0.28292 14907.3
0.28293 14907.3
0.28294 14907.3
0.28295 14907.3
0.28296 14907.3
0.28297 14907.3
0.28298 14907.3
0.28299 14907.3
0.28300 14907.3
0.28301 14907.3
0.28302 14907.3
0.28303 14907.3
0.28304 14907.3
0.28305 14907.3
0.28306 14907.3
0.28307 14907.3
0.28308 14907.3
0.28309 14907.3
0.28310 14907.3
0.28311 14907.3
0.28312 14907.3
0.28313 14907.3
0.28314 14907.3
0.28315 14907.3
0.28316 14907.3
0.28317 14907.3
0.28318 14907.3
0.28319 14907.3
0.28320 14907.3
0.28321 14907.3
0.28322 14907.3
0.28323 14907.3
0.28324 14907.3
0.28325 14907.3
0.28326 14907.3
0.28327 14907.3
0.28328 14907.3
0.28329 14907.3
0.28330 14907.3
0.28331 14907.3
0.28332 14907.3
0.28333 14907.3
0.28334 14907.3
0.28335 14907.3
0.28336 14907.3
0.28337 14907.3
0.28338 14907.3
0.28339 14907.3
0.28340 14907.3
0.28341 14907.3
0.28342 14907.3
0.28343 14907.3
0.28344 14907.3
0.28345 14907.3
0.28346 14907.3
0.28347 14907.3
0.28348 14907.3
0.28349 14907.3
0.28350 14907.3
0.28351 14907.3
0.28352 14907.3
0.28353 14907.3
0.28354 14907.3
0.28355 14907.3
0.28356 14907.3
0.28357 14907.3
0.28358 14907.3
0.28359 14907.3
0.28360 14907.3
0.28361 14907.3
0.28362 14907.3
0.28363 14907.3
0.28364 14907.3
0.28365 14907.3
0.28366 14907.3
0.28367 14907.3
0.28368 14907.3
0.28369 14907.3
0.28370 14907.3
0.28371 14907.3
0.28372 14907.3
0.28373 14907.3
0.28374 14907.3
0.28375 14907.3
0.28376 14907.3
0.28377 14907.3
0.28378 14907.3
0.28379 14907.3
0.28380 14907.3
0.28381 14907.3
0.28382 14907.3
0.28383 14907.3
0.28384 14907.3
0.28385 14907.3
0.28386 14907.3
0.28387 14907.3
0.28388 14907.3
0.28389 14907.3
0.28390 14907.3
0.28391 14907.3
0.28392 14907.3
0.28393 14907.3
0.28394 14907.3
0.28395 14907.3
0.28396 14907.3
0.28397 14907.3
0.28398 14907.3
0.28399 14907.3
0.28400 14907.3
0.28401 14907.3
0.28402 14907.3
0.28403 14907.3
0.28404 14907.3
0.28405 14907.3
0.28406 14907.3
0.28407 14907.3
0.28408 14907.3
0.28409 14907.3
0.28410 14907.3
0.28411 14907.3
0.28412 14907.3
0.28413 14907.3
0.28414 14907.3
0.28415 14907.3
0.28416 14907.3
0.28417 14907.3
0.28418 14907.3
0.28419 14907.3
0.28420 14907.3
0.28421 14907.3
0.28422 14907.3
0.28423 14907.3
0.28424 14907.3
0.28425 14907.3
0.28426 14907.3
0.28427 14907.3
0.28428 14907.3
0.28429 14907.3
0.28430 14907.3
0.28431 14907.3
0.28432 14907.3
0.28433 14907.3
0.28434 14907.3
0.28435 14907.3
0.28436 14907.3
0.28437 14907.3
0.28438 14907.3
0.28439 14907.3
0.28440 14907.3
0.28441 14907.3
0.28442 14907.3
0.28443 14907.3
0.28444 14907.3
0.28445 14907.3
0.28446 14907.3
0.28447 14907.3
0.28448 14907.3
0.28449 14907.3
0.28450 14907.3
0.28451 14907.3
0.28452 14907.3
0.28453 14907.3
0.28454 14907.3
0.28455 14907.3
0.28456 14907.3
0.28457 14907.3
0.28458 14907.3
0.28459 14907.3
0.28460 14907.3
0.28461 14907.3
0.28462 14907.3
0.28463 14907.3
0.28464 14907.3
0.28465 14907.3
0.28466 14907.3
0.28467 14907.3
0.28468 14907.3
0.28469 14907.3
0.28470 14907.3
0.28471 14907.3
0.28472 14907.3
0.28473 14907.3
0.28474 14907.3
0.28475 14907.3
0.28476 14907.3
0.28477 14907.3
0.28478 14907.3
0.28479 14907.3
0.28480 14907.3
0.28481 14907.3
0.28482 14907.3
0.28483 14907.3
0.28484 14907.3
0.28485 14907.3
0.28486 14907.3
0.28487 14907.3
0.28488 14907.3
0.28489 14907.3
0.28490 14907.3
0.28491 14907.3
0.28492 14907.3
0.28493 14907.3
0.28494 14907.3
0.28495 14907.3
0.28496 14907.3
0.28497 14907.3
0.28498 14907.3
0.28499 14907.3
0.28500 14907.3
0.28501 14907.3
0.28502 14907.3
0.28503 14907.3
0.28504 14907.3
0.28505 14907.3
0.28506 14907.3
0.28507 14907.3
0.28508 14907.3
0.28509 14907.3
0.28510 14907.3
0.28511 14907.3
0.28512 14907.3
0.28513 14907.3
0.28514 14907.3
0.28515 14907.3
0.28516 14907.3
0.28517 14907.3
0.28518 14907.3
0.28519 14907.3
0.28520 14907.3
0.28521 14907.3
0.28522 14907.3
0.28523 14907.3
0.28524 14907.3
0.28525 14907.3
0.28526 14907.3
0.28527 14907.3
0.28528 14907.3
0.28529 14907.3
0.28530 14907.3
0.28531 14907.3
0.28532 14907.3
0.28533 14907.3
0.28534 14907.3
0.28535 14907.3
0.28536 14907.3
0.28537 14907.3
0.28538 14907.3
0.28539 14907.3
0.28540 14907.3
0.28541 14907.3
0.28542 14907.3
0.28543 14907.3
0.28544 14907.3
0.28545 14907.3
0.28546 14907.3
0.28547 14907.3
0.28548 14907.3
0.28549 14907.3
0.28550 14907.3
0.28551 14907.3
0.28552 14907.3
0.28553 14907.3
0.28554 14907.3
0.28555 14907.3
0.28556 14907.3
0.28557 14907.3
0.28558 14907.3
0.28559 14907.3
0.28560 14907.3
0.28561 14907.3
0.28562 14907.3
0.28563 14907.3
0.28564 14907.3
0.28565 14907.3
0.28566 14907.3
0.28567 14907.3
0.28568 14907.3
0.28569 14907.3
0.28570 14907.3
0.28571 14907.3
0.28572 14907.3
0.28573 14907.3
0.28574 14907.3
0.28575 14907.3
0.28576 14907.3
0.28577 14907.3
0.28578 14907.3
0.28579 14907.3
0.28580 14907.3
0.28581 14907.3
0.28582 14907.3
0.28583 14907.3
0.28584 14907.3
0.28585 14907.3
0.28586 14907.3
0.28587 14907.3
0.28588 14907.3
0.28589 14907.3
0.28590 14907.3
0.28591 14907.3
0.28592 14907.3
0.28593 14907.3
0.28594 14907.3
0.28595 14907.3
0.28596 14907.3
0.28597 14907.3
0.28598 14907.3
0.28599 14907.3
0.28600 14907.3
0.28601 14907.3
0.28602 14907.3
0.28603 14907.3
0.28604 14907.3
0.28605 14907.3
0.28606 14907.3
0.28607 14907.3
0.28608 14907.3
0.28609 14907.3
0.28610 14907.3
0.28611 14907.3
0.28612 14907.3
0.28613 14907.3
0.28614 14907.3
0.28615 14907.3
0.28616 14907.3
0.28617 14907.3
0.28618 14907.3
0.28619 14907.3
0.28620 14907.3
0.28621 14907.3
0.28622 14907.3
0.28623 14907.3
0.28624 14907.3
0.28625 14907.3
0.28626 14907.3
0.28627 14907.3
0.28628 14907.3
0.28629 14907.3
0.28630 14907.3
0.28631 14907.3
0.28632 14907.3
0.28633 14907.3
0.28634 14907.3
0.28635 14907.3
0.28636 14907.3
0.28637 14907.3
0.28638 14907.3
0.28639 14907.3
0.28640 14907.3
0.28641 14907.3
0.28642 14907.3
0.28643 14907.3
0.28644 14907.3
0.28645 14907.3
0.28646 14907.3
0.28647 14907.3
0.28648 14907.3
0.28649 14907.3
0.28650 14907.3
0.28651 14907.3
0.28652 14907.3
0.28653 14907.3
0.28654 14907.3
0.28655 14907.3
0.28656 14907.3
0.28657 14907.3
0.28658 14907.3
0.28659 14907.3
0.28660 14907.3
0.28661 14907.3
0.28662 14907.3
0.28663 14907.3
0.28664 14907.3
0.28665 14907.3
0.28666 14907.3
0.28667 14907.3
0.28668 14907.3
0.28669 14907.3
0.28670 14907.3
0.28671 14907.3
0.28672 14907.3
0.28673 14907.3
0.28674 14907.3
0.28675 14907.3
0.28676 14907.3
0.28677 14907.3
0.28678 14907.3
0.28679 14907.3
0.28680 14907.3
0.28681 14907.3
0.28682 14907.3
0.28683 14907.3
0.28684 14907.3
0.28685 14907.3
0.28686 14907.3
0.28687 14907.3
0.28688 14907.3
0.28689 14907.3
0.28690 14907.3
0.28691 14907.3
0.28692 14907.3
0.28693 14907.3
0.28694 14907.3
0.28695 14907.3
0.28696 14907.3
0.28697 14907.3
0.28698 14907.3
0.28699 14907.3
0.28700 14907.3
0.28701 14907.3
0.28702 14907.3
0.28703 14907.3
0.28704 14907.3
0.28705 14907.3
0.28706 14907.3
0.28707 14907.3
0.28708 14907.3
0.28709 14907.3
0.28710 14907.3
0.28711 14907.3
0.28712 14907.3
0.28713 14907.3
0.28714 14907.3
0.28715 14907.3
0.28716 14907.3
0.28717 14907.3
0.28718 14907.3
0.28719 14907.3
0.28720 14907.3
0.28721 14907.3
0.28722 14907.3
0.28723 14907.3
0.28724 14907.3
0.28725 14907.3
0.28726 14907.3
0.28727 14907.3
0.28728 14907.3
0.28729 14907.3
0.28730 14907.3
0.28731 14907.3
0.28732 14907.3
0.28733 14907.3
0.28734 14907.3
0.28735 14907.3
0.28736 14907.3
0.28737 14907.3
0.28738 14907.3
0.28739 14907.3
0.28740 14907.3
0.28741 14907.3
0.28742 14907.3
0.28743 14907.3
0.28744 14907.3
0.28745 14907.3
0.28746 14907.3
0.28747 14907.3
0.28748 14907.3
0.28749 14907.3
0.28750 14907.3
0.28751 14907.3
0.28752 14907.3
0.28753 14907.3
0.28754 14907.3
0.28755 14907.3
0.28756 14907.3
0.28757 14907.3
0.28758 14907.3
0.28759 14907.3
0.28760 14907.3
0.28761 14907.3
0.28762 14907.3
0.28763 14907.3
0.28764 14907.3
0.28765 14907.3
0.28766 14907.3
0.28767 14907.3
0.28768 14907.3
0.28769 14907.3
0.28770 14907.3
0.28771 14907.3
0.28772 14907.3
0.28773 14907.3
0.28774 14907.3
0.28775 14907.3
0.28776 14907.3
0.28777 14907.3
0.28778 14907.3
0.28779 14907.3
0.28780 14907.3
0.28781 14907.3
0.28782 14907.3
0.28783 14907.3
0.28784 14907.3
0.28785 14907.3
0.28786 14907.3
0.28787 14907.3
0.28788 14907.3
0.28789 14907.3
0.28790 14907.3
0.28791 14907.3
0.28792 14907.3
0.28793 14907.3
0.28794 14907.3
0.28795 14907.3
0.28796 14907.3
0.28797 14907.3
0.28798 14907.3
0.28799 14907.3
0.28800 14907.3
0.28801 14907.3
0.28802 14907.3
0.28803 14907.3
0.28804 14907.3
0.28805 14907.3
0.28806 14907.3
0.28807 14907.3
0.28808 14907.3
0.28809 14907.3
0.28810 14907.3
0.28811 14907.3
0.28812 14907.3
0.28813 14907.3
0.28814 14907.3
0.28815 14907.3
0.28816 14907.3
0.28817 14907.3
0.28818 14907.3
0.28819 14907.3
0.28820 14907.3
0.28821 14907.3
0.28822 14907.3
0.28823 14907.3
0.28824 14907.3
0.28825 14907.3
0.28826 14907.3
0.28827 14907.3
0.28828 14907.3
0.28829 14907.3
0.28830 14907.3
0.28831 14907.3
0.28832 14907.3
0.28833 14907.3
0.28834 14907.3
0.28835 14907.3
0.28836 14907.3
0.28837 14907.3
0.28838 14907.3
0.28839 14907.3
0.28840 14907.3
0.28841 14907.3
0.28842 14907.3
0.28843 14907.3
0.28844 14907.3
0.28845 14907.3
0.28846 14907.3
0.28847 14907.3
0.28848 14907.3
0.28849 14907.3
0.28850 14907.3
0.28851 14907.3
0.28852 14907.3
0.28853 14907.3
0.28854 14907.3
0.28855 14907.3
0.28856 14907.3
0.28857 14907.3
0.28858 14907.3
0.28859 14907.3
0.28860 14907.3
0.28861 14907.3
0.28862 14907.3
0.28863 14907.3
0.28864 14907.3
0.28865 14907.3
0.28866 14907.3
0.28867 14907.3
0.28868 14907.3
0.28869 14907.3
0.28870 14907.3
0.28871 14907.3
0.28872 14907.3
0.28873 14907.3
0.28874 14907.3
0.28875 14907.3
0.28876 14907.3
0.28877 14907.3
0.28878 14907.3
0.28879 14907.3
0.28880 14907.3
0.28881 14907.3
0.28882 14907.3
0.28883 14907.3
0.28884 14907.3
0.28885 14907.3
0.28886 14907.3
0.28887 14907.3
0.28888 14907.3
0.28889 14907.3
0.28890 14907.3
0.28891 14907.3
0.28892 14907.3
0.28893 14907.3
0.28894 14907.3
0.28895 14907.3
0.28896 14907.3
0.28897 14907.3
0.28898 14907.3
0.28899 14907.3
0.28900 14907.3
0.28901 14907.3
0.28902 14907.3
0.28903 14907.3
0.28904 14907.3
0.28905 14907.3
0.28906 14907.3
0.28907 14907.3
0.28908 14907.3
0.28909 14907.3
0.28910 14907.3
0.28911 14907.3
0.28912 14907.3
0.28913 14907.3
0.28914 14907.3
0.28915 14907.3
0.28916 14907.3
0.28917 14907.3
0.28918 14907.3
0.28919 14907.3
0.28920 14907.3
0.28921 14907.3
0.28922 14907.3
0.28923 14907.3
0.28924 14907.3
0.28925 14907.3
0.28926 14907.3
0.28927 14907.3
0.28928 14907.3
0.28929 14907.3
0.28930 14907.3
0.28931 14907.3
0.28932 14907.3
0.28933 14907.3
0.28934 14907.3
0.28935 14907.3
0.28936 14907.3
0.28937 14907.3
0.28938 14907.3
0.28939 14907.3
0.28940 14907.3
0.28941 14907.3
0.28942 14907.3
0.28943 14907.3
0.28944 14907.3
0.28945 14907.3
0.28946 14907.3
0.28947 14907.3
0.28948 14907.3
0.28949 14907.3
0.28950 14907.3
0.28951 14907.3
0.28952 14907.3
0.28953 14907.3
0.28954 14907.3
0.28955 14907.3
0.28956 14907.3
0.28957 14907.3
0.28958 14907.3
0.28959 14907.3
0.28960 14907.3
0.28961 14907.3
0.28962 14907.3
0.28963 14907.3
0.28964 14907.3
0.28965 14907.3
0.28966 14907.3
0.28967 14907.3
0.28968 14907.3
0.28969 14907.3
0.28970 14907.3
0.28971 14907.3
0.28972 14907.3
0.28973 14907.3
0.28974 14907.3
0.28975 14907.3
0.28976 14907.3
0.28977 14907.3
0.28978 14907.3
0.28979 14907.3
0.28980 14907.3
0.28981 14907.3
0.28982 14907.3
0.28983 14907.3
0.28984 14907.3
0.28985 14907.3
0.28986 14907.3
0.28987 14907.3
0.28988 14907.3
0.28989 14907.3
0.28990 14907.3
0.28991 14907.3
0.28992 14907.3
0.28993 14907.3
0.28994 14907.3
0.28995 14907.3
0.28996 14907.3
0.28997 14907.3
0.28998 14907.3
0.28999 14907.3
0.29000 14907.3
0.29001 14907.3
0.29002 14907.3
0.29003 14907.3
0.29004 14907.3
0.29005 14907.3
0.29006 14907.3
0.29007 14907.3
0.29008 14907.3
0.29009 14907.3
0.29010 14907.3
0.29011 14907.3
0.29012 14907.3
0.29013 14907.3
0.29014 14907.3
0.29015 14907.3
0.29016 14907.3
0.29017 14907.3
0.29018 14907.3
0.29019 14907.3
0.29020 14907.3
0.29021 14907.3
0.29022 14907.3
0.29023 14907.3
0.29024 14907.3
0.29025 14907.3
0.29026 14907.3
0.29027 14907.3
0.29028 14907.3
0.29029 14907.3
0.29030 14907.3
0.29031 14907.3
0.29032 14907.3
0.29033 14907.3
0.29034 14907.3
0.29035 14907.3
0.29036 14907.3
0.29037 14907.3
0.29038 14907.3
0.29039 14907.3
0.29040 14907.3
0.29041 14907.3
0.29042 14907.3
0.29043 14907.3
0.29044 14907.3
0.29045 14907.3
0.29046 14907.3
0.29047 14907.3
0.29048 14907.3
0.29049 14907.3
0.29050 14907.3
0.29051 14907.3
0.29052 14907.3
0.29053 14907.3
0.29054 14907.3
0.29055 14907.3
0.29056 14907.3
0.29057 14907.3
0.29058 14907.3
0.29059 14907.3
0.29060 14907.3
0.29061 14907.3
0.29062 14907.3
0.29063 14907.3
0.29064 14907.3
0.29065 14907.3
0.29066 14907.3
0.29067 14907.3
0.29068 14907.3
0.29069 14907.3
0.29070 14907.3
0.29071 14907.3
0.29072 14907.3
0.29073 14907.3
0.29074 14907.3
0.29075 14907.3
0.29076 14907.3
0.29077 14907.3
0.29078 14907.3
0.29079 14907.3
0.29080 14907.3
0.29081 14907.3
0.29082 14907.3
0.29083 14907.3
0.29084 14907.3
0.29085 14907.3
0.29086 14907.3
0.29087 14907.3
0.29088 14907.3
0.29089 14907.3
0.29090 14907.3
0.29091 14907.3
0.29092 14907.3
0.29093 14907.3
0.29094 14907.3
0.29095 14907.3
0.29096 14907.3
0.29097 14907.3
0.29098 14907.3
0.29099 14907.3
0.29100 14907.3
0.29101 14907.3
0.29102 14907.3
0.29103 14907.3
0.29104 14907.3
0.29105 14907.3
0.29106 14907.3
0.29107 14907.3
0.29108 14907.3
0.29109 14907.3
0.29110 14907.3
0.29111 14907.3
0.29112 14907.3
0.29113 14907.3
0.29114 14907.3
0.29115 14907.3
0.29116 14907.3
0.29117 14907.3
0.29118 14907.3
0.29119 14907.3
0.29120 14907.3
0.29121 14907.3
0.29122 14907.3
0.29123 14907.3
0.29124 14907.3
0.29125 14907.3
0.29126 14907.3
0.29127 14907.3
0.29128 14907.3
0.29129 14907.3
0.29130 14907.3
0.29131 14907.3
0.29132 14907.3
0.29133 14907.3
0.29134 14907.3
0.29135 14907.3
0.29136 14907.3
0.29137 14907.3
0.29138 14907.3
0.29139 14907.3
0.29140 14907.3
0.29141 14907.3
0.29142 14907.3
0.29143 14907.3
0.29144 14907.3
0.29145 14907.3
0.29146 14907.3
0.29147 14907.3
0.29148 14907.3
0.29149 14907.3
0.29150 14907.3
0.29151 14907.3
0.29152 14907.3
0.29153 14907.3
0.29154 14907.3
0.29155 14907.3
0.29156 14907.3
0.29157 14907.3
0.29158 14907.3
0.29159 14907.3
0.29160 14907.3
0.29161 14907.3
0.29162 14907.3
0.29163 14907.3
0.29164 14907.3
0.29165 14907.3
0.29166 14907.3
0.29167 14907.3
0.29168 14907.3
0.29169 14907.3
0.29170 14907.3
0.29171 14907.3
0.29172 14907.3
0.29173 14907.3
0.29174 14907.3
0.29175 14907.3
0.29176 14907.3
0.29177 14907.3
0.29178 14907.3
0.29179 14907.3
0.29180 14907.3
0.29181 14907.3
0.29182 14907.3
0.29183 14907.3
0.29184 14907.3
0.29185 14907.3
0.29186 14907.3
0.29187 14907.3
0.29188 14907.3
0.29189 14907.3
0.29190 14907.3
0.29191 14907.3
0.29192 14907.3
0.29193 14907.3
0.29194 14907.3
0.29195 14907.3
0.29196 14907.3
0.29197 14907.3
0.29198 14907.3
0.29199 14907.3
0.29200 14907.3
0.29201 14907.3
0.29202 14907.3
0.29203 14907.3
0.29204 14907.3
0.29205 14907.3
0.29206 14907.3
0.29207 14907.3
0.29208 14907.3
0.29209 14907.3
0.29210 14907.3
0.29211 14907.3
0.29212 14907.3
0.29213 14907.3
0.29214 14907.3
0.29215 14907.3
0.29216 14907.3
0.29217 14907.3
0.29218 14907.3
0.29219 14907.3
0.29220 14907.3
0.29221 14907.3
0.29222 14907.3
0.29223 14907.3
0.29224 14907.3
0.29225 14907.3
0.29226 14907.3
0.29227 14907.3
0.29228 14907.3
0.29229 14907.3
0.29230 14907.3
0.29231 14907.3
0.29232 14907.3
0.29233 14907.3
0.29234 14907.3
0.29235 14907.3
0.29236 14907.3
0.29237 14907.3
0.29238 14907.3
0.29239 14907.3
0.29240 14907.3
0.29241 14907.3
0.29242 14907.3
0.29243 14907.3
0.29244 14907.3
0.29245 14907.3
0.29246 14907.3
0.29247 14907.3
0.29248 14907.3
0.29249 14907.3
0.29250 14907.3
0.29251 14907.3
0.29252 14907.3
0.29253 14907.3
0.29254 14907.3
0.29255 14907.3
0.29256 14907.3
0.29257 14907.3
0.29258 14907.3
0.29259 14907.3
0.29260 14907.3
0.29261 14907.3
0.29262 14907.3
0.29263 14907.3
0.29264 14907.3
0.29265 14907.3
0.29266 14907.3
0.29267 14907.3
0.29268 14907.3
0.29269 14907.3
0.29270 14907.3
0.29271 14907.3
0.29272 14907.3
0.29273 14907.3
0.29274 14907.3
0.29275 14907.3
0.29276 14907.3
0.29277 14907.3
0.29278 14907.3
0.29279 14907.3
0.29280 14907.3
0.29281 14907.3
0.29282 14907.3
0.29283 14907.3
0.29284 14907.3
0.29285 14907.3
0.29286 14907.3
0.29287 14907.3
0.29288 14907.3
0.29289 14907.3
0.29290 14907.3
0.29291 14907.3
0.29292 14907.3
0.29293 14907.3
0.29294 14907.3
0.29295 14907.3
0.29296 14907.3
0.29297 14907.3
0.29298 14907.3
0.29299 14907.3
0.29300 14907.3
0.29301 14907.3
0.29302 14907.3
0.29303 14907.3
0.29304 14907.3
0.29305 14907.3
0.29306 14907.3
0.29307 14907.3
0.29308 14907.3
0.29309 14907.3
0.29310 14907.3
0.29311 14907.3
0.29312 14907.3
0.29313 14907.3
0.29314 14907.3
0.29315 14907.3
0.29316 14907.3
0.29317 14907.3
0.29318 14907.3
0.29319 14907.3
0.29320 14907.3
0.29321 14907.3
0.29322 14907.3
0.29323 14907.3
0.29324 14907.3
0.29325 14907.3
0.29326 14907.3
0.29327 14907.3
0.29328 14907.3
0.29329 14907.3
0.29330 14907.3
0.29331 14907.3
0.29332 14907.3
0.29333 14907.3
0.29334 14907.3
0.29335 14907.3
0.29336 14907.3
0.29337 14907.3
0.29338 14907.3
0.29339 14907.3
0.29340 14907.3
0.29341 14907.3
0.29342 14907.3
0.29343 14907.3
0.29344 14907.3
0.29345 14907.3
0.29346 14907.3
0.29347 14907.3
0.29348 14907.3
0.29349 14907.3
0.29350 14907.3
0.29351 14907.3
0.29352 14907.3
0.29353 14907.3
0.29354 14907.3
0.29355 14907.3
0.29356 14907.3
0.29357 14907.3
0.29358 14907.3
0.29359 14907.3
0.29360 14907.3
0.29361 14907.3
0.29362 14907.3
0.29363 14907.3
0.29364 14907.3
0.29365 14907.3
0.29366 14907.3
0.29367 14907.3
0.29368 14907.3
0.29369 14907.3
0.29370 14907.3
0.29371 14907.3
0.29372 14907.3
0.29373 14907.3
0.29374 14907.3
0.29375 14907.3
0.29376 14907.3
0.29377 14907.3
0.29378 14907.3
0.29379 14907.3
0.29380 14907.3
0.29381 14907.3
0.29382 14907.3
0.29383 14907.3
0.29384 14907.3
0.29385 14907.3
0.29386 14907.3
0.29387 14907.3
0.29388 14907.3
0.29389 14907.3
0.29390 14907.3
0.29391 14907.3
0.29392 14907.3
0.29393 14907.3
0.29394 14907.3
0.29395 14907.3
0.29396 14907.3
0.29397 14907.3
0.29398 14907.3
0.29399 14907.3
0.29400 14907.3
0.29401 14907.3
0.29402 14907.3
0.29403 14907.3
0.29404 14907.3
0.29405 14907.3
0.29406 14907.3
0.29407 14907.3
0.29408 14907.3
0.29409 14907.3
0.29410 14907.3
0.29411 14907.3
0.29412 14907.3
0.29413 14907.3
0.29414 14907.3
0.29415 14907.3
0.29416 14907.3
0.29417 14907.3
0.29418 14907.3
0.29419 14907.3
0.29420 14907.3
0.29421 14907.3
0.29422 14907.3
0.29423 14907.3
0.29424 14907.3
0.29425 14907.3
0.29426 14907.3
0.29427 14907.3
0.29428 14907.3
0.29429 14907.3
0.29430 14907.3
0.29431 14907.3
0.29432 14907.3
0.29433 14907.3
0.29434 14907.3
0.29435 14907.3
0.29436 14907.3
0.29437 14907.3
0.29438 14907.3
0.29439 14907.3
0.29440 14907.3
0.29441 14907.3
0.29442 14907.3
0.29443 14907.3
0.29444 14907.3
0.29445 14907.3
0.29446 14907.3
0.29447 14907.3
0.29448 14907.3
0.29449 14907.3
0.29450 14907.3
0.29451 14907.3
0.29452 14907.3
0.29453 14907.3
0.29454 14907.3
0.29455 14907.3
0.29456 14907.3
0.29457 14907.3
0.29458 14907.3
0.29459 14907.3
0.29460 14907.3
0.29461 14907.3
0.29462 14907.3
0.29463 14907.3
0.29464 14907.3
0.29465 14907.3
0.29466 14907.3
0.29467 14907.3
0.29468 14907.3
0.29469 14907.3
0.29470 14907.3
0.29471 14907.3
0.29472 14907.3
0.29473 14907.3
0.29474 14907.3
0.29475 14907.3
0.29476 14907.3
0.29477 14907.3
0.29478 14907.3
0.29479 14907.3
0.29480 14907.3
0.29481 14907.3
0.29482 14907.3
0.29483 14907.3
0.29484 14907.3
0.29485 14907.3
0.29486 14907.3
0.29487 14907.3
0.29488 14907.3
0.29489 14907.3
0.29490 14907.3
0.29491 14907.3
0.29492 14907.3
0.29493 14907.3
0.29494 14907.3
0.29495 14907.3
0.29496 14907.3
0.29497 14907.3
0.29498 14907.3
0.29499 14907.3
0.29500 14907.3
0.29501 14907.3
0.29502 14907.3
0.29503 14907.3
0.29504 14907.3
0.29505 14907.3
0.29506 14907.3
0.29507 14907.3
0.29508 14907.3
0.29509 14907.3
0.29510 14907.3
0.29511 14907.3
0.29512 14907.3
0.29513 14907.3
0.29514 14907.3
0.29515 14907.3
0.29516 14907.3
0.29517 14907.3
0.29518 14907.3
0.29519 14907.3
0.29520 14907.3
0.29521 14907.3
0.29522 14907.3
0.29523 14907.3
0.29524 14907.3
0.29525 14907.3
0.29526 14907.3
0.29527 14907.3
0.29528 14907.3
0.29529 14907.3
0.29530 14907.3
0.29531 14907.3
0.29532 14907.3
0.29533 14907.3
0.29534 14907.3
0.29535 14907.3
0.29536 14907.3
0.29537 14907.3
0.29538 14907.3
0.29539 14907.3
0.29540 14907.3
0.29541 14907.3
0.29542 14907.3
0.29543 14907.3
0.29544 14907.3
0.29545 14907.3
0.29546 14907.3
0.29547 14907.3
0.29548 14907.3
0.29549 14907.3
0.29550 14907.3
0.29551 14907.3
0.29552 14907.3
0.29553 14907.3
0.29554 14907.3
0.29555 14907.3
0.29556 14907.3
0.29557 14907.3
0.29558 14907.3
0.29559 14907.3
0.29560 14907.3
0.29561 14907.3
0.29562 14907.3
0.29563 14907.3
0.29564 14907.3
0.29565 14907.3
0.29566 14907.3
0.29567 14907.3
0.29568 14907.3
0.29569 14907.3
0.29570 14907.3
0.29571 14907.3
0.29572 14907.3
0.29573 14907.3
0.29574 14907.3
0.29575 14907.3
0.29576 14907.3
0.29577 14907.3
0.29578 14907.3
0.29579 14907.3
0.29580 14907.3
0.29581 14907.3
0.29582 14907.3
0.29583 14907.3
0.29584 14907.3
0.29585 14907.3
0.29586 14907.3
0.29587 14907.3
0.29588 14907.3
0.29589 14907.3
0.29590 14907.3
0.29591 14907.3
0.29592 14907.3
0.29593 14907.3
0.29594 14907.3
0.29595 14907.3
0.29596 14907.3
0.29597 14907.3
0.29598 14907.3
0.29599 14907.3
0.29600 14907.3
0.29601 14907.3
0.29602 14907.3
0.29603 14907.3
0.29604 14907.3
0.29605 14907.3
0.29606 14907.3
0.29607 14907.3
0.29608 14907.3
0.29609 14907.3
0.29610 14907.3
0.29611 14907.3
0.29612 14907.3
0.29613 14907.3
0.29614 14907.3
0.29615 14907.3
0.29616 14907.3
0.29617 14907.3
0.29618 14907.3
0.29619 14907.3
0.29620 14907.3
0.29621 14907.3
0.29622 14907.3
0.29623 14907.3
0.29624 14907.3
0.29625 14907.3
0.29626 14907.3
0.29627 14907.3
0.29628 14907.3
0.29629 14907.3
0.29630 14907.3
0.29631 14907.3
0.29632 14907.3
0.29633 14907.3
0.29634 14907.3
0.29635 14907.3
0.29636 14907.3
0.29637 14907.3
0.29638 14907.3
0.29639 14907.3
0.29640 14907.3
0.29641 14907.3
0.29642 14907.3
0.29643 14907.3
0.29644 14907.3
0.29645 14907.3
0.29646 14907.3
0.29647 14907.3
0.29648 14907.3
0.29649 14907.3
0.29650 14907.3
0.29651 14907.3
0.29652 14907.3
0.29653 14907.3
0.29654 14907.3
0.29655 14907.3
0.29656 14907.3
0.29657 14907.3
0.29658 14907.3
0.29659 14907.3
0.29660 14907.3
0.29661 14907.3
0.29662 14907.3
0.29663 14907.3
0.29664 14907.3
0.29665 14907.3
0.29666 14907.3
0.29667 14907.3
0.29668 14907.3
0.29669 14907.3
0.29670 14907.3
0.29671 14907.3
0.29672 14907.3
0.29673 14907.3
0.29674 14907.3
0.29675 14907.3
0.29676 14907.3
0.29677 14907.3
0.29678 14907.3
0.29679 14907.3
0.29680 14907.3
0.29681 14907.3
0.29682 14907.3
0.29683 14907.3
0.29684 14907.3
0.29685 14907.3
0.29686 14907.3
0.29687 14907.3
0.29688 14907.3
0.29689 14907.3
0.29690 14907.3
0.29691 14907.3
0.29692 14907.3
0.29693 14907.3
0.29694 14907.3
0.29695 14907.3
0.29696 14907.3
0.29697 14907.3
0.29698 14907.3
0.29699 14907.3
0.29700 14907.3
0.29701 14907.3
0.29702 14907.3
0.29703 14907.3
0.29704 14907.3
0.29705 14907.3
0.29706 14907.3
0.29707 14907.3
0.29708 14907.3
0.29709 14907.3
0.29710 14907.3
0.29711 14907.3
0.29712 14907.3
0.29713 14907.3
0.29714 14907.3
0.29715 14907.3
0.29716 14907.3
0.29717 14907.3
0.29718 14907.3
0.29719 14907.3
0.29720 14907.3
0.29721 14907.3
0.29722 14907.3
0.29723 14907.3
0.29724 14907.3
0.29725 14907.3
0.29726 14907.3
0.29727 14907.3
0.29728 14907.3
0.29729 14907.3
0.29730 14907.3
0.29731 14907.3
0.29732 14907.3
0.29733 14907.3
0.29734 14907.3
0.29735 14907.3
0.29736 14907.3
0.29737 14907.3
0.29738 14907.3
0.29739 14907.3
0.29740 14907.3
0.29741 14907.3
0.29742 14907.3
0.29743 14907.3
0.29744 14907.3
0.29745 14907.3
0.29746 14907.3
0.29747 14907.3
0.29748 14907.3
0.29749 14907.3
0.29750 14907.3
0.29751 14907.3
0.29752 14907.3
0.29753 14907.3
0.29754 14907.3
0.29755 14907.3
0.29756 14907.3
0.29757 14907.3
0.29758 14907.3
0.29759 14907.3
0.29760 14907.3
0.29761 14907.3
0.29762 14907.3
0.29763 14907.3
0.29764 14907.3
0.29765 14907.3
0.29766 14907.3
0.29767 14907.3
0.29768 14907.3
0.29769 14907.3
0.29770 14907.3
0.29771 14907.3
0.29772 14907.3
0.29773 14907.3
0.29774 14907.3
0.29775 14907.3
0.29776 14907.3
0.29777 14907.3
0.29778 14907.3
0.29779 14907.3
0.29780 14907.3
0.29781 14907.3
0.29782 14907.3
0.29783 14907.3
0.29784 14907.3
0.29785 14907.3
0.29786 14907.3
0.29787 14907.3
0.29788 14907.3
0.29789 14907.3
0.29790 14907.3
0.29791 14907.3
0.29792 14907.3
0.29793 14907.3
0.29794 14907.3
0.29795 14907.3
0.29796 14907.3
0.29797 14907.3
0.29798 14907.3
0.29799 14907.3
0.29800 14907.3
0.29801 14907.3
0.29802 14907.3
0.29803 14907.3
0.29804 14907.3
0.29805 14907.3
0.29806 14907.3
0.29807 14907.3
0.29808 14907.3
0.29809 14907.3
0.29810 14907.3
0.29811 14907.3
0.29812 14907.3
0.29813 14907.3
0.29814 14907.3
0.29815 14907.3
0.29816 14907.3
0.29817 14907.3
0.29818 14907.3
0.29819 14907.3
0.29820 14907.3
0.29821 14907.3
0.29822 14907.3
0.29823 14907.3
0.29824 14907.3
0.29825 14907.3
0.29826 14907.3
0.29827 14907.3
0.29828 14907.3
0.29829 14907.3
0.29830 14907.3
0.29831 14907.3
0.29832 14907.3
0.29833 14907.3
0.29834 14907.3
0.29835 14907.3
0.29836 14907.3
0.29837 14907.3
0.29838 14907.3
0.29839 14907.3
0.29840 14907.3
0.29841 14907.3
0.29842 14907.3
0.29843 14907.3
0.29844 14907.3
0.29845 14907.3
0.29846 14907.3
0.29847 14907.3
0.29848 14907.3
0.29849 14907.3
0.29850 14907.3
0.29851 14907.3
0.29852 14907.3
0.29853 14907.3
0.29854 14907.3
0.29855 14907.3
0.29856 14907.3
0.29857 14907.3
0.29858 14907.3
0.29859 14907.3
0.29860 14907.3
0.29861 14907.3
0.29862 14907.3
0.29863 14907.3
0.29864 14907.3
0.29865 14907.3
0.29866 14907.3
0.29867 14907.3
0.29868 14907.3
0.29869 14907.3
0.29870 14907.3
0.29871 14907.3
0.29872 14907.3
0.29873 14907.3
0.29874 14907.3
0.29875 14907.3
0.29876 14907.3
0.29877 14907.3
0.29878 14907.3
0.29879 14907.3
0.29880 14907.3
0.29881 14907.3
0.29882 14907.3
0.29883 14907.3
0.29884 14907.3
0.29885 14907.3
0.29886 14907.3
0.29887 14907.3
0.29888 14907.3
0.29889 14907.3
0.29890 14907.3
0.29891 14907.3
0.29892 14907.3
0.29893 14907.3
0.29894 14907.3
0.29895 14907.3
0.29896 14907.3
0.29897 14907.3
0.29898 14907.3
0.29899 14907.3
0.29900 14907.3
0.29901 14907.3
0.29902 14907.3
0.29903 14907.3
0.29904 14907.3
0.29905 14907.3
0.29906 14907.3
0.29907 14907.3
0.29908 14907.3
0.29909 14907.3
0.29910 14907.3
0.29911 14907.3
0.29912 14907.3
0.29913 14907.3
0.29914 14907.3
0.29915 14907.3
0.29916 14907.3
0.29917 14907.3
0.29918 14907.3
0.29919 14907.3
0.29920 14907.3
0.29921 14907.3
0.29922 14907.3
0.29923 14907.3
0.29924 14907.3
0.29925 14907.3
0.29926 14907.3
0.29927 14907.3
0.29928 14907.3
0.29929 14907.3
0.29930 14907.3
0.29931 14907.3
0.29932 14907.3
0.29933 14907.3
0.29934 14907.3
0.29935 14907.3
0.29936 14907.3
0.29937 14907.3
0.29938 14907.3
0.29939 14907.3
0.29940 14907.3
0.29941 14907.3
0.29942 14907.3
0.29943 14907.3
0.29944 14907.3
0.29945 14907.3
0.29946 14907.3
0.29947 14907.3
0.29948 14907.3
0.29949 14907.3
0.29950 14907.3
0.29951 14907.3
0.29952 14907.3
0.29953 14907.3
0.29954 14907.3
0.29955 14907.3
0.29956 14907.3
0.29957 14907.3
0.29958 14907.3
0.29959 14907.3
0.29960 14907.3
0.29961 14907.3
0.29962 14907.3
0.29963 14907.3
0.29964 14907.3
0.29965 14907.3
0.29966 14907.3
0.29967 14907.3
0.29968 14907.3
0.29969 14907.3
0.29970 14907.3
0.29971 14907.3
0.29972 14907.3
0.29973 14907.3
0.29974 14907.3
0.29975 14907.3
0.29976 14907.3
0.29977 14907.3
0.29978 14907.3
0.29979 14907.3
0.29980 14907.3
0.29981 14907.3
0.29982 14907.3
0.29983 14907.3
0.29984 14907.3
0.29985 14907.3
0.29986 14907.3
0.29987 14907.3
0.29988 14907.3
0.29989 14907.3
0.29990 14907.3
0.29991 14907.3
0.29992 14907.3
0.29993 14907.3
0.29994 14907.3
0.29995 14907.3
0.29996 14907.3
0.29997 14907.3
0.29998 14907.3
0.29999 14907.3
0.30000 14907.3
0.30001 14907.3
0.30002 14907.3
0.30003 14907.3
0.30004 14907.3
0.30005 14907.3
0.30006 14907.3
0.30007 14907.3
0.30008 14907.3
0.30009 14907.3
0.30010 14907.3
0.30011 14907.3
0.30012 14907.3
0.30013 14907.3
0.30014 14907.3
0.30015 14907.3
0.30016 14907.3
0.30017 14907.3
0.30018 14907.3
0.30019 14907.3
0.30020 14907.3
0.30021 14907.3
0.30022 14907.3
0.30023 14907.3
0.30024 14907.3
0.30025 14907.3
0.30026 14907.3
0.30027 14907.3
0.30028 14907.3
0.30029 14907.3
0.30030 14907.3
0.30031 14907.3
0.30032 14907.3
0.30033 14907.3
0.30034 14907.3
0.30035 14907.3
0.30036 14907.3
0.30037 14907.3
0.30038 14907.3
0.30039 14907.3
0.30040 14907.3
0.30041 14907.3
0.30042 14907.3
0.30043 14907.3
0.30044 14907.3
0.30045 14907.3
0.30046 14907.3
0.30047 14907.3
0.30048 14907.3
0.30049 14907.3
0.30050 14907.3
0.30051 14907.3
0.30052 14907.3
0.30053 14907.3
0.30054 14907.3
0.30055 14907.3
0.30056 14907.3
0.30057 14907.3
0.30058 14907.3
0.30059 14907.3
0.30060 14907.3
0.30061 14907.3
0.30062 14907.3
0.30063 14907.3
0.30064 14907.3
0.30065 14907.3
0.30066 14907.3
0.30067 14907.3
0.30068 14907.3
0.30069 14907.3
0.30070 14907.3
0.30071 14907.3
0.30072 14907.3
0.30073 14907.3
0.30074 14907.3
0.30075 14907.3
0.30076 14907.3
0.30077 14907.3
0.30078 14907.3
0.30079 14907.3
0.30080 14907.3
0.30081 14907.3
0.30082 14907.3
0.30083 14907.3
0.30084 14907.3
0.30085 14907.3
0.30086 14907.3
0.30087 14907.3
0.30088 14907.3
0.30089 14907.3
0.30090 14907.3
0.30091 14907.3
0.30092 14907.3
0.30093 14907.3
0.30094 14907.3
0.30095 14907.3
0.30096 14907.3
0.30097 14907.3
0.30098 14907.3
0.30099 14907.3
0.30100 14907.3
0.30101 14907.3
0.30102 14907.3
0.30103 14907.3
0.30104 14907.3
0.30105 14907.3
0.30106 14907.3
0.30107 14907.3
0.30108 14907.3
0.30109 14907.3
0.30110 14907.3
0.30111 14907.3
0.30112 14907.3
0.30113 14907.3
0.30114 14907.3
0.30115 14907.3
0.30116 14907.3
0.30117 14907.3
0.30118 14907.3
0.30119 14907.3
0.30120 14907.3
0.30121 14907.3
0.30122 14907.3
0.30123 14907.3
0.30124 14907.3
0.30125 14907.3
0.30126 14907.3
0.30127 14907.3
0.30128 14907.3
0.30129 14907.3
0.30130 14907.3
0.30131 14907.3
0.30132 14907.3
0.30133 14907.3
0.30134 14907.3
0.30135 14907.3
0.30136 14907.3
0.30137 14907.3
0.30138 14907.3
0.30139 14907.3
0.30140 14907.3
0.30141 14907.3
0.30142 14907.3
0.30143 14907.3
0.30144 14907.3
0.30145 14907.3
0.30146 14907.3
0.30147 14907.3
0.30148 14907.3
0.30149 14907.3
0.30150 14907.3
0.30151 14907.3
0.30152 14907.3
0.30153 14907.3
0.30154 14907.3
0.30155 14907.3
0.30156 14907.3
0.30157 14907.3
0.30158 14907.3
0.30159 14907.3
0.30160 14907.3
0.30161 14907.3
0.30162 14907.3
0.30163 14907.3
0.30164 14907.3
0.30165 14907.3
0.30166 14907.3
0.30167 14907.3
0.30168 14907.3
0.30169 14907.3
0.30170 14907.3
0.30171 14907.3
0.30172 14907.3
0.30173 14907.3
0.30174 14907.3
0.30175 14907.3
0.30176 14907.3
0.30177 14907.3
0.30178 14907.3
0.30179 14907.3
0.30180 14907.3
0.30181 14907.3
0.30182 14907.3
0.30183 14907.3
0.30184 14907.3
0.30185 14907.3
0.30186 14907.3
0.30187 14907.3
0.30188 14907.3
0.30189 14907.3
0.30190 14907.3
0.30191 14907.3
0.30192 14907.3
0.30193 14907.3
0.30194 14907.3
0.30195 14907.3
0.30196 14907.3
0.30197 14907.3
0.30198 14907.3
0.30199 14907.3
0.30200 14907.3
0.30201 14907.3
0.30202 14907.3
0.30203 14907.3
0.30204 14907.3
0.30205 14907.3
0.30206 14907.3
0.30207 14907.3
0.30208 14907.3
0.30209 14907.3
0.30210 14907.3
0.30211 14907.3
0.30212 14907.3
0.30213 14907.3
0.30214 14907.3
0.30215 14907.3
0.30216 14907.3
0.30217 14907.3
0.30218 14907.3
0.30219 14907.3
0.30220 14907.3
0.30221 14907.3
0.30222 14907.3
0.30223 14907.3
0.30224 14907.3
0.30225 14907.3
0.30226 14907.3
0.30227 14907.3
0.30228 14907.3
0.30229 14907.3
0.30230 14907.3
0.30231 14907.3
0.30232 14907.3
0.30233 14907.3
0.30234 14907.3
0.30235 14907.3
0.30236 14907.3
0.30237 14907.3
0.30238 14907.3
0.30239 14907.3
0.30240 14907.3
0.30241 14907.3
0.30242 14907.3
0.30243 14907.3
0.30244 14907.3
0.30245 14907.3
0.30246 14907.3
0.30247 14907.3
0.30248 14907.3
0.30249 14907.3
0.30250 14907.3
0.30251 14907.3
0.30252 14907.3
0.30253 14907.3
0.30254 14907.3
0.30255 14907.3
0.30256 14907.3
0.30257 14907.3
0.30258 14907.3
0.30259 14907.3
0.30260 14907.3
0.30261 14907.3
0.30262 14907.3
0.30263 14907.3
0.30264 14907.3
0.30265 14907.3
0.30266 14907.3
0.30267 14907.3
0.30268 14907.3
0.30269 14907.3
0.30270 14907.3
0.30271 14907.3
0.30272 14907.3
0.30273 14907.3
0.30274 14907.3
0.30275 14907.3
0.30276 14907.3
0.30277 14907.3
0.30278 14907.3
0.30279 14907.3
0.30280 14907.3
0.30281 14907.3
0.30282 14907.3
0.30283 14907.3
0.30284 14907.3
0.30285 14907.3
0.30286 14907.3
0.30287 14907.3
0.30288 14907.3
0.30289 14907.3
0.30290 14907.3
0.30291 14907.3
0.30292 14907.3
0.30293 14907.3
0.30294 14907.3
0.30295 14907.3
0.30296 14907.3
0.30297 14907.3
0.30298 14907.3
0.30299 14907.3
0.30300 14907.3
0.30301 14907.3
0.30302 14907.3
0.30303 14907.3
0.30304 14907.3
0.30305 14907.3
0.30306 14907.3
0.30307 14907.3
0.30308 14907.3
0.30309 14907.3
0.30310 14907.3
0.30311 14907.3
0.30312 14907.3
0.30313 14907.3
0.30314 14907.3
0.30315 14907.3
0.30316 14907.3
0.30317 14907.3
0.30318 14907.3
0.30319 14907.3
0.30320 14907.3
0.30321 14907.3
0.30322 14907.3
0.30323 14907.3
0.30324 14907.3
0.30325 14907.3
0.30326 14907.3
0.30327 14907.3
0.30328 14907.3
0.30329 14907.3
0.30330 14907.3
0.30331 14907.3
0.30332 14907.3
0.30333 14907.3
0.30334 14907.3
0.30335 14907.3
0.30336 14907.3
0.30337 14907.3
0.30338 14907.3
0.30339 14907.3
0.30340 14907.3
0.30341 14907.3
0.30342 14907.3
0.30343 14907.3
0.30344 14907.3
0.30345 14907.3
0.30346 14907.3
0.30347 14907.3
0.30348 14907.3
0.30349 14907.3
0.30350 14907.3
0.30351 14907.3
0.30352 14907.3
0.30353 14907.3
0.30354 14907.3
0.30355 14907.3
0.30356 14907.3
0.30357 14907.3
0.30358 14907.3
0.30359 14907.3
0.30360 14907.3
0.30361 14907.3
0.30362 14907.3
0.30363 14907.3
0.30364 14907.3
0.30365 14907.3
0.30366 14907.3
0.30367 14907.3
0.30368 14907.3
0.30369 14907.3
0.30370 14907.3
0.30371 14907.3
0.30372 14907.3
0.30373 14907.3
0.30374 14907.3
0.30375 14907.3
0.30376 14907.3
0.30377 14907.3
0.30378 14907.3
0.30379 14907.3
0.30380 14907.3
0.30381 14907.3
0.30382 14907.3
0.30383 14907.3
0.30384 14907.3
0.30385 14907.3
0.30386 14907.3
0.30387 14907.3
0.30388 14907.3
0.30389 14907.3
0.30390 14907.3
0.30391 14907.3
0.30392 14907.3
0.30393 14907.3
0.30394 14907.3
0.30395 14907.3
0.30396 14907.3
0.30397 14907.3
0.30398 14907.3
0.30399 14907.3
0.30400 14907.3
0.30401 14907.3
0.30402 14907.3
0.30403 14907.3
0.30404 14907.3
0.30405 14907.3
0.30406 14907.3
0.30407 14907.3
0.30408 14907.3
0.30409 14907.3
0.30410 14907.3
0.30411 14907.3
0.30412 14907.3
0.30413 14907.3
0.30414 14907.3
0.30415 14907.3
0.30416 14907.3
0.30417 14907.3
0.30418 14907.3
0.30419 14907.3
0.30420 14907.3
0.30421 14907.3
0.30422 14907.3
0.30423 14907.3
0.30424 14907.3
0.30425 14907.3
0.30426 14907.3
0.30427 14907.3
0.30428 14907.3
0.30429 14907.3
0.30430 14907.3
0.30431 14907.3
0.30432 14907.3
0.30433 14907.3
0.30434 14907.3
0.30435 14907.3
0.30436 14907.3
0.30437 14907.3
0.30438 14907.3
0.30439 14907.3
0.30440 14907.3
0.30441 14907.3
0.30442 14907.3
0.30443 14907.3
0.30444 14907.3
0.30445 14907.3
0.30446 14907.3
0.30447 14907.3
0.30448 14907.3
0.30449 14907.3
0.30450 14907.3
0.30451 14907.3
0.30452 14907.3
0.30453 14907.3
0.30454 14907.3
0.30455 14907.3
0.30456 14907.3
0.30457 14907.3
0.30458 14907.3
0.30459 14907.3
0.30460 14907.3
0.30461 14907.3
0.30462 14907.3
0.30463 14907.3
0.30464 14907.3
0.30465 14907.3
0.30466 14907.3
0.30467 14907.3
0.30468 14907.3
0.30469 14907.3
0.30470 14907.3
0.30471 14907.3
0.30472 14907.3
0.30473 14907.3
0.30474 14907.3
0.30475 14907.3
0.30476 14907.3
0.30477 14907.3
0.30478 14907.3
0.30479 14907.3
0.30480 14907.3
0.30481 14907.3
0.30482 14907.3
0.30483 14907.3
0.30484 14907.3
0.30485 14907.3
0.30486 14907.3
0.30487 14907.3
0.30488 14907.3
0.30489 14907.3
0.30490 14907.3
0.30491 14907.3
0.30492 14907.3
0.30493 14907.3
0.30494 14907.3
0.30495 14907.3
0.30496 14907.3
0.30497 14907.3
0.30498 14907.3
0.30499 14907.3
0.30500 14907.3
0.30501 14907.3
0.30502 14907.3
0.30503 14907.3
0.30504 14907.3
0.30505 14907.3
0.30506 14907.3
0.30507 14907.3
0.30508 14907.3
0.30509 14907.3
0.30510 14907.3
0.30511 14907.3
0.30512 14907.3
0.30513 14907.3
0.30514 14907.3
0.30515 14907.3
0.30516 14907.3
0.30517 14907.3
0.30518 14907.3
0.30519 14907.3
0.30520 14907.3
0.30521 14907.3
0.30522 14907.3
0.30523 14907.3
0.30524 14907.3
0.30525 14907.3
0.30526 14907.3
0.30527 14907.3
0.30528 14907.3
0.30529 14907.3
0.30530 14907.3
0.30531 14907.3
0.30532 14907.3
0.30533 14907.3
0.30534 14907.3
0.30535 14907.3
0.30536 14907.3
0.30537 14907.3
0.30538 14907.3
0.30539 14907.3
0.30540 14907.3
0.30541 14907.3
0.30542 14907.3
0.30543 14907.3
0.30544 14907.3
0.30545 14907.3
0.30546 14907.3
0.30547 14907.3
0.30548 14907.3
0.30549 14907.3
0.30550 14907.3
0.30551 14907.3
0.30552 14907.3
0.30553 14907.3
0.30554 14907.3
0.30555 14907.3
0.30556 14907.3
0.30557 14907.3
0.30558 14907.3
0.30559 14907.3
0.30560 14907.3
0.30561 14907.3
0.30562 14907.3
0.30563 14907.3
0.30564 14907.3
0.30565 14907.3
0.30566 14907.3
0.30567 14907.3
0.30568 14907.3
0.30569 14907.3
0.30570 14907.3
0.30571 14907.3
0.30572 14907.3
0.30573 14907.3
0.30574 14907.3
0.30575 14907.3
0.30576 14907.3
0.30577 14907.3
0.30578 14907.3
0.30579 14907.3
0.30580 14907.3
0.30581 14907.3
0.30582 14907.3
0.30583 14907.3
0.30584 14907.3
0.30585 14907.3
0.30586 14907.3
0.30587 14907.3
0.30588 14907.3
0.30589 14907.3
0.30590 14907.3
0.30591 14907.3
0.30592 14907.3
0.30593 14907.3
0.30594 14907.3
0.30595 14907.3
0.30596 14907.3
0.30597 14907.3
0.30598 14907.3
0.30599 14907.3
0.30600 14907.3
0.30601 14907.3
0.30602 14907.3
0.30603 14907.3
0.30604 14907.3
0.30605 14907.3
0.30606 14907.3
0.30607 14907.3
0.30608 14907.3
0.30609 14907.3
0.30610 14907.3
0.30611 14907.3
0.30612 14907.3
0.30613 14907.3
0.30614 14907.3
0.30615 14907.3
0.30616 14907.3
0.30617 14907.3
0.30618 14907.3
0.30619 14907.3
0.30620 14907.3
0.30621 14907.3
0.30622 14907.3
0.30623 14907.3
0.30624 14907.3
0.30625 14907.3
0.30626 14907.3
0.30627 14907.3
0.30628 14907.3
0.30629 14907.3
0.30630 14907.3
0.30631 14907.3
0.30632 14907.3
0.30633 14907.3
0.30634 14907.3
0.30635 14907.3
0.30636 14907.3
0.30637 14907.3
0.30638 14907.3
0.30639 14907.3
0.30640 14907.3
0.30641 14907.3
0.30642 14907.3
0.30643 14907.3
0.30644 14907.3
0.30645 14907.3
0.30646 14907.3
0.30647 14907.3
0.30648 14907.3
0.30649 14907.3
0.30650 14907.3
0.30651 14907.3
0.30652 14907.3
0.30653 14907.3
0.30654 14907.3
0.30655 14907.3
0.30656 14907.3
0.30657 14907.3
0.30658 14907.3
0.30659 14907.3
0.30660 14907.3
0.30661 14907.3
0.30662 14907.3
0.30663 14907.3
0.30664 14907.3
0.30665 14907.3
0.30666 14907.3
0.30667 14907.3
0.30668 14907.3
0.30669 14907.3
0.30670 14907.3
0.30671 14907.3
0.30672 14907.3
0.30673 14907.3
0.30674 14907.3
0.30675 14907.3
0.30676 14907.3
0.30677 14907.3
0.30678 14907.3
0.30679 14907.3
0.30680 14907.3
0.30681 14907.3
0.30682 14907.3
0.30683 14907.3
0.30684 14907.3
0.30685 14907.3
0.30686 14907.3
0.30687 14907.3
0.30688 14907.3
0.30689 14907.3
0.30690 14907.3
0.30691 14907.3
0.30692 14907.3
0.30693 14907.3
0.30694 14907.3
0.30695 14907.3
0.30696 14907.3
0.30697 14907.3
0.30698 14907.3
0.30699 14907.3
0.30700 14907.3
0.30701 14907.3
0.30702 14907.3
0.30703 14907.3
0.30704 14907.3
0.30705 14907.3
0.30706 14907.3
0.30707 14907.3
0.30708 14907.3
0.30709 14907.3
0.30710 14907.3
0.30711 14907.3
0.30712 14907.3
0.30713 14907.3
0.30714 14907.3
0.30715 14907.3
0.30716 14907.3
0.30717 14907.3
0.30718 14907.3
0.30719 14907.3
0.30720 14907.3
0.30721 14907.3
0.30722 14907.3
0.30723 14907.3
0.30724 14907.3
0.30725 14907.3
0.30726 14907.3
0.30727 14907.3
0.30728 14907.3
0.30729 14907.3
0.30730 14907.3
0.30731 14907.3
0.30732 14907.3
0.30733 14907.3
0.30734 14907.3
0.30735 14907.3
0.30736 14907.3
0.30737 14907.3
0.30738 14907.3
0.30739 14907.3
0.30740 14907.3
0.30741 14907.3
0.30742 14907.3
0.30743 14907.3
0.30744 14907.3
0.30745 14907.3
0.30746 14907.3
0.30747 14907.3
0.30748 14907.3
0.30749 14907.3
0.30750 14907.3
0.30751 14907.3
0.30752 14907.3
0.30753 14907.3
0.30754 14907.3
0.30755 14907.3
0.30756 14907.3
0.30757 14907.3
0.30758 14907.3
0.30759 14907.3
0.30760 14907.3
0.30761 14907.3
0.30762 14907.3
0.30763 14907.3
0.30764 14907.3
0.30765 14907.3
0.30766 14907.3
0.30767 14907.3
0.30768 14907.3
0.30769 14907.3
0.30770 14907.3
0.30771 14907.3
0.30772 14907.3
0.30773 14907.3
0.30774 14907.3
0.30775 14907.3
0.30776 14907.3
0.30777 14907.3
0.30778 14907.3
0.30779 14907.3
0.30780 14907.3
0.30781 14907.3
0.30782 14907.3
0.30783 14907.3
0.30784 14907.3
0.30785 14907.3
0.30786 14907.3
0.30787 14907.3
0.30788 14907.3
0.30789 14907.3
0.30790 14907.3
0.30791 14907.3
0.30792 14907.3
0.30793 14907.3
0.30794 14907.3
0.30795 14907.3
0.30796 14907.3
0.30797 14907.3
0.30798 14907.3
0.30799 14907.3
0.30800 14907.3
0.30801 14907.3
0.30802 14907.3
0.30803 14907.3
0.30804 14907.3
0.30805 14907.3
0.30806 14907.3
0.30807 14907.3
0.30808 14907.3
0.30809 14907.3
0.30810 14907.3
0.30811 14907.3
0.30812 14907.3
0.30813 14907.3
0.30814 14907.3
0.30815 14907.3
0.30816 14907.3
0.30817 14907.3
0.30818 14907.3
0.30819 14907.3
0.30820 14907.3
0.30821 14907.3
0.30822 14907.3
0.30823 14907.3
0.30824 14907.3
0.30825 14907.3
0.30826 14907.3
0.30827 14907.3
0.30828 14907.3
0.30829 14907.3
0.30830 14907.3
0.30831 14907.3
0.30832 14907.3
0.30833 14907.3
0.30834 14907.3
0.30835 14907.3
0.30836 14907.3
0.30837 14907.3
0.30838 14907.3
0.30839 14907.3
0.30840 14907.3
0.30841 14907.3
0.30842 14907.3
0.30843 14907.3
0.30844 14907.3
0.30845 14907.3
0.30846 14907.3
0.30847 14907.3
0.30848 14907.3
0.30849 14907.3
0.30850 14907.3
0.30851 14907.3
0.30852 14907.3
0.30853 14907.3
0.30854 14907.3
0.30855 14907.3
0.30856 14907.3
0.30857 14907.3
0.30858 14907.3
0.30859 14907.3
0.30860 14907.3
0.30861 14907.3
0.30862 14907.3
0.30863 14907.3
0.30864 14907.3
0.30865 14907.3
0.30866 14907.3
0.30867 14907.3
0.30868 14907.3
0.30869 14907.3
0.30870 14907.3
0.30871 14907.3
0.30872 14907.3
0.30873 14907.3
0.30874 14907.3
0.30875 14907.3
0.30876 14907.3
0.30877 14907.3
0.30878 14907.3
0.30879 14907.3
0.30880 14907.3
0.30881 14907.3
0.30882 14907.3
0.30883 14907.3
0.30884 14907.3
0.30885 14907.3
0.30886 14907.3
0.30887 14907.3
0.30888 14907.3
0.30889 14907.3
0.30890 14907.3
0.30891 14907.3
0.30892 14907.3
0.30893 14907.3
0.30894 14907.3
0.30895 14907.3
0.30896 14907.3
0.30897 14907.3
0.30898 14907.3
0.30899 14907.3
0.30900 14907.3
0.30901 14907.3
0.30902 14907.3
0.30903 14907.3
0.30904 14907.3
0.30905 14907.3
0.30906 14907.3
0.30907 14907.3
0.30908 14907.3
0.30909 14907.3
0.30910 14907.3
0.30911 14907.3
0.30912 14907.3
0.30913 14907.3
0.30914 14907.3
0.30915 14907.3
0.30916 14907.3
0.30917 14907.3
0.30918 14907.3
0.30919 14907.3
0.30920 14907.3
0.30921 14907.3
0.30922 14907.3
0.30923 14907.3
0.30924 14907.3
0.30925 14907.3
0.30926 14907.3
0.30927 14907.3
0.30928 14907.3
0.30929 14907.3
0.30930 14907.3
0.30931 14907.3
0.30932 14907.3
0.30933 14907.3
0.30934 14907.3
0.30935 14907.3
0.30936 14907.3
0.30937 14907.3
0.30938 14907.3
0.30939 14907.3
0.30940 14907.3
0.30941 14907.3
0.30942 14907.3
0.30943 14907.3
0.30944 14907.3
0.30945 14907.3
0.30946 14907.3
0.30947 14907.3
0.30948 14907.3
0.30949 14907.3
0.30950 14907.3
0.30951 14907.3
0.30952 14907.3
0.30953 14907.3
0.30954 14907.3
0.30955 14907.3
0.30956 14907.3
0.30957 14907.3
0.30958 14907.3
0.30959 14907.3
0.30960 14907.3
0.30961 14907.3
0.30962 14907.3
0.30963 14907.3
0.30964 14907.3
0.30965 14907.3
0.30966 14907.3
0.30967 14907.3
0.30968 14907.3
0.30969 14907.3
0.30970 14907.3
0.30971 14907.3
0.30972 14907.3
0.30973 14907.3
0.30974 14907.3
0.30975 14907.3
0.30976 14907.3
0.30977 14907.3
0.30978 14907.3
0.30979 14907.3
0.30980 14907.3
0.30981 14907.3
0.30982 14907.3
0.30983 14907.3
0.30984 14907.3
0.30985 14907.3
0.30986 14907.3
0.30987 14907.3
0.30988 14907.3
0.30989 14907.3
0.30990 14907.3
0.30991 14907.3
0.30992 14907.3
0.30993 14907.3
0.30994 14907.3
0.30995 14907.3
0.30996 14907.3
0.30997 14907.3
0.30998 14907.3
0.30999 14907.3
0.31000 14907.3
0.31001 14907.3
0.31002 14907.3
0.31003 14907.3
0.31004 14907.3
0.31005 14907.3
0.31006 14907.3
0.31007 14907.3
0.31008 14907.3
0.31009 14907.3
0.31010 14907.3
0.31011 14907.3
0.31012 14907.3
0.31013 14907.3
0.31014 14907.3
0.31015 14907.3
0.31016 14907.3
0.31017 14907.3
0.31018 14907.3
0.31019 14907.3
0.31020 14907.3
0.31021 14907.3
0.31022 14907.3
0.31023 14907.3
0.31024 14907.3
0.31025 14907.3
0.31026 14907.3
0.31027 14907.3
0.31028 14907.3
0.31029 14907.3
0.31030 14907.3
0.31031 14907.3
0.31032 14907.3
0.31033 14907.3
0.31034 14907.3
0.31035 14907.3
0.31036 14907.3
0.31037 14907.3
0.31038 14907.3
0.31039 14907.3
0.31040 14907.3
0.31041 14907.3
0.31042 14907.3
0.31043 14907.3
0.31044 14907.3
0.31045 14907.3
0.31046 14907.3
0.31047 14907.3
0.31048 14907.3
0.31049 14907.3
0.31050 14907.3
0.31051 14907.3
0.31052 14907.3
0.31053 14907.3
0.31054 14907.3
0.31055 14907.3
0.31056 14907.3
0.31057 14907.3
0.31058 14907.3
0.31059 14907.3
0.31060 14907.3
0.31061 14907.3
0.31062 14907.3
0.31063 14907.3
0.31064 14907.3
0.31065 14907.3
0.31066 14907.3
0.31067 14907.3
0.31068 14907.3
0.31069 14907.3
0.31070 14907.3
0.31071 14907.3
0.31072 14907.3
0.31073 14907.3
0.31074 14907.3
0.31075 14907.3
0.31076 14907.3
0.31077 14907.3
0.31078 14907.3
0.31079 14907.3
0.31080 14907.3
0.31081 14907.3
0.31082 14907.3
0.31083 14907.3
0.31084 14907.3
0.31085 14907.3
0.31086 14907.3
0.31087 14907.3
0.31088 14907.3
0.31089 14907.3
0.31090 14907.3
0.31091 14907.3
0.31092 14907.3
0.31093 14907.3
0.31094 14907.3
0.31095 14907.3
0.31096 14907.3
0.31097 14907.3
0.31098 14907.3
0.31099 14907.3
0.31100 14907.3
0.31101 14907.3
0.31102 14907.3
0.31103 14907.3
0.31104 14907.3
0.31105 14907.3
0.31106 14907.3
0.31107 14907.3
0.31108 14907.3
0.31109 14907.3
0.31110 14907.3
0.31111 14907.3
0.31112 14907.3
0.31113 14907.3
0.31114 14907.3
0.31115 14907.3
0.31116 14907.3
0.31117 14907.3
0.31118 14907.3
0.31119 14907.3
0.31120 14907.3
0.31121 14907.3
0.31122 14907.3
0.31123 14907.3
0.31124 14907.3
0.31125 14907.3
0.31126 14907.3
0.31127 14907.3
0.31128 14907.3
0.31129 14907.3
0.31130 14907.3
0.31131 14907.3
0.31132 14907.3
0.31133 14907.3
0.31134 14907.3
0.31135 14907.3
0.31136 14907.3
0.31137 14907.3
0.31138 14907.3
0.31139 14907.3
0.31140 14907.3
0.31141 14907.3
0.31142 14907.3
0.31143 14907.3
0.31144 14907.3
0.31145 14907.3
0.31146 14907.3
0.31147 14907.3
0.31148 14907.3
0.31149 14907.3
0.31150 14907.3
0.31151 14907.3
0.31152 14907.3
0.31153 14907.3
0.31154 14907.3
0.31155 14907.3
0.31156 14907.3
0.31157 14907.3
0.31158 14907.3
0.31159 14907.3
0.31160 14907.3
0.31161 14907.3
0.31162 14907.3
0.31163 14907.3
0.31164 14907.3
0.31165 14907.3
0.31166 14907.3
0.31167 14907.3
0.31168 14907.3
0.31169 14907.3
0.31170 14907.3
0.31171 14907.3
0.31172 14907.3
0.31173 14907.3
0.31174 14907.3
0.31175 14907.3
0.31176 14907.3
0.31177 14907.3
0.31178 14907.3
0.31179 14907.3
0.31180 14907.3
0.31181 14907.3
0.31182 14907.3
0.31183 14907.3
0.31184 14907.3
0.31185 14907.3
0.31186 14907.3
0.31187 14907.3
0.31188 14907.3
0.31189 14907.3
0.31190 14907.3
0.31191 14907.3
0.31192 14907.3
0.31193 14907.3
0.31194 14907.3
0.31195 14907.3
0.31196 14907.3
0.31197 14907.3
0.31198 14907.3
0.31199 14907.3
0.31200 14907.3
0.31201 14907.3
0.31202 14907.3
0.31203 14907.3
0.31204 14907.3
0.31205 14907.3
0.31206 14907.3
0.31207 14907.3
0.31208 14907.3
0.31209 14907.3
0.31210 14907.3
0.31211 14907.3
0.31212 14907.3
0.31213 14907.3
0.31214 14907.3
0.31215 14907.3
0.31216 14907.3
0.31217 14907.3
0.31218 14907.3
0.31219 14907.3
0.31220 14907.3
0.31221 14907.3
0.31222 14907.3
0.31223 14907.3
0.31224 14907.3
0.31225 14907.3
0.31226 14907.3
0.31227 14907.3
0.31228 14907.3
0.31229 14907.3
0.31230 14907.3
0.31231 14907.3
0.31232 14907.3
0.31233 14907.3
0.31234 14907.3
0.31235 14907.3
0.31236 14907.3
0.31237 14907.3
0.31238 14907.3
0.31239 14907.3
0.31240 14907.3
0.31241 14907.3
0.31242 14907.3
0.31243 14907.3
0.31244 14907.3
0.31245 14907.3
0.31246 14907.3
0.31247 14907.3
0.31248 14907.3
0.31249 14907.3
0.31250 14907.3
0.31251 14907.3
0.31252 14907.3
0.31253 14907.3
0.31254 14907.3
0.31255 14907.3
0.31256 14907.3
0.31257 14907.3
0.31258 14907.3
0.31259 14907.3
0.31260 14907.3
0.31261 14907.3
0.31262 14907.3
0.31263 14907.3
0.31264 14907.3
0.31265 14907.3
0.31266 14907.3
0.31267 14907.3
0.31268 14907.3
0.31269 14907.3
0.31270 14907.3
0.31271 14907.3
0.31272 14907.3
0.31273 14907.3
0.31274 14907.3
0.31275 14907.3
0.31276 14907.3
0.31277 14907.3
0.31278 14907.3
0.31279 14907.3
0.31280 14907.3
0.31281 14907.3
0.31282 14907.3
0.31283 14907.3
0.31284 14907.3
0.31285 14907.3
0.31286 14907.3
0.31287 14907.3
0.31288 14907.3
0.31289 14907.3
0.31290 14907.3
0.31291 14907.3
0.31292 14907.3
0.31293 14907.3
0.31294 14907.3
0.31295 14907.3
0.31296 14907.3
0.31297 14907.3
0.31298 14907.3
0.31299 14907.3
0.31300 14907.3
0.31301 14907.3
0.31302 14907.3
0.31303 14907.3
0.31304 14907.3
0.31305 14907.3
0.31306 14907.3
0.31307 14907.3
0.31308 14907.3
0.31309 14907.3
0.31310 14907.3
0.31311 14907.3
0.31312 14907.3
0.31313 14907.3
0.31314 14907.3
0.31315 14907.3
0.31316 14907.3
0.31317 14907.3
0.31318 14907.3
0.31319 14907.3
0.31320 14907.3
0.31321 14907.3
0.31322 14907.3
0.31323 14907.3
0.31324 14907.3
0.31325 14907.3
0.31326 14907.3
0.31327 14907.3
0.31328 14907.3
0.31329 14907.3
0.31330 14907.3
0.31331 14907.3
0.31332 14907.3
0.31333 14907.3
0.31334 14907.3
0.31335 14907.3
0.31336 14907.3
0.31337 14907.3
0.31338 14907.3
0.31339 14907.3
0.31340 14907.3
0.31341 14907.3
0.31342 14907.3
0.31343 14907.3
0.31344 14907.3
0.31345 14907.3
0.31346 14907.3
0.31347 14907.3
0.31348 14907.3
0.31349 14907.3
0.31350 14907.3
0.31351 14907.3
0.31352 14907.3
0.31353 14907.3
0.31354 14907.3
0.31355 14907.3
0.31356 14907.3
0.31357 14907.3
0.31358 14907.3
0.31359 14907.3
0.31360 14907.3
0.31361 14907.3
0.31362 14907.3
0.31363 14907.3
0.31364 14907.3
0.31365 14907.3
0.31366 14907.3
0.31367 14907.3
0.31368 14907.3
0.31369 14907.3
0.31370 14907.3
0.31371 14907.3
0.31372 14907.3
0.31373 14907.3
0.31374 14907.3
0.31375 14907.3
0.31376 14907.3
0.31377 14907.3
0.31378 14907.3
0.31379 14907.3
0.31380 14907.3
0.31381 14907.3
0.31382 14907.3
0.31383 14907.3
0.31384 14907.3
0.31385 14907.3
0.31386 14907.3
0.31387 14907.3
0.31388 14907.3
0.31389 14907.3
0.31390 14907.3
0.31391 14907.3
0.31392 14907.3
0.31393 14907.3
0.31394 14907.3
0.31395 14907.3
0.31396 14907.3
0.31397 14907.3
0.31398 14907.3
0.31399 14907.3
0.31400 14907.3
0.31401 14907.3
0.31402 14907.3
0.31403 14907.3
0.31404 14907.3
0.31405 14907.3
0.31406 14907.3
0.31407 14907.3
0.31408 14907.3
0.31409 14907.3
0.31410 14907.3
0.31411 14907.3
0.31412 14907.3
0.31413 14907.3
0.31414 14907.3
0.31415 14907.3
0.31416 14907.3
0.31417 14907.3
0.31418 14907.3
0.31419 14907.3
0.31420 14907.3
0.31421 14907.3
0.31422 14907.3
0.31423 14907.3
0.31424 14907.3
0.31425 14907.3
0.31426 14907.3
0.31427 14907.3
0.31428 14907.3
0.31429 14907.3
0.31430 14907.3
0.31431 14907.3
0.31432 14907.3
0.31433 14907.3
0.31434 14907.3
0.31435 14907.3
0.31436 14907.3
0.31437 14907.3
0.31438 14907.3
0.31439 14907.3
0.31440 14907.3
0.31441 14907.3
0.31442 14907.3
0.31443 14907.3
0.31444 14907.3
0.31445 14907.3
0.31446 14907.3
0.31447 14907.3
0.31448 14907.3
0.31449 14907.3
0.31450 14907.3
0.31451 14907.3
0.31452 14907.3
0.31453 14907.3
0.31454 14907.3
0.31455 14907.3
0.31456 14907.3
0.31457 14907.3
0.31458 14907.3
0.31459 14907.3
0.31460 14907.3
0.31461 14907.3
0.31462 14907.3
0.31463 14907.3
0.31464 14907.3
0.31465 14907.3
0.31466 14907.3
0.31467 14907.3
0.31468 14907.3
0.31469 14907.3
0.31470 14907.3
0.31471 14907.3
0.31472 14907.3
0.31473 14907.3
0.31474 14907.3
0.31475 14907.3
0.31476 14907.3
0.31477 14907.3
0.31478 14907.3
0.31479 14907.3
0.31480 14907.3
0.31481 14907.3
0.31482 14907.3
0.31483 14907.3
0.31484 14907.3
0.31485 14907.3
0.31486 14907.3
0.31487 14907.3
0.31488 14907.3
0.31489 14907.3
0.31490 14907.3
0.31491 14907.3
0.31492 14907.3
0.31493 14907.3
0.31494 14907.3
0.31495 14907.3
0.31496 14907.3
0.31497 14907.3
0.31498 14907.3
0.31499 14907.3
0.31500 14907.3
0.31501 14907.3
0.31502 14907.3
0.31503 14907.3
0.31504 14907.3
0.31505 14907.3
0.31506 14907.3
0.31507 14907.3
0.31508 14907.3
0.31509 14907.3
0.31510 14907.3
0.31511 14907.3
0.31512 14907.3
0.31513 14907.3
0.31514 14907.3
0.31515 14907.3
0.31516 14907.3
0.31517 14907.3
0.31518 14907.3
0.31519 14907.3
0.31520 14907.3
0.31521 14907.3
0.31522 14907.3
0.31523 14907.3
0.31524 14907.3
0.31525 14907.3
0.31526 14907.3
0.31527 14907.3
0.31528 14907.3
0.31529 14907.3
0.31530 14907.3
0.31531 14907.3
0.31532 14907.3
0.31533 14907.3
0.31534 14907.3
0.31535 14907.3
0.31536 14907.3
0.31537 14907.3
0.31538 14907.3
0.31539 14907.3
0.31540 14907.3
0.31541 14907.3
0.31542 14907.3
0.31543 14907.3
0.31544 14907.3
0.31545 14907.3
0.31546 14907.3
0.31547 14907.3
0.31548 14907.3
0.31549 14907.3
0.31550 14907.3
0.31551 14907.3
0.31552 14907.3
0.31553 14907.3
0.31554 14907.3
0.31555 14907.3
0.31556 14907.3
0.31557 14907.3
0.31558 14907.3
0.31559 14907.3
0.31560 14907.3
0.31561 14907.3
0.31562 14907.3
0.31563 14907.3
0.31564 14907.3
0.31565 14907.3
0.31566 14907.3
0.31567 14907.3
0.31568 14907.3
0.31569 14907.3
0.31570 14907.3
0.31571 14907.3
0.31572 14907.3
0.31573 14907.3
0.31574 14907.3
0.31575 14907.3
0.31576 14907.3
0.31577 14907.3
0.31578 14907.3
0.31579 14907.3
0.31580 14907.3
0.31581 14907.3
0.31582 14907.3
0.31583 14907.3
0.31584 14907.3
0.31585 14907.3
0.31586 14907.3
0.31587 14907.3
0.31588 14907.3
0.31589 14907.3
0.31590 14907.3
0.31591 14907.3
0.31592 14907.3
0.31593 14907.3
0.31594 14907.3
0.31595 14907.3
0.31596 14907.3
0.31597 14907.3
0.31598 14907.3
0.31599 14907.3
0.31600 14907.3
0.31601 14907.3
0.31602 14907.3
0.31603 14907.3
0.31604 14907.3
0.31605 14907.3
0.31606 14907.3
0.31607 14907.3
0.31608 14907.3
0.31609 14907.3
0.31610 14907.3
0.31611 14907.3
0.31612 14907.3
0.31613 14907.3
0.31614 14907.3
0.31615 14907.3
0.31616 14907.3
0.31617 14907.3
0.31618 14907.3
0.31619 14907.3
0.31620 14907.3
0.31621 14907.3
0.31622 14907.3
0.31623 14907.3
0.31624 14907.3
0.31625 14907.3
0.31626 14907.3
0.31627 14907.3
0.31628 14907.3
0.31629 14907.3
0.31630 14907.3
0.31631 14907.3
0.31632 14907.3
0.31633 14907.3
0.31634 14907.3
0.31635 14907.3
0.31636 14907.3
0.31637 14907.3
0.31638 14907.3
0.31639 14907.3
0.31640 14907.3
0.31641 14907.3
0.31642 14907.3
0.31643 14907.3
0.31644 14907.3
0.31645 14907.3
0.31646 14907.3
0.31647 14907.3
0.31648 14907.3
0.31649 14907.3
0.31650 14907.3
0.31651 14907.3
0.31652 14907.3
0.31653 14907.3
0.31654 14907.3
0.31655 14907.3
0.31656 14907.3
0.31657 14907.3
0.31658 14907.3
0.31659 14907.3
0.31660 14907.3
0.31661 14907.3
0.31662 14907.3
0.31663 14907.3
0.31664 14907.3
0.31665 14907.3
0.31666 14907.3
0.31667 14907.3
0.31668 14907.3
0.31669 14907.3
0.31670 14907.3
0.31671 14907.3
0.31672 14907.3
0.31673 14907.3
0.31674 14907.3
0.31675 14907.3
0.31676 14907.3
0.31677 14907.3
0.31678 14907.3
0.31679 14907.3
0.31680 14907.3
0.31681 14907.3
0.31682 14907.3
0.31683 14907.3
0.31684 14907.3
0.31685 14907.3
0.31686 14907.3
0.31687 14907.3
0.31688 14907.3
0.31689 14907.3
0.31690 14907.3
0.31691 14907.3
0.31692 14907.3
0.31693 14907.3
0.31694 14907.3
0.31695 14907.3
0.31696 14907.3
0.31697 14907.3
0.31698 14907.3
0.31699 14907.3
0.31700 14907.3
0.31701 14907.3
0.31702 14907.3
0.31703 14907.3
0.31704 14907.3
0.31705 14907.3
0.31706 14907.3
0.31707 14907.3
0.31708 14907.3
0.31709 14907.3
0.31710 14907.3
0.31711 14907.3
0.31712 14907.3
0.31713 14907.3
0.31714 14907.3
0.31715 14907.3
0.31716 14907.3
0.31717 14907.3
0.31718 14907.3
0.31719 14907.3
0.31720 14907.3
0.31721 14907.3
0.31722 14907.3
0.31723 14907.3
0.31724 14907.3
0.31725 14907.3
0.31726 14907.3
0.31727 14907.3
0.31728 14907.3
0.31729 14907.3
0.31730 14907.3
0.31731 14907.3
0.31732 14907.3
0.31733 14907.3
0.31734 14907.3
0.31735 14907.3
0.31736 14907.3
0.31737 14907.3
0.31738 14907.3
0.31739 14907.3
0.31740 14907.3
0.31741 14907.3
0.31742 14907.3
0.31743 14907.3
0.31744 14907.3
0.31745 14907.3
0.31746 14907.3
0.31747 14907.3
0.31748 14907.3
0.31749 14907.3
0.31750 14907.3
0.31751 14907.3
0.31752 14907.3
0.31753 14907.3
0.31754 14907.3
0.31755 14907.3
0.31756 14907.3
0.31757 14907.3
0.31758 14907.3
0.31759 14907.3
0.31760 14907.3
0.31761 14907.3
0.31762 14907.3
0.31763 14907.3
0.31764 14907.3
0.31765 14907.3
0.31766 14907.3
0.31767 14907.3
0.31768 14907.3
0.31769 14907.3
0.31770 14907.3
0.31771 14907.3
0.31772 14907.3
0.31773 14907.3
0.31774 14907.3
0.31775 14907.3
0.31776 14907.3
0.31777 14907.3
0.31778 14907.3
0.31779 14907.3
0.31780 14907.3
0.31781 14907.3
0.31782 14907.3
0.31783 14907.3
0.31784 14907.3
0.31785 14907.3
0.31786 14907.3
0.31787 14907.3
0.31788 14907.3
0.31789 14907.3
0.31790 14907.3
0.31791 14907.3
0.31792 14907.3
0.31793 14907.3
0.31794 14907.3
0.31795 14907.3
0.31796 14907.3
0.31797 14907.3
0.31798 14907.3
0.31799 14907.3
0.31800 14907.3
0.31801 14907.3
0.31802 14907.3
0.31803 14907.3
0.31804 14907.3
0.31805 14907.3
0.31806 14907.3
0.31807 14907.3
0.31808 14907.3
0.31809 14907.3
0.31810 14907.3
0.31811 14907.3
0.31812 14907.3
0.31813 14907.3
0.31814 14907.3
0.31815 14907.3
0.31816 14907.3
0.31817 14907.3
0.31818 14907.3
0.31819 14907.3
0.31820 14907.3
0.31821 14907.3
0.31822 14907.3
0.31823 14907.3
0.31824 14907.3
0.31825 14907.3
0.31826 14907.3
0.31827 14907.3
0.31828 14907.3
0.31829 14907.3
0.31830 14907.3
0.31831 14907.3
0.31832 14907.3
0.31833 14907.3
0.31834 14907.3
0.31835 14907.3
0.31836 14907.3
0.31837 14907.3
0.31838 14907.3
0.31839 14907.3
0.31840 14907.3
0.31841 14907.3
0.31842 14907.3
0.31843 14907.3
0.31844 14907.3
0.31845 14907.3
0.31846 14907.3
0.31847 14907.3
0.31848 14907.3
0.31849 14907.3
0.31850 14907.3
0.31851 14907.3
0.31852 14907.3
0.31853 14907.3
0.31854 14907.3
0.31855 14907.3
0.31856 14907.3
0.31857 14907.3
0.31858 14907.3
0.31859 14907.3
0.31860 14907.3
0.31861 14907.3
0.31862 14907.3
0.31863 14907.3
0.31864 14907.3
0.31865 14907.3
0.31866 14907.3
0.31867 14907.3
0.31868 14907.3
0.31869 14907.3
0.31870 14907.3
0.31871 14907.3
0.31872 14907.3
0.31873 14907.3
0.31874 14907.3
0.31875 14907.3
0.31876 14907.3
0.31877 14907.3
0.31878 14907.3
0.31879 14907.3
0.31880 14907.3
0.31881 14907.3
0.31882 14907.3
0.31883 14907.3
0.31884 14907.3
0.31885 14907.3
0.31886 14907.3
0.31887 14907.3
0.31888 14907.3
0.31889 14907.3
0.31890 14907.3
0.31891 14907.3
0.31892 14907.3
0.31893 14907.3
0.31894 14907.3
0.31895 14907.3
0.31896 14907.3
0.31897 14907.3
0.31898 14907.3
0.31899 14907.3
0.31900 14907.3
0.31901 14907.3
0.31902 14907.3
0.31903 14907.3
0.31904 14907.3
0.31905 14907.3
0.31906 14907.3
0.31907 14907.3
0.31908 14907.3
0.31909 14907.3
0.31910 14907.3
0.31911 14907.3
0.31912 14907.3
0.31913 14907.3
0.31914 14907.3
0.31915 14907.3
0.31916 14907.3
0.31917 14907.3
0.31918 14907.3
0.31919 14907.3
0.31920 14907.3
0.31921 14907.3
0.31922 14907.3
0.31923 14907.3
0.31924 14907.3
0.31925 14907.3
0.31926 14907.3
0.31927 14907.3
0.31928 14907.3
0.31929 14907.3
0.31930 14907.3
0.31931 14907.3
0.31932 14907.3
0.31933 14907.3
0.31934 14907.3
0.31935 14907.3
0.31936 14907.3
0.31937 14907.3
0.31938 14907.3
0.31939 14907.3
0.31940 14907.3
0.31941 14907.3
0.31942 14907.3
0.31943 14907.3
0.31944 14907.3
0.31945 14907.3
0.31946 14907.3
0.31947 14907.3
0.31948 14907.3
0.31949 14907.3
0.31950 14907.3
0.31951 14907.3
0.31952 14907.3
0.31953 14907.3
0.31954 14907.3
0.31955 14907.3
0.31956 14907.3
0.31957 14907.3
0.31958 14907.3
0.31959 14907.3
0.31960 14907.3
0.31961 14907.3
0.31962 14907.3
0.31963 14907.3
0.31964 14907.3
0.31965 14907.3
0.31966 14907.3
0.31967 14907.3
0.31968 14907.3
0.31969 14907.3
0.31970 14907.3
0.31971 14907.3
0.31972 14907.3
0.31973 14907.3
0.31974 14907.3
0.31975 14907.3
0.31976 14907.3
0.31977 14907.3
0.31978 14907.3
0.31979 14907.3
0.31980 14907.3
0.31981 14907.3
0.31982 14907.3
0.31983 14907.3
0.31984 14907.3
0.31985 14907.3
0.31986 14907.3
0.31987 14907.3
0.31988 14907.3
0.31989 14907.3
0.31990 14907.3
0.31991 14907.3
0.31992 14907.3
0.31993 14907.3
0.31994 14907.3
0.31995 14907.3
0.31996 14907.3
0.31997 14907.3
0.31998 14907.3
0.31999 14907.3
0.32000 14907.3
0.32001 14907.3
0.32002 14907.3
0.32003 14907.3
0.32004 14907.3
0.32005 14907.3
0.32006 14907.3
0.32007 14907.3
0.32008 14907.3
0.32009 14907.3
0.32010 14907.3
0.32011 14907.3
0.32012 14907.3
0.32013 14907.3
0.32014 14907.3
0.32015 14907.3
0.32016 14907.3
0.32017 14907.3
0.32018 14907.3
0.32019 14907.3
0.32020 14907.3
0.32021 14907.3
0.32022 14907.3
0.32023 14907.3
0.32024 14907.3
0.32025 14907.3
0.32026 14907.3
0.32027 14907.3
0.32028 14907.3
0.32029 14907.3
0.32030 14907.3
0.32031 14907.3
0.32032 14907.3
0.32033 14907.3
0.32034 14907.3
0.32035 14907.3
0.32036 14907.3
0.32037 14907.3
0.32038 14907.3
0.32039 14907.3
0.32040 14907.3
0.32041 14907.3
0.32042 14907.3
0.32043 14907.3
0.32044 14907.3
0.32045 14907.3
0.32046 14907.3
0.32047 14907.3
0.32048 14907.3
0.32049 14907.3
0.32050 14907.3
0.32051 14907.3
0.32052 14907.3
0.32053 14907.3
0.32054 14907.3
0.32055 14907.3
0.32056 14907.3
0.32057 14907.3
0.32058 14907.3
0.32059 14907.3
0.32060 14907.3
0.32061 14907.3
0.32062 14907.3
0.32063 14907.3
0.32064 14907.3
0.32065 14907.3
0.32066 14907.3
0.32067 14907.3
0.32068 14907.3
0.32069 14907.3
0.32070 14907.3
0.32071 14907.3
0.32072 14907.3
0.32073 14907.3
0.32074 14907.3
0.32075 14907.3
0.32076 14907.3
0.32077 14907.3
0.32078 14907.3
0.32079 14907.3
0.32080 14907.3
0.32081 14907.3
0.32082 14907.3
0.32083 14907.3
0.32084 14907.3
0.32085 14907.3
0.32086 14907.3
0.32087 14907.3
0.32088 14907.3
0.32089 14907.3
0.32090 14907.3
0.32091 14907.3
0.32092 14907.3
0.32093 14907.3
0.32094 14907.3
0.32095 14907.3
0.32096 14907.3
0.32097 14907.3
0.32098 14907.3
0.32099 14907.3
0.32100 14907.3
0.32101 14907.3
0.32102 14907.3
0.32103 14907.3
0.32104 14907.3
0.32105 14907.3
0.32106 14907.3
0.32107 14907.3
0.32108 14907.3
0.32109 14907.3
0.32110 14907.3
0.32111 14907.3
0.32112 14907.3
0.32113 14907.3
0.32114 14907.3
0.32115 14907.3
0.32116 14907.3
0.32117 14907.3
0.32118 14907.3
0.32119 14907.3
0.32120 14907.3
0.32121 14907.3
0.32122 14907.3
0.32123 14907.3
0.32124 14907.3
0.32125 14907.3
0.32126 14907.3
0.32127 14907.3
0.32128 14907.3
0.32129 14907.3
0.32130 14907.3
0.32131 14907.3
0.32132 14907.3
0.32133 14907.3
0.32134 14907.3
0.32135 14907.3
0.32136 14907.3
0.32137 14907.3
0.32138 14907.3
0.32139 14907.3
0.32140 14907.3
0.32141 14907.3
0.32142 14907.3
0.32143 14907.3
0.32144 14907.3
0.32145 14907.3
0.32146 14907.3
0.32147 14907.3
0.32148 14907.3
0.32149 14907.3
0.32150 14907.3
0.32151 14907.3
0.32152 14907.3
0.32153 14907.3
0.32154 14907.3
0.32155 14907.3
0.32156 14907.3
0.32157 14907.3
0.32158 14907.3
0.32159 14907.3
0.32160 14907.3
0.32161 14907.3
0.32162 14907.3
0.32163 14907.3
0.32164 14907.3
0.32165 14907.3
0.32166 14907.3
0.32167 14907.3
0.32168 14907.3
0.32169 14907.3
0.32170 14907.3
0.32171 14907.3
0.32172 14907.3
0.32173 14907.3
0.32174 14907.3
0.32175 14907.3
0.32176 14907.3
0.32177 14907.3
0.32178 14907.3
0.32179 14907.3
0.32180 14907.3
0.32181 14907.3
0.32182 14907.3
0.32183 14907.3
0.32184 14907.3
0.32185 14907.3
0.32186 14907.3
0.32187 14907.3
0.32188 14907.3
0.32189 14907.3
0.32190 14907.3
0.32191 14907.3
0.32192 14907.3
0.32193 14907.3
0.32194 14907.3
0.32195 14907.3
0.32196 14907.3
0.32197 14907.3
0.32198 14907.3
0.32199 14907.3
0.32200 14907.3
0.32201 14907.3
0.32202 14907.3
0.32203 14907.3
0.32204 14907.3
0.32205 14907.3
0.32206 14907.3
0.32207 14907.3
0.32208 14907.3
0.32209 14907.3
0.32210 14907.3
0.32211 14907.3
0.32212 14907.3
0.32213 14907.3
0.32214 14907.3
0.32215 14907.3
0.32216 14907.3
0.32217 14907.3
0.32218 14907.3
0.32219 14907.3
0.32220 14907.3
0.32221 14907.3
0.32222 14907.3
0.32223 14907.3
0.32224 14907.3
0.32225 14907.3
0.32226 14907.3
0.32227 14907.3
0.32228 14907.3
0.32229 14907.3
0.32230 14907.3
0.32231 14907.3
0.32232 14907.3
0.32233 14907.3
0.32234 14907.3
0.32235 14907.3
0.32236 14907.3
0.32237 14907.3
0.32238 14907.3
0.32239 14907.3
0.32240 14907.3
0.32241 14907.3
0.32242 14907.3
0.32243 14907.3
0.32244 14907.3
0.32245 14907.3
0.32246 14907.3
0.32247 14907.3
0.32248 14907.3
0.32249 14907.3
0.32250 14907.3
0.32251 14907.3
0.32252 14907.3
0.32253 14907.3
0.32254 14907.3
0.32255 14907.3
0.32256 14907.3
0.32257 14907.3
0.32258 14907.3
0.32259 14907.3
0.32260 14907.3
0.32261 14907.3
0.32262 14907.3
0.32263 14907.3
0.32264 14907.3
0.32265 14907.3
0.32266 14907.3
0.32267 14907.3
0.32268 14907.3
0.32269 14907.3
0.32270 14907.3
0.32271 14907.3
0.32272 14907.3
0.32273 14907.3
0.32274 14907.3
0.32275 14907.3
0.32276 14907.3
0.32277 14907.3
0.32278 14907.3
0.32279 14907.3
0.32280 14907.3
0.32281 14907.3
0.32282 14907.3
0.32283 14907.3
0.32284 14907.3
0.32285 14907.3
0.32286 14907.3
0.32287 14907.3
0.32288 14907.3
0.32289 14907.3
0.32290 14907.3
0.32291 14907.3
0.32292 14907.3
0.32293 14907.3
0.32294 14907.3
0.32295 14907.3
0.32296 14907.3
0.32297 14907.3
0.32298 14907.3
0.32299 14907.3
0.32300 14907.3
0.32301 14907.3
0.32302 14907.3
0.32303 14907.3
0.32304 14907.3
0.32305 14907.3
0.32306 14907.3
0.32307 14907.3
0.32308 14907.3
0.32309 14907.3
0.32310 14907.3
0.32311 14907.3
0.32312 14907.3
0.32313 14907.3
0.32314 14907.3
0.32315 14907.3
0.32316 14907.3
0.32317 14907.3
0.32318 14907.3
0.32319 14907.3
0.32320 14907.3
0.32321 14907.3
0.32322 14907.3
0.32323 14907.3
0.32324 14907.3
0.32325 14907.3
0.32326 14907.3
0.32327 14907.3
0.32328 14907.3
0.32329 14907.3
0.32330 14907.3
0.32331 14907.3
0.32332 14907.3
0.32333 14907.3
0.32334 14907.3
0.32335 14907.3
0.32336 14907.3
0.32337 14907.3
0.32338 14907.3
0.32339 14907.3
0.32340 14907.3
0.32341 14907.3
0.32342 14907.3
0.32343 14907.3
0.32344 14907.3
0.32345 14907.3
0.32346 14907.3
0.32347 14907.3
0.32348 14907.3
0.32349 14907.3
0.32350 14907.3
0.32351 14907.3
0.32352 14907.3
0.32353 14907.3
0.32354 14907.3
0.32355 14907.3
0.32356 14907.3
0.32357 14907.3
0.32358 14907.3
0.32359 14907.3
0.32360 14907.3
0.32361 14907.3
0.32362 14907.3
0.32363 14907.3
0.32364 14907.3
0.32365 14907.3
0.32366 14907.3
0.32367 14907.3
0.32368 14907.3
0.32369 14907.3
0.32370 14907.3
0.32371 14907.3
0.32372 14907.3
0.32373 14907.3
0.32374 14907.3
0.32375 14907.3
0.32376 14907.3
0.32377 14907.3
0.32378 14907.3
0.32379 14907.3
0.32380 14907.3
0.32381 14907.3
0.32382 14907.3
0.32383 14907.3
0.32384 14907.3
0.32385 14907.3
0.32386 14907.3
0.32387 14907.3
0.32388 14907.3
0.32389 14907.3
0.32390 14907.3
0.32391 14907.3
0.32392 14907.3
0.32393 14907.3
0.32394 14907.3
0.32395 14907.3
0.32396 14907.3
0.32397 14907.3
0.32398 14907.3
0.32399 14907.3
0.32400 14907.3
0.32401 14907.3
0.32402 14907.3
0.32403 14907.3
0.32404 14907.3
0.32405 14907.3
0.32406 14907.3
0.32407 14907.3
0.32408 14907.3
0.32409 14907.3
0.32410 14907.3
0.32411 14907.3
0.32412 14907.3
0.32413 14907.3
0.32414 14907.3
0.32415 14907.3
0.32416 14907.3
0.32417 14907.3
0.32418 14907.3
0.32419 14907.3
0.32420 14907.3
0.32421 14907.3
0.32422 14907.3
0.32423 14907.3
0.32424 14907.3
0.32425 14907.3
0.32426 14907.3
0.32427 14907.3
0.32428 14907.3
0.32429 14907.3
0.32430 14907.3
0.32431 14907.3
0.32432 14907.3
0.32433 14907.3
0.32434 14907.3
0.32435 14907.3
0.32436 14907.3
0.32437 14907.3
0.32438 14907.3
0.32439 14907.3
0.32440 14907.3
0.32441 14907.3
0.32442 14907.3
0.32443 14907.3
0.32444 14907.3
0.32445 14907.3
0.32446 14907.3
0.32447 14907.3
0.32448 14907.3
0.32449 14907.3
0.32450 14907.3
0.32451 14907.3
0.32452 14907.3
0.32453 14907.3
0.32454 14907.3
0.32455 14907.3
0.32456 14907.3
0.32457 14907.3
0.32458 14907.3
0.32459 14907.3
0.32460 14907.3
0.32461 14907.3
0.32462 14907.3
0.32463 14907.3
0.32464 14907.3
0.32465 14907.3
0.32466 14907.3
0.32467 14907.3
0.32468 14907.3
0.32469 14907.3
0.32470 14907.3
0.32471 14907.3
0.32472 14907.3
0.32473 14907.3
0.32474 14907.3
0.32475 14907.3
0.32476 14907.3
0.32477 14907.3
0.32478 14907.3
0.32479 14907.3
0.32480 14907.3
0.32481 14907.3
0.32482 14907.3
0.32483 14907.3
0.32484 14907.3
0.32485 14907.3
0.32486 14907.3
0.32487 14907.3
0.32488 14907.3
0.32489 14907.3
0.32490 14907.3
0.32491 14907.3
0.32492 14907.3
0.32493 14907.3
0.32494 14907.3
0.32495 14907.3
0.32496 14907.3
0.32497 14907.3
0.32498 14907.3
0.32499 14907.3
0.32500 14907.3
0.32501 14907.3
0.32502 14907.3
0.32503 14907.3
0.32504 14907.3
0.32505 14907.3
0.32506 14907.3
0.32507 14907.3
0.32508 14907.3
0.32509 14907.3
0.32510 14907.3
0.32511 14907.3
0.32512 14907.3
0.32513 14907.3
0.32514 14907.3
0.32515 14907.3
0.32516 14907.3
0.32517 14907.3
0.32518 14907.3
0.32519 14907.3
0.32520 14907.3
0.32521 14907.3
0.32522 14907.3
0.32523 14907.3
0.32524 14907.3
0.32525 14907.3
0.32526 14907.3
0.32527 14907.3
0.32528 14907.3
0.32529 14907.3
0.32530 14907.3
0.32531 14907.3
0.32532 14907.3
0.32533 14907.3
0.32534 14907.3
0.32535 14907.3
0.32536 14907.3
0.32537 14907.3
0.32538 14907.3
0.32539 14907.3
0.32540 14907.3
0.32541 14907.3
0.32542 14907.3
0.32543 14907.3
0.32544 14907.3
0.32545 14907.3
0.32546 14907.3
0.32547 14907.3
0.32548 14907.3
0.32549 14907.3
0.32550 14907.3
0.32551 14907.3
0.32552 14907.3
0.32553 14907.3
0.32554 14907.3
0.32555 14907.3
0.32556 14907.3
0.32557 14907.3
0.32558 14907.3
0.32559 14907.3
0.32560 14907.3
0.32561 14907.3
0.32562 14907.3
0.32563 14907.3
0.32564 14907.3
0.32565 14907.3
0.32566 14907.3
0.32567 14907.3
0.32568 14907.3
0.32569 14907.3
0.32570 14907.3
0.32571 14907.3
0.32572 14907.3
0.32573 14907.3
0.32574 14907.3
0.32575 14907.3
0.32576 14907.3
0.32577 14907.3
0.32578 14907.3
0.32579 14907.3
0.32580 14907.3
0.32581 14907.3
0.32582 14907.3
0.32583 14907.3
0.32584 14907.3
0.32585 14907.3
0.32586 14907.3
0.32587 14907.3
0.32588 14907.3
0.32589 14907.3
0.32590 14907.3
0.32591 14907.3
0.32592 14907.3
0.32593 14907.3
0.32594 14907.3
0.32595 14907.3
0.32596 14907.3
0.32597 14907.3
0.32598 14907.3
0.32599 14907.3
0.32600 14907.3
0.32601 14907.3
0.32602 14907.3
0.32603 14907.3
0.32604 14907.3
0.32605 14907.3
0.32606 14907.3
0.32607 14907.3
0.32608 14907.3
0.32609 14907.3
0.32610 14907.3
0.32611 14907.3
0.32612 14907.3
0.32613 14907.3
0.32614 14907.3
0.32615 14907.3
0.32616 14907.3
0.32617 14907.3
0.32618 14907.3
0.32619 14907.3
0.32620 14907.3
0.32621 14907.3
0.32622 14907.3
0.32623 14907.3
0.32624 14907.3
0.32625 14907.3
0.32626 14907.3
0.32627 14907.3
0.32628 14907.3
0.32629 14907.3
0.32630 14907.3
0.32631 14907.3
0.32632 14907.3
0.32633 14907.3
0.32634 14907.3
0.32635 14907.3
0.32636 14907.3
0.32637 14907.3
0.32638 14907.3
0.32639 14907.3
0.32640 14907.3
0.32641 14907.3
0.32642 14907.3
0.32643 14907.3
0.32644 14907.3
0.32645 14907.3
0.32646 14907.3
0.32647 14907.3
0.32648 14907.3
0.32649 14907.3
0.32650 14907.3
0.32651 14907.3
0.32652 14907.3
0.32653 14907.3
0.32654 14907.3
0.32655 14907.3
0.32656 14907.3
0.32657 14907.3
0.32658 14907.3
0.32659 14907.3
0.32660 14907.3
0.32661 14907.3
0.32662 14907.3
0.32663 14907.3
0.32664 14907.3
0.32665 14907.3
0.32666 14907.3
0.32667 14907.3
0.32668 14907.3
0.32669 14907.3
0.32670 14907.3
0.32671 14907.3
0.32672 14907.3
0.32673 14907.3
0.32674 14907.3
0.32675 14907.3
0.32676 14907.3
0.32677 14907.3
0.32678 14907.3
0.32679 14907.3
0.32680 14907.3
0.32681 14907.3
0.32682 14907.3
0.32683 14907.3
0.32684 14907.3
0.32685 14907.3
0.32686 14907.3
0.32687 14907.3
0.32688 14907.3
0.32689 14907.3
0.32690 14907.3
0.32691 14907.3
0.32692 14907.3
0.32693 14907.3
0.32694 14907.3
0.32695 14907.3
0.32696 14907.3
0.32697 14907.3
0.32698 14907.3
0.32699 14907.3
0.32700 14907.3
0.32701 14907.3
0.32702 14907.3
0.32703 14907.3
0.32704 14907.3
0.32705 14907.3
0.32706 14907.3
0.32707 14907.3
0.32708 14907.3
0.32709 14907.3
0.32710 14907.3
0.32711 14907.3
0.32712 14907.3
0.32713 14907.3
0.32714 14907.3
0.32715 14907.3
0.32716 14907.3
0.32717 14907.3
0.32718 14907.3
0.32719 14907.3
0.32720 14907.3
0.32721 14907.3
0.32722 14907.3
0.32723 14907.3
0.32724 14907.3
0.32725 14907.3
0.32726 14907.3
0.32727 14907.3
0.32728 14907.3
0.32729 14907.3
0.32730 14907.3
0.32731 14907.3
0.32732 14907.3
0.32733 14907.3
0.32734 14907.3
0.32735 14907.3
0.32736 14907.3
0.32737 14907.3
0.32738 14907.3
0.32739 14907.3
0.32740 14907.3
0.32741 14907.3
0.32742 14907.3
0.32743 14907.3
0.32744 14907.3
0.32745 14907.3
0.32746 14907.3
0.32747 14907.3
0.32748 14907.3
0.32749 14907.3
0.32750 14907.3
0.32751 14907.3
0.32752 14907.3
0.32753 14907.3
0.32754 14907.3
0.32755 14907.3
0.32756 14907.3
0.32757 14907.3
0.32758 14907.3
0.32759 14907.3
0.32760 14907.3
0.32761 14907.3
0.32762 14907.3
0.32763 14907.3
0.32764 14907.3
0.32765 14907.3
0.32766 14907.3
0.32767 14907.3
0.32768 14907.3
0.32769 14907.3
0.32770 14907.3
0.32771 14907.3
0.32772 14907.3
0.32773 14907.3
0.32774 14907.3
0.32775 14907.3
0.32776 14907.3
0.32777 14907.3
0.32778 14907.3
0.32779 14907.3
0.32780 14907.3
0.32781 14907.3
0.32782 14907.3
0.32783 14907.3
0.32784 14907.3
0.32785 14907.3
0.32786 14907.3
0.32787 14907.3
0.32788 14907.3
0.32789 14907.3
0.32790 14907.3
0.32791 14907.3
0.32792 14907.3
0.32793 14907.3
0.32794 14907.3
0.32795 14907.3
0.32796 14907.3
0.32797 14907.3
0.32798 14907.3
0.32799 14907.3
0.32800 14907.3
0.32801 14907.3
0.32802 14907.3
0.32803 14907.3
0.32804 14907.3
0.32805 14907.3
0.32806 14907.3
0.32807 14907.3
0.32808 14907.3
0.32809 14907.3
0.32810 14907.3
0.32811 14907.3
0.32812 14907.3
0.32813 14907.3
0.32814 14907.3
0.32815 14907.3
0.32816 14907.3
0.32817 14907.3
0.32818 14907.3
0.32819 14907.3
0.32820 14907.3
0.32821 14907.3
0.32822 14907.3
0.32823 14907.3
0.32824 14907.3
0.32825 14907.3
0.32826 14907.3
0.32827 14907.3
0.32828 14907.3
0.32829 14907.3
0.32830 14907.3
0.32831 14907.3
0.32832 14907.3
0.32833 14907.3
0.32834 14907.3
0.32835 14907.3
0.32836 14907.3
0.32837 14907.3
0.32838 14907.3
0.32839 14907.3
0.32840 14907.3
0.32841 14907.3
0.32842 14907.3
0.32843 14907.3
0.32844 14907.3
0.32845 14907.3
0.32846 14907.3
0.32847 14907.3
0.32848 14907.3
0.32849 14907.3
0.32850 14907.3
0.32851 14907.3
0.32852 14907.3
0.32853 14907.3
0.32854 14907.3
0.32855 14907.3
0.32856 14907.3
0.32857 14907.3
0.32858 14907.3
0.32859 14907.3
0.32860 14907.3
0.32861 14907.3
0.32862 14907.3
0.32863 14907.3
0.32864 14907.3
0.32865 14907.3
0.32866 14907.3
0.32867 14907.3
0.32868 14907.3
0.32869 14907.3
0.32870 14907.3
0.32871 14907.3
0.32872 14907.3
0.32873 14907.3
0.32874 14907.3
0.32875 14907.3
0.32876 14907.3
0.32877 14907.3
0.32878 14907.3
0.32879 14907.3
0.32880 14907.3
0.32881 14907.3
0.32882 14907.3
0.32883 14907.3
0.32884 14907.3
0.32885 14907.3
0.32886 14907.3
0.32887 14907.3
0.32888 14907.3
0.32889 14907.3
0.32890 14907.3
0.32891 14907.3
0.32892 14907.3
0.32893 14907.3
0.32894 14907.3
0.32895 14907.3
0.32896 14907.3
0.32897 14907.3
0.32898 14907.3
0.32899 14907.3
0.32900 14907.3
0.32901 14907.3
0.32902 14907.3
0.32903 14907.3
0.32904 14907.3
0.32905 14907.3
0.32906 14907.3
0.32907 14907.3
0.32908 14907.3
0.32909 14907.3
0.32910 14907.3
0.32911 14907.3
0.32912 14907.3
0.32913 14907.3
0.32914 14907.3
0.32915 14907.3
0.32916 14907.3
0.32917 14907.3
0.32918 14907.3
0.32919 14907.3
0.32920 14907.3
0.32921 14907.3
0.32922 14907.3
0.32923 14907.3
0.32924 14907.3
0.32925 14907.3
0.32926 14907.3
0.32927 14907.3
0.32928 14907.3
0.32929 14907.3
0.32930 14907.3
0.32931 14907.3
0.32932 14907.3
0.32933 14907.3
0.32934 14907.3
0.32935 14907.3
0.32936 14907.3
0.32937 14907.3
0.32938 14907.3
0.32939 14907.3
0.32940 14907.3
0.32941 14907.3
0.32942 14907.3
0.32943 14907.3
0.32944 14907.3
0.32945 14907.3
0.32946 14907.3
0.32947 14907.3
0.32948 14907.3
0.32949 14907.3
0.32950 14907.3
0.32951 14907.3
0.32952 14907.3
0.32953 14907.3
0.32954 14907.3
0.32955 14907.3
0.32956 14907.3
0.32957 14907.3
0.32958 14907.3
0.32959 14907.3
0.32960 14907.3
0.32961 14907.3
0.32962 14907.3
0.32963 14907.3
0.32964 14907.3
0.32965 14907.3
0.32966 14907.3
0.32967 14907.3
0.32968 14907.3
0.32969 14907.3
0.32970 14907.3
0.32971 14907.3
0.32972 14907.3
0.32973 14907.3
0.32974 14907.3
0.32975 14907.3
0.32976 14907.3
0.32977 14907.3
0.32978 14907.3
0.32979 14907.3
0.32980 14907.3
0.32981 14907.3
0.32982 14907.3
0.32983 14907.3
0.32984 14907.3
0.32985 14907.3
0.32986 14907.3
0.32987 14907.3
0.32988 14907.3
0.32989 14907.3
0.32990 14907.3
0.32991 14907.3
0.32992 14907.3
0.32993 14907.3
0.32994 14907.3
0.32995 14907.3
0.32996 14907.3
0.32997 14907.3
0.32998 14907.3
0.32999 14907.3
0.33000 14907.3
0.33001 14907.3
0.33002 14907.3
0.33003 14907.3
0.33004 14907.3
0.33005 14907.3
0.33006 14907.3
0.33007 14907.3
0.33008 14907.3
0.33009 14907.3
0.33010 14907.3
0.33011 14907.3
0.33012 14907.3
0.33013 14907.3
0.33014 14907.3
0.33015 14907.3
0.33016 14907.3
0.33017 14907.3
0.33018 14907.3
0.33019 14907.3
0.33020 14907.3
0.33021 14907.3
0.33022 14907.3
0.33023 14907.3
0.33024 14907.3
0.33025 14907.3
0.33026 14907.3
0.33027 14907.3
0.33028 14907.3
0.33029 14907.3
0.33030 14907.3
0.33031 14907.3
0.33032 14907.3
0.33033 14907.3
0.33034 14907.3
0.33035 14907.3
0.33036 14907.3
0.33037 14907.3
0.33038 14907.3
0.33039 14907.3
0.33040 14907.3
0.33041 14907.3
0.33042 14907.3
0.33043 14907.3
0.33044 14907.3
0.33045 14907.3
0.33046 14907.3
0.33047 14907.3
0.33048 14907.3
0.33049 14907.3
0.33050 14907.3
0.33051 14907.3
0.33052 14907.3
0.33053 14907.3
0.33054 14907.3
0.33055 14907.3
0.33056 14907.3
0.33057 14907.3
0.33058 14907.3
0.33059 14907.3
0.33060 14907.3
0.33061 14907.3
0.33062 14907.3
0.33063 14907.3
0.33064 14907.3
0.33065 14907.3
0.33066 14907.3
0.33067 14907.3
0.33068 14907.3
0.33069 14907.3
0.33070 14907.3
0.33071 14907.3
0.33072 14907.3
0.33073 14907.3
0.33074 14907.3
0.33075 14907.3
0.33076 14907.3
0.33077 14907.3
0.33078 14907.3
0.33079 14907.3
0.33080 14907.3
0.33081 14907.3
0.33082 14907.3
0.33083 14907.3
0.33084 14907.3
0.33085 14907.3
0.33086 14907.3
0.33087 14907.3
0.33088 14907.3
0.33089 14907.3
0.33090 14907.3
0.33091 14907.3
0.33092 14907.3
0.33093 14907.3
0.33094 14907.3
0.33095 14907.3
0.33096 14907.3
0.33097 14907.3
0.33098 14907.3
0.33099 14907.3
0.33100 14907.3
0.33101 14907.3
0.33102 14907.3
0.33103 14907.3
0.33104 14907.3
0.33105 14907.3
0.33106 14907.3
0.33107 14907.3
0.33108 14907.3
0.33109 14907.3
0.33110 14907.3
0.33111 14907.3
0.33112 14907.3
0.33113 14907.3
0.33114 14907.3
0.33115 14907.3
0.33116 14907.3
0.33117 14907.3
0.33118 14907.3
0.33119 14907.3
0.33120 14907.3
0.33121 14907.3
0.33122 14907.3
0.33123 14907.3
0.33124 14907.3
0.33125 14907.3
0.33126 14907.3
0.33127 14907.3
0.33128 14907.3
0.33129 14907.3
0.33130 14907.3
0.33131 14907.3
0.33132 14907.3
0.33133 14907.3
0.33134 14907.3
0.33135 14907.3
0.33136 14907.3
0.33137 14907.3
0.33138 14907.3
0.33139 14907.3
0.33140 14907.3
0.33141 14907.3
0.33142 14907.3
0.33143 14907.3
0.33144 14907.3
0.33145 14907.3
0.33146 14907.3
0.33147 14907.3
0.33148 14907.3
0.33149 14907.3
0.33150 14907.3
0.33151 14907.3
0.33152 14907.3
0.33153 14907.3
0.33154 14907.3
0.33155 14907.3
0.33156 14907.3
0.33157 14907.3
0.33158 14907.3
0.33159 14907.3
0.33160 14907.3
0.33161 14907.3
0.33162 14907.3
0.33163 14907.3
0.33164 14907.3
0.33165 14907.3
0.33166 14907.3
0.33167 14907.3
0.33168 14907.3
0.33169 14907.3
0.33170 14907.3
0.33171 14907.3
0.33172 14907.3
0.33173 14907.3
0.33174 14907.3
0.33175 14907.3
0.33176 14907.3
0.33177 14907.3
0.33178 14907.3
0.33179 14907.3
0.33180 14907.3
0.33181 14907.3
0.33182 14907.3
0.33183 14907.3
0.33184 14907.3
0.33185 14907.3
0.33186 14907.3
0.33187 14907.3
0.33188 14907.3
0.33189 14907.3
0.33190 14907.3
0.33191 14907.3
0.33192 14907.3
0.33193 14907.3
0.33194 14907.3
0.33195 14907.3
0.33196 14907.3
0.33197 14907.3
0.33198 14907.3
0.33199 14907.3
0.33200 14907.3
0.33201 14907.3
0.33202 14907.3
0.33203 14907.3
0.33204 14907.3
0.33205 14907.3
0.33206 14907.3
0.33207 14907.3
0.33208 14907.3
0.33209 14907.3
0.33210 14907.3
0.33211 14907.3
0.33212 14907.3
0.33213 14907.3
0.33214 14907.3
0.33215 14907.3
0.33216 14907.3
0.33217 14907.3
0.33218 14907.3
0.33219 14907.3
0.33220 14907.3
0.33221 14907.3
0.33222 14907.3
0.33223 14907.3
0.33224 14907.3
0.33225 14907.3
0.33226 14907.3
0.33227 14907.3
0.33228 14907.3
0.33229 14907.3
0.33230 14907.3
0.33231 14907.3
0.33232 14907.3
0.33233 14907.3
0.33234 14907.3
0.33235 14907.3
0.33236 14907.3
0.33237 14907.3
0.33238 14907.3
0.33239 14907.3
0.33240 14907.3
0.33241 14907.3
0.33242 14907.3
0.33243 14907.3
0.33244 14907.3
0.33245 14907.3
0.33246 14907.3
0.33247 14907.3
0.33248 14907.3
0.33249 14907.3
0.33250 14907.3
0.33251 14907.3
0.33252 14907.3
0.33253 14907.3
0.33254 14907.3
0.33255 14907.3
0.33256 14907.3
0.33257 14907.3
0.33258 14907.3
0.33259 14907.3
0.33260 14907.3
0.33261 14907.3
0.33262 14907.3
0.33263 14907.3
0.33264 14907.3
0.33265 14907.3
0.33266 14907.3
0.33267 14907.3
0.33268 14907.3
0.33269 14907.3
0.33270 14907.3
0.33271 14907.3
0.33272 14907.3
0.33273 14907.3
0.33274 14907.3
0.33275 14907.3
0.33276 14907.3
0.33277 14907.3
0.33278 14907.3
0.33279 14907.3
0.33280 14907.3
0.33281 14907.3
0.33282 14907.3
0.33283 14907.3
0.33284 14907.3
0.33285 14907.3
0.33286 14907.3
0.33287 14907.3
0.33288 14907.3
0.33289 14907.3
0.33290 14907.3
0.33291 14907.3
0.33292 14907.3
0.33293 14907.3
0.33294 14907.3
0.33295 14907.3
0.33296 14907.3
0.33297 14907.3
0.33298 14907.3
0.33299 14907.3
0.33300 14907.3
0.33301 14907.3
0.33302 14907.3
0.33303 14907.3
0.33304 14907.3
0.33305 14907.3
0.33306 14907.3
0.33307 14907.3
0.33308 14907.3
0.33309 14907.3
0.33310 14907.3
0.33311 14907.3
0.33312 14907.3
0.33313 14907.3
0.33314 14907.3
0.33315 14907.3
0.33316 14907.3
0.33317 14907.3
0.33318 14907.3
0.33319 14907.3
0.33320 14907.3
0.33321 14907.3
0.33322 14907.3
0.33323 14907.3
0.33324 14907.3
0.33325 14907.3
0.33326 14907.3
0.33327 14907.3
0.33328 14907.3
0.33329 14907.3
0.33330 14907.3
0.33331 14907.3
0.33332 14907.3
0.33333 14907.3
0.33334 14907.3
0.33335 14907.3
0.33336 14907.3
0.33337 14907.3
0.33338 14907.3
0.33339 14907.3
0.33340 14907.3
0.33341 14907.3
0.33342 14907.3
0.33343 14907.3
0.33344 14907.3
0.33345 14907.3
0.33346 14907.3
0.33347 14907.3
0.33348 14907.3
0.33349 14907.3
0.33350 14907.3
0.33351 14907.3
0.33352 14907.3
0.33353 14907.3
0.33354 14907.3
0.33355 14907.3
0.33356 14907.3
0.33357 14907.3
0.33358 14907.3
0.33359 14907.3
0.33360 14907.3
0.33361 14907.3
0.33362 14907.3
0.33363 14907.3
0.33364 14907.3
0.33365 14907.3
0.33366 14907.3
0.33367 14907.3
0.33368 14907.3
0.33369 14907.3
0.33370 14907.3
0.33371 14907.3
0.33372 14907.3
0.33373 14907.3
0.33374 14907.3
0.33375 14907.3
0.33376 14907.3
0.33377 14907.3
0.33378 14907.3
0.33379 14907.3
0.33380 14907.3
0.33381 14907.3
0.33382 14907.3
0.33383 14907.3
0.33384 14907.3
0.33385 14907.3
0.33386 14907.3
0.33387 14907.3
0.33388 14907.3
0.33389 14907.3
0.33390 14907.3
0.33391 14907.3
0.33392 14907.3
0.33393 14907.3
0.33394 14907.3
0.33395 14907.3
0.33396 14907.3
0.33397 14907.3
0.33398 14907.3
0.33399 14907.3
0.33400 14907.3
0.33401 14907.3
0.33402 14907.3
0.33403 14907.3
0.33404 14907.3
0.33405 14907.3
0.33406 14907.3
0.33407 14907.3
0.33408 14907.3
0.33409 14907.3
0.33410 14907.3
0.33411 14907.3
0.33412 14907.3
0.33413 14907.3
0.33414 14907.3
0.33415 14907.3
0.33416 14907.3
0.33417 14907.3
0.33418 14907.3
0.33419 14907.3
0.33420 14907.3
0.33421 14907.3
0.33422 14907.3
0.33423 14907.3
0.33424 14907.3
0.33425 14907.3
0.33426 14907.3
0.33427 14907.3
0.33428 14907.3
0.33429 14907.3
0.33430 14907.3
0.33431 14907.3
0.33432 14907.3
0.33433 14907.3
0.33434 14907.3
0.33435 14907.3
0.33436 14907.3
0.33437 14907.3
0.33438 14907.3
0.33439 14907.3
0.33440 14907.3
0.33441 14907.3
0.33442 14907.3
0.33443 14907.3
0.33444 14907.3
0.33445 14907.3
0.33446 14907.3
0.33447 14907.3
0.33448 14907.3
0.33449 14907.3
0.33450 14907.3
0.33451 14907.3
0.33452 14907.3
0.33453 14907.3
0.33454 14907.3
0.33455 14907.3
0.33456 14907.3
0.33457 14907.3
0.33458 14907.3
0.33459 14907.3
0.33460 14907.3
0.33461 14907.3
0.33462 14907.3
0.33463 14907.3
0.33464 14907.3
0.33465 14907.3
0.33466 14907.3
0.33467 14907.3
0.33468 14907.3
0.33469 14907.3
0.33470 14907.3
0.33471 14907.3
0.33472 14907.3
0.33473 14907.3
0.33474 14907.3
0.33475 14907.3
0.33476 14907.3
0.33477 14907.3
0.33478 14907.3
0.33479 14907.3
0.33480 14907.3
0.33481 14907.3
0.33482 14907.3
0.33483 14907.3
0.33484 14907.3
0.33485 14907.3
0.33486 14907.3
0.33487 14907.3
0.33488 14907.3
0.33489 14907.3
0.33490 14907.3
0.33491 14907.3
0.33492 14907.3
0.33493 14907.3
0.33494 14907.3
0.33495 14907.3
0.33496 14907.3
0.33497 14907.3
0.33498 14907.3
0.33499 14907.3
0.33500 14907.3
0.33501 14907.3
0.33502 14907.3
0.33503 14907.3
0.33504 14907.3
0.33505 14907.3
0.33506 14907.3
0.33507 14907.3
0.33508 14907.3
0.33509 14907.3
0.33510 14907.3
0.33511 14907.3
0.33512 14907.3
0.33513 14907.3
0.33514 14907.3
0.33515 14907.3
0.33516 14907.3
0.33517 14907.3
0.33518 14907.3
0.33519 14907.3
0.33520 14907.3
0.33521 14907.3
0.33522 14907.3
0.33523 14907.3
0.33524 14907.3
0.33525 14907.3
0.33526 14907.3
0.33527 14907.3
0.33528 14907.3
0.33529 14907.3
0.33530 14907.3
0.33531 14907.3
0.33532 14907.3
0.33533 14907.3
0.33534 14907.3
0.33535 14907.3
0.33536 14907.3
0.33537 14907.3
0.33538 14907.3
0.33539 14907.3
0.33540 14907.3
0.33541 14907.3
0.33542 14907.3
0.33543 14907.3
0.33544 14907.3
0.33545 14907.3
0.33546 14907.3
0.33547 14907.3
0.33548 14907.3
0.33549 14907.3
0.33550 14907.3
0.33551 14907.3
0.33552 14907.3
0.33553 14907.3
0.33554 14907.3
0.33555 14907.3
0.33556 14907.3
0.33557 14907.3
0.33558 14907.3
0.33559 14907.3
0.33560 14907.3
0.33561 14907.3
0.33562 14907.3
0.33563 14907.3
0.33564 14907.3
0.33565 14907.3
0.33566 14907.3
0.33567 14907.3
0.33568 14907.3
0.33569 14907.3
0.33570 14907.3
0.33571 14907.3
0.33572 14907.3
0.33573 14907.3
0.33574 14907.3
0.33575 14907.3
0.33576 14907.3
0.33577 14907.3
0.33578 14907.3
0.33579 14907.3
0.33580 14907.3
0.33581 14907.3
0.33582 14907.3
0.33583 14907.3
0.33584 14907.3
0.33585 14907.3
0.33586 14907.3
0.33587 14907.3
0.33588 14907.3
0.33589 14907.3
0.33590 14907.3
0.33591 14907.3
0.33592 14907.3
0.33593 14907.3
0.33594 14907.3
0.33595 14907.3
0.33596 14907.3
0.33597 14907.3
0.33598 14907.3
0.33599 14907.3
0.33600 14907.3
0.33601 14907.3
0.33602 14907.3
0.33603 14907.3
0.33604 14907.3
0.33605 14907.3
0.33606 14907.3
0.33607 14907.3
0.33608 14907.3
0.33609 14907.3
0.33610 14907.3
0.33611 14907.3
0.33612 14907.3
0.33613 14907.3
0.33614 14907.3
0.33615 14907.3
0.33616 14907.3
0.33617 14907.3
0.33618 14907.3
0.33619 14907.3
0.33620 14907.3
0.33621 14907.3
0.33622 14907.3
0.33623 14907.3
0.33624 14907.3
0.33625 14907.3
0.33626 14907.3
0.33627 14907.3
0.33628 14907.3
0.33629 14907.3
0.33630 14907.3
0.33631 14907.3
0.33632 14907.3
0.33633 14907.3
0.33634 14907.3
0.33635 14907.3
0.33636 14907.3
0.33637 14907.3
0.33638 14907.3
0.33639 14907.3
0.33640 14907.3
0.33641 14907.3
0.33642 14907.3
0.33643 14907.3
0.33644 14907.3
0.33645 14907.3
0.33646 14907.3
0.33647 14907.3
0.33648 14907.3
0.33649 14907.3
0.33650 14907.3
0.33651 14907.3
0.33652 14907.3
0.33653 14907.3
0.33654 14907.3
0.33655 14907.3
0.33656 14907.3
0.33657 14907.3
0.33658 14907.3
0.33659 14907.3
0.33660 14907.3
0.33661 14907.3
0.33662 14907.3
0.33663 14907.3
0.33664 14907.3
0.33665 14907.3
0.33666 14907.3
0.33667 14907.3
0.33668 14907.3
0.33669 14907.3
0.33670 14907.3
0.33671 14907.3
0.33672 14907.3
0.33673 14907.3
0.33674 14907.3
0.33675 14907.3
0.33676 14907.3
0.33677 14907.3
0.33678 14907.3
0.33679 14907.3
0.33680 14907.3
0.33681 14907.3
0.33682 14907.3
0.33683 14907.3
0.33684 14907.3
0.33685 14907.3
0.33686 14907.3
0.33687 14907.3
0.33688 14907.3
0.33689 14907.3
0.33690 14907.3
0.33691 14907.3
0.33692 14907.3
0.33693 14907.3
0.33694 14907.3
0.33695 14907.3
0.33696 14907.3
0.33697 14907.3
0.33698 14907.3
0.33699 14907.3
0.33700 14907.3
0.33701 14907.3
0.33702 14907.3
0.33703 14907.3
0.33704 14907.3
0.33705 14907.3
0.33706 14907.3
0.33707 14907.3
0.33708 14907.3
0.33709 14907.3
0.33710 14907.3
0.33711 14907.3
0.33712 14907.3
0.33713 14907.3
0.33714 14907.3
0.33715 14907.3
0.33716 14907.3
0.33717 14907.3
0.33718 14907.3
0.33719 14907.3
0.33720 14907.3
0.33721 14907.3
0.33722 14907.3
0.33723 14907.3
0.33724 14907.3
0.33725 14907.3
0.33726 14907.3
0.33727 14907.3
0.33728 14907.3
0.33729 14907.3
0.33730 14907.3
0.33731 14907.3
0.33732 14907.3
0.33733 14907.3
0.33734 14907.3
0.33735 14907.3
0.33736 14907.3
0.33737 14907.3
0.33738 14907.3
0.33739 14907.3
0.33740 14907.3
0.33741 14907.3
0.33742 14907.3
0.33743 14907.3
0.33744 14907.3
0.33745 14907.3
0.33746 14907.3
0.33747 14907.3
0.33748 14907.3
0.33749 14907.3
0.33750 14907.3
0.33751 14907.3
0.33752 14907.3
0.33753 14907.3
0.33754 14907.3
0.33755 14907.3
0.33756 14907.3
0.33757 14907.3
0.33758 14907.3
0.33759 14907.3
0.33760 14907.3
0.33761 14907.3
0.33762 14907.3
0.33763 14907.3
0.33764 14907.3
0.33765 14907.3
0.33766 14907.3
0.33767 14907.3
0.33768 14907.3
0.33769 14907.3
0.33770 14907.3
0.33771 14907.3
0.33772 14907.3
0.33773 14907.3
0.33774 14907.3
0.33775 14907.3
0.33776 14907.3
0.33777 14907.3
0.33778 14907.3
0.33779 14907.3
0.33780 14907.3
0.33781 14907.3
0.33782 14907.3
0.33783 14907.3
0.33784 14907.3
0.33785 14907.3
0.33786 14907.3
0.33787 14907.3
0.33788 14907.3
0.33789 14907.3
0.33790 14907.3
0.33791 14907.3
0.33792 14907.3
0.33793 14907.3
0.33794 14907.3
0.33795 14907.3
0.33796 14907.3
0.33797 14907.3
0.33798 14907.3
0.33799 14907.3
0.33800 14907.3
0.33801 14907.3
0.33802 14907.3
0.33803 14907.3
0.33804 14907.3
0.33805 14907.3
0.33806 14907.3
0.33807 14907.3
0.33808 14907.3
0.33809 14907.3
0.33810 14907.3
0.33811 14907.3
0.33812 14907.3
0.33813 14907.3
0.33814 14907.3
0.33815 14907.3
0.33816 14907.3
0.33817 14907.3
0.33818 14907.3
0.33819 14907.3
0.33820 14907.3
0.33821 14907.3
0.33822 14907.3
0.33823 14907.3
0.33824 14907.3
0.33825 14907.3
0.33826 14907.3
0.33827 14907.3
0.33828 14907.3
0.33829 14907.3
0.33830 14907.3
0.33831 14907.3
0.33832 14907.3
0.33833 14907.3
0.33834 14907.3
0.33835 14907.3
0.33836 14907.3
0.33837 14907.3
0.33838 14907.3
0.33839 14907.3
0.33840 14907.3
0.33841 14907.3
0.33842 14907.3
0.33843 14907.3
0.33844 14907.3
0.33845 14907.3
0.33846 14907.3
0.33847 14907.3
0.33848 14907.3
0.33849 14907.3
0.33850 14907.3
0.33851 14907.3
0.33852 14907.3
0.33853 14907.3
0.33854 14907.3
0.33855 14907.3
0.33856 14907.3
0.33857 14907.3
0.33858 14907.3
0.33859 14907.3
0.33860 14907.3
0.33861 14907.3
0.33862 14907.3
0.33863 14907.3
0.33864 14907.3
0.33865 14907.3
0.33866 14907.3
0.33867 14907.3
0.33868 14907.3
0.33869 14907.3
0.33870 14907.3
0.33871 14907.3
0.33872 14907.3
0.33873 14907.3
0.33874 14907.3
0.33875 14907.3
0.33876 14907.3
0.33877 14907.3
0.33878 14907.3
0.33879 14907.3
0.33880 14907.3
0.33881 14907.3
0.33882 14907.3
0.33883 14907.3
0.33884 14907.3
0.33885 14907.3
0.33886 14907.3
0.33887 14907.3
0.33888 14907.3
0.33889 14907.3
0.33890 14907.3
0.33891 14907.3
0.33892 14907.3
0.33893 14907.3
0.33894 14907.3
0.33895 14907.3
0.33896 14907.3
0.33897 14907.3
0.33898 14907.3
0.33899 14907.3
0.33900 14907.3
0.33901 14907.3
0.33902 14907.3
0.33903 14907.3
0.33904 14907.3
0.33905 14907.3
0.33906 14907.3
0.33907 14907.3
0.33908 14907.3
0.33909 14907.3
0.33910 14907.3
0.33911 14907.3
0.33912 14907.3
0.33913 14907.3
0.33914 14907.3
0.33915 14907.3
0.33916 14907.3
0.33917 14907.3
0.33918 14907.3
0.33919 14907.3
0.33920 14907.3
0.33921 14907.3
0.33922 14907.3
0.33923 14907.3
0.33924 14907.3
0.33925 14907.3
0.33926 14907.3
0.33927 14907.3
0.33928 14907.3
0.33929 14907.3
0.33930 14907.3
0.33931 14907.3
0.33932 14907.3
0.33933 14907.3
0.33934 14907.3
0.33935 14907.3
0.33936 14907.3
0.33937 14907.3
0.33938 14907.3
0.33939 14907.3
0.33940 14907.3
0.33941 14907.3
0.33942 14907.3
0.33943 14907.3
0.33944 14907.3
0.33945 14907.3
0.33946 14907.3
0.33947 14907.3
0.33948 14907.3
0.33949 14907.3
0.33950 14907.3
0.33951 14907.3
0.33952 14907.3
0.33953 14907.3
0.33954 14907.3
0.33955 14907.3
0.33956 14907.3
0.33957 14907.3
0.33958 14907.3
0.33959 14907.3
0.33960 14907.3
0.33961 14907.3
0.33962 14907.3
0.33963 14907.3
0.33964 14907.3
0.33965 14907.3
0.33966 14907.3
0.33967 14907.3
0.33968 14907.3
0.33969 14907.3
0.33970 14907.3
0.33971 14907.3
0.33972 14907.3
0.33973 14907.3
0.33974 14907.3
0.33975 14907.3
0.33976 14907.3
0.33977 14907.3
0.33978 14907.3
0.33979 14907.3
0.33980 14907.3
0.33981 14907.3
0.33982 14907.3
0.33983 14907.3
0.33984 14907.3
0.33985 14907.3
0.33986 14907.3
0.33987 14907.3
0.33988 14907.3
0.33989 14907.3
0.33990 14907.3
0.33991 14907.3
0.33992 14907.3
0.33993 14907.3
0.33994 14907.3
0.33995 14907.3
0.33996 14907.3
0.33997 14907.3
0.33998 14907.3
0.33999 14907.3
0.34000 14907.3
0.34001 14907.3
0.34002 14907.3
0.34003 14907.3
0.34004 14907.3
0.34005 14907.3
0.34006 14907.3
0.34007 14907.3
0.34008 14907.3
0.34009 14907.3
0.34010 14907.3
0.34011 14907.3
0.34012 14907.3
0.34013 14907.3
0.34014 14907.3
0.34015 14907.3
0.34016 14907.3
0.34017 14907.3
0.34018 14907.3
0.34019 14907.3
0.34020 14907.3
0.34021 14907.3
0.34022 14907.3
0.34023 14907.3
0.34024 14907.3
0.34025 14907.3
0.34026 14907.3
0.34027 14907.3
0.34028 14907.3
0.34029 14907.3
0.34030 14907.3
0.34031 14907.3
0.34032 14907.3
0.34033 14907.3
0.34034 14907.3
0.34035 14907.3
0.34036 14907.3
0.34037 14907.3
0.34038 14907.3
0.34039 14907.3
0.34040 14907.3
0.34041 14907.3
0.34042 14907.3
0.34043 14907.3
0.34044 14907.3
0.34045 14907.3
0.34046 14907.3
0.34047 14907.3
0.34048 14907.3
0.34049 14907.3
0.34050 14907.3
0.34051 14907.3
0.34052 14907.3
0.34053 14907.3
0.34054 14907.3
0.34055 14907.3
0.34056 14907.3
0.34057 14907.3
0.34058 14907.3
0.34059 14907.3
0.34060 14907.3
0.34061 14907.3
0.34062 14907.3
0.34063 14907.3
0.34064 14907.3
0.34065 14907.3
0.34066 14907.3
0.34067 14907.3
0.34068 14907.3
0.34069 14907.3
0.34070 14907.3
0.34071 14907.3
0.34072 14907.3
0.34073 14907.3
0.34074 14907.3
0.34075 14907.3
0.34076 14907.3
0.34077 14907.3
0.34078 14907.3
0.34079 14907.3
0.34080 14907.3
0.34081 14907.3
0.34082 14907.3
0.34083 14907.3
0.34084 14907.3
0.34085 14907.3
0.34086 14907.3
0.34087 14907.3
0.34088 14907.3
0.34089 14907.3
0.34090 14907.3
0.34091 14907.3
0.34092 14907.3
0.34093 14907.3
0.34094 14907.3
0.34095 14907.3
0.34096 14907.3
0.34097 14907.3
0.34098 14907.3
0.34099 14907.3
0.34100 14907.3
0.34101 14907.3
0.34102 14907.3
0.34103 14907.3
0.34104 14907.3
0.34105 14907.3
0.34106 14907.3
0.34107 14907.3
0.34108 14907.3
0.34109 14907.3
0.34110 14907.3
0.34111 14907.3
0.34112 14907.3
0.34113 14907.3
0.34114 14907.3
0.34115 14907.3
0.34116 14907.3
0.34117 14907.3
0.34118 14907.3
0.34119 14907.3
0.34120 14907.3
0.34121 14907.3
0.34122 14907.3
0.34123 14907.3
0.34124 14907.3
0.34125 14907.3
0.34126 14907.3
0.34127 14907.3
0.34128 14907.3
0.34129 14907.3
0.34130 14907.3
0.34131 14907.3
0.34132 14907.3
0.34133 14907.3
0.34134 14907.3
0.34135 14907.3
0.34136 14907.3
0.34137 14907.3
0.34138 14907.3
0.34139 14907.3
0.34140 14907.3
0.34141 14907.3
0.34142 14907.3
0.34143 14907.3
0.34144 14907.3
0.34145 14907.3
0.34146 14907.3
0.34147 14907.3
0.34148 14907.3
0.34149 14907.3
0.34150 14907.3
0.34151 14907.3
0.34152 14907.3
0.34153 14907.3
0.34154 14907.3
0.34155 14907.3
0.34156 14907.3
0.34157 14907.3
0.34158 14907.3
0.34159 14907.3
0.34160 14907.3
0.34161 14907.3
0.34162 14907.3
0.34163 14907.3
0.34164 14907.3
0.34165 14907.3
0.34166 14907.3
0.34167 14907.3
0.34168 14907.3
0.34169 14907.3
0.34170 14907.3
0.34171 14907.3
0.34172 14907.3
0.34173 14907.3
0.34174 14907.3
0.34175 14907.3
0.34176 14907.3
0.34177 14907.3
0.34178 14907.3
0.34179 14907.3
0.34180 14907.3
0.34181 14907.3
0.34182 14907.3
0.34183 14907.3
0.34184 14907.3
0.34185 14907.3
0.34186 14907.3
0.34187 14907.3
0.34188 14907.3
0.34189 14907.3
0.34190 14907.3
0.34191 14907.3
0.34192 14907.3
0.34193 14907.3
0.34194 14907.3
0.34195 14907.3
0.34196 14907.3
0.34197 14907.3
0.34198 14907.3
0.34199 14907.3
0.34200 14907.3
0.34201 14907.3
0.34202 14907.3
0.34203 14907.3
0.34204 14907.3
0.34205 14907.3
0.34206 14907.3
0.34207 14907.3
0.34208 14907.3
0.34209 14907.3
0.34210 14907.3
0.34211 14907.3
0.34212 14907.3
0.34213 14907.3
0.34214 14907.3
0.34215 14907.3
0.34216 14907.3
0.34217 14907.3
0.34218 14907.3
0.34219 14907.3
0.34220 14907.3
0.34221 14907.3
0.34222 14907.3
0.34223 14907.3
0.34224 14907.3
0.34225 14907.3
0.34226 14907.3
0.34227 14907.3
0.34228 14907.3
0.34229 14907.3
0.34230 14907.3
0.34231 14907.3
0.34232 14907.3
0.34233 14907.3
0.34234 14907.3
0.34235 14907.3
0.34236 14907.3
0.34237 14907.3
0.34238 14907.3
0.34239 14907.3
0.34240 14907.3
0.34241 14907.3
0.34242 14907.3
0.34243 14907.3
0.34244 14907.3
0.34245 14907.3
0.34246 14907.3
0.34247 14907.3
0.34248 14907.3
0.34249 14907.3
0.34250 14907.3
0.34251 14907.3
0.34252 14907.3
0.34253 14907.3
0.34254 14907.3
0.34255 14907.3
0.34256 14907.3
0.34257 14907.3
0.34258 14907.3
0.34259 14907.3
0.34260 14907.3
0.34261 14907.3
0.34262 14907.3
0.34263 14907.3
0.34264 14907.3
0.34265 14907.3
0.34266 14907.3
0.34267 14907.3
0.34268 14907.3
0.34269 14907.3
0.34270 14907.3
0.34271 14907.3
0.34272 14907.3
0.34273 14907.3
0.34274 14907.3
0.34275 14907.3
0.34276 14907.3
0.34277 14907.3
0.34278 14907.3
0.34279 14907.3
0.34280 14907.3
0.34281 14907.3
0.34282 14907.3
0.34283 14907.3
0.34284 14907.3
0.34285 14907.3
0.34286 14907.3
0.34287 14907.3
0.34288 14907.3
0.34289 14907.3
0.34290 14907.3
0.34291 14907.3
0.34292 14907.3
0.34293 14907.3
0.34294 14907.3
0.34295 14907.3
0.34296 14907.3
0.34297 14907.3
0.34298 14907.3
0.34299 14907.3
0.34300 14907.3
0.34301 14907.3
0.34302 14907.3
0.34303 14907.3
0.34304 14907.3
0.34305 14907.3
0.34306 14907.3
0.34307 14907.3
0.34308 14907.3
0.34309 14907.3
0.34310 14907.3
0.34311 14907.3
0.34312 14907.3
0.34313 14907.3
0.34314 14907.3
0.34315 14907.3
0.34316 14907.3
0.34317 14907.3
0.34318 14907.3
0.34319 14907.3
0.34320 14907.3
0.34321 14907.3
0.34322 14907.3
0.34323 14907.3
0.34324 14907.3
0.34325 14907.3
0.34326 14907.3
0.34327 14907.3
0.34328 14907.3
0.34329 14907.3
0.34330 14907.3
0.34331 14907.3
0.34332 14907.3
0.34333 14907.3
0.34334 14907.3
0.34335 14907.3
0.34336 14907.3
0.34337 14907.3
0.34338 14907.3
0.34339 14907.3
0.34340 14907.3
0.34341 14907.3
0.34342 14907.3
0.34343 14907.3
0.34344 14907.3
0.34345 14907.3
0.34346 14907.3
0.34347 14907.3
0.34348 14907.3
0.34349 14907.3
0.34350 14907.3
0.34351 14907.3
0.34352 14907.3
0.34353 14907.3
0.34354 14907.3
0.34355 14907.3
0.34356 14907.3
0.34357 14907.3
0.34358 14907.3
0.34359 14907.3
0.34360 14907.3
0.34361 14907.3
0.34362 14907.3
0.34363 14907.3
0.34364 14907.3
0.34365 14907.3
0.34366 14907.3
0.34367 14907.3
0.34368 14907.3
0.34369 14907.3
0.34370 14907.3
0.34371 14907.3
0.34372 14907.3
0.34373 14907.3
0.34374 14907.3
0.34375 14907.3
0.34376 14907.3
0.34377 14907.3
0.34378 14907.3
0.34379 14907.3
0.34380 14907.3
0.34381 14907.3
0.34382 14907.3
0.34383 14907.3
0.34384 14907.3
0.34385 14907.3
0.34386 14907.3
0.34387 14907.3
0.34388 14907.3
0.34389 14907.3
0.34390 14907.3
0.34391 14907.3
0.34392 14907.3
0.34393 14907.3
0.34394 14907.3
0.34395 14907.3
0.34396 14907.3
0.34397 14907.3
0.34398 14907.3
0.34399 14907.3
0.34400 14907.3
0.34401 14907.3
0.34402 14907.3
0.34403 14907.3
0.34404 14907.3
0.34405 14907.3
0.34406 14907.3
0.34407 14907.3
0.34408 14907.3
0.34409 14907.3
0.34410 14907.3
0.34411 14907.3
0.34412 14907.3
0.34413 14907.3
0.34414 14907.3
0.34415 14907.3
0.34416 14907.3
0.34417 14907.3
0.34418 14907.3
0.34419 14907.3
0.34420 14907.3
0.34421 14907.3
0.34422 14907.3
0.34423 14907.3
0.34424 14907.3
0.34425 14907.3
0.34426 14907.3
0.34427 14907.3
0.34428 14907.3
0.34429 14907.3
0.34430 14907.3
0.34431 14907.3
0.34432 14907.3
0.34433 14907.3
0.34434 14907.3
0.34435 14907.3
0.34436 14907.3
0.34437 14907.3
0.34438 14907.3
0.34439 14907.3
0.34440 14907.3
0.34441 14907.3
0.34442 14907.3
0.34443 14907.3
0.34444 14907.3
0.34445 14907.3
0.34446 14907.3
0.34447 14907.3
0.34448 14907.3
0.34449 14907.3
0.34450 14907.3
0.34451 14907.3
0.34452 14907.3
0.34453 14907.3
0.34454 14907.3
0.34455 14907.3
0.34456 14907.3
0.34457 14907.3
0.34458 14907.3
0.34459 14907.3
0.34460 14907.3
0.34461 14907.3
0.34462 14907.3
0.34463 14907.3
0.34464 14907.3
0.34465 14907.3
0.34466 14907.3
0.34467 14907.3
0.34468 14907.3
0.34469 14907.3
0.34470 14907.3
0.34471 14907.3
0.34472 14907.3
0.34473 14907.3
0.34474 14907.3
0.34475 14907.3
0.34476 14907.3
0.34477 14907.3
0.34478 14907.3
0.34479 14907.3
0.34480 14907.3
0.34481 14907.3
0.34482 14907.3
0.34483 14907.3
0.34484 14907.3
0.34485 14907.3
0.34486 14907.3
0.34487 14907.3
0.34488 14907.3
0.34489 14907.3
0.34490 14907.3
0.34491 14907.3
0.34492 14907.3
0.34493 14907.3
0.34494 14907.3
0.34495 14907.3
0.34496 14907.3
0.34497 14907.3
0.34498 14907.3
0.34499 14907.3
0.34500 14907.3
0.34501 14907.3
0.34502 14907.3
0.34503 14907.3
0.34504 14907.3
0.34505 14907.3
0.34506 14907.3
0.34507 14907.3
0.34508 14907.3
0.34509 14907.3
0.34510 14907.3
0.34511 14907.3
0.34512 14907.3
0.34513 14907.3
0.34514 14907.3
0.34515 14907.3
0.34516 14907.3
0.34517 14907.3
0.34518 14907.3
0.34519 14907.3
0.34520 14907.3
0.34521 14907.3
0.34522 14907.3
0.34523 14907.3
0.34524 14907.3
0.34525 14907.3
0.34526 14907.3
0.34527 14907.3
0.34528 14907.3
0.34529 14907.3
0.34530 14907.3
0.34531 14907.3
0.34532 14907.3
0.34533 14907.3
0.34534 14907.3
0.34535 14907.3
0.34536 14907.3
0.34537 14907.3
0.34538 14907.3
0.34539 14907.3
0.34540 14907.3
0.34541 14907.3
0.34542 14907.3
0.34543 14907.3
0.34544 14907.3
0.34545 14907.3
0.34546 14907.3
0.34547 14907.3
0.34548 14907.3
0.34549 14907.3
0.34550 14907.3
0.34551 14907.3
0.34552 14907.3
0.34553 14907.3
0.34554 14907.3
0.34555 14907.3
0.34556 14907.3
0.34557 14907.3
0.34558 14907.3
0.34559 14907.3
0.34560 14907.3
0.34561 14907.3
0.34562 14907.3
0.34563 14907.3
0.34564 14907.3
0.34565 14907.3
0.34566 14907.3
0.34567 14907.3
0.34568 14907.3
0.34569 14907.3
0.34570 14907.3
0.34571 14907.3
0.34572 14907.3
0.34573 14907.3
0.34574 14907.3
0.34575 14907.3
0.34576 14907.3
0.34577 14907.3
0.34578 14907.3
0.34579 14907.3
0.34580 14907.3
0.34581 14907.3
0.34582 14907.3
0.34583 14907.3
0.34584 14907.3
0.34585 14907.3
0.34586 14907.3
0.34587 14907.3
0.34588 14907.3
0.34589 14907.3
0.34590 14907.3
0.34591 14907.3
0.34592 14907.3
0.34593 14907.3
0.34594 14907.3
0.34595 14907.3
0.34596 14907.3
0.34597 14907.3
0.34598 14907.3
0.34599 14907.3
0.34600 14907.3
0.34601 14907.3
0.34602 14907.3
0.34603 14907.3
0.34604 14907.3
0.34605 14907.3
0.34606 14907.3
0.34607 14907.3
0.34608 14907.3
0.34609 14907.3
0.34610 14907.3
0.34611 14907.3
0.34612 14907.3
0.34613 14907.3
0.34614 14907.3
0.34615 14907.3
0.34616 14907.3
0.34617 14907.3
0.34618 14907.3
0.34619 14907.3
0.34620 14907.3
0.34621 14907.3
0.34622 14907.3
0.34623 14907.3
0.34624 14907.3
0.34625 14907.3
0.34626 14907.3
0.34627 14907.3
0.34628 14907.3
0.34629 14907.3
0.34630 14907.3
0.34631 14907.3
0.34632 14907.3
0.34633 14907.3
0.34634 14907.3
0.34635 14907.3
0.34636 14907.3
0.34637 14907.3
0.34638 14907.3
0.34639 14907.3
0.34640 14907.3
0.34641 14907.3
0.34642 14907.3
0.34643 14907.3
0.34644 14907.3
0.34645 14907.3
0.34646 14907.3
0.34647 14907.3
0.34648 14907.3
0.34649 14907.3
0.34650 14907.3
0.34651 14907.3
0.34652 14907.3
0.34653 14907.3
0.34654 14907.3
0.34655 14907.3
0.34656 14907.3
0.34657 14907.3
0.34658 14907.3
0.34659 14907.3
0.34660 14907.3
0.34661 14907.3
0.34662 14907.3
0.34663 14907.3
0.34664 14907.3
0.34665 14907.3
0.34666 14907.3
0.34667 14907.3
0.34668 14907.3
0.34669 14907.3
0.34670 14907.3
0.34671 14907.3
0.34672 14907.3
0.34673 14907.3
0.34674 14907.3
0.34675 14907.3
0.34676 14907.3
0.34677 14907.3
0.34678 14907.3
0.34679 14907.3
0.34680 14907.3
0.34681 14907.3
0.34682 14907.3
0.34683 14907.3
0.34684 14907.3
0.34685 14907.3
0.34686 14907.3
0.34687 14907.3
0.34688 14907.3
0.34689 14907.3
0.34690 14907.3
0.34691 14907.3
0.34692 14907.3
0.34693 14907.3
0.34694 14907.3
0.34695 14907.3
0.34696 14907.3
0.34697 14907.3
0.34698 14907.3
0.34699 14907.3
0.34700 14907.3
0.34701 14907.3
0.34702 14907.3
0.34703 14907.3
0.34704 14907.3
0.34705 14907.3
0.34706 14907.3
0.34707 14907.3
0.34708 14907.3
0.34709 14907.3
0.34710 14907.3
0.34711 14907.3
0.34712 14907.3
0.34713 14907.3
0.34714 14907.3
0.34715 14907.3
0.34716 14907.3
0.34717 14907.3
0.34718 14907.3
0.34719 14907.3
0.34720 14907.3
0.34721 14907.3
0.34722 14907.3
0.34723 14907.3
0.34724 14907.3
0.34725 14907.3
0.34726 14907.3
0.34727 14907.3
0.34728 14907.3
0.34729 14907.3
0.34730 14907.3
0.34731 14907.3
0.34732 14907.3
0.34733 14907.3
0.34734 14907.3
0.34735 14907.3
0.34736 14907.3
0.34737 14907.3
0.34738 14907.3
0.34739 14907.3
0.34740 14907.3
0.34741 14907.3
0.34742 14907.3
0.34743 14907.3
0.34744 14907.3
0.34745 14907.3
0.34746 14907.3
0.34747 14907.3
0.34748 14907.3
0.34749 14907.3
0.34750 14907.3
0.34751 14907.3
0.34752 14907.3
0.34753 14907.3
0.34754 14907.3
0.34755 14907.3
0.34756 14907.3
0.34757 14907.3
0.34758 14907.3
0.34759 14907.3
0.34760 14907.3
0.34761 14907.3
0.34762 14907.3
0.34763 14907.3
0.34764 14907.3
0.34765 14907.3
0.34766 14907.3
0.34767 14907.3
0.34768 14907.3
0.34769 14907.3
0.34770 14907.3
0.34771 14907.3
0.34772 14907.3
0.34773 14907.3
0.34774 14907.3
0.34775 14907.3
0.34776 14907.3
0.34777 14907.3
0.34778 14907.3
0.34779 14907.3
0.34780 14907.3
0.34781 14907.3
0.34782 14907.3
0.34783 14907.3
0.34784 14907.3
0.34785 14907.3
0.34786 14907.3
0.34787 14907.3
0.34788 14907.3
0.34789 14907.3
0.34790 14907.3
0.34791 14907.3
0.34792 14907.3
0.34793 14907.3
0.34794 14907.3
0.34795 14907.3
0.34796 14907.3
0.34797 14907.3
0.34798 14907.3
0.34799 14907.3
0.34800 14907.3
0.34801 14907.3
0.34802 14907.3
0.34803 14907.3
0.34804 14907.3
0.34805 14907.3
0.34806 14907.3
0.34807 14907.3
0.34808 14907.3
0.34809 14907.3
0.34810 14907.3
0.34811 14907.3
0.34812 14907.3
0.34813 14907.3
0.34814 14907.3
0.34815 14907.3
0.34816 14907.3
0.34817 14907.3
0.34818 14907.3
0.34819 14907.3
0.34820 14907.3
0.34821 14907.3
0.34822 14907.3
0.34823 14907.3
0.34824 14907.3
0.34825 14907.3
0.34826 14907.3
0.34827 14907.3
0.34828 14907.3
0.34829 14907.3
0.34830 14907.3
0.34831 14907.3
0.34832 14907.3
0.34833 14907.3
0.34834 14907.3
0.34835 14907.3
0.34836 14907.3
0.34837 14907.3
0.34838 14907.3
0.34839 14907.3
0.34840 14907.3
0.34841 14907.3
0.34842 14907.3
0.34843 14907.3
0.34844 14907.3
0.34845 14907.3
0.34846 14907.3
0.34847 14907.3
0.34848 14907.3
0.34849 14907.3
0.34850 14907.3
0.34851 14907.3
0.34852 14907.3
0.34853 14907.3
0.34854 14907.3
0.34855 14907.3
0.34856 14907.3
0.34857 14907.3
0.34858 14907.3
0.34859 14907.3
0.34860 14907.3
0.34861 14907.3
0.34862 14907.3
0.34863 14907.3
0.34864 14907.3
0.34865 14907.3
0.34866 14907.3
0.34867 14907.3
0.34868 14907.3
0.34869 14907.3
0.34870 14907.3
0.34871 14907.3
0.34872 14907.3
0.34873 14907.3
0.34874 14907.3
0.34875 14907.3
0.34876 14907.3
0.34877 14907.3
0.34878 14907.3
0.34879 14907.3
0.34880 14907.3
0.34881 14907.3
0.34882 14907.3
0.34883 14907.3
0.34884 14907.3
0.34885 14907.3
0.34886 14907.3
0.34887 14907.3
0.34888 14907.3
0.34889 14907.3
0.34890 14907.3
0.34891 14907.3
0.34892 14907.3
0.34893 14907.3
0.34894 14907.3
0.34895 14907.3
0.34896 14907.3
0.34897 14907.3
0.34898 14907.3
0.34899 14907.3
0.34900 14907.3
0.34901 14907.3
0.34902 14907.3
0.34903 14907.3
0.34904 14907.3
0.34905 14907.3
0.34906 14907.3
0.34907 14907.3
0.34908 14907.3
0.34909 14907.3
0.34910 14907.3
0.34911 14907.3
0.34912 14907.3
0.34913 14907.3
0.34914 14907.3
0.34915 14907.3
0.34916 14907.3
0.34917 14907.3
0.34918 14907.3
0.34919 14907.3
0.34920 14907.3
0.34921 14907.3
0.34922 14907.3
0.34923 14907.3
0.34924 14907.3
0.34925 14907.3
0.34926 14907.3
0.34927 14907.3
0.34928 14907.3
0.34929 14907.3
0.34930 14907.3
0.34931 14907.3
0.34932 14907.3
0.34933 14907.3
0.34934 14907.3
0.34935 14907.3
0.34936 14907.3
0.34937 14907.3
0.34938 14907.3
0.34939 14907.3
0.34940 14907.3
0.34941 14907.3
0.34942 14907.3
0.34943 14907.3
0.34944 14907.3
0.34945 14907.3
0.34946 14907.3
0.34947 14907.3
0.34948 14907.3
0.34949 14907.3
0.34950 14907.3
0.34951 14907.3
0.34952 14907.3
0.34953 14907.3
0.34954 14907.3
0.34955 14907.3
0.34956 14907.3
0.34957 14907.3
0.34958 14907.3
0.34959 14907.3
0.34960 14907.3
0.34961 14907.3
0.34962 14907.3
0.34963 14907.3
0.34964 14907.3
0.34965 14907.3
0.34966 14907.3
0.34967 14907.3
0.34968 14907.3
0.34969 14907.3
0.34970 14907.3
0.34971 14907.3
0.34972 14907.3
0.34973 14907.3
0.34974 14907.3
0.34975 14907.3
0.34976 14907.3
0.34977 14907.3
0.34978 14907.3
0.34979 14907.3
0.34980 14907.3
0.34981 14907.3
0.34982 14907.3
0.34983 14907.3
0.34984 14907.3
0.34985 14907.3
0.34986 14907.3
0.34987 14907.3
0.34988 14907.3
0.34989 14907.3
0.34990 14907.3
0.34991 14907.3
0.34992 14907.3
0.34993 14907.3
0.34994 14907.3
0.34995 14907.3
0.34996 14907.3
0.34997 14907.3
0.34998 14907.3
0.34999 14907.3
0.35000 14907.3
0.35001 14907.3
0.35002 14907.3
0.35003 14907.3
0.35004 14907.3
0.35005 14907.3
0.35006 14907.3
0.35007 14907.3
0.35008 14907.3
0.35009 14907.3
0.35010 14907.3
0.35011 14907.3
0.35012 14907.3
0.35013 14907.3
0.35014 14907.3
0.35015 14907.3
0.35016 14907.3
0.35017 14907.3
0.35018 14907.3
0.35019 14907.3
0.35020 14907.3
0.35021 14907.3
0.35022 14907.3
0.35023 14907.3
0.35024 14907.3
0.35025 14907.3
0.35026 14907.3
0.35027 14907.3
0.35028 14907.3
0.35029 14907.3
0.35030 14907.3
0.35031 14907.3
0.35032 14907.3
0.35033 14907.3
0.35034 14907.3
0.35035 14907.3
0.35036 14907.3
0.35037 14907.3
0.35038 14907.3
0.35039 14907.3
0.35040 14907.3
0.35041 14907.3
0.35042 14907.3
0.35043 14907.3
0.35044 14907.3
0.35045 14907.3
0.35046 14907.3
0.35047 14907.3
0.35048 14907.3
0.35049 14907.3
0.35050 14907.3
0.35051 14907.3
0.35052 14907.3
0.35053 14907.3
0.35054 14907.3
0.35055 14907.3
0.35056 14907.3
0.35057 14907.3
0.35058 14907.3
0.35059 14907.3
0.35060 14907.3
0.35061 14907.3
0.35062 14907.3
0.35063 14907.3
0.35064 14907.3
0.35065 14907.3
0.35066 14907.3
0.35067 14907.3
0.35068 14907.3
0.35069 14907.3
0.35070 14907.3
0.35071 14907.3
0.35072 14907.3
0.35073 14907.3
0.35074 14907.3
0.35075 14907.3
0.35076 14907.3
0.35077 14907.3
0.35078 14907.3
0.35079 14907.3
0.35080 14907.3
0.35081 14907.3
0.35082 14907.3
0.35083 14907.3
0.35084 14907.3
0.35085 14907.3
0.35086 14907.3
0.35087 14907.3
0.35088 14907.3
0.35089 14907.3
0.35090 14907.3
0.35091 14907.3
0.35092 14907.3
0.35093 14907.3
0.35094 14907.3
0.35095 14907.3
0.35096 14907.3
0.35097 14907.3
0.35098 14907.3
0.35099 14907.3
0.35100 14907.3
0.35101 14907.3
0.35102 14907.3
0.35103 14907.3
0.35104 14907.3
0.35105 14907.3
0.35106 14907.3
0.35107 14907.3
0.35108 14907.3
0.35109 14907.3
0.35110 14907.3
0.35111 14907.3
0.35112 14907.3
0.35113 14907.3
0.35114 14907.3
0.35115 14907.3
0.35116 14907.3
0.35117 14907.3
0.35118 14907.3
0.35119 14907.3
0.35120 14907.3
0.35121 14907.3
0.35122 14907.3
0.35123 14907.3
0.35124 14907.3
0.35125 14907.3
0.35126 14907.3
0.35127 14907.3
0.35128 14907.3
0.35129 14907.3
0.35130 14907.3
0.35131 14907.3
0.35132 14907.3
0.35133 14907.3
0.35134 14907.3
0.35135 14907.3
0.35136 14907.3
0.35137 14907.3
0.35138 14907.3
0.35139 14907.3
0.35140 14907.3
0.35141 14907.3
0.35142 14907.3
0.35143 14907.3
0.35144 14907.3
0.35145 14907.3
0.35146 14907.3
0.35147 14907.3
0.35148 14907.3
0.35149 14907.3
0.35150 14907.3
0.35151 14907.3
0.35152 14907.3
0.35153 14907.3
0.35154 14907.3
0.35155 14907.3
0.35156 14907.3
0.35157 14907.3
0.35158 14907.3
0.35159 14907.3
0.35160 14907.3
0.35161 14907.3
0.35162 14907.3
0.35163 14907.3
0.35164 14907.3
0.35165 14907.3
0.35166 14907.3
0.35167 14907.3
0.35168 14907.3
0.35169 14907.3
0.35170 14907.3
0.35171 14907.3
0.35172 14907.3
0.35173 14907.3
0.35174 14907.3
0.35175 14907.3
0.35176 14907.3
0.35177 14907.3
0.35178 14907.3
0.35179 14907.3
0.35180 14907.3
0.35181 14907.3
0.35182 14907.3
0.35183 14907.3
0.35184 14907.3
0.35185 14907.3
0.35186 14907.3
0.35187 14907.3
0.35188 14907.3
0.35189 14907.3
0.35190 14907.3
0.35191 14907.3
0.35192 14907.3
0.35193 14907.3
0.35194 14907.3
0.35195 14907.3
0.35196 14907.3
0.35197 14907.3
0.35198 14907.3
0.35199 14907.3
0.35200 14907.3
0.35201 14907.3
0.35202 14907.3
0.35203 14907.3
0.35204 14907.3
0.35205 14907.3
0.35206 14907.3
0.35207 14907.3
0.35208 14907.3
0.35209 14907.3
0.35210 14907.3
0.35211 14907.3
0.35212 14907.3
0.35213 14907.3
0.35214 14907.3
0.35215 14907.3
0.35216 14907.3
0.35217 14907.3
0.35218 14907.3
0.35219 14907.3
0.35220 14907.3
0.35221 14907.3
0.35222 14907.3
0.35223 14907.3
0.35224 14907.3
0.35225 14907.3
0.35226 14907.3
0.35227 14907.3
0.35228 14907.3
0.35229 14907.3
0.35230 14907.3
0.35231 14907.3
0.35232 14907.3
0.35233 14907.3
0.35234 14907.3
0.35235 14907.3
0.35236 14907.3
0.35237 14907.3
0.35238 14907.3
0.35239 14907.3
0.35240 14907.3
0.35241 14907.3
0.35242 14907.3
0.35243 14907.3
0.35244 14907.3
0.35245 14907.3
0.35246 14907.3
0.35247 14907.3
0.35248 14907.3
0.35249 14907.3
0.35250 14907.3
0.35251 14907.3
0.35252 14907.3
0.35253 14907.3
0.35254 14907.3
0.35255 14907.3
0.35256 14907.3
0.35257 14907.3
0.35258 14907.3
0.35259 14907.3
0.35260 14907.3
0.35261 14907.3
0.35262 14907.3
0.35263 14907.3
0.35264 14907.3
0.35265 14907.3
0.35266 14907.3
0.35267 14907.3
0.35268 14907.3
0.35269 14907.3
0.35270 14907.3
0.35271 14907.3
0.35272 14907.3
0.35273 14907.3
0.35274 14907.3
0.35275 14907.3
0.35276 14907.3
0.35277 14907.3
0.35278 14907.3
0.35279 14907.3
0.35280 14907.3
0.35281 14907.3
0.35282 14907.3
0.35283 14907.3
0.35284 14907.3
0.35285 14907.3
0.35286 14907.3
0.35287 14907.3
0.35288 14907.3
0.35289 14907.3
0.35290 14907.3
0.35291 14907.3
0.35292 14907.3
0.35293 14907.3
0.35294 14907.3
0.35295 14907.3
0.35296 14907.3
0.35297 14907.3
0.35298 14907.3
0.35299 14907.3
0.35300 14907.3
0.35301 14907.3
0.35302 14907.3
0.35303 14907.3
0.35304 14907.3
0.35305 14907.3
0.35306 14907.3
0.35307 14907.3
0.35308 14907.3
0.35309 14907.3
0.35310 14907.3
0.35311 14907.3
0.35312 14907.3
0.35313 14907.3
0.35314 14907.3
0.35315 14907.3
0.35316 14907.3
0.35317 14907.3
0.35318 14907.3
0.35319 14907.3
0.35320 14907.3
0.35321 14907.3
0.35322 14907.3
0.35323 14907.3
0.35324 14907.3
0.35325 14907.3
0.35326 14907.3
0.35327 14907.3
0.35328 14907.3
0.35329 14907.3
0.35330 14907.3
0.35331 14907.3
0.35332 14907.3
0.35333 14907.3
0.35334 14907.3
0.35335 14907.3
0.35336 14907.3
0.35337 14907.3
0.35338 14907.3
0.35339 14907.3
0.35340 14907.3
0.35341 14907.3
0.35342 14907.3
0.35343 14907.3
0.35344 14907.3
0.35345 14907.3
0.35346 14907.3
0.35347 14907.3
0.35348 14907.3
0.35349 14907.3
0.35350 14907.3
0.35351 14907.3
0.35352 14907.3
0.35353 14907.3
0.35354 14907.3
0.35355 14907.3
0.35356 14907.3
0.35357 14907.3
0.35358 14907.3
0.35359 14907.3
0.35360 14907.3
0.35361 14907.3
0.35362 14907.3
0.35363 14907.3
0.35364 14907.3
0.35365 14907.3
0.35366 14907.3
0.35367 14907.3
0.35368 14907.3
0.35369 14907.3
0.35370 14907.3
0.35371 14907.3
0.35372 14907.3
0.35373 14907.3
0.35374 14907.3
0.35375 14907.3
0.35376 14907.3
0.35377 14907.3
0.35378 14907.3
0.35379 14907.3
0.35380 14907.3
0.35381 14907.3
0.35382 14907.3
0.35383 14907.3
0.35384 14907.3
0.35385 14907.3
0.35386 14907.3
0.35387 14907.3
0.35388 14907.3
0.35389 14907.3
0.35390 14907.3
0.35391 14907.3
0.35392 14907.3
0.35393 14907.3
0.35394 14907.3
0.35395 14907.3
0.35396 14907.3
0.35397 14907.3
0.35398 14907.3
0.35399 14907.3
0.35400 14907.3
0.35401 14907.3
0.35402 14907.3
0.35403 14907.3
0.35404 14907.3
0.35405 14907.3
0.35406 14907.3
0.35407 14907.3
0.35408 14907.3
0.35409 14907.3
0.35410 14907.3
0.35411 14907.3
0.35412 14907.3
0.35413 14907.3
0.35414 14907.3
0.35415 14907.3
0.35416 14907.3
0.35417 14907.3
0.35418 14907.3
0.35419 14907.3
0.35420 14907.3
0.35421 14907.3
0.35422 14907.3
0.35423 14907.3
0.35424 14907.3
0.35425 14907.3
0.35426 14907.3
0.35427 14907.3
0.35428 14907.3
0.35429 14907.3
0.35430 14907.3
0.35431 14907.3
0.35432 14907.3
0.35433 14907.3
0.35434 14907.3
0.35435 14907.3
0.35436 14907.3
0.35437 14907.3
0.35438 14907.3
0.35439 14907.3
0.35440 14907.3
0.35441 14907.3
0.35442 14907.3
0.35443 14907.3
0.35444 14907.3
0.35445 14907.3
0.35446 14907.3
0.35447 14907.3
0.35448 14907.3
0.35449 14907.3
0.35450 14907.3
0.35451 14907.3
0.35452 14907.3
0.35453 14907.3
0.35454 14907.3
0.35455 14907.3
0.35456 14907.3
0.35457 14907.3
0.35458 14907.3
0.35459 14907.3
0.35460 14907.3
0.35461 14907.3
0.35462 14907.3
0.35463 14907.3
0.35464 14907.3
0.35465 14907.3
0.35466 14907.3
0.35467 14907.3
0.35468 14907.3
0.35469 14907.3
0.35470 14907.3
0.35471 14907.3
0.35472 14907.3
0.35473 14907.3
0.35474 14907.3
0.35475 14907.3
0.35476 14907.3
0.35477 14907.3
0.35478 14907.3
0.35479 14907.3
0.35480 14907.3
0.35481 14907.3
0.35482 14907.3
0.35483 14907.3
0.35484 14907.3
0.35485 14907.3
0.35486 14907.3
0.35487 14907.3
0.35488 14907.3
0.35489 14907.3
0.35490 14907.3
0.35491 14907.3
0.35492 14907.3
0.35493 14907.3
0.35494 14907.3
0.35495 14907.3
0.35496 14907.3
0.35497 14907.3
0.35498 14907.3
0.35499 14907.3
0.35500 14907.3
0.35501 14907.3
0.35502 14907.3
0.35503 14907.3
0.35504 14907.3
0.35505 14907.3
0.35506 14907.3
0.35507 14907.3
0.35508 14907.3
0.35509 14907.3
0.35510 14907.3
0.35511 14907.3
0.35512 14907.3
0.35513 14907.3
0.35514 14907.3
0.35515 14907.3
0.35516 14907.3
0.35517 14907.3
0.35518 14907.3
0.35519 14907.3
0.35520 14907.3
0.35521 14907.3
0.35522 14907.3
0.35523 14907.3
0.35524 14907.3
0.35525 14907.3
0.35526 14907.3
0.35527 14907.3
0.35528 14907.3
0.35529 14907.3
0.35530 14907.3
0.35531 14907.3
0.35532 14907.3
0.35533 14907.3
0.35534 14907.3
0.35535 14907.3
0.35536 14907.3
0.35537 14907.3
0.35538 14907.3
0.35539 14907.3
0.35540 14907.3
0.35541 14907.3
0.35542 14907.3
0.35543 14907.3
0.35544 14907.3
0.35545 14907.3
0.35546 14907.3
0.35547 14907.3
0.35548 14907.3
0.35549 14907.3
0.35550 14907.3
0.35551 14907.3
0.35552 14907.3
0.35553 14907.3
0.35554 14907.3
0.35555 14907.3
0.35556 14907.3
0.35557 14907.3
0.35558 14907.3
0.35559 14907.3
0.35560 14907.3
0.35561 14907.3
0.35562 14907.3
0.35563 14907.3
0.35564 14907.3
0.35565 14907.3
0.35566 14907.3
0.35567 14907.3
0.35568 14907.3
0.35569 14907.3
0.35570 14907.3
0.35571 14907.3
0.35572 14907.3
0.35573 14907.3
0.35574 14907.3
0.35575 14907.3
0.35576 14907.3
0.35577 14907.3
0.35578 14907.3
0.35579 14907.3
0.35580 14907.3
0.35581 14907.3
0.35582 14907.3
0.35583 14907.3
0.35584 14907.3
0.35585 14907.3
0.35586 14907.3
0.35587 14907.3
0.35588 14907.3
0.35589 14907.3
0.35590 14907.3
0.35591 14907.3
0.35592 14907.3
0.35593 14907.3
0.35594 14907.3
0.35595 14907.3
0.35596 14907.3
0.35597 14907.3
0.35598 14907.3
0.35599 14907.3
0.35600 14907.3
0.35601 14907.3
0.35602 14907.3
0.35603 14907.3
0.35604 14907.3
0.35605 14907.3
0.35606 14907.3
0.35607 14907.3
0.35608 14907.3
0.35609 14907.3
0.35610 14907.3
0.35611 14907.3
0.35612 14907.3
0.35613 14907.3
0.35614 14907.3
0.35615 14907.3
0.35616 14907.3
0.35617 14907.3
0.35618 14907.3
0.35619 14907.3
0.35620 14907.3
0.35621 14907.3
0.35622 14907.3
0.35623 14907.3
0.35624 14907.3
0.35625 14907.3
0.35626 14907.3
0.35627 14907.3
0.35628 14907.3
0.35629 14907.3
0.35630 14907.3
0.35631 14907.3
0.35632 14907.3
0.35633 14907.3
0.35634 14907.3
0.35635 14907.3
0.35636 14907.3
0.35637 14907.3
0.35638 14907.3
0.35639 14907.3
0.35640 14907.3
0.35641 14907.3
0.35642 14907.3
0.35643 14907.3
0.35644 14907.3
0.35645 14907.3
0.35646 14907.3
0.35647 14907.3
0.35648 14907.3
0.35649 14907.3
0.35650 14907.3
0.35651 14907.3
0.35652 14907.3
0.35653 14907.3
0.35654 14907.3
0.35655 14907.3
0.35656 14907.3
0.35657 14907.3
0.35658 14907.3
0.35659 14907.3
0.35660 14907.3
0.35661 14907.3
0.35662 14907.3
0.35663 14907.3
0.35664 14907.3
0.35665 14907.3
0.35666 14907.3
0.35667 14907.3
0.35668 14907.3
0.35669 14907.3
0.35670 14907.3
0.35671 14907.3
0.35672 14907.3
0.35673 14907.3
0.35674 14907.3
0.35675 14907.3
0.35676 14907.3
0.35677 14907.3
0.35678 14907.3
0.35679 14907.3
0.35680 14907.3
0.35681 14907.3
0.35682 14907.3
0.35683 14907.3
0.35684 14907.3
0.35685 14907.3
0.35686 14907.3
0.35687 14907.3
0.35688 14907.3
0.35689 14907.3
0.35690 14907.3
0.35691 14907.3
0.35692 14907.3
0.35693 14907.3
0.35694 14907.3
0.35695 14907.3
0.35696 14907.3
0.35697 14907.3
0.35698 14907.3
0.35699 14907.3
0.35700 14907.3
0.35701 14907.3
0.35702 14907.3
0.35703 14907.3
0.35704 14907.3
0.35705 14907.3
0.35706 14907.3
0.35707 14907.3
0.35708 14907.3
0.35709 14907.3
0.35710 14907.3
0.35711 14907.3
0.35712 14907.3
0.35713 14907.3
0.35714 14907.3
0.35715 14907.3
0.35716 14907.3
0.35717 14907.3
0.35718 14907.3
0.35719 14907.3
0.35720 14907.3
0.35721 14907.3
0.35722 14907.3
0.35723 14907.3
0.35724 14907.3
0.35725 14907.3
0.35726 14907.3
0.35727 14907.3
0.35728 14907.3
0.35729 14907.3
0.35730 14907.3
0.35731 14907.3
0.35732 14907.3
0.35733 14907.3
0.35734 14907.3
0.35735 14907.3
0.35736 14907.3
0.35737 14907.3
0.35738 14907.3
0.35739 14907.3
0.35740 14907.3
0.35741 14907.3
0.35742 14907.3
0.35743 14907.3
0.35744 14907.3
0.35745 14907.3
0.35746 14907.3
0.35747 14907.3
0.35748 14907.3
0.35749 14907.3
0.35750 14907.3
0.35751 14907.3
0.35752 14907.3
0.35753 14907.3
0.35754 14907.3
0.35755 14907.3
0.35756 14907.3
0.35757 14907.3
0.35758 14907.3
0.35759 14907.3
0.35760 14907.3
0.35761 14907.3
0.35762 14907.3
0.35763 14907.3
0.35764 14907.3
0.35765 14907.3
0.35766 14907.3
0.35767 14907.3
0.35768 14907.3
0.35769 14907.3
0.35770 14907.3
0.35771 14907.3
0.35772 14907.3
0.35773 14907.3
0.35774 14907.3
0.35775 14907.3
0.35776 14907.3
0.35777 14907.3
0.35778 14907.3
0.35779 14907.3
0.35780 14907.3
0.35781 14907.3
0.35782 14907.3
0.35783 14907.3
0.35784 14907.3
0.35785 14907.3
0.35786 14907.3
0.35787 14907.3
0.35788 14907.3
0.35789 14907.3
0.35790 14907.3
0.35791 14907.3
0.35792 14907.3
0.35793 14907.3
0.35794 14907.3
0.35795 14907.3
0.35796 14907.3
0.35797 14907.3
0.35798 14907.3
0.35799 14907.3
0.35800 14907.3
0.35801 14907.3
0.35802 14907.3
0.35803 14907.3
0.35804 14907.3
0.35805 14907.3
0.35806 14907.3
0.35807 14907.3
0.35808 14907.3
0.35809 14907.3
0.35810 14907.3
0.35811 14907.3
0.35812 14907.3
0.35813 14907.3
0.35814 14907.3
0.35815 14907.3
0.35816 14907.3
0.35817 14907.3
0.35818 14907.3
0.35819 14907.3
0.35820 14907.3
0.35821 14907.3
0.35822 14907.3
0.35823 14907.3
0.35824 14907.3
0.35825 14907.3
0.35826 14907.3
0.35827 14907.3
0.35828 14907.3
0.35829 14907.3
0.35830 14907.3
0.35831 14907.3
0.35832 14907.3
0.35833 14907.3
0.35834 14907.3
0.35835 14907.3
0.35836 14907.3
0.35837 14907.3
0.35838 14907.3
0.35839 14907.3
0.35840 14907.3
0.35841 14907.3
0.35842 14907.3
0.35843 14907.3
0.35844 14907.3
0.35845 14907.3
0.35846 14907.3
0.35847 14907.3
0.35848 14907.3
0.35849 14907.3
0.35850 14907.3
0.35851 14907.3
0.35852 14907.3
0.35853 14907.3
0.35854 14907.3
0.35855 14907.3
0.35856 14907.3
0.35857 14907.3
0.35858 14907.3
0.35859 14907.3
0.35860 14907.3
0.35861 14907.3
0.35862 14907.3
0.35863 14907.3
0.35864 14907.3
0.35865 14907.3
0.35866 14907.3
0.35867 14907.3
0.35868 14907.3
0.35869 14907.3
0.35870 14907.3
0.35871 14907.3
0.35872 14907.3
0.35873 14907.3
0.35874 14907.3
0.35875 14907.3
0.35876 14907.3
0.35877 14907.3
0.35878 14907.3
0.35879 14907.3
0.35880 14907.3
0.35881 14907.3
0.35882 14907.3
0.35883 14907.3
0.35884 14907.3
0.35885 14907.3
0.35886 14907.3
0.35887 14907.3
0.35888 14907.3
0.35889 14907.3
0.35890 14907.3
0.35891 14907.3
0.35892 14907.3
0.35893 14907.3
0.35894 14907.3
0.35895 14907.3
0.35896 14907.3
0.35897 14907.3
0.35898 14907.3
0.35899 14907.3
0.35900 14907.3
0.35901 14907.3
0.35902 14907.3
0.35903 14907.3
0.35904 14907.3
0.35905 14907.3
0.35906 14907.3
0.35907 14907.3
0.35908 14907.3
0.35909 14907.3
0.35910 14907.3
0.35911 14907.3
0.35912 14907.3
0.35913 14907.3
0.35914 14907.3
0.35915 14907.3
0.35916 14907.3
0.35917 14907.3
0.35918 14907.3
0.35919 14907.3
0.35920 14907.3
0.35921 14907.3
0.35922 14907.3
0.35923 14907.3
0.35924 14907.3
0.35925 14907.3
0.35926 14907.3
0.35927 14907.3
0.35928 14907.3
0.35929 14907.3
0.35930 14907.3
0.35931 14907.3
0.35932 14907.3
0.35933 14907.3
0.35934 14907.3
0.35935 14907.3
0.35936 14907.3
0.35937 14907.3
0.35938 14907.3
0.35939 14907.3
0.35940 14907.3
0.35941 14907.3
0.35942 14907.3
0.35943 14907.3
0.35944 14907.3
0.35945 14907.3
0.35946 14907.3
0.35947 14907.3
0.35948 14907.3
0.35949 14907.3
0.35950 14907.3
0.35951 14907.3
0.35952 14907.3
0.35953 14907.3
0.35954 14907.3
0.35955 14907.3
0.35956 14907.3
0.35957 14907.3
0.35958 14907.3
0.35959 14907.3
0.35960 14907.3
0.35961 14907.3
0.35962 14907.3
0.35963 14907.3
0.35964 14907.3
0.35965 14907.3
0.35966 14907.3
0.35967 14907.3
0.35968 14907.3
0.35969 14907.3
0.35970 14907.3
0.35971 14907.3
0.35972 14907.3
0.35973 14907.3
0.35974 14907.3
0.35975 14907.3
0.35976 14907.3
0.35977 14907.3
0.35978 14907.3
0.35979 14907.3
0.35980 14907.3
0.35981 14907.3
0.35982 14907.3
0.35983 14907.3
0.35984 14907.3
0.35985 14907.3
0.35986 14907.3
0.35987 14907.3
0.35988 14907.3
0.35989 14907.3
0.35990 14907.3
0.35991 14907.3
0.35992 14907.3
0.35993 14907.3
0.35994 14907.3
0.35995 14907.3
0.35996 14907.3
0.35997 14907.3
0.35998 14907.3
0.35999 14907.3
0.36000 14907.3
0.36001 14907.3
0.36002 14907.3
0.36003 14907.3
0.36004 14907.3
0.36005 14907.3
0.36006 14907.3
0.36007 14907.3
0.36008 14907.3
0.36009 14907.3
0.36010 14907.3
0.36011 14907.3
0.36012 14907.3
0.36013 14907.3
0.36014 14907.3
0.36015 14907.3
0.36016 14907.3
0.36017 14907.3
0.36018 14907.3
0.36019 14907.3
0.36020 14907.3
0.36021 14907.3
0.36022 14907.3
0.36023 14907.3
0.36024 14907.3
0.36025 14907.3
0.36026 14907.3
0.36027 14907.3
0.36028 14907.3
0.36029 14907.3
0.36030 14907.3
0.36031 14907.3
0.36032 14907.3
0.36033 14907.3
0.36034 14907.3
0.36035 14907.3
0.36036 14907.3
0.36037 14907.3
0.36038 14907.3
0.36039 14907.3
0.36040 14907.3
0.36041 14907.3
0.36042 14907.3
0.36043 14907.3
0.36044 14907.3
0.36045 14907.3
0.36046 14907.3
0.36047 14907.3
0.36048 14907.3
0.36049 14907.3
0.36050 14907.3
0.36051 14907.3
0.36052 14907.3
0.36053 14907.3
0.36054 14907.3
0.36055 14907.3
0.36056 14907.3
0.36057 14907.3
0.36058 14907.3
0.36059 14907.3
0.36060 14907.3
0.36061 14907.3
0.36062 14907.3
0.36063 14907.3
0.36064 14907.3
0.36065 14907.3
0.36066 14907.3
0.36067 14907.3
0.36068 14907.3
0.36069 14907.3
0.36070 14907.3
0.36071 14907.3
0.36072 14907.3
0.36073 14907.3
0.36074 14907.3
0.36075 14907.3
0.36076 14907.3
0.36077 14907.3
0.36078 14907.3
0.36079 14907.3
0.36080 14907.3
0.36081 14907.3
0.36082 14907.3
0.36083 14907.3
0.36084 14907.3
0.36085 14907.3
0.36086 14907.3
0.36087 14907.3
0.36088 14907.3
0.36089 14907.3
0.36090 14907.3
0.36091 14907.3
0.36092 14907.3
0.36093 14907.3
0.36094 14907.3
0.36095 14907.3
0.36096 14907.3
0.36097 14907.3
0.36098 14907.3
0.36099 14907.3
0.36100 14907.3
0.36101 14907.3
0.36102 14907.3
0.36103 14907.3
0.36104 14907.3
0.36105 14907.3
0.36106 14907.3
0.36107 14907.3
0.36108 14907.3
0.36109 14907.3
0.36110 14907.3
0.36111 14907.3
0.36112 14907.3
0.36113 14907.3
0.36114 14907.3
0.36115 14907.3
0.36116 14907.3
0.36117 14907.3
0.36118 14907.3
0.36119 14907.3
0.36120 14907.3
0.36121 14907.3
0.36122 14907.3
0.36123 14907.3
0.36124 14907.3
0.36125 14907.3
0.36126 14907.3
0.36127 14907.3
0.36128 14907.3
0.36129 14907.3
0.36130 14907.3
0.36131 14907.3
0.36132 14907.3
0.36133 14907.3
0.36134 14907.3
0.36135 14907.3
0.36136 14907.3
0.36137 14907.3
0.36138 14907.3
0.36139 14907.3
0.36140 14907.3
0.36141 14907.3
0.36142 14907.3
0.36143 14907.3
0.36144 14907.3
0.36145 14907.3
0.36146 14907.3
0.36147 14907.3
0.36148 14907.3
0.36149 14907.3
0.36150 14907.3
0.36151 14907.3
0.36152 14907.3
0.36153 14907.3
0.36154 14907.3
0.36155 14907.3
0.36156 14907.3
0.36157 14907.3
0.36158 14907.3
0.36159 14907.3
0.36160 14907.3
0.36161 14907.3
0.36162 14907.3
0.36163 14907.3
0.36164 14907.3
0.36165 14907.3
0.36166 14907.3
0.36167 14907.3
0.36168 14907.3
0.36169 14907.3
0.36170 14907.3
0.36171 14907.3
0.36172 14907.3
0.36173 14907.3
0.36174 14907.3
0.36175 14907.3
0.36176 14907.3
0.36177 14907.3
0.36178 14907.3
0.36179 14907.3
0.36180 14907.3
0.36181 14907.3
0.36182 14907.3
0.36183 14907.3
0.36184 14907.3
0.36185 14907.3
0.36186 14907.3
0.36187 14907.3
0.36188 14907.3
0.36189 14907.3
0.36190 14907.3
0.36191 14907.3
0.36192 14907.3
0.36193 14907.3
0.36194 14907.3
0.36195 14907.3
0.36196 14907.3
0.36197 14907.3
0.36198 14907.3
0.36199 14907.3
0.36200 14907.3
0.36201 14907.3
0.36202 14907.3
0.36203 14907.3
0.36204 14907.3
0.36205 14907.3
0.36206 14907.3
0.36207 14907.3
0.36208 14907.3
0.36209 14907.3
0.36210 14907.3
0.36211 14907.3
0.36212 14907.3
0.36213 14907.3
0.36214 14907.3
0.36215 14907.3
0.36216 14907.3
0.36217 14907.3
0.36218 14907.3
0.36219 14907.3
0.36220 14907.3
0.36221 14907.3
0.36222 14907.3
0.36223 14907.3
0.36224 14907.3
0.36225 14907.3
0.36226 14907.3
0.36227 14907.3
0.36228 14907.3
0.36229 14907.3
0.36230 14907.3
0.36231 14907.3
0.36232 14907.3
0.36233 14907.3
0.36234 14907.3
0.36235 14907.3
0.36236 14907.3
0.36237 14907.3
0.36238 14907.3
0.36239 14907.3
0.36240 14907.3
0.36241 14907.3
0.36242 14907.3
0.36243 14907.3
0.36244 14907.3
0.36245 14907.3
0.36246 14907.3
0.36247 14907.3
0.36248 14907.3
0.36249 14907.3
0.36250 14907.3
0.36251 14907.3
0.36252 14907.3
0.36253 14907.3
0.36254 14907.3
0.36255 14907.3
0.36256 14907.3
0.36257 14907.3
0.36258 14907.3
0.36259 14907.3
0.36260 14907.3
0.36261 14907.3
0.36262 14907.3
0.36263 14907.3
0.36264 14907.3
0.36265 14907.3
0.36266 14907.3
0.36267 14907.3
0.36268 14907.3
0.36269 14907.3
0.36270 14907.3
0.36271 14907.3
0.36272 14907.3
0.36273 14907.3
0.36274 14907.3
0.36275 14907.3
0.36276 14907.3
0.36277 14907.3
0.36278 14907.3
0.36279 14907.3
0.36280 14907.3
0.36281 14907.3
0.36282 14907.3
0.36283 14907.3
0.36284 14907.3
0.36285 14907.3
0.36286 14907.3
0.36287 14907.3
0.36288 14907.3
0.36289 14907.3
0.36290 14907.3
0.36291 14907.3
0.36292 14907.3
0.36293 14907.3
0.36294 14907.3
0.36295 14907.3
0.36296 14907.3
0.36297 14907.3
0.36298 14907.3
0.36299 14907.3
0.36300 14907.3
0.36301 14907.3
0.36302 14907.3
0.36303 14907.3
0.36304 14907.3
0.36305 14907.3
0.36306 14907.3
0.36307 14907.3
0.36308 14907.3
0.36309 14907.3
0.36310 14907.3
0.36311 14907.3
0.36312 14907.3
0.36313 14907.3
0.36314 14907.3
0.36315 14907.3
0.36316 14907.3
0.36317 14907.3
0.36318 14907.3
0.36319 14907.3
0.36320 14907.3
0.36321 14907.3
0.36322 14907.3
0.36323 14907.3
0.36324 14907.3
0.36325 14907.3
0.36326 14907.3
0.36327 14907.3
0.36328 14907.3
0.36329 14907.3
0.36330 14907.3
0.36331 14907.3
0.36332 14907.3
0.36333 14907.3
0.36334 14907.3
0.36335 14907.3
0.36336 14907.3
0.36337 14907.3
0.36338 14907.3
0.36339 14907.3
0.36340 14907.3
0.36341 14907.3
0.36342 14907.3
0.36343 14907.3
0.36344 14907.3
0.36345 14907.3
0.36346 14907.3
0.36347 14907.3
0.36348 14907.3
0.36349 14907.3
0.36350 14907.3
0.36351 14907.3
0.36352 14907.3
0.36353 14907.3
0.36354 14907.3
0.36355 14907.3
0.36356 14907.3
0.36357 14907.3
0.36358 14907.3
0.36359 14907.3
0.36360 14907.3
0.36361 14907.3
0.36362 14907.3
0.36363 14907.3
0.36364 14907.3
0.36365 14907.3
0.36366 14907.3
0.36367 14907.3
0.36368 14907.3
0.36369 14907.3
0.36370 14907.3
0.36371 14907.3
0.36372 14907.3
0.36373 14907.3
0.36374 14907.3
0.36375 14907.3
0.36376 14907.3
0.36377 14907.3
0.36378 14907.3
0.36379 14907.3
0.36380 14907.3
0.36381 14907.3
0.36382 14907.3
0.36383 14907.3
0.36384 14907.3
0.36385 14907.3
0.36386 14907.3
0.36387 14907.3
0.36388 14907.3
0.36389 14907.3
0.36390 14907.3
0.36391 14907.3
0.36392 14907.3
0.36393 14907.3
0.36394 14907.3
0.36395 14907.3
0.36396 14907.3
0.36397 14907.3
0.36398 14907.3
0.36399 14907.3
0.36400 14907.3
0.36401 14907.3
0.36402 14907.3
0.36403 14907.3
0.36404 14907.3
0.36405 14907.3
0.36406 14907.3
0.36407 14907.3
0.36408 14907.3
0.36409 14907.3
0.36410 14907.3
0.36411 14907.3
0.36412 14907.3
0.36413 14907.3
0.36414 14907.3
0.36415 14907.3
0.36416 14907.3
0.36417 14907.3
0.36418 14907.3
0.36419 14907.3
0.36420 14907.3
0.36421 14907.3
0.36422 14907.3
0.36423 14907.3
0.36424 14907.3
0.36425 14907.3
0.36426 14907.3
0.36427 14907.3
0.36428 14907.3
0.36429 14907.3
0.36430 14907.3
0.36431 14907.3
0.36432 14907.3
0.36433 14907.3
0.36434 14907.3
0.36435 14907.3
0.36436 14907.3
0.36437 14907.3
0.36438 14907.3
0.36439 14907.3
0.36440 14907.3
0.36441 14907.3
0.36442 14907.3
0.36443 14907.3
0.36444 14907.3
0.36445 14907.3
0.36446 14907.3
0.36447 14907.3
0.36448 14907.3
0.36449 14907.3
0.36450 14907.3
0.36451 14907.3
0.36452 14907.3
0.36453 14907.3
0.36454 14907.3
0.36455 14907.3
0.36456 14907.3
0.36457 14907.3
0.36458 14907.3
0.36459 14907.3
0.36460 14907.3
0.36461 14907.3
0.36462 14907.3
0.36463 14907.3
0.36464 14907.3
0.36465 14907.3
0.36466 14907.3
0.36467 14907.3
0.36468 14907.3
0.36469 14907.3
0.36470 14907.3
0.36471 14907.3
0.36472 14907.3
0.36473 14907.3
0.36474 14907.3
0.36475 14907.3
0.36476 14907.3
0.36477 14907.3
0.36478 14907.3
0.36479 14907.3
0.36480 14907.3
0.36481 14907.3
0.36482 14907.3
0.36483 14907.3
0.36484 14907.3
0.36485 14907.3
0.36486 14907.3
0.36487 14907.3
0.36488 14907.3
0.36489 14907.3
0.36490 14907.3
0.36491 14907.3
0.36492 14907.3
0.36493 14907.3
0.36494 14907.3
0.36495 14907.3
0.36496 14907.3
0.36497 14907.3
0.36498 14907.3
0.36499 14907.3
0.36500 14907.3
0.36501 14907.3
0.36502 14907.3
0.36503 14907.3
0.36504 14907.3
0.36505 14907.3
0.36506 14907.3
0.36507 14907.3
0.36508 14907.3
0.36509 14907.3
0.36510 14907.3
0.36511 14907.3
0.36512 14907.3
0.36513 14907.3
0.36514 14907.3
0.36515 14907.3
0.36516 14907.3
0.36517 14907.3
0.36518 14907.3
0.36519 14907.3
0.36520 14907.3
0.36521 14907.3
0.36522 14907.3
0.36523 14907.3
0.36524 14907.3
0.36525 14907.3
0.36526 14907.3
0.36527 14907.3
0.36528 14907.3
0.36529 14907.3
0.36530 14907.3
0.36531 14907.3
0.36532 14907.3
0.36533 14907.3
0.36534 14907.3
0.36535 14907.3
0.36536 14907.3
0.36537 14907.3
0.36538 14907.3
0.36539 14907.3
0.36540 14907.3
0.36541 14907.3
0.36542 14907.3
0.36543 14907.3
0.36544 14907.3
0.36545 14907.3
0.36546 14907.3
0.36547 14907.3
0.36548 14907.3
0.36549 14907.3
0.36550 14907.3
0.36551 14907.3
0.36552 14907.3
0.36553 14907.3
0.36554 14907.3
0.36555 14907.3
0.36556 14907.3
0.36557 14907.3
0.36558 14907.3
0.36559 14907.3
0.36560 14907.3
0.36561 14907.3
0.36562 14907.3
0.36563 14907.3
0.36564 14907.3
0.36565 14907.3
0.36566 14907.3
0.36567 14907.3
0.36568 14907.3
0.36569 14907.3
0.36570 14907.3
0.36571 14907.3
0.36572 14907.3
0.36573 14907.3
0.36574 14907.3
0.36575 14907.3
0.36576 14907.3
0.36577 14907.3
0.36578 14907.3
0.36579 14907.3
0.36580 14907.3
0.36581 14907.3
0.36582 14907.3
0.36583 14907.3
0.36584 14907.3
0.36585 14907.3
0.36586 14907.3
0.36587 14907.3
0.36588 14907.3
0.36589 14907.3
0.36590 14907.3
0.36591 14907.3
0.36592 14907.3
0.36593 14907.3
0.36594 14907.3
0.36595 14907.3
0.36596 14907.3
0.36597 14907.3
0.36598 14907.3
0.36599 14907.3
0.36600 14907.3
0.36601 14907.3
0.36602 14907.3
0.36603 14907.3
0.36604 14907.3
0.36605 14907.3
0.36606 14907.3
0.36607 14907.3
0.36608 14907.3
0.36609 14907.3
0.36610 14907.3
0.36611 14907.3
0.36612 14907.3
0.36613 14907.3
0.36614 14907.3
0.36615 14907.3
0.36616 14907.3
0.36617 14907.3
0.36618 14907.3
0.36619 14907.3
0.36620 14907.3
0.36621 14907.3
0.36622 14907.3
0.36623 14907.3
0.36624 14907.3
0.36625 14907.3
0.36626 14907.3
0.36627 14907.3
0.36628 14907.3
0.36629 14907.3
0.36630 14907.3
0.36631 14907.3
0.36632 14907.3
0.36633 14907.3
0.36634 14907.3
0.36635 14907.3
0.36636 14907.3
0.36637 14907.3
0.36638 14907.3
0.36639 14907.3
0.36640 14907.3
0.36641 14907.3
0.36642 14907.3
0.36643 14907.3
0.36644 14907.3
0.36645 14907.3
0.36646 14907.3
0.36647 14907.3
0.36648 14907.3
0.36649 14907.3
0.36650 14907.3
0.36651 14907.3
0.36652 14907.3
0.36653 14907.3
0.36654 14907.3
0.36655 14907.3
0.36656 14907.3
0.36657 14907.3
0.36658 14907.3
0.36659 14907.3
0.36660 14907.3
0.36661 14907.3
0.36662 14907.3
0.36663 14907.3
0.36664 14907.3
0.36665 14907.3
0.36666 14907.3
0.36667 14907.3
0.36668 14907.3
0.36669 14907.3
0.36670 14907.3
0.36671 14907.3
0.36672 14907.3
0.36673 14907.3
0.36674 14907.3
0.36675 14907.3
0.36676 14907.3
0.36677 14907.3
0.36678 14907.3
0.36679 14907.3
0.36680 14907.3
0.36681 14907.3
0.36682 14907.3
0.36683 14907.3
0.36684 14907.3
0.36685 14907.3
0.36686 14907.3
0.36687 14907.3
0.36688 14907.3
0.36689 14907.3
0.36690 14907.3
0.36691 14907.3
0.36692 14907.3
0.36693 14907.3
0.36694 14907.3
0.36695 14907.3
0.36696 14907.3
0.36697 14907.3
0.36698 14907.3
0.36699 14907.3
0.36700 14907.3
0.36701 14907.3
0.36702 14907.3
0.36703 14907.3
0.36704 14907.3
0.36705 14907.3
0.36706 14907.3
0.36707 14907.3
0.36708 14907.3
0.36709 14907.3
0.36710 14907.3
0.36711 14907.3
0.36712 14907.3
0.36713 14907.3
0.36714 14907.3
0.36715 14907.3
0.36716 14907.3
0.36717 14907.3
0.36718 14907.3
0.36719 14907.3
0.36720 14907.3
0.36721 14907.3
0.36722 14907.3
0.36723 14907.3
0.36724 14907.3
0.36725 14907.3
0.36726 14907.3
0.36727 14907.3
0.36728 14907.3
0.36729 14907.3
0.36730 14907.3
0.36731 14907.3
0.36732 14907.3
0.36733 14907.3
0.36734 14907.3
0.36735 14907.3
0.36736 14907.3
0.36737 14907.3
0.36738 14907.3
0.36739 14907.3
0.36740 14907.3
0.36741 14907.3
0.36742 14907.3
0.36743 14907.3
0.36744 14907.3
0.36745 14907.3
0.36746 14907.3
0.36747 14907.3
0.36748 14907.3
0.36749 14907.3
0.36750 14907.3
0.36751 14907.3
0.36752 14907.3
0.36753 14907.3
0.36754 14907.3
0.36755 14907.3
0.36756 14907.3
0.36757 14907.3
0.36758 14907.3
0.36759 14907.3
0.36760 14907.3
0.36761 14907.3
0.36762 14907.3
0.36763 14907.3
0.36764 14907.3
0.36765 14907.3
0.36766 14907.3
0.36767 14907.3
0.36768 14907.3
0.36769 14907.3
0.36770 14907.3
0.36771 14907.3
0.36772 14907.3
0.36773 14907.3
0.36774 14907.3
0.36775 14907.3
0.36776 14907.3
0.36777 14907.3
0.36778 14907.3
0.36779 14907.3
0.36780 14907.3
0.36781 14907.3
0.36782 14907.3
0.36783 14907.3
0.36784 14907.3
0.36785 14907.3
0.36786 14907.3
0.36787 14907.3
0.36788 14907.3
0.36789 14907.3
0.36790 14907.3
0.36791 14907.3
0.36792 14907.3
0.36793 14907.3
0.36794 14907.3
0.36795 14907.3
0.36796 14907.3
0.36797 14907.3
0.36798 14907.3
0.36799 14907.3
0.36800 14907.3
0.36801 14907.3
0.36802 14907.3
0.36803 14907.3
0.36804 14907.3
0.36805 14907.3
0.36806 14907.3
0.36807 14907.3
0.36808 14907.3
0.36809 14907.3
0.36810 14907.3
0.36811 14907.3
0.36812 14907.3
0.36813 14907.3
0.36814 14907.3
0.36815 14907.3
0.36816 14907.3
0.36817 14907.3
0.36818 14907.3
0.36819 14907.3
0.36820 14907.3
0.36821 14907.3
0.36822 14907.3
0.36823 14907.3
0.36824 14907.3
0.36825 14907.3
0.36826 14907.3
0.36827 14907.3
0.36828 14907.3
0.36829 14907.3
0.36830 14907.3
0.36831 14907.3
0.36832 14907.3
0.36833 14907.3
0.36834 14907.3
0.36835 14907.3
0.36836 14907.3
0.36837 14907.3
0.36838 14907.3
0.36839 14907.3
0.36840 14907.3
0.36841 14907.3
0.36842 14907.3
0.36843 14907.3
0.36844 14907.3
0.36845 14907.3
0.36846 14907.3
0.36847 14907.3
0.36848 14907.3
0.36849 14907.3
0.36850 14907.3
0.36851 14907.3
0.36852 14907.3
0.36853 14907.3
0.36854 14907.3
0.36855 14907.3
0.36856 14907.3
0.36857 14907.3
0.36858 14907.3
0.36859 14907.3
0.36860 14907.3
0.36861 14907.3
0.36862 14907.3
0.36863 14907.3
0.36864 14907.3
0.36865 14907.3
0.36866 14907.3
0.36867 14907.3
0.36868 14907.3
0.36869 14907.3
0.36870 14907.3
0.36871 14907.3
0.36872 14907.3
0.36873 14907.3
0.36874 14907.3
0.36875 14907.3
0.36876 14907.3
0.36877 14907.3
0.36878 14907.3
0.36879 14907.3
0.36880 14907.3
0.36881 14907.3
0.36882 14907.3
0.36883 14907.3
0.36884 14907.3
0.36885 14907.3
0.36886 14907.3
0.36887 14907.3
0.36888 14907.3
0.36889 14907.3
0.36890 14907.3
0.36891 14907.3
0.36892 14907.3
0.36893 14907.3
0.36894 14907.3
0.36895 14907.3
0.36896 14907.3
0.36897 14907.3
0.36898 14907.3
0.36899 14907.3
0.36900 14907.3
0.36901 14907.3
0.36902 14907.3
0.36903 14907.3
0.36904 14907.3
0.36905 14907.3
0.36906 14907.3
0.36907 14907.3
0.36908 14907.3
0.36909 14907.3
0.36910 14907.3
0.36911 14907.3
0.36912 14907.3
0.36913 14907.3
0.36914 14907.3
0.36915 14907.3
0.36916 14907.3
0.36917 14907.3
0.36918 14907.3
0.36919 14907.3
0.36920 14907.3
0.36921 14907.3
0.36922 14907.3
0.36923 14907.3
0.36924 14907.3
0.36925 14907.3
0.36926 14907.3
0.36927 14907.3
0.36928 14907.3
0.36929 14907.3
0.36930 14907.3
0.36931 14907.3
0.36932 14907.3
0.36933 14907.3
0.36934 14907.3
0.36935 14907.3
0.36936 14907.3
0.36937 14907.3
0.36938 14907.3
0.36939 14907.3
0.36940 14907.3
0.36941 14907.3
0.36942 14907.3
0.36943 14907.3
0.36944 14907.3
0.36945 14907.3
0.36946 14907.3
0.36947 14907.3
0.36948 14907.3
0.36949 14907.3
0.36950 14907.3
0.36951 14907.3
0.36952 14907.3
0.36953 14907.3
0.36954 14907.3
0.36955 14907.3
0.36956 14907.3
0.36957 14907.3
0.36958 14907.3
0.36959 14907.3
0.36960 14907.3
0.36961 14907.3
0.36962 14907.3
0.36963 14907.3
0.36964 14907.3
0.36965 14907.3
0.36966 14907.3
0.36967 14907.3
0.36968 14907.3
0.36969 14907.3
0.36970 14907.3
0.36971 14907.3
0.36972 14907.3
0.36973 14907.3
0.36974 14907.3
0.36975 14907.3
0.36976 14907.3
0.36977 14907.3
0.36978 14907.3
0.36979 14907.3
0.36980 14907.3
0.36981 14907.3
0.36982 14907.3
0.36983 14907.3
0.36984 14907.3
0.36985 14907.3
0.36986 14907.3
0.36987 14907.3
0.36988 14907.3
0.36989 14907.3
0.36990 14907.3
0.36991 14907.3
0.36992 14907.3
0.36993 14907.3
0.36994 14907.3
0.36995 14907.3
0.36996 14907.3
0.36997 14907.3
0.36998 14907.3
0.36999 14907.3
0.37000 14907.3
0.37001 14907.3
0.37002 14907.3
0.37003 14907.3
0.37004 14907.3
0.37005 14907.3
0.37006 14907.3
0.37007 14907.3
0.37008 14907.3
0.37009 14907.3
0.37010 14907.3
0.37011 14907.3
0.37012 14907.3
0.37013 14907.3
0.37014 14907.3
0.37015 14907.3
0.37016 14907.3
0.37017 14907.3
0.37018 14907.3
0.37019 14907.3
0.37020 14907.3
0.37021 14907.3
0.37022 14907.3
0.37023 14907.3
0.37024 14907.3
0.37025 14907.3
0.37026 14907.3
0.37027 14907.3
0.37028 14907.3
0.37029 14907.3
0.37030 14907.3
0.37031 14907.3
0.37032 14907.3
0.37033 14907.3
0.37034 14907.3
0.37035 14907.3
0.37036 14907.3
0.37037 14907.3
0.37038 14907.3
0.37039 14907.3
0.37040 14907.3
0.37041 14907.3
0.37042 14907.3
0.37043 14907.3
0.37044 14907.3
0.37045 14907.3
0.37046 14907.3
0.37047 14907.3
0.37048 14907.3
0.37049 14907.3
0.37050 14907.3
0.37051 14907.3
0.37052 14907.3
0.37053 14907.3
0.37054 14907.3
0.37055 14907.3
0.37056 14907.3
0.37057 14907.3
0.37058 14907.3
0.37059 14907.3
0.37060 14907.3
0.37061 14907.3
0.37062 14907.3
0.37063 14907.3
0.37064 14907.3
0.37065 14907.3
0.37066 14907.3
0.37067 14907.3
0.37068 14907.3
0.37069 14907.3
0.37070 14907.3
0.37071 14907.3
0.37072 14907.3
0.37073 14907.3
0.37074 14907.3
0.37075 14907.3
0.37076 14907.3
0.37077 14907.3
0.37078 14907.3
0.37079 14907.3
0.37080 14907.3
0.37081 14907.3
0.37082 14907.3
0.37083 14907.3
0.37084 14907.3
0.37085 14907.3
0.37086 14907.3
0.37087 14907.3
0.37088 14907.3
0.37089 14907.3
0.37090 14907.3
0.37091 14907.3
0.37092 14907.3
0.37093 14907.3
0.37094 14907.3
0.37095 14907.3
0.37096 14907.3
0.37097 14907.3
0.37098 14907.3
0.37099 14907.3
0.37100 14907.3
0.37101 14907.3
0.37102 14907.3
0.37103 14907.3
0.37104 14907.3
0.37105 14907.3
0.37106 14907.3
0.37107 14907.3
0.37108 14907.3
0.37109 14907.3
0.37110 14907.3
0.37111 14907.3
0.37112 14907.3
0.37113 14907.3
0.37114 14907.3
0.37115 14907.3
0.37116 14907.3
0.37117 14907.3
0.37118 14907.3
0.37119 14907.3
0.37120 14907.3
0.37121 14907.3
0.37122 14907.3
0.37123 14907.3
0.37124 14907.3
0.37125 14907.3
0.37126 14907.3
0.37127 14907.3
0.37128 14907.3
0.37129 14907.3
0.37130 14907.3
0.37131 14907.3
0.37132 14907.3
0.37133 14907.3
0.37134 14907.3
0.37135 14907.3
0.37136 14907.3
0.37137 14907.3
0.37138 14907.3
0.37139 14907.3
0.37140 14907.3
0.37141 14907.3
0.37142 14907.3
0.37143 14907.3
0.37144 14907.3
0.37145 14907.3
0.37146 14907.3
0.37147 14907.3
0.37148 14907.3
0.37149 14907.3
0.37150 14907.3
0.37151 14907.3
0.37152 14907.3
0.37153 14907.3
0.37154 14907.3
0.37155 14907.3
0.37156 14907.3
0.37157 14907.3
0.37158 14907.3
0.37159 14907.3
0.37160 14907.3
0.37161 14907.3
0.37162 14907.3
0.37163 14907.3
0.37164 14907.3
0.37165 14907.3
0.37166 14907.3
0.37167 14907.3
0.37168 14907.3
0.37169 14907.3
0.37170 14907.3
0.37171 14907.3
0.37172 14907.3
0.37173 14907.3
0.37174 14907.3
0.37175 14907.3
0.37176 14907.3
0.37177 14907.3
0.37178 14907.3
0.37179 14907.3
0.37180 14907.3
0.37181 14907.3
0.37182 14907.3
0.37183 14907.3
0.37184 14907.3
0.37185 14907.3
0.37186 14907.3
0.37187 14907.3
0.37188 14907.3
0.37189 14907.3
0.37190 14907.3
0.37191 14907.3
0.37192 14907.3
0.37193 14907.3
0.37194 14907.3
0.37195 14907.3
0.37196 14907.3
0.37197 14907.3
0.37198 14907.3
0.37199 14907.3
0.37200 14907.3
0.37201 14907.3
0.37202 14907.3
0.37203 14907.3
0.37204 14907.3
0.37205 14907.3
0.37206 14907.3
0.37207 14907.3
0.37208 14907.3
0.37209 14907.3
0.37210 14907.3
0.37211 14907.3
0.37212 14907.3
0.37213 14907.3
0.37214 14907.3
0.37215 14907.3
0.37216 14907.3
0.37217 14907.3
0.37218 14907.3
0.37219 14907.3
0.37220 14907.3
0.37221 14907.3
0.37222 14907.3
0.37223 14907.3
0.37224 14907.3
0.37225 14907.3
0.37226 14907.3
0.37227 14907.3
0.37228 14907.3
0.37229 14907.3
0.37230 14907.3
0.37231 14907.3
0.37232 14907.3
0.37233 14907.3
0.37234 14907.3
0.37235 14907.3
0.37236 14907.3
0.37237 14907.3
0.37238 14907.3
0.37239 14907.3
0.37240 14907.3
0.37241 14907.3
0.37242 14907.3
0.37243 14907.3
0.37244 14907.3
0.37245 14907.3
0.37246 14907.3
0.37247 14907.3
0.37248 14907.3
0.37249 14907.3
0.37250 14907.3
0.37251 14907.3
0.37252 14907.3
0.37253 14907.3
0.37254 14907.3
0.37255 14907.3
0.37256 14907.3
0.37257 14907.3
0.37258 14907.3
0.37259 14907.3
0.37260 14907.3
0.37261 14907.3
0.37262 14907.3
0.37263 14907.3
0.37264 14907.3
0.37265 14907.3
0.37266 14907.3
0.37267 14907.3
0.37268 14907.3
0.37269 14907.3
0.37270 14907.3
0.37271 14907.3
0.37272 14907.3
0.37273 14907.3
0.37274 14907.3
0.37275 14907.3
0.37276 14907.3
0.37277 14907.3
0.37278 14907.3
0.37279 14907.3
0.37280 14907.3
0.37281 14907.3
0.37282 14907.3
0.37283 14907.3
0.37284 14907.3
0.37285 14907.3
0.37286 14907.3
0.37287 14907.3
0.37288 14907.3
0.37289 14907.3
0.37290 14907.3
0.37291 14907.3
0.37292 14907.3
0.37293 14907.3
0.37294 14907.3
0.37295 14907.3
0.37296 14907.3
0.37297 14907.3
0.37298 14907.3
0.37299 14907.3
0.37300 14907.3
0.37301 14907.3
0.37302 14907.3
0.37303 14907.3
0.37304 14907.3
0.37305 14907.3
0.37306 14907.3
0.37307 14907.3
0.37308 14907.3
0.37309 14907.3
0.37310 14907.3
0.37311 14907.3
0.37312 14907.3
0.37313 14907.3
0.37314 14907.3
0.37315 14907.3
0.37316 14907.3
0.37317 14907.3
0.37318 14907.3
0.37319 14907.3
0.37320 14907.3
0.37321 14907.3
0.37322 14907.3
0.37323 14907.3
0.37324 14907.3
0.37325 14907.3
0.37326 14907.3
0.37327 14907.3
0.37328 14907.3
0.37329 14907.3
0.37330 14907.3
0.37331 14907.3
0.37332 14907.3
0.37333 14907.3
0.37334 14907.3
0.37335 14907.3
0.37336 14907.3
0.37337 14907.3
0.37338 14907.3
0.37339 14907.3
0.37340 14907.3
0.37341 14907.3
0.37342 14907.3
0.37343 14907.3
0.37344 14907.3
0.37345 14907.3
0.37346 14907.3
0.37347 14907.3
0.37348 14907.3
0.37349 14907.3
0.37350 14907.3
0.37351 14907.3
0.37352 14907.3
0.37353 14907.3
0.37354 14907.3
0.37355 14907.3
0.37356 14907.3
0.37357 14907.3
0.37358 14907.3
0.37359 14907.3
0.37360 14907.3
0.37361 14907.3
0.37362 14907.3
0.37363 14907.3
0.37364 14907.3
0.37365 14907.3
0.37366 14907.3
0.37367 14907.3
0.37368 14907.3
0.37369 14907.3
0.37370 14907.3
0.37371 14907.3
0.37372 14907.3
0.37373 14907.3
0.37374 14907.3
0.37375 14907.3
0.37376 14907.3
0.37377 14907.3
0.37378 14907.3
0.37379 14907.3
0.37380 14907.3
0.37381 14907.3
0.37382 14907.3
0.37383 14907.3
0.37384 14907.3
0.37385 14907.3
0.37386 14907.3
0.37387 14907.3
0.37388 14907.3
0.37389 14907.3
0.37390 14907.3
0.37391 14907.3
0.37392 14907.3
0.37393 14907.3
0.37394 14907.3
0.37395 14907.3
0.37396 14907.3
0.37397 14907.3
0.37398 14907.3
0.37399 14907.3
0.37400 14907.3
0.37401 14907.3
0.37402 14907.3
0.37403 14907.3
0.37404 14907.3
0.37405 14907.3
0.37406 14907.3
0.37407 14907.3
0.37408 14907.3
0.37409 14907.3
0.37410 14907.3
0.37411 14907.3
0.37412 14907.3
0.37413 14907.3
0.37414 14907.3
0.37415 14907.3
0.37416 14907.3
0.37417 14907.3
0.37418 14907.3
0.37419 14907.3
0.37420 14907.3
0.37421 14907.3
0.37422 14907.3
0.37423 14907.3
0.37424 14907.3
0.37425 14907.3
0.37426 14907.3
0.37427 14907.3
0.37428 14907.3
0.37429 14907.3
0.37430 14907.3
0.37431 14907.3
0.37432 14907.3
0.37433 14907.3
0.37434 14907.3
0.37435 14907.3
0.37436 14907.3
0.37437 14907.3
0.37438 14907.3
0.37439 14907.3
0.37440 14907.3
0.37441 14907.3
0.37442 14907.3
0.37443 14907.3
0.37444 14907.3
0.37445 14907.3
0.37446 14907.3
0.37447 14907.3
0.37448 14907.3
0.37449 14907.3
0.37450 14907.3
0.37451 14907.3
0.37452 14907.3
0.37453 14907.3
0.37454 14907.3
0.37455 14907.3
0.37456 14907.3
0.37457 14907.3
0.37458 14907.3
0.37459 14907.3
0.37460 14907.3
0.37461 14907.3
0.37462 14907.3
0.37463 14907.3
0.37464 14907.3
0.37465 14907.3
0.37466 14907.3
0.37467 14907.3
0.37468 14907.3
0.37469 14907.3
0.37470 14907.3
0.37471 14907.3
0.37472 14907.3
0.37473 14907.3
0.37474 14907.3
0.37475 14907.3
0.37476 14907.3
0.37477 14907.3
0.37478 14907.3
0.37479 14907.3
0.37480 14907.3
0.37481 14907.3
0.37482 14907.3
0.37483 14907.3
0.37484 14907.3
0.37485 14907.3
0.37486 14907.3
0.37487 14907.3
0.37488 14907.3
0.37489 14907.3
0.37490 14907.3
0.37491 14907.3
0.37492 14907.3
0.37493 14907.3
0.37494 14907.3
0.37495 14907.3
0.37496 14907.3
0.37497 14907.3
0.37498 14907.3
0.37499 14907.3
0.37500 14907.3
0.37501 14907.3
0.37502 14907.3
0.37503 14907.3
0.37504 14907.3
0.37505 14907.3
0.37506 14907.3
0.37507 14907.3
0.37508 14907.3
0.37509 14907.3
0.37510 14907.3
0.37511 14907.3
0.37512 14907.3
0.37513 14907.3
0.37514 14907.3
0.37515 14907.3
0.37516 14907.3
0.37517 14907.3
0.37518 14907.3
0.37519 14907.3
0.37520 14907.3
0.37521 14907.3
0.37522 14907.3
0.37523 14907.3
0.37524 14907.3
0.37525 14907.3
0.37526 14907.3
0.37527 14907.3
0.37528 14907.3
0.37529 14907.3
0.37530 14907.3
0.37531 14907.3
0.37532 14907.3
0.37533 14907.3
0.37534 14907.3
0.37535 14907.3
0.37536 14907.3
0.37537 14907.3
0.37538 14907.3
0.37539 14907.3
0.37540 14907.3
0.37541 14907.3
0.37542 14907.3
0.37543 14907.3
0.37544 14907.3
0.37545 14907.3
0.37546 14907.3
0.37547 14907.3
0.37548 14907.3
0.37549 14907.3
0.37550 14907.3
0.37551 14907.3
0.37552 14907.3
0.37553 14907.3
0.37554 14907.3
0.37555 14907.3
0.37556 14907.3
0.37557 14907.3
0.37558 14907.3
0.37559 14907.3
0.37560 14907.3
0.37561 14907.3
0.37562 14907.3
0.37563 14907.3
0.37564 14907.3
0.37565 14907.3
0.37566 14907.3
0.37567 14907.3
0.37568 14907.3
0.37569 14907.3
0.37570 14907.3
0.37571 14907.3
0.37572 14907.3
0.37573 14907.3
0.37574 14907.3
0.37575 14907.3
0.37576 14907.3
0.37577 14907.3
0.37578 14907.3
0.37579 14907.3
0.37580 14907.3
0.37581 14907.3
0.37582 14907.3
0.37583 14907.3
0.37584 14907.3
0.37585 14907.3
0.37586 14907.3
0.37587 14907.3
0.37588 14907.3
0.37589 14907.3
0.37590 14907.3
0.37591 14907.3
0.37592 14907.3
0.37593 14907.3
0.37594 14907.3
0.37595 14907.3
0.37596 14907.3
0.37597 14907.3
0.37598 14907.3
0.37599 14907.3
0.37600 14907.3
0.37601 14907.3
0.37602 14907.3
0.37603 14907.3
0.37604 14907.3
0.37605 14907.3
0.37606 14907.3
0.37607 14907.3
0.37608 14907.3
0.37609 14907.3
0.37610 14907.3
0.37611 14907.3
0.37612 14907.3
0.37613 14907.3
0.37614 14907.3
0.37615 14907.3
0.37616 14907.3
0.37617 14907.3
0.37618 14907.3
0.37619 14907.3
0.37620 14907.3
0.37621 14907.3
0.37622 14907.3
0.37623 14907.3
0.37624 14907.3
0.37625 14907.3
0.37626 14907.3
0.37627 14907.3
0.37628 14907.3
0.37629 14907.3
0.37630 14907.3
0.37631 14907.3
0.37632 14907.3
0.37633 14907.3
0.37634 14907.3
0.37635 14907.3
0.37636 14907.3
0.37637 14907.3
0.37638 14907.3
0.37639 14907.3
0.37640 14907.3
0.37641 14907.3
0.37642 14907.3
0.37643 14907.3
0.37644 14907.3
0.37645 14907.3
0.37646 14907.3
0.37647 14907.3
0.37648 14907.3
0.37649 14907.3
0.37650 14907.3
0.37651 14907.3
0.37652 14907.3
0.37653 14907.3
0.37654 14907.3
0.37655 14907.3
0.37656 14907.3
0.37657 14907.3
0.37658 14907.3
0.37659 14907.3
0.37660 14907.3
0.37661 14907.3
0.37662 14907.3
0.37663 14907.3
0.37664 14907.3
0.37665 14907.3
0.37666 14907.3
0.37667 14907.3
0.37668 14907.3
0.37669 14907.3
0.37670 14907.3
0.37671 14907.3
0.37672 14907.3
0.37673 14907.3
0.37674 14907.3
0.37675 14907.3
0.37676 14907.3
0.37677 14907.3
0.37678 14907.3
0.37679 14907.3
0.37680 14907.3
0.37681 14907.3
0.37682 14907.3
0.37683 14907.3
0.37684 14907.3
0.37685 14907.3
0.37686 14907.3
0.37687 14907.3
0.37688 14907.3
0.37689 14907.3
0.37690 14907.3
0.37691 14907.3
0.37692 14907.3
0.37693 14907.3
0.37694 14907.3
0.37695 14907.3
0.37696 14907.3
0.37697 14907.3
0.37698 14907.3
0.37699 14907.3
0.37700 14907.3
0.37701 14907.3
0.37702 14907.3
0.37703 14907.3
0.37704 14907.3
0.37705 14907.3
0.37706 14907.3
0.37707 14907.3
0.37708 14907.3
0.37709 14907.3
0.37710 14907.3
0.37711 14907.3
0.37712 14907.3
0.37713 14907.3
0.37714 14907.3
0.37715 14907.3
0.37716 14907.3
0.37717 14907.3
0.37718 14907.3
0.37719 14907.3
0.37720 14907.3
0.37721 14907.3
0.37722 14907.3
0.37723 14907.3
0.37724 14907.3
0.37725 14907.3
0.37726 14907.3
0.37727 14907.3
0.37728 14907.3
0.37729 14907.3
0.37730 14907.3
0.37731 14907.3
0.37732 14907.3
0.37733 14907.3
0.37734 14907.3
0.37735 14907.3
0.37736 14907.3
0.37737 14907.3
0.37738 14907.3
0.37739 14907.3
0.37740 14907.3
0.37741 14907.3
0.37742 14907.3
0.37743 14907.3
0.37744 14907.3
0.37745 14907.3
0.37746 14907.3
0.37747 14907.3
0.37748 14907.3
0.37749 14907.3
0.37750 14907.3
0.37751 14907.3
0.37752 14907.3
0.37753 14907.3
0.37754 14907.3
0.37755 14907.3
0.37756 14907.3
0.37757 14907.3
0.37758 14907.3
0.37759 14907.3
0.37760 14907.3
0.37761 14907.3
0.37762 14907.3
0.37763 14907.3
0.37764 14907.3
0.37765 14907.3
0.37766 14907.3
0.37767 14907.3
0.37768 14907.3
0.37769 14907.3
0.37770 14907.3
0.37771 14907.3
0.37772 14907.3
0.37773 14907.3
0.37774 14907.3
0.37775 14907.3
0.37776 14907.3
0.37777 14907.3
0.37778 14907.3
0.37779 14907.3
0.37780 14907.3
0.37781 14907.3
0.37782 14907.3
0.37783 14907.3
0.37784 14907.3
0.37785 14907.3
0.37786 14907.3
0.37787 14907.3
0.37788 14907.3
0.37789 14907.3
0.37790 14907.3
0.37791 14907.3
0.37792 14907.3
0.37793 14907.3
0.37794 14907.3
0.37795 14907.3
0.37796 14907.3
0.37797 14907.3
0.37798 14907.3
0.37799 14907.3
0.37800 14907.3
0.37801 14907.3
0.37802 14907.3
0.37803 14907.3
0.37804 14907.3
0.37805 14907.3
0.37806 14907.3
0.37807 14907.3
0.37808 14907.3
0.37809 14907.3
0.37810 14907.3
0.37811 14907.3
0.37812 14907.3
0.37813 14907.3
0.37814 14907.3
0.37815 14907.3
0.37816 14907.3
0.37817 14907.3
0.37818 14907.3
0.37819 14907.3
0.37820 14907.3
0.37821 14907.3
0.37822 14907.3
0.37823 14907.3
0.37824 14907.3
0.37825 14907.3
0.37826 14907.3
0.37827 14907.3
0.37828 14907.3
0.37829 14907.3
0.37830 14907.3
0.37831 14907.3
0.37832 14907.3
0.37833 14907.3
0.37834 14907.3
0.37835 14907.3
0.37836 14907.3
0.37837 14907.3
0.37838 14907.3
0.37839 14907.3
0.37840 14907.3
0.37841 14907.3
0.37842 14907.3
0.37843 14907.3
0.37844 14907.3
0.37845 14907.3
0.37846 14907.3
0.37847 14907.3
0.37848 14907.3
0.37849 14907.3
0.37850 14907.3
0.37851 14907.3
0.37852 14907.3
0.37853 14907.3
0.37854 14907.3
0.37855 14907.3
0.37856 14907.3
0.37857 14907.3
0.37858 14907.3
0.37859 14907.3
0.37860 14907.3
0.37861 14907.3
0.37862 14907.3
0.37863 14907.3
0.37864 14907.3
0.37865 14907.3
0.37866 14907.3
0.37867 14907.3
0.37868 14907.3
0.37869 14907.3
0.37870 14907.3
0.37871 14907.3
0.37872 14907.3
0.37873 14907.3
0.37874 14907.3
0.37875 14907.3
0.37876 14907.3
0.37877 14907.3
0.37878 14907.3
0.37879 14907.3
0.37880 14907.3
0.37881 14907.3
0.37882 14907.3
0.37883 14907.3
0.37884 14907.3
0.37885 14907.3
0.37886 14907.3
0.37887 14907.3
0.37888 14907.3
0.37889 14907.3
0.37890 14907.3
0.37891 14907.3
0.37892 14907.3
0.37893 14907.3
0.37894 14907.3
0.37895 14907.3
0.37896 14907.3
0.37897 14907.3
0.37898 14907.3
0.37899 14907.3
0.37900 14907.3
0.37901 14907.3
0.37902 14907.3
0.37903 14907.3
0.37904 14907.3
0.37905 14907.3
0.37906 14907.3
0.37907 14907.3
0.37908 14907.3
0.37909 14907.3
0.37910 14907.3
0.37911 14907.3
0.37912 14907.3
0.37913 14907.3
0.37914 14907.3
0.37915 14907.3
0.37916 14907.3
0.37917 14907.3
0.37918 14907.3
0.37919 14907.3
0.37920 14907.3
0.37921 14907.3
0.37922 14907.3
0.37923 14907.3
0.37924 14907.3
0.37925 14907.3
0.37926 14907.3
0.37927 14907.3
0.37928 14907.3
0.37929 14907.3
0.37930 14907.3
0.37931 14907.3
0.37932 14907.3
0.37933 14907.3
0.37934 14907.3
0.37935 14907.3
0.37936 14907.3
0.37937 14907.3
0.37938 14907.3
0.37939 14907.3
0.37940 14907.3
0.37941 14907.3
0.37942 14907.3
0.37943 14907.3
0.37944 14907.3
0.37945 14907.3
0.37946 14907.3
0.37947 14907.3
0.37948 14907.3
0.37949 14907.3
0.37950 14907.3
0.37951 14907.3
0.37952 14907.3
0.37953 14907.3
0.37954 14907.3
0.37955 14907.3
0.37956 14907.3
0.37957 14907.3
0.37958 14907.3
0.37959 14907.3
0.37960 14907.3
0.37961 14907.3
0.37962 14907.3
0.37963 14907.3
0.37964 14907.3
0.37965 14907.3
0.37966 14907.3
0.37967 14907.3
0.37968 14907.3
0.37969 14907.3
0.37970 14907.3
0.37971 14907.3
0.37972 14907.3
0.37973 14907.3
0.37974 14907.3
0.37975 14907.3
0.37976 14907.3
0.37977 14907.3
0.37978 14907.3
0.37979 14907.3
0.37980 14907.3
0.37981 14907.3
0.37982 14907.3
0.37983 14907.3
0.37984 14907.3
0.37985 14907.3
0.37986 14907.3
0.37987 14907.3
0.37988 14907.3
0.37989 14907.3
0.37990 14907.3
0.37991 14907.3
0.37992 14907.3
0.37993 14907.3
0.37994 14907.3
0.37995 14907.3
0.37996 14907.3
0.37997 14907.3
0.37998 14907.3
0.37999 14907.3
0.38000 14907.3
0.38001 14907.3
0.38002 14907.3
0.38003 14907.3
0.38004 14907.3
0.38005 14907.3
0.38006 14907.3
0.38007 14907.3
0.38008 14907.3
0.38009 14907.3
0.38010 14907.3
0.38011 14907.3
0.38012 14907.3
0.38013 14907.3
0.38014 14907.3
0.38015 14907.3
0.38016 14907.3
0.38017 14907.3
0.38018 14907.3
0.38019 14907.3
0.38020 14907.3
0.38021 14907.3
0.38022 14907.3
0.38023 14907.3
0.38024 14907.3
0.38025 14907.3
0.38026 14907.3
0.38027 14907.3
0.38028 14907.3
0.38029 14907.3
0.38030 14907.3
0.38031 14907.3
0.38032 14907.3
0.38033 14907.3
0.38034 14907.3
0.38035 14907.3
0.38036 14907.3
0.38037 14907.3
0.38038 14907.3
0.38039 14907.3
0.38040 14907.3
0.38041 14907.3
0.38042 14907.3
0.38043 14907.3
0.38044 14907.3
0.38045 14907.3
0.38046 14907.3
0.38047 14907.3
0.38048 14907.3
0.38049 14907.3
0.38050 14907.3
0.38051 14907.3
0.38052 14907.3
0.38053 14907.3
0.38054 14907.3
0.38055 14907.3
0.38056 14907.3
0.38057 14907.3
0.38058 14907.3
0.38059 14907.3
0.38060 14907.3
0.38061 14907.3
0.38062 14907.3
0.38063 14907.3
0.38064 14907.3
0.38065 14907.3
0.38066 14907.3
0.38067 14907.3
0.38068 14907.3
0.38069 14907.3
0.38070 14907.3
0.38071 14907.3
0.38072 14907.3
0.38073 14907.3
0.38074 14907.3
0.38075 14907.3
0.38076 14907.3
0.38077 14907.3
0.38078 14907.3
0.38079 14907.3
0.38080 14907.3
0.38081 14907.3
0.38082 14907.3
0.38083 14907.3
0.38084 14907.3
0.38085 14907.3
0.38086 14907.3
0.38087 14907.3
0.38088 14907.3
0.38089 14907.3
0.38090 14907.3
0.38091 14907.3
0.38092 14907.3
0.38093 14907.3
0.38094 14907.3
0.38095 14907.3
0.38096 14907.3
0.38097 14907.3
0.38098 14907.3
0.38099 14907.3
0.38100 14907.3
0.38101 14907.3
0.38102 14907.3
0.38103 14907.3
0.38104 14907.3
0.38105 14907.3
0.38106 14907.3
0.38107 14907.3
0.38108 14907.3
0.38109 14907.3
0.38110 14907.3
0.38111 14907.3
0.38112 14907.3
0.38113 14907.3
0.38114 14907.3
0.38115 14907.3
0.38116 14907.3
0.38117 14907.3
0.38118 14907.3
0.38119 14907.3
0.38120 14907.3
0.38121 14907.3
0.38122 14907.3
0.38123 14907.3
0.38124 14907.3
0.38125 14907.3
0.38126 14907.3
0.38127 14907.3
0.38128 14907.3
0.38129 14907.3
0.38130 14907.3
0.38131 14907.3
0.38132 14907.3
0.38133 14907.3
0.38134 14907.3
0.38135 14907.3
0.38136 14907.3
0.38137 14907.3
0.38138 14907.3
0.38139 14907.3
0.38140 14907.3
0.38141 14907.3
0.38142 14907.3
0.38143 14907.3
0.38144 14907.3
0.38145 14907.3
0.38146 14907.3
0.38147 14907.3
0.38148 14907.3
0.38149 14907.3
0.38150 14907.3
0.38151 14907.3
0.38152 14907.3
0.38153 14907.3
0.38154 14907.3
0.38155 14907.3
0.38156 14907.3
0.38157 14907.3
0.38158 14907.3
0.38159 14907.3
0.38160 14907.3
0.38161 14907.3
0.38162 14907.3
0.38163 14907.3
0.38164 14907.3
0.38165 14907.3
0.38166 14907.3
0.38167 14907.3
0.38168 14907.3
0.38169 14907.3
0.38170 14907.3
0.38171 14907.3
0.38172 14907.3
0.38173 14907.3
0.38174 14907.3
0.38175 14907.3
0.38176 14907.3
0.38177 14907.3
0.38178 14907.3
0.38179 14907.3
0.38180 14907.3
0.38181 14907.3
0.38182 14907.3
0.38183 14907.3
0.38184 14907.3
0.38185 14907.3
0.38186 14907.3
0.38187 14907.3
0.38188 14907.3
0.38189 14907.3
0.38190 14907.3
0.38191 14907.3
0.38192 14907.3
0.38193 14907.3
0.38194 14907.3
0.38195 14907.3
0.38196 14907.3
0.38197 14907.3
0.38198 14907.3
0.38199 14907.3
0.38200 14907.3
0.38201 14907.3
0.38202 14907.3
0.38203 14907.3
0.38204 14907.3
0.38205 14907.3
0.38206 14907.3
0.38207 14907.3
0.38208 14907.3
0.38209 14907.3
0.38210 14907.3
0.38211 14907.3
0.38212 14907.3
0.38213 14907.3
0.38214 14907.3
0.38215 14907.3
0.38216 14907.3
0.38217 14907.3
0.38218 14907.3
0.38219 14907.3
0.38220 14907.3
0.38221 14907.3
0.38222 14907.3
0.38223 14907.3
0.38224 14907.3
0.38225 14907.3
0.38226 14907.3
0.38227 14907.3
0.38228 14907.3
0.38229 14907.3
0.38230 14907.3
0.38231 14907.3
0.38232 14907.3
0.38233 14907.3
0.38234 14907.3
0.38235 14907.3
0.38236 14907.3
0.38237 14907.3
0.38238 14907.3
0.38239 14907.3
0.38240 14907.3
0.38241 14907.3
0.38242 14907.3
0.38243 14907.3
0.38244 14907.3
0.38245 14907.3
0.38246 14907.3
0.38247 14907.3
0.38248 14907.3
0.38249 14907.3
0.38250 14907.3
0.38251 14907.3
0.38252 14907.3
0.38253 14907.3
0.38254 14907.3
0.38255 14907.3
0.38256 14907.3
0.38257 14907.3
0.38258 14907.3
0.38259 14907.3
0.38260 14907.3
0.38261 14907.3
0.38262 14907.3
0.38263 14907.3
0.38264 14907.3
0.38265 14907.3
0.38266 14907.3
0.38267 14907.3
0.38268 14907.3
0.38269 14907.3
0.38270 14907.3
0.38271 14907.3
0.38272 14907.3
0.38273 14907.3
0.38274 14907.3
0.38275 14907.3
0.38276 14907.3
0.38277 14907.3
0.38278 14907.3
0.38279 14907.3
0.38280 14907.3
0.38281 14907.3
0.38282 14907.3
0.38283 14907.3
0.38284 14907.3
0.38285 14907.3
0.38286 14907.3
0.38287 14907.3
0.38288 14907.3
0.38289 14907.3
0.38290 14907.3
0.38291 14907.3
0.38292 14907.3
0.38293 14907.3
0.38294 14907.3
0.38295 14907.3
0.38296 14907.3
0.38297 14907.3
0.38298 14907.3
0.38299 14907.3
0.38300 14907.3
0.38301 14907.3
0.38302 14907.3
0.38303 14907.3
0.38304 14907.3
0.38305 14907.3
0.38306 14907.3
0.38307 14907.3
0.38308 14907.3
0.38309 14907.3
0.38310 14907.3
0.38311 14907.3
0.38312 14907.3
0.38313 14907.3
0.38314 14907.3
0.38315 14907.3
0.38316 14907.3
0.38317 14907.3
0.38318 14907.3
0.38319 14907.3
0.38320 14907.3
0.38321 14907.3
0.38322 14907.3
0.38323 14907.3
0.38324 14907.3
0.38325 14907.3
0.38326 14907.3
0.38327 14907.3
0.38328 14907.3
0.38329 14907.3
0.38330 14907.3
0.38331 14907.3
0.38332 14907.3
0.38333 14907.3
0.38334 14907.3
0.38335 14907.3
0.38336 14907.3
0.38337 14907.3
0.38338 14907.3
0.38339 14907.3
0.38340 14907.3
0.38341 14907.3
0.38342 14907.3
0.38343 14907.3
0.38344 14907.3
0.38345 14907.3
0.38346 14907.3
0.38347 14907.3
0.38348 14907.3
0.38349 14907.3
0.38350 14907.3
0.38351 14907.3
0.38352 14907.3
0.38353 14907.3
0.38354 14907.3
0.38355 14907.3
0.38356 14907.3
0.38357 14907.3
0.38358 14907.3
0.38359 14907.3
0.38360 14907.3
0.38361 14907.3
0.38362 14907.3
0.38363 14907.3
0.38364 14907.3
0.38365 14907.3
0.38366 14907.3
0.38367 14907.3
0.38368 14907.3
0.38369 14907.3
0.38370 14907.3
0.38371 14907.3
0.38372 14907.3
0.38373 14907.3
0.38374 14907.3
0.38375 14907.3
0.38376 14907.3
0.38377 14907.3
0.38378 14907.3
0.38379 14907.3
0.38380 14907.3
0.38381 14907.3
0.38382 14907.3
0.38383 14907.3
0.38384 14907.3
0.38385 14907.3
0.38386 14907.3
0.38387 14907.3
0.38388 14907.3
0.38389 14907.3
0.38390 14907.3
0.38391 14907.3
0.38392 14907.3
0.38393 14907.3
0.38394 14907.3
0.38395 14907.3
0.38396 14907.3
0.38397 14907.3
0.38398 14907.3
0.38399 14907.3
0.38400 14907.3
0.38401 14907.3
0.38402 14907.3
0.38403 14907.3
0.38404 14907.3
0.38405 14907.3
0.38406 14907.3
0.38407 14907.3
0.38408 14907.3
0.38409 14907.3
0.38410 14907.3
0.38411 14907.3
0.38412 14907.3
0.38413 14907.3
0.38414 14907.3
0.38415 14907.3
0.38416 14907.3
0.38417 14907.3
0.38418 14907.3
0.38419 14907.3
0.38420 14907.3
0.38421 14907.3
0.38422 14907.3
0.38423 14907.3
0.38424 14907.3
0.38425 14907.3
0.38426 14907.3
0.38427 14907.3
0.38428 14907.3
0.38429 14907.3
0.38430 14907.3
0.38431 14907.3
0.38432 14907.3
0.38433 14907.3
0.38434 14907.3
0.38435 14907.3
0.38436 14907.3
0.38437 14907.3
0.38438 14907.3
0.38439 14907.3
0.38440 14907.3
0.38441 14907.3
0.38442 14907.3
0.38443 14907.3
0.38444 14907.3
0.38445 14907.3
0.38446 14907.3
0.38447 14907.3
0.38448 14907.3
0.38449 14907.3
0.38450 14907.3
0.38451 14907.3
0.38452 14907.3
0.38453 14907.3
0.38454 14907.3
0.38455 14907.3
0.38456 14907.3
0.38457 14907.3
0.38458 14907.3
0.38459 14907.3
0.38460 14907.3
0.38461 14907.3
0.38462 14907.3
0.38463 14907.3
0.38464 14907.3
0.38465 14907.3
0.38466 14907.3
0.38467 14907.3
0.38468 14907.3
0.38469 14907.3
0.38470 14907.3
0.38471 14907.3
0.38472 14907.3
0.38473 14907.3
0.38474 14907.3
0.38475 14907.3
0.38476 14907.3
0.38477 14907.3
0.38478 14907.3
0.38479 14907.3
0.38480 14907.3
0.38481 14907.3
0.38482 14907.3
0.38483 14907.3
0.38484 14907.3
0.38485 14907.3
0.38486 14907.3
0.38487 14907.3
0.38488 14907.3
0.38489 14907.3
0.38490 14907.3
0.38491 14907.3
0.38492 14907.3
0.38493 14907.3
0.38494 14907.3
0.38495 14907.3
0.38496 14907.3
0.38497 14907.3
0.38498 14907.3
0.38499 14907.3
0.38500 14907.3
0.38501 14907.3
0.38502 14907.3
0.38503 14907.3
0.38504 14907.3
0.38505 14907.3
0.38506 14907.3
0.38507 14907.3
0.38508 14907.3
0.38509 14907.3
0.38510 14907.3
0.38511 14907.3
0.38512 14907.3
0.38513 14907.3
0.38514 14907.3
0.38515 14907.3
0.38516 14907.3
0.38517 14907.3
0.38518 14907.3
0.38519 14907.3
0.38520 14907.3
0.38521 14907.3
0.38522 14907.3
0.38523 14907.3
0.38524 14907.3
0.38525 14907.3
0.38526 14907.3
0.38527 14907.3
0.38528 14907.3
0.38529 14907.3
0.38530 14907.3
0.38531 14907.3
0.38532 14907.3
0.38533 14907.3
0.38534 14907.3
0.38535 14907.3
0.38536 14907.3
0.38537 14907.3
0.38538 14907.3
0.38539 14907.3
0.38540 14907.3
0.38541 14907.3
0.38542 14907.3
0.38543 14907.3
0.38544 14907.3
0.38545 14907.3
0.38546 14907.3
0.38547 14907.3
0.38548 14907.3
0.38549 14907.3
0.38550 14907.3
0.38551 14907.3
0.38552 14907.3
0.38553 14907.3
0.38554 14907.3
0.38555 14907.3
0.38556 14907.3
0.38557 14907.3
0.38558 14907.3
0.38559 14907.3
0.38560 14907.3
0.38561 14907.3
0.38562 14907.3
0.38563 14907.3
0.38564 14907.3
0.38565 14907.3
0.38566 14907.3
0.38567 14907.3
0.38568 14907.3
0.38569 14907.3
0.38570 14907.3
0.38571 14907.3
0.38572 14907.3
0.38573 14907.3
0.38574 14907.3
0.38575 14907.3
0.38576 14907.3
0.38577 14907.3
0.38578 14907.3
0.38579 14907.3
0.38580 14907.3
0.38581 14907.3
0.38582 14907.3
0.38583 14907.3
0.38584 14907.3
0.38585 14907.3
0.38586 14907.3
0.38587 14907.3
0.38588 14907.3
0.38589 14907.3
0.38590 14907.3
0.38591 14907.3
0.38592 14907.3
0.38593 14907.3
0.38594 14907.3
0.38595 14907.3
0.38596 14907.3
0.38597 14907.3
0.38598 14907.3
0.38599 14907.3
0.38600 14907.3
0.38601 14907.3
0.38602 14907.3
0.38603 14907.3
0.38604 14907.3
0.38605 14907.3
0.38606 14907.3
0.38607 14907.3
0.38608 14907.3
0.38609 14907.3
0.38610 14907.3
0.38611 14907.3
0.38612 14907.3
0.38613 14907.3
0.38614 14907.3
0.38615 14907.3
0.38616 14907.3
0.38617 14907.3
0.38618 14907.3
0.38619 14907.3
0.38620 14907.3
0.38621 14907.3
0.38622 14907.3
0.38623 14907.3
0.38624 14907.3
0.38625 14907.3
0.38626 14907.3
0.38627 14907.3
0.38628 14907.3
0.38629 14907.3
0.38630 14907.3
0.38631 14907.3
0.38632 14907.3
0.38633 14907.3
0.38634 14907.3
0.38635 14907.3
0.38636 14907.3
0.38637 14907.3
0.38638 14907.3
0.38639 14907.3
0.38640 14907.3
0.38641 14907.3
0.38642 14907.3
0.38643 14907.3
0.38644 14907.3
0.38645 14907.3
0.38646 14907.3
0.38647 14907.3
0.38648 14907.3
0.38649 14907.3
0.38650 14907.3
0.38651 14907.3
0.38652 14907.3
0.38653 14907.3
0.38654 14907.3
0.38655 14907.3
0.38656 14907.3
0.38657 14907.3
0.38658 14907.3
0.38659 14907.3
0.38660 14907.3
0.38661 14907.3
0.38662 14907.3
0.38663 14907.3
0.38664 14907.3
0.38665 14907.3
0.38666 14907.3
0.38667 14907.3
0.38668 14907.3
0.38669 14907.3
0.38670 14907.3
0.38671 14907.3
0.38672 14907.3
0.38673 14907.3
0.38674 14907.3
0.38675 14907.3
0.38676 14907.3
0.38677 14907.3
0.38678 14907.3
0.38679 14907.3
0.38680 14907.3
0.38681 14907.3
0.38682 14907.3
0.38683 14907.3
0.38684 14907.3
0.38685 14907.3
0.38686 14907.3
0.38687 14907.3
0.38688 14907.3
0.38689 14907.3
0.38690 14907.3
0.38691 14907.3
0.38692 14907.3
0.38693 14907.3
0.38694 14907.3
0.38695 14907.3
0.38696 14907.3
0.38697 14907.3
0.38698 14907.3
0.38699 14907.3
0.38700 14907.3
0.38701 14907.3
0.38702 14907.3
0.38703 14907.3
0.38704 14907.3
0.38705 14907.3
0.38706 14907.3
0.38707 14907.3
0.38708 14907.3
0.38709 14907.3
0.38710 14907.3
0.38711 14907.3
0.38712 14907.3
0.38713 14907.3
0.38714 14907.3
0.38715 14907.3
0.38716 14907.3
0.38717 14907.3
0.38718 14907.3
0.38719 14907.3
0.38720 14907.3
0.38721 14907.3
0.38722 14907.3
0.38723 14907.3
0.38724 14907.3
0.38725 14907.3
0.38726 14907.3
0.38727 14907.3
0.38728 14907.3
0.38729 14907.3
0.38730 14907.3
0.38731 14907.3
0.38732 14907.3
0.38733 14907.3
0.38734 14907.3
0.38735 14907.3
0.38736 14907.3
0.38737 14907.3
0.38738 14907.3
0.38739 14907.3
0.38740 14907.3
0.38741 14907.3
0.38742 14907.3
0.38743 14907.3
0.38744 14907.3
0.38745 14907.3
0.38746 14907.3
0.38747 14907.3
0.38748 14907.3
0.38749 14907.3
0.38750 14907.3
0.38751 14907.3
0.38752 14907.3
0.38753 14907.3
0.38754 14907.3
0.38755 14907.3
0.38756 14907.3
0.38757 14907.3
0.38758 14907.3
0.38759 14907.3
0.38760 14907.3
0.38761 14907.3
0.38762 14907.3
0.38763 14907.3
0.38764 14907.3
0.38765 14907.3
0.38766 14907.3
0.38767 14907.3
0.38768 14907.3
0.38769 14907.3
0.38770 14907.3
0.38771 14907.3
0.38772 14907.3
0.38773 14907.3
0.38774 14907.3
0.38775 14907.3
0.38776 14907.3
0.38777 14907.3
0.38778 14907.3
0.38779 14907.3
0.38780 14907.3
0.38781 14907.3
0.38782 14907.3
0.38783 14907.3
0.38784 14907.3
0.38785 14907.3
0.38786 14907.3
0.38787 14907.3
0.38788 14907.3
0.38789 14907.3
0.38790 14907.3
0.38791 14907.3
0.38792 14907.3
0.38793 14907.3
0.38794 14907.3
0.38795 14907.3
0.38796 14907.3
0.38797 14907.3
0.38798 14907.3
0.38799 14907.3
0.38800 14907.3
0.38801 14907.3
0.38802 14907.3
0.38803 14907.3
0.38804 14907.3
0.38805 14907.3
0.38806 14907.3
0.38807 14907.3
0.38808 14907.3
0.38809 14907.3
0.38810 14907.3
0.38811 14907.3
0.38812 14907.3
0.38813 14907.3
0.38814 14907.3
0.38815 14907.3
0.38816 14907.3
0.38817 14907.3
0.38818 14907.3
0.38819 14907.3
0.38820 14907.3
0.38821 14907.3
0.38822 14907.3
0.38823 14907.3
0.38824 14907.3
0.38825 14907.3
0.38826 14907.3
0.38827 14907.3
0.38828 14907.3
0.38829 14907.3
0.38830 14907.3
0.38831 14907.3
0.38832 14907.3
0.38833 14907.3
0.38834 14907.3
0.38835 14907.3
0.38836 14907.3
0.38837 14907.3
0.38838 14907.3
0.38839 14907.3
0.38840 14907.3
0.38841 14907.3
0.38842 14907.3
0.38843 14907.3
0.38844 14907.3
0.38845 14907.3
0.38846 14907.3
0.38847 14907.3
0.38848 14907.3
0.38849 14907.3
0.38850 14907.3
0.38851 14907.3
0.38852 14907.3
0.38853 14907.3
0.38854 14907.3
0.38855 14907.3
0.38856 14907.3
0.38857 14907.3
0.38858 14907.3
0.38859 14907.3
0.38860 14907.3
0.38861 14907.3
0.38862 14907.3
0.38863 14907.3
0.38864 14907.3
0.38865 14907.3
0.38866 14907.3
0.38867 14907.3
0.38868 14907.3
0.38869 14907.3
0.38870 14907.3
0.38871 14907.3
0.38872 14907.3
0.38873 14907.3
0.38874 14907.3
0.38875 14907.3
0.38876 14907.3
0.38877 14907.3
0.38878 14907.3
0.38879 14907.3
0.38880 14907.3
0.38881 14907.3
0.38882 14907.3
0.38883 14907.3
0.38884 14907.3
0.38885 14907.3
0.38886 14907.3
0.38887 14907.3
0.38888 14907.3
0.38889 14907.3
0.38890 14907.3
0.38891 14907.3
0.38892 14907.3
0.38893 14907.3
0.38894 14907.3
0.38895 14907.3
0.38896 14907.3
0.38897 14907.3
0.38898 14907.3
0.38899 14907.3
0.38900 14907.3
0.38901 14907.3
0.38902 14907.3
0.38903 14907.3
0.38904 14907.3
0.38905 14907.3
0.38906 14907.3
0.38907 14907.3
0.38908 14907.3
0.38909 14907.3
0.38910 14907.3
0.38911 14907.3
0.38912 14907.3
0.38913 14907.3
0.38914 14907.3
0.38915 14907.3
0.38916 14907.3
0.38917 14907.3
0.38918 14907.3
0.38919 14907.3
0.38920 14907.3
0.38921 14907.3
0.38922 14907.3
0.38923 14907.3
0.38924 14907.3
0.38925 14907.3
0.38926 14907.3
0.38927 14907.3
0.38928 14907.3
0.38929 14907.3
0.38930 14907.3
0.38931 14907.3
0.38932 14907.3
0.38933 14907.3
0.38934 14907.3
0.38935 14907.3
0.38936 14907.3
0.38937 14907.3
0.38938 14907.3
0.38939 14907.3
0.38940 14907.3
0.38941 14907.3
0.38942 14907.3
0.38943 14907.3
0.38944 14907.3
0.38945 14907.3
0.38946 14907.3
0.38947 14907.3
0.38948 14907.3
0.38949 14907.3
0.38950 14907.3
0.38951 14907.3
0.38952 14907.3
0.38953 14907.3
0.38954 14907.3
0.38955 14907.3
0.38956 14907.3
0.38957 14907.3
0.38958 14907.3
0.38959 14907.3
0.38960 14907.3
0.38961 14907.3
0.38962 14907.3
0.38963 14907.3
0.38964 14907.3
0.38965 14907.3
0.38966 14907.3
0.38967 14907.3
0.38968 14907.3
0.38969 14907.3
0.38970 14907.3
0.38971 14907.3
0.38972 14907.3
0.38973 14907.3
0.38974 14907.3
0.38975 14907.3
0.38976 14907.3
0.38977 14907.3
0.38978 14907.3
0.38979 14907.3
0.38980 14907.3
0.38981 14907.3
0.38982 14907.3
0.38983 14907.3
0.38984 14907.3
0.38985 14907.3
0.38986 14907.3
0.38987 14907.3
0.38988 14907.3
0.38989 14907.3
0.38990 14907.3
0.38991 14907.3
0.38992 14907.3
0.38993 14907.3
0.38994 14907.3
0.38995 14907.3
0.38996 14907.3
0.38997 14907.3
0.38998 14907.3
0.38999 14907.3
0.39000 14907.3
0.39001 14907.3
0.39002 14907.3
0.39003 14907.3
0.39004 14907.3
0.39005 14907.3
0.39006 14907.3
0.39007 14907.3
0.39008 14907.3
0.39009 14907.3
0.39010 14907.3
0.39011 14907.3
0.39012 14907.3
0.39013 14907.3
0.39014 14907.3
0.39015 14907.3
0.39016 14907.3
0.39017 14907.3
0.39018 14907.3
0.39019 14907.3
0.39020 14907.3
0.39021 14907.3
0.39022 14907.3
0.39023 14907.3
0.39024 14907.3
0.39025 14907.3
0.39026 14907.3
0.39027 14907.3
0.39028 14907.3
0.39029 14907.3
0.39030 14907.3
0.39031 14907.3
0.39032 14907.3
0.39033 14907.3
0.39034 14907.3
0.39035 14907.3
0.39036 14907.3
0.39037 14907.3
0.39038 14907.3
0.39039 14907.3
0.39040 14907.3
0.39041 14907.3
0.39042 14907.3
0.39043 14907.3
0.39044 14907.3
0.39045 14907.3
0.39046 14907.3
0.39047 14907.3
0.39048 14907.3
0.39049 14907.3
0.39050 14907.3
0.39051 14907.3
0.39052 14907.3
0.39053 14907.3
0.39054 14907.3
0.39055 14907.3
0.39056 14907.3
0.39057 14907.3
0.39058 14907.3
0.39059 14907.3
0.39060 14907.3
0.39061 14907.3
0.39062 14907.3
0.39063 14907.3
0.39064 14907.3
0.39065 14907.3
0.39066 14907.3
0.39067 14907.3
0.39068 14907.3
0.39069 14907.3
0.39070 14907.3
0.39071 14907.3
0.39072 14907.3
0.39073 14907.3
0.39074 14907.3
0.39075 14907.3
0.39076 14907.3
0.39077 14907.3
0.39078 14907.3
0.39079 14907.3
0.39080 14907.3
0.39081 14907.3
0.39082 14907.3
0.39083 14907.3
0.39084 14907.3
0.39085 14907.3
0.39086 14907.3
0.39087 14907.3
0.39088 14907.3
0.39089 14907.3
0.39090 14907.3
0.39091 14907.3
0.39092 14907.3
0.39093 14907.3
0.39094 14907.3
0.39095 14907.3
0.39096 14907.3
0.39097 14907.3
0.39098 14907.3
0.39099 14907.3
0.39100 14907.3
0.39101 14907.3
0.39102 14907.3
0.39103 14907.3
0.39104 14907.3
0.39105 14907.3
0.39106 14907.3
0.39107 14907.3
0.39108 14907.3
0.39109 14907.3
0.39110 14907.3
0.39111 14907.3
0.39112 14907.3
0.39113 14907.3
0.39114 14907.3
0.39115 14907.3
0.39116 14907.3
0.39117 14907.3
0.39118 14907.3
0.39119 14907.3
0.39120 14907.3
0.39121 14907.3
0.39122 14907.3
0.39123 14907.3
0.39124 14907.3
0.39125 14907.3
0.39126 14907.3
0.39127 14907.3
0.39128 14907.3
0.39129 14907.3
0.39130 14907.3
0.39131 14907.3
0.39132 14907.3
0.39133 14907.3
0.39134 14907.3
0.39135 14907.3
0.39136 14907.3
0.39137 14907.3
0.39138 14907.3
0.39139 14907.3
0.39140 14907.3
0.39141 14907.3
0.39142 14907.3
0.39143 14907.3
0.39144 14907.3
0.39145 14907.3
0.39146 14907.3
0.39147 14907.3
0.39148 14907.3
0.39149 14907.3
0.39150 14907.3
0.39151 14907.3
0.39152 14907.3
0.39153 14907.3
0.39154 14907.3
0.39155 14907.3
0.39156 14907.3
0.39157 14907.3
0.39158 14907.3
0.39159 14907.3
0.39160 14907.3
0.39161 14907.3
0.39162 14907.3
0.39163 14907.3
0.39164 14907.3
0.39165 14907.3
0.39166 14907.3
0.39167 14907.3
0.39168 14907.3
0.39169 14907.3
0.39170 14907.3
0.39171 14907.3
0.39172 14907.3
0.39173 14907.3
0.39174 14907.3
0.39175 14907.3
0.39176 14907.3
0.39177 14907.3
0.39178 14907.3
0.39179 14907.3
0.39180 14907.3
0.39181 14907.3
0.39182 14907.3
0.39183 14907.3
0.39184 14907.3
0.39185 14907.3
0.39186 14907.3
0.39187 14907.3
0.39188 14907.3
0.39189 14907.3
0.39190 14907.3
0.39191 14907.3
0.39192 14907.3
0.39193 14907.3
0.39194 14907.3
0.39195 14907.3
0.39196 14907.3
0.39197 14907.3
0.39198 14907.3
0.39199 14907.3
0.39200 14907.3
0.39201 14907.3
0.39202 14907.3
0.39203 14907.3
0.39204 14907.3
0.39205 14907.3
0.39206 14907.3
0.39207 14907.3
0.39208 14907.3
0.39209 14907.3
0.39210 14907.3
0.39211 14907.3
0.39212 14907.3
0.39213 14907.3
0.39214 14907.3
0.39215 14907.3
0.39216 14907.3
0.39217 14907.3
0.39218 14907.3
0.39219 14907.3
0.39220 14907.3
0.39221 14907.3
0.39222 14907.3
0.39223 14907.3
0.39224 14907.3
0.39225 14907.3
0.39226 14907.3
0.39227 14907.3
0.39228 14907.3
0.39229 14907.3
0.39230 14907.3
0.39231 14907.3
0.39232 14907.3
0.39233 14907.3
0.39234 14907.3
0.39235 14907.3
0.39236 14907.3
0.39237 14907.3
0.39238 14907.3
0.39239 14907.3
0.39240 14907.3
0.39241 14907.3
0.39242 14907.3
0.39243 14907.3
0.39244 14907.3
0.39245 14907.3
0.39246 14907.3
0.39247 14907.3
0.39248 14907.3
0.39249 14907.3
0.39250 14907.3
0.39251 14907.3
0.39252 14907.3
0.39253 14907.3
0.39254 14907.3
0.39255 14907.3
0.39256 14907.3
0.39257 14907.3
0.39258 14907.3
0.39259 14907.3
0.39260 14907.3
0.39261 14907.3
0.39262 14907.3
0.39263 14907.3
0.39264 14907.3
0.39265 14907.3
0.39266 14907.3
0.39267 14907.3
0.39268 14907.3
0.39269 14907.3
0.39270 14907.3
0.39271 14907.3
0.39272 14907.3
0.39273 14907.3
0.39274 14907.3
0.39275 14907.3
0.39276 14907.3
0.39277 14907.3
0.39278 14907.3
0.39279 14907.3
0.39280 14907.3
0.39281 14907.3
0.39282 14907.3
0.39283 14907.3
0.39284 14907.3
0.39285 14907.3
0.39286 14907.3
0.39287 14907.3
0.39288 14907.3
0.39289 14907.3
0.39290 14907.3
0.39291 14907.3
0.39292 14907.3
0.39293 14907.3
0.39294 14907.3
0.39295 14907.3
0.39296 14907.3
0.39297 14907.3
0.39298 14907.3
0.39299 14907.3
0.39300 14907.3
0.39301 14907.3
0.39302 14907.3
0.39303 14907.3
0.39304 14907.3
0.39305 14907.3
0.39306 14907.3
0.39307 14907.3
0.39308 14907.3
0.39309 14907.3
0.39310 14907.3
0.39311 14907.3
0.39312 14907.3
0.39313 14907.3
0.39314 14907.3
0.39315 14907.3
0.39316 14907.3
0.39317 14907.3
0.39318 14907.3
0.39319 14907.3
0.39320 14907.3
0.39321 14907.3
0.39322 14907.3
0.39323 14907.3
0.39324 14907.3
0.39325 14907.3
0.39326 14907.3
0.39327 14907.3
0.39328 14907.3
0.39329 14907.3
0.39330 14907.3
0.39331 14907.3
0.39332 14907.3
0.39333 14907.3
0.39334 14907.3
0.39335 14907.3
0.39336 14907.3
0.39337 14907.3
0.39338 14907.3
0.39339 14907.3
0.39340 14907.3
0.39341 14907.3
0.39342 14907.3
0.39343 14907.3
0.39344 14907.3
0.39345 14907.3
0.39346 14907.3
0.39347 14907.3
0.39348 14907.3
0.39349 14907.3
0.39350 14907.3
0.39351 14907.3
0.39352 14907.3
0.39353 14907.3
0.39354 14907.3
0.39355 14907.3
0.39356 14907.3
0.39357 14907.3
0.39358 14907.3
0.39359 14907.3
0.39360 14907.3
0.39361 14907.3
0.39362 14907.3
0.39363 14907.3
0.39364 14907.3
0.39365 14907.3
0.39366 14907.3
0.39367 14907.3
0.39368 14907.3
0.39369 14907.3
0.39370 14907.3
0.39371 14907.3
0.39372 14907.3
0.39373 14907.3
0.39374 14907.3
0.39375 14907.3
0.39376 14907.3
0.39377 14907.3
0.39378 14907.3
0.39379 14907.3
0.39380 14907.3
0.39381 14907.3
0.39382 14907.3
0.39383 14907.3
0.39384 14907.3
0.39385 14907.3
0.39386 14907.3
0.39387 14907.3
0.39388 14907.3
0.39389 14907.3
0.39390 14907.3
0.39391 14907.3
0.39392 14907.3
0.39393 14907.3
0.39394 14907.3
0.39395 14907.3
0.39396 14907.3
0.39397 14907.3
0.39398 14907.3
0.39399 14907.3
0.39400 14907.3
0.39401 14907.3
0.39402 14907.3
0.39403 14907.3
0.39404 14907.3
0.39405 14907.3
0.39406 14907.3
0.39407 14907.3
0.39408 14907.3
0.39409 14907.3
0.39410 14907.3
0.39411 14907.3
0.39412 14907.3
0.39413 14907.3
0.39414 14907.3
0.39415 14907.3
0.39416 14907.3
0.39417 14907.3
0.39418 14907.3
0.39419 14907.3
0.39420 14907.3
0.39421 14907.3
0.39422 14907.3
0.39423 14907.3
0.39424 14907.3
0.39425 14907.3
0.39426 14907.3
0.39427 14907.3
0.39428 14907.3
0.39429 14907.3
0.39430 14907.3
0.39431 14907.3
0.39432 14907.3
0.39433 14907.3
0.39434 14907.3
0.39435 14907.3
0.39436 14907.3
0.39437 14907.3
0.39438 14907.3
0.39439 14907.3
0.39440 14907.3
0.39441 14907.3
0.39442 14907.3
0.39443 14907.3
0.39444 14907.3
0.39445 14907.3
0.39446 14907.3
0.39447 14907.3
0.39448 14907.3
0.39449 14907.3
0.39450 14907.3
0.39451 14907.3
0.39452 14907.3
0.39453 14907.3
0.39454 14907.3
0.39455 14907.3
0.39456 14907.3
0.39457 14907.3
0.39458 14907.3
0.39459 14907.3
0.39460 14907.3
0.39461 14907.3
0.39462 14907.3
0.39463 14907.3
0.39464 14907.3
0.39465 14907.3
0.39466 14907.3
0.39467 14907.3
0.39468 14907.3
0.39469 14907.3
0.39470 14907.3
0.39471 14907.3
0.39472 14907.3
0.39473 14907.3
0.39474 14907.3
0.39475 14907.3
0.39476 14907.3
0.39477 14907.3
0.39478 14907.3
0.39479 14907.3
0.39480 14907.3
0.39481 14907.3
0.39482 14907.3
0.39483 14907.3
0.39484 14907.3
0.39485 14907.3
0.39486 14907.3
0.39487 14907.3
0.39488 14907.3
0.39489 14907.3
0.39490 14907.3
0.39491 14907.3
0.39492 14907.3
0.39493 14907.3
0.39494 14907.3
0.39495 14907.3
0.39496 14907.3
0.39497 14907.3
0.39498 14907.3
0.39499 14907.3
0.39500 14907.3
0.39501 14907.3
0.39502 14907.3
0.39503 14907.3
0.39504 14907.3
0.39505 14907.3
0.39506 14907.3
0.39507 14907.3
0.39508 14907.3
0.39509 14907.3
0.39510 14907.3
0.39511 14907.3
0.39512 14907.3
0.39513 14907.3
0.39514 14907.3
0.39515 14907.3
0.39516 14907.3
0.39517 14907.3
0.39518 14907.3
0.39519 14907.3
0.39520 14907.3
0.39521 14907.3
0.39522 14907.3
0.39523 14907.3
0.39524 14907.3
0.39525 14907.3
0.39526 14907.3
0.39527 14907.3
0.39528 14907.3
0.39529 14907.3
0.39530 14907.3
0.39531 14907.3
0.39532 14907.3
0.39533 14907.3
0.39534 14907.3
0.39535 14907.3
0.39536 14907.3
0.39537 14907.3
0.39538 14907.3
0.39539 14907.3
0.39540 14907.3
0.39541 14907.3
0.39542 14907.3
0.39543 14907.3
0.39544 14907.3
0.39545 14907.3
0.39546 14907.3
0.39547 14907.3
0.39548 14907.3
0.39549 14907.3
0.39550 14907.3
0.39551 14907.3
0.39552 14907.3
0.39553 14907.3
0.39554 14907.3
0.39555 14907.3
0.39556 14907.3
0.39557 14907.3
0.39558 14907.3
0.39559 14907.3
0.39560 14907.3
0.39561 14907.3
0.39562 14907.3
0.39563 14907.3
0.39564 14907.3
0.39565 14907.3
0.39566 14907.3
0.39567 14907.3
0.39568 14907.3
0.39569 14907.3
0.39570 14907.3
0.39571 14907.3
0.39572 14907.3
0.39573 14907.3
0.39574 14907.3
0.39575 14907.3
0.39576 14907.3
0.39577 14907.3
0.39578 14907.3
0.39579 14907.3
0.39580 14907.3
0.39581 14907.3
0.39582 14907.3
0.39583 14907.3
0.39584 14907.3
0.39585 14907.3
0.39586 14907.3
0.39587 14907.3
0.39588 14907.3
0.39589 14907.3
0.39590 14907.3
0.39591 14907.3
0.39592 14907.3
0.39593 14907.3
0.39594 14907.3
0.39595 14907.3
0.39596 14907.3
0.39597 14907.3
0.39598 14907.3
0.39599 14907.3
0.39600 14907.3
0.39601 14907.3
0.39602 14907.3
0.39603 14907.3
0.39604 14907.3
0.39605 14907.3
0.39606 14907.3
0.39607 14907.3
0.39608 14907.3
0.39609 14907.3
0.39610 14907.3
0.39611 14907.3
0.39612 14907.3
0.39613 14907.3
0.39614 14907.3
0.39615 14907.3
0.39616 14907.3
0.39617 14907.3
0.39618 14907.3
0.39619 14907.3
0.39620 14907.3
0.39621 14907.3
0.39622 14907.3
0.39623 14907.3
0.39624 14907.3
0.39625 14907.3
0.39626 14907.3
0.39627 14907.3
0.39628 14907.3
0.39629 14907.3
0.39630 14907.3
0.39631 14907.3
0.39632 14907.3
0.39633 14907.3
0.39634 14907.3
0.39635 14907.3
0.39636 14907.3
0.39637 14907.3
0.39638 14907.3
0.39639 14907.3
0.39640 14907.3
0.39641 14907.3
0.39642 14907.3
0.39643 14907.3
0.39644 14907.3
0.39645 14907.3
0.39646 14907.3
0.39647 14907.3
0.39648 14907.3
0.39649 14907.3
0.39650 14907.3
0.39651 14907.3
0.39652 14907.3
0.39653 14907.3
0.39654 14907.3
0.39655 14907.3
0.39656 14907.3
0.39657 14907.3
0.39658 14907.3
0.39659 14907.3
0.39660 14907.3
0.39661 14907.3
0.39662 14907.3
0.39663 14907.3
0.39664 14907.3
0.39665 14907.3
0.39666 14907.3
0.39667 14907.3
0.39668 14907.3
0.39669 14907.3
0.39670 14907.3
0.39671 14907.3
0.39672 14907.3
0.39673 14907.3
0.39674 14907.3
0.39675 14907.3
0.39676 14907.3
0.39677 14907.3
0.39678 14907.3
0.39679 14907.3
0.39680 14907.3
0.39681 14907.3
0.39682 14907.3
0.39683 14907.3
0.39684 14907.3
0.39685 14907.3
0.39686 14907.3
0.39687 14907.3
0.39688 14907.3
0.39689 14907.3
0.39690 14907.3
0.39691 14907.3
0.39692 14907.3
0.39693 14907.3
0.39694 14907.3
0.39695 14907.3
0.39696 14907.3
0.39697 14907.3
0.39698 14907.3
0.39699 14907.3
0.39700 14907.3
0.39701 14907.3
0.39702 14907.3
0.39703 14907.3
0.39704 14907.3
0.39705 14907.3
0.39706 14907.3
0.39707 14907.3
0.39708 14907.3
0.39709 14907.3
0.39710 14907.3
0.39711 14907.3
0.39712 14907.3
0.39713 14907.3
0.39714 14907.3
0.39715 14907.3
0.39716 14907.3
0.39717 14907.3
0.39718 14907.3
0.39719 14907.3
0.39720 14907.3
0.39721 14907.3
0.39722 14907.3
0.39723 14907.3
0.39724 14907.3
0.39725 14907.3
0.39726 14907.3
0.39727 14907.3
0.39728 14907.3
0.39729 14907.3
0.39730 14907.3
0.39731 14907.3
0.39732 14907.3
0.39733 14907.3
0.39734 14907.3
0.39735 14907.3
0.39736 14907.3
0.39737 14907.3
0.39738 14907.3
0.39739 14907.3
0.39740 14907.3
0.39741 14907.3
0.39742 14907.3
0.39743 14907.3
0.39744 14907.3
0.39745 14907.3
0.39746 14907.3
0.39747 14907.3
0.39748 14907.3
0.39749 14907.3
0.39750 14907.3
0.39751 14907.3
0.39752 14907.3
0.39753 14907.3
0.39754 14907.3
0.39755 14907.3
0.39756 14907.3
0.39757 14907.3
0.39758 14907.3
0.39759 14907.3
0.39760 14907.3
0.39761 14907.3
0.39762 14907.3
0.39763 14907.3
0.39764 14907.3
0.39765 14907.3
0.39766 14907.3
0.39767 14907.3
0.39768 14907.3
0.39769 14907.3
0.39770 14907.3
0.39771 14907.3
0.39772 14907.3
0.39773 14907.3
0.39774 14907.3
0.39775 14907.3
0.39776 14907.3
0.39777 14907.3
0.39778 14907.3
0.39779 14907.3
0.39780 14907.3
0.39781 14907.3
0.39782 14907.3
0.39783 14907.3
0.39784 14907.3
0.39785 14907.3
0.39786 14907.3
0.39787 14907.3
0.39788 14907.3
0.39789 14907.3
0.39790 14907.3
0.39791 14907.3
0.39792 14907.3
0.39793 14907.3
0.39794 14907.3
0.39795 14907.3
0.39796 14907.3
0.39797 14907.3
0.39798 14907.3
0.39799 14907.3
0.39800 14907.3
0.39801 14907.3
0.39802 14907.3
0.39803 14907.3
0.39804 14907.3
0.39805 14907.3
0.39806 14907.3
0.39807 14907.3
0.39808 14907.3
0.39809 14907.3
0.39810 14907.3
0.39811 14907.3
0.39812 14907.3
0.39813 14907.3
0.39814 14907.3
0.39815 14907.3
0.39816 14907.3
0.39817 14907.3
0.39818 14907.3
0.39819 14907.3
0.39820 14907.3
0.39821 14907.3
0.39822 14907.3
0.39823 14907.3
0.39824 14907.3
0.39825 14907.3
0.39826 14907.3
0.39827 14907.3
0.39828 14907.3
0.39829 14907.3
0.39830 14907.3
0.39831 14907.3
0.39832 14907.3
0.39833 14907.3
0.39834 14907.3
0.39835 14907.3
0.39836 14907.3
0.39837 14907.3
0.39838 14907.3
0.39839 14907.3
0.39840 14907.3
0.39841 14907.3
0.39842 14907.3
0.39843 14907.3
0.39844 14907.3
0.39845 14907.3
0.39846 14907.3
0.39847 14907.3
0.39848 14907.3
0.39849 14907.3
0.39850 14907.3
0.39851 14907.3
0.39852 14907.3
0.39853 14907.3
0.39854 14907.3
0.39855 14907.3
0.39856 14907.3
0.39857 14907.3
0.39858 14907.3
0.39859 14907.3
0.39860 14907.3
0.39861 14907.3
0.39862 14907.3
0.39863 14907.3
0.39864 14907.3
0.39865 14907.3
0.39866 14907.3
0.39867 14907.3
0.39868 14907.3
0.39869 14907.3
0.39870 14907.3
0.39871 14907.3
0.39872 14907.3
0.39873 14907.3
0.39874 14907.3
0.39875 14907.3
0.39876 14907.3
0.39877 14907.3
0.39878 14907.3
0.39879 14907.3
0.39880 14907.3
0.39881 14907.3
0.39882 14907.3
0.39883 14907.3
0.39884 14907.3
0.39885 14907.3
0.39886 14907.3
0.39887 14907.3
0.39888 14907.3
0.39889 14907.3
0.39890 14907.3
0.39891 14907.3
0.39892 14907.3
0.39893 14907.3
0.39894 14907.3
0.39895 14907.3
0.39896 14907.3
0.39897 14907.3
0.39898 14907.3
0.39899 14907.3
0.39900 14907.3
0.39901 14907.3
0.39902 14907.3
0.39903 14907.3
0.39904 14907.3
0.39905 14907.3
0.39906 14907.3
0.39907 14907.3
0.39908 14907.3
0.39909 14907.3
0.39910 14907.3
0.39911 14907.3
0.39912 14907.3
0.39913 14907.3
0.39914 14907.3
0.39915 14907.3
0.39916 14907.3
0.39917 14907.3
0.39918 14907.3
0.39919 14907.3
0.39920 14907.3
0.39921 14907.3
0.39922 14907.3
0.39923 14907.3
0.39924 14907.3
0.39925 14907.3
0.39926 14907.3
0.39927 14907.3
0.39928 14907.3
0.39929 14907.3
0.39930 14907.3
0.39931 14907.3
0.39932 14907.3
0.39933 14907.3
0.39934 14907.3
0.39935 14907.3
0.39936 14907.3
0.39937 14907.3
0.39938 14907.3
0.39939 14907.3
0.39940 14907.3
0.39941 14907.3
0.39942 14907.3
0.39943 14907.3
0.39944 14907.3
0.39945 14907.3
0.39946 14907.3
0.39947 14907.3
0.39948 14907.3
0.39949 14907.3
0.39950 14907.3
0.39951 14907.3
0.39952 14907.3
0.39953 14907.3
0.39954 14907.3
0.39955 14907.3
0.39956 14907.3
0.39957 14907.3
0.39958 14907.3
0.39959 14907.3
0.39960 14907.3
0.39961 14907.3
0.39962 14907.3
0.39963 14907.3
0.39964 14907.3
0.39965 14907.3
0.39966 14907.3
0.39967 14907.3
0.39968 14907.3
0.39969 14907.3
0.39970 14907.3
0.39971 14907.3
0.39972 14907.3
0.39973 14907.3
0.39974 14907.3
0.39975 14907.3
0.39976 14907.3
0.39977 14907.3
0.39978 14907.3
0.39979 14907.3
0.39980 14907.3
0.39981 14907.3
0.39982 14907.3
0.39983 14907.3
0.39984 14907.3
0.39985 14907.3
0.39986 14907.3
0.39987 14907.3
0.39988 14907.3
0.39989 14907.3
0.39990 14907.3
0.39991 14907.3
0.39992 14907.3
0.39993 14907.3
0.39994 14907.3
0.39995 14907.3
0.39996 14907.3
0.39997 14907.3
0.39998 14907.3
0.39999 14907.3
0.40000 14907.3
0.40001 14907.3
0.40002 14907.3
0.40003 14907.3
0.40004 14907.3
0.40005 14907.3
0.40006 14907.3
0.40007 14907.3
0.40008 14907.3
0.40009 14907.3
0.40010 14907.3
0.40011 14907.3
0.40012 14907.3
0.40013 14907.3
0.40014 14907.3
0.40015 14907.3
0.40016 14907.3
0.40017 14907.3
0.40018 14907.3
0.40019 14907.3
0.40020 14907.3
0.40021 14907.3
0.40022 14907.3
0.40023 14907.3
0.40024 14907.3
0.40025 14907.3
0.40026 14907.3
0.40027 14907.3
0.40028 14907.3
0.40029 14907.3
0.40030 14907.3
0.40031 14907.3
0.40032 14907.3
0.40033 14907.3
0.40034 14907.3
0.40035 14907.3
0.40036 14907.3
0.40037 14907.3
0.40038 14907.3
0.40039 14907.3
0.40040 14907.3
0.40041 14907.3
0.40042 14907.3
0.40043 14907.3
0.40044 14907.3
0.40045 14907.3
0.40046 14907.3
0.40047 14907.3
0.40048 14907.3
0.40049 14907.3
0.40050 14907.3
0.40051 14907.3
0.40052 14907.3
0.40053 14907.3
0.40054 14907.3
0.40055 14907.3
0.40056 14907.3
0.40057 14907.3
0.40058 14907.3
0.40059 14907.3
0.40060 14907.3
0.40061 14907.3
0.40062 14907.3
0.40063 14907.3
0.40064 14907.3
0.40065 14907.3
0.40066 14907.3
0.40067 14907.3
0.40068 14907.3
0.40069 14907.3
0.40070 14907.3
0.40071 14907.3
0.40072 14907.3
0.40073 14907.3
0.40074 14907.3
0.40075 14907.3
0.40076 14907.3
0.40077 14907.3
0.40078 14907.3
0.40079 14907.3
0.40080 14907.3
0.40081 14907.3
0.40082 14907.3
0.40083 14907.3
0.40084 14907.3
0.40085 14907.3
0.40086 14907.3
0.40087 14907.3
0.40088 14907.3
0.40089 14907.3
0.40090 14907.3
0.40091 14907.3
0.40092 14907.3
0.40093 14907.3
0.40094 14907.3
0.40095 14907.3
0.40096 14907.3
0.40097 14907.3
0.40098 14907.3
0.40099 14907.3
0.40100 14907.3
0.40101 14907.3
0.40102 14907.3
0.40103 14907.3
0.40104 14907.3
0.40105 14907.3
0.40106 14907.3
0.40107 14907.3
0.40108 14907.3
0.40109 14907.3
0.40110 14907.3
0.40111 14907.3
0.40112 14907.3
0.40113 14907.3
0.40114 14907.3
0.40115 14907.3
0.40116 14907.3
0.40117 14907.3
0.40118 14907.3
0.40119 14907.3
0.40120 14907.3
0.40121 14907.3
0.40122 14907.3
0.40123 14907.3
0.40124 14907.3
0.40125 14907.3
0.40126 14907.3
0.40127 14907.3
0.40128 14907.3
0.40129 14907.3
0.40130 14907.3
0.40131 14907.3
0.40132 14907.3
0.40133 14907.3
0.40134 14907.3
0.40135 14907.3
0.40136 14907.3
0.40137 14907.3
0.40138 14907.3
0.40139 14907.3
0.40140 14907.3
0.40141 14907.3
0.40142 14907.3
0.40143 14907.3
0.40144 14907.3
0.40145 14907.3
0.40146 14907.3
0.40147 14907.3
0.40148 14907.3
0.40149 14907.3
0.40150 14907.3
0.40151 14907.3
0.40152 14907.3
0.40153 14907.3
0.40154 14907.3
0.40155 14907.3
0.40156 14907.3
0.40157 14907.3
0.40158 14907.3
0.40159 14907.3
0.40160 14907.3
0.40161 14907.3
0.40162 14907.3
0.40163 14907.3
0.40164 14907.3
0.40165 14907.3
0.40166 14907.3
0.40167 14907.3
0.40168 14907.3
0.40169 14907.3
0.40170 14907.3
0.40171 14907.3
0.40172 14907.3
0.40173 14907.3
0.40174 14907.3
0.40175 14907.3
0.40176 14907.3
0.40177 14907.3
0.40178 14907.3
0.40179 14907.3
0.40180 14907.3
0.40181 14907.3
0.40182 14907.3
0.40183 14907.3
0.40184 14907.3
0.40185 14907.3
0.40186 14907.3
0.40187 14907.3
0.40188 14907.3
0.40189 14907.3
0.40190 14907.3
0.40191 14907.3
0.40192 14907.3
0.40193 14907.3
0.40194 14907.3
0.40195 14907.3
0.40196 14907.3
0.40197 14907.3
0.40198 14907.3
0.40199 14907.3
0.40200 14907.3
0.40201 14907.3
0.40202 14907.3
0.40203 14907.3
0.40204 14907.3
0.40205 14907.3
0.40206 14907.3
0.40207 14907.3
0.40208 14907.3
0.40209 14907.3
0.40210 14907.3
0.40211 14907.3
0.40212 14907.3
0.40213 14907.3
0.40214 14907.3
0.40215 14907.3
0.40216 14907.3
0.40217 14907.3
0.40218 14907.3
0.40219 14907.3
0.40220 14907.3
0.40221 14907.3
0.40222 14907.3
0.40223 14907.3
0.40224 14907.3
0.40225 14907.3
0.40226 14907.3
0.40227 14907.3
0.40228 14907.3
0.40229 14907.3
0.40230 14907.3
0.40231 14907.3
0.40232 14907.3
0.40233 14907.3
0.40234 14907.3
0.40235 14907.3
0.40236 14907.3
0.40237 14907.3
0.40238 14907.3
0.40239 14907.3
0.40240 14907.3
0.40241 14907.3
0.40242 14907.3
0.40243 14907.3
0.40244 14907.3
0.40245 14907.3
0.40246 14907.3
0.40247 14907.3
0.40248 14907.3
0.40249 14907.3
0.40250 14907.3
0.40251 14907.3
0.40252 14907.3
0.40253 14907.3
0.40254 14907.3
0.40255 14907.3
0.40256 14907.3
0.40257 14907.3
0.40258 14907.3
0.40259 14907.3
0.40260 14907.3
0.40261 14907.3
0.40262 14907.3
0.40263 14907.3
0.40264 14907.3
0.40265 14907.3
0.40266 14907.3
0.40267 14907.3
0.40268 14907.3
0.40269 14907.3
0.40270 14907.3
0.40271 14907.3
0.40272 14907.3
0.40273 14907.3
0.40274 14907.3
0.40275 14907.3
0.40276 14907.3
0.40277 14907.3
0.40278 14907.3
0.40279 14907.3
0.40280 14907.3
0.40281 14907.3
0.40282 14907.3
0.40283 14907.3
0.40284 14907.3
0.40285 14907.3
0.40286 14907.3
0.40287 14907.3
0.40288 14907.3
0.40289 14907.3
0.40290 14907.3
0.40291 14907.3
0.40292 14907.3
0.40293 14907.3
0.40294 14907.3
0.40295 14907.3
0.40296 14907.3
0.40297 14907.3
0.40298 14907.3
0.40299 14907.3
0.40300 14907.3
0.40301 14907.3
0.40302 14907.3
0.40303 14907.3
0.40304 14907.3
0.40305 14907.3
0.40306 14907.3
0.40307 14907.3
0.40308 14907.3
0.40309 14907.3
0.40310 14907.3
0.40311 14907.3
0.40312 14907.3
0.40313 14907.3
0.40314 14907.3
0.40315 14907.3
0.40316 14907.3
0.40317 14907.3
0.40318 14907.3
0.40319 14907.3
0.40320 14907.3
0.40321 14907.3
0.40322 14907.3
0.40323 14907.3
0.40324 14907.3
0.40325 14907.3
0.40326 14907.3
0.40327 14907.3
0.40328 14907.3
0.40329 14907.3
0.40330 14907.3
0.40331 14907.3
0.40332 14907.3
0.40333 14907.3
0.40334 14907.3
0.40335 14907.3
0.40336 14907.3
0.40337 14907.3
0.40338 14907.3
0.40339 14907.3
0.40340 14907.3
0.40341 14907.3
0.40342 14907.3
0.40343 14907.3
0.40344 14907.3
0.40345 14907.3
0.40346 14907.3
0.40347 14907.3
0.40348 14907.3
0.40349 14907.3
0.40350 14907.3
0.40351 14907.3
0.40352 14907.3
0.40353 14907.3
0.40354 14907.3
0.40355 14907.3
0.40356 14907.3
0.40357 14907.3
0.40358 14907.3
0.40359 14907.3
0.40360 14907.3
0.40361 14907.3
0.40362 14907.3
0.40363 14907.3
0.40364 14907.3
0.40365 14907.3
0.40366 14907.3
0.40367 14907.3
0.40368 14907.3
0.40369 14907.3
0.40370 14907.3
0.40371 14907.3
0.40372 14907.3
0.40373 14907.3
0.40374 14907.3
0.40375 14907.3
0.40376 14907.3
0.40377 14907.3
0.40378 14907.3
0.40379 14907.3
0.40380 14907.3
0.40381 14907.3
0.40382 14907.3
0.40383 14907.3
0.40384 14907.3
0.40385 14907.3
0.40386 14907.3
0.40387 14907.3
0.40388 14907.3
0.40389 14907.3
0.40390 14907.3
0.40391 14907.3
0.40392 14907.3
0.40393 14907.3
0.40394 14907.3
0.40395 14907.3
0.40396 14907.3
0.40397 14907.3
0.40398 14907.3
0.40399 14907.3
0.40400 14907.3
0.40401 14907.3
0.40402 14907.3
0.40403 14907.3
0.40404 14907.3
0.40405 14907.3
0.40406 14907.3
0.40407 14907.3
0.40408 14907.3
0.40409 14907.3
0.40410 14907.3
0.40411 14907.3
0.40412 14907.3
0.40413 14907.3
0.40414 14907.3
0.40415 14907.3
0.40416 14907.3
0.40417 14907.3
0.40418 14907.3
0.40419 14907.3
0.40420 14907.3
0.40421 14907.3
0.40422 14907.3
0.40423 14907.3
0.40424 14907.3
0.40425 14907.3
0.40426 14907.3
0.40427 14907.3
0.40428 14907.3
0.40429 14907.3
0.40430 14907.3
0.40431 14907.3
0.40432 14907.3
0.40433 14907.3
0.40434 14907.3
0.40435 14907.3
0.40436 14907.3
0.40437 14907.3
0.40438 14907.3
0.40439 14907.3
0.40440 14907.3
0.40441 14907.3
0.40442 14907.3
0.40443 14907.3
0.40444 14907.3
0.40445 14907.3
0.40446 14907.3
0.40447 14907.3
0.40448 14907.3
0.40449 14907.3
0.40450 14907.3
0.40451 14907.3
0.40452 14907.3
0.40453 14907.3
0.40454 14907.3
0.40455 14907.3
0.40456 14907.3
0.40457 14907.3
0.40458 14907.3
0.40459 14907.3
0.40460 14907.3
0.40461 14907.3
0.40462 14907.3
0.40463 14907.3
0.40464 14907.3
0.40465 14907.3
0.40466 14907.3
0.40467 14907.3
0.40468 14907.3
0.40469 14907.3
0.40470 14907.3
0.40471 14907.3
0.40472 14907.3
0.40473 14907.3
0.40474 14907.3
0.40475 14907.3
0.40476 14907.3
0.40477 14907.3
0.40478 14907.3
0.40479 14907.3
0.40480 14907.3
0.40481 14907.3
0.40482 14907.3
0.40483 14907.3
0.40484 14907.3
0.40485 14907.3
0.40486 14907.3
0.40487 14907.3
0.40488 14907.3
0.40489 14907.3
0.40490 14907.3
0.40491 14907.3
0.40492 14907.3
0.40493 14907.3
0.40494 14907.3
0.40495 14907.3
0.40496 14907.3
0.40497 14907.3
0.40498 14907.3
0.40499 14907.3
0.40500 14907.3
0.40501 14907.3
0.40502 14907.3
0.40503 14907.3
0.40504 14907.3
0.40505 14907.3
0.40506 14907.3
0.40507 14907.3
0.40508 14907.3
0.40509 14907.3
0.40510 14907.3
0.40511 14907.3
0.40512 14907.3
0.40513 14907.3
0.40514 14907.3
0.40515 14907.3
0.40516 14907.3
0.40517 14907.3
0.40518 14907.3
0.40519 14907.3
0.40520 14907.3
0.40521 14907.3
0.40522 14907.3
0.40523 14907.3
0.40524 14907.3
0.40525 14907.3
0.40526 14907.3
0.40527 14907.3
0.40528 14907.3
0.40529 14907.3
0.40530 14907.3
0.40531 14907.3
0.40532 14907.3
0.40533 14907.3
0.40534 14907.3
0.40535 14907.3
0.40536 14907.3
0.40537 14907.3
0.40538 14907.3
0.40539 14907.3
0.40540 14907.3
0.40541 14907.3
0.40542 14907.3
0.40543 14907.3
0.40544 14907.3
0.40545 14907.3
0.40546 14907.3
0.40547 14907.3
0.40548 14907.3
0.40549 14907.3
0.40550 14907.3
0.40551 14907.3
0.40552 14907.3
0.40553 14907.3
0.40554 14907.3
0.40555 14907.3
0.40556 14907.3
0.40557 14907.3
0.40558 14907.3
0.40559 14907.3
0.40560 14907.3
0.40561 14907.3
0.40562 14907.3
0.40563 14907.3
0.40564 14907.3
0.40565 14907.3
0.40566 14907.3
0.40567 14907.3
0.40568 14907.3
0.40569 14907.3
0.40570 14907.3
0.40571 14907.3
0.40572 14907.3
0.40573 14907.3
0.40574 14907.3
0.40575 14907.3
0.40576 14907.3
0.40577 14907.3
0.40578 14907.3
0.40579 14907.3
0.40580 14907.3
0.40581 14907.3
0.40582 14907.3
0.40583 14907.3
0.40584 14907.3
0.40585 14907.3
0.40586 14907.3
0.40587 14907.3
0.40588 14907.3
0.40589 14907.3
0.40590 14907.3
0.40591 14907.3
0.40592 14907.3
0.40593 14907.3
0.40594 14907.3
0.40595 14907.3
0.40596 14907.3
0.40597 14907.3
0.40598 14907.3
0.40599 14907.3
0.40600 14907.3
0.40601 14907.3
0.40602 14907.3
0.40603 14907.3
0.40604 14907.3
0.40605 14907.3
0.40606 14907.3
0.40607 14907.3
0.40608 14907.3
0.40609 14907.3
0.40610 14907.3
0.40611 14907.3
0.40612 14907.3
0.40613 14907.3
0.40614 14907.3
0.40615 14907.3
0.40616 14907.3
0.40617 14907.3
0.40618 14907.3
0.40619 14907.3
0.40620 14907.3
0.40621 14907.3
0.40622 14907.3
0.40623 14907.3
0.40624 14907.3
0.40625 14907.3
0.40626 14907.3
0.40627 14907.3
0.40628 14907.3
0.40629 14907.3
0.40630 14907.3
0.40631 14907.3
0.40632 14907.3
0.40633 14907.3
0.40634 14907.3
0.40635 14907.3
0.40636 14907.3
0.40637 14907.3
0.40638 14907.3
0.40639 14907.3
0.40640 14907.3
0.40641 14907.3
0.40642 14907.3
0.40643 14907.3
0.40644 14907.3
0.40645 14907.3
0.40646 14907.3
0.40647 14907.3
0.40648 14907.3
0.40649 14907.3
0.40650 14907.3
0.40651 14907.3
0.40652 14907.3
0.40653 14907.3
0.40654 14907.3
0.40655 14907.3
0.40656 14907.3
0.40657 14907.3
0.40658 14907.3
0.40659 14907.3
0.40660 14907.3
0.40661 14907.3
0.40662 14907.3
0.40663 14907.3
0.40664 14907.3
0.40665 14907.3
0.40666 14907.3
0.40667 14907.3
0.40668 14907.3
0.40669 14907.3
0.40670 14907.3
0.40671 14907.3
0.40672 14907.3
0.40673 14907.3
0.40674 14907.3
0.40675 14907.3
0.40676 14907.3
0.40677 14907.3
0.40678 14907.3
0.40679 14907.3
0.40680 14907.3
0.40681 14907.3
0.40682 14907.3
0.40683 14907.3
0.40684 14907.3
0.40685 14907.3
0.40686 14907.3
0.40687 14907.3
0.40688 14907.3
0.40689 14907.3
0.40690 14907.3
0.40691 14907.3
0.40692 14907.3
0.40693 14907.3
0.40694 14907.3
0.40695 14907.3
0.40696 14907.3
0.40697 14907.3
0.40698 14907.3
0.40699 14907.3
0.40700 14907.3
0.40701 14907.3
0.40702 14907.3
0.40703 14907.3
0.40704 14907.3
0.40705 14907.3
0.40706 14907.3
0.40707 14907.3
0.40708 14907.3
0.40709 14907.3
0.40710 14907.3
0.40711 14907.3
0.40712 14907.3
0.40713 14907.3
0.40714 14907.3
0.40715 14907.3
0.40716 14907.3
0.40717 14907.3
0.40718 14907.3
0.40719 14907.3
0.40720 14907.3
0.40721 14907.3
0.40722 14907.3
0.40723 14907.3
0.40724 14907.3
0.40725 14907.3
0.40726 14907.3
0.40727 14907.3
0.40728 14907.3
0.40729 14907.3
0.40730 14907.3
0.40731 14907.3
0.40732 14907.3
0.40733 14907.3
0.40734 14907.3
0.40735 14907.3
0.40736 14907.3
0.40737 14907.3
0.40738 14907.3
0.40739 14907.3
0.40740 14907.3
0.40741 14907.3
0.40742 14907.3
0.40743 14907.3
0.40744 14907.3
0.40745 14907.3
0.40746 14907.3
0.40747 14907.3
0.40748 14907.3
0.40749 14907.3
0.40750 14907.3
0.40751 14907.3
0.40752 14907.3
0.40753 14907.3
0.40754 14907.3
0.40755 14907.3
0.40756 14907.3
0.40757 14907.3
0.40758 14907.3
0.40759 14907.3
0.40760 14907.3
0.40761 14907.3
0.40762 14907.3
0.40763 14907.3
0.40764 14907.3
0.40765 14907.3
0.40766 14907.3
0.40767 14907.3
0.40768 14907.3
0.40769 14907.3
0.40770 14907.3
0.40771 14907.3
0.40772 14907.3
0.40773 14907.3
0.40774 14907.3
0.40775 14907.3
0.40776 14907.3
0.40777 14907.3
0.40778 14907.3
0.40779 14907.3
0.40780 14907.3
0.40781 14907.3
0.40782 14907.3
0.40783 14907.3
0.40784 14907.3
0.40785 14907.3
0.40786 14907.3
0.40787 14907.3
0.40788 14907.3
0.40789 14907.3
0.40790 14907.3
0.40791 14907.3
0.40792 14907.3
0.40793 14907.3
0.40794 14907.3
0.40795 14907.3
0.40796 14907.3
0.40797 14907.3
0.40798 14907.3
0.40799 14907.3
0.40800 14907.3
0.40801 14907.3
0.40802 14907.3
0.40803 14907.3
0.40804 14907.3
0.40805 14907.3
0.40806 14907.3
0.40807 14907.3
0.40808 14907.3
0.40809 14907.3
0.40810 14907.3
0.40811 14907.3
0.40812 14907.3
0.40813 14907.3
0.40814 14907.3
0.40815 14907.3
0.40816 14907.3
0.40817 14907.3
0.40818 14907.3
0.40819 14907.3
0.40820 14907.3
0.40821 14907.3
0.40822 14907.3
0.40823 14907.3
0.40824 14907.3
0.40825 14907.3
0.40826 14907.3
0.40827 14907.3
0.40828 14907.3
0.40829 14907.3
0.40830 14907.3
0.40831 14907.3
0.40832 14907.3
0.40833 14907.3
0.40834 14907.3
0.40835 14907.3
0.40836 14907.3
0.40837 14907.3
0.40838 14907.3
0.40839 14907.3
0.40840 14907.3
0.40841 14907.3
0.40842 14907.3
0.40843 14907.3
0.40844 14907.3
0.40845 14907.3
0.40846 14907.3
0.40847 14907.3
0.40848 14907.3
0.40849 14907.3
0.40850 14907.3
0.40851 14907.3
0.40852 14907.3
0.40853 14907.3
0.40854 14907.3
0.40855 14907.3
0.40856 14907.3
0.40857 14907.3
0.40858 14907.3
0.40859 14907.3
0.40860 14907.3
0.40861 14907.3
0.40862 14907.3
0.40863 14907.3
0.40864 14907.3
0.40865 14907.3
0.40866 14907.3
0.40867 14907.3
0.40868 14907.3
0.40869 14907.3
0.40870 14907.3
0.40871 14907.3
0.40872 14907.3
0.40873 14907.3
0.40874 14907.3
0.40875 14907.3
0.40876 14907.3
0.40877 14907.3
0.40878 14907.3
0.40879 14907.3
0.40880 14907.3
0.40881 14907.3
0.40882 14907.3
0.40883 14907.3
0.40884 14907.3
0.40885 14907.3
0.40886 14907.3
0.40887 14907.3
0.40888 14907.3
0.40889 14907.3
0.40890 14907.3
0.40891 14907.3
0.40892 14907.3
0.40893 14907.3
0.40894 14907.3
0.40895 14907.3
0.40896 14907.3
0.40897 14907.3
0.40898 14907.3
0.40899 14907.3
0.40900 14907.3
0.40901 14907.3
0.40902 14907.3
0.40903 14907.3
0.40904 14907.3
0.40905 14907.3
0.40906 14907.3
0.40907 14907.3
0.40908 14907.3
0.40909 14907.3
0.40910 14907.3
0.40911 14907.3
0.40912 14907.3
0.40913 14907.3
0.40914 14907.3
0.40915 14907.3
0.40916 14907.3
0.40917 14907.3
0.40918 14907.3
0.40919 14907.3
0.40920 14907.3
0.40921 14907.3
0.40922 14907.3
0.40923 14907.3
0.40924 14907.3
0.40925 14907.3
0.40926 14907.3
0.40927 14907.3
0.40928 14907.3
0.40929 14907.3
0.40930 14907.3
0.40931 14907.3
0.40932 14907.3
0.40933 14907.3
0.40934 14907.3
0.40935 14907.3
0.40936 14907.3
0.40937 14907.3
0.40938 14907.3
0.40939 14907.3
0.40940 14907.3
0.40941 14907.3
0.40942 14907.3
0.40943 14907.3
0.40944 14907.3
0.40945 14907.3
0.40946 14907.3
0.40947 14907.3
0.40948 14907.3
0.40949 14907.3
0.40950 14907.3
0.40951 14907.3
0.40952 14907.3
0.40953 14907.3
0.40954 14907.3
0.40955 14907.3
0.40956 14907.3
0.40957 14907.3
0.40958 14907.3
0.40959 14907.3
0.40960 14907.3
0.40961 14907.3
0.40962 14907.3
0.40963 14907.3
0.40964 14907.3
0.40965 14907.3
0.40966 14907.3
0.40967 14907.3
0.40968 14907.3
0.40969 14907.3
0.40970 14907.3
0.40971 14907.3
0.40972 14907.3
0.40973 14907.3
0.40974 14907.3
0.40975 14907.3
0.40976 14907.3
0.40977 14907.3
0.40978 14907.3
0.40979 14907.3
0.40980 14907.3
0.40981 14907.3
0.40982 14907.3
0.40983 14907.3
0.40984 14907.3
0.40985 14907.3
0.40986 14907.3
0.40987 14907.3
0.40988 14907.3
0.40989 14907.3
0.40990 14907.3
0.40991 14907.3
0.40992 14907.3
0.40993 14907.3
0.40994 14907.3
0.40995 14907.3
0.40996 14907.3
0.40997 14907.3
0.40998 14907.3
0.40999 14907.3
0.41000 14907.3
0.41001 14907.3
0.41002 14907.3
0.41003 14907.3
0.41004 14907.3
0.41005 14907.3
0.41006 14907.3
0.41007 14907.3
0.41008 14907.3
0.41009 14907.3
0.41010 14907.3
0.41011 14907.3
0.41012 14907.3
0.41013 14907.3
0.41014 14907.3
0.41015 14907.3
0.41016 14907.3
0.41017 14907.3
0.41018 14907.3
0.41019 14907.3
0.41020 14907.3
0.41021 14907.3
0.41022 14907.3
0.41023 14907.3
0.41024 14907.3
0.41025 14907.3
0.41026 14907.3
0.41027 14907.3
0.41028 14907.3
0.41029 14907.3
0.41030 14907.3
0.41031 14907.3
0.41032 14907.3
0.41033 14907.3
0.41034 14907.3
0.41035 14907.3
0.41036 14907.3
0.41037 14907.3
0.41038 14907.3
0.41039 14907.3
0.41040 14907.3
0.41041 14907.3
0.41042 14907.3
0.41043 14907.3
0.41044 14907.3
0.41045 14907.3
0.41046 14907.3
0.41047 14907.3
0.41048 14907.3
0.41049 14907.3
0.41050 14907.3
0.41051 14907.3
0.41052 14907.3
0.41053 14907.3
0.41054 14907.3
0.41055 14907.3
0.41056 14907.3
0.41057 14907.3
0.41058 14907.3
0.41059 14907.3
0.41060 14907.3
0.41061 14907.3
0.41062 14907.3
0.41063 14907.3
0.41064 14907.3
0.41065 14907.3
0.41066 14907.3
0.41067 14907.3
0.41068 14907.3
0.41069 14907.3
0.41070 14907.3
0.41071 14907.3
0.41072 14907.3
0.41073 14907.3
0.41074 14907.3
0.41075 14907.3
0.41076 14907.3
0.41077 14907.3
0.41078 14907.3
0.41079 14907.3
0.41080 14907.3
0.41081 14907.3
0.41082 14907.3
0.41083 14907.3
0.41084 14907.3
0.41085 14907.3
0.41086 14907.3
0.41087 14907.3
0.41088 14907.3
0.41089 14907.3
0.41090 14907.3
0.41091 14907.3
0.41092 14907.3
0.41093 14907.3
0.41094 14907.3
0.41095 14907.3
0.41096 14907.3
0.41097 14907.3
0.41098 14907.3
0.41099 14907.3
0.41100 14907.3
0.41101 14907.3
0.41102 14907.3
0.41103 14907.3
0.41104 14907.3
0.41105 14907.3
0.41106 14907.3
0.41107 14907.3
0.41108 14907.3
0.41109 14907.3
0.41110 14907.3
0.41111 14907.3
0.41112 14907.3
0.41113 14907.3
0.41114 14907.3
0.41115 14907.3
0.41116 14907.3
0.41117 14907.3
0.41118 14907.3
0.41119 14907.3
0.41120 14907.3
0.41121 14907.3
0.41122 14907.3
0.41123 14907.3
0.41124 14907.3
0.41125 14907.3
0.41126 14907.3
0.41127 14907.3
0.41128 14907.3
0.41129 14907.3
0.41130 14907.3
0.41131 14907.3
0.41132 14907.3
0.41133 14907.3
0.41134 14907.3
0.41135 14907.3
0.41136 14907.3
0.41137 14907.3
0.41138 14907.3
0.41139 14907.3
0.41140 14907.3
0.41141 14907.3
0.41142 14907.3
0.41143 14907.3
0.41144 14907.3
0.41145 14907.3
0.41146 14907.3
0.41147 14907.3
0.41148 14907.3
0.41149 14907.3
0.41150 14907.3
0.41151 14907.3
0.41152 14907.3
0.41153 14907.3
0.41154 14907.3
0.41155 14907.3
0.41156 14907.3
0.41157 14907.3
0.41158 14907.3
0.41159 14907.3
0.41160 14907.3
0.41161 14907.3
0.41162 14907.3
0.41163 14907.3
0.41164 14907.3
0.41165 14907.3
0.41166 14907.3
0.41167 14907.3
0.41168 14907.3
0.41169 14907.3
0.41170 14907.3
0.41171 14907.3
0.41172 14907.3
0.41173 14907.3
0.41174 14907.3
0.41175 14907.3
0.41176 14907.3
0.41177 14907.3
0.41178 14907.3
0.41179 14907.3
0.41180 14907.3
0.41181 14907.3
0.41182 14907.3
0.41183 14907.3
0.41184 14907.3
0.41185 14907.3
0.41186 14907.3
0.41187 14907.3
0.41188 14907.3
0.41189 14907.3
0.41190 14907.3
0.41191 14907.3
0.41192 14907.3
0.41193 14907.3
0.41194 14907.3
0.41195 14907.3
0.41196 14907.3
0.41197 14907.3
0.41198 14907.3
0.41199 14907.3
0.41200 14907.3
0.41201 14907.3
0.41202 14907.3
0.41203 14907.3
0.41204 14907.3
0.41205 14907.3
0.41206 14907.3
0.41207 14907.3
0.41208 14907.3
0.41209 14907.3
0.41210 14907.3
0.41211 14907.3
0.41212 14907.3
0.41213 14907.3
0.41214 14907.3
0.41215 14907.3
0.41216 14907.3
0.41217 14907.3
0.41218 14907.3
0.41219 14907.3
0.41220 14907.3
0.41221 14907.3
0.41222 14907.3
0.41223 14907.3
0.41224 14907.3
0.41225 14907.3
0.41226 14907.3
0.41227 14907.3
0.41228 14907.3
0.41229 14907.3
0.41230 14907.3
0.41231 14907.3
0.41232 14907.3
0.41233 14907.3
0.41234 14907.3
0.41235 14907.3
0.41236 14907.3
0.41237 14907.3
0.41238 14907.3
0.41239 14907.3
0.41240 14907.3
0.41241 14907.3
0.41242 14907.3
0.41243 14907.3
0.41244 14907.3
0.41245 14907.3
0.41246 14907.3
0.41247 14907.3
0.41248 14907.3
0.41249 14907.3
0.41250 14907.3
0.41251 14907.3
0.41252 14907.3
0.41253 14907.3
0.41254 14907.3
0.41255 14907.3
0.41256 14907.3
0.41257 14907.3
0.41258 14907.3
0.41259 14907.3
0.41260 14907.3
0.41261 14907.3
0.41262 14907.3
0.41263 14907.3
0.41264 14907.3
0.41265 14907.3
0.41266 14907.3
0.41267 14907.3
0.41268 14907.3
0.41269 14907.3
0.41270 14907.3
0.41271 14907.3
0.41272 14907.3
0.41273 14907.3
0.41274 14907.3
0.41275 14907.3
0.41276 14907.3
0.41277 14907.3
0.41278 14907.3
0.41279 14907.3
0.41280 14907.3
0.41281 14907.3
0.41282 14907.3
0.41283 14907.3
0.41284 14907.3
0.41285 14907.3
0.41286 14907.3
0.41287 14907.3
0.41288 14907.3
0.41289 14907.3
0.41290 14907.3
0.41291 14907.3
0.41292 14907.3
0.41293 14907.3
0.41294 14907.3
0.41295 14907.3
0.41296 14907.3
0.41297 14907.3
0.41298 14907.3
0.41299 14907.3
0.41300 14907.3
0.41301 14907.3
0.41302 14907.3
0.41303 14907.3
0.41304 14907.3
0.41305 14907.3
0.41306 14907.3
0.41307 14907.3
0.41308 14907.3
0.41309 14907.3
0.41310 14907.3
0.41311 14907.3
0.41312 14907.3
0.41313 14907.3
0.41314 14907.3
0.41315 14907.3
0.41316 14907.3
0.41317 14907.3
0.41318 14907.3
0.41319 14907.3
0.41320 14907.3
0.41321 14907.3
0.41322 14907.3
0.41323 14907.3
0.41324 14907.3
0.41325 14907.3
0.41326 14907.3
0.41327 14907.3
0.41328 14907.3
0.41329 14907.3
0.41330 14907.3
0.41331 14907.3
0.41332 14907.3
0.41333 14907.3
0.41334 14907.3
0.41335 14907.3
0.41336 14907.3
0.41337 14907.3
0.41338 14907.3
0.41339 14907.3
0.41340 14907.3
0.41341 14907.3
0.41342 14907.3
0.41343 14907.3
0.41344 14907.3
0.41345 14907.3
0.41346 14907.3
0.41347 14907.3
0.41348 14907.3
0.41349 14907.3
0.41350 14907.3
0.41351 14907.3
0.41352 14907.3
0.41353 14907.3
0.41354 14907.3
0.41355 14907.3
0.41356 14907.3
0.41357 14907.3
0.41358 14907.3
0.41359 14907.3
0.41360 14907.3
0.41361 14907.3
0.41362 14907.3
0.41363 14907.3
0.41364 14907.3
0.41365 14907.3
0.41366 14907.3
0.41367 14907.3
0.41368 14907.3
0.41369 14907.3
0.41370 14907.3
0.41371 14907.3
0.41372 14907.3
0.41373 14907.3
0.41374 14907.3
0.41375 14907.3
0.41376 14907.3
0.41377 14907.3
0.41378 14907.3
0.41379 14907.3
0.41380 14907.3
0.41381 14907.3
0.41382 14907.3
0.41383 14907.3
0.41384 14907.3
0.41385 14907.3
0.41386 14907.3
0.41387 14907.3
0.41388 14907.3
0.41389 14907.3
0.41390 14907.3
0.41391 14907.3
0.41392 14907.3
0.41393 14907.3
0.41394 14907.3
0.41395 14907.3
0.41396 14907.3
0.41397 14907.3
0.41398 14907.3
0.41399 14907.3
0.41400 14907.3
0.41401 14907.3
0.41402 14907.3
0.41403 14907.3
0.41404 14907.3
0.41405 14907.3
0.41406 14907.3
0.41407 14907.3
0.41408 14907.3
0.41409 14907.3
0.41410 14907.3
0.41411 14907.3
0.41412 14907.3
0.41413 14907.3
0.41414 14907.3
0.41415 14907.3
0.41416 14907.3
0.41417 14907.3
0.41418 14907.3
0.41419 14907.3
0.41420 14907.3
0.41421 14907.3
0.41422 14907.3
0.41423 14907.3
0.41424 14907.3
0.41425 14907.3
0.41426 14907.3
0.41427 14907.3
0.41428 14907.3
0.41429 14907.3
0.41430 14907.3
0.41431 14907.3
0.41432 14907.3
0.41433 14907.3
0.41434 14907.3
0.41435 14907.3
0.41436 14907.3
0.41437 14907.3
0.41438 14907.3
0.41439 14907.3
0.41440 14907.3
0.41441 14907.3
0.41442 14907.3
0.41443 14907.3
0.41444 14907.3
0.41445 14907.3
0.41446 14907.3
0.41447 14907.3
0.41448 14907.3
0.41449 14907.3
0.41450 14907.3
0.41451 14907.3
0.41452 14907.3
0.41453 14907.3
0.41454 14907.3
0.41455 14907.3
0.41456 14907.3
0.41457 14907.3
0.41458 14907.3
0.41459 14907.3
0.41460 14907.3
0.41461 14907.3
0.41462 14907.3
0.41463 14907.3
0.41464 14907.3
0.41465 14907.3
0.41466 14907.3
0.41467 14907.3
0.41468 14907.3
0.41469 14907.3
0.41470 14907.3
0.41471 14907.3
0.41472 14907.3
0.41473 14907.3
0.41474 14907.3
0.41475 14907.3
0.41476 14907.3
0.41477 14907.3
0.41478 14907.3
0.41479 14907.3
0.41480 14907.3
0.41481 14907.3
0.41482 14907.3
0.41483 14907.3
0.41484 14907.3
0.41485 14907.3
0.41486 14907.3
0.41487 14907.3
0.41488 14907.3
0.41489 14907.3
0.41490 14907.3
0.41491 14907.3
0.41492 14907.3
0.41493 14907.3
0.41494 14907.3
0.41495 14907.3
0.41496 14907.3
0.41497 14907.3
0.41498 14907.3
0.41499 14907.3
0.41500 14907.3
0.41501 14907.3
0.41502 14907.3
0.41503 14907.3
0.41504 14907.3
0.41505 14907.3
0.41506 14907.3
0.41507 14907.3
0.41508 14907.3
0.41509 14907.3
0.41510 14907.3
0.41511 14907.3
0.41512 14907.3
0.41513 14907.3
0.41514 14907.3
0.41515 14907.3
0.41516 14907.3
0.41517 14907.3
0.41518 14907.3
0.41519 14907.3
0.41520 14907.3
0.41521 14907.3
0.41522 14907.3
0.41523 14907.3
0.41524 14907.3
0.41525 14907.3
0.41526 14907.3
0.41527 14907.3
0.41528 14907.3
0.41529 14907.3
0.41530 14907.3
0.41531 14907.3
0.41532 14907.3
0.41533 14907.3
0.41534 14907.3
0.41535 14907.3
0.41536 14907.3
0.41537 14907.3
0.41538 14907.3
0.41539 14907.3
0.41540 14907.3
0.41541 14907.3
0.41542 14907.3
0.41543 14907.3
0.41544 14907.3
0.41545 14907.3
0.41546 14907.3
0.41547 14907.3
0.41548 14907.3
0.41549 14907.3
0.41550 14907.3
0.41551 14907.3
0.41552 14907.3
0.41553 14907.3
0.41554 14907.3
0.41555 14907.3
0.41556 14907.3
0.41557 14907.3
0.41558 14907.3
0.41559 14907.3
0.41560 14907.3
0.41561 14907.3
0.41562 14907.3
0.41563 14907.3
0.41564 14907.3
0.41565 14907.3
0.41566 14907.3
0.41567 14907.3
0.41568 14907.3
0.41569 14907.3
0.41570 14907.3
0.41571 14907.3
0.41572 14907.3
0.41573 14907.3
0.41574 14907.3
0.41575 14907.3
0.41576 14907.3
0.41577 14907.3
0.41578 14907.3
0.41579 14907.3
0.41580 14907.3
0.41581 14907.3
0.41582 14907.3
0.41583 14907.3
0.41584 14907.3
0.41585 14907.3
0.41586 14907.3
0.41587 14907.3
0.41588 14907.3
0.41589 14907.3
0.41590 14907.3
0.41591 14907.3
0.41592 14907.3
0.41593 14907.3
0.41594 14907.3
0.41595 14907.3
0.41596 14907.3
0.41597 14907.3
0.41598 14907.3
0.41599 14907.3
0.41600 14907.3
0.41601 14907.3
0.41602 14907.3
0.41603 14907.3
0.41604 14907.3
0.41605 14907.3
0.41606 14907.3
0.41607 14907.3
0.41608 14907.3
0.41609 14907.3
0.41610 14907.3
0.41611 14907.3
0.41612 14907.3
0.41613 14907.3
0.41614 14907.3
0.41615 14907.3
0.41616 14907.3
0.41617 14907.3
0.41618 14907.3
0.41619 14907.3
0.41620 14907.3
0.41621 14907.3
0.41622 14907.3
0.41623 14907.3
0.41624 14907.3
0.41625 14907.3
0.41626 14907.3
0.41627 14907.3
0.41628 14907.3
0.41629 14907.3
0.41630 14907.3
0.41631 14907.3
0.41632 14907.3
0.41633 14907.3
0.41634 14907.3
0.41635 14907.3
0.41636 14907.3
0.41637 14907.3
0.41638 14907.3
0.41639 14907.3
0.41640 14907.3
0.41641 14907.3
0.41642 14907.3
0.41643 14907.3
0.41644 14907.3
0.41645 14907.3
0.41646 14907.3
0.41647 14907.3
0.41648 14907.3
0.41649 14907.3
0.41650 14907.3
0.41651 14907.3
0.41652 14907.3
0.41653 14907.3
0.41654 14907.3
0.41655 14907.3
0.41656 14907.3
0.41657 14907.3
0.41658 14907.3
0.41659 14907.3
0.41660 14907.3
0.41661 14907.3
0.41662 14907.3
0.41663 14907.3
0.41664 14907.3
0.41665 14907.3
0.41666 14907.3
0.41667 14907.3
0.41668 14907.3
0.41669 14907.3
0.41670 14907.3
0.41671 14907.3
0.41672 14907.3
0.41673 14907.3
0.41674 14907.3
0.41675 14907.3
0.41676 14907.3
0.41677 14907.3
0.41678 14907.3
0.41679 14907.3
0.41680 14907.3
0.41681 14907.3
0.41682 14907.3
0.41683 14907.3
0.41684 14907.3
0.41685 14907.3
0.41686 14907.3
0.41687 14907.3
0.41688 14907.3
0.41689 14907.3
0.41690 14907.3
0.41691 14907.3
0.41692 14907.3
0.41693 14907.3
0.41694 14907.3
0.41695 14907.3
0.41696 14907.3
0.41697 14907.3
0.41698 14907.3
0.41699 14907.3
0.41700 14907.3
0.41701 14907.3
0.41702 14907.3
0.41703 14907.3
0.41704 14907.3
0.41705 14907.3
0.41706 14907.3
0.41707 14907.3
0.41708 14907.3
0.41709 14907.3
0.41710 14907.3
0.41711 14907.3
0.41712 14907.3
0.41713 14907.3
0.41714 14907.3
0.41715 14907.3
0.41716 14907.3
0.41717 14907.3
0.41718 14907.3
0.41719 14907.3
0.41720 14907.3
0.41721 14907.3
0.41722 14907.3
0.41723 14907.3
0.41724 14907.3
0.41725 14907.3
0.41726 14907.3
0.41727 14907.3
0.41728 14907.3
0.41729 14907.3
0.41730 14907.3
0.41731 14907.3
0.41732 14907.3
0.41733 14907.3
0.41734 14907.3
0.41735 14907.3
0.41736 14907.3
0.41737 14907.3
0.41738 14907.3
0.41739 14907.3
0.41740 14907.3
0.41741 14907.3
0.41742 14907.3
0.41743 14907.3
0.41744 14907.3
0.41745 14907.3
0.41746 14907.3
0.41747 14907.3
0.41748 14907.3
0.41749 14907.3
0.41750 14907.3
0.41751 14907.3
0.41752 14907.3
0.41753 14907.3
0.41754 14907.3
0.41755 14907.3
0.41756 14907.3
0.41757 14907.3
0.41758 14907.3
0.41759 14907.3
0.41760 14907.3
0.41761 14907.3
0.41762 14907.3
0.41763 14907.3
0.41764 14907.3
0.41765 14907.3
0.41766 14907.3
0.41767 14907.3
0.41768 14907.3
0.41769 14907.3
0.41770 14907.3
0.41771 14907.3
0.41772 14907.3
0.41773 14907.3
0.41774 14907.3
0.41775 14907.3
0.41776 14907.3
0.41777 14907.3
0.41778 14907.3
0.41779 14907.3
0.41780 14907.3
0.41781 14907.3
0.41782 14907.3
0.41783 14907.3
0.41784 14907.3
0.41785 14907.3
0.41786 14907.3
0.41787 14907.3
0.41788 14907.3
0.41789 14907.3
0.41790 14907.3
0.41791 14907.3
0.41792 14907.3
0.41793 14907.3
0.41794 14907.3
0.41795 14907.3
0.41796 14907.3
0.41797 14907.3
0.41798 14907.3
0.41799 14907.3
0.41800 14907.3
0.41801 14907.3
0.41802 14907.3
0.41803 14907.3
0.41804 14907.3
0.41805 14907.3
0.41806 14907.3
0.41807 14907.3
0.41808 14907.3
0.41809 14907.3
0.41810 14907.3
0.41811 14907.3
0.41812 14907.3
0.41813 14907.3
0.41814 14907.3
0.41815 14907.3
0.41816 14907.3
0.41817 14907.3
0.41818 14907.3
0.41819 14907.3
0.41820 14907.3
0.41821 14907.3
0.41822 14907.3
0.41823 14907.3
0.41824 14907.3
0.41825 14907.3
0.41826 14907.3
0.41827 14907.3
0.41828 14907.3
0.41829 14907.3
0.41830 14907.3
0.41831 14907.3
0.41832 14907.3
0.41833 14907.3
0.41834 14907.3
0.41835 14907.3
0.41836 14907.3
0.41837 14907.3
0.41838 14907.3
0.41839 14907.3
0.41840 14907.3
0.41841 14907.3
0.41842 14907.3
0.41843 14907.3
0.41844 14907.3
0.41845 14907.3
0.41846 14907.3
0.41847 14907.3
0.41848 14907.3
0.41849 14907.3
0.41850 14907.3
0.41851 14907.3
0.41852 14907.3
0.41853 14907.3
0.41854 14907.3
0.41855 14907.3
0.41856 14907.3
0.41857 14907.3
0.41858 14907.3
0.41859 14907.3
0.41860 14907.3
0.41861 14907.3
0.41862 14907.3
0.41863 14907.3
0.41864 14907.3
0.41865 14907.3
0.41866 14907.3
0.41867 14907.3
0.41868 14907.3
0.41869 14907.3
0.41870 14907.3
0.41871 14907.3
0.41872 14907.3
0.41873 14907.3
0.41874 14907.3
0.41875 14907.3
0.41876 14907.3
0.41877 14907.3
0.41878 14907.3
0.41879 14907.3
0.41880 14907.3
0.41881 14907.3
0.41882 14907.3
0.41883 14907.3
0.41884 14907.3
0.41885 14907.3
0.41886 14907.3
0.41887 14907.3
0.41888 14907.3
0.41889 14907.3
0.41890 14907.3
0.41891 14907.3
0.41892 14907.3
0.41893 14907.3
0.41894 14907.3
0.41895 14907.3
0.41896 14907.3
0.41897 14907.3
0.41898 14907.3
0.41899 14907.3
0.41900 14907.3
0.41901 14907.3
0.41902 14907.3
0.41903 14907.3
0.41904 14907.3
0.41905 14907.3
0.41906 14907.3
0.41907 14907.3
0.41908 14907.3
0.41909 14907.3
0.41910 14907.3
0.41911 14907.3
0.41912 14907.3
0.41913 14907.3
0.41914 14907.3
0.41915 14907.3
0.41916 14907.3
0.41917 14907.3
0.41918 14907.3
0.41919 14907.3
0.41920 14907.3
0.41921 14907.3
0.41922 14907.3
0.41923 14907.3
0.41924 14907.3
0.41925 14907.3
0.41926 14907.3
0.41927 14907.3
0.41928 14907.3
0.41929 14907.3
0.41930 14907.3
0.41931 14907.3
0.41932 14907.3
0.41933 14907.3
0.41934 14907.3
0.41935 14907.3
0.41936 14907.3
0.41937 14907.3
0.41938 14907.3
0.41939 14907.3
0.41940 14907.3
0.41941 14907.3
0.41942 14907.3
0.41943 14907.3
0.41944 14907.3
0.41945 14907.3
0.41946 14907.3
0.41947 14907.3
0.41948 14907.3
0.41949 14907.3
0.41950 14907.3
0.41951 14907.3
0.41952 14907.3
0.41953 14907.3
0.41954 14907.3
0.41955 14907.3
0.41956 14907.3
0.41957 14907.3
0.41958 14907.3
0.41959 14907.3
0.41960 14907.3
0.41961 14907.3
0.41962 14907.3
0.41963 14907.3
0.41964 14907.3
0.41965 14907.3
0.41966 14907.3
0.41967 14907.3
0.41968 14907.3
0.41969 14907.3
0.41970 14907.3
0.41971 14907.3
0.41972 14907.3
0.41973 14907.3
0.41974 14907.3
0.41975 14907.3
0.41976 14907.3
0.41977 14907.3
0.41978 14907.3
0.41979 14907.3
0.41980 14907.3
0.41981 14907.3
0.41982 14907.3
0.41983 14907.3
0.41984 14907.3
0.41985 14907.3
0.41986 14907.3
0.41987 14907.3
0.41988 14907.3
0.41989 14907.3
0.41990 14907.3
0.41991 14907.3
0.41992 14907.3
0.41993 14907.3
0.41994 14907.3
0.41995 14907.3
0.41996 14907.3
0.41997 14907.3
0.41998 14907.3
0.41999 14907.3
0.42000 14907.3
0.42001 14907.3
0.42002 14907.3
0.42003 14907.3
0.42004 14907.3
0.42005 14907.3
0.42006 14907.3
0.42007 14907.3
0.42008 14907.3
0.42009 14907.3
0.42010 14907.3
0.42011 14907.3
0.42012 14907.3
0.42013 14907.3
0.42014 14907.3
0.42015 14907.3
0.42016 14907.3
0.42017 14907.3
0.42018 14907.3
0.42019 14907.3
0.42020 14907.3
0.42021 14907.3
0.42022 14907.3
0.42023 14907.3
0.42024 14907.3
0.42025 14907.3
0.42026 14907.3
0.42027 14907.3
0.42028 14907.3
0.42029 14907.3
0.42030 14907.3
0.42031 14907.3
0.42032 14907.3
0.42033 14907.3
0.42034 14907.3
0.42035 14907.3
0.42036 14907.3
0.42037 14907.3
0.42038 14907.3
0.42039 14907.3
0.42040 14907.3
0.42041 14907.3
0.42042 14907.3
0.42043 14907.3
0.42044 14907.3
0.42045 14907.3
0.42046 14907.3
0.42047 14907.3
0.42048 14907.3
0.42049 14907.3
0.42050 14907.3
0.42051 14907.3
0.42052 14907.3
0.42053 14907.3
0.42054 14907.3
0.42055 14907.3
0.42056 14907.3
0.42057 14907.3
0.42058 14907.3
0.42059 14907.3
0.42060 14907.3
0.42061 14907.3
0.42062 14907.3
0.42063 14907.3
0.42064 14907.3
0.42065 14907.3
0.42066 14907.3
0.42067 14907.3
0.42068 14907.3
0.42069 14907.3
0.42070 14907.3
0.42071 14907.3
0.42072 14907.3
0.42073 14907.3
0.42074 14907.3
0.42075 14907.3
0.42076 14907.3
0.42077 14907.3
0.42078 14907.3
0.42079 14907.3
0.42080 14907.3
0.42081 14907.3
0.42082 14907.3
0.42083 14907.3
0.42084 14907.3
0.42085 14907.3
0.42086 14907.3
0.42087 14907.3
0.42088 14907.3
0.42089 14907.3
0.42090 14907.3
0.42091 14907.3
0.42092 14907.3
0.42093 14907.3
0.42094 14907.3
0.42095 14907.3
0.42096 14907.3
0.42097 14907.3
0.42098 14907.3
0.42099 14907.3
0.42100 14907.3
0.42101 14907.3
0.42102 14907.3
0.42103 14907.3
0.42104 14907.3
0.42105 14907.3
0.42106 14907.3
0.42107 14907.3
0.42108 14907.3
0.42109 14907.3
0.42110 14907.3
0.42111 14907.3
0.42112 14907.3
0.42113 14907.3
0.42114 14907.3
0.42115 14907.3
0.42116 14907.3
0.42117 14907.3
0.42118 14907.3
0.42119 14907.3
0.42120 14907.3
0.42121 14907.3
0.42122 14907.3
0.42123 14907.3
0.42124 14907.3
0.42125 14907.3
0.42126 14907.3
0.42127 14907.3
0.42128 14907.3
0.42129 14907.3
0.42130 14907.3
0.42131 14907.3
0.42132 14907.3
0.42133 14907.3
0.42134 14907.3
0.42135 14907.3
0.42136 14907.3
0.42137 14907.3
0.42138 14907.3
0.42139 14907.3
0.42140 14907.3
0.42141 14907.3
0.42142 14907.3
0.42143 14907.3
0.42144 14907.3
0.42145 14907.3
0.42146 14907.3
0.42147 14907.3
0.42148 14907.3
0.42149 14907.3
0.42150 14907.3
0.42151 14907.3
0.42152 14907.3
0.42153 14907.3
0.42154 14907.3
0.42155 14907.3
0.42156 14907.3
0.42157 14907.3
0.42158 14907.3
0.42159 14907.3
0.42160 14907.3
0.42161 14907.3
0.42162 14907.3
0.42163 14907.3
0.42164 14907.3
0.42165 14907.3
0.42166 14907.3
0.42167 14907.3
0.42168 14907.3
0.42169 14907.3
0.42170 14907.3
0.42171 14907.3
0.42172 14907.3
0.42173 14907.3
0.42174 14907.3
0.42175 14907.3
0.42176 14907.3
0.42177 14907.3
0.42178 14907.3
0.42179 14907.3
0.42180 14907.3
0.42181 14907.3
0.42182 14907.3
0.42183 14907.3
0.42184 14907.3
0.42185 14907.3
0.42186 14907.3
0.42187 14907.3
0.42188 14907.3
0.42189 14907.3
0.42190 14907.3
0.42191 14907.3
0.42192 14907.3
0.42193 14907.3
0.42194 14907.3
0.42195 14907.3
0.42196 14907.3
0.42197 14907.3
0.42198 14907.3
0.42199 14907.3
0.42200 14907.3
0.42201 14907.3
0.42202 14907.3
0.42203 14907.3
0.42204 14907.3
0.42205 14907.3
0.42206 14907.3
0.42207 14907.3
0.42208 14907.3
0.42209 14907.3
0.42210 14907.3
0.42211 14907.3
0.42212 14907.3
0.42213 14907.3
0.42214 14907.3
0.42215 14907.3
0.42216 14907.3
0.42217 14907.3
0.42218 14907.3
0.42219 14907.3
0.42220 14907.3
0.42221 14907.3
0.42222 14907.3
0.42223 14907.3
0.42224 14907.3
0.42225 14907.3
0.42226 14907.3
0.42227 14907.3
0.42228 14907.3
0.42229 14907.3
0.42230 14907.3
0.42231 14907.3
0.42232 14907.3
0.42233 14907.3
0.42234 14907.3
0.42235 14907.3
0.42236 14907.3
0.42237 14907.3
0.42238 14907.3
0.42239 14907.3
0.42240 14907.3
0.42241 14907.3
0.42242 14907.3
0.42243 14907.3
0.42244 14907.3
0.42245 14907.3
0.42246 14907.3
0.42247 14907.3
0.42248 14907.3
0.42249 14907.3
0.42250 14907.3
0.42251 14907.3
0.42252 14907.3
0.42253 14907.3
0.42254 14907.3
0.42255 14907.3
0.42256 14907.3
0.42257 14907.3
0.42258 14907.3
0.42259 14907.3
0.42260 14907.3
0.42261 14907.3
0.42262 14907.3
0.42263 14907.3
0.42264 14907.3
0.42265 14907.3
0.42266 14907.3
0.42267 14907.3
0.42268 14907.3
0.42269 14907.3
0.42270 14907.3
0.42271 14907.3
0.42272 14907.3
0.42273 14907.3
0.42274 14907.3
0.42275 14907.3
0.42276 14907.3
0.42277 14907.3
0.42278 14907.3
0.42279 14907.3
0.42280 14907.3
0.42281 14907.3
0.42282 14907.3
0.42283 14907.3
0.42284 14907.3
0.42285 14907.3
0.42286 14907.3
0.42287 14907.3
0.42288 14907.3
0.42289 14907.3
0.42290 14907.3
0.42291 14907.3
0.42292 14907.3
0.42293 14907.3
0.42294 14907.3
0.42295 14907.3
0.42296 14907.3
0.42297 14907.3
0.42298 14907.3
0.42299 14907.3
0.42300 14907.3
0.42301 14907.3
0.42302 14907.3
0.42303 14907.3
0.42304 14907.3
0.42305 14907.3
0.42306 14907.3
0.42307 14907.3
0.42308 14907.3
0.42309 14907.3
0.42310 14907.3
0.42311 14907.3
0.42312 14907.3
0.42313 14907.3
0.42314 14907.3
0.42315 14907.3
0.42316 14907.3
0.42317 14907.3
0.42318 14907.3
0.42319 14907.3
0.42320 14907.3
0.42321 14907.3
0.42322 14907.3
0.42323 14907.3
0.42324 14907.3
0.42325 14907.3
0.42326 14907.3
0.42327 14907.3
0.42328 14907.3
0.42329 14907.3
0.42330 14907.3
0.42331 14907.3
0.42332 14907.3
0.42333 14907.3
0.42334 14907.3
0.42335 14907.3
0.42336 14907.3
0.42337 14907.3
0.42338 14907.3
0.42339 14907.3
0.42340 14907.3
0.42341 14907.3
0.42342 14907.3
0.42343 14907.3
0.42344 14907.3
0.42345 14907.3
0.42346 14907.3
0.42347 14907.3
0.42348 14907.3
0.42349 14907.3
0.42350 14907.3
0.42351 14907.3
0.42352 14907.3
0.42353 14907.3
0.42354 14907.3
0.42355 14907.3
0.42356 14907.3
0.42357 14907.3
0.42358 14907.3
0.42359 14907.3
0.42360 14907.3
0.42361 14907.3
0.42362 14907.3
0.42363 14907.3
0.42364 14907.3
0.42365 14907.3
0.42366 14907.3
0.42367 14907.3
0.42368 14907.3
0.42369 14907.3
0.42370 14907.3
0.42371 14907.3
0.42372 14907.3
0.42373 14907.3
0.42374 14907.3
0.42375 14907.3
0.42376 14907.3
0.42377 14907.3
0.42378 14907.3
0.42379 14907.3
0.42380 14907.3
0.42381 14907.3
0.42382 14907.3
0.42383 14907.3
0.42384 14907.3
0.42385 14907.3
0.42386 14907.3
0.42387 14907.3
0.42388 14907.3
0.42389 14907.3
0.42390 14907.3
0.42391 14907.3
0.42392 14907.3
0.42393 14907.3
0.42394 14907.3
0.42395 14907.3
0.42396 14907.3
0.42397 14907.3
0.42398 14907.3
0.42399 14907.3
0.42400 14907.3
0.42401 14907.3
0.42402 14907.3
0.42403 14907.3
0.42404 14907.3
0.42405 14907.3
0.42406 14907.3
0.42407 14907.3
0.42408 14907.3
0.42409 14907.3
0.42410 14907.3
0.42411 14907.3
0.42412 14907.3
0.42413 14907.3
0.42414 14907.3
0.42415 14907.3
0.42416 14907.3
0.42417 14907.3
0.42418 14907.3
0.42419 14907.3
0.42420 14907.3
0.42421 14907.3
0.42422 14907.3
0.42423 14907.3
0.42424 14907.3
0.42425 14907.3
0.42426 14907.3
0.42427 14907.3
0.42428 14907.3
0.42429 14907.3
0.42430 14907.3
0.42431 14907.3
0.42432 14907.3
0.42433 14907.3
0.42434 14907.3
0.42435 14907.3
0.42436 14907.3
0.42437 14907.3
0.42438 14907.3
0.42439 14907.3
0.42440 14907.3
0.42441 14907.3
0.42442 14907.3
0.42443 14907.3
0.42444 14907.3
0.42445 14907.3
0.42446 14907.3
0.42447 14907.3
0.42448 14907.3
0.42449 14907.3
0.42450 14907.3
0.42451 14907.3
0.42452 14907.3
0.42453 14907.3
0.42454 14907.3
0.42455 14907.3
0.42456 14907.3
0.42457 14907.3
0.42458 14907.3
0.42459 14907.3
0.42460 14907.3
0.42461 14907.3
0.42462 14907.3
0.42463 14907.3
0.42464 14907.3
0.42465 14907.3
0.42466 14907.3
0.42467 14907.3
0.42468 14907.3
0.42469 14907.3
0.42470 14907.3
0.42471 14907.3
0.42472 14907.3
0.42473 14907.3
0.42474 14907.3
0.42475 14907.3
0.42476 14907.3
0.42477 14907.3
0.42478 14907.3
0.42479 14907.3
0.42480 14907.3
0.42481 14907.3
0.42482 14907.3
0.42483 14907.3
0.42484 14907.3
0.42485 14907.3
0.42486 14907.3
0.42487 14907.3
0.42488 14907.3
0.42489 14907.3
0.42490 14907.3
0.42491 14907.3
0.42492 14907.3
0.42493 14907.3
0.42494 14907.3
0.42495 14907.3
0.42496 14907.3
0.42497 14907.3
0.42498 14907.3
0.42499 14907.3
0.42500 14907.3
0.42501 14907.3
0.42502 14907.3
0.42503 14907.3
0.42504 14907.3
0.42505 14907.3
0.42506 14907.3
0.42507 14907.3
0.42508 14907.3
0.42509 14907.3
0.42510 14907.3
0.42511 14907.3
0.42512 14907.3
0.42513 14907.3
0.42514 14907.3
0.42515 14907.3
0.42516 14907.3
0.42517 14907.3
0.42518 14907.3
0.42519 14907.3
0.42520 14907.3
0.42521 14907.3
0.42522 14907.3
0.42523 14907.3
0.42524 14907.3
0.42525 14907.3
0.42526 14907.3
0.42527 14907.3
0.42528 14907.3
0.42529 14907.3
0.42530 14907.3
0.42531 14907.3
0.42532 14907.3
0.42533 14907.3
0.42534 14907.3
0.42535 14907.3
0.42536 14907.3
0.42537 14907.3
0.42538 14907.3
0.42539 14907.3
0.42540 14907.3
0.42541 14907.3
0.42542 14907.3
0.42543 14907.3
0.42544 14907.3
0.42545 14907.3
0.42546 14907.3
0.42547 14907.3
0.42548 14907.3
0.42549 14907.3
0.42550 14907.3
0.42551 14907.3
0.42552 14907.3
0.42553 14907.3
0.42554 14907.3
0.42555 14907.3
0.42556 14907.3
0.42557 14907.3
0.42558 14907.3
0.42559 14907.3
0.42560 14907.3
0.42561 14907.3
0.42562 14907.3
0.42563 14907.3
0.42564 14907.3
0.42565 14907.3
0.42566 14907.3
0.42567 14907.3
0.42568 14907.3
0.42569 14907.3
0.42570 14907.3
0.42571 14907.3
0.42572 14907.3
0.42573 14907.3
0.42574 14907.3
0.42575 14907.3
0.42576 14907.3
0.42577 14907.3
0.42578 14907.3
0.42579 14907.3
0.42580 14907.3
0.42581 14907.3
0.42582 14907.3
0.42583 14907.3
0.42584 14907.3
0.42585 14907.3
0.42586 14907.3
0.42587 14907.3
0.42588 14907.3
0.42589 14907.3
0.42590 14907.3
0.42591 14907.3
0.42592 14907.3
0.42593 14907.3
0.42594 14907.3
0.42595 14907.3
0.42596 14907.3
0.42597 14907.3
0.42598 14907.3
0.42599 14907.3
0.42600 14907.3
0.42601 14907.3
0.42602 14907.3
0.42603 14907.3
0.42604 14907.3
0.42605 14907.3
0.42606 14907.3
0.42607 14907.3
0.42608 14907.3
0.42609 14907.3
0.42610 14907.3
0.42611 14907.3
0.42612 14907.3
0.42613 14907.3
0.42614 14907.3
0.42615 14907.3
0.42616 14907.3
0.42617 14907.3
0.42618 14907.3
0.42619 14907.3
0.42620 14907.3
0.42621 14907.3
0.42622 14907.3
0.42623 14907.3
0.42624 14907.3
0.42625 14907.3
0.42626 14907.3
0.42627 14907.3
0.42628 14907.3
0.42629 14907.3
0.42630 14907.3
0.42631 14907.3
0.42632 14907.3
0.42633 14907.3
0.42634 14907.3
0.42635 14907.3
0.42636 14907.3
0.42637 14907.3
0.42638 14907.3
0.42639 14907.3
0.42640 14907.3
0.42641 14907.3
0.42642 14907.3
0.42643 14907.3
0.42644 14907.3
0.42645 14907.3
0.42646 14907.3
0.42647 14907.3
0.42648 14907.3
0.42649 14907.3
0.42650 14907.3
0.42651 14907.3
0.42652 14907.3
0.42653 14907.3
0.42654 14907.3
0.42655 14907.3
0.42656 14907.3
0.42657 14907.3
0.42658 14907.3
0.42659 14907.3
0.42660 14907.3
0.42661 14907.3
0.42662 14907.3
0.42663 14907.3
0.42664 14907.3
0.42665 14907.3
0.42666 14907.3
0.42667 14907.3
0.42668 14907.3
0.42669 14907.3
0.42670 14907.3
0.42671 14907.3
0.42672 14907.3
0.42673 14907.3
0.42674 14907.3
0.42675 14907.3
0.42676 14907.3
0.42677 14907.3
0.42678 14907.3
0.42679 14907.3
0.42680 14907.3
0.42681 14907.3
0.42682 14907.3
0.42683 14907.3
0.42684 14907.3
0.42685 14907.3
0.42686 14907.3
0.42687 14907.3
0.42688 14907.3
0.42689 14907.3
0.42690 14907.3
0.42691 14907.3
0.42692 14907.3
0.42693 14907.3
0.42694 14907.3
0.42695 14907.3
0.42696 14907.3
0.42697 14907.3
0.42698 14907.3
0.42699 14907.3
0.42700 14907.3
0.42701 14907.3
0.42702 14907.3
0.42703 14907.3
0.42704 14907.3
0.42705 14907.3
0.42706 14907.3
0.42707 14907.3
0.42708 14907.3
0.42709 14907.3
0.42710 14907.3
0.42711 14907.3
0.42712 14907.3
0.42713 14907.3
0.42714 14907.3
0.42715 14907.3
0.42716 14907.3
0.42717 14907.3
0.42718 14907.3
0.42719 14907.3
0.42720 14907.3
0.42721 14907.3
0.42722 14907.3
0.42723 14907.3
0.42724 14907.3
0.42725 14907.3
0.42726 14907.3
0.42727 14907.3
0.42728 14907.3
0.42729 14907.3
0.42730 14907.3
0.42731 14907.3
0.42732 14907.3
0.42733 14907.3
0.42734 14907.3
0.42735 14907.3
0.42736 14907.3
0.42737 14907.3
0.42738 14907.3
0.42739 14907.3
0.42740 14907.3
0.42741 14907.3
0.42742 14907.3
0.42743 14907.3
0.42744 14907.3
0.42745 14907.3
0.42746 14907.3
0.42747 14907.3
0.42748 14907.3
0.42749 14907.3
0.42750 14907.3
0.42751 14907.3
0.42752 14907.3
0.42753 14907.3
0.42754 14907.3
0.42755 14907.3
0.42756 14907.3
0.42757 14907.3
0.42758 14907.3
0.42759 14907.3
0.42760 14907.3
0.42761 14907.3
0.42762 14907.3
0.42763 14907.3
0.42764 14907.3
0.42765 14907.3
0.42766 14907.3
0.42767 14907.3
0.42768 14907.3
0.42769 14907.3
0.42770 14907.3
0.42771 14907.3
0.42772 14907.3
0.42773 14907.3
0.42774 14907.3
0.42775 14907.3
0.42776 14907.3
0.42777 14907.3
0.42778 14907.3
0.42779 14907.3
0.42780 14907.3
0.42781 14907.3
0.42782 14907.3
0.42783 14907.3
0.42784 14907.3
0.42785 14907.3
0.42786 14907.3
0.42787 14907.3
0.42788 14907.3
0.42789 14907.3
0.42790 14907.3
0.42791 14907.3
0.42792 14907.3
0.42793 14907.3
0.42794 14907.3
0.42795 14907.3
0.42796 14907.3
0.42797 14907.3
0.42798 14907.3
0.42799 14907.3
0.42800 14907.3
0.42801 14907.3
0.42802 14907.3
0.42803 14907.3
0.42804 14907.3
0.42805 14907.3
0.42806 14907.3
0.42807 14907.3
0.42808 14907.3
0.42809 14907.3
0.42810 14907.3
0.42811 14907.3
0.42812 14907.3
0.42813 14907.3
0.42814 14907.3
0.42815 14907.3
0.42816 14907.3
0.42817 14907.3
0.42818 14907.3
0.42819 14907.3
0.42820 14907.3
0.42821 14907.3
0.42822 14907.3
0.42823 14907.3
0.42824 14907.3
0.42825 14907.3
0.42826 14907.3
0.42827 14907.3
0.42828 14907.3
0.42829 14907.3
0.42830 14907.3
0.42831 14907.3
0.42832 14907.3
0.42833 14907.3
0.42834 14907.3
0.42835 14907.3
0.42836 14907.3
0.42837 14907.3
0.42838 14907.3
0.42839 14907.3
0.42840 14907.3
0.42841 14907.3
0.42842 14907.3
0.42843 14907.3
0.42844 14907.3
0.42845 14907.3
0.42846 14907.3
0.42847 14907.3
0.42848 14907.3
0.42849 14907.3
0.42850 14907.3
0.42851 14907.3
0.42852 14907.3
0.42853 14907.3
0.42854 14907.3
0.42855 14907.3
0.42856 14907.3
0.42857 14907.3
0.42858 14907.3
0.42859 14907.3
0.42860 14907.3
0.42861 14907.3
0.42862 14907.3
0.42863 14907.3
0.42864 14907.3
0.42865 14907.3
0.42866 14907.3
0.42867 14907.3
0.42868 14907.3
0.42869 14907.3
0.42870 14907.3
0.42871 14907.3
0.42872 14907.3
0.42873 14907.3
0.42874 14907.3
0.42875 14907.3
0.42876 14907.3
0.42877 14907.3
0.42878 14907.3
0.42879 14907.3
0.42880 14907.3
0.42881 14907.3
0.42882 14907.3
0.42883 14907.3
0.42884 14907.3
0.42885 14907.3
0.42886 14907.3
0.42887 14907.3
0.42888 14907.3
0.42889 14907.3
0.42890 14907.3
0.42891 14907.3
0.42892 14907.3
0.42893 14907.3
0.42894 14907.3
0.42895 14907.3
0.42896 14907.3
0.42897 14907.3
0.42898 14907.3
0.42899 14907.3
0.42900 14907.3
0.42901 14907.3
0.42902 14907.3
0.42903 14907.3
0.42904 14907.3
0.42905 14907.3
0.42906 14907.3
0.42907 14907.3
0.42908 14907.3
0.42909 14907.3
0.42910 14907.3
0.42911 14907.3
0.42912 14907.3
0.42913 14907.3
0.42914 14907.3
0.42915 14907.3
0.42916 14907.3
0.42917 14907.3
0.42918 14907.3
0.42919 14907.3
0.42920 14907.3
0.42921 14907.3
0.42922 14907.3
0.42923 14907.3
0.42924 14907.3
0.42925 14907.3
0.42926 14907.3
0.42927 14907.3
0.42928 14907.3
0.42929 14907.3
0.42930 14907.3
0.42931 14907.3
0.42932 14907.3
0.42933 14907.3
0.42934 14907.3
0.42935 14907.3
0.42936 14907.3
0.42937 14907.3
0.42938 14907.3
0.42939 14907.3
0.42940 14907.3
0.42941 14907.3
0.42942 14907.3
0.42943 14907.3
0.42944 14907.3
0.42945 14907.3
0.42946 14907.3
0.42947 14907.3
0.42948 14907.3
0.42949 14907.3
0.42950 14907.3
0.42951 14907.3
0.42952 14907.3
0.42953 14907.3
0.42954 14907.3
0.42955 14907.3
0.42956 14907.3
0.42957 14907.3
0.42958 14907.3
0.42959 14907.3
0.42960 14907.3
0.42961 14907.3
0.42962 14907.3
0.42963 14907.3
0.42964 14907.3
0.42965 14907.3
0.42966 14907.3
0.42967 14907.3
0.42968 14907.3
0.42969 14907.3
0.42970 14907.3
0.42971 14907.3
0.42972 14907.3
0.42973 14907.3
0.42974 14907.3
0.42975 14907.3
0.42976 14907.3
0.42977 14907.3
0.42978 14907.3
0.42979 14907.3
0.42980 14907.3
0.42981 14907.3
0.42982 14907.3
0.42983 14907.3
0.42984 14907.3
0.42985 14907.3
0.42986 14907.3
0.42987 14907.3
0.42988 14907.3
0.42989 14907.3
0.42990 14907.3
0.42991 14907.3
0.42992 14907.3
0.42993 14907.3
0.42994 14907.3
0.42995 14907.3
0.42996 14907.3
0.42997 14907.3
0.42998 14907.3
0.42999 14907.3
0.43000 14907.3
0.43001 14907.3
0.43002 14907.3
0.43003 14907.3
0.43004 14907.3
0.43005 14907.3
0.43006 14907.3
0.43007 14907.3
0.43008 14907.3
0.43009 14907.3
0.43010 14907.3
0.43011 14907.3
0.43012 14907.3
0.43013 14907.3
0.43014 14907.3
0.43015 14907.3
0.43016 14907.3
0.43017 14907.3
0.43018 14907.3
0.43019 14907.3
0.43020 14907.3
0.43021 14907.3
0.43022 14907.3
0.43023 14907.3
0.43024 14907.3
0.43025 14907.3
0.43026 14907.3
0.43027 14907.3
0.43028 14907.3
0.43029 14907.3
0.43030 14907.3
0.43031 14907.3
0.43032 14907.3
0.43033 14907.3
0.43034 14907.3
0.43035 14907.3
0.43036 14907.3
0.43037 14907.3
0.43038 14907.3
0.43039 14907.3
0.43040 14907.3
0.43041 14907.3
0.43042 14907.3
0.43043 14907.3
0.43044 14907.3
0.43045 14907.3
0.43046 14907.3
0.43047 14907.3
0.43048 14907.3
0.43049 14907.3
0.43050 14907.3
0.43051 14907.3
0.43052 14907.3
0.43053 14907.3
0.43054 14907.3
0.43055 14907.3
0.43056 14907.3
0.43057 14907.3
0.43058 14907.3
0.43059 14907.3
0.43060 14907.3
0.43061 14907.3
0.43062 14907.3
0.43063 14907.3
0.43064 14907.3
0.43065 14907.3
0.43066 14907.3
0.43067 14907.3
0.43068 14907.3
0.43069 14907.3
0.43070 14907.3
0.43071 14907.3
0.43072 14907.3
0.43073 14907.3
0.43074 14907.3
0.43075 14907.3
0.43076 14907.3
0.43077 14907.3
0.43078 14907.3
0.43079 14907.3
0.43080 14907.3
0.43081 14907.3
0.43082 14907.3
0.43083 14907.3
0.43084 14907.3
0.43085 14907.3
0.43086 14907.3
0.43087 14907.3
0.43088 14907.3
0.43089 14907.3
0.43090 14907.3
0.43091 14907.3
0.43092 14907.3
0.43093 14907.3
0.43094 14907.3
0.43095 14907.3
0.43096 14907.3
0.43097 14907.3
0.43098 14907.3
0.43099 14907.3
0.43100 14907.3
0.43101 14907.3
0.43102 14907.3
0.43103 14907.3
0.43104 14907.3
0.43105 14907.3
0.43106 14907.3
0.43107 14907.3
0.43108 14907.3
0.43109 14907.3
0.43110 14907.3
0.43111 14907.3
0.43112 14907.3
0.43113 14907.3
0.43114 14907.3
0.43115 14907.3
0.43116 14907.3
0.43117 14907.3
0.43118 14907.3
0.43119 14907.3
0.43120 14907.3
0.43121 14907.3
0.43122 14907.3
0.43123 14907.3
0.43124 14907.3
0.43125 14907.3
0.43126 14907.3
0.43127 14907.3
0.43128 14907.3
0.43129 14907.3
0.43130 14907.3
0.43131 14907.3
0.43132 14907.3
0.43133 14907.3
0.43134 14907.3
0.43135 14907.3
0.43136 14907.3
0.43137 14907.3
0.43138 14907.3
0.43139 14907.3
0.43140 14907.3
0.43141 14907.3
0.43142 14907.3
0.43143 14907.3
0.43144 14907.3
0.43145 14907.3
0.43146 14907.3
0.43147 14907.3
0.43148 14907.3
0.43149 14907.3
0.43150 14907.3
0.43151 14907.3
0.43152 14907.3
0.43153 14907.3
0.43154 14907.3
0.43155 14907.3
0.43156 14907.3
0.43157 14907.3
0.43158 14907.3
0.43159 14907.3
0.43160 14907.3
0.43161 14907.3
0.43162 14907.3
0.43163 14907.3
0.43164 14907.3
0.43165 14907.3
0.43166 14907.3
0.43167 14907.3
0.43168 14907.3
0.43169 14907.3
0.43170 14907.3
0.43171 14907.3
0.43172 14907.3
0.43173 14907.3
0.43174 14907.3
0.43175 14907.3
0.43176 14907.3
0.43177 14907.3
0.43178 14907.3
0.43179 14907.3
0.43180 14907.3
0.43181 14907.3
0.43182 14907.3
0.43183 14907.3
0.43184 14907.3
0.43185 14907.3
0.43186 14907.3
0.43187 14907.3
0.43188 14907.3
0.43189 14907.3
0.43190 14907.3
0.43191 14907.3
0.43192 14907.3
0.43193 14907.3
0.43194 14907.3
0.43195 14907.3
0.43196 14907.3
0.43197 14907.3
0.43198 14907.3
0.43199 14907.3
0.43200 14907.3
0.43201 14907.3
0.43202 14907.3
0.43203 14907.3
0.43204 14907.3
0.43205 14907.3
0.43206 14907.3
0.43207 14907.3
0.43208 14907.3
0.43209 14907.3
0.43210 14907.3
0.43211 14907.3
0.43212 14907.3
0.43213 14907.3
0.43214 14907.3
0.43215 14907.3
0.43216 14907.3
0.43217 14907.3
0.43218 14907.3
0.43219 14907.3
0.43220 14907.3
0.43221 14907.3
0.43222 14907.3
0.43223 14907.3
0.43224 14907.3
0.43225 14907.3
0.43226 14907.3
0.43227 14907.3
0.43228 14907.3
0.43229 14907.3
0.43230 14907.3
0.43231 14907.3
0.43232 14907.3
0.43233 14907.3
0.43234 14907.3
0.43235 14907.3
0.43236 14907.3
0.43237 14907.3
0.43238 14907.3
0.43239 14907.3
0.43240 14907.3
0.43241 14907.3
0.43242 14907.3
0.43243 14907.3
0.43244 14907.3
0.43245 14907.3
0.43246 14907.3
0.43247 14907.3
0.43248 14907.3
0.43249 14907.3
0.43250 14907.3
0.43251 14907.3
0.43252 14907.3
0.43253 14907.3
0.43254 14907.3
0.43255 14907.3
0.43256 14907.3
0.43257 14907.3
0.43258 14907.3
0.43259 14907.3
0.43260 14907.3
0.43261 14907.3
0.43262 14907.3
0.43263 14907.3
0.43264 14907.3
0.43265 14907.3
0.43266 14907.3
0.43267 14907.3
0.43268 14907.3
0.43269 14907.3
0.43270 14907.3
0.43271 14907.3
0.43272 14907.3
0.43273 14907.3
0.43274 14907.3
0.43275 14907.3
0.43276 14907.3
0.43277 14907.3
0.43278 14907.3
0.43279 14907.3
0.43280 14907.3
0.43281 14907.3
0.43282 14907.3
0.43283 14907.3
0.43284 14907.3
0.43285 14907.3
0.43286 14907.3
0.43287 14907.3
0.43288 14907.3
0.43289 14907.3
0.43290 14907.3
0.43291 14907.3
0.43292 14907.3
0.43293 14907.3
0.43294 14907.3
0.43295 14907.3
0.43296 14907.3
0.43297 14907.3
0.43298 14907.3
0.43299 14907.3
0.43300 14907.3
0.43301 14907.3
0.43302 14907.3
0.43303 14907.3
0.43304 14907.3
0.43305 14907.3
0.43306 14907.3
0.43307 14907.3
0.43308 14907.3
0.43309 14907.3
0.43310 14907.3
0.43311 14907.3
0.43312 14907.3
0.43313 14907.3
0.43314 14907.3
0.43315 14907.3
0.43316 14907.3
0.43317 14907.3
0.43318 14907.3
0.43319 14907.3
0.43320 14907.3
0.43321 14907.3
0.43322 14907.3
0.43323 14907.3
0.43324 14907.3
0.43325 14907.3
0.43326 14907.3
0.43327 14907.3
0.43328 14907.3
0.43329 14907.3
0.43330 14907.3
0.43331 14907.3
0.43332 14907.3
0.43333 14907.3
0.43334 14907.3
0.43335 14907.3
0.43336 14907.3
0.43337 14907.3
0.43338 14907.3
0.43339 14907.3
0.43340 14907.3
0.43341 14907.3
0.43342 14907.3
0.43343 14907.3
0.43344 14907.3
0.43345 14907.3
0.43346 14907.3
0.43347 14907.3
0.43348 14907.3
0.43349 14907.3
0.43350 14907.3
0.43351 14907.3
0.43352 14907.3
0.43353 14907.3
0.43354 14907.3
0.43355 14907.3
0.43356 14907.3
0.43357 14907.3
0.43358 14907.3
0.43359 14907.3
0.43360 14907.3
0.43361 14907.3
0.43362 14907.3
0.43363 14907.3
0.43364 14907.3
0.43365 14907.3
0.43366 14907.3
0.43367 14907.3
0.43368 14907.3
0.43369 14907.3
0.43370 14907.3
0.43371 14907.3
0.43372 14907.3
0.43373 14907.3
0.43374 14907.3
0.43375 14907.3
0.43376 14907.3
0.43377 14907.3
0.43378 14907.3
0.43379 14907.3
0.43380 14907.3
0.43381 14907.3
0.43382 14907.3
0.43383 14907.3
0.43384 14907.3
0.43385 14907.3
0.43386 14907.3
0.43387 14907.3
0.43388 14907.3
0.43389 14907.3
0.43390 14907.3
0.43391 14907.3
0.43392 14907.3
0.43393 14907.3
0.43394 14907.3
0.43395 14907.3
0.43396 14907.3
0.43397 14907.3
0.43398 14907.3
0.43399 14907.3
0.43400 14907.3
0.43401 14907.3
0.43402 14907.3
0.43403 14907.3
0.43404 14907.3
0.43405 14907.3
0.43406 14907.3
0.43407 14907.3
0.43408 14907.3
0.43409 14907.3
0.43410 14907.3
0.43411 14907.3
0.43412 14907.3
0.43413 14907.3
0.43414 14907.3
0.43415 14907.3
0.43416 14907.3
0.43417 14907.3
0.43418 14907.3
0.43419 14907.3
0.43420 14907.3
0.43421 14907.3
0.43422 14907.3
0.43423 14907.3
0.43424 14907.3
0.43425 14907.3
0.43426 14907.3
0.43427 14907.3
0.43428 14907.3
0.43429 14907.3
0.43430 14907.3
0.43431 14907.3
0.43432 14907.3
0.43433 14907.3
0.43434 14907.3
0.43435 14907.3
0.43436 14907.3
0.43437 14907.3
0.43438 14907.3
0.43439 14907.3
0.43440 14907.3
0.43441 14907.3
0.43442 14907.3
0.43443 14907.3
0.43444 14907.3
0.43445 14907.3
0.43446 14907.3
0.43447 14907.3
0.43448 14907.3
0.43449 14907.3
0.43450 14907.3
0.43451 14907.3
0.43452 14907.3
0.43453 14907.3
0.43454 14907.3
0.43455 14907.3
0.43456 14907.3
0.43457 14907.3
0.43458 14907.3
0.43459 14907.3
0.43460 14907.3
0.43461 14907.3
0.43462 14907.3
0.43463 14907.3
0.43464 14907.3
0.43465 14907.3
0.43466 14907.3
0.43467 14907.3
0.43468 14907.3
0.43469 14907.3
0.43470 14907.3
0.43471 14907.3
0.43472 14907.3
0.43473 14907.3
0.43474 14907.3
0.43475 14907.3
0.43476 14907.3
0.43477 14907.3
0.43478 14907.3
0.43479 14907.3
0.43480 14907.3
0.43481 14907.3
0.43482 14907.3
0.43483 14907.3
0.43484 14907.3
0.43485 14907.3
0.43486 14907.3
0.43487 14907.3
0.43488 14907.3
0.43489 14907.3
0.43490 14907.3
0.43491 14907.3
0.43492 14907.3
0.43493 14907.3
0.43494 14907.3
0.43495 14907.3
0.43496 14907.3
0.43497 14907.3
0.43498 14907.3
0.43499 14907.3
0.43500 14907.3
0.43501 14907.3
0.43502 14907.3
0.43503 14907.3
0.43504 14907.3
0.43505 14907.3
0.43506 14907.3
0.43507 14907.3
0.43508 14907.3
0.43509 14907.3
0.43510 14907.3
0.43511 14907.3
0.43512 14907.3
0.43513 14907.3
0.43514 14907.3
0.43515 14907.3
0.43516 14907.3
0.43517 14907.3
0.43518 14907.3
0.43519 14907.3
0.43520 14907.3
0.43521 14907.3
0.43522 14907.3
0.43523 14907.3
0.43524 14907.3
0.43525 14907.3
0.43526 14907.3
0.43527 14907.3
0.43528 14907.3
0.43529 14907.3
0.43530 14907.3
0.43531 14907.3
0.43532 14907.3
0.43533 14907.3
0.43534 14907.3
0.43535 14907.3
0.43536 14907.3
0.43537 14907.3
0.43538 14907.3
0.43539 14907.3
0.43540 14907.3
0.43541 14907.3
0.43542 14907.3
0.43543 14907.3
0.43544 14907.3
0.43545 14907.3
0.43546 14907.3
0.43547 14907.3
0.43548 14907.3
0.43549 14907.3
0.43550 14907.3
0.43551 14907.3
0.43552 14907.3
0.43553 14907.3
0.43554 14907.3
0.43555 14907.3
0.43556 14907.3
0.43557 14907.3
0.43558 14907.3
0.43559 14907.3
0.43560 14907.3
0.43561 14907.3
0.43562 14907.3
0.43563 14907.3
0.43564 14907.3
0.43565 14907.3
0.43566 14907.3
0.43567 14907.3
0.43568 14907.3
0.43569 14907.3
0.43570 14907.3
0.43571 14907.3
0.43572 14907.3
0.43573 14907.3
0.43574 14907.3
0.43575 14907.3
0.43576 14907.3
0.43577 14907.3
0.43578 14907.3
0.43579 14907.3
0.43580 14907.3
0.43581 14907.3
0.43582 14907.3
0.43583 14907.3
0.43584 14907.3
0.43585 14907.3
0.43586 14907.3
0.43587 14907.3
0.43588 14907.3
0.43589 14907.3
0.43590 14907.3
0.43591 14907.3
0.43592 14907.3
0.43593 14907.3
0.43594 14907.3
0.43595 14907.3
0.43596 14907.3
0.43597 14907.3
0.43598 14907.3
0.43599 14907.3
0.43600 14907.3
0.43601 14907.3
0.43602 14907.3
0.43603 14907.3
0.43604 14907.3
0.43605 14907.3
0.43606 14907.3
0.43607 14907.3
0.43608 14907.3
0.43609 14907.3
0.43610 14907.3
0.43611 14907.3
0.43612 14907.3
0.43613 14907.3
0.43614 14907.3
0.43615 14907.3
0.43616 14907.3
0.43617 14907.3
0.43618 14907.3
0.43619 14907.3
0.43620 14907.3
0.43621 14907.3
0.43622 14907.3
0.43623 14907.3
0.43624 14907.3
0.43625 14907.3
0.43626 14907.3
0.43627 14907.3
0.43628 14907.3
0.43629 14907.3
0.43630 14907.3
0.43631 14907.3
0.43632 14907.3
0.43633 14907.3
0.43634 14907.3
0.43635 14907.3
0.43636 14907.3
0.43637 14907.3
0.43638 14907.3
0.43639 14907.3
0.43640 14907.3
0.43641 14907.3
0.43642 14907.3
0.43643 14907.3
0.43644 14907.3
0.43645 14907.3
0.43646 14907.3
0.43647 14907.3
0.43648 14907.3
0.43649 14907.3
0.43650 14907.3
0.43651 14907.3
0.43652 14907.3
0.43653 14907.3
0.43654 14907.3
0.43655 14907.3
0.43656 14907.3
0.43657 14907.3
0.43658 14907.3
0.43659 14907.3
0.43660 14907.3
0.43661 14907.3
0.43662 14907.3
0.43663 14907.3
0.43664 14907.3
0.43665 14907.3
0.43666 14907.3
0.43667 14907.3
0.43668 14907.3
0.43669 14907.3
0.43670 14907.3
0.43671 14907.3
0.43672 14907.3
0.43673 14907.3
0.43674 14907.3
0.43675 14907.3
0.43676 14907.3
0.43677 14907.3
0.43678 14907.3
0.43679 14907.3
0.43680 14907.3
0.43681 14907.3
0.43682 14907.3
0.43683 14907.3
0.43684 14907.3
0.43685 14907.3
0.43686 14907.3
0.43687 14907.3
0.43688 14907.3
0.43689 14907.3
0.43690 14907.3
0.43691 14907.3
0.43692 14907.3
0.43693 14907.3
0.43694 14907.3
0.43695 14907.3
0.43696 14907.3
0.43697 14907.3
0.43698 14907.3
0.43699 14907.3
0.43700 14907.3
0.43701 14907.3
0.43702 14907.3
0.43703 14907.3
0.43704 14907.3
0.43705 14907.3
0.43706 14907.3
0.43707 14907.3
0.43708 14907.3
0.43709 14907.3
0.43710 14907.3
0.43711 14907.3
0.43712 14907.3
0.43713 14907.3
0.43714 14907.3
0.43715 14907.3
0.43716 14907.3
0.43717 14907.3
0.43718 14907.3
0.43719 14907.3
0.43720 14907.3
0.43721 14907.3
0.43722 14907.3
0.43723 14907.3
0.43724 14907.3
0.43725 14907.3
0.43726 14907.3
0.43727 14907.3
0.43728 14907.3
0.43729 14907.3
0.43730 14907.3
0.43731 14907.3
0.43732 14907.3
0.43733 14907.3
0.43734 14907.3
0.43735 14907.3
0.43736 14907.3
0.43737 14907.3
0.43738 14907.3
0.43739 14907.3
0.43740 14907.3
0.43741 14907.3
0.43742 14907.3
0.43743 14907.3
0.43744 14907.3
0.43745 14907.3
0.43746 14907.3
0.43747 14907.3
0.43748 14907.3
0.43749 14907.3
0.43750 14907.3
0.43751 14907.3
0.43752 14907.3
0.43753 14907.3
0.43754 14907.3
0.43755 14907.3
0.43756 14907.3
0.43757 14907.3
0.43758 14907.3
0.43759 14907.3
0.43760 14907.3
0.43761 14907.3
0.43762 14907.3
0.43763 14907.3
0.43764 14907.3
0.43765 14907.3
0.43766 14907.3
0.43767 14907.3
0.43768 14907.3
0.43769 14907.3
0.43770 14907.3
0.43771 14907.3
0.43772 14907.3
0.43773 14907.3
0.43774 14907.3
0.43775 14907.3
0.43776 14907.3
0.43777 14907.3
0.43778 14907.3
0.43779 14907.3
0.43780 14907.3
0.43781 14907.3
0.43782 14907.3
0.43783 14907.3
0.43784 14907.3
0.43785 14907.3
0.43786 14907.3
0.43787 14907.3
0.43788 14907.3
0.43789 14907.3
0.43790 14907.3
0.43791 14907.3
0.43792 14907.3
0.43793 14907.3
0.43794 14907.3
0.43795 14907.3
0.43796 14907.3
0.43797 14907.3
0.43798 14907.3
0.43799 14907.3
0.43800 14907.3
0.43801 14907.3
0.43802 14907.3
0.43803 14907.3
0.43804 14907.3
0.43805 14907.3
0.43806 14907.3
0.43807 14907.3
0.43808 14907.3
0.43809 14907.3
0.43810 14907.3
0.43811 14907.3
0.43812 14907.3
0.43813 14907.3
0.43814 14907.3
0.43815 14907.3
0.43816 14907.3
0.43817 14907.3
0.43818 14907.3
0.43819 14907.3
0.43820 14907.3
0.43821 14907.3
0.43822 14907.3
0.43823 14907.3
0.43824 14907.3
0.43825 14907.3
0.43826 14907.3
0.43827 14907.3
0.43828 14907.3
0.43829 14907.3
0.43830 14907.3
0.43831 14907.3
0.43832 14907.3
0.43833 14907.3
0.43834 14907.3
0.43835 14907.3
0.43836 14907.3
0.43837 14907.3
0.43838 14907.3
0.43839 14907.3
0.43840 14907.3
0.43841 14907.3
0.43842 14907.3
0.43843 14907.3
0.43844 14907.3
0.43845 14907.3
0.43846 14907.3
0.43847 14907.3
0.43848 14907.3
0.43849 14907.3
0.43850 14907.3
0.43851 14907.3
0.43852 14907.3
0.43853 14907.3
0.43854 14907.3
0.43855 14907.3
0.43856 14907.3
0.43857 14907.3
0.43858 14907.3
0.43859 14907.3
0.43860 14907.3
0.43861 14907.3
0.43862 14907.3
0.43863 14907.3
0.43864 14907.3
0.43865 14907.3
0.43866 14907.3
0.43867 14907.3
0.43868 14907.3
0.43869 14907.3
0.43870 14907.3
0.43871 14907.3
0.43872 14907.3
0.43873 14907.3
0.43874 14907.3
0.43875 14907.3
0.43876 14907.3
0.43877 14907.3
0.43878 14907.3
0.43879 14907.3
0.43880 14907.3
0.43881 14907.3
0.43882 14907.3
0.43883 14907.3
0.43884 14907.3
0.43885 14907.3
0.43886 14907.3
0.43887 14907.3
0.43888 14907.3
0.43889 14907.3
0.43890 14907.3
0.43891 14907.3
0.43892 14907.3
0.43893 14907.3
0.43894 14907.3
0.43895 14907.3
0.43896 14907.3
0.43897 14907.3
0.43898 14907.3
0.43899 14907.3
0.43900 14907.3
0.43901 14907.3
0.43902 14907.3
0.43903 14907.3
0.43904 14907.3
0.43905 14907.3
0.43906 14907.3
0.43907 14907.3
0.43908 14907.3
0.43909 14907.3
0.43910 14907.3
0.43911 14907.3
0.43912 14907.3
0.43913 14907.3
0.43914 14907.3
0.43915 14907.3
0.43916 14907.3
0.43917 14907.3
0.43918 14907.3
0.43919 14907.3
0.43920 14907.3
0.43921 14907.3
0.43922 14907.3
0.43923 14907.3
0.43924 14907.3
0.43925 14907.3
0.43926 14907.3
0.43927 14907.3
0.43928 14907.3
0.43929 14907.3
0.43930 14907.3
0.43931 14907.3
0.43932 14907.3
0.43933 14907.3
0.43934 14907.3
0.43935 14907.3
0.43936 14907.3
0.43937 14907.3
0.43938 14907.3
0.43939 14907.3
0.43940 14907.3
0.43941 14907.3
0.43942 14907.3
0.43943 14907.3
0.43944 14907.3
0.43945 14907.3
0.43946 14907.3
0.43947 14907.3
0.43948 14907.3
0.43949 14907.3
0.43950 14907.3
0.43951 14907.3
0.43952 14907.3
0.43953 14907.3
0.43954 14907.3
0.43955 14907.3
0.43956 14907.3
0.43957 14907.3
0.43958 14907.3
0.43959 14907.3
0.43960 14907.3
0.43961 14907.3
0.43962 14907.3
0.43963 14907.3
0.43964 14907.3
0.43965 14907.3
0.43966 14907.3
0.43967 14907.3
0.43968 14907.3
0.43969 14907.3
0.43970 14907.3
0.43971 14907.3
0.43972 14907.3
0.43973 14907.3
0.43974 14907.3
0.43975 14907.3
0.43976 14907.3
0.43977 14907.3
0.43978 14907.3
0.43979 14907.3
0.43980 14907.3
0.43981 14907.3
0.43982 14907.3
0.43983 14907.3
0.43984 14907.3
0.43985 14907.3
0.43986 14907.3
0.43987 14907.3
0.43988 14907.3
0.43989 14907.3
0.43990 14907.3
0.43991 14907.3
0.43992 14907.3
0.43993 14907.3
0.43994 14907.3
0.43995 14907.3
0.43996 14907.3
0.43997 14907.3
0.43998 14907.3
0.43999 14907.3
0.44000 14907.3
0.44001 14907.3
0.44002 14907.3
0.44003 14907.3
0.44004 14907.3
0.44005 14907.3
0.44006 14907.3
0.44007 14907.3
0.44008 14907.3
0.44009 14907.3
0.44010 14907.3
0.44011 14907.3
0.44012 14907.3
0.44013 14907.3
0.44014 14907.3
0.44015 14907.3
0.44016 14907.3
0.44017 14907.3
0.44018 14907.3
0.44019 14907.3
0.44020 14907.3
0.44021 14907.3
0.44022 14907.3
0.44023 14907.3
0.44024 14907.3
0.44025 14907.3
0.44026 14907.3
0.44027 14907.3
0.44028 14907.3
0.44029 14907.3
0.44030 14907.3
0.44031 14907.3
0.44032 14907.3
0.44033 14907.3
0.44034 14907.3
0.44035 14907.3
0.44036 14907.3
0.44037 14907.3
0.44038 14907.3
0.44039 14907.3
0.44040 14907.3
0.44041 14907.3
0.44042 14907.3
0.44043 14907.3
0.44044 14907.3
0.44045 14907.3
0.44046 14907.3
0.44047 14907.3
0.44048 14907.3
0.44049 14907.3
0.44050 14907.3
0.44051 14907.3
0.44052 14907.3
0.44053 14907.3
0.44054 14907.3
0.44055 14907.3
0.44056 14907.3
0.44057 14907.3
0.44058 14907.3
0.44059 14907.3
0.44060 14907.3
0.44061 14907.3
0.44062 14907.3
0.44063 14907.3
0.44064 14907.3
0.44065 14907.3
0.44066 14907.3
0.44067 14907.3
0.44068 14907.3
0.44069 14907.3
0.44070 14907.3
0.44071 14907.3
0.44072 14907.3
0.44073 14907.3
0.44074 14907.3
0.44075 14907.3
0.44076 14907.3
0.44077 14907.3
0.44078 14907.3
0.44079 14907.3
0.44080 14907.3
0.44081 14907.3
0.44082 14907.3
0.44083 14907.3
0.44084 14907.3
0.44085 14907.3
0.44086 14907.3
0.44087 14907.3
0.44088 14907.3
0.44089 14907.3
0.44090 14907.3
0.44091 14907.3
0.44092 14907.3
0.44093 14907.3
0.44094 14907.3
0.44095 14907.3
0.44096 14907.3
0.44097 14907.3
0.44098 14907.3
0.44099 14907.3
0.44100 14907.3
0.44101 14907.3
0.44102 14907.3
0.44103 14907.3
0.44104 14907.3
0.44105 14907.3
0.44106 14907.3
0.44107 14907.3
0.44108 14907.3
0.44109 14907.3
0.44110 14907.3
0.44111 14907.3
0.44112 14907.3
0.44113 14907.3
0.44114 14907.3
0.44115 14907.3
0.44116 14907.3
0.44117 14907.3
0.44118 14907.3
0.44119 14907.3
0.44120 14907.3
0.44121 14907.3
0.44122 14907.3
0.44123 14907.3
0.44124 14907.3
0.44125 14907.3
0.44126 14907.3
0.44127 14907.3
0.44128 14907.3
0.44129 14907.3
0.44130 14907.3
0.44131 14907.3
0.44132 14907.3
0.44133 14907.3
0.44134 14907.3
0.44135 14907.3
0.44136 14907.3
0.44137 14907.3
0.44138 14907.3
0.44139 14907.3
0.44140 14907.3
0.44141 14907.3
0.44142 14907.3
0.44143 14907.3
0.44144 14907.3
0.44145 14907.3
0.44146 14907.3
0.44147 14907.3
0.44148 14907.3
0.44149 14907.3
0.44150 14907.3
0.44151 14907.3
0.44152 14907.3
0.44153 14907.3
0.44154 14907.3
0.44155 14907.3
0.44156 14907.3
0.44157 14907.3
0.44158 14907.3
0.44159 14907.3
0.44160 14907.3
0.44161 14907.3
0.44162 14907.3
0.44163 14907.3
0.44164 14907.3
0.44165 14907.3
0.44166 14907.3
0.44167 14907.3
0.44168 14907.3
0.44169 14907.3
0.44170 14907.3
0.44171 14907.3
0.44172 14907.3
0.44173 14907.3
0.44174 14907.3
0.44175 14907.3
0.44176 14907.3
0.44177 14907.3
0.44178 14907.3
0.44179 14907.3
0.44180 14907.3
0.44181 14907.3
0.44182 14907.3
0.44183 14907.3
0.44184 14907.3
0.44185 14907.3
0.44186 14907.3
0.44187 14907.3
0.44188 14907.3
0.44189 14907.3
0.44190 14907.3
0.44191 14907.3
0.44192 14907.3
0.44193 14907.3
0.44194 14907.3
0.44195 14907.3
0.44196 14907.3
0.44197 14907.3
0.44198 14907.3
0.44199 14907.3
0.44200 14907.3
0.44201 14907.3
0.44202 14907.3
0.44203 14907.3
0.44204 14907.3
0.44205 14907.3
0.44206 14907.3
0.44207 14907.3
0.44208 14907.3
0.44209 14907.3
0.44210 14907.3
0.44211 14907.3
0.44212 14907.3
0.44213 14907.3
0.44214 14907.3
0.44215 14907.3
0.44216 14907.3
0.44217 14907.3
0.44218 14907.3
0.44219 14907.3
0.44220 14907.3
0.44221 14907.3
0.44222 14907.3
0.44223 14907.3
0.44224 14907.3
0.44225 14907.3
0.44226 14907.3
0.44227 14907.3
0.44228 14907.3
0.44229 14907.3
0.44230 14907.3
0.44231 14907.3
0.44232 14907.3
0.44233 14907.3
0.44234 14907.3
0.44235 14907.3
0.44236 14907.3
0.44237 14907.3
0.44238 14907.3
0.44239 14907.3
0.44240 14907.3
0.44241 14907.3
0.44242 14907.3
0.44243 14907.3
0.44244 14907.3
0.44245 14907.3
0.44246 14907.3
0.44247 14907.3
0.44248 14907.3
0.44249 14907.3
0.44250 14907.3
0.44251 14907.3
0.44252 14907.3
0.44253 14907.3
0.44254 14907.3
0.44255 14907.3
0.44256 14907.3
0.44257 14907.3
0.44258 14907.3
0.44259 14907.3
0.44260 14907.3
0.44261 14907.3
0.44262 14907.3
0.44263 14907.3
0.44264 14907.3
0.44265 14907.3
0.44266 14907.3
0.44267 14907.3
0.44268 14907.3
0.44269 14907.3
0.44270 14907.3
0.44271 14907.3
0.44272 14907.3
0.44273 14907.3
0.44274 14907.3
0.44275 14907.3
0.44276 14907.3
0.44277 14907.3
0.44278 14907.3
0.44279 14907.3
0.44280 14907.3
0.44281 14907.3
0.44282 14907.3
0.44283 14907.3
0.44284 14907.3
0.44285 14907.3
0.44286 14907.3
0.44287 14907.3
0.44288 14907.3
0.44289 14907.3
0.44290 14907.3
0.44291 14907.3
0.44292 14907.3
0.44293 14907.3
0.44294 14907.3
0.44295 14907.3
0.44296 14907.3
0.44297 14907.3
0.44298 14907.3
0.44299 14907.3
0.44300 14907.3
0.44301 14907.3
0.44302 14907.3
0.44303 14907.3
0.44304 14907.3
0.44305 14907.3
0.44306 14907.3
0.44307 14907.3
0.44308 14907.3
0.44309 14907.3
0.44310 14907.3
0.44311 14907.3
0.44312 14907.3
0.44313 14907.3
0.44314 14907.3
0.44315 14907.3
0.44316 14907.3
0.44317 14907.3
0.44318 14907.3
0.44319 14907.3
0.44320 14907.3
0.44321 14907.3
0.44322 14907.3
0.44323 14907.3
0.44324 14907.3
0.44325 14907.3
0.44326 14907.3
0.44327 14907.3
0.44328 14907.3
0.44329 14907.3
0.44330 14907.3
0.44331 14907.3
0.44332 14907.3
0.44333 14907.3
0.44334 14907.3
0.44335 14907.3
0.44336 14907.3
0.44337 14907.3
0.44338 14907.3
0.44339 14907.3
0.44340 14907.3
0.44341 14907.3
0.44342 14907.3
0.44343 14907.3
0.44344 14907.3
0.44345 14907.3
0.44346 14907.3
0.44347 14907.3
0.44348 14907.3
0.44349 14907.3
0.44350 14907.3
0.44351 14907.3
0.44352 14907.3
0.44353 14907.3
0.44354 14907.3
0.44355 14907.3
0.44356 14907.3
0.44357 14907.3
0.44358 14907.3
0.44359 14907.3
0.44360 14907.3
0.44361 14907.3
0.44362 14907.3
0.44363 14907.3
0.44364 14907.3
0.44365 14907.3
0.44366 14907.3
0.44367 14907.3
0.44368 14907.3
0.44369 14907.3
0.44370 14907.3
0.44371 14907.3
0.44372 14907.3
0.44373 14907.3
0.44374 14907.3
0.44375 14907.3
0.44376 14907.3
0.44377 14907.3
0.44378 14907.3
0.44379 14907.3
0.44380 14907.3
0.44381 14907.3
0.44382 14907.3
0.44383 14907.3
0.44384 14907.3
0.44385 14907.3
0.44386 14907.3
0.44387 14907.3
0.44388 14907.3
0.44389 14907.3
0.44390 14907.3
0.44391 14907.3
0.44392 14907.3
0.44393 14907.3
0.44394 14907.3
0.44395 14907.3
0.44396 14907.3
0.44397 14907.3
0.44398 14907.3
0.44399 14907.3
0.44400 14907.3
0.44401 14907.3
0.44402 14907.3
0.44403 14907.3
0.44404 14907.3
0.44405 14907.3
0.44406 14907.3
0.44407 14907.3
0.44408 14907.3
0.44409 14907.3
0.44410 14907.3
0.44411 14907.3
0.44412 14907.3
0.44413 14907.3
0.44414 14907.3
0.44415 14907.3
0.44416 14907.3
0.44417 14907.3
0.44418 14907.3
0.44419 14907.3
0.44420 14907.3
0.44421 14907.3
0.44422 14907.3
0.44423 14907.3
0.44424 14907.3
0.44425 14907.3
0.44426 14907.3
0.44427 14907.3
0.44428 14907.3
0.44429 14907.3
0.44430 14907.3
0.44431 14907.3
0.44432 14907.3
0.44433 14907.3
0.44434 14907.3
0.44435 14907.3
0.44436 14907.3
0.44437 14907.3
0.44438 14907.3
0.44439 14907.3
0.44440 14907.3
0.44441 14907.3
0.44442 14907.3
0.44443 14907.3
0.44444 14907.3
0.44445 14907.3
0.44446 14907.3
0.44447 14907.3
0.44448 14907.3
0.44449 14907.3
0.44450 14907.3
0.44451 14907.3
0.44452 14907.3
0.44453 14907.3
0.44454 14907.3
0.44455 14907.3
0.44456 14907.3
0.44457 14907.3
0.44458 14907.3
0.44459 14907.3
0.44460 14907.3
0.44461 14907.3
0.44462 14907.3
0.44463 14907.3
0.44464 14907.3
0.44465 14907.3
0.44466 14907.3
0.44467 14907.3
0.44468 14907.3
0.44469 14907.3
0.44470 14907.3
0.44471 14907.3
0.44472 14907.3
0.44473 14907.3
0.44474 14907.3
0.44475 14907.3
0.44476 14907.3
0.44477 14907.3
0.44478 14907.3
0.44479 14907.3
0.44480 14907.3
0.44481 14907.3
0.44482 14907.3
0.44483 14907.3
0.44484 14907.3
0.44485 14907.3
0.44486 14907.3
0.44487 14907.3
0.44488 14907.3
0.44489 14907.3
0.44490 14907.3
0.44491 14907.3
0.44492 14907.3
0.44493 14907.3
0.44494 14907.3
0.44495 14907.3
0.44496 14907.3
0.44497 14907.3
0.44498 14907.3
0.44499 14907.3
0.44500 14907.3
0.44501 14907.3
0.44502 14907.3
0.44503 14907.3
0.44504 14907.3
0.44505 14907.3
0.44506 14907.3
0.44507 14907.3
0.44508 14907.3
0.44509 14907.3
0.44510 14907.3
0.44511 14907.3
0.44512 14907.3
0.44513 14907.3
0.44514 14907.3
0.44515 14907.3
0.44516 14907.3
0.44517 14907.3
0.44518 14907.3
0.44519 14907.3
0.44520 14907.3
0.44521 14907.3
0.44522 14907.3
0.44523 14907.3
0.44524 14907.3
0.44525 14907.3
0.44526 14907.3
0.44527 14907.3
0.44528 14907.3
0.44529 14907.3
0.44530 14907.3
0.44531 14907.3
0.44532 14907.3
0.44533 14907.3
0.44534 14907.3
0.44535 14907.3
0.44536 14907.3
0.44537 14907.3
0.44538 14907.3
0.44539 14907.3
0.44540 14907.3
0.44541 14907.3
0.44542 14907.3
0.44543 14907.3
0.44544 14907.3
0.44545 14907.3
0.44546 14907.3
0.44547 14907.3
0.44548 14907.3
0.44549 14907.3
0.44550 14907.3
0.44551 14907.3
0.44552 14907.3
0.44553 14907.3
0.44554 14907.3
0.44555 14907.3
0.44556 14907.3
0.44557 14907.3
0.44558 14907.3
0.44559 14907.3
0.44560 14907.3
0.44561 14907.3
0.44562 14907.3
0.44563 14907.3
0.44564 14907.3
0.44565 14907.3
0.44566 14907.3
0.44567 14907.3
0.44568 14907.3
0.44569 14907.3
0.44570 14907.3
0.44571 14907.3
0.44572 14907.3
0.44573 14907.3
0.44574 14907.3
0.44575 14907.3
0.44576 14907.3
0.44577 14907.3
0.44578 14907.3
0.44579 14907.3
0.44580 14907.3
0.44581 14907.3
0.44582 14907.3
0.44583 14907.3
0.44584 14907.3
0.44585 14907.3
0.44586 14907.3
0.44587 14907.3
0.44588 14907.3
0.44589 14907.3
0.44590 14907.3
0.44591 14907.3
0.44592 14907.3
0.44593 14907.3
0.44594 14907.3
0.44595 14907.3
0.44596 14907.3
0.44597 14907.3
0.44598 14907.3
0.44599 14907.3
0.44600 14907.3
0.44601 14907.3
0.44602 14907.3
0.44603 14907.3
0.44604 14907.3
0.44605 14907.3
0.44606 14907.3
0.44607 14907.3
0.44608 14907.3
0.44609 14907.3
0.44610 14907.3
0.44611 14907.3
0.44612 14907.3
0.44613 14907.3
0.44614 14907.3
0.44615 14907.3
0.44616 14907.3
0.44617 14907.3
0.44618 14907.3
0.44619 14907.3
0.44620 14907.3
0.44621 14907.3
0.44622 14907.3
0.44623 14907.3
0.44624 14907.3
0.44625 14907.3
0.44626 14907.3
0.44627 14907.3
0.44628 14907.3
0.44629 14907.3
0.44630 14907.3
0.44631 14907.3
0.44632 14907.3
0.44633 14907.3
0.44634 14907.3
0.44635 14907.3
0.44636 14907.3
0.44637 14907.3
0.44638 14907.3
0.44639 14907.3
0.44640 14907.3
0.44641 14907.3
0.44642 14907.3
0.44643 14907.3
0.44644 14907.3
0.44645 14907.3
0.44646 14907.3
0.44647 14907.3
0.44648 14907.3
0.44649 14907.3
0.44650 14907.3
0.44651 14907.3
0.44652 14907.3
0.44653 14907.3
0.44654 14907.3
0.44655 14907.3
0.44656 14907.3
0.44657 14907.3
0.44658 14907.3
0.44659 14907.3
0.44660 14907.3
0.44661 14907.3
0.44662 14907.3
0.44663 14907.3
0.44664 14907.3
0.44665 14907.3
0.44666 14907.3
0.44667 14907.3
0.44668 14907.3
0.44669 14907.3
0.44670 14907.3
0.44671 14907.3
0.44672 14907.3
0.44673 14907.3
0.44674 14907.3
0.44675 14907.3
0.44676 14907.3
0.44677 14907.3
0.44678 14907.3
0.44679 14907.3
0.44680 14907.3
0.44681 14907.3
0.44682 14907.3
0.44683 14907.3
0.44684 14907.3
0.44685 14907.3
0.44686 14907.3
0.44687 14907.3
0.44688 14907.3
0.44689 14907.3
0.44690 14907.3
0.44691 14907.3
0.44692 14907.3
0.44693 14907.3
0.44694 14907.3
0.44695 14907.3
0.44696 14907.3
0.44697 14907.3
0.44698 14907.3
0.44699 14907.3
0.44700 14907.3
0.44701 14907.3
0.44702 14907.3
0.44703 14907.3
0.44704 14907.3
0.44705 14907.3
0.44706 14907.3
0.44707 14907.3
0.44708 14907.3
0.44709 14907.3
0.44710 14907.3
0.44711 14907.3
0.44712 14907.3
0.44713 14907.3
0.44714 14907.3
0.44715 14907.3
0.44716 14907.3
0.44717 14907.3
0.44718 14907.3
0.44719 14907.3
0.44720 14907.3
0.44721 14907.3
0.44722 14907.3
0.44723 14907.3
0.44724 14907.3
0.44725 14907.3
0.44726 14907.3
0.44727 14907.3
0.44728 14907.3
0.44729 14907.3
0.44730 14907.3
0.44731 14907.3
0.44732 14907.3
0.44733 14907.3
0.44734 14907.3
0.44735 14907.3
0.44736 14907.3
0.44737 14907.3
0.44738 14907.3
0.44739 14907.3
0.44740 14907.3
0.44741 14907.3
0.44742 14907.3
0.44743 14907.3
0.44744 14907.3
0.44745 14907.3
0.44746 14907.3
0.44747 14907.3
0.44748 14907.3
0.44749 14907.3
0.44750 14907.3
0.44751 14907.3
0.44752 14907.3
0.44753 14907.3
0.44754 14907.3
0.44755 14907.3
0.44756 14907.3
0.44757 14907.3
0.44758 14907.3
0.44759 14907.3
0.44760 14907.3
0.44761 14907.3
0.44762 14907.3
0.44763 14907.3
0.44764 14907.3
0.44765 14907.3
0.44766 14907.3
0.44767 14907.3
0.44768 14907.3
0.44769 14907.3
0.44770 14907.3
0.44771 14907.3
0.44772 14907.3
0.44773 14907.3
0.44774 14907.3
0.44775 14907.3
0.44776 14907.3
0.44777 14907.3
0.44778 14907.3
0.44779 14907.3
0.44780 14907.3
0.44781 14907.3
0.44782 14907.3
0.44783 14907.3
0.44784 14907.3
0.44785 14907.3
0.44786 14907.3
0.44787 14907.3
0.44788 14907.3
0.44789 14907.3
0.44790 14907.3
0.44791 14907.3
0.44792 14907.3
0.44793 14907.3
0.44794 14907.3
0.44795 14907.3
0.44796 14907.3
0.44797 14907.3
0.44798 14907.3
0.44799 14907.3
0.44800 14907.3
0.44801 14907.3
0.44802 14907.3
0.44803 14907.3
0.44804 14907.3
0.44805 14907.3
0.44806 14907.3
0.44807 14907.3
0.44808 14907.3
0.44809 14907.3
0.44810 14907.3
0.44811 14907.3
0.44812 14907.3
0.44813 14907.3
0.44814 14907.3
0.44815 14907.3
0.44816 14907.3
0.44817 14907.3
0.44818 14907.3
0.44819 14907.3
0.44820 14907.3
0.44821 14907.3
0.44822 14907.3
0.44823 14907.3
0.44824 14907.3
0.44825 14907.3
0.44826 14907.3
0.44827 14907.3
0.44828 14907.3
0.44829 14907.3
0.44830 14907.3
0.44831 14907.3
0.44832 14907.3
0.44833 14907.3
0.44834 14907.3
0.44835 14907.3
0.44836 14907.3
0.44837 14907.3
0.44838 14907.3
0.44839 14907.3
0.44840 14907.3
0.44841 14907.3
0.44842 14907.3
0.44843 14907.3
0.44844 14907.3
0.44845 14907.3
0.44846 14907.3
0.44847 14907.3
0.44848 14907.3
0.44849 14907.3
0.44850 14907.3
0.44851 14907.3
0.44852 14907.3
0.44853 14907.3
0.44854 14907.3
0.44855 14907.3
0.44856 14907.3
0.44857 14907.3
0.44858 14907.3
0.44859 14907.3
0.44860 14907.3
0.44861 14907.3
0.44862 14907.3
0.44863 14907.3
0.44864 14907.3
0.44865 14907.3
0.44866 14907.3
0.44867 14907.3
0.44868 14907.3
0.44869 14907.3
0.44870 14907.3
0.44871 14907.3
0.44872 14907.3
0.44873 14907.3
0.44874 14907.3
0.44875 14907.3
0.44876 14907.3
0.44877 14907.3
0.44878 14907.3
0.44879 14907.3
0.44880 14907.3
0.44881 14907.3
0.44882 14907.3
0.44883 14907.3
0.44884 14907.3
0.44885 14907.3
0.44886 14907.3
0.44887 14907.3
0.44888 14907.3
0.44889 14907.3
0.44890 14907.3
0.44891 14907.3
0.44892 14907.3
0.44893 14907.3
0.44894 14907.3
0.44895 14907.3
0.44896 14907.3
0.44897 14907.3
0.44898 14907.3
0.44899 14907.3
0.44900 14907.3
0.44901 14907.3
0.44902 14907.3
0.44903 14907.3
0.44904 14907.3
0.44905 14907.3
0.44906 14907.3
0.44907 14907.3
0.44908 14907.3
0.44909 14907.3
0.44910 14907.3
0.44911 14907.3
0.44912 14907.3
0.44913 14907.3
0.44914 14907.3
0.44915 14907.3
0.44916 14907.3
0.44917 14907.3
0.44918 14907.3
0.44919 14907.3
0.44920 14907.3
0.44921 14907.3
0.44922 14907.3
0.44923 14907.3
0.44924 14907.3
0.44925 14907.3
0.44926 14907.3
0.44927 14907.3
0.44928 14907.3
0.44929 14907.3
0.44930 14907.3
0.44931 14907.3
0.44932 14907.3
0.44933 14907.3
0.44934 14907.3
0.44935 14907.3
0.44936 14907.3
0.44937 14907.3
0.44938 14907.3
0.44939 14907.3
0.44940 14907.3
0.44941 14907.3
0.44942 14907.3
0.44943 14907.3
0.44944 14907.3
0.44945 14907.3
0.44946 14907.3
0.44947 14907.3
0.44948 14907.3
0.44949 14907.3
0.44950 14907.3
0.44951 14907.3
0.44952 14907.3
0.44953 14907.3
0.44954 14907.3
0.44955 14907.3
0.44956 14907.3
0.44957 14907.3
0.44958 14907.3
0.44959 14907.3
0.44960 14907.3
0.44961 14907.3
0.44962 14907.3
0.44963 14907.3
0.44964 14907.3
0.44965 14907.3
0.44966 14907.3
0.44967 14907.3
0.44968 14907.3
0.44969 14907.3
0.44970 14907.3
0.44971 14907.3
0.44972 14907.3
0.44973 14907.3
0.44974 14907.3
0.44975 14907.3
0.44976 14907.3
0.44977 14907.3
0.44978 14907.3
0.44979 14907.3
0.44980 14907.3
0.44981 14907.3
0.44982 14907.3
0.44983 14907.3
0.44984 14907.3
0.44985 14907.3
0.44986 14907.3
0.44987 14907.3
0.44988 14907.3
0.44989 14907.3
0.44990 14907.3
0.44991 14907.3
0.44992 14907.3
0.44993 14907.3
0.44994 14907.3
0.44995 14907.3
0.44996 14907.3
0.44997 14907.3
0.44998 14907.3
0.44999 14907.3
0.45000 14907.3
0.45001 14907.3
0.45002 14907.3
0.45003 14907.3
0.45004 14907.3
0.45005 14907.3
0.45006 14907.3
0.45007 14907.3
0.45008 14907.3
0.45009 14907.3
0.45010 14907.3
0.45011 14907.3
0.45012 14907.3
0.45013 14907.3
0.45014 14907.3
0.45015 14907.3
0.45016 14907.3
0.45017 14907.3
0.45018 14907.3
0.45019 14907.3
0.45020 14907.3
0.45021 14907.3
0.45022 14907.3
0.45023 14907.3
0.45024 14907.3
0.45025 14907.3
0.45026 14907.3
0.45027 14907.3
0.45028 14907.3
0.45029 14907.3
0.45030 14907.3
0.45031 14907.3
0.45032 14907.3
0.45033 14907.3
0.45034 14907.3
0.45035 14907.3
0.45036 14907.3
0.45037 14907.3
0.45038 14907.3
0.45039 14907.3
0.45040 14907.3
0.45041 14907.3
0.45042 14907.3
0.45043 14907.3
0.45044 14907.3
0.45045 14907.3
0.45046 14907.3
0.45047 14907.3
0.45048 14907.3
0.45049 14907.3
0.45050 14907.3
0.45051 14907.3
0.45052 14907.3
0.45053 14907.3
0.45054 14907.3
0.45055 14907.3
0.45056 14907.3
0.45057 14907.3
0.45058 14907.3
0.45059 14907.3
0.45060 14907.3
0.45061 14907.3
0.45062 14907.3
0.45063 14907.3
0.45064 14907.3
0.45065 14907.3
0.45066 14907.3
0.45067 14907.3
0.45068 14907.3
0.45069 14907.3
0.45070 14907.3
0.45071 14907.3
0.45072 14907.3
0.45073 14907.3
0.45074 14907.3
0.45075 14907.3
0.45076 14907.3
0.45077 14907.3
0.45078 14907.3
0.45079 14907.3
0.45080 14907.3
0.45081 14907.3
0.45082 14907.3
0.45083 14907.3
0.45084 14907.3
0.45085 14907.3
0.45086 14907.3
0.45087 14907.3
0.45088 14907.3
0.45089 14907.3
0.45090 14907.3
0.45091 14907.3
0.45092 14907.3
0.45093 14907.3
0.45094 14907.3
0.45095 14907.3
0.45096 14907.3
0.45097 14907.3
0.45098 14907.3
0.45099 14907.3
0.45100 14907.3
0.45101 14907.3
0.45102 14907.3
0.45103 14907.3
0.45104 14907.3
0.45105 14907.3
0.45106 14907.3
0.45107 14907.3
0.45108 14907.3
0.45109 14907.3
0.45110 14907.3
0.45111 14907.3
0.45112 14907.3
0.45113 14907.3
0.45114 14907.3
0.45115 14907.3
0.45116 14907.3
0.45117 14907.3
0.45118 14907.3
0.45119 14907.3
0.45120 14907.3
0.45121 14907.3
0.45122 14907.3
0.45123 14907.3
0.45124 14907.3
0.45125 14907.3
0.45126 14907.3
0.45127 14907.3
0.45128 14907.3
0.45129 14907.3
0.45130 14907.3
0.45131 14907.3
0.45132 14907.3
0.45133 14907.3
0.45134 14907.3
0.45135 14907.3
0.45136 14907.3
0.45137 14907.3
0.45138 14907.3
0.45139 14907.3
0.45140 14907.3
0.45141 14907.3
0.45142 14907.3
0.45143 14907.3
0.45144 14907.3
0.45145 14907.3
0.45146 14907.3
0.45147 14907.3
0.45148 14907.3
0.45149 14907.3
0.45150 14907.3
0.45151 14907.3
0.45152 14907.3
0.45153 14907.3
0.45154 14907.3
0.45155 14907.3
0.45156 14907.3
0.45157 14907.3
0.45158 14907.3
0.45159 14907.3
0.45160 14907.3
0.45161 14907.3
0.45162 14907.3
0.45163 14907.3
0.45164 14907.3
0.45165 14907.3
0.45166 14907.3
0.45167 14907.3
0.45168 14907.3
0.45169 14907.3
0.45170 14907.3
0.45171 14907.3
0.45172 14907.3
0.45173 14907.3
0.45174 14907.3
0.45175 14907.3
0.45176 14907.3
0.45177 14907.3
0.45178 14907.3
0.45179 14907.3
0.45180 14907.3
0.45181 14907.3
0.45182 14907.3
0.45183 14907.3
0.45184 14907.3
0.45185 14907.3
0.45186 14907.3
0.45187 14907.3
0.45188 14907.3
0.45189 14907.3
0.45190 14907.3
0.45191 14907.3
0.45192 14907.3
0.45193 14907.3
0.45194 14907.3
0.45195 14907.3
0.45196 14907.3
0.45197 14907.3
0.45198 14907.3
0.45199 14907.3
0.45200 14907.3
0.45201 14907.3
0.45202 14907.3
0.45203 14907.3
0.45204 14907.3
0.45205 14907.3
0.45206 14907.3
0.45207 14907.3
0.45208 14907.3
0.45209 14907.3
0.45210 14907.3
0.45211 14907.3
0.45212 14907.3
0.45213 14907.3
0.45214 14907.3
0.45215 14907.3
0.45216 14907.3
0.45217 14907.3
0.45218 14907.3
0.45219 14907.3
0.45220 14907.3
0.45221 14907.3
0.45222 14907.3
0.45223 14907.3
0.45224 14907.3
0.45225 14907.3
0.45226 14907.3
0.45227 14907.3
0.45228 14907.3
0.45229 14907.3
0.45230 14907.3
0.45231 14907.3
0.45232 14907.3
0.45233 14907.3
0.45234 14907.3
0.45235 14907.3
0.45236 14907.3
0.45237 14907.3
0.45238 14907.3
0.45239 14907.3
0.45240 14907.3
0.45241 14907.3
0.45242 14907.3
0.45243 14907.3
0.45244 14907.3
0.45245 14907.3
0.45246 14907.3
0.45247 14907.3
0.45248 14907.3
0.45249 14907.3
0.45250 14907.3
0.45251 14907.3
0.45252 14907.3
0.45253 14907.3
0.45254 14907.3
0.45255 14907.3
0.45256 14907.3
0.45257 14907.3
0.45258 14907.3
0.45259 14907.3
0.45260 14907.3
0.45261 14907.3
0.45262 14907.3
0.45263 14907.3
0.45264 14907.3
0.45265 14907.3
0.45266 14907.3
0.45267 14907.3
0.45268 14907.3
0.45269 14907.3
0.45270 14907.3
0.45271 14907.3
0.45272 14907.3
0.45273 14907.3
0.45274 14907.3
0.45275 14907.3
0.45276 14907.3
0.45277 14907.3
0.45278 14907.3
0.45279 14907.3
0.45280 14907.3
0.45281 14907.3
0.45282 14907.3
0.45283 14907.3
0.45284 14907.3
0.45285 14907.3
0.45286 14907.3
0.45287 14907.3
0.45288 14907.3
0.45289 14907.3
0.45290 14907.3
0.45291 14907.3
0.45292 14907.3
0.45293 14907.3
0.45294 14907.3
0.45295 14907.3
0.45296 14907.3
0.45297 14907.3
0.45298 14907.3
0.45299 14907.3
0.45300 14907.3
0.45301 14907.3
0.45302 14907.3
0.45303 14907.3
0.45304 14907.3
0.45305 14907.3
0.45306 14907.3
0.45307 14907.3
0.45308 14907.3
0.45309 14907.3
0.45310 14907.3
0.45311 14907.3
0.45312 14907.3
0.45313 14907.3
0.45314 14907.3
0.45315 14907.3
0.45316 14907.3
0.45317 14907.3
0.45318 14907.3
0.45319 14907.3
0.45320 14907.3
0.45321 14907.3
0.45322 14907.3
0.45323 14907.3
0.45324 14907.3
0.45325 14907.3
0.45326 14907.3
0.45327 14907.3
0.45328 14907.3
0.45329 14907.3
0.45330 14907.3
0.45331 14907.3
0.45332 14907.3
0.45333 14907.3
0.45334 14907.3
0.45335 14907.3
0.45336 14907.3
0.45337 14907.3
0.45338 14907.3
0.45339 14907.3
0.45340 14907.3
0.45341 14907.3
0.45342 14907.3
0.45343 14907.3
0.45344 14907.3
0.45345 14907.3
0.45346 14907.3
0.45347 14907.3
0.45348 14907.3
0.45349 14907.3
0.45350 14907.3
0.45351 14907.3
0.45352 14907.3
0.45353 14907.3
0.45354 14907.3
0.45355 14907.3
0.45356 14907.3
0.45357 14907.3
0.45358 14907.3
0.45359 14907.3
0.45360 14907.3
0.45361 14907.3
0.45362 14907.3
0.45363 14907.3
0.45364 14907.3
0.45365 14907.3
0.45366 14907.3
0.45367 14907.3
0.45368 14907.3
0.45369 14907.3
0.45370 14907.3
0.45371 14907.3
0.45372 14907.3
0.45373 14907.3
0.45374 14907.3
0.45375 14907.3
0.45376 14907.3
0.45377 14907.3
0.45378 14907.3
0.45379 14907.3
0.45380 14907.3
0.45381 14907.3
0.45382 14907.3
0.45383 14907.3
0.45384 14907.3
0.45385 14907.3
0.45386 14907.3
0.45387 14907.3
0.45388 14907.3
0.45389 14907.3
0.45390 14907.3
0.45391 14907.3
0.45392 14907.3
0.45393 14907.3
0.45394 14907.3
0.45395 14907.3
0.45396 14907.3
0.45397 14907.3
0.45398 14907.3
0.45399 14907.3
0.45400 14907.3
0.45401 14907.3
0.45402 14907.3
0.45403 14907.3
0.45404 14907.3
0.45405 14907.3
0.45406 14907.3
0.45407 14907.3
0.45408 14907.3
0.45409 14907.3
0.45410 14907.3
0.45411 14907.3
0.45412 14907.3
0.45413 14907.3
0.45414 14907.3
0.45415 14907.3
0.45416 14907.3
0.45417 14907.3
0.45418 14907.3
0.45419 14907.3
0.45420 14907.3
0.45421 14907.3
0.45422 14907.3
0.45423 14907.3
0.45424 14907.3
0.45425 14907.3
0.45426 14907.3
0.45427 14907.3
0.45428 14907.3
0.45429 14907.3
0.45430 14907.3
0.45431 14907.3
0.45432 14907.3
0.45433 14907.3
0.45434 14907.3
0.45435 14907.3
0.45436 14907.3
0.45437 14907.3
0.45438 14907.3
0.45439 14907.3
0.45440 14907.3
0.45441 14907.3
0.45442 14907.3
0.45443 14907.3
0.45444 14907.3
0.45445 14907.3
0.45446 14907.3
0.45447 14907.3
0.45448 14907.3
0.45449 14907.3
0.45450 14907.3
0.45451 14907.3
0.45452 14907.3
0.45453 14907.3
0.45454 14907.3
0.45455 14907.3
0.45456 14907.3
0.45457 14907.3
0.45458 14907.3
0.45459 14907.3
0.45460 14907.3
0.45461 14907.3
0.45462 14907.3
0.45463 14907.3
0.45464 14907.3
0.45465 14907.3
0.45466 14907.3
0.45467 14907.3
0.45468 14907.3
0.45469 14907.3
0.45470 14907.3
0.45471 14907.3
0.45472 14907.3
0.45473 14907.3
0.45474 14907.3
0.45475 14907.3
0.45476 14907.3
0.45477 14907.3
0.45478 14907.3
0.45479 14907.3
0.45480 14907.3
0.45481 14907.3
0.45482 14907.3
0.45483 14907.3
0.45484 14907.3
0.45485 14907.3
0.45486 14907.3
0.45487 14907.3
0.45488 14907.3
0.45489 14907.3
0.45490 14907.3
0.45491 14907.3
0.45492 14907.3
0.45493 14907.3
0.45494 14907.3
0.45495 14907.3
0.45496 14907.3
0.45497 14907.3
0.45498 14907.3
0.45499 14907.3
0.45500 14907.3
0.45501 14907.3
0.45502 14907.3
0.45503 14907.3
0.45504 14907.3
0.45505 14907.3
0.45506 14907.3
0.45507 14907.3
0.45508 14907.3
0.45509 14907.3
0.45510 14907.3
0.45511 14907.3
0.45512 14907.3
0.45513 14907.3
0.45514 14907.3
0.45515 14907.3
0.45516 14907.3
0.45517 14907.3
0.45518 14907.3
0.45519 14907.3
0.45520 14907.3
0.45521 14907.3
0.45522 14907.3
0.45523 14907.3
0.45524 14907.3
0.45525 14907.3
0.45526 14907.3
0.45527 14907.3
0.45528 14907.3
0.45529 14907.3
0.45530 14907.3
0.45531 14907.3
0.45532 14907.3
0.45533 14907.3
0.45534 14907.3
0.45535 14907.3
0.45536 14907.3
0.45537 14907.3
0.45538 14907.3
0.45539 14907.3
0.45540 14907.3
0.45541 14907.3
0.45542 14907.3
0.45543 14907.3
0.45544 14907.3
0.45545 14907.3
0.45546 14907.3
0.45547 14907.3
0.45548 14907.3
0.45549 14907.3
0.45550 14907.3
0.45551 14907.3
0.45552 14907.3
0.45553 14907.3
0.45554 14907.3
0.45555 14907.3
0.45556 14907.3
0.45557 14907.3
0.45558 14907.3
0.45559 14907.3
0.45560 14907.3
0.45561 14907.3
0.45562 14907.3
0.45563 14907.3
0.45564 14907.3
0.45565 14907.3
0.45566 14907.3
0.45567 14907.3
0.45568 14907.3
0.45569 14907.3
0.45570 14907.3
0.45571 14907.3
0.45572 14907.3
0.45573 14907.3
0.45574 14907.3
0.45575 14907.3
0.45576 14907.3
0.45577 14907.3
0.45578 14907.3
0.45579 14907.3
0.45580 14907.3
0.45581 14907.3
0.45582 14907.3
0.45583 14907.3
0.45584 14907.3
0.45585 14907.3
0.45586 14907.3
0.45587 14907.3
0.45588 14907.3
0.45589 14907.3
0.45590 14907.3
0.45591 14907.3
0.45592 14907.3
0.45593 14907.3
0.45594 14907.3
0.45595 14907.3
0.45596 14907.3
0.45597 14907.3
0.45598 14907.3
0.45599 14907.3
0.45600 14907.3
0.45601 14907.3
0.45602 14907.3
0.45603 14907.3
0.45604 14907.3
0.45605 14907.3
0.45606 14907.3
0.45607 14907.3
0.45608 14907.3
0.45609 14907.3
0.45610 14907.3
0.45611 14907.3
0.45612 14907.3
0.45613 14907.3
0.45614 14907.3
0.45615 14907.3
0.45616 14907.3
0.45617 14907.3
0.45618 14907.3
0.45619 14907.3
0.45620 14907.3
0.45621 14907.3
0.45622 14907.3
0.45623 14907.3
0.45624 14907.3
0.45625 14907.3
0.45626 14907.3
0.45627 14907.3
0.45628 14907.3
0.45629 14907.3
0.45630 14907.3
0.45631 14907.3
0.45632 14907.3
0.45633 14907.3
0.45634 14907.3
0.45635 14907.3
0.45636 14907.3
0.45637 14907.3
0.45638 14907.3
0.45639 14907.3
0.45640 14907.3
0.45641 14907.3
0.45642 14907.3
0.45643 14907.3
0.45644 14907.3
0.45645 14907.3
0.45646 14907.3
0.45647 14907.3
0.45648 14907.3
0.45649 14907.3
0.45650 14907.3
0.45651 14907.3
0.45652 14907.3
0.45653 14907.3
0.45654 14907.3
0.45655 14907.3
0.45656 14907.3
0.45657 14907.3
0.45658 14907.3
0.45659 14907.3
0.45660 14907.3
0.45661 14907.3
0.45662 14907.3
0.45663 14907.3
0.45664 14907.3
0.45665 14907.3
0.45666 14907.3
0.45667 14907.3
0.45668 14907.3
0.45669 14907.3
0.45670 14907.3
0.45671 14907.3
0.45672 14907.3
0.45673 14907.3
0.45674 14907.3
0.45675 14907.3
0.45676 14907.3
0.45677 14907.3
0.45678 14907.3
0.45679 14907.3
0.45680 14907.3
0.45681 14907.3
0.45682 14907.3
0.45683 14907.3
0.45684 14907.3
0.45685 14907.3
0.45686 14907.3
0.45687 14907.3
0.45688 14907.3
0.45689 14907.3
0.45690 14907.3
0.45691 14907.3
0.45692 14907.3
0.45693 14907.3
0.45694 14907.3
0.45695 14907.3
0.45696 14907.3
0.45697 14907.3
0.45698 14907.3
0.45699 14907.3
0.45700 14907.3
0.45701 14907.3
0.45702 14907.3
0.45703 14907.3
0.45704 14907.3
0.45705 14907.3
0.45706 14907.3
0.45707 14907.3
0.45708 14907.3
0.45709 14907.3
0.45710 14907.3
0.45711 14907.3
0.45712 14907.3
0.45713 14907.3
0.45714 14907.3
0.45715 14907.3
0.45716 14907.3
0.45717 14907.3
0.45718 14907.3
0.45719 14907.3
0.45720 14907.3
0.45721 14907.3
0.45722 14907.3
0.45723 14907.3
0.45724 14907.3
0.45725 14907.3
0.45726 14907.3
0.45727 14907.3
0.45728 14907.3
0.45729 14907.3
0.45730 14907.3
0.45731 14907.3
0.45732 14907.3
0.45733 14907.3
0.45734 14907.3
0.45735 14907.3
0.45736 14907.3
0.45737 14907.3
0.45738 14907.3
0.45739 14907.3
0.45740 14907.3
0.45741 14907.3
0.45742 14907.3
0.45743 14907.3
0.45744 14907.3
0.45745 14907.3
0.45746 14907.3
0.45747 14907.3
0.45748 14907.3
0.45749 14907.3
0.45750 14907.3
0.45751 14907.3
0.45752 14907.3
0.45753 14907.3
0.45754 14907.3
0.45755 14907.3
0.45756 14907.3
0.45757 14907.3
0.45758 14907.3
0.45759 14907.3
0.45760 14907.3
0.45761 14907.3
0.45762 14907.3
0.45763 14907.3
0.45764 14907.3
0.45765 14907.3
0.45766 14907.3
0.45767 14907.3
0.45768 14907.3
0.45769 14907.3
0.45770 14907.3
0.45771 14907.3
0.45772 14907.3
0.45773 14907.3
0.45774 14907.3
0.45775 14907.3
0.45776 14907.3
0.45777 14907.3
0.45778 14907.3
0.45779 14907.3
0.45780 14907.3
0.45781 14907.3
0.45782 14907.3
0.45783 14907.3
0.45784 14907.3
0.45785 14907.3
0.45786 14907.3
0.45787 14907.3
0.45788 14907.3
0.45789 14907.3
0.45790 14907.3
0.45791 14907.3
0.45792 14907.3
0.45793 14907.3
0.45794 14907.3
0.45795 14907.3
0.45796 14907.3
0.45797 14907.3
0.45798 14907.3
0.45799 14907.3
0.45800 14907.3
0.45801 14907.3
0.45802 14907.3
0.45803 14907.3
0.45804 14907.3
0.45805 14907.3
0.45806 14907.3
0.45807 14907.3
0.45808 14907.3
0.45809 14907.3
0.45810 14907.3
0.45811 14907.3
0.45812 14907.3
0.45813 14907.3
0.45814 14907.3
0.45815 14907.3
0.45816 14907.3
0.45817 14907.3
0.45818 14907.3
0.45819 14907.3
0.45820 14907.3
0.45821 14907.3
0.45822 14907.3
0.45823 14907.3
0.45824 14907.3
0.45825 14907.3
0.45826 14907.3
0.45827 14907.3
0.45828 14907.3
0.45829 14907.3
0.45830 14907.3
0.45831 14907.3
0.45832 14907.3
0.45833 14907.3
0.45834 14907.3
0.45835 14907.3
0.45836 14907.3
0.45837 14907.3
0.45838 14907.3
0.45839 14907.3
0.45840 14907.3
0.45841 14907.3
0.45842 14907.3
0.45843 14907.3
0.45844 14907.3
0.45845 14907.3
0.45846 14907.3
0.45847 14907.3
0.45848 14907.3
0.45849 14907.3
0.45850 14907.3
0.45851 14907.3
0.45852 14907.3
0.45853 14907.3
0.45854 14907.3
0.45855 14907.3
0.45856 14907.3
0.45857 14907.3
0.45858 14907.3
0.45859 14907.3
0.45860 14907.3
0.45861 14907.3
0.45862 14907.3
0.45863 14907.3
0.45864 14907.3
0.45865 14907.3
0.45866 14907.3
0.45867 14907.3
0.45868 14907.3
0.45869 14907.3
0.45870 14907.3
0.45871 14907.3
0.45872 14907.3
0.45873 14907.3
0.45874 14907.3
0.45875 14907.3
0.45876 14907.3
0.45877 14907.3
0.45878 14907.3
0.45879 14907.3
0.45880 14907.3
0.45881 14907.3
0.45882 14907.3
0.45883 14907.3
0.45884 14907.3
0.45885 14907.3
0.45886 14907.3
0.45887 14907.3
0.45888 14907.3
0.45889 14907.3
0.45890 14907.3
0.45891 14907.3
0.45892 14907.3
0.45893 14907.3
0.45894 14907.3
0.45895 14907.3
0.45896 14907.3
0.45897 14907.3
0.45898 14907.3
0.45899 14907.3
0.45900 14907.3
0.45901 14907.3
0.45902 14907.3
0.45903 14907.3
0.45904 14907.3
0.45905 14907.3
0.45906 14907.3
0.45907 14907.3
0.45908 14907.3
0.45909 14907.3
0.45910 14907.3
0.45911 14907.3
0.45912 14907.3
0.45913 14907.3
0.45914 14907.3
0.45915 14907.3
0.45916 14907.3
0.45917 14907.3
0.45918 14907.3
0.45919 14907.3
0.45920 14907.3
0.45921 14907.3
0.45922 14907.3
0.45923 14907.3
0.45924 14907.3
0.45925 14907.3
0.45926 14907.3
0.45927 14907.3
0.45928 14907.3
0.45929 14907.3
0.45930 14907.3
0.45931 14907.3
0.45932 14907.3
0.45933 14907.3
0.45934 14907.3
0.45935 14907.3
0.45936 14907.3
0.45937 14907.3
0.45938 14907.3
0.45939 14907.3
0.45940 14907.3
0.45941 14907.3
0.45942 14907.3
0.45943 14907.3
0.45944 14907.3
0.45945 14907.3
0.45946 14907.3
0.45947 14907.3
0.45948 14907.3
0.45949 14907.3
0.45950 14907.3
0.45951 14907.3
0.45952 14907.3
0.45953 14907.3
0.45954 14907.3
0.45955 14907.3
0.45956 14907.3
0.45957 14907.3
0.45958 14907.3
0.45959 14907.3
0.45960 14907.3
0.45961 14907.3
0.45962 14907.3
0.45963 14907.3
0.45964 14907.3
0.45965 14907.3
0.45966 14907.3
0.45967 14907.3
0.45968 14907.3
0.45969 14907.3
0.45970 14907.3
0.45971 14907.3
0.45972 14907.3
0.45973 14907.3
0.45974 14907.3
0.45975 14907.3
0.45976 14907.3
0.45977 14907.3
0.45978 14907.3
0.45979 14907.3
0.45980 14907.3
0.45981 14907.3
0.45982 14907.3
0.45983 14907.3
0.45984 14907.3
0.45985 14907.3
0.45986 14907.3
0.45987 14907.3
0.45988 14907.3
0.45989 14907.3
0.45990 14907.3
0.45991 14907.3
0.45992 14907.3
0.45993 14907.3
0.45994 14907.3
0.45995 14907.3
0.45996 14907.3
0.45997 14907.3
0.45998 14907.3
0.45999 14907.3
0.46000 14907.3
0.46001 14907.3
0.46002 14907.3
0.46003 14907.3
0.46004 14907.3
0.46005 14907.3
0.46006 14907.3
0.46007 14907.3
0.46008 14907.3
0.46009 14907.3
0.46010 14907.3
0.46011 14907.3
0.46012 14907.3
0.46013 14907.3
0.46014 14907.3
0.46015 14907.3
0.46016 14907.3
0.46017 14907.3
0.46018 14907.3
0.46019 14907.3
0.46020 14907.3
0.46021 14907.3
0.46022 14907.3
0.46023 14907.3
0.46024 14907.3
0.46025 14907.3
0.46026 14907.3
0.46027 14907.3
0.46028 14907.3
0.46029 14907.3
0.46030 14907.3
0.46031 14907.3
0.46032 14907.3
0.46033 14907.3
0.46034 14907.3
0.46035 14907.3
0.46036 14907.3
0.46037 14907.3
0.46038 14907.3
0.46039 14907.3
0.46040 14907.3
0.46041 14907.3
0.46042 14907.3
0.46043 14907.3
0.46044 14907.3
0.46045 14907.3
0.46046 14907.3
0.46047 14907.3
0.46048 14907.3
0.46049 14907.3
0.46050 14907.3
0.46051 14907.3
0.46052 14907.3
0.46053 14907.3
0.46054 14907.3
0.46055 14907.3
0.46056 14907.3
0.46057 14907.3
0.46058 14907.3
0.46059 14907.3
0.46060 14907.3
0.46061 14907.3
0.46062 14907.3
0.46063 14907.3
0.46064 14907.3
0.46065 14907.3
0.46066 14907.3
0.46067 14907.3
0.46068 14907.3
0.46069 14907.3
0.46070 14907.3
0.46071 14907.3
0.46072 14907.3
0.46073 14907.3
0.46074 14907.3
0.46075 14907.3
0.46076 14907.3
0.46077 14907.3
0.46078 14907.3
0.46079 14907.3
0.46080 14907.3
0.46081 14907.3
0.46082 14907.3
0.46083 14907.3
0.46084 14907.3
0.46085 14907.3
0.46086 14907.3
0.46087 14907.3
0.46088 14907.3
0.46089 14907.3
0.46090 14907.3
0.46091 14907.3
0.46092 14907.3
0.46093 14907.3
0.46094 14907.3
0.46095 14907.3
0.46096 14907.3
0.46097 14907.3
0.46098 14907.3
0.46099 14907.3
0.46100 14907.3
0.46101 14907.3
0.46102 14907.3
0.46103 14907.3
0.46104 14907.3
0.46105 14907.3
0.46106 14907.3
0.46107 14907.3
0.46108 14907.3
0.46109 14907.3
0.46110 14907.3
0.46111 14907.3
0.46112 14907.3
0.46113 14907.3
0.46114 14907.3
0.46115 14907.3
0.46116 14907.3
0.46117 14907.3
0.46118 14907.3
0.46119 14907.3
0.46120 14907.3
0.46121 14907.3
0.46122 14907.3
0.46123 14907.3
0.46124 14907.3
0.46125 14907.3
0.46126 14907.3
0.46127 14907.3
0.46128 14907.3
0.46129 14907.3
0.46130 14907.3
0.46131 14907.3
0.46132 14907.3
0.46133 14907.3
0.46134 14907.3
0.46135 14907.3
0.46136 14907.3
0.46137 14907.3
0.46138 14907.3
0.46139 14907.3
0.46140 14907.3
0.46141 14907.3
0.46142 14907.3
0.46143 14907.3
0.46144 14907.3
0.46145 14907.3
0.46146 14907.3
0.46147 14907.3
0.46148 14907.3
0.46149 14907.3
0.46150 14907.3
0.46151 14907.3
0.46152 14907.3
0.46153 14907.3
0.46154 14907.3
0.46155 14907.3
0.46156 14907.3
0.46157 14907.3
0.46158 14907.3
0.46159 14907.3
0.46160 14907.3
0.46161 14907.3
0.46162 14907.3
0.46163 14907.3
0.46164 14907.3
0.46165 14907.3
0.46166 14907.3
0.46167 14907.3
0.46168 14907.3
0.46169 14907.3
0.46170 14907.3
0.46171 14907.3
0.46172 14907.3
0.46173 14907.3
0.46174 14907.3
0.46175 14907.3
0.46176 14907.3
0.46177 14907.3
0.46178 14907.3
0.46179 14907.3
0.46180 14907.3
0.46181 14907.3
0.46182 14907.3
0.46183 14907.3
0.46184 14907.3
0.46185 14907.3
0.46186 14907.3
0.46187 14907.3
0.46188 14907.3
0.46189 14907.3
0.46190 14907.3
0.46191 14907.3
0.46192 14907.3
0.46193 14907.3
0.46194 14907.3
0.46195 14907.3
0.46196 14907.3
0.46197 14907.3
0.46198 14907.3
0.46199 14907.3
0.46200 14907.3
0.46201 14907.3
0.46202 14907.3
0.46203 14907.3
0.46204 14907.3
0.46205 14907.3
0.46206 14907.3
0.46207 14907.3
0.46208 14907.3
0.46209 14907.3
0.46210 14907.3
0.46211 14907.3
0.46212 14907.3
0.46213 14907.3
0.46214 14907.3
0.46215 14907.3
0.46216 14907.3
0.46217 14907.3
0.46218 14907.3
0.46219 14907.3
0.46220 14907.3
0.46221 14907.3
0.46222 14907.3
0.46223 14907.3
0.46224 14907.3
0.46225 14907.3
0.46226 14907.3
0.46227 14907.3
0.46228 14907.3
0.46229 14907.3
0.46230 14907.3
0.46231 14907.3
0.46232 14907.3
0.46233 14907.3
0.46234 14907.3
0.46235 14907.3
0.46236 14907.3
0.46237 14907.3
0.46238 14907.3
0.46239 14907.3
0.46240 14907.3
0.46241 14907.3
0.46242 14907.3
0.46243 14907.3
0.46244 14907.3
0.46245 14907.3
0.46246 14907.3
0.46247 14907.3
0.46248 14907.3
0.46249 14907.3
0.46250 14907.3
0.46251 14907.3
0.46252 14907.3
0.46253 14907.3
0.46254 14907.3
0.46255 14907.3
0.46256 14907.3
0.46257 14907.3
0.46258 14907.3
0.46259 14907.3
0.46260 14907.3
0.46261 14907.3
0.46262 14907.3
0.46263 14907.3
0.46264 14907.3
0.46265 14907.3
0.46266 14907.3
0.46267 14907.3
0.46268 14907.3
0.46269 14907.3
0.46270 14907.3
0.46271 14907.3
0.46272 14907.3
0.46273 14907.3
0.46274 14907.3
0.46275 14907.3
0.46276 14907.3
0.46277 14907.3
0.46278 14907.3
0.46279 14907.3
0.46280 14907.3
0.46281 14907.3
0.46282 14907.3
0.46283 14907.3
0.46284 14907.3
0.46285 14907.3
0.46286 14907.3
0.46287 14907.3
0.46288 14907.3
0.46289 14907.3
0.46290 14907.3
0.46291 14907.3
0.46292 14907.3
0.46293 14907.3
0.46294 14907.3
0.46295 14907.3
0.46296 14907.3
0.46297 14907.3
0.46298 14907.3
0.46299 14907.3
0.46300 14907.3
0.46301 14907.3
0.46302 14907.3
0.46303 14907.3
0.46304 14907.3
0.46305 14907.3
0.46306 14907.3
0.46307 14907.3
0.46308 14907.3
0.46309 14907.3
0.46310 14907.3
0.46311 14907.3
0.46312 14907.3
0.46313 14907.3
0.46314 14907.3
0.46315 14907.3
0.46316 14907.3
0.46317 14907.3
0.46318 14907.3
0.46319 14907.3
0.46320 14907.3
0.46321 14907.3
0.46322 14907.3
0.46323 14907.3
0.46324 14907.3
0.46325 14907.3
0.46326 14907.3
0.46327 14907.3
0.46328 14907.3
0.46329 14907.3
0.46330 14907.3
0.46331 14907.3
0.46332 14907.3
0.46333 14907.3
0.46334 14907.3
0.46335 14907.3
0.46336 14907.3
0.46337 14907.3
0.46338 14907.3
0.46339 14907.3
0.46340 14907.3
0.46341 14907.3
0.46342 14907.3
0.46343 14907.3
0.46344 14907.3
0.46345 14907.3
0.46346 14907.3
0.46347 14907.3
0.46348 14907.3
0.46349 14907.3
0.46350 14907.3
0.46351 14907.3
0.46352 14907.3
0.46353 14907.3
0.46354 14907.3
0.46355 14907.3
0.46356 14907.3
0.46357 14907.3
0.46358 14907.3
0.46359 14907.3
0.46360 14907.3
0.46361 14907.3
0.46362 14907.3
0.46363 14907.3
0.46364 14907.3
0.46365 14907.3
0.46366 14907.3
0.46367 14907.3
0.46368 14907.3
0.46369 14907.3
0.46370 14907.3
0.46371 14907.3
0.46372 14907.3
0.46373 14907.3
0.46374 14907.3
0.46375 14907.3
0.46376 14907.3
0.46377 14907.3
0.46378 14907.3
0.46379 14907.3
0.46380 14907.3
0.46381 14907.3
0.46382 14907.3
0.46383 14907.3
0.46384 14907.3
0.46385 14907.3
0.46386 14907.3
0.46387 14907.3
0.46388 14907.3
0.46389 14907.3
0.46390 14907.3
0.46391 14907.3
0.46392 14907.3
0.46393 14907.3
0.46394 14907.3
0.46395 14907.3
0.46396 14907.3
0.46397 14907.3
0.46398 14907.3
0.46399 14907.3
0.46400 14907.3
0.46401 14907.3
0.46402 14907.3
0.46403 14907.3
0.46404 14907.3
0.46405 14907.3
0.46406 14907.3
0.46407 14907.3
0.46408 14907.3
0.46409 14907.3
0.46410 14907.3
0.46411 14907.3
0.46412 14907.3
0.46413 14907.3
0.46414 14907.3
0.46415 14907.3
0.46416 14907.3
0.46417 14907.3
0.46418 14907.3
0.46419 14907.3
0.46420 14907.3
0.46421 14907.3
0.46422 14907.3
0.46423 14907.3
0.46424 14907.3
0.46425 14907.3
0.46426 14907.3
0.46427 14907.3
0.46428 14907.3
0.46429 14907.3
0.46430 14907.3
0.46431 14907.3
0.46432 14907.3
0.46433 14907.3
0.46434 14907.3
0.46435 14907.3
0.46436 14907.3
0.46437 14907.3
0.46438 14907.3
0.46439 14907.3
0.46440 14907.3
0.46441 14907.3
0.46442 14907.3
0.46443 14907.3
0.46444 14907.3
0.46445 14907.3
0.46446 14907.3
0.46447 14907.3
0.46448 14907.3
0.46449 14907.3
0.46450 14907.3
0.46451 14907.3
0.46452 14907.3
0.46453 14907.3
0.46454 14907.3
0.46455 14907.3
0.46456 14907.3
0.46457 14907.3
0.46458 14907.3
0.46459 14907.3
0.46460 14907.3
0.46461 14907.3
0.46462 14907.3
0.46463 14907.3
0.46464 14907.3
0.46465 14907.3
0.46466 14907.3
0.46467 14907.3
0.46468 14907.3
0.46469 14907.3
0.46470 14907.3
0.46471 14907.3
0.46472 14907.3
0.46473 14907.3
0.46474 14907.3
0.46475 14907.3
0.46476 14907.3
0.46477 14907.3
0.46478 14907.3
0.46479 14907.3
0.46480 14907.3
0.46481 14907.3
0.46482 14907.3
0.46483 14907.3
0.46484 14907.3
0.46485 14907.3
0.46486 14907.3
0.46487 14907.3
0.46488 14907.3
0.46489 14907.3
0.46490 14907.3
0.46491 14907.3
0.46492 14907.3
0.46493 14907.3
0.46494 14907.3
0.46495 14907.3
0.46496 14907.3
0.46497 14907.3
0.46498 14907.3
0.46499 14907.3
0.46500 14907.3
0.46501 14907.3
0.46502 14907.3
0.46503 14907.3
0.46504 14907.3
0.46505 14907.3
0.46506 14907.3
0.46507 14907.3
0.46508 14907.3
0.46509 14907.3
0.46510 14907.3
0.46511 14907.3
0.46512 14907.3
0.46513 14907.3
0.46514 14907.3
0.46515 14907.3
0.46516 14907.3
0.46517 14907.3
0.46518 14907.3
0.46519 14907.3
0.46520 14907.3
0.46521 14907.3
0.46522 14907.3
0.46523 14907.3
0.46524 14907.3
0.46525 14907.3
0.46526 14907.3
0.46527 14907.3
0.46528 14907.3
0.46529 14907.3
0.46530 14907.3
0.46531 14907.3
0.46532 14907.3
0.46533 14907.3
0.46534 14907.3
0.46535 14907.3
0.46536 14907.3
0.46537 14907.3
0.46538 14907.3
0.46539 14907.3
0.46540 14907.3
0.46541 14907.3
0.46542 14907.3
0.46543 14907.3
0.46544 14907.3
0.46545 14907.3
0.46546 14907.3
0.46547 14907.3
0.46548 14907.3
0.46549 14907.3
0.46550 14907.3
0.46551 14907.3
0.46552 14907.3
0.46553 14907.3
0.46554 14907.3
0.46555 14907.3
0.46556 14907.3
0.46557 14907.3
0.46558 14907.3
0.46559 14907.3
0.46560 14907.3
0.46561 14907.3
0.46562 14907.3
0.46563 14907.3
0.46564 14907.3
0.46565 14907.3
0.46566 14907.3
0.46567 14907.3
0.46568 14907.3
0.46569 14907.3
0.46570 14907.3
0.46571 14907.3
0.46572 14907.3
0.46573 14907.3
0.46574 14907.3
0.46575 14907.3
0.46576 14907.3
0.46577 14907.3
0.46578 14907.3
0.46579 14907.3
0.46580 14907.3
0.46581 14907.3
0.46582 14907.3
0.46583 14907.3
0.46584 14907.3
0.46585 14907.3
0.46586 14907.3
0.46587 14907.3
0.46588 14907.3
0.46589 14907.3
0.46590 14907.3
0.46591 14907.3
0.46592 14907.3
0.46593 14907.3
0.46594 14907.3
0.46595 14907.3
0.46596 14907.3
0.46597 14907.3
0.46598 14907.3
0.46599 14907.3
0.46600 14907.3
0.46601 14907.3
0.46602 14907.3
0.46603 14907.3
0.46604 14907.3
0.46605 14907.3
0.46606 14907.3
0.46607 14907.3
0.46608 14907.3
0.46609 14907.3
0.46610 14907.3
0.46611 14907.3
0.46612 14907.3
0.46613 14907.3
0.46614 14907.3
0.46615 14907.3
0.46616 14907.3
0.46617 14907.3
0.46618 14907.3
0.46619 14907.3
0.46620 14907.3
0.46621 14907.3
0.46622 14907.3
0.46623 14907.3
0.46624 14907.3
0.46625 14907.3
0.46626 14907.3
0.46627 14907.3
0.46628 14907.3
0.46629 14907.3
0.46630 14907.3
0.46631 14907.3
0.46632 14907.3
0.46633 14907.3
0.46634 14907.3
0.46635 14907.3
0.46636 14907.3
0.46637 14907.3
0.46638 14907.3
0.46639 14907.3
0.46640 14907.3
0.46641 14907.3
0.46642 14907.3
0.46643 14907.3
0.46644 14907.3
0.46645 14907.3
0.46646 14907.3
0.46647 14907.3
0.46648 14907.3
0.46649 14907.3
0.46650 14907.3
0.46651 14907.3
0.46652 14907.3
0.46653 14907.3
0.46654 14907.3
0.46655 14907.3
0.46656 14907.3
0.46657 14907.3
0.46658 14907.3
0.46659 14907.3
0.46660 14907.3
0.46661 14907.3
0.46662 14907.3
0.46663 14907.3
0.46664 14907.3
0.46665 14907.3
0.46666 14907.3
0.46667 14907.3
0.46668 14907.3
0.46669 14907.3
0.46670 14907.3
0.46671 14907.3
0.46672 14907.3
0.46673 14907.3
0.46674 14907.3
0.46675 14907.3
0.46676 14907.3
0.46677 14907.3
0.46678 14907.3
0.46679 14907.3
0.46680 14907.3
0.46681 14907.3
0.46682 14907.3
0.46683 14907.3
0.46684 14907.3
0.46685 14907.3
0.46686 14907.3
0.46687 14907.3
0.46688 14907.3
0.46689 14907.3
0.46690 14907.3
0.46691 14907.3
0.46692 14907.3
0.46693 14907.3
0.46694 14907.3
0.46695 14907.3
0.46696 14907.3
0.46697 14907.3
0.46698 14907.3
0.46699 14907.3
0.46700 14907.3
0.46701 14907.3
0.46702 14907.3
0.46703 14907.3
0.46704 14907.3
0.46705 14907.3
0.46706 14907.3
0.46707 14907.3
0.46708 14907.3
0.46709 14907.3
0.46710 14907.3
0.46711 14907.3
0.46712 14907.3
0.46713 14907.3
0.46714 14907.3
0.46715 14907.3
0.46716 14907.3
0.46717 14907.3
0.46718 14907.3
0.46719 14907.3
0.46720 14907.3
0.46721 14907.3
0.46722 14907.3
0.46723 14907.3
0.46724 14907.3
0.46725 14907.3
0.46726 14907.3
0.46727 14907.3
0.46728 14907.3
0.46729 14907.3
0.46730 14907.3
0.46731 14907.3
0.46732 14907.3
0.46733 14907.3
0.46734 14907.3
0.46735 14907.3
0.46736 14907.3
0.46737 14907.3
0.46738 14907.3
0.46739 14907.3
0.46740 14907.3
0.46741 14907.3
0.46742 14907.3
0.46743 14907.3
0.46744 14907.3
0.46745 14907.3
0.46746 14907.3
0.46747 14907.3
0.46748 14907.3
0.46749 14907.3
0.46750 14907.3
0.46751 14907.3
0.46752 14907.3
0.46753 14907.3
0.46754 14907.3
0.46755 14907.3
0.46756 14907.3
0.46757 14907.3
0.46758 14907.3
0.46759 14907.3
0.46760 14907.3
0.46761 14907.3
0.46762 14907.3
0.46763 14907.3
0.46764 14907.3
0.46765 14907.3
0.46766 14907.3
0.46767 14907.3
0.46768 14907.3
0.46769 14907.3
0.46770 14907.3
0.46771 14907.3
0.46772 14907.3
0.46773 14907.3
0.46774 14907.3
0.46775 14907.3
0.46776 14907.3
0.46777 14907.3
0.46778 14907.3
0.46779 14907.3
0.46780 14907.3
0.46781 14907.3
0.46782 14907.3
0.46783 14907.3
0.46784 14907.3
0.46785 14907.3
0.46786 14907.3
0.46787 14907.3
0.46788 14907.3
0.46789 14907.3
0.46790 14907.3
0.46791 14907.3
0.46792 14907.3
0.46793 14907.3
0.46794 14907.3
0.46795 14907.3
0.46796 14907.3
0.46797 14907.3
0.46798 14907.3
0.46799 14907.3
0.46800 14907.3
0.46801 14907.3
0.46802 14907.3
0.46803 14907.3
0.46804 14907.3
0.46805 14907.3
0.46806 14907.3
0.46807 14907.3
0.46808 14907.3
0.46809 14907.3
0.46810 14907.3
0.46811 14907.3
0.46812 14907.3
0.46813 14907.3
0.46814 14907.3
0.46815 14907.3
0.46816 14907.3
0.46817 14907.3
0.46818 14907.3
0.46819 14907.3
0.46820 14907.3
0.46821 14907.3
0.46822 14907.3
0.46823 14907.3
0.46824 14907.3
0.46825 14907.3
0.46826 14907.3
0.46827 14907.3
0.46828 14907.3
0.46829 14907.3
0.46830 14907.3
0.46831 14907.3
0.46832 14907.3
0.46833 14907.3
0.46834 14907.3
0.46835 14907.3
0.46836 14907.3
0.46837 14907.3
0.46838 14907.3
0.46839 14907.3
0.46840 14907.3
0.46841 14907.3
0.46842 14907.3
0.46843 14907.3
0.46844 14907.3
0.46845 14907.3
0.46846 14907.3
0.46847 14907.3
0.46848 14907.3
0.46849 14907.3
0.46850 14907.3
0.46851 14907.3
0.46852 14907.3
0.46853 14907.3
0.46854 14907.3
0.46855 14907.3
0.46856 14907.3
0.46857 14907.3
0.46858 14907.3
0.46859 14907.3
0.46860 14907.3
0.46861 14907.3
0.46862 14907.3
0.46863 14907.3
0.46864 14907.3
0.46865 14907.3
0.46866 14907.3
0.46867 14907.3
0.46868 14907.3
0.46869 14907.3
0.46870 14907.3
0.46871 14907.3
0.46872 14907.3
0.46873 14907.3
0.46874 14907.3
0.46875 14907.3
0.46876 14907.3
0.46877 14907.3
0.46878 14907.3
0.46879 14907.3
0.46880 14907.3
0.46881 14907.3
0.46882 14907.3
0.46883 14907.3
0.46884 14907.3
0.46885 14907.3
0.46886 14907.3
0.46887 14907.3
0.46888 14907.3
0.46889 14907.3
0.46890 14907.3
0.46891 14907.3
0.46892 14907.3
0.46893 14907.3
0.46894 14907.3
0.46895 14907.3
0.46896 14907.3
0.46897 14907.3
0.46898 14907.3
0.46899 14907.3
0.46900 14907.3
0.46901 14907.3
0.46902 14907.3
0.46903 14907.3
0.46904 14907.3
0.46905 14907.3
0.46906 14907.3
0.46907 14907.3
0.46908 14907.3
0.46909 14907.3
0.46910 14907.3
0.46911 14907.3
0.46912 14907.3
0.46913 14907.3
0.46914 14907.3
0.46915 14907.3
0.46916 14907.3
0.46917 14907.3
0.46918 14907.3
0.46919 14907.3
0.46920 14907.3
0.46921 14907.3
0.46922 14907.3
0.46923 14907.3
0.46924 14907.3
0.46925 14907.3
0.46926 14907.3
0.46927 14907.3
0.46928 14907.3
0.46929 14907.3
0.46930 14907.3
0.46931 14907.3
0.46932 14907.3
0.46933 14907.3
0.46934 14907.3
0.46935 14907.3
0.46936 14907.3
0.46937 14907.3
0.46938 14907.3
0.46939 14907.3
0.46940 14907.3
0.46941 14907.3
0.46942 14907.3
0.46943 14907.3
0.46944 14907.3
0.46945 14907.3
0.46946 14907.3
0.46947 14907.3
0.46948 14907.3
0.46949 14907.3
0.46950 14907.3
0.46951 14907.3
0.46952 14907.3
0.46953 14907.3
0.46954 14907.3
0.46955 14907.3
0.46956 14907.3
0.46957 14907.3
0.46958 14907.3
0.46959 14907.3
0.46960 14907.3
0.46961 14907.3
0.46962 14907.3
0.46963 14907.3
0.46964 14907.3
0.46965 14907.3
0.46966 14907.3
0.46967 14907.3
0.46968 14907.3
0.46969 14907.3
0.46970 14907.3
0.46971 14907.3
0.46972 14907.3
0.46973 14907.3
0.46974 14907.3
0.46975 14907.3
0.46976 14907.3
0.46977 14907.3
0.46978 14907.3
0.46979 14907.3
0.46980 14907.3
0.46981 14907.3
0.46982 14907.3
0.46983 14907.3
0.46984 14907.3
0.46985 14907.3
0.46986 14907.3
0.46987 14907.3
0.46988 14907.3
0.46989 14907.3
0.46990 14907.3
0.46991 14907.3
0.46992 14907.3
0.46993 14907.3
0.46994 14907.3
0.46995 14907.3
0.46996 14907.3
0.46997 14907.3
0.46998 14907.3
0.46999 14907.3
0.47000 14907.3
0.47001 14907.3
0.47002 14907.3
0.47003 14907.3
0.47004 14907.3
0.47005 14907.3
0.47006 14907.3
0.47007 14907.3
0.47008 14907.3
0.47009 14907.3
0.47010 14907.3
0.47011 14907.3
0.47012 14907.3
0.47013 14907.3
0.47014 14907.3
0.47015 14907.3
0.47016 14907.3
0.47017 14907.3
0.47018 14907.3
0.47019 14907.3
0.47020 14907.3
0.47021 14907.3
0.47022 14907.3
0.47023 14907.3
0.47024 14907.3
0.47025 14907.3
0.47026 14907.3
0.47027 14907.3
0.47028 14907.3
0.47029 14907.3
0.47030 14907.3
0.47031 14907.3
0.47032 14907.3
0.47033 14907.3
0.47034 14907.3
0.47035 14907.3
0.47036 14907.3
0.47037 14907.3
0.47038 14907.3
0.47039 14907.3
0.47040 14907.3
0.47041 14907.3
0.47042 14907.3
0.47043 14907.3
0.47044 14907.3
0.47045 14907.3
0.47046 14907.3
0.47047 14907.3
0.47048 14907.3
0.47049 14907.3
0.47050 14907.3
0.47051 14907.3
0.47052 14907.3
0.47053 14907.3
0.47054 14907.3
0.47055 14907.3
0.47056 14907.3
0.47057 14907.3
0.47058 14907.3
0.47059 14907.3
0.47060 14907.3
0.47061 14907.3
0.47062 14907.3
0.47063 14907.3
0.47064 14907.3
0.47065 14907.3
0.47066 14907.3
0.47067 14907.3
0.47068 14907.3
0.47069 14907.3
0.47070 14907.3
0.47071 14907.3
0.47072 14907.3
0.47073 14907.3
0.47074 14907.3
0.47075 14907.3
0.47076 14907.3
0.47077 14907.3
0.47078 14907.3
0.47079 14907.3
0.47080 14907.3
0.47081 14907.3
0.47082 14907.3
0.47083 14907.3
0.47084 14907.3
0.47085 14907.3
0.47086 14907.3
0.47087 14907.3
0.47088 14907.3
0.47089 14907.3
0.47090 14907.3
0.47091 14907.3
0.47092 14907.3
0.47093 14907.3
0.47094 14907.3
0.47095 14907.3
0.47096 14907.3
0.47097 14907.3
0.47098 14907.3
0.47099 14907.3
0.47100 14907.3
0.47101 14907.3
0.47102 14907.3
0.47103 14907.3
0.47104 14907.3
0.47105 14907.3
0.47106 14907.3
0.47107 14907.3
0.47108 14907.3
0.47109 14907.3
0.47110 14907.3
0.47111 14907.3
0.47112 14907.3
0.47113 14907.3
0.47114 14907.3
0.47115 14907.3
0.47116 14907.3
0.47117 14907.3
0.47118 14907.3
0.47119 14907.3
0.47120 14907.3
0.47121 14907.3
0.47122 14907.3
0.47123 14907.3
0.47124 14907.3
0.47125 14907.3
0.47126 14907.3
0.47127 14907.3
0.47128 14907.3
0.47129 14907.3
0.47130 14907.3
0.47131 14907.3
0.47132 14907.3
0.47133 14907.3
0.47134 14907.3
0.47135 14907.3
0.47136 14907.3
0.47137 14907.3
0.47138 14907.3
0.47139 14907.3
0.47140 14907.3
0.47141 14907.3
0.47142 14907.3
0.47143 14907.3
0.47144 14907.3
0.47145 14907.3
0.47146 14907.3
0.47147 14907.3
0.47148 14907.3
0.47149 14907.3
0.47150 14907.3
0.47151 14907.3
0.47152 14907.3
0.47153 14907.3
0.47154 14907.3
0.47155 14907.3
0.47156 14907.3
0.47157 14907.3
0.47158 14907.3
0.47159 14907.3
0.47160 14907.3
0.47161 14907.3
0.47162 14907.3
0.47163 14907.3
0.47164 14907.3
0.47165 14907.3
0.47166 14907.3
0.47167 14907.3
0.47168 14907.3
0.47169 14907.3
0.47170 14907.3
0.47171 14907.3
0.47172 14907.3
0.47173 14907.3
0.47174 14907.3
0.47175 14907.3
0.47176 14907.3
0.47177 14907.3
0.47178 14907.3
0.47179 14907.3
0.47180 14907.3
0.47181 14907.3
0.47182 14907.3
0.47183 14907.3
0.47184 14907.3
0.47185 14907.3
0.47186 14907.3
0.47187 14907.3
0.47188 14907.3
0.47189 14907.3
0.47190 14907.3
0.47191 14907.3
0.47192 14907.3
0.47193 14907.3
0.47194 14907.3
0.47195 14907.3
0.47196 14907.3
0.47197 14907.3
0.47198 14907.3
0.47199 14907.3
0.47200 14907.3
0.47201 14907.3
0.47202 14907.3
0.47203 14907.3
0.47204 14907.3
0.47205 14907.3
0.47206 14907.3
0.47207 14907.3
0.47208 14907.3
0.47209 14907.3
0.47210 14907.3
0.47211 14907.3
0.47212 14907.3
0.47213 14907.3
0.47214 14907.3
0.47215 14907.3
0.47216 14907.3
0.47217 14907.3
0.47218 14907.3
0.47219 14907.3
0.47220 14907.3
0.47221 14907.3
0.47222 14907.3
0.47223 14907.3
0.47224 14907.3
0.47225 14907.3
0.47226 14907.3
0.47227 14907.3
0.47228 14907.3
0.47229 14907.3
0.47230 14907.3
0.47231 14907.3
0.47232 14907.3
0.47233 14907.3
0.47234 14907.3
0.47235 14907.3
0.47236 14907.3
0.47237 14907.3
0.47238 14907.3
0.47239 14907.3
0.47240 14907.3
0.47241 14907.3
0.47242 14907.3
0.47243 14907.3
0.47244 14907.3
0.47245 14907.3
0.47246 14907.3
0.47247 14907.3
0.47248 14907.3
0.47249 14907.3
0.47250 14907.3
0.47251 14907.3
0.47252 14907.3
0.47253 14907.3
0.47254 14907.3
0.47255 14907.3
0.47256 14907.3
0.47257 14907.3
0.47258 14907.3
0.47259 14907.3
0.47260 14907.3
0.47261 14907.3
0.47262 14907.3
0.47263 14907.3
0.47264 14907.3
0.47265 14907.3
0.47266 14907.3
0.47267 14907.3
0.47268 14907.3
0.47269 14907.3
0.47270 14907.3
0.47271 14907.3
0.47272 14907.3
0.47273 14907.3
0.47274 14907.3
0.47275 14907.3
0.47276 14907.3
0.47277 14907.3
0.47278 14907.3
0.47279 14907.3
0.47280 14907.3
0.47281 14907.3
0.47282 14907.3
0.47283 14907.3
0.47284 14907.3
0.47285 14907.3
0.47286 14907.3
0.47287 14907.3
0.47288 14907.3
0.47289 14907.3
0.47290 14907.3
0.47291 14907.3
0.47292 14907.3
0.47293 14907.3
0.47294 14907.3
0.47295 14907.3
0.47296 14907.3
0.47297 14907.3
0.47298 14907.3
0.47299 14907.3
0.47300 14907.3
0.47301 14907.3
0.47302 14907.3
0.47303 14907.3
0.47304 14907.3
0.47305 14907.3
0.47306 14907.3
0.47307 14907.3
0.47308 14907.3
0.47309 14907.3
0.47310 14907.3
0.47311 14907.3
0.47312 14907.3
0.47313 14907.3
0.47314 14907.3
0.47315 14907.3
0.47316 14907.3
0.47317 14907.3
0.47318 14907.3
0.47319 14907.3
0.47320 14907.3
0.47321 14907.3
0.47322 14907.3
0.47323 14907.3
0.47324 14907.3
0.47325 14907.3
0.47326 14907.3
0.47327 14907.3
0.47328 14907.3
0.47329 14907.3
0.47330 14907.3
0.47331 14907.3
0.47332 14907.3
0.47333 14907.3
0.47334 14907.3
0.47335 14907.3
0.47336 14907.3
0.47337 14907.3
0.47338 14907.3
0.47339 14907.3
0.47340 14907.3
0.47341 14907.3
0.47342 14907.3
0.47343 14907.3
0.47344 14907.3
0.47345 14907.3
0.47346 14907.3
0.47347 14907.3
0.47348 14907.3
0.47349 14907.3
0.47350 14907.3
0.47351 14907.3
0.47352 14907.3
0.47353 14907.3
0.47354 14907.3
0.47355 14907.3
0.47356 14907.3
0.47357 14907.3
0.47358 14907.3
0.47359 14907.3
0.47360 14907.3
0.47361 14907.3
0.47362 14907.3
0.47363 14907.3
0.47364 14907.3
0.47365 14907.3
0.47366 14907.3
0.47367 14907.3
0.47368 14907.3
0.47369 14907.3
0.47370 14907.3
0.47371 14907.3
0.47372 14907.3
0.47373 14907.3
0.47374 14907.3
0.47375 14907.3
0.47376 14907.3
0.47377 14907.3
0.47378 14907.3
0.47379 14907.3
0.47380 14907.3
0.47381 14907.3
0.47382 14907.3
0.47383 14907.3
0.47384 14907.3
0.47385 14907.3
0.47386 14907.3
0.47387 14907.3
0.47388 14907.3
0.47389 14907.3
0.47390 14907.3
0.47391 14907.3
0.47392 14907.3
0.47393 14907.3
0.47394 14907.3
0.47395 14907.3
0.47396 14907.3
0.47397 14907.3
0.47398 14907.3
0.47399 14907.3
0.47400 14907.3
0.47401 14907.3
0.47402 14907.3
0.47403 14907.3
0.47404 14907.3
0.47405 14907.3
0.47406 14907.3
0.47407 14907.3
0.47408 14907.3
0.47409 14907.3
0.47410 14907.3
0.47411 14907.3
0.47412 14907.3
0.47413 14907.3
0.47414 14907.3
0.47415 14907.3
0.47416 14907.3
0.47417 14907.3
0.47418 14907.3
0.47419 14907.3
0.47420 14907.3
0.47421 14907.3
0.47422 14907.3
0.47423 14907.3
0.47424 14907.3
0.47425 14907.3
0.47426 14907.3
0.47427 14907.3
0.47428 14907.3
0.47429 14907.3
0.47430 14907.3
0.47431 14907.3
0.47432 14907.3
0.47433 14907.3
0.47434 14907.3
0.47435 14907.3
0.47436 14907.3
0.47437 14907.3
0.47438 14907.3
0.47439 14907.3
0.47440 14907.3
0.47441 14907.3
0.47442 14907.3
0.47443 14907.3
0.47444 14907.3
0.47445 14907.3
0.47446 14907.3
0.47447 14907.3
0.47448 14907.3
0.47449 14907.3
0.47450 14907.3
0.47451 14907.3
0.47452 14907.3
0.47453 14907.3
0.47454 14907.3
0.47455 14907.3
0.47456 14907.3
0.47457 14907.3
0.47458 14907.3
0.47459 14907.3
0.47460 14907.3
0.47461 14907.3
0.47462 14907.3
0.47463 14907.3
0.47464 14907.3
0.47465 14907.3
0.47466 14907.3
0.47467 14907.3
0.47468 14907.3
0.47469 14907.3
0.47470 14907.3
0.47471 14907.3
0.47472 14907.3
0.47473 14907.3
0.47474 14907.3
0.47475 14907.3
0.47476 14907.3
0.47477 14907.3
0.47478 14907.3
0.47479 14907.3
0.47480 14907.3
0.47481 14907.3
0.47482 14907.3
0.47483 14907.3
0.47484 14907.3
0.47485 14907.3
0.47486 14907.3
0.47487 14907.3
0.47488 14907.3
0.47489 14907.3
0.47490 14907.3
0.47491 14907.3
0.47492 14907.3
0.47493 14907.3
0.47494 14907.3
0.47495 14907.3
0.47496 14907.3
0.47497 14907.3
0.47498 14907.3
0.47499 14907.3
0.47500 14907.3
0.47501 14907.3
0.47502 14907.3
0.47503 14907.3
0.47504 14907.3
0.47505 14907.3
0.47506 14907.3
0.47507 14907.3
0.47508 14907.3
0.47509 14907.3
0.47510 14907.3
0.47511 14907.3
0.47512 14907.3
0.47513 14907.3
0.47514 14907.3
0.47515 14907.3
0.47516 14907.3
0.47517 14907.3
0.47518 14907.3
0.47519 14907.3
0.47520 14907.3
0.47521 14907.3
0.47522 14907.3
0.47523 14907.3
0.47524 14907.3
0.47525 14907.3
0.47526 14907.3
0.47527 14907.3
0.47528 14907.3
0.47529 14907.3
0.47530 14907.3
0.47531 14907.3
0.47532 14907.3
0.47533 14907.3
0.47534 14907.3
0.47535 14907.3
0.47536 14907.3
0.47537 14907.3
0.47538 14907.3
0.47539 14907.3
0.47540 14907.3
0.47541 14907.3
0.47542 14907.3
0.47543 14907.3
0.47544 14907.3
0.47545 14907.3
0.47546 14907.3
0.47547 14907.3
0.47548 14907.3
0.47549 14907.3
0.47550 14907.3
0.47551 14907.3
0.47552 14907.3
0.47553 14907.3
0.47554 14907.3
0.47555 14907.3
0.47556 14907.3
0.47557 14907.3
0.47558 14907.3
0.47559 14907.3
0.47560 14907.3
0.47561 14907.3
0.47562 14907.3
0.47563 14907.3
0.47564 14907.3
0.47565 14907.3
0.47566 14907.3
0.47567 14907.3
0.47568 14907.3
0.47569 14907.3
0.47570 14907.3
0.47571 14907.3
0.47572 14907.3
0.47573 14907.3
0.47574 14907.3
0.47575 14907.3
0.47576 14907.3
0.47577 14907.3
0.47578 14907.3
0.47579 14907.3
0.47580 14907.3
0.47581 14907.3
0.47582 14907.3
0.47583 14907.3
0.47584 14907.3
0.47585 14907.3
0.47586 14907.3
0.47587 14907.3
0.47588 14907.3
0.47589 14907.3
0.47590 14907.3
0.47591 14907.3
0.47592 14907.3
0.47593 14907.3
0.47594 14907.3
0.47595 14907.3
0.47596 14907.3
0.47597 14907.3
0.47598 14907.3
0.47599 14907.3
0.47600 14907.3
0.47601 14907.3
0.47602 14907.3
0.47603 14907.3
0.47604 14907.3
0.47605 14907.3
0.47606 14907.3
0.47607 14907.3
0.47608 14907.3
0.47609 14907.3
0.47610 14907.3
0.47611 14907.3
0.47612 14907.3
0.47613 14907.3
0.47614 14907.3
0.47615 14907.3
0.47616 14907.3
0.47617 14907.3
0.47618 14907.3
0.47619 14907.3
0.47620 14907.3
0.47621 14907.3
0.47622 14907.3
0.47623 14907.3
0.47624 14907.3
0.47625 14907.3
0.47626 14907.3
0.47627 14907.3
0.47628 14907.3
0.47629 14907.3
0.47630 14907.3
0.47631 14907.3
0.47632 14907.3
0.47633 14907.3
0.47634 14907.3
0.47635 14907.3
0.47636 14907.3
0.47637 14907.3
0.47638 14907.3
0.47639 14907.3
0.47640 14907.3
0.47641 14907.3
0.47642 14907.3
0.47643 14907.3
0.47644 14907.3
0.47645 14907.3
0.47646 14907.3
0.47647 14907.3
0.47648 14907.3
0.47649 14907.3
0.47650 14907.3
0.47651 14907.3
0.47652 14907.3
0.47653 14907.3
0.47654 14907.3
0.47655 14907.3
0.47656 14907.3
0.47657 14907.3
0.47658 14907.3
0.47659 14907.3
0.47660 14907.3
0.47661 14907.3
0.47662 14907.3
0.47663 14907.3
0.47664 14907.3
0.47665 14907.3
0.47666 14907.3
0.47667 14907.3
0.47668 14907.3
0.47669 14907.3
0.47670 14907.3
0.47671 14907.3
0.47672 14907.3
0.47673 14907.3
0.47674 14907.3
0.47675 14907.3
0.47676 14907.3
0.47677 14907.3
0.47678 14907.3
0.47679 14907.3
0.47680 14907.3
0.47681 14907.3
0.47682 14907.3
0.47683 14907.3
0.47684 14907.3
0.47685 14907.3
0.47686 14907.3
0.47687 14907.3
0.47688 14907.3
0.47689 14907.3
0.47690 14907.3
0.47691 14907.3
0.47692 14907.3
0.47693 14907.3
0.47694 14907.3
0.47695 14907.3
0.47696 14907.3
0.47697 14907.3
0.47698 14907.3
0.47699 14907.3
0.47700 14907.3
0.47701 14907.3
0.47702 14907.3
0.47703 14907.3
0.47704 14907.3
0.47705 14907.3
0.47706 14907.3
0.47707 14907.3
0.47708 14907.3
0.47709 14907.3
0.47710 14907.3
0.47711 14907.3
0.47712 14907.3
0.47713 14907.3
0.47714 14907.3
0.47715 14907.3
0.47716 14907.3
0.47717 14907.3
0.47718 14907.3
0.47719 14907.3
0.47720 14907.3
0.47721 14907.3
0.47722 14907.3
0.47723 14907.3
0.47724 14907.3
0.47725 14907.3
0.47726 14907.3
0.47727 14907.3
0.47728 14907.3
0.47729 14907.3
0.47730 14907.3
0.47731 14907.3
0.47732 14907.3
0.47733 14907.3
0.47734 14907.3
0.47735 14907.3
0.47736 14907.3
0.47737 14907.3
0.47738 14907.3
0.47739 14907.3
0.47740 14907.3
0.47741 14907.3
0.47742 14907.3
0.47743 14907.3
0.47744 14907.3
0.47745 14907.3
0.47746 14907.3
0.47747 14907.3
0.47748 14907.3
0.47749 14907.3
0.47750 14907.3
0.47751 14907.3
0.47752 14907.3
0.47753 14907.3
0.47754 14907.3
0.47755 14907.3
0.47756 14907.3
0.47757 14907.3
0.47758 14907.3
0.47759 14907.3
0.47760 14907.3
0.47761 14907.3
0.47762 14907.3
0.47763 14907.3
0.47764 14907.3
0.47765 14907.3
0.47766 14907.3
0.47767 14907.3
0.47768 14907.3
0.47769 14907.3
0.47770 14907.3
0.47771 14907.3
0.47772 14907.3
0.47773 14907.3
0.47774 14907.3
0.47775 14907.3
0.47776 14907.3
0.47777 14907.3
0.47778 14907.3
0.47779 14907.3
0.47780 14907.3
0.47781 14907.3
0.47782 14907.3
0.47783 14907.3
0.47784 14907.3
0.47785 14907.3
0.47786 14907.3
0.47787 14907.3
0.47788 14907.3
0.47789 14907.3
0.47790 14907.3
0.47791 14907.3
0.47792 14907.3
0.47793 14907.3
0.47794 14907.3
0.47795 14907.3
0.47796 14907.3
0.47797 14907.3
0.47798 14907.3
0.47799 14907.3
0.47800 14907.3
0.47801 14907.3
0.47802 14907.3
0.47803 14907.3
0.47804 14907.3
0.47805 14907.3
0.47806 14907.3
0.47807 14907.3
0.47808 14907.3
0.47809 14907.3
0.47810 14907.3
0.47811 14907.3
0.47812 14907.3
0.47813 14907.3
0.47814 14907.3
0.47815 14907.3
0.47816 14907.3
0.47817 14907.3
0.47818 14907.3
0.47819 14907.3
0.47820 14907.3
0.47821 14907.3
0.47822 14907.3
0.47823 14907.3
0.47824 14907.3
0.47825 14907.3
0.47826 14907.3
0.47827 14907.3
0.47828 14907.3
0.47829 14907.3
0.47830 14907.3
0.47831 14907.3
0.47832 14907.3
0.47833 14907.3
0.47834 14907.3
0.47835 14907.3
0.47836 14907.3
0.47837 14907.3
0.47838 14907.3
0.47839 14907.3
0.47840 14907.3
0.47841 14907.3
0.47842 14907.3
0.47843 14907.3
0.47844 14907.3
0.47845 14907.3
0.47846 14907.3
0.47847 14907.3
0.47848 14907.3
0.47849 14907.3
0.47850 14907.3
0.47851 14907.3
0.47852 14907.3
0.47853 14907.3
0.47854 14907.3
0.47855 14907.3
0.47856 14907.3
0.47857 14907.3
0.47858 14907.3
0.47859 14907.3
0.47860 14907.3
0.47861 14907.3
0.47862 14907.3
0.47863 14907.3
0.47864 14907.3
0.47865 14907.3
0.47866 14907.3
0.47867 14907.3
0.47868 14907.3
0.47869 14907.3
0.47870 14907.3
0.47871 14907.3
0.47872 14907.3
0.47873 14907.3
0.47874 14907.3
0.47875 14907.3
0.47876 14907.3
0.47877 14907.3
0.47878 14907.3
0.47879 14907.3
0.47880 14907.3
0.47881 14907.3
0.47882 14907.3
0.47883 14907.3
0.47884 14907.3
0.47885 14907.3
0.47886 14907.3
0.47887 14907.3
0.47888 14907.3
0.47889 14907.3
0.47890 14907.3
0.47891 14907.3
0.47892 14907.3
0.47893 14907.3
0.47894 14907.3
0.47895 14907.3
0.47896 14907.3
0.47897 14907.3
0.47898 14907.3
0.47899 14907.3
0.47900 14907.3
0.47901 14907.3
0.47902 14907.3
0.47903 14907.3
0.47904 14907.3
0.47905 14907.3
0.47906 14907.3
0.47907 14907.3
0.47908 14907.3
0.47909 14907.3
0.47910 14907.3
0.47911 14907.3
0.47912 14907.3
0.47913 14907.3
0.47914 14907.3
0.47915 14907.3
0.47916 14907.3
0.47917 14907.3
0.47918 14907.3
0.47919 14907.3
0.47920 14907.3
0.47921 14907.3
0.47922 14907.3
0.47923 14907.3
0.47924 14907.3
0.47925 14907.3
0.47926 14907.3
0.47927 14907.3
0.47928 14907.3
0.47929 14907.3
0.47930 14907.3
0.47931 14907.3
0.47932 14907.3
0.47933 14907.3
0.47934 14907.3
0.47935 14907.3
0.47936 14907.3
0.47937 14907.3
0.47938 14907.3
0.47939 14907.3
0.47940 14907.3
0.47941 14907.3
0.47942 14907.3
0.47943 14907.3
0.47944 14907.3
0.47945 14907.3
0.47946 14907.3
0.47947 14907.3
0.47948 14907.3
0.47949 14907.3
0.47950 14907.3
0.47951 14907.3
0.47952 14907.3
0.47953 14907.3
0.47954 14907.3
0.47955 14907.3
0.47956 14907.3
0.47957 14907.3
0.47958 14907.3
0.47959 14907.3
0.47960 14907.3
0.47961 14907.3
0.47962 14907.3
0.47963 14907.3
0.47964 14907.3
0.47965 14907.3
0.47966 14907.3
0.47967 14907.3
0.47968 14907.3
0.47969 14907.3
0.47970 14907.3
0.47971 14907.3
0.47972 14907.3
0.47973 14907.3
0.47974 14907.3
0.47975 14907.3
0.47976 14907.3
0.47977 14907.3
0.47978 14907.3
0.47979 14907.3
0.47980 14907.3
0.47981 14907.3
0.47982 14907.3
0.47983 14907.3
0.47984 14907.3
0.47985 14907.3
0.47986 14907.3
0.47987 14907.3
0.47988 14907.3
0.47989 14907.3
0.47990 14907.3
0.47991 14907.3
0.47992 14907.3
0.47993 14907.3
0.47994 14907.3
0.47995 14907.3
0.47996 14907.3
0.47997 14907.3
0.47998 14907.3
0.47999 14907.3
0.48000 14907.3
0.48001 14907.3
0.48002 14907.3
0.48003 14907.3
0.48004 14907.3
0.48005 14907.3
0.48006 14907.3
0.48007 14907.3
0.48008 14907.3
0.48009 14907.3
0.48010 14907.3
0.48011 14907.3
0.48012 14907.3
0.48013 14907.3
0.48014 14907.3
0.48015 14907.3
0.48016 14907.3
0.48017 14907.3
0.48018 14907.3
0.48019 14907.3
0.48020 14907.3
0.48021 14907.3
0.48022 14907.3
0.48023 14907.3
0.48024 14907.3
0.48025 14907.3
0.48026 14907.3
0.48027 14907.3
0.48028 14907.3
0.48029 14907.3
0.48030 14907.3
0.48031 14907.3
0.48032 14907.3
0.48033 14907.3
0.48034 14907.3
0.48035 14907.3
0.48036 14907.3
0.48037 14907.3
0.48038 14907.3
0.48039 14907.3
0.48040 14907.3
0.48041 14907.3
0.48042 14907.3
0.48043 14907.3
0.48044 14907.3
0.48045 14907.3
0.48046 14907.3
0.48047 14907.3
0.48048 14907.3
0.48049 14907.3
0.48050 14907.3
0.48051 14907.3
0.48052 14907.3
0.48053 14907.3
0.48054 14907.3
0.48055 14907.3
0.48056 14907.3
0.48057 14907.3
0.48058 14907.3
0.48059 14907.3
0.48060 14907.3
0.48061 14907.3
0.48062 14907.3
0.48063 14907.3
0.48064 14907.3
0.48065 14907.3
0.48066 14907.3
0.48067 14907.3
0.48068 14907.3
0.48069 14907.3
0.48070 14907.3
0.48071 14907.3
0.48072 14907.3
0.48073 14907.3
0.48074 14907.3
0.48075 14907.3
0.48076 14907.3
0.48077 14907.3
0.48078 14907.3
0.48079 14907.3
0.48080 14907.3
0.48081 14907.3
0.48082 14907.3
0.48083 14907.3
0.48084 14907.3
0.48085 14907.3
0.48086 14907.3
0.48087 14907.3
0.48088 14907.3
0.48089 14907.3
0.48090 14907.3
0.48091 14907.3
0.48092 14907.3
0.48093 14907.3
0.48094 14907.3
0.48095 14907.3
0.48096 14907.3
0.48097 14907.3
0.48098 14907.3
0.48099 14907.3
0.48100 14907.3
0.48101 14907.3
0.48102 14907.3
0.48103 14907.3
0.48104 14907.3
0.48105 14907.3
0.48106 14907.3
0.48107 14907.3
0.48108 14907.3
0.48109 14907.3
0.48110 14907.3
0.48111 14907.3
0.48112 14907.3
0.48113 14907.3
0.48114 14907.3
0.48115 14907.3
0.48116 14907.3
0.48117 14907.3
0.48118 14907.3
0.48119 14907.3
0.48120 14907.3
0.48121 14907.3
0.48122 14907.3
0.48123 14907.3
0.48124 14907.3
0.48125 14907.3
0.48126 14907.3
0.48127 14907.3
0.48128 14907.3
0.48129 14907.3
0.48130 14907.3
0.48131 14907.3
0.48132 14907.3
0.48133 14907.3
0.48134 14907.3
0.48135 14907.3
0.48136 14907.3
0.48137 14907.3
0.48138 14907.3
0.48139 14907.3
0.48140 14907.3
0.48141 14907.3
0.48142 14907.3
0.48143 14907.3
0.48144 14907.3
0.48145 14907.3
0.48146 14907.3
0.48147 14907.3
0.48148 14907.3
0.48149 14907.3
0.48150 14907.3
0.48151 14907.3
0.48152 14907.3
0.48153 14907.3
0.48154 14907.3
0.48155 14907.3
0.48156 14907.3
0.48157 14907.3
0.48158 14907.3
0.48159 14907.3
0.48160 14907.3
0.48161 14907.3
0.48162 14907.3
0.48163 14907.3
0.48164 14907.3
0.48165 14907.3
0.48166 14907.3
0.48167 14907.3
0.48168 14907.3
0.48169 14907.3
0.48170 14907.3
0.48171 14907.3
0.48172 14907.3
0.48173 14907.3
0.48174 14907.3
0.48175 14907.3
0.48176 14907.3
0.48177 14907.3
0.48178 14907.3
0.48179 14907.3
0.48180 14907.3
0.48181 14907.3
0.48182 14907.3
0.48183 14907.3
0.48184 14907.3
0.48185 14907.3
0.48186 14907.3
0.48187 14907.3
0.48188 14907.3
0.48189 14907.3
0.48190 14907.3
0.48191 14907.3
0.48192 14907.3
0.48193 14907.3
0.48194 14907.3
0.48195 14907.3
0.48196 14907.3
0.48197 14907.3
0.48198 14907.3
0.48199 14907.3
0.48200 14907.3
0.48201 14907.3
0.48202 14907.3
0.48203 14907.3
0.48204 14907.3
0.48205 14907.3
0.48206 14907.3
0.48207 14907.3
0.48208 14907.3
0.48209 14907.3
0.48210 14907.3
0.48211 14907.3
0.48212 14907.3
0.48213 14907.3
0.48214 14907.3
0.48215 14907.3
0.48216 14907.3
0.48217 14907.3
0.48218 14907.3
0.48219 14907.3
0.48220 14907.3
0.48221 14907.3
0.48222 14907.3
0.48223 14907.3
0.48224 14907.3
0.48225 14907.3
0.48226 14907.3
0.48227 14907.3
0.48228 14907.3
0.48229 14907.3
0.48230 14907.3
0.48231 14907.3
0.48232 14907.3
0.48233 14907.3
0.48234 14907.3
0.48235 14907.3
0.48236 14907.3
0.48237 14907.3
0.48238 14907.3
0.48239 14907.3
0.48240 14907.3
0.48241 14907.3
0.48242 14907.3
0.48243 14907.3
0.48244 14907.3
0.48245 14907.3
0.48246 14907.3
0.48247 14907.3
0.48248 14907.3
0.48249 14907.3
0.48250 14907.3
0.48251 14907.3
0.48252 14907.3
0.48253 14907.3
0.48254 14907.3
0.48255 14907.3
0.48256 14907.3
0.48257 14907.3
0.48258 14907.3
0.48259 14907.3
0.48260 14907.3
0.48261 14907.3
0.48262 14907.3
0.48263 14907.3
0.48264 14907.3
0.48265 14907.3
0.48266 14907.3
0.48267 14907.3
0.48268 14907.3
0.48269 14907.3
0.48270 14907.3
0.48271 14907.3
0.48272 14907.3
0.48273 14907.3
0.48274 14907.3
0.48275 14907.3
0.48276 14907.3
0.48277 14907.3
0.48278 14907.3
0.48279 14907.3
0.48280 14907.3
0.48281 14907.3
0.48282 14907.3
0.48283 14907.3
0.48284 14907.3
0.48285 14907.3
0.48286 14907.3
0.48287 14907.3
0.48288 14907.3
0.48289 14907.3
0.48290 14907.3
0.48291 14907.3
0.48292 14907.3
0.48293 14907.3
0.48294 14907.3
0.48295 14907.3
0.48296 14907.3
0.48297 14907.3
0.48298 14907.3
0.48299 14907.3
0.48300 14907.3
0.48301 14907.3
0.48302 14907.3
0.48303 14907.3
0.48304 14907.3
0.48305 14907.3
0.48306 14907.3
0.48307 14907.3
0.48308 14907.3
0.48309 14907.3
0.48310 14907.3
0.48311 14907.3
0.48312 14907.3
0.48313 14907.3
0.48314 14907.3
0.48315 14907.3
0.48316 14907.3
0.48317 14907.3
0.48318 14907.3
0.48319 14907.3
0.48320 14907.3
0.48321 14907.3
0.48322 14907.3
0.48323 14907.3
0.48324 14907.3
0.48325 14907.3
0.48326 14907.3
0.48327 14907.3
0.48328 14907.3
0.48329 14907.3
0.48330 14907.3
0.48331 14907.3
0.48332 14907.3
0.48333 14907.3
0.48334 14907.3
0.48335 14907.3
0.48336 14907.3
0.48337 14907.3
0.48338 14907.3
0.48339 14907.3
0.48340 14907.3
0.48341 14907.3
0.48342 14907.3
0.48343 14907.3
0.48344 14907.3
0.48345 14907.3
0.48346 14907.3
0.48347 14907.3
0.48348 14907.3
0.48349 14907.3
0.48350 14907.3
0.48351 14907.3
0.48352 14907.3
0.48353 14907.3
0.48354 14907.3
0.48355 14907.3
0.48356 14907.3
0.48357 14907.3
0.48358 14907.3
0.48359 14907.3
0.48360 14907.3
0.48361 14907.3
0.48362 14907.3
0.48363 14907.3
0.48364 14907.3
0.48365 14907.3
0.48366 14907.3
0.48367 14907.3
0.48368 14907.3
0.48369 14907.3
0.48370 14907.3
0.48371 14907.3
0.48372 14907.3
0.48373 14907.3
0.48374 14907.3
0.48375 14907.3
0.48376 14907.3
0.48377 14907.3
0.48378 14907.3
0.48379 14907.3
0.48380 14907.3
0.48381 14907.3
0.48382 14907.3
0.48383 14907.3
0.48384 14907.3
0.48385 14907.3
0.48386 14907.3
0.48387 14907.3
0.48388 14907.3
0.48389 14907.3
0.48390 14907.3
0.48391 14907.3
0.48392 14907.3
0.48393 14907.3
0.48394 14907.3
0.48395 14907.3
0.48396 14907.3
0.48397 14907.3
0.48398 14907.3
0.48399 14907.3
0.48400 14907.3
0.48401 14907.3
0.48402 14907.3
0.48403 14907.3
0.48404 14907.3
0.48405 14907.3
0.48406 14907.3
0.48407 14907.3
0.48408 14907.3
0.48409 14907.3
0.48410 14907.3
0.48411 14907.3
0.48412 14907.3
0.48413 14907.3
0.48414 14907.3
0.48415 14907.3
0.48416 14907.3
0.48417 14907.3
0.48418 14907.3
0.48419 14907.3
0.48420 14907.3
0.48421 14907.3
0.48422 14907.3
0.48423 14907.3
0.48424 14907.3
0.48425 14907.3
0.48426 14907.3
0.48427 14907.3
0.48428 14907.3
0.48429 14907.3
0.48430 14907.3
0.48431 14907.3
0.48432 14907.3
0.48433 14907.3
0.48434 14907.3
0.48435 14907.3
0.48436 14907.3
0.48437 14907.3
0.48438 14907.3
0.48439 14907.3
0.48440 14907.3
0.48441 14907.3
0.48442 14907.3
0.48443 14907.3
0.48444 14907.3
0.48445 14907.3
0.48446 14907.3
0.48447 14907.3
0.48448 14907.3
0.48449 14907.3
0.48450 14907.3
0.48451 14907.3
0.48452 14907.3
0.48453 14907.3
0.48454 14907.3
0.48455 14907.3
0.48456 14907.3
0.48457 14907.3
0.48458 14907.3
0.48459 14907.3
0.48460 14907.3
0.48461 14907.3
0.48462 14907.3
0.48463 14907.3
0.48464 14907.3
0.48465 14907.3
0.48466 14907.3
0.48467 14907.3
0.48468 14907.3
0.48469 14907.3
0.48470 14907.3
0.48471 14907.3
0.48472 14907.3
0.48473 14907.3
0.48474 14907.3
0.48475 14907.3
0.48476 14907.3
0.48477 14907.3
0.48478 14907.3
0.48479 14907.3
0.48480 14907.3
0.48481 14907.3
0.48482 14907.3
0.48483 14907.3
0.48484 14907.3
0.48485 14907.3
0.48486 14907.3
0.48487 14907.3
0.48488 14907.3
0.48489 14907.3
0.48490 14907.3
0.48491 14907.3
0.48492 14907.3
0.48493 14907.3
0.48494 14907.3
0.48495 14907.3
0.48496 14907.3
0.48497 14907.3
0.48498 14907.3
0.48499 14907.3
0.48500 14907.3
0.48501 14907.3
0.48502 14907.3
0.48503 14907.3
0.48504 14907.3
0.48505 14907.3
0.48506 14907.3
0.48507 14907.3
0.48508 14907.3
0.48509 14907.3
0.48510 14907.3
0.48511 14907.3
0.48512 14907.3
0.48513 14907.3
0.48514 14907.3
0.48515 14907.3
0.48516 14907.3
0.48517 14907.3
0.48518 14907.3
0.48519 14907.3
0.48520 14907.3
0.48521 14907.3
0.48522 14907.3
0.48523 14907.3
0.48524 14907.3
0.48525 14907.3
0.48526 14907.3
0.48527 14907.3
0.48528 14907.3
0.48529 14907.3
0.48530 14907.3
0.48531 14907.3
0.48532 14907.3
0.48533 14907.3
0.48534 14907.3
0.48535 14907.3
0.48536 14907.3
0.48537 14907.3
0.48538 14907.3
0.48539 14907.3
0.48540 14907.3
0.48541 14907.3
0.48542 14907.3
0.48543 14907.3
0.48544 14907.3
0.48545 14907.3
0.48546 14907.3
0.48547 14907.3
0.48548 14907.3
0.48549 14907.3
0.48550 14907.3
0.48551 14907.3
0.48552 14907.3
0.48553 14907.3
0.48554 14907.3
0.48555 14907.3
0.48556 14907.3
0.48557 14907.3
0.48558 14907.3
0.48559 14907.3
0.48560 14907.3
0.48561 14907.3
0.48562 14907.3
0.48563 14907.3
0.48564 14907.3
0.48565 14907.3
0.48566 14907.3
0.48567 14907.3
0.48568 14907.3
0.48569 14907.3
0.48570 14907.3
0.48571 14907.3
0.48572 14907.3
0.48573 14907.3
0.48574 14907.3
0.48575 14907.3
0.48576 14907.3
0.48577 14907.3
0.48578 14907.3
0.48579 14907.3
0.48580 14907.3
0.48581 14907.3
0.48582 14907.3
0.48583 14907.3
0.48584 14907.3
0.48585 14907.3
0.48586 14907.3
0.48587 14907.3
0.48588 14907.3
0.48589 14907.3
0.48590 14907.3
0.48591 14907.3
0.48592 14907.3
0.48593 14907.3
0.48594 14907.3
0.48595 14907.3
0.48596 14907.3
0.48597 14907.3
0.48598 14907.3
0.48599 14907.3
0.48600 14907.3
0.48601 14907.3
0.48602 14907.3
0.48603 14907.3
0.48604 14907.3
0.48605 14907.3
0.48606 14907.3
0.48607 14907.3
0.48608 14907.3
0.48609 14907.3
0.48610 14907.3
0.48611 14907.3
0.48612 14907.3
0.48613 14907.3
0.48614 14907.3
0.48615 14907.3
0.48616 14907.3
0.48617 14907.3
0.48618 14907.3
0.48619 14907.3
0.48620 14907.3
0.48621 14907.3
0.48622 14907.3
0.48623 14907.3
0.48624 14907.3
0.48625 14907.3
0.48626 14907.3
0.48627 14907.3
0.48628 14907.3
0.48629 14907.3
0.48630 14907.3
0.48631 14907.3
0.48632 14907.3
0.48633 14907.3
0.48634 14907.3
0.48635 14907.3
0.48636 14907.3
0.48637 14907.3
0.48638 14907.3
0.48639 14907.3
0.48640 14907.3
0.48641 14907.3
0.48642 14907.3
0.48643 14907.3
0.48644 14907.3
0.48645 14907.3
0.48646 14907.3
0.48647 14907.3
0.48648 14907.3
0.48649 14907.3
0.48650 14907.3
0.48651 14907.3
0.48652 14907.3
0.48653 14907.3
0.48654 14907.3
0.48655 14907.3
0.48656 14907.3
0.48657 14907.3
0.48658 14907.3
0.48659 14907.3
0.48660 14907.3
0.48661 14907.3
0.48662 14907.3
0.48663 14907.3
0.48664 14907.3
0.48665 14907.3
0.48666 14907.3
0.48667 14907.3
0.48668 14907.3
0.48669 14907.3
0.48670 14907.3
0.48671 14907.3
0.48672 14907.3
0.48673 14907.3
0.48674 14907.3
0.48675 14907.3
0.48676 14907.3
0.48677 14907.3
0.48678 14907.3
0.48679 14907.3
0.48680 14907.3
0.48681 14907.3
0.48682 14907.3
0.48683 14907.3
0.48684 14907.3
0.48685 14907.3
0.48686 14907.3
0.48687 14907.3
0.48688 14907.3
0.48689 14907.3
0.48690 14907.3
0.48691 14907.3
0.48692 14907.3
0.48693 14907.3
0.48694 14907.3
0.48695 14907.3
0.48696 14907.3
0.48697 14907.3
0.48698 14907.3
0.48699 14907.3
0.48700 14907.3
0.48701 14907.3
0.48702 14907.3
0.48703 14907.3
0.48704 14907.3
0.48705 14907.3
0.48706 14907.3
0.48707 14907.3
0.48708 14907.3
0.48709 14907.3
0.48710 14907.3
0.48711 14907.3
0.48712 14907.3
0.48713 14907.3
0.48714 14907.3
0.48715 14907.3
0.48716 14907.3
0.48717 14907.3
0.48718 14907.3
0.48719 14907.3
0.48720 14907.3
0.48721 14907.3
0.48722 14907.3
0.48723 14907.3
0.48724 14907.3
0.48725 14907.3
0.48726 14907.3
0.48727 14907.3
0.48728 14907.3
0.48729 14907.3
0.48730 14907.3
0.48731 14907.3
0.48732 14907.3
0.48733 14907.3
0.48734 14907.3
0.48735 14907.3
0.48736 14907.3
0.48737 14907.3
0.48738 14907.3
0.48739 14907.3
0.48740 14907.3
0.48741 14907.3
0.48742 14907.3
0.48743 14907.3
0.48744 14907.3
0.48745 14907.3
0.48746 14907.3
0.48747 14907.3
0.48748 14907.3
0.48749 14907.3
0.48750 14907.3
0.48751 14907.3
0.48752 14907.3
0.48753 14907.3
0.48754 14907.3
0.48755 14907.3
0.48756 14907.3
0.48757 14907.3
0.48758 14907.3
0.48759 14907.3
0.48760 14907.3
0.48761 14907.3
0.48762 14907.3
0.48763 14907.3
0.48764 14907.3
0.48765 14907.3
0.48766 14907.3
0.48767 14907.3
0.48768 14907.3
0.48769 14907.3
0.48770 14907.3
0.48771 14907.3
0.48772 14907.3
0.48773 14907.3
0.48774 14907.3
0.48775 14907.3
0.48776 14907.3
0.48777 14907.3
0.48778 14907.3
0.48779 14907.3
0.48780 14907.3
0.48781 14907.3
0.48782 14907.3
0.48783 14907.3
0.48784 14907.3
0.48785 14907.3
0.48786 14907.3
0.48787 14907.3
0.48788 14907.3
0.48789 14907.3
0.48790 14907.3
0.48791 14907.3
0.48792 14907.3
0.48793 14907.3
0.48794 14907.3
0.48795 14907.3
0.48796 14907.3
0.48797 14907.3
0.48798 14907.3
0.48799 14907.3
0.48800 14907.3
0.48801 14907.3
0.48802 14907.3
0.48803 14907.3
0.48804 14907.3
0.48805 14907.3
0.48806 14907.3
0.48807 14907.3
0.48808 14907.3
0.48809 14907.3
0.48810 14907.3
0.48811 14907.3
0.48812 14907.3
0.48813 14907.3
0.48814 14907.3
0.48815 14907.3
0.48816 14907.3
0.48817 14907.3
0.48818 14907.3
0.48819 14907.3
0.48820 14907.3
0.48821 14907.3
0.48822 14907.3
0.48823 14907.3
0.48824 14907.3
0.48825 14907.3
0.48826 14907.3
0.48827 14907.3
0.48828 14907.3
0.48829 14907.3
0.48830 14907.3
0.48831 14907.3
0.48832 14907.3
0.48833 14907.3
0.48834 14907.3
0.48835 14907.3
0.48836 14907.3
0.48837 14907.3
0.48838 14907.3
0.48839 14907.3
0.48840 14907.3
0.48841 14907.3
0.48842 14907.3
0.48843 14907.3
0.48844 14907.3
0.48845 14907.3
0.48846 14907.3
0.48847 14907.3
0.48848 14907.3
0.48849 14907.3
0.48850 14907.3
0.48851 14907.3
0.48852 14907.3
0.48853 14907.3
0.48854 14907.3
0.48855 14907.3
0.48856 14907.3
0.48857 14907.3
0.48858 14907.3
0.48859 14907.3
0.48860 14907.3
0.48861 14907.3
0.48862 14907.3
0.48863 14907.3
0.48864 14907.3
0.48865 14907.3
0.48866 14907.3
0.48867 14907.3
0.48868 14907.3
0.48869 14907.3
0.48870 14907.3
0.48871 14907.3
0.48872 14907.3
0.48873 14907.3
0.48874 14907.3
0.48875 14907.3
0.48876 14907.3
0.48877 14907.3
0.48878 14907.3
0.48879 14907.3
0.48880 14907.3
0.48881 14907.3
0.48882 14907.3
0.48883 14907.3
0.48884 14907.3
0.48885 14907.3
0.48886 14907.3
0.48887 14907.3
0.48888 14907.3
0.48889 14907.3
0.48890 14907.3
0.48891 14907.3
0.48892 14907.3
0.48893 14907.3
0.48894 14907.3
0.48895 14907.3
0.48896 14907.3
0.48897 14907.3
0.48898 14907.3
0.48899 14907.3
0.48900 14907.3
0.48901 14907.3
0.48902 14907.3
0.48903 14907.3
0.48904 14907.3
0.48905 14907.3
0.48906 14907.3
0.48907 14907.3
0.48908 14907.3
0.48909 14907.3
0.48910 14907.3
0.48911 14907.3
0.48912 14907.3
0.48913 14907.3
0.48914 14907.3
0.48915 14907.3
0.48916 14907.3
0.48917 14907.3
0.48918 14907.3
0.48919 14907.3
0.48920 14907.3
0.48921 14907.3
0.48922 14907.3
0.48923 14907.3
0.48924 14907.3
0.48925 14907.3
0.48926 14907.3
0.48927 14907.3
0.48928 14907.3
0.48929 14907.3
0.48930 14907.3
0.48931 14907.3
0.48932 14907.3
0.48933 14907.3
0.48934 14907.3
0.48935 14907.3
0.48936 14907.3
0.48937 14907.3
0.48938 14907.3
0.48939 14907.3
0.48940 14907.3
0.48941 14907.3
0.48942 14907.3
0.48943 14907.3
0.48944 14907.3
0.48945 14907.3
0.48946 14907.3
0.48947 14907.3
0.48948 14907.3
0.48949 14907.3
0.48950 14907.3
0.48951 14907.3
0.48952 14907.3
0.48953 14907.3
0.48954 14907.3
0.48955 14907.3
0.48956 14907.3
0.48957 14907.3
0.48958 14907.3
0.48959 14907.3
0.48960 14907.3
0.48961 14907.3
0.48962 14907.3
0.48963 14907.3
0.48964 14907.3
0.48965 14907.3
0.48966 14907.3
0.48967 14907.3
0.48968 14907.3
0.48969 14907.3
0.48970 14907.3
0.48971 14907.3
0.48972 14907.3
0.48973 14907.3
0.48974 14907.3
0.48975 14907.3
0.48976 14907.3
0.48977 14907.3
0.48978 14907.3
0.48979 14907.3
0.48980 14907.3
0.48981 14907.3
0.48982 14907.3
0.48983 14907.3
0.48984 14907.3
0.48985 14907.3
0.48986 14907.3
0.48987 14907.3
0.48988 14907.3
0.48989 14907.3
0.48990 14907.3
0.48991 14907.3
0.48992 14907.3
0.48993 14907.3
0.48994 14907.3
0.48995 14907.3
0.48996 14907.3
0.48997 14907.3
0.48998 14907.3
0.48999 14907.3
0.49000 14907.3
0.49001 14907.3
0.49002 14907.3
0.49003 14907.3
0.49004 14907.3
0.49005 14907.3
0.49006 14907.3
0.49007 14907.3
0.49008 14907.3
0.49009 14907.3
0.49010 14907.3
0.49011 14907.3
0.49012 14907.3
0.49013 14907.3
0.49014 14907.3
0.49015 14907.3
0.49016 14907.3
0.49017 14907.3
0.49018 14907.3
0.49019 14907.3
0.49020 14907.3
0.49021 14907.3
0.49022 14907.3
0.49023 14907.3
0.49024 14907.3
0.49025 14907.3
0.49026 14907.3
0.49027 14907.3
0.49028 14907.3
0.49029 14907.3
0.49030 14907.3
0.49031 14907.3
0.49032 14907.3
0.49033 14907.3
0.49034 14907.3
0.49035 14907.3
0.49036 14907.3
0.49037 14907.3
0.49038 14907.3
0.49039 14907.3
0.49040 14907.3
0.49041 14907.3
0.49042 14907.3
0.49043 14907.3
0.49044 14907.3
0.49045 14907.3
0.49046 14907.3
0.49047 14907.3
0.49048 14907.3
0.49049 14907.3
0.49050 14907.3
0.49051 14907.3
0.49052 14907.3
0.49053 14907.3
0.49054 14907.3
0.49055 14907.3
0.49056 14907.3
0.49057 14907.3
0.49058 14907.3
0.49059 14907.3
0.49060 14907.3
0.49061 14907.3
0.49062 14907.3
0.49063 14907.3
0.49064 14907.3
0.49065 14907.3
0.49066 14907.3
0.49067 14907.3
0.49068 14907.3
0.49069 14907.3
0.49070 14907.3
0.49071 14907.3
0.49072 14907.3
0.49073 14907.3
0.49074 14907.3
0.49075 14907.3
0.49076 14907.3
0.49077 14907.3
0.49078 14907.3
0.49079 14907.3
0.49080 14907.3
0.49081 14907.3
0.49082 14907.3
0.49083 14907.3
0.49084 14907.3
0.49085 14907.3
0.49086 14907.3
0.49087 14907.3
0.49088 14907.3
0.49089 14907.3
0.49090 14907.3
0.49091 14907.3
0.49092 14907.3
0.49093 14907.3
0.49094 14907.3
0.49095 14907.3
0.49096 14907.3
0.49097 14907.3
0.49098 14907.3
0.49099 14907.3
0.49100 14907.3
0.49101 14907.3
0.49102 14907.3
0.49103 14907.3
0.49104 14907.3
0.49105 14907.3
0.49106 14907.3
0.49107 14907.3
0.49108 14907.3
0.49109 14907.3
0.49110 14907.3
0.49111 14907.3
0.49112 14907.3
0.49113 14907.3
0.49114 14907.3
0.49115 14907.3
0.49116 14907.3
0.49117 14907.3
0.49118 14907.3
0.49119 14907.3
0.49120 14907.3
0.49121 14907.3
0.49122 14907.3
0.49123 14907.3
0.49124 14907.3
0.49125 14907.3
0.49126 14907.3
0.49127 14907.3
0.49128 14907.3
0.49129 14907.3
0.49130 14907.3
0.49131 14907.3
0.49132 14907.3
0.49133 14907.3
0.49134 14907.3
0.49135 14907.3
0.49136 14907.3
0.49137 14907.3
0.49138 14907.3
0.49139 14907.3
0.49140 14907.3
0.49141 14907.3
0.49142 14907.3
0.49143 14907.3
0.49144 14907.3
0.49145 14907.3
0.49146 14907.3
0.49147 14907.3
0.49148 14907.3
0.49149 14907.3
0.49150 14907.3
0.49151 14907.3
0.49152 14907.3
0.49153 14907.3
0.49154 14907.3
0.49155 14907.3
0.49156 14907.3
0.49157 14907.3
0.49158 14907.3
0.49159 14907.3
0.49160 14907.3
0.49161 14907.3
0.49162 14907.3
0.49163 14907.3
0.49164 14907.3
0.49165 14907.3
0.49166 14907.3
0.49167 14907.3
0.49168 14907.3
0.49169 14907.3
0.49170 14907.3
0.49171 14907.3
0.49172 14907.3
0.49173 14907.3
0.49174 14907.3
0.49175 14907.3
0.49176 14907.3
0.49177 14907.3
0.49178 14907.3
0.49179 14907.3
0.49180 14907.3
0.49181 14907.3
0.49182 14907.3
0.49183 14907.3
0.49184 14907.3
0.49185 14907.3
0.49186 14907.3
0.49187 14907.3
0.49188 14907.3
0.49189 14907.3
0.49190 14907.3
0.49191 14907.3
0.49192 14907.3
0.49193 14907.3
0.49194 14907.3
0.49195 14907.3
0.49196 14907.3
0.49197 14907.3
0.49198 14907.3
0.49199 14907.3
0.49200 14907.3
0.49201 14907.3
0.49202 14907.3
0.49203 14907.3
0.49204 14907.3
0.49205 14907.3
0.49206 14907.3
0.49207 14907.3
0.49208 14907.3
0.49209 14907.3
0.49210 14907.3
0.49211 14907.3
0.49212 14907.3
0.49213 14907.3
0.49214 14907.3
0.49215 14907.3
0.49216 14907.3
0.49217 14907.3
0.49218 14907.3
0.49219 14907.3
0.49220 14907.3
0.49221 14907.3
0.49222 14907.3
0.49223 14907.3
0.49224 14907.3
0.49225 14907.3
0.49226 14907.3
0.49227 14907.3
0.49228 14907.3
0.49229 14907.3
0.49230 14907.3
0.49231 14907.3
0.49232 14907.3
0.49233 14907.3
0.49234 14907.3
0.49235 14907.3
0.49236 14907.3
0.49237 14907.3
0.49238 14907.3
0.49239 14907.3
0.49240 14907.3
0.49241 14907.3
0.49242 14907.3
0.49243 14907.3
0.49244 14907.3
0.49245 14907.3
0.49246 14907.3
0.49247 14907.3
0.49248 14907.3
0.49249 14907.3
0.49250 14907.3
0.49251 14907.3
0.49252 14907.3
0.49253 14907.3
0.49254 14907.3
0.49255 14907.3
0.49256 14907.3
0.49257 14907.3
0.49258 14907.3
0.49259 14907.3
0.49260 14907.3
0.49261 14907.3
0.49262 14907.3
0.49263 14907.3
0.49264 14907.3
0.49265 14907.3
0.49266 14907.3
0.49267 14907.3
0.49268 14907.3
0.49269 14907.3
0.49270 14907.3
0.49271 14907.3
0.49272 14907.3
0.49273 14907.3
0.49274 14907.3
0.49275 14907.3
0.49276 14907.3
0.49277 14907.3
0.49278 14907.3
0.49279 14907.3
0.49280 14907.3
0.49281 14907.3
0.49282 14907.3
0.49283 14907.3
0.49284 14907.3
0.49285 14907.3
0.49286 14907.3
0.49287 14907.3
0.49288 14907.3
0.49289 14907.3
0.49290 14907.3
0.49291 14907.3
0.49292 14907.3
0.49293 14907.3
0.49294 14907.3
0.49295 14907.3
0.49296 14907.3
0.49297 14907.3
0.49298 14907.3
0.49299 14907.3
0.49300 14907.3
0.49301 14907.3
0.49302 14907.3
0.49303 14907.3
0.49304 14907.3
0.49305 14907.3
0.49306 14907.3
0.49307 14907.3
0.49308 14907.3
0.49309 14907.3
0.49310 14907.3
0.49311 14907.3
0.49312 14907.3
0.49313 14907.3
0.49314 14907.3
0.49315 14907.3
0.49316 14907.3
0.49317 14907.3
0.49318 14907.3
0.49319 14907.3
0.49320 14907.3
0.49321 14907.3
0.49322 14907.3
0.49323 14907.3
0.49324 14907.3
0.49325 14907.3
0.49326 14907.3
0.49327 14907.3
0.49328 14907.3
0.49329 14907.3
0.49330 14907.3
0.49331 14907.3
0.49332 14907.3
0.49333 14907.3
0.49334 14907.3
0.49335 14907.3
0.49336 14907.3
0.49337 14907.3
0.49338 14907.3
0.49339 14907.3
0.49340 14907.3
0.49341 14907.3
0.49342 14907.3
0.49343 14907.3
0.49344 14907.3
0.49345 14907.3
0.49346 14907.3
0.49347 14907.3
0.49348 14907.3
0.49349 14907.3
0.49350 14907.3
0.49351 14907.3
0.49352 14907.3
0.49353 14907.3
0.49354 14907.3
0.49355 14907.3
0.49356 14907.3
0.49357 14907.3
0.49358 14907.3
0.49359 14907.3
0.49360 14907.3
0.49361 14907.3
0.49362 14907.3
0.49363 14907.3
0.49364 14907.3
0.49365 14907.3
0.49366 14907.3
0.49367 14907.3
0.49368 14907.3
0.49369 14907.3
0.49370 14907.3
0.49371 14907.3
0.49372 14907.3
0.49373 14907.3
0.49374 14907.3
0.49375 14907.3
0.49376 14907.3
0.49377 14907.3
0.49378 14907.3
0.49379 14907.3
0.49380 14907.3
0.49381 14907.3
0.49382 14907.3
0.49383 14907.3
0.49384 14907.3
0.49385 14907.3
0.49386 14907.3
0.49387 14907.3
0.49388 14907.3
0.49389 14907.3
0.49390 14907.3
0.49391 14907.3
0.49392 14907.3
0.49393 14907.3
0.49394 14907.3
0.49395 14907.3
0.49396 14907.3
0.49397 14907.3
0.49398 14907.3
0.49399 14907.3
0.49400 14907.3
0.49401 14907.3
0.49402 14907.3
0.49403 14907.3
0.49404 14907.3
0.49405 14907.3
0.49406 14907.3
0.49407 14907.3
0.49408 14907.3
0.49409 14907.3
0.49410 14907.3
0.49411 14907.3
0.49412 14907.3
0.49413 14907.3
0.49414 14907.3
0.49415 14907.3
0.49416 14907.3
0.49417 14907.3
0.49418 14907.3
0.49419 14907.3
0.49420 14907.3
0.49421 14907.3
0.49422 14907.3
0.49423 14907.3
0.49424 14907.3
0.49425 14907.3
0.49426 14907.3
0.49427 14907.3
0.49428 14907.3
0.49429 14907.3
0.49430 14907.3
0.49431 14907.3
0.49432 14907.3
0.49433 14907.3
0.49434 14907.3
0.49435 14907.3
0.49436 14907.3
0.49437 14907.3
0.49438 14907.3
0.49439 14907.3
0.49440 14907.3
0.49441 14907.3
0.49442 14907.3
0.49443 14907.3
0.49444 14907.3
0.49445 14907.3
0.49446 14907.3
0.49447 14907.3
0.49448 14907.3
0.49449 14907.3
0.49450 14907.3
0.49451 14907.3
0.49452 14907.3
0.49453 14907.3
0.49454 14907.3
0.49455 14907.3
0.49456 14907.3
0.49457 14907.3
0.49458 14907.3
0.49459 14907.3
0.49460 14907.3
0.49461 14907.3
0.49462 14907.3
0.49463 14907.3
0.49464 14907.3
0.49465 14907.3
0.49466 14907.3
0.49467 14907.3
0.49468 14907.3
0.49469 14907.3
0.49470 14907.3
0.49471 14907.3
0.49472 14907.3
0.49473 14907.3
0.49474 14907.3
0.49475 14907.3
0.49476 14907.3
0.49477 14907.3
0.49478 14907.3
0.49479 14907.3
0.49480 14907.3
0.49481 14907.3
0.49482 14907.3
0.49483 14907.3
0.49484 14907.3
0.49485 14907.3
0.49486 14907.3
0.49487 14907.3
0.49488 14907.3
0.49489 14907.3
0.49490 14907.3
0.49491 14907.3
0.49492 14907.3
0.49493 14907.3
0.49494 14907.3
0.49495 14907.3
0.49496 14907.3
0.49497 14907.3
0.49498 14907.3
0.49499 14907.3
0.49500 14907.3
0.49501 14907.3
0.49502 14907.3
0.49503 14907.3
0.49504 14907.3
0.49505 14907.3
0.49506 14907.3
0.49507 14907.3
0.49508 14907.3
0.49509 14907.3
0.49510 14907.3
0.49511 14907.3
0.49512 14907.3
0.49513 14907.3
0.49514 14907.3
0.49515 14907.3
0.49516 14907.3
0.49517 14907.3
0.49518 14907.3
0.49519 14907.3
0.49520 14907.3
0.49521 14907.3
0.49522 14907.3
0.49523 14907.3
0.49524 14907.3
0.49525 14907.3
0.49526 14907.3
0.49527 14907.3
0.49528 14907.3
0.49529 14907.3
0.49530 14907.3
0.49531 14907.3
0.49532 14907.3
0.49533 14907.3
0.49534 14907.3
0.49535 14907.3
0.49536 14907.3
0.49537 14907.3
0.49538 14907.3
0.49539 14907.3
0.49540 14907.3
0.49541 14907.3
0.49542 14907.3
0.49543 14907.3
0.49544 14907.3
0.49545 14907.3
0.49546 14907.3
0.49547 14907.3
0.49548 14907.3
0.49549 14907.3
0.49550 14907.3
0.49551 14907.3
0.49552 14907.3
0.49553 14907.3
0.49554 14907.3
0.49555 14907.3
0.49556 14907.3
0.49557 14907.3
0.49558 14907.3
0.49559 14907.3
0.49560 14907.3
0.49561 14907.3
0.49562 14907.3
0.49563 14907.3
0.49564 14907.3
0.49565 14907.3
0.49566 14907.3
0.49567 14907.3
0.49568 14907.3
0.49569 14907.3
0.49570 14907.3
0.49571 14907.3
0.49572 14907.3
0.49573 14907.3
0.49574 14907.3
0.49575 14907.3
0.49576 14907.3
0.49577 14907.3
0.49578 14907.3
0.49579 14907.3
0.49580 14907.3
0.49581 14907.3
0.49582 14907.3
0.49583 14907.3
0.49584 14907.3
0.49585 14907.3
0.49586 14907.3
0.49587 14907.3
0.49588 14907.3
0.49589 14907.3
0.49590 14907.3
0.49591 14907.3
0.49592 14907.3
0.49593 14907.3
0.49594 14907.3
0.49595 14907.3
0.49596 14907.3
0.49597 14907.3
0.49598 14907.3
0.49599 14907.3
0.49600 14907.3
0.49601 14907.3
0.49602 14907.3
0.49603 14907.3
0.49604 14907.3
0.49605 14907.3
0.49606 14907.3
0.49607 14907.3
0.49608 14907.3
0.49609 14907.3
0.49610 14907.3
0.49611 14907.3
0.49612 14907.3
0.49613 14907.3
0.49614 14907.3
0.49615 14907.3
0.49616 14907.3
0.49617 14907.3
0.49618 14907.3
0.49619 14907.3
0.49620 14907.3
0.49621 14907.3
0.49622 14907.3
0.49623 14907.3
0.49624 14907.3
0.49625 14907.3
0.49626 14907.3
0.49627 14907.3
0.49628 14907.3
0.49629 14907.3
0.49630 14907.3
0.49631 14907.3
0.49632 14907.3
0.49633 14907.3
0.49634 14907.3
0.49635 14907.3
0.49636 14907.3
0.49637 14907.3
0.49638 14907.3
0.49639 14907.3
0.49640 14907.3
0.49641 14907.3
0.49642 14907.3
0.49643 14907.3
0.49644 14907.3
0.49645 14907.3
0.49646 14907.3
0.49647 14907.3
0.49648 14907.3
0.49649 14907.3
0.49650 14907.3
0.49651 14907.3
0.49652 14907.3
0.49653 14907.3
0.49654 14907.3
0.49655 14907.3
0.49656 14907.3
0.49657 14907.3
0.49658 14907.3
0.49659 14907.3
0.49660 14907.3
0.49661 14907.3
0.49662 14907.3
0.49663 14907.3
0.49664 14907.3
0.49665 14907.3
0.49666 14907.3
0.49667 14907.3
0.49668 14907.3
0.49669 14907.3
0.49670 14907.3
0.49671 14907.3
0.49672 14907.3
0.49673 14907.3
0.49674 14907.3
0.49675 14907.3
0.49676 14907.3
0.49677 14907.3
0.49678 14907.3
0.49679 14907.3
0.49680 14907.3
0.49681 14907.3
0.49682 14907.3
0.49683 14907.3
0.49684 14907.3
0.49685 14907.3
0.49686 14907.3
0.49687 14907.3
0.49688 14907.3
0.49689 14907.3
0.49690 14907.3
0.49691 14907.3
0.49692 14907.3
0.49693 14907.3
0.49694 14907.3
0.49695 14907.3
0.49696 14907.3
0.49697 14907.3
0.49698 14907.3
0.49699 14907.3
0.49700 14907.3
0.49701 14907.3
0.49702 14907.3
0.49703 14907.3
0.49704 14907.3
0.49705 14907.3
0.49706 14907.3
0.49707 14907.3
0.49708 14907.3
0.49709 14907.3
0.49710 14907.3
0.49711 14907.3
0.49712 14907.3
0.49713 14907.3
0.49714 14907.3
0.49715 14907.3
0.49716 14907.3
0.49717 14907.3
0.49718 14907.3
0.49719 14907.3
0.49720 14907.3
0.49721 14907.3
0.49722 14907.3
0.49723 14907.3
0.49724 14907.3
0.49725 14907.3
0.49726 14907.3
0.49727 14907.3
0.49728 14907.3
0.49729 14907.3
0.49730 14907.3
0.49731 14907.3
0.49732 14907.3
0.49733 14907.3
0.49734 14907.3
0.49735 14907.3
0.49736 14907.3
0.49737 14907.3
0.49738 14907.3
0.49739 14907.3
0.49740 14907.3
0.49741 14907.3
0.49742 14907.3
0.49743 14907.3
0.49744 14907.3
0.49745 14907.3
0.49746 14907.3
0.49747 14907.3
0.49748 14907.3
0.49749 14907.3
0.49750 14907.3
0.49751 14907.3
0.49752 14907.3
0.49753 14907.3
0.49754 14907.3
0.49755 14907.3
0.49756 14907.3
0.49757 14907.3
0.49758 14907.3
0.49759 14907.3
0.49760 14907.3
0.49761 14907.3
0.49762 14907.3
0.49763 14907.3
0.49764 14907.3
0.49765 14907.3
0.49766 14907.3
0.49767 14907.3
0.49768 14907.3
0.49769 14907.3
0.49770 14907.3
0.49771 14907.3
0.49772 14907.3
0.49773 14907.3
0.49774 14907.3
0.49775 14907.3
0.49776 14907.3
0.49777 14907.3
0.49778 14907.3
0.49779 14907.3
0.49780 14907.3
0.49781 14907.3
0.49782 14907.3
0.49783 14907.3
0.49784 14907.3
0.49785 14907.3
0.49786 14907.3
0.49787 14907.3
0.49788 14907.3
0.49789 14907.3
0.49790 14907.3
0.49791 14907.3
0.49792 14907.3
0.49793 14907.3
0.49794 14907.3
0.49795 14907.3
0.49796 14907.3
0.49797 14907.3
0.49798 14907.3
0.49799 14907.3
0.49800 14907.3
0.49801 14907.3
0.49802 14907.3
0.49803 14907.3
0.49804 14907.3
0.49805 14907.3
0.49806 14907.3
0.49807 14907.3
0.49808 14907.3
0.49809 14907.3
0.49810 14907.3
0.49811 14907.3
0.49812 14907.3
0.49813 14907.3
0.49814 14907.3
0.49815 14907.3
0.49816 14907.3
0.49817 14907.3
0.49818 14907.3
0.49819 14907.3
0.49820 14907.3
0.49821 14907.3
0.49822 14907.3
0.49823 14907.3
0.49824 14907.3
0.49825 14907.3
0.49826 14907.3
0.49827 14907.3
0.49828 14907.3
0.49829 14907.3
0.49830 14907.3
0.49831 14907.3
0.49832 14907.3
0.49833 14907.3
0.49834 14907.3
0.49835 14907.3
0.49836 14907.3
0.49837 14907.3
0.49838 14907.3
0.49839 14907.3
0.49840 14907.3
0.49841 14907.3
0.49842 14907.3
0.49843 14907.3
0.49844 14907.3
0.49845 14907.3
0.49846 14907.3
0.49847 14907.3
0.49848 14907.3
0.49849 14907.3
0.49850 14907.3
0.49851 14907.3
0.49852 14907.3
0.49853 14907.3
0.49854 14907.3
0.49855 14907.3
0.49856 14907.3
0.49857 14907.3
0.49858 14907.3
0.49859 14907.3
0.49860 14907.3
0.49861 14907.3
0.49862 14907.3
0.49863 14907.3
0.49864 14907.3
0.49865 14907.3
0.49866 14907.3
0.49867 14907.3
0.49868 14907.3
0.49869 14907.3
0.49870 14907.3
0.49871 14907.3
0.49872 14907.3
0.49873 14907.3
0.49874 14907.3
0.49875 14907.3
0.49876 14907.3
0.49877 14907.3
0.49878 14907.3
0.49879 14907.3
0.49880 14907.3
0.49881 14907.3
0.49882 14907.3
0.49883 14907.3
0.49884 14907.3
0.49885 14907.3
0.49886 14907.3
0.49887 14907.3
0.49888 14907.3
0.49889 14907.3
0.49890 14907.3
0.49891 14907.3
0.49892 14907.3
0.49893 14907.3
0.49894 14907.3
0.49895 14907.3
0.49896 14907.3
0.49897 14907.3
0.49898 14907.3
0.49899 14907.3
0.49900 14907.3
0.49901 14907.3
0.49902 14907.3
0.49903 14907.3
0.49904 14907.3
0.49905 14907.3
0.49906 14907.3
0.49907 14907.3
0.49908 14907.3
0.49909 14907.3
0.49910 14907.3
0.49911 14907.3
0.49912 14907.3
0.49913 14907.3
0.49914 14907.3
0.49915 14907.3
0.49916 14907.3
0.49917 14907.3
0.49918 14907.3
0.49919 14907.3
0.49920 14907.3
0.49921 14907.3
0.49922 14907.3
0.49923 14907.3
0.49924 14907.3
0.49925 14907.3
0.49926 14907.3
0.49927 14907.3
0.49928 14907.3
0.49929 14907.3
0.49930 14907.3
0.49931 14907.3
0.49932 14907.3
0.49933 14907.3
0.49934 14907.3
0.49935 14907.3
0.49936 14907.3
0.49937 14907.3
0.49938 14907.3
0.49939 14907.3
0.49940 14907.3
0.49941 14907.3
0.49942 14907.3
0.49943 14907.3
0.49944 14907.3
0.49945 14907.3
0.49946 14907.3
0.49947 14907.3
0.49948 14907.3
0.49949 14907.3
0.49950 14907.3
0.49951 14907.3
0.49952 14907.3
0.49953 14907.3
0.49954 14907.3
0.49955 14907.3
0.49956 14907.3
0.49957 14907.3
0.49958 14907.3
0.49959 14907.3
0.49960 14907.3
0.49961 14907.3
0.49962 14907.3
0.49963 14907.3
0.49964 14907.3
0.49965 14907.3
0.49966 14907.3
0.49967 14907.3
0.49968 14907.3
0.49969 14907.3
0.49970 14907.3
0.49971 14907.3
0.49972 14907.3
0.49973 14907.3
0.49974 14907.3
0.49975 14907.3
0.49976 14907.3
0.49977 14907.3
0.49978 14907.3
0.49979 14907.3
0.49980 14907.3
0.49981 14907.3
0.49982 14907.3
0.49983 14907.3
0.49984 14907.3
0.49985 14907.3
0.49986 14907.3
0.49987 14907.3
0.49988 14907.3
0.49989 14907.3
0.49990 14907.3
0.49991 14907.3
0.49992 14907.3
0.49993 14907.3
0.49994 14907.3
0.49995 14907.3
0.49996 14907.3
0.49997 14907.3
0.49998 14907.3
0.49999 14907.3
0.50000 14907.3
0.50001 14907.3
0.50002 14907.3
0.50003 14907.3
0.50004 14907.3
0.50005 14907.3
0.50006 14907.3
0.50007 14907.3
0.50008 14907.3
0.50009 14907.3
0.50010 14907.3
0.50011 14907.3
0.50012 14907.3
0.50013 14907.3
0.50014 14907.3
0.50015 14907.3
0.50016 14907.3
0.50017 14907.3
0.50018 14907.3
0.50019 14907.3
0.50020 14907.3
0.50021 14907.3
0.50022 14907.3
0.50023 14907.3
0.50024 14907.3
0.50025 14907.3
0.50026 14907.3
0.50027 14907.3
0.50028 14907.3
0.50029 14907.3
0.50030 14907.3
0.50031 14907.3
0.50032 14907.3
0.50033 14907.3
0.50034 14907.3
0.50035 14907.3
0.50036 14907.3
0.50037 14907.3
0.50038 14907.3
0.50039 14907.3
0.50040 14907.3
0.50041 14907.3
0.50042 14907.3
0.50043 14907.3
0.50044 14907.3
0.50045 14907.3
0.50046 14907.3
0.50047 14907.3
0.50048 14907.3
0.50049 14907.3
0.50050 14907.3
0.50051 14907.3
0.50052 14907.3
0.50053 14907.3
0.50054 14907.3
0.50055 14907.3
0.50056 14907.3
0.50057 14907.3
0.50058 14907.3
0.50059 14907.3
0.50060 14907.3
0.50061 14907.3
0.50062 14907.3
0.50063 14907.3
0.50064 14907.3
0.50065 14907.3
0.50066 14907.3
0.50067 14907.3
0.50068 14907.3
0.50069 14907.3
0.50070 14907.3
0.50071 14907.3
0.50072 14907.3
0.50073 14907.3
0.50074 14907.3
0.50075 14907.3
0.50076 14907.3
0.50077 14907.3
0.50078 14907.3
0.50079 14907.3
0.50080 14907.3
0.50081 14907.3
0.50082 14907.3
0.50083 14907.3
0.50084 14907.3
0.50085 14907.3
0.50086 14907.3
0.50087 14907.3
0.50088 14907.3
0.50089 14907.3
0.50090 14907.3
0.50091 14907.3
0.50092 14907.3
0.50093 14907.3
0.50094 14907.3
0.50095 14907.3
0.50096 14907.3
0.50097 14907.3
0.50098 14907.3
0.50099 14907.3
0.50100 14907.3
0.50101 14607.4
0.50102 14314.5
0.50103 14028.3
0.50104 13748.7
0.50105 13475.5
0.50106 13208.4
0.50107 12947.5
0.50108 12692.4
0.50109 12443.0
0.50110 12199.3
0.50111 11960.9
0.50112 11727.9
0.50113 11499.9
0.50114 11277.0
0.50115 11058.9
0.50116 10845.5
0.50117 10636.7
0.50118 10432.2
0.50119 10232.1
0.50120 10036.0
0.50121 9844.0
0.50122 9655.8
0.50123 9471.2
0.50124 9290.1
0.50125 9112.4
0.50126 8937.9
0.50127 8766.3
0.50128 8597.5
0.50129 8431.3
0.50130 8267.5
0.50131 8105.8
0.50132 7946.0
0.50133 7787.8
0.50134 7631.0
0.50135 7475.2
0.50136 7320.1
0.50137 7165.3
0.50138 7010.5
0.50139 6855.3
0.50140 6699.1
0.50141 6541.6
0.50142 6382.1
0.50143 6220.1
0.50144 6055.1
0.50145 5886.4
0.50146 5713.4
0.50147 5535.3
0.50148 5351.6
0.50149 5161.4
0.50150 4964.1
0.50151 4856.2
0.50152 4732.4
0.50153 4592.7
0.50154 4437.2
0.50155 4266.6
0.50156 4081.6
0.50157 3883.5
0.50158 3674.0
0.50159 3455.6
0.50160 3231.1
0.50161 3004.3
0.50162 2779.6
0.50163 2561.6
0.50164 2355.6
0.50165 2166.3
0.50166 1997.7
0.50167 1852.2
0.50168 1730.3
0.50169 1630.8
0.50170 1551.1
0.50171 1488.1
0.50172 1438.7
0.50173 1400.1
0.50174 1370.2
0.50175 1347.1
0.50176 1329.7
0.50177 1316.7
0.50178 1307.6
0.50179 1301.7
0.50180 1298.6
0.50181 1298.0
0.50182 1299.7
0.50183 1303.4
0.50184 1309.0
0.50185 1316.5
0.50186 1325.7
0.50187 1336.7
0.50188 1349.4
0.50189 1363.8
0.50190 1380.0
0.50191 1397.9
0.50192 1417.6
0.50193 1439.1
0.50194 1462.5
0.50195 1487.9
0.50196 1515.2
0.50197 1544.7
0.50198 1576.2
0.50199 1610.0
0.50200 1646.2
0.50201 1684.6
0.50202 1725.6
0.50203 1769.1
0.50204 1815.2
0.50205 1864.0
0.50206 1915.7
0.50207 1970.1
0.50208 2027.6
0.50209 2088.0
0.50210 2151.5
0.50211 2218.2
0.50212 2288.0
0.50213 2361.1
0.50214 2437.4
0.50215 2517.1
0.50216 2600.0
0.50217 2686.3
0.50218 2776.0
0.50219 2868.9
0.50220 2965.0
0.50221 3064.5
0.50222 3167.1
0.50223 3272.8
0.50224 3381.5
0.50225 3493.2
0.50226 3607.8
0.50227 3725.1
0.50228 3845.0
0.50229 3967.5
0.50230 4092.3
0.50231 4219.4
0.50232 4348.6
0.50233 4479.8
0.50234 4612.8
0.50235 4747.4
0.50236 4883.7
0.50237 5021.3
0.50238 5160.2
0.50239 5300.3
0.50240 5441.3
0.50241 5583.3
0.50242 5726.0
0.50243 5869.4
0.50244 6013.3
0.50245 6157.7
0.50246 6302.5
0.50247 6447.5
0.50248 6592.7
0.50249 6738.1
0.50250 6883.4
0.50251 7028.8
0.50252 7174.0
0.50253 7319.1
0.50254 7463.9
0.50255 7608.5
0.50256 7752.7
0.50257 7896.6
0.50258 8040.0
0.50259 8183.0
0.50260 8325.4
0.50261 8467.2
0.50262 8608.4
0.50263 8748.9
0.50264 8888.6
0.50265 9027.6
0.50266 9165.6
0.50267 9302.8
0.50268 9438.9
0.50269 9574.0
0.50270 9708.0
0.50271 9840.8
0.50272 9972.4
0.50273 10102.7
0.50274 10231.6
0.50275 10359.1
0.50276 10485.1
0.50277 10609.6
0.50278 10732.4
0.50279 10853.6
0.50280 10973.1
0.50281 11090.8
0.50282 11206.7
0.50283 11320.7
0.50284 11432.9
0.50285 11543.1
0.50286 11651.3
0.50287 11757.6
0.50288 11861.9
0.50289 11964.1
0.50290 12064.3
0.50291 12162.5
0.50292 12258.6
0.50293 12352.6
0.50294 12444.6
0.50295 12534.5
0.50296 12622.5
0.50297 12708.4
0.50298 12792.2
0.50299 12874.2
0.50300 12954.1
0.50301 13032.1
0.50302 13108.2
0.50303 13182.4
0.50304 13254.8
0.50305 13325.3
0.50306 13394.0
0.50307 13461.0
0.50308 13526.3
0.50309 13589.8
0.50310 13651.8
0.50311 13712.0
0.50312 13770.7
0.50313 13827.9
0.50314 13883.5
0.50315 13937.7
0.50316 13990.4
0.50317 14041.7
0.50318 14091.6
0.50319 14140.2
0.50320 14187.5
0.50321 14233.5
0.50322 14278.2
0.50323 14321.8
0.50324 14364.2
0.50325 14405.4
0.50326 14445.5
0.50327 14484.5
0.50328 14522.5
0.50329 14559.5
0.50330 14595.4
0.50331 14630.4
0.50332 14664.4
0.50333 14697.5
0.50334 14729.7
0.50335 14761.0
0.50336 14791.5
0.50337 14821.2
0.50338 14850.0
0.50339 14878.1
0.50340 14905.5
0.50341 14932.1
0.50342 14957.9
0.50343 14983.1
0.50344 15007.6
0.50345 15031.5
0.50346 15054.7
0.50347 15077.3
0.50348 15099.3
0.50349 15120.7
0.50350 15141.6
0.50351 15161.8
0.50352 15181.6
0.50353 15200.8
0.50354 15219.5
0.50355 15237.7
0.50356 15255.5
0.50357 15272.8
0.50358 15289.6
0.50359 15306.0
0.50360 15321.9
0.50361 15337.4
0.50362 15352.6
0.50363 15367.3
0.50364 15381.6
0.50365 15395.6
0.50366 15409.2
0.50367 15422.5
0.50368 15435.4
0.50369 15448.0
0.50370 15460.2
0.50371 15472.2
0.50372 15483.8
0.50373 15495.1
0.50374 15506.2
0.50375 15516.9
0.50376 15527.4
0.50377 15537.6
0.50378 15547.6
0.50379 15557.3
0.50380 15566.8
0.50381 15576.0
0.50382 15584.9
0.50383 15593.7
0.50384 15602.2
0.50385 15610.5
0.50386 15618.6
0.50387 15626.5
0.50388 15634.2
0.50389 15641.7
0.50390 15649.0
0.50391 15656.2
0.50392 15663.1
0.50393 15669.9
0.50394 15676.5
0.50395 15682.9
0.50396 15689.2
0.50397 15695.3
0.50398 15701.3
0.50399 15707.1
0.50400 15712.7
0.50401 15718.3
0.50402 15723.6
0.50403 15728.9
0.50404 15734.0
0.50405 15739.0
0.50406 15743.8
0.50407 15748.6
0.50408 15753.2
0.50409 15757.7
0.50410 15762.1
0.50411 15766.4
0.50412 15770.5
0.50413 15774.6
0.50414 15778.6
0.50415 15782.4
0.50416 15786.2
0.50417 15789.8
0.50418 15793.4
0.50419 15796.9
0.50420 15800.3
0.50421 15803.6
0.50422 15806.8
0.50423 15809.9
0.50424 15813.0
0.50425 15816.0
0.50426 15818.9
0.50427 15821.7
0.50428 15824.4
0.50429 15827.1
0.50430 15829.7
0.50431 15832.3
0.50432 15834.7
0.50433 15837.1
0.50434 15839.5
0.50435 15841.7
0.50436 15844.0
0.50437 15846.1
0.50438 15848.2
0.50439 15850.2
0.50440 15852.2
0.50441 15854.2
0.50442 15856.0
0.50443 15857.9
0.50444 15859.6
0.50445 15861.3
0.50446 15863.0
0.50447 15864.6
0.50448 15866.2
0.50449 15867.7
0.50450 15869.2
0.50451 15870.7
0.50452 15872.1
0.50453 15873.4
0.50454 15874.7
0.50455 15876.0
0.50456 15877.2
0.50457 15878.4
0.50458 15879.6
0.50459 15880.7
0.50460 15881.8
0.50461 15882.8
0.50462 15883.8
0.50463 15884.8
0.50464 15885.7
0.50465 15886.6
0.50466 15887.5
0.50467 15888.4
0.50468 15889.2
0.50469 15890.0
0.50470 15890.7
0.50471 15891.4
0.50472 15892.1
0.50473 15892.8
0.50474 15893.4
0.50475 15894.1
0.50476 15894.6
0.50477 15895.2
0.50478 15895.7
0.50479 15896.2
0.50480 15896.7
0.50481 15897.2
0.50482 15897.6
0.50483 15898.0
0.50484 15898.4
0.50485 15898.8
0.50486 15899.2
0.50487 15899.5
0.50488 15899.8
0.50489 15900.1
0.50490 15900.3
0.50491 15900.6
0.50492 15900.8
0.50493 15901.0
0.50494 15901.2
0.50495 15901.4
0.50496 15901.5
0.50497 15901.6
0.50498 15901.7
0.50499 15901.8
0.50500 15901.9
0.50501 15902.0
0.50502 15902.0
0.50503 15902.1
0.50504 15902.1
0.50505 15902.1
0.50506 15902.1
0.50507 15902.0
0.50508 15902.0
0.50509 15901.9
0.50510 15901.8
0.50511 15901.7
0.50512 15901.6
0.50513 15901.5
0.50514 15901.4
0.50515 15901.3
0.50516 15901.1
0.50517 15900.9
0.50518 15900.7
0.50519 15900.6
0.50520 15900.3
0.50521 15900.1
0.50522 15899.9
0.50523 15899.7
0.50524 15899.4
0.50525 15899.1
0.50526 15898.9
0.50527 15898.6
0.50528 15898.3
0.50529 15898.0
0.50530 15897.7
0.50531 15897.3
0.50532 15897.0
0.50533 15896.7
0.50534 15896.3
0.50535 15895.9
0.50536 15895.6
0.50537 15895.2
0.50538 15894.8
0.50539 15894.4
0.50540 15894.0
0.50541 15893.5
0.50542 15893.1
0.50543 15892.7
0.50544 15892.2
0.50545 15891.8
0.50546 15891.3
0.50547 15890.9
0.50548 15890.4
0.50549 15889.9
0.50550 15889.4
0.50551 15888.9
0.50552 15888.4
0.50553 15887.9
0.50554 15887.4
0.50555 15886.8
0.50556 15886.3
0.50557 15885.7
0.50558 15885.2
0.50559 15884.6
0.50560 15884.1
0.50561 15883.5
0.50562 15882.9
0.50563 15882.4
0.50564 15881.8
0.50565 15881.2
0.50566 15880.6
0.50567 15880.0
0.50568 15879.3
0.50569 15878.7
0.50570 15878.1
0.50571 15877.5
0.50572 15876.8
0.50573 15876.2
0.50574 15875.6
0.50575 15874.9
0.50576 15874.2
0.50577 15873.6
0.50578 15872.9
0.50579 15872.2
0.50580 15871.6
0.50581 15870.9
0.50582 15870.2
0.50583 15869.5
0.50584 15868.8
0.50585 15868.1
0.50586 15867.4
0.50587 15866.7
0.50588 15866.0
0.50589 15865.3
0.50590 15864.5
0.50591 15863.8
0.50592 15863.1
0.50593 15862.3
0.50594 15861.6
0.50595 15860.9
0.50596 15860.1
0.50597 15859.3
0.50598 15858.6
0.50599 15857.8
0.50600 15857.1
0.50601 15856.3
0.50602 15855.5
0.50603 15854.7
0.50604 15854.0
0.50605 15853.2
0.50606 15852.4
0.50607 15851.6
0.50608 15850.8
0.50609 15850.0
0.50610 15849.2
0.50611 15848.4
0.50612 15847.6
0.50613 15846.8
0.50614 15846.0
0.50615 15845.2
0.50616 15844.3
0.50617 15843.5
0.50618 15842.7
0.50619 15841.9
0.50620 15841.0
0.50621 15840.2
0.50622 15839.3
0.50623 15838.5
0.50624 15837.7
0.50625 15836.8
0.50626 15836.0
0.50627 15835.1
0.50628 15834.3
0.50629 15833.4
0.50630 15832.5
0.50631 15831.7
0.50632 15830.8
0.50633 15829.9
0.50634 15829.1
0.50635 15828.2
0.50636 15827.3
0.50637 15826.4
0.50638 15825.5
0.50639 15824.7
0.50640 15823.8
0.50641 15822.9
0.50642 15822.0
0.50643 15821.1
0.50644 15820.2
0.50645 15819.3
0.50646 15818.4
0.50647 15817.5
0.50648 15816.6
0.50649 15815.7
0.50650 15814.8
0.50651 15813.9
0.50652 15813.0
0.50653 15812.1
0.50654 15811.1
0.50655 15810.2
0.50656 15809.3
0.50657 15808.4
0.50658 15807.4
0.50659 15806.5
0.50660 15805.6
0.50661 15804.7
0.50662 15803.7
0.50663 15802.8
0.50664 15801.9
0.50665 15800.9
0.50666 15800.0
0.50667 15799.0
0.50668 15798.1
0.50669 15797.2
0.50670 15796.2
0.50671 15795.3
0.50672 15794.3
0.50673 15793.4
0.50674 15792.4
0.50675 15791.5
0.50676 15790.5
0.50677 15789.6
0.50678 15788.6
0.50679 15787.6
0.50680 15786.7
0.50681 15785.7
0.50682 15784.8
0.50683 15783.8
0.50684 15782.8
0.50685 15781.9
0.50686 15780.9
0.50687 15779.9
0.50688 15778.9
0.50689 15778.0
0.50690 15777.0
0.50691 15776.0
0.50692 15775.0
0.50693 15774.1
0.50694 15773.1
0.50695 15772.1
0.50696 15771.1
0.50697 15770.1
0.50698 15769.2
0.50699 15768.2
0.50700 15767.2
0.50701 15766.2
0.50702 15765.2
0.50703 15764.2
0.50704 15763.2
0.50705 15762.3
0.50706 15761.3
0.50707 15760.3
0.50708 15759.3
0.50709 15758.3
0.50710 15757.3
0.50711 15756.3
0.50712 15755.3
0.50713 15754.3
0.50714 15753.3
0.50715 15752.3
0.50716 15751.3
0.50717 15750.3
0.50718 15749.3
0.50719 15748.3
0.50720 15747.3
0.50721 15746.3
0.50722 15745.3
0.50723 15744.3
0.50724 15743.3
0.50725 15742.3
0.50726 15741.2
0.50727 15740.2
0.50728 15739.2
0.50729 15738.2
0.50730 15737.2
0.50731 15736.2
0.50732 15735.2
0.50733 15734.2
0.50734 15733.2
0.50735 15732.1
0.50736 15731.1
0.50737 15730.1
0.50738 15729.1
0.50739 15728.1
0.50740 15727.1
0.50741 15726.0
0.50742 15725.0
0.50743 15724.0
0.50744 15723.0
0.50745 15722.0
0.50746 15720.9
0.50747 15719.9
0.50748 15718.9
0.50749 15717.9
0.50750 15716.9
0.50751 15715.8
0.50752 15714.8
0.50753 15713.8
0.50754 15712.8
0.50755 15711.7
0.50756 15710.7
0.50757 15709.7
0.50758 15708.7
0.50759 15707.6
0.50760 15706.6
0.50761 15705.6
0.50762 15704.6
0.50763 15703.5
0.50764 15702.5
0.50765 15701.5
0.50766 15700.5
0.50767 15699.4
0.50768 15698.4
0.50769 15697.4
0.50770 15696.3
0.50771 15695.3
0.50772 15694.3
0.50773 15693.3
0.50774 15692.2
0.50775 15691.2
0.50776 15690.2
0.50777 15689.1
0.50778 15688.1
0.50779 15687.1
0.50780 15686.1
0.50781 15685.0
0.50782 15684.0
0.50783 15683.0
0.50784 15681.9
0.50785 15680.9
0.50786 15679.9
0.50787 15678.8
0.50788 15677.8
0.50789 15676.8
0.50790 15675.8
0.50791 15674.7
0.50792 15673.7
0.50793 15672.7
0.50794 15671.6
0.50795 15670.6
0.50796 15669.6
0.50797 15668.5
0.50798 15667.5
0.50799 15666.5
0.50800 15665.4
0.50801 15664.4
0.50802 15663.4
0.50803 15662.3
0.50804 15661.3
0.50805 15660.3
0.50806 15659.3
0.50807 15658.2
0.50808 15657.2
0.50809 15656.2
0.50810 15655.1
0.50811 15654.1
0.50812 15653.1
0.50813 15652.0
0.50814 15651.0
0.50815 15650.0
0.50816 15649.0
0.50817 15647.9
0.50818 15646.9
0.50819 15645.9
0.50820 15644.8
0.50821 15643.8
0.50822 15642.8
0.50823 15641.8
0.50824 15640.7
0.50825 15639.7
0.50826 15638.7
0.50827 15637.7
0.50828 15636.6
0.50829 15635.6
0.50830 15634.6
0.50831 15633.5
0.50832 15632.5
0.50833 15631.5
0.50834 15630.5
0.50835 15629.4
0.50836 15628.4
0.50837 15627.4
0.50838 15626.4
0.50839 15625.3
0.50840 15624.3
0.50841 15623.3
0.50842 15622.3
0.50843 15621.3
0.50844 15620.2
0.50845 15619.2
0.50846 15618.2
0.50847 15617.2
0.50848 15616.2
0.50849 15615.1
0.50850 15614.1
0.50851 15613.1
0.50852 15612.1
0.50853 15611.1
0.50854 15610.0
0.50855 15609.0
0.50856 15608.0
0.50857 15607.0
0.50858 15606.0
0.50859 15605.0
0.50860 15603.9
0.50861 15602.9
0.50862 15601.9
0.50863 15600.9
0.50864 15599.9
0.50865 15598.9
0.50866 15597.8
0.50867 15596.8
0.50868 15595.8
0.50869 15594.8
0.50870 15593.8
0.50871 15592.8
0.50872 15591.8
0.50873 15590.8
0.50874 15589.8
0.50875 15588.8
0.50876 15587.7
0.50877 15586.7
0.50878 15585.7
0.50879 15584.7
0.50880 15583.7
0.50881 15582.7
0.50882 15581.7
0.50883 15580.7
0.50884 15579.7
0.50885 15578.7
0.50886 15577.7
0.50887 15576.7
0.50888 15575.7
0.50889 15574.7
0.50890 15573.7
0.50891 15572.7
0.50892 15571.7
0.50893 15570.7
0.50894 15569.7
0.50895 15568.7
0.50896 15567.7
0.50897 15566.7
0.50898 15565.7
0.50899 15564.7
0.50900 15563.7
0.50901 15562.7
0.50902 15561.7
0.50903 15560.7
0.50904 15559.8
0.50905 15558.8
0.50906 15557.8
0.50907 15556.8
0.50908 15555.8
0.50909 15554.8
0.50910 15553.8
0.50911 15552.8
0.50912 15551.9
0.50913 15550.9
0.50914 15549.9
0.50915 15548.9
0.50916 15547.9
0.50917 15546.9
0.50918 15546.0
0.50919 15545.0
0.50920 15544.0
0.50921 15543.0
0.50922 15542.0
0.50923 15541.1
0.50924 15540.1
0.50925 15539.1
0.50926 15538.1
0.50927 15537.1
0.50928 15536.2
0.50929 15535.2
0.50930 15534.2
0.50931 15533.3
0.50932 15532.3
0.50933 15531.3
0.50934 15530.3
0.50935 15529.4
0.50936 15528.4
0.50937 15527.4
0.50938 15526.5
0.50939 15525.5
0.50940 15524.5
0.50941 15523.6
0.50942 15522.6
0.50943 15521.6
0.50944 15520.7
0.50945 15519.7
0.50946 15518.8
0.50947 15517.8
0.50948 15516.8
0.50949 15515.9
0.50950 15514.9
0.50951 15514.0
0.50952 15513.0
0.50953 15512.1
0.50954 15511.1
0.50955 15510.2
0.50956 15509.2
0.50957 15508.3
0.50958 15507.3
0.50959 15506.4
0.50960 15505.4
0.50961 15504.5
0.50962 15503.5
0.50963 15502.6
0.50964 15501.6
0.50965 15500.7
0.50966 15499.7
0.50967 15498.8
0.50968 15497.8
0.50969 15496.9
0.50970 15496.0
0.50971 15495.0
0.50972 15494.1
0.50973 15493.1
0.50974 15492.2
0.50975 15491.3
0.50976 15490.3
0.50977 15489.4
0.50978 15488.5
0.50979 15487.5
0.50980 15486.6
0.50981 15485.7
0.50982 15484.8
0.50983 15483.8
0.50984 15482.9
0.50985 15482.0
0.50986 15481.0
0.50987 15480.1
0.50988 15479.2
0.50989 15478.3
0.50990 15477.3
0.50991 15476.4
0.50992 15475.5
0.50993 15474.6
0.50994 15473.7
0.50995 15472.8
0.50996 15471.8
0.50997 15470.9
0.50998 15470.0
0.50999 15469.1
0.51000 15468.2
0.51001 15467.3
0.51002 15466.4
0.51003 15465.4
0.51004 15464.5
0.51005 15463.6
0.51006 15462.7
0.51007 15461.8
0.51008 15460.9
0.51009 15460.0
0.51010 15459.1
0.51011 15458.2
0.51012 15457.3
0.51013 15456.4
0.51014 15455.5
0.51015 15454.6
0.51016 15453.7
0.51017 15452.8
0.51018 15451.9
0.51019 15451.0
0.51020 15450.1
0.51021 15449.2
0.51022 15448.3
0.51023 15447.5
0.51024 15446.6
0.51025 15445.7
0.51026 15444.8
0.51027 15443.9
0.51028 15443.0
0.51029 15442.1
0.51030 15441.3
0.51031 15440.4
0.51032 15439.5
0.51033 15438.6
0.51034 15437.7
0.51035 15436.8
0.51036 15436.0
0.51037 15435.1
0.51038 15434.2
0.51039 15433.3
0.51040 15432.5
0.51041 15431.6
0.51042 15430.7
0.51043 15429.9
0.51044 15429.0
0.51045 15428.1
0.51046 15427.3
0.51047 15426.4
0.51048 15425.5
0.51049 15424.7
0.51050 15423.8
0.51051 15422.9
0.51052 15422.1
0.51053 15421.2
0.51054 15420.4
0.51055 15419.5
0.51056 15418.6
0.51057 15417.8
0.51058 15416.9
0.51059 15416.1
0.51060 15415.2
0.51061 15414.4
0.51062 15413.5
0.51063 15412.7
0.51064 15411.8
0.51065 15411.0
0.51066 15410.1
0.51067 15409.3
0.51068 15408.4
0.51069 15407.6
0.51070 15406.8
0.51071 15405.9
0.51072 15405.1
0.51073 15404.2
0.51074 15403.4
0.51075 15402.6
0.51076 15401.7
0.51077 15400.9
0.51078 15400.1
0.51079 15399.2
0.51080 15398.4
0.51081 15397.6
0.51082 15396.7
0.51083 15395.9
0.51084 15395.1
0.51085 15394.2
0.51086 15393.4
0.51087 15392.6
0.51088 15391.8
0.51089 15390.9
0.51090 15390.1
0.51091 15389.3
0.51092 15388.5
0.51093 15387.7
0.51094 15386.9
0.51095 15386.0
0.51096 15385.2
0.51097 15384.4
0.51098 15383.6
0.51099 15382.8
0.51100 15382.0
0.51101 15381.2
0.51102 15380.4
0.51103 15379.5
0.51104 15378.7
0.51105 15377.9
0.51106 15377.1
0.51107 15376.3
0.51108 15375.5
0.51109 15374.7
0.51110 15373.9
0.51111 15373.1
0.51112 15372.3
0.51113 15371.5
0.51114 15370.7
0.51115 15369.9
0.51116 15369.2
0.51117 15368.4
0.51118 15367.6
0.51119 15366.8
0.51120 15366.0
0.51121 15365.2
0.51122 15364.4
0.51123 15363.6
0.51124 15362.8
0.51125 15362.1
0.51126 15361.3
0.51127 15360.5
0.51128 15359.7
0.51129 15358.9
0.51130 15358.2
0.51131 15357.4
0.51132 15356.6
0.51133 15355.8
0.51134 15355.1
0.51135 15354.3
0.51136 15353.5
0.51137 15352.7
0.51138 15352.0
0.51139 15351.2
0.51140 15350.4
0.51141 15349.7
0.51142 15348.9
0.51143 15348.1
0.51144 15347.4
0.51145 15346.6
0.51146 15345.9
0.51147 15345.1
0.51148 15344.3
0.51149 15343.6
0.51150 15342.8
0.51151 15342.1
0.51152 15341.3
0.51153 15340.6
0.51154 15339.8
0.51155 15339.1
0.51156 15338.3
0.51157 15337.6
0.51158 15336.8
0.51159 15336.1
0.51160 15335.3
0.51161 15334.6
0.51162 15333.8
0.51163 15333.1
0.51164 15332.3
0.51165 15331.6
0.51166 15330.9
0.51167 15330.1
0.51168 15329.4
0.51169 15328.7
0.51170 15327.9
0.51171 15327.2
0.51172 15326.5
0.51173 15325.7
0.51174 15325.0
0.51175 15324.3
0.51176 15323.5
0.51177 15322.8
0.51178 15322.1
0.51179 15321.4
0.51180 15320.6
0.51181 15319.9
0.51182 15319.2
0.51183 15318.5
0.51184 15317.7
0.51185 15317.0
0.51186 15316.3
0.51187 15315.6
0.51188 15314.9
0.51189 15314.2
0.51190 15313.4
0.51191 15312.7
0.51192 15312.0
0.51193 15311.3
0.51194 15310.6
0.51195 15309.9
0.51196 15309.2
0.51197 15308.5
0.51198 15307.8
0.51199 15307.1
0.51200 15306.4
0.51201 15305.7
0.51202 15305.0
0.51203 15304.3
0.51204 15303.6
0.51205 15302.9
0.51206 15302.2
0.51207 15301.5
0.51208 15300.8
0.51209 15300.1
0.51210 15299.4
0.51211 15298.7
0.51212 15298.0
0.51213 15297.3
0.51214 15296.6
0.51215 15296.0
0.51216 15295.3
0.51217 15294.6
0.51218 15293.9
0.51219 15293.2
0.51220 15292.5
0.51221 15291.9
0.51222 15291.2
0.51223 15290.5
0.51224 15289.8
0.51225 15289.1
0.51226 15288.5
0.51227 15287.8
0.51228 15287.1
0.51229 15286.5
0.51230 15285.8
0.51231 15285.1
0.51232 15284.4
0.51233 15283.8
0.51234 15283.1
0.51235 15282.4
0.51236 15281.8
0.51237 15281.1
0.51238 15280.5
0.51239 15279.8
0.51240 15279.1
0.51241 15278.5
0.51242 15277.8
0.51243 15277.2
0.51244 15276.5
0.51245 15275.8
0.51246 15275.2
0.51247 15274.5
0.51248 15273.9
0.51249 15273.2
0.51250 15272.6
0.51251 15271.9
0.51252 15271.3
0.51253 15270.6
0.51254 15270.0
0.51255 15269.4
0.51256 15268.7
0.51257 15268.1
0.51258 15267.4
0.51259 15266.8
0.51260 15266.1
0.51261 15265.5
0.51262 15264.9
0.51263 15264.2
0.51264 15263.6
0.51265 15263.0
0.51266 15262.3
0.51267 15261.7
0.51268 15261.1
0.51269 15260.4
0.51270 15259.8
0.51271 15259.2
0.51272 15258.5
0.51273 15257.9
0.51274 15257.3
0.51275 15256.7
0.51276 15256.0
0.51277 15255.4
0.51278 15254.8
0.51279 15254.2
0.51280 15253.6
0.51281 15252.9
0.51282 15252.3
0.51283 15251.7
0.51284 15251.1
0.51285 15250.5
0.51286 15249.9
0.51287 15249.3
0.51288 15248.6
0.51289 15248.0
0.51290 15247.4
0.51291 15246.8
0.51292 15246.2
0.51293 15245.6
0.51294 15245.0
0.51295 15244.4
0.51296 15243.8
0.51297 15243.2
0.51298 15242.6
0.51299 15242.0
0.51300 15241.4
0.51301 15240.8
0.51302 15240.2
0.51303 15239.6
0.51304 15239.0
0.51305 15238.4
0.51306 15237.8
0.51307 15237.2
0.51308 15236.6
0.51309 15236.0
0.51310 15235.5
0.51311 15234.9
0.51312 15234.3
0.51313 15233.7
0.51314 15233.1
0.51315 15232.5
0.51316 15231.9
0.51317 15231.4
0.51318 15230.8
0.51319 15230.2
0.51320 15229.6
0.51321 15229.0
0.51322 15228.5
0.51323 15227.9
0.51324 15227.3
0.51325 15226.7
0.51326 15226.2
0.51327 15225.6
0.51328 15225.0
0.51329 15224.5
0.51330 15223.9
0.51331 15223.3
0.51332 15222.7
0.51333 15222.2
0.51334 15221.6
0.51335 15221.1
0.51336 15220.5
0.51337 15219.9
0.51338 15219.4
0.51339 15218.8
0.51340 15218.2
0.51341 15217.7
0.51342 15217.1
0.51343 15216.6
0.51344 15216.0
0.51345 15215.5
0.51346 15214.9
0.51347 15214.4
0.51348 15213.8
0.51349 15213.2
0.51350 15212.7
0.51351 15212.1
0.51352 15211.6
0.51353 15211.1
0.51354 15210.5
0.51355 15210.0
0.51356 15209.4
0.51357 15208.9
0.51358 15208.3
0.51359 15207.8
0.51360 15207.2
0.51361 15206.7
0.51362 15206.2
0.51363 15205.6
0.51364 15205.1
0.51365 15204.6
0.51366 15204.0
0.51367 15203.5
0.51368 15203.0
0.51369 15202.4
0.51370 15201.9
0.51371 15201.4
0.51372 15200.8
0.51373 15200.3
0.51374 15199.8
0.51375 15199.2
0.51376 15198.7
0.51377 15198.2
0.51378 15197.7
0.51379 15197.1
0.51380 15196.6
0.51381 15196.1
0.51382 15195.6
0.51383 15195.1
0.51384 15194.5
0.51385 15194.0
0.51386 15193.5
0.51387 15193.0
0.51388 15192.5
0.51389 15192.0
0.51390 15191.4
0.51391 15190.9
0.51392 15190.4
0.51393 15189.9
0.51394 15189.4
0.51395 15188.9
0.51396 15188.4
0.51397 15187.9
0.51398 15187.4
0.51399 15186.9
0.51400 15186.4
0.51401 15185.9
0.51402 15185.4
0.51403 15184.9
0.51404 15184.4
0.51405 15183.9
0.51406 15183.4
0.51407 15182.9
0.51408 15182.4
0.51409 15181.9
0.51410 15181.4
0.51411 15180.9
0.51412 15180.4
0.51413 15179.9
0.51414 15179.4
0.51415 15178.9
0.51416 15178.4
0.51417 15177.9
0.51418 15177.4
0.51419 15176.9
0.51420 15176.5
0.51421 15176.0
0.51422 15175.5
0.51423 15175.0
0.51424 15174.5
0.51425 15174.0
0.51426 15173.6
0.51427 15173.1
0.51428 15172.6
0.51429 15172.1
0.51430 15171.6
0.51431 15171.2
0.51432 15170.7
0.51433 15170.2
0.51434 15169.7
0.51435 15169.3
0.51436 15168.8
0.51437 15168.3
0.51438 15167.8
0.51439 15167.4
0.51440 15166.9
0.51441 15166.4
0.51442 15166.0
0.51443 15165.5
0.51444 15165.0
0.51445 15164.6
0.51446 15164.1
0.51447 15163.6
0.51448 15163.2
0.51449 15162.7
0.51450 15162.3
0.51451 15161.8
0.51452 15161.3
0.51453 15160.9
0.51454 15160.4
0.51455 15160.0
0.51456 15159.5
0.51457 15159.0
0.51458 15158.6
0.51459 15158.1
0.51460 15157.7
0.51461 15157.2
0.51462 15156.8
0.51463 15156.3
0.51464 15155.9
0.51465 15155.4
0.51466 15155.0
0.51467 15154.5
0.51468 15154.1
0.51469 15153.6
0.51470 15153.2
0.51471 15152.8
0.51472 15152.3
0.51473 15151.9
0.51474 15151.4
0.51475 15151.0
0.51476 15150.6
0.51477 15150.1
0.51478 15149.7
0.51479 15149.2
0.51480 15148.8
0.51481 15148.4
0.51482 15147.9
0.51483 15147.5
0.51484 15147.1
0.51485 15146.6
0.51486 15146.2
0.51487 15145.8
0.51488 15145.3
0.51489 15144.9
0.51490 15144.5
0.51491 15144.0
0.51492 15143.6
0.51493 15143.2
0.51494 15142.8
0.51495 15142.3
0.51496 15141.9
0.51497 15141.5
0.51498 15141.1
0.51499 15140.6
0.51500 15140.2
0.51501 15139.8
0.51502 15139.4
0.51503 15139.0
0.51504 15138.6
0.51505 15138.1
0.51506 15137.7
0.51507 15137.3
0.51508 15136.9
0.51509 15136.5
0.51510 15136.1
0.51511 15135.6
0.51512 15135.2
0.51513 15134.8
0.51514 15134.4
0.51515 15134.0
0.51516 15133.6
0.51517 15133.2
0.51518 15132.8
0.51519 15132.4
0.51520 15132.0
0.51521 15131.6
0.51522 15131.2
0.51523 15130.8
0.51524 15130.4
0.51525 15129.9
0.51526 15129.5
0.51527 15129.1
0.51528 15128.7
0.51529 15128.3
0.51530 15127.9
0.51531 15127.6
0.51532 15127.2
0.51533 15126.8
0.51534 15126.4
0.51535 15126.0
0.51536 15125.6
0.51537 15125.2
0.51538 15124.8
0.51539 15124.4
0.51540 15124.0
0.51541 15123.6
0.51542 15123.2
0.51543 15122.8
0.51544 15122.4
0.51545 15122.1
0.51546 15121.7
0.51547 15121.3
0.51548 15120.9
0.51549 15120.5
0.51550 15120.1
0.51551 15119.7
0.51552 15119.4
0.51553 15119.0
0.51554 15118.6
0.51555 15118.2
0.51556 15117.8
0.51557 15117.5
0.51558 15117.1
0.51559 15116.7
0.51560 15116.3
0.51561 15116.0
0.51562 15115.6
0.51563 15115.2
0.51564 15114.8
0.51565 15114.5
0.51566 15114.1
0.51567 15113.7
0.51568 15113.3
0.51569 15113.0
0.51570 15112.6
0.51571 15112.2
0.51572 15111.9
0.51573 15111.5
0.51574 15111.1
0.51575 15110.8
0.51576 15110.4
0.51577 15110.0
0.51578 15109.7
0.51579 15109.3
0.51580 15108.9
0.51581 15108.6
0.51582 15108.2
0.51583 15107.9
0.51584 15107.5
0.51585 15107.1
0.51586 15106.8
0.51587 15106.4
0.51588 15106.1
0.51589 15105.7
0.51590 15105.4
0.51591 15105.0
0.51592 15104.6
0.51593 15104.3
0.51594 15103.9
0.51595 15103.6
0.51596 15103.2
0.51597 15102.9
0.51598 15102.5
0.51599 15102.2
0.51600 15101.8
0.51601 15101.5
0.51602 15101.1
0.51603 15100.8
0.51604 15100.4
0.51605 15100.1
0.51606 15099.7
0.51607 15099.4
0.51608 15099.1
0.51609 15098.7
0.51610 15098.4
0.51611 15098.0
0.51612 15097.7
0.51613 15097.3
0.51614 15097.0
0.51615 15096.7
0.51616 15096.3
0.51617 15096.0
0.51618 15095.6
0.51619 15095.3
0.51620 15095.0
0.51621 15094.6
0.51622 15094.3
0.51623 15094.0
0.51624 15093.6
0.51625 15093.3
0.51626 15093.0
0.51627 15092.6
0.51628 15092.3
0.51629 15092.0
0.51630 15091.6
0.51631 15091.3
0.51632 15091.0
0.51633 15090.6
0.51634 15090.3
0.51635 15090.0
0.51636 15089.7
0.51637 15089.3
0.51638 15089.0
0.51639 15088.7
0.51640 15088.4
0.51641 15088.0
0.51642 15087.7
0.51643 15087.4
0.51644 15087.1
0.51645 15086.8
0.51646 15086.4
0.51647 15086.1
0.51648 15085.8
0.51649 15085.5
0.51650 15085.2
0.51651 15084.8
0.51652 15084.5
0.51653 15084.2
0.51654 15083.9
0.51655 15083.6
0.51656 15083.3
0.51657 15082.9
0.51658 15082.6
0.51659 15082.3
0.51660 15082.0
0.51661 15081.7
0.51662 15081.4
0.51663 15081.1
0.51664 15080.8
0.51665 15080.5
0.51666 15080.2
0.51667 15079.8
0.51668 15079.5
0.51669 15079.2
0.51670 15078.9
0.51671 15078.6
0.51672 15078.3
0.51673 15078.0
0.51674 15077.7
0.51675 15077.4
0.51676 15077.1
0.51677 15076.8
0.51678 15076.5
0.51679 15076.2
0.51680 15075.9
0.51681 15075.6
0.51682 15075.3
0.51683 15075.0
0.51684 15074.7
0.51685 15074.4
0.51686 15074.1
0.51687 15073.8
0.51688 15073.5
0.51689 15073.2
0.51690 15072.9
0.51691 15072.6
0.51692 15072.3
0.51693 15072.0
0.51694 15071.7
0.51695 15071.5
0.51696 15071.2
0.51697 15070.9
0.51698 15070.6
0.51699 15070.3
0.51700 15070.0
0.51701 15069.7
0.51702 15069.4
0.51703 15069.1
0.51704 15068.9
0.51705 15068.6
0.51706 15068.3
0.51707 15068.0
0.51708 15067.7
0.51709 15067.4
0.51710 15067.1
0.51711 15066.9
0.51712 15066.6
0.51713 15066.3
0.51714 15066.0
0.51715 15065.7
0.51716 15065.5
0.51717 15065.2
0.51718 15064.9
0.51719 15064.6
0.51720 15064.3
0.51721 15064.1
0.51722 15063.8
0.51723 15063.5
0.51724 15063.2
0.51725 15063.0
0.51726 15062.7
0.51727 15062.4
0.51728 15062.1
0.51729 15061.9
0.51730 15061.6
0.51731 15061.3
0.51732 15061.0
0.51733 15060.8
0.51734 15060.5
0.51735 15060.2
0.51736 15060.0
0.51737 15059.7
0.51738 15059.4
0.51739 15059.1
0.51740 15058.9
0.51741 15058.6
0.51742 15058.3
0.51743 15058.1
0.51744 15057.8
0.51745 15057.5
0.51746 15057.3
0.51747 15057.0
0.51748 15056.8
0.51749 15056.5
0.51750 15056.2
0.51751 15056.0
0.51752 15055.7
0.51753 15055.4
0.51754 15055.2
0.51755 15054.9
0.51756 15054.7
0.51757 15054.4
0.51758 15054.1
0.51759 15053.9
0.51760 15053.6
0.51761 15053.4
0.51762 15053.1
0.51763 15052.9
0.51764 15052.6
0.51765 15052.3
0.51766 15052.1
0.51767 15051.8
0.51768 15051.6
0.51769 15051.3
0.51770 15051.1
0.51771 15050.8
0.51772 15050.6
0.51773 15050.3
0.51774 15050.1
0.51775 15049.8
0.51776 15049.6
0.51777 15049.3
0.51778 15049.1
0.51779 15048.8
0.51780 15048.6
0.51781 15048.3
0.51782 15048.1
0.51783 15047.8
0.51784 15047.6
0.51785 15047.3
0.51786 15047.1
0.51787 15046.8
0.51788 15046.6
0.51789 15046.4
0.51790 15046.1
0.51791 15045.9
0.51792 15045.6
0.51793 15045.4
0.51794 15045.1
0.51795 15044.9
0.51796 15044.7
0.51797 15044.4
0.51798 15044.2
0.51799 15043.9
0.51800 15043.7
0.51801 15043.5
0.51802 15043.2
0.51803 15043.0
0.51804 15042.8
0.51805 15042.5
0.51806 15042.3
0.51807 15042.1
0.51808 15041.8
0.51809 15041.6
0.51810 15041.3
0.51811 15041.1
0.51812 15040.9
0.51813 15040.6
0.51814 15040.4
0.51815 15040.2
0.51816 15040.0
0.51817 15039.7
0.51818 15039.5
0.51819 15039.3
0.51820 15039.0
0.51821 15038.8
0.51822 15038.6
0.51823 15038.3
0.51824 15038.1
0.51825 15037.9
0.51826 15037.7
0.51827 15037.4
0.51828 15037.2
0.51829 15037.0
0.51830 15036.8
0.51831 15036.5
0.51832 15036.3
0.51833 15036.1
0.51834 15035.9
0.51835 15035.6
0.51836 15035.4
0.51837 15035.2
0.51838 15035.0
0.51839 15034.7
0.51840 15034.5
0.51841 15034.3
0.51842 15034.1
0.51843 15033.9
0.51844 15033.6
0.51845 15033.4
0.51846 15033.2
0.51847 15033.0
0.51848 15032.8
0.51849 15032.6
0.51850 15032.3
0.51851 15032.1
0.51852 15031.9
0.51853 15031.7
0.51854 15031.5
0.51855 15031.3
0.51856 15031.0
0.51857 15030.8
0.51858 15030.6
0.51859 15030.4
0.51860 15030.2
0.51861 15030.0
0.51862 15029.8
0.51863 15029.6
0.51864 15029.3
0.51865 15029.1
0.51866 15028.9
0.51867 15028.7
0.51868 15028.5
0.51869 15028.3
0.51870 15028.1
0.51871 15027.9
0.51872 15027.7
0.51873 15027.5
0.51874 15027.3
0.51875 15027.0
0.51876 15026.8
0.51877 15026.6
0.51878 15026.4
0.51879 15026.2
0.51880 15026.0
0.51881 15025.8
0.51882 15025.6
0.51883 15025.4
0.51884 15025.2
0.51885 15025.0
0.51886 15024.8
0.51887 15024.6
0.51888 15024.4
0.51889 15024.2
0.51890 15024.0
0.51891 15023.8
0.51892 15023.6
0.51893 15023.4
0.51894 15023.2
0.51895 15023.0
0.51896 15022.8
0.51897 15022.6
0.51898 15022.4
0.51899 15022.2
0.51900 15022.0
0.51901 15021.8
0.51902 15021.6
0.51903 15021.4
0.51904 15021.2
0.51905 15021.0
0.51906 15020.8
0.51907 15020.6
0.51908 15020.4
0.51909 15020.3
0.51910 15020.1
0.51911 15019.9
0.51912 15019.7
0.51913 15019.5
0.51914 15019.3
0.51915 15019.1
0.51916 15018.9
0.51917 15018.7
0.51918 15018.5
0.51919 15018.3
0.51920 15018.1
0.51921 15018.0
0.51922 15017.8
0.51923 15017.6
0.51924 15017.4
0.51925 15017.2
0.51926 15017.0
0.51927 15016.8
0.51928 15016.6
0.51929 15016.5
0.51930 15016.3
0.51931 15016.1
0.51932 15015.9
0.51933 15015.7
0.51934 15015.5
0.51935 15015.3
0.51936 15015.2
0.51937 15015.0
0.51938 15014.8
0.51939 15014.6
0.51940 15014.4
0.51941 15014.2
0.51942 15014.1
0.51943 15013.9
0.51944 15013.7
0.51945 15013.5
0.51946 15013.3
0.51947 15013.2
0.51948 15013.0
0.51949 15012.8
0.51950 15012.6
0.51951 15012.4
0.51952 15012.3
0.51953 15012.1
0.51954 15011.9
0.51955 15011.7
0.51956 15011.6
0.51957 15011.4
0.51958 15011.2
0.51959 15011.0
0.51960 15010.9
0.51961 15010.7
0.51962 15010.5
0.51963 15010.3
0.51964 15010.2
0.51965 15010.0
0.51966 15009.8
0.51967 15009.6
0.51968 15009.5
0.51969 15009.3
0.51970 15009.1
0.51971 15008.9
0.51972 15008.8
0.51973 15008.6
0.51974 15008.4
0.51975 15008.3
0.51976 15008.1
0.51977 15007.9
0.51978 15007.8
0.51979 15007.6
0.51980 15007.4
0.51981 15007.2
0.51982 15007.1
0.51983 15006.9
0.51984 15006.7
0.51985 15006.6
0.51986 15006.4
0.51987 15006.2
0.51988 15006.1
0.51989 15005.9
0.51990 15005.7
0.51991 15005.6
0.51992 15005.4
0.51993 15005.2
0.51994 15005.1
0.51995 15004.9
0.51996 15004.8
0.51997 15004.6
0.51998 15004.4
0.51999 15004.3
0.52000 14907.3
0.52001 14907.3
0.52002 14907.3
0.52003 14907.3
0.52004 14907.3
0.52005 14907.3
0.52006 14907.3
0.52007 14907.3
0.52008 14907.3
0.52009 14907.3
0.52010 14907.3
0.52011 14907.3
0.52012 14907.3
0.52013 14907.3
0.52014 14907.3
0.52015 14907.3
0.52016 14907.3
0.52017 14907.3
0.52018 14907.3
0.52019 14907.3
0.52020 14907.3
0.52021 14907.3
0.52022 14907.3
0.52023 14907.3
0.52024 14907.3
0.52025 14907.3
0.52026 14907.3
0.52027 14907.3
0.52028 14907.3
0.52029 14907.3
0.52030 14907.3
0.52031 14907.3
0.52032 14907.3
0.52033 14907.3
0.52034 14907.3
0.52035 14907.3
0.52036 14907.3
0.52037 14907.3
0.52038 14907.3
0.52039 14907.3
0.52040 14907.3
0.52041 14907.3
0.52042 14907.3
0.52043 14907.3
0.52044 14907.3
0.52045 14907.3
0.52046 14907.3
0.52047 14907.3
0.52048 14907.3
0.52049 14907.3
0.52050 14907.3
0.52051 14907.3
0.52052 14907.3
0.52053 14907.3
0.52054 14907.3
0.52055 14907.3
0.52056 14907.3
0.52057 14907.3
0.52058 14907.3
0.52059 14907.3
0.52060 14907.3
0.52061 14907.3
0.52062 14907.3
0.52063 14907.3
0.52064 14907.3
0.52065 14907.3
0.52066 14907.3
0.52067 14907.3
0.52068 14907.3
0.52069 14907.3
0.52070 14907.3
0.52071 14907.3
0.52072 14907.3
0.52073 14907.3
0.52074 14907.3
0.52075 14907.3
0.52076 14907.3
0.52077 14907.3
0.52078 14907.3
0.52079 14907.3
0.52080 14907.3
0.52081 14907.3
0.52082 14907.3
0.52083 14907.3
0.52084 14907.3
0.52085 14907.3
0.52086 14907.3
0.52087 14907.3
0.52088 14907.3
0.52089 14907.3
0.52090 14907.3
0.52091 14907.3
0.52092 14907.3
0.52093 14907.3
0.52094 14907.3
0.52095 14907.3
0.52096 14907.3
0.52097 14907.3
0.52098 14907.3
0.52099 14907.3
0.52100 14907.3
0.52101 14907.3
0.52102 14907.3
0.52103 14907.3
0.52104 14907.3
0.52105 14907.3
0.52106 14907.3
0.52107 14907.3
0.52108 14907.3
0.52109 14907.3
0.52110 14907.3
0.52111 14907.3
0.52112 14907.3
0.52113 14907.3
0.52114 14907.3
0.52115 14907.3
0.52116 14907.3
0.52117 14907.3
0.52118 14907.3
0.52119 14907.3
0.52120 14907.3
0.52121 14907.3
0.52122 14907.3
0.52123 14907.3
0.52124 14907.3
0.52125 14907.3
0.52126 14907.3
0.52127 14907.3
0.52128 14907.3
0.52129 14907.3
0.52130 14907.3
0.52131 14907.3
0.52132 14907.3
0.52133 14907.3
0.52134 14907.3
0.52135 14907.3
0.52136 14907.3
0.52137 14907.3
0.52138 14907.3
0.52139 14907.3
0.52140 14907.3
0.52141 14907.3
0.52142 14907.3
0.52143 14907.3
0.52144 14907.3
0.52145 14907.3
0.52146 14907.3
0.52147 14907.3
0.52148 14907.3
0.52149 14907.3
0.52150 14907.3
0.52151 14907.3
0.52152 14907.3
0.52153 14907.3
0.52154 14907.3
0.52155 14907.3
0.52156 14907.3
0.52157 14907.3
0.52158 14907.3
0.52159 14907.3
0.52160 14907.3
0.52161 14907.3
0.52162 14907.3
0.52163 14907.3
0.52164 14907.3
0.52165 14907.3
0.52166 14907.3
0.52167 14907.3
0.52168 14907.3
0.52169 14907.3
0.52170 14907.3
0.52171 14907.3
0.52172 14907.3
0.52173 14907.3
0.52174 14907.3
0.52175 14907.3
0.52176 14907.3
0.52177 14907.3
0.52178 14907.3
0.52179 14907.3
0.52180 14907.3
0.52181 14907.3
0.52182 14907.3
0.52183 14907.3
0.52184 14907.3
0.52185 14907.3
0.52186 14907.3
0.52187 14907.3
0.52188 14907.3
0.52189 14907.3
0.52190 14907.3
0.52191 14907.3
0.52192 14907.3
0.52193 14907.3
0.52194 14907.3
0.52195 14907.3
0.52196 14907.3
0.52197 14907.3
0.52198 14907.3
0.52199 14907.3
0.52200 14907.3
0.52201 14907.3
0.52202 14907.3
0.52203 14907.3
0.52204 14907.3
0.52205 14907.3
0.52206 14907.3
0.52207 14907.3
0.52208 14907.3
0.52209 14907.3
0.52210 14907.3
0.52211 14907.3
0.52212 14907.3
0.52213 14907.3
0.52214 14907.3
0.52215 14907.3
0.52216 14907.3
0.52217 14907.3
0.52218 14907.3
0.52219 14907.3
0.52220 14907.3
0.52221 14907.3
0.52222 14907.3
0.52223 14907.3
0.52224 14907.3
0.52225 14907.3
0.52226 14907.3
0.52227 14907.3
0.52228 14907.3
0.52229 14907.3
0.52230 14907.3
0.52231 14907.3
0.52232 14907.3
0.52233 14907.3
0.52234 14907.3
0.52235 14907.3
0.52236 14907.3
0.52237 14907.3
0.52238 14907.3
0.52239 14907.3
0.52240 14907.3
0.52241 14907.3
0.52242 14907.3
0.52243 14907.3
0.52244 14907.3
0.52245 14907.3
0.52246 14907.3
0.52247 14907.3
0.52248 14907.3
0.52249 14907.3
0.52250 14907.3
0.52251 14907.3
0.52252 14907.3
0.52253 14907.3
0.52254 14907.3
0.52255 14907.3
0.52256 14907.3
0.52257 14907.3
0.52258 14907.3
0.52259 14907.3
0.52260 14907.3
0.52261 14907.3
0.52262 14907.3
0.52263 14907.3
0.52264 14907.3
0.52265 14907.3
0.52266 14907.3
0.52267 14907.3
0.52268 14907.3
0.52269 14907.3
0.52270 14907.3
0.52271 14907.3
0.52272 14907.3
0.52273 14907.3
0.52274 14907.3
0.52275 14907.3
0.52276 14907.3
0.52277 14907.3
0.52278 14907.3
0.52279 14907.3
0.52280 14907.3
0.52281 14907.3
0.52282 14907.3
0.52283 14907.3
0.52284 14907.3
0.52285 14907.3
0.52286 14907.3
0.52287 14907.3
0.52288 14907.3
0.52289 14907.3
0.52290 14907.3
0.52291 14907.3
0.52292 14907.3
0.52293 14907.3
0.52294 14907.3
0.52295 14907.3
0.52296 14907.3
0.52297 14907.3
0.52298 14907.3
0.52299 14907.3
0.52300 14907.3
0.52301 14907.3
0.52302 14907.3
0.52303 14907.3
0.52304 14907.3
0.52305 14907.3
0.52306 14907.3
0.52307 14907.3
0.52308 14907.3
0.52309 14907.3
0.52310 14907.3
0.52311 14907.3
0.52312 14907.3
0.52313 14907.3
0.52314 14907.3
0.52315 14907.3
0.52316 14907.3
0.52317 14907.3
0.52318 14907.3
0.52319 14907.3
0.52320 14907.3
0.52321 14907.3
0.52322 14907.3
0.52323 14907.3
0.52324 14907.3
0.52325 14907.3
0.52326 14907.3
0.52327 14907.3
0.52328 14907.3
0.52329 14907.3
0.52330 14907.3
0.52331 14907.3
0.52332 14907.3
0.52333 14907.3
0.52334 14907.3
0.52335 14907.3
0.52336 14907.3
0.52337 14907.3
0.52338 14907.3
0.52339 14907.3
0.52340 14907.3
0.52341 14907.3
0.52342 14907.3
0.52343 14907.3
0.52344 14907.3
0.52345 14907.3
0.52346 14907.3
0.52347 14907.3
0.52348 14907.3
0.52349 14907.3
0.52350 14907.3
0.52351 14907.3
0.52352 14907.3
0.52353 14907.3
0.52354 14907.3
0.52355 14907.3
0.52356 14907.3
0.52357 14907.3
0.52358 14907.3
0.52359 14907.3
0.52360 14907.3
0.52361 14907.3
0.52362 14907.3
0.52363 14907.3
0.52364 14907.3
0.52365 14907.3
0.52366 14907.3
0.52367 14907.3
0.52368 14907.3
0.52369 14907.3
0.52370 14907.3
0.52371 14907.3
0.52372 14907.3
0.52373 14907.3
0.52374 14907.3
0.52375 14907.3
0.52376 14907.3
0.52377 14907.3
0.52378 14907.3
0.52379 14907.3
0.52380 14907.3
0.52381 14907.3
0.52382 14907.3
0.52383 14907.3
0.52384 14907.3
0.52385 14907.3
0.52386 14907.3
0.52387 14907.3
0.52388 14907.3
0.52389 14907.3
0.52390 14907.3
0.52391 14907.3
0.52392 14907.3
0.52393 14907.3
0.52394 14907.3
0.52395 14907.3
0.52396 14907.3
0.52397 14907.3
0.52398 14907.3
0.52399 14907.3
0.52400 14907.3
0.52401 14907.3
0.52402 14907.3
0.52403 14907.3
0.52404 14907.3
0.52405 14907.3
0.52406 14907.3
0.52407 14907.3
0.52408 14907.3
0.52409 14907.3
0.52410 14907.3
0.52411 14907.3
0.52412 14907.3
0.52413 14907.3
0.52414 14907.3
0.52415 14907.3
0.52416 14907.3
0.52417 14907.3
0.52418 14907.3
0.52419 14907.3
0.52420 14907.3
0.52421 14907.3
0.52422 14907.3
0.52423 14907.3
0.52424 14907.3
0.52425 14907.3
0.52426 14907.3
0.52427 14907.3
0.52428 14907.3
0.52429 14907.3
0.52430 14907.3
0.52431 14907.3
0.52432 14907.3
0.52433 14907.3
0.52434 14907.3
0.52435 14907.3
0.52436 14907.3
0.52437 14907.3
0.52438 14907.3
0.52439 14907.3
0.52440 14907.3
0.52441 14907.3
0.52442 14907.3
0.52443 14907.3
0.52444 14907.3
0.52445 14907.3
0.52446 14907.3
0.52447 14907.3
0.52448 14907.3
0.52449 14907.3
0.52450 14907.3
0.52451 14907.3
0.52452 14907.3
0.52453 14907.3
0.52454 14907.3
0.52455 14907.3
0.52456 14907.3
0.52457 14907.3
0.52458 14907.3
0.52459 14907.3
0.52460 14907.3
0.52461 14907.3
0.52462 14907.3
0.52463 14907.3
0.52464 14907.3
0.52465 14907.3
0.52466 14907.3
0.52467 14907.3
0.52468 14907.3
0.52469 14907.3
0.52470 14907.3
0.52471 14907.3
0.52472 14907.3
0.52473 14907.3
0.52474 14907.3
0.52475 14907.3
0.52476 14907.3
0.52477 14907.3
0.52478 14907.3
0.52479 14907.3
0.52480 14907.3
0.52481 14907.3
0.52482 14907.3
0.52483 14907.3
0.52484 14907.3
0.52485 14907.3
0.52486 14907.3
0.52487 14907.3
0.52488 14907.3
0.52489 14907.3
0.52490 14907.3
0.52491 14907.3
0.52492 14907.3
0.52493 14907.3
0.52494 14907.3
0.52495 14907.3
0.52496 14907.3
0.52497 14907.3
0.52498 14907.3
0.52499 14907.3
0.52500 14907.3
0.52501 14907.3
0.52502 14907.3
0.52503 14907.3
0.52504 14907.3
0.52505 14907.3
0.52506 14907.3
0.52507 14907.3
0.52508 14907.3
0.52509 14907.3
0.52510 14907.3
0.52511 14907.3
0.52512 14907.3
0.52513 14907.3
0.52514 14907.3
0.52515 14907.3
0.52516 14907.3
0.52517 14907.3
0.52518 14907.3
0.52519 14907.3
0.52520 14907.3
0.52521 14907.3
0.52522 14907.3
0.52523 14907.3
0.52524 14907.3
0.52525 14907.3
0.52526 14907.3
0.52527 14907.3
0.52528 14907.3
0.52529 14907.3
0.52530 14907.3
0.52531 14907.3
0.52532 14907.3
0.52533 14907.3
0.52534 14907.3
0.52535 14907.3
0.52536 14907.3
0.52537 14907.3
0.52538 14907.3
0.52539 14907.3
0.52540 14907.3
0.52541 14907.3
0.52542 14907.3
0.52543 14907.3
0.52544 14907.3
0.52545 14907.3
0.52546 14907.3
0.52547 14907.3
0.52548 14907.3
0.52549 14907.3
0.52550 14907.3
0.52551 14907.3
0.52552 14907.3
0.52553 14907.3
0.52554 14907.3
0.52555 14907.3
0.52556 14907.3
0.52557 14907.3
0.52558 14907.3
0.52559 14907.3
0.52560 14907.3
0.52561 14907.3
0.52562 14907.3
0.52563 14907.3
0.52564 14907.3
0.52565 14907.3
0.52566 14907.3
0.52567 14907.3
0.52568 14907.3
0.52569 14907.3
0.52570 14907.3
0.52571 14907.3
0.52572 14907.3
0.52573 14907.3
0.52574 14907.3
0.52575 14907.3
0.52576 14907.3
0.52577 14907.3
0.52578 14907.3
0.52579 14907.3
0.52580 14907.3
0.52581 14907.3
0.52582 14907.3
0.52583 14907.3
0.52584 14907.3
0.52585 14907.3
0.52586 14907.3
0.52587 14907.3
0.52588 14907.3
0.52589 14907.3
0.52590 14907.3
0.52591 14907.3
0.52592 14907.3
0.52593 14907.3
0.52594 14907.3
0.52595 14907.3
0.52596 14907.3
0.52597 14907.3
0.52598 14907.3
0.52599 14907.3
0.52600 14907.3
0.52601 14907.3
0.52602 14907.3
0.52603 14907.3
0.52604 14907.3
0.52605 14907.3
0.52606 14907.3
0.52607 14907.3
0.52608 14907.3
0.52609 14907.3
0.52610 14907.3
0.52611 14907.3
0.52612 14907.3
0.52613 14907.3
0.52614 14907.3
0.52615 14907.3
0.52616 14907.3
0.52617 14907.3
0.52618 14907.3
0.52619 14907.3
0.52620 14907.3
0.52621 14907.3
0.52622 14907.3
0.52623 14907.3
0.52624 14907.3
0.52625 14907.3
0.52626 14907.3
0.52627 14907.3
0.52628 14907.3
0.52629 14907.3
0.52630 14907.3
0.52631 14907.3
0.52632 14907.3
0.52633 14907.3
0.52634 14907.3
0.52635 14907.3
0.52636 14907.3
0.52637 14907.3
0.52638 14907.3
0.52639 14907.3
0.52640 14907.3
0.52641 14907.3
0.52642 14907.3
0.52643 14907.3
0.52644 14907.3
0.52645 14907.3
0.52646 14907.3
0.52647 14907.3
0.52648 14907.3
0.52649 14907.3
0.52650 14907.3
0.52651 14907.3
0.52652 14907.3
0.52653 14907.3
0.52654 14907.3
0.52655 14907.3
0.52656 14907.3
0.52657 14907.3
0.52658 14907.3
0.52659 14907.3
0.52660 14907.3
0.52661 14907.3
0.52662 14907.3
0.52663 14907.3
0.52664 14907.3
0.52665 14907.3
0.52666 14907.3
0.52667 14907.3
0.52668 14907.3
0.52669 14907.3
0.52670 14907.3
0.52671 14907.3
0.52672 14907.3
0.52673 14907.3
0.52674 14907.3
0.52675 14907.3
0.52676 14907.3
0.52677 14907.3
0.52678 14907.3
0.52679 14907.3
0.52680 14907.3
0.52681 14907.3
0.52682 14907.3
0.52683 14907.3
0.52684 14907.3
0.52685 14907.3
0.52686 14907.3
0.52687 14907.3
0.52688 14907.3
0.52689 14907.3
0.52690 14907.3
0.52691 14907.3
0.52692 14907.3
0.52693 14907.3
0.52694 14907.3
0.52695 14907.3
0.52696 14907.3
0.52697 14907.3
0.52698 14907.3
0.52699 14907.3
0.52700 14907.3
0.52701 14907.3
0.52702 14907.3
0.52703 14907.3
0.52704 14907.3
0.52705 14907.3
0.52706 14907.3
0.52707 14907.3
0.52708 14907.3
0.52709 14907.3
0.52710 14907.3
0.52711 14907.3
0.52712 14907.3
0.52713 14907.3
0.52714 14907.3
0.52715 14907.3
0.52716 14907.3
0.52717 14907.3
0.52718 14907.3
0.52719 14907.3
0.52720 14907.3
0.52721 14907.3
0.52722 14907.3
0.52723 14907.3
0.52724 14907.3
0.52725 14907.3
0.52726 14907.3
0.52727 14907.3
0.52728 14907.3
0.52729 14907.3
0.52730 14907.3
0.52731 14907.3
0.52732 14907.3
0.52733 14907.3
0.52734 14907.3
0.52735 14907.3
0.52736 14907.3
0.52737 14907.3
0.52738 14907.3
0.52739 14907.3
0.52740 14907.3
0.52741 14907.3
0.52742 14907.3
0.52743 14907.3
0.52744 14907.3
0.52745 14907.3
0.52746 14907.3
0.52747 14907.3
0.52748 14907.3
0.52749 14907.3
0.52750 14907.3
0.52751 14907.3
0.52752 14907.3
0.52753 14907.3
0.52754 14907.3
0.52755 14907.3
0.52756 14907.3
0.52757 14907.3
0.52758 14907.3
0.52759 14907.3
0.52760 14907.3
0.52761 14907.3
0.52762 14907.3
0.52763 14907.3
0.52764 14907.3
0.52765 14907.3
0.52766 14907.3
0.52767 14907.3
0.52768 14907.3
0.52769 14907.3
0.52770 14907.3
0.52771 14907.3
0.52772 14907.3
0.52773 14907.3
0.52774 14907.3
0.52775 14907.3
0.52776 14907.3
0.52777 14907.3
0.52778 14907.3
0.52779 14907.3
0.52780 14907.3
0.52781 14907.3
0.52782 14907.3
0.52783 14907.3
0.52784 14907.3
0.52785 14907.3
0.52786 14907.3
0.52787 14907.3
0.52788 14907.3
0.52789 14907.3
0.52790 14907.3
0.52791 14907.3
0.52792 14907.3
0.52793 14907.3
0.52794 14907.3
0.52795 14907.3
0.52796 14907.3
0.52797 14907.3
0.52798 14907.3
0.52799 14907.3
0.52800 14907.3
0.52801 14907.3
0.52802 14907.3
0.52803 14907.3
0.52804 14907.3
0.52805 14907.3
0.52806 14907.3
0.52807 14907.3
0.52808 14907.3
0.52809 14907.3
0.52810 14907.3
0.52811 14907.3
0.52812 14907.3
0.52813 14907.3
0.52814 14907.3
0.52815 14907.3
0.52816 14907.3
0.52817 14907.3
0.52818 14907.3
0.52819 14907.3
0.52820 14907.3
0.52821 14907.3
0.52822 14907.3
0.52823 14907.3
0.52824 14907.3
0.52825 14907.3
0.52826 14907.3
0.52827 14907.3
0.52828 14907.3
0.52829 14907.3
0.52830 14907.3
0.52831 14907.3
0.52832 14907.3
0.52833 14907.3
0.52834 14907.3
0.52835 14907.3
0.52836 14907.3
0.52837 14907.3
0.52838 14907.3
0.52839 14907.3
0.52840 14907.3
0.52841 14907.3
0.52842 14907.3
0.52843 14907.3
0.52844 14907.3
0.52845 14907.3
0.52846 14907.3
0.52847 14907.3
0.52848 14907.3
0.52849 14907.3
0.52850 14907.3
0.52851 14907.3
0.52852 14907.3
0.52853 14907.3
0.52854 14907.3
0.52855 14907.3
0.52856 14907.3
0.52857 14907.3
0.52858 14907.3
0.52859 14907.3
0.52860 14907.3
0.52861 14907.3
0.52862 14907.3
0.52863 14907.3
0.52864 14907.3
0.52865 14907.3
0.52866 14907.3
0.52867 14907.3
0.52868 14907.3
0.52869 14907.3
0.52870 14907.3
0.52871 14907.3
0.52872 14907.3
0.52873 14907.3
0.52874 14907.3
0.52875 14907.3
0.52876 14907.3
0.52877 14907.3
0.52878 14907.3
0.52879 14907.3
0.52880 14907.3
0.52881 14907.3
0.52882 14907.3
0.52883 14907.3
0.52884 14907.3
0.52885 14907.3
0.52886 14907.3
0.52887 14907.3
0.52888 14907.3
0.52889 14907.3
0.52890 14907.3
0.52891 14907.3
0.52892 14907.3
0.52893 14907.3
0.52894 14907.3
0.52895 14907.3
0.52896 14907.3
0.52897 14907.3
0.52898 14907.3
0.52899 14907.3
0.52900 14907.3
0.52901 14907.3
0.52902 14907.3
0.52903 14907.3
0.52904 14907.3
0.52905 14907.3
0.52906 14907.3
0.52907 14907.3
0.52908 14907.3
0.52909 14907.3
0.52910 14907.3
0.52911 14907.3
0.52912 14907.3
0.52913 14907.3
0.52914 14907.3
0.52915 14907.3
0.52916 14907.3
0.52917 14907.3
0.52918 14907.3
0.52919 14907.3
0.52920 14907.3
0.52921 14907.3
0.52922 14907.3
0.52923 14907.3
0.52924 14907.3
0.52925 14907.3
0.52926 14907.3
0.52927 14907.3
0.52928 14907.3
0.52929 14907.3
0.52930 14907.3
0.52931 14907.3
0.52932 14907.3
0.52933 14907.3
0.52934 14907.3
0.52935 14907.3
0.52936 14907.3
0.52937 14907.3
0.52938 14907.3
0.52939 14907.3
0.52940 14907.3
0.52941 14907.3
0.52942 14907.3
0.52943 14907.3
0.52944 14907.3
0.52945 14907.3
0.52946 14907.3
0.52947 14907.3
0.52948 14907.3
0.52949 14907.3
0.52950 14907.3
0.52951 14907.3
0.52952 14907.3
0.52953 14907.3
0.52954 14907.3
0.52955 14907.3
0.52956 14907.3
0.52957 14907.3
0.52958 14907.3
0.52959 14907.3
0.52960 14907.3
0.52961 14907.3
0.52962 14907.3
0.52963 14907.3
0.52964 14907.3
0.52965 14907.3
0.52966 14907.3
0.52967 14907.3
0.52968 14907.3
0.52969 14907.3
0.52970 14907.3
0.52971 14907.3
0.52972 14907.3
0.52973 14907.3
0.52974 14907.3
0.52975 14907.3
0.52976 14907.3
0.52977 14907.3
0.52978 14907.3
0.52979 14907.3
0.52980 14907.3
0.52981 14907.3
0.52982 14907.3
0.52983 14907.3
0.52984 14907.3
0.52985 14907.3
0.52986 14907.3
0.52987 14907.3
0.52988 14907.3
0.52989 14907.3
0.52990 14907.3
0.52991 14907.3
0.52992 14907.3
0.52993 14907.3
0.52994 14907.3
0.52995 14907.3
0.52996 14907.3
0.52997 14907.3
0.52998 14907.3
0.52999 14907.3
0.53000 14907.3
