0.00000 982.4
0.00001 982.4
0.00002 982.4
0.00003 982.4
0.00004 982.4
0.00005 982.4
0.00006 982.4
0.00007 982.4
0.00008 982.4
0.00009 982.4
0.00010 982.4
0.00011 982.4
0.00012 982.4
0.00013 982.4
0.00014 982.4
0.00015 982.4
0.00016 982.4
0.00017 982.4
0.00018 982.4
0.00019 982.4
0.00020 982.4
0.00021 982.4
0.00022 982.4
0.00023 982.4
0.00024 982.4
0.00025 982.4
0.00026 982.4
0.00027 982.4
0.00028 982.4
0.00029 982.4
0.00030 982.4
0.00031 982.4
0.00032 982.4
0.00033 982.4
0.00034 982.4
0.00035 982.4
0.00036 982.4
0.00037 982.4
0.00038 982.4
0.00039 982.4
0.00040 982.4
0.00041 982.4
0.00042 982.4
0.00043 982.4
0.00044 982.4
0.00045 982.4
0.00046 982.4
0.00047 982.4
0.00048 982.4
0.00049 982.4
0.00050 982.4
0.00051 982.4
0.00052 982.4
0.00053 982.4
0.00054 982.4
0.00055 982.4
0.00056 982.4
0.00057 982.4
0.00058 982.4
0.00059 982.4
0.00060 982.4
0.00061 982.4
0.00062 982.4
0.00063 982.4
0.00064 982.4
0.00065 982.4
0.00066 982.4
0.00067 982.4
0.00068 982.4
0.00069 982.4
0.00070 982.4
0.00071 982.4
0.00072 982.4
0.00073 982.4
0.00074 982.4
0.00075 982.4
0.00076 982.4
0.00077 982.4
0.00078 982.4
0.00079 982.4
0.00080 982.4
0.00081 982.4
0.00082 982.4
0.00083 982.4
0.00084 982.4
0.00085 982.4
0.00086 982.4
0.00087 982.4
0.00088 982.4
0.00089 982.4
0.00090 982.4
0.00091 982.4
0.00092 982.4
0.00093 982.4
0.00094 982.4
0.00095 982.4
0.00096 982.4
0.00097 982.4
0.00098 982.4
0.00099 982.4
0.00100 982.4
0.00101 1006.0
0.00102 1030.0
0.00103 1054.6
0.00104 1079.7
0.00105 1105.3
0.00106 1131.5
0.00107 1158.1
0.00108 1185.4
0.00109 1213.1
0.00110 1241.5
0.00111 1270.4
0.00112 1300.0
0.00113 1330.1
0.00114 1360.9
0.00115 1392.3
0.00116 1424.3
0.00117 1457.0
0.00118 1490.4
0.00119 1524.5
0.00120 1559.3
0.00121 1594.9
0.00122 1631.3
0.00123 1668.5
0.00124 1706.5
0.00125 1745.4
0.00126 1785.3
0.00127 1826.2
0.00128 1868.1
0.00129 1911.2
0.00130 1955.5
0.00131 2001.1
0.00132 2048.2
0.00133 2096.9
0.00134 2147.3
0.00135 2199.6
0.00136 2254.1
0.00137 2311.1
0.00138 2370.8
0.00139 2433.6
0.00140 2500.0
0.00141 2570.5
0.00142 2645.6
0.00143 2726.2
0.00144 2813.2
0.00145 2907.5
0.00146 3010.6
0.00147 3124.0
0.00148 3249.7
0.00149 3389.9
0.00150 3547.8
0.00151 3640.0
0.00152 3751.4
0.00153 3885.0
0.00154 4044.4
0.00155 4234.0
0.00156 4459.0
0.00157 4725.7
0.00158 5041.8
0.00159 5415.9
0.00160 5857.7
0.00161 6377.3
0.00162 6983.6
0.00163 7682.2
0.00164 8472.4
0.00165 9343.1
0.00166 10270.4
0.00167 11218.8
0.00168 12147.1
0.00169 13017.2
0.00170 13801.5
0.00171 14486.2
0.00172 15068.9
0.00173 15554.5
0.00174 15952.0
0.00175 16271.0
0.00176 16521.1
0.00177 16710.7
0.00178 16846.9
0.00179 16935.9
0.00180 16982.9
0.00181 16992.0
0.00182 16967.0
0.00183 16910.7
0.00184 16825.8
0.00185 16714.4
0.00186 16578.4
0.00187 16419.5
0.00188 16239.2
0.00189 16039.0
0.00190 15820.1
0.00191 15583.8
0.00192 15331.3
0.00193 15063.8
0.00194 14782.6
0.00195 14488.8
0.00196 14183.7
0.00197 13868.5
0.00198 13544.6
0.00199 13213.0
0.00200 12875.2
0.00201 12532.4
0.00202 12185.7
0.00203 11836.6
0.00204 11486.2
0.00205 11135.6
0.00206 10786.0
0.00207 10438.4
0.00208 10094.0
0.00209 9753.7
0.00210 9418.3
0.00211 9088.6
0.00212 8765.5
0.00213 8449.5
0.00214 8141.3
0.00215 7841.2
0.00216 7549.8
0.00217 7267.4
0.00218 6994.2
0.00219 6730.4
0.00220 6476.1
0.00221 6231.4
0.00222 5996.3
0.00223 5770.8
0.00224 5554.6
0.00225 5347.8
0.00226 5150.0
0.00227 4961.1
0.00228 4780.9
0.00229 4609.0
0.00230 4445.3
0.00231 4289.3
0.00232 4140.9
0.00233 3999.7
0.00234 3865.3
0.00235 3737.6
0.00236 3616.1
0.00237 3500.6
0.00238 3390.8
0.00239 3286.4
0.00240 3187.2
0.00241 3092.7
0.00242 3002.9
0.00243 2917.4
0.00244 2836.0
0.00245 2758.5
0.00246 2684.7
0.00247 2614.3
0.00248 2547.2
0.00249 2483.1
0.00250 2422.0
0.00251 2363.6
0.00252 2307.8
0.00253 2254.5
0.00254 2203.5
0.00255 2154.7
0.00256 2107.9
0.00257 2063.2
0.00258 2020.2
0.00259 1979.1
0.00260 1939.6
0.00261 1901.7
0.00262 1865.4
0.00263 1830.4
0.00264 1796.9
0.00265 1764.6
0.00266 1733.6
0.00267 1703.8
0.00268 1675.1
0.00269 1647.6
0.00270 1621.0
0.00271 1595.5
0.00272 1571.0
0.00273 1547.3
0.00274 1524.6
0.00275 1502.7
0.00276 1481.6
0.00277 1461.4
0.00278 1441.8
0.00279 1423.1
0.00280 1405.0
0.00281 1387.6
0.00282 1370.8
0.00283 1354.7
0.00284 1339.2
0.00285 1324.3
0.00286 1309.9
0.00287 1296.1
0.00288 1282.8
0.00289 1270.0
0.00290 1257.7
0.00291 1245.9
0.00292 1234.5
0.00293 1223.5
0.00294 1213.0
0.00295 1202.8
0.00296 1193.0
0.00297 1183.6
0.00298 1174.6
0.00299 1165.8
0.00300 1157.4
0.00301 1149.4
0.00302 1141.6
0.00303 1134.1
0.00304 1126.8
0.00305 1119.9
0.00306 1113.2
0.00307 1106.7
0.00308 1100.5
0.00309 1094.5
0.00310 1088.7
0.00311 1083.1
0.00312 1077.7
0.00313 1072.5
0.00314 1067.5
0.00315 1062.6
0.00316 1058.0
0.00317 1053.4
0.00318 1049.1
0.00319 1044.9
0.00320 1040.8
0.00321 1036.9
0.00322 1033.1
0.00323 1029.4
0.00324 1025.9
0.00325 1022.5
0.00326 1019.1
0.00327 1015.9
0.00328 1012.8
0.00329 1009.8
0.00330 1006.9
0.00331 1004.1
0.00332 1001.4
0.00333 998.8
0.00334 996.2
0.00335 993.7
0.00336 991.4
0.00337 989.0
0.00338 986.8
0.00339 984.6
0.00340 982.5
0.00341 980.5
0.00342 978.5
0.00343 976.6
0.00344 974.7
0.00345 972.9
0.00346 971.1
0.00347 969.4
0.00348 967.8
0.00349 966.2
0.00350 964.6
0.00351 963.1
0.00352 961.7
0.00353 960.3
0.00354 958.9
0.00355 957.5
0.00356 956.2
0.00357 955.0
0.00358 953.7
0.00359 952.6
0.00360 951.4
0.00361 950.3
0.00362 949.2
0.00363 948.1
0.00364 947.1
0.00365 946.1
0.00366 945.1
0.00367 944.2
0.00368 943.2
0.00369 942.3
0.00370 941.5
0.00371 940.6
0.00372 939.8
0.00373 939.0
0.00374 938.2
0.00375 937.4
0.00376 936.7
0.00377 936.0
0.00378 935.3
0.00379 934.6
0.00380 933.9
0.00381 933.3
0.00382 932.7
0.00383 932.1
0.00384 931.5
0.00385 930.9
0.00386 930.3
0.00387 929.8
0.00388 929.2
0.00389 928.7
0.00390 928.2
0.00391 927.7
0.00392 927.2
0.00393 926.8
0.00394 926.3
0.00395 925.9
0.00396 925.4
0.00397 925.0
0.00398 924.6
0.00399 924.2
0.00400 923.8
0.00401 923.4
0.00402 923.1
0.00403 922.7
0.00404 922.4
0.00405 922.0
0.00406 921.7
0.00407 921.4
0.00408 921.1
0.00409 920.7
0.00410 920.4
0.00411 920.2
0.00412 919.9
0.00413 919.6
0.00414 919.3
0.00415 919.1
0.00416 918.8
0.00417 918.6
0.00418 918.3
0.00419 918.1
0.00420 917.8
0.00421 917.6
0.00422 917.4
0.00423 917.2
0.00424 917.0
0.00425 916.8
0.00426 916.6
0.00427 916.4
0.00428 916.2
0.00429 916.0
0.00430 915.9
0.00431 915.7
0.00432 915.5
0.00433 915.4
0.00434 915.2
0.00435 915.0
0.00436 914.9
0.00437 914.7
0.00438 914.6
0.00439 914.5
0.00440 914.3
0.00441 914.2
0.00442 914.1
0.00443 914.0
0.00444 913.8
0.00445 913.7
0.00446 913.6
0.00447 913.5
0.00448 913.4
0.00449 913.3
0.00450 913.2
0.00451 913.1
0.00452 913.0
0.00453 912.9
0.00454 912.8
0.00455 912.7
0.00456 912.7
0.00457 912.6
0.00458 912.5
0.00459 912.4
0.00460 912.4
0.00461 912.3
0.00462 912.2
0.00463 912.1
0.00464 912.1
0.00465 912.0
0.00466 912.0
0.00467 911.9
0.00468 911.9
0.00469 911.8
0.00470 911.8
0.00471 911.7
0.00472 911.7
0.00473 911.6
0.00474 911.6
0.00475 911.5
0.00476 911.5
0.00477 911.5
0.00478 911.4
0.00479 911.4
0.00480 911.3
0.00481 911.3
0.00482 911.3
0.00483 911.3
0.00484 911.2
0.00485 911.2
0.00486 911.2
0.00487 911.2
0.00488 911.1
0.00489 911.1
0.00490 911.1
0.00491 911.1
0.00492 911.1
0.00493 911.1
0.00494 911.0
0.00495 911.0
0.00496 911.0
0.00497 911.0
0.00498 911.0
0.00499 911.0
0.00500 911.0
0.00501 911.0
0.00502 911.0
0.00503 911.0
0.00504 911.0
0.00505 911.0
0.00506 911.0
0.00507 911.0
0.00508 911.0
0.00509 911.0
0.00510 911.0
0.00511 911.0
0.00512 911.0
0.00513 911.0
0.00514 911.0
0.00515 911.0
0.00516 911.1
0.00517 911.1
0.00518 911.1
0.00519 911.1
0.00520 911.1
0.00521 911.1
0.00522 911.1
0.00523 911.2
0.00524 911.2
0.00525 911.2
0.00526 911.2
0.00527 911.2
0.00528 911.2
0.00529 911.3
0.00530 911.3
0.00531 911.3
0.00532 911.3
0.00533 911.4
0.00534 911.4
0.00535 911.4
0.00536 911.4
0.00537 911.5
0.00538 911.5
0.00539 911.5
0.00540 911.5
0.00541 911.6
0.00542 911.6
0.00543 911.6
0.00544 911.6
0.00545 911.7
0.00546 911.7
0.00547 911.7
0.00548 911.8
0.00549 911.8
0.00550 911.8
0.00551 911.9
0.00552 911.9
0.00553 911.9
0.00554 912.0
0.00555 912.0
0.00556 912.0
0.00557 912.1
0.00558 912.1
0.00559 912.2
0.00560 912.2
0.00561 912.2
0.00562 912.3
0.00563 912.3
0.00564 912.4
0.00565 912.4
0.00566 912.4
0.00567 912.5
0.00568 912.5
0.00569 912.6
0.00570 912.6
0.00571 912.6
0.00572 912.7
0.00573 912.7
0.00574 912.8
0.00575 912.8
0.00576 912.9
0.00577 912.9
0.00578 912.9
0.00579 913.0
0.00580 913.0
0.00581 913.1
0.00582 913.1
0.00583 913.2
0.00584 913.2
0.00585 913.3
0.00586 913.3
0.00587 913.4
0.00588 913.4
0.00589 913.5
0.00590 913.5
0.00591 913.6
0.00592 913.6
0.00593 913.7
0.00594 913.7
0.00595 913.8
0.00596 913.8
0.00597 913.9
0.00598 913.9
0.00599 914.0
0.00600 914.0
0.00601 914.1
0.00602 914.1
0.00603 914.2
0.00604 914.2
0.00605 914.3
0.00606 914.3
0.00607 914.4
0.00608 914.4
0.00609 914.5
0.00610 914.5
0.00611 914.6
0.00612 914.6
0.00613 914.7
0.00614 914.8
0.00615 914.8
0.00616 914.9
0.00617 914.9
0.00618 915.0
0.00619 915.0
0.00620 915.1
0.00621 915.1
0.00622 915.2
0.00623 915.3
0.00624 915.3
0.00625 915.4
0.00626 915.4
0.00627 915.5
0.00628 915.5
0.00629 915.6
0.00630 915.7
0.00631 915.7
0.00632 915.8
0.00633 915.8
0.00634 915.9
0.00635 916.0
0.00636 916.0
0.00637 916.1
0.00638 916.1
0.00639 916.2
0.00640 916.3
0.00641 916.3
0.00642 916.4
0.00643 916.4
0.00644 916.5
0.00645 916.6
0.00646 916.6
0.00647 916.7
0.00648 916.7
0.00649 916.8
0.00650 916.9
0.00651 916.9
0.00652 917.0
0.00653 917.0
0.00654 917.1
0.00655 917.2
0.00656 917.2
0.00657 917.3
0.00658 917.4
0.00659 917.4
0.00660 917.5
0.00661 917.6
0.00662 917.6
0.00663 917.7
0.00664 917.7
0.00665 917.8
0.00666 917.9
0.00667 917.9
0.00668 918.0
0.00669 918.1
0.00670 918.1
0.00671 918.2
0.00672 918.3
0.00673 918.3
0.00674 918.4
0.00675 918.4
0.00676 918.5
0.00677 918.6
0.00678 918.6
0.00679 918.7
0.00680 918.8
0.00681 918.8
0.00682 918.9
0.00683 919.0
0.00684 919.0
0.00685 919.1
0.00686 919.2
0.00687 919.2
0.00688 919.3
0.00689 919.4
0.00690 919.4
0.00691 919.5
0.00692 919.6
0.00693 919.6
0.00694 919.7
0.00695 919.8
0.00696 919.8
0.00697 919.9
0.00698 920.0
0.00699 920.0
0.00700 920.1
0.00701 920.2
0.00702 920.2
0.00703 920.3
0.00704 920.4
0.00705 920.4
0.00706 920.5
0.00707 920.6
0.00708 920.6
0.00709 920.7
0.00710 920.8
0.00711 920.8
0.00712 920.9
0.00713 921.0
0.00714 921.0
0.00715 921.1
0.00716 921.2
0.00717 921.3
0.00718 921.3
0.00719 921.4
0.00720 921.5
0.00721 921.5
0.00722 921.6
0.00723 921.7
0.00724 921.7
0.00725 921.8
0.00726 921.9
0.00727 921.9
0.00728 922.0
0.00729 922.1
0.00730 922.1
0.00731 922.2
0.00732 922.3
0.00733 922.4
0.00734 922.4
0.00735 922.5
0.00736 922.6
0.00737 922.6
0.00738 922.7
0.00739 922.8
0.00740 922.8
0.00741 922.9
0.00742 923.0
0.00743 923.0
0.00744 923.1
0.00745 923.2
0.00746 923.3
0.00747 923.3
0.00748 923.4
0.00749 923.5
0.00750 923.5
0.00751 923.6
0.00752 923.7
0.00753 923.7
0.00754 923.8
0.00755 923.9
0.00756 924.0
0.00757 924.0
0.00758 924.1
0.00759 924.2
0.00760 924.2
0.00761 924.3
0.00762 924.4
0.00763 924.5
0.00764 924.5
0.00765 924.6
0.00766 924.7
0.00767 924.7
0.00768 924.8
0.00769 924.9
0.00770 924.9
0.00771 925.0
0.00772 925.1
0.00773 925.2
0.00774 925.2
0.00775 925.3
0.00776 925.4
0.00777 925.4
0.00778 925.5
0.00779 925.6
0.00780 925.7
0.00781 925.7
0.00782 925.8
0.00783 925.9
0.00784 925.9
0.00785 926.0
0.00786 926.1
0.00787 926.2
0.00788 926.2
0.00789 926.3
0.00790 926.4
0.00791 926.4
0.00792 926.5
0.00793 926.6
0.00794 926.7
0.00795 926.7
0.00796 926.8
0.00797 926.9
0.00798 926.9
0.00799 927.0
0.00800 927.1
0.00801 927.2
0.00802 927.2
0.00803 927.3
0.00804 927.4
0.00805 927.4
0.00806 927.5
0.00807 927.6
0.00808 927.7
0.00809 927.7
0.00810 927.8
0.00811 927.9
0.00812 927.9
0.00813 928.0
0.00814 928.1
0.00815 928.1
0.00816 928.2
0.00817 928.3
0.00818 928.4
0.00819 928.4
0.00820 928.5
0.00821 928.6
0.00822 928.6
0.00823 928.7
0.00824 928.8
0.00825 928.9
0.00826 928.9
0.00827 929.0
0.00828 929.1
0.00829 929.1
0.00830 929.2
0.00831 929.3
0.00832 929.4
0.00833 929.4
0.00834 929.5
0.00835 929.6
0.00836 929.6
0.00837 929.7
0.00838 929.8
0.00839 929.9
0.00840 929.9
0.00841 930.0
0.00842 930.1
0.00843 930.1
0.00844 930.2
0.00845 930.3
0.00846 930.4
0.00847 930.4
0.00848 930.5
0.00849 930.6
0.00850 930.6
0.00851 930.7
0.00852 930.8
0.00853 930.9
0.00854 930.9
0.00855 931.0
0.00856 931.1
0.00857 931.1
0.00858 931.2
0.00859 931.3
0.00860 931.3
0.00861 931.4
0.00862 931.5
0.00863 931.6
0.00864 931.6
0.00865 931.7
0.00866 931.8
0.00867 931.8
0.00868 931.9
0.00869 932.0
0.00870 932.1
0.00871 932.1
0.00872 932.2
0.00873 932.3
0.00874 932.3
0.00875 932.4
0.00876 932.5
0.00877 932.5
0.00878 932.6
0.00879 932.7
0.00880 932.8
0.00881 932.8
0.00882 932.9
0.00883 933.0
0.00884 933.0
0.00885 933.1
0.00886 933.2
0.00887 933.3
0.00888 933.3
0.00889 933.4
0.00890 933.5
0.00891 933.5
0.00892 933.6
0.00893 933.7
0.00894 933.7
0.00895 933.8
0.00896 933.9
0.00897 934.0
0.00898 934.0
0.00899 934.1
0.00900 934.2
0.00901 934.2
0.00902 934.3
0.00903 934.4
0.00904 934.4
0.00905 934.5
0.00906 934.6
0.00907 934.6
0.00908 934.7
0.00909 934.8
0.00910 934.9
0.00911 934.9
0.00912 935.0
0.00913 935.1
0.00914 935.1
0.00915 935.2
0.00916 935.3
0.00917 935.3
0.00918 935.4
0.00919 935.5
0.00920 935.5
0.00921 935.6
0.00922 935.7
0.00923 935.8
0.00924 935.8
0.00925 935.9
0.00926 936.0
0.00927 936.0
0.00928 936.1
0.00929 936.2
0.00930 936.2
0.00931 936.3
0.00932 936.4
0.00933 936.4
0.00934 936.5
0.00935 936.6
0.00936 936.6
0.00937 936.7
0.00938 936.8
0.00939 936.8
0.00940 936.9
0.00941 937.0
0.00942 937.0
0.00943 937.1
0.00944 937.2
0.00945 937.3
0.00946 937.3
0.00947 937.4
0.00948 937.5
0.00949 937.5
0.00950 937.6
0.00951 937.7
0.00952 937.7
0.00953 937.8
0.00954 937.9
0.00955 937.9
0.00956 938.0
0.00957 938.1
0.00958 938.1
0.00959 938.2
0.00960 938.3
0.00961 938.3
0.00962 938.4
0.00963 938.5
0.00964 938.5
0.00965 938.6
0.00966 938.7
0.00967 938.7
0.00968 938.8
0.00969 938.9
0.00970 938.9
0.00971 939.0
0.00972 939.1
0.00973 939.1
0.00974 939.2
0.00975 939.3
0.00976 939.3
0.00977 939.4
0.00978 939.5
0.00979 939.5
0.00980 939.6
0.00981 939.7
0.00982 939.7
0.00983 939.8
0.00984 939.9
0.00985 939.9
0.00986 940.0
0.00987 940.1
0.00988 940.1
0.00989 940.2
0.00990 940.3
0.00991 940.3
0.00992 940.4
0.00993 940.4
0.00994 940.5
0.00995 940.6
0.00996 940.6
0.00997 940.7
0.00998 940.8
0.00999 940.8
0.01000 940.9
0.01001 941.0
0.01002 941.0
0.01003 941.1
0.01004 941.2
0.01005 941.2
0.01006 941.3
0.01007 941.4
0.01008 941.4
0.01009 941.5
0.01010 941.5
0.01011 941.6
0.01012 941.7
0.01013 941.7
0.01014 941.8
0.01015 941.9
0.01016 941.9
0.01017 942.0
0.01018 942.1
0.01019 942.1
0.01020 942.2
0.01021 942.2
0.01022 942.3
0.01023 942.4
0.01024 942.4
0.01025 942.5
0.01026 942.6
0.01027 942.6
0.01028 942.7
0.01029 942.8
0.01030 942.8
0.01031 942.9
0.01032 942.9
0.01033 943.0
0.01034 943.1
0.01035 943.1
0.01036 943.2
0.01037 943.3
0.01038 943.3
0.01039 943.4
0.01040 943.4
0.01041 943.5
0.01042 943.6
0.01043 943.6
0.01044 943.7
0.01045 943.8
0.01046 943.8
0.01047 943.9
0.01048 943.9
0.01049 944.0
0.01050 944.1
0.01051 944.1
0.01052 944.2
0.01053 944.2
0.01054 944.3
0.01055 944.4
0.01056 944.4
0.01057 944.5
0.01058 944.6
0.01059 944.6
0.01060 944.7
0.01061 944.7
0.01062 944.8
0.01063 944.9
0.01064 944.9
0.01065 945.0
0.01066 945.0
0.01067 945.1
0.01068 945.2
0.01069 945.2
0.01070 945.3
0.01071 945.3
0.01072 945.4
0.01073 945.5
0.01074 945.5
0.01075 945.6
0.01076 945.6
0.01077 945.7
0.01078 945.8
0.01079 945.8
0.01080 945.9
0.01081 945.9
0.01082 946.0
0.01083 946.1
0.01084 946.1
0.01085 946.2
0.01086 946.2
0.01087 946.3
0.01088 946.4
0.01089 946.4
0.01090 946.5
0.01091 946.5
0.01092 946.6
0.01093 946.7
0.01094 946.7
0.01095 946.8
0.01096 946.8
0.01097 946.9
0.01098 946.9
0.01099 947.0
0.01100 947.1
0.01101 947.1
0.01102 947.2
0.01103 947.2
0.01104 947.3
0.01105 947.4
0.01106 947.4
0.01107 947.5
0.01108 947.5
0.01109 947.6
0.01110 947.6
0.01111 947.7
0.01112 947.8
0.01113 947.8
0.01114 947.9
0.01115 947.9
0.01116 948.0
0.01117 948.0
0.01118 948.1
0.01119 948.2
0.01120 948.2
0.01121 948.3
0.01122 948.3
0.01123 948.4
0.01124 948.4
0.01125 948.5
0.01126 948.6
0.01127 948.6
0.01128 948.7
0.01129 948.7
0.01130 948.8
0.01131 948.8
0.01132 948.9
0.01133 948.9
0.01134 949.0
0.01135 949.1
0.01136 949.1
0.01137 949.2
0.01138 949.2
0.01139 949.3
0.01140 949.3
0.01141 949.4
0.01142 949.4
0.01143 949.5
0.01144 949.6
0.01145 949.6
0.01146 949.7
0.01147 949.7
0.01148 949.8
0.01149 949.8
0.01150 949.9
0.01151 949.9
0.01152 950.0
0.01153 950.0
0.01154 950.1
0.01155 950.2
0.01156 950.2
0.01157 950.3
0.01158 950.3
0.01159 950.4
0.01160 950.4
0.01161 950.5
0.01162 950.5
0.01163 950.6
0.01164 950.6
0.01165 950.7
0.01166 950.7
0.01167 950.8
0.01168 950.9
0.01169 950.9
0.01170 951.0
0.01171 951.0
0.01172 951.1
0.01173 951.1
0.01174 951.2
0.01175 951.2
0.01176 951.3
0.01177 951.3
0.01178 951.4
0.01179 951.4
0.01180 951.5
0.01181 951.5
0.01182 951.6
0.01183 951.6
0.01184 951.7
0.01185 951.8
0.01186 951.8
0.01187 951.9
0.01188 951.9
0.01189 952.0
0.01190 952.0
0.01191 952.1
0.01192 952.1
0.01193 952.2
0.01194 952.2
0.01195 952.3
0.01196 952.3
0.01197 952.4
0.01198 952.4
0.01199 952.5
0.01200 952.5
0.01201 952.6
0.01202 952.6
0.01203 952.7
0.01204 952.7
0.01205 952.8
0.01206 952.8
0.01207 952.9
0.01208 952.9
0.01209 953.0
0.01210 953.0
0.01211 953.1
0.01212 953.1
0.01213 953.2
0.01214 953.2
0.01215 953.3
0.01216 953.3
0.01217 953.4
0.01218 953.4
0.01219 953.5
0.01220 953.5
0.01221 953.6
0.01222 953.6
0.01223 953.7
0.01224 953.7
0.01225 953.8
0.01226 953.8
0.01227 953.9
0.01228 953.9
0.01229 954.0
0.01230 954.0
0.01231 954.1
0.01232 954.1
0.01233 954.2
0.01234 954.2
0.01235 954.3
0.01236 954.3
0.01237 954.4
0.01238 954.4
0.01239 954.5
0.01240 954.5
0.01241 954.6
0.01242 954.6
0.01243 954.7
0.01244 954.7
0.01245 954.7
0.01246 954.8
0.01247 954.8
0.01248 954.9
0.01249 954.9
0.01250 955.0
0.01251 955.0
0.01252 955.1
0.01253 955.1
0.01254 955.2
0.01255 955.2
0.01256 955.3
0.01257 955.3
0.01258 955.4
0.01259 955.4
0.01260 955.5
0.01261 955.5
0.01262 955.6
0.01263 955.6
0.01264 955.6
0.01265 955.7
0.01266 955.7
0.01267 955.8
0.01268 955.8
0.01269 955.9
0.01270 955.9
0.01271 956.0
0.01272 956.0
0.01273 956.1
0.01274 956.1
0.01275 956.2
0.01276 956.2
0.01277 956.2
0.01278 956.3
0.01279 956.3
0.01280 956.4
0.01281 956.4
0.01282 956.5
0.01283 956.5
0.01284 956.6
0.01285 956.6
0.01286 956.6
0.01287 956.7
0.01288 956.7
0.01289 956.8
0.01290 956.8
0.01291 956.9
0.01292 956.9
0.01293 957.0
0.01294 957.0
0.01295 957.1
0.01296 957.1
0.01297 957.1
0.01298 957.2
0.01299 957.2
0.01300 957.3
0.01301 957.3
0.01302 957.4
0.01303 957.4
0.01304 957.4
0.01305 957.5
0.01306 957.5
0.01307 957.6
0.01308 957.6
0.01309 957.7
0.01310 957.7
0.01311 957.7
0.01312 957.8
0.01313 957.8
0.01314 957.9
0.01315 957.9
0.01316 958.0
0.01317 958.0
0.01318 958.0
0.01319 958.1
0.01320 958.1
0.01321 958.2
0.01322 958.2
0.01323 958.3
0.01324 958.3
0.01325 958.3
0.01326 958.4
0.01327 958.4
0.01328 958.5
0.01329 958.5
0.01330 958.6
0.01331 958.6
0.01332 958.6
0.01333 958.7
0.01334 958.7
0.01335 958.8
0.01336 958.8
0.01337 958.8
0.01338 958.9
0.01339 958.9
0.01340 959.0
0.01341 959.0
0.01342 959.1
0.01343 959.1
0.01344 959.1
0.01345 959.2
0.01346 959.2
0.01347 959.3
0.01348 959.3
0.01349 959.3
0.01350 959.4
0.01351 959.4
0.01352 959.5
0.01353 959.5
0.01354 959.5
0.01355 959.6
0.01356 959.6
0.01357 959.7
0.01358 959.7
0.01359 959.7
0.01360 959.8
0.01361 959.8
0.01362 959.9
0.01363 959.9
0.01364 959.9
0.01365 960.0
0.01366 960.0
0.01367 960.1
0.01368 960.1
0.01369 960.1
0.01370 960.2
0.01371 960.2
0.01372 960.3
0.01373 960.3
0.01374 960.3
0.01375 960.4
0.01376 960.4
0.01377 960.4
0.01378 960.5
0.01379 960.5
0.01380 960.6
0.01381 960.6
0.01382 960.6
0.01383 960.7
0.01384 960.7
0.01385 960.8
0.01386 960.8
0.01387 960.8
0.01388 960.9
0.01389 960.9
0.01390 960.9
0.01391 961.0
0.01392 961.0
0.01393 961.1
0.01394 961.1
0.01395 961.1
0.01396 961.2
0.01397 961.2
0.01398 961.2
0.01399 961.3
0.01400 961.3
0.01401 961.4
0.01402 961.4
0.01403 961.4
0.01404 961.5
0.01405 961.5
0.01406 961.5
0.01407 961.6
0.01408 961.6
0.01409 961.7
0.01410 961.7
0.01411 961.7
0.01412 961.8
0.01413 961.8
0.01414 961.8
0.01415 961.9
0.01416 961.9
0.01417 961.9
0.01418 962.0
0.01419 962.0
0.01420 962.1
0.01421 962.1
0.01422 962.1
0.01423 962.2
0.01424 962.2
0.01425 962.2
0.01426 962.3
0.01427 962.3
0.01428 962.3
0.01429 962.4
0.01430 962.4
0.01431 962.4
0.01432 962.5
0.01433 962.5
0.01434 962.6
0.01435 962.6
0.01436 962.6
0.01437 962.7
0.01438 962.7
0.01439 962.7
0.01440 962.8
0.01441 962.8
0.01442 962.8
0.01443 962.9
0.01444 962.9
0.01445 962.9
0.01446 963.0
0.01447 963.0
0.01448 963.0
0.01449 963.1
0.01450 963.1
0.01451 963.1
0.01452 963.2
0.01453 963.2
0.01454 963.2
0.01455 963.3
0.01456 963.3
0.01457 963.3
0.01458 963.4
0.01459 963.4
0.01460 963.4
0.01461 963.5
0.01462 963.5
0.01463 963.5
0.01464 963.6
0.01465 963.6
0.01466 963.6
0.01467 963.7
0.01468 963.7
0.01469 963.7
0.01470 963.8
0.01471 963.8
0.01472 963.8
0.01473 963.9
0.01474 963.9
0.01475 963.9
0.01476 964.0
0.01477 964.0
0.01478 964.0
0.01479 964.1
0.01480 964.1
0.01481 964.1
0.01482 964.2
0.01483 964.2
0.01484 964.2
0.01485 964.3
0.01486 964.3
0.01487 964.3
0.01488 964.4
0.01489 964.4
0.01490 964.4
0.01491 964.5
0.01492 964.5
0.01493 964.5
0.01494 964.6
0.01495 964.6
0.01496 964.6
0.01497 964.7
0.01498 964.7
0.01499 964.7
0.01500 964.7
0.01501 964.8
0.01502 964.8
0.01503 964.8
0.01504 964.9
0.01505 964.9
0.01506 964.9
0.01507 965.0
0.01508 965.0
0.01509 965.0
0.01510 965.1
0.01511 965.1
0.01512 965.1
0.01513 965.1
0.01514 965.2
0.01515 965.2
0.01516 965.2
0.01517 965.3
0.01518 965.3
0.01519 965.3
0.01520 965.4
0.01521 965.4
0.01522 965.4
0.01523 965.4
0.01524 965.5
0.01525 965.5
0.01526 965.5
0.01527 965.6
0.01528 965.6
0.01529 965.6
0.01530 965.7
0.01531 965.7
0.01532 965.7
0.01533 965.7
0.01534 965.8
0.01535 965.8
0.01536 965.8
0.01537 965.9
0.01538 965.9
0.01539 965.9
0.01540 966.0
0.01541 966.0
0.01542 966.0
0.01543 966.0
0.01544 966.1
0.01545 966.1
0.01546 966.1
0.01547 966.2
0.01548 966.2
0.01549 966.2
0.01550 966.2
0.01551 966.3
0.01552 966.3
0.01553 966.3
0.01554 966.4
0.01555 966.4
0.01556 966.4
0.01557 966.4
0.01558 966.5
0.01559 966.5
0.01560 966.5
0.01561 966.6
0.01562 966.6
0.01563 966.6
0.01564 966.6
0.01565 966.7
0.01566 966.7
0.01567 966.7
0.01568 966.7
0.01569 966.8
0.01570 966.8
0.01571 966.8
0.01572 966.9
0.01573 966.9
0.01574 966.9
0.01575 966.9
0.01576 967.0
0.01577 967.0
0.01578 967.0
0.01579 967.1
0.01580 967.1
0.01581 967.1
0.01582 967.1
0.01583 967.2
0.01584 967.2
0.01585 967.2
0.01586 967.2
0.01587 967.3
0.01588 967.3
0.01589 967.3
0.01590 967.3
0.01591 967.4
0.01592 967.4
0.01593 967.4
0.01594 967.5
0.01595 967.5
0.01596 967.5
0.01597 967.5
0.01598 967.6
0.01599 967.6
0.01600 967.6
0.01601 967.6
0.01602 967.7
0.01603 967.7
0.01604 967.7
0.01605 967.7
0.01606 967.8
0.01607 967.8
0.01608 967.8
0.01609 967.8
0.01610 967.9
0.01611 967.9
0.01612 967.9
0.01613 967.9
0.01614 968.0
0.01615 968.0
0.01616 968.0
0.01617 968.0
0.01618 968.1
0.01619 968.1
0.01620 968.1
0.01621 968.1
0.01622 968.2
0.01623 968.2
0.01624 968.2
0.01625 968.2
0.01626 968.3
0.01627 968.3
0.01628 968.3
0.01629 968.3
0.01630 968.4
0.01631 968.4
0.01632 968.4
0.01633 968.4
0.01634 968.5
0.01635 968.5
0.01636 968.5
0.01637 968.5
0.01638 968.6
0.01639 968.6
0.01640 968.6
0.01641 968.6
0.01642 968.7
0.01643 968.7
0.01644 968.7
0.01645 968.7
0.01646 968.8
0.01647 968.8
0.01648 968.8
0.01649 968.8
0.01650 968.9
0.01651 968.9
0.01652 968.9
0.01653 968.9
0.01654 969.0
0.01655 969.0
0.01656 969.0
0.01657 969.0
0.01658 969.0
0.01659 969.1
0.01660 969.1
0.01661 969.1
0.01662 969.1
0.01663 969.2
0.01664 969.2
0.01665 969.2
0.01666 969.2
0.01667 969.3
0.01668 969.3
0.01669 969.3
0.01670 969.3
0.01671 969.3
0.01672 969.4
0.01673 969.4
0.01674 969.4
0.01675 969.4
0.01676 969.5
0.01677 969.5
0.01678 969.5
0.01679 969.5
0.01680 969.6
0.01681 969.6
0.01682 969.6
0.01683 969.6
0.01684 969.6
0.01685 969.7
0.01686 969.7
0.01687 969.7
0.01688 969.7
0.01689 969.8
0.01690 969.8
0.01691 969.8
0.01692 969.8
0.01693 969.8
0.01694 969.9
0.01695 969.9
0.01696 969.9
0.01697 969.9
0.01698 970.0
0.01699 970.0
0.01700 970.0
0.01701 970.0
0.01702 970.0
0.01703 970.1
0.01704 970.1
0.01705 970.1
0.01706 970.1
0.01707 970.1
0.01708 970.2
0.01709 970.2
0.01710 970.2
0.01711 970.2
0.01712 970.3
0.01713 970.3
0.01714 970.3
0.01715 970.3
0.01716 970.3
0.01717 970.4
0.01718 970.4
0.01719 970.4
0.01720 970.4
0.01721 970.4
0.01722 970.5
0.01723 970.5
0.01724 970.5
0.01725 970.5
0.01726 970.5
0.01727 970.6
0.01728 970.6
0.01729 970.6
0.01730 970.6
0.01731 970.7
0.01732 970.7
0.01733 970.7
0.01734 970.7
0.01735 970.7
0.01736 970.8
0.01737 970.8
0.01738 970.8
0.01739 970.8
0.01740 970.8
0.01741 970.9
0.01742 970.9
0.01743 970.9
0.01744 970.9
0.01745 970.9
0.01746 971.0
0.01747 971.0
0.01748 971.0
0.01749 971.0
0.01750 971.0
0.01751 971.1
0.01752 971.1
0.01753 971.1
0.01754 971.1
0.01755 971.1
0.01756 971.2
0.01757 971.2
0.01758 971.2
0.01759 971.2
0.01760 971.2
0.01761 971.2
0.01762 971.3
0.01763 971.3
0.01764 971.3
0.01765 971.3
0.01766 971.3
0.01767 971.4
0.01768 971.4
0.01769 971.4
0.01770 971.4
0.01771 971.4
0.01772 971.5
0.01773 971.5
0.01774 971.5
0.01775 971.5
0.01776 971.5
0.01777 971.6
0.01778 971.6
0.01779 971.6
0.01780 971.6
0.01781 971.6
0.01782 971.6
0.01783 971.7
0.01784 971.7
0.01785 971.7
0.01786 971.7
0.01787 971.7
0.01788 971.8
0.01789 971.8
0.01790 971.8
0.01791 971.8
0.01792 971.8
0.01793 971.8
0.01794 971.9
0.01795 971.9
0.01796 971.9
0.01797 971.9
0.01798 971.9
0.01799 972.0
0.01800 972.0
0.01801 972.0
0.01802 972.0
0.01803 972.0
0.01804 972.0
0.01805 972.1
0.01806 972.1
0.01807 972.1
0.01808 972.1
0.01809 972.1
0.01810 972.2
0.01811 972.2
0.01812 972.2
0.01813 972.2
0.01814 972.2
0.01815 972.2
0.01816 972.3
0.01817 972.3
0.01818 972.3
0.01819 972.3
0.01820 972.3
0.01821 972.3
0.01822 972.4
0.01823 972.4
0.01824 972.4
0.01825 972.4
0.01826 972.4
0.01827 972.5
0.01828 972.5
0.01829 972.5
0.01830 972.5
0.01831 972.5
0.01832 972.5
0.01833 972.6
0.01834 972.6
0.01835 972.6
0.01836 972.6
0.01837 972.6
0.01838 972.6
0.01839 972.7
0.01840 972.7
0.01841 972.7
0.01842 972.7
0.01843 972.7
0.01844 972.7
0.01845 972.8
0.01846 972.8
0.01847 972.8
0.01848 972.8
0.01849 972.8
0.01850 972.8
0.01851 972.9
0.01852 972.9
0.01853 972.9
0.01854 972.9
0.01855 972.9
0.01856 972.9
0.01857 972.9
0.01858 973.0
0.01859 973.0
0.01860 973.0
0.01861 973.0
0.01862 973.0
0.01863 973.0
0.01864 973.1
0.01865 973.1
0.01866 973.1
0.01867 973.1
0.01868 973.1
0.01869 973.1
0.01870 973.2
0.01871 973.2
0.01872 973.2
0.01873 973.2
0.01874 973.2
0.01875 973.2
0.01876 973.3
0.01877 973.3
0.01878 973.3
0.01879 973.3
0.01880 973.3
0.01881 973.3
0.01882 973.3
0.01883 973.4
0.01884 973.4
0.01885 973.4
0.01886 973.4
0.01887 973.4
0.01888 973.4
0.01889 973.5
0.01890 973.5
0.01891 973.5
0.01892 973.5
0.01893 973.5
0.01894 973.5
0.01895 973.5
0.01896 973.6
0.01897 973.6
0.01898 973.6
0.01899 973.6
0.01900 973.6
0.01901 973.6
0.01902 973.6
0.01903 973.7
0.01904 973.7
0.01905 973.7
0.01906 973.7
0.01907 973.7
0.01908 973.7
0.01909 973.7
0.01910 973.8
0.01911 973.8
0.01912 973.8
0.01913 973.8
0.01914 973.8
0.01915 973.8
0.01916 973.9
0.01917 973.9
0.01918 973.9
0.01919 973.9
0.01920 973.9
0.01921 973.9
0.01922 973.9
0.01923 974.0
0.01924 974.0
0.01925 974.0
0.01926 974.0
0.01927 974.0
0.01928 974.0
0.01929 974.0
0.01930 974.1
0.01931 974.1
0.01932 974.1
0.01933 974.1
0.01934 974.1
0.01935 974.1
0.01936 974.1
0.01937 974.1
0.01938 974.2
0.01939 974.2
0.01940 974.2
0.01941 974.2
0.01942 974.2
0.01943 974.2
0.01944 974.2
0.01945 974.3
0.01946 974.3
0.01947 974.3
0.01948 974.3
0.01949 974.3
0.01950 974.3
0.01951 974.3
0.01952 974.4
0.01953 974.4
0.01954 974.4
0.01955 974.4
0.01956 974.4
0.01957 974.4
0.01958 974.4
0.01959 974.4
0.01960 974.5
0.01961 974.5
0.01962 974.5
0.01963 974.5
0.01964 974.5
0.01965 974.5
0.01966 974.5
0.01967 974.6
0.01968 974.6
0.01969 974.6
0.01970 974.6
0.01971 974.6
0.01972 974.6
0.01973 974.6
0.01974 974.6
0.01975 974.7
0.01976 974.7
0.01977 974.7
0.01978 974.7
0.01979 974.7
0.01980 974.7
0.01981 974.7
0.01982 974.7
0.01983 974.8
0.01984 974.8
0.01985 974.8
0.01986 974.8
0.01987 974.8
0.01988 974.8
0.01989 974.8
0.01990 974.8
0.01991 974.9
0.01992 974.9
0.01993 974.9
0.01994 974.9
0.01995 974.9
0.01996 974.9
0.01997 974.9
0.01998 974.9
0.01999 975.0
0.02000 982.4
0.02001 982.4
0.02002 982.4
0.02003 982.4
0.02004 982.4
0.02005 982.4
0.02006 982.4
0.02007 982.4
0.02008 982.4
0.02009 982.4
0.02010 982.4
0.02011 982.4
0.02012 982.4
0.02013 982.4
0.02014 982.4
0.02015 982.4
0.02016 982.4
0.02017 982.4
0.02018 982.4
0.02019 982.4
0.02020 982.4
0.02021 982.4
0.02022 982.4
0.02023 982.4
0.02024 982.4
0.02025 982.4
0.02026 982.4
0.02027 982.4
0.02028 982.4
0.02029 982.4
0.02030 982.4
0.02031 982.4
0.02032 982.4
0.02033 982.4
0.02034 982.4
0.02035 982.4
0.02036 982.4
0.02037 982.4
0.02038 982.4
0.02039 982.4
0.02040 982.4
0.02041 982.4
0.02042 982.4
0.02043 982.4
0.02044 982.4
0.02045 982.4
0.02046 982.4
0.02047 982.4
0.02048 982.4
0.02049 982.4
0.02050 982.4
0.02051 982.4
0.02052 982.4
0.02053 982.4
0.02054 982.4
0.02055 982.4
0.02056 982.4
0.02057 982.4
0.02058 982.4
0.02059 982.4
0.02060 982.4
0.02061 982.4
0.02062 982.4
0.02063 982.4
0.02064 982.4
0.02065 982.4
0.02066 982.4
0.02067 982.4
0.02068 982.4
0.02069 982.4
0.02070 982.4
0.02071 982.4
0.02072 982.4
0.02073 982.4
0.02074 982.4
0.02075 982.4
0.02076 982.4
0.02077 982.4
0.02078 982.4
0.02079 982.4
0.02080 982.4
0.02081 982.4
0.02082 982.4
0.02083 982.4
0.02084 982.4
0.02085 982.4
0.02086 982.4
0.02087 982.4
0.02088 982.4
0.02089 982.4
0.02090 982.4
0.02091 982.4
0.02092 982.4
0.02093 982.4
0.02094 982.4
0.02095 982.4
0.02096 982.4
0.02097 982.4
0.02098 982.4
0.02099 982.4
0.02100 982.4
0.02101 982.4
0.02102 982.4
0.02103 982.4
0.02104 982.4
0.02105 982.4
0.02106 982.4
0.02107 982.4
0.02108 982.4
0.02109 982.4
0.02110 982.4
0.02111 982.4
0.02112 982.4
0.02113 982.4
0.02114 982.4
0.02115 982.4
0.02116 982.4
0.02117 982.4
0.02118 982.4
0.02119 982.4
0.02120 982.4
0.02121 982.4
0.02122 982.4
0.02123 982.4
0.02124 982.4
0.02125 982.4
0.02126 982.4
0.02127 982.4
0.02128 982.4
0.02129 982.4
0.02130 982.4
0.02131 982.4
0.02132 982.4
0.02133 982.4
0.02134 982.4
0.02135 982.4
0.02136 982.4
0.02137 982.4
0.02138 982.4
0.02139 982.4
0.02140 982.4
0.02141 982.4
0.02142 982.4
0.02143 982.4
0.02144 982.4
0.02145 982.4
0.02146 982.4
0.02147 982.4
0.02148 982.4
0.02149 982.4
0.02150 982.4
0.02151 982.4
0.02152 982.4
0.02153 982.4
0.02154 982.4
0.02155 982.4
0.02156 982.4
0.02157 982.4
0.02158 982.4
0.02159 982.4
0.02160 982.4
0.02161 982.4
0.02162 982.4
0.02163 982.4
0.02164 982.4
0.02165 982.4
0.02166 982.4
0.02167 982.4
0.02168 982.4
0.02169 982.4
0.02170 982.4
0.02171 982.4
0.02172 982.4
0.02173 982.4
0.02174 982.4
0.02175 982.4
0.02176 982.4
0.02177 982.4
0.02178 982.4
0.02179 982.4
0.02180 982.4
0.02181 982.4
0.02182 982.4
0.02183 982.4
0.02184 982.4
0.02185 982.4
0.02186 982.4
0.02187 982.4
0.02188 982.4
0.02189 982.4
0.02190 982.4
0.02191 982.4
0.02192 982.4
0.02193 982.4
0.02194 982.4
0.02195 982.4
0.02196 982.4
0.02197 982.4
0.02198 982.4
0.02199 982.4
0.02200 982.4
0.02201 982.4
0.02202 982.4
0.02203 982.4
0.02204 982.4
0.02205 982.4
0.02206 982.4
0.02207 982.4
0.02208 982.4
0.02209 982.4
0.02210 982.4
0.02211 982.4
0.02212 982.4
0.02213 982.4
0.02214 982.4
0.02215 982.4
0.02216 982.4
0.02217 982.4
0.02218 982.4
0.02219 982.4
0.02220 982.4
0.02221 982.4
0.02222 982.4
0.02223 982.4
0.02224 982.4
0.02225 982.4
0.02226 982.4
0.02227 982.4
0.02228 982.4
0.02229 982.4
0.02230 982.4
0.02231 982.4
0.02232 982.4
0.02233 982.4
0.02234 982.4
0.02235 982.4
0.02236 982.4
0.02237 982.4
0.02238 982.4
0.02239 982.4
0.02240 982.4
0.02241 982.4
0.02242 982.4
0.02243 982.4
0.02244 982.4
0.02245 982.4
0.02246 982.4
0.02247 982.4
0.02248 982.4
0.02249 982.4
0.02250 982.4
0.02251 982.4
0.02252 982.4
0.02253 982.4
0.02254 982.4
0.02255 982.4
0.02256 982.4
0.02257 982.4
0.02258 982.4
0.02259 982.4
0.02260 982.4
0.02261 982.4
0.02262 982.4
0.02263 982.4
0.02264 982.4
0.02265 982.4
0.02266 982.4
0.02267 982.4
0.02268 982.4
0.02269 982.4
0.02270 982.4
0.02271 982.4
0.02272 982.4
0.02273 982.4
0.02274 982.4
0.02275 982.4
0.02276 982.4
0.02277 982.4
0.02278 982.4
0.02279 982.4
0.02280 982.4
0.02281 982.4
0.02282 982.4
0.02283 982.4
0.02284 982.4
0.02285 982.4
0.02286 982.4
0.02287 982.4
0.02288 982.4
0.02289 982.4
0.02290 982.4
0.02291 982.4
0.02292 982.4
0.02293 982.4
0.02294 982.4
0.02295 982.4
0.02296 982.4
0.02297 982.4
0.02298 982.4
0.02299 982.4
0.02300 982.4
0.02301 982.4
0.02302 982.4
0.02303 982.4
0.02304 982.4
0.02305 982.4
0.02306 982.4
0.02307 982.4
0.02308 982.4
0.02309 982.4
0.02310 982.4
0.02311 982.4
0.02312 982.4
0.02313 982.4
0.02314 982.4
0.02315 982.4
0.02316 982.4
0.02317 982.4
0.02318 982.4
0.02319 982.4
0.02320 982.4
0.02321 982.4
0.02322 982.4
0.02323 982.4
0.02324 982.4
0.02325 982.4
0.02326 982.4
0.02327 982.4
0.02328 982.4
0.02329 982.4
0.02330 982.4
0.02331 982.4
0.02332 982.4
0.02333 982.4
0.02334 982.4
0.02335 982.4
0.02336 982.4
0.02337 982.4
0.02338 982.4
0.02339 982.4
0.02340 982.4
0.02341 982.4
0.02342 982.4
0.02343 982.4
0.02344 982.4
0.02345 982.4
0.02346 982.4
0.02347 982.4
0.02348 982.4
0.02349 982.4
0.02350 982.4
0.02351 982.4
0.02352 982.4
0.02353 982.4
0.02354 982.4
0.02355 982.4
0.02356 982.4
0.02357 982.4
0.02358 982.4
0.02359 982.4
0.02360 982.4
0.02361 982.4
0.02362 982.4
0.02363 982.4
0.02364 982.4
0.02365 982.4
0.02366 982.4
0.02367 982.4
0.02368 982.4
0.02369 982.4
0.02370 982.4
0.02371 982.4
0.02372 982.4
0.02373 982.4
0.02374 982.4
0.02375 982.4
0.02376 982.4
0.02377 982.4
0.02378 982.4
0.02379 982.4
0.02380 982.4
0.02381 982.4
0.02382 982.4
0.02383 982.4
0.02384 982.4
0.02385 982.4
0.02386 982.4
0.02387 982.4
0.02388 982.4
0.02389 982.4
0.02390 982.4
0.02391 982.4
0.02392 982.4
0.02393 982.4
0.02394 982.4
0.02395 982.4
0.02396 982.4
0.02397 982.4
0.02398 982.4
0.02399 982.4
0.02400 982.4
0.02401 982.4
0.02402 982.4
0.02403 982.4
0.02404 982.4
0.02405 982.4
0.02406 982.4
0.02407 982.4
0.02408 982.4
0.02409 982.4
0.02410 982.4
0.02411 982.4
0.02412 982.4
0.02413 982.4
0.02414 982.4
0.02415 982.4
0.02416 982.4
0.02417 982.4
0.02418 982.4
0.02419 982.4
0.02420 982.4
0.02421 982.4
0.02422 982.4
0.02423 982.4
0.02424 982.4
0.02425 982.4
0.02426 982.4
0.02427 982.4
0.02428 982.4
0.02429 982.4
0.02430 982.4
0.02431 982.4
0.02432 982.4
0.02433 982.4
0.02434 982.4
0.02435 982.4
0.02436 982.4
0.02437 982.4
0.02438 982.4
0.02439 982.4
0.02440 982.4
0.02441 982.4
0.02442 982.4
0.02443 982.4
0.02444 982.4
0.02445 982.4
0.02446 982.4
0.02447 982.4
0.02448 982.4
0.02449 982.4
0.02450 982.4
0.02451 982.4
0.02452 982.4
0.02453 982.4
0.02454 982.4
0.02455 982.4
0.02456 982.4
0.02457 982.4
0.02458 982.4
0.02459 982.4
0.02460 982.4
0.02461 982.4
0.02462 982.4
0.02463 982.4
0.02464 982.4
0.02465 982.4
0.02466 982.4
0.02467 982.4
0.02468 982.4
0.02469 982.4
0.02470 982.4
0.02471 982.4
0.02472 982.4
0.02473 982.4
0.02474 982.4
0.02475 982.4
0.02476 982.4
0.02477 982.4
0.02478 982.4
0.02479 982.4
0.02480 982.4
0.02481 982.4
0.02482 982.4
0.02483 982.4
0.02484 982.4
0.02485 982.4
0.02486 982.4
0.02487 982.4
0.02488 982.4
0.02489 982.4
0.02490 982.4
0.02491 982.4
0.02492 982.4
0.02493 982.4
0.02494 982.4
0.02495 982.4
0.02496 982.4
0.02497 982.4
0.02498 982.4
0.02499 982.4
0.02500 982.4
0.02501 982.4
0.02502 982.4
0.02503 982.4
0.02504 982.4
0.02505 982.4
0.02506 982.4
0.02507 982.4
0.02508 982.4
0.02509 982.4
0.02510 982.4
0.02511 982.4
0.02512 982.4
0.02513 982.4
0.02514 982.4
0.02515 982.4
0.02516 982.4
0.02517 982.4
0.02518 982.4
0.02519 982.4
0.02520 982.4
0.02521 982.4
0.02522 982.4
0.02523 982.4
0.02524 982.4
0.02525 982.4
0.02526 982.4
0.02527 982.4
0.02528 982.4
0.02529 982.4
0.02530 982.4
0.02531 982.4
0.02532 982.4
0.02533 982.4
0.02534 982.4
0.02535 982.4
0.02536 982.4
0.02537 982.4
0.02538 982.4
0.02539 982.4
0.02540 982.4
0.02541 982.4
0.02542 982.4
0.02543 982.4
0.02544 982.4
0.02545 982.4
0.02546 982.4
0.02547 982.4
0.02548 982.4
0.02549 982.4
0.02550 982.4
0.02551 982.4
0.02552 982.4
0.02553 982.4
0.02554 982.4
0.02555 982.4
0.02556 982.4
0.02557 982.4
0.02558 982.4
0.02559 982.4
0.02560 982.4
0.02561 982.4
0.02562 982.4
0.02563 982.4
0.02564 982.4
0.02565 982.4
0.02566 982.4
0.02567 982.4
0.02568 982.4
0.02569 982.4
0.02570 982.4
0.02571 982.4
0.02572 982.4
0.02573 982.4
0.02574 982.4
0.02575 982.4
0.02576 982.4
0.02577 982.4
0.02578 982.4
0.02579 982.4
0.02580 982.4
0.02581 982.4
0.02582 982.4
0.02583 982.4
0.02584 982.4
0.02585 982.4
0.02586 982.4
0.02587 982.4
0.02588 982.4
0.02589 982.4
0.02590 982.4
0.02591 982.4
0.02592 982.4
0.02593 982.4
0.02594 982.4
0.02595 982.4
0.02596 982.4
0.02597 982.4
0.02598 982.4
0.02599 982.4
0.02600 982.4
0.02601 982.4
0.02602 982.4
0.02603 982.4
0.02604 982.4
0.02605 982.4
0.02606 982.4
0.02607 982.4
0.02608 982.4
0.02609 982.4
0.02610 982.4
0.02611 982.4
0.02612 982.4
0.02613 982.4
0.02614 982.4
0.02615 982.4
0.02616 982.4
0.02617 982.4
0.02618 982.4
0.02619 982.4
0.02620 982.4
0.02621 982.4
0.02622 982.4
0.02623 982.4
0.02624 982.4
0.02625 982.4
0.02626 982.4
0.02627 982.4
0.02628 982.4
0.02629 982.4
0.02630 982.4
0.02631 982.4
0.02632 982.4
0.02633 982.4
0.02634 982.4
0.02635 982.4
0.02636 982.4
0.02637 982.4
0.02638 982.4
0.02639 982.4
0.02640 982.4
0.02641 982.4
0.02642 982.4
0.02643 982.4
0.02644 982.4
0.02645 982.4
0.02646 982.4
0.02647 982.4
0.02648 982.4
0.02649 982.4
0.02650 982.4
0.02651 982.4
0.02652 982.4
0.02653 982.4
0.02654 982.4
0.02655 982.4
0.02656 982.4
0.02657 982.4
0.02658 982.4
0.02659 982.4
0.02660 982.4
0.02661 982.4
0.02662 982.4
0.02663 982.4
0.02664 982.4
0.02665 982.4
0.02666 982.4
0.02667 982.4
0.02668 982.4
0.02669 982.4
0.02670 982.4
0.02671 982.4
0.02672 982.4
0.02673 982.4
0.02674 982.4
0.02675 982.4
0.02676 982.4
0.02677 982.4
0.02678 982.4
0.02679 982.4
0.02680 982.4
0.02681 982.4
0.02682 982.4
0.02683 982.4
0.02684 982.4
0.02685 982.4
0.02686 982.4
0.02687 982.4
0.02688 982.4
0.02689 982.4
0.02690 982.4
0.02691 982.4
0.02692 982.4
0.02693 982.4
0.02694 982.4
0.02695 982.4
0.02696 982.4
0.02697 982.4
0.02698 982.4
0.02699 982.4
0.02700 982.4
0.02701 982.4
0.02702 982.4
0.02703 982.4
0.02704 982.4
0.02705 982.4
0.02706 982.4
0.02707 982.4
0.02708 982.4
0.02709 982.4
0.02710 982.4
0.02711 982.4
0.02712 982.4
0.02713 982.4
0.02714 982.4
0.02715 982.4
0.02716 982.4
0.02717 982.4
0.02718 982.4
0.02719 982.4
0.02720 982.4
0.02721 982.4
0.02722 982.4
0.02723 982.4
0.02724 982.4
0.02725 982.4
0.02726 982.4
0.02727 982.4
0.02728 982.4
0.02729 982.4
0.02730 982.4
0.02731 982.4
0.02732 982.4
0.02733 982.4
0.02734 982.4
0.02735 982.4
0.02736 982.4
0.02737 982.4
0.02738 982.4
0.02739 982.4
0.02740 982.4
0.02741 982.4
0.02742 982.4
0.02743 982.4
0.02744 982.4
0.02745 982.4
0.02746 982.4
0.02747 982.4
0.02748 982.4
0.02749 982.4
0.02750 982.4
0.02751 982.4
0.02752 982.4
0.02753 982.4
0.02754 982.4
0.02755 982.4
0.02756 982.4
0.02757 982.4
0.02758 982.4
0.02759 982.4
0.02760 982.4
0.02761 982.4
0.02762 982.4
0.02763 982.4
0.02764 982.4
0.02765 982.4
0.02766 982.4
0.02767 982.4
0.02768 982.4
0.02769 982.4
0.02770 982.4
0.02771 982.4
0.02772 982.4
0.02773 982.4
0.02774 982.4
0.02775 982.4
0.02776 982.4
0.02777 982.4
0.02778 982.4
0.02779 982.4
0.02780 982.4
0.02781 982.4
0.02782 982.4
0.02783 982.4
0.02784 982.4
0.02785 982.4
0.02786 982.4
0.02787 982.4
0.02788 982.4
0.02789 982.4
0.02790 982.4
0.02791 982.4
0.02792 982.4
0.02793 982.4
0.02794 982.4
0.02795 982.4
0.02796 982.4
0.02797 982.4
0.02798 982.4
0.02799 982.4
0.02800 982.4
0.02801 982.4
0.02802 982.4
0.02803 982.4
0.02804 982.4
0.02805 982.4
0.02806 982.4
0.02807 982.4
0.02808 982.4
0.02809 982.4
0.02810 982.4
0.02811 982.4
0.02812 982.4
0.02813 982.4
0.02814 982.4
0.02815 982.4
0.02816 982.4
0.02817 982.4
0.02818 982.4
0.02819 982.4
0.02820 982.4
0.02821 982.4
0.02822 982.4
0.02823 982.4
0.02824 982.4
0.02825 982.4
0.02826 982.4
0.02827 982.4
0.02828 982.4
0.02829 982.4
0.02830 982.4
0.02831 982.4
0.02832 982.4
0.02833 982.4
0.02834 982.4
0.02835 982.4
0.02836 982.4
0.02837 982.4
0.02838 982.4
0.02839 982.4
0.02840 982.4
0.02841 982.4
0.02842 982.4
0.02843 982.4
0.02844 982.4
0.02845 982.4
0.02846 982.4
0.02847 982.4
0.02848 982.4
0.02849 982.4
0.02850 982.4
0.02851 982.4
0.02852 982.4
0.02853 982.4
0.02854 982.4
0.02855 982.4
0.02856 982.4
0.02857 982.4
0.02858 982.4
0.02859 982.4
0.02860 982.4
0.02861 982.4
0.02862 982.4
0.02863 982.4
0.02864 982.4
0.02865 982.4
0.02866 982.4
0.02867 982.4
0.02868 982.4
0.02869 982.4
0.02870 982.4
0.02871 982.4
0.02872 982.4
0.02873 982.4
0.02874 982.4
0.02875 982.4
0.02876 982.4
0.02877 982.4
0.02878 982.4
0.02879 982.4
0.02880 982.4
0.02881 982.4
0.02882 982.4
0.02883 982.4
0.02884 982.4
0.02885 982.4
0.02886 982.4
0.02887 982.4
0.02888 982.4
0.02889 982.4
0.02890 982.4
0.02891 982.4
0.02892 982.4
0.02893 982.4
0.02894 982.4
0.02895 982.4
0.02896 982.4
0.02897 982.4
0.02898 982.4
0.02899 982.4
0.02900 982.4
0.02901 982.4
0.02902 982.4
0.02903 982.4
0.02904 982.4
0.02905 982.4
0.02906 982.4
0.02907 982.4
0.02908 982.4
0.02909 982.4
0.02910 982.4
0.02911 982.4
0.02912 982.4
0.02913 982.4
0.02914 982.4
0.02915 982.4
0.02916 982.4
0.02917 982.4
0.02918 982.4
0.02919 982.4
0.02920 982.4
0.02921 982.4
0.02922 982.4
0.02923 982.4
0.02924 982.4
0.02925 982.4
0.02926 982.4
0.02927 982.4
0.02928 982.4
0.02929 982.4
0.02930 982.4
0.02931 982.4
0.02932 982.4
0.02933 982.4
0.02934 982.4
0.02935 982.4
0.02936 982.4
0.02937 982.4
0.02938 982.4
0.02939 982.4
0.02940 982.4
0.02941 982.4
0.02942 982.4
0.02943 982.4
0.02944 982.4
0.02945 982.4
0.02946 982.4
0.02947 982.4
0.02948 982.4
0.02949 982.4
0.02950 982.4
0.02951 982.4
0.02952 982.4
0.02953 982.4
0.02954 982.4
0.02955 982.4
0.02956 982.4
0.02957 982.4
0.02958 982.4
0.02959 982.4
0.02960 982.4
0.02961 982.4
0.02962 982.4
0.02963 982.4
0.02964 982.4
0.02965 982.4
0.02966 982.4
0.02967 982.4
0.02968 982.4
0.02969 982.4
0.02970 982.4
0.02971 982.4
0.02972 982.4
0.02973 982.4
0.02974 982.4
0.02975 982.4
0.02976 982.4
0.02977 982.4
0.02978 982.4
0.02979 982.4
0.02980 982.4
0.02981 982.4
0.02982 982.4
0.02983 982.4
0.02984 982.4
0.02985 982.4
0.02986 982.4
0.02987 982.4
0.02988 982.4
0.02989 982.4
0.02990 982.4
0.02991 982.4
0.02992 982.4
0.02993 982.4
0.02994 982.4
0.02995 982.4
0.02996 982.4
0.02997 982.4
0.02998 982.4
0.02999 982.4
0.03000 982.4
0.03001 982.4
0.03002 982.4
0.03003 982.4
0.03004 982.4
0.03005 982.4
0.03006 982.4
0.03007 982.4
0.03008 982.4
0.03009 982.4
0.03010 982.4
0.03011 982.4
0.03012 982.4
0.03013 982.4
0.03014 982.4
0.03015 982.4
0.03016 982.4
0.03017 982.4
0.03018 982.4
0.03019 982.4
0.03020 982.4
0.03021 982.4
0.03022 982.4
0.03023 982.4
0.03024 982.4
0.03025 982.4
0.03026 982.4
0.03027 982.4
0.03028 982.4
0.03029 982.4
0.03030 982.4
0.03031 982.4
0.03032 982.4
0.03033 982.4
0.03034 982.4
0.03035 982.4
0.03036 982.4
0.03037 982.4
0.03038 982.4
0.03039 982.4
0.03040 982.4
0.03041 982.4
0.03042 982.4
0.03043 982.4
0.03044 982.4
0.03045 982.4
0.03046 982.4
0.03047 982.4
0.03048 982.4
0.03049 982.4
0.03050 982.4
0.03051 982.4
0.03052 982.4
0.03053 982.4
0.03054 982.4
0.03055 982.4
0.03056 982.4
0.03057 982.4
0.03058 982.4
0.03059 982.4
0.03060 982.4
0.03061 982.4
0.03062 982.4
0.03063 982.4
0.03064 982.4
0.03065 982.4
0.03066 982.4
0.03067 982.4
0.03068 982.4
0.03069 982.4
0.03070 982.4
0.03071 982.4
0.03072 982.4
0.03073 982.4
0.03074 982.4
0.03075 982.4
0.03076 982.4
0.03077 982.4
0.03078 982.4
0.03079 982.4
0.03080 982.4
0.03081 982.4
0.03082 982.4
0.03083 982.4
0.03084 982.4
0.03085 982.4
0.03086 982.4
0.03087 982.4
0.03088 982.4
0.03089 982.4
0.03090 982.4
0.03091 982.4
0.03092 982.4
0.03093 982.4
0.03094 982.4
0.03095 982.4
0.03096 982.4
0.03097 982.4
0.03098 982.4
0.03099 982.4
0.03100 982.4
0.03101 1006.0
0.03102 1030.0
0.03103 1054.6
0.03104 1079.7
0.03105 1105.3
0.03106 1131.5
0.03107 1158.1
0.03108 1185.4
0.03109 1213.1
0.03110 1241.5
0.03111 1270.4
0.03112 1300.0
0.03113 1330.1
0.03114 1360.9
0.03115 1392.3
0.03116 1424.3
0.03117 1457.0
0.03118 1490.4
0.03119 1524.5
0.03120 1559.3
0.03121 1594.9
0.03122 1631.3
0.03123 1668.5
0.03124 1706.5
0.03125 1745.4
0.03126 1785.3
0.03127 1826.2
0.03128 1868.1
0.03129 1911.2
0.03130 1955.5
0.03131 2001.1
0.03132 2048.2
0.03133 2096.9
0.03134 2147.3
0.03135 2199.6
0.03136 2254.1
0.03137 2311.1
0.03138 2370.8
0.03139 2433.6
0.03140 2500.0
0.03141 2570.5
0.03142 2645.6
0.03143 2726.2
0.03144 2813.2
0.03145 2907.5
0.03146 3010.6
0.03147 3124.0
0.03148 3249.7
0.03149 3389.9
0.03150 3547.8
0.03151 3640.0
0.03152 3751.4
0.03153 3885.0
0.03154 4044.4
0.03155 4234.0
0.03156 4459.0
0.03157 4725.7
0.03158 5041.8
0.03159 5415.9
0.03160 5857.7
0.03161 6377.3
0.03162 6983.6
0.03163 7682.2
0.03164 8472.4
0.03165 9343.1
0.03166 10270.4
0.03167 11218.8
0.03168 12147.1
0.03169 13017.2
0.03170 13801.5
0.03171 14486.2
0.03172 15068.9
0.03173 15554.5
0.03174 15952.0
0.03175 16271.0
0.03176 16521.1
0.03177 16710.7
0.03178 16846.9
0.03179 16935.9
0.03180 16982.9
0.03181 16992.0
0.03182 16967.0
0.03183 16910.7
0.03184 16825.8
0.03185 16714.4
0.03186 16578.4
0.03187 16419.5
0.03188 16239.2
0.03189 16039.0
0.03190 15820.1
0.03191 15583.8
0.03192 15331.3
0.03193 15063.8
0.03194 14782.6
0.03195 14488.8
0.03196 14183.7
0.03197 13868.5
0.03198 13544.6
0.03199 13213.0
0.03200 12875.2
0.03201 12532.4
0.03202 12185.7
0.03203 11836.6
0.03204 11486.2
0.03205 11135.6
0.03206 10786.0
0.03207 10438.4
0.03208 10094.0
0.03209 9753.7
0.03210 9418.3
0.03211 9088.6
0.03212 8765.5
0.03213 8449.5
0.03214 8141.3
0.03215 7841.2
0.03216 7549.8
0.03217 7267.4
0.03218 6994.2
0.03219 6730.4
0.03220 6476.1
0.03221 6231.4
0.03222 5996.3
0.03223 5770.8
0.03224 5554.6
0.03225 5347.8
0.03226 5150.0
0.03227 4961.1
0.03228 4780.9
0.03229 4609.0
0.03230 4445.3
0.03231 4289.3
0.03232 4140.9
0.03233 3999.7
0.03234 3865.3
0.03235 3737.6
0.03236 3616.1
0.03237 3500.6
0.03238 3390.8
0.03239 3286.4
0.03240 3187.2
0.03241 3092.7
0.03242 3002.9
0.03243 2917.4
0.03244 2836.0
0.03245 2758.5
0.03246 2684.7
0.03247 2614.3
0.03248 2547.2
0.03249 2483.1
0.03250 2422.0
0.03251 2363.6
0.03252 2307.8
0.03253 2254.5
0.03254 2203.5
0.03255 2154.7
0.03256 2107.9
0.03257 2063.2
0.03258 2020.2
0.03259 1979.1
0.03260 1939.6
0.03261 1901.7
0.03262 1865.4
0.03263 1830.4
0.03264 1796.9
0.03265 1764.6
0.03266 1733.6
0.03267 1703.8
0.03268 1675.1
0.03269 1647.6
0.03270 1621.0
0.03271 1595.5
0.03272 1571.0
0.03273 1547.3
0.03274 1524.6
0.03275 1502.7
0.03276 1481.6
0.03277 1461.4
0.03278 1441.8
0.03279 1423.1
0.03280 1405.0
0.03281 1387.6
0.03282 1370.8
0.03283 1354.7
0.03284 1339.2
0.03285 1324.3
0.03286 1309.9
0.03287 1296.1
0.03288 1282.8
0.03289 1270.0
0.03290 1257.7
0.03291 1245.9
0.03292 1234.5
0.03293 1223.5
0.03294 1213.0
0.03295 1202.8
0.03296 1193.0
0.03297 1183.6
0.03298 1174.6
0.03299 1165.8
0.03300 1157.4
0.03301 1149.4
0.03302 1141.6
0.03303 1134.1
0.03304 1126.8
0.03305 1119.9
0.03306 1113.2
0.03307 1106.7
0.03308 1100.5
0.03309 1094.5
0.03310 1088.7
0.03311 1083.1
0.03312 1077.7
0.03313 1072.5
0.03314 1067.5
0.03315 1062.6
0.03316 1058.0
0.03317 1053.4
0.03318 1049.1
0.03319 1044.9
0.03320 1040.8
0.03321 1036.9
0.03322 1033.1
0.03323 1029.4
0.03324 1025.9
0.03325 1022.5
0.03326 1019.1
0.03327 1015.9
0.03328 1012.8
0.03329 1009.8
0.03330 1006.9
0.03331 1004.1
0.03332 1001.4
0.03333 998.8
0.03334 996.2
0.03335 993.7
0.03336 991.4
0.03337 989.0
0.03338 986.8
0.03339 984.6
0.03340 982.5
0.03341 980.5
0.03342 978.5
0.03343 976.6
0.03344 974.7
0.03345 972.9
0.03346 971.1
0.03347 969.4
0.03348 967.8
0.03349 966.2
0.03350 964.6
0.03351 963.1
0.03352 961.7
0.03353 960.3
0.03354 958.9
0.03355 957.5
0.03356 956.2
0.03357 955.0
0.03358 953.7
0.03359 952.6
0.03360 951.4
0.03361 950.3
0.03362 949.2
0.03363 948.1
0.03364 947.1
0.03365 946.1
0.03366 945.1
0.03367 944.2
0.03368 943.2
0.03369 942.3
0.03370 941.5
0.03371 940.6
0.03372 939.8
0.03373 939.0
0.03374 938.2
0.03375 937.4
0.03376 936.7
0.03377 936.0
0.03378 935.3
0.03379 934.6
0.03380 933.9
0.03381 933.3
0.03382 932.7
0.03383 932.1
0.03384 931.5
0.03385 930.9
0.03386 930.3
0.03387 929.8
0.03388 929.2
0.03389 928.7
0.03390 928.2
0.03391 927.7
0.03392 927.2
0.03393 926.8
0.03394 926.3
0.03395 925.9
0.03396 925.4
0.03397 925.0
0.03398 924.6
0.03399 924.2
0.03400 923.8
0.03401 923.4
0.03402 923.1
0.03403 922.7
0.03404 922.4
0.03405 922.0
0.03406 921.7
0.03407 921.4
0.03408 921.1
0.03409 920.7
0.03410 920.4
0.03411 920.2
0.03412 919.9
0.03413 919.6
0.03414 919.3
0.03415 919.1
0.03416 918.8
0.03417 918.6
0.03418 918.3
0.03419 918.1
0.03420 917.8
0.03421 917.6
0.03422 917.4
0.03423 917.2
0.03424 917.0
0.03425 916.8
0.03426 916.6
0.03427 916.4
0.03428 916.2
0.03429 916.0
0.03430 915.9
0.03431 915.7
0.03432 915.5
0.03433 915.4
0.03434 915.2
0.03435 915.0
0.03436 914.9
0.03437 914.7
0.03438 914.6
0.03439 914.5
0.03440 914.3
0.03441 914.2
0.03442 914.1
0.03443 914.0
0.03444 913.8
0.03445 913.7
0.03446 913.6
0.03447 913.5
0.03448 913.4
0.03449 913.3
0.03450 913.2
0.03451 913.1
0.03452 913.0
0.03453 912.9
0.03454 912.8
0.03455 912.7
0.03456 912.7
0.03457 912.6
0.03458 912.5
0.03459 912.4
0.03460 912.4
0.03461 912.3
0.03462 912.2
0.03463 912.1
0.03464 912.1
0.03465 912.0
0.03466 912.0
0.03467 911.9
0.03468 911.9
0.03469 911.8
0.03470 911.8
0.03471 911.7
0.03472 911.7
0.03473 911.6
0.03474 911.6
0.03475 911.5
0.03476 911.5
0.03477 911.5
0.03478 911.4
0.03479 911.4
0.03480 911.3
0.03481 911.3
0.03482 911.3
0.03483 911.3
0.03484 911.2
0.03485 911.2
0.03486 911.2
0.03487 911.2
0.03488 911.1
0.03489 911.1
0.03490 911.1
0.03491 911.1
0.03492 911.1
0.03493 911.1
0.03494 911.0
0.03495 911.0
0.03496 911.0
0.03497 911.0
0.03498 911.0
0.03499 911.0
0.03500 911.0
0.03501 911.0
0.03502 911.0
0.03503 911.0
0.03504 911.0
0.03505 911.0
0.03506 911.0
0.03507 911.0
0.03508 911.0
0.03509 911.0
0.03510 911.0
0.03511 911.0
0.03512 911.0
0.03513 911.0
0.03514 911.0
0.03515 911.0
0.03516 911.1
0.03517 911.1
0.03518 911.1
0.03519 911.1
0.03520 911.1
0.03521 911.1
0.03522 911.1
0.03523 911.2
0.03524 911.2
0.03525 911.2
0.03526 911.2
0.03527 911.2
0.03528 911.2
0.03529 911.3
0.03530 911.3
0.03531 911.3
0.03532 911.3
0.03533 911.4
0.03534 911.4
0.03535 911.4
0.03536 911.4
0.03537 911.5
0.03538 911.5
0.03539 911.5
0.03540 911.5
0.03541 911.6
0.03542 911.6
0.03543 911.6
0.03544 911.6
0.03545 911.7
0.03546 911.7
0.03547 911.7
0.03548 911.8
0.03549 911.8
0.03550 911.8
0.03551 911.9
0.03552 911.9
0.03553 911.9
0.03554 912.0
0.03555 912.0
0.03556 912.0
0.03557 912.1
0.03558 912.1
0.03559 912.2
0.03560 912.2
0.03561 912.2
0.03562 912.3
0.03563 912.3
0.03564 912.4
0.03565 912.4
0.03566 912.4
0.03567 912.5
0.03568 912.5
0.03569 912.6
0.03570 912.6
0.03571 912.6
0.03572 912.7
0.03573 912.7
0.03574 912.8
0.03575 912.8
0.03576 912.9
0.03577 912.9
0.03578 912.9
0.03579 913.0
0.03580 913.0
0.03581 913.1
0.03582 913.1
0.03583 913.2
0.03584 913.2
0.03585 913.3
0.03586 913.3
0.03587 913.4
0.03588 913.4
0.03589 913.5
0.03590 913.5
0.03591 913.6
0.03592 913.6
0.03593 913.7
0.03594 913.7
0.03595 913.8
0.03596 913.8
0.03597 913.9
0.03598 913.9
0.03599 914.0
0.03600 914.0
0.03601 914.1
0.03602 914.1
0.03603 914.2
0.03604 914.2
0.03605 914.3
0.03606 914.3
0.03607 914.4
0.03608 914.4
0.03609 914.5
0.03610 914.5
0.03611 914.6
0.03612 914.6
0.03613 914.7
0.03614 914.8
0.03615 914.8
0.03616 914.9
0.03617 914.9
0.03618 915.0
0.03619 915.0
0.03620 915.1
0.03621 915.1
0.03622 915.2
0.03623 915.3
0.03624 915.3
0.03625 915.4
0.03626 915.4
0.03627 915.5
0.03628 915.5
0.03629 915.6
0.03630 915.7
0.03631 915.7
0.03632 915.8
0.03633 915.8
0.03634 915.9
0.03635 916.0
0.03636 916.0
0.03637 916.1
0.03638 916.1
0.03639 916.2
0.03640 916.3
0.03641 916.3
0.03642 916.4
0.03643 916.4
0.03644 916.5
0.03645 916.6
0.03646 916.6
0.03647 916.7
0.03648 916.7
0.03649 916.8
0.03650 916.9
0.03651 916.9
0.03652 917.0
0.03653 917.0
0.03654 917.1
0.03655 917.2
0.03656 917.2
0.03657 917.3
0.03658 917.4
0.03659 917.4
0.03660 917.5
0.03661 917.6
0.03662 917.6
0.03663 917.7
0.03664 917.7
0.03665 917.8
0.03666 917.9
0.03667 917.9
0.03668 918.0
0.03669 918.1
0.03670 918.1
0.03671 918.2
0.03672 918.3
0.03673 918.3
0.03674 918.4
0.03675 918.4
0.03676 918.5
0.03677 918.6
0.03678 918.6
0.03679 918.7
0.03680 918.8
0.03681 918.8
0.03682 918.9
0.03683 919.0
0.03684 919.0
0.03685 919.1
0.03686 919.2
0.03687 919.2
0.03688 919.3
0.03689 919.4
0.03690 919.4
0.03691 919.5
0.03692 919.6
0.03693 919.6
0.03694 919.7
0.03695 919.8
0.03696 919.8
0.03697 919.9
0.03698 920.0
0.03699 920.0
0.03700 920.1
0.03701 920.2
0.03702 920.2
0.03703 920.3
0.03704 920.4
0.03705 920.4
0.03706 920.5
0.03707 920.6
0.03708 920.6
0.03709 920.7
0.03710 920.8
0.03711 920.8
0.03712 920.9
0.03713 921.0
0.03714 921.0
0.03715 921.1
0.03716 921.2
0.03717 921.3
0.03718 921.3
0.03719 921.4
0.03720 921.5
0.03721 921.5
0.03722 921.6
0.03723 921.7
0.03724 921.7
0.03725 921.8
0.03726 921.9
0.03727 921.9
0.03728 922.0
0.03729 922.1
0.03730 922.1
0.03731 922.2
0.03732 922.3
0.03733 922.4
0.03734 922.4
0.03735 922.5
0.03736 922.6
0.03737 922.6
0.03738 922.7
0.03739 922.8
0.03740 922.8
0.03741 922.9
0.03742 923.0
0.03743 923.0
0.03744 923.1
0.03745 923.2
0.03746 923.3
0.03747 923.3
0.03748 923.4
0.03749 923.5
0.03750 923.5
0.03751 923.6
0.03752 923.7
0.03753 923.7
0.03754 923.8
0.03755 923.9
0.03756 924.0
0.03757 924.0
0.03758 924.1
0.03759 924.2
0.03760 924.2
0.03761 924.3
0.03762 924.4
0.03763 924.5
0.03764 924.5
0.03765 924.6
0.03766 924.7
0.03767 924.7
0.03768 924.8
0.03769 924.9
0.03770 924.9
0.03771 925.0
0.03772 925.1
0.03773 925.2
0.03774 925.2
0.03775 925.3
0.03776 925.4
0.03777 925.4
0.03778 925.5
0.03779 925.6
0.03780 925.7
0.03781 925.7
0.03782 925.8
0.03783 925.9
0.03784 925.9
0.03785 926.0
0.03786 926.1
0.03787 926.2
0.03788 926.2
0.03789 926.3
0.03790 926.4
0.03791 926.4
0.03792 926.5
0.03793 926.6
0.03794 926.7
0.03795 926.7
0.03796 926.8
0.03797 926.9
0.03798 926.9
0.03799 927.0
0.03800 927.1
0.03801 927.2
0.03802 927.2
0.03803 927.3
0.03804 927.4
0.03805 927.4
0.03806 927.5
0.03807 927.6
0.03808 927.7
0.03809 927.7
0.03810 927.8
0.03811 927.9
0.03812 927.9
0.03813 928.0
0.03814 928.1
0.03815 928.1
0.03816 928.2
0.03817 928.3
0.03818 928.4
0.03819 928.4
0.03820 928.5
0.03821 928.6
0.03822 928.6
0.03823 928.7
0.03824 928.8
0.03825 928.9
0.03826 928.9
0.03827 929.0
0.03828 929.1
0.03829 929.1
0.03830 929.2
0.03831 929.3
0.03832 929.4
0.03833 929.4
0.03834 929.5
0.03835 929.6
0.03836 929.6
0.03837 929.7
0.03838 929.8
0.03839 929.9
0.03840 929.9
0.03841 930.0
0.03842 930.1
0.03843 930.1
0.03844 930.2
0.03845 930.3
0.03846 930.4
0.03847 930.4
0.03848 930.5
0.03849 930.6
0.03850 930.6
0.03851 930.7
0.03852 930.8
0.03853 930.9
0.03854 930.9
0.03855 931.0
0.03856 931.1
0.03857 931.1
0.03858 931.2
0.03859 931.3
0.03860 931.3
0.03861 931.4
0.03862 931.5
0.03863 931.6
0.03864 931.6
0.03865 931.7
0.03866 931.8
0.03867 931.8
0.03868 931.9
0.03869 932.0
0.03870 932.1
0.03871 932.1
0.03872 932.2
0.03873 932.3
0.03874 932.3
0.03875 932.4
0.03876 932.5
0.03877 932.5
0.03878 932.6
0.03879 932.7
0.03880 932.8
0.03881 932.8
0.03882 932.9
0.03883 933.0
0.03884 933.0
0.03885 933.1
0.03886 933.2
0.03887 933.3
0.03888 933.3
0.03889 933.4
0.03890 933.5
0.03891 933.5
0.03892 933.6
0.03893 933.7
0.03894 933.7
0.03895 933.8
0.03896 933.9
0.03897 934.0
0.03898 934.0
0.03899 934.1
0.03900 934.2
0.03901 934.2
0.03902 934.3
0.03903 934.4
0.03904 934.4
0.03905 934.5
0.03906 934.6
0.03907 934.6
0.03908 934.7
0.03909 934.8
0.03910 934.9
0.03911 934.9
0.03912 935.0
0.03913 935.1
0.03914 935.1
0.03915 935.2
0.03916 935.3
0.03917 935.3
0.03918 935.4
0.03919 935.5
0.03920 935.5
0.03921 935.6
0.03922 935.7
0.03923 935.8
0.03924 935.8
0.03925 935.9
0.03926 936.0
0.03927 936.0
0.03928 936.1
0.03929 936.2
0.03930 936.2
0.03931 936.3
0.03932 936.4
0.03933 936.4
0.03934 936.5
0.03935 936.6
0.03936 936.6
0.03937 936.7
0.03938 936.8
0.03939 936.8
0.03940 936.9
0.03941 937.0
0.03942 937.0
0.03943 937.1
0.03944 937.2
0.03945 937.3
0.03946 937.3
0.03947 937.4
0.03948 937.5
0.03949 937.5
0.03950 937.6
0.03951 937.7
0.03952 937.7
0.03953 937.8
0.03954 937.9
0.03955 937.9
0.03956 938.0
0.03957 938.1
0.03958 938.1
0.03959 938.2
0.03960 938.3
0.03961 938.3
0.03962 938.4
0.03963 938.5
0.03964 938.5
0.03965 938.6
0.03966 938.7
0.03967 938.7
0.03968 938.8
0.03969 938.9
0.03970 938.9
0.03971 939.0
0.03972 939.1
0.03973 939.1
0.03974 939.2
0.03975 939.3
0.03976 939.3
0.03977 939.4
0.03978 939.5
0.03979 939.5
0.03980 939.6
0.03981 939.7
0.03982 939.7
0.03983 939.8
0.03984 939.9
0.03985 939.9
0.03986 940.0
0.03987 940.1
0.03988 940.1
0.03989 940.2
0.03990 940.3
0.03991 940.3
0.03992 940.4
0.03993 940.4
0.03994 940.5
0.03995 940.6
0.03996 940.6
0.03997 940.7
0.03998 940.8
0.03999 940.8
0.04000 940.9
0.04001 941.0
0.04002 941.0
0.04003 941.1
0.04004 941.2
0.04005 941.2
0.04006 941.3
0.04007 941.4
0.04008 941.4
0.04009 941.5
0.04010 941.5
0.04011 941.6
0.04012 941.7
0.04013 941.7
0.04014 941.8
0.04015 941.9
0.04016 941.9
0.04017 942.0
0.04018 942.1
0.04019 942.1
0.04020 942.2
0.04021 942.2
0.04022 942.3
0.04023 942.4
0.04024 942.4
0.04025 942.5
0.04026 942.6
0.04027 942.6
0.04028 942.7
0.04029 942.8
0.04030 942.8
0.04031 942.9
0.04032 942.9
0.04033 943.0
0.04034 943.1
0.04035 943.1
0.04036 943.2
0.04037 943.3
0.04038 943.3
0.04039 943.4
0.04040 943.4
0.04041 943.5
0.04042 943.6
0.04043 943.6
0.04044 943.7
0.04045 943.8
0.04046 943.8
0.04047 943.9
0.04048 943.9
0.04049 944.0
0.04050 944.1
0.04051 944.1
0.04052 944.2
0.04053 944.2
0.04054 944.3
0.04055 944.4
0.04056 944.4
0.04057 944.5
0.04058 944.6
0.04059 944.6
0.04060 944.7
0.04061 944.7
0.04062 944.8
0.04063 944.9
0.04064 944.9
0.04065 945.0
0.04066 945.0
0.04067 945.1
0.04068 945.2
0.04069 945.2
0.04070 945.3
0.04071 945.3
0.04072 945.4
0.04073 945.5
0.04074 945.5
0.04075 945.6
0.04076 945.6
0.04077 945.7
0.04078 945.8
0.04079 945.8
0.04080 945.9
0.04081 945.9
0.04082 946.0
0.04083 946.1
0.04084 946.1
0.04085 946.2
0.04086 946.2
0.04087 946.3
0.04088 946.4
0.04089 946.4
0.04090 946.5
0.04091 946.5
0.04092 946.6
0.04093 946.7
0.04094 946.7
0.04095 946.8
0.04096 946.8
0.04097 946.9
0.04098 946.9
0.04099 947.0
0.04100 947.1
0.04101 947.1
0.04102 947.2
0.04103 947.2
0.04104 947.3
0.04105 947.4
0.04106 947.4
0.04107 947.5
0.04108 947.5
0.04109 947.6
0.04110 947.6
0.04111 947.7
0.04112 947.8
0.04113 947.8
0.04114 947.9
0.04115 947.9
0.04116 948.0
0.04117 948.0
0.04118 948.1
0.04119 948.2
0.04120 948.2
0.04121 948.3
0.04122 948.3
0.04123 948.4
0.04124 948.4
0.04125 948.5
0.04126 948.6
0.04127 948.6
0.04128 948.7
0.04129 948.7
0.04130 948.8
0.04131 948.8
0.04132 948.9
0.04133 948.9
0.04134 949.0
0.04135 949.1
0.04136 949.1
0.04137 949.2
0.04138 949.2
0.04139 949.3
0.04140 949.3
0.04141 949.4
0.04142 949.4
0.04143 949.5
0.04144 949.6
0.04145 949.6
0.04146 949.7
0.04147 949.7
0.04148 949.8
0.04149 949.8
0.04150 949.9
0.04151 949.9
0.04152 950.0
0.04153 950.0
0.04154 950.1
0.04155 950.2
0.04156 950.2
0.04157 950.3
0.04158 950.3
0.04159 950.4
0.04160 950.4
0.04161 950.5
0.04162 950.5
0.04163 950.6
0.04164 950.6
0.04165 950.7
0.04166 950.7
0.04167 950.8
0.04168 950.9
0.04169 950.9
0.04170 951.0
0.04171 951.0
0.04172 951.1
0.04173 951.1
0.04174 951.2
0.04175 951.2
0.04176 951.3
0.04177 951.3
0.04178 951.4
0.04179 951.4
0.04180 951.5
0.04181 951.5
0.04182 951.6
0.04183 951.6
0.04184 951.7
0.04185 951.8
0.04186 951.8
0.04187 951.9
0.04188 951.9
0.04189 952.0
0.04190 952.0
0.04191 952.1
0.04192 952.1
0.04193 952.2
0.04194 952.2
0.04195 952.3
0.04196 952.3
0.04197 952.4
0.04198 952.4
0.04199 952.5
0.04200 952.5
0.04201 952.6
0.04202 952.6
0.04203 952.7
0.04204 952.7
0.04205 952.8
0.04206 952.8
0.04207 952.9
0.04208 952.9
0.04209 953.0
0.04210 953.0
0.04211 953.1
0.04212 953.1
0.04213 953.2
0.04214 953.2
0.04215 953.3
0.04216 953.3
0.04217 953.4
0.04218 953.4
0.04219 953.5
0.04220 953.5
0.04221 953.6
0.04222 953.6
0.04223 953.7
0.04224 953.7
0.04225 953.8
0.04226 953.8
0.04227 953.9
0.04228 953.9
0.04229 954.0
0.04230 954.0
0.04231 954.1
0.04232 954.1
0.04233 954.2
0.04234 954.2
0.04235 954.3
0.04236 954.3
0.04237 954.4
0.04238 954.4
0.04239 954.5
0.04240 954.5
0.04241 954.6
0.04242 954.6
0.04243 954.7
0.04244 954.7
0.04245 954.7
0.04246 954.8
0.04247 954.8
0.04248 954.9
0.04249 954.9
0.04250 955.0
0.04251 955.0
0.04252 955.1
0.04253 955.1
0.04254 955.2
0.04255 955.2
0.04256 955.3
0.04257 955.3
0.04258 955.4
0.04259 955.4
0.04260 955.5
0.04261 955.5
0.04262 955.6
0.04263 955.6
0.04264 955.6
0.04265 955.7
0.04266 955.7
0.04267 955.8
0.04268 955.8
0.04269 955.9
0.04270 955.9
0.04271 956.0
0.04272 956.0
0.04273 956.1
0.04274 956.1
0.04275 956.2
0.04276 956.2
0.04277 956.2
0.04278 956.3
0.04279 956.3
0.04280 956.4
0.04281 956.4
0.04282 956.5
0.04283 956.5
0.04284 956.6
0.04285 956.6
0.04286 956.6
0.04287 956.7
0.04288 956.7
0.04289 956.8
0.04290 956.8
0.04291 956.9
0.04292 956.9
0.04293 957.0
0.04294 957.0
0.04295 957.1
0.04296 957.1
0.04297 957.1
0.04298 957.2
0.04299 957.2
0.04300 957.3
0.04301 957.3
0.04302 957.4
0.04303 957.4
0.04304 957.4
0.04305 957.5
0.04306 957.5
0.04307 957.6
0.04308 957.6
0.04309 957.7
0.04310 957.7
0.04311 957.7
0.04312 957.8
0.04313 957.8
0.04314 957.9
0.04315 957.9
0.04316 958.0
0.04317 958.0
0.04318 958.0
0.04319 958.1
0.04320 958.1
0.04321 958.2
0.04322 958.2
0.04323 958.3
0.04324 958.3
0.04325 958.3
0.04326 958.4
0.04327 958.4
0.04328 958.5
0.04329 958.5
0.04330 958.6
0.04331 958.6
0.04332 958.6
0.04333 958.7
0.04334 958.7
0.04335 958.8
0.04336 958.8
0.04337 958.8
0.04338 958.9
0.04339 958.9
0.04340 959.0
0.04341 959.0
0.04342 959.1
0.04343 959.1
0.04344 959.1
0.04345 959.2
0.04346 959.2
0.04347 959.3
0.04348 959.3
0.04349 959.3
0.04350 959.4
0.04351 959.4
0.04352 959.5
0.04353 959.5
0.04354 959.5
0.04355 959.6
0.04356 959.6
0.04357 959.7
0.04358 959.7
0.04359 959.7
0.04360 959.8
0.04361 959.8
0.04362 959.9
0.04363 959.9
0.04364 959.9
0.04365 960.0
0.04366 960.0
0.04367 960.1
0.04368 960.1
0.04369 960.1
0.04370 960.2
0.04371 960.2
0.04372 960.3
0.04373 960.3
0.04374 960.3
0.04375 960.4
0.04376 960.4
0.04377 960.4
0.04378 960.5
0.04379 960.5
0.04380 960.6
0.04381 960.6
0.04382 960.6
0.04383 960.7
0.04384 960.7
0.04385 960.8
0.04386 960.8
0.04387 960.8
0.04388 960.9
0.04389 960.9
0.04390 960.9
0.04391 961.0
0.04392 961.0
0.04393 961.1
0.04394 961.1
0.04395 961.1
0.04396 961.2
0.04397 961.2
0.04398 961.2
0.04399 961.3
0.04400 961.3
0.04401 961.4
0.04402 961.4
0.04403 961.4
0.04404 961.5
0.04405 961.5
0.04406 961.5
0.04407 961.6
0.04408 961.6
0.04409 961.7
0.04410 961.7
0.04411 961.7
0.04412 961.8
0.04413 961.8
0.04414 961.8
0.04415 961.9
0.04416 961.9
0.04417 961.9
0.04418 962.0
0.04419 962.0
0.04420 962.1
0.04421 962.1
0.04422 962.1
0.04423 962.2
0.04424 962.2
0.04425 962.2
0.04426 962.3
0.04427 962.3
0.04428 962.3
0.04429 962.4
0.04430 962.4
0.04431 962.4
0.04432 962.5
0.04433 962.5
0.04434 962.6
0.04435 962.6
0.04436 962.6
0.04437 962.7
0.04438 962.7
0.04439 962.7
0.04440 962.8
0.04441 962.8
0.04442 962.8
0.04443 962.9
0.04444 962.9
0.04445 962.9
0.04446 963.0
0.04447 963.0
0.04448 963.0
0.04449 963.1
0.04450 963.1
0.04451 963.1
0.04452 963.2
0.04453 963.2
0.04454 963.2
0.04455 963.3
0.04456 963.3
0.04457 963.3
0.04458 963.4
0.04459 963.4
0.04460 963.4
0.04461 963.5
0.04462 963.5
0.04463 963.5
0.04464 963.6
0.04465 963.6
0.04466 963.6
0.04467 963.7
0.04468 963.7
0.04469 963.7
0.04470 963.8
0.04471 963.8
0.04472 963.8
0.04473 963.9
0.04474 963.9
0.04475 963.9
0.04476 964.0
0.04477 964.0
0.04478 964.0
0.04479 964.1
0.04480 964.1
0.04481 964.1
0.04482 964.2
0.04483 964.2
0.04484 964.2
0.04485 964.3
0.04486 964.3
0.04487 964.3
0.04488 964.4
0.04489 964.4
0.04490 964.4
0.04491 964.5
0.04492 964.5
0.04493 964.5
0.04494 964.6
0.04495 964.6
0.04496 964.6
0.04497 964.7
0.04498 964.7
0.04499 964.7
0.04500 964.7
0.04501 964.8
0.04502 964.8
0.04503 964.8
0.04504 964.9
0.04505 964.9
0.04506 964.9
0.04507 965.0
0.04508 965.0
0.04509 965.0
0.04510 965.1
0.04511 965.1
0.04512 965.1
0.04513 965.1
0.04514 965.2
0.04515 965.2
0.04516 965.2
0.04517 965.3
0.04518 965.3
0.04519 965.3
0.04520 965.4
0.04521 965.4
0.04522 965.4
0.04523 965.4
0.04524 965.5
0.04525 965.5
0.04526 965.5
0.04527 965.6
0.04528 965.6
0.04529 965.6
0.04530 965.7
0.04531 965.7
0.04532 965.7
0.04533 965.7
0.04534 965.8
0.04535 965.8
0.04536 965.8
0.04537 965.9
0.04538 965.9
0.04539 965.9
0.04540 966.0
0.04541 966.0
0.04542 966.0
0.04543 966.0
0.04544 966.1
0.04545 966.1
0.04546 966.1
0.04547 966.2
0.04548 966.2
0.04549 966.2
0.04550 966.2
0.04551 966.3
0.04552 966.3
0.04553 966.3
0.04554 966.4
0.04555 966.4
0.04556 966.4
0.04557 966.4
0.04558 966.5
0.04559 966.5
0.04560 966.5
0.04561 966.6
0.04562 966.6
0.04563 966.6
0.04564 966.6
0.04565 966.7
0.04566 966.7
0.04567 966.7
0.04568 966.7
0.04569 966.8
0.04570 966.8
0.04571 966.8
0.04572 966.9
0.04573 966.9
0.04574 966.9
0.04575 966.9
0.04576 967.0
0.04577 967.0
0.04578 967.0
0.04579 967.1
0.04580 967.1
0.04581 967.1
0.04582 967.1
0.04583 967.2
0.04584 967.2
0.04585 967.2
0.04586 967.2
0.04587 967.3
0.04588 967.3
0.04589 967.3
0.04590 967.3
0.04591 967.4
0.04592 967.4
0.04593 967.4
0.04594 967.5
0.04595 967.5
0.04596 967.5
0.04597 967.5
0.04598 967.6
0.04599 967.6
0.04600 967.6
0.04601 967.6
0.04602 967.7
0.04603 967.7
0.04604 967.7
0.04605 967.7
0.04606 967.8
0.04607 967.8
0.04608 967.8
0.04609 967.8
0.04610 967.9
0.04611 967.9
0.04612 967.9
0.04613 967.9
0.04614 968.0
0.04615 968.0
0.04616 968.0
0.04617 968.0
0.04618 968.1
0.04619 968.1
0.04620 968.1
0.04621 968.1
0.04622 968.2
0.04623 968.2
0.04624 968.2
0.04625 968.2
0.04626 968.3
0.04627 968.3
0.04628 968.3
0.04629 968.3
0.04630 968.4
0.04631 968.4
0.04632 968.4
0.04633 968.4
0.04634 968.5
0.04635 968.5
0.04636 968.5
0.04637 968.5
0.04638 968.6
0.04639 968.6
0.04640 968.6
0.04641 968.6
0.04642 968.7
0.04643 968.7
0.04644 968.7
0.04645 968.7
0.04646 968.8
0.04647 968.8
0.04648 968.8
0.04649 968.8
0.04650 968.9
0.04651 968.9
0.04652 968.9
0.04653 968.9
0.04654 969.0
0.04655 969.0
0.04656 969.0
0.04657 969.0
0.04658 969.0
0.04659 969.1
0.04660 969.1
0.04661 969.1
0.04662 969.1
0.04663 969.2
0.04664 969.2
0.04665 969.2
0.04666 969.2
0.04667 969.3
0.04668 969.3
0.04669 969.3
0.04670 969.3
0.04671 969.3
0.04672 969.4
0.04673 969.4
0.04674 969.4
0.04675 969.4
0.04676 969.5
0.04677 969.5
0.04678 969.5
0.04679 969.5
0.04680 969.6
0.04681 969.6
0.04682 969.6
0.04683 969.6
0.04684 969.6
0.04685 969.7
0.04686 969.7
0.04687 969.7
0.04688 969.7
0.04689 969.8
0.04690 969.8
0.04691 969.8
0.04692 969.8
0.04693 969.8
0.04694 969.9
0.04695 969.9
0.04696 969.9
0.04697 969.9
0.04698 970.0
0.04699 970.0
0.04700 970.0
0.04701 970.0
0.04702 970.0
0.04703 970.1
0.04704 970.1
0.04705 970.1
0.04706 970.1
0.04707 970.1
0.04708 970.2
0.04709 970.2
0.04710 970.2
0.04711 970.2
0.04712 970.3
0.04713 970.3
0.04714 970.3
0.04715 970.3
0.04716 970.3
0.04717 970.4
0.04718 970.4
0.04719 970.4
0.04720 970.4
0.04721 970.4
0.04722 970.5
0.04723 970.5
0.04724 970.5
0.04725 970.5
0.04726 970.5
0.04727 970.6
0.04728 970.6
0.04729 970.6
0.04730 970.6
0.04731 970.7
0.04732 970.7
0.04733 970.7
0.04734 970.7
0.04735 970.7
0.04736 970.8
0.04737 970.8
0.04738 970.8
0.04739 970.8
0.04740 970.8
0.04741 970.9
0.04742 970.9
0.04743 970.9
0.04744 970.9
0.04745 970.9
0.04746 971.0
0.04747 971.0
0.04748 971.0
0.04749 971.0
0.04750 971.0
0.04751 971.1
0.04752 971.1
0.04753 971.1
0.04754 971.1
0.04755 971.1
0.04756 971.2
0.04757 971.2
0.04758 971.2
0.04759 971.2
0.04760 971.2
0.04761 971.2
0.04762 971.3
0.04763 971.3
0.04764 971.3
0.04765 971.3
0.04766 971.3
0.04767 971.4
0.04768 971.4
0.04769 971.4
0.04770 971.4
0.04771 971.4
0.04772 971.5
0.04773 971.5
0.04774 971.5
0.04775 971.5
0.04776 971.5
0.04777 971.6
0.04778 971.6
0.04779 971.6
0.04780 971.6
0.04781 971.6
0.04782 971.6
0.04783 971.7
0.04784 971.7
0.04785 971.7
0.04786 971.7
0.04787 971.7
0.04788 971.8
0.04789 971.8
0.04790 971.8
0.04791 971.8
0.04792 971.8
0.04793 971.8
0.04794 971.9
0.04795 971.9
0.04796 971.9
0.04797 971.9
0.04798 971.9
0.04799 972.0
0.04800 972.0
0.04801 972.0
0.04802 972.0
0.04803 972.0
0.04804 972.0
0.04805 972.1
0.04806 972.1
0.04807 972.1
0.04808 972.1
0.04809 972.1
0.04810 972.2
0.04811 972.2
0.04812 972.2
0.04813 972.2
0.04814 972.2
0.04815 972.2
0.04816 972.3
0.04817 972.3
0.04818 972.3
0.04819 972.3
0.04820 972.3
0.04821 972.3
0.04822 972.4
0.04823 972.4
0.04824 972.4
0.04825 972.4
0.04826 972.4
0.04827 972.5
0.04828 972.5
0.04829 972.5
0.04830 972.5
0.04831 972.5
0.04832 972.5
0.04833 972.6
0.04834 972.6
0.04835 972.6
0.04836 972.6
0.04837 972.6
0.04838 972.6
0.04839 972.7
0.04840 972.7
0.04841 972.7
0.04842 972.7
0.04843 972.7
0.04844 972.7
0.04845 972.8
0.04846 972.8
0.04847 972.8
0.04848 972.8
0.04849 972.8
0.04850 972.8
0.04851 972.9
0.04852 972.9
0.04853 972.9
0.04854 972.9
0.04855 972.9
0.04856 972.9
0.04857 972.9
0.04858 973.0
0.04859 973.0
0.04860 973.0
0.04861 973.0
0.04862 973.0
0.04863 973.0
0.04864 973.1
0.04865 973.1
0.04866 973.1
0.04867 973.1
0.04868 973.1
0.04869 973.1
0.04870 973.2
0.04871 973.2
0.04872 973.2
0.04873 973.2
0.04874 973.2
0.04875 973.2
0.04876 973.3
0.04877 973.3
0.04878 973.3
0.04879 973.3
0.04880 973.3
0.04881 973.3
0.04882 973.3
0.04883 973.4
0.04884 973.4
0.04885 973.4
0.04886 973.4
0.04887 973.4
0.04888 973.4
0.04889 973.5
0.04890 973.5
0.04891 973.5
0.04892 973.5
0.04893 973.5
0.04894 973.5
0.04895 973.5
0.04896 973.6
0.04897 973.6
0.04898 973.6
0.04899 973.6
0.04900 973.6
0.04901 973.6
0.04902 973.6
0.04903 973.7
0.04904 973.7
0.04905 973.7
0.04906 973.7
0.04907 973.7
0.04908 973.7
0.04909 973.7
0.04910 973.8
0.04911 973.8
0.04912 973.8
0.04913 973.8
0.04914 973.8
0.04915 973.8
0.04916 973.9
0.04917 973.9
0.04918 973.9
0.04919 973.9
0.04920 973.9
0.04921 973.9
0.04922 973.9
0.04923 974.0
0.04924 974.0
0.04925 974.0
0.04926 974.0
0.04927 974.0
0.04928 974.0
0.04929 974.0
0.04930 974.1
0.04931 974.1
0.04932 974.1
0.04933 974.1
0.04934 974.1
0.04935 974.1
0.04936 974.1
0.04937 974.1
0.04938 974.2
0.04939 974.2
0.04940 974.2
0.04941 974.2
0.04942 974.2
0.04943 974.2
0.04944 974.2
0.04945 974.3
0.04946 974.3
0.04947 974.3
0.04948 974.3
0.04949 974.3
0.04950 974.3
0.04951 974.3
0.04952 974.4
0.04953 974.4
0.04954 974.4
0.04955 974.4
0.04956 974.4
0.04957 974.4
0.04958 974.4
0.04959 974.4
0.04960 974.5
0.04961 974.5
0.04962 974.5
0.04963 974.5
0.04964 974.5
0.04965 974.5
0.04966 974.5
0.04967 974.6
0.04968 974.6
0.04969 974.6
0.04970 974.6
0.04971 974.6
0.04972 974.6
0.04973 974.6
0.04974 974.6
0.04975 974.7
0.04976 974.7
0.04977 974.7
0.04978 974.7
0.04979 974.7
0.04980 974.7
0.04981 974.7
0.04982 974.7
0.04983 974.8
0.04984 974.8
0.04985 974.8
0.04986 974.8
0.04987 974.8
0.04988 974.8
0.04989 974.8
0.04990 974.8
0.04991 974.9
0.04992 974.9
0.04993 974.9
0.04994 974.9
0.04995 974.9
0.04996 974.9
0.04997 974.9
0.04998 974.9
0.04999 975.0
0.05000 982.4
0.05001 982.4
0.05002 982.4
0.05003 982.4
0.05004 982.4
0.05005 982.4
0.05006 982.4
0.05007 982.4
0.05008 982.4
0.05009 982.4
0.05010 982.4
0.05011 982.4
0.05012 982.4
0.05013 982.4
0.05014 982.4
0.05015 982.4
0.05016 982.4
0.05017 982.4
0.05018 982.4
0.05019 982.4
0.05020 982.4
0.05021 982.4
0.05022 982.4
0.05023 982.4
0.05024 982.4
0.05025 982.4
0.05026 982.4
0.05027 982.4
0.05028 982.4
0.05029 982.4
0.05030 982.4
0.05031 982.4
0.05032 982.4
0.05033 982.4
0.05034 982.4
0.05035 982.4
0.05036 982.4
0.05037 982.4
0.05038 982.4
0.05039 982.4
0.05040 982.4
0.05041 982.4
0.05042 982.4
0.05043 982.4
0.05044 982.4
0.05045 982.4
0.05046 982.4
0.05047 982.4
0.05048 982.4
0.05049 982.4
0.05050 982.4
0.05051 982.4
0.05052 982.4
0.05053 982.4
0.05054 982.4
0.05055 982.4
0.05056 982.4
0.05057 982.4
0.05058 982.4
0.05059 982.4
0.05060 982.4
0.05061 982.4
0.05062 982.4
0.05063 982.4
0.05064 982.4
0.05065 982.4
0.05066 982.4
0.05067 982.4
0.05068 982.4
0.05069 982.4
0.05070 982.4
0.05071 982.4
0.05072 982.4
0.05073 982.4
0.05074 982.4
0.05075 982.4
0.05076 982.4
0.05077 982.4
0.05078 982.4
0.05079 982.4
0.05080 982.4
0.05081 982.4
0.05082 982.4
0.05083 982.4
0.05084 982.4
0.05085 982.4
0.05086 982.4
0.05087 982.4
0.05088 982.4
0.05089 982.4
0.05090 982.4
0.05091 982.4
0.05092 982.4
0.05093 982.4
0.05094 982.4
0.05095 982.4
0.05096 982.4
0.05097 982.4
0.05098 982.4
0.05099 982.4
0.05100 982.4
0.05101 982.4
0.05102 982.4
0.05103 982.4
0.05104 982.4
0.05105 982.4
0.05106 982.4
0.05107 982.4
0.05108 982.4
0.05109 982.4
0.05110 982.4
0.05111 982.4
0.05112 982.4
0.05113 982.4
0.05114 982.4
0.05115 982.4
0.05116 982.4
0.05117 982.4
0.05118 982.4
0.05119 982.4
0.05120 982.4
0.05121 982.4
0.05122 982.4
0.05123 982.4
0.05124 982.4
0.05125 982.4
0.05126 982.4
0.05127 982.4
0.05128 982.4
0.05129 982.4
0.05130 982.4
0.05131 982.4
0.05132 982.4
0.05133 982.4
0.05134 982.4
0.05135 982.4
0.05136 982.4
0.05137 982.4
0.05138 982.4
0.05139 982.4
0.05140 982.4
0.05141 982.4
0.05142 982.4
0.05143 982.4
0.05144 982.4
0.05145 982.4
0.05146 982.4
0.05147 982.4
0.05148 982.4
0.05149 982.4
0.05150 982.4
0.05151 982.4
0.05152 982.4
0.05153 982.4
0.05154 982.4
0.05155 982.4
0.05156 982.4
0.05157 982.4
0.05158 982.4
0.05159 982.4
0.05160 982.4
0.05161 982.4
0.05162 982.4
0.05163 982.4
0.05164 982.4
0.05165 982.4
0.05166 982.4
0.05167 982.4
0.05168 982.4
0.05169 982.4
0.05170 982.4
0.05171 982.4
0.05172 982.4
0.05173 982.4
0.05174 982.4
0.05175 982.4
0.05176 982.4
0.05177 982.4
0.05178 982.4
0.05179 982.4
0.05180 982.4
0.05181 982.4
0.05182 982.4
0.05183 982.4
0.05184 982.4
0.05185 982.4
0.05186 982.4
0.05187 982.4
0.05188 982.4
0.05189 982.4
0.05190 982.4
0.05191 982.4
0.05192 982.4
0.05193 982.4
0.05194 982.4
0.05195 982.4
0.05196 982.4
0.05197 982.4
0.05198 982.4
0.05199 982.4
0.05200 982.4
0.05201 982.4
0.05202 982.4
0.05203 982.4
0.05204 982.4
0.05205 982.4
0.05206 982.4
0.05207 982.4
0.05208 982.4
0.05209 982.4
0.05210 982.4
0.05211 982.4
0.05212 982.4
0.05213 982.4
0.05214 982.4
0.05215 982.4
0.05216 982.4
0.05217 982.4
0.05218 982.4
0.05219 982.4
0.05220 982.4
0.05221 982.4
0.05222 982.4
0.05223 982.4
0.05224 982.4
0.05225 982.4
0.05226 982.4
0.05227 982.4
0.05228 982.4
0.05229 982.4
0.05230 982.4
0.05231 982.4
0.05232 982.4
0.05233 982.4
0.05234 982.4
0.05235 982.4
0.05236 982.4
0.05237 982.4
0.05238 982.4
0.05239 982.4
0.05240 982.4
0.05241 982.4
0.05242 982.4
0.05243 982.4
0.05244 982.4
0.05245 982.4
0.05246 982.4
0.05247 982.4
0.05248 982.4
0.05249 982.4
0.05250 982.4
0.05251 982.4
0.05252 982.4
0.05253 982.4
0.05254 982.4
0.05255 982.4
0.05256 982.4
0.05257 982.4
0.05258 982.4
0.05259 982.4
0.05260 982.4
0.05261 982.4
0.05262 982.4
0.05263 982.4
0.05264 982.4
0.05265 982.4
0.05266 982.4
0.05267 982.4
0.05268 982.4
0.05269 982.4
0.05270 982.4
0.05271 982.4
0.05272 982.4
0.05273 982.4
0.05274 982.4
0.05275 982.4
0.05276 982.4
0.05277 982.4
0.05278 982.4
0.05279 982.4
0.05280 982.4
0.05281 982.4
0.05282 982.4
0.05283 982.4
0.05284 982.4
0.05285 982.4
0.05286 982.4
0.05287 982.4
0.05288 982.4
0.05289 982.4
0.05290 982.4
0.05291 982.4
0.05292 982.4
0.05293 982.4
0.05294 982.4
0.05295 982.4
0.05296 982.4
0.05297 982.4
0.05298 982.4
0.05299 982.4
0.05300 982.4
0.05301 982.4
0.05302 982.4
0.05303 982.4
0.05304 982.4
0.05305 982.4
0.05306 982.4
0.05307 982.4
0.05308 982.4
0.05309 982.4
0.05310 982.4
0.05311 982.4
0.05312 982.4
0.05313 982.4
0.05314 982.4
0.05315 982.4
0.05316 982.4
0.05317 982.4
0.05318 982.4
0.05319 982.4
0.05320 982.4
0.05321 982.4
0.05322 982.4
0.05323 982.4
0.05324 982.4
0.05325 982.4
0.05326 982.4
0.05327 982.4
0.05328 982.4
0.05329 982.4
0.05330 982.4
0.05331 982.4
0.05332 982.4
0.05333 982.4
0.05334 982.4
0.05335 982.4
0.05336 982.4
0.05337 982.4
0.05338 982.4
0.05339 982.4
0.05340 982.4
0.05341 982.4
0.05342 982.4
0.05343 982.4
0.05344 982.4
0.05345 982.4
0.05346 982.4
0.05347 982.4
0.05348 982.4
0.05349 982.4
0.05350 982.4
0.05351 982.4
0.05352 982.4
0.05353 982.4
0.05354 982.4
0.05355 982.4
0.05356 982.4
0.05357 982.4
0.05358 982.4
0.05359 982.4
0.05360 982.4
0.05361 982.4
0.05362 982.4
0.05363 982.4
0.05364 982.4
0.05365 982.4
0.05366 982.4
0.05367 982.4
0.05368 982.4
0.05369 982.4
0.05370 982.4
0.05371 982.4
0.05372 982.4
0.05373 982.4
0.05374 982.4
0.05375 982.4
0.05376 982.4
0.05377 982.4
0.05378 982.4
0.05379 982.4
0.05380 982.4
0.05381 982.4
0.05382 982.4
0.05383 982.4
0.05384 982.4
0.05385 982.4
0.05386 982.4
0.05387 982.4
0.05388 982.4
0.05389 982.4
0.05390 982.4
0.05391 982.4
0.05392 982.4
0.05393 982.4
0.05394 982.4
0.05395 982.4
0.05396 982.4
0.05397 982.4
0.05398 982.4
0.05399 982.4
0.05400 982.4
0.05401 982.4
0.05402 982.4
0.05403 982.4
0.05404 982.4
0.05405 982.4
0.05406 982.4
0.05407 982.4
0.05408 982.4
0.05409 982.4
0.05410 982.4
0.05411 982.4
0.05412 982.4
0.05413 982.4
0.05414 982.4
0.05415 982.4
0.05416 982.4
0.05417 982.4
0.05418 982.4
0.05419 982.4
0.05420 982.4
0.05421 982.4
0.05422 982.4
0.05423 982.4
0.05424 982.4
0.05425 982.4
0.05426 982.4
0.05427 982.4
0.05428 982.4
0.05429 982.4
0.05430 982.4
0.05431 982.4
0.05432 982.4
0.05433 982.4
0.05434 982.4
0.05435 982.4
0.05436 982.4
0.05437 982.4
0.05438 982.4
0.05439 982.4
0.05440 982.4
0.05441 982.4
0.05442 982.4
0.05443 982.4
0.05444 982.4
0.05445 982.4
0.05446 982.4
0.05447 982.4
0.05448 982.4
0.05449 982.4
0.05450 982.4
0.05451 982.4
0.05452 982.4
0.05453 982.4
0.05454 982.4
0.05455 982.4
0.05456 982.4
0.05457 982.4
0.05458 982.4
0.05459 982.4
0.05460 982.4
0.05461 982.4
0.05462 982.4
0.05463 982.4
0.05464 982.4
0.05465 982.4
0.05466 982.4
0.05467 982.4
0.05468 982.4
0.05469 982.4
0.05470 982.4
0.05471 982.4
0.05472 982.4
0.05473 982.4
0.05474 982.4
0.05475 982.4
0.05476 982.4
0.05477 982.4
0.05478 982.4
0.05479 982.4
0.05480 982.4
0.05481 982.4
0.05482 982.4
0.05483 982.4
0.05484 982.4
0.05485 982.4
0.05486 982.4
0.05487 982.4
0.05488 982.4
0.05489 982.4
0.05490 982.4
0.05491 982.4
0.05492 982.4
0.05493 982.4
0.05494 982.4
0.05495 982.4
0.05496 982.4
0.05497 982.4
0.05498 982.4
0.05499 982.4
0.05500 982.4
0.05501 982.4
0.05502 982.4
0.05503 982.4
0.05504 982.4
0.05505 982.4
0.05506 982.4
0.05507 982.4
0.05508 982.4
0.05509 982.4
0.05510 982.4
0.05511 982.4
0.05512 982.4
0.05513 982.4
0.05514 982.4
0.05515 982.4
0.05516 982.4
0.05517 982.4
0.05518 982.4
0.05519 982.4
0.05520 982.4
0.05521 982.4
0.05522 982.4
0.05523 982.4
0.05524 982.4
0.05525 982.4
0.05526 982.4
0.05527 982.4
0.05528 982.4
0.05529 982.4
0.05530 982.4
0.05531 982.4
0.05532 982.4
0.05533 982.4
0.05534 982.4
0.05535 982.4
0.05536 982.4
0.05537 982.4
0.05538 982.4
0.05539 982.4
0.05540 982.4
0.05541 982.4
0.05542 982.4
0.05543 982.4
0.05544 982.4
0.05545 982.4
0.05546 982.4
0.05547 982.4
0.05548 982.4
0.05549 982.4
0.05550 982.4
0.05551 982.4
0.05552 982.4
0.05553 982.4
0.05554 982.4
0.05555 982.4
0.05556 982.4
0.05557 982.4
0.05558 982.4
0.05559 982.4
0.05560 982.4
0.05561 982.4
0.05562 982.4
0.05563 982.4
0.05564 982.4
0.05565 982.4
0.05566 982.4
0.05567 982.4
0.05568 982.4
0.05569 982.4
0.05570 982.4
0.05571 982.4
0.05572 982.4
0.05573 982.4
0.05574 982.4
0.05575 982.4
0.05576 982.4
0.05577 982.4
0.05578 982.4
0.05579 982.4
0.05580 982.4
0.05581 982.4
0.05582 982.4
0.05583 982.4
0.05584 982.4
0.05585 982.4
0.05586 982.4
0.05587 982.4
0.05588 982.4
0.05589 982.4
0.05590 982.4
0.05591 982.4
0.05592 982.4
0.05593 982.4
0.05594 982.4
0.05595 982.4
0.05596 982.4
0.05597 982.4
0.05598 982.4
0.05599 982.4
0.05600 982.4
0.05601 982.4
0.05602 982.4
0.05603 982.4
0.05604 982.4
0.05605 982.4
0.05606 982.4
0.05607 982.4
0.05608 982.4
0.05609 982.4
0.05610 982.4
0.05611 982.4
0.05612 982.4
0.05613 982.4
0.05614 982.4
0.05615 982.4
0.05616 982.4
0.05617 982.4
0.05618 982.4
0.05619 982.4
0.05620 982.4
0.05621 982.4
0.05622 982.4
0.05623 982.4
0.05624 982.4
0.05625 982.4
0.05626 982.4
0.05627 982.4
0.05628 982.4
0.05629 982.4
0.05630 982.4
0.05631 982.4
0.05632 982.4
0.05633 982.4
0.05634 982.4
0.05635 982.4
0.05636 982.4
0.05637 982.4
0.05638 982.4
0.05639 982.4
0.05640 982.4
0.05641 982.4
0.05642 982.4
0.05643 982.4
0.05644 982.4
0.05645 982.4
0.05646 982.4
0.05647 982.4
0.05648 982.4
0.05649 982.4
0.05650 982.4
0.05651 982.4
0.05652 982.4
0.05653 982.4
0.05654 982.4
0.05655 982.4
0.05656 982.4
0.05657 982.4
0.05658 982.4
0.05659 982.4
0.05660 982.4
0.05661 982.4
0.05662 982.4
0.05663 982.4
0.05664 982.4
0.05665 982.4
0.05666 982.4
0.05667 982.4
0.05668 982.4
0.05669 982.4
0.05670 982.4
0.05671 982.4
0.05672 982.4
0.05673 982.4
0.05674 982.4
0.05675 982.4
0.05676 982.4
0.05677 982.4
0.05678 982.4
0.05679 982.4
0.05680 982.4
0.05681 982.4
0.05682 982.4
0.05683 982.4
0.05684 982.4
0.05685 982.4
0.05686 982.4
0.05687 982.4
0.05688 982.4
0.05689 982.4
0.05690 982.4
0.05691 982.4
0.05692 982.4
0.05693 982.4
0.05694 982.4
0.05695 982.4
0.05696 982.4
0.05697 982.4
0.05698 982.4
0.05699 982.4
0.05700 982.4
0.05701 982.4
0.05702 982.4
0.05703 982.4
0.05704 982.4
0.05705 982.4
0.05706 982.4
0.05707 982.4
0.05708 982.4
0.05709 982.4
0.05710 982.4
0.05711 982.4
0.05712 982.4
0.05713 982.4
0.05714 982.4
0.05715 982.4
0.05716 982.4
0.05717 982.4
0.05718 982.4
0.05719 982.4
0.05720 982.4
0.05721 982.4
0.05722 982.4
0.05723 982.4
0.05724 982.4
0.05725 982.4
0.05726 982.4
0.05727 982.4
0.05728 982.4
0.05729 982.4
0.05730 982.4
0.05731 982.4
0.05732 982.4
0.05733 982.4
0.05734 982.4
0.05735 982.4
0.05736 982.4
0.05737 982.4
0.05738 982.4
0.05739 982.4
0.05740 982.4
0.05741 982.4
0.05742 982.4
0.05743 982.4
0.05744 982.4
0.05745 982.4
0.05746 982.4
0.05747 982.4
0.05748 982.4
0.05749 982.4
0.05750 982.4
0.05751 982.4
0.05752 982.4
0.05753 982.4
0.05754 982.4
0.05755 982.4
0.05756 982.4
0.05757 982.4
0.05758 982.4
0.05759 982.4
0.05760 982.4
0.05761 982.4
0.05762 982.4
0.05763 982.4
0.05764 982.4
0.05765 982.4
0.05766 982.4
0.05767 982.4
0.05768 982.4
0.05769 982.4
0.05770 982.4
0.05771 982.4
0.05772 982.4
0.05773 982.4
0.05774 982.4
0.05775 982.4
0.05776 982.4
0.05777 982.4
0.05778 982.4
0.05779 982.4
0.05780 982.4
0.05781 982.4
0.05782 982.4
0.05783 982.4
0.05784 982.4
0.05785 982.4
0.05786 982.4
0.05787 982.4
0.05788 982.4
0.05789 982.4
0.05790 982.4
0.05791 982.4
0.05792 982.4
0.05793 982.4
0.05794 982.4
0.05795 982.4
0.05796 982.4
0.05797 982.4
0.05798 982.4
0.05799 982.4
0.05800 982.4
0.05801 982.4
0.05802 982.4
0.05803 982.4
0.05804 982.4
0.05805 982.4
0.05806 982.4
0.05807 982.4
0.05808 982.4
0.05809 982.4
0.05810 982.4
0.05811 982.4
0.05812 982.4
0.05813 982.4
0.05814 982.4
0.05815 982.4
0.05816 982.4
0.05817 982.4
0.05818 982.4
0.05819 982.4
0.05820 982.4
0.05821 982.4
0.05822 982.4
0.05823 982.4
0.05824 982.4
0.05825 982.4
0.05826 982.4
0.05827 982.4
0.05828 982.4
0.05829 982.4
0.05830 982.4
0.05831 982.4
0.05832 982.4
0.05833 982.4
0.05834 982.4
0.05835 982.4
0.05836 982.4
0.05837 982.4
0.05838 982.4
0.05839 982.4
0.05840 982.4
0.05841 982.4
0.05842 982.4
0.05843 982.4
0.05844 982.4
0.05845 982.4
0.05846 982.4
0.05847 982.4
0.05848 982.4
0.05849 982.4
0.05850 982.4
0.05851 982.4
0.05852 982.4
0.05853 982.4
0.05854 982.4
0.05855 982.4
0.05856 982.4
0.05857 982.4
0.05858 982.4
0.05859 982.4
0.05860 982.4
0.05861 982.4
0.05862 982.4
0.05863 982.4
0.05864 982.4
0.05865 982.4
0.05866 982.4
0.05867 982.4
0.05868 982.4
0.05869 982.4
0.05870 982.4
0.05871 982.4
0.05872 982.4
0.05873 982.4
0.05874 982.4
0.05875 982.4
0.05876 982.4
0.05877 982.4
0.05878 982.4
0.05879 982.4
0.05880 982.4
0.05881 982.4
0.05882 982.4
0.05883 982.4
0.05884 982.4
0.05885 982.4
0.05886 982.4
0.05887 982.4
0.05888 982.4
0.05889 982.4
0.05890 982.4
0.05891 982.4
0.05892 982.4
0.05893 982.4
0.05894 982.4
0.05895 982.4
0.05896 982.4
0.05897 982.4
0.05898 982.4
0.05899 982.4
0.05900 982.4
0.05901 982.4
0.05902 982.4
0.05903 982.4
0.05904 982.4
0.05905 982.4
0.05906 982.4
0.05907 982.4
0.05908 982.4
0.05909 982.4
0.05910 982.4
0.05911 982.4
0.05912 982.4
0.05913 982.4
0.05914 982.4
0.05915 982.4
0.05916 982.4
0.05917 982.4
0.05918 982.4
0.05919 982.4
0.05920 982.4
0.05921 982.4
0.05922 982.4
0.05923 982.4
0.05924 982.4
0.05925 982.4
0.05926 982.4
0.05927 982.4
0.05928 982.4
0.05929 982.4
0.05930 982.4
0.05931 982.4
0.05932 982.4
0.05933 982.4
0.05934 982.4
0.05935 982.4
0.05936 982.4
0.05937 982.4
0.05938 982.4
0.05939 982.4
0.05940 982.4
0.05941 982.4
0.05942 982.4
0.05943 982.4
0.05944 982.4
0.05945 982.4
0.05946 982.4
0.05947 982.4
0.05948 982.4
0.05949 982.4
0.05950 982.4
0.05951 982.4
0.05952 982.4
0.05953 982.4
0.05954 982.4
0.05955 982.4
0.05956 982.4
0.05957 982.4
0.05958 982.4
0.05959 982.4
0.05960 982.4
0.05961 982.4
0.05962 982.4
0.05963 982.4
0.05964 982.4
0.05965 982.4
0.05966 982.4
0.05967 982.4
0.05968 982.4
0.05969 982.4
0.05970 982.4
0.05971 982.4
0.05972 982.4
0.05973 982.4
0.05974 982.4
0.05975 982.4
0.05976 982.4
0.05977 982.4
0.05978 982.4
0.05979 982.4
0.05980 982.4
0.05981 982.4
0.05982 982.4
0.05983 982.4
0.05984 982.4
0.05985 982.4
0.05986 982.4
0.05987 982.4
0.05988 982.4
0.05989 982.4
0.05990 982.4
0.05991 982.4
0.05992 982.4
0.05993 982.4
0.05994 982.4
0.05995 982.4
0.05996 982.4
0.05997 982.4
0.05998 982.4
0.05999 982.4
0.06000 982.4
0.06001 982.4
0.06002 982.4
0.06003 982.4
0.06004 982.4
0.06005 982.4
0.06006 982.4
0.06007 982.4
0.06008 982.4
0.06009 982.4
0.06010 982.4
0.06011 982.4
0.06012 982.4
0.06013 982.4
0.06014 982.4
0.06015 982.4
0.06016 982.4
0.06017 982.4
0.06018 982.4
0.06019 982.4
0.06020 982.4
0.06021 982.4
0.06022 982.4
0.06023 982.4
0.06024 982.4
0.06025 982.4
0.06026 982.4
0.06027 982.4
0.06028 982.4
0.06029 982.4
0.06030 982.4
0.06031 982.4
0.06032 982.4
0.06033 982.4
0.06034 982.4
0.06035 982.4
0.06036 982.4
0.06037 982.4
0.06038 982.4
0.06039 982.4
0.06040 982.4
0.06041 982.4
0.06042 982.4
0.06043 982.4
0.06044 982.4
0.06045 982.4
0.06046 982.4
0.06047 982.4
0.06048 982.4
0.06049 982.4
0.06050 982.4
0.06051 982.4
0.06052 982.4
0.06053 982.4
0.06054 982.4
0.06055 982.4
0.06056 982.4
0.06057 982.4
0.06058 982.4
0.06059 982.4
0.06060 982.4
0.06061 982.4
0.06062 982.4
0.06063 982.4
0.06064 982.4
0.06065 982.4
0.06066 982.4
0.06067 982.4
0.06068 982.4
0.06069 982.4
0.06070 982.4
0.06071 982.4
0.06072 982.4
0.06073 982.4
0.06074 982.4
0.06075 982.4
0.06076 982.4
0.06077 982.4
0.06078 982.4
0.06079 982.4
0.06080 982.4
0.06081 982.4
0.06082 982.4
0.06083 982.4
0.06084 982.4
0.06085 982.4
0.06086 982.4
0.06087 982.4
0.06088 982.4
0.06089 982.4
0.06090 982.4
0.06091 982.4
0.06092 982.4
0.06093 982.4
0.06094 982.4
0.06095 982.4
0.06096 982.4
0.06097 982.4
0.06098 982.4
0.06099 982.4
0.06100 982.4
0.06101 1006.0
0.06102 1030.0
0.06103 1054.6
0.06104 1079.7
0.06105 1105.3
0.06106 1131.5
0.06107 1158.1
0.06108 1185.4
0.06109 1213.1
0.06110 1241.5
0.06111 1270.4
0.06112 1300.0
0.06113 1330.1
0.06114 1360.9
0.06115 1392.3
0.06116 1424.3
0.06117 1457.0
0.06118 1490.4
0.06119 1524.5
0.06120 1559.3
0.06121 1594.9
0.06122 1631.3
0.06123 1668.5
0.06124 1706.5
0.06125 1745.4
0.06126 1785.3
0.06127 1826.2
0.06128 1868.1
0.06129 1911.2
0.06130 1955.5
0.06131 2001.1
0.06132 2048.2
0.06133 2096.9
0.06134 2147.3
0.06135 2199.6
0.06136 2254.1
0.06137 2311.1
0.06138 2370.8
0.06139 2433.6
0.06140 2500.0
0.06141 2570.5
0.06142 2645.6
0.06143 2726.2
0.06144 2813.2
0.06145 2907.5
0.06146 3010.6
0.06147 3124.0
0.06148 3249.7
0.06149 3389.9
0.06150 3547.8
0.06151 3640.0
0.06152 3751.4
0.06153 3885.0
0.06154 4044.4
0.06155 4234.0
0.06156 4459.0
0.06157 4725.7
0.06158 5041.8
0.06159 5415.9
0.06160 5857.7
0.06161 6377.3
0.06162 6983.6
0.06163 7682.2
0.06164 8472.4
0.06165 9343.1
0.06166 10270.4
0.06167 11218.8
0.06168 12147.1
0.06169 13017.2
0.06170 13801.5
0.06171 14486.2
0.06172 15068.9
0.06173 15554.5
0.06174 15952.0
0.06175 16271.0
0.06176 16521.1
0.06177 16710.7
0.06178 16846.9
0.06179 16935.9
0.06180 16982.9
0.06181 16992.0
0.06182 16967.0
0.06183 16910.7
0.06184 16825.8
0.06185 16714.4
0.06186 16578.4
0.06187 16419.5
0.06188 16239.2
0.06189 16039.0
0.06190 15820.1
0.06191 15583.8
0.06192 15331.3
0.06193 15063.8
0.06194 14782.6
0.06195 14488.8
0.06196 14183.7
0.06197 13868.5
0.06198 13544.6
0.06199 13213.0
0.06200 12875.2
0.06201 12532.4
0.06202 12185.7
0.06203 11836.6
0.06204 11486.2
0.06205 11135.6
0.06206 10786.0
0.06207 10438.4
0.06208 10094.0
0.06209 9753.7
0.06210 9418.3
0.06211 9088.6
0.06212 8765.5
0.06213 8449.5
0.06214 8141.3
0.06215 7841.2
0.06216 7549.8
0.06217 7267.4
0.06218 6994.2
0.06219 6730.4
0.06220 6476.1
0.06221 6231.4
0.06222 5996.3
0.06223 5770.8
0.06224 5554.6
0.06225 5347.8
0.06226 5150.0
0.06227 4961.1
0.06228 4780.9
0.06229 4609.0
0.06230 4445.3
0.06231 4289.3
0.06232 4140.9
0.06233 3999.7
0.06234 3865.3
0.06235 3737.6
0.06236 3616.1
0.06237 3500.6
0.06238 3390.8
0.06239 3286.4
0.06240 3187.2
0.06241 3092.7
0.06242 3002.9
0.06243 2917.4
0.06244 2836.0
0.06245 2758.5
0.06246 2684.7
0.06247 2614.3
0.06248 2547.2
0.06249 2483.1
0.06250 2422.0
0.06251 2363.6
0.06252 2307.8
0.06253 2254.5
0.06254 2203.5
0.06255 2154.7
0.06256 2107.9
0.06257 2063.2
0.06258 2020.2
0.06259 1979.1
0.06260 1939.6
0.06261 1901.7
0.06262 1865.4
0.06263 1830.4
0.06264 1796.9
0.06265 1764.6
0.06266 1733.6
0.06267 1703.8
0.06268 1675.1
0.06269 1647.6
0.06270 1621.0
0.06271 1595.5
0.06272 1571.0
0.06273 1547.3
0.06274 1524.6
0.06275 1502.7
0.06276 1481.6
0.06277 1461.4
0.06278 1441.8
0.06279 1423.1
0.06280 1405.0
0.06281 1387.6
0.06282 1370.8
0.06283 1354.7
0.06284 1339.2
0.06285 1324.3
0.06286 1309.9
0.06287 1296.1
0.06288 1282.8
0.06289 1270.0
0.06290 1257.7
0.06291 1245.9
0.06292 1234.5
0.06293 1223.5
0.06294 1213.0
0.06295 1202.8
0.06296 1193.0
0.06297 1183.6
0.06298 1174.6
0.06299 1165.8
0.06300 1157.4
0.06301 1149.4
0.06302 1141.6
0.06303 1134.1
0.06304 1126.8
0.06305 1119.9
0.06306 1113.2
0.06307 1106.7
0.06308 1100.5
0.06309 1094.5
0.06310 1088.7
0.06311 1083.1
0.06312 1077.7
0.06313 1072.5
0.06314 1067.5
0.06315 1062.6
0.06316 1058.0
0.06317 1053.4
0.06318 1049.1
0.06319 1044.9
0.06320 1040.8
0.06321 1036.9
0.06322 1033.1
0.06323 1029.4
0.06324 1025.9
0.06325 1022.5
0.06326 1019.1
0.06327 1015.9
0.06328 1012.8
0.06329 1009.8
0.06330 1006.9
0.06331 1004.1
0.06332 1001.4
0.06333 998.8
0.06334 996.2
0.06335 993.7
0.06336 991.4
0.06337 989.0
0.06338 986.8
0.06339 984.6
0.06340 982.5
0.06341 980.5
0.06342 978.5
0.06343 976.6
0.06344 974.7
0.06345 972.9
0.06346 971.1
0.06347 969.4
0.06348 967.8
0.06349 966.2
0.06350 964.6
0.06351 963.1
0.06352 961.7
0.06353 960.3
0.06354 958.9
0.06355 957.5
0.06356 956.2
0.06357 955.0
0.06358 953.7
0.06359 952.6
0.06360 951.4
0.06361 950.3
0.06362 949.2
0.06363 948.1
0.06364 947.1
0.06365 946.1
0.06366 945.1
0.06367 944.2
0.06368 943.2
0.06369 942.3
0.06370 941.5
0.06371 940.6
0.06372 939.8
0.06373 939.0
0.06374 938.2
0.06375 937.4
0.06376 936.7
0.06377 936.0
0.06378 935.3
0.06379 934.6
0.06380 933.9
0.06381 933.3
0.06382 932.7
0.06383 932.1
0.06384 931.5
0.06385 930.9
0.06386 930.3
0.06387 929.8
0.06388 929.2
0.06389 928.7
0.06390 928.2
0.06391 927.7
0.06392 927.2
0.06393 926.8
0.06394 926.3
0.06395 925.9
0.06396 925.4
0.06397 925.0
0.06398 924.6
0.06399 924.2
0.06400 923.8
0.06401 923.4
0.06402 923.1
0.06403 922.7
0.06404 922.4
0.06405 922.0
0.06406 921.7
0.06407 921.4
0.06408 921.1
0.06409 920.7
0.06410 920.4
0.06411 920.2
0.06412 919.9
0.06413 919.6
0.06414 919.3
0.06415 919.1
0.06416 918.8
0.06417 918.6
0.06418 918.3
0.06419 918.1
0.06420 917.8
0.06421 917.6
0.06422 917.4
0.06423 917.2
0.06424 917.0
0.06425 916.8
0.06426 916.6
0.06427 916.4
0.06428 916.2
0.06429 916.0
0.06430 915.9
0.06431 915.7
0.06432 915.5
0.06433 915.4
0.06434 915.2
0.06435 915.0
0.06436 914.9
0.06437 914.7
0.06438 914.6
0.06439 914.5
0.06440 914.3
0.06441 914.2
0.06442 914.1
0.06443 914.0
0.06444 913.8
0.06445 913.7
0.06446 913.6
0.06447 913.5
0.06448 913.4
0.06449 913.3
0.06450 913.2
0.06451 913.1
0.06452 913.0
0.06453 912.9
0.06454 912.8
0.06455 912.7
0.06456 912.7
0.06457 912.6
0.06458 912.5
0.06459 912.4
0.06460 912.4
0.06461 912.3
0.06462 912.2
0.06463 912.1
0.06464 912.1
0.06465 912.0
0.06466 912.0
0.06467 911.9
0.06468 911.9
0.06469 911.8
0.06470 911.8
0.06471 911.7
0.06472 911.7
0.06473 911.6
0.06474 911.6
0.06475 911.5
0.06476 911.5
0.06477 911.5
0.06478 911.4
0.06479 911.4
0.06480 911.3
0.06481 911.3
0.06482 911.3
0.06483 911.3
0.06484 911.2
0.06485 911.2
0.06486 911.2
0.06487 911.2
0.06488 911.1
0.06489 911.1
0.06490 911.1
0.06491 911.1
0.06492 911.1
0.06493 911.1
0.06494 911.0
0.06495 911.0
0.06496 911.0
0.06497 911.0
0.06498 911.0
0.06499 911.0
0.06500 911.0
0.06501 911.0
0.06502 911.0
0.06503 911.0
0.06504 911.0
0.06505 911.0
0.06506 911.0
0.06507 911.0
0.06508 911.0
0.06509 911.0
0.06510 911.0
0.06511 911.0
0.06512 911.0
0.06513 911.0
0.06514 911.0
0.06515 911.0
0.06516 911.1
0.06517 911.1
0.06518 911.1
0.06519 911.1
0.06520 911.1
0.06521 911.1
0.06522 911.1
0.06523 911.2
0.06524 911.2
0.06525 911.2
0.06526 911.2
0.06527 911.2
0.06528 911.2
0.06529 911.3
0.06530 911.3
0.06531 911.3
0.06532 911.3
0.06533 911.4
0.06534 911.4
0.06535 911.4
0.06536 911.4
0.06537 911.5
0.06538 911.5
0.06539 911.5
0.06540 911.5
0.06541 911.6
0.06542 911.6
0.06543 911.6
0.06544 911.6
0.06545 911.7
0.06546 911.7
0.06547 911.7
0.06548 911.8
0.06549 911.8
0.06550 911.8
0.06551 911.9
0.06552 911.9
0.06553 911.9
0.06554 912.0
0.06555 912.0
0.06556 912.0
0.06557 912.1
0.06558 912.1
0.06559 912.2
0.06560 912.2
0.06561 912.2
0.06562 912.3
0.06563 912.3
0.06564 912.4
0.06565 912.4
0.06566 912.4
0.06567 912.5
0.06568 912.5
0.06569 912.6
0.06570 912.6
0.06571 912.6
0.06572 912.7
0.06573 912.7
0.06574 912.8
0.06575 912.8
0.06576 912.9
0.06577 912.9
0.06578 912.9
0.06579 913.0
0.06580 913.0
0.06581 913.1
0.06582 913.1
0.06583 913.2
0.06584 913.2
0.06585 913.3
0.06586 913.3
0.06587 913.4
0.06588 913.4
0.06589 913.5
0.06590 913.5
0.06591 913.6
0.06592 913.6
0.06593 913.7
0.06594 913.7
0.06595 913.8
0.06596 913.8
0.06597 913.9
0.06598 913.9
0.06599 914.0
0.06600 914.0
0.06601 914.1
0.06602 914.1
0.06603 914.2
0.06604 914.2
0.06605 914.3
0.06606 914.3
0.06607 914.4
0.06608 914.4
0.06609 914.5
0.06610 914.5
0.06611 914.6
0.06612 914.6
0.06613 914.7
0.06614 914.8
0.06615 914.8
0.06616 914.9
0.06617 914.9
0.06618 915.0
0.06619 915.0
0.06620 915.1
0.06621 915.1
0.06622 915.2
0.06623 915.3
0.06624 915.3
0.06625 915.4
0.06626 915.4
0.06627 915.5
0.06628 915.5
0.06629 915.6
0.06630 915.7
0.06631 915.7
0.06632 915.8
0.06633 915.8
0.06634 915.9
0.06635 916.0
0.06636 916.0
0.06637 916.1
0.06638 916.1
0.06639 916.2
0.06640 916.3
0.06641 916.3
0.06642 916.4
0.06643 916.4
0.06644 916.5
0.06645 916.6
0.06646 916.6
0.06647 916.7
0.06648 916.7
0.06649 916.8
0.06650 916.9
0.06651 916.9
0.06652 917.0
0.06653 917.0
0.06654 917.1
0.06655 917.2
0.06656 917.2
0.06657 917.3
0.06658 917.4
0.06659 917.4
0.06660 917.5
0.06661 917.6
0.06662 917.6
0.06663 917.7
0.06664 917.7
0.06665 917.8
0.06666 917.9
0.06667 917.9
0.06668 918.0
0.06669 918.1
0.06670 918.1
0.06671 918.2
0.06672 918.3
0.06673 918.3
0.06674 918.4
0.06675 918.4
0.06676 918.5
0.06677 918.6
0.06678 918.6
0.06679 918.7
0.06680 918.8
0.06681 918.8
0.06682 918.9
0.06683 919.0
0.06684 919.0
0.06685 919.1
0.06686 919.2
0.06687 919.2
0.06688 919.3
0.06689 919.4
0.06690 919.4
0.06691 919.5
0.06692 919.6
0.06693 919.6
0.06694 919.7
0.06695 919.8
0.06696 919.8
0.06697 919.9
0.06698 920.0
0.06699 920.0
0.06700 920.1
0.06701 920.2
0.06702 920.2
0.06703 920.3
0.06704 920.4
0.06705 920.4
0.06706 920.5
0.06707 920.6
0.06708 920.6
0.06709 920.7
0.06710 920.8
0.06711 920.8
0.06712 920.9
0.06713 921.0
0.06714 921.0
0.06715 921.1
0.06716 921.2
0.06717 921.3
0.06718 921.3
0.06719 921.4
0.06720 921.5
0.06721 921.5
0.06722 921.6
0.06723 921.7
0.06724 921.7
0.06725 921.8
0.06726 921.9
0.06727 921.9
0.06728 922.0
0.06729 922.1
0.06730 922.1
0.06731 922.2
0.06732 922.3
0.06733 922.4
0.06734 922.4
0.06735 922.5
0.06736 922.6
0.06737 922.6
0.06738 922.7
0.06739 922.8
0.06740 922.8
0.06741 922.9
0.06742 923.0
0.06743 923.0
0.06744 923.1
0.06745 923.2
0.06746 923.3
0.06747 923.3
0.06748 923.4
0.06749 923.5
0.06750 923.5
0.06751 923.6
0.06752 923.7
0.06753 923.7
0.06754 923.8
0.06755 923.9
0.06756 924.0
0.06757 924.0
0.06758 924.1
0.06759 924.2
0.06760 924.2
0.06761 924.3
0.06762 924.4
0.06763 924.5
0.06764 924.5
0.06765 924.6
0.06766 924.7
0.06767 924.7
0.06768 924.8
0.06769 924.9
0.06770 924.9
0.06771 925.0
0.06772 925.1
0.06773 925.2
0.06774 925.2
0.06775 925.3
0.06776 925.4
0.06777 925.4
0.06778 925.5
0.06779 925.6
0.06780 925.7
0.06781 925.7
0.06782 925.8
0.06783 925.9
0.06784 925.9
0.06785 926.0
0.06786 926.1
0.06787 926.2
0.06788 926.2
0.06789 926.3
0.06790 926.4
0.06791 926.4
0.06792 926.5
0.06793 926.6
0.06794 926.7
0.06795 926.7
0.06796 926.8
0.06797 926.9
0.06798 926.9
0.06799 927.0
0.06800 927.1
0.06801 927.2
0.06802 927.2
0.06803 927.3
0.06804 927.4
0.06805 927.4
0.06806 927.5
0.06807 927.6
0.06808 927.7
0.06809 927.7
0.06810 927.8
0.06811 927.9
0.06812 927.9
0.06813 928.0
0.06814 928.1
0.06815 928.1
0.06816 928.2
0.06817 928.3
0.06818 928.4
0.06819 928.4
0.06820 928.5
0.06821 928.6
0.06822 928.6
0.06823 928.7
0.06824 928.8
0.06825 928.9
0.06826 928.9
0.06827 929.0
0.06828 929.1
0.06829 929.1
0.06830 929.2
0.06831 929.3
0.06832 929.4
0.06833 929.4
0.06834 929.5
0.06835 929.6
0.06836 929.6
0.06837 929.7
0.06838 929.8
0.06839 929.9
0.06840 929.9
0.06841 930.0
0.06842 930.1
0.06843 930.1
0.06844 930.2
0.06845 930.3
0.06846 930.4
0.06847 930.4
0.06848 930.5
0.06849 930.6
0.06850 930.6
0.06851 930.7
0.06852 930.8
0.06853 930.9
0.06854 930.9
0.06855 931.0
0.06856 931.1
0.06857 931.1
0.06858 931.2
0.06859 931.3
0.06860 931.3
0.06861 931.4
0.06862 931.5
0.06863 931.6
0.06864 931.6
0.06865 931.7
0.06866 931.8
0.06867 931.8
0.06868 931.9
0.06869 932.0
0.06870 932.1
0.06871 932.1
0.06872 932.2
0.06873 932.3
0.06874 932.3
0.06875 932.4
0.06876 932.5
0.06877 932.5
0.06878 932.6
0.06879 932.7
0.06880 932.8
0.06881 932.8
0.06882 932.9
0.06883 933.0
0.06884 933.0
0.06885 933.1
0.06886 933.2
0.06887 933.3
0.06888 933.3
0.06889 933.4
0.06890 933.5
0.06891 933.5
0.06892 933.6
0.06893 933.7
0.06894 933.7
0.06895 933.8
0.06896 933.9
0.06897 934.0
0.06898 934.0
0.06899 934.1
0.06900 934.2
0.06901 934.2
0.06902 934.3
0.06903 934.4
0.06904 934.4
0.06905 934.5
0.06906 934.6
0.06907 934.6
0.06908 934.7
0.06909 934.8
0.06910 934.9
0.06911 934.9
0.06912 935.0
0.06913 935.1
0.06914 935.1
0.06915 935.2
0.06916 935.3
0.06917 935.3
0.06918 935.4
0.06919 935.5
0.06920 935.5
0.06921 935.6
0.06922 935.7
0.06923 935.8
0.06924 935.8
0.06925 935.9
0.06926 936.0
0.06927 936.0
0.06928 936.1
0.06929 936.2
0.06930 936.2
0.06931 936.3
0.06932 936.4
0.06933 936.4
0.06934 936.5
0.06935 936.6
0.06936 936.6
0.06937 936.7
0.06938 936.8
0.06939 936.8
0.06940 936.9
0.06941 937.0
0.06942 937.0
0.06943 937.1
0.06944 937.2
0.06945 937.3
0.06946 937.3
0.06947 937.4
0.06948 937.5
0.06949 937.5
0.06950 937.6
0.06951 937.7
0.06952 937.7
0.06953 937.8
0.06954 937.9
0.06955 937.9
0.06956 938.0
0.06957 938.1
0.06958 938.1
0.06959 938.2
0.06960 938.3
0.06961 938.3
0.06962 938.4
0.06963 938.5
0.06964 938.5
0.06965 938.6
0.06966 938.7
0.06967 938.7
0.06968 938.8
0.06969 938.9
0.06970 938.9
0.06971 939.0
0.06972 939.1
0.06973 939.1
0.06974 939.2
0.06975 939.3
0.06976 939.3
0.06977 939.4
0.06978 939.5
0.06979 939.5
0.06980 939.6
0.06981 939.7
0.06982 939.7
0.06983 939.8
0.06984 939.9
0.06985 939.9
0.06986 940.0
0.06987 940.1
0.06988 940.1
0.06989 940.2
0.06990 940.3
0.06991 940.3
0.06992 940.4
0.06993 940.4
0.06994 940.5
0.06995 940.6
0.06996 940.6
0.06997 940.7
0.06998 940.8
0.06999 940.8
0.07000 940.9
0.07001 941.0
0.07002 941.0
0.07003 941.1
0.07004 941.2
0.07005 941.2
0.07006 941.3
0.07007 941.4
0.07008 941.4
0.07009 941.5
0.07010 941.5
0.07011 941.6
0.07012 941.7
0.07013 941.7
0.07014 941.8
0.07015 941.9
0.07016 941.9
0.07017 942.0
0.07018 942.1
0.07019 942.1
0.07020 942.2
0.07021 942.2
0.07022 942.3
0.07023 942.4
0.07024 942.4
0.07025 942.5
0.07026 942.6
0.07027 942.6
0.07028 942.7
0.07029 942.8
0.07030 942.8
0.07031 942.9
0.07032 942.9
0.07033 943.0
0.07034 943.1
0.07035 943.1
0.07036 943.2
0.07037 943.3
0.07038 943.3
0.07039 943.4
0.07040 943.4
0.07041 943.5
0.07042 943.6
0.07043 943.6
0.07044 943.7
0.07045 943.8
0.07046 943.8
0.07047 943.9
0.07048 943.9
0.07049 944.0
0.07050 944.1
0.07051 944.1
0.07052 944.2
0.07053 944.2
0.07054 944.3
0.07055 944.4
0.07056 944.4
0.07057 944.5
0.07058 944.6
0.07059 944.6
0.07060 944.7
0.07061 944.7
0.07062 944.8
0.07063 944.9
0.07064 944.9
0.07065 945.0
0.07066 945.0
0.07067 945.1
0.07068 945.2
0.07069 945.2
0.07070 945.3
0.07071 945.3
0.07072 945.4
0.07073 945.5
0.07074 945.5
0.07075 945.6
0.07076 945.6
0.07077 945.7
0.07078 945.8
0.07079 945.8
0.07080 945.9
0.07081 945.9
0.07082 946.0
0.07083 946.1
0.07084 946.1
0.07085 946.2
0.07086 946.2
0.07087 946.3
0.07088 946.4
0.07089 946.4
0.07090 946.5
0.07091 946.5
0.07092 946.6
0.07093 946.7
0.07094 946.7
0.07095 946.8
0.07096 946.8
0.07097 946.9
0.07098 946.9
0.07099 947.0
0.07100 947.1
0.07101 947.1
0.07102 947.2
0.07103 947.2
0.07104 947.3
0.07105 947.4
0.07106 947.4
0.07107 947.5
0.07108 947.5
0.07109 947.6
0.07110 947.6
0.07111 947.7
0.07112 947.8
0.07113 947.8
0.07114 947.9
0.07115 947.9
0.07116 948.0
0.07117 948.0
0.07118 948.1
0.07119 948.2
0.07120 948.2
0.07121 948.3
0.07122 948.3
0.07123 948.4
0.07124 948.4
0.07125 948.5
0.07126 948.6
0.07127 948.6
0.07128 948.7
0.07129 948.7
0.07130 948.8
0.07131 948.8
0.07132 948.9
0.07133 948.9
0.07134 949.0
0.07135 949.1
0.07136 949.1
0.07137 949.2
0.07138 949.2
0.07139 949.3
0.07140 949.3
0.07141 949.4
0.07142 949.4
0.07143 949.5
0.07144 949.6
0.07145 949.6
0.07146 949.7
0.07147 949.7
0.07148 949.8
0.07149 949.8
0.07150 949.9
0.07151 949.9
0.07152 950.0
0.07153 950.0
0.07154 950.1
0.07155 950.2
0.07156 950.2
0.07157 950.3
0.07158 950.3
0.07159 950.4
0.07160 950.4
0.07161 950.5
0.07162 950.5
0.07163 950.6
0.07164 950.6
0.07165 950.7
0.07166 950.7
0.07167 950.8
0.07168 950.9
0.07169 950.9
0.07170 951.0
0.07171 951.0
0.07172 951.1
0.07173 951.1
0.07174 951.2
0.07175 951.2
0.07176 951.3
0.07177 951.3
0.07178 951.4
0.07179 951.4
0.07180 951.5
0.07181 951.5
0.07182 951.6
0.07183 951.6
0.07184 951.7
0.07185 951.8
0.07186 951.8
0.07187 951.9
0.07188 951.9
0.07189 952.0
0.07190 952.0
0.07191 952.1
0.07192 952.1
0.07193 952.2
0.07194 952.2
0.07195 952.3
0.07196 952.3
0.07197 952.4
0.07198 952.4
0.07199 952.5
0.07200 952.5
0.07201 952.6
0.07202 952.6
0.07203 952.7
0.07204 952.7
0.07205 952.8
0.07206 952.8
0.07207 952.9
0.07208 952.9
0.07209 953.0
0.07210 953.0
0.07211 953.1
0.07212 953.1
0.07213 953.2
0.07214 953.2
0.07215 953.3
0.07216 953.3
0.07217 953.4
0.07218 953.4
0.07219 953.5
0.07220 953.5
0.07221 953.6
0.07222 953.6
0.07223 953.7
0.07224 953.7
0.07225 953.8
0.07226 953.8
0.07227 953.9
0.07228 953.9
0.07229 954.0
0.07230 954.0
0.07231 954.1
0.07232 954.1
0.07233 954.2
0.07234 954.2
0.07235 954.3
0.07236 954.3
0.07237 954.4
0.07238 954.4
0.07239 954.5
0.07240 954.5
0.07241 954.6
0.07242 954.6
0.07243 954.7
0.07244 954.7
0.07245 954.7
0.07246 954.8
0.07247 954.8
0.07248 954.9
0.07249 954.9
0.07250 955.0
0.07251 955.0
0.07252 955.1
0.07253 955.1
0.07254 955.2
0.07255 955.2
0.07256 955.3
0.07257 955.3
0.07258 955.4
0.07259 955.4
0.07260 955.5
0.07261 955.5
0.07262 955.6
0.07263 955.6
0.07264 955.6
0.07265 955.7
0.07266 955.7
0.07267 955.8
0.07268 955.8
0.07269 955.9
0.07270 955.9
0.07271 956.0
0.07272 956.0
0.07273 956.1
0.07274 956.1
0.07275 956.2
0.07276 956.2
0.07277 956.2
0.07278 956.3
0.07279 956.3
0.07280 956.4
0.07281 956.4
0.07282 956.5
0.07283 956.5
0.07284 956.6
0.07285 956.6
0.07286 956.6
0.07287 956.7
0.07288 956.7
0.07289 956.8
0.07290 956.8
0.07291 956.9
0.07292 956.9
0.07293 957.0
0.07294 957.0
0.07295 957.1
0.07296 957.1
0.07297 957.1
0.07298 957.2
0.07299 957.2
0.07300 957.3
0.07301 957.3
0.07302 957.4
0.07303 957.4
0.07304 957.4
0.07305 957.5
0.07306 957.5
0.07307 957.6
0.07308 957.6
0.07309 957.7
0.07310 957.7
0.07311 957.7
0.07312 957.8
0.07313 957.8
0.07314 957.9
0.07315 957.9
0.07316 958.0
0.07317 958.0
0.07318 958.0
0.07319 958.1
0.07320 958.1
0.07321 958.2
0.07322 958.2
0.07323 958.3
0.07324 958.3
0.07325 958.3
0.07326 958.4
0.07327 958.4
0.07328 958.5
0.07329 958.5
0.07330 958.6
0.07331 958.6
0.07332 958.6
0.07333 958.7
0.07334 958.7
0.07335 958.8
0.07336 958.8
0.07337 958.8
0.07338 958.9
0.07339 958.9
0.07340 959.0
0.07341 959.0
0.07342 959.1
0.07343 959.1
0.07344 959.1
0.07345 959.2
0.07346 959.2
0.07347 959.3
0.07348 959.3
0.07349 959.3
0.07350 959.4
0.07351 959.4
0.07352 959.5
0.07353 959.5
0.07354 959.5
0.07355 959.6
0.07356 959.6
0.07357 959.7
0.07358 959.7
0.07359 959.7
0.07360 959.8
0.07361 959.8
0.07362 959.9
0.07363 959.9
0.07364 959.9
0.07365 960.0
0.07366 960.0
0.07367 960.1
0.07368 960.1
0.07369 960.1
0.07370 960.2
0.07371 960.2
0.07372 960.3
0.07373 960.3
0.07374 960.3
0.07375 960.4
0.07376 960.4
0.07377 960.4
0.07378 960.5
0.07379 960.5
0.07380 960.6
0.07381 960.6
0.07382 960.6
0.07383 960.7
0.07384 960.7
0.07385 960.8
0.07386 960.8
0.07387 960.8
0.07388 960.9
0.07389 960.9
0.07390 960.9
0.07391 961.0
0.07392 961.0
0.07393 961.1
0.07394 961.1
0.07395 961.1
0.07396 961.2
0.07397 961.2
0.07398 961.2
0.07399 961.3
0.07400 961.3
0.07401 961.4
0.07402 961.4
0.07403 961.4
0.07404 961.5
0.07405 961.5
0.07406 961.5
0.07407 961.6
0.07408 961.6
0.07409 961.7
0.07410 961.7
0.07411 961.7
0.07412 961.8
0.07413 961.8
0.07414 961.8
0.07415 961.9
0.07416 961.9
0.07417 961.9
0.07418 962.0
0.07419 962.0
0.07420 962.1
0.07421 962.1
0.07422 962.1
0.07423 962.2
0.07424 962.2
0.07425 962.2
0.07426 962.3
0.07427 962.3
0.07428 962.3
0.07429 962.4
0.07430 962.4
0.07431 962.4
0.07432 962.5
0.07433 962.5
0.07434 962.6
0.07435 962.6
0.07436 962.6
0.07437 962.7
0.07438 962.7
0.07439 962.7
0.07440 962.8
0.07441 962.8
0.07442 962.8
0.07443 962.9
0.07444 962.9
0.07445 962.9
0.07446 963.0
0.07447 963.0
0.07448 963.0
0.07449 963.1
0.07450 963.1
0.07451 963.1
0.07452 963.2
0.07453 963.2
0.07454 963.2
0.07455 963.3
0.07456 963.3
0.07457 963.3
0.07458 963.4
0.07459 963.4
0.07460 963.4
0.07461 963.5
0.07462 963.5
0.07463 963.5
0.07464 963.6
0.07465 963.6
0.07466 963.6
0.07467 963.7
0.07468 963.7
0.07469 963.7
0.07470 963.8
0.07471 963.8
0.07472 963.8
0.07473 963.9
0.07474 963.9
0.07475 963.9
0.07476 964.0
0.07477 964.0
0.07478 964.0
0.07479 964.1
0.07480 964.1
0.07481 964.1
0.07482 964.2
0.07483 964.2
0.07484 964.2
0.07485 964.3
0.07486 964.3
0.07487 964.3
0.07488 964.4
0.07489 964.4
0.07490 964.4
0.07491 964.5
0.07492 964.5
0.07493 964.5
0.07494 964.6
0.07495 964.6
0.07496 964.6
0.07497 964.7
0.07498 964.7
0.07499 964.7
0.07500 964.7
0.07501 964.8
0.07502 964.8
0.07503 964.8
0.07504 964.9
0.07505 964.9
0.07506 964.9
0.07507 965.0
0.07508 965.0
0.07509 965.0
0.07510 965.1
0.07511 965.1
0.07512 965.1
0.07513 965.1
0.07514 965.2
0.07515 965.2
0.07516 965.2
0.07517 965.3
0.07518 965.3
0.07519 965.3
0.07520 965.4
0.07521 965.4
0.07522 965.4
0.07523 965.4
0.07524 965.5
0.07525 965.5
0.07526 965.5
0.07527 965.6
0.07528 965.6
0.07529 965.6
0.07530 965.7
0.07531 965.7
0.07532 965.7
0.07533 965.7
0.07534 965.8
0.07535 965.8
0.07536 965.8
0.07537 965.9
0.07538 965.9
0.07539 965.9
0.07540 966.0
0.07541 966.0
0.07542 966.0
0.07543 966.0
0.07544 966.1
0.07545 966.1
0.07546 966.1
0.07547 966.2
0.07548 966.2
0.07549 966.2
0.07550 966.2
0.07551 966.3
0.07552 966.3
0.07553 966.3
0.07554 966.4
0.07555 966.4
0.07556 966.4
0.07557 966.4
0.07558 966.5
0.07559 966.5
0.07560 966.5
0.07561 966.6
0.07562 966.6
0.07563 966.6
0.07564 966.6
0.07565 966.7
0.07566 966.7
0.07567 966.7
0.07568 966.7
0.07569 966.8
0.07570 966.8
0.07571 966.8
0.07572 966.9
0.07573 966.9
0.07574 966.9
0.07575 966.9
0.07576 967.0
0.07577 967.0
0.07578 967.0
0.07579 967.1
0.07580 967.1
0.07581 967.1
0.07582 967.1
0.07583 967.2
0.07584 967.2
0.07585 967.2
0.07586 967.2
0.07587 967.3
0.07588 967.3
0.07589 967.3
0.07590 967.3
0.07591 967.4
0.07592 967.4
0.07593 967.4
0.07594 967.5
0.07595 967.5
0.07596 967.5
0.07597 967.5
0.07598 967.6
0.07599 967.6
0.07600 967.6
0.07601 967.6
0.07602 967.7
0.07603 967.7
0.07604 967.7
0.07605 967.7
0.07606 967.8
0.07607 967.8
0.07608 967.8
0.07609 967.8
0.07610 967.9
0.07611 967.9
0.07612 967.9
0.07613 967.9
0.07614 968.0
0.07615 968.0
0.07616 968.0
0.07617 968.0
0.07618 968.1
0.07619 968.1
0.07620 968.1
0.07621 968.1
0.07622 968.2
0.07623 968.2
0.07624 968.2
0.07625 968.2
0.07626 968.3
0.07627 968.3
0.07628 968.3
0.07629 968.3
0.07630 968.4
0.07631 968.4
0.07632 968.4
0.07633 968.4
0.07634 968.5
0.07635 968.5
0.07636 968.5
0.07637 968.5
0.07638 968.6
0.07639 968.6
0.07640 968.6
0.07641 968.6
0.07642 968.7
0.07643 968.7
0.07644 968.7
0.07645 968.7
0.07646 968.8
0.07647 968.8
0.07648 968.8
0.07649 968.8
0.07650 968.9
0.07651 968.9
0.07652 968.9
0.07653 968.9
0.07654 969.0
0.07655 969.0
0.07656 969.0
0.07657 969.0
0.07658 969.0
0.07659 969.1
0.07660 969.1
0.07661 969.1
0.07662 969.1
0.07663 969.2
0.07664 969.2
0.07665 969.2
0.07666 969.2
0.07667 969.3
0.07668 969.3
0.07669 969.3
0.07670 969.3
0.07671 969.3
0.07672 969.4
0.07673 969.4
0.07674 969.4
0.07675 969.4
0.07676 969.5
0.07677 969.5
0.07678 969.5
0.07679 969.5
0.07680 969.6
0.07681 969.6
0.07682 969.6
0.07683 969.6
0.07684 969.6
0.07685 969.7
0.07686 969.7
0.07687 969.7
0.07688 969.7
0.07689 969.8
0.07690 969.8
0.07691 969.8
0.07692 969.8
0.07693 969.8
0.07694 969.9
0.07695 969.9
0.07696 969.9
0.07697 969.9
0.07698 970.0
0.07699 970.0
0.07700 970.0
0.07701 970.0
0.07702 970.0
0.07703 970.1
0.07704 970.1
0.07705 970.1
0.07706 970.1
0.07707 970.1
0.07708 970.2
0.07709 970.2
0.07710 970.2
0.07711 970.2
0.07712 970.3
0.07713 970.3
0.07714 970.3
0.07715 970.3
0.07716 970.3
0.07717 970.4
0.07718 970.4
0.07719 970.4
0.07720 970.4
0.07721 970.4
0.07722 970.5
0.07723 970.5
0.07724 970.5
0.07725 970.5
0.07726 970.5
0.07727 970.6
0.07728 970.6
0.07729 970.6
0.07730 970.6
0.07731 970.7
0.07732 970.7
0.07733 970.7
0.07734 970.7
0.07735 970.7
0.07736 970.8
0.07737 970.8
0.07738 970.8
0.07739 970.8
0.07740 970.8
0.07741 970.9
0.07742 970.9
0.07743 970.9
0.07744 970.9
0.07745 970.9
0.07746 971.0
0.07747 971.0
0.07748 971.0
0.07749 971.0
0.07750 971.0
0.07751 971.1
0.07752 971.1
0.07753 971.1
0.07754 971.1
0.07755 971.1
0.07756 971.2
0.07757 971.2
0.07758 971.2
0.07759 971.2
0.07760 971.2
0.07761 971.2
0.07762 971.3
0.07763 971.3
0.07764 971.3
0.07765 971.3
0.07766 971.3
0.07767 971.4
0.07768 971.4
0.07769 971.4
0.07770 971.4
0.07771 971.4
0.07772 971.5
0.07773 971.5
0.07774 971.5
0.07775 971.5
0.07776 971.5
0.07777 971.6
0.07778 971.6
0.07779 971.6
0.07780 971.6
0.07781 971.6
0.07782 971.6
0.07783 971.7
0.07784 971.7
0.07785 971.7
0.07786 971.7
0.07787 971.7
0.07788 971.8
0.07789 971.8
0.07790 971.8
0.07791 971.8
0.07792 971.8
0.07793 971.8
0.07794 971.9
0.07795 971.9
0.07796 971.9
0.07797 971.9
0.07798 971.9
0.07799 972.0
0.07800 972.0
0.07801 972.0
0.07802 972.0
0.07803 972.0
0.07804 972.0
0.07805 972.1
0.07806 972.1
0.07807 972.1
0.07808 972.1
0.07809 972.1
0.07810 972.2
0.07811 972.2
0.07812 972.2
0.07813 972.2
0.07814 972.2
0.07815 972.2
0.07816 972.3
0.07817 972.3
0.07818 972.3
0.07819 972.3
0.07820 972.3
0.07821 972.3
0.07822 972.4
0.07823 972.4
0.07824 972.4
0.07825 972.4
0.07826 972.4
0.07827 972.5
0.07828 972.5
0.07829 972.5
0.07830 972.5
0.07831 972.5
0.07832 972.5
0.07833 972.6
0.07834 972.6
0.07835 972.6
0.07836 972.6
0.07837 972.6
0.07838 972.6
0.07839 972.7
0.07840 972.7
0.07841 972.7
0.07842 972.7
0.07843 972.7
0.07844 972.7
0.07845 972.8
0.07846 972.8
0.07847 972.8
0.07848 972.8
0.07849 972.8
0.07850 972.8
0.07851 972.9
0.07852 972.9
0.07853 972.9
0.07854 972.9
0.07855 972.9
0.07856 972.9
0.07857 972.9
0.07858 973.0
0.07859 973.0
0.07860 973.0
0.07861 973.0
0.07862 973.0
0.07863 973.0
0.07864 973.1
0.07865 973.1
0.07866 973.1
0.07867 973.1
0.07868 973.1
0.07869 973.1
0.07870 973.2
0.07871 973.2
0.07872 973.2
0.07873 973.2
0.07874 973.2
0.07875 973.2
0.07876 973.3
0.07877 973.3
0.07878 973.3
0.07879 973.3
0.07880 973.3
0.07881 973.3
0.07882 973.3
0.07883 973.4
0.07884 973.4
0.07885 973.4
0.07886 973.4
0.07887 973.4
0.07888 973.4
0.07889 973.5
0.07890 973.5
0.07891 973.5
0.07892 973.5
0.07893 973.5
0.07894 973.5
0.07895 973.5
0.07896 973.6
0.07897 973.6
0.07898 973.6
0.07899 973.6
0.07900 973.6
0.07901 973.6
0.07902 973.6
0.07903 973.7
0.07904 973.7
0.07905 973.7
0.07906 973.7
0.07907 973.7
0.07908 973.7
0.07909 973.7
0.07910 973.8
0.07911 973.8
0.07912 973.8
0.07913 973.8
0.07914 973.8
0.07915 973.8
0.07916 973.9
0.07917 973.9
0.07918 973.9
0.07919 973.9
0.07920 973.9
0.07921 973.9
0.07922 973.9
0.07923 974.0
0.07924 974.0
0.07925 974.0
0.07926 974.0
0.07927 974.0
0.07928 974.0
0.07929 974.0
0.07930 974.1
0.07931 974.1
0.07932 974.1
0.07933 974.1
0.07934 974.1
0.07935 974.1
0.07936 974.1
0.07937 974.1
0.07938 974.2
0.07939 974.2
0.07940 974.2
0.07941 974.2
0.07942 974.2
0.07943 974.2
0.07944 974.2
0.07945 974.3
0.07946 974.3
0.07947 974.3
0.07948 974.3
0.07949 974.3
0.07950 974.3
0.07951 974.3
0.07952 974.4
0.07953 974.4
0.07954 974.4
0.07955 974.4
0.07956 974.4
0.07957 974.4
0.07958 974.4
0.07959 974.4
0.07960 974.5
0.07961 974.5
0.07962 974.5
0.07963 974.5
0.07964 974.5
0.07965 974.5
0.07966 974.5
0.07967 974.6
0.07968 974.6
0.07969 974.6
0.07970 974.6
0.07971 974.6
0.07972 974.6
0.07973 974.6
0.07974 974.6
0.07975 974.7
0.07976 974.7
0.07977 974.7
0.07978 974.7
0.07979 974.7
0.07980 974.7
0.07981 974.7
0.07982 974.7
0.07983 974.8
0.07984 974.8
0.07985 974.8
0.07986 974.8
0.07987 974.8
0.07988 974.8
0.07989 974.8
0.07990 974.8
0.07991 974.9
0.07992 974.9
0.07993 974.9
0.07994 974.9
0.07995 974.9
0.07996 974.9
0.07997 974.9
0.07998 974.9
0.07999 975.0
0.08000 982.4
0.08001 982.4
0.08002 982.4
0.08003 982.4
0.08004 982.4
0.08005 982.4
0.08006 982.4
0.08007 982.4
0.08008 982.4
0.08009 982.4
0.08010 982.4
0.08011 982.4
0.08012 982.4
0.08013 982.4
0.08014 982.4
0.08015 982.4
0.08016 982.4
0.08017 982.4
0.08018 982.4
0.08019 982.4
0.08020 982.4
0.08021 982.4
0.08022 982.4
0.08023 982.4
0.08024 982.4
0.08025 982.4
0.08026 982.4
0.08027 982.4
0.08028 982.4
0.08029 982.4
0.08030 982.4
0.08031 982.4
0.08032 982.4
0.08033 982.4
0.08034 982.4
0.08035 982.4
0.08036 982.4
0.08037 982.4
0.08038 982.4
0.08039 982.4
0.08040 982.4
0.08041 982.4
0.08042 982.4
0.08043 982.4
0.08044 982.4
0.08045 982.4
0.08046 982.4
0.08047 982.4
0.08048 982.4
0.08049 982.4
0.08050 982.4
0.08051 982.4
0.08052 982.4
0.08053 982.4
0.08054 982.4
0.08055 982.4
0.08056 982.4
0.08057 982.4
0.08058 982.4
0.08059 982.4
0.08060 982.4
0.08061 982.4
0.08062 982.4
0.08063 982.4
0.08064 982.4
0.08065 982.4
0.08066 982.4
0.08067 982.4
0.08068 982.4
0.08069 982.4
0.08070 982.4
0.08071 982.4
0.08072 982.4
0.08073 982.4
0.08074 982.4
0.08075 982.4
0.08076 982.4
0.08077 982.4
0.08078 982.4
0.08079 982.4
0.08080 982.4
0.08081 982.4
0.08082 982.4
0.08083 982.4
0.08084 982.4
0.08085 982.4
0.08086 982.4
0.08087 982.4
0.08088 982.4
0.08089 982.4
0.08090 982.4
0.08091 982.4
0.08092 982.4
0.08093 982.4
0.08094 982.4
0.08095 982.4
0.08096 982.4
0.08097 982.4
0.08098 982.4
0.08099 982.4
0.08100 982.4
0.08101 982.4
0.08102 982.4
0.08103 982.4
0.08104 982.4
0.08105 982.4
0.08106 982.4
0.08107 982.4
0.08108 982.4
0.08109 982.4
0.08110 982.4
0.08111 982.4
0.08112 982.4
0.08113 982.4
0.08114 982.4
0.08115 982.4
0.08116 982.4
0.08117 982.4
0.08118 982.4
0.08119 982.4
0.08120 982.4
0.08121 982.4
0.08122 982.4
0.08123 982.4
0.08124 982.4
0.08125 982.4
0.08126 982.4
0.08127 982.4
0.08128 982.4
0.08129 982.4
0.08130 982.4
0.08131 982.4
0.08132 982.4
0.08133 982.4
0.08134 982.4
0.08135 982.4
0.08136 982.4
0.08137 982.4
0.08138 982.4
0.08139 982.4
0.08140 982.4
0.08141 982.4
0.08142 982.4
0.08143 982.4
0.08144 982.4
0.08145 982.4
0.08146 982.4
0.08147 982.4
0.08148 982.4
0.08149 982.4
0.08150 982.4
0.08151 982.4
0.08152 982.4
0.08153 982.4
0.08154 982.4
0.08155 982.4
0.08156 982.4
0.08157 982.4
0.08158 982.4
0.08159 982.4
0.08160 982.4
0.08161 982.4
0.08162 982.4
0.08163 982.4
0.08164 982.4
0.08165 982.4
0.08166 982.4
0.08167 982.4
0.08168 982.4
0.08169 982.4
0.08170 982.4
0.08171 982.4
0.08172 982.4
0.08173 982.4
0.08174 982.4
0.08175 982.4
0.08176 982.4
0.08177 982.4
0.08178 982.4
0.08179 982.4
0.08180 982.4
0.08181 982.4
0.08182 982.4
0.08183 982.4
0.08184 982.4
0.08185 982.4
0.08186 982.4
0.08187 982.4
0.08188 982.4
0.08189 982.4
0.08190 982.4
0.08191 982.4
0.08192 982.4
0.08193 982.4
0.08194 982.4
0.08195 982.4
0.08196 982.4
0.08197 982.4
0.08198 982.4
0.08199 982.4
0.08200 982.4
0.08201 982.4
0.08202 982.4
0.08203 982.4
0.08204 982.4
0.08205 982.4
0.08206 982.4
0.08207 982.4
0.08208 982.4
0.08209 982.4
0.08210 982.4
0.08211 982.4
0.08212 982.4
0.08213 982.4
0.08214 982.4
0.08215 982.4
0.08216 982.4
0.08217 982.4
0.08218 982.4
0.08219 982.4
0.08220 982.4
0.08221 982.4
0.08222 982.4
0.08223 982.4
0.08224 982.4
0.08225 982.4
0.08226 982.4
0.08227 982.4
0.08228 982.4
0.08229 982.4
0.08230 982.4
0.08231 982.4
0.08232 982.4
0.08233 982.4
0.08234 982.4
0.08235 982.4
0.08236 982.4
0.08237 982.4
0.08238 982.4
0.08239 982.4
0.08240 982.4
0.08241 982.4
0.08242 982.4
0.08243 982.4
0.08244 982.4
0.08245 982.4
0.08246 982.4
0.08247 982.4
0.08248 982.4
0.08249 982.4
0.08250 982.4
0.08251 982.4
0.08252 982.4
0.08253 982.4
0.08254 982.4
0.08255 982.4
0.08256 982.4
0.08257 982.4
0.08258 982.4
0.08259 982.4
0.08260 982.4
0.08261 982.4
0.08262 982.4
0.08263 982.4
0.08264 982.4
0.08265 982.4
0.08266 982.4
0.08267 982.4
0.08268 982.4
0.08269 982.4
0.08270 982.4
0.08271 982.4
0.08272 982.4
0.08273 982.4
0.08274 982.4
0.08275 982.4
0.08276 982.4
0.08277 982.4
0.08278 982.4
0.08279 982.4
0.08280 982.4
0.08281 982.4
0.08282 982.4
0.08283 982.4
0.08284 982.4
0.08285 982.4
0.08286 982.4
0.08287 982.4
0.08288 982.4
0.08289 982.4
0.08290 982.4
0.08291 982.4
0.08292 982.4
0.08293 982.4
0.08294 982.4
0.08295 982.4
0.08296 982.4
0.08297 982.4
0.08298 982.4
0.08299 982.4
0.08300 982.4
0.08301 982.4
0.08302 982.4
0.08303 982.4
0.08304 982.4
0.08305 982.4
0.08306 982.4
0.08307 982.4
0.08308 982.4
0.08309 982.4
0.08310 982.4
0.08311 982.4
0.08312 982.4
0.08313 982.4
0.08314 982.4
0.08315 982.4
0.08316 982.4
0.08317 982.4
0.08318 982.4
0.08319 982.4
0.08320 982.4
0.08321 982.4
0.08322 982.4
0.08323 982.4
0.08324 982.4
0.08325 982.4
0.08326 982.4
0.08327 982.4
0.08328 982.4
0.08329 982.4
0.08330 982.4
0.08331 982.4
0.08332 982.4
0.08333 982.4
0.08334 982.4
0.08335 982.4
0.08336 982.4
0.08337 982.4
0.08338 982.4
0.08339 982.4
0.08340 982.4
0.08341 982.4
0.08342 982.4
0.08343 982.4
0.08344 982.4
0.08345 982.4
0.08346 982.4
0.08347 982.4
0.08348 982.4
0.08349 982.4
0.08350 982.4
0.08351 982.4
0.08352 982.4
0.08353 982.4
0.08354 982.4
0.08355 982.4
0.08356 982.4
0.08357 982.4
0.08358 982.4
0.08359 982.4
0.08360 982.4
0.08361 982.4
0.08362 982.4
0.08363 982.4
0.08364 982.4
0.08365 982.4
0.08366 982.4
0.08367 982.4
0.08368 982.4
0.08369 982.4
0.08370 982.4
0.08371 982.4
0.08372 982.4
0.08373 982.4
0.08374 982.4
0.08375 982.4
0.08376 982.4
0.08377 982.4
0.08378 982.4
0.08379 982.4
0.08380 982.4
0.08381 982.4
0.08382 982.4
0.08383 982.4
0.08384 982.4
0.08385 982.4
0.08386 982.4
0.08387 982.4
0.08388 982.4
0.08389 982.4
0.08390 982.4
0.08391 982.4
0.08392 982.4
0.08393 982.4
0.08394 982.4
0.08395 982.4
0.08396 982.4
0.08397 982.4
0.08398 982.4
0.08399 982.4
0.08400 982.4
0.08401 982.4
0.08402 982.4
0.08403 982.4
0.08404 982.4
0.08405 982.4
0.08406 982.4
0.08407 982.4
0.08408 982.4
0.08409 982.4
0.08410 982.4
0.08411 982.4
0.08412 982.4
0.08413 982.4
0.08414 982.4
0.08415 982.4
0.08416 982.4
0.08417 982.4
0.08418 982.4
0.08419 982.4
0.08420 982.4
0.08421 982.4
0.08422 982.4
0.08423 982.4
0.08424 982.4
0.08425 982.4
0.08426 982.4
0.08427 982.4
0.08428 982.4
0.08429 982.4
0.08430 982.4
0.08431 982.4
0.08432 982.4
0.08433 982.4
0.08434 982.4
0.08435 982.4
0.08436 982.4
0.08437 982.4
0.08438 982.4
0.08439 982.4
0.08440 982.4
0.08441 982.4
0.08442 982.4
0.08443 982.4
0.08444 982.4
0.08445 982.4
0.08446 982.4
0.08447 982.4
0.08448 982.4
0.08449 982.4
0.08450 982.4
0.08451 982.4
0.08452 982.4
0.08453 982.4
0.08454 982.4
0.08455 982.4
0.08456 982.4
0.08457 982.4
0.08458 982.4
0.08459 982.4
0.08460 982.4
0.08461 982.4
0.08462 982.4
0.08463 982.4
0.08464 982.4
0.08465 982.4
0.08466 982.4
0.08467 982.4
0.08468 982.4
0.08469 982.4
0.08470 982.4
0.08471 982.4
0.08472 982.4
0.08473 982.4
0.08474 982.4
0.08475 982.4
0.08476 982.4
0.08477 982.4
0.08478 982.4
0.08479 982.4
0.08480 982.4
0.08481 982.4
0.08482 982.4
0.08483 982.4
0.08484 982.4
0.08485 982.4
0.08486 982.4
0.08487 982.4
0.08488 982.4
0.08489 982.4
0.08490 982.4
0.08491 982.4
0.08492 982.4
0.08493 982.4
0.08494 982.4
0.08495 982.4
0.08496 982.4
0.08497 982.4
0.08498 982.4
0.08499 982.4
0.08500 982.4
0.08501 982.4
0.08502 982.4
0.08503 982.4
0.08504 982.4
0.08505 982.4
0.08506 982.4
0.08507 982.4
0.08508 982.4
0.08509 982.4
0.08510 982.4
0.08511 982.4
0.08512 982.4
0.08513 982.4
0.08514 982.4
0.08515 982.4
0.08516 982.4
0.08517 982.4
0.08518 982.4
0.08519 982.4
0.08520 982.4
0.08521 982.4
0.08522 982.4
0.08523 982.4
0.08524 982.4
0.08525 982.4
0.08526 982.4
0.08527 982.4
0.08528 982.4
0.08529 982.4
0.08530 982.4
0.08531 982.4
0.08532 982.4
0.08533 982.4
0.08534 982.4
0.08535 982.4
0.08536 982.4
0.08537 982.4
0.08538 982.4
0.08539 982.4
0.08540 982.4
0.08541 982.4
0.08542 982.4
0.08543 982.4
0.08544 982.4
0.08545 982.4
0.08546 982.4
0.08547 982.4
0.08548 982.4
0.08549 982.4
0.08550 982.4
0.08551 982.4
0.08552 982.4
0.08553 982.4
0.08554 982.4
0.08555 982.4
0.08556 982.4
0.08557 982.4
0.08558 982.4
0.08559 982.4
0.08560 982.4
0.08561 982.4
0.08562 982.4
0.08563 982.4
0.08564 982.4
0.08565 982.4
0.08566 982.4
0.08567 982.4
0.08568 982.4
0.08569 982.4
0.08570 982.4
0.08571 982.4
0.08572 982.4
0.08573 982.4
0.08574 982.4
0.08575 982.4
0.08576 982.4
0.08577 982.4
0.08578 982.4
0.08579 982.4
0.08580 982.4
0.08581 982.4
0.08582 982.4
0.08583 982.4
0.08584 982.4
0.08585 982.4
0.08586 982.4
0.08587 982.4
0.08588 982.4
0.08589 982.4
0.08590 982.4
0.08591 982.4
0.08592 982.4
0.08593 982.4
0.08594 982.4
0.08595 982.4
0.08596 982.4
0.08597 982.4
0.08598 982.4
0.08599 982.4
0.08600 982.4
0.08601 982.4
0.08602 982.4
0.08603 982.4
0.08604 982.4
0.08605 982.4
0.08606 982.4
0.08607 982.4
0.08608 982.4
0.08609 982.4
0.08610 982.4
0.08611 982.4
0.08612 982.4
0.08613 982.4
0.08614 982.4
0.08615 982.4
0.08616 982.4
0.08617 982.4
0.08618 982.4
0.08619 982.4
0.08620 982.4
0.08621 982.4
0.08622 982.4
0.08623 982.4
0.08624 982.4
0.08625 982.4
0.08626 982.4
0.08627 982.4
0.08628 982.4
0.08629 982.4
0.08630 982.4
0.08631 982.4
0.08632 982.4
0.08633 982.4
0.08634 982.4
0.08635 982.4
0.08636 982.4
0.08637 982.4
0.08638 982.4
0.08639 982.4
0.08640 982.4
0.08641 982.4
0.08642 982.4
0.08643 982.4
0.08644 982.4
0.08645 982.4
0.08646 982.4
0.08647 982.4
0.08648 982.4
0.08649 982.4
0.08650 982.4
0.08651 982.4
0.08652 982.4
0.08653 982.4
0.08654 982.4
0.08655 982.4
0.08656 982.4
0.08657 982.4
0.08658 982.4
0.08659 982.4
0.08660 982.4
0.08661 982.4
0.08662 982.4
0.08663 982.4
0.08664 982.4
0.08665 982.4
0.08666 982.4
0.08667 982.4
0.08668 982.4
0.08669 982.4
0.08670 982.4
0.08671 982.4
0.08672 982.4
0.08673 982.4
0.08674 982.4
0.08675 982.4
0.08676 982.4
0.08677 982.4
0.08678 982.4
0.08679 982.4
0.08680 982.4
0.08681 982.4
0.08682 982.4
0.08683 982.4
0.08684 982.4
0.08685 982.4
0.08686 982.4
0.08687 982.4
0.08688 982.4
0.08689 982.4
0.08690 982.4
0.08691 982.4
0.08692 982.4
0.08693 982.4
0.08694 982.4
0.08695 982.4
0.08696 982.4
0.08697 982.4
0.08698 982.4
0.08699 982.4
0.08700 982.4
0.08701 982.4
0.08702 982.4
0.08703 982.4
0.08704 982.4
0.08705 982.4
0.08706 982.4
0.08707 982.4
0.08708 982.4
0.08709 982.4
0.08710 982.4
0.08711 982.4
0.08712 982.4
0.08713 982.4
0.08714 982.4
0.08715 982.4
0.08716 982.4
0.08717 982.4
0.08718 982.4
0.08719 982.4
0.08720 982.4
0.08721 982.4
0.08722 982.4
0.08723 982.4
0.08724 982.4
0.08725 982.4
0.08726 982.4
0.08727 982.4
0.08728 982.4
0.08729 982.4
0.08730 982.4
0.08731 982.4
0.08732 982.4
0.08733 982.4
0.08734 982.4
0.08735 982.4
0.08736 982.4
0.08737 982.4
0.08738 982.4
0.08739 982.4
0.08740 982.4
0.08741 982.4
0.08742 982.4
0.08743 982.4
0.08744 982.4
0.08745 982.4
0.08746 982.4
0.08747 982.4
0.08748 982.4
0.08749 982.4
0.08750 982.4
0.08751 982.4
0.08752 982.4
0.08753 982.4
0.08754 982.4
0.08755 982.4
0.08756 982.4
0.08757 982.4
0.08758 982.4
0.08759 982.4
0.08760 982.4
0.08761 982.4
0.08762 982.4
0.08763 982.4
0.08764 982.4
0.08765 982.4
0.08766 982.4
0.08767 982.4
0.08768 982.4
0.08769 982.4
0.08770 982.4
0.08771 982.4
0.08772 982.4
0.08773 982.4
0.08774 982.4
0.08775 982.4
0.08776 982.4
0.08777 982.4
0.08778 982.4
0.08779 982.4
0.08780 982.4
0.08781 982.4
0.08782 982.4
0.08783 982.4
0.08784 982.4
0.08785 982.4
0.08786 982.4
0.08787 982.4
0.08788 982.4
0.08789 982.4
0.08790 982.4
0.08791 982.4
0.08792 982.4
0.08793 982.4
0.08794 982.4
0.08795 982.4
0.08796 982.4
0.08797 982.4
0.08798 982.4
0.08799 982.4
0.08800 982.4
0.08801 982.4
0.08802 982.4
0.08803 982.4
0.08804 982.4
0.08805 982.4
0.08806 982.4
0.08807 982.4
0.08808 982.4
0.08809 982.4
0.08810 982.4
0.08811 982.4
0.08812 982.4
0.08813 982.4
0.08814 982.4
0.08815 982.4
0.08816 982.4
0.08817 982.4
0.08818 982.4
0.08819 982.4
0.08820 982.4
0.08821 982.4
0.08822 982.4
0.08823 982.4
0.08824 982.4
0.08825 982.4
0.08826 982.4
0.08827 982.4
0.08828 982.4
0.08829 982.4
0.08830 982.4
0.08831 982.4
0.08832 982.4
0.08833 982.4
0.08834 982.4
0.08835 982.4
0.08836 982.4
0.08837 982.4
0.08838 982.4
0.08839 982.4
0.08840 982.4
0.08841 982.4
0.08842 982.4
0.08843 982.4
0.08844 982.4
0.08845 982.4
0.08846 982.4
0.08847 982.4
0.08848 982.4
0.08849 982.4
0.08850 982.4
0.08851 982.4
0.08852 982.4
0.08853 982.4
0.08854 982.4
0.08855 982.4
0.08856 982.4
0.08857 982.4
0.08858 982.4
0.08859 982.4
0.08860 982.4
0.08861 982.4
0.08862 982.4
0.08863 982.4
0.08864 982.4
0.08865 982.4
0.08866 982.4
0.08867 982.4
0.08868 982.4
0.08869 982.4
0.08870 982.4
0.08871 982.4
0.08872 982.4
0.08873 982.4
0.08874 982.4
0.08875 982.4
0.08876 982.4
0.08877 982.4
0.08878 982.4
0.08879 982.4
0.08880 982.4
0.08881 982.4
0.08882 982.4
0.08883 982.4
0.08884 982.4
0.08885 982.4
0.08886 982.4
0.08887 982.4
0.08888 982.4
0.08889 982.4
0.08890 982.4
0.08891 982.4
0.08892 982.4
0.08893 982.4
0.08894 982.4
0.08895 982.4
0.08896 982.4
0.08897 982.4
0.08898 982.4
0.08899 982.4
0.08900 982.4
0.08901 982.4
0.08902 982.4
0.08903 982.4
0.08904 982.4
0.08905 982.4
0.08906 982.4
0.08907 982.4
0.08908 982.4
0.08909 982.4
0.08910 982.4
0.08911 982.4
0.08912 982.4
0.08913 982.4
0.08914 982.4
0.08915 982.4
0.08916 982.4
0.08917 982.4
0.08918 982.4
0.08919 982.4
0.08920 982.4
0.08921 982.4
0.08922 982.4
0.08923 982.4
0.08924 982.4
0.08925 982.4
0.08926 982.4
0.08927 982.4
0.08928 982.4
0.08929 982.4
0.08930 982.4
0.08931 982.4
0.08932 982.4
0.08933 982.4
0.08934 982.4
0.08935 982.4
0.08936 982.4
0.08937 982.4
0.08938 982.4
0.08939 982.4
0.08940 982.4
0.08941 982.4
0.08942 982.4
0.08943 982.4
0.08944 982.4
0.08945 982.4
0.08946 982.4
0.08947 982.4
0.08948 982.4
0.08949 982.4
0.08950 982.4
0.08951 982.4
0.08952 982.4
0.08953 982.4
0.08954 982.4
0.08955 982.4
0.08956 982.4
0.08957 982.4
0.08958 982.4
0.08959 982.4
0.08960 982.4
0.08961 982.4
0.08962 982.4
0.08963 982.4
0.08964 982.4
0.08965 982.4
0.08966 982.4
0.08967 982.4
0.08968 982.4
0.08969 982.4
0.08970 982.4
0.08971 982.4
0.08972 982.4
0.08973 982.4
0.08974 982.4
0.08975 982.4
0.08976 982.4
0.08977 982.4
0.08978 982.4
0.08979 982.4
0.08980 982.4
0.08981 982.4
0.08982 982.4
0.08983 982.4
0.08984 982.4
0.08985 982.4
0.08986 982.4
0.08987 982.4
0.08988 982.4
0.08989 982.4
0.08990 982.4
0.08991 982.4
0.08992 982.4
0.08993 982.4
0.08994 982.4
0.08995 982.4
0.08996 982.4
0.08997 982.4
0.08998 982.4
0.08999 982.4
0.09000 982.4
0.09001 982.4
0.09002 982.4
0.09003 982.4
0.09004 982.4
0.09005 982.4
0.09006 982.4
0.09007 982.4
0.09008 982.4
0.09009 982.4
0.09010 982.4
0.09011 982.4
0.09012 982.4
0.09013 982.4
0.09014 982.4
0.09015 982.4
0.09016 982.4
0.09017 982.4
0.09018 982.4
0.09019 982.4
0.09020 982.4
0.09021 982.4
0.09022 982.4
0.09023 982.4
0.09024 982.4
0.09025 982.4
0.09026 982.4
0.09027 982.4
0.09028 982.4
0.09029 982.4
0.09030 982.4
0.09031 982.4
0.09032 982.4
0.09033 982.4
0.09034 982.4
0.09035 982.4
0.09036 982.4
0.09037 982.4
0.09038 982.4
0.09039 982.4
0.09040 982.4
0.09041 982.4
0.09042 982.4
0.09043 982.4
0.09044 982.4
0.09045 982.4
0.09046 982.4
0.09047 982.4
0.09048 982.4
0.09049 982.4
0.09050 982.4
0.09051 982.4
0.09052 982.4
0.09053 982.4
0.09054 982.4
0.09055 982.4
0.09056 982.4
0.09057 982.4
0.09058 982.4
0.09059 982.4
0.09060 982.4
0.09061 982.4
0.09062 982.4
0.09063 982.4
0.09064 982.4
0.09065 982.4
0.09066 982.4
0.09067 982.4
0.09068 982.4
0.09069 982.4
0.09070 982.4
0.09071 982.4
0.09072 982.4
0.09073 982.4
0.09074 982.4
0.09075 982.4
0.09076 982.4
0.09077 982.4
0.09078 982.4
0.09079 982.4
0.09080 982.4
0.09081 982.4
0.09082 982.4
0.09083 982.4
0.09084 982.4
0.09085 982.4
0.09086 982.4
0.09087 982.4
0.09088 982.4
0.09089 982.4
0.09090 982.4
0.09091 982.4
0.09092 982.4
0.09093 982.4
0.09094 982.4
0.09095 982.4
0.09096 982.4
0.09097 982.4
0.09098 982.4
0.09099 982.4
0.09100 982.4
0.09101 1006.0
0.09102 1030.0
0.09103 1054.6
0.09104 1079.7
0.09105 1105.3
0.09106 1131.5
0.09107 1158.1
0.09108 1185.4
0.09109 1213.1
0.09110 1241.5
0.09111 1270.4
0.09112 1300.0
0.09113 1330.1
0.09114 1360.9
0.09115 1392.3
0.09116 1424.3
0.09117 1457.0
0.09118 1490.4
0.09119 1524.5
0.09120 1559.3
0.09121 1594.9
0.09122 1631.3
0.09123 1668.5
0.09124 1706.5
0.09125 1745.4
0.09126 1785.3
0.09127 1826.2
0.09128 1868.1
0.09129 1911.2
0.09130 1955.5
0.09131 2001.1
0.09132 2048.2
0.09133 2096.9
0.09134 2147.3
0.09135 2199.6
0.09136 2254.1
0.09137 2311.1
0.09138 2370.8
0.09139 2433.6
0.09140 2500.0
0.09141 2570.5
0.09142 2645.6
0.09143 2726.2
0.09144 2813.2
0.09145 2907.5
0.09146 3010.6
0.09147 3124.0
0.09148 3249.7
0.09149 3389.9
0.09150 3547.8
0.09151 3640.0
0.09152 3751.4
0.09153 3885.0
0.09154 4044.4
0.09155 4234.0
0.09156 4459.0
0.09157 4725.7
0.09158 5041.8
0.09159 5415.9
0.09160 5857.7
0.09161 6377.3
0.09162 6983.6
0.09163 7682.2
0.09164 8472.4
0.09165 9343.1
0.09166 10270.4
0.09167 11218.8
0.09168 12147.1
0.09169 13017.2
0.09170 13801.5
0.09171 14486.2
0.09172 15068.9
0.09173 15554.5
0.09174 15952.0
0.09175 16271.0
0.09176 16521.1
0.09177 16710.7
0.09178 16846.9
0.09179 16935.9
0.09180 16982.9
0.09181 16992.0
0.09182 16967.0
0.09183 16910.7
0.09184 16825.8
0.09185 16714.4
0.09186 16578.4
0.09187 16419.5
0.09188 16239.2
0.09189 16039.0
0.09190 15820.1
0.09191 15583.8
0.09192 15331.3
0.09193 15063.8
0.09194 14782.6
0.09195 14488.8
0.09196 14183.7
0.09197 13868.5
0.09198 13544.6
0.09199 13213.0
0.09200 12875.2
0.09201 12532.4
0.09202 12185.7
0.09203 11836.6
0.09204 11486.2
0.09205 11135.6
0.09206 10786.0
0.09207 10438.4
0.09208 10094.0
0.09209 9753.7
0.09210 9418.3
0.09211 9088.6
0.09212 8765.5
0.09213 8449.5
0.09214 8141.3
0.09215 7841.2
0.09216 7549.8
0.09217 7267.4
0.09218 6994.2
0.09219 6730.4
0.09220 6476.1
0.09221 6231.4
0.09222 5996.3
0.09223 5770.8
0.09224 5554.6
0.09225 5347.8
0.09226 5150.0
0.09227 4961.1
0.09228 4780.9
0.09229 4609.0
0.09230 4445.3
0.09231 4289.3
0.09232 4140.9
0.09233 3999.7
0.09234 3865.3
0.09235 3737.6
0.09236 3616.1
0.09237 3500.6
0.09238 3390.8
0.09239 3286.4
0.09240 3187.2
0.09241 3092.7
0.09242 3002.9
0.09243 2917.4
0.09244 2836.0
0.09245 2758.5
0.09246 2684.7
0.09247 2614.3
0.09248 2547.2
0.09249 2483.1
0.09250 2422.0
0.09251 2363.6
0.09252 2307.8
0.09253 2254.5
0.09254 2203.5
0.09255 2154.7
0.09256 2107.9
0.09257 2063.2
0.09258 2020.2
0.09259 1979.1
0.09260 1939.6
0.09261 1901.7
0.09262 1865.4
0.09263 1830.4
0.09264 1796.9
0.09265 1764.6
0.09266 1733.6
0.09267 1703.8
0.09268 1675.1
0.09269 1647.6
0.09270 1621.0
0.09271 1595.5
0.09272 1571.0
0.09273 1547.3
0.09274 1524.6
0.09275 1502.7
0.09276 1481.6
0.09277 1461.4
0.09278 1441.8
0.09279 1423.1
0.09280 1405.0
0.09281 1387.6
0.09282 1370.8
0.09283 1354.7
0.09284 1339.2
0.09285 1324.3
0.09286 1309.9
0.09287 1296.1
0.09288 1282.8
0.09289 1270.0
0.09290 1257.7
0.09291 1245.9
0.09292 1234.5
0.09293 1223.5
0.09294 1213.0
0.09295 1202.8
0.09296 1193.0
0.09297 1183.6
0.09298 1174.6
0.09299 1165.8
0.09300 1157.4
0.09301 1149.4
0.09302 1141.6
0.09303 1134.1
0.09304 1126.8
0.09305 1119.9
0.09306 1113.2
0.09307 1106.7
0.09308 1100.5
0.09309 1094.5
0.09310 1088.7
0.09311 1083.1
0.09312 1077.7
0.09313 1072.5
0.09314 1067.5
0.09315 1062.6
0.09316 1058.0
0.09317 1053.4
0.09318 1049.1
0.09319 1044.9
0.09320 1040.8
0.09321 1036.9
0.09322 1033.1
0.09323 1029.4
0.09324 1025.9
0.09325 1022.5
0.09326 1019.1
0.09327 1015.9
0.09328 1012.8
0.09329 1009.8
0.09330 1006.9
0.09331 1004.1
0.09332 1001.4
0.09333 998.8
0.09334 996.2
0.09335 993.7
0.09336 991.4
0.09337 989.0
0.09338 986.8
0.09339 984.6
0.09340 982.5
0.09341 980.5
0.09342 978.5
0.09343 976.6
0.09344 974.7
0.09345 972.9
0.09346 971.1
0.09347 969.4
0.09348 967.8
0.09349 966.2
0.09350 964.6
0.09351 963.1
0.09352 961.7
0.09353 960.3
0.09354 958.9
0.09355 957.5
0.09356 956.2
0.09357 955.0
0.09358 953.7
0.09359 952.6
0.09360 951.4
0.09361 950.3
0.09362 949.2
0.09363 948.1
0.09364 947.1
0.09365 946.1
0.09366 945.1
0.09367 944.2
0.09368 943.2
0.09369 942.3
0.09370 941.5
0.09371 940.6
0.09372 939.8
0.09373 939.0
0.09374 938.2
0.09375 937.4
0.09376 936.7
0.09377 936.0
0.09378 935.3
0.09379 934.6
0.09380 933.9
0.09381 933.3
0.09382 932.7
0.09383 932.1
0.09384 931.5
0.09385 930.9
0.09386 930.3
0.09387 929.8
0.09388 929.2
0.09389 928.7
0.09390 928.2
0.09391 927.7
0.09392 927.2
0.09393 926.8
0.09394 926.3
0.09395 925.9
0.09396 925.4
0.09397 925.0
0.09398 924.6
0.09399 924.2
0.09400 923.8
0.09401 923.4
0.09402 923.1
0.09403 922.7
0.09404 922.4
0.09405 922.0
0.09406 921.7
0.09407 921.4
0.09408 921.1
0.09409 920.7
0.09410 920.4
0.09411 920.2
0.09412 919.9
0.09413 919.6
0.09414 919.3
0.09415 919.1
0.09416 918.8
0.09417 918.6
0.09418 918.3
0.09419 918.1
0.09420 917.8
0.09421 917.6
0.09422 917.4
0.09423 917.2
0.09424 917.0
0.09425 916.8
0.09426 916.6
0.09427 916.4
0.09428 916.2
0.09429 916.0
0.09430 915.9
0.09431 915.7
0.09432 915.5
0.09433 915.4
0.09434 915.2
0.09435 915.0
0.09436 914.9
0.09437 914.7
0.09438 914.6
0.09439 914.5
0.09440 914.3
0.09441 914.2
0.09442 914.1
0.09443 914.0
0.09444 913.8
0.09445 913.7
0.09446 913.6
0.09447 913.5
0.09448 913.4
0.09449 913.3
0.09450 913.2
0.09451 913.1
0.09452 913.0
0.09453 912.9
0.09454 912.8
0.09455 912.7
0.09456 912.7
0.09457 912.6
0.09458 912.5
0.09459 912.4
0.09460 912.4
0.09461 912.3
0.09462 912.2
0.09463 912.1
0.09464 912.1
0.09465 912.0
0.09466 912.0
0.09467 911.9
0.09468 911.9
0.09469 911.8
0.09470 911.8
0.09471 911.7
0.09472 911.7
0.09473 911.6
0.09474 911.6
0.09475 911.5
0.09476 911.5
0.09477 911.5
0.09478 911.4
0.09479 911.4
0.09480 911.3
0.09481 911.3
0.09482 911.3
0.09483 911.3
0.09484 911.2
0.09485 911.2
0.09486 911.2
0.09487 911.2
0.09488 911.1
0.09489 911.1
0.09490 911.1
0.09491 911.1
0.09492 911.1
0.09493 911.1
0.09494 911.0
0.09495 911.0
0.09496 911.0
0.09497 911.0
0.09498 911.0
0.09499 911.0
0.09500 911.0
0.09501 911.0
0.09502 911.0
0.09503 911.0
0.09504 911.0
0.09505 911.0
0.09506 911.0
0.09507 911.0
0.09508 911.0
0.09509 911.0
0.09510 911.0
0.09511 911.0
0.09512 911.0
0.09513 911.0
0.09514 911.0
0.09515 911.0
0.09516 911.1
0.09517 911.1
0.09518 911.1
0.09519 911.1
0.09520 911.1
0.09521 911.1
0.09522 911.1
0.09523 911.2
0.09524 911.2
0.09525 911.2
0.09526 911.2
0.09527 911.2
0.09528 911.2
0.09529 911.3
0.09530 911.3
0.09531 911.3
0.09532 911.3
0.09533 911.4
0.09534 911.4
0.09535 911.4
0.09536 911.4
0.09537 911.5
0.09538 911.5
0.09539 911.5
0.09540 911.5
0.09541 911.6
0.09542 911.6
0.09543 911.6
0.09544 911.6
0.09545 911.7
0.09546 911.7
0.09547 911.7
0.09548 911.8
0.09549 911.8
0.09550 911.8
0.09551 911.9
0.09552 911.9
0.09553 911.9
0.09554 912.0
0.09555 912.0
0.09556 912.0
0.09557 912.1
0.09558 912.1
0.09559 912.2
0.09560 912.2
0.09561 912.2
0.09562 912.3
0.09563 912.3
0.09564 912.4
0.09565 912.4
0.09566 912.4
0.09567 912.5
0.09568 912.5
0.09569 912.6
0.09570 912.6
0.09571 912.6
0.09572 912.7
0.09573 912.7
0.09574 912.8
0.09575 912.8
0.09576 912.9
0.09577 912.9
0.09578 912.9
0.09579 913.0
0.09580 913.0
0.09581 913.1
0.09582 913.1
0.09583 913.2
0.09584 913.2
0.09585 913.3
0.09586 913.3
0.09587 913.4
0.09588 913.4
0.09589 913.5
0.09590 913.5
0.09591 913.6
0.09592 913.6
0.09593 913.7
0.09594 913.7
0.09595 913.8
0.09596 913.8
0.09597 913.9
0.09598 913.9
0.09599 914.0
0.09600 914.0
0.09601 914.1
0.09602 914.1
0.09603 914.2
0.09604 914.2
0.09605 914.3
0.09606 914.3
0.09607 914.4
0.09608 914.4
0.09609 914.5
0.09610 914.5
0.09611 914.6
0.09612 914.6
0.09613 914.7
0.09614 914.8
0.09615 914.8
0.09616 914.9
0.09617 914.9
0.09618 915.0
0.09619 915.0
0.09620 915.1
0.09621 915.1
0.09622 915.2
0.09623 915.3
0.09624 915.3
0.09625 915.4
0.09626 915.4
0.09627 915.5
0.09628 915.5
0.09629 915.6
0.09630 915.7
0.09631 915.7
0.09632 915.8
0.09633 915.8
0.09634 915.9
0.09635 916.0
0.09636 916.0
0.09637 916.1
0.09638 916.1
0.09639 916.2
0.09640 916.3
0.09641 916.3
0.09642 916.4
0.09643 916.4
0.09644 916.5
0.09645 916.6
0.09646 916.6
0.09647 916.7
0.09648 916.7
0.09649 916.8
0.09650 916.9
0.09651 916.9
0.09652 917.0
0.09653 917.0
0.09654 917.1
0.09655 917.2
0.09656 917.2
0.09657 917.3
0.09658 917.4
0.09659 917.4
0.09660 917.5
0.09661 917.6
0.09662 917.6
0.09663 917.7
0.09664 917.7
0.09665 917.8
0.09666 917.9
0.09667 917.9
0.09668 918.0
0.09669 918.1
0.09670 918.1
0.09671 918.2
0.09672 918.3
0.09673 918.3
0.09674 918.4
0.09675 918.4
0.09676 918.5
0.09677 918.6
0.09678 918.6
0.09679 918.7
0.09680 918.8
0.09681 918.8
0.09682 918.9
0.09683 919.0
0.09684 919.0
0.09685 919.1
0.09686 919.2
0.09687 919.2
0.09688 919.3
0.09689 919.4
0.09690 919.4
0.09691 919.5
0.09692 919.6
0.09693 919.6
0.09694 919.7
0.09695 919.8
0.09696 919.8
0.09697 919.9
0.09698 920.0
0.09699 920.0
0.09700 920.1
0.09701 920.2
0.09702 920.2
0.09703 920.3
0.09704 920.4
0.09705 920.4
0.09706 920.5
0.09707 920.6
0.09708 920.6
0.09709 920.7
0.09710 920.8
0.09711 920.8
0.09712 920.9
0.09713 921.0
0.09714 921.0
0.09715 921.1
0.09716 921.2
0.09717 921.3
0.09718 921.3
0.09719 921.4
0.09720 921.5
0.09721 921.5
0.09722 921.6
0.09723 921.7
0.09724 921.7
0.09725 921.8
0.09726 921.9
0.09727 921.9
0.09728 922.0
0.09729 922.1
0.09730 922.1
0.09731 922.2
0.09732 922.3
0.09733 922.4
0.09734 922.4
0.09735 922.5
0.09736 922.6
0.09737 922.6
0.09738 922.7
0.09739 922.8
0.09740 922.8
0.09741 922.9
0.09742 923.0
0.09743 923.0
0.09744 923.1
0.09745 923.2
0.09746 923.3
0.09747 923.3
0.09748 923.4
0.09749 923.5
0.09750 923.5
0.09751 923.6
0.09752 923.7
0.09753 923.7
0.09754 923.8
0.09755 923.9
0.09756 924.0
0.09757 924.0
0.09758 924.1
0.09759 924.2
0.09760 924.2
0.09761 924.3
0.09762 924.4
0.09763 924.5
0.09764 924.5
0.09765 924.6
0.09766 924.7
0.09767 924.7
0.09768 924.8
0.09769 924.9
0.09770 924.9
0.09771 925.0
0.09772 925.1
0.09773 925.2
0.09774 925.2
0.09775 925.3
0.09776 925.4
0.09777 925.4
0.09778 925.5
0.09779 925.6
0.09780 925.7
0.09781 925.7
0.09782 925.8
0.09783 925.9
0.09784 925.9
0.09785 926.0
0.09786 926.1
0.09787 926.2
0.09788 926.2
0.09789 926.3
0.09790 926.4
0.09791 926.4
0.09792 926.5
0.09793 926.6
0.09794 926.7
0.09795 926.7
0.09796 926.8
0.09797 926.9
0.09798 926.9
0.09799 927.0
0.09800 927.1
0.09801 927.2
0.09802 927.2
0.09803 927.3
0.09804 927.4
0.09805 927.4
0.09806 927.5
0.09807 927.6
0.09808 927.7
0.09809 927.7
0.09810 927.8
0.09811 927.9
0.09812 927.9
0.09813 928.0
0.09814 928.1
0.09815 928.1
0.09816 928.2
0.09817 928.3
0.09818 928.4
0.09819 928.4
0.09820 928.5
0.09821 928.6
0.09822 928.6
0.09823 928.7
0.09824 928.8
0.09825 928.9
0.09826 928.9
0.09827 929.0
0.09828 929.1
0.09829 929.1
0.09830 929.2
0.09831 929.3
0.09832 929.4
0.09833 929.4
0.09834 929.5
0.09835 929.6
0.09836 929.6
0.09837 929.7
0.09838 929.8
0.09839 929.9
0.09840 929.9
0.09841 930.0
0.09842 930.1
0.09843 930.1
0.09844 930.2
0.09845 930.3
0.09846 930.4
0.09847 930.4
0.09848 930.5
0.09849 930.6
0.09850 930.6
0.09851 930.7
0.09852 930.8
0.09853 930.9
0.09854 930.9
0.09855 931.0
0.09856 931.1
0.09857 931.1
0.09858 931.2
0.09859 931.3
0.09860 931.3
0.09861 931.4
0.09862 931.5
0.09863 931.6
0.09864 931.6
0.09865 931.7
0.09866 931.8
0.09867 931.8
0.09868 931.9
0.09869 932.0
0.09870 932.1
0.09871 932.1
0.09872 932.2
0.09873 932.3
0.09874 932.3
0.09875 932.4
0.09876 932.5
0.09877 932.5
0.09878 932.6
0.09879 932.7
0.09880 932.8
0.09881 932.8
0.09882 932.9
0.09883 933.0
0.09884 933.0
0.09885 933.1
0.09886 933.2
0.09887 933.3
0.09888 933.3
0.09889 933.4
0.09890 933.5
0.09891 933.5
0.09892 933.6
0.09893 933.7
0.09894 933.7
0.09895 933.8
0.09896 933.9
0.09897 934.0
0.09898 934.0
0.09899 934.1
0.09900 934.2
0.09901 934.2
0.09902 934.3
0.09903 934.4
0.09904 934.4
0.09905 934.5
0.09906 934.6
0.09907 934.6
0.09908 934.7
0.09909 934.8
0.09910 934.9
0.09911 934.9
0.09912 935.0
0.09913 935.1
0.09914 935.1
0.09915 935.2
0.09916 935.3
0.09917 935.3
0.09918 935.4
0.09919 935.5
0.09920 935.5
0.09921 935.6
0.09922 935.7
0.09923 935.8
0.09924 935.8
0.09925 935.9
0.09926 936.0
0.09927 936.0
0.09928 936.1
0.09929 936.2
0.09930 936.2
0.09931 936.3
0.09932 936.4
0.09933 936.4
0.09934 936.5
0.09935 936.6
0.09936 936.6
0.09937 936.7
0.09938 936.8
0.09939 936.8
0.09940 936.9
0.09941 937.0
0.09942 937.0
0.09943 937.1
0.09944 937.2
0.09945 937.3
0.09946 937.3
0.09947 937.4
0.09948 937.5
0.09949 937.5
0.09950 937.6
0.09951 937.7
0.09952 937.7
0.09953 937.8
0.09954 937.9
0.09955 937.9
0.09956 938.0
0.09957 938.1
0.09958 938.1
0.09959 938.2
0.09960 938.3
0.09961 938.3
0.09962 938.4
0.09963 938.5
0.09964 938.5
0.09965 938.6
0.09966 938.7
0.09967 938.7
0.09968 938.8
0.09969 938.9
0.09970 938.9
0.09971 939.0
0.09972 939.1
0.09973 939.1
0.09974 939.2
0.09975 939.3
0.09976 939.3
0.09977 939.4
0.09978 939.5
0.09979 939.5
0.09980 939.6
0.09981 939.7
0.09982 939.7
0.09983 939.8
0.09984 939.9
0.09985 939.9
0.09986 940.0
0.09987 940.1
0.09988 940.1
0.09989 940.2
0.09990 940.3
0.09991 940.3
0.09992 940.4
0.09993 940.4
0.09994 940.5
0.09995 940.6
0.09996 940.6
0.09997 940.7
0.09998 940.8
0.09999 940.8
0.10000 940.9
0.10001 941.0
0.10002 941.0
0.10003 941.1
0.10004 941.2
0.10005 941.2
0.10006 941.3
0.10007 941.4
0.10008 941.4
0.10009 941.5
0.10010 941.5
0.10011 941.6
0.10012 941.7
0.10013 941.7
0.10014 941.8
0.10015 941.9
0.10016 941.9
0.10017 942.0
0.10018 942.1
0.10019 942.1
0.10020 942.2
0.10021 942.2
0.10022 942.3
0.10023 942.4
0.10024 942.4
0.10025 942.5
0.10026 942.6
0.10027 942.6
0.10028 942.7
0.10029 942.8
0.10030 942.8
0.10031 942.9
0.10032 942.9
0.10033 943.0
0.10034 943.1
0.10035 943.1
0.10036 943.2
0.10037 943.3
0.10038 943.3
0.10039 943.4
0.10040 943.4
0.10041 943.5
0.10042 943.6
0.10043 943.6
0.10044 943.7
0.10045 943.8
0.10046 943.8
0.10047 943.9
0.10048 943.9
0.10049 944.0
0.10050 944.1
0.10051 944.1
0.10052 944.2
0.10053 944.2
0.10054 944.3
0.10055 944.4
0.10056 944.4
0.10057 944.5
0.10058 944.6
0.10059 944.6
0.10060 944.7
0.10061 944.7
0.10062 944.8
0.10063 944.9
0.10064 944.9
0.10065 945.0
0.10066 945.0
0.10067 945.1
0.10068 945.2
0.10069 945.2
0.10070 945.3
0.10071 945.3
0.10072 945.4
0.10073 945.5
0.10074 945.5
0.10075 945.6
0.10076 945.6
0.10077 945.7
0.10078 945.8
0.10079 945.8
0.10080 945.9
0.10081 945.9
0.10082 946.0
0.10083 946.1
0.10084 946.1
0.10085 946.2
0.10086 946.2
0.10087 946.3
0.10088 946.4
0.10089 946.4
0.10090 946.5
0.10091 946.5
0.10092 946.6
0.10093 946.7
0.10094 946.7
0.10095 946.8
0.10096 946.8
0.10097 946.9
0.10098 946.9
0.10099 947.0
0.10100 947.1
0.10101 947.1
0.10102 947.2
0.10103 947.2
0.10104 947.3
0.10105 947.4
0.10106 947.4
0.10107 947.5
0.10108 947.5
0.10109 947.6
0.10110 947.6
0.10111 947.7
0.10112 947.8
0.10113 947.8
0.10114 947.9
0.10115 947.9
0.10116 948.0
0.10117 948.0
0.10118 948.1
0.10119 948.2
0.10120 948.2
0.10121 948.3
0.10122 948.3
0.10123 948.4
0.10124 948.4
0.10125 948.5
0.10126 948.6
0.10127 948.6
0.10128 948.7
0.10129 948.7
0.10130 948.8
0.10131 948.8
0.10132 948.9
0.10133 948.9
0.10134 949.0
0.10135 949.1
0.10136 949.1
0.10137 949.2
0.10138 949.2
0.10139 949.3
0.10140 949.3
0.10141 949.4
0.10142 949.4
0.10143 949.5
0.10144 949.6
0.10145 949.6
0.10146 949.7
0.10147 949.7
0.10148 949.8
0.10149 949.8
0.10150 949.9
0.10151 949.9
0.10152 950.0
0.10153 950.0
0.10154 950.1
0.10155 950.2
0.10156 950.2
0.10157 950.3
0.10158 950.3
0.10159 950.4
0.10160 950.4
0.10161 950.5
0.10162 950.5
0.10163 950.6
0.10164 950.6
0.10165 950.7
0.10166 950.7
0.10167 950.8
0.10168 950.9
0.10169 950.9
0.10170 951.0
0.10171 951.0
0.10172 951.1
0.10173 951.1
0.10174 951.2
0.10175 951.2
0.10176 951.3
0.10177 951.3
0.10178 951.4
0.10179 951.4
0.10180 951.5
0.10181 951.5
0.10182 951.6
0.10183 951.6
0.10184 951.7
0.10185 951.8
0.10186 951.8
0.10187 951.9
0.10188 951.9
0.10189 952.0
0.10190 952.0
0.10191 952.1
0.10192 952.1
0.10193 952.2
0.10194 952.2
0.10195 952.3
0.10196 952.3
0.10197 952.4
0.10198 952.4
0.10199 952.5
0.10200 952.5
0.10201 952.6
0.10202 952.6
0.10203 952.7
0.10204 952.7
0.10205 952.8
0.10206 952.8
0.10207 952.9
0.10208 952.9
0.10209 953.0
0.10210 953.0
0.10211 953.1
0.10212 953.1
0.10213 953.2
0.10214 953.2
0.10215 953.3
0.10216 953.3
0.10217 953.4
0.10218 953.4
0.10219 953.5
0.10220 953.5
0.10221 953.6
0.10222 953.6
0.10223 953.7
0.10224 953.7
0.10225 953.8
0.10226 953.8
0.10227 953.9
0.10228 953.9
0.10229 954.0
0.10230 954.0
0.10231 954.1
0.10232 954.1
0.10233 954.2
0.10234 954.2
0.10235 954.3
0.10236 954.3
0.10237 954.4
0.10238 954.4
0.10239 954.5
0.10240 954.5
0.10241 954.6
0.10242 954.6
0.10243 954.7
0.10244 954.7
0.10245 954.7
0.10246 954.8
0.10247 954.8
0.10248 954.9
0.10249 954.9
0.10250 955.0
0.10251 955.0
0.10252 955.1
0.10253 955.1
0.10254 955.2
0.10255 955.2
0.10256 955.3
0.10257 955.3
0.10258 955.4
0.10259 955.4
0.10260 955.5
0.10261 955.5
0.10262 955.6
0.10263 955.6
0.10264 955.6
0.10265 955.7
0.10266 955.7
0.10267 955.8
0.10268 955.8
0.10269 955.9
0.10270 955.9
0.10271 956.0
0.10272 956.0
0.10273 956.1
0.10274 956.1
0.10275 956.2
0.10276 956.2
0.10277 956.2
0.10278 956.3
0.10279 956.3
0.10280 956.4
0.10281 956.4
0.10282 956.5
0.10283 956.5
0.10284 956.6
0.10285 956.6
0.10286 956.6
0.10287 956.7
0.10288 956.7
0.10289 956.8
0.10290 956.8
0.10291 956.9
0.10292 956.9
0.10293 957.0
0.10294 957.0
0.10295 957.1
0.10296 957.1
0.10297 957.1
0.10298 957.2
0.10299 957.2
0.10300 957.3
0.10301 957.3
0.10302 957.4
0.10303 957.4
0.10304 957.4
0.10305 957.5
0.10306 957.5
0.10307 957.6
0.10308 957.6
0.10309 957.7
0.10310 957.7
0.10311 957.7
0.10312 957.8
0.10313 957.8
0.10314 957.9
0.10315 957.9
0.10316 958.0
0.10317 958.0
0.10318 958.0
0.10319 958.1
0.10320 958.1
0.10321 958.2
0.10322 958.2
0.10323 958.3
0.10324 958.3
0.10325 958.3
0.10326 958.4
0.10327 958.4
0.10328 958.5
0.10329 958.5
0.10330 958.6
0.10331 958.6
0.10332 958.6
0.10333 958.7
0.10334 958.7
0.10335 958.8
0.10336 958.8
0.10337 958.8
0.10338 958.9
0.10339 958.9
0.10340 959.0
0.10341 959.0
0.10342 959.1
0.10343 959.1
0.10344 959.1
0.10345 959.2
0.10346 959.2
0.10347 959.3
0.10348 959.3
0.10349 959.3
0.10350 959.4
0.10351 959.4
0.10352 959.5
0.10353 959.5
0.10354 959.5
0.10355 959.6
0.10356 959.6
0.10357 959.7
0.10358 959.7
0.10359 959.7
0.10360 959.8
0.10361 959.8
0.10362 959.9
0.10363 959.9
0.10364 959.9
0.10365 960.0
0.10366 960.0
0.10367 960.1
0.10368 960.1
0.10369 960.1
0.10370 960.2
0.10371 960.2
0.10372 960.3
0.10373 960.3
0.10374 960.3
0.10375 960.4
0.10376 960.4
0.10377 960.4
0.10378 960.5
0.10379 960.5
0.10380 960.6
0.10381 960.6
0.10382 960.6
0.10383 960.7
0.10384 960.7
0.10385 960.8
0.10386 960.8
0.10387 960.8
0.10388 960.9
0.10389 960.9
0.10390 960.9
0.10391 961.0
0.10392 961.0
0.10393 961.1
0.10394 961.1
0.10395 961.1
0.10396 961.2
0.10397 961.2
0.10398 961.2
0.10399 961.3
0.10400 961.3
0.10401 961.4
0.10402 961.4
0.10403 961.4
0.10404 961.5
0.10405 961.5
0.10406 961.5
0.10407 961.6
0.10408 961.6
0.10409 961.7
0.10410 961.7
0.10411 961.7
0.10412 961.8
0.10413 961.8
0.10414 961.8
0.10415 961.9
0.10416 961.9
0.10417 961.9
0.10418 962.0
0.10419 962.0
0.10420 962.1
0.10421 962.1
0.10422 962.1
0.10423 962.2
0.10424 962.2
0.10425 962.2
0.10426 962.3
0.10427 962.3
0.10428 962.3
0.10429 962.4
0.10430 962.4
0.10431 962.4
0.10432 962.5
0.10433 962.5
0.10434 962.6
0.10435 962.6
0.10436 962.6
0.10437 962.7
0.10438 962.7
0.10439 962.7
0.10440 962.8
0.10441 962.8
0.10442 962.8
0.10443 962.9
0.10444 962.9
0.10445 962.9
0.10446 963.0
0.10447 963.0
0.10448 963.0
0.10449 963.1
0.10450 963.1
0.10451 963.1
0.10452 963.2
0.10453 963.2
0.10454 963.2
0.10455 963.3
0.10456 963.3
0.10457 963.3
0.10458 963.4
0.10459 963.4
0.10460 963.4
0.10461 963.5
0.10462 963.5
0.10463 963.5
0.10464 963.6
0.10465 963.6
0.10466 963.6
0.10467 963.7
0.10468 963.7
0.10469 963.7
0.10470 963.8
0.10471 963.8
0.10472 963.8
0.10473 963.9
0.10474 963.9
0.10475 963.9
0.10476 964.0
0.10477 964.0
0.10478 964.0
0.10479 964.1
0.10480 964.1
0.10481 964.1
0.10482 964.2
0.10483 964.2
0.10484 964.2
0.10485 964.3
0.10486 964.3
0.10487 964.3
0.10488 964.4
0.10489 964.4
0.10490 964.4
0.10491 964.5
0.10492 964.5
0.10493 964.5
0.10494 964.6
0.10495 964.6
0.10496 964.6
0.10497 964.7
0.10498 964.7
0.10499 964.7
0.10500 964.7
0.10501 964.8
0.10502 964.8
0.10503 964.8
0.10504 964.9
0.10505 964.9
0.10506 964.9
0.10507 965.0
0.10508 965.0
0.10509 965.0
0.10510 965.1
0.10511 965.1
0.10512 965.1
0.10513 965.1
0.10514 965.2
0.10515 965.2
0.10516 965.2
0.10517 965.3
0.10518 965.3
0.10519 965.3
0.10520 965.4
0.10521 965.4
0.10522 965.4
0.10523 965.4
0.10524 965.5
0.10525 965.5
0.10526 965.5
0.10527 965.6
0.10528 965.6
0.10529 965.6
0.10530 965.7
0.10531 965.7
0.10532 965.7
0.10533 965.7
0.10534 965.8
0.10535 965.8
0.10536 965.8
0.10537 965.9
0.10538 965.9
0.10539 965.9
0.10540 966.0
0.10541 966.0
0.10542 966.0
0.10543 966.0
0.10544 966.1
0.10545 966.1
0.10546 966.1
0.10547 966.2
0.10548 966.2
0.10549 966.2
0.10550 966.2
0.10551 966.3
0.10552 966.3
0.10553 966.3
0.10554 966.4
0.10555 966.4
0.10556 966.4
0.10557 966.4
0.10558 966.5
0.10559 966.5
0.10560 966.5
0.10561 966.6
0.10562 966.6
0.10563 966.6
0.10564 966.6
0.10565 966.7
0.10566 966.7
0.10567 966.7
0.10568 966.7
0.10569 966.8
0.10570 966.8
0.10571 966.8
0.10572 966.9
0.10573 966.9
0.10574 966.9
0.10575 966.9
0.10576 967.0
0.10577 967.0
0.10578 967.0
0.10579 967.1
0.10580 967.1
0.10581 967.1
0.10582 967.1
0.10583 967.2
0.10584 967.2
0.10585 967.2
0.10586 967.2
0.10587 967.3
0.10588 967.3
0.10589 967.3
0.10590 967.3
0.10591 967.4
0.10592 967.4
0.10593 967.4
0.10594 967.5
0.10595 967.5
0.10596 967.5
0.10597 967.5
0.10598 967.6
0.10599 967.6
0.10600 967.6
0.10601 967.6
0.10602 967.7
0.10603 967.7
0.10604 967.7
0.10605 967.7
0.10606 967.8
0.10607 967.8
0.10608 967.8
0.10609 967.8
0.10610 967.9
0.10611 967.9
0.10612 967.9
0.10613 967.9
0.10614 968.0
0.10615 968.0
0.10616 968.0
0.10617 968.0
0.10618 968.1
0.10619 968.1
0.10620 968.1
0.10621 968.1
0.10622 968.2
0.10623 968.2
0.10624 968.2
0.10625 968.2
0.10626 968.3
0.10627 968.3
0.10628 968.3
0.10629 968.3
0.10630 968.4
0.10631 968.4
0.10632 968.4
0.10633 968.4
0.10634 968.5
0.10635 968.5
0.10636 968.5
0.10637 968.5
0.10638 968.6
0.10639 968.6
0.10640 968.6
0.10641 968.6
0.10642 968.7
0.10643 968.7
0.10644 968.7
0.10645 968.7
0.10646 968.8
0.10647 968.8
0.10648 968.8
0.10649 968.8
0.10650 968.9
0.10651 968.9
0.10652 968.9
0.10653 968.9
0.10654 969.0
0.10655 969.0
0.10656 969.0
0.10657 969.0
0.10658 969.0
0.10659 969.1
0.10660 969.1
0.10661 969.1
0.10662 969.1
0.10663 969.2
0.10664 969.2
0.10665 969.2
0.10666 969.2
0.10667 969.3
0.10668 969.3
0.10669 969.3
0.10670 969.3
0.10671 969.3
0.10672 969.4
0.10673 969.4
0.10674 969.4
0.10675 969.4
0.10676 969.5
0.10677 969.5
0.10678 969.5
0.10679 969.5
0.10680 969.6
0.10681 969.6
0.10682 969.6
0.10683 969.6
0.10684 969.6
0.10685 969.7
0.10686 969.7
0.10687 969.7
0.10688 969.7
0.10689 969.8
0.10690 969.8
0.10691 969.8
0.10692 969.8
0.10693 969.8
0.10694 969.9
0.10695 969.9
0.10696 969.9
0.10697 969.9
0.10698 970.0
0.10699 970.0
0.10700 970.0
0.10701 970.0
0.10702 970.0
0.10703 970.1
0.10704 970.1
0.10705 970.1
0.10706 970.1
0.10707 970.1
0.10708 970.2
0.10709 970.2
0.10710 970.2
0.10711 970.2
0.10712 970.3
0.10713 970.3
0.10714 970.3
0.10715 970.3
0.10716 970.3
0.10717 970.4
0.10718 970.4
0.10719 970.4
0.10720 970.4
0.10721 970.4
0.10722 970.5
0.10723 970.5
0.10724 970.5
0.10725 970.5
0.10726 970.5
0.10727 970.6
0.10728 970.6
0.10729 970.6
0.10730 970.6
0.10731 970.7
0.10732 970.7
0.10733 970.7
0.10734 970.7
0.10735 970.7
0.10736 970.8
0.10737 970.8
0.10738 970.8
0.10739 970.8
0.10740 970.8
0.10741 970.9
0.10742 970.9
0.10743 970.9
0.10744 970.9
0.10745 970.9
0.10746 971.0
0.10747 971.0
0.10748 971.0
0.10749 971.0
0.10750 971.0
0.10751 971.1
0.10752 971.1
0.10753 971.1
0.10754 971.1
0.10755 971.1
0.10756 971.2
0.10757 971.2
0.10758 971.2
0.10759 971.2
0.10760 971.2
0.10761 971.2
0.10762 971.3
0.10763 971.3
0.10764 971.3
0.10765 971.3
0.10766 971.3
0.10767 971.4
0.10768 971.4
0.10769 971.4
0.10770 971.4
0.10771 971.4
0.10772 971.5
0.10773 971.5
0.10774 971.5
0.10775 971.5
0.10776 971.5
0.10777 971.6
0.10778 971.6
0.10779 971.6
0.10780 971.6
0.10781 971.6
0.10782 971.6
0.10783 971.7
0.10784 971.7
0.10785 971.7
0.10786 971.7
0.10787 971.7
0.10788 971.8
0.10789 971.8
0.10790 971.8
0.10791 971.8
0.10792 971.8
0.10793 971.8
0.10794 971.9
0.10795 971.9
0.10796 971.9
0.10797 971.9
0.10798 971.9
0.10799 972.0
0.10800 972.0
0.10801 972.0
0.10802 972.0
0.10803 972.0
0.10804 972.0
0.10805 972.1
0.10806 972.1
0.10807 972.1
0.10808 972.1
0.10809 972.1
0.10810 972.2
0.10811 972.2
0.10812 972.2
0.10813 972.2
0.10814 972.2
0.10815 972.2
0.10816 972.3
0.10817 972.3
0.10818 972.3
0.10819 972.3
0.10820 972.3
0.10821 972.3
0.10822 972.4
0.10823 972.4
0.10824 972.4
0.10825 972.4
0.10826 972.4
0.10827 972.5
0.10828 972.5
0.10829 972.5
0.10830 972.5
0.10831 972.5
0.10832 972.5
0.10833 972.6
0.10834 972.6
0.10835 972.6
0.10836 972.6
0.10837 972.6
0.10838 972.6
0.10839 972.7
0.10840 972.7
0.10841 972.7
0.10842 972.7
0.10843 972.7
0.10844 972.7
0.10845 972.8
0.10846 972.8
0.10847 972.8
0.10848 972.8
0.10849 972.8
0.10850 972.8
0.10851 972.9
0.10852 972.9
0.10853 972.9
0.10854 972.9
0.10855 972.9
0.10856 972.9
0.10857 972.9
0.10858 973.0
0.10859 973.0
0.10860 973.0
0.10861 973.0
0.10862 973.0
0.10863 973.0
0.10864 973.1
0.10865 973.1
0.10866 973.1
0.10867 973.1
0.10868 973.1
0.10869 973.1
0.10870 973.2
0.10871 973.2
0.10872 973.2
0.10873 973.2
0.10874 973.2
0.10875 973.2
0.10876 973.3
0.10877 973.3
0.10878 973.3
0.10879 973.3
0.10880 973.3
0.10881 973.3
0.10882 973.3
0.10883 973.4
0.10884 973.4
0.10885 973.4
0.10886 973.4
0.10887 973.4
0.10888 973.4
0.10889 973.5
0.10890 973.5
0.10891 973.5
0.10892 973.5
0.10893 973.5
0.10894 973.5
0.10895 973.5
0.10896 973.6
0.10897 973.6
0.10898 973.6
0.10899 973.6
0.10900 973.6
0.10901 973.6
0.10902 973.6
0.10903 973.7
0.10904 973.7
0.10905 973.7
0.10906 973.7
0.10907 973.7
0.10908 973.7
0.10909 973.7
0.10910 973.8
0.10911 973.8
0.10912 973.8
0.10913 973.8
0.10914 973.8
0.10915 973.8
0.10916 973.9
0.10917 973.9
0.10918 973.9
0.10919 973.9
0.10920 973.9
0.10921 973.9
0.10922 973.9
0.10923 974.0
0.10924 974.0
0.10925 974.0
0.10926 974.0
0.10927 974.0
0.10928 974.0
0.10929 974.0
0.10930 974.1
0.10931 974.1
0.10932 974.1
0.10933 974.1
0.10934 974.1
0.10935 974.1
0.10936 974.1
0.10937 974.1
0.10938 974.2
0.10939 974.2
0.10940 974.2
0.10941 974.2
0.10942 974.2
0.10943 974.2
0.10944 974.2
0.10945 974.3
0.10946 974.3
0.10947 974.3
0.10948 974.3
0.10949 974.3
0.10950 974.3
0.10951 974.3
0.10952 974.4
0.10953 974.4
0.10954 974.4
0.10955 974.4
0.10956 974.4
0.10957 974.4
0.10958 974.4
0.10959 974.4
0.10960 974.5
0.10961 974.5
0.10962 974.5
0.10963 974.5
0.10964 974.5
0.10965 974.5
0.10966 974.5
0.10967 974.6
0.10968 974.6
0.10969 974.6
0.10970 974.6
0.10971 974.6
0.10972 974.6
0.10973 974.6
0.10974 974.6
0.10975 974.7
0.10976 974.7
0.10977 974.7
0.10978 974.7
0.10979 974.7
0.10980 974.7
0.10981 974.7
0.10982 974.7
0.10983 974.8
0.10984 974.8
0.10985 974.8
0.10986 974.8
0.10987 974.8
0.10988 974.8
0.10989 974.8
0.10990 974.8
0.10991 974.9
0.10992 974.9
0.10993 974.9
0.10994 974.9
0.10995 974.9
0.10996 974.9
0.10997 974.9
0.10998 974.9
0.10999 975.0
0.11000 982.4
0.11001 982.4
0.11002 982.4
0.11003 982.4
0.11004 982.4
0.11005 982.4
0.11006 982.4
0.11007 982.4
0.11008 982.4
0.11009 982.4
0.11010 982.4
0.11011 982.4
0.11012 982.4
0.11013 982.4
0.11014 982.4
0.11015 982.4
0.11016 982.4
0.11017 982.4
0.11018 982.4
0.11019 982.4
0.11020 982.4
0.11021 982.4
0.11022 982.4
0.11023 982.4
0.11024 982.4
0.11025 982.4
0.11026 982.4
0.11027 982.4
0.11028 982.4
0.11029 982.4
0.11030 982.4
0.11031 982.4
0.11032 982.4
0.11033 982.4
0.11034 982.4
0.11035 982.4
0.11036 982.4
0.11037 982.4
0.11038 982.4
0.11039 982.4
0.11040 982.4
0.11041 982.4
0.11042 982.4
0.11043 982.4
0.11044 982.4
0.11045 982.4
0.11046 982.4
0.11047 982.4
0.11048 982.4
0.11049 982.4
0.11050 982.4
0.11051 982.4
0.11052 982.4
0.11053 982.4
0.11054 982.4
0.11055 982.4
0.11056 982.4
0.11057 982.4
0.11058 982.4
0.11059 982.4
0.11060 982.4
0.11061 982.4
0.11062 982.4
0.11063 982.4
0.11064 982.4
0.11065 982.4
0.11066 982.4
0.11067 982.4
0.11068 982.4
0.11069 982.4
0.11070 982.4
0.11071 982.4
0.11072 982.4
0.11073 982.4
0.11074 982.4
0.11075 982.4
0.11076 982.4
0.11077 982.4
0.11078 982.4
0.11079 982.4
0.11080 982.4
0.11081 982.4
0.11082 982.4
0.11083 982.4
0.11084 982.4
0.11085 982.4
0.11086 982.4
0.11087 982.4
0.11088 982.4
0.11089 982.4
0.11090 982.4
0.11091 982.4
0.11092 982.4
0.11093 982.4
0.11094 982.4
0.11095 982.4
0.11096 982.4
0.11097 982.4
0.11098 982.4
0.11099 982.4
0.11100 982.4
0.11101 982.4
0.11102 982.4
0.11103 982.4
0.11104 982.4
0.11105 982.4
0.11106 982.4
0.11107 982.4
0.11108 982.4
0.11109 982.4
0.11110 982.4
0.11111 982.4
0.11112 982.4
0.11113 982.4
0.11114 982.4
0.11115 982.4
0.11116 982.4
0.11117 982.4
0.11118 982.4
0.11119 982.4
0.11120 982.4
0.11121 982.4
0.11122 982.4
0.11123 982.4
0.11124 982.4
0.11125 982.4
0.11126 982.4
0.11127 982.4
0.11128 982.4
0.11129 982.4
0.11130 982.4
0.11131 982.4
0.11132 982.4
0.11133 982.4
0.11134 982.4
0.11135 982.4
0.11136 982.4
0.11137 982.4
0.11138 982.4
0.11139 982.4
0.11140 982.4
0.11141 982.4
0.11142 982.4
0.11143 982.4
0.11144 982.4
0.11145 982.4
0.11146 982.4
0.11147 982.4
0.11148 982.4
0.11149 982.4
0.11150 982.4
0.11151 982.4
0.11152 982.4
0.11153 982.4
0.11154 982.4
0.11155 982.4
0.11156 982.4
0.11157 982.4
0.11158 982.4
0.11159 982.4
0.11160 982.4
0.11161 982.4
0.11162 982.4
0.11163 982.4
0.11164 982.4
0.11165 982.4
0.11166 982.4
0.11167 982.4
0.11168 982.4
0.11169 982.4
0.11170 982.4
0.11171 982.4
0.11172 982.4
0.11173 982.4
0.11174 982.4
0.11175 982.4
0.11176 982.4
0.11177 982.4
0.11178 982.4
0.11179 982.4
0.11180 982.4
0.11181 982.4
0.11182 982.4
0.11183 982.4
0.11184 982.4
0.11185 982.4
0.11186 982.4
0.11187 982.4
0.11188 982.4
0.11189 982.4
0.11190 982.4
0.11191 982.4
0.11192 982.4
0.11193 982.4
0.11194 982.4
0.11195 982.4
0.11196 982.4
0.11197 982.4
0.11198 982.4
0.11199 982.4
0.11200 982.4
0.11201 982.4
0.11202 982.4
0.11203 982.4
0.11204 982.4
0.11205 982.4
0.11206 982.4
0.11207 982.4
0.11208 982.4
0.11209 982.4
0.11210 982.4
0.11211 982.4
0.11212 982.4
0.11213 982.4
0.11214 982.4
0.11215 982.4
0.11216 982.4
0.11217 982.4
0.11218 982.4
0.11219 982.4
0.11220 982.4
0.11221 982.4
0.11222 982.4
0.11223 982.4
0.11224 982.4
0.11225 982.4
0.11226 982.4
0.11227 982.4
0.11228 982.4
0.11229 982.4
0.11230 982.4
0.11231 982.4
0.11232 982.4
0.11233 982.4
0.11234 982.4
0.11235 982.4
0.11236 982.4
0.11237 982.4
0.11238 982.4
0.11239 982.4
0.11240 982.4
0.11241 982.4
0.11242 982.4
0.11243 982.4
0.11244 982.4
0.11245 982.4
0.11246 982.4
0.11247 982.4
0.11248 982.4
0.11249 982.4
0.11250 982.4
0.11251 982.4
0.11252 982.4
0.11253 982.4
0.11254 982.4
0.11255 982.4
0.11256 982.4
0.11257 982.4
0.11258 982.4
0.11259 982.4
0.11260 982.4
0.11261 982.4
0.11262 982.4
0.11263 982.4
0.11264 982.4
0.11265 982.4
0.11266 982.4
0.11267 982.4
0.11268 982.4
0.11269 982.4
0.11270 982.4
0.11271 982.4
0.11272 982.4
0.11273 982.4
0.11274 982.4
0.11275 982.4
0.11276 982.4
0.11277 982.4
0.11278 982.4
0.11279 982.4
0.11280 982.4
0.11281 982.4
0.11282 982.4
0.11283 982.4
0.11284 982.4
0.11285 982.4
0.11286 982.4
0.11287 982.4
0.11288 982.4
0.11289 982.4
0.11290 982.4
0.11291 982.4
0.11292 982.4
0.11293 982.4
0.11294 982.4
0.11295 982.4
0.11296 982.4
0.11297 982.4
0.11298 982.4
0.11299 982.4
0.11300 982.4
0.11301 982.4
0.11302 982.4
0.11303 982.4
0.11304 982.4
0.11305 982.4
0.11306 982.4
0.11307 982.4
0.11308 982.4
0.11309 982.4
0.11310 982.4
0.11311 982.4
0.11312 982.4
0.11313 982.4
0.11314 982.4
0.11315 982.4
0.11316 982.4
0.11317 982.4
0.11318 982.4
0.11319 982.4
0.11320 982.4
0.11321 982.4
0.11322 982.4
0.11323 982.4
0.11324 982.4
0.11325 982.4
0.11326 982.4
0.11327 982.4
0.11328 982.4
0.11329 982.4
0.11330 982.4
0.11331 982.4
0.11332 982.4
0.11333 982.4
0.11334 982.4
0.11335 982.4
0.11336 982.4
0.11337 982.4
0.11338 982.4
0.11339 982.4
0.11340 982.4
0.11341 982.4
0.11342 982.4
0.11343 982.4
0.11344 982.4
0.11345 982.4
0.11346 982.4
0.11347 982.4
0.11348 982.4
0.11349 982.4
0.11350 982.4
0.11351 982.4
0.11352 982.4
0.11353 982.4
0.11354 982.4
0.11355 982.4
0.11356 982.4
0.11357 982.4
0.11358 982.4
0.11359 982.4
0.11360 982.4
0.11361 982.4
0.11362 982.4
0.11363 982.4
0.11364 982.4
0.11365 982.4
0.11366 982.4
0.11367 982.4
0.11368 982.4
0.11369 982.4
0.11370 982.4
0.11371 982.4
0.11372 982.4
0.11373 982.4
0.11374 982.4
0.11375 982.4
0.11376 982.4
0.11377 982.4
0.11378 982.4
0.11379 982.4
0.11380 982.4
0.11381 982.4
0.11382 982.4
0.11383 982.4
0.11384 982.4
0.11385 982.4
0.11386 982.4
0.11387 982.4
0.11388 982.4
0.11389 982.4
0.11390 982.4
0.11391 982.4
0.11392 982.4
0.11393 982.4
0.11394 982.4
0.11395 982.4
0.11396 982.4
0.11397 982.4
0.11398 982.4
0.11399 982.4
0.11400 982.4
0.11401 982.4
0.11402 982.4
0.11403 982.4
0.11404 982.4
0.11405 982.4
0.11406 982.4
0.11407 982.4
0.11408 982.4
0.11409 982.4
0.11410 982.4
0.11411 982.4
0.11412 982.4
0.11413 982.4
0.11414 982.4
0.11415 982.4
0.11416 982.4
0.11417 982.4
0.11418 982.4
0.11419 982.4
0.11420 982.4
0.11421 982.4
0.11422 982.4
0.11423 982.4
0.11424 982.4
0.11425 982.4
0.11426 982.4
0.11427 982.4
0.11428 982.4
0.11429 982.4
0.11430 982.4
0.11431 982.4
0.11432 982.4
0.11433 982.4
0.11434 982.4
0.11435 982.4
0.11436 982.4
0.11437 982.4
0.11438 982.4
0.11439 982.4
0.11440 982.4
0.11441 982.4
0.11442 982.4
0.11443 982.4
0.11444 982.4
0.11445 982.4
0.11446 982.4
0.11447 982.4
0.11448 982.4
0.11449 982.4
0.11450 982.4
0.11451 982.4
0.11452 982.4
0.11453 982.4
0.11454 982.4
0.11455 982.4
0.11456 982.4
0.11457 982.4
0.11458 982.4
0.11459 982.4
0.11460 982.4
0.11461 982.4
0.11462 982.4
0.11463 982.4
0.11464 982.4
0.11465 982.4
0.11466 982.4
0.11467 982.4
0.11468 982.4
0.11469 982.4
0.11470 982.4
0.11471 982.4
0.11472 982.4
0.11473 982.4
0.11474 982.4
0.11475 982.4
0.11476 982.4
0.11477 982.4
0.11478 982.4
0.11479 982.4
0.11480 982.4
0.11481 982.4
0.11482 982.4
0.11483 982.4
0.11484 982.4
0.11485 982.4
0.11486 982.4
0.11487 982.4
0.11488 982.4
0.11489 982.4
0.11490 982.4
0.11491 982.4
0.11492 982.4
0.11493 982.4
0.11494 982.4
0.11495 982.4
0.11496 982.4
0.11497 982.4
0.11498 982.4
0.11499 982.4
0.11500 982.4
0.11501 982.4
0.11502 982.4
0.11503 982.4
0.11504 982.4
0.11505 982.4
0.11506 982.4
0.11507 982.4
0.11508 982.4
0.11509 982.4
0.11510 982.4
0.11511 982.4
0.11512 982.4
0.11513 982.4
0.11514 982.4
0.11515 982.4
0.11516 982.4
0.11517 982.4
0.11518 982.4
0.11519 982.4
0.11520 982.4
0.11521 982.4
0.11522 982.4
0.11523 982.4
0.11524 982.4
0.11525 982.4
0.11526 982.4
0.11527 982.4
0.11528 982.4
0.11529 982.4
0.11530 982.4
0.11531 982.4
0.11532 982.4
0.11533 982.4
0.11534 982.4
0.11535 982.4
0.11536 982.4
0.11537 982.4
0.11538 982.4
0.11539 982.4
0.11540 982.4
0.11541 982.4
0.11542 982.4
0.11543 982.4
0.11544 982.4
0.11545 982.4
0.11546 982.4
0.11547 982.4
0.11548 982.4
0.11549 982.4
0.11550 982.4
0.11551 982.4
0.11552 982.4
0.11553 982.4
0.11554 982.4
0.11555 982.4
0.11556 982.4
0.11557 982.4
0.11558 982.4
0.11559 982.4
0.11560 982.4
0.11561 982.4
0.11562 982.4
0.11563 982.4
0.11564 982.4
0.11565 982.4
0.11566 982.4
0.11567 982.4
0.11568 982.4
0.11569 982.4
0.11570 982.4
0.11571 982.4
0.11572 982.4
0.11573 982.4
0.11574 982.4
0.11575 982.4
0.11576 982.4
0.11577 982.4
0.11578 982.4
0.11579 982.4
0.11580 982.4
0.11581 982.4
0.11582 982.4
0.11583 982.4
0.11584 982.4
0.11585 982.4
0.11586 982.4
0.11587 982.4
0.11588 982.4
0.11589 982.4
0.11590 982.4
0.11591 982.4
0.11592 982.4
0.11593 982.4
0.11594 982.4
0.11595 982.4
0.11596 982.4
0.11597 982.4
0.11598 982.4
0.11599 982.4
0.11600 982.4
0.11601 982.4
0.11602 982.4
0.11603 982.4
0.11604 982.4
0.11605 982.4
0.11606 982.4
0.11607 982.4
0.11608 982.4
0.11609 982.4
0.11610 982.4
0.11611 982.4
0.11612 982.4
0.11613 982.4
0.11614 982.4
0.11615 982.4
0.11616 982.4
0.11617 982.4
0.11618 982.4
0.11619 982.4
0.11620 982.4
0.11621 982.4
0.11622 982.4
0.11623 982.4
0.11624 982.4
0.11625 982.4
0.11626 982.4
0.11627 982.4
0.11628 982.4
0.11629 982.4
0.11630 982.4
0.11631 982.4
0.11632 982.4
0.11633 982.4
0.11634 982.4
0.11635 982.4
0.11636 982.4
0.11637 982.4
0.11638 982.4
0.11639 982.4
0.11640 982.4
0.11641 982.4
0.11642 982.4
0.11643 982.4
0.11644 982.4
0.11645 982.4
0.11646 982.4
0.11647 982.4
0.11648 982.4
0.11649 982.4
0.11650 982.4
0.11651 982.4
0.11652 982.4
0.11653 982.4
0.11654 982.4
0.11655 982.4
0.11656 982.4
0.11657 982.4
0.11658 982.4
0.11659 982.4
0.11660 982.4
0.11661 982.4
0.11662 982.4
0.11663 982.4
0.11664 982.4
0.11665 982.4
0.11666 982.4
0.11667 982.4
0.11668 982.4
0.11669 982.4
0.11670 982.4
0.11671 982.4
0.11672 982.4
0.11673 982.4
0.11674 982.4
0.11675 982.4
0.11676 982.4
0.11677 982.4
0.11678 982.4
0.11679 982.4
0.11680 982.4
0.11681 982.4
0.11682 982.4
0.11683 982.4
0.11684 982.4
0.11685 982.4
0.11686 982.4
0.11687 982.4
0.11688 982.4
0.11689 982.4
0.11690 982.4
0.11691 982.4
0.11692 982.4
0.11693 982.4
0.11694 982.4
0.11695 982.4
0.11696 982.4
0.11697 982.4
0.11698 982.4
0.11699 982.4
0.11700 982.4
0.11701 982.4
0.11702 982.4
0.11703 982.4
0.11704 982.4
0.11705 982.4
0.11706 982.4
0.11707 982.4
0.11708 982.4
0.11709 982.4
0.11710 982.4
0.11711 982.4
0.11712 982.4
0.11713 982.4
0.11714 982.4
0.11715 982.4
0.11716 982.4
0.11717 982.4
0.11718 982.4
0.11719 982.4
0.11720 982.4
0.11721 982.4
0.11722 982.4
0.11723 982.4
0.11724 982.4
0.11725 982.4
0.11726 982.4
0.11727 982.4
0.11728 982.4
0.11729 982.4
0.11730 982.4
0.11731 982.4
0.11732 982.4
0.11733 982.4
0.11734 982.4
0.11735 982.4
0.11736 982.4
0.11737 982.4
0.11738 982.4
0.11739 982.4
0.11740 982.4
0.11741 982.4
0.11742 982.4
0.11743 982.4
0.11744 982.4
0.11745 982.4
0.11746 982.4
0.11747 982.4
0.11748 982.4
0.11749 982.4
0.11750 982.4
0.11751 982.4
0.11752 982.4
0.11753 982.4
0.11754 982.4
0.11755 982.4
0.11756 982.4
0.11757 982.4
0.11758 982.4
0.11759 982.4
0.11760 982.4
0.11761 982.4
0.11762 982.4
0.11763 982.4
0.11764 982.4
0.11765 982.4
0.11766 982.4
0.11767 982.4
0.11768 982.4
0.11769 982.4
0.11770 982.4
0.11771 982.4
0.11772 982.4
0.11773 982.4
0.11774 982.4
0.11775 982.4
0.11776 982.4
0.11777 982.4
0.11778 982.4
0.11779 982.4
0.11780 982.4
0.11781 982.4
0.11782 982.4
0.11783 982.4
0.11784 982.4
0.11785 982.4
0.11786 982.4
0.11787 982.4
0.11788 982.4
0.11789 982.4
0.11790 982.4
0.11791 982.4
0.11792 982.4
0.11793 982.4
0.11794 982.4
0.11795 982.4
0.11796 982.4
0.11797 982.4
0.11798 982.4
0.11799 982.4
0.11800 982.4
0.11801 982.4
0.11802 982.4
0.11803 982.4
0.11804 982.4
0.11805 982.4
0.11806 982.4
0.11807 982.4
0.11808 982.4
0.11809 982.4
0.11810 982.4
0.11811 982.4
0.11812 982.4
0.11813 982.4
0.11814 982.4
0.11815 982.4
0.11816 982.4
0.11817 982.4
0.11818 982.4
0.11819 982.4
0.11820 982.4
0.11821 982.4
0.11822 982.4
0.11823 982.4
0.11824 982.4
0.11825 982.4
0.11826 982.4
0.11827 982.4
0.11828 982.4
0.11829 982.4
0.11830 982.4
0.11831 982.4
0.11832 982.4
0.11833 982.4
0.11834 982.4
0.11835 982.4
0.11836 982.4
0.11837 982.4
0.11838 982.4
0.11839 982.4
0.11840 982.4
0.11841 982.4
0.11842 982.4
0.11843 982.4
0.11844 982.4
0.11845 982.4
0.11846 982.4
0.11847 982.4
0.11848 982.4
0.11849 982.4
0.11850 982.4
0.11851 982.4
0.11852 982.4
0.11853 982.4
0.11854 982.4
0.11855 982.4
0.11856 982.4
0.11857 982.4
0.11858 982.4
0.11859 982.4
0.11860 982.4
0.11861 982.4
0.11862 982.4
0.11863 982.4
0.11864 982.4
0.11865 982.4
0.11866 982.4
0.11867 982.4
0.11868 982.4
0.11869 982.4
0.11870 982.4
0.11871 982.4
0.11872 982.4
0.11873 982.4
0.11874 982.4
0.11875 982.4
0.11876 982.4
0.11877 982.4
0.11878 982.4
0.11879 982.4
0.11880 982.4
0.11881 982.4
0.11882 982.4
0.11883 982.4
0.11884 982.4
0.11885 982.4
0.11886 982.4
0.11887 982.4
0.11888 982.4
0.11889 982.4
0.11890 982.4
0.11891 982.4
0.11892 982.4
0.11893 982.4
0.11894 982.4
0.11895 982.4
0.11896 982.4
0.11897 982.4
0.11898 982.4
0.11899 982.4
0.11900 982.4
0.11901 982.4
0.11902 982.4
0.11903 982.4
0.11904 982.4
0.11905 982.4
0.11906 982.4
0.11907 982.4
0.11908 982.4
0.11909 982.4
0.11910 982.4
0.11911 982.4
0.11912 982.4
0.11913 982.4
0.11914 982.4
0.11915 982.4
0.11916 982.4
0.11917 982.4
0.11918 982.4
0.11919 982.4
0.11920 982.4
0.11921 982.4
0.11922 982.4
0.11923 982.4
0.11924 982.4
0.11925 982.4
0.11926 982.4
0.11927 982.4
0.11928 982.4
0.11929 982.4
0.11930 982.4
0.11931 982.4
0.11932 982.4
0.11933 982.4
0.11934 982.4
0.11935 982.4
0.11936 982.4
0.11937 982.4
0.11938 982.4
0.11939 982.4
0.11940 982.4
0.11941 982.4
0.11942 982.4
0.11943 982.4
0.11944 982.4
0.11945 982.4
0.11946 982.4
0.11947 982.4
0.11948 982.4
0.11949 982.4
0.11950 982.4
0.11951 982.4
0.11952 982.4
0.11953 982.4
0.11954 982.4
0.11955 982.4
0.11956 982.4
0.11957 982.4
0.11958 982.4
0.11959 982.4
0.11960 982.4
0.11961 982.4
0.11962 982.4
0.11963 982.4
0.11964 982.4
0.11965 982.4
0.11966 982.4
0.11967 982.4
0.11968 982.4
0.11969 982.4
0.11970 982.4
0.11971 982.4
0.11972 982.4
0.11973 982.4
0.11974 982.4
0.11975 982.4
0.11976 982.4
0.11977 982.4
0.11978 982.4
0.11979 982.4
0.11980 982.4
0.11981 982.4
0.11982 982.4
0.11983 982.4
0.11984 982.4
0.11985 982.4
0.11986 982.4
0.11987 982.4
0.11988 982.4
0.11989 982.4
0.11990 982.4
0.11991 982.4
0.11992 982.4
0.11993 982.4
0.11994 982.4
0.11995 982.4
0.11996 982.4
0.11997 982.4
0.11998 982.4
0.11999 982.4
0.12000 982.4
0.12001 982.4
0.12002 982.4
0.12003 982.4
0.12004 982.4
0.12005 982.4
0.12006 982.4
0.12007 982.4
0.12008 982.4
0.12009 982.4
0.12010 982.4
0.12011 982.4
0.12012 982.4
0.12013 982.4
0.12014 982.4
0.12015 982.4
0.12016 982.4
0.12017 982.4
0.12018 982.4
0.12019 982.4
0.12020 982.4
0.12021 982.4
0.12022 982.4
0.12023 982.4
0.12024 982.4
0.12025 982.4
0.12026 982.4
0.12027 982.4
0.12028 982.4
0.12029 982.4
0.12030 982.4
0.12031 982.4
0.12032 982.4
0.12033 982.4
0.12034 982.4
0.12035 982.4
0.12036 982.4
0.12037 982.4
0.12038 982.4
0.12039 982.4
0.12040 982.4
0.12041 982.4
0.12042 982.4
0.12043 982.4
0.12044 982.4
0.12045 982.4
0.12046 982.4
0.12047 982.4
0.12048 982.4
0.12049 982.4
0.12050 982.4
0.12051 982.4
0.12052 982.4
0.12053 982.4
0.12054 982.4
0.12055 982.4
0.12056 982.4
0.12057 982.4
0.12058 982.4
0.12059 982.4
0.12060 982.4
0.12061 982.4
0.12062 982.4
0.12063 982.4
0.12064 982.4
0.12065 982.4
0.12066 982.4
0.12067 982.4
0.12068 982.4
0.12069 982.4
0.12070 982.4
0.12071 982.4
0.12072 982.4
0.12073 982.4
0.12074 982.4
0.12075 982.4
0.12076 982.4
0.12077 982.4
0.12078 982.4
0.12079 982.4
0.12080 982.4
0.12081 982.4
0.12082 982.4
0.12083 982.4
0.12084 982.4
0.12085 982.4
0.12086 982.4
0.12087 982.4
0.12088 982.4
0.12089 982.4
0.12090 982.4
0.12091 982.4
0.12092 982.4
0.12093 982.4
0.12094 982.4
0.12095 982.4
0.12096 982.4
0.12097 982.4
0.12098 982.4
0.12099 982.4
0.12100 982.4
0.12101 1006.0
0.12102 1030.0
0.12103 1054.6
0.12104 1079.7
0.12105 1105.3
0.12106 1131.5
0.12107 1158.1
0.12108 1185.4
0.12109 1213.1
0.12110 1241.5
0.12111 1270.4
0.12112 1300.0
0.12113 1330.1
0.12114 1360.9
0.12115 1392.3
0.12116 1424.3
0.12117 1457.0
0.12118 1490.4
0.12119 1524.5
0.12120 1559.3
0.12121 1594.9
0.12122 1631.3
0.12123 1668.5
0.12124 1706.5
0.12125 1745.4
0.12126 1785.3
0.12127 1826.2
0.12128 1868.1
0.12129 1911.2
0.12130 1955.5
0.12131 2001.1
0.12132 2048.2
0.12133 2096.9
0.12134 2147.3
0.12135 2199.6
0.12136 2254.1
0.12137 2311.1
0.12138 2370.8
0.12139 2433.6
0.12140 2500.0
0.12141 2570.5
0.12142 2645.6
0.12143 2726.2
0.12144 2813.2
0.12145 2907.5
0.12146 3010.6
0.12147 3124.0
0.12148 3249.7
0.12149 3389.9
0.12150 3547.8
0.12151 3640.0
0.12152 3751.4
0.12153 3885.0
0.12154 4044.4
0.12155 4234.0
0.12156 4459.0
0.12157 4725.7
0.12158 5041.8
0.12159 5415.9
0.12160 5857.7
0.12161 6377.3
0.12162 6983.6
0.12163 7682.2
0.12164 8472.4
0.12165 9343.1
0.12166 10270.4
0.12167 11218.8
0.12168 12147.1
0.12169 13017.2
0.12170 13801.5
0.12171 14486.2
0.12172 15068.9
0.12173 15554.5
0.12174 15952.0
0.12175 16271.0
0.12176 16521.1
0.12177 16710.7
0.12178 16846.9
0.12179 16935.9
0.12180 16982.9
0.12181 16992.0
0.12182 16967.0
0.12183 16910.7
0.12184 16825.8
0.12185 16714.4
0.12186 16578.4
0.12187 16419.5
0.12188 16239.2
0.12189 16039.0
0.12190 15820.1
0.12191 15583.8
0.12192 15331.3
0.12193 15063.8
0.12194 14782.6
0.12195 14488.8
0.12196 14183.7
0.12197 13868.5
0.12198 13544.6
0.12199 13213.0
0.12200 12875.2
0.12201 12532.4
0.12202 12185.7
0.12203 11836.6
0.12204 11486.2
0.12205 11135.6
0.12206 10786.0
0.12207 10438.4
0.12208 10094.0
0.12209 9753.7
0.12210 9418.3
0.12211 9088.6
0.12212 8765.5
0.12213 8449.5
0.12214 8141.3
0.12215 7841.2
0.12216 7549.8
0.12217 7267.4
0.12218 6994.2
0.12219 6730.4
0.12220 6476.1
0.12221 6231.4
0.12222 5996.3
0.12223 5770.8
0.12224 5554.6
0.12225 5347.8
0.12226 5150.0
0.12227 4961.1
0.12228 4780.9
0.12229 4609.0
0.12230 4445.3
0.12231 4289.3
0.12232 4140.9
0.12233 3999.7
0.12234 3865.3
0.12235 3737.6
0.12236 3616.1
0.12237 3500.6
0.12238 3390.8
0.12239 3286.4
0.12240 3187.2
0.12241 3092.7
0.12242 3002.9
0.12243 2917.4
0.12244 2836.0
0.12245 2758.5
0.12246 2684.7
0.12247 2614.3
0.12248 2547.2
0.12249 2483.1
0.12250 2422.0
0.12251 2363.6
0.12252 2307.8
0.12253 2254.5
0.12254 2203.5
0.12255 2154.7
0.12256 2107.9
0.12257 2063.2
0.12258 2020.2
0.12259 1979.1
0.12260 1939.6
0.12261 1901.7
0.12262 1865.4
0.12263 1830.4
0.12264 1796.9
0.12265 1764.6
0.12266 1733.6
0.12267 1703.8
0.12268 1675.1
0.12269 1647.6
0.12270 1621.0
0.12271 1595.5
0.12272 1571.0
0.12273 1547.3
0.12274 1524.6
0.12275 1502.7
0.12276 1481.6
0.12277 1461.4
0.12278 1441.8
0.12279 1423.1
0.12280 1405.0
0.12281 1387.6
0.12282 1370.8
0.12283 1354.7
0.12284 1339.2
0.12285 1324.3
0.12286 1309.9
0.12287 1296.1
0.12288 1282.8
0.12289 1270.0
0.12290 1257.7
0.12291 1245.9
0.12292 1234.5
0.12293 1223.5
0.12294 1213.0
0.12295 1202.8
0.12296 1193.0
0.12297 1183.6
0.12298 1174.6
0.12299 1165.8
0.12300 1157.4
0.12301 1149.4
0.12302 1141.6
0.12303 1134.1
0.12304 1126.8
0.12305 1119.9
0.12306 1113.2
0.12307 1106.7
0.12308 1100.5
0.12309 1094.5
0.12310 1088.7
0.12311 1083.1
0.12312 1077.7
0.12313 1072.5
0.12314 1067.5
0.12315 1062.6
0.12316 1058.0
0.12317 1053.4
0.12318 1049.1
0.12319 1044.9
0.12320 1040.8
0.12321 1036.9
0.12322 1033.1
0.12323 1029.4
0.12324 1025.9
0.12325 1022.5
0.12326 1019.1
0.12327 1015.9
0.12328 1012.8
0.12329 1009.8
0.12330 1006.9
0.12331 1004.1
0.12332 1001.4
0.12333 998.8
0.12334 996.2
0.12335 993.7
0.12336 991.4
0.12337 989.0
0.12338 986.8
0.12339 984.6
0.12340 982.5
0.12341 980.5
0.12342 978.5
0.12343 976.6
0.12344 974.7
0.12345 972.9
0.12346 971.1
0.12347 969.4
0.12348 967.8
0.12349 966.2
0.12350 964.6
0.12351 963.1
0.12352 961.7
0.12353 960.3
0.12354 958.9
0.12355 957.5
0.12356 956.2
0.12357 955.0
0.12358 953.7
0.12359 952.6
0.12360 951.4
0.12361 950.3
0.12362 949.2
0.12363 948.1
0.12364 947.1
0.12365 946.1
0.12366 945.1
0.12367 944.2
0.12368 943.2
0.12369 942.3
0.12370 941.5
0.12371 940.6
0.12372 939.8
0.12373 939.0
0.12374 938.2
0.12375 937.4
0.12376 936.7
0.12377 936.0
0.12378 935.3
0.12379 934.6
0.12380 933.9
0.12381 933.3
0.12382 932.7
0.12383 932.1
0.12384 931.5
0.12385 930.9
0.12386 930.3
0.12387 929.8
0.12388 929.2
0.12389 928.7
0.12390 928.2
0.12391 927.7
0.12392 927.2
0.12393 926.8
0.12394 926.3
0.12395 925.9
0.12396 925.4
0.12397 925.0
0.12398 924.6
0.12399 924.2
0.12400 923.8
0.12401 923.4
0.12402 923.1
0.12403 922.7
0.12404 922.4
0.12405 922.0
0.12406 921.7
0.12407 921.4
0.12408 921.1
0.12409 920.7
0.12410 920.4
0.12411 920.2
0.12412 919.9
0.12413 919.6
0.12414 919.3
0.12415 919.1
0.12416 918.8
0.12417 918.6
0.12418 918.3
0.12419 918.1
0.12420 917.8
0.12421 917.6
0.12422 917.4
0.12423 917.2
0.12424 917.0
0.12425 916.8
0.12426 916.6
0.12427 916.4
0.12428 916.2
0.12429 916.0
0.12430 915.9
0.12431 915.7
0.12432 915.5
0.12433 915.4
0.12434 915.2
0.12435 915.0
0.12436 914.9
0.12437 914.7
0.12438 914.6
0.12439 914.5
0.12440 914.3
0.12441 914.2
0.12442 914.1
0.12443 914.0
0.12444 913.8
0.12445 913.7
0.12446 913.6
0.12447 913.5
0.12448 913.4
0.12449 913.3
0.12450 913.2
0.12451 913.1
0.12452 913.0
0.12453 912.9
0.12454 912.8
0.12455 912.7
0.12456 912.7
0.12457 912.6
0.12458 912.5
0.12459 912.4
0.12460 912.4
0.12461 912.3
0.12462 912.2
0.12463 912.1
0.12464 912.1
0.12465 912.0
0.12466 912.0
0.12467 911.9
0.12468 911.9
0.12469 911.8
0.12470 911.8
0.12471 911.7
0.12472 911.7
0.12473 911.6
0.12474 911.6
0.12475 911.5
0.12476 911.5
0.12477 911.5
0.12478 911.4
0.12479 911.4
0.12480 911.3
0.12481 911.3
0.12482 911.3
0.12483 911.3
0.12484 911.2
0.12485 911.2
0.12486 911.2
0.12487 911.2
0.12488 911.1
0.12489 911.1
0.12490 911.1
0.12491 911.1
0.12492 911.1
0.12493 911.1
0.12494 911.0
0.12495 911.0
0.12496 911.0
0.12497 911.0
0.12498 911.0
0.12499 911.0
0.12500 911.0
0.12501 911.0
0.12502 911.0
0.12503 911.0
0.12504 911.0
0.12505 911.0
0.12506 911.0
0.12507 911.0
0.12508 911.0
0.12509 911.0
0.12510 911.0
0.12511 911.0
0.12512 911.0
0.12513 911.0
0.12514 911.0
0.12515 911.0
0.12516 911.1
0.12517 911.1
0.12518 911.1
0.12519 911.1
0.12520 911.1
0.12521 911.1
0.12522 911.1
0.12523 911.2
0.12524 911.2
0.12525 911.2
0.12526 911.2
0.12527 911.2
0.12528 911.2
0.12529 911.3
0.12530 911.3
0.12531 911.3
0.12532 911.3
0.12533 911.4
0.12534 911.4
0.12535 911.4
0.12536 911.4
0.12537 911.5
0.12538 911.5
0.12539 911.5
0.12540 911.5
0.12541 911.6
0.12542 911.6
0.12543 911.6
0.12544 911.6
0.12545 911.7
0.12546 911.7
0.12547 911.7
0.12548 911.8
0.12549 911.8
0.12550 911.8
0.12551 911.9
0.12552 911.9
0.12553 911.9
0.12554 912.0
0.12555 912.0
0.12556 912.0
0.12557 912.1
0.12558 912.1
0.12559 912.2
0.12560 912.2
0.12561 912.2
0.12562 912.3
0.12563 912.3
0.12564 912.4
0.12565 912.4
0.12566 912.4
0.12567 912.5
0.12568 912.5
0.12569 912.6
0.12570 912.6
0.12571 912.6
0.12572 912.7
0.12573 912.7
0.12574 912.8
0.12575 912.8
0.12576 912.9
0.12577 912.9
0.12578 912.9
0.12579 913.0
0.12580 913.0
0.12581 913.1
0.12582 913.1
0.12583 913.2
0.12584 913.2
0.12585 913.3
0.12586 913.3
0.12587 913.4
0.12588 913.4
0.12589 913.5
0.12590 913.5
0.12591 913.6
0.12592 913.6
0.12593 913.7
0.12594 913.7
0.12595 913.8
0.12596 913.8
0.12597 913.9
0.12598 913.9
0.12599 914.0
0.12600 914.0
0.12601 914.1
0.12602 914.1
0.12603 914.2
0.12604 914.2
0.12605 914.3
0.12606 914.3
0.12607 914.4
0.12608 914.4
0.12609 914.5
0.12610 914.5
0.12611 914.6
0.12612 914.6
0.12613 914.7
0.12614 914.8
0.12615 914.8
0.12616 914.9
0.12617 914.9
0.12618 915.0
0.12619 915.0
0.12620 915.1
0.12621 915.1
0.12622 915.2
0.12623 915.3
0.12624 915.3
0.12625 915.4
0.12626 915.4
0.12627 915.5
0.12628 915.5
0.12629 915.6
0.12630 915.7
0.12631 915.7
0.12632 915.8
0.12633 915.8
0.12634 915.9
0.12635 916.0
0.12636 916.0
0.12637 916.1
0.12638 916.1
0.12639 916.2
0.12640 916.3
0.12641 916.3
0.12642 916.4
0.12643 916.4
0.12644 916.5
0.12645 916.6
0.12646 916.6
0.12647 916.7
0.12648 916.7
0.12649 916.8
0.12650 916.9
0.12651 916.9
0.12652 917.0
0.12653 917.0
0.12654 917.1
0.12655 917.2
0.12656 917.2
0.12657 917.3
0.12658 917.4
0.12659 917.4
0.12660 917.5
0.12661 917.6
0.12662 917.6
0.12663 917.7
0.12664 917.7
0.12665 917.8
0.12666 917.9
0.12667 917.9
0.12668 918.0
0.12669 918.1
0.12670 918.1
0.12671 918.2
0.12672 918.3
0.12673 918.3
0.12674 918.4
0.12675 918.4
0.12676 918.5
0.12677 918.6
0.12678 918.6
0.12679 918.7
0.12680 918.8
0.12681 918.8
0.12682 918.9
0.12683 919.0
0.12684 919.0
0.12685 919.1
0.12686 919.2
0.12687 919.2
0.12688 919.3
0.12689 919.4
0.12690 919.4
0.12691 919.5
0.12692 919.6
0.12693 919.6
0.12694 919.7
0.12695 919.8
0.12696 919.8
0.12697 919.9
0.12698 920.0
0.12699 920.0
0.12700 920.1
0.12701 920.2
0.12702 920.2
0.12703 920.3
0.12704 920.4
0.12705 920.4
0.12706 920.5
0.12707 920.6
0.12708 920.6
0.12709 920.7
0.12710 920.8
0.12711 920.8
0.12712 920.9
0.12713 921.0
0.12714 921.0
0.12715 921.1
0.12716 921.2
0.12717 921.3
0.12718 921.3
0.12719 921.4
0.12720 921.5
0.12721 921.5
0.12722 921.6
0.12723 921.7
0.12724 921.7
0.12725 921.8
0.12726 921.9
0.12727 921.9
0.12728 922.0
0.12729 922.1
0.12730 922.1
0.12731 922.2
0.12732 922.3
0.12733 922.4
0.12734 922.4
0.12735 922.5
0.12736 922.6
0.12737 922.6
0.12738 922.7
0.12739 922.8
0.12740 922.8
0.12741 922.9
0.12742 923.0
0.12743 923.0
0.12744 923.1
0.12745 923.2
0.12746 923.3
0.12747 923.3
0.12748 923.4
0.12749 923.5
0.12750 923.5
0.12751 923.6
0.12752 923.7
0.12753 923.7
0.12754 923.8
0.12755 923.9
0.12756 924.0
0.12757 924.0
0.12758 924.1
0.12759 924.2
0.12760 924.2
0.12761 924.3
0.12762 924.4
0.12763 924.5
0.12764 924.5
0.12765 924.6
0.12766 924.7
0.12767 924.7
0.12768 924.8
0.12769 924.9
0.12770 924.9
0.12771 925.0
0.12772 925.1
0.12773 925.2
0.12774 925.2
0.12775 925.3
0.12776 925.4
0.12777 925.4
0.12778 925.5
0.12779 925.6
0.12780 925.7
0.12781 925.7
0.12782 925.8
0.12783 925.9
0.12784 925.9
0.12785 926.0
0.12786 926.1
0.12787 926.2
0.12788 926.2
0.12789 926.3
0.12790 926.4
0.12791 926.4
0.12792 926.5
0.12793 926.6
0.12794 926.7
0.12795 926.7
0.12796 926.8
0.12797 926.9
0.12798 926.9
0.12799 927.0
0.12800 927.1
0.12801 927.2
0.12802 927.2
0.12803 927.3
0.12804 927.4
0.12805 927.4
0.12806 927.5
0.12807 927.6
0.12808 927.7
0.12809 927.7
0.12810 927.8
0.12811 927.9
0.12812 927.9
0.12813 928.0
0.12814 928.1
0.12815 928.1
0.12816 928.2
0.12817 928.3
0.12818 928.4
0.12819 928.4
0.12820 928.5
0.12821 928.6
0.12822 928.6
0.12823 928.7
0.12824 928.8
0.12825 928.9
0.12826 928.9
0.12827 929.0
0.12828 929.1
0.12829 929.1
0.12830 929.2
0.12831 929.3
0.12832 929.4
0.12833 929.4
0.12834 929.5
0.12835 929.6
0.12836 929.6
0.12837 929.7
0.12838 929.8
0.12839 929.9
0.12840 929.9
0.12841 930.0
0.12842 930.1
0.12843 930.1
0.12844 930.2
0.12845 930.3
0.12846 930.4
0.12847 930.4
0.12848 930.5
0.12849 930.6
0.12850 930.6
0.12851 930.7
0.12852 930.8
0.12853 930.9
0.12854 930.9
0.12855 931.0
0.12856 931.1
0.12857 931.1
0.12858 931.2
0.12859 931.3
0.12860 931.3
0.12861 931.4
0.12862 931.5
0.12863 931.6
0.12864 931.6
0.12865 931.7
0.12866 931.8
0.12867 931.8
0.12868 931.9
0.12869 932.0
0.12870 932.1
0.12871 932.1
0.12872 932.2
0.12873 932.3
0.12874 932.3
0.12875 932.4
0.12876 932.5
0.12877 932.5
0.12878 932.6
0.12879 932.7
0.12880 932.8
0.12881 932.8
0.12882 932.9
0.12883 933.0
0.12884 933.0
0.12885 933.1
0.12886 933.2
0.12887 933.3
0.12888 933.3
0.12889 933.4
0.12890 933.5
0.12891 933.5
0.12892 933.6
0.12893 933.7
0.12894 933.7
0.12895 933.8
0.12896 933.9
0.12897 934.0
0.12898 934.0
0.12899 934.1
0.12900 934.2
0.12901 934.2
0.12902 934.3
0.12903 934.4
0.12904 934.4
0.12905 934.5
0.12906 934.6
0.12907 934.6
0.12908 934.7
0.12909 934.8
0.12910 934.9
0.12911 934.9
0.12912 935.0
0.12913 935.1
0.12914 935.1
0.12915 935.2
0.12916 935.3
0.12917 935.3
0.12918 935.4
0.12919 935.5
0.12920 935.5
0.12921 935.6
0.12922 935.7
0.12923 935.8
0.12924 935.8
0.12925 935.9
0.12926 936.0
0.12927 936.0
0.12928 936.1
0.12929 936.2
0.12930 936.2
0.12931 936.3
0.12932 936.4
0.12933 936.4
0.12934 936.5
0.12935 936.6
0.12936 936.6
0.12937 936.7
0.12938 936.8
0.12939 936.8
0.12940 936.9
0.12941 937.0
0.12942 937.0
0.12943 937.1
0.12944 937.2
0.12945 937.3
0.12946 937.3
0.12947 937.4
0.12948 937.5
0.12949 937.5
0.12950 937.6
0.12951 937.7
0.12952 937.7
0.12953 937.8
0.12954 937.9
0.12955 937.9
0.12956 938.0
0.12957 938.1
0.12958 938.1
0.12959 938.2
0.12960 938.3
0.12961 938.3
0.12962 938.4
0.12963 938.5
0.12964 938.5
0.12965 938.6
0.12966 938.7
0.12967 938.7
0.12968 938.8
0.12969 938.9
0.12970 938.9
0.12971 939.0
0.12972 939.1
0.12973 939.1
0.12974 939.2
0.12975 939.3
0.12976 939.3
0.12977 939.4
0.12978 939.5
0.12979 939.5
0.12980 939.6
0.12981 939.7
0.12982 939.7
0.12983 939.8
0.12984 939.9
0.12985 939.9
0.12986 940.0
0.12987 940.1
0.12988 940.1
0.12989 940.2
0.12990 940.3
0.12991 940.3
0.12992 940.4
0.12993 940.4
0.12994 940.5
0.12995 940.6
0.12996 940.6
0.12997 940.7
0.12998 940.8
0.12999 940.8
0.13000 940.9
0.13001 941.0
0.13002 941.0
0.13003 941.1
0.13004 941.2
0.13005 941.2
0.13006 941.3
0.13007 941.4
0.13008 941.4
0.13009 941.5
0.13010 941.5
0.13011 941.6
0.13012 941.7
0.13013 941.7
0.13014 941.8
0.13015 941.9
0.13016 941.9
0.13017 942.0
0.13018 942.1
0.13019 942.1
0.13020 942.2
0.13021 942.2
0.13022 942.3
0.13023 942.4
0.13024 942.4
0.13025 942.5
0.13026 942.6
0.13027 942.6
0.13028 942.7
0.13029 942.8
0.13030 942.8
0.13031 942.9
0.13032 942.9
0.13033 943.0
0.13034 943.1
0.13035 943.1
0.13036 943.2
0.13037 943.3
0.13038 943.3
0.13039 943.4
0.13040 943.4
0.13041 943.5
0.13042 943.6
0.13043 943.6
0.13044 943.7
0.13045 943.8
0.13046 943.8
0.13047 943.9
0.13048 943.9
0.13049 944.0
0.13050 944.1
0.13051 944.1
0.13052 944.2
0.13053 944.2
0.13054 944.3
0.13055 944.4
0.13056 944.4
0.13057 944.5
0.13058 944.6
0.13059 944.6
0.13060 944.7
0.13061 944.7
0.13062 944.8
0.13063 944.9
0.13064 944.9
0.13065 945.0
0.13066 945.0
0.13067 945.1
0.13068 945.2
0.13069 945.2
0.13070 945.3
0.13071 945.3
0.13072 945.4
0.13073 945.5
0.13074 945.5
0.13075 945.6
0.13076 945.6
0.13077 945.7
0.13078 945.8
0.13079 945.8
0.13080 945.9
0.13081 945.9
0.13082 946.0
0.13083 946.1
0.13084 946.1
0.13085 946.2
0.13086 946.2
0.13087 946.3
0.13088 946.4
0.13089 946.4
0.13090 946.5
0.13091 946.5
0.13092 946.6
0.13093 946.7
0.13094 946.7
0.13095 946.8
0.13096 946.8
0.13097 946.9
0.13098 946.9
0.13099 947.0
0.13100 947.1
0.13101 947.1
0.13102 947.2
0.13103 947.2
0.13104 947.3
0.13105 947.4
0.13106 947.4
0.13107 947.5
0.13108 947.5
0.13109 947.6
0.13110 947.6
0.13111 947.7
0.13112 947.8
0.13113 947.8
0.13114 947.9
0.13115 947.9
0.13116 948.0
0.13117 948.0
0.13118 948.1
0.13119 948.2
0.13120 948.2
0.13121 948.3
0.13122 948.3
0.13123 948.4
0.13124 948.4
0.13125 948.5
0.13126 948.6
0.13127 948.6
0.13128 948.7
0.13129 948.7
0.13130 948.8
0.13131 948.8
0.13132 948.9
0.13133 948.9
0.13134 949.0
0.13135 949.1
0.13136 949.1
0.13137 949.2
0.13138 949.2
0.13139 949.3
0.13140 949.3
0.13141 949.4
0.13142 949.4
0.13143 949.5
0.13144 949.6
0.13145 949.6
0.13146 949.7
0.13147 949.7
0.13148 949.8
0.13149 949.8
0.13150 949.9
0.13151 949.9
0.13152 950.0
0.13153 950.0
0.13154 950.1
0.13155 950.2
0.13156 950.2
0.13157 950.3
0.13158 950.3
0.13159 950.4
0.13160 950.4
0.13161 950.5
0.13162 950.5
0.13163 950.6
0.13164 950.6
0.13165 950.7
0.13166 950.7
0.13167 950.8
0.13168 950.9
0.13169 950.9
0.13170 951.0
0.13171 951.0
0.13172 951.1
0.13173 951.1
0.13174 951.2
0.13175 951.2
0.13176 951.3
0.13177 951.3
0.13178 951.4
0.13179 951.4
0.13180 951.5
0.13181 951.5
0.13182 951.6
0.13183 951.6
0.13184 951.7
0.13185 951.8
0.13186 951.8
0.13187 951.9
0.13188 951.9
0.13189 952.0
0.13190 952.0
0.13191 952.1
0.13192 952.1
0.13193 952.2
0.13194 952.2
0.13195 952.3
0.13196 952.3
0.13197 952.4
0.13198 952.4
0.13199 952.5
0.13200 952.5
0.13201 952.6
0.13202 952.6
0.13203 952.7
0.13204 952.7
0.13205 952.8
0.13206 952.8
0.13207 952.9
0.13208 952.9
0.13209 953.0
0.13210 953.0
0.13211 953.1
0.13212 953.1
0.13213 953.2
0.13214 953.2
0.13215 953.3
0.13216 953.3
0.13217 953.4
0.13218 953.4
0.13219 953.5
0.13220 953.5
0.13221 953.6
0.13222 953.6
0.13223 953.7
0.13224 953.7
0.13225 953.8
0.13226 953.8
0.13227 953.9
0.13228 953.9
0.13229 954.0
0.13230 954.0
0.13231 954.1
0.13232 954.1
0.13233 954.2
0.13234 954.2
0.13235 954.3
0.13236 954.3
0.13237 954.4
0.13238 954.4
0.13239 954.5
0.13240 954.5
0.13241 954.6
0.13242 954.6
0.13243 954.7
0.13244 954.7
0.13245 954.7
0.13246 954.8
0.13247 954.8
0.13248 954.9
0.13249 954.9
0.13250 955.0
0.13251 955.0
0.13252 955.1
0.13253 955.1
0.13254 955.2
0.13255 955.2
0.13256 955.3
0.13257 955.3
0.13258 955.4
0.13259 955.4
0.13260 955.5
0.13261 955.5
0.13262 955.6
0.13263 955.6
0.13264 955.6
0.13265 955.7
0.13266 955.7
0.13267 955.8
0.13268 955.8
0.13269 955.9
0.13270 955.9
0.13271 956.0
0.13272 956.0
0.13273 956.1
0.13274 956.1
0.13275 956.2
0.13276 956.2
0.13277 956.2
0.13278 956.3
0.13279 956.3
0.13280 956.4
0.13281 956.4
0.13282 956.5
0.13283 956.5
0.13284 956.6
0.13285 956.6
0.13286 956.6
0.13287 956.7
0.13288 956.7
0.13289 956.8
0.13290 956.8
0.13291 956.9
0.13292 956.9
0.13293 957.0
0.13294 957.0
0.13295 957.1
0.13296 957.1
0.13297 957.1
0.13298 957.2
0.13299 957.2
0.13300 957.3
0.13301 957.3
0.13302 957.4
0.13303 957.4
0.13304 957.4
0.13305 957.5
0.13306 957.5
0.13307 957.6
0.13308 957.6
0.13309 957.7
0.13310 957.7
0.13311 957.7
0.13312 957.8
0.13313 957.8
0.13314 957.9
0.13315 957.9
0.13316 958.0
0.13317 958.0
0.13318 958.0
0.13319 958.1
0.13320 958.1
0.13321 958.2
0.13322 958.2
0.13323 958.3
0.13324 958.3
0.13325 958.3
0.13326 958.4
0.13327 958.4
0.13328 958.5
0.13329 958.5
0.13330 958.6
0.13331 958.6
0.13332 958.6
0.13333 958.7
0.13334 958.7
0.13335 958.8
0.13336 958.8
0.13337 958.8
0.13338 958.9
0.13339 958.9
0.13340 959.0
0.13341 959.0
0.13342 959.1
0.13343 959.1
0.13344 959.1
0.13345 959.2
0.13346 959.2
0.13347 959.3
0.13348 959.3
0.13349 959.3
0.13350 959.4
0.13351 959.4
0.13352 959.5
0.13353 959.5
0.13354 959.5
0.13355 959.6
0.13356 959.6
0.13357 959.7
0.13358 959.7
0.13359 959.7
0.13360 959.8
0.13361 959.8
0.13362 959.9
0.13363 959.9
0.13364 959.9
0.13365 960.0
0.13366 960.0
0.13367 960.1
0.13368 960.1
0.13369 960.1
0.13370 960.2
0.13371 960.2
0.13372 960.3
0.13373 960.3
0.13374 960.3
0.13375 960.4
0.13376 960.4
0.13377 960.4
0.13378 960.5
0.13379 960.5
0.13380 960.6
0.13381 960.6
0.13382 960.6
0.13383 960.7
0.13384 960.7
0.13385 960.8
0.13386 960.8
0.13387 960.8
0.13388 960.9
0.13389 960.9
0.13390 960.9
0.13391 961.0
0.13392 961.0
0.13393 961.1
0.13394 961.1
0.13395 961.1
0.13396 961.2
0.13397 961.2
0.13398 961.2
0.13399 961.3
0.13400 961.3
0.13401 961.4
0.13402 961.4
0.13403 961.4
0.13404 961.5
0.13405 961.5
0.13406 961.5
0.13407 961.6
0.13408 961.6
0.13409 961.7
0.13410 961.7
0.13411 961.7
0.13412 961.8
0.13413 961.8
0.13414 961.8
0.13415 961.9
0.13416 961.9
0.13417 961.9
0.13418 962.0
0.13419 962.0
0.13420 962.1
0.13421 962.1
0.13422 962.1
0.13423 962.2
0.13424 962.2
0.13425 962.2
0.13426 962.3
0.13427 962.3
0.13428 962.3
0.13429 962.4
0.13430 962.4
0.13431 962.4
0.13432 962.5
0.13433 962.5
0.13434 962.6
0.13435 962.6
0.13436 962.6
0.13437 962.7
0.13438 962.7
0.13439 962.7
0.13440 962.8
0.13441 962.8
0.13442 962.8
0.13443 962.9
0.13444 962.9
0.13445 962.9
0.13446 963.0
0.13447 963.0
0.13448 963.0
0.13449 963.1
0.13450 963.1
0.13451 963.1
0.13452 963.2
0.13453 963.2
0.13454 963.2
0.13455 963.3
0.13456 963.3
0.13457 963.3
0.13458 963.4
0.13459 963.4
0.13460 963.4
0.13461 963.5
0.13462 963.5
0.13463 963.5
0.13464 963.6
0.13465 963.6
0.13466 963.6
0.13467 963.7
0.13468 963.7
0.13469 963.7
0.13470 963.8
0.13471 963.8
0.13472 963.8
0.13473 963.9
0.13474 963.9
0.13475 963.9
0.13476 964.0
0.13477 964.0
0.13478 964.0
0.13479 964.1
0.13480 964.1
0.13481 964.1
0.13482 964.2
0.13483 964.2
0.13484 964.2
0.13485 964.3
0.13486 964.3
0.13487 964.3
0.13488 964.4
0.13489 964.4
0.13490 964.4
0.13491 964.5
0.13492 964.5
0.13493 964.5
0.13494 964.6
0.13495 964.6
0.13496 964.6
0.13497 964.7
0.13498 964.7
0.13499 964.7
0.13500 964.7
0.13501 964.8
0.13502 964.8
0.13503 964.8
0.13504 964.9
0.13505 964.9
0.13506 964.9
0.13507 965.0
0.13508 965.0
0.13509 965.0
0.13510 965.1
0.13511 965.1
0.13512 965.1
0.13513 965.1
0.13514 965.2
0.13515 965.2
0.13516 965.2
0.13517 965.3
0.13518 965.3
0.13519 965.3
0.13520 965.4
0.13521 965.4
0.13522 965.4
0.13523 965.4
0.13524 965.5
0.13525 965.5
0.13526 965.5
0.13527 965.6
0.13528 965.6
0.13529 965.6
0.13530 965.7
0.13531 965.7
0.13532 965.7
0.13533 965.7
0.13534 965.8
0.13535 965.8
0.13536 965.8
0.13537 965.9
0.13538 965.9
0.13539 965.9
0.13540 966.0
0.13541 966.0
0.13542 966.0
0.13543 966.0
0.13544 966.1
0.13545 966.1
0.13546 966.1
0.13547 966.2
0.13548 966.2
0.13549 966.2
0.13550 966.2
0.13551 966.3
0.13552 966.3
0.13553 966.3
0.13554 966.4
0.13555 966.4
0.13556 966.4
0.13557 966.4
0.13558 966.5
0.13559 966.5
0.13560 966.5
0.13561 966.6
0.13562 966.6
0.13563 966.6
0.13564 966.6
0.13565 966.7
0.13566 966.7
0.13567 966.7
0.13568 966.7
0.13569 966.8
0.13570 966.8
0.13571 966.8
0.13572 966.9
0.13573 966.9
0.13574 966.9
0.13575 966.9
0.13576 967.0
0.13577 967.0
0.13578 967.0
0.13579 967.1
0.13580 967.1
0.13581 967.1
0.13582 967.1
0.13583 967.2
0.13584 967.2
0.13585 967.2
0.13586 967.2
0.13587 967.3
0.13588 967.3
0.13589 967.3
0.13590 967.3
0.13591 967.4
0.13592 967.4
0.13593 967.4
0.13594 967.5
0.13595 967.5
0.13596 967.5
0.13597 967.5
0.13598 967.6
0.13599 967.6
0.13600 967.6
0.13601 967.6
0.13602 967.7
0.13603 967.7
0.13604 967.7
0.13605 967.7
0.13606 967.8
0.13607 967.8
0.13608 967.8
0.13609 967.8
0.13610 967.9
0.13611 967.9
0.13612 967.9
0.13613 967.9
0.13614 968.0
0.13615 968.0
0.13616 968.0
0.13617 968.0
0.13618 968.1
0.13619 968.1
0.13620 968.1
0.13621 968.1
0.13622 968.2
0.13623 968.2
0.13624 968.2
0.13625 968.2
0.13626 968.3
0.13627 968.3
0.13628 968.3
0.13629 968.3
0.13630 968.4
0.13631 968.4
0.13632 968.4
0.13633 968.4
0.13634 968.5
0.13635 968.5
0.13636 968.5
0.13637 968.5
0.13638 968.6
0.13639 968.6
0.13640 968.6
0.13641 968.6
0.13642 968.7
0.13643 968.7
0.13644 968.7
0.13645 968.7
0.13646 968.8
0.13647 968.8
0.13648 968.8
0.13649 968.8
0.13650 968.9
0.13651 968.9
0.13652 968.9
0.13653 968.9
0.13654 969.0
0.13655 969.0
0.13656 969.0
0.13657 969.0
0.13658 969.0
0.13659 969.1
0.13660 969.1
0.13661 969.1
0.13662 969.1
0.13663 969.2
0.13664 969.2
0.13665 969.2
0.13666 969.2
0.13667 969.3
0.13668 969.3
0.13669 969.3
0.13670 969.3
0.13671 969.3
0.13672 969.4
0.13673 969.4
0.13674 969.4
0.13675 969.4
0.13676 969.5
0.13677 969.5
0.13678 969.5
0.13679 969.5
0.13680 969.6
0.13681 969.6
0.13682 969.6
0.13683 969.6
0.13684 969.6
0.13685 969.7
0.13686 969.7
0.13687 969.7
0.13688 969.7
0.13689 969.8
0.13690 969.8
0.13691 969.8
0.13692 969.8
0.13693 969.8
0.13694 969.9
0.13695 969.9
0.13696 969.9
0.13697 969.9
0.13698 970.0
0.13699 970.0
0.13700 970.0
0.13701 970.0
0.13702 970.0
0.13703 970.1
0.13704 970.1
0.13705 970.1
0.13706 970.1
0.13707 970.1
0.13708 970.2
0.13709 970.2
0.13710 970.2
0.13711 970.2
0.13712 970.3
0.13713 970.3
0.13714 970.3
0.13715 970.3
0.13716 970.3
0.13717 970.4
0.13718 970.4
0.13719 970.4
0.13720 970.4
0.13721 970.4
0.13722 970.5
0.13723 970.5
0.13724 970.5
0.13725 970.5
0.13726 970.5
0.13727 970.6
0.13728 970.6
0.13729 970.6
0.13730 970.6
0.13731 970.7
0.13732 970.7
0.13733 970.7
0.13734 970.7
0.13735 970.7
0.13736 970.8
0.13737 970.8
0.13738 970.8
0.13739 970.8
0.13740 970.8
0.13741 970.9
0.13742 970.9
0.13743 970.9
0.13744 970.9
0.13745 970.9
0.13746 971.0
0.13747 971.0
0.13748 971.0
0.13749 971.0
0.13750 971.0
0.13751 971.1
0.13752 971.1
0.13753 971.1
0.13754 971.1
0.13755 971.1
0.13756 971.2
0.13757 971.2
0.13758 971.2
0.13759 971.2
0.13760 971.2
0.13761 971.2
0.13762 971.3
0.13763 971.3
0.13764 971.3
0.13765 971.3
0.13766 971.3
0.13767 971.4
0.13768 971.4
0.13769 971.4
0.13770 971.4
0.13771 971.4
0.13772 971.5
0.13773 971.5
0.13774 971.5
0.13775 971.5
0.13776 971.5
0.13777 971.6
0.13778 971.6
0.13779 971.6
0.13780 971.6
0.13781 971.6
0.13782 971.6
0.13783 971.7
0.13784 971.7
0.13785 971.7
0.13786 971.7
0.13787 971.7
0.13788 971.8
0.13789 971.8
0.13790 971.8
0.13791 971.8
0.13792 971.8
0.13793 971.8
0.13794 971.9
0.13795 971.9
0.13796 971.9
0.13797 971.9
0.13798 971.9
0.13799 972.0
0.13800 972.0
0.13801 972.0
0.13802 972.0
0.13803 972.0
0.13804 972.0
0.13805 972.1
0.13806 972.1
0.13807 972.1
0.13808 972.1
0.13809 972.1
0.13810 972.2
0.13811 972.2
0.13812 972.2
0.13813 972.2
0.13814 972.2
0.13815 972.2
0.13816 972.3
0.13817 972.3
0.13818 972.3
0.13819 972.3
0.13820 972.3
0.13821 972.3
0.13822 972.4
0.13823 972.4
0.13824 972.4
0.13825 972.4
0.13826 972.4
0.13827 972.5
0.13828 972.5
0.13829 972.5
0.13830 972.5
0.13831 972.5
0.13832 972.5
0.13833 972.6
0.13834 972.6
0.13835 972.6
0.13836 972.6
0.13837 972.6
0.13838 972.6
0.13839 972.7
0.13840 972.7
0.13841 972.7
0.13842 972.7
0.13843 972.7
0.13844 972.7
0.13845 972.8
0.13846 972.8
0.13847 972.8
0.13848 972.8
0.13849 972.8
0.13850 972.8
0.13851 972.9
0.13852 972.9
0.13853 972.9
0.13854 972.9
0.13855 972.9
0.13856 972.9
0.13857 972.9
0.13858 973.0
0.13859 973.0
0.13860 973.0
0.13861 973.0
0.13862 973.0
0.13863 973.0
0.13864 973.1
0.13865 973.1
0.13866 973.1
0.13867 973.1
0.13868 973.1
0.13869 973.1
0.13870 973.2
0.13871 973.2
0.13872 973.2
0.13873 973.2
0.13874 973.2
0.13875 973.2
0.13876 973.3
0.13877 973.3
0.13878 973.3
0.13879 973.3
0.13880 973.3
0.13881 973.3
0.13882 973.3
0.13883 973.4
0.13884 973.4
0.13885 973.4
0.13886 973.4
0.13887 973.4
0.13888 973.4
0.13889 973.5
0.13890 973.5
0.13891 973.5
0.13892 973.5
0.13893 973.5
0.13894 973.5
0.13895 973.5
0.13896 973.6
0.13897 973.6
0.13898 973.6
0.13899 973.6
0.13900 973.6
0.13901 973.6
0.13902 973.6
0.13903 973.7
0.13904 973.7
0.13905 973.7
0.13906 973.7
0.13907 973.7
0.13908 973.7
0.13909 973.7
0.13910 973.8
0.13911 973.8
0.13912 973.8
0.13913 973.8
0.13914 973.8
0.13915 973.8
0.13916 973.9
0.13917 973.9
0.13918 973.9
0.13919 973.9
0.13920 973.9
0.13921 973.9
0.13922 973.9
0.13923 974.0
0.13924 974.0
0.13925 974.0
0.13926 974.0
0.13927 974.0
0.13928 974.0
0.13929 974.0
0.13930 974.1
0.13931 974.1
0.13932 974.1
0.13933 974.1
0.13934 974.1
0.13935 974.1
0.13936 974.1
0.13937 974.1
0.13938 974.2
0.13939 974.2
0.13940 974.2
0.13941 974.2
0.13942 974.2
0.13943 974.2
0.13944 974.2
0.13945 974.3
0.13946 974.3
0.13947 974.3
0.13948 974.3
0.13949 974.3
0.13950 974.3
0.13951 974.3
0.13952 974.4
0.13953 974.4
0.13954 974.4
0.13955 974.4
0.13956 974.4
0.13957 974.4
0.13958 974.4
0.13959 974.4
0.13960 974.5
0.13961 974.5
0.13962 974.5
0.13963 974.5
0.13964 974.5
0.13965 974.5
0.13966 974.5
0.13967 974.6
0.13968 974.6
0.13969 974.6
0.13970 974.6
0.13971 974.6
0.13972 974.6
0.13973 974.6
0.13974 974.6
0.13975 974.7
0.13976 974.7
0.13977 974.7
0.13978 974.7
0.13979 974.7
0.13980 974.7
0.13981 974.7
0.13982 974.7
0.13983 974.8
0.13984 974.8
0.13985 974.8
0.13986 974.8
0.13987 974.8
0.13988 974.8
0.13989 974.8
0.13990 974.8
0.13991 974.9
0.13992 974.9
0.13993 974.9
0.13994 974.9
0.13995 974.9
0.13996 974.9
0.13997 974.9
0.13998 974.9
0.13999 975.0
0.14000 982.4
0.14001 982.4
0.14002 982.4
0.14003 982.4
0.14004 982.4
0.14005 982.4
0.14006 982.4
0.14007 982.4
0.14008 982.4
0.14009 982.4
0.14010 982.4
0.14011 982.4
0.14012 982.4
0.14013 982.4
0.14014 982.4
0.14015 982.4
0.14016 982.4
0.14017 982.4
0.14018 982.4
0.14019 982.4
0.14020 982.4
0.14021 982.4
0.14022 982.4
0.14023 982.4
0.14024 982.4
0.14025 982.4
0.14026 982.4
0.14027 982.4
0.14028 982.4
0.14029 982.4
0.14030 982.4
0.14031 982.4
0.14032 982.4
0.14033 982.4
0.14034 982.4
0.14035 982.4
0.14036 982.4
0.14037 982.4
0.14038 982.4
0.14039 982.4
0.14040 982.4
0.14041 982.4
0.14042 982.4
0.14043 982.4
0.14044 982.4
0.14045 982.4
0.14046 982.4
0.14047 982.4
0.14048 982.4
0.14049 982.4
0.14050 982.4
0.14051 982.4
0.14052 982.4
0.14053 982.4
0.14054 982.4
0.14055 982.4
0.14056 982.4
0.14057 982.4
0.14058 982.4
0.14059 982.4
0.14060 982.4
0.14061 982.4
0.14062 982.4
0.14063 982.4
0.14064 982.4
0.14065 982.4
0.14066 982.4
0.14067 982.4
0.14068 982.4
0.14069 982.4
0.14070 982.4
0.14071 982.4
0.14072 982.4
0.14073 982.4
0.14074 982.4
0.14075 982.4
0.14076 982.4
0.14077 982.4
0.14078 982.4
0.14079 982.4
0.14080 982.4
0.14081 982.4
0.14082 982.4
0.14083 982.4
0.14084 982.4
0.14085 982.4
0.14086 982.4
0.14087 982.4
0.14088 982.4
0.14089 982.4
0.14090 982.4
0.14091 982.4
0.14092 982.4
0.14093 982.4
0.14094 982.4
0.14095 982.4
0.14096 982.4
0.14097 982.4
0.14098 982.4
0.14099 982.4
0.14100 982.4
0.14101 982.4
0.14102 982.4
0.14103 982.4
0.14104 982.4
0.14105 982.4
0.14106 982.4
0.14107 982.4
0.14108 982.4
0.14109 982.4
0.14110 982.4
0.14111 982.4
0.14112 982.4
0.14113 982.4
0.14114 982.4
0.14115 982.4
0.14116 982.4
0.14117 982.4
0.14118 982.4
0.14119 982.4
0.14120 982.4
0.14121 982.4
0.14122 982.4
0.14123 982.4
0.14124 982.4
0.14125 982.4
0.14126 982.4
0.14127 982.4
0.14128 982.4
0.14129 982.4
0.14130 982.4
0.14131 982.4
0.14132 982.4
0.14133 982.4
0.14134 982.4
0.14135 982.4
0.14136 982.4
0.14137 982.4
0.14138 982.4
0.14139 982.4
0.14140 982.4
0.14141 982.4
0.14142 982.4
0.14143 982.4
0.14144 982.4
0.14145 982.4
0.14146 982.4
0.14147 982.4
0.14148 982.4
0.14149 982.4
0.14150 982.4
0.14151 982.4
0.14152 982.4
0.14153 982.4
0.14154 982.4
0.14155 982.4
0.14156 982.4
0.14157 982.4
0.14158 982.4
0.14159 982.4
0.14160 982.4
0.14161 982.4
0.14162 982.4
0.14163 982.4
0.14164 982.4
0.14165 982.4
0.14166 982.4
0.14167 982.4
0.14168 982.4
0.14169 982.4
0.14170 982.4
0.14171 982.4
0.14172 982.4
0.14173 982.4
0.14174 982.4
0.14175 982.4
0.14176 982.4
0.14177 982.4
0.14178 982.4
0.14179 982.4
0.14180 982.4
0.14181 982.4
0.14182 982.4
0.14183 982.4
0.14184 982.4
0.14185 982.4
0.14186 982.4
0.14187 982.4
0.14188 982.4
0.14189 982.4
0.14190 982.4
0.14191 982.4
0.14192 982.4
0.14193 982.4
0.14194 982.4
0.14195 982.4
0.14196 982.4
0.14197 982.4
0.14198 982.4
0.14199 982.4
0.14200 982.4
0.14201 982.4
0.14202 982.4
0.14203 982.4
0.14204 982.4
0.14205 982.4
0.14206 982.4
0.14207 982.4
0.14208 982.4
0.14209 982.4
0.14210 982.4
0.14211 982.4
0.14212 982.4
0.14213 982.4
0.14214 982.4
0.14215 982.4
0.14216 982.4
0.14217 982.4
0.14218 982.4
0.14219 982.4
0.14220 982.4
0.14221 982.4
0.14222 982.4
0.14223 982.4
0.14224 982.4
0.14225 982.4
0.14226 982.4
0.14227 982.4
0.14228 982.4
0.14229 982.4
0.14230 982.4
0.14231 982.4
0.14232 982.4
0.14233 982.4
0.14234 982.4
0.14235 982.4
0.14236 982.4
0.14237 982.4
0.14238 982.4
0.14239 982.4
0.14240 982.4
0.14241 982.4
0.14242 982.4
0.14243 982.4
0.14244 982.4
0.14245 982.4
0.14246 982.4
0.14247 982.4
0.14248 982.4
0.14249 982.4
0.14250 982.4
0.14251 982.4
0.14252 982.4
0.14253 982.4
0.14254 982.4
0.14255 982.4
0.14256 982.4
0.14257 982.4
0.14258 982.4
0.14259 982.4
0.14260 982.4
0.14261 982.4
0.14262 982.4
0.14263 982.4
0.14264 982.4
0.14265 982.4
0.14266 982.4
0.14267 982.4
0.14268 982.4
0.14269 982.4
0.14270 982.4
0.14271 982.4
0.14272 982.4
0.14273 982.4
0.14274 982.4
0.14275 982.4
0.14276 982.4
0.14277 982.4
0.14278 982.4
0.14279 982.4
0.14280 982.4
0.14281 982.4
0.14282 982.4
0.14283 982.4
0.14284 982.4
0.14285 982.4
0.14286 982.4
0.14287 982.4
0.14288 982.4
0.14289 982.4
0.14290 982.4
0.14291 982.4
0.14292 982.4
0.14293 982.4
0.14294 982.4
0.14295 982.4
0.14296 982.4
0.14297 982.4
0.14298 982.4
0.14299 982.4
0.14300 982.4
0.14301 982.4
0.14302 982.4
0.14303 982.4
0.14304 982.4
0.14305 982.4
0.14306 982.4
0.14307 982.4
0.14308 982.4
0.14309 982.4
0.14310 982.4
0.14311 982.4
0.14312 982.4
0.14313 982.4
0.14314 982.4
0.14315 982.4
0.14316 982.4
0.14317 982.4
0.14318 982.4
0.14319 982.4
0.14320 982.4
0.14321 982.4
0.14322 982.4
0.14323 982.4
0.14324 982.4
0.14325 982.4
0.14326 982.4
0.14327 982.4
0.14328 982.4
0.14329 982.4
0.14330 982.4
0.14331 982.4
0.14332 982.4
0.14333 982.4
0.14334 982.4
0.14335 982.4
0.14336 982.4
0.14337 982.4
0.14338 982.4
0.14339 982.4
0.14340 982.4
0.14341 982.4
0.14342 982.4
0.14343 982.4
0.14344 982.4
0.14345 982.4
0.14346 982.4
0.14347 982.4
0.14348 982.4
0.14349 982.4
0.14350 982.4
0.14351 982.4
0.14352 982.4
0.14353 982.4
0.14354 982.4
0.14355 982.4
0.14356 982.4
0.14357 982.4
0.14358 982.4
0.14359 982.4
0.14360 982.4
0.14361 982.4
0.14362 982.4
0.14363 982.4
0.14364 982.4
0.14365 982.4
0.14366 982.4
0.14367 982.4
0.14368 982.4
0.14369 982.4
0.14370 982.4
0.14371 982.4
0.14372 982.4
0.14373 982.4
0.14374 982.4
0.14375 982.4
0.14376 982.4
0.14377 982.4
0.14378 982.4
0.14379 982.4
0.14380 982.4
0.14381 982.4
0.14382 982.4
0.14383 982.4
0.14384 982.4
0.14385 982.4
0.14386 982.4
0.14387 982.4
0.14388 982.4
0.14389 982.4
0.14390 982.4
0.14391 982.4
0.14392 982.4
0.14393 982.4
0.14394 982.4
0.14395 982.4
0.14396 982.4
0.14397 982.4
0.14398 982.4
0.14399 982.4
0.14400 982.4
0.14401 982.4
0.14402 982.4
0.14403 982.4
0.14404 982.4
0.14405 982.4
0.14406 982.4
0.14407 982.4
0.14408 982.4
0.14409 982.4
0.14410 982.4
0.14411 982.4
0.14412 982.4
0.14413 982.4
0.14414 982.4
0.14415 982.4
0.14416 982.4
0.14417 982.4
0.14418 982.4
0.14419 982.4
0.14420 982.4
0.14421 982.4
0.14422 982.4
0.14423 982.4
0.14424 982.4
0.14425 982.4
0.14426 982.4
0.14427 982.4
0.14428 982.4
0.14429 982.4
0.14430 982.4
0.14431 982.4
0.14432 982.4
0.14433 982.4
0.14434 982.4
0.14435 982.4
0.14436 982.4
0.14437 982.4
0.14438 982.4
0.14439 982.4
0.14440 982.4
0.14441 982.4
0.14442 982.4
0.14443 982.4
0.14444 982.4
0.14445 982.4
0.14446 982.4
0.14447 982.4
0.14448 982.4
0.14449 982.4
0.14450 982.4
0.14451 982.4
0.14452 982.4
0.14453 982.4
0.14454 982.4
0.14455 982.4
0.14456 982.4
0.14457 982.4
0.14458 982.4
0.14459 982.4
0.14460 982.4
0.14461 982.4
0.14462 982.4
0.14463 982.4
0.14464 982.4
0.14465 982.4
0.14466 982.4
0.14467 982.4
0.14468 982.4
0.14469 982.4
0.14470 982.4
0.14471 982.4
0.14472 982.4
0.14473 982.4
0.14474 982.4
0.14475 982.4
0.14476 982.4
0.14477 982.4
0.14478 982.4
0.14479 982.4
0.14480 982.4
0.14481 982.4
0.14482 982.4
0.14483 982.4
0.14484 982.4
0.14485 982.4
0.14486 982.4
0.14487 982.4
0.14488 982.4
0.14489 982.4
0.14490 982.4
0.14491 982.4
0.14492 982.4
0.14493 982.4
0.14494 982.4
0.14495 982.4
0.14496 982.4
0.14497 982.4
0.14498 982.4
0.14499 982.4
0.14500 982.4
0.14501 982.4
0.14502 982.4
0.14503 982.4
0.14504 982.4
0.14505 982.4
0.14506 982.4
0.14507 982.4
0.14508 982.4
0.14509 982.4
0.14510 982.4
0.14511 982.4
0.14512 982.4
0.14513 982.4
0.14514 982.4
0.14515 982.4
0.14516 982.4
0.14517 982.4
0.14518 982.4
0.14519 982.4
0.14520 982.4
0.14521 982.4
0.14522 982.4
0.14523 982.4
0.14524 982.4
0.14525 982.4
0.14526 982.4
0.14527 982.4
0.14528 982.4
0.14529 982.4
0.14530 982.4
0.14531 982.4
0.14532 982.4
0.14533 982.4
0.14534 982.4
0.14535 982.4
0.14536 982.4
0.14537 982.4
0.14538 982.4
0.14539 982.4
0.14540 982.4
0.14541 982.4
0.14542 982.4
0.14543 982.4
0.14544 982.4
0.14545 982.4
0.14546 982.4
0.14547 982.4
0.14548 982.4
0.14549 982.4
0.14550 982.4
0.14551 982.4
0.14552 982.4
0.14553 982.4
0.14554 982.4
0.14555 982.4
0.14556 982.4
0.14557 982.4
0.14558 982.4
0.14559 982.4
0.14560 982.4
0.14561 982.4
0.14562 982.4
0.14563 982.4
0.14564 982.4
0.14565 982.4
0.14566 982.4
0.14567 982.4
0.14568 982.4
0.14569 982.4
0.14570 982.4
0.14571 982.4
0.14572 982.4
0.14573 982.4
0.14574 982.4
0.14575 982.4
0.14576 982.4
0.14577 982.4
0.14578 982.4
0.14579 982.4
0.14580 982.4
0.14581 982.4
0.14582 982.4
0.14583 982.4
0.14584 982.4
0.14585 982.4
0.14586 982.4
0.14587 982.4
0.14588 982.4
0.14589 982.4
0.14590 982.4
0.14591 982.4
0.14592 982.4
0.14593 982.4
0.14594 982.4
0.14595 982.4
0.14596 982.4
0.14597 982.4
0.14598 982.4
0.14599 982.4
0.14600 982.4
0.14601 982.4
0.14602 982.4
0.14603 982.4
0.14604 982.4
0.14605 982.4
0.14606 982.4
0.14607 982.4
0.14608 982.4
0.14609 982.4
0.14610 982.4
0.14611 982.4
0.14612 982.4
0.14613 982.4
0.14614 982.4
0.14615 982.4
0.14616 982.4
0.14617 982.4
0.14618 982.4
0.14619 982.4
0.14620 982.4
0.14621 982.4
0.14622 982.4
0.14623 982.4
0.14624 982.4
0.14625 982.4
0.14626 982.4
0.14627 982.4
0.14628 982.4
0.14629 982.4
0.14630 982.4
0.14631 982.4
0.14632 982.4
0.14633 982.4
0.14634 982.4
0.14635 982.4
0.14636 982.4
0.14637 982.4
0.14638 982.4
0.14639 982.4
0.14640 982.4
0.14641 982.4
0.14642 982.4
0.14643 982.4
0.14644 982.4
0.14645 982.4
0.14646 982.4
0.14647 982.4
0.14648 982.4
0.14649 982.4
0.14650 982.4
0.14651 982.4
0.14652 982.4
0.14653 982.4
0.14654 982.4
0.14655 982.4
0.14656 982.4
0.14657 982.4
0.14658 982.4
0.14659 982.4
0.14660 982.4
0.14661 982.4
0.14662 982.4
0.14663 982.4
0.14664 982.4
0.14665 982.4
0.14666 982.4
0.14667 982.4
0.14668 982.4
0.14669 982.4
0.14670 982.4
0.14671 982.4
0.14672 982.4
0.14673 982.4
0.14674 982.4
0.14675 982.4
0.14676 982.4
0.14677 982.4
0.14678 982.4
0.14679 982.4
0.14680 982.4
0.14681 982.4
0.14682 982.4
0.14683 982.4
0.14684 982.4
0.14685 982.4
0.14686 982.4
0.14687 982.4
0.14688 982.4
0.14689 982.4
0.14690 982.4
0.14691 982.4
0.14692 982.4
0.14693 982.4
0.14694 982.4
0.14695 982.4
0.14696 982.4
0.14697 982.4
0.14698 982.4
0.14699 982.4
0.14700 982.4
0.14701 982.4
0.14702 982.4
0.14703 982.4
0.14704 982.4
0.14705 982.4
0.14706 982.4
0.14707 982.4
0.14708 982.4
0.14709 982.4
0.14710 982.4
0.14711 982.4
0.14712 982.4
0.14713 982.4
0.14714 982.4
0.14715 982.4
0.14716 982.4
0.14717 982.4
0.14718 982.4
0.14719 982.4
0.14720 982.4
0.14721 982.4
0.14722 982.4
0.14723 982.4
0.14724 982.4
0.14725 982.4
0.14726 982.4
0.14727 982.4
0.14728 982.4
0.14729 982.4
0.14730 982.4
0.14731 982.4
0.14732 982.4
0.14733 982.4
0.14734 982.4
0.14735 982.4
0.14736 982.4
0.14737 982.4
0.14738 982.4
0.14739 982.4
0.14740 982.4
0.14741 982.4
0.14742 982.4
0.14743 982.4
0.14744 982.4
0.14745 982.4
0.14746 982.4
0.14747 982.4
0.14748 982.4
0.14749 982.4
0.14750 982.4
0.14751 982.4
0.14752 982.4
0.14753 982.4
0.14754 982.4
0.14755 982.4
0.14756 982.4
0.14757 982.4
0.14758 982.4
0.14759 982.4
0.14760 982.4
0.14761 982.4
0.14762 982.4
0.14763 982.4
0.14764 982.4
0.14765 982.4
0.14766 982.4
0.14767 982.4
0.14768 982.4
0.14769 982.4
0.14770 982.4
0.14771 982.4
0.14772 982.4
0.14773 982.4
0.14774 982.4
0.14775 982.4
0.14776 982.4
0.14777 982.4
0.14778 982.4
0.14779 982.4
0.14780 982.4
0.14781 982.4
0.14782 982.4
0.14783 982.4
0.14784 982.4
0.14785 982.4
0.14786 982.4
0.14787 982.4
0.14788 982.4
0.14789 982.4
0.14790 982.4
0.14791 982.4
0.14792 982.4
0.14793 982.4
0.14794 982.4
0.14795 982.4
0.14796 982.4
0.14797 982.4
0.14798 982.4
0.14799 982.4
0.14800 982.4
0.14801 982.4
0.14802 982.4
0.14803 982.4
0.14804 982.4
0.14805 982.4
0.14806 982.4
0.14807 982.4
0.14808 982.4
0.14809 982.4
0.14810 982.4
0.14811 982.4
0.14812 982.4
0.14813 982.4
0.14814 982.4
0.14815 982.4
0.14816 982.4
0.14817 982.4
0.14818 982.4
0.14819 982.4
0.14820 982.4
0.14821 982.4
0.14822 982.4
0.14823 982.4
0.14824 982.4
0.14825 982.4
0.14826 982.4
0.14827 982.4
0.14828 982.4
0.14829 982.4
0.14830 982.4
0.14831 982.4
0.14832 982.4
0.14833 982.4
0.14834 982.4
0.14835 982.4
0.14836 982.4
0.14837 982.4
0.14838 982.4
0.14839 982.4
0.14840 982.4
0.14841 982.4
0.14842 982.4
0.14843 982.4
0.14844 982.4
0.14845 982.4
0.14846 982.4
0.14847 982.4
0.14848 982.4
0.14849 982.4
0.14850 982.4
0.14851 982.4
0.14852 982.4
0.14853 982.4
0.14854 982.4
0.14855 982.4
0.14856 982.4
0.14857 982.4
0.14858 982.4
0.14859 982.4
0.14860 982.4
0.14861 982.4
0.14862 982.4
0.14863 982.4
0.14864 982.4
0.14865 982.4
0.14866 982.4
0.14867 982.4
0.14868 982.4
0.14869 982.4
0.14870 982.4
0.14871 982.4
0.14872 982.4
0.14873 982.4
0.14874 982.4
0.14875 982.4
0.14876 982.4
0.14877 982.4
0.14878 982.4
0.14879 982.4
0.14880 982.4
0.14881 982.4
0.14882 982.4
0.14883 982.4
0.14884 982.4
0.14885 982.4
0.14886 982.4
0.14887 982.4
0.14888 982.4
0.14889 982.4
0.14890 982.4
0.14891 982.4
0.14892 982.4
0.14893 982.4
0.14894 982.4
0.14895 982.4
0.14896 982.4
0.14897 982.4
0.14898 982.4
0.14899 982.4
0.14900 982.4
0.14901 982.4
0.14902 982.4
0.14903 982.4
0.14904 982.4
0.14905 982.4
0.14906 982.4
0.14907 982.4
0.14908 982.4
0.14909 982.4
0.14910 982.4
0.14911 982.4
0.14912 982.4
0.14913 982.4
0.14914 982.4
0.14915 982.4
0.14916 982.4
0.14917 982.4
0.14918 982.4
0.14919 982.4
0.14920 982.4
0.14921 982.4
0.14922 982.4
0.14923 982.4
0.14924 982.4
0.14925 982.4
0.14926 982.4
0.14927 982.4
0.14928 982.4
0.14929 982.4
0.14930 982.4
0.14931 982.4
0.14932 982.4
0.14933 982.4
0.14934 982.4
0.14935 982.4
0.14936 982.4
0.14937 982.4
0.14938 982.4
0.14939 982.4
0.14940 982.4
0.14941 982.4
0.14942 982.4
0.14943 982.4
0.14944 982.4
0.14945 982.4
0.14946 982.4
0.14947 982.4
0.14948 982.4
0.14949 982.4
0.14950 982.4
0.14951 982.4
0.14952 982.4
0.14953 982.4
0.14954 982.4
0.14955 982.4
0.14956 982.4
0.14957 982.4
0.14958 982.4
0.14959 982.4
0.14960 982.4
0.14961 982.4
0.14962 982.4
0.14963 982.4
0.14964 982.4
0.14965 982.4
0.14966 982.4
0.14967 982.4
0.14968 982.4
0.14969 982.4
0.14970 982.4
0.14971 982.4
0.14972 982.4
0.14973 982.4
0.14974 982.4
0.14975 982.4
0.14976 982.4
0.14977 982.4
0.14978 982.4
0.14979 982.4
0.14980 982.4
0.14981 982.4
0.14982 982.4
0.14983 982.4
0.14984 982.4
0.14985 982.4
0.14986 982.4
0.14987 982.4
0.14988 982.4
0.14989 982.4
0.14990 982.4
0.14991 982.4
0.14992 982.4
0.14993 982.4
0.14994 982.4
0.14995 982.4
0.14996 982.4
0.14997 982.4
0.14998 982.4
0.14999 982.4
0.15000 982.4
0.15001 982.4
0.15002 982.4
0.15003 982.4
0.15004 982.4
0.15005 982.4
0.15006 982.4
0.15007 982.4
0.15008 982.4
0.15009 982.4
0.15010 982.4
0.15011 982.4
0.15012 982.4
0.15013 982.4
0.15014 982.4
0.15015 982.4
0.15016 982.4
0.15017 982.4
0.15018 982.4
0.15019 982.4
0.15020 982.4
0.15021 982.4
0.15022 982.4
0.15023 982.4
0.15024 982.4
0.15025 982.4
0.15026 982.4
0.15027 982.4
0.15028 982.4
0.15029 982.4
0.15030 982.4
0.15031 982.4
0.15032 982.4
0.15033 982.4
0.15034 982.4
0.15035 982.4
0.15036 982.4
0.15037 982.4
0.15038 982.4
0.15039 982.4
0.15040 982.4
0.15041 982.4
0.15042 982.4
0.15043 982.4
0.15044 982.4
0.15045 982.4
0.15046 982.4
0.15047 982.4
0.15048 982.4
0.15049 982.4
0.15050 982.4
0.15051 982.4
0.15052 982.4
0.15053 982.4
0.15054 982.4
0.15055 982.4
0.15056 982.4
0.15057 982.4
0.15058 982.4
0.15059 982.4
0.15060 982.4
0.15061 982.4
0.15062 982.4
0.15063 982.4
0.15064 982.4
0.15065 982.4
0.15066 982.4
0.15067 982.4
0.15068 982.4
0.15069 982.4
0.15070 982.4
0.15071 982.4
0.15072 982.4
0.15073 982.4
0.15074 982.4
0.15075 982.4
0.15076 982.4
0.15077 982.4
0.15078 982.4
0.15079 982.4
0.15080 982.4
0.15081 982.4
0.15082 982.4
0.15083 982.4
0.15084 982.4
0.15085 982.4
0.15086 982.4
0.15087 982.4
0.15088 982.4
0.15089 982.4
0.15090 982.4
0.15091 982.4
0.15092 982.4
0.15093 982.4
0.15094 982.4
0.15095 982.4
0.15096 982.4
0.15097 982.4
0.15098 982.4
0.15099 982.4
0.15100 982.4
0.15101 1006.0
0.15102 1030.0
0.15103 1054.6
0.15104 1079.7
0.15105 1105.3
0.15106 1131.5
0.15107 1158.1
0.15108 1185.4
0.15109 1213.1
0.15110 1241.5
0.15111 1270.4
0.15112 1300.0
0.15113 1330.1
0.15114 1360.9
0.15115 1392.3
0.15116 1424.3
0.15117 1457.0
0.15118 1490.4
0.15119 1524.5
0.15120 1559.3
0.15121 1594.9
0.15122 1631.3
0.15123 1668.5
0.15124 1706.5
0.15125 1745.4
0.15126 1785.3
0.15127 1826.2
0.15128 1868.1
0.15129 1911.2
0.15130 1955.5
0.15131 2001.1
0.15132 2048.2
0.15133 2096.9
0.15134 2147.3
0.15135 2199.6
0.15136 2254.1
0.15137 2311.1
0.15138 2370.8
0.15139 2433.6
0.15140 2500.0
0.15141 2570.5
0.15142 2645.6
0.15143 2726.2
0.15144 2813.2
0.15145 2907.5
0.15146 3010.6
0.15147 3124.0
0.15148 3249.7
0.15149 3389.9
0.15150 3547.8
0.15151 3640.0
0.15152 3751.4
0.15153 3885.0
0.15154 4044.4
0.15155 4234.0
0.15156 4459.0
0.15157 4725.7
0.15158 5041.8
0.15159 5415.9
0.15160 5857.7
0.15161 6377.3
0.15162 6983.6
0.15163 7682.2
0.15164 8472.4
0.15165 9343.1
0.15166 10270.4
0.15167 11218.8
0.15168 12147.1
0.15169 13017.2
0.15170 13801.5
0.15171 14486.2
0.15172 15068.9
0.15173 15554.5
0.15174 15952.0
0.15175 16271.0
0.15176 16521.1
0.15177 16710.7
0.15178 16846.9
0.15179 16935.9
0.15180 16982.9
0.15181 16992.0
0.15182 16967.0
0.15183 16910.7
0.15184 16825.8
0.15185 16714.4
0.15186 16578.4
0.15187 16419.5
0.15188 16239.2
0.15189 16039.0
0.15190 15820.1
0.15191 15583.8
0.15192 15331.3
0.15193 15063.8
0.15194 14782.6
0.15195 14488.8
0.15196 14183.7
0.15197 13868.5
0.15198 13544.6
0.15199 13213.0
0.15200 12875.2
0.15201 12532.4
0.15202 12185.7
0.15203 11836.6
0.15204 11486.2
0.15205 11135.6
0.15206 10786.0
0.15207 10438.4
0.15208 10094.0
0.15209 9753.7
0.15210 9418.3
0.15211 9088.6
0.15212 8765.5
0.15213 8449.5
0.15214 8141.3
0.15215 7841.2
0.15216 7549.8
0.15217 7267.4
0.15218 6994.2
0.15219 6730.4
0.15220 6476.1
0.15221 6231.4
0.15222 5996.3
0.15223 5770.8
0.15224 5554.6
0.15225 5347.8
0.15226 5150.0
0.15227 4961.1
0.15228 4780.9
0.15229 4609.0
0.15230 4445.3
0.15231 4289.3
0.15232 4140.9
0.15233 3999.7
0.15234 3865.3
0.15235 3737.6
0.15236 3616.1
0.15237 3500.6
0.15238 3390.8
0.15239 3286.4
0.15240 3187.2
0.15241 3092.7
0.15242 3002.9
0.15243 2917.4
0.15244 2836.0
0.15245 2758.5
0.15246 2684.7
0.15247 2614.3
0.15248 2547.2
0.15249 2483.1
0.15250 2422.0
0.15251 2363.6
0.15252 2307.8
0.15253 2254.5
0.15254 2203.5
0.15255 2154.7
0.15256 2107.9
0.15257 2063.2
0.15258 2020.2
0.15259 1979.1
0.15260 1939.6
0.15261 1901.7
0.15262 1865.4
0.15263 1830.4
0.15264 1796.9
0.15265 1764.6
0.15266 1733.6
0.15267 1703.8
0.15268 1675.1
0.15269 1647.6
0.15270 1621.0
0.15271 1595.5
0.15272 1571.0
0.15273 1547.3
0.15274 1524.6
0.15275 1502.7
0.15276 1481.6
0.15277 1461.4
0.15278 1441.8
0.15279 1423.1
0.15280 1405.0
0.15281 1387.6
0.15282 1370.8
0.15283 1354.7
0.15284 1339.2
0.15285 1324.3
0.15286 1309.9
0.15287 1296.1
0.15288 1282.8
0.15289 1270.0
0.15290 1257.7
0.15291 1245.9
0.15292 1234.5
0.15293 1223.5
0.15294 1213.0
0.15295 1202.8
0.15296 1193.0
0.15297 1183.6
0.15298 1174.6
0.15299 1165.8
0.15300 1157.4
0.15301 1149.4
0.15302 1141.6
0.15303 1134.1
0.15304 1126.8
0.15305 1119.9
0.15306 1113.2
0.15307 1106.7
0.15308 1100.5
0.15309 1094.5
0.15310 1088.7
0.15311 1083.1
0.15312 1077.7
0.15313 1072.5
0.15314 1067.5
0.15315 1062.6
0.15316 1058.0
0.15317 1053.4
0.15318 1049.1
0.15319 1044.9
0.15320 1040.8
0.15321 1036.9
0.15322 1033.1
0.15323 1029.4
0.15324 1025.9
0.15325 1022.5
0.15326 1019.1
0.15327 1015.9
0.15328 1012.8
0.15329 1009.8
0.15330 1006.9
0.15331 1004.1
0.15332 1001.4
0.15333 998.8
0.15334 996.2
0.15335 993.7
0.15336 991.4
0.15337 989.0
0.15338 986.8
0.15339 984.6
0.15340 982.5
0.15341 980.5
0.15342 978.5
0.15343 976.6
0.15344 974.7
0.15345 972.9
0.15346 971.1
0.15347 969.4
0.15348 967.8
0.15349 966.2
0.15350 964.6
0.15351 963.1
0.15352 961.7
0.15353 960.3
0.15354 958.9
0.15355 957.5
0.15356 956.2
0.15357 955.0
0.15358 953.7
0.15359 952.6
0.15360 951.4
0.15361 950.3
0.15362 949.2
0.15363 948.1
0.15364 947.1
0.15365 946.1
0.15366 945.1
0.15367 944.2
0.15368 943.2
0.15369 942.3
0.15370 941.5
0.15371 940.6
0.15372 939.8
0.15373 939.0
0.15374 938.2
0.15375 937.4
0.15376 936.7
0.15377 936.0
0.15378 935.3
0.15379 934.6
0.15380 933.9
0.15381 933.3
0.15382 932.7
0.15383 932.1
0.15384 931.5
0.15385 930.9
0.15386 930.3
0.15387 929.8
0.15388 929.2
0.15389 928.7
0.15390 928.2
0.15391 927.7
0.15392 927.2
0.15393 926.8
0.15394 926.3
0.15395 925.9
0.15396 925.4
0.15397 925.0
0.15398 924.6
0.15399 924.2
0.15400 923.8
0.15401 923.4
0.15402 923.1
0.15403 922.7
0.15404 922.4
0.15405 922.0
0.15406 921.7
0.15407 921.4
0.15408 921.1
0.15409 920.7
0.15410 920.4
0.15411 920.2
0.15412 919.9
0.15413 919.6
0.15414 919.3
0.15415 919.1
0.15416 918.8
0.15417 918.6
0.15418 918.3
0.15419 918.1
0.15420 917.8
0.15421 917.6
0.15422 917.4
0.15423 917.2
0.15424 917.0
0.15425 916.8
0.15426 916.6
0.15427 916.4
0.15428 916.2
0.15429 916.0
0.15430 915.9
0.15431 915.7
0.15432 915.5
0.15433 915.4
0.15434 915.2
0.15435 915.0
0.15436 914.9
0.15437 914.7
0.15438 914.6
0.15439 914.5
0.15440 914.3
0.15441 914.2
0.15442 914.1
0.15443 914.0
0.15444 913.8
0.15445 913.7
0.15446 913.6
0.15447 913.5
0.15448 913.4
0.15449 913.3
0.15450 913.2
0.15451 913.1
0.15452 913.0
0.15453 912.9
0.15454 912.8
0.15455 912.7
0.15456 912.7
0.15457 912.6
0.15458 912.5
0.15459 912.4
0.15460 912.4
0.15461 912.3
0.15462 912.2
0.15463 912.1
0.15464 912.1
0.15465 912.0
0.15466 912.0
0.15467 911.9
0.15468 911.9
0.15469 911.8
0.15470 911.8
0.15471 911.7
0.15472 911.7
0.15473 911.6
0.15474 911.6
0.15475 911.5
0.15476 911.5
0.15477 911.5
0.15478 911.4
0.15479 911.4
0.15480 911.3
0.15481 911.3
0.15482 911.3
0.15483 911.3
0.15484 911.2
0.15485 911.2
0.15486 911.2
0.15487 911.2
0.15488 911.1
0.15489 911.1
0.15490 911.1
0.15491 911.1
0.15492 911.1
0.15493 911.1
0.15494 911.0
0.15495 911.0
0.15496 911.0
0.15497 911.0
0.15498 911.0
0.15499 911.0
0.15500 911.0
0.15501 911.0
0.15502 911.0
0.15503 911.0
0.15504 911.0
0.15505 911.0
0.15506 911.0
0.15507 911.0
0.15508 911.0
0.15509 911.0
0.15510 911.0
0.15511 911.0
0.15512 911.0
0.15513 911.0
0.15514 911.0
0.15515 911.0
0.15516 911.1
0.15517 911.1
0.15518 911.1
0.15519 911.1
0.15520 911.1
0.15521 911.1
0.15522 911.1
0.15523 911.2
0.15524 911.2
0.15525 911.2
0.15526 911.2
0.15527 911.2
0.15528 911.2
0.15529 911.3
0.15530 911.3
0.15531 911.3
0.15532 911.3
0.15533 911.4
0.15534 911.4
0.15535 911.4
0.15536 911.4
0.15537 911.5
0.15538 911.5
0.15539 911.5
0.15540 911.5
0.15541 911.6
0.15542 911.6
0.15543 911.6
0.15544 911.6
0.15545 911.7
0.15546 911.7
0.15547 911.7
0.15548 911.8
0.15549 911.8
0.15550 911.8
0.15551 911.9
0.15552 911.9
0.15553 911.9
0.15554 912.0
0.15555 912.0
0.15556 912.0
0.15557 912.1
0.15558 912.1
0.15559 912.2
0.15560 912.2
0.15561 912.2
0.15562 912.3
0.15563 912.3
0.15564 912.4
0.15565 912.4
0.15566 912.4
0.15567 912.5
0.15568 912.5
0.15569 912.6
0.15570 912.6
0.15571 912.6
0.15572 912.7
0.15573 912.7
0.15574 912.8
0.15575 912.8
0.15576 912.9
0.15577 912.9
0.15578 912.9
0.15579 913.0
0.15580 913.0
0.15581 913.1
0.15582 913.1
0.15583 913.2
0.15584 913.2
0.15585 913.3
0.15586 913.3
0.15587 913.4
0.15588 913.4
0.15589 913.5
0.15590 913.5
0.15591 913.6
0.15592 913.6
0.15593 913.7
0.15594 913.7
0.15595 913.8
0.15596 913.8
0.15597 913.9
0.15598 913.9
0.15599 914.0
0.15600 914.0
0.15601 914.1
0.15602 914.1
0.15603 914.2
0.15604 914.2
0.15605 914.3
0.15606 914.3
0.15607 914.4
0.15608 914.4
0.15609 914.5
0.15610 914.5
0.15611 914.6
0.15612 914.6
0.15613 914.7
0.15614 914.8
0.15615 914.8
0.15616 914.9
0.15617 914.9
0.15618 915.0
0.15619 915.0
0.15620 915.1
0.15621 915.1
0.15622 915.2
0.15623 915.3
0.15624 915.3
0.15625 915.4
0.15626 915.4
0.15627 915.5
0.15628 915.5
0.15629 915.6
0.15630 915.7
0.15631 915.7
0.15632 915.8
0.15633 915.8
0.15634 915.9
0.15635 916.0
0.15636 916.0
0.15637 916.1
0.15638 916.1
0.15639 916.2
0.15640 916.3
0.15641 916.3
0.15642 916.4
0.15643 916.4
0.15644 916.5
0.15645 916.6
0.15646 916.6
0.15647 916.7
0.15648 916.7
0.15649 916.8
0.15650 916.9
0.15651 916.9
0.15652 917.0
0.15653 917.0
0.15654 917.1
0.15655 917.2
0.15656 917.2
0.15657 917.3
0.15658 917.4
0.15659 917.4
0.15660 917.5
0.15661 917.6
0.15662 917.6
0.15663 917.7
0.15664 917.7
0.15665 917.8
0.15666 917.9
0.15667 917.9
0.15668 918.0
0.15669 918.1
0.15670 918.1
0.15671 918.2
0.15672 918.3
0.15673 918.3
0.15674 918.4
0.15675 918.4
0.15676 918.5
0.15677 918.6
0.15678 918.6
0.15679 918.7
0.15680 918.8
0.15681 918.8
0.15682 918.9
0.15683 919.0
0.15684 919.0
0.15685 919.1
0.15686 919.2
0.15687 919.2
0.15688 919.3
0.15689 919.4
0.15690 919.4
0.15691 919.5
0.15692 919.6
0.15693 919.6
0.15694 919.7
0.15695 919.8
0.15696 919.8
0.15697 919.9
0.15698 920.0
0.15699 920.0
0.15700 920.1
0.15701 920.2
0.15702 920.2
0.15703 920.3
0.15704 920.4
0.15705 920.4
0.15706 920.5
0.15707 920.6
0.15708 920.6
0.15709 920.7
0.15710 920.8
0.15711 920.8
0.15712 920.9
0.15713 921.0
0.15714 921.0
0.15715 921.1
0.15716 921.2
0.15717 921.3
0.15718 921.3
0.15719 921.4
0.15720 921.5
0.15721 921.5
0.15722 921.6
0.15723 921.7
0.15724 921.7
0.15725 921.8
0.15726 921.9
0.15727 921.9
0.15728 922.0
0.15729 922.1
0.15730 922.1
0.15731 922.2
0.15732 922.3
0.15733 922.4
0.15734 922.4
0.15735 922.5
0.15736 922.6
0.15737 922.6
0.15738 922.7
0.15739 922.8
0.15740 922.8
0.15741 922.9
0.15742 923.0
0.15743 923.0
0.15744 923.1
0.15745 923.2
0.15746 923.3
0.15747 923.3
0.15748 923.4
0.15749 923.5
0.15750 923.5
0.15751 923.6
0.15752 923.7
0.15753 923.7
0.15754 923.8
0.15755 923.9
0.15756 924.0
0.15757 924.0
0.15758 924.1
0.15759 924.2
0.15760 924.2
0.15761 924.3
0.15762 924.4
0.15763 924.5
0.15764 924.5
0.15765 924.6
0.15766 924.7
0.15767 924.7
0.15768 924.8
0.15769 924.9
0.15770 924.9
0.15771 925.0
0.15772 925.1
0.15773 925.2
0.15774 925.2
0.15775 925.3
0.15776 925.4
0.15777 925.4
0.15778 925.5
0.15779 925.6
0.15780 925.7
0.15781 925.7
0.15782 925.8
0.15783 925.9
0.15784 925.9
0.15785 926.0
0.15786 926.1
0.15787 926.2
0.15788 926.2
0.15789 926.3
0.15790 926.4
0.15791 926.4
0.15792 926.5
0.15793 926.6
0.15794 926.7
0.15795 926.7
0.15796 926.8
0.15797 926.9
0.15798 926.9
0.15799 927.0
0.15800 927.1
0.15801 927.2
0.15802 927.2
0.15803 927.3
0.15804 927.4
0.15805 927.4
0.15806 927.5
0.15807 927.6
0.15808 927.7
0.15809 927.7
0.15810 927.8
0.15811 927.9
0.15812 927.9
0.15813 928.0
0.15814 928.1
0.15815 928.1
0.15816 928.2
0.15817 928.3
0.15818 928.4
0.15819 928.4
0.15820 928.5
0.15821 928.6
0.15822 928.6
0.15823 928.7
0.15824 928.8
0.15825 928.9
0.15826 928.9
0.15827 929.0
0.15828 929.1
0.15829 929.1
0.15830 929.2
0.15831 929.3
0.15832 929.4
0.15833 929.4
0.15834 929.5
0.15835 929.6
0.15836 929.6
0.15837 929.7
0.15838 929.8
0.15839 929.9
0.15840 929.9
0.15841 930.0
0.15842 930.1
0.15843 930.1
0.15844 930.2
0.15845 930.3
0.15846 930.4
0.15847 930.4
0.15848 930.5
0.15849 930.6
0.15850 930.6
0.15851 930.7
0.15852 930.8
0.15853 930.9
0.15854 930.9
0.15855 931.0
0.15856 931.1
0.15857 931.1
0.15858 931.2
0.15859 931.3
0.15860 931.3
0.15861 931.4
0.15862 931.5
0.15863 931.6
0.15864 931.6
0.15865 931.7
0.15866 931.8
0.15867 931.8
0.15868 931.9
0.15869 932.0
0.15870 932.1
0.15871 932.1
0.15872 932.2
0.15873 932.3
0.15874 932.3
0.15875 932.4
0.15876 932.5
0.15877 932.5
0.15878 932.6
0.15879 932.7
0.15880 932.8
0.15881 932.8
0.15882 932.9
0.15883 933.0
0.15884 933.0
0.15885 933.1
0.15886 933.2
0.15887 933.3
0.15888 933.3
0.15889 933.4
0.15890 933.5
0.15891 933.5
0.15892 933.6
0.15893 933.7
0.15894 933.7
0.15895 933.8
0.15896 933.9
0.15897 934.0
0.15898 934.0
0.15899 934.1
0.15900 934.2
0.15901 934.2
0.15902 934.3
0.15903 934.4
0.15904 934.4
0.15905 934.5
0.15906 934.6
0.15907 934.6
0.15908 934.7
0.15909 934.8
0.15910 934.9
0.15911 934.9
0.15912 935.0
0.15913 935.1
0.15914 935.1
0.15915 935.2
0.15916 935.3
0.15917 935.3
0.15918 935.4
0.15919 935.5
0.15920 935.5
0.15921 935.6
0.15922 935.7
0.15923 935.8
0.15924 935.8
0.15925 935.9
0.15926 936.0
0.15927 936.0
0.15928 936.1
0.15929 936.2
0.15930 936.2
0.15931 936.3
0.15932 936.4
0.15933 936.4
0.15934 936.5
0.15935 936.6
0.15936 936.6
0.15937 936.7
0.15938 936.8
0.15939 936.8
0.15940 936.9
0.15941 937.0
0.15942 937.0
0.15943 937.1
0.15944 937.2
0.15945 937.3
0.15946 937.3
0.15947 937.4
0.15948 937.5
0.15949 937.5
0.15950 937.6
0.15951 937.7
0.15952 937.7
0.15953 937.8
0.15954 937.9
0.15955 937.9
0.15956 938.0
0.15957 938.1
0.15958 938.1
0.15959 938.2
0.15960 938.3
0.15961 938.3
0.15962 938.4
0.15963 938.5
0.15964 938.5
0.15965 938.6
0.15966 938.7
0.15967 938.7
0.15968 938.8
0.15969 938.9
0.15970 938.9
0.15971 939.0
0.15972 939.1
0.15973 939.1
0.15974 939.2
0.15975 939.3
0.15976 939.3
0.15977 939.4
0.15978 939.5
0.15979 939.5
0.15980 939.6
0.15981 939.7
0.15982 939.7
0.15983 939.8
0.15984 939.9
0.15985 939.9
0.15986 940.0
0.15987 940.1
0.15988 940.1
0.15989 940.2
0.15990 940.3
0.15991 940.3
0.15992 940.4
0.15993 940.4
0.15994 940.5
0.15995 940.6
0.15996 940.6
0.15997 940.7
0.15998 940.8
0.15999 940.8
0.16000 940.9
0.16001 941.0
0.16002 941.0
0.16003 941.1
0.16004 941.2
0.16005 941.2
0.16006 941.3
0.16007 941.4
0.16008 941.4
0.16009 941.5
0.16010 941.5
0.16011 941.6
0.16012 941.7
0.16013 941.7
0.16014 941.8
0.16015 941.9
0.16016 941.9
0.16017 942.0
0.16018 942.1
0.16019 942.1
0.16020 942.2
0.16021 942.2
0.16022 942.3
0.16023 942.4
0.16024 942.4
0.16025 942.5
0.16026 942.6
0.16027 942.6
0.16028 942.7
0.16029 942.8
0.16030 942.8
0.16031 942.9
0.16032 942.9
0.16033 943.0
0.16034 943.1
0.16035 943.1
0.16036 943.2
0.16037 943.3
0.16038 943.3
0.16039 943.4
0.16040 943.4
0.16041 943.5
0.16042 943.6
0.16043 943.6
0.16044 943.7
0.16045 943.8
0.16046 943.8
0.16047 943.9
0.16048 943.9
0.16049 944.0
0.16050 944.1
0.16051 944.1
0.16052 944.2
0.16053 944.2
0.16054 944.3
0.16055 944.4
0.16056 944.4
0.16057 944.5
0.16058 944.6
0.16059 944.6
0.16060 944.7
0.16061 944.7
0.16062 944.8
0.16063 944.9
0.16064 944.9
0.16065 945.0
0.16066 945.0
0.16067 945.1
0.16068 945.2
0.16069 945.2
0.16070 945.3
0.16071 945.3
0.16072 945.4
0.16073 945.5
0.16074 945.5
0.16075 945.6
0.16076 945.6
0.16077 945.7
0.16078 945.8
0.16079 945.8
0.16080 945.9
0.16081 945.9
0.16082 946.0
0.16083 946.1
0.16084 946.1
0.16085 946.2
0.16086 946.2
0.16087 946.3
0.16088 946.4
0.16089 946.4
0.16090 946.5
0.16091 946.5
0.16092 946.6
0.16093 946.7
0.16094 946.7
0.16095 946.8
0.16096 946.8
0.16097 946.9
0.16098 946.9
0.16099 947.0
0.16100 947.1
0.16101 947.1
0.16102 947.2
0.16103 947.2
0.16104 947.3
0.16105 947.4
0.16106 947.4
0.16107 947.5
0.16108 947.5
0.16109 947.6
0.16110 947.6
0.16111 947.7
0.16112 947.8
0.16113 947.8
0.16114 947.9
0.16115 947.9
0.16116 948.0
0.16117 948.0
0.16118 948.1
0.16119 948.2
0.16120 948.2
0.16121 948.3
0.16122 948.3
0.16123 948.4
0.16124 948.4
0.16125 948.5
0.16126 948.6
0.16127 948.6
0.16128 948.7
0.16129 948.7
0.16130 948.8
0.16131 948.8
0.16132 948.9
0.16133 948.9
0.16134 949.0
0.16135 949.1
0.16136 949.1
0.16137 949.2
0.16138 949.2
0.16139 949.3
0.16140 949.3
0.16141 949.4
0.16142 949.4
0.16143 949.5
0.16144 949.6
0.16145 949.6
0.16146 949.7
0.16147 949.7
0.16148 949.8
0.16149 949.8
0.16150 949.9
0.16151 949.9
0.16152 950.0
0.16153 950.0
0.16154 950.1
0.16155 950.2
0.16156 950.2
0.16157 950.3
0.16158 950.3
0.16159 950.4
0.16160 950.4
0.16161 950.5
0.16162 950.5
0.16163 950.6
0.16164 950.6
0.16165 950.7
0.16166 950.7
0.16167 950.8
0.16168 950.9
0.16169 950.9
0.16170 951.0
0.16171 951.0
0.16172 951.1
0.16173 951.1
0.16174 951.2
0.16175 951.2
0.16176 951.3
0.16177 951.3
0.16178 951.4
0.16179 951.4
0.16180 951.5
0.16181 951.5
0.16182 951.6
0.16183 951.6
0.16184 951.7
0.16185 951.8
0.16186 951.8
0.16187 951.9
0.16188 951.9
0.16189 952.0
0.16190 952.0
0.16191 952.1
0.16192 952.1
0.16193 952.2
0.16194 952.2
0.16195 952.3
0.16196 952.3
0.16197 952.4
0.16198 952.4
0.16199 952.5
0.16200 952.5
0.16201 952.6
0.16202 952.6
0.16203 952.7
0.16204 952.7
0.16205 952.8
0.16206 952.8
0.16207 952.9
0.16208 952.9
0.16209 953.0
0.16210 953.0
0.16211 953.1
0.16212 953.1
0.16213 953.2
0.16214 953.2
0.16215 953.3
0.16216 953.3
0.16217 953.4
0.16218 953.4
0.16219 953.5
0.16220 953.5
0.16221 953.6
0.16222 953.6
0.16223 953.7
0.16224 953.7
0.16225 953.8
0.16226 953.8
0.16227 953.9
0.16228 953.9
0.16229 954.0
0.16230 954.0
0.16231 954.1
0.16232 954.1
0.16233 954.2
0.16234 954.2
0.16235 954.3
0.16236 954.3
0.16237 954.4
0.16238 954.4
0.16239 954.5
0.16240 954.5
0.16241 954.6
0.16242 954.6
0.16243 954.7
0.16244 954.7
0.16245 954.7
0.16246 954.8
0.16247 954.8
0.16248 954.9
0.16249 954.9
0.16250 955.0
0.16251 955.0
0.16252 955.1
0.16253 955.1
0.16254 955.2
0.16255 955.2
0.16256 955.3
0.16257 955.3
0.16258 955.4
0.16259 955.4
0.16260 955.5
0.16261 955.5
0.16262 955.6
0.16263 955.6
0.16264 955.6
0.16265 955.7
0.16266 955.7
0.16267 955.8
0.16268 955.8
0.16269 955.9
0.16270 955.9
0.16271 956.0
0.16272 956.0
0.16273 956.1
0.16274 956.1
0.16275 956.2
0.16276 956.2
0.16277 956.2
0.16278 956.3
0.16279 956.3
0.16280 956.4
0.16281 956.4
0.16282 956.5
0.16283 956.5
0.16284 956.6
0.16285 956.6
0.16286 956.6
0.16287 956.7
0.16288 956.7
0.16289 956.8
0.16290 956.8
0.16291 956.9
0.16292 956.9
0.16293 957.0
0.16294 957.0
0.16295 957.1
0.16296 957.1
0.16297 957.1
0.16298 957.2
0.16299 957.2
0.16300 957.3
0.16301 957.3
0.16302 957.4
0.16303 957.4
0.16304 957.4
0.16305 957.5
0.16306 957.5
0.16307 957.6
0.16308 957.6
0.16309 957.7
0.16310 957.7
0.16311 957.7
0.16312 957.8
0.16313 957.8
0.16314 957.9
0.16315 957.9
0.16316 958.0
0.16317 958.0
0.16318 958.0
0.16319 958.1
0.16320 958.1
0.16321 958.2
0.16322 958.2
0.16323 958.3
0.16324 958.3
0.16325 958.3
0.16326 958.4
0.16327 958.4
0.16328 958.5
0.16329 958.5
0.16330 958.6
0.16331 958.6
0.16332 958.6
0.16333 958.7
0.16334 958.7
0.16335 958.8
0.16336 958.8
0.16337 958.8
0.16338 958.9
0.16339 958.9
0.16340 959.0
0.16341 959.0
0.16342 959.1
0.16343 959.1
0.16344 959.1
0.16345 959.2
0.16346 959.2
0.16347 959.3
0.16348 959.3
0.16349 959.3
0.16350 959.4
0.16351 959.4
0.16352 959.5
0.16353 959.5
0.16354 959.5
0.16355 959.6
0.16356 959.6
0.16357 959.7
0.16358 959.7
0.16359 959.7
0.16360 959.8
0.16361 959.8
0.16362 959.9
0.16363 959.9
0.16364 959.9
0.16365 960.0
0.16366 960.0
0.16367 960.1
0.16368 960.1
0.16369 960.1
0.16370 960.2
0.16371 960.2
0.16372 960.3
0.16373 960.3
0.16374 960.3
0.16375 960.4
0.16376 960.4
0.16377 960.4
0.16378 960.5
0.16379 960.5
0.16380 960.6
0.16381 960.6
0.16382 960.6
0.16383 960.7
0.16384 960.7
0.16385 960.8
0.16386 960.8
0.16387 960.8
0.16388 960.9
0.16389 960.9
0.16390 960.9
0.16391 961.0
0.16392 961.0
0.16393 961.1
0.16394 961.1
0.16395 961.1
0.16396 961.2
0.16397 961.2
0.16398 961.2
0.16399 961.3
0.16400 961.3
0.16401 961.4
0.16402 961.4
0.16403 961.4
0.16404 961.5
0.16405 961.5
0.16406 961.5
0.16407 961.6
0.16408 961.6
0.16409 961.7
0.16410 961.7
0.16411 961.7
0.16412 961.8
0.16413 961.8
0.16414 961.8
0.16415 961.9
0.16416 961.9
0.16417 961.9
0.16418 962.0
0.16419 962.0
0.16420 962.1
0.16421 962.1
0.16422 962.1
0.16423 962.2
0.16424 962.2
0.16425 962.2
0.16426 962.3
0.16427 962.3
0.16428 962.3
0.16429 962.4
0.16430 962.4
0.16431 962.4
0.16432 962.5
0.16433 962.5
0.16434 962.6
0.16435 962.6
0.16436 962.6
0.16437 962.7
0.16438 962.7
0.16439 962.7
0.16440 962.8
0.16441 962.8
0.16442 962.8
0.16443 962.9
0.16444 962.9
0.16445 962.9
0.16446 963.0
0.16447 963.0
0.16448 963.0
0.16449 963.1
0.16450 963.1
0.16451 963.1
0.16452 963.2
0.16453 963.2
0.16454 963.2
0.16455 963.3
0.16456 963.3
0.16457 963.3
0.16458 963.4
0.16459 963.4
0.16460 963.4
0.16461 963.5
0.16462 963.5
0.16463 963.5
0.16464 963.6
0.16465 963.6
0.16466 963.6
0.16467 963.7
0.16468 963.7
0.16469 963.7
0.16470 963.8
0.16471 963.8
0.16472 963.8
0.16473 963.9
0.16474 963.9
0.16475 963.9
0.16476 964.0
0.16477 964.0
0.16478 964.0
0.16479 964.1
0.16480 964.1
0.16481 964.1
0.16482 964.2
0.16483 964.2
0.16484 964.2
0.16485 964.3
0.16486 964.3
0.16487 964.3
0.16488 964.4
0.16489 964.4
0.16490 964.4
0.16491 964.5
0.16492 964.5
0.16493 964.5
0.16494 964.6
0.16495 964.6
0.16496 964.6
0.16497 964.7
0.16498 964.7
0.16499 964.7
0.16500 964.7
0.16501 964.8
0.16502 964.8
0.16503 964.8
0.16504 964.9
0.16505 964.9
0.16506 964.9
0.16507 965.0
0.16508 965.0
0.16509 965.0
0.16510 965.1
0.16511 965.1
0.16512 965.1
0.16513 965.1
0.16514 965.2
0.16515 965.2
0.16516 965.2
0.16517 965.3
0.16518 965.3
0.16519 965.3
0.16520 965.4
0.16521 965.4
0.16522 965.4
0.16523 965.4
0.16524 965.5
0.16525 965.5
0.16526 965.5
0.16527 965.6
0.16528 965.6
0.16529 965.6
0.16530 965.7
0.16531 965.7
0.16532 965.7
0.16533 965.7
0.16534 965.8
0.16535 965.8
0.16536 965.8
0.16537 965.9
0.16538 965.9
0.16539 965.9
0.16540 966.0
0.16541 966.0
0.16542 966.0
0.16543 966.0
0.16544 966.1
0.16545 966.1
0.16546 966.1
0.16547 966.2
0.16548 966.2
0.16549 966.2
0.16550 966.2
0.16551 966.3
0.16552 966.3
0.16553 966.3
0.16554 966.4
0.16555 966.4
0.16556 966.4
0.16557 966.4
0.16558 966.5
0.16559 966.5
0.16560 966.5
0.16561 966.6
0.16562 966.6
0.16563 966.6
0.16564 966.6
0.16565 966.7
0.16566 966.7
0.16567 966.7
0.16568 966.7
0.16569 966.8
0.16570 966.8
0.16571 966.8
0.16572 966.9
0.16573 966.9
0.16574 966.9
0.16575 966.9
0.16576 967.0
0.16577 967.0
0.16578 967.0
0.16579 967.1
0.16580 967.1
0.16581 967.1
0.16582 967.1
0.16583 967.2
0.16584 967.2
0.16585 967.2
0.16586 967.2
0.16587 967.3
0.16588 967.3
0.16589 967.3
0.16590 967.3
0.16591 967.4
0.16592 967.4
0.16593 967.4
0.16594 967.5
0.16595 967.5
0.16596 967.5
0.16597 967.5
0.16598 967.6
0.16599 967.6
0.16600 967.6
0.16601 967.6
0.16602 967.7
0.16603 967.7
0.16604 967.7
0.16605 967.7
0.16606 967.8
0.16607 967.8
0.16608 967.8
0.16609 967.8
0.16610 967.9
0.16611 967.9
0.16612 967.9
0.16613 967.9
0.16614 968.0
0.16615 968.0
0.16616 968.0
0.16617 968.0
0.16618 968.1
0.16619 968.1
0.16620 968.1
0.16621 968.1
0.16622 968.2
0.16623 968.2
0.16624 968.2
0.16625 968.2
0.16626 968.3
0.16627 968.3
0.16628 968.3
0.16629 968.3
0.16630 968.4
0.16631 968.4
0.16632 968.4
0.16633 968.4
0.16634 968.5
0.16635 968.5
0.16636 968.5
0.16637 968.5
0.16638 968.6
0.16639 968.6
0.16640 968.6
0.16641 968.6
0.16642 968.7
0.16643 968.7
0.16644 968.7
0.16645 968.7
0.16646 968.8
0.16647 968.8
0.16648 968.8
0.16649 968.8
0.16650 968.9
0.16651 968.9
0.16652 968.9
0.16653 968.9
0.16654 969.0
0.16655 969.0
0.16656 969.0
0.16657 969.0
0.16658 969.0
0.16659 969.1
0.16660 969.1
0.16661 969.1
0.16662 969.1
0.16663 969.2
0.16664 969.2
0.16665 969.2
0.16666 969.2
0.16667 969.3
0.16668 969.3
0.16669 969.3
0.16670 969.3
0.16671 969.3
0.16672 969.4
0.16673 969.4
0.16674 969.4
0.16675 969.4
0.16676 969.5
0.16677 969.5
0.16678 969.5
0.16679 969.5
0.16680 969.6
0.16681 969.6
0.16682 969.6
0.16683 969.6
0.16684 969.6
0.16685 969.7
0.16686 969.7
0.16687 969.7
0.16688 969.7
0.16689 969.8
0.16690 969.8
0.16691 969.8
0.16692 969.8
0.16693 969.8
0.16694 969.9
0.16695 969.9
0.16696 969.9
0.16697 969.9
0.16698 970.0
0.16699 970.0
0.16700 970.0
0.16701 970.0
0.16702 970.0
0.16703 970.1
0.16704 970.1
0.16705 970.1
0.16706 970.1
0.16707 970.1
0.16708 970.2
0.16709 970.2
0.16710 970.2
0.16711 970.2
0.16712 970.3
0.16713 970.3
0.16714 970.3
0.16715 970.3
0.16716 970.3
0.16717 970.4
0.16718 970.4
0.16719 970.4
0.16720 970.4
0.16721 970.4
0.16722 970.5
0.16723 970.5
0.16724 970.5
0.16725 970.5
0.16726 970.5
0.16727 970.6
0.16728 970.6
0.16729 970.6
0.16730 970.6
0.16731 970.7
0.16732 970.7
0.16733 970.7
0.16734 970.7
0.16735 970.7
0.16736 970.8
0.16737 970.8
0.16738 970.8
0.16739 970.8
0.16740 970.8
0.16741 970.9
0.16742 970.9
0.16743 970.9
0.16744 970.9
0.16745 970.9
0.16746 971.0
0.16747 971.0
0.16748 971.0
0.16749 971.0
0.16750 971.0
0.16751 971.1
0.16752 971.1
0.16753 971.1
0.16754 971.1
0.16755 971.1
0.16756 971.2
0.16757 971.2
0.16758 971.2
0.16759 971.2
0.16760 971.2
0.16761 971.2
0.16762 971.3
0.16763 971.3
0.16764 971.3
0.16765 971.3
0.16766 971.3
0.16767 971.4
0.16768 971.4
0.16769 971.4
0.16770 971.4
0.16771 971.4
0.16772 971.5
0.16773 971.5
0.16774 971.5
0.16775 971.5
0.16776 971.5
0.16777 971.6
0.16778 971.6
0.16779 971.6
0.16780 971.6
0.16781 971.6
0.16782 971.6
0.16783 971.7
0.16784 971.7
0.16785 971.7
0.16786 971.7
0.16787 971.7
0.16788 971.8
0.16789 971.8
0.16790 971.8
0.16791 971.8
0.16792 971.8
0.16793 971.8
0.16794 971.9
0.16795 971.9
0.16796 971.9
0.16797 971.9
0.16798 971.9
0.16799 972.0
0.16800 972.0
0.16801 972.0
0.16802 972.0
0.16803 972.0
0.16804 972.0
0.16805 972.1
0.16806 972.1
0.16807 972.1
0.16808 972.1
0.16809 972.1
0.16810 972.2
0.16811 972.2
0.16812 972.2
0.16813 972.2
0.16814 972.2
0.16815 972.2
0.16816 972.3
0.16817 972.3
0.16818 972.3
0.16819 972.3
0.16820 972.3
0.16821 972.3
0.16822 972.4
0.16823 972.4
0.16824 972.4
0.16825 972.4
0.16826 972.4
0.16827 972.5
0.16828 972.5
0.16829 972.5
0.16830 972.5
0.16831 972.5
0.16832 972.5
0.16833 972.6
0.16834 972.6
0.16835 972.6
0.16836 972.6
0.16837 972.6
0.16838 972.6
0.16839 972.7
0.16840 972.7
0.16841 972.7
0.16842 972.7
0.16843 972.7
0.16844 972.7
0.16845 972.8
0.16846 972.8
0.16847 972.8
0.16848 972.8
0.16849 972.8
0.16850 972.8
0.16851 972.9
0.16852 972.9
0.16853 972.9
0.16854 972.9
0.16855 972.9
0.16856 972.9
0.16857 972.9
0.16858 973.0
0.16859 973.0
0.16860 973.0
0.16861 973.0
0.16862 973.0
0.16863 973.0
0.16864 973.1
0.16865 973.1
0.16866 973.1
0.16867 973.1
0.16868 973.1
0.16869 973.1
0.16870 973.2
0.16871 973.2
0.16872 973.2
0.16873 973.2
0.16874 973.2
0.16875 973.2
0.16876 973.3
0.16877 973.3
0.16878 973.3
0.16879 973.3
0.16880 973.3
0.16881 973.3
0.16882 973.3
0.16883 973.4
0.16884 973.4
0.16885 973.4
0.16886 973.4
0.16887 973.4
0.16888 973.4
0.16889 973.5
0.16890 973.5
0.16891 973.5
0.16892 973.5
0.16893 973.5
0.16894 973.5
0.16895 973.5
0.16896 973.6
0.16897 973.6
0.16898 973.6
0.16899 973.6
0.16900 973.6
0.16901 973.6
0.16902 973.6
0.16903 973.7
0.16904 973.7
0.16905 973.7
0.16906 973.7
0.16907 973.7
0.16908 973.7
0.16909 973.7
0.16910 973.8
0.16911 973.8
0.16912 973.8
0.16913 973.8
0.16914 973.8
0.16915 973.8
0.16916 973.9
0.16917 973.9
0.16918 973.9
0.16919 973.9
0.16920 973.9
0.16921 973.9
0.16922 973.9
0.16923 974.0
0.16924 974.0
0.16925 974.0
0.16926 974.0
0.16927 974.0
0.16928 974.0
0.16929 974.0
0.16930 974.1
0.16931 974.1
0.16932 974.1
0.16933 974.1
0.16934 974.1
0.16935 974.1
0.16936 974.1
0.16937 974.1
0.16938 974.2
0.16939 974.2
0.16940 974.2
0.16941 974.2
0.16942 974.2
0.16943 974.2
0.16944 974.2
0.16945 974.3
0.16946 974.3
0.16947 974.3
0.16948 974.3
0.16949 974.3
0.16950 974.3
0.16951 974.3
0.16952 974.4
0.16953 974.4
0.16954 974.4
0.16955 974.4
0.16956 974.4
0.16957 974.4
0.16958 974.4
0.16959 974.4
0.16960 974.5
0.16961 974.5
0.16962 974.5
0.16963 974.5
0.16964 974.5
0.16965 974.5
0.16966 974.5
0.16967 974.6
0.16968 974.6
0.16969 974.6
0.16970 974.6
0.16971 974.6
0.16972 974.6
0.16973 974.6
0.16974 974.6
0.16975 974.7
0.16976 974.7
0.16977 974.7
0.16978 974.7
0.16979 974.7
0.16980 974.7
0.16981 974.7
0.16982 974.7
0.16983 974.8
0.16984 974.8
0.16985 974.8
0.16986 974.8
0.16987 974.8
0.16988 974.8
0.16989 974.8
0.16990 974.8
0.16991 974.9
0.16992 974.9
0.16993 974.9
0.16994 974.9
0.16995 974.9
0.16996 974.9
0.16997 974.9
0.16998 974.9
0.16999 975.0
0.17000 982.4
0.17001 982.4
0.17002 982.4
0.17003 982.4
0.17004 982.4
0.17005 982.4
0.17006 982.4
0.17007 982.4
0.17008 982.4
0.17009 982.4
0.17010 982.4
0.17011 982.4
0.17012 982.4
0.17013 982.4
0.17014 982.4
0.17015 982.4
0.17016 982.4
0.17017 982.4
0.17018 982.4
0.17019 982.4
0.17020 982.4
0.17021 982.4
0.17022 982.4
0.17023 982.4
0.17024 982.4
0.17025 982.4
0.17026 982.4
0.17027 982.4
0.17028 982.4
0.17029 982.4
0.17030 982.4
0.17031 982.4
0.17032 982.4
0.17033 982.4
0.17034 982.4
0.17035 982.4
0.17036 982.4
0.17037 982.4
0.17038 982.4
0.17039 982.4
0.17040 982.4
0.17041 982.4
0.17042 982.4
0.17043 982.4
0.17044 982.4
0.17045 982.4
0.17046 982.4
0.17047 982.4
0.17048 982.4
0.17049 982.4
0.17050 982.4
0.17051 982.4
0.17052 982.4
0.17053 982.4
0.17054 982.4
0.17055 982.4
0.17056 982.4
0.17057 982.4
0.17058 982.4
0.17059 982.4
0.17060 982.4
0.17061 982.4
0.17062 982.4
0.17063 982.4
0.17064 982.4
0.17065 982.4
0.17066 982.4
0.17067 982.4
0.17068 982.4
0.17069 982.4
0.17070 982.4
0.17071 982.4
0.17072 982.4
0.17073 982.4
0.17074 982.4
0.17075 982.4
0.17076 982.4
0.17077 982.4
0.17078 982.4
0.17079 982.4
0.17080 982.4
0.17081 982.4
0.17082 982.4
0.17083 982.4
0.17084 982.4
0.17085 982.4
0.17086 982.4
0.17087 982.4
0.17088 982.4
0.17089 982.4
0.17090 982.4
0.17091 982.4
0.17092 982.4
0.17093 982.4
0.17094 982.4
0.17095 982.4
0.17096 982.4
0.17097 982.4
0.17098 982.4
0.17099 982.4
0.17100 982.4
0.17101 982.4
0.17102 982.4
0.17103 982.4
0.17104 982.4
0.17105 982.4
0.17106 982.4
0.17107 982.4
0.17108 982.4
0.17109 982.4
0.17110 982.4
0.17111 982.4
0.17112 982.4
0.17113 982.4
0.17114 982.4
0.17115 982.4
0.17116 982.4
0.17117 982.4
0.17118 982.4
0.17119 982.4
0.17120 982.4
0.17121 982.4
0.17122 982.4
0.17123 982.4
0.17124 982.4
0.17125 982.4
0.17126 982.4
0.17127 982.4
0.17128 982.4
0.17129 982.4
0.17130 982.4
0.17131 982.4
0.17132 982.4
0.17133 982.4
0.17134 982.4
0.17135 982.4
0.17136 982.4
0.17137 982.4
0.17138 982.4
0.17139 982.4
0.17140 982.4
0.17141 982.4
0.17142 982.4
0.17143 982.4
0.17144 982.4
0.17145 982.4
0.17146 982.4
0.17147 982.4
0.17148 982.4
0.17149 982.4
0.17150 982.4
0.17151 982.4
0.17152 982.4
0.17153 982.4
0.17154 982.4
0.17155 982.4
0.17156 982.4
0.17157 982.4
0.17158 982.4
0.17159 982.4
0.17160 982.4
0.17161 982.4
0.17162 982.4
0.17163 982.4
0.17164 982.4
0.17165 982.4
0.17166 982.4
0.17167 982.4
0.17168 982.4
0.17169 982.4
0.17170 982.4
0.17171 982.4
0.17172 982.4
0.17173 982.4
0.17174 982.4
0.17175 982.4
0.17176 982.4
0.17177 982.4
0.17178 982.4
0.17179 982.4
0.17180 982.4
0.17181 982.4
0.17182 982.4
0.17183 982.4
0.17184 982.4
0.17185 982.4
0.17186 982.4
0.17187 982.4
0.17188 982.4
0.17189 982.4
0.17190 982.4
0.17191 982.4
0.17192 982.4
0.17193 982.4
0.17194 982.4
0.17195 982.4
0.17196 982.4
0.17197 982.4
0.17198 982.4
0.17199 982.4
0.17200 982.4
0.17201 982.4
0.17202 982.4
0.17203 982.4
0.17204 982.4
0.17205 982.4
0.17206 982.4
0.17207 982.4
0.17208 982.4
0.17209 982.4
0.17210 982.4
0.17211 982.4
0.17212 982.4
0.17213 982.4
0.17214 982.4
0.17215 982.4
0.17216 982.4
0.17217 982.4
0.17218 982.4
0.17219 982.4
0.17220 982.4
0.17221 982.4
0.17222 982.4
0.17223 982.4
0.17224 982.4
0.17225 982.4
0.17226 982.4
0.17227 982.4
0.17228 982.4
0.17229 982.4
0.17230 982.4
0.17231 982.4
0.17232 982.4
0.17233 982.4
0.17234 982.4
0.17235 982.4
0.17236 982.4
0.17237 982.4
0.17238 982.4
0.17239 982.4
0.17240 982.4
0.17241 982.4
0.17242 982.4
0.17243 982.4
0.17244 982.4
0.17245 982.4
0.17246 982.4
0.17247 982.4
0.17248 982.4
0.17249 982.4
0.17250 982.4
0.17251 982.4
0.17252 982.4
0.17253 982.4
0.17254 982.4
0.17255 982.4
0.17256 982.4
0.17257 982.4
0.17258 982.4
0.17259 982.4
0.17260 982.4
0.17261 982.4
0.17262 982.4
0.17263 982.4
0.17264 982.4
0.17265 982.4
0.17266 982.4
0.17267 982.4
0.17268 982.4
0.17269 982.4
0.17270 982.4
0.17271 982.4
0.17272 982.4
0.17273 982.4
0.17274 982.4
0.17275 982.4
0.17276 982.4
0.17277 982.4
0.17278 982.4
0.17279 982.4
0.17280 982.4
0.17281 982.4
0.17282 982.4
0.17283 982.4
0.17284 982.4
0.17285 982.4
0.17286 982.4
0.17287 982.4
0.17288 982.4
0.17289 982.4
0.17290 982.4
0.17291 982.4
0.17292 982.4
0.17293 982.4
0.17294 982.4
0.17295 982.4
0.17296 982.4
0.17297 982.4
0.17298 982.4
0.17299 982.4
0.17300 982.4
0.17301 982.4
0.17302 982.4
0.17303 982.4
0.17304 982.4
0.17305 982.4
0.17306 982.4
0.17307 982.4
0.17308 982.4
0.17309 982.4
0.17310 982.4
0.17311 982.4
0.17312 982.4
0.17313 982.4
0.17314 982.4
0.17315 982.4
0.17316 982.4
0.17317 982.4
0.17318 982.4
0.17319 982.4
0.17320 982.4
0.17321 982.4
0.17322 982.4
0.17323 982.4
0.17324 982.4
0.17325 982.4
0.17326 982.4
0.17327 982.4
0.17328 982.4
0.17329 982.4
0.17330 982.4
0.17331 982.4
0.17332 982.4
0.17333 982.4
0.17334 982.4
0.17335 982.4
0.17336 982.4
0.17337 982.4
0.17338 982.4
0.17339 982.4
0.17340 982.4
0.17341 982.4
0.17342 982.4
0.17343 982.4
0.17344 982.4
0.17345 982.4
0.17346 982.4
0.17347 982.4
0.17348 982.4
0.17349 982.4
0.17350 982.4
0.17351 982.4
0.17352 982.4
0.17353 982.4
0.17354 982.4
0.17355 982.4
0.17356 982.4
0.17357 982.4
0.17358 982.4
0.17359 982.4
0.17360 982.4
0.17361 982.4
0.17362 982.4
0.17363 982.4
0.17364 982.4
0.17365 982.4
0.17366 982.4
0.17367 982.4
0.17368 982.4
0.17369 982.4
0.17370 982.4
0.17371 982.4
0.17372 982.4
0.17373 982.4
0.17374 982.4
0.17375 982.4
0.17376 982.4
0.17377 982.4
0.17378 982.4
0.17379 982.4
0.17380 982.4
0.17381 982.4
0.17382 982.4
0.17383 982.4
0.17384 982.4
0.17385 982.4
0.17386 982.4
0.17387 982.4
0.17388 982.4
0.17389 982.4
0.17390 982.4
0.17391 982.4
0.17392 982.4
0.17393 982.4
0.17394 982.4
0.17395 982.4
0.17396 982.4
0.17397 982.4
0.17398 982.4
0.17399 982.4
0.17400 982.4
0.17401 982.4
0.17402 982.4
0.17403 982.4
0.17404 982.4
0.17405 982.4
0.17406 982.4
0.17407 982.4
0.17408 982.4
0.17409 982.4
0.17410 982.4
0.17411 982.4
0.17412 982.4
0.17413 982.4
0.17414 982.4
0.17415 982.4
0.17416 982.4
0.17417 982.4
0.17418 982.4
0.17419 982.4
0.17420 982.4
0.17421 982.4
0.17422 982.4
0.17423 982.4
0.17424 982.4
0.17425 982.4
0.17426 982.4
0.17427 982.4
0.17428 982.4
0.17429 982.4
0.17430 982.4
0.17431 982.4
0.17432 982.4
0.17433 982.4
0.17434 982.4
0.17435 982.4
0.17436 982.4
0.17437 982.4
0.17438 982.4
0.17439 982.4
0.17440 982.4
0.17441 982.4
0.17442 982.4
0.17443 982.4
0.17444 982.4
0.17445 982.4
0.17446 982.4
0.17447 982.4
0.17448 982.4
0.17449 982.4
0.17450 982.4
0.17451 982.4
0.17452 982.4
0.17453 982.4
0.17454 982.4
0.17455 982.4
0.17456 982.4
0.17457 982.4
0.17458 982.4
0.17459 982.4
0.17460 982.4
0.17461 982.4
0.17462 982.4
0.17463 982.4
0.17464 982.4
0.17465 982.4
0.17466 982.4
0.17467 982.4
0.17468 982.4
0.17469 982.4
0.17470 982.4
0.17471 982.4
0.17472 982.4
0.17473 982.4
0.17474 982.4
0.17475 982.4
0.17476 982.4
0.17477 982.4
0.17478 982.4
0.17479 982.4
0.17480 982.4
0.17481 982.4
0.17482 982.4
0.17483 982.4
0.17484 982.4
0.17485 982.4
0.17486 982.4
0.17487 982.4
0.17488 982.4
0.17489 982.4
0.17490 982.4
0.17491 982.4
0.17492 982.4
0.17493 982.4
0.17494 982.4
0.17495 982.4
0.17496 982.4
0.17497 982.4
0.17498 982.4
0.17499 982.4
0.17500 982.4
0.17501 982.4
0.17502 982.4
0.17503 982.4
0.17504 982.4
0.17505 982.4
0.17506 982.4
0.17507 982.4
0.17508 982.4
0.17509 982.4
0.17510 982.4
0.17511 982.4
0.17512 982.4
0.17513 982.4
0.17514 982.4
0.17515 982.4
0.17516 982.4
0.17517 982.4
0.17518 982.4
0.17519 982.4
0.17520 982.4
0.17521 982.4
0.17522 982.4
0.17523 982.4
0.17524 982.4
0.17525 982.4
0.17526 982.4
0.17527 982.4
0.17528 982.4
0.17529 982.4
0.17530 982.4
0.17531 982.4
0.17532 982.4
0.17533 982.4
0.17534 982.4
0.17535 982.4
0.17536 982.4
0.17537 982.4
0.17538 982.4
0.17539 982.4
0.17540 982.4
0.17541 982.4
0.17542 982.4
0.17543 982.4
0.17544 982.4
0.17545 982.4
0.17546 982.4
0.17547 982.4
0.17548 982.4
0.17549 982.4
0.17550 982.4
0.17551 982.4
0.17552 982.4
0.17553 982.4
0.17554 982.4
0.17555 982.4
0.17556 982.4
0.17557 982.4
0.17558 982.4
0.17559 982.4
0.17560 982.4
0.17561 982.4
0.17562 982.4
0.17563 982.4
0.17564 982.4
0.17565 982.4
0.17566 982.4
0.17567 982.4
0.17568 982.4
0.17569 982.4
0.17570 982.4
0.17571 982.4
0.17572 982.4
0.17573 982.4
0.17574 982.4
0.17575 982.4
0.17576 982.4
0.17577 982.4
0.17578 982.4
0.17579 982.4
0.17580 982.4
0.17581 982.4
0.17582 982.4
0.17583 982.4
0.17584 982.4
0.17585 982.4
0.17586 982.4
0.17587 982.4
0.17588 982.4
0.17589 982.4
0.17590 982.4
0.17591 982.4
0.17592 982.4
0.17593 982.4
0.17594 982.4
0.17595 982.4
0.17596 982.4
0.17597 982.4
0.17598 982.4
0.17599 982.4
0.17600 982.4
0.17601 982.4
0.17602 982.4
0.17603 982.4
0.17604 982.4
0.17605 982.4
0.17606 982.4
0.17607 982.4
0.17608 982.4
0.17609 982.4
0.17610 982.4
0.17611 982.4
0.17612 982.4
0.17613 982.4
0.17614 982.4
0.17615 982.4
0.17616 982.4
0.17617 982.4
0.17618 982.4
0.17619 982.4
0.17620 982.4
0.17621 982.4
0.17622 982.4
0.17623 982.4
0.17624 982.4
0.17625 982.4
0.17626 982.4
0.17627 982.4
0.17628 982.4
0.17629 982.4
0.17630 982.4
0.17631 982.4
0.17632 982.4
0.17633 982.4
0.17634 982.4
0.17635 982.4
0.17636 982.4
0.17637 982.4
0.17638 982.4
0.17639 982.4
0.17640 982.4
0.17641 982.4
0.17642 982.4
0.17643 982.4
0.17644 982.4
0.17645 982.4
0.17646 982.4
0.17647 982.4
0.17648 982.4
0.17649 982.4
0.17650 982.4
0.17651 982.4
0.17652 982.4
0.17653 982.4
0.17654 982.4
0.17655 982.4
0.17656 982.4
0.17657 982.4
0.17658 982.4
0.17659 982.4
0.17660 982.4
0.17661 982.4
0.17662 982.4
0.17663 982.4
0.17664 982.4
0.17665 982.4
0.17666 982.4
0.17667 982.4
0.17668 982.4
0.17669 982.4
0.17670 982.4
0.17671 982.4
0.17672 982.4
0.17673 982.4
0.17674 982.4
0.17675 982.4
0.17676 982.4
0.17677 982.4
0.17678 982.4
0.17679 982.4
0.17680 982.4
0.17681 982.4
0.17682 982.4
0.17683 982.4
0.17684 982.4
0.17685 982.4
0.17686 982.4
0.17687 982.4
0.17688 982.4
0.17689 982.4
0.17690 982.4
0.17691 982.4
0.17692 982.4
0.17693 982.4
0.17694 982.4
0.17695 982.4
0.17696 982.4
0.17697 982.4
0.17698 982.4
0.17699 982.4
0.17700 982.4
0.17701 982.4
0.17702 982.4
0.17703 982.4
0.17704 982.4
0.17705 982.4
0.17706 982.4
0.17707 982.4
0.17708 982.4
0.17709 982.4
0.17710 982.4
0.17711 982.4
0.17712 982.4
0.17713 982.4
0.17714 982.4
0.17715 982.4
0.17716 982.4
0.17717 982.4
0.17718 982.4
0.17719 982.4
0.17720 982.4
0.17721 982.4
0.17722 982.4
0.17723 982.4
0.17724 982.4
0.17725 982.4
0.17726 982.4
0.17727 982.4
0.17728 982.4
0.17729 982.4
0.17730 982.4
0.17731 982.4
0.17732 982.4
0.17733 982.4
0.17734 982.4
0.17735 982.4
0.17736 982.4
0.17737 982.4
0.17738 982.4
0.17739 982.4
0.17740 982.4
0.17741 982.4
0.17742 982.4
0.17743 982.4
0.17744 982.4
0.17745 982.4
0.17746 982.4
0.17747 982.4
0.17748 982.4
0.17749 982.4
0.17750 982.4
0.17751 982.4
0.17752 982.4
0.17753 982.4
0.17754 982.4
0.17755 982.4
0.17756 982.4
0.17757 982.4
0.17758 982.4
0.17759 982.4
0.17760 982.4
0.17761 982.4
0.17762 982.4
0.17763 982.4
0.17764 982.4
0.17765 982.4
0.17766 982.4
0.17767 982.4
0.17768 982.4
0.17769 982.4
0.17770 982.4
0.17771 982.4
0.17772 982.4
0.17773 982.4
0.17774 982.4
0.17775 982.4
0.17776 982.4
0.17777 982.4
0.17778 982.4
0.17779 982.4
0.17780 982.4
0.17781 982.4
0.17782 982.4
0.17783 982.4
0.17784 982.4
0.17785 982.4
0.17786 982.4
0.17787 982.4
0.17788 982.4
0.17789 982.4
0.17790 982.4
0.17791 982.4
0.17792 982.4
0.17793 982.4
0.17794 982.4
0.17795 982.4
0.17796 982.4
0.17797 982.4
0.17798 982.4
0.17799 982.4
0.17800 982.4
0.17801 982.4
0.17802 982.4
0.17803 982.4
0.17804 982.4
0.17805 982.4
0.17806 982.4
0.17807 982.4
0.17808 982.4
0.17809 982.4
0.17810 982.4
0.17811 982.4
0.17812 982.4
0.17813 982.4
0.17814 982.4
0.17815 982.4
0.17816 982.4
0.17817 982.4
0.17818 982.4
0.17819 982.4
0.17820 982.4
0.17821 982.4
0.17822 982.4
0.17823 982.4
0.17824 982.4
0.17825 982.4
0.17826 982.4
0.17827 982.4
0.17828 982.4
0.17829 982.4
0.17830 982.4
0.17831 982.4
0.17832 982.4
0.17833 982.4
0.17834 982.4
0.17835 982.4
0.17836 982.4
0.17837 982.4
0.17838 982.4
0.17839 982.4
0.17840 982.4
0.17841 982.4
0.17842 982.4
0.17843 982.4
0.17844 982.4
0.17845 982.4
0.17846 982.4
0.17847 982.4
0.17848 982.4
0.17849 982.4
0.17850 982.4
0.17851 982.4
0.17852 982.4
0.17853 982.4
0.17854 982.4
0.17855 982.4
0.17856 982.4
0.17857 982.4
0.17858 982.4
0.17859 982.4
0.17860 982.4
0.17861 982.4
0.17862 982.4
0.17863 982.4
0.17864 982.4
0.17865 982.4
0.17866 982.4
0.17867 982.4
0.17868 982.4
0.17869 982.4
0.17870 982.4
0.17871 982.4
0.17872 982.4
0.17873 982.4
0.17874 982.4
0.17875 982.4
0.17876 982.4
0.17877 982.4
0.17878 982.4
0.17879 982.4
0.17880 982.4
0.17881 982.4
0.17882 982.4
0.17883 982.4
0.17884 982.4
0.17885 982.4
0.17886 982.4
0.17887 982.4
0.17888 982.4
0.17889 982.4
0.17890 982.4
0.17891 982.4
0.17892 982.4
0.17893 982.4
0.17894 982.4
0.17895 982.4
0.17896 982.4
0.17897 982.4
0.17898 982.4
0.17899 982.4
0.17900 982.4
0.17901 982.4
0.17902 982.4
0.17903 982.4
0.17904 982.4
0.17905 982.4
0.17906 982.4
0.17907 982.4
0.17908 982.4
0.17909 982.4
0.17910 982.4
0.17911 982.4
0.17912 982.4
0.17913 982.4
0.17914 982.4
0.17915 982.4
0.17916 982.4
0.17917 982.4
0.17918 982.4
0.17919 982.4
0.17920 982.4
0.17921 982.4
0.17922 982.4
0.17923 982.4
0.17924 982.4
0.17925 982.4
0.17926 982.4
0.17927 982.4
0.17928 982.4
0.17929 982.4
0.17930 982.4
0.17931 982.4
0.17932 982.4
0.17933 982.4
0.17934 982.4
0.17935 982.4
0.17936 982.4
0.17937 982.4
0.17938 982.4
0.17939 982.4
0.17940 982.4
0.17941 982.4
0.17942 982.4
0.17943 982.4
0.17944 982.4
0.17945 982.4
0.17946 982.4
0.17947 982.4
0.17948 982.4
0.17949 982.4
0.17950 982.4
0.17951 982.4
0.17952 982.4
0.17953 982.4
0.17954 982.4
0.17955 982.4
0.17956 982.4
0.17957 982.4
0.17958 982.4
0.17959 982.4
0.17960 982.4
0.17961 982.4
0.17962 982.4
0.17963 982.4
0.17964 982.4
0.17965 982.4
0.17966 982.4
0.17967 982.4
0.17968 982.4
0.17969 982.4
0.17970 982.4
0.17971 982.4
0.17972 982.4
0.17973 982.4
0.17974 982.4
0.17975 982.4
0.17976 982.4
0.17977 982.4
0.17978 982.4
0.17979 982.4
0.17980 982.4
0.17981 982.4
0.17982 982.4
0.17983 982.4
0.17984 982.4
0.17985 982.4
0.17986 982.4
0.17987 982.4
0.17988 982.4
0.17989 982.4
0.17990 982.4
0.17991 982.4
0.17992 982.4
0.17993 982.4
0.17994 982.4
0.17995 982.4
0.17996 982.4
0.17997 982.4
0.17998 982.4
0.17999 982.4
0.18000 982.4
