0.00000 38577.4
0.00001 38577.4
0.00002 38577.4
0.00003 38577.4
0.00004 38577.4
0.00005 38577.4
0.00006 38577.4
0.00007 38577.4
0.00008 38577.4
0.00009 38577.4
0.00010 38577.4
0.00011 38577.4
0.00012 38577.4
0.00013 38577.4
0.00014 38577.4
0.00015 38577.4
0.00016 38577.4
0.00017 38577.4
0.00018 38577.4
0.00019 38577.4
0.00020 38577.4
0.00021 38577.4
0.00022 38577.4
0.00023 38577.4
0.00024 38577.4
0.00025 38577.4
0.00026 38577.4
0.00027 38577.4
0.00028 38577.4
0.00029 38577.4
0.00030 38577.4
0.00031 38577.4
0.00032 38577.4
0.00033 38577.4
0.00034 38577.4
0.00035 38577.4
0.00036 38577.4
0.00037 38577.4
0.00038 38577.4
0.00039 38577.4
0.00040 38577.4
0.00041 38577.4
0.00042 38577.4
0.00043 38577.4
0.00044 38577.4
0.00045 38577.4
0.00046 38577.4
0.00047 38577.4
0.00048 38577.4
0.00049 38577.4
0.00050 38577.4
0.00051 38577.4
0.00052 38577.4
0.00053 38577.4
0.00054 38577.4
0.00055 38577.4
0.00056 38577.4
0.00057 38577.4
0.00058 38577.4
0.00059 38577.4
0.00060 38577.4
0.00061 38577.4
0.00062 38577.4
0.00063 38577.4
0.00064 38577.4
0.00065 38577.4
0.00066 38577.4
0.00067 38577.4
0.00068 38577.4
0.00069 38577.4
0.00070 38577.4
0.00071 38577.4
0.00072 38577.4
0.00073 38577.4
0.00074 38577.4
0.00075 38577.4
0.00076 38577.4
0.00077 38577.4
0.00078 38577.4
0.00079 38577.4
0.00080 38577.4
0.00081 38577.4
0.00082 38577.4
0.00083 38577.4
0.00084 38577.4
0.00085 38577.4
0.00086 38577.4
0.00087 38577.4
0.00088 38577.4
0.00089 38577.4
0.00090 38577.4
0.00091 38577.4
0.00092 38577.4
0.00093 38577.4
0.00094 38577.4
0.00095 38577.4
0.00096 38577.4
0.00097 38577.4
0.00098 38577.4
0.00099 38577.4
0.00100 38577.4
0.00101 37153.6
0.00102 35786.4
0.00103 34473.5
0.00104 33212.4
0.00105 32001.1
0.00106 30837.4
0.00107 29719.2
0.00108 28644.6
0.00109 27611.7
0.00110 26618.9
0.00111 25664.4
0.00112 24746.5
0.00113 23863.7
0.00114 23014.5
0.00115 22197.5
0.00116 21411.2
0.00117 20654.4
0.00118 19925.7
0.00119 19223.9
0.00120 18547.8
0.00121 17896.2
0.00122 17268.0
0.00123 16662.0
0.00124 16077.3
0.00125 15512.7
0.00126 14967.2
0.00127 14439.7
0.00128 13929.4
0.00129 13435.1
0.00130 12955.9
0.00131 12490.9
0.00132 12038.9
0.00133 11599.2
0.00134 11170.5
0.00135 10752.1
0.00136 10342.8
0.00137 9941.8
0.00138 9547.9
0.00139 9160.3
0.00140 8777.8
0.00141 8399.5
0.00142 8024.5
0.00143 7651.7
0.00144 7280.2
0.00145 6909.3
0.00146 6538.1
0.00147 6166.0
0.00148 5792.4
0.00149 5417.2
0.00150 5040.2
0.00151 4839.3
0.00152 4613.5
0.00153 4364.5
0.00154 4095.1
0.00155 3808.3
0.00156 3508.3
0.00157 3199.7
0.00158 2887.6
0.00159 2577.9
0.00160 2276.6
0.00161 1989.7
0.00162 1723.0
0.00163 1481.3
0.00164 1268.4
0.00165 1086.2
0.00166 935.0
0.00167 812.8
0.00168 716.6
0.00169 642.2
0.00170 585.3
0.00171 542.1
0.00172 509.2
0.00173 484.3
0.00174 465.3
0.00175 450.9
0.00176 440.1
0.00177 432.2
0.00178 426.7
0.00179 423.2
0.00180 421.3
0.00181 421.0
0.00182 421.9
0.00183 424.2
0.00184 427.6
0.00185 432.1
0.00186 437.7
0.00187 444.5
0.00188 452.3
0.00189 461.3
0.00190 471.4
0.00191 482.8
0.00192 495.5
0.00193 509.5
0.00194 524.9
0.00195 541.9
0.00196 560.5
0.00197 580.8
0.00198 603.0
0.00199 627.2
0.00200 653.4
0.00201 682.0
0.00202 713.0
0.00203 746.6
0.00204 783.0
0.00205 822.5
0.00206 865.1
0.00207 911.2
0.00208 961.0
0.00209 1014.7
0.00210 1072.5
0.00211 1134.8
0.00212 1201.9
0.00213 1273.9
0.00214 1351.2
0.00215 1434.0
0.00216 1522.7
0.00217 1617.6
0.00218 1718.9
0.00219 1826.9
0.00220 1941.8
0.00221 2064.1
0.00222 2193.8
0.00223 2331.2
0.00224 2476.6
0.00225 2630.2
0.00226 2792.1
0.00227 2962.4
0.00228 3141.3
0.00229 3329.0
0.00230 3525.5
0.00231 3730.8
0.00232 3944.9
0.00233 4168.0
0.00234 4399.9
0.00235 4640.6
0.00236 4890.1
0.00237 5148.2
0.00238 5414.9
0.00239 5690.0
0.00240 5973.5
0.00241 6265.1
0.00242 6564.8
0.00243 6872.3
0.00244 7187.5
0.00245 7510.2
0.00246 7840.2
0.00247 8177.4
0.00248 8521.6
0.00249 8872.5
0.00250 9230.0
0.00251 9593.9
0.00252 9964.0
0.00253 10340.2
0.00254 10722.1
0.00255 11109.7
0.00256 11502.7
0.00257 11900.8
0.00258 12304.0
0.00259 12712.0
0.00260 13124.5
0.00261 13541.3
0.00262 13962.2
0.00263 14386.8
0.00264 14815.0
0.00265 15246.4
0.00266 15680.8
0.00267 16117.8
0.00268 16557.1
0.00269 16998.4
0.00270 17441.4
0.00271 17885.6
0.00272 18330.8
0.00273 18776.5
0.00274 19222.4
0.00275 19668.0
0.00276 20113.1
0.00277 20557.2
0.00278 20999.9
0.00279 21440.9
0.00280 21879.8
0.00281 22316.2
0.00282 22749.7
0.00283 23180.0
0.00284 23606.8
0.00285 24029.7
0.00286 24448.5
0.00287 24862.8
0.00288 25272.4
0.00289 25677.0
0.00290 26076.5
0.00291 26470.5
0.00292 26858.9
0.00293 27241.5
0.00294 27618.2
0.00295 27988.8
0.00296 28353.2
0.00297 28711.3
0.00298 29063.1
0.00299 29408.5
0.00300 29747.4
0.00301 30079.8
0.00302 30405.7
0.00303 30725.0
0.00304 31037.9
0.00305 31344.3
0.00306 31644.2
0.00307 31937.7
0.00308 32224.9
0.00309 32505.7
0.00310 32780.3
0.00311 33048.7
0.00312 33311.1
0.00313 33567.4
0.00314 33817.8
0.00315 34062.3
0.00316 34301.1
0.00317 34534.3
0.00318 34761.9
0.00319 34984.1
0.00320 35200.8
0.00321 35412.4
0.00322 35618.8
0.00323 35820.1
0.00324 36016.6
0.00325 36208.1
0.00326 36395.0
0.00327 36577.2
0.00328 36754.8
0.00329 36928.0
0.00330 37096.9
0.00331 37261.6
0.00332 37422.1
0.00333 37578.6
0.00334 37731.2
0.00335 37879.9
0.00336 38024.8
0.00337 38166.1
0.00338 38303.8
0.00339 38438.0
0.00340 38568.8
0.00341 38696.2
0.00342 38820.5
0.00343 38941.5
0.00344 39059.5
0.00345 39174.5
0.00346 39286.6
0.00347 39395.8
0.00348 39502.2
0.00349 39606.0
0.00350 39707.1
0.00351 39805.6
0.00352 39901.6
0.00353 39995.2
0.00354 40086.4
0.00355 40175.2
0.00356 40261.8
0.00357 40346.3
0.00358 40428.6
0.00359 40508.7
0.00360 40586.9
0.00361 40663.1
0.00362 40737.3
0.00363 40809.7
0.00364 40880.3
0.00365 40949.0
0.00366 41016.1
0.00367 41081.4
0.00368 41145.1
0.00369 41207.2
0.00370 41267.7
0.00371 41326.7
0.00372 41384.2
0.00373 41440.3
0.00374 41495.0
0.00375 41548.3
0.00376 41600.3
0.00377 41650.9
0.00378 41700.3
0.00379 41748.5
0.00380 41795.5
0.00381 41841.2
0.00382 41885.9
0.00383 41929.4
0.00384 41971.9
0.00385 42013.2
0.00386 42053.6
0.00387 42093.0
0.00388 42131.3
0.00389 42168.7
0.00390 42205.2
0.00391 42240.8
0.00392 42275.5
0.00393 42309.3
0.00394 42342.3
0.00395 42374.5
0.00396 42405.9
0.00397 42436.5
0.00398 42466.3
0.00399 42495.4
0.00400 42523.8
0.00401 42551.4
0.00402 42578.4
0.00403 42604.7
0.00404 42630.3
0.00405 42655.4
0.00406 42679.7
0.00407 42703.5
0.00408 42726.7
0.00409 42749.3
0.00410 42771.3
0.00411 42792.8
0.00412 42813.8
0.00413 42834.2
0.00414 42854.1
0.00415 42873.5
0.00416 42892.4
0.00417 42910.8
0.00418 42928.8
0.00419 42946.3
0.00420 42963.4
0.00421 42980.0
0.00422 42996.2
0.00423 43012.0
0.00424 43027.4
0.00425 43042.3
0.00426 43056.9
0.00427 43071.2
0.00428 43085.0
0.00429 43098.5
0.00430 43111.6
0.00431 43124.4
0.00432 43136.9
0.00433 43149.0
0.00434 43160.8
0.00435 43172.3
0.00436 43183.4
0.00437 43194.3
0.00438 43204.9
0.00439 43215.2
0.00440 43225.2
0.00441 43234.9
0.00442 43244.3
0.00443 43253.5
0.00444 43262.5
0.00445 43271.1
0.00446 43279.6
0.00447 43287.8
0.00448 43295.7
0.00449 43303.4
0.00450 43310.9
0.00451 43318.2
0.00452 43325.3
0.00453 43332.1
0.00454 43338.7
0.00455 43345.1
0.00456 43351.4
0.00457 43357.4
0.00458 43363.2
0.00459 43368.9
0.00460 43374.3
0.00461 43379.6
0.00462 43384.7
0.00463 43389.7
0.00464 43394.4
0.00465 43399.0
0.00466 43403.4
0.00467 43407.7
0.00468 43411.8
0.00469 43415.8
0.00470 43419.6
0.00471 43423.3
0.00472 43426.8
0.00473 43430.2
0.00474 43433.4
0.00475 43436.5
0.00476 43439.4
0.00477 43442.3
0.00478 43445.0
0.00479 43447.6
0.00480 43450.0
0.00481 43452.3
0.00482 43454.6
0.00483 43456.7
0.00484 43458.6
0.00485 43460.5
0.00486 43462.3
0.00487 43463.9
0.00488 43465.4
0.00489 43466.9
0.00490 43468.2
0.00491 43469.4
0.00492 43470.6
0.00493 43471.6
0.00494 43472.6
0.00495 43473.4
0.00496 43474.2
0.00497 43474.8
0.00498 43475.4
0.00499 43475.9
0.00500 43476.3
0.00501 43476.6
0.00502 43476.8
0.00503 43477.0
0.00504 43477.0
0.00505 43477.0
0.00506 43477.0
0.00507 43476.8
0.00508 43476.6
0.00509 43476.2
0.00510 43475.9
0.00511 43475.4
0.00512 43474.9
0.00513 43474.3
0.00514 43473.6
0.00515 43472.9
0.00516 43472.1
0.00517 43471.3
0.00518 43470.3
0.00519 43469.4
0.00520 43468.3
0.00521 43467.2
0.00522 43466.1
0.00523 43464.8
0.00524 43463.6
0.00525 43462.2
0.00526 43460.8
0.00527 43459.4
0.00528 43457.9
0.00529 43456.4
0.00530 43454.8
0.00531 43453.1
0.00532 43451.4
0.00533 43449.6
0.00534 43447.8
0.00535 43446.0
0.00536 43444.1
0.00537 43442.2
0.00538 43440.2
0.00539 43438.1
0.00540 43436.0
0.00541 43433.9
0.00542 43431.8
0.00543 43429.5
0.00544 43427.3
0.00545 43425.0
0.00546 43422.7
0.00547 43420.3
0.00548 43417.9
0.00549 43415.4
0.00550 43412.9
0.00551 43410.4
0.00552 43407.8
0.00553 43405.2
0.00554 43402.6
0.00555 43399.9
0.00556 43397.2
0.00557 43394.5
0.00558 43391.7
0.00559 43388.9
0.00560 43386.0
0.00561 43383.2
0.00562 43380.2
0.00563 43377.3
0.00564 43374.3
0.00565 43371.3
0.00566 43368.3
0.00567 43365.2
0.00568 43362.1
0.00569 43359.0
0.00570 43355.8
0.00571 43352.7
0.00572 43349.5
0.00573 43346.2
0.00574 43343.0
0.00575 43339.7
0.00576 43336.3
0.00577 43333.0
0.00578 43329.6
0.00579 43326.2
0.00580 43322.8
0.00581 43319.4
0.00582 43315.9
0.00583 43312.4
0.00584 43308.9
0.00585 43305.3
0.00586 43301.8
0.00587 43298.2
0.00588 43294.6
0.00589 43290.9
0.00590 43287.3
0.00591 43283.6
0.00592 43279.9
0.00593 43276.2
0.00594 43272.4
0.00595 43268.7
0.00596 43264.9
0.00597 43261.1
0.00598 43257.3
0.00599 43253.4
0.00600 43249.6
0.00601 43245.7
0.00602 43241.8
0.00603 43237.9
0.00604 43233.9
0.00605 43230.0
0.00606 43226.0
0.00607 43222.0
0.00608 43218.0
0.00609 43214.0
0.00610 43209.9
0.00611 43205.9
0.00612 43201.8
0.00613 43197.7
0.00614 43193.6
0.00615 43189.5
0.00616 43185.3
0.00617 43181.2
0.00618 43177.0
0.00619 43172.8
0.00620 43168.6
0.00621 43164.4
0.00622 43160.2
0.00623 43155.9
0.00624 43151.7
0.00625 43147.4
0.00626 43143.1
0.00627 43138.8
0.00628 43134.5
0.00629 43130.1
0.00630 43125.8
0.00631 43121.4
0.00632 43117.1
0.00633 43112.7
0.00634 43108.3
0.00635 43103.9
0.00636 43099.5
0.00637 43095.0
0.00638 43090.6
0.00639 43086.1
0.00640 43081.7
0.00641 43077.2
0.00642 43072.7
0.00643 43068.2
0.00644 43063.7
0.00645 43059.2
0.00646 43054.6
0.00647 43050.1
0.00648 43045.5
0.00649 43041.0
0.00650 43036.4
0.00651 43031.8
0.00652 43027.2
0.00653 43022.6
0.00654 43018.0
0.00655 43013.4
0.00656 43008.7
0.00657 43004.1
0.00658 42999.4
0.00659 42994.8
0.00660 42990.1
0.00661 42985.4
0.00662 42980.7
0.00663 42976.0
0.00664 42971.3
0.00665 42966.6
0.00666 42961.9
0.00667 42957.1
0.00668 42952.4
0.00669 42947.7
0.00670 42942.9
0.00671 42938.1
0.00672 42933.4
0.00673 42928.6
0.00674 42923.8
0.00675 42919.0
0.00676 42914.2
0.00677 42909.4
0.00678 42904.6
0.00679 42899.8
0.00680 42894.9
0.00681 42890.1
0.00682 42885.2
0.00683 42880.4
0.00684 42875.5
0.00685 42870.7
0.00686 42865.8
0.00687 42860.9
0.00688 42856.0
0.00689 42851.1
0.00690 42846.3
0.00691 42841.4
0.00692 42836.4
0.00693 42831.5
0.00694 42826.6
0.00695 42821.7
0.00696 42816.8
0.00697 42811.8
0.00698 42806.9
0.00699 42801.9
0.00700 42797.0
0.00701 42792.0
0.00702 42787.1
0.00703 42782.1
0.00704 42777.1
0.00705 42772.2
0.00706 42767.2
0.00707 42762.2
0.00708 42757.2
0.00709 42752.2
0.00710 42747.2
0.00711 42742.2
0.00712 42737.2
0.00713 42732.2
0.00714 42727.2
0.00715 42722.2
0.00716 42717.1
0.00717 42712.1
0.00718 42707.1
0.00719 42702.0
0.00720 42697.0
0.00721 42692.0
0.00722 42686.9
0.00723 42681.9
0.00724 42676.8
0.00725 42671.8
0.00726 42666.7
0.00727 42661.6
0.00728 42656.6
0.00729 42651.5
0.00730 42646.4
0.00731 42641.4
0.00732 42636.3
0.00733 42631.2
0.00734 42626.1
0.00735 42621.0
0.00736 42615.9
0.00737 42610.9
0.00738 42605.8
0.00739 42600.7
0.00740 42595.6
0.00741 42590.5
0.00742 42585.4
0.00743 42580.3
0.00744 42575.1
0.00745 42570.0
0.00746 42564.9
0.00747 42559.8
0.00748 42554.7
0.00749 42549.6
0.00750 42544.5
0.00751 42539.3
0.00752 42534.2
0.00753 42529.1
0.00754 42524.0
0.00755 42518.8
0.00756 42513.7
0.00757 42508.6
0.00758 42503.4
0.00759 42498.3
0.00760 42493.2
0.00761 42488.0
0.00762 42482.9
0.00763 42477.8
0.00764 42472.6
0.00765 42467.5
0.00766 42462.3
0.00767 42457.2
0.00768 42452.0
0.00769 42446.9
0.00770 42441.8
0.00771 42436.6
0.00772 42431.5
0.00773 42426.3
0.00774 42421.2
0.00775 42416.0
0.00776 42410.9
0.00777 42405.7
0.00778 42400.6
0.00779 42395.4
0.00780 42390.3
0.00781 42385.1
0.00782 42379.9
0.00783 42374.8
0.00784 42369.6
0.00785 42364.5
0.00786 42359.3
0.00787 42354.2
0.00788 42349.0
0.00789 42343.9
0.00790 42338.7
0.00791 42333.6
0.00792 42328.4
0.00793 42323.3
0.00794 42318.1
0.00795 42313.0
0.00796 42307.8
0.00797 42302.7
0.00798 42297.5
0.00799 42292.4
0.00800 42287.2
0.00801 42282.1
0.00802 42276.9
0.00803 42271.8
0.00804 42266.6
0.00805 42261.5
0.00806 42256.3
0.00807 42251.2
0.00808 42246.0
0.00809 42240.9
0.00810 42235.7
0.00811 42230.6
0.00812 42225.4
0.00813 42220.3
0.00814 42215.2
0.00815 42210.0
0.00816 42204.9
0.00817 42199.8
0.00818 42194.6
0.00819 42189.5
0.00820 42184.4
0.00821 42179.2
0.00822 42174.1
0.00823 42169.0
0.00824 42163.8
0.00825 42158.7
0.00826 42153.6
0.00827 42148.5
0.00828 42143.3
0.00829 42138.2
0.00830 42133.1
0.00831 42128.0
0.00832 42122.9
0.00833 42117.8
0.00834 42112.6
0.00835 42107.5
0.00836 42102.4
0.00837 42097.3
0.00838 42092.2
0.00839 42087.1
0.00840 42082.0
0.00841 42076.9
0.00842 42071.8
0.00843 42066.7
0.00844 42061.6
0.00845 42056.5
0.00846 42051.4
0.00847 42046.3
0.00848 42041.3
0.00849 42036.2
0.00850 42031.1
0.00851 42026.0
0.00852 42020.9
0.00853 42015.9
0.00854 42010.8
0.00855 42005.7
0.00856 42000.7
0.00857 41995.6
0.00858 41990.5
0.00859 41985.5
0.00860 41980.4
0.00861 41975.4
0.00862 41970.3
0.00863 41965.3
0.00864 41960.2
0.00865 41955.2
0.00866 41950.1
0.00867 41945.1
0.00868 41940.0
0.00869 41935.0
0.00870 41930.0
0.00871 41925.0
0.00872 41919.9
0.00873 41914.9
0.00874 41909.9
0.00875 41904.9
0.00876 41899.9
0.00877 41894.8
0.00878 41889.8
0.00879 41884.8
0.00880 41879.8
0.00881 41874.8
0.00882 41869.8
0.00883 41864.8
0.00884 41859.8
0.00885 41854.9
0.00886 41849.9
0.00887 41844.9
0.00888 41839.9
0.00889 41834.9
0.00890 41830.0
0.00891 41825.0
0.00892 41820.0
0.00893 41815.1
0.00894 41810.1
0.00895 41805.2
0.00896 41800.2
0.00897 41795.3
0.00898 41790.3
0.00899 41785.4
0.00900 41780.4
0.00901 41775.5
0.00902 41770.6
0.00903 41765.6
0.00904 41760.7
0.00905 41755.8
0.00906 41750.9
0.00907 41746.0
0.00908 41741.0
0.00909 41736.1
0.00910 41731.2
0.00911 41726.3
0.00912 41721.4
0.00913 41716.5
0.00914 41711.7
0.00915 41706.8
0.00916 41701.9
0.00917 41697.0
0.00918 41692.1
0.00919 41687.3
0.00920 41682.4
0.00921 41677.5
0.00922 41672.7
0.00923 41667.8
0.00924 41663.0
0.00925 41658.1
0.00926 41653.3
0.00927 41648.5
0.00928 41643.6
0.00929 41638.8
0.00930 41634.0
0.00931 41629.1
0.00932 41624.3
0.00933 41619.5
0.00934 41614.7
0.00935 41609.9
0.00936 41605.1
0.00937 41600.3
0.00938 41595.5
0.00939 41590.7
0.00940 41585.9
0.00941 41581.1
0.00942 41576.4
0.00943 41571.6
0.00944 41566.8
0.00945 41562.1
0.00946 41557.3
0.00947 41552.5
0.00948 41547.8
0.00949 41543.0
0.00950 41538.3
0.00951 41533.6
0.00952 41528.8
0.00953 41524.1
0.00954 41519.4
0.00955 41514.6
0.00956 41509.9
0.00957 41505.2
0.00958 41500.5
0.00959 41495.8
0.00960 41491.1
0.00961 41486.4
0.00962 41481.7
0.00963 41477.0
0.00964 41472.4
0.00965 41467.7
0.00966 41463.0
0.00967 41458.3
0.00968 41453.7
0.00969 41449.0
0.00970 41444.4
0.00971 41439.7
0.00972 41435.1
0.00973 41430.4
0.00974 41425.8
0.00975 41421.2
0.00976 41416.5
0.00977 41411.9
0.00978 41407.3
0.00979 41402.7
0.00980 41398.1
0.00981 41393.5
0.00982 41388.9
0.00983 41384.3
0.00984 41379.7
0.00985 41375.1
0.00986 41370.5
0.00987 41366.0
0.00988 41361.4
0.00989 41356.8
0.00990 41352.3
0.00991 41347.7
0.00992 41343.2
0.00993 41338.6
0.00994 41334.1
0.00995 41329.5
0.00996 41325.0
0.00997 41320.5
0.00998 41316.0
0.00999 41311.4
0.01000 41306.9
0.01001 41302.4
0.01002 41297.9
0.01003 41293.4
0.01004 41288.9
0.01005 41284.5
0.01006 41280.0
0.01007 41275.5
0.01008 41271.0
0.01009 41266.6
0.01010 41262.1
0.01011 41257.6
0.01012 41253.2
0.01013 41248.7
0.01014 41244.3
0.01015 41239.9
0.01016 41235.4
0.01017 41231.0
0.01018 41226.6
0.01019 41222.2
0.01020 41217.8
0.01021 41213.4
0.01022 41209.0
0.01023 41204.6
0.01024 41200.2
0.01025 41195.8
0.01026 41191.4
0.01027 41187.0
0.01028 41182.7
0.01029 41178.3
0.01030 41173.9
0.01031 41169.6
0.01032 41165.2
0.01033 41160.9
0.01034 41156.5
0.01035 41152.2
0.01036 41147.9
0.01037 41143.6
0.01038 41139.2
0.01039 41134.9
0.01040 41130.6
0.01041 41126.3
0.01042 41122.0
0.01043 41117.7
0.01044 41113.4
0.01045 41109.2
0.01046 41104.9
0.01047 41100.6
0.01048 41096.3
0.01049 41092.1
0.01050 41087.8
0.01051 41083.6
0.01052 41079.3
0.01053 41075.1
0.01054 41070.9
0.01055 41066.6
0.01056 41062.4
0.01057 41058.2
0.01058 41054.0
0.01059 41049.8
0.01060 41045.6
0.01061 41041.4
0.01062 41037.2
0.01063 41033.0
0.01064 41028.8
0.01065 41024.6
0.01066 41020.5
0.01067 41016.3
0.01068 41012.1
0.01069 41008.0
0.01070 41003.8
0.01071 40999.7
0.01072 40995.5
0.01073 40991.4
0.01074 40987.3
0.01075 40983.2
0.01076 40979.0
0.01077 40974.9
0.01078 40970.8
0.01079 40966.7
0.01080 40962.6
0.01081 40958.5
0.01082 40954.5
0.01083 40950.4
0.01084 40946.3
0.01085 40942.2
0.01086 40938.2
0.01087 40934.1
0.01088 40930.1
0.01089 40926.0
0.01090 40922.0
0.01091 40917.9
0.01092 40913.9
0.01093 40909.9
0.01094 40905.9
0.01095 40901.9
0.01096 40897.8
0.01097 40893.8
0.01098 40889.8
0.01099 40885.9
0.01100 40881.9
0.01101 40877.9
0.01102 40873.9
0.01103 40869.9
0.01104 40866.0
0.01105 40862.0
0.01106 40858.1
0.01107 40854.1
0.01108 40850.2
0.01109 40846.2
0.01110 40842.3
0.01111 40838.4
0.01112 40834.4
0.01113 40830.5
0.01114 40826.6
0.01115 40822.7
0.01116 40818.8
0.01117 40814.9
0.01118 40811.0
0.01119 40807.2
0.01120 40803.3
0.01121 40799.4
0.01122 40795.5
0.01123 40791.7
0.01124 40787.8
0.01125 40784.0
0.01126 40780.1
0.01127 40776.3
0.01128 40772.4
0.01129 40768.6
0.01130 40764.8
0.01131 40761.0
0.01132 40757.2
0.01133 40753.4
0.01134 40749.6
0.01135 40745.8
0.01136 40742.0
0.01137 40738.2
0.01138 40734.4
0.01139 40730.6
0.01140 40726.9
0.01141 40723.1
0.01142 40719.3
0.01143 40715.6
0.01144 40711.8
0.01145 40708.1
0.01146 40704.4
0.01147 40700.6
0.01148 40696.9
0.01149 40693.2
0.01150 40689.5
0.01151 40685.8
0.01152 40682.1
0.01153 40678.4
0.01154 40674.7
0.01155 40671.0
0.01156 40667.3
0.01157 40663.6
0.01158 40660.0
0.01159 40656.3
0.01160 40652.6
0.01161 40649.0
0.01162 40645.3
0.01163 40641.7
0.01164 40638.1
0.01165 40634.4
0.01166 40630.8
0.01167 40627.2
0.01168 40623.6
0.01169 40620.0
0.01170 40616.4
0.01171 40612.8
0.01172 40609.2
0.01173 40605.6
0.01174 40602.0
0.01175 40598.4
0.01176 40594.8
0.01177 40591.3
0.01178 40587.7
0.01179 40584.2
0.01180 40580.6
0.01181 40577.1
0.01182 40573.5
0.01183 40570.0
0.01184 40566.5
0.01185 40562.9
0.01186 40559.4
0.01187 40555.9
0.01188 40552.4
0.01189 40548.9
0.01190 40545.4
0.01191 40541.9
0.01192 40538.4
0.01193 40534.9
0.01194 40531.5
0.01195 40528.0
0.01196 40524.5
0.01197 40521.1
0.01198 40517.6
0.01199 40514.2
0.01200 40510.7
0.01201 40507.3
0.01202 40503.9
0.01203 40500.4
0.01204 40497.0
0.01205 40493.6
0.01206 40490.2
0.01207 40486.8
0.01208 40483.4
0.01209 40480.0
0.01210 40476.6
0.01211 40473.2
0.01212 40469.8
0.01213 40466.5
0.01214 40463.1
0.01215 40459.7
0.01216 40456.4
0.01217 40453.0
0.01218 40449.7
0.01219 40446.3
0.01220 40443.0
0.01221 40439.7
0.01222 40436.4
0.01223 40433.0
0.01224 40429.7
0.01225 40426.4
0.01226 40423.1
0.01227 40419.8
0.01228 40416.5
0.01229 40413.2
0.01230 40409.9
0.01231 40406.7
0.01232 40403.4
0.01233 40400.1
0.01234 40396.9
0.01235 40393.6
0.01236 40390.4
0.01237 40387.1
0.01238 40383.9
0.01239 40380.6
0.01240 40377.4
0.01241 40374.2
0.01242 40371.0
0.01243 40367.7
0.01244 40364.5
0.01245 40361.3
0.01246 40358.1
0.01247 40354.9
0.01248 40351.8
0.01249 40348.6
0.01250 40345.4
0.01251 40342.2
0.01252 40339.1
0.01253 40335.9
0.01254 40332.7
0.01255 40329.6
0.01256 40326.4
0.01257 40323.3
0.01258 40320.2
0.01259 40317.0
0.01260 40313.9
0.01261 40310.8
0.01262 40307.7
0.01263 40304.5
0.01264 40301.4
0.01265 40298.3
0.01266 40295.2
0.01267 40292.2
0.01268 40289.1
0.01269 40286.0
0.01270 40282.9
0.01271 40279.8
0.01272 40276.8
0.01273 40273.7
0.01274 40270.7
0.01275 40267.6
0.01276 40264.6
0.01277 40261.5
0.01278 40258.5
0.01279 40255.5
0.01280 40252.4
0.01281 40249.4
0.01282 40246.4
0.01283 40243.4
0.01284 40240.4
0.01285 40237.4
0.01286 40234.4
0.01287 40231.4
0.01288 40228.4
0.01289 40225.5
0.01290 40222.5
0.01291 40219.5
0.01292 40216.6
0.01293 40213.6
0.01294 40210.6
0.01295 40207.7
0.01296 40204.8
0.01297 40201.8
0.01298 40198.9
0.01299 40196.0
0.01300 40193.0
0.01301 40190.1
0.01302 40187.2
0.01303 40184.3
0.01304 40181.4
0.01305 40178.5
0.01306 40175.6
0.01307 40172.7
0.01308 40169.8
0.01309 40166.9
0.01310 40164.1
0.01311 40161.2
0.01312 40158.3
0.01313 40155.5
0.01314 40152.6
0.01315 40149.8
0.01316 40146.9
0.01317 40144.1
0.01318 40141.2
0.01319 40138.4
0.01320 40135.6
0.01321 40132.8
0.01322 40130.0
0.01323 40127.1
0.01324 40124.3
0.01325 40121.5
0.01326 40118.7
0.01327 40115.9
0.01328 40113.2
0.01329 40110.4
0.01330 40107.6
0.01331 40104.8
0.01332 40102.1
0.01333 40099.3
0.01334 40096.5
0.01335 40093.8
0.01336 40091.0
0.01337 40088.3
0.01338 40085.6
0.01339 40082.8
0.01340 40080.1
0.01341 40077.4
0.01342 40074.7
0.01343 40071.9
0.01344 40069.2
0.01345 40066.5
0.01346 40063.8
0.01347 40061.1
0.01348 40058.4
0.01349 40055.7
0.01350 40053.1
0.01351 40050.4
0.01352 40047.7
0.01353 40045.0
0.01354 40042.4
0.01355 40039.7
0.01356 40037.1
0.01357 40034.4
0.01358 40031.8
0.01359 40029.1
0.01360 40026.5
0.01361 40023.9
0.01362 40021.2
0.01363 40018.6
0.01364 40016.0
0.01365 40013.4
0.01366 40010.8
0.01367 40008.2
0.01368 40005.6
0.01369 40003.0
0.01370 40000.4
0.01371 39997.8
0.01372 39995.2
0.01373 39992.7
0.01374 39990.1
0.01375 39987.5
0.01376 39985.0
0.01377 39982.4
0.01378 39979.9
0.01379 39977.3
0.01380 39974.8
0.01381 39972.2
0.01382 39969.7
0.01383 39967.2
0.01384 39964.6
0.01385 39962.1
0.01386 39959.6
0.01387 39957.1
0.01388 39954.6
0.01389 39952.1
0.01390 39949.6
0.01391 39947.1
0.01392 39944.6
0.01393 39942.1
0.01394 39939.6
0.01395 39937.1
0.01396 39934.7
0.01397 39932.2
0.01398 39929.7
0.01399 39927.3
0.01400 39924.8
0.01401 39922.4
0.01402 39919.9
0.01403 39917.5
0.01404 39915.1
0.01405 39912.6
0.01406 39910.2
0.01407 39907.8
0.01408 39905.4
0.01409 39902.9
0.01410 39900.5
0.01411 39898.1
0.01412 39895.7
0.01413 39893.3
0.01414 39890.9
0.01415 39888.5
0.01416 39886.2
0.01417 39883.8
0.01418 39881.4
0.01419 39879.0
0.01420 39876.7
0.01421 39874.3
0.01422 39871.9
0.01423 39869.6
0.01424 39867.2
0.01425 39864.9
0.01426 39862.6
0.01427 39860.2
0.01428 39857.9
0.01429 39855.6
0.01430 39853.2
0.01431 39850.9
0.01432 39848.6
0.01433 39846.3
0.01434 39844.0
0.01435 39841.7
0.01436 39839.4
0.01437 39837.1
0.01438 39834.8
0.01439 39832.5
0.01440 39830.2
0.01441 39827.9
0.01442 39825.7
0.01443 39823.4
0.01444 39821.1
0.01445 39818.9
0.01446 39816.6
0.01447 39814.3
0.01448 39812.1
0.01449 39809.9
0.01450 39807.6
0.01451 39805.4
0.01452 39803.1
0.01453 39800.9
0.01454 39798.7
0.01455 39796.5
0.01456 39794.2
0.01457 39792.0
0.01458 39789.8
0.01459 39787.6
0.01460 39785.4
0.01461 39783.2
0.01462 39781.0
0.01463 39778.8
0.01464 39776.7
0.01465 39774.5
0.01466 39772.3
0.01467 39770.1
0.01468 39768.0
0.01469 39765.8
0.01470 39763.6
0.01471 39761.5
0.01472 39759.3
0.01473 39757.2
0.01474 39755.0
0.01475 39752.9
0.01476 39750.8
0.01477 39748.6
0.01478 39746.5
0.01479 39744.4
0.01480 39742.2
0.01481 39740.1
0.01482 39738.0
0.01483 39735.9
0.01484 39733.8
0.01485 39731.7
0.01486 39729.6
0.01487 39727.5
0.01488 39725.4
0.01489 39723.3
0.01490 39721.2
0.01491 39719.2
0.01492 39717.1
0.01493 39715.0
0.01494 39713.0
0.01495 39710.9
0.01496 39708.8
0.01497 39706.8
0.01498 39704.7
0.01499 39702.7
0.01500 39700.6
0.01501 39698.6
0.01502 39696.6
0.01503 39694.5
0.01504 39692.5
0.01505 39690.5
0.01506 39688.5
0.01507 39686.4
0.01508 39684.4
0.01509 39682.4
0.01510 39680.4
0.01511 39678.4
0.01512 39676.4
0.01513 39674.4
0.01514 39672.4
0.01515 39670.4
0.01516 39668.5
0.01517 39666.5
0.01518 39664.5
0.01519 39662.5
0.01520 39660.6
0.01521 39658.6
0.01522 39656.6
0.01523 39654.7
0.01524 39652.7
0.01525 39650.8
0.01526 39648.8
0.01527 39646.9
0.01528 39644.9
0.01529 39643.0
0.01530 39641.1
0.01531 39639.1
0.01532 39637.2
0.01533 39635.3
0.01534 39633.4
0.01535 39631.5
0.01536 39629.5
0.01537 39627.6
0.01538 39625.7
0.01539 39623.8
0.01540 39621.9
0.01541 39620.0
0.01542 39618.2
0.01543 39616.3
0.01544 39614.4
0.01545 39612.5
0.01546 39610.6
0.01547 39608.8
0.01548 39606.9
0.01549 39605.0
0.01550 39603.2
0.01551 39601.3
0.01552 39599.5
0.01553 39597.6
0.01554 39595.8
0.01555 39593.9
0.01556 39592.1
0.01557 39590.2
0.01558 39588.4
0.01559 39586.6
0.01560 39584.7
0.01561 39582.9
0.01562 39581.1
0.01563 39579.3
0.01564 39577.5
0.01565 39575.7
0.01566 39573.9
0.01567 39572.1
0.01568 39570.3
0.01569 39568.5
0.01570 39566.7
0.01571 39564.9
0.01572 39563.1
0.01573 39561.3
0.01574 39559.5
0.01575 39557.8
0.01576 39556.0
0.01577 39554.2
0.01578 39552.5
0.01579 39550.7
0.01580 39548.9
0.01581 39547.2
0.01582 39545.4
0.01583 39543.7
0.01584 39541.9
0.01585 39540.2
0.01586 39538.5
0.01587 39536.7
0.01588 39535.0
0.01589 39533.3
0.01590 39531.5
0.01591 39529.8
0.01592 39528.1
0.01593 39526.4
0.01594 39524.7
0.01595 39523.0
0.01596 39521.2
0.01597 39519.5
0.01598 39517.8
0.01599 39516.1
0.01600 39514.5
0.01601 39512.8
0.01602 39511.1
0.01603 39509.4
0.01604 39507.7
0.01605 39506.0
0.01606 39504.4
0.01607 39502.7
0.01608 39501.0
0.01609 39499.4
0.01610 39497.7
0.01611 39496.0
0.01612 39494.4
0.01613 39492.7
0.01614 39491.1
0.01615 39489.4
0.01616 39487.8
0.01617 39486.2
0.01618 39484.5
0.01619 39482.9
0.01620 39481.3
0.01621 39479.6
0.01622 39478.0
0.01623 39476.4
0.01624 39474.8
0.01625 39473.2
0.01626 39471.5
0.01627 39469.9
0.01628 39468.3
0.01629 39466.7
0.01630 39465.1
0.01631 39463.5
0.01632 39461.9
0.01633 39460.4
0.01634 39458.8
0.01635 39457.2
0.01636 39455.6
0.01637 39454.0
0.01638 39452.5
0.01639 39450.9
0.01640 39449.3
0.01641 39447.7
0.01642 39446.2
0.01643 39444.6
0.01644 39443.1
0.01645 39441.5
0.01646 39440.0
0.01647 39438.4
0.01648 39436.9
0.01649 39435.3
0.01650 39433.8
0.01651 39432.3
0.01652 39430.7
0.01653 39429.2
0.01654 39427.7
0.01655 39426.1
0.01656 39424.6
0.01657 39423.1
0.01658 39421.6
0.01659 39420.1
0.01660 39418.6
0.01661 39417.1
0.01662 39415.6
0.01663 39414.0
0.01664 39412.6
0.01665 39411.1
0.01666 39409.6
0.01667 39408.1
0.01668 39406.6
0.01669 39405.1
0.01670 39403.6
0.01671 39402.1
0.01672 39400.7
0.01673 39399.2
0.01674 39397.7
0.01675 39396.3
0.01676 39394.8
0.01677 39393.3
0.01678 39391.9
0.01679 39390.4
0.01680 39389.0
0.01681 39387.5
0.01682 39386.1
0.01683 39384.6
0.01684 39383.2
0.01685 39381.7
0.01686 39380.3
0.01687 39378.9
0.01688 39377.4
0.01689 39376.0
0.01690 39374.6
0.01691 39373.2
0.01692 39371.7
0.01693 39370.3
0.01694 39368.9
0.01695 39367.5
0.01696 39366.1
0.01697 39364.7
0.01698 39363.3
0.01699 39361.9
0.01700 39360.5
0.01701 39359.1
0.01702 39357.7
0.01703 39356.3
0.01704 39354.9
0.01705 39353.5
0.01706 39352.2
0.01707 39350.8
0.01708 39349.4
0.01709 39348.0
0.01710 39346.7
0.01711 39345.3
0.01712 39343.9
0.01713 39342.6
0.01714 39341.2
0.01715 39339.8
0.01716 39338.5
0.01717 39337.1
0.01718 39335.8
0.01719 39334.4
0.01720 39333.1
0.01721 39331.7
0.01722 39330.4
0.01723 39329.1
0.01724 39327.7
0.01725 39326.4
0.01726 39325.1
0.01727 39323.7
0.01728 39322.4
0.01729 39321.1
0.01730 39319.8
0.01731 39318.5
0.01732 39317.1
0.01733 39315.8
0.01734 39314.5
0.01735 39313.2
0.01736 39311.9
0.01737 39310.6
0.01738 39309.3
0.01739 39308.0
0.01740 39306.7
0.01741 39305.4
0.01742 39304.1
0.01743 39302.9
0.01744 39301.6
0.01745 39300.3
0.01746 39299.0
0.01747 39297.7
0.01748 39296.5
0.01749 39295.2
0.01750 39293.9
0.01751 39292.7
0.01752 39291.4
0.01753 39290.1
0.01754 39288.9
0.01755 39287.6
0.01756 39286.4
0.01757 39285.1
0.01758 39283.9
0.01759 39282.6
0.01760 39281.4
0.01761 39280.1
0.01762 39278.9
0.01763 39277.6
0.01764 39276.4
0.01765 39275.2
0.01766 39273.9
0.01767 39272.7
0.01768 39271.5
0.01769 39270.3
0.01770 39269.0
0.01771 39267.8
0.01772 39266.6
0.01773 39265.4
0.01774 39264.2
0.01775 39263.0
0.01776 39261.8
0.01777 39260.6
0.01778 39259.4
0.01779 39258.2
0.01780 39257.0
0.01781 39255.8
0.01782 39254.6
0.01783 39253.4
0.01784 39252.2
0.01785 39251.0
0.01786 39249.8
0.01787 39248.6
0.01788 39247.5
0.01789 39246.3
0.01790 39245.1
0.01791 39243.9
0.01792 39242.8
0.01793 39241.6
0.01794 39240.4
0.01795 39239.3
0.01796 39238.1
0.01797 39236.9
0.01798 39235.8
0.01799 39234.6
0.01800 39233.5
0.01801 39232.3
0.01802 39231.2
0.01803 39230.0
0.01804 39228.9
0.01805 39227.7
0.01806 39226.6
0.01807 39225.5
0.01808 39224.3
0.01809 39223.2
0.01810 39222.1
0.01811 39220.9
0.01812 39219.8
0.01813 39218.7
0.01814 39217.6
0.01815 39216.5
0.01816 39215.3
0.01817 39214.2
0.01818 39213.1
0.01819 39212.0
0.01820 39210.9
0.01821 39209.8
0.01822 39208.7
0.01823 39207.6
0.01824 39206.5
0.01825 39205.4
0.01826 39204.3
0.01827 39203.2
0.01828 39202.1
0.01829 39201.0
0.01830 39199.9
0.01831 39198.8
0.01832 39197.7
0.01833 39196.7
0.01834 39195.6
0.01835 39194.5
0.01836 39193.4
0.01837 39192.4
0.01838 39191.3
0.01839 39190.2
0.01840 39189.2
0.01841 39188.1
0.01842 39187.0
0.01843 39186.0
0.01844 39184.9
0.01845 39183.9
0.01846 39182.8
0.01847 39181.7
0.01848 39180.7
0.01849 39179.7
0.01850 39178.6
0.01851 39177.6
0.01852 39176.5
0.01853 39175.5
0.01854 39174.4
0.01855 39173.4
0.01856 39172.4
0.01857 39171.3
0.01858 39170.3
0.01859 39169.3
0.01860 39168.3
0.01861 39167.2
0.01862 39166.2
0.01863 39165.2
0.01864 39164.2
0.01865 39163.2
0.01866 39162.1
0.01867 39161.1
0.01868 39160.1
0.01869 39159.1
0.01870 39158.1
0.01871 39157.1
0.01872 39156.1
0.01873 39155.1
0.01874 39154.1
0.01875 39153.1
0.01876 39152.1
0.01877 39151.1
0.01878 39150.1
0.01879 39149.1
0.01880 39148.1
0.01881 39147.2
0.01882 39146.2
0.01883 39145.2
0.01884 39144.2
0.01885 39143.2
0.01886 39142.3
0.01887 39141.3
0.01888 39140.3
0.01889 39139.3
0.01890 39138.4
0.01891 39137.4
0.01892 39136.4
0.01893 39135.5
0.01894 39134.5
0.01895 39133.6
0.01896 39132.6
0.01897 39131.6
0.01898 39130.7
0.01899 39129.7
0.01900 39128.8
0.01901 39127.8
0.01902 39126.9
0.01903 39126.0
0.01904 39125.0
0.01905 39124.1
0.01906 39123.1
0.01907 39122.2
0.01908 39121.3
0.01909 39120.3
0.01910 39119.4
0.01911 39118.5
0.01912 39117.5
0.01913 39116.6
0.01914 39115.7
0.01915 39114.8
0.01916 39113.8
0.01917 39112.9
0.01918 39112.0
0.01919 39111.1
0.01920 39110.2
0.01921 39109.3
0.01922 39108.4
0.01923 39107.4
0.01924 39106.5
0.01925 39105.6
0.01926 39104.7
0.01927 39103.8
0.01928 39102.9
0.01929 39102.0
0.01930 39101.1
0.01931 39100.2
0.01932 39099.4
0.01933 39098.5
0.01934 39097.6
0.01935 39096.7
0.01936 39095.8
0.01937 39094.9
0.01938 39094.0
0.01939 39093.1
0.01940 39092.3
0.01941 39091.4
0.01942 39090.5
0.01943 39089.6
0.01944 39088.8
0.01945 39087.9
0.01946 39087.0
0.01947 39086.2
0.01948 39085.3
0.01949 39084.4
0.01950 39083.6
0.01951 39082.7
0.01952 39081.9
0.01953 39081.0
0.01954 39080.1
0.01955 39079.3
0.01956 39078.4
0.01957 39077.6
0.01958 39076.7
0.01959 39075.9
0.01960 39075.0
0.01961 39074.2
0.01962 39073.4
0.01963 39072.5
0.01964 39071.7
0.01965 39070.8
0.01966 39070.0
0.01967 39069.2
0.01968 39068.3
0.01969 39067.5
0.01970 39066.7
0.01971 39065.8
0.01972 39065.0
0.01973 39064.2
0.01974 39063.4
0.01975 39062.5
0.01976 39061.7
0.01977 39060.9
0.01978 39060.1
0.01979 39059.3
0.01980 39058.5
0.01981 39057.6
0.01982 39056.8
0.01983 39056.0
0.01984 39055.2
0.01985 39054.4
0.01986 39053.6
0.01987 39052.8
0.01988 39052.0
0.01989 39051.2
0.01990 39050.4
0.01991 39049.6
0.01992 39048.8
0.01993 39048.0
0.01994 39047.2
0.01995 39046.4
0.01996 39045.6
0.01997 39044.9
0.01998 39044.1
0.01999 39043.3
0.02000 38577.4
0.02001 38577.4
0.02002 38577.4
0.02003 38577.4
0.02004 38577.4
0.02005 38577.4
0.02006 38577.4
0.02007 38577.4
0.02008 38577.4
0.02009 38577.4
0.02010 38577.4
0.02011 38577.4
0.02012 38577.4
0.02013 38577.4
0.02014 38577.4
0.02015 38577.4
0.02016 38577.4
0.02017 38577.4
0.02018 38577.4
0.02019 38577.4
0.02020 38577.4
0.02021 38577.4
0.02022 38577.4
0.02023 38577.4
0.02024 38577.4
0.02025 38577.4
0.02026 38577.4
0.02027 38577.4
0.02028 38577.4
0.02029 38577.4
0.02030 38577.4
0.02031 38577.4
0.02032 38577.4
0.02033 38577.4
0.02034 38577.4
0.02035 38577.4
0.02036 38577.4
0.02037 38577.4
0.02038 38577.4
0.02039 38577.4
0.02040 38577.4
0.02041 38577.4
0.02042 38577.4
0.02043 38577.4
0.02044 38577.4
0.02045 38577.4
0.02046 38577.4
0.02047 38577.4
0.02048 38577.4
0.02049 38577.4
0.02050 38577.4
0.02051 38577.4
0.02052 38577.4
0.02053 38577.4
0.02054 38577.4
0.02055 38577.4
0.02056 38577.4
0.02057 38577.4
0.02058 38577.4
0.02059 38577.4
0.02060 38577.4
0.02061 38577.4
0.02062 38577.4
0.02063 38577.4
0.02064 38577.4
0.02065 38577.4
0.02066 38577.4
0.02067 38577.4
0.02068 38577.4
0.02069 38577.4
0.02070 38577.4
0.02071 38577.4
0.02072 38577.4
0.02073 38577.4
0.02074 38577.4
0.02075 38577.4
0.02076 38577.4
0.02077 38577.4
0.02078 38577.4
0.02079 38577.4
0.02080 38577.4
0.02081 38577.4
0.02082 38577.4
0.02083 38577.4
0.02084 38577.4
0.02085 38577.4
0.02086 38577.4
0.02087 38577.4
0.02088 38577.4
0.02089 38577.4
0.02090 38577.4
0.02091 38577.4
0.02092 38577.4
0.02093 38577.4
0.02094 38577.4
0.02095 38577.4
0.02096 38577.4
0.02097 38577.4
0.02098 38577.4
0.02099 38577.4
0.02100 38577.4
0.02101 38577.4
0.02102 38577.4
0.02103 38577.4
0.02104 38577.4
0.02105 38577.4
0.02106 38577.4
0.02107 38577.4
0.02108 38577.4
0.02109 38577.4
0.02110 38577.4
0.02111 38577.4
0.02112 38577.4
0.02113 38577.4
0.02114 38577.4
0.02115 38577.4
0.02116 38577.4
0.02117 38577.4
0.02118 38577.4
0.02119 38577.4
0.02120 38577.4
0.02121 38577.4
0.02122 38577.4
0.02123 38577.4
0.02124 38577.4
0.02125 38577.4
0.02126 38577.4
0.02127 38577.4
0.02128 38577.4
0.02129 38577.4
0.02130 38577.4
0.02131 38577.4
0.02132 38577.4
0.02133 38577.4
0.02134 38577.4
0.02135 38577.4
0.02136 38577.4
0.02137 38577.4
0.02138 38577.4
0.02139 38577.4
0.02140 38577.4
0.02141 38577.4
0.02142 38577.4
0.02143 38577.4
0.02144 38577.4
0.02145 38577.4
0.02146 38577.4
0.02147 38577.4
0.02148 38577.4
0.02149 38577.4
0.02150 38577.4
0.02151 38577.4
0.02152 38577.4
0.02153 38577.4
0.02154 38577.4
0.02155 38577.4
0.02156 38577.4
0.02157 38577.4
0.02158 38577.4
0.02159 38577.4
0.02160 38577.4
0.02161 38577.4
0.02162 38577.4
0.02163 38577.4
0.02164 38577.4
0.02165 38577.4
0.02166 38577.4
0.02167 38577.4
0.02168 38577.4
0.02169 38577.4
0.02170 38577.4
0.02171 38577.4
0.02172 38577.4
0.02173 38577.4
0.02174 38577.4
0.02175 38577.4
0.02176 38577.4
0.02177 38577.4
0.02178 38577.4
0.02179 38577.4
0.02180 38577.4
0.02181 38577.4
0.02182 38577.4
0.02183 38577.4
0.02184 38577.4
0.02185 38577.4
0.02186 38577.4
0.02187 38577.4
0.02188 38577.4
0.02189 38577.4
0.02190 38577.4
0.02191 38577.4
0.02192 38577.4
0.02193 38577.4
0.02194 38577.4
0.02195 38577.4
0.02196 38577.4
0.02197 38577.4
0.02198 38577.4
0.02199 38577.4
0.02200 38577.4
0.02201 38577.4
0.02202 38577.4
0.02203 38577.4
0.02204 38577.4
0.02205 38577.4
0.02206 38577.4
0.02207 38577.4
0.02208 38577.4
0.02209 38577.4
0.02210 38577.4
0.02211 38577.4
0.02212 38577.4
0.02213 38577.4
0.02214 38577.4
0.02215 38577.4
0.02216 38577.4
0.02217 38577.4
0.02218 38577.4
0.02219 38577.4
0.02220 38577.4
0.02221 38577.4
0.02222 38577.4
0.02223 38577.4
0.02224 38577.4
0.02225 38577.4
0.02226 38577.4
0.02227 38577.4
0.02228 38577.4
0.02229 38577.4
0.02230 38577.4
0.02231 38577.4
0.02232 38577.4
0.02233 38577.4
0.02234 38577.4
0.02235 38577.4
0.02236 38577.4
0.02237 38577.4
0.02238 38577.4
0.02239 38577.4
0.02240 38577.4
0.02241 38577.4
0.02242 38577.4
0.02243 38577.4
0.02244 38577.4
0.02245 38577.4
0.02246 38577.4
0.02247 38577.4
0.02248 38577.4
0.02249 38577.4
0.02250 38577.4
0.02251 38577.4
0.02252 38577.4
0.02253 38577.4
0.02254 38577.4
0.02255 38577.4
0.02256 38577.4
0.02257 38577.4
0.02258 38577.4
0.02259 38577.4
0.02260 38577.4
0.02261 38577.4
0.02262 38577.4
0.02263 38577.4
0.02264 38577.4
0.02265 38577.4
0.02266 38577.4
0.02267 38577.4
0.02268 38577.4
0.02269 38577.4
0.02270 38577.4
0.02271 38577.4
0.02272 38577.4
0.02273 38577.4
0.02274 38577.4
0.02275 38577.4
0.02276 38577.4
0.02277 38577.4
0.02278 38577.4
0.02279 38577.4
0.02280 38577.4
0.02281 38577.4
0.02282 38577.4
0.02283 38577.4
0.02284 38577.4
0.02285 38577.4
0.02286 38577.4
0.02287 38577.4
0.02288 38577.4
0.02289 38577.4
0.02290 38577.4
0.02291 38577.4
0.02292 38577.4
0.02293 38577.4
0.02294 38577.4
0.02295 38577.4
0.02296 38577.4
0.02297 38577.4
0.02298 38577.4
0.02299 38577.4
0.02300 38577.4
0.02301 38577.4
0.02302 38577.4
0.02303 38577.4
0.02304 38577.4
0.02305 38577.4
0.02306 38577.4
0.02307 38577.4
0.02308 38577.4
0.02309 38577.4
0.02310 38577.4
0.02311 38577.4
0.02312 38577.4
0.02313 38577.4
0.02314 38577.4
0.02315 38577.4
0.02316 38577.4
0.02317 38577.4
0.02318 38577.4
0.02319 38577.4
0.02320 38577.4
0.02321 38577.4
0.02322 38577.4
0.02323 38577.4
0.02324 38577.4
0.02325 38577.4
0.02326 38577.4
0.02327 38577.4
0.02328 38577.4
0.02329 38577.4
0.02330 38577.4
0.02331 38577.4
0.02332 38577.4
0.02333 38577.4
0.02334 38577.4
0.02335 38577.4
0.02336 38577.4
0.02337 38577.4
0.02338 38577.4
0.02339 38577.4
0.02340 38577.4
0.02341 38577.4
0.02342 38577.4
0.02343 38577.4
0.02344 38577.4
0.02345 38577.4
0.02346 38577.4
0.02347 38577.4
0.02348 38577.4
0.02349 38577.4
0.02350 38577.4
0.02351 38577.4
0.02352 38577.4
0.02353 38577.4
0.02354 38577.4
0.02355 38577.4
0.02356 38577.4
0.02357 38577.4
0.02358 38577.4
0.02359 38577.4
0.02360 38577.4
0.02361 38577.4
0.02362 38577.4
0.02363 38577.4
0.02364 38577.4
0.02365 38577.4
0.02366 38577.4
0.02367 38577.4
0.02368 38577.4
0.02369 38577.4
0.02370 38577.4
0.02371 38577.4
0.02372 38577.4
0.02373 38577.4
0.02374 38577.4
0.02375 38577.4
0.02376 38577.4
0.02377 38577.4
0.02378 38577.4
0.02379 38577.4
0.02380 38577.4
0.02381 38577.4
0.02382 38577.4
0.02383 38577.4
0.02384 38577.4
0.02385 38577.4
0.02386 38577.4
0.02387 38577.4
0.02388 38577.4
0.02389 38577.4
0.02390 38577.4
0.02391 38577.4
0.02392 38577.4
0.02393 38577.4
0.02394 38577.4
0.02395 38577.4
0.02396 38577.4
0.02397 38577.4
0.02398 38577.4
0.02399 38577.4
0.02400 38577.4
0.02401 38577.4
0.02402 38577.4
0.02403 38577.4
0.02404 38577.4
0.02405 38577.4
0.02406 38577.4
0.02407 38577.4
0.02408 38577.4
0.02409 38577.4
0.02410 38577.4
0.02411 38577.4
0.02412 38577.4
0.02413 38577.4
0.02414 38577.4
0.02415 38577.4
0.02416 38577.4
0.02417 38577.4
0.02418 38577.4
0.02419 38577.4
0.02420 38577.4
0.02421 38577.4
0.02422 38577.4
0.02423 38577.4
0.02424 38577.4
0.02425 38577.4
0.02426 38577.4
0.02427 38577.4
0.02428 38577.4
0.02429 38577.4
0.02430 38577.4
0.02431 38577.4
0.02432 38577.4
0.02433 38577.4
0.02434 38577.4
0.02435 38577.4
0.02436 38577.4
0.02437 38577.4
0.02438 38577.4
0.02439 38577.4
0.02440 38577.4
0.02441 38577.4
0.02442 38577.4
0.02443 38577.4
0.02444 38577.4
0.02445 38577.4
0.02446 38577.4
0.02447 38577.4
0.02448 38577.4
0.02449 38577.4
0.02450 38577.4
0.02451 38577.4
0.02452 38577.4
0.02453 38577.4
0.02454 38577.4
0.02455 38577.4
0.02456 38577.4
0.02457 38577.4
0.02458 38577.4
0.02459 38577.4
0.02460 38577.4
0.02461 38577.4
0.02462 38577.4
0.02463 38577.4
0.02464 38577.4
0.02465 38577.4
0.02466 38577.4
0.02467 38577.4
0.02468 38577.4
0.02469 38577.4
0.02470 38577.4
0.02471 38577.4
0.02472 38577.4
0.02473 38577.4
0.02474 38577.4
0.02475 38577.4
0.02476 38577.4
0.02477 38577.4
0.02478 38577.4
0.02479 38577.4
0.02480 38577.4
0.02481 38577.4
0.02482 38577.4
0.02483 38577.4
0.02484 38577.4
0.02485 38577.4
0.02486 38577.4
0.02487 38577.4
0.02488 38577.4
0.02489 38577.4
0.02490 38577.4
0.02491 38577.4
0.02492 38577.4
0.02493 38577.4
0.02494 38577.4
0.02495 38577.4
0.02496 38577.4
0.02497 38577.4
0.02498 38577.4
0.02499 38577.4
0.02500 38577.4
0.02501 38577.4
0.02502 38577.4
0.02503 38577.4
0.02504 38577.4
0.02505 38577.4
0.02506 38577.4
0.02507 38577.4
0.02508 38577.4
0.02509 38577.4
0.02510 38577.4
0.02511 38577.4
0.02512 38577.4
0.02513 38577.4
0.02514 38577.4
0.02515 38577.4
0.02516 38577.4
0.02517 38577.4
0.02518 38577.4
0.02519 38577.4
0.02520 38577.4
0.02521 38577.4
0.02522 38577.4
0.02523 38577.4
0.02524 38577.4
0.02525 38577.4
0.02526 38577.4
0.02527 38577.4
0.02528 38577.4
0.02529 38577.4
0.02530 38577.4
0.02531 38577.4
0.02532 38577.4
0.02533 38577.4
0.02534 38577.4
0.02535 38577.4
0.02536 38577.4
0.02537 38577.4
0.02538 38577.4
0.02539 38577.4
0.02540 38577.4
0.02541 38577.4
0.02542 38577.4
0.02543 38577.4
0.02544 38577.4
0.02545 38577.4
0.02546 38577.4
0.02547 38577.4
0.02548 38577.4
0.02549 38577.4
0.02550 38577.4
0.02551 38577.4
0.02552 38577.4
0.02553 38577.4
0.02554 38577.4
0.02555 38577.4
0.02556 38577.4
0.02557 38577.4
0.02558 38577.4
0.02559 38577.4
0.02560 38577.4
0.02561 38577.4
0.02562 38577.4
0.02563 38577.4
0.02564 38577.4
0.02565 38577.4
0.02566 38577.4
0.02567 38577.4
0.02568 38577.4
0.02569 38577.4
0.02570 38577.4
0.02571 38577.4
0.02572 38577.4
0.02573 38577.4
0.02574 38577.4
0.02575 38577.4
0.02576 38577.4
0.02577 38577.4
0.02578 38577.4
0.02579 38577.4
0.02580 38577.4
0.02581 38577.4
0.02582 38577.4
0.02583 38577.4
0.02584 38577.4
0.02585 38577.4
0.02586 38577.4
0.02587 38577.4
0.02588 38577.4
0.02589 38577.4
0.02590 38577.4
0.02591 38577.4
0.02592 38577.4
0.02593 38577.4
0.02594 38577.4
0.02595 38577.4
0.02596 38577.4
0.02597 38577.4
0.02598 38577.4
0.02599 38577.4
0.02600 38577.4
0.02601 38577.4
0.02602 38577.4
0.02603 38577.4
0.02604 38577.4
0.02605 38577.4
0.02606 38577.4
0.02607 38577.4
0.02608 38577.4
0.02609 38577.4
0.02610 38577.4
0.02611 38577.4
0.02612 38577.4
0.02613 38577.4
0.02614 38577.4
0.02615 38577.4
0.02616 38577.4
0.02617 38577.4
0.02618 38577.4
0.02619 38577.4
0.02620 38577.4
0.02621 38577.4
0.02622 38577.4
0.02623 38577.4
0.02624 38577.4
0.02625 38577.4
0.02626 38577.4
0.02627 38577.4
0.02628 38577.4
0.02629 38577.4
0.02630 38577.4
0.02631 38577.4
0.02632 38577.4
0.02633 38577.4
0.02634 38577.4
0.02635 38577.4
0.02636 38577.4
0.02637 38577.4
0.02638 38577.4
0.02639 38577.4
0.02640 38577.4
0.02641 38577.4
0.02642 38577.4
0.02643 38577.4
0.02644 38577.4
0.02645 38577.4
0.02646 38577.4
0.02647 38577.4
0.02648 38577.4
0.02649 38577.4
0.02650 38577.4
0.02651 38577.4
0.02652 38577.4
0.02653 38577.4
0.02654 38577.4
0.02655 38577.4
0.02656 38577.4
0.02657 38577.4
0.02658 38577.4
0.02659 38577.4
0.02660 38577.4
0.02661 38577.4
0.02662 38577.4
0.02663 38577.4
0.02664 38577.4
0.02665 38577.4
0.02666 38577.4
0.02667 38577.4
0.02668 38577.4
0.02669 38577.4
0.02670 38577.4
0.02671 38577.4
0.02672 38577.4
0.02673 38577.4
0.02674 38577.4
0.02675 38577.4
0.02676 38577.4
0.02677 38577.4
0.02678 38577.4
0.02679 38577.4
0.02680 38577.4
0.02681 38577.4
0.02682 38577.4
0.02683 38577.4
0.02684 38577.4
0.02685 38577.4
0.02686 38577.4
0.02687 38577.4
0.02688 38577.4
0.02689 38577.4
0.02690 38577.4
0.02691 38577.4
0.02692 38577.4
0.02693 38577.4
0.02694 38577.4
0.02695 38577.4
0.02696 38577.4
0.02697 38577.4
0.02698 38577.4
0.02699 38577.4
0.02700 38577.4
0.02701 38577.4
0.02702 38577.4
0.02703 38577.4
0.02704 38577.4
0.02705 38577.4
0.02706 38577.4
0.02707 38577.4
0.02708 38577.4
0.02709 38577.4
0.02710 38577.4
0.02711 38577.4
0.02712 38577.4
0.02713 38577.4
0.02714 38577.4
0.02715 38577.4
0.02716 38577.4
0.02717 38577.4
0.02718 38577.4
0.02719 38577.4
0.02720 38577.4
0.02721 38577.4
0.02722 38577.4
0.02723 38577.4
0.02724 38577.4
0.02725 38577.4
0.02726 38577.4
0.02727 38577.4
0.02728 38577.4
0.02729 38577.4
0.02730 38577.4
0.02731 38577.4
0.02732 38577.4
0.02733 38577.4
0.02734 38577.4
0.02735 38577.4
0.02736 38577.4
0.02737 38577.4
0.02738 38577.4
0.02739 38577.4
0.02740 38577.4
0.02741 38577.4
0.02742 38577.4
0.02743 38577.4
0.02744 38577.4
0.02745 38577.4
0.02746 38577.4
0.02747 38577.4
0.02748 38577.4
0.02749 38577.4
0.02750 38577.4
0.02751 38577.4
0.02752 38577.4
0.02753 38577.4
0.02754 38577.4
0.02755 38577.4
0.02756 38577.4
0.02757 38577.4
0.02758 38577.4
0.02759 38577.4
0.02760 38577.4
0.02761 38577.4
0.02762 38577.4
0.02763 38577.4
0.02764 38577.4
0.02765 38577.4
0.02766 38577.4
0.02767 38577.4
0.02768 38577.4
0.02769 38577.4
0.02770 38577.4
0.02771 38577.4
0.02772 38577.4
0.02773 38577.4
0.02774 38577.4
0.02775 38577.4
0.02776 38577.4
0.02777 38577.4
0.02778 38577.4
0.02779 38577.4
0.02780 38577.4
0.02781 38577.4
0.02782 38577.4
0.02783 38577.4
0.02784 38577.4
0.02785 38577.4
0.02786 38577.4
0.02787 38577.4
0.02788 38577.4
0.02789 38577.4
0.02790 38577.4
0.02791 38577.4
0.02792 38577.4
0.02793 38577.4
0.02794 38577.4
0.02795 38577.4
0.02796 38577.4
0.02797 38577.4
0.02798 38577.4
0.02799 38577.4
0.02800 38577.4
0.02801 38577.4
0.02802 38577.4
0.02803 38577.4
0.02804 38577.4
0.02805 38577.4
0.02806 38577.4
0.02807 38577.4
0.02808 38577.4
0.02809 38577.4
0.02810 38577.4
0.02811 38577.4
0.02812 38577.4
0.02813 38577.4
0.02814 38577.4
0.02815 38577.4
0.02816 38577.4
0.02817 38577.4
0.02818 38577.4
0.02819 38577.4
0.02820 38577.4
0.02821 38577.4
0.02822 38577.4
0.02823 38577.4
0.02824 38577.4
0.02825 38577.4
0.02826 38577.4
0.02827 38577.4
0.02828 38577.4
0.02829 38577.4
0.02830 38577.4
0.02831 38577.4
0.02832 38577.4
0.02833 38577.4
0.02834 38577.4
0.02835 38577.4
0.02836 38577.4
0.02837 38577.4
0.02838 38577.4
0.02839 38577.4
0.02840 38577.4
0.02841 38577.4
0.02842 38577.4
0.02843 38577.4
0.02844 38577.4
0.02845 38577.4
0.02846 38577.4
0.02847 38577.4
0.02848 38577.4
0.02849 38577.4
0.02850 38577.4
0.02851 38577.4
0.02852 38577.4
0.02853 38577.4
0.02854 38577.4
0.02855 38577.4
0.02856 38577.4
0.02857 38577.4
0.02858 38577.4
0.02859 38577.4
0.02860 38577.4
0.02861 38577.4
0.02862 38577.4
0.02863 38577.4
0.02864 38577.4
0.02865 38577.4
0.02866 38577.4
0.02867 38577.4
0.02868 38577.4
0.02869 38577.4
0.02870 38577.4
0.02871 38577.4
0.02872 38577.4
0.02873 38577.4
0.02874 38577.4
0.02875 38577.4
0.02876 38577.4
0.02877 38577.4
0.02878 38577.4
0.02879 38577.4
0.02880 38577.4
0.02881 38577.4
0.02882 38577.4
0.02883 38577.4
0.02884 38577.4
0.02885 38577.4
0.02886 38577.4
0.02887 38577.4
0.02888 38577.4
0.02889 38577.4
0.02890 38577.4
0.02891 38577.4
0.02892 38577.4
0.02893 38577.4
0.02894 38577.4
0.02895 38577.4
0.02896 38577.4
0.02897 38577.4
0.02898 38577.4
0.02899 38577.4
0.02900 38577.4
0.02901 38577.4
0.02902 38577.4
0.02903 38577.4
0.02904 38577.4
0.02905 38577.4
0.02906 38577.4
0.02907 38577.4
0.02908 38577.4
0.02909 38577.4
0.02910 38577.4
0.02911 38577.4
0.02912 38577.4
0.02913 38577.4
0.02914 38577.4
0.02915 38577.4
0.02916 38577.4
0.02917 38577.4
0.02918 38577.4
0.02919 38577.4
0.02920 38577.4
0.02921 38577.4
0.02922 38577.4
0.02923 38577.4
0.02924 38577.4
0.02925 38577.4
0.02926 38577.4
0.02927 38577.4
0.02928 38577.4
0.02929 38577.4
0.02930 38577.4
0.02931 38577.4
0.02932 38577.4
0.02933 38577.4
0.02934 38577.4
0.02935 38577.4
0.02936 38577.4
0.02937 38577.4
0.02938 38577.4
0.02939 38577.4
0.02940 38577.4
0.02941 38577.4
0.02942 38577.4
0.02943 38577.4
0.02944 38577.4
0.02945 38577.4
0.02946 38577.4
0.02947 38577.4
0.02948 38577.4
0.02949 38577.4
0.02950 38577.4
0.02951 38577.4
0.02952 38577.4
0.02953 38577.4
0.02954 38577.4
0.02955 38577.4
0.02956 38577.4
0.02957 38577.4
0.02958 38577.4
0.02959 38577.4
0.02960 38577.4
0.02961 38577.4
0.02962 38577.4
0.02963 38577.4
0.02964 38577.4
0.02965 38577.4
0.02966 38577.4
0.02967 38577.4
0.02968 38577.4
0.02969 38577.4
0.02970 38577.4
0.02971 38577.4
0.02972 38577.4
0.02973 38577.4
0.02974 38577.4
0.02975 38577.4
0.02976 38577.4
0.02977 38577.4
0.02978 38577.4
0.02979 38577.4
0.02980 38577.4
0.02981 38577.4
0.02982 38577.4
0.02983 38577.4
0.02984 38577.4
0.02985 38577.4
0.02986 38577.4
0.02987 38577.4
0.02988 38577.4
0.02989 38577.4
0.02990 38577.4
0.02991 38577.4
0.02992 38577.4
0.02993 38577.4
0.02994 38577.4
0.02995 38577.4
0.02996 38577.4
0.02997 38577.4
0.02998 38577.4
0.02999 38577.4
0.03000 38577.4
0.03001 38577.4
0.03002 38577.4
0.03003 38577.4
0.03004 38577.4
0.03005 38577.4
0.03006 38577.4
0.03007 38577.4
0.03008 38577.4
0.03009 38577.4
0.03010 38577.4
0.03011 38577.4
0.03012 38577.4
0.03013 38577.4
0.03014 38577.4
0.03015 38577.4
0.03016 38577.4
0.03017 38577.4
0.03018 38577.4
0.03019 38577.4
0.03020 38577.4
0.03021 38577.4
0.03022 38577.4
0.03023 38577.4
0.03024 38577.4
0.03025 38577.4
0.03026 38577.4
0.03027 38577.4
0.03028 38577.4
0.03029 38577.4
0.03030 38577.4
0.03031 38577.4
0.03032 38577.4
0.03033 38577.4
0.03034 38577.4
0.03035 38577.4
0.03036 38577.4
0.03037 38577.4
0.03038 38577.4
0.03039 38577.4
0.03040 38577.4
0.03041 38577.4
0.03042 38577.4
0.03043 38577.4
0.03044 38577.4
0.03045 38577.4
0.03046 38577.4
0.03047 38577.4
0.03048 38577.4
0.03049 38577.4
0.03050 38577.4
0.03051 38577.4
0.03052 38577.4
0.03053 38577.4
0.03054 38577.4
0.03055 38577.4
0.03056 38577.4
0.03057 38577.4
0.03058 38577.4
0.03059 38577.4
0.03060 38577.4
0.03061 38577.4
0.03062 38577.4
0.03063 38577.4
0.03064 38577.4
0.03065 38577.4
0.03066 38577.4
0.03067 38577.4
0.03068 38577.4
0.03069 38577.4
0.03070 38577.4
0.03071 38577.4
0.03072 38577.4
0.03073 38577.4
0.03074 38577.4
0.03075 38577.4
0.03076 38577.4
0.03077 38577.4
0.03078 38577.4
0.03079 38577.4
0.03080 38577.4
0.03081 38577.4
0.03082 38577.4
0.03083 38577.4
0.03084 38577.4
0.03085 38577.4
0.03086 38577.4
0.03087 38577.4
0.03088 38577.4
0.03089 38577.4
0.03090 38577.4
0.03091 38577.4
0.03092 38577.4
0.03093 38577.4
0.03094 38577.4
0.03095 38577.4
0.03096 38577.4
0.03097 38577.4
0.03098 38577.4
0.03099 38577.4
0.03100 38577.4
0.03101 38577.4
0.03102 38577.4
0.03103 38577.4
0.03104 38577.4
0.03105 38577.4
0.03106 38577.4
0.03107 38577.4
0.03108 38577.4
0.03109 38577.4
0.03110 38577.4
0.03111 38577.4
0.03112 38577.4
0.03113 38577.4
0.03114 38577.4
0.03115 38577.4
0.03116 38577.4
0.03117 38577.4
0.03118 38577.4
0.03119 38577.4
0.03120 38577.4
0.03121 38577.4
0.03122 38577.4
0.03123 38577.4
0.03124 38577.4
0.03125 38577.4
0.03126 38577.4
0.03127 38577.4
0.03128 38577.4
0.03129 38577.4
0.03130 38577.4
0.03131 38577.4
0.03132 38577.4
0.03133 38577.4
0.03134 38577.4
0.03135 38577.4
0.03136 38577.4
0.03137 38577.4
0.03138 38577.4
0.03139 38577.4
0.03140 38577.4
0.03141 38577.4
0.03142 38577.4
0.03143 38577.4
0.03144 38577.4
0.03145 38577.4
0.03146 38577.4
0.03147 38577.4
0.03148 38577.4
0.03149 38577.4
0.03150 38577.4
0.03151 38577.4
0.03152 38577.4
0.03153 38577.4
0.03154 38577.4
0.03155 38577.4
0.03156 38577.4
0.03157 38577.4
0.03158 38577.4
0.03159 38577.4
0.03160 38577.4
0.03161 38577.4
0.03162 38577.4
0.03163 38577.4
0.03164 38577.4
0.03165 38577.4
0.03166 38577.4
0.03167 38577.4
0.03168 38577.4
0.03169 38577.4
0.03170 38577.4
0.03171 38577.4
0.03172 38577.4
0.03173 38577.4
0.03174 38577.4
0.03175 38577.4
0.03176 38577.4
0.03177 38577.4
0.03178 38577.4
0.03179 38577.4
0.03180 38577.4
0.03181 38577.4
0.03182 38577.4
0.03183 38577.4
0.03184 38577.4
0.03185 38577.4
0.03186 38577.4
0.03187 38577.4
0.03188 38577.4
0.03189 38577.4
0.03190 38577.4
0.03191 38577.4
0.03192 38577.4
0.03193 38577.4
0.03194 38577.4
0.03195 38577.4
0.03196 38577.4
0.03197 38577.4
0.03198 38577.4
0.03199 38577.4
0.03200 38577.4
0.03201 38577.4
0.03202 38577.4
0.03203 38577.4
0.03204 38577.4
0.03205 38577.4
0.03206 38577.4
0.03207 38577.4
0.03208 38577.4
0.03209 38577.4
0.03210 38577.4
0.03211 38577.4
0.03212 38577.4
0.03213 38577.4
0.03214 38577.4
0.03215 38577.4
0.03216 38577.4
0.03217 38577.4
0.03218 38577.4
0.03219 38577.4
0.03220 38577.4
0.03221 38577.4
0.03222 38577.4
0.03223 38577.4
0.03224 38577.4
0.03225 38577.4
0.03226 38577.4
0.03227 38577.4
0.03228 38577.4
0.03229 38577.4
0.03230 38577.4
0.03231 38577.4
0.03232 38577.4
0.03233 38577.4
0.03234 38577.4
0.03235 38577.4
0.03236 38577.4
0.03237 38577.4
0.03238 38577.4
0.03239 38577.4
0.03240 38577.4
0.03241 38577.4
0.03242 38577.4
0.03243 38577.4
0.03244 38577.4
0.03245 38577.4
0.03246 38577.4
0.03247 38577.4
0.03248 38577.4
0.03249 38577.4
0.03250 38577.4
0.03251 38577.4
0.03252 38577.4
0.03253 38577.4
0.03254 38577.4
0.03255 38577.4
0.03256 38577.4
0.03257 38577.4
0.03258 38577.4
0.03259 38577.4
0.03260 38577.4
0.03261 38577.4
0.03262 38577.4
0.03263 38577.4
0.03264 38577.4
0.03265 38577.4
0.03266 38577.4
0.03267 38577.4
0.03268 38577.4
0.03269 38577.4
0.03270 38577.4
0.03271 38577.4
0.03272 38577.4
0.03273 38577.4
0.03274 38577.4
0.03275 38577.4
0.03276 38577.4
0.03277 38577.4
0.03278 38577.4
0.03279 38577.4
0.03280 38577.4
0.03281 38577.4
0.03282 38577.4
0.03283 38577.4
0.03284 38577.4
0.03285 38577.4
0.03286 38577.4
0.03287 38577.4
0.03288 38577.4
0.03289 38577.4
0.03290 38577.4
0.03291 38577.4
0.03292 38577.4
0.03293 38577.4
0.03294 38577.4
0.03295 38577.4
0.03296 38577.4
0.03297 38577.4
0.03298 38577.4
0.03299 38577.4
0.03300 38577.4
0.03301 38577.4
0.03302 38577.4
0.03303 38577.4
0.03304 38577.4
0.03305 38577.4
0.03306 38577.4
0.03307 38577.4
0.03308 38577.4
0.03309 38577.4
0.03310 38577.4
0.03311 38577.4
0.03312 38577.4
0.03313 38577.4
0.03314 38577.4
0.03315 38577.4
0.03316 38577.4
0.03317 38577.4
0.03318 38577.4
0.03319 38577.4
0.03320 38577.4
0.03321 38577.4
0.03322 38577.4
0.03323 38577.4
0.03324 38577.4
0.03325 38577.4
0.03326 38577.4
0.03327 38577.4
0.03328 38577.4
0.03329 38577.4
0.03330 38577.4
0.03331 38577.4
0.03332 38577.4
0.03333 38577.4
0.03334 38577.4
0.03335 38577.4
0.03336 38577.4
0.03337 38577.4
0.03338 38577.4
0.03339 38577.4
0.03340 38577.4
0.03341 38577.4
0.03342 38577.4
0.03343 38577.4
0.03344 38577.4
0.03345 38577.4
0.03346 38577.4
0.03347 38577.4
0.03348 38577.4
0.03349 38577.4
0.03350 38577.4
0.03351 38577.4
0.03352 38577.4
0.03353 38577.4
0.03354 38577.4
0.03355 38577.4
0.03356 38577.4
0.03357 38577.4
0.03358 38577.4
0.03359 38577.4
0.03360 38577.4
0.03361 38577.4
0.03362 38577.4
0.03363 38577.4
0.03364 38577.4
0.03365 38577.4
0.03366 38577.4
0.03367 38577.4
0.03368 38577.4
0.03369 38577.4
0.03370 38577.4
0.03371 38577.4
0.03372 38577.4
0.03373 38577.4
0.03374 38577.4
0.03375 38577.4
0.03376 38577.4
0.03377 38577.4
0.03378 38577.4
0.03379 38577.4
0.03380 38577.4
0.03381 38577.4
0.03382 38577.4
0.03383 38577.4
0.03384 38577.4
0.03385 38577.4
0.03386 38577.4
0.03387 38577.4
0.03388 38577.4
0.03389 38577.4
0.03390 38577.4
0.03391 38577.4
0.03392 38577.4
0.03393 38577.4
0.03394 38577.4
0.03395 38577.4
0.03396 38577.4
0.03397 38577.4
0.03398 38577.4
0.03399 38577.4
0.03400 38577.4
0.03401 38577.4
0.03402 38577.4
0.03403 38577.4
0.03404 38577.4
0.03405 38577.4
0.03406 38577.4
0.03407 38577.4
0.03408 38577.4
0.03409 38577.4
0.03410 38577.4
0.03411 38577.4
0.03412 38577.4
0.03413 38577.4
0.03414 38577.4
0.03415 38577.4
0.03416 38577.4
0.03417 38577.4
0.03418 38577.4
0.03419 38577.4
0.03420 38577.4
0.03421 38577.4
0.03422 38577.4
0.03423 38577.4
0.03424 38577.4
0.03425 38577.4
0.03426 38577.4
0.03427 38577.4
0.03428 38577.4
0.03429 38577.4
0.03430 38577.4
0.03431 38577.4
0.03432 38577.4
0.03433 38577.4
0.03434 38577.4
0.03435 38577.4
0.03436 38577.4
0.03437 38577.4
0.03438 38577.4
0.03439 38577.4
0.03440 38577.4
0.03441 38577.4
0.03442 38577.4
0.03443 38577.4
0.03444 38577.4
0.03445 38577.4
0.03446 38577.4
0.03447 38577.4
0.03448 38577.4
0.03449 38577.4
0.03450 38577.4
0.03451 38577.4
0.03452 38577.4
0.03453 38577.4
0.03454 38577.4
0.03455 38577.4
0.03456 38577.4
0.03457 38577.4
0.03458 38577.4
0.03459 38577.4
0.03460 38577.4
0.03461 38577.4
0.03462 38577.4
0.03463 38577.4
0.03464 38577.4
0.03465 38577.4
0.03466 38577.4
0.03467 38577.4
0.03468 38577.4
0.03469 38577.4
0.03470 38577.4
0.03471 38577.4
0.03472 38577.4
0.03473 38577.4
0.03474 38577.4
0.03475 38577.4
0.03476 38577.4
0.03477 38577.4
0.03478 38577.4
0.03479 38577.4
0.03480 38577.4
0.03481 38577.4
0.03482 38577.4
0.03483 38577.4
0.03484 38577.4
0.03485 38577.4
0.03486 38577.4
0.03487 38577.4
0.03488 38577.4
0.03489 38577.4
0.03490 38577.4
0.03491 38577.4
0.03492 38577.4
0.03493 38577.4
0.03494 38577.4
0.03495 38577.4
0.03496 38577.4
0.03497 38577.4
0.03498 38577.4
0.03499 38577.4
0.03500 38577.4
0.03501 38577.4
0.03502 38577.4
0.03503 38577.4
0.03504 38577.4
0.03505 38577.4
0.03506 38577.4
0.03507 38577.4
0.03508 38577.4
0.03509 38577.4
0.03510 38577.4
0.03511 38577.4
0.03512 38577.4
0.03513 38577.4
0.03514 38577.4
0.03515 38577.4
0.03516 38577.4
0.03517 38577.4
0.03518 38577.4
0.03519 38577.4
0.03520 38577.4
0.03521 38577.4
0.03522 38577.4
0.03523 38577.4
0.03524 38577.4
0.03525 38577.4
0.03526 38577.4
0.03527 38577.4
0.03528 38577.4
0.03529 38577.4
0.03530 38577.4
0.03531 38577.4
0.03532 38577.4
0.03533 38577.4
0.03534 38577.4
0.03535 38577.4
0.03536 38577.4
0.03537 38577.4
0.03538 38577.4
0.03539 38577.4
0.03540 38577.4
0.03541 38577.4
0.03542 38577.4
0.03543 38577.4
0.03544 38577.4
0.03545 38577.4
0.03546 38577.4
0.03547 38577.4
0.03548 38577.4
0.03549 38577.4
0.03550 38577.4
0.03551 38577.4
0.03552 38577.4
0.03553 38577.4
0.03554 38577.4
0.03555 38577.4
0.03556 38577.4
0.03557 38577.4
0.03558 38577.4
0.03559 38577.4
0.03560 38577.4
0.03561 38577.4
0.03562 38577.4
0.03563 38577.4
0.03564 38577.4
0.03565 38577.4
0.03566 38577.4
0.03567 38577.4
0.03568 38577.4
0.03569 38577.4
0.03570 38577.4
0.03571 38577.4
0.03572 38577.4
0.03573 38577.4
0.03574 38577.4
0.03575 38577.4
0.03576 38577.4
0.03577 38577.4
0.03578 38577.4
0.03579 38577.4
0.03580 38577.4
0.03581 38577.4
0.03582 38577.4
0.03583 38577.4
0.03584 38577.4
0.03585 38577.4
0.03586 38577.4
0.03587 38577.4
0.03588 38577.4
0.03589 38577.4
0.03590 38577.4
0.03591 38577.4
0.03592 38577.4
0.03593 38577.4
0.03594 38577.4
0.03595 38577.4
0.03596 38577.4
0.03597 38577.4
0.03598 38577.4
0.03599 38577.4
0.03600 38577.4
0.03601 38577.4
0.03602 38577.4
0.03603 38577.4
0.03604 38577.4
0.03605 38577.4
0.03606 38577.4
0.03607 38577.4
0.03608 38577.4
0.03609 38577.4
0.03610 38577.4
0.03611 38577.4
0.03612 38577.4
0.03613 38577.4
0.03614 38577.4
0.03615 38577.4
0.03616 38577.4
0.03617 38577.4
0.03618 38577.4
0.03619 38577.4
0.03620 38577.4
0.03621 38577.4
0.03622 38577.4
0.03623 38577.4
0.03624 38577.4
0.03625 38577.4
0.03626 38577.4
0.03627 38577.4
0.03628 38577.4
0.03629 38577.4
0.03630 38577.4
0.03631 38577.4
0.03632 38577.4
0.03633 38577.4
0.03634 38577.4
0.03635 38577.4
0.03636 38577.4
0.03637 38577.4
0.03638 38577.4
0.03639 38577.4
0.03640 38577.4
0.03641 38577.4
0.03642 38577.4
0.03643 38577.4
0.03644 38577.4
0.03645 38577.4
0.03646 38577.4
0.03647 38577.4
0.03648 38577.4
0.03649 38577.4
0.03650 38577.4
0.03651 38577.4
0.03652 38577.4
0.03653 38577.4
0.03654 38577.4
0.03655 38577.4
0.03656 38577.4
0.03657 38577.4
0.03658 38577.4
0.03659 38577.4
0.03660 38577.4
0.03661 38577.4
0.03662 38577.4
0.03663 38577.4
0.03664 38577.4
0.03665 38577.4
0.03666 38577.4
0.03667 38577.4
0.03668 38577.4
0.03669 38577.4
0.03670 38577.4
0.03671 38577.4
0.03672 38577.4
0.03673 38577.4
0.03674 38577.4
0.03675 38577.4
0.03676 38577.4
0.03677 38577.4
0.03678 38577.4
0.03679 38577.4
0.03680 38577.4
0.03681 38577.4
0.03682 38577.4
0.03683 38577.4
0.03684 38577.4
0.03685 38577.4
0.03686 38577.4
0.03687 38577.4
0.03688 38577.4
0.03689 38577.4
0.03690 38577.4
0.03691 38577.4
0.03692 38577.4
0.03693 38577.4
0.03694 38577.4
0.03695 38577.4
0.03696 38577.4
0.03697 38577.4
0.03698 38577.4
0.03699 38577.4
0.03700 38577.4
0.03701 38577.4
0.03702 38577.4
0.03703 38577.4
0.03704 38577.4
0.03705 38577.4
0.03706 38577.4
0.03707 38577.4
0.03708 38577.4
0.03709 38577.4
0.03710 38577.4
0.03711 38577.4
0.03712 38577.4
0.03713 38577.4
0.03714 38577.4
0.03715 38577.4
0.03716 38577.4
0.03717 38577.4
0.03718 38577.4
0.03719 38577.4
0.03720 38577.4
0.03721 38577.4
0.03722 38577.4
0.03723 38577.4
0.03724 38577.4
0.03725 38577.4
0.03726 38577.4
0.03727 38577.4
0.03728 38577.4
0.03729 38577.4
0.03730 38577.4
0.03731 38577.4
0.03732 38577.4
0.03733 38577.4
0.03734 38577.4
0.03735 38577.4
0.03736 38577.4
0.03737 38577.4
0.03738 38577.4
0.03739 38577.4
0.03740 38577.4
0.03741 38577.4
0.03742 38577.4
0.03743 38577.4
0.03744 38577.4
0.03745 38577.4
0.03746 38577.4
0.03747 38577.4
0.03748 38577.4
0.03749 38577.4
0.03750 38577.4
0.03751 38577.4
0.03752 38577.4
0.03753 38577.4
0.03754 38577.4
0.03755 38577.4
0.03756 38577.4
0.03757 38577.4
0.03758 38577.4
0.03759 38577.4
0.03760 38577.4
0.03761 38577.4
0.03762 38577.4
0.03763 38577.4
0.03764 38577.4
0.03765 38577.4
0.03766 38577.4
0.03767 38577.4
0.03768 38577.4
0.03769 38577.4
0.03770 38577.4
0.03771 38577.4
0.03772 38577.4
0.03773 38577.4
0.03774 38577.4
0.03775 38577.4
0.03776 38577.4
0.03777 38577.4
0.03778 38577.4
0.03779 38577.4
0.03780 38577.4
0.03781 38577.4
0.03782 38577.4
0.03783 38577.4
0.03784 38577.4
0.03785 38577.4
0.03786 38577.4
0.03787 38577.4
0.03788 38577.4
0.03789 38577.4
0.03790 38577.4
0.03791 38577.4
0.03792 38577.4
0.03793 38577.4
0.03794 38577.4
0.03795 38577.4
0.03796 38577.4
0.03797 38577.4
0.03798 38577.4
0.03799 38577.4
0.03800 38577.4
0.03801 38577.4
0.03802 38577.4
0.03803 38577.4
0.03804 38577.4
0.03805 38577.4
0.03806 38577.4
0.03807 38577.4
0.03808 38577.4
0.03809 38577.4
0.03810 38577.4
0.03811 38577.4
0.03812 38577.4
0.03813 38577.4
0.03814 38577.4
0.03815 38577.4
0.03816 38577.4
0.03817 38577.4
0.03818 38577.4
0.03819 38577.4
0.03820 38577.4
0.03821 38577.4
0.03822 38577.4
0.03823 38577.4
0.03824 38577.4
0.03825 38577.4
0.03826 38577.4
0.03827 38577.4
0.03828 38577.4
0.03829 38577.4
0.03830 38577.4
0.03831 38577.4
0.03832 38577.4
0.03833 38577.4
0.03834 38577.4
0.03835 38577.4
0.03836 38577.4
0.03837 38577.4
0.03838 38577.4
0.03839 38577.4
0.03840 38577.4
0.03841 38577.4
0.03842 38577.4
0.03843 38577.4
0.03844 38577.4
0.03845 38577.4
0.03846 38577.4
0.03847 38577.4
0.03848 38577.4
0.03849 38577.4
0.03850 38577.4
0.03851 38577.4
0.03852 38577.4
0.03853 38577.4
0.03854 38577.4
0.03855 38577.4
0.03856 38577.4
0.03857 38577.4
0.03858 38577.4
0.03859 38577.4
0.03860 38577.4
0.03861 38577.4
0.03862 38577.4
0.03863 38577.4
0.03864 38577.4
0.03865 38577.4
0.03866 38577.4
0.03867 38577.4
0.03868 38577.4
0.03869 38577.4
0.03870 38577.4
0.03871 38577.4
0.03872 38577.4
0.03873 38577.4
0.03874 38577.4
0.03875 38577.4
0.03876 38577.4
0.03877 38577.4
0.03878 38577.4
0.03879 38577.4
0.03880 38577.4
0.03881 38577.4
0.03882 38577.4
0.03883 38577.4
0.03884 38577.4
0.03885 38577.4
0.03886 38577.4
0.03887 38577.4
0.03888 38577.4
0.03889 38577.4
0.03890 38577.4
0.03891 38577.4
0.03892 38577.4
0.03893 38577.4
0.03894 38577.4
0.03895 38577.4
0.03896 38577.4
0.03897 38577.4
0.03898 38577.4
0.03899 38577.4
0.03900 38577.4
0.03901 38577.4
0.03902 38577.4
0.03903 38577.4
0.03904 38577.4
0.03905 38577.4
0.03906 38577.4
0.03907 38577.4
0.03908 38577.4
0.03909 38577.4
0.03910 38577.4
0.03911 38577.4
0.03912 38577.4
0.03913 38577.4
0.03914 38577.4
0.03915 38577.4
0.03916 38577.4
0.03917 38577.4
0.03918 38577.4
0.03919 38577.4
0.03920 38577.4
0.03921 38577.4
0.03922 38577.4
0.03923 38577.4
0.03924 38577.4
0.03925 38577.4
0.03926 38577.4
0.03927 38577.4
0.03928 38577.4
0.03929 38577.4
0.03930 38577.4
0.03931 38577.4
0.03932 38577.4
0.03933 38577.4
0.03934 38577.4
0.03935 38577.4
0.03936 38577.4
0.03937 38577.4
0.03938 38577.4
0.03939 38577.4
0.03940 38577.4
0.03941 38577.4
0.03942 38577.4
0.03943 38577.4
0.03944 38577.4
0.03945 38577.4
0.03946 38577.4
0.03947 38577.4
0.03948 38577.4
0.03949 38577.4
0.03950 38577.4
0.03951 38577.4
0.03952 38577.4
0.03953 38577.4
0.03954 38577.4
0.03955 38577.4
0.03956 38577.4
0.03957 38577.4
0.03958 38577.4
0.03959 38577.4
0.03960 38577.4
0.03961 38577.4
0.03962 38577.4
0.03963 38577.4
0.03964 38577.4
0.03965 38577.4
0.03966 38577.4
0.03967 38577.4
0.03968 38577.4
0.03969 38577.4
0.03970 38577.4
0.03971 38577.4
0.03972 38577.4
0.03973 38577.4
0.03974 38577.4
0.03975 38577.4
0.03976 38577.4
0.03977 38577.4
0.03978 38577.4
0.03979 38577.4
0.03980 38577.4
0.03981 38577.4
0.03982 38577.4
0.03983 38577.4
0.03984 38577.4
0.03985 38577.4
0.03986 38577.4
0.03987 38577.4
0.03988 38577.4
0.03989 38577.4
0.03990 38577.4
0.03991 38577.4
0.03992 38577.4
0.03993 38577.4
0.03994 38577.4
0.03995 38577.4
0.03996 38577.4
0.03997 38577.4
0.03998 38577.4
0.03999 38577.4
0.04000 38577.4
0.04001 38577.4
0.04002 38577.4
0.04003 38577.4
0.04004 38577.4
0.04005 38577.4
0.04006 38577.4
0.04007 38577.4
0.04008 38577.4
0.04009 38577.4
0.04010 38577.4
0.04011 38577.4
0.04012 38577.4
0.04013 38577.4
0.04014 38577.4
0.04015 38577.4
0.04016 38577.4
0.04017 38577.4
0.04018 38577.4
0.04019 38577.4
0.04020 38577.4
0.04021 38577.4
0.04022 38577.4
0.04023 38577.4
0.04024 38577.4
0.04025 38577.4
0.04026 38577.4
0.04027 38577.4
0.04028 38577.4
0.04029 38577.4
0.04030 38577.4
0.04031 38577.4
0.04032 38577.4
0.04033 38577.4
0.04034 38577.4
0.04035 38577.4
0.04036 38577.4
0.04037 38577.4
0.04038 38577.4
0.04039 38577.4
0.04040 38577.4
0.04041 38577.4
0.04042 38577.4
0.04043 38577.4
0.04044 38577.4
0.04045 38577.4
0.04046 38577.4
0.04047 38577.4
0.04048 38577.4
0.04049 38577.4
0.04050 38577.4
0.04051 38577.4
0.04052 38577.4
0.04053 38577.4
0.04054 38577.4
0.04055 38577.4
0.04056 38577.4
0.04057 38577.4
0.04058 38577.4
0.04059 38577.4
0.04060 38577.4
0.04061 38577.4
0.04062 38577.4
0.04063 38577.4
0.04064 38577.4
0.04065 38577.4
0.04066 38577.4
0.04067 38577.4
0.04068 38577.4
0.04069 38577.4
0.04070 38577.4
0.04071 38577.4
0.04072 38577.4
0.04073 38577.4
0.04074 38577.4
0.04075 38577.4
0.04076 38577.4
0.04077 38577.4
0.04078 38577.4
0.04079 38577.4
0.04080 38577.4
0.04081 38577.4
0.04082 38577.4
0.04083 38577.4
0.04084 38577.4
0.04085 38577.4
0.04086 38577.4
0.04087 38577.4
0.04088 38577.4
0.04089 38577.4
0.04090 38577.4
0.04091 38577.4
0.04092 38577.4
0.04093 38577.4
0.04094 38577.4
0.04095 38577.4
0.04096 38577.4
0.04097 38577.4
0.04098 38577.4
0.04099 38577.4
0.04100 38577.4
0.04101 38577.4
0.04102 38577.4
0.04103 38577.4
0.04104 38577.4
0.04105 38577.4
0.04106 38577.4
0.04107 38577.4
0.04108 38577.4
0.04109 38577.4
0.04110 38577.4
0.04111 38577.4
0.04112 38577.4
0.04113 38577.4
0.04114 38577.4
0.04115 38577.4
0.04116 38577.4
0.04117 38577.4
0.04118 38577.4
0.04119 38577.4
0.04120 38577.4
0.04121 38577.4
0.04122 38577.4
0.04123 38577.4
0.04124 38577.4
0.04125 38577.4
0.04126 38577.4
0.04127 38577.4
0.04128 38577.4
0.04129 38577.4
0.04130 38577.4
0.04131 38577.4
0.04132 38577.4
0.04133 38577.4
0.04134 38577.4
0.04135 38577.4
0.04136 38577.4
0.04137 38577.4
0.04138 38577.4
0.04139 38577.4
0.04140 38577.4
0.04141 38577.4
0.04142 38577.4
0.04143 38577.4
0.04144 38577.4
0.04145 38577.4
0.04146 38577.4
0.04147 38577.4
0.04148 38577.4
0.04149 38577.4
0.04150 38577.4
0.04151 38577.4
0.04152 38577.4
0.04153 38577.4
0.04154 38577.4
0.04155 38577.4
0.04156 38577.4
0.04157 38577.4
0.04158 38577.4
0.04159 38577.4
0.04160 38577.4
0.04161 38577.4
0.04162 38577.4
0.04163 38577.4
0.04164 38577.4
0.04165 38577.4
0.04166 38577.4
0.04167 38577.4
0.04168 38577.4
0.04169 38577.4
0.04170 38577.4
0.04171 38577.4
0.04172 38577.4
0.04173 38577.4
0.04174 38577.4
0.04175 38577.4
0.04176 38577.4
0.04177 38577.4
0.04178 38577.4
0.04179 38577.4
0.04180 38577.4
0.04181 38577.4
0.04182 38577.4
0.04183 38577.4
0.04184 38577.4
0.04185 38577.4
0.04186 38577.4
0.04187 38577.4
0.04188 38577.4
0.04189 38577.4
0.04190 38577.4
0.04191 38577.4
0.04192 38577.4
0.04193 38577.4
0.04194 38577.4
0.04195 38577.4
0.04196 38577.4
0.04197 38577.4
0.04198 38577.4
0.04199 38577.4
0.04200 38577.4
0.04201 38577.4
0.04202 38577.4
0.04203 38577.4
0.04204 38577.4
0.04205 38577.4
0.04206 38577.4
0.04207 38577.4
0.04208 38577.4
0.04209 38577.4
0.04210 38577.4
0.04211 38577.4
0.04212 38577.4
0.04213 38577.4
0.04214 38577.4
0.04215 38577.4
0.04216 38577.4
0.04217 38577.4
0.04218 38577.4
0.04219 38577.4
0.04220 38577.4
0.04221 38577.4
0.04222 38577.4
0.04223 38577.4
0.04224 38577.4
0.04225 38577.4
0.04226 38577.4
0.04227 38577.4
0.04228 38577.4
0.04229 38577.4
0.04230 38577.4
0.04231 38577.4
0.04232 38577.4
0.04233 38577.4
0.04234 38577.4
0.04235 38577.4
0.04236 38577.4
0.04237 38577.4
0.04238 38577.4
0.04239 38577.4
0.04240 38577.4
0.04241 38577.4
0.04242 38577.4
0.04243 38577.4
0.04244 38577.4
0.04245 38577.4
0.04246 38577.4
0.04247 38577.4
0.04248 38577.4
0.04249 38577.4
0.04250 38577.4
0.04251 38577.4
0.04252 38577.4
0.04253 38577.4
0.04254 38577.4
0.04255 38577.4
0.04256 38577.4
0.04257 38577.4
0.04258 38577.4
0.04259 38577.4
0.04260 38577.4
0.04261 38577.4
0.04262 38577.4
0.04263 38577.4
0.04264 38577.4
0.04265 38577.4
0.04266 38577.4
0.04267 38577.4
0.04268 38577.4
0.04269 38577.4
0.04270 38577.4
0.04271 38577.4
0.04272 38577.4
0.04273 38577.4
0.04274 38577.4
0.04275 38577.4
0.04276 38577.4
0.04277 38577.4
0.04278 38577.4
0.04279 38577.4
0.04280 38577.4
0.04281 38577.4
0.04282 38577.4
0.04283 38577.4
0.04284 38577.4
0.04285 38577.4
0.04286 38577.4
0.04287 38577.4
0.04288 38577.4
0.04289 38577.4
0.04290 38577.4
0.04291 38577.4
0.04292 38577.4
0.04293 38577.4
0.04294 38577.4
0.04295 38577.4
0.04296 38577.4
0.04297 38577.4
0.04298 38577.4
0.04299 38577.4
0.04300 38577.4
0.04301 38577.4
0.04302 38577.4
0.04303 38577.4
0.04304 38577.4
0.04305 38577.4
0.04306 38577.4
0.04307 38577.4
0.04308 38577.4
0.04309 38577.4
0.04310 38577.4
0.04311 38577.4
0.04312 38577.4
0.04313 38577.4
0.04314 38577.4
0.04315 38577.4
0.04316 38577.4
0.04317 38577.4
0.04318 38577.4
0.04319 38577.4
0.04320 38577.4
0.04321 38577.4
0.04322 38577.4
0.04323 38577.4
0.04324 38577.4
0.04325 38577.4
0.04326 38577.4
0.04327 38577.4
0.04328 38577.4
0.04329 38577.4
0.04330 38577.4
0.04331 38577.4
0.04332 38577.4
0.04333 38577.4
0.04334 38577.4
0.04335 38577.4
0.04336 38577.4
0.04337 38577.4
0.04338 38577.4
0.04339 38577.4
0.04340 38577.4
0.04341 38577.4
0.04342 38577.4
0.04343 38577.4
0.04344 38577.4
0.04345 38577.4
0.04346 38577.4
0.04347 38577.4
0.04348 38577.4
0.04349 38577.4
0.04350 38577.4
0.04351 38577.4
0.04352 38577.4
0.04353 38577.4
0.04354 38577.4
0.04355 38577.4
0.04356 38577.4
0.04357 38577.4
0.04358 38577.4
0.04359 38577.4
0.04360 38577.4
0.04361 38577.4
0.04362 38577.4
0.04363 38577.4
0.04364 38577.4
0.04365 38577.4
0.04366 38577.4
0.04367 38577.4
0.04368 38577.4
0.04369 38577.4
0.04370 38577.4
0.04371 38577.4
0.04372 38577.4
0.04373 38577.4
0.04374 38577.4
0.04375 38577.4
0.04376 38577.4
0.04377 38577.4
0.04378 38577.4
0.04379 38577.4
0.04380 38577.4
0.04381 38577.4
0.04382 38577.4
0.04383 38577.4
0.04384 38577.4
0.04385 38577.4
0.04386 38577.4
0.04387 38577.4
0.04388 38577.4
0.04389 38577.4
0.04390 38577.4
0.04391 38577.4
0.04392 38577.4
0.04393 38577.4
0.04394 38577.4
0.04395 38577.4
0.04396 38577.4
0.04397 38577.4
0.04398 38577.4
0.04399 38577.4
0.04400 38577.4
0.04401 38577.4
0.04402 38577.4
0.04403 38577.4
0.04404 38577.4
0.04405 38577.4
0.04406 38577.4
0.04407 38577.4
0.04408 38577.4
0.04409 38577.4
0.04410 38577.4
0.04411 38577.4
0.04412 38577.4
0.04413 38577.4
0.04414 38577.4
0.04415 38577.4
0.04416 38577.4
0.04417 38577.4
0.04418 38577.4
0.04419 38577.4
0.04420 38577.4
0.04421 38577.4
0.04422 38577.4
0.04423 38577.4
0.04424 38577.4
0.04425 38577.4
0.04426 38577.4
0.04427 38577.4
0.04428 38577.4
0.04429 38577.4
0.04430 38577.4
0.04431 38577.4
0.04432 38577.4
0.04433 38577.4
0.04434 38577.4
0.04435 38577.4
0.04436 38577.4
0.04437 38577.4
0.04438 38577.4
0.04439 38577.4
0.04440 38577.4
0.04441 38577.4
0.04442 38577.4
0.04443 38577.4
0.04444 38577.4
0.04445 38577.4
0.04446 38577.4
0.04447 38577.4
0.04448 38577.4
0.04449 38577.4
0.04450 38577.4
0.04451 38577.4
0.04452 38577.4
0.04453 38577.4
0.04454 38577.4
0.04455 38577.4
0.04456 38577.4
0.04457 38577.4
0.04458 38577.4
0.04459 38577.4
0.04460 38577.4
0.04461 38577.4
0.04462 38577.4
0.04463 38577.4
0.04464 38577.4
0.04465 38577.4
0.04466 38577.4
0.04467 38577.4
0.04468 38577.4
0.04469 38577.4
0.04470 38577.4
0.04471 38577.4
0.04472 38577.4
0.04473 38577.4
0.04474 38577.4
0.04475 38577.4
0.04476 38577.4
0.04477 38577.4
0.04478 38577.4
0.04479 38577.4
0.04480 38577.4
0.04481 38577.4
0.04482 38577.4
0.04483 38577.4
0.04484 38577.4
0.04485 38577.4
0.04486 38577.4
0.04487 38577.4
0.04488 38577.4
0.04489 38577.4
0.04490 38577.4
0.04491 38577.4
0.04492 38577.4
0.04493 38577.4
0.04494 38577.4
0.04495 38577.4
0.04496 38577.4
0.04497 38577.4
0.04498 38577.4
0.04499 38577.4
0.04500 38577.4
0.04501 38577.4
0.04502 38577.4
0.04503 38577.4
0.04504 38577.4
0.04505 38577.4
0.04506 38577.4
0.04507 38577.4
0.04508 38577.4
0.04509 38577.4
0.04510 38577.4
0.04511 38577.4
0.04512 38577.4
0.04513 38577.4
0.04514 38577.4
0.04515 38577.4
0.04516 38577.4
0.04517 38577.4
0.04518 38577.4
0.04519 38577.4
0.04520 38577.4
0.04521 38577.4
0.04522 38577.4
0.04523 38577.4
0.04524 38577.4
0.04525 38577.4
0.04526 38577.4
0.04527 38577.4
0.04528 38577.4
0.04529 38577.4
0.04530 38577.4
0.04531 38577.4
0.04532 38577.4
0.04533 38577.4
0.04534 38577.4
0.04535 38577.4
0.04536 38577.4
0.04537 38577.4
0.04538 38577.4
0.04539 38577.4
0.04540 38577.4
0.04541 38577.4
0.04542 38577.4
0.04543 38577.4
0.04544 38577.4
0.04545 38577.4
0.04546 38577.4
0.04547 38577.4
0.04548 38577.4
0.04549 38577.4
0.04550 38577.4
0.04551 38577.4
0.04552 38577.4
0.04553 38577.4
0.04554 38577.4
0.04555 38577.4
0.04556 38577.4
0.04557 38577.4
0.04558 38577.4
0.04559 38577.4
0.04560 38577.4
0.04561 38577.4
0.04562 38577.4
0.04563 38577.4
0.04564 38577.4
0.04565 38577.4
0.04566 38577.4
0.04567 38577.4
0.04568 38577.4
0.04569 38577.4
0.04570 38577.4
0.04571 38577.4
0.04572 38577.4
0.04573 38577.4
0.04574 38577.4
0.04575 38577.4
0.04576 38577.4
0.04577 38577.4
0.04578 38577.4
0.04579 38577.4
0.04580 38577.4
0.04581 38577.4
0.04582 38577.4
0.04583 38577.4
0.04584 38577.4
0.04585 38577.4
0.04586 38577.4
0.04587 38577.4
0.04588 38577.4
0.04589 38577.4
0.04590 38577.4
0.04591 38577.4
0.04592 38577.4
0.04593 38577.4
0.04594 38577.4
0.04595 38577.4
0.04596 38577.4
0.04597 38577.4
0.04598 38577.4
0.04599 38577.4
0.04600 38577.4
0.04601 38577.4
0.04602 38577.4
0.04603 38577.4
0.04604 38577.4
0.04605 38577.4
0.04606 38577.4
0.04607 38577.4
0.04608 38577.4
0.04609 38577.4
0.04610 38577.4
0.04611 38577.4
0.04612 38577.4
0.04613 38577.4
0.04614 38577.4
0.04615 38577.4
0.04616 38577.4
0.04617 38577.4
0.04618 38577.4
0.04619 38577.4
0.04620 38577.4
0.04621 38577.4
0.04622 38577.4
0.04623 38577.4
0.04624 38577.4
0.04625 38577.4
0.04626 38577.4
0.04627 38577.4
0.04628 38577.4
0.04629 38577.4
0.04630 38577.4
0.04631 38577.4
0.04632 38577.4
0.04633 38577.4
0.04634 38577.4
0.04635 38577.4
0.04636 38577.4
0.04637 38577.4
0.04638 38577.4
0.04639 38577.4
0.04640 38577.4
0.04641 38577.4
0.04642 38577.4
0.04643 38577.4
0.04644 38577.4
0.04645 38577.4
0.04646 38577.4
0.04647 38577.4
0.04648 38577.4
0.04649 38577.4
0.04650 38577.4
0.04651 38577.4
0.04652 38577.4
0.04653 38577.4
0.04654 38577.4
0.04655 38577.4
0.04656 38577.4
0.04657 38577.4
0.04658 38577.4
0.04659 38577.4
0.04660 38577.4
0.04661 38577.4
0.04662 38577.4
0.04663 38577.4
0.04664 38577.4
0.04665 38577.4
0.04666 38577.4
0.04667 38577.4
0.04668 38577.4
0.04669 38577.4
0.04670 38577.4
0.04671 38577.4
0.04672 38577.4
0.04673 38577.4
0.04674 38577.4
0.04675 38577.4
0.04676 38577.4
0.04677 38577.4
0.04678 38577.4
0.04679 38577.4
0.04680 38577.4
0.04681 38577.4
0.04682 38577.4
0.04683 38577.4
0.04684 38577.4
0.04685 38577.4
0.04686 38577.4
0.04687 38577.4
0.04688 38577.4
0.04689 38577.4
0.04690 38577.4
0.04691 38577.4
0.04692 38577.4
0.04693 38577.4
0.04694 38577.4
0.04695 38577.4
0.04696 38577.4
0.04697 38577.4
0.04698 38577.4
0.04699 38577.4
0.04700 38577.4
0.04701 38577.4
0.04702 38577.4
0.04703 38577.4
0.04704 38577.4
0.04705 38577.4
0.04706 38577.4
0.04707 38577.4
0.04708 38577.4
0.04709 38577.4
0.04710 38577.4
0.04711 38577.4
0.04712 38577.4
0.04713 38577.4
0.04714 38577.4
0.04715 38577.4
0.04716 38577.4
0.04717 38577.4
0.04718 38577.4
0.04719 38577.4
0.04720 38577.4
0.04721 38577.4
0.04722 38577.4
0.04723 38577.4
0.04724 38577.4
0.04725 38577.4
0.04726 38577.4
0.04727 38577.4
0.04728 38577.4
0.04729 38577.4
0.04730 38577.4
0.04731 38577.4
0.04732 38577.4
0.04733 38577.4
0.04734 38577.4
0.04735 38577.4
0.04736 38577.4
0.04737 38577.4
0.04738 38577.4
0.04739 38577.4
0.04740 38577.4
0.04741 38577.4
0.04742 38577.4
0.04743 38577.4
0.04744 38577.4
0.04745 38577.4
0.04746 38577.4
0.04747 38577.4
0.04748 38577.4
0.04749 38577.4
0.04750 38577.4
0.04751 38577.4
0.04752 38577.4
0.04753 38577.4
0.04754 38577.4
0.04755 38577.4
0.04756 38577.4
0.04757 38577.4
0.04758 38577.4
0.04759 38577.4
0.04760 38577.4
0.04761 38577.4
0.04762 38577.4
0.04763 38577.4
0.04764 38577.4
0.04765 38577.4
0.04766 38577.4
0.04767 38577.4
0.04768 38577.4
0.04769 38577.4
0.04770 38577.4
0.04771 38577.4
0.04772 38577.4
0.04773 38577.4
0.04774 38577.4
0.04775 38577.4
0.04776 38577.4
0.04777 38577.4
0.04778 38577.4
0.04779 38577.4
0.04780 38577.4
0.04781 38577.4
0.04782 38577.4
0.04783 38577.4
0.04784 38577.4
0.04785 38577.4
0.04786 38577.4
0.04787 38577.4
0.04788 38577.4
0.04789 38577.4
0.04790 38577.4
0.04791 38577.4
0.04792 38577.4
0.04793 38577.4
0.04794 38577.4
0.04795 38577.4
0.04796 38577.4
0.04797 38577.4
0.04798 38577.4
0.04799 38577.4
0.04800 38577.4
0.04801 38577.4
0.04802 38577.4
0.04803 38577.4
0.04804 38577.4
0.04805 38577.4
0.04806 38577.4
0.04807 38577.4
0.04808 38577.4
0.04809 38577.4
0.04810 38577.4
0.04811 38577.4
0.04812 38577.4
0.04813 38577.4
0.04814 38577.4
0.04815 38577.4
0.04816 38577.4
0.04817 38577.4
0.04818 38577.4
0.04819 38577.4
0.04820 38577.4
0.04821 38577.4
0.04822 38577.4
0.04823 38577.4
0.04824 38577.4
0.04825 38577.4
0.04826 38577.4
0.04827 38577.4
0.04828 38577.4
0.04829 38577.4
0.04830 38577.4
0.04831 38577.4
0.04832 38577.4
0.04833 38577.4
0.04834 38577.4
0.04835 38577.4
0.04836 38577.4
0.04837 38577.4
0.04838 38577.4
0.04839 38577.4
0.04840 38577.4
0.04841 38577.4
0.04842 38577.4
0.04843 38577.4
0.04844 38577.4
0.04845 38577.4
0.04846 38577.4
0.04847 38577.4
0.04848 38577.4
0.04849 38577.4
0.04850 38577.4
0.04851 38577.4
0.04852 38577.4
0.04853 38577.4
0.04854 38577.4
0.04855 38577.4
0.04856 38577.4
0.04857 38577.4
0.04858 38577.4
0.04859 38577.4
0.04860 38577.4
0.04861 38577.4
0.04862 38577.4
0.04863 38577.4
0.04864 38577.4
0.04865 38577.4
0.04866 38577.4
0.04867 38577.4
0.04868 38577.4
0.04869 38577.4
0.04870 38577.4
0.04871 38577.4
0.04872 38577.4
0.04873 38577.4
0.04874 38577.4
0.04875 38577.4
0.04876 38577.4
0.04877 38577.4
0.04878 38577.4
0.04879 38577.4
0.04880 38577.4
0.04881 38577.4
0.04882 38577.4
0.04883 38577.4
0.04884 38577.4
0.04885 38577.4
0.04886 38577.4
0.04887 38577.4
0.04888 38577.4
0.04889 38577.4
0.04890 38577.4
0.04891 38577.4
0.04892 38577.4
0.04893 38577.4
0.04894 38577.4
0.04895 38577.4
0.04896 38577.4
0.04897 38577.4
0.04898 38577.4
0.04899 38577.4
0.04900 38577.4
0.04901 38577.4
0.04902 38577.4
0.04903 38577.4
0.04904 38577.4
0.04905 38577.4
0.04906 38577.4
0.04907 38577.4
0.04908 38577.4
0.04909 38577.4
0.04910 38577.4
0.04911 38577.4
0.04912 38577.4
0.04913 38577.4
0.04914 38577.4
0.04915 38577.4
0.04916 38577.4
0.04917 38577.4
0.04918 38577.4
0.04919 38577.4
0.04920 38577.4
0.04921 38577.4
0.04922 38577.4
0.04923 38577.4
0.04924 38577.4
0.04925 38577.4
0.04926 38577.4
0.04927 38577.4
0.04928 38577.4
0.04929 38577.4
0.04930 38577.4
0.04931 38577.4
0.04932 38577.4
0.04933 38577.4
0.04934 38577.4
0.04935 38577.4
0.04936 38577.4
0.04937 38577.4
0.04938 38577.4
0.04939 38577.4
0.04940 38577.4
0.04941 38577.4
0.04942 38577.4
0.04943 38577.4
0.04944 38577.4
0.04945 38577.4
0.04946 38577.4
0.04947 38577.4
0.04948 38577.4
0.04949 38577.4
0.04950 38577.4
0.04951 38577.4
0.04952 38577.4
0.04953 38577.4
0.04954 38577.4
0.04955 38577.4
0.04956 38577.4
0.04957 38577.4
0.04958 38577.4
0.04959 38577.4
0.04960 38577.4
0.04961 38577.4
0.04962 38577.4
0.04963 38577.4
0.04964 38577.4
0.04965 38577.4
0.04966 38577.4
0.04967 38577.4
0.04968 38577.4
0.04969 38577.4
0.04970 38577.4
0.04971 38577.4
0.04972 38577.4
0.04973 38577.4
0.04974 38577.4
0.04975 38577.4
0.04976 38577.4
0.04977 38577.4
0.04978 38577.4
0.04979 38577.4
0.04980 38577.4
0.04981 38577.4
0.04982 38577.4
0.04983 38577.4
0.04984 38577.4
0.04985 38577.4
0.04986 38577.4
0.04987 38577.4
0.04988 38577.4
0.04989 38577.4
0.04990 38577.4
0.04991 38577.4
0.04992 38577.4
0.04993 38577.4
0.04994 38577.4
0.04995 38577.4
0.04996 38577.4
0.04997 38577.4
0.04998 38577.4
0.04999 38577.4
0.05000 38577.4
0.05001 38577.4
0.05002 38577.4
0.05003 38577.4
0.05004 38577.4
0.05005 38577.4
0.05006 38577.4
0.05007 38577.4
0.05008 38577.4
0.05009 38577.4
0.05010 38577.4
0.05011 38577.4
0.05012 38577.4
0.05013 38577.4
0.05014 38577.4
0.05015 38577.4
0.05016 38577.4
0.05017 38577.4
0.05018 38577.4
0.05019 38577.4
0.05020 38577.4
0.05021 38577.4
0.05022 38577.4
0.05023 38577.4
0.05024 38577.4
0.05025 38577.4
0.05026 38577.4
0.05027 38577.4
0.05028 38577.4
0.05029 38577.4
0.05030 38577.4
0.05031 38577.4
0.05032 38577.4
0.05033 38577.4
0.05034 38577.4
0.05035 38577.4
0.05036 38577.4
0.05037 38577.4
0.05038 38577.4
0.05039 38577.4
0.05040 38577.4
0.05041 38577.4
0.05042 38577.4
0.05043 38577.4
0.05044 38577.4
0.05045 38577.4
0.05046 38577.4
0.05047 38577.4
0.05048 38577.4
0.05049 38577.4
0.05050 38577.4
0.05051 38577.4
0.05052 38577.4
0.05053 38577.4
0.05054 38577.4
0.05055 38577.4
0.05056 38577.4
0.05057 38577.4
0.05058 38577.4
0.05059 38577.4
0.05060 38577.4
0.05061 38577.4
0.05062 38577.4
0.05063 38577.4
0.05064 38577.4
0.05065 38577.4
0.05066 38577.4
0.05067 38577.4
0.05068 38577.4
0.05069 38577.4
0.05070 38577.4
0.05071 38577.4
0.05072 38577.4
0.05073 38577.4
0.05074 38577.4
0.05075 38577.4
0.05076 38577.4
0.05077 38577.4
0.05078 38577.4
0.05079 38577.4
0.05080 38577.4
0.05081 38577.4
0.05082 38577.4
0.05083 38577.4
0.05084 38577.4
0.05085 38577.4
0.05086 38577.4
0.05087 38577.4
0.05088 38577.4
0.05089 38577.4
0.05090 38577.4
0.05091 38577.4
0.05092 38577.4
0.05093 38577.4
0.05094 38577.4
0.05095 38577.4
0.05096 38577.4
0.05097 38577.4
0.05098 38577.4
0.05099 38577.4
0.05100 38577.4
0.05101 38577.4
0.05102 38577.4
0.05103 38577.4
0.05104 38577.4
0.05105 38577.4
0.05106 38577.4
0.05107 38577.4
0.05108 38577.4
0.05109 38577.4
0.05110 38577.4
0.05111 38577.4
0.05112 38577.4
0.05113 38577.4
0.05114 38577.4
0.05115 38577.4
0.05116 38577.4
0.05117 38577.4
0.05118 38577.4
0.05119 38577.4
0.05120 38577.4
0.05121 38577.4
0.05122 38577.4
0.05123 38577.4
0.05124 38577.4
0.05125 38577.4
0.05126 38577.4
0.05127 38577.4
0.05128 38577.4
0.05129 38577.4
0.05130 38577.4
0.05131 38577.4
0.05132 38577.4
0.05133 38577.4
0.05134 38577.4
0.05135 38577.4
0.05136 38577.4
0.05137 38577.4
0.05138 38577.4
0.05139 38577.4
0.05140 38577.4
0.05141 38577.4
0.05142 38577.4
0.05143 38577.4
0.05144 38577.4
0.05145 38577.4
0.05146 38577.4
0.05147 38577.4
0.05148 38577.4
0.05149 38577.4
0.05150 38577.4
0.05151 38577.4
0.05152 38577.4
0.05153 38577.4
0.05154 38577.4
0.05155 38577.4
0.05156 38577.4
0.05157 38577.4
0.05158 38577.4
0.05159 38577.4
0.05160 38577.4
0.05161 38577.4
0.05162 38577.4
0.05163 38577.4
0.05164 38577.4
0.05165 38577.4
0.05166 38577.4
0.05167 38577.4
0.05168 38577.4
0.05169 38577.4
0.05170 38577.4
0.05171 38577.4
0.05172 38577.4
0.05173 38577.4
0.05174 38577.4
0.05175 38577.4
0.05176 38577.4
0.05177 38577.4
0.05178 38577.4
0.05179 38577.4
0.05180 38577.4
0.05181 38577.4
0.05182 38577.4
0.05183 38577.4
0.05184 38577.4
0.05185 38577.4
0.05186 38577.4
0.05187 38577.4
0.05188 38577.4
0.05189 38577.4
0.05190 38577.4
0.05191 38577.4
0.05192 38577.4
0.05193 38577.4
0.05194 38577.4
0.05195 38577.4
0.05196 38577.4
0.05197 38577.4
0.05198 38577.4
0.05199 38577.4
0.05200 38577.4
0.05201 38577.4
0.05202 38577.4
0.05203 38577.4
0.05204 38577.4
0.05205 38577.4
0.05206 38577.4
0.05207 38577.4
0.05208 38577.4
0.05209 38577.4
0.05210 38577.4
0.05211 38577.4
0.05212 38577.4
0.05213 38577.4
0.05214 38577.4
0.05215 38577.4
0.05216 38577.4
0.05217 38577.4
0.05218 38577.4
0.05219 38577.4
0.05220 38577.4
0.05221 38577.4
0.05222 38577.4
0.05223 38577.4
0.05224 38577.4
0.05225 38577.4
0.05226 38577.4
0.05227 38577.4
0.05228 38577.4
0.05229 38577.4
0.05230 38577.4
0.05231 38577.4
0.05232 38577.4
0.05233 38577.4
0.05234 38577.4
0.05235 38577.4
0.05236 38577.4
0.05237 38577.4
0.05238 38577.4
0.05239 38577.4
0.05240 38577.4
0.05241 38577.4
0.05242 38577.4
0.05243 38577.4
0.05244 38577.4
0.05245 38577.4
0.05246 38577.4
0.05247 38577.4
0.05248 38577.4
0.05249 38577.4
0.05250 38577.4
0.05251 38577.4
0.05252 38577.4
0.05253 38577.4
0.05254 38577.4
0.05255 38577.4
0.05256 38577.4
0.05257 38577.4
0.05258 38577.4
0.05259 38577.4
0.05260 38577.4
0.05261 38577.4
0.05262 38577.4
0.05263 38577.4
0.05264 38577.4
0.05265 38577.4
0.05266 38577.4
0.05267 38577.4
0.05268 38577.4
0.05269 38577.4
0.05270 38577.4
0.05271 38577.4
0.05272 38577.4
0.05273 38577.4
0.05274 38577.4
0.05275 38577.4
0.05276 38577.4
0.05277 38577.4
0.05278 38577.4
0.05279 38577.4
0.05280 38577.4
0.05281 38577.4
0.05282 38577.4
0.05283 38577.4
0.05284 38577.4
0.05285 38577.4
0.05286 38577.4
0.05287 38577.4
0.05288 38577.4
0.05289 38577.4
0.05290 38577.4
0.05291 38577.4
0.05292 38577.4
0.05293 38577.4
0.05294 38577.4
0.05295 38577.4
0.05296 38577.4
0.05297 38577.4
0.05298 38577.4
0.05299 38577.4
0.05300 38577.4
0.05301 38577.4
0.05302 38577.4
0.05303 38577.4
0.05304 38577.4
0.05305 38577.4
0.05306 38577.4
0.05307 38577.4
0.05308 38577.4
0.05309 38577.4
0.05310 38577.4
0.05311 38577.4
0.05312 38577.4
0.05313 38577.4
0.05314 38577.4
0.05315 38577.4
0.05316 38577.4
0.05317 38577.4
0.05318 38577.4
0.05319 38577.4
0.05320 38577.4
0.05321 38577.4
0.05322 38577.4
0.05323 38577.4
0.05324 38577.4
0.05325 38577.4
0.05326 38577.4
0.05327 38577.4
0.05328 38577.4
0.05329 38577.4
0.05330 38577.4
0.05331 38577.4
0.05332 38577.4
0.05333 38577.4
0.05334 38577.4
0.05335 38577.4
0.05336 38577.4
0.05337 38577.4
0.05338 38577.4
0.05339 38577.4
0.05340 38577.4
0.05341 38577.4
0.05342 38577.4
0.05343 38577.4
0.05344 38577.4
0.05345 38577.4
0.05346 38577.4
0.05347 38577.4
0.05348 38577.4
0.05349 38577.4
0.05350 38577.4
0.05351 38577.4
0.05352 38577.4
0.05353 38577.4
0.05354 38577.4
0.05355 38577.4
0.05356 38577.4
0.05357 38577.4
0.05358 38577.4
0.05359 38577.4
0.05360 38577.4
0.05361 38577.4
0.05362 38577.4
0.05363 38577.4
0.05364 38577.4
0.05365 38577.4
0.05366 38577.4
0.05367 38577.4
0.05368 38577.4
0.05369 38577.4
0.05370 38577.4
0.05371 38577.4
0.05372 38577.4
0.05373 38577.4
0.05374 38577.4
0.05375 38577.4
0.05376 38577.4
0.05377 38577.4
0.05378 38577.4
0.05379 38577.4
0.05380 38577.4
0.05381 38577.4
0.05382 38577.4
0.05383 38577.4
0.05384 38577.4
0.05385 38577.4
0.05386 38577.4
0.05387 38577.4
0.05388 38577.4
0.05389 38577.4
0.05390 38577.4
0.05391 38577.4
0.05392 38577.4
0.05393 38577.4
0.05394 38577.4
0.05395 38577.4
0.05396 38577.4
0.05397 38577.4
0.05398 38577.4
0.05399 38577.4
0.05400 38577.4
0.05401 38577.4
0.05402 38577.4
0.05403 38577.4
0.05404 38577.4
0.05405 38577.4
0.05406 38577.4
0.05407 38577.4
0.05408 38577.4
0.05409 38577.4
0.05410 38577.4
0.05411 38577.4
0.05412 38577.4
0.05413 38577.4
0.05414 38577.4
0.05415 38577.4
0.05416 38577.4
0.05417 38577.4
0.05418 38577.4
0.05419 38577.4
0.05420 38577.4
0.05421 38577.4
0.05422 38577.4
0.05423 38577.4
0.05424 38577.4
0.05425 38577.4
0.05426 38577.4
0.05427 38577.4
0.05428 38577.4
0.05429 38577.4
0.05430 38577.4
0.05431 38577.4
0.05432 38577.4
0.05433 38577.4
0.05434 38577.4
0.05435 38577.4
0.05436 38577.4
0.05437 38577.4
0.05438 38577.4
0.05439 38577.4
0.05440 38577.4
0.05441 38577.4
0.05442 38577.4
0.05443 38577.4
0.05444 38577.4
0.05445 38577.4
0.05446 38577.4
0.05447 38577.4
0.05448 38577.4
0.05449 38577.4
0.05450 38577.4
0.05451 38577.4
0.05452 38577.4
0.05453 38577.4
0.05454 38577.4
0.05455 38577.4
0.05456 38577.4
0.05457 38577.4
0.05458 38577.4
0.05459 38577.4
0.05460 38577.4
0.05461 38577.4
0.05462 38577.4
0.05463 38577.4
0.05464 38577.4
0.05465 38577.4
0.05466 38577.4
0.05467 38577.4
0.05468 38577.4
0.05469 38577.4
0.05470 38577.4
0.05471 38577.4
0.05472 38577.4
0.05473 38577.4
0.05474 38577.4
0.05475 38577.4
0.05476 38577.4
0.05477 38577.4
0.05478 38577.4
0.05479 38577.4
0.05480 38577.4
0.05481 38577.4
0.05482 38577.4
0.05483 38577.4
0.05484 38577.4
0.05485 38577.4
0.05486 38577.4
0.05487 38577.4
0.05488 38577.4
0.05489 38577.4
0.05490 38577.4
0.05491 38577.4
0.05492 38577.4
0.05493 38577.4
0.05494 38577.4
0.05495 38577.4
0.05496 38577.4
0.05497 38577.4
0.05498 38577.4
0.05499 38577.4
0.05500 38577.4
0.05501 38577.4
0.05502 38577.4
0.05503 38577.4
0.05504 38577.4
0.05505 38577.4
0.05506 38577.4
0.05507 38577.4
0.05508 38577.4
0.05509 38577.4
0.05510 38577.4
0.05511 38577.4
0.05512 38577.4
0.05513 38577.4
0.05514 38577.4
0.05515 38577.4
0.05516 38577.4
0.05517 38577.4
0.05518 38577.4
0.05519 38577.4
0.05520 38577.4
0.05521 38577.4
0.05522 38577.4
0.05523 38577.4
0.05524 38577.4
0.05525 38577.4
0.05526 38577.4
0.05527 38577.4
0.05528 38577.4
0.05529 38577.4
0.05530 38577.4
0.05531 38577.4
0.05532 38577.4
0.05533 38577.4
0.05534 38577.4
0.05535 38577.4
0.05536 38577.4
0.05537 38577.4
0.05538 38577.4
0.05539 38577.4
0.05540 38577.4
0.05541 38577.4
0.05542 38577.4
0.05543 38577.4
0.05544 38577.4
0.05545 38577.4
0.05546 38577.4
0.05547 38577.4
0.05548 38577.4
0.05549 38577.4
0.05550 38577.4
0.05551 38577.4
0.05552 38577.4
0.05553 38577.4
0.05554 38577.4
0.05555 38577.4
0.05556 38577.4
0.05557 38577.4
0.05558 38577.4
0.05559 38577.4
0.05560 38577.4
0.05561 38577.4
0.05562 38577.4
0.05563 38577.4
0.05564 38577.4
0.05565 38577.4
0.05566 38577.4
0.05567 38577.4
0.05568 38577.4
0.05569 38577.4
0.05570 38577.4
0.05571 38577.4
0.05572 38577.4
0.05573 38577.4
0.05574 38577.4
0.05575 38577.4
0.05576 38577.4
0.05577 38577.4
0.05578 38577.4
0.05579 38577.4
0.05580 38577.4
0.05581 38577.4
0.05582 38577.4
0.05583 38577.4
0.05584 38577.4
0.05585 38577.4
0.05586 38577.4
0.05587 38577.4
0.05588 38577.4
0.05589 38577.4
0.05590 38577.4
0.05591 38577.4
0.05592 38577.4
0.05593 38577.4
0.05594 38577.4
0.05595 38577.4
0.05596 38577.4
0.05597 38577.4
0.05598 38577.4
0.05599 38577.4
0.05600 38577.4
0.05601 38577.4
0.05602 38577.4
0.05603 38577.4
0.05604 38577.4
0.05605 38577.4
0.05606 38577.4
0.05607 38577.4
0.05608 38577.4
0.05609 38577.4
0.05610 38577.4
0.05611 38577.4
0.05612 38577.4
0.05613 38577.4
0.05614 38577.4
0.05615 38577.4
0.05616 38577.4
0.05617 38577.4
0.05618 38577.4
0.05619 38577.4
0.05620 38577.4
0.05621 38577.4
0.05622 38577.4
0.05623 38577.4
0.05624 38577.4
0.05625 38577.4
0.05626 38577.4
0.05627 38577.4
0.05628 38577.4
0.05629 38577.4
0.05630 38577.4
0.05631 38577.4
0.05632 38577.4
0.05633 38577.4
0.05634 38577.4
0.05635 38577.4
0.05636 38577.4
0.05637 38577.4
0.05638 38577.4
0.05639 38577.4
0.05640 38577.4
0.05641 38577.4
0.05642 38577.4
0.05643 38577.4
0.05644 38577.4
0.05645 38577.4
0.05646 38577.4
0.05647 38577.4
0.05648 38577.4
0.05649 38577.4
0.05650 38577.4
0.05651 38577.4
0.05652 38577.4
0.05653 38577.4
0.05654 38577.4
0.05655 38577.4
0.05656 38577.4
0.05657 38577.4
0.05658 38577.4
0.05659 38577.4
0.05660 38577.4
0.05661 38577.4
0.05662 38577.4
0.05663 38577.4
0.05664 38577.4
0.05665 38577.4
0.05666 38577.4
0.05667 38577.4
0.05668 38577.4
0.05669 38577.4
0.05670 38577.4
0.05671 38577.4
0.05672 38577.4
0.05673 38577.4
0.05674 38577.4
0.05675 38577.4
0.05676 38577.4
0.05677 38577.4
0.05678 38577.4
0.05679 38577.4
0.05680 38577.4
0.05681 38577.4
0.05682 38577.4
0.05683 38577.4
0.05684 38577.4
0.05685 38577.4
0.05686 38577.4
0.05687 38577.4
0.05688 38577.4
0.05689 38577.4
0.05690 38577.4
0.05691 38577.4
0.05692 38577.4
0.05693 38577.4
0.05694 38577.4
0.05695 38577.4
0.05696 38577.4
0.05697 38577.4
0.05698 38577.4
0.05699 38577.4
0.05700 38577.4
0.05701 38577.4
0.05702 38577.4
0.05703 38577.4
0.05704 38577.4
0.05705 38577.4
0.05706 38577.4
0.05707 38577.4
0.05708 38577.4
0.05709 38577.4
0.05710 38577.4
0.05711 38577.4
0.05712 38577.4
0.05713 38577.4
0.05714 38577.4
0.05715 38577.4
0.05716 38577.4
0.05717 38577.4
0.05718 38577.4
0.05719 38577.4
0.05720 38577.4
0.05721 38577.4
0.05722 38577.4
0.05723 38577.4
0.05724 38577.4
0.05725 38577.4
0.05726 38577.4
0.05727 38577.4
0.05728 38577.4
0.05729 38577.4
0.05730 38577.4
0.05731 38577.4
0.05732 38577.4
0.05733 38577.4
0.05734 38577.4
0.05735 38577.4
0.05736 38577.4
0.05737 38577.4
0.05738 38577.4
0.05739 38577.4
0.05740 38577.4
0.05741 38577.4
0.05742 38577.4
0.05743 38577.4
0.05744 38577.4
0.05745 38577.4
0.05746 38577.4
0.05747 38577.4
0.05748 38577.4
0.05749 38577.4
0.05750 38577.4
0.05751 38577.4
0.05752 38577.4
0.05753 38577.4
0.05754 38577.4
0.05755 38577.4
0.05756 38577.4
0.05757 38577.4
0.05758 38577.4
0.05759 38577.4
0.05760 38577.4
0.05761 38577.4
0.05762 38577.4
0.05763 38577.4
0.05764 38577.4
0.05765 38577.4
0.05766 38577.4
0.05767 38577.4
0.05768 38577.4
0.05769 38577.4
0.05770 38577.4
0.05771 38577.4
0.05772 38577.4
0.05773 38577.4
0.05774 38577.4
0.05775 38577.4
0.05776 38577.4
0.05777 38577.4
0.05778 38577.4
0.05779 38577.4
0.05780 38577.4
0.05781 38577.4
0.05782 38577.4
0.05783 38577.4
0.05784 38577.4
0.05785 38577.4
0.05786 38577.4
0.05787 38577.4
0.05788 38577.4
0.05789 38577.4
0.05790 38577.4
0.05791 38577.4
0.05792 38577.4
0.05793 38577.4
0.05794 38577.4
0.05795 38577.4
0.05796 38577.4
0.05797 38577.4
0.05798 38577.4
0.05799 38577.4
0.05800 38577.4
0.05801 38577.4
0.05802 38577.4
0.05803 38577.4
0.05804 38577.4
0.05805 38577.4
0.05806 38577.4
0.05807 38577.4
0.05808 38577.4
0.05809 38577.4
0.05810 38577.4
0.05811 38577.4
0.05812 38577.4
0.05813 38577.4
0.05814 38577.4
0.05815 38577.4
0.05816 38577.4
0.05817 38577.4
0.05818 38577.4
0.05819 38577.4
0.05820 38577.4
0.05821 38577.4
0.05822 38577.4
0.05823 38577.4
0.05824 38577.4
0.05825 38577.4
0.05826 38577.4
0.05827 38577.4
0.05828 38577.4
0.05829 38577.4
0.05830 38577.4
0.05831 38577.4
0.05832 38577.4
0.05833 38577.4
0.05834 38577.4
0.05835 38577.4
0.05836 38577.4
0.05837 38577.4
0.05838 38577.4
0.05839 38577.4
0.05840 38577.4
0.05841 38577.4
0.05842 38577.4
0.05843 38577.4
0.05844 38577.4
0.05845 38577.4
0.05846 38577.4
0.05847 38577.4
0.05848 38577.4
0.05849 38577.4
0.05850 38577.4
0.05851 38577.4
0.05852 38577.4
0.05853 38577.4
0.05854 38577.4
0.05855 38577.4
0.05856 38577.4
0.05857 38577.4
0.05858 38577.4
0.05859 38577.4
0.05860 38577.4
0.05861 38577.4
0.05862 38577.4
0.05863 38577.4
0.05864 38577.4
0.05865 38577.4
0.05866 38577.4
0.05867 38577.4
0.05868 38577.4
0.05869 38577.4
0.05870 38577.4
0.05871 38577.4
0.05872 38577.4
0.05873 38577.4
0.05874 38577.4
0.05875 38577.4
0.05876 38577.4
0.05877 38577.4
0.05878 38577.4
0.05879 38577.4
0.05880 38577.4
0.05881 38577.4
0.05882 38577.4
0.05883 38577.4
0.05884 38577.4
0.05885 38577.4
0.05886 38577.4
0.05887 38577.4
0.05888 38577.4
0.05889 38577.4
0.05890 38577.4
0.05891 38577.4
0.05892 38577.4
0.05893 38577.4
0.05894 38577.4
0.05895 38577.4
0.05896 38577.4
0.05897 38577.4
0.05898 38577.4
0.05899 38577.4
0.05900 38577.4
0.05901 38577.4
0.05902 38577.4
0.05903 38577.4
0.05904 38577.4
0.05905 38577.4
0.05906 38577.4
0.05907 38577.4
0.05908 38577.4
0.05909 38577.4
0.05910 38577.4
0.05911 38577.4
0.05912 38577.4
0.05913 38577.4
0.05914 38577.4
0.05915 38577.4
0.05916 38577.4
0.05917 38577.4
0.05918 38577.4
0.05919 38577.4
0.05920 38577.4
0.05921 38577.4
0.05922 38577.4
0.05923 38577.4
0.05924 38577.4
0.05925 38577.4
0.05926 38577.4
0.05927 38577.4
0.05928 38577.4
0.05929 38577.4
0.05930 38577.4
0.05931 38577.4
0.05932 38577.4
0.05933 38577.4
0.05934 38577.4
0.05935 38577.4
0.05936 38577.4
0.05937 38577.4
0.05938 38577.4
0.05939 38577.4
0.05940 38577.4
0.05941 38577.4
0.05942 38577.4
0.05943 38577.4
0.05944 38577.4
0.05945 38577.4
0.05946 38577.4
0.05947 38577.4
0.05948 38577.4
0.05949 38577.4
0.05950 38577.4
0.05951 38577.4
0.05952 38577.4
0.05953 38577.4
0.05954 38577.4
0.05955 38577.4
0.05956 38577.4
0.05957 38577.4
0.05958 38577.4
0.05959 38577.4
0.05960 38577.4
0.05961 38577.4
0.05962 38577.4
0.05963 38577.4
0.05964 38577.4
0.05965 38577.4
0.05966 38577.4
0.05967 38577.4
0.05968 38577.4
0.05969 38577.4
0.05970 38577.4
0.05971 38577.4
0.05972 38577.4
0.05973 38577.4
0.05974 38577.4
0.05975 38577.4
0.05976 38577.4
0.05977 38577.4
0.05978 38577.4
0.05979 38577.4
0.05980 38577.4
0.05981 38577.4
0.05982 38577.4
0.05983 38577.4
0.05984 38577.4
0.05985 38577.4
0.05986 38577.4
0.05987 38577.4
0.05988 38577.4
0.05989 38577.4
0.05990 38577.4
0.05991 38577.4
0.05992 38577.4
0.05993 38577.4
0.05994 38577.4
0.05995 38577.4
0.05996 38577.4
0.05997 38577.4
0.05998 38577.4
0.05999 38577.4
0.06000 38577.4
0.06001 38577.4
0.06002 38577.4
0.06003 38577.4
0.06004 38577.4
0.06005 38577.4
0.06006 38577.4
0.06007 38577.4
0.06008 38577.4
0.06009 38577.4
0.06010 38577.4
0.06011 38577.4
0.06012 38577.4
0.06013 38577.4
0.06014 38577.4
0.06015 38577.4
0.06016 38577.4
0.06017 38577.4
0.06018 38577.4
0.06019 38577.4
0.06020 38577.4
0.06021 38577.4
0.06022 38577.4
0.06023 38577.4
0.06024 38577.4
0.06025 38577.4
0.06026 38577.4
0.06027 38577.4
0.06028 38577.4
0.06029 38577.4
0.06030 38577.4
0.06031 38577.4
0.06032 38577.4
0.06033 38577.4
0.06034 38577.4
0.06035 38577.4
0.06036 38577.4
0.06037 38577.4
0.06038 38577.4
0.06039 38577.4
0.06040 38577.4
0.06041 38577.4
0.06042 38577.4
0.06043 38577.4
0.06044 38577.4
0.06045 38577.4
0.06046 38577.4
0.06047 38577.4
0.06048 38577.4
0.06049 38577.4
0.06050 38577.4
0.06051 38577.4
0.06052 38577.4
0.06053 38577.4
0.06054 38577.4
0.06055 38577.4
0.06056 38577.4
0.06057 38577.4
0.06058 38577.4
0.06059 38577.4
0.06060 38577.4
0.06061 38577.4
0.06062 38577.4
0.06063 38577.4
0.06064 38577.4
0.06065 38577.4
0.06066 38577.4
0.06067 38577.4
0.06068 38577.4
0.06069 38577.4
0.06070 38577.4
0.06071 38577.4
0.06072 38577.4
0.06073 38577.4
0.06074 38577.4
0.06075 38577.4
0.06076 38577.4
0.06077 38577.4
0.06078 38577.4
0.06079 38577.4
0.06080 38577.4
0.06081 38577.4
0.06082 38577.4
0.06083 38577.4
0.06084 38577.4
0.06085 38577.4
0.06086 38577.4
0.06087 38577.4
0.06088 38577.4
0.06089 38577.4
0.06090 38577.4
0.06091 38577.4
0.06092 38577.4
0.06093 38577.4
0.06094 38577.4
0.06095 38577.4
0.06096 38577.4
0.06097 38577.4
0.06098 38577.4
0.06099 38577.4
0.06100 38577.4
0.06101 37153.6
0.06102 35786.4
0.06103 34473.5
0.06104 33212.4
0.06105 32001.1
0.06106 30837.4
0.06107 29719.2
0.06108 28644.6
0.06109 27611.7
0.06110 26618.9
0.06111 25664.4
0.06112 24746.5
0.06113 23863.7
0.06114 23014.5
0.06115 22197.5
0.06116 21411.2
0.06117 20654.4
0.06118 19925.7
0.06119 19223.9
0.06120 18547.8
0.06121 17896.2
0.06122 17268.0
0.06123 16662.0
0.06124 16077.3
0.06125 15512.7
0.06126 14967.2
0.06127 14439.7
0.06128 13929.4
0.06129 13435.1
0.06130 12955.9
0.06131 12490.9
0.06132 12038.9
0.06133 11599.2
0.06134 11170.5
0.06135 10752.1
0.06136 10342.8
0.06137 9941.8
0.06138 9547.9
0.06139 9160.3
0.06140 8777.8
0.06141 8399.5
0.06142 8024.5
0.06143 7651.7
0.06144 7280.2
0.06145 6909.3
0.06146 6538.1
0.06147 6166.0
0.06148 5792.4
0.06149 5417.2
0.06150 5040.2
0.06151 4839.3
0.06152 4613.5
0.06153 4364.5
0.06154 4095.1
0.06155 3808.3
0.06156 3508.3
0.06157 3199.7
0.06158 2887.6
0.06159 2577.9
0.06160 2276.6
0.06161 1989.7
0.06162 1723.0
0.06163 1481.3
0.06164 1268.4
0.06165 1086.2
0.06166 935.0
0.06167 812.8
0.06168 716.6
0.06169 642.2
0.06170 585.3
0.06171 542.1
0.06172 509.2
0.06173 484.3
0.06174 465.3
0.06175 450.9
0.06176 440.1
0.06177 432.2
0.06178 426.7
0.06179 423.2
0.06180 421.3
0.06181 421.0
0.06182 421.9
0.06183 424.2
0.06184 427.6
0.06185 432.1
0.06186 437.7
0.06187 444.5
0.06188 452.3
0.06189 461.3
0.06190 471.4
0.06191 482.8
0.06192 495.5
0.06193 509.5
0.06194 524.9
0.06195 541.9
0.06196 560.5
0.06197 580.8
0.06198 603.0
0.06199 627.2
0.06200 653.4
0.06201 682.0
0.06202 713.0
0.06203 746.6
0.06204 783.0
0.06205 822.5
0.06206 865.1
0.06207 911.2
0.06208 961.0
0.06209 1014.7
0.06210 1072.5
0.06211 1134.8
0.06212 1201.9
0.06213 1273.9
0.06214 1351.2
0.06215 1434.0
0.06216 1522.7
0.06217 1617.6
0.06218 1718.9
0.06219 1826.9
0.06220 1941.8
0.06221 2064.1
0.06222 2193.8
0.06223 2331.2
0.06224 2476.6
0.06225 2630.2
0.06226 2792.1
0.06227 2962.4
0.06228 3141.3
0.06229 3329.0
0.06230 3525.5
0.06231 3730.8
0.06232 3944.9
0.06233 4168.0
0.06234 4399.9
0.06235 4640.6
0.06236 4890.1
0.06237 5148.2
0.06238 5414.9
0.06239 5690.0
0.06240 5973.5
0.06241 6265.1
0.06242 6564.8
0.06243 6872.3
0.06244 7187.5
0.06245 7510.2
0.06246 7840.2
0.06247 8177.4
0.06248 8521.6
0.06249 8872.5
0.06250 9230.0
0.06251 9593.9
0.06252 9964.0
0.06253 10340.2
0.06254 10722.1
0.06255 11109.7
0.06256 11502.7
0.06257 11900.8
0.06258 12304.0
0.06259 12712.0
0.06260 13124.5
0.06261 13541.3
0.06262 13962.2
0.06263 14386.8
0.06264 14815.0
0.06265 15246.4
0.06266 15680.8
0.06267 16117.8
0.06268 16557.1
0.06269 16998.4
0.06270 17441.4
0.06271 17885.6
0.06272 18330.8
0.06273 18776.5
0.06274 19222.4
0.06275 19668.0
0.06276 20113.1
0.06277 20557.2
0.06278 20999.9
0.06279 21440.9
0.06280 21879.8
0.06281 22316.2
0.06282 22749.7
0.06283 23180.0
0.06284 23606.8
0.06285 24029.7
0.06286 24448.5
0.06287 24862.8
0.06288 25272.4
0.06289 25677.0
0.06290 26076.5
0.06291 26470.5
0.06292 26858.9
0.06293 27241.5
0.06294 27618.2
0.06295 27988.8
0.06296 28353.2
0.06297 28711.3
0.06298 29063.1
0.06299 29408.5
0.06300 29747.4
0.06301 30079.8
0.06302 30405.7
0.06303 30725.0
0.06304 31037.9
0.06305 31344.3
0.06306 31644.2
0.06307 31937.7
0.06308 32224.9
0.06309 32505.7
0.06310 32780.3
0.06311 33048.7
0.06312 33311.1
0.06313 33567.4
0.06314 33817.8
0.06315 34062.3
0.06316 34301.1
0.06317 34534.3
0.06318 34761.9
0.06319 34984.1
0.06320 35200.8
0.06321 35412.4
0.06322 35618.8
0.06323 35820.1
0.06324 36016.6
0.06325 36208.1
0.06326 36395.0
0.06327 36577.2
0.06328 36754.8
0.06329 36928.0
0.06330 37096.9
0.06331 37261.6
0.06332 37422.1
0.06333 37578.6
0.06334 37731.2
0.06335 37879.9
0.06336 38024.8
0.06337 38166.1
0.06338 38303.8
0.06339 38438.0
0.06340 38568.8
0.06341 38696.2
0.06342 38820.5
0.06343 38941.5
0.06344 39059.5
0.06345 39174.5
0.06346 39286.6
0.06347 39395.8
0.06348 39502.2
0.06349 39606.0
0.06350 39707.1
0.06351 39805.6
0.06352 39901.6
0.06353 39995.2
0.06354 40086.4
0.06355 40175.2
0.06356 40261.8
0.06357 40346.3
0.06358 40428.6
0.06359 40508.7
0.06360 40586.9
0.06361 40663.1
0.06362 40737.3
0.06363 40809.7
0.06364 40880.3
0.06365 40949.0
0.06366 41016.1
0.06367 41081.4
0.06368 41145.1
0.06369 41207.2
0.06370 41267.7
0.06371 41326.7
0.06372 41384.2
0.06373 41440.3
0.06374 41495.0
0.06375 41548.3
0.06376 41600.3
0.06377 41650.9
0.06378 41700.3
0.06379 41748.5
0.06380 41795.5
0.06381 41841.2
0.06382 41885.9
0.06383 41929.4
0.06384 41971.9
0.06385 42013.2
0.06386 42053.6
0.06387 42093.0
0.06388 42131.3
0.06389 42168.7
0.06390 42205.2
0.06391 42240.8
0.06392 42275.5
0.06393 42309.3
0.06394 42342.3
0.06395 42374.5
0.06396 42405.9
0.06397 42436.5
0.06398 42466.3
0.06399 42495.4
0.06400 42523.8
0.06401 42551.4
0.06402 42578.4
0.06403 42604.7
0.06404 42630.3
0.06405 42655.4
0.06406 42679.7
0.06407 42703.5
0.06408 42726.7
0.06409 42749.3
0.06410 42771.3
0.06411 42792.8
0.06412 42813.8
0.06413 42834.2
0.06414 42854.1
0.06415 42873.5
0.06416 42892.4
0.06417 42910.8
0.06418 42928.8
0.06419 42946.3
0.06420 42963.4
0.06421 42980.0
0.06422 42996.2
0.06423 43012.0
0.06424 43027.4
0.06425 43042.3
0.06426 43056.9
0.06427 43071.2
0.06428 43085.0
0.06429 43098.5
0.06430 43111.6
0.06431 43124.4
0.06432 43136.9
0.06433 43149.0
0.06434 43160.8
0.06435 43172.3
0.06436 43183.4
0.06437 43194.3
0.06438 43204.9
0.06439 43215.2
0.06440 43225.2
0.06441 43234.9
0.06442 43244.3
0.06443 43253.5
0.06444 43262.5
0.06445 43271.1
0.06446 43279.6
0.06447 43287.8
0.06448 43295.7
0.06449 43303.4
0.06450 43310.9
0.06451 43318.2
0.06452 43325.3
0.06453 43332.1
0.06454 43338.7
0.06455 43345.1
0.06456 43351.4
0.06457 43357.4
0.06458 43363.2
0.06459 43368.9
0.06460 43374.3
0.06461 43379.6
0.06462 43384.7
0.06463 43389.7
0.06464 43394.4
0.06465 43399.0
0.06466 43403.4
0.06467 43407.7
0.06468 43411.8
0.06469 43415.8
0.06470 43419.6
0.06471 43423.3
0.06472 43426.8
0.06473 43430.2
0.06474 43433.4
0.06475 43436.5
0.06476 43439.4
0.06477 43442.3
0.06478 43445.0
0.06479 43447.6
0.06480 43450.0
0.06481 43452.3
0.06482 43454.6
0.06483 43456.7
0.06484 43458.6
0.06485 43460.5
0.06486 43462.3
0.06487 43463.9
0.06488 43465.4
0.06489 43466.9
0.06490 43468.2
0.06491 43469.4
0.06492 43470.6
0.06493 43471.6
0.06494 43472.6
0.06495 43473.4
0.06496 43474.2
0.06497 43474.8
0.06498 43475.4
0.06499 43475.9
0.06500 43476.3
0.06501 43476.6
0.06502 43476.8
0.06503 43477.0
0.06504 43477.0
0.06505 43477.0
0.06506 43477.0
0.06507 43476.8
0.06508 43476.6
0.06509 43476.2
0.06510 43475.9
0.06511 43475.4
0.06512 43474.9
0.06513 43474.3
0.06514 43473.6
0.06515 43472.9
0.06516 43472.1
0.06517 43471.3
0.06518 43470.3
0.06519 43469.4
0.06520 43468.3
0.06521 43467.2
0.06522 43466.1
0.06523 43464.8
0.06524 43463.6
0.06525 43462.2
0.06526 43460.8
0.06527 43459.4
0.06528 43457.9
0.06529 43456.4
0.06530 43454.8
0.06531 43453.1
0.06532 43451.4
0.06533 43449.6
0.06534 43447.8
0.06535 43446.0
0.06536 43444.1
0.06537 43442.2
0.06538 43440.2
0.06539 43438.1
0.06540 43436.0
0.06541 43433.9
0.06542 43431.8
0.06543 43429.5
0.06544 43427.3
0.06545 43425.0
0.06546 43422.7
0.06547 43420.3
0.06548 43417.9
0.06549 43415.4
0.06550 43412.9
0.06551 43410.4
0.06552 43407.8
0.06553 43405.2
0.06554 43402.6
0.06555 43399.9
0.06556 43397.2
0.06557 43394.5
0.06558 43391.7
0.06559 43388.9
0.06560 43386.0
0.06561 43383.2
0.06562 43380.2
0.06563 43377.3
0.06564 43374.3
0.06565 43371.3
0.06566 43368.3
0.06567 43365.2
0.06568 43362.1
0.06569 43359.0
0.06570 43355.8
0.06571 43352.7
0.06572 43349.5
0.06573 43346.2
0.06574 43343.0
0.06575 43339.7
0.06576 43336.3
0.06577 43333.0
0.06578 43329.6
0.06579 43326.2
0.06580 43322.8
0.06581 43319.4
0.06582 43315.9
0.06583 43312.4
0.06584 43308.9
0.06585 43305.3
0.06586 43301.8
0.06587 43298.2
0.06588 43294.6
0.06589 43290.9
0.06590 43287.3
0.06591 43283.6
0.06592 43279.9
0.06593 43276.2
0.06594 43272.4
0.06595 43268.7
0.06596 43264.9
0.06597 43261.1
0.06598 43257.3
0.06599 43253.4
0.06600 43249.6
0.06601 43245.7
0.06602 43241.8
0.06603 43237.9
0.06604 43233.9
0.06605 43230.0
0.06606 43226.0
0.06607 43222.0
0.06608 43218.0
0.06609 43214.0
0.06610 43209.9
0.06611 43205.9
0.06612 43201.8
0.06613 43197.7
0.06614 43193.6
0.06615 43189.5
0.06616 43185.3
0.06617 43181.2
0.06618 43177.0
0.06619 43172.8
0.06620 43168.6
0.06621 43164.4
0.06622 43160.2
0.06623 43155.9
0.06624 43151.7
0.06625 43147.4
0.06626 43143.1
0.06627 43138.8
0.06628 43134.5
0.06629 43130.1
0.06630 43125.8
0.06631 43121.4
0.06632 43117.1
0.06633 43112.7
0.06634 43108.3
0.06635 43103.9
0.06636 43099.5
0.06637 43095.0
0.06638 43090.6
0.06639 43086.1
0.06640 43081.7
0.06641 43077.2
0.06642 43072.7
0.06643 43068.2
0.06644 43063.7
0.06645 43059.2
0.06646 43054.6
0.06647 43050.1
0.06648 43045.5
0.06649 43041.0
0.06650 43036.4
0.06651 43031.8
0.06652 43027.2
0.06653 43022.6
0.06654 43018.0
0.06655 43013.4
0.06656 43008.7
0.06657 43004.1
0.06658 42999.4
0.06659 42994.8
0.06660 42990.1
0.06661 42985.4
0.06662 42980.7
0.06663 42976.0
0.06664 42971.3
0.06665 42966.6
0.06666 42961.9
0.06667 42957.1
0.06668 42952.4
0.06669 42947.7
0.06670 42942.9
0.06671 42938.1
0.06672 42933.4
0.06673 42928.6
0.06674 42923.8
0.06675 42919.0
0.06676 42914.2
0.06677 42909.4
0.06678 42904.6
0.06679 42899.8
0.06680 42894.9
0.06681 42890.1
0.06682 42885.2
0.06683 42880.4
0.06684 42875.5
0.06685 42870.7
0.06686 42865.8
0.06687 42860.9
0.06688 42856.0
0.06689 42851.1
0.06690 42846.3
0.06691 42841.4
0.06692 42836.4
0.06693 42831.5
0.06694 42826.6
0.06695 42821.7
0.06696 42816.8
0.06697 42811.8
0.06698 42806.9
0.06699 42801.9
0.06700 42797.0
0.06701 42792.0
0.06702 42787.1
0.06703 42782.1
0.06704 42777.1
0.06705 42772.2
0.06706 42767.2
0.06707 42762.2
0.06708 42757.2
0.06709 42752.2
0.06710 42747.2
0.06711 42742.2
0.06712 42737.2
0.06713 42732.2
0.06714 42727.2
0.06715 42722.2
0.06716 42717.1
0.06717 42712.1
0.06718 42707.1
0.06719 42702.0
0.06720 42697.0
0.06721 42692.0
0.06722 42686.9
0.06723 42681.9
0.06724 42676.8
0.06725 42671.8
0.06726 42666.7
0.06727 42661.6
0.06728 42656.6
0.06729 42651.5
0.06730 42646.4
0.06731 42641.4
0.06732 42636.3
0.06733 42631.2
0.06734 42626.1
0.06735 42621.0
0.06736 42615.9
0.06737 42610.9
0.06738 42605.8
0.06739 42600.7
0.06740 42595.6
0.06741 42590.5
0.06742 42585.4
0.06743 42580.3
0.06744 42575.1
0.06745 42570.0
0.06746 42564.9
0.06747 42559.8
0.06748 42554.7
0.06749 42549.6
0.06750 42544.5
0.06751 42539.3
0.06752 42534.2
0.06753 42529.1
0.06754 42524.0
0.06755 42518.8
0.06756 42513.7
0.06757 42508.6
0.06758 42503.4
0.06759 42498.3
0.06760 42493.2
0.06761 42488.0
0.06762 42482.9
0.06763 42477.8
0.06764 42472.6
0.06765 42467.5
0.06766 42462.3
0.06767 42457.2
0.06768 42452.0
0.06769 42446.9
0.06770 42441.8
0.06771 42436.6
0.06772 42431.5
0.06773 42426.3
0.06774 42421.2
0.06775 42416.0
0.06776 42410.9
0.06777 42405.7
0.06778 42400.6
0.06779 42395.4
0.06780 42390.3
0.06781 42385.1
0.06782 42379.9
0.06783 42374.8
0.06784 42369.6
0.06785 42364.5
0.06786 42359.3
0.06787 42354.2
0.06788 42349.0
0.06789 42343.9
0.06790 42338.7
0.06791 42333.6
0.06792 42328.4
0.06793 42323.3
0.06794 42318.1
0.06795 42313.0
0.06796 42307.8
0.06797 42302.7
0.06798 42297.5
0.06799 42292.4
0.06800 42287.2
0.06801 42282.1
0.06802 42276.9
0.06803 42271.8
0.06804 42266.6
0.06805 42261.5
0.06806 42256.3
0.06807 42251.2
0.06808 42246.0
0.06809 42240.9
0.06810 42235.7
0.06811 42230.6
0.06812 42225.4
0.06813 42220.3
0.06814 42215.2
0.06815 42210.0
0.06816 42204.9
0.06817 42199.8
0.06818 42194.6
0.06819 42189.5
0.06820 42184.4
0.06821 42179.2
0.06822 42174.1
0.06823 42169.0
0.06824 42163.8
0.06825 42158.7
0.06826 42153.6
0.06827 42148.5
0.06828 42143.3
0.06829 42138.2
0.06830 42133.1
0.06831 42128.0
0.06832 42122.9
0.06833 42117.8
0.06834 42112.6
0.06835 42107.5
0.06836 42102.4
0.06837 42097.3
0.06838 42092.2
0.06839 42087.1
0.06840 42082.0
0.06841 42076.9
0.06842 42071.8
0.06843 42066.7
0.06844 42061.6
0.06845 42056.5
0.06846 42051.4
0.06847 42046.3
0.06848 42041.3
0.06849 42036.2
0.06850 42031.1
0.06851 42026.0
0.06852 42020.9
0.06853 42015.9
0.06854 42010.8
0.06855 42005.7
0.06856 42000.7
0.06857 41995.6
0.06858 41990.5
0.06859 41985.5
0.06860 41980.4
0.06861 41975.4
0.06862 41970.3
0.06863 41965.3
0.06864 41960.2
0.06865 41955.2
0.06866 41950.1
0.06867 41945.1
0.06868 41940.0
0.06869 41935.0
0.06870 41930.0
0.06871 41925.0
0.06872 41919.9
0.06873 41914.9
0.06874 41909.9
0.06875 41904.9
0.06876 41899.9
0.06877 41894.8
0.06878 41889.8
0.06879 41884.8
0.06880 41879.8
0.06881 41874.8
0.06882 41869.8
0.06883 41864.8
0.06884 41859.8
0.06885 41854.9
0.06886 41849.9
0.06887 41844.9
0.06888 41839.9
0.06889 41834.9
0.06890 41830.0
0.06891 41825.0
0.06892 41820.0
0.06893 41815.1
0.06894 41810.1
0.06895 41805.2
0.06896 41800.2
0.06897 41795.3
0.06898 41790.3
0.06899 41785.4
0.06900 41780.4
0.06901 41775.5
0.06902 41770.6
0.06903 41765.6
0.06904 41760.7
0.06905 41755.8
0.06906 41750.9
0.06907 41746.0
0.06908 41741.0
0.06909 41736.1
0.06910 41731.2
0.06911 41726.3
0.06912 41721.4
0.06913 41716.5
0.06914 41711.7
0.06915 41706.8
0.06916 41701.9
0.06917 41697.0
0.06918 41692.1
0.06919 41687.3
0.06920 41682.4
0.06921 41677.5
0.06922 41672.7
0.06923 41667.8
0.06924 41663.0
0.06925 41658.1
0.06926 41653.3
0.06927 41648.5
0.06928 41643.6
0.06929 41638.8
0.06930 41634.0
0.06931 41629.1
0.06932 41624.3
0.06933 41619.5
0.06934 41614.7
0.06935 41609.9
0.06936 41605.1
0.06937 41600.3
0.06938 41595.5
0.06939 41590.7
0.06940 41585.9
0.06941 41581.1
0.06942 41576.4
0.06943 41571.6
0.06944 41566.8
0.06945 41562.1
0.06946 41557.3
0.06947 41552.5
0.06948 41547.8
0.06949 41543.0
0.06950 41538.3
0.06951 41533.6
0.06952 41528.8
0.06953 41524.1
0.06954 41519.4
0.06955 41514.6
0.06956 41509.9
0.06957 41505.2
0.06958 41500.5
0.06959 41495.8
0.06960 41491.1
0.06961 41486.4
0.06962 41481.7
0.06963 41477.0
0.06964 41472.4
0.06965 41467.7
0.06966 41463.0
0.06967 41458.3
0.06968 41453.7
0.06969 41449.0
0.06970 41444.4
0.06971 41439.7
0.06972 41435.1
0.06973 41430.4
0.06974 41425.8
0.06975 41421.2
0.06976 41416.5
0.06977 41411.9
0.06978 41407.3
0.06979 41402.7
0.06980 41398.1
0.06981 41393.5
0.06982 41388.9
0.06983 41384.3
0.06984 41379.7
0.06985 41375.1
0.06986 41370.5
0.06987 41366.0
0.06988 41361.4
0.06989 41356.8
0.06990 41352.3
0.06991 41347.7
0.06992 41343.2
0.06993 41338.6
0.06994 41334.1
0.06995 41329.5
0.06996 41325.0
0.06997 41320.5
0.06998 41316.0
0.06999 41311.4
0.07000 41306.9
0.07001 41302.4
0.07002 41297.9
0.07003 41293.4
0.07004 41288.9
0.07005 41284.5
0.07006 41280.0
0.07007 41275.5
0.07008 41271.0
0.07009 41266.6
0.07010 41262.1
0.07011 41257.6
0.07012 41253.2
0.07013 41248.7
0.07014 41244.3
0.07015 41239.9
0.07016 41235.4
0.07017 41231.0
0.07018 41226.6
0.07019 41222.2
0.07020 41217.8
0.07021 41213.4
0.07022 41209.0
0.07023 41204.6
0.07024 41200.2
0.07025 41195.8
0.07026 41191.4
0.07027 41187.0
0.07028 41182.7
0.07029 41178.3
0.07030 41173.9
0.07031 41169.6
0.07032 41165.2
0.07033 41160.9
0.07034 41156.5
0.07035 41152.2
0.07036 41147.9
0.07037 41143.6
0.07038 41139.2
0.07039 41134.9
0.07040 41130.6
0.07041 41126.3
0.07042 41122.0
0.07043 41117.7
0.07044 41113.4
0.07045 41109.2
0.07046 41104.9
0.07047 41100.6
0.07048 41096.3
0.07049 41092.1
0.07050 41087.8
0.07051 41083.6
0.07052 41079.3
0.07053 41075.1
0.07054 41070.9
0.07055 41066.6
0.07056 41062.4
0.07057 41058.2
0.07058 41054.0
0.07059 41049.8
0.07060 41045.6
0.07061 41041.4
0.07062 41037.2
0.07063 41033.0
0.07064 41028.8
0.07065 41024.6
0.07066 41020.5
0.07067 41016.3
0.07068 41012.1
0.07069 41008.0
0.07070 41003.8
0.07071 40999.7
0.07072 40995.5
0.07073 40991.4
0.07074 40987.3
0.07075 40983.2
0.07076 40979.0
0.07077 40974.9
0.07078 40970.8
0.07079 40966.7
0.07080 40962.6
0.07081 40958.5
0.07082 40954.5
0.07083 40950.4
0.07084 40946.3
0.07085 40942.2
0.07086 40938.2
0.07087 40934.1
0.07088 40930.1
0.07089 40926.0
0.07090 40922.0
0.07091 40917.9
0.07092 40913.9
0.07093 40909.9
0.07094 40905.9
0.07095 40901.9
0.07096 40897.8
0.07097 40893.8
0.07098 40889.8
0.07099 40885.9
0.07100 40881.9
0.07101 40877.9
0.07102 40873.9
0.07103 40869.9
0.07104 40866.0
0.07105 40862.0
0.07106 40858.1
0.07107 40854.1
0.07108 40850.2
0.07109 40846.2
0.07110 40842.3
0.07111 40838.4
0.07112 40834.4
0.07113 40830.5
0.07114 40826.6
0.07115 40822.7
0.07116 40818.8
0.07117 40814.9
0.07118 40811.0
0.07119 40807.2
0.07120 40803.3
0.07121 40799.4
0.07122 40795.5
0.07123 40791.7
0.07124 40787.8
0.07125 40784.0
0.07126 40780.1
0.07127 40776.3
0.07128 40772.4
0.07129 40768.6
0.07130 40764.8
0.07131 40761.0
0.07132 40757.2
0.07133 40753.4
0.07134 40749.6
0.07135 40745.8
0.07136 40742.0
0.07137 40738.2
0.07138 40734.4
0.07139 40730.6
0.07140 40726.9
0.07141 40723.1
0.07142 40719.3
0.07143 40715.6
0.07144 40711.8
0.07145 40708.1
0.07146 40704.4
0.07147 40700.6
0.07148 40696.9
0.07149 40693.2
0.07150 40689.5
0.07151 40685.8
0.07152 40682.1
0.07153 40678.4
0.07154 40674.7
0.07155 40671.0
0.07156 40667.3
0.07157 40663.6
0.07158 40660.0
0.07159 40656.3
0.07160 40652.6
0.07161 40649.0
0.07162 40645.3
0.07163 40641.7
0.07164 40638.1
0.07165 40634.4
0.07166 40630.8
0.07167 40627.2
0.07168 40623.6
0.07169 40620.0
0.07170 40616.4
0.07171 40612.8
0.07172 40609.2
0.07173 40605.6
0.07174 40602.0
0.07175 40598.4
0.07176 40594.8
0.07177 40591.3
0.07178 40587.7
0.07179 40584.2
0.07180 40580.6
0.07181 40577.1
0.07182 40573.5
0.07183 40570.0
0.07184 40566.5
0.07185 40562.9
0.07186 40559.4
0.07187 40555.9
0.07188 40552.4
0.07189 40548.9
0.07190 40545.4
0.07191 40541.9
0.07192 40538.4
0.07193 40534.9
0.07194 40531.5
0.07195 40528.0
0.07196 40524.5
0.07197 40521.1
0.07198 40517.6
0.07199 40514.2
0.07200 40510.7
0.07201 40507.3
0.07202 40503.9
0.07203 40500.4
0.07204 40497.0
0.07205 40493.6
0.07206 40490.2
0.07207 40486.8
0.07208 40483.4
0.07209 40480.0
0.07210 40476.6
0.07211 40473.2
0.07212 40469.8
0.07213 40466.5
0.07214 40463.1
0.07215 40459.7
0.07216 40456.4
0.07217 40453.0
0.07218 40449.7
0.07219 40446.3
0.07220 40443.0
0.07221 40439.7
0.07222 40436.4
0.07223 40433.0
0.07224 40429.7
0.07225 40426.4
0.07226 40423.1
0.07227 40419.8
0.07228 40416.5
0.07229 40413.2
0.07230 40409.9
0.07231 40406.7
0.07232 40403.4
0.07233 40400.1
0.07234 40396.9
0.07235 40393.6
0.07236 40390.4
0.07237 40387.1
0.07238 40383.9
0.07239 40380.6
0.07240 40377.4
0.07241 40374.2
0.07242 40371.0
0.07243 40367.7
0.07244 40364.5
0.07245 40361.3
0.07246 40358.1
0.07247 40354.9
0.07248 40351.8
0.07249 40348.6
0.07250 40345.4
0.07251 40342.2
0.07252 40339.1
0.07253 40335.9
0.07254 40332.7
0.07255 40329.6
0.07256 40326.4
0.07257 40323.3
0.07258 40320.2
0.07259 40317.0
0.07260 40313.9
0.07261 40310.8
0.07262 40307.7
0.07263 40304.5
0.07264 40301.4
0.07265 40298.3
0.07266 40295.2
0.07267 40292.2
0.07268 40289.1
0.07269 40286.0
0.07270 40282.9
0.07271 40279.8
0.07272 40276.8
0.07273 40273.7
0.07274 40270.7
0.07275 40267.6
0.07276 40264.6
0.07277 40261.5
0.07278 40258.5
0.07279 40255.5
0.07280 40252.4
0.07281 40249.4
0.07282 40246.4
0.07283 40243.4
0.07284 40240.4
0.07285 40237.4
0.07286 40234.4
0.07287 40231.4
0.07288 40228.4
0.07289 40225.5
0.07290 40222.5
0.07291 40219.5
0.07292 40216.6
0.07293 40213.6
0.07294 40210.6
0.07295 40207.7
0.07296 40204.8
0.07297 40201.8
0.07298 40198.9
0.07299 40196.0
0.07300 40193.0
0.07301 40190.1
0.07302 40187.2
0.07303 40184.3
0.07304 40181.4
0.07305 40178.5
0.07306 40175.6
0.07307 40172.7
0.07308 40169.8
0.07309 40166.9
0.07310 40164.1
0.07311 40161.2
0.07312 40158.3
0.07313 40155.5
0.07314 40152.6
0.07315 40149.8
0.07316 40146.9
0.07317 40144.1
0.07318 40141.2
0.07319 40138.4
0.07320 40135.6
0.07321 40132.8
0.07322 40130.0
0.07323 40127.1
0.07324 40124.3
0.07325 40121.5
0.07326 40118.7
0.07327 40115.9
0.07328 40113.2
0.07329 40110.4
0.07330 40107.6
0.07331 40104.8
0.07332 40102.1
0.07333 40099.3
0.07334 40096.5
0.07335 40093.8
0.07336 40091.0
0.07337 40088.3
0.07338 40085.6
0.07339 40082.8
0.07340 40080.1
0.07341 40077.4
0.07342 40074.7
0.07343 40071.9
0.07344 40069.2
0.07345 40066.5
0.07346 40063.8
0.07347 40061.1
0.07348 40058.4
0.07349 40055.7
0.07350 40053.1
0.07351 40050.4
0.07352 40047.7
0.07353 40045.0
0.07354 40042.4
0.07355 40039.7
0.07356 40037.1
0.07357 40034.4
0.07358 40031.8
0.07359 40029.1
0.07360 40026.5
0.07361 40023.9
0.07362 40021.2
0.07363 40018.6
0.07364 40016.0
0.07365 40013.4
0.07366 40010.8
0.07367 40008.2
0.07368 40005.6
0.07369 40003.0
0.07370 40000.4
0.07371 39997.8
0.07372 39995.2
0.07373 39992.7
0.07374 39990.1
0.07375 39987.5
0.07376 39985.0
0.07377 39982.4
0.07378 39979.9
0.07379 39977.3
0.07380 39974.8
0.07381 39972.2
0.07382 39969.7
0.07383 39967.2
0.07384 39964.6
0.07385 39962.1
0.07386 39959.6
0.07387 39957.1
0.07388 39954.6
0.07389 39952.1
0.07390 39949.6
0.07391 39947.1
0.07392 39944.6
0.07393 39942.1
0.07394 39939.6
0.07395 39937.1
0.07396 39934.7
0.07397 39932.2
0.07398 39929.7
0.07399 39927.3
0.07400 39924.8
0.07401 39922.4
0.07402 39919.9
0.07403 39917.5
0.07404 39915.1
0.07405 39912.6
0.07406 39910.2
0.07407 39907.8
0.07408 39905.4
0.07409 39902.9
0.07410 39900.5
0.07411 39898.1
0.07412 39895.7
0.07413 39893.3
0.07414 39890.9
0.07415 39888.5
0.07416 39886.2
0.07417 39883.8
0.07418 39881.4
0.07419 39879.0
0.07420 39876.7
0.07421 39874.3
0.07422 39871.9
0.07423 39869.6
0.07424 39867.2
0.07425 39864.9
0.07426 39862.6
0.07427 39860.2
0.07428 39857.9
0.07429 39855.6
0.07430 39853.2
0.07431 39850.9
0.07432 39848.6
0.07433 39846.3
0.07434 39844.0
0.07435 39841.7
0.07436 39839.4
0.07437 39837.1
0.07438 39834.8
0.07439 39832.5
0.07440 39830.2
0.07441 39827.9
0.07442 39825.7
0.07443 39823.4
0.07444 39821.1
0.07445 39818.9
0.07446 39816.6
0.07447 39814.3
0.07448 39812.1
0.07449 39809.9
0.07450 39807.6
0.07451 39805.4
0.07452 39803.1
0.07453 39800.9
0.07454 39798.7
0.07455 39796.5
0.07456 39794.2
0.07457 39792.0
0.07458 39789.8
0.07459 39787.6
0.07460 39785.4
0.07461 39783.2
0.07462 39781.0
0.07463 39778.8
0.07464 39776.7
0.07465 39774.5
0.07466 39772.3
0.07467 39770.1
0.07468 39768.0
0.07469 39765.8
0.07470 39763.6
0.07471 39761.5
0.07472 39759.3
0.07473 39757.2
0.07474 39755.0
0.07475 39752.9
0.07476 39750.8
0.07477 39748.6
0.07478 39746.5
0.07479 39744.4
0.07480 39742.2
0.07481 39740.1
0.07482 39738.0
0.07483 39735.9
0.07484 39733.8
0.07485 39731.7
0.07486 39729.6
0.07487 39727.5
0.07488 39725.4
0.07489 39723.3
0.07490 39721.2
0.07491 39719.2
0.07492 39717.1
0.07493 39715.0
0.07494 39713.0
0.07495 39710.9
0.07496 39708.8
0.07497 39706.8
0.07498 39704.7
0.07499 39702.7
0.07500 39700.6
0.07501 39698.6
0.07502 39696.6
0.07503 39694.5
0.07504 39692.5
0.07505 39690.5
0.07506 39688.5
0.07507 39686.4
0.07508 39684.4
0.07509 39682.4
0.07510 39680.4
0.07511 39678.4
0.07512 39676.4
0.07513 39674.4
0.07514 39672.4
0.07515 39670.4
0.07516 39668.5
0.07517 39666.5
0.07518 39664.5
0.07519 39662.5
0.07520 39660.6
0.07521 39658.6
0.07522 39656.6
0.07523 39654.7
0.07524 39652.7
0.07525 39650.8
0.07526 39648.8
0.07527 39646.9
0.07528 39644.9
0.07529 39643.0
0.07530 39641.1
0.07531 39639.1
0.07532 39637.2
0.07533 39635.3
0.07534 39633.4
0.07535 39631.5
0.07536 39629.5
0.07537 39627.6
0.07538 39625.7
0.07539 39623.8
0.07540 39621.9
0.07541 39620.0
0.07542 39618.2
0.07543 39616.3
0.07544 39614.4
0.07545 39612.5
0.07546 39610.6
0.07547 39608.8
0.07548 39606.9
0.07549 39605.0
0.07550 39603.2
0.07551 39601.3
0.07552 39599.5
0.07553 39597.6
0.07554 39595.8
0.07555 39593.9
0.07556 39592.1
0.07557 39590.2
0.07558 39588.4
0.07559 39586.6
0.07560 39584.7
0.07561 39582.9
0.07562 39581.1
0.07563 39579.3
0.07564 39577.5
0.07565 39575.7
0.07566 39573.9
0.07567 39572.1
0.07568 39570.3
0.07569 39568.5
0.07570 39566.7
0.07571 39564.9
0.07572 39563.1
0.07573 39561.3
0.07574 39559.5
0.07575 39557.8
0.07576 39556.0
0.07577 39554.2
0.07578 39552.5
0.07579 39550.7
0.07580 39548.9
0.07581 39547.2
0.07582 39545.4
0.07583 39543.7
0.07584 39541.9
0.07585 39540.2
0.07586 39538.5
0.07587 39536.7
0.07588 39535.0
0.07589 39533.3
0.07590 39531.5
0.07591 39529.8
0.07592 39528.1
0.07593 39526.4
0.07594 39524.7
0.07595 39523.0
0.07596 39521.2
0.07597 39519.5
0.07598 39517.8
0.07599 39516.1
0.07600 39514.5
0.07601 39512.8
0.07602 39511.1
0.07603 39509.4
0.07604 39507.7
0.07605 39506.0
0.07606 39504.4
0.07607 39502.7
0.07608 39501.0
0.07609 39499.4
0.07610 39497.7
0.07611 39496.0
0.07612 39494.4
0.07613 39492.7
0.07614 39491.1
0.07615 39489.4
0.07616 39487.8
0.07617 39486.2
0.07618 39484.5
0.07619 39482.9
0.07620 39481.3
0.07621 39479.6
0.07622 39478.0
0.07623 39476.4
0.07624 39474.8
0.07625 39473.2
0.07626 39471.5
0.07627 39469.9
0.07628 39468.3
0.07629 39466.7
0.07630 39465.1
0.07631 39463.5
0.07632 39461.9
0.07633 39460.4
0.07634 39458.8
0.07635 39457.2
0.07636 39455.6
0.07637 39454.0
0.07638 39452.5
0.07639 39450.9
0.07640 39449.3
0.07641 39447.7
0.07642 39446.2
0.07643 39444.6
0.07644 39443.1
0.07645 39441.5
0.07646 39440.0
0.07647 39438.4
0.07648 39436.9
0.07649 39435.3
0.07650 39433.8
0.07651 39432.3
0.07652 39430.7
0.07653 39429.2
0.07654 39427.7
0.07655 39426.1
0.07656 39424.6
0.07657 39423.1
0.07658 39421.6
0.07659 39420.1
0.07660 39418.6
0.07661 39417.1
0.07662 39415.6
0.07663 39414.0
0.07664 39412.6
0.07665 39411.1
0.07666 39409.6
0.07667 39408.1
0.07668 39406.6
0.07669 39405.1
0.07670 39403.6
0.07671 39402.1
0.07672 39400.7
0.07673 39399.2
0.07674 39397.7
0.07675 39396.3
0.07676 39394.8
0.07677 39393.3
0.07678 39391.9
0.07679 39390.4
0.07680 39389.0
0.07681 39387.5
0.07682 39386.1
0.07683 39384.6
0.07684 39383.2
0.07685 39381.7
0.07686 39380.3
0.07687 39378.9
0.07688 39377.4
0.07689 39376.0
0.07690 39374.6
0.07691 39373.2
0.07692 39371.7
0.07693 39370.3
0.07694 39368.9
0.07695 39367.5
0.07696 39366.1
0.07697 39364.7
0.07698 39363.3
0.07699 39361.9
0.07700 39360.5
0.07701 39359.1
0.07702 39357.7
0.07703 39356.3
0.07704 39354.9
0.07705 39353.5
0.07706 39352.2
0.07707 39350.8
0.07708 39349.4
0.07709 39348.0
0.07710 39346.7
0.07711 39345.3
0.07712 39343.9
0.07713 39342.6
0.07714 39341.2
0.07715 39339.8
0.07716 39338.5
0.07717 39337.1
0.07718 39335.8
0.07719 39334.4
0.07720 39333.1
0.07721 39331.7
0.07722 39330.4
0.07723 39329.1
0.07724 39327.7
0.07725 39326.4
0.07726 39325.1
0.07727 39323.7
0.07728 39322.4
0.07729 39321.1
0.07730 39319.8
0.07731 39318.5
0.07732 39317.1
0.07733 39315.8
0.07734 39314.5
0.07735 39313.2
0.07736 39311.9
0.07737 39310.6
0.07738 39309.3
0.07739 39308.0
0.07740 39306.7
0.07741 39305.4
0.07742 39304.1
0.07743 39302.9
0.07744 39301.6
0.07745 39300.3
0.07746 39299.0
0.07747 39297.7
0.07748 39296.5
0.07749 39295.2
0.07750 39293.9
0.07751 39292.7
0.07752 39291.4
0.07753 39290.1
0.07754 39288.9
0.07755 39287.6
0.07756 39286.4
0.07757 39285.1
0.07758 39283.9
0.07759 39282.6
0.07760 39281.4
0.07761 39280.1
0.07762 39278.9
0.07763 39277.6
0.07764 39276.4
0.07765 39275.2
0.07766 39273.9
0.07767 39272.7
0.07768 39271.5
0.07769 39270.3
0.07770 39269.0
0.07771 39267.8
0.07772 39266.6
0.07773 39265.4
0.07774 39264.2
0.07775 39263.0
0.07776 39261.8
0.07777 39260.6
0.07778 39259.4
0.07779 39258.2
0.07780 39257.0
0.07781 39255.8
0.07782 39254.6
0.07783 39253.4
0.07784 39252.2
0.07785 39251.0
0.07786 39249.8
0.07787 39248.6
0.07788 39247.5
0.07789 39246.3
0.07790 39245.1
0.07791 39243.9
0.07792 39242.8
0.07793 39241.6
0.07794 39240.4
0.07795 39239.3
0.07796 39238.1
0.07797 39236.9
0.07798 39235.8
0.07799 39234.6
0.07800 39233.5
0.07801 39232.3
0.07802 39231.2
0.07803 39230.0
0.07804 39228.9
0.07805 39227.7
0.07806 39226.6
0.07807 39225.5
0.07808 39224.3
0.07809 39223.2
0.07810 39222.1
0.07811 39220.9
0.07812 39219.8
0.07813 39218.7
0.07814 39217.6
0.07815 39216.5
0.07816 39215.3
0.07817 39214.2
0.07818 39213.1
0.07819 39212.0
0.07820 39210.9
0.07821 39209.8
0.07822 39208.7
0.07823 39207.6
0.07824 39206.5
0.07825 39205.4
0.07826 39204.3
0.07827 39203.2
0.07828 39202.1
0.07829 39201.0
0.07830 39199.9
0.07831 39198.8
0.07832 39197.7
0.07833 39196.7
0.07834 39195.6
0.07835 39194.5
0.07836 39193.4
0.07837 39192.4
0.07838 39191.3
0.07839 39190.2
0.07840 39189.2
0.07841 39188.1
0.07842 39187.0
0.07843 39186.0
0.07844 39184.9
0.07845 39183.9
0.07846 39182.8
0.07847 39181.7
0.07848 39180.7
0.07849 39179.7
0.07850 39178.6
0.07851 39177.6
0.07852 39176.5
0.07853 39175.5
0.07854 39174.4
0.07855 39173.4
0.07856 39172.4
0.07857 39171.3
0.07858 39170.3
0.07859 39169.3
0.07860 39168.3
0.07861 39167.2
0.07862 39166.2
0.07863 39165.2
0.07864 39164.2
0.07865 39163.2
0.07866 39162.1
0.07867 39161.1
0.07868 39160.1
0.07869 39159.1
0.07870 39158.1
0.07871 39157.1
0.07872 39156.1
0.07873 39155.1
0.07874 39154.1
0.07875 39153.1
0.07876 39152.1
0.07877 39151.1
0.07878 39150.1
0.07879 39149.1
0.07880 39148.1
0.07881 39147.2
0.07882 39146.2
0.07883 39145.2
0.07884 39144.2
0.07885 39143.2
0.07886 39142.3
0.07887 39141.3
0.07888 39140.3
0.07889 39139.3
0.07890 39138.4
0.07891 39137.4
0.07892 39136.4
0.07893 39135.5
0.07894 39134.5
0.07895 39133.6
0.07896 39132.6
0.07897 39131.6
0.07898 39130.7
0.07899 39129.7
0.07900 39128.8
0.07901 39127.8
0.07902 39126.9
0.07903 39126.0
0.07904 39125.0
0.07905 39124.1
0.07906 39123.1
0.07907 39122.2
0.07908 39121.3
0.07909 39120.3
0.07910 39119.4
0.07911 39118.5
0.07912 39117.5
0.07913 39116.6
0.07914 39115.7
0.07915 39114.8
0.07916 39113.8
0.07917 39112.9
0.07918 39112.0
0.07919 39111.1
0.07920 39110.2
0.07921 39109.3
0.07922 39108.4
0.07923 39107.4
0.07924 39106.5
0.07925 39105.6
0.07926 39104.7
0.07927 39103.8
0.07928 39102.9
0.07929 39102.0
0.07930 39101.1
0.07931 39100.2
0.07932 39099.4
0.07933 39098.5
0.07934 39097.6
0.07935 39096.7
0.07936 39095.8
0.07937 39094.9
0.07938 39094.0
0.07939 39093.1
0.07940 39092.3
0.07941 39091.4
0.07942 39090.5
0.07943 39089.6
0.07944 39088.8
0.07945 39087.9
0.07946 39087.0
0.07947 39086.2
0.07948 39085.3
0.07949 39084.4
0.07950 39083.6
0.07951 39082.7
0.07952 39081.9
0.07953 39081.0
0.07954 39080.1
0.07955 39079.3
0.07956 39078.4
0.07957 39077.6
0.07958 39076.7
0.07959 39075.9
0.07960 39075.0
0.07961 39074.2
0.07962 39073.4
0.07963 39072.5
0.07964 39071.7
0.07965 39070.8
0.07966 39070.0
0.07967 39069.2
0.07968 39068.3
0.07969 39067.5
0.07970 39066.7
0.07971 39065.8
0.07972 39065.0
0.07973 39064.2
0.07974 39063.4
0.07975 39062.5
0.07976 39061.7
0.07977 39060.9
0.07978 39060.1
0.07979 39059.3
0.07980 39058.5
0.07981 39057.6
0.07982 39056.8
0.07983 39056.0
0.07984 39055.2
0.07985 39054.4
0.07986 39053.6
0.07987 39052.8
0.07988 39052.0
0.07989 39051.2
0.07990 39050.4
0.07991 39049.6
0.07992 39048.8
0.07993 39048.0
0.07994 39047.2
0.07995 39046.4
0.07996 39045.6
0.07997 39044.9
0.07998 39044.1
0.07999 39043.3
0.08000 38577.4
0.08001 38577.4
0.08002 38577.4
0.08003 38577.4
0.08004 38577.4
0.08005 38577.4
0.08006 38577.4
0.08007 38577.4
0.08008 38577.4
0.08009 38577.4
0.08010 38577.4
0.08011 38577.4
0.08012 38577.4
0.08013 38577.4
0.08014 38577.4
0.08015 38577.4
0.08016 38577.4
0.08017 38577.4
0.08018 38577.4
0.08019 38577.4
0.08020 38577.4
0.08021 38577.4
0.08022 38577.4
0.08023 38577.4
0.08024 38577.4
0.08025 38577.4
0.08026 38577.4
0.08027 38577.4
0.08028 38577.4
0.08029 38577.4
0.08030 38577.4
0.08031 38577.4
0.08032 38577.4
0.08033 38577.4
0.08034 38577.4
0.08035 38577.4
0.08036 38577.4
0.08037 38577.4
0.08038 38577.4
0.08039 38577.4
0.08040 38577.4
0.08041 38577.4
0.08042 38577.4
0.08043 38577.4
0.08044 38577.4
0.08045 38577.4
0.08046 38577.4
0.08047 38577.4
0.08048 38577.4
0.08049 38577.4
0.08050 38577.4
0.08051 38577.4
0.08052 38577.4
0.08053 38577.4
0.08054 38577.4
0.08055 38577.4
0.08056 38577.4
0.08057 38577.4
0.08058 38577.4
0.08059 38577.4
0.08060 38577.4
0.08061 38577.4
0.08062 38577.4
0.08063 38577.4
0.08064 38577.4
0.08065 38577.4
0.08066 38577.4
0.08067 38577.4
0.08068 38577.4
0.08069 38577.4
0.08070 38577.4
0.08071 38577.4
0.08072 38577.4
0.08073 38577.4
0.08074 38577.4
0.08075 38577.4
0.08076 38577.4
0.08077 38577.4
0.08078 38577.4
0.08079 38577.4
0.08080 38577.4
0.08081 38577.4
0.08082 38577.4
0.08083 38577.4
0.08084 38577.4
0.08085 38577.4
0.08086 38577.4
0.08087 38577.4
0.08088 38577.4
0.08089 38577.4
0.08090 38577.4
0.08091 38577.4
0.08092 38577.4
0.08093 38577.4
0.08094 38577.4
0.08095 38577.4
0.08096 38577.4
0.08097 38577.4
0.08098 38577.4
0.08099 38577.4
0.08100 38577.4
0.08101 38577.4
0.08102 38577.4
0.08103 38577.4
0.08104 38577.4
0.08105 38577.4
0.08106 38577.4
0.08107 38577.4
0.08108 38577.4
0.08109 38577.4
0.08110 38577.4
0.08111 38577.4
0.08112 38577.4
0.08113 38577.4
0.08114 38577.4
0.08115 38577.4
0.08116 38577.4
0.08117 38577.4
0.08118 38577.4
0.08119 38577.4
0.08120 38577.4
0.08121 38577.4
0.08122 38577.4
0.08123 38577.4
0.08124 38577.4
0.08125 38577.4
0.08126 38577.4
0.08127 38577.4
0.08128 38577.4
0.08129 38577.4
0.08130 38577.4
0.08131 38577.4
0.08132 38577.4
0.08133 38577.4
0.08134 38577.4
0.08135 38577.4
0.08136 38577.4
0.08137 38577.4
0.08138 38577.4
0.08139 38577.4
0.08140 38577.4
0.08141 38577.4
0.08142 38577.4
0.08143 38577.4
0.08144 38577.4
0.08145 38577.4
0.08146 38577.4
0.08147 38577.4
0.08148 38577.4
0.08149 38577.4
0.08150 38577.4
0.08151 38577.4
0.08152 38577.4
0.08153 38577.4
0.08154 38577.4
0.08155 38577.4
0.08156 38577.4
0.08157 38577.4
0.08158 38577.4
0.08159 38577.4
0.08160 38577.4
0.08161 38577.4
0.08162 38577.4
0.08163 38577.4
0.08164 38577.4
0.08165 38577.4
0.08166 38577.4
0.08167 38577.4
0.08168 38577.4
0.08169 38577.4
0.08170 38577.4
0.08171 38577.4
0.08172 38577.4
0.08173 38577.4
0.08174 38577.4
0.08175 38577.4
0.08176 38577.4
0.08177 38577.4
0.08178 38577.4
0.08179 38577.4
0.08180 38577.4
0.08181 38577.4
0.08182 38577.4
0.08183 38577.4
0.08184 38577.4
0.08185 38577.4
0.08186 38577.4
0.08187 38577.4
0.08188 38577.4
0.08189 38577.4
0.08190 38577.4
0.08191 38577.4
0.08192 38577.4
0.08193 38577.4
0.08194 38577.4
0.08195 38577.4
0.08196 38577.4
0.08197 38577.4
0.08198 38577.4
0.08199 38577.4
0.08200 38577.4
0.08201 38577.4
0.08202 38577.4
0.08203 38577.4
0.08204 38577.4
0.08205 38577.4
0.08206 38577.4
0.08207 38577.4
0.08208 38577.4
0.08209 38577.4
0.08210 38577.4
0.08211 38577.4
0.08212 38577.4
0.08213 38577.4
0.08214 38577.4
0.08215 38577.4
0.08216 38577.4
0.08217 38577.4
0.08218 38577.4
0.08219 38577.4
0.08220 38577.4
0.08221 38577.4
0.08222 38577.4
0.08223 38577.4
0.08224 38577.4
0.08225 38577.4
0.08226 38577.4
0.08227 38577.4
0.08228 38577.4
0.08229 38577.4
0.08230 38577.4
0.08231 38577.4
0.08232 38577.4
0.08233 38577.4
0.08234 38577.4
0.08235 38577.4
0.08236 38577.4
0.08237 38577.4
0.08238 38577.4
0.08239 38577.4
0.08240 38577.4
0.08241 38577.4
0.08242 38577.4
0.08243 38577.4
0.08244 38577.4
0.08245 38577.4
0.08246 38577.4
0.08247 38577.4
0.08248 38577.4
0.08249 38577.4
0.08250 38577.4
0.08251 38577.4
0.08252 38577.4
0.08253 38577.4
0.08254 38577.4
0.08255 38577.4
0.08256 38577.4
0.08257 38577.4
0.08258 38577.4
0.08259 38577.4
0.08260 38577.4
0.08261 38577.4
0.08262 38577.4
0.08263 38577.4
0.08264 38577.4
0.08265 38577.4
0.08266 38577.4
0.08267 38577.4
0.08268 38577.4
0.08269 38577.4
0.08270 38577.4
0.08271 38577.4
0.08272 38577.4
0.08273 38577.4
0.08274 38577.4
0.08275 38577.4
0.08276 38577.4
0.08277 38577.4
0.08278 38577.4
0.08279 38577.4
0.08280 38577.4
0.08281 38577.4
0.08282 38577.4
0.08283 38577.4
0.08284 38577.4
0.08285 38577.4
0.08286 38577.4
0.08287 38577.4
0.08288 38577.4
0.08289 38577.4
0.08290 38577.4
0.08291 38577.4
0.08292 38577.4
0.08293 38577.4
0.08294 38577.4
0.08295 38577.4
0.08296 38577.4
0.08297 38577.4
0.08298 38577.4
0.08299 38577.4
0.08300 38577.4
0.08301 38577.4
0.08302 38577.4
0.08303 38577.4
0.08304 38577.4
0.08305 38577.4
0.08306 38577.4
0.08307 38577.4
0.08308 38577.4
0.08309 38577.4
0.08310 38577.4
0.08311 38577.4
0.08312 38577.4
0.08313 38577.4
0.08314 38577.4
0.08315 38577.4
0.08316 38577.4
0.08317 38577.4
0.08318 38577.4
0.08319 38577.4
0.08320 38577.4
0.08321 38577.4
0.08322 38577.4
0.08323 38577.4
0.08324 38577.4
0.08325 38577.4
0.08326 38577.4
0.08327 38577.4
0.08328 38577.4
0.08329 38577.4
0.08330 38577.4
0.08331 38577.4
0.08332 38577.4
0.08333 38577.4
0.08334 38577.4
0.08335 38577.4
0.08336 38577.4
0.08337 38577.4
0.08338 38577.4
0.08339 38577.4
0.08340 38577.4
0.08341 38577.4
0.08342 38577.4
0.08343 38577.4
0.08344 38577.4
0.08345 38577.4
0.08346 38577.4
0.08347 38577.4
0.08348 38577.4
0.08349 38577.4
0.08350 38577.4
0.08351 38577.4
0.08352 38577.4
0.08353 38577.4
0.08354 38577.4
0.08355 38577.4
0.08356 38577.4
0.08357 38577.4
0.08358 38577.4
0.08359 38577.4
0.08360 38577.4
0.08361 38577.4
0.08362 38577.4
0.08363 38577.4
0.08364 38577.4
0.08365 38577.4
0.08366 38577.4
0.08367 38577.4
0.08368 38577.4
0.08369 38577.4
0.08370 38577.4
0.08371 38577.4
0.08372 38577.4
0.08373 38577.4
0.08374 38577.4
0.08375 38577.4
0.08376 38577.4
0.08377 38577.4
0.08378 38577.4
0.08379 38577.4
0.08380 38577.4
0.08381 38577.4
0.08382 38577.4
0.08383 38577.4
0.08384 38577.4
0.08385 38577.4
0.08386 38577.4
0.08387 38577.4
0.08388 38577.4
0.08389 38577.4
0.08390 38577.4
0.08391 38577.4
0.08392 38577.4
0.08393 38577.4
0.08394 38577.4
0.08395 38577.4
0.08396 38577.4
0.08397 38577.4
0.08398 38577.4
0.08399 38577.4
0.08400 38577.4
0.08401 38577.4
0.08402 38577.4
0.08403 38577.4
0.08404 38577.4
0.08405 38577.4
0.08406 38577.4
0.08407 38577.4
0.08408 38577.4
0.08409 38577.4
0.08410 38577.4
0.08411 38577.4
0.08412 38577.4
0.08413 38577.4
0.08414 38577.4
0.08415 38577.4
0.08416 38577.4
0.08417 38577.4
0.08418 38577.4
0.08419 38577.4
0.08420 38577.4
0.08421 38577.4
0.08422 38577.4
0.08423 38577.4
0.08424 38577.4
0.08425 38577.4
0.08426 38577.4
0.08427 38577.4
0.08428 38577.4
0.08429 38577.4
0.08430 38577.4
0.08431 38577.4
0.08432 38577.4
0.08433 38577.4
0.08434 38577.4
0.08435 38577.4
0.08436 38577.4
0.08437 38577.4
0.08438 38577.4
0.08439 38577.4
0.08440 38577.4
0.08441 38577.4
0.08442 38577.4
0.08443 38577.4
0.08444 38577.4
0.08445 38577.4
0.08446 38577.4
0.08447 38577.4
0.08448 38577.4
0.08449 38577.4
0.08450 38577.4
0.08451 38577.4
0.08452 38577.4
0.08453 38577.4
0.08454 38577.4
0.08455 38577.4
0.08456 38577.4
0.08457 38577.4
0.08458 38577.4
0.08459 38577.4
0.08460 38577.4
0.08461 38577.4
0.08462 38577.4
0.08463 38577.4
0.08464 38577.4
0.08465 38577.4
0.08466 38577.4
0.08467 38577.4
0.08468 38577.4
0.08469 38577.4
0.08470 38577.4
0.08471 38577.4
0.08472 38577.4
0.08473 38577.4
0.08474 38577.4
0.08475 38577.4
0.08476 38577.4
0.08477 38577.4
0.08478 38577.4
0.08479 38577.4
0.08480 38577.4
0.08481 38577.4
0.08482 38577.4
0.08483 38577.4
0.08484 38577.4
0.08485 38577.4
0.08486 38577.4
0.08487 38577.4
0.08488 38577.4
0.08489 38577.4
0.08490 38577.4
0.08491 38577.4
0.08492 38577.4
0.08493 38577.4
0.08494 38577.4
0.08495 38577.4
0.08496 38577.4
0.08497 38577.4
0.08498 38577.4
0.08499 38577.4
0.08500 38577.4
0.08501 38577.4
0.08502 38577.4
0.08503 38577.4
0.08504 38577.4
0.08505 38577.4
0.08506 38577.4
0.08507 38577.4
0.08508 38577.4
0.08509 38577.4
0.08510 38577.4
0.08511 38577.4
0.08512 38577.4
0.08513 38577.4
0.08514 38577.4
0.08515 38577.4
0.08516 38577.4
0.08517 38577.4
0.08518 38577.4
0.08519 38577.4
0.08520 38577.4
0.08521 38577.4
0.08522 38577.4
0.08523 38577.4
0.08524 38577.4
0.08525 38577.4
0.08526 38577.4
0.08527 38577.4
0.08528 38577.4
0.08529 38577.4
0.08530 38577.4
0.08531 38577.4
0.08532 38577.4
0.08533 38577.4
0.08534 38577.4
0.08535 38577.4
0.08536 38577.4
0.08537 38577.4
0.08538 38577.4
0.08539 38577.4
0.08540 38577.4
0.08541 38577.4
0.08542 38577.4
0.08543 38577.4
0.08544 38577.4
0.08545 38577.4
0.08546 38577.4
0.08547 38577.4
0.08548 38577.4
0.08549 38577.4
0.08550 38577.4
0.08551 38577.4
0.08552 38577.4
0.08553 38577.4
0.08554 38577.4
0.08555 38577.4
0.08556 38577.4
0.08557 38577.4
0.08558 38577.4
0.08559 38577.4
0.08560 38577.4
0.08561 38577.4
0.08562 38577.4
0.08563 38577.4
0.08564 38577.4
0.08565 38577.4
0.08566 38577.4
0.08567 38577.4
0.08568 38577.4
0.08569 38577.4
0.08570 38577.4
0.08571 38577.4
0.08572 38577.4
0.08573 38577.4
0.08574 38577.4
0.08575 38577.4
0.08576 38577.4
0.08577 38577.4
0.08578 38577.4
0.08579 38577.4
0.08580 38577.4
0.08581 38577.4
0.08582 38577.4
0.08583 38577.4
0.08584 38577.4
0.08585 38577.4
0.08586 38577.4
0.08587 38577.4
0.08588 38577.4
0.08589 38577.4
0.08590 38577.4
0.08591 38577.4
0.08592 38577.4
0.08593 38577.4
0.08594 38577.4
0.08595 38577.4
0.08596 38577.4
0.08597 38577.4
0.08598 38577.4
0.08599 38577.4
0.08600 38577.4
0.08601 38577.4
0.08602 38577.4
0.08603 38577.4
0.08604 38577.4
0.08605 38577.4
0.08606 38577.4
0.08607 38577.4
0.08608 38577.4
0.08609 38577.4
0.08610 38577.4
0.08611 38577.4
0.08612 38577.4
0.08613 38577.4
0.08614 38577.4
0.08615 38577.4
0.08616 38577.4
0.08617 38577.4
0.08618 38577.4
0.08619 38577.4
0.08620 38577.4
0.08621 38577.4
0.08622 38577.4
0.08623 38577.4
0.08624 38577.4
0.08625 38577.4
0.08626 38577.4
0.08627 38577.4
0.08628 38577.4
0.08629 38577.4
0.08630 38577.4
0.08631 38577.4
0.08632 38577.4
0.08633 38577.4
0.08634 38577.4
0.08635 38577.4
0.08636 38577.4
0.08637 38577.4
0.08638 38577.4
0.08639 38577.4
0.08640 38577.4
0.08641 38577.4
0.08642 38577.4
0.08643 38577.4
0.08644 38577.4
0.08645 38577.4
0.08646 38577.4
0.08647 38577.4
0.08648 38577.4
0.08649 38577.4
0.08650 38577.4
0.08651 38577.4
0.08652 38577.4
0.08653 38577.4
0.08654 38577.4
0.08655 38577.4
0.08656 38577.4
0.08657 38577.4
0.08658 38577.4
0.08659 38577.4
0.08660 38577.4
0.08661 38577.4
0.08662 38577.4
0.08663 38577.4
0.08664 38577.4
0.08665 38577.4
0.08666 38577.4
0.08667 38577.4
0.08668 38577.4
0.08669 38577.4
0.08670 38577.4
0.08671 38577.4
0.08672 38577.4
0.08673 38577.4
0.08674 38577.4
0.08675 38577.4
0.08676 38577.4
0.08677 38577.4
0.08678 38577.4
0.08679 38577.4
0.08680 38577.4
0.08681 38577.4
0.08682 38577.4
0.08683 38577.4
0.08684 38577.4
0.08685 38577.4
0.08686 38577.4
0.08687 38577.4
0.08688 38577.4
0.08689 38577.4
0.08690 38577.4
0.08691 38577.4
0.08692 38577.4
0.08693 38577.4
0.08694 38577.4
0.08695 38577.4
0.08696 38577.4
0.08697 38577.4
0.08698 38577.4
0.08699 38577.4
0.08700 38577.4
0.08701 38577.4
0.08702 38577.4
0.08703 38577.4
0.08704 38577.4
0.08705 38577.4
0.08706 38577.4
0.08707 38577.4
0.08708 38577.4
0.08709 38577.4
0.08710 38577.4
0.08711 38577.4
0.08712 38577.4
0.08713 38577.4
0.08714 38577.4
0.08715 38577.4
0.08716 38577.4
0.08717 38577.4
0.08718 38577.4
0.08719 38577.4
0.08720 38577.4
0.08721 38577.4
0.08722 38577.4
0.08723 38577.4
0.08724 38577.4
0.08725 38577.4
0.08726 38577.4
0.08727 38577.4
0.08728 38577.4
0.08729 38577.4
0.08730 38577.4
0.08731 38577.4
0.08732 38577.4
0.08733 38577.4
0.08734 38577.4
0.08735 38577.4
0.08736 38577.4
0.08737 38577.4
0.08738 38577.4
0.08739 38577.4
0.08740 38577.4
0.08741 38577.4
0.08742 38577.4
0.08743 38577.4
0.08744 38577.4
0.08745 38577.4
0.08746 38577.4
0.08747 38577.4
0.08748 38577.4
0.08749 38577.4
0.08750 38577.4
0.08751 38577.4
0.08752 38577.4
0.08753 38577.4
0.08754 38577.4
0.08755 38577.4
0.08756 38577.4
0.08757 38577.4
0.08758 38577.4
0.08759 38577.4
0.08760 38577.4
0.08761 38577.4
0.08762 38577.4
0.08763 38577.4
0.08764 38577.4
0.08765 38577.4
0.08766 38577.4
0.08767 38577.4
0.08768 38577.4
0.08769 38577.4
0.08770 38577.4
0.08771 38577.4
0.08772 38577.4
0.08773 38577.4
0.08774 38577.4
0.08775 38577.4
0.08776 38577.4
0.08777 38577.4
0.08778 38577.4
0.08779 38577.4
0.08780 38577.4
0.08781 38577.4
0.08782 38577.4
0.08783 38577.4
0.08784 38577.4
0.08785 38577.4
0.08786 38577.4
0.08787 38577.4
0.08788 38577.4
0.08789 38577.4
0.08790 38577.4
0.08791 38577.4
0.08792 38577.4
0.08793 38577.4
0.08794 38577.4
0.08795 38577.4
0.08796 38577.4
0.08797 38577.4
0.08798 38577.4
0.08799 38577.4
0.08800 38577.4
0.08801 38577.4
0.08802 38577.4
0.08803 38577.4
0.08804 38577.4
0.08805 38577.4
0.08806 38577.4
0.08807 38577.4
0.08808 38577.4
0.08809 38577.4
0.08810 38577.4
0.08811 38577.4
0.08812 38577.4
0.08813 38577.4
0.08814 38577.4
0.08815 38577.4
0.08816 38577.4
0.08817 38577.4
0.08818 38577.4
0.08819 38577.4
0.08820 38577.4
0.08821 38577.4
0.08822 38577.4
0.08823 38577.4
0.08824 38577.4
0.08825 38577.4
0.08826 38577.4
0.08827 38577.4
0.08828 38577.4
0.08829 38577.4
0.08830 38577.4
0.08831 38577.4
0.08832 38577.4
0.08833 38577.4
0.08834 38577.4
0.08835 38577.4
0.08836 38577.4
0.08837 38577.4
0.08838 38577.4
0.08839 38577.4
0.08840 38577.4
0.08841 38577.4
0.08842 38577.4
0.08843 38577.4
0.08844 38577.4
0.08845 38577.4
0.08846 38577.4
0.08847 38577.4
0.08848 38577.4
0.08849 38577.4
0.08850 38577.4
0.08851 38577.4
0.08852 38577.4
0.08853 38577.4
0.08854 38577.4
0.08855 38577.4
0.08856 38577.4
0.08857 38577.4
0.08858 38577.4
0.08859 38577.4
0.08860 38577.4
0.08861 38577.4
0.08862 38577.4
0.08863 38577.4
0.08864 38577.4
0.08865 38577.4
0.08866 38577.4
0.08867 38577.4
0.08868 38577.4
0.08869 38577.4
0.08870 38577.4
0.08871 38577.4
0.08872 38577.4
0.08873 38577.4
0.08874 38577.4
0.08875 38577.4
0.08876 38577.4
0.08877 38577.4
0.08878 38577.4
0.08879 38577.4
0.08880 38577.4
0.08881 38577.4
0.08882 38577.4
0.08883 38577.4
0.08884 38577.4
0.08885 38577.4
0.08886 38577.4
0.08887 38577.4
0.08888 38577.4
0.08889 38577.4
0.08890 38577.4
0.08891 38577.4
0.08892 38577.4
0.08893 38577.4
0.08894 38577.4
0.08895 38577.4
0.08896 38577.4
0.08897 38577.4
0.08898 38577.4
0.08899 38577.4
0.08900 38577.4
0.08901 38577.4
0.08902 38577.4
0.08903 38577.4
0.08904 38577.4
0.08905 38577.4
0.08906 38577.4
0.08907 38577.4
0.08908 38577.4
0.08909 38577.4
0.08910 38577.4
0.08911 38577.4
0.08912 38577.4
0.08913 38577.4
0.08914 38577.4
0.08915 38577.4
0.08916 38577.4
0.08917 38577.4
0.08918 38577.4
0.08919 38577.4
0.08920 38577.4
0.08921 38577.4
0.08922 38577.4
0.08923 38577.4
0.08924 38577.4
0.08925 38577.4
0.08926 38577.4
0.08927 38577.4
0.08928 38577.4
0.08929 38577.4
0.08930 38577.4
0.08931 38577.4
0.08932 38577.4
0.08933 38577.4
0.08934 38577.4
0.08935 38577.4
0.08936 38577.4
0.08937 38577.4
0.08938 38577.4
0.08939 38577.4
0.08940 38577.4
0.08941 38577.4
0.08942 38577.4
0.08943 38577.4
0.08944 38577.4
0.08945 38577.4
0.08946 38577.4
0.08947 38577.4
0.08948 38577.4
0.08949 38577.4
0.08950 38577.4
0.08951 38577.4
0.08952 38577.4
0.08953 38577.4
0.08954 38577.4
0.08955 38577.4
0.08956 38577.4
0.08957 38577.4
0.08958 38577.4
0.08959 38577.4
0.08960 38577.4
0.08961 38577.4
0.08962 38577.4
0.08963 38577.4
0.08964 38577.4
0.08965 38577.4
0.08966 38577.4
0.08967 38577.4
0.08968 38577.4
0.08969 38577.4
0.08970 38577.4
0.08971 38577.4
0.08972 38577.4
0.08973 38577.4
0.08974 38577.4
0.08975 38577.4
0.08976 38577.4
0.08977 38577.4
0.08978 38577.4
0.08979 38577.4
0.08980 38577.4
0.08981 38577.4
0.08982 38577.4
0.08983 38577.4
0.08984 38577.4
0.08985 38577.4
0.08986 38577.4
0.08987 38577.4
0.08988 38577.4
0.08989 38577.4
0.08990 38577.4
0.08991 38577.4
0.08992 38577.4
0.08993 38577.4
0.08994 38577.4
0.08995 38577.4
0.08996 38577.4
0.08997 38577.4
0.08998 38577.4
0.08999 38577.4
0.09000 38577.4
