0.00000 1018.8
0.00001 1018.8
0.00002 1018.8
0.00003 1018.8
0.00004 1018.8
0.00005 1018.8
0.00006 1018.8
0.00007 1018.8
0.00008 1018.8
0.00009 1018.8
0.00010 1018.8
0.00011 1018.8
0.00012 1018.8
0.00013 1018.8
0.00014 1018.8
0.00015 1018.8
0.00016 1018.8
0.00017 1018.8
0.00018 1018.8
0.00019 1018.8
0.00020 1018.8
0.00021 1018.8
0.00022 1018.8
0.00023 1018.8
0.00024 1018.8
0.00025 1018.8
0.00026 1018.8
0.00027 1018.8
0.00028 1018.8
0.00029 1018.8
0.00030 1018.8
0.00031 1018.8
0.00032 1018.8
0.00033 1018.8
0.00034 1018.8
0.00035 1018.8
0.00036 1018.8
0.00037 1018.8
0.00038 1018.8
0.00039 1018.8
0.00040 1018.8
0.00041 1018.8
0.00042 1018.8
0.00043 1018.8
0.00044 1018.8
0.00045 1018.8
0.00046 1018.8
0.00047 1018.8
0.00048 1018.8
0.00049 1018.8
0.00050 1018.8
0.00051 1018.8
0.00052 1018.8
0.00053 1018.8
0.00054 1018.8
0.00055 1018.8
0.00056 1018.8
0.00057 1018.8
0.00058 1018.8
0.00059 1018.8
0.00060 1018.8
0.00061 1018.8
0.00062 1018.8
0.00063 1018.8
0.00064 1018.8
0.00065 1018.8
0.00066 1018.8
0.00067 1018.8
0.00068 1018.8
0.00069 1018.8
0.00070 1018.8
0.00071 1018.8
0.00072 1018.8
0.00073 1018.8
0.00074 1018.8
0.00075 1018.8
0.00076 1018.8
0.00077 1018.8
0.00078 1018.8
0.00079 1018.8
0.00080 1018.8
0.00081 1018.8
0.00082 1018.8
0.00083 1018.8
0.00084 1018.8
0.00085 1018.8
0.00086 1018.8
0.00087 1018.8
0.00088 1018.8
0.00089 1018.8
0.00090 1018.8
0.00091 1018.8
0.00092 1018.8
0.00093 1018.8
0.00094 1018.8
0.00095 1018.8
0.00096 1018.8
0.00097 1018.8
0.00098 1018.8
0.00099 1018.8
0.00100 1018.8
0.00101 1037.4
0.00102 1056.2
0.00103 1075.4
0.00104 1094.8
0.00105 1114.5
0.00106 1134.5
0.00107 1154.8
0.00108 1175.4
0.00109 1196.3
0.00110 1217.5
0.00111 1239.0
0.00112 1260.9
0.00113 1283.0
0.00114 1305.5
0.00115 1328.4
0.00116 1351.6
0.00117 1375.1
0.00118 1399.1
0.00119 1423.3
0.00120 1448.0
0.00121 1473.1
0.00122 1498.6
0.00123 1524.5
0.00124 1550.9
0.00125 1577.7
0.00126 1605.1
0.00127 1632.9
0.00128 1661.4
0.00129 1690.5
0.00130 1720.2
0.00131 1750.6
0.00132 1781.9
0.00133 1814.0
0.00134 1847.1
0.00135 1881.2
0.00136 1916.6
0.00137 1953.3
0.00138 1991.6
0.00139 2031.6
0.00140 2073.7
0.00141 2118.0
0.00142 2164.9
0.00143 2214.9
0.00144 2268.5
0.00145 2326.1
0.00146 2388.6
0.00147 2456.8
0.00148 2531.6
0.00149 2614.3
0.00150 2706.4
0.00151 2759.8
0.00152 2823.8
0.00153 2900.0
0.00154 2990.1
0.00155 3096.1
0.00156 3220.5
0.00157 3366.1
0.00158 3536.0
0.00159 3733.9
0.00160 3963.5
0.00161 4228.2
0.00162 4530.7
0.00163 4871.5
0.00164 5248.3
0.00165 5653.7
0.00166 6075.8
0.00167 6498.1
0.00168 6903.3
0.00169 7276.3
0.00170 7607.5
0.00171 7893.0
0.00172 8133.4
0.00173 8332.1
0.00174 8493.5
0.00175 8622.5
0.00176 8723.1
0.00177 8799.2
0.00178 8853.7
0.00179 8889.3
0.00180 8908.0
0.00181 8911.7
0.00182 8901.7
0.00183 8879.2
0.00184 8845.3
0.00185 8800.7
0.00186 8746.1
0.00187 8682.3
0.00188 8609.7
0.00189 8528.8
0.00190 8440.1
0.00191 8344.0
0.00192 8240.9
0.00193 8131.3
0.00194 8015.5
0.00195 7894.1
0.00196 7767.3
0.00197 7635.6
0.00198 7499.5
0.00199 7359.5
0.00200 7215.9
0.00201 7069.2
0.00202 6920.0
0.00203 6768.6
0.00204 6615.6
0.00205 6461.4
0.00206 6306.5
0.00207 6151.3
0.00208 5996.2
0.00209 5841.8
0.00210 5688.3
0.00211 5536.2
0.00212 5385.8
0.00213 5237.5
0.00214 5091.4
0.00215 4948.1
0.00216 4807.5
0.00217 4670.1
0.00218 4535.9
0.00219 4405.1
0.00220 4277.9
0.00221 4154.4
0.00222 4034.6
0.00223 3918.6
0.00224 3806.5
0.00225 3698.1
0.00226 3593.6
0.00227 3492.9
0.00228 3395.9
0.00229 3302.6
0.00230 3213.0
0.00231 3126.9
0.00232 3044.2
0.00233 2964.9
0.00234 2888.8
0.00235 2815.9
0.00236 2746.0
0.00237 2679.0
0.00238 2614.8
0.00239 2553.4
0.00240 2494.5
0.00241 2438.0
0.00242 2384.0
0.00243 2332.1
0.00244 2282.5
0.00245 2234.9
0.00246 2189.2
0.00247 2145.4
0.00248 2103.4
0.00249 2063.0
0.00250 2024.3
0.00251 1987.0
0.00252 1951.2
0.00253 1916.8
0.00254 1883.8
0.00255 1851.9
0.00256 1821.3
0.00257 1791.8
0.00258 1763.3
0.00259 1735.9
0.00260 1709.5
0.00261 1684.1
0.00262 1659.5
0.00263 1635.8
0.00264 1612.9
0.00265 1590.9
0.00266 1569.6
0.00267 1549.0
0.00268 1529.1
0.00269 1509.9
0.00270 1491.4
0.00271 1473.5
0.00272 1456.2
0.00273 1439.5
0.00274 1423.4
0.00275 1407.8
0.00276 1392.8
0.00277 1378.3
0.00278 1364.2
0.00279 1350.7
0.00280 1337.6
0.00281 1325.0
0.00282 1312.8
0.00283 1301.1
0.00284 1289.7
0.00285 1278.8
0.00286 1268.2
0.00287 1258.0
0.00288 1248.2
0.00289 1238.7
0.00290 1229.6
0.00291 1220.7
0.00292 1212.2
0.00293 1204.0
0.00294 1196.1
0.00295 1188.5
0.00296 1181.1
0.00297 1174.0
0.00298 1167.2
0.00299 1160.6
0.00300 1154.2
0.00301 1148.1
0.00302 1142.2
0.00303 1136.5
0.00304 1130.9
0.00305 1125.6
0.00306 1120.5
0.00307 1115.5
0.00308 1110.8
0.00309 1106.1
0.00310 1101.7
0.00311 1097.4
0.00312 1093.2
0.00313 1089.2
0.00314 1085.3
0.00315 1081.6
0.00316 1078.0
0.00317 1074.5
0.00318 1071.1
0.00319 1067.8
0.00320 1064.6
0.00321 1061.6
0.00322 1058.6
0.00323 1055.8
0.00324 1053.0
0.00325 1050.3
0.00326 1047.7
0.00327 1045.2
0.00328 1042.8
0.00329 1040.4
0.00330 1038.2
0.00331 1036.0
0.00332 1033.8
0.00333 1031.8
0.00334 1029.8
0.00335 1027.8
0.00336 1025.9
0.00337 1024.1
0.00338 1022.3
0.00339 1020.6
0.00340 1019.0
0.00341 1017.3
0.00342 1015.8
0.00343 1014.3
0.00344 1012.8
0.00345 1011.4
0.00346 1010.0
0.00347 1008.6
0.00348 1007.3
0.00349 1006.1
0.00350 1004.8
0.00351 1003.6
0.00352 1002.5
0.00353 1001.3
0.00354 1000.3
0.00355 999.2
0.00356 998.2
0.00357 997.2
0.00358 996.2
0.00359 995.2
0.00360 994.3
0.00361 993.4
0.00362 992.5
0.00363 991.7
0.00364 990.9
0.00365 990.1
0.00366 989.3
0.00367 988.5
0.00368 987.8
0.00369 987.1
0.00370 986.4
0.00371 985.7
0.00372 985.1
0.00373 984.4
0.00374 983.8
0.00375 983.2
0.00376 982.6
0.00377 982.0
0.00378 981.5
0.00379 980.9
0.00380 980.4
0.00381 979.9
0.00382 979.4
0.00383 978.9
0.00384 978.4
0.00385 978.0
0.00386 977.5
0.00387 977.1
0.00388 976.6
0.00389 976.2
0.00390 975.8
0.00391 975.4
0.00392 975.0
0.00393 974.7
0.00394 974.3
0.00395 974.0
0.00396 973.6
0.00397 973.3
0.00398 972.9
0.00399 972.6
0.00400 972.3
0.00401 972.0
0.00402 971.7
0.00403 971.4
0.00404 971.1
0.00405 970.9
0.00406 970.6
0.00407 970.3
0.00408 970.1
0.00409 969.8
0.00410 969.6
0.00411 969.4
0.00412 969.1
0.00413 968.9
0.00414 968.7
0.00415 968.5
0.00416 968.3
0.00417 968.1
0.00418 967.9
0.00419 967.7
0.00420 967.5
0.00421 967.3
0.00422 967.2
0.00423 967.0
0.00424 966.8
0.00425 966.7
0.00426 966.5
0.00427 966.4
0.00428 966.2
0.00429 966.1
0.00430 965.9
0.00431 965.8
0.00432 965.7
0.00433 965.5
0.00434 965.4
0.00435 965.3
0.00436 965.2
0.00437 965.0
0.00438 964.9
0.00439 964.8
0.00440 964.7
0.00441 964.6
0.00442 964.5
0.00443 964.4
0.00444 964.3
0.00445 964.2
0.00446 964.1
0.00447 964.0
0.00448 963.9
0.00449 963.9
0.00450 963.8
0.00451 963.7
0.00452 963.6
0.00453 963.6
0.00454 963.5
0.00455 963.4
0.00456 963.4
0.00457 963.3
0.00458 963.2
0.00459 963.2
0.00460 963.1
0.00461 963.1
0.00462 963.0
0.00463 962.9
0.00464 962.9
0.00465 962.8
0.00466 962.8
0.00467 962.8
0.00468 962.7
0.00469 962.7
0.00470 962.6
0.00471 962.6
0.00472 962.6
0.00473 962.5
0.00474 962.5
0.00475 962.4
0.00476 962.4
0.00477 962.4
0.00478 962.4
0.00479 962.3
0.00480 962.3
0.00481 962.3
0.00482 962.3
0.00483 962.2
0.00484 962.2
0.00485 962.2
0.00486 962.2
0.00487 962.2
0.00488 962.1
0.00489 962.1
0.00490 962.1
0.00491 962.1
0.00492 962.1
0.00493 962.1
0.00494 962.1
0.00495 962.1
0.00496 962.0
0.00497 962.0
0.00498 962.0
0.00499 962.0
0.00500 962.0
0.00501 962.0
0.00502 962.0
0.00503 962.0
0.00504 962.0
0.00505 962.0
0.00506 962.0
0.00507 962.0
0.00508 962.0
0.00509 962.0
0.00510 962.0
0.00511 962.0
0.00512 962.0
0.00513 962.0
0.00514 962.1
0.00515 962.1
0.00516 962.1
0.00517 962.1
0.00518 962.1
0.00519 962.1
0.00520 962.1
0.00521 962.1
0.00522 962.1
0.00523 962.1
0.00524 962.2
0.00525 962.2
0.00526 962.2
0.00527 962.2
0.00528 962.2
0.00529 962.2
0.00530 962.3
0.00531 962.3
0.00532 962.3
0.00533 962.3
0.00534 962.3
0.00535 962.3
0.00536 962.4
0.00537 962.4
0.00538 962.4
0.00539 962.4
0.00540 962.5
0.00541 962.5
0.00542 962.5
0.00543 962.5
0.00544 962.5
0.00545 962.6
0.00546 962.6
0.00547 962.6
0.00548 962.6
0.00549 962.7
0.00550 962.7
0.00551 962.7
0.00552 962.8
0.00553 962.8
0.00554 962.8
0.00555 962.8
0.00556 962.9
0.00557 962.9
0.00558 962.9
0.00559 963.0
0.00560 963.0
0.00561 963.0
0.00562 963.0
0.00563 963.1
0.00564 963.1
0.00565 963.1
0.00566 963.2
0.00567 963.2
0.00568 963.2
0.00569 963.3
0.00570 963.3
0.00571 963.3
0.00572 963.4
0.00573 963.4
0.00574 963.4
0.00575 963.5
0.00576 963.5
0.00577 963.6
0.00578 963.6
0.00579 963.6
0.00580 963.7
0.00581 963.7
0.00582 963.7
0.00583 963.8
0.00584 963.8
0.00585 963.8
0.00586 963.9
0.00587 963.9
0.00588 964.0
0.00589 964.0
0.00590 964.0
0.00591 964.1
0.00592 964.1
0.00593 964.2
0.00594 964.2
0.00595 964.2
0.00596 964.3
0.00597 964.3
0.00598 964.4
0.00599 964.4
0.00600 964.4
0.00601 964.5
0.00602 964.5
0.00603 964.6
0.00604 964.6
0.00605 964.7
0.00606 964.7
0.00607 964.7
0.00608 964.8
0.00609 964.8
0.00610 964.9
0.00611 964.9
0.00612 965.0
0.00613 965.0
0.00614 965.0
0.00615 965.1
0.00616 965.1
0.00617 965.2
0.00618 965.2
0.00619 965.3
0.00620 965.3
0.00621 965.4
0.00622 965.4
0.00623 965.4
0.00624 965.5
0.00625 965.5
0.00626 965.6
0.00627 965.6
0.00628 965.7
0.00629 965.7
0.00630 965.8
0.00631 965.8
0.00632 965.9
0.00633 965.9
0.00634 966.0
0.00635 966.0
0.00636 966.1
0.00637 966.1
0.00638 966.1
0.00639 966.2
0.00640 966.2
0.00641 966.3
0.00642 966.3
0.00643 966.4
0.00644 966.4
0.00645 966.5
0.00646 966.5
0.00647 966.6
0.00648 966.6
0.00649 966.7
0.00650 966.7
0.00651 966.8
0.00652 966.8
0.00653 966.9
0.00654 966.9
0.00655 967.0
0.00656 967.0
0.00657 967.1
0.00658 967.1
0.00659 967.2
0.00660 967.2
0.00661 967.3
0.00662 967.3
0.00663 967.4
0.00664 967.4
0.00665 967.5
0.00666 967.5
0.00667 967.6
0.00668 967.6
0.00669 967.7
0.00670 967.7
0.00671 967.8
0.00672 967.8
0.00673 967.9
0.00674 967.9
0.00675 968.0
0.00676 968.1
0.00677 968.1
0.00678 968.2
0.00679 968.2
0.00680 968.3
0.00681 968.3
0.00682 968.4
0.00683 968.4
0.00684 968.5
0.00685 968.5
0.00686 968.6
0.00687 968.6
0.00688 968.7
0.00689 968.7
0.00690 968.8
0.00691 968.8
0.00692 968.9
0.00693 968.9
0.00694 969.0
0.00695 969.1
0.00696 969.1
0.00697 969.2
0.00698 969.2
0.00699 969.3
0.00700 969.3
0.00701 969.4
0.00702 969.4
0.00703 969.5
0.00704 969.5
0.00705 969.6
0.00706 969.6
0.00707 969.7
0.00708 969.8
0.00709 969.8
0.00710 969.9
0.00711 969.9
0.00712 970.0
0.00713 970.0
0.00714 970.1
0.00715 970.1
0.00716 970.2
0.00717 970.2
0.00718 970.3
0.00719 970.4
0.00720 970.4
0.00721 970.5
0.00722 970.5
0.00723 970.6
0.00724 970.6
0.00725 970.7
0.00726 970.7
0.00727 970.8
0.00728 970.9
0.00729 970.9
0.00730 971.0
0.00731 971.0
0.00732 971.1
0.00733 971.1
0.00734 971.2
0.00735 971.2
0.00736 971.3
0.00737 971.4
0.00738 971.4
0.00739 971.5
0.00740 971.5
0.00741 971.6
0.00742 971.6
0.00743 971.7
0.00744 971.7
0.00745 971.8
0.00746 971.9
0.00747 971.9
0.00748 972.0
0.00749 972.0
0.00750 972.1
0.00751 972.1
0.00752 972.2
0.00753 972.3
0.00754 972.3
0.00755 972.4
0.00756 972.4
0.00757 972.5
0.00758 972.5
0.00759 972.6
0.00760 972.6
0.00761 972.7
0.00762 972.8
0.00763 972.8
0.00764 972.9
0.00765 972.9
0.00766 973.0
0.00767 973.0
0.00768 973.1
0.00769 973.2
0.00770 973.2
0.00771 973.3
0.00772 973.3
0.00773 973.4
0.00774 973.4
0.00775 973.5
0.00776 973.6
0.00777 973.6
0.00778 973.7
0.00779 973.7
0.00780 973.8
0.00781 973.8
0.00782 973.9
0.00783 973.9
0.00784 974.0
0.00785 974.1
0.00786 974.1
0.00787 974.2
0.00788 974.2
0.00789 974.3
0.00790 974.3
0.00791 974.4
0.00792 974.5
0.00793 974.5
0.00794 974.6
0.00795 974.6
0.00796 974.7
0.00797 974.7
0.00798 974.8
0.00799 974.9
0.00800 974.9
0.00801 975.0
0.00802 975.0
0.00803 975.1
0.00804 975.1
0.00805 975.2
0.00806 975.3
0.00807 975.3
0.00808 975.4
0.00809 975.4
0.00810 975.5
0.00811 975.5
0.00812 975.6
0.00813 975.7
0.00814 975.7
0.00815 975.8
0.00816 975.8
0.00817 975.9
0.00818 975.9
0.00819 976.0
0.00820 976.1
0.00821 976.1
0.00822 976.2
0.00823 976.2
0.00824 976.3
0.00825 976.3
0.00826 976.4
0.00827 976.5
0.00828 976.5
0.00829 976.6
0.00830 976.6
0.00831 976.7
0.00832 976.7
0.00833 976.8
0.00834 976.9
0.00835 976.9
0.00836 977.0
0.00837 977.0
0.00838 977.1
0.00839 977.1
0.00840 977.2
0.00841 977.3
0.00842 977.3
0.00843 977.4
0.00844 977.4
0.00845 977.5
0.00846 977.5
0.00847 977.6
0.00848 977.6
0.00849 977.7
0.00850 977.8
0.00851 977.8
0.00852 977.9
0.00853 977.9
0.00854 978.0
0.00855 978.0
0.00856 978.1
0.00857 978.2
0.00858 978.2
0.00859 978.3
0.00860 978.3
0.00861 978.4
0.00862 978.4
0.00863 978.5
0.00864 978.6
0.00865 978.6
0.00866 978.7
0.00867 978.7
0.00868 978.8
0.00869 978.8
0.00870 978.9
0.00871 979.0
0.00872 979.0
0.00873 979.1
0.00874 979.1
0.00875 979.2
0.00876 979.2
0.00877 979.3
0.00878 979.3
0.00879 979.4
0.00880 979.5
0.00881 979.5
0.00882 979.6
0.00883 979.6
0.00884 979.7
0.00885 979.7
0.00886 979.8
0.00887 979.8
0.00888 979.9
0.00889 980.0
0.00890 980.0
0.00891 980.1
0.00892 980.1
0.00893 980.2
0.00894 980.2
0.00895 980.3
0.00896 980.4
0.00897 980.4
0.00898 980.5
0.00899 980.5
0.00900 980.6
0.00901 980.6
0.00902 980.7
0.00903 980.7
0.00904 980.8
0.00905 980.9
0.00906 980.9
0.00907 981.0
0.00908 981.0
0.00909 981.1
0.00910 981.1
0.00911 981.2
0.00912 981.2
0.00913 981.3
0.00914 981.4
0.00915 981.4
0.00916 981.5
0.00917 981.5
0.00918 981.6
0.00919 981.6
0.00920 981.7
0.00921 981.7
0.00922 981.8
0.00923 981.8
0.00924 981.9
0.00925 982.0
0.00926 982.0
0.00927 982.1
0.00928 982.1
0.00929 982.2
0.00930 982.2
0.00931 982.3
0.00932 982.3
0.00933 982.4
0.00934 982.4
0.00935 982.5
0.00936 982.6
0.00937 982.6
0.00938 982.7
0.00939 982.7
0.00940 982.8
0.00941 982.8
0.00942 982.9
0.00943 982.9
0.00944 983.0
0.00945 983.0
0.00946 983.1
0.00947 983.2
0.00948 983.2
0.00949 983.3
0.00950 983.3
0.00951 983.4
0.00952 983.4
0.00953 983.5
0.00954 983.5
0.00955 983.6
0.00956 983.6
0.00957 983.7
0.00958 983.7
0.00959 983.8
0.00960 983.9
0.00961 983.9
0.00962 984.0
0.00963 984.0
0.00964 984.1
0.00965 984.1
0.00966 984.2
0.00967 984.2
0.00968 984.3
0.00969 984.3
0.00970 984.4
0.00971 984.4
0.00972 984.5
0.00973 984.5
0.00974 984.6
0.00975 984.6
0.00976 984.7
0.00977 984.8
0.00978 984.8
0.00979 984.9
0.00980 984.9
0.00981 985.0
0.00982 985.0
0.00983 985.1
0.00984 985.1
0.00985 985.2
0.00986 985.2
0.00987 985.3
0.00988 985.3
0.00989 985.4
0.00990 985.4
0.00991 985.5
0.00992 985.5
0.00993 985.6
0.00994 985.6
0.00995 985.7
0.00996 985.7
0.00997 985.8
0.00998 985.9
0.00999 985.9
0.01000 986.0
0.01001 986.0
0.01002 986.1
0.01003 986.1
0.01004 986.2
0.01005 986.2
0.01006 986.3
0.01007 986.3
0.01008 986.4
0.01009 986.4
0.01010 986.5
0.01011 986.5
0.01012 986.6
0.01013 986.6
0.01014 986.7
0.01015 986.7
0.01016 986.8
0.01017 986.8
0.01018 986.9
0.01019 986.9
0.01020 987.0
0.01021 987.0
0.01022 987.1
0.01023 987.1
0.01024 987.2
0.01025 987.2
0.01026 987.3
0.01027 987.3
0.01028 987.4
0.01029 987.4
0.01030 987.5
0.01031 987.5
0.01032 987.6
0.01033 987.6
0.01034 987.7
0.01035 987.7
0.01036 987.8
0.01037 987.8
0.01038 987.9
0.01039 987.9
0.01040 988.0
0.01041 988.0
0.01042 988.1
0.01043 988.1
0.01044 988.2
0.01045 988.2
0.01046 988.3
0.01047 988.3
0.01048 988.4
0.01049 988.4
0.01050 988.5
0.01051 988.5
0.01052 988.6
0.01053 988.6
0.01054 988.7
0.01055 988.7
0.01056 988.8
0.01057 988.8
0.01058 988.9
0.01059 988.9
0.01060 989.0
0.01061 989.0
0.01062 989.1
0.01063 989.1
0.01064 989.2
0.01065 989.2
0.01066 989.3
0.01067 989.3
0.01068 989.3
0.01069 989.4
0.01070 989.4
0.01071 989.5
0.01072 989.5
0.01073 989.6
0.01074 989.6
0.01075 989.7
0.01076 989.7
0.01077 989.8
0.01078 989.8
0.01079 989.9
0.01080 989.9
0.01081 990.0
0.01082 990.0
0.01083 990.1
0.01084 990.1
0.01085 990.2
0.01086 990.2
0.01087 990.3
0.01088 990.3
0.01089 990.3
0.01090 990.4
0.01091 990.4
0.01092 990.5
0.01093 990.5
0.01094 990.6
0.01095 990.6
0.01096 990.7
0.01097 990.7
0.01098 990.8
0.01099 990.8
0.01100 990.9
0.01101 990.9
0.01102 991.0
0.01103 991.0
0.01104 991.0
0.01105 991.1
0.01106 991.1
0.01107 991.2
0.01108 991.2
0.01109 991.3
0.01110 991.3
0.01111 991.4
0.01112 991.4
0.01113 991.5
0.01114 991.5
0.01115 991.6
0.01116 991.6
0.01117 991.6
0.01118 991.7
0.01119 991.7
0.01120 991.8
0.01121 991.8
0.01122 991.9
0.01123 991.9
0.01124 992.0
0.01125 992.0
0.01126 992.0
0.01127 992.1
0.01128 992.1
0.01129 992.2
0.01130 992.2
0.01131 992.3
0.01132 992.3
0.01133 992.4
0.01134 992.4
0.01135 992.4
0.01136 992.5
0.01137 992.5
0.01138 992.6
0.01139 992.6
0.01140 992.7
0.01141 992.7
0.01142 992.8
0.01143 992.8
0.01144 992.8
0.01145 992.9
0.01146 992.9
0.01147 993.0
0.01148 993.0
0.01149 993.1
0.01150 993.1
0.01151 993.2
0.01152 993.2
0.01153 993.2
0.01154 993.3
0.01155 993.3
0.01156 993.4
0.01157 993.4
0.01158 993.5
0.01159 993.5
0.01160 993.5
0.01161 993.6
0.01162 993.6
0.01163 993.7
0.01164 993.7
0.01165 993.8
0.01166 993.8
0.01167 993.8
0.01168 993.9
0.01169 993.9
0.01170 994.0
0.01171 994.0
0.01172 994.1
0.01173 994.1
0.01174 994.1
0.01175 994.2
0.01176 994.2
0.01177 994.3
0.01178 994.3
0.01179 994.3
0.01180 994.4
0.01181 994.4
0.01182 994.5
0.01183 994.5
0.01184 994.6
0.01185 994.6
0.01186 994.6
0.01187 994.7
0.01188 994.7
0.01189 994.8
0.01190 994.8
0.01191 994.8
0.01192 994.9
0.01193 994.9
0.01194 995.0
0.01195 995.0
0.01196 995.0
0.01197 995.1
0.01198 995.1
0.01199 995.2
0.01200 995.2
0.01201 995.2
0.01202 995.3
0.01203 995.3
0.01204 995.4
0.01205 995.4
0.01206 995.5
0.01207 995.5
0.01208 995.5
0.01209 995.6
0.01210 995.6
0.01211 995.7
0.01212 995.7
0.01213 995.7
0.01214 995.8
0.01215 995.8
0.01216 995.9
0.01217 995.9
0.01218 995.9
0.01219 996.0
0.01220 996.0
0.01221 996.0
0.01222 996.1
0.01223 996.1
0.01224 996.2
0.01225 996.2
0.01226 996.2
0.01227 996.3
0.01228 996.3
0.01229 996.4
0.01230 996.4
0.01231 996.4
0.01232 996.5
0.01233 996.5
0.01234 996.6
0.01235 996.6
0.01236 996.6
0.01237 996.7
0.01238 996.7
0.01239 996.7
0.01240 996.8
0.01241 996.8
0.01242 996.9
0.01243 996.9
0.01244 996.9
0.01245 997.0
0.01246 997.0
0.01247 997.1
0.01248 997.1
0.01249 997.1
0.01250 997.2
0.01251 997.2
0.01252 997.2
0.01253 997.3
0.01254 997.3
0.01255 997.4
0.01256 997.4
0.01257 997.4
0.01258 997.5
0.01259 997.5
0.01260 997.5
0.01261 997.6
0.01262 997.6
0.01263 997.6
0.01264 997.7
0.01265 997.7
0.01266 997.8
0.01267 997.8
0.01268 997.8
0.01269 997.9
0.01270 997.9
0.01271 997.9
0.01272 998.0
0.01273 998.0
0.01274 998.1
0.01275 998.1
0.01276 998.1
0.01277 998.2
0.01278 998.2
0.01279 998.2
0.01280 998.3
0.01281 998.3
0.01282 998.3
0.01283 998.4
0.01284 998.4
0.01285 998.4
0.01286 998.5
0.01287 998.5
0.01288 998.6
0.01289 998.6
0.01290 998.6
0.01291 998.7
0.01292 998.7
0.01293 998.7
0.01294 998.8
0.01295 998.8
0.01296 998.8
0.01297 998.9
0.01298 998.9
0.01299 998.9
0.01300 999.0
0.01301 999.0
0.01302 999.0
0.01303 999.1
0.01304 999.1
0.01305 999.2
0.01306 999.2
0.01307 999.2
0.01308 999.3
0.01309 999.3
0.01310 999.3
0.01311 999.4
0.01312 999.4
0.01313 999.4
0.01314 999.5
0.01315 999.5
0.01316 999.5
0.01317 999.6
0.01318 999.6
0.01319 999.6
0.01320 999.7
0.01321 999.7
0.01322 999.7
0.01323 999.8
0.01324 999.8
0.01325 999.8
0.01326 999.9
0.01327 999.9
0.01328 999.9
0.01329 1000.0
0.01330 1000.0
0.01331 1000.0
0.01332 1000.1
0.01333 1000.1
0.01334 1000.1
0.01335 1000.2
0.01336 1000.2
0.01337 1000.2
0.01338 1000.3
0.01339 1000.3
0.01340 1000.3
0.01341 1000.4
0.01342 1000.4
0.01343 1000.4
0.01344 1000.5
0.01345 1000.5
0.01346 1000.5
0.01347 1000.6
0.01348 1000.6
0.01349 1000.6
0.01350 1000.7
0.01351 1000.7
0.01352 1000.7
0.01353 1000.7
0.01354 1000.8
0.01355 1000.8
0.01356 1000.8
0.01357 1000.9
0.01358 1000.9
0.01359 1000.9
0.01360 1001.0
0.01361 1001.0
0.01362 1001.0
0.01363 1001.1
0.01364 1001.1
0.01365 1001.1
0.01366 1001.2
0.01367 1001.2
0.01368 1001.2
0.01369 1001.3
0.01370 1001.3
0.01371 1001.3
0.01372 1001.3
0.01373 1001.4
0.01374 1001.4
0.01375 1001.4
0.01376 1001.5
0.01377 1001.5
0.01378 1001.5
0.01379 1001.6
0.01380 1001.6
0.01381 1001.6
0.01382 1001.7
0.01383 1001.7
0.01384 1001.7
0.01385 1001.7
0.01386 1001.8
0.01387 1001.8
0.01388 1001.8
0.01389 1001.9
0.01390 1001.9
0.01391 1001.9
0.01392 1002.0
0.01393 1002.0
0.01394 1002.0
0.01395 1002.0
0.01396 1002.1
0.01397 1002.1
0.01398 1002.1
0.01399 1002.2
0.01400 1002.2
0.01401 1002.2
0.01402 1002.3
0.01403 1002.3
0.01404 1002.3
0.01405 1002.3
0.01406 1002.4
0.01407 1002.4
0.01408 1002.4
0.01409 1002.5
0.01410 1002.5
0.01411 1002.5
0.01412 1002.5
0.01413 1002.6
0.01414 1002.6
0.01415 1002.6
0.01416 1002.7
0.01417 1002.7
0.01418 1002.7
0.01419 1002.7
0.01420 1002.8
0.01421 1002.8
0.01422 1002.8
0.01423 1002.9
0.01424 1002.9
0.01425 1002.9
0.01426 1002.9
0.01427 1003.0
0.01428 1003.0
0.01429 1003.0
0.01430 1003.1
0.01431 1003.1
0.01432 1003.1
0.01433 1003.1
0.01434 1003.2
0.01435 1003.2
0.01436 1003.2
0.01437 1003.3
0.01438 1003.3
0.01439 1003.3
0.01440 1003.3
0.01441 1003.4
0.01442 1003.4
0.01443 1003.4
0.01444 1003.4
0.01445 1003.5
0.01446 1003.5
0.01447 1003.5
0.01448 1003.6
0.01449 1003.6
0.01450 1003.6
0.01451 1003.6
0.01452 1003.7
0.01453 1003.7
0.01454 1003.7
0.01455 1003.7
0.01456 1003.8
0.01457 1003.8
0.01458 1003.8
0.01459 1003.9
0.01460 1003.9
0.01461 1003.9
0.01462 1003.9
0.01463 1004.0
0.01464 1004.0
0.01465 1004.0
0.01466 1004.0
0.01467 1004.1
0.01468 1004.1
0.01469 1004.1
0.01470 1004.1
0.01471 1004.2
0.01472 1004.2
0.01473 1004.2
0.01474 1004.2
0.01475 1004.3
0.01476 1004.3
0.01477 1004.3
0.01478 1004.3
0.01479 1004.4
0.01480 1004.4
0.01481 1004.4
0.01482 1004.5
0.01483 1004.5
0.01484 1004.5
0.01485 1004.5
0.01486 1004.6
0.01487 1004.6
0.01488 1004.6
0.01489 1004.6
0.01490 1004.7
0.01491 1004.7
0.01492 1004.7
0.01493 1004.7
0.01494 1004.8
0.01495 1004.8
0.01496 1004.8
0.01497 1004.8
0.01498 1004.9
0.01499 1004.9
0.01500 1004.9
0.01501 1004.9
0.01502 1005.0
0.01503 1005.0
0.01504 1005.0
0.01505 1005.0
0.01506 1005.1
0.01507 1005.1
0.01508 1005.1
0.01509 1005.1
0.01510 1005.2
0.01511 1005.2
0.01512 1005.2
0.01513 1005.2
0.01514 1005.2
0.01515 1005.3
0.01516 1005.3
0.01517 1005.3
0.01518 1005.3
0.01519 1005.4
0.01520 1005.4
0.01521 1005.4
0.01522 1005.4
0.01523 1005.5
0.01524 1005.5
0.01525 1005.5
0.01526 1005.5
0.01527 1005.6
0.01528 1005.6
0.01529 1005.6
0.01530 1005.6
0.01531 1005.7
0.01532 1005.7
0.01533 1005.7
0.01534 1005.7
0.01535 1005.7
0.01536 1005.8
0.01537 1005.8
0.01538 1005.8
0.01539 1005.8
0.01540 1005.9
0.01541 1005.9
0.01542 1005.9
0.01543 1005.9
0.01544 1006.0
0.01545 1006.0
0.01546 1006.0
0.01547 1006.0
0.01548 1006.0
0.01549 1006.1
0.01550 1006.1
0.01551 1006.1
0.01552 1006.1
0.01553 1006.2
0.01554 1006.2
0.01555 1006.2
0.01556 1006.2
0.01557 1006.2
0.01558 1006.3
0.01559 1006.3
0.01560 1006.3
0.01561 1006.3
0.01562 1006.4
0.01563 1006.4
0.01564 1006.4
0.01565 1006.4
0.01566 1006.4
0.01567 1006.5
0.01568 1006.5
0.01569 1006.5
0.01570 1006.5
0.01571 1006.6
0.01572 1006.6
0.01573 1006.6
0.01574 1006.6
0.01575 1006.6
0.01576 1006.7
0.01577 1006.7
0.01578 1006.7
0.01579 1006.7
0.01580 1006.8
0.01581 1006.8
0.01582 1006.8
0.01583 1006.8
0.01584 1006.8
0.01585 1006.9
0.01586 1006.9
0.01587 1006.9
0.01588 1006.9
0.01589 1006.9
0.01590 1007.0
0.01591 1007.0
0.01592 1007.0
0.01593 1007.0
0.01594 1007.1
0.01595 1007.1
0.01596 1007.1
0.01597 1007.1
0.01598 1007.1
0.01599 1007.2
0.01600 1007.2
0.01601 1007.2
0.01602 1007.2
0.01603 1007.2
0.01604 1007.3
0.01605 1007.3
0.01606 1007.3
0.01607 1007.3
0.01608 1007.3
0.01609 1007.4
0.01610 1007.4
0.01611 1007.4
0.01612 1007.4
0.01613 1007.4
0.01614 1007.5
0.01615 1007.5
0.01616 1007.5
0.01617 1007.5
0.01618 1007.5
0.01619 1007.6
0.01620 1007.6
0.01621 1007.6
0.01622 1007.6
0.01623 1007.6
0.01624 1007.7
0.01625 1007.7
0.01626 1007.7
0.01627 1007.7
0.01628 1007.7
0.01629 1007.8
0.01630 1007.8
0.01631 1007.8
0.01632 1007.8
0.01633 1007.8
0.01634 1007.9
0.01635 1007.9
0.01636 1007.9
0.01637 1007.9
0.01638 1007.9
0.01639 1008.0
0.01640 1008.0
0.01641 1008.0
0.01642 1008.0
0.01643 1008.0
0.01644 1008.1
0.01645 1008.1
0.01646 1008.1
0.01647 1008.1
0.01648 1008.1
0.01649 1008.1
0.01650 1008.2
0.01651 1008.2
0.01652 1008.2
0.01653 1008.2
0.01654 1008.2
0.01655 1008.3
0.01656 1008.3
0.01657 1008.3
0.01658 1008.3
0.01659 1008.3
0.01660 1008.4
0.01661 1008.4
0.01662 1008.4
0.01663 1008.4
0.01664 1008.4
0.01665 1008.4
0.01666 1008.5
0.01667 1008.5
0.01668 1008.5
0.01669 1008.5
0.01670 1008.5
0.01671 1008.6
0.01672 1008.6
0.01673 1008.6
0.01674 1008.6
0.01675 1008.6
0.01676 1008.6
0.01677 1008.7
0.01678 1008.7
0.01679 1008.7
0.01680 1008.7
0.01681 1008.7
0.01682 1008.8
0.01683 1008.8
0.01684 1008.8
0.01685 1008.8
0.01686 1008.8
0.01687 1008.8
0.01688 1008.9
0.01689 1008.9
0.01690 1008.9
0.01691 1008.9
0.01692 1008.9
0.01693 1008.9
0.01694 1009.0
0.01695 1009.0
0.01696 1009.0
0.01697 1009.0
0.01698 1009.0
0.01699 1009.0
0.01700 1009.1
0.01701 1009.1
0.01702 1009.1
0.01703 1009.1
0.01704 1009.1
0.01705 1009.2
0.01706 1009.2
0.01707 1009.2
0.01708 1009.2
0.01709 1009.2
0.01710 1009.2
0.01711 1009.3
0.01712 1009.3
0.01713 1009.3
0.01714 1009.3
0.01715 1009.3
0.01716 1009.3
0.01717 1009.4
0.01718 1009.4
0.01719 1009.4
0.01720 1009.4
0.01721 1009.4
0.01722 1009.4
0.01723 1009.5
0.01724 1009.5
0.01725 1009.5
0.01726 1009.5
0.01727 1009.5
0.01728 1009.5
0.01729 1009.6
0.01730 1009.6
0.01731 1009.6
0.01732 1009.6
0.01733 1009.6
0.01734 1009.6
0.01735 1009.6
0.01736 1009.7
0.01737 1009.7
0.01738 1009.7
0.01739 1009.7
0.01740 1009.7
0.01741 1009.7
0.01742 1009.8
0.01743 1009.8
0.01744 1009.8
0.01745 1009.8
0.01746 1009.8
0.01747 1009.8
0.01748 1009.9
0.01749 1009.9
0.01750 1009.9
0.01751 1009.9
0.01752 1009.9
0.01753 1009.9
0.01754 1009.9
0.01755 1010.0
0.01756 1010.0
0.01757 1010.0
0.01758 1010.0
0.01759 1010.0
0.01760 1010.0
0.01761 1010.1
0.01762 1010.1
0.01763 1010.1
0.01764 1010.1
0.01765 1010.1
0.01766 1010.1
0.01767 1010.1
0.01768 1010.2
0.01769 1010.2
0.01770 1010.2
0.01771 1010.2
0.01772 1010.2
0.01773 1010.2
0.01774 1010.3
0.01775 1010.3
0.01776 1010.3
0.01777 1010.3
0.01778 1010.3
0.01779 1010.3
0.01780 1010.3
0.01781 1010.4
0.01782 1010.4
0.01783 1010.4
0.01784 1010.4
0.01785 1010.4
0.01786 1010.4
0.01787 1010.4
0.01788 1010.5
0.01789 1010.5
0.01790 1010.5
0.01791 1010.5
0.01792 1010.5
0.01793 1010.5
0.01794 1010.5
0.01795 1010.6
0.01796 1010.6
0.01797 1010.6
0.01798 1010.6
0.01799 1010.6
0.01800 1010.6
0.01801 1010.6
0.01802 1010.7
0.01803 1010.7
0.01804 1010.7
0.01805 1010.7
0.01806 1010.7
0.01807 1010.7
0.01808 1010.7
0.01809 1010.8
0.01810 1010.8
0.01811 1010.8
0.01812 1010.8
0.01813 1010.8
0.01814 1010.8
0.01815 1010.8
0.01816 1010.9
0.01817 1010.9
0.01818 1010.9
0.01819 1010.9
0.01820 1010.9
0.01821 1010.9
0.01822 1010.9
0.01823 1011.0
0.01824 1011.0
0.01825 1011.0
0.01826 1011.0
0.01827 1011.0
0.01828 1011.0
0.01829 1011.0
0.01830 1011.0
0.01831 1011.1
0.01832 1011.1
0.01833 1011.1
0.01834 1011.1
0.01835 1011.1
0.01836 1011.1
0.01837 1011.1
0.01838 1011.2
0.01839 1011.2
0.01840 1011.2
0.01841 1011.2
0.01842 1011.2
0.01843 1011.2
0.01844 1011.2
0.01845 1011.2
0.01846 1011.3
0.01847 1011.3
0.01848 1011.3
0.01849 1011.3
0.01850 1011.3
0.01851 1011.3
0.01852 1011.3
0.01853 1011.3
0.01854 1011.4
0.01855 1011.4
0.01856 1011.4
0.01857 1011.4
0.01858 1011.4
0.01859 1011.4
0.01860 1011.4
0.01861 1011.5
0.01862 1011.5
0.01863 1011.5
0.01864 1011.5
0.01865 1011.5
0.01866 1011.5
0.01867 1011.5
0.01868 1011.5
0.01869 1011.6
0.01870 1011.6
0.01871 1011.6
0.01872 1011.6
0.01873 1011.6
0.01874 1011.6
0.01875 1011.6
0.01876 1011.6
0.01877 1011.7
0.01878 1011.7
0.01879 1011.7
0.01880 1011.7
0.01881 1011.7
0.01882 1011.7
0.01883 1011.7
0.01884 1011.7
0.01885 1011.7
0.01886 1011.8
0.01887 1011.8
0.01888 1011.8
0.01889 1011.8
0.01890 1011.8
0.01891 1011.8
0.01892 1011.8
0.01893 1011.8
0.01894 1011.9
0.01895 1011.9
0.01896 1011.9
0.01897 1011.9
0.01898 1011.9
0.01899 1011.9
0.01900 1011.9
0.01901 1011.9
0.01902 1012.0
0.01903 1012.0
0.01904 1012.0
0.01905 1012.0
0.01906 1012.0
0.01907 1012.0
0.01908 1012.0
0.01909 1012.0
0.01910 1012.0
0.01911 1012.1
0.01912 1012.1
0.01913 1012.1
0.01914 1012.1
0.01915 1012.1
0.01916 1012.1
0.01917 1012.1
0.01918 1012.1
0.01919 1012.1
0.01920 1012.2
0.01921 1012.2
0.01922 1012.2
0.01923 1012.2
0.01924 1012.2
0.01925 1012.2
0.01926 1012.2
0.01927 1012.2
0.01928 1012.3
0.01929 1012.3
0.01930 1012.3
0.01931 1012.3
0.01932 1012.3
0.01933 1012.3
0.01934 1012.3
0.01935 1012.3
0.01936 1012.3
0.01937 1012.3
0.01938 1012.4
0.01939 1012.4
0.01940 1012.4
0.01941 1012.4
0.01942 1012.4
0.01943 1012.4
0.01944 1012.4
0.01945 1012.4
0.01946 1012.4
0.01947 1012.5
0.01948 1012.5
0.01949 1012.5
0.01950 1012.5
0.01951 1012.5
0.01952 1012.5
0.01953 1012.5
0.01954 1012.5
0.01955 1012.5
0.01956 1012.6
0.01957 1012.6
0.01958 1012.6
0.01959 1012.6
0.01960 1012.6
0.01961 1012.6
0.01962 1012.6
0.01963 1012.6
0.01964 1012.6
0.01965 1012.6
0.01966 1012.7
0.01967 1012.7
0.01968 1012.7
0.01969 1012.7
0.01970 1012.7
0.01971 1012.7
0.01972 1012.7
0.01973 1012.7
0.01974 1012.7
0.01975 1012.8
0.01976 1012.8
0.01977 1012.8
0.01978 1012.8
0.01979 1012.8
0.01980 1012.8
0.01981 1012.8
0.01982 1012.8
0.01983 1012.8
0.01984 1012.8
0.01985 1012.9
0.01986 1012.9
0.01987 1012.9
0.01988 1012.9
0.01989 1012.9
0.01990 1012.9
0.01991 1012.9
0.01992 1012.9
0.01993 1012.9
0.01994 1012.9
0.01995 1013.0
0.01996 1013.0
0.01997 1013.0
0.01998 1013.0
0.01999 1013.0
0.02000 1018.8
0.02001 1018.8
0.02002 1018.8
0.02003 1018.8
0.02004 1018.8
0.02005 1018.8
0.02006 1018.8
0.02007 1018.8
0.02008 1018.8
0.02009 1018.8
0.02010 1018.8
0.02011 1018.8
0.02012 1018.8
0.02013 1018.8
0.02014 1018.8
0.02015 1018.8
0.02016 1018.8
0.02017 1018.8
0.02018 1018.8
0.02019 1018.8
0.02020 1018.8
0.02021 1018.8
0.02022 1018.8
0.02023 1018.8
0.02024 1018.8
0.02025 1018.8
0.02026 1018.8
0.02027 1018.8
0.02028 1018.8
0.02029 1018.8
0.02030 1018.8
0.02031 1018.8
0.02032 1018.8
0.02033 1018.8
0.02034 1018.8
0.02035 1018.8
0.02036 1018.8
0.02037 1018.8
0.02038 1018.8
0.02039 1018.8
0.02040 1018.8
0.02041 1018.8
0.02042 1018.8
0.02043 1018.8
0.02044 1018.8
0.02045 1018.8
0.02046 1018.8
0.02047 1018.8
0.02048 1018.8
0.02049 1018.8
0.02050 1018.8
0.02051 1018.8
0.02052 1018.8
0.02053 1018.8
0.02054 1018.8
0.02055 1018.8
0.02056 1018.8
0.02057 1018.8
0.02058 1018.8
0.02059 1018.8
0.02060 1018.8
0.02061 1018.8
0.02062 1018.8
0.02063 1018.8
0.02064 1018.8
0.02065 1018.8
0.02066 1018.8
0.02067 1018.8
0.02068 1018.8
0.02069 1018.8
0.02070 1018.8
0.02071 1018.8
0.02072 1018.8
0.02073 1018.8
0.02074 1018.8
0.02075 1018.8
0.02076 1018.8
0.02077 1018.8
0.02078 1018.8
0.02079 1018.8
0.02080 1018.8
0.02081 1018.8
0.02082 1018.8
0.02083 1018.8
0.02084 1018.8
0.02085 1018.8
0.02086 1018.8
0.02087 1018.8
0.02088 1018.8
0.02089 1018.8
0.02090 1018.8
0.02091 1018.8
0.02092 1018.8
0.02093 1018.8
0.02094 1018.8
0.02095 1018.8
0.02096 1018.8
0.02097 1018.8
0.02098 1018.8
0.02099 1018.8
0.02100 1018.8
0.02101 1018.8
0.02102 1018.8
0.02103 1018.8
0.02104 1018.8
0.02105 1018.8
0.02106 1018.8
0.02107 1018.8
0.02108 1018.8
0.02109 1018.8
0.02110 1018.8
0.02111 1018.8
0.02112 1018.8
0.02113 1018.8
0.02114 1018.8
0.02115 1018.8
0.02116 1018.8
0.02117 1018.8
0.02118 1018.8
0.02119 1018.8
0.02120 1018.8
0.02121 1018.8
0.02122 1018.8
0.02123 1018.8
0.02124 1018.8
0.02125 1018.8
0.02126 1018.8
0.02127 1018.8
0.02128 1018.8
0.02129 1018.8
0.02130 1018.8
0.02131 1018.8
0.02132 1018.8
0.02133 1018.8
0.02134 1018.8
0.02135 1018.8
0.02136 1018.8
0.02137 1018.8
0.02138 1018.8
0.02139 1018.8
0.02140 1018.8
0.02141 1018.8
0.02142 1018.8
0.02143 1018.8
0.02144 1018.8
0.02145 1018.8
0.02146 1018.8
0.02147 1018.8
0.02148 1018.8
0.02149 1018.8
0.02150 1018.8
0.02151 1018.8
0.02152 1018.8
0.02153 1018.8
0.02154 1018.8
0.02155 1018.8
0.02156 1018.8
0.02157 1018.8
0.02158 1018.8
0.02159 1018.8
0.02160 1018.8
0.02161 1018.8
0.02162 1018.8
0.02163 1018.8
0.02164 1018.8
0.02165 1018.8
0.02166 1018.8
0.02167 1018.8
0.02168 1018.8
0.02169 1018.8
0.02170 1018.8
0.02171 1018.8
0.02172 1018.8
0.02173 1018.8
0.02174 1018.8
0.02175 1018.8
0.02176 1018.8
0.02177 1018.8
0.02178 1018.8
0.02179 1018.8
0.02180 1018.8
0.02181 1018.8
0.02182 1018.8
0.02183 1018.8
0.02184 1018.8
0.02185 1018.8
0.02186 1018.8
0.02187 1018.8
0.02188 1018.8
0.02189 1018.8
0.02190 1018.8
0.02191 1018.8
0.02192 1018.8
0.02193 1018.8
0.02194 1018.8
0.02195 1018.8
0.02196 1018.8
0.02197 1018.8
0.02198 1018.8
0.02199 1018.8
0.02200 1018.8
0.02201 1018.8
0.02202 1018.8
0.02203 1018.8
0.02204 1018.8
0.02205 1018.8
0.02206 1018.8
0.02207 1018.8
0.02208 1018.8
0.02209 1018.8
0.02210 1018.8
0.02211 1018.8
0.02212 1018.8
0.02213 1018.8
0.02214 1018.8
0.02215 1018.8
0.02216 1018.8
0.02217 1018.8
0.02218 1018.8
0.02219 1018.8
0.02220 1018.8
0.02221 1018.8
0.02222 1018.8
0.02223 1018.8
0.02224 1018.8
0.02225 1018.8
0.02226 1018.8
0.02227 1018.8
0.02228 1018.8
0.02229 1018.8
0.02230 1018.8
0.02231 1018.8
0.02232 1018.8
0.02233 1018.8
0.02234 1018.8
0.02235 1018.8
0.02236 1018.8
0.02237 1018.8
0.02238 1018.8
0.02239 1018.8
0.02240 1018.8
0.02241 1018.8
0.02242 1018.8
0.02243 1018.8
0.02244 1018.8
0.02245 1018.8
0.02246 1018.8
0.02247 1018.8
0.02248 1018.8
0.02249 1018.8
0.02250 1018.8
0.02251 1018.8
0.02252 1018.8
0.02253 1018.8
0.02254 1018.8
0.02255 1018.8
0.02256 1018.8
0.02257 1018.8
0.02258 1018.8
0.02259 1018.8
0.02260 1018.8
0.02261 1018.8
0.02262 1018.8
0.02263 1018.8
0.02264 1018.8
0.02265 1018.8
0.02266 1018.8
0.02267 1018.8
0.02268 1018.8
0.02269 1018.8
0.02270 1018.8
0.02271 1018.8
0.02272 1018.8
0.02273 1018.8
0.02274 1018.8
0.02275 1018.8
0.02276 1018.8
0.02277 1018.8
0.02278 1018.8
0.02279 1018.8
0.02280 1018.8
0.02281 1018.8
0.02282 1018.8
0.02283 1018.8
0.02284 1018.8
0.02285 1018.8
0.02286 1018.8
0.02287 1018.8
0.02288 1018.8
0.02289 1018.8
0.02290 1018.8
0.02291 1018.8
0.02292 1018.8
0.02293 1018.8
0.02294 1018.8
0.02295 1018.8
0.02296 1018.8
0.02297 1018.8
0.02298 1018.8
0.02299 1018.8
0.02300 1018.8
0.02301 1018.8
0.02302 1018.8
0.02303 1018.8
0.02304 1018.8
0.02305 1018.8
0.02306 1018.8
0.02307 1018.8
0.02308 1018.8
0.02309 1018.8
0.02310 1018.8
0.02311 1018.8
0.02312 1018.8
0.02313 1018.8
0.02314 1018.8
0.02315 1018.8
0.02316 1018.8
0.02317 1018.8
0.02318 1018.8
0.02319 1018.8
0.02320 1018.8
0.02321 1018.8
0.02322 1018.8
0.02323 1018.8
0.02324 1018.8
0.02325 1018.8
0.02326 1018.8
0.02327 1018.8
0.02328 1018.8
0.02329 1018.8
0.02330 1018.8
0.02331 1018.8
0.02332 1018.8
0.02333 1018.8
0.02334 1018.8
0.02335 1018.8
0.02336 1018.8
0.02337 1018.8
0.02338 1018.8
0.02339 1018.8
0.02340 1018.8
0.02341 1018.8
0.02342 1018.8
0.02343 1018.8
0.02344 1018.8
0.02345 1018.8
0.02346 1018.8
0.02347 1018.8
0.02348 1018.8
0.02349 1018.8
0.02350 1018.8
0.02351 1018.8
0.02352 1018.8
0.02353 1018.8
0.02354 1018.8
0.02355 1018.8
0.02356 1018.8
0.02357 1018.8
0.02358 1018.8
0.02359 1018.8
0.02360 1018.8
0.02361 1018.8
0.02362 1018.8
0.02363 1018.8
0.02364 1018.8
0.02365 1018.8
0.02366 1018.8
0.02367 1018.8
0.02368 1018.8
0.02369 1018.8
0.02370 1018.8
0.02371 1018.8
0.02372 1018.8
0.02373 1018.8
0.02374 1018.8
0.02375 1018.8
0.02376 1018.8
0.02377 1018.8
0.02378 1018.8
0.02379 1018.8
0.02380 1018.8
0.02381 1018.8
0.02382 1018.8
0.02383 1018.8
0.02384 1018.8
0.02385 1018.8
0.02386 1018.8
0.02387 1018.8
0.02388 1018.8
0.02389 1018.8
0.02390 1018.8
0.02391 1018.8
0.02392 1018.8
0.02393 1018.8
0.02394 1018.8
0.02395 1018.8
0.02396 1018.8
0.02397 1018.8
0.02398 1018.8
0.02399 1018.8
0.02400 1018.8
0.02401 1018.8
0.02402 1018.8
0.02403 1018.8
0.02404 1018.8
0.02405 1018.8
0.02406 1018.8
0.02407 1018.8
0.02408 1018.8
0.02409 1018.8
0.02410 1018.8
0.02411 1018.8
0.02412 1018.8
0.02413 1018.8
0.02414 1018.8
0.02415 1018.8
0.02416 1018.8
0.02417 1018.8
0.02418 1018.8
0.02419 1018.8
0.02420 1018.8
0.02421 1018.8
0.02422 1018.8
0.02423 1018.8
0.02424 1018.8
0.02425 1018.8
0.02426 1018.8
0.02427 1018.8
0.02428 1018.8
0.02429 1018.8
0.02430 1018.8
0.02431 1018.8
0.02432 1018.8
0.02433 1018.8
0.02434 1018.8
0.02435 1018.8
0.02436 1018.8
0.02437 1018.8
0.02438 1018.8
0.02439 1018.8
0.02440 1018.8
0.02441 1018.8
0.02442 1018.8
0.02443 1018.8
0.02444 1018.8
0.02445 1018.8
0.02446 1018.8
0.02447 1018.8
0.02448 1018.8
0.02449 1018.8
0.02450 1018.8
0.02451 1018.8
0.02452 1018.8
0.02453 1018.8
0.02454 1018.8
0.02455 1018.8
0.02456 1018.8
0.02457 1018.8
0.02458 1018.8
0.02459 1018.8
0.02460 1018.8
0.02461 1018.8
0.02462 1018.8
0.02463 1018.8
0.02464 1018.8
0.02465 1018.8
0.02466 1018.8
0.02467 1018.8
0.02468 1018.8
0.02469 1018.8
0.02470 1018.8
0.02471 1018.8
0.02472 1018.8
0.02473 1018.8
0.02474 1018.8
0.02475 1018.8
0.02476 1018.8
0.02477 1018.8
0.02478 1018.8
0.02479 1018.8
0.02480 1018.8
0.02481 1018.8
0.02482 1018.8
0.02483 1018.8
0.02484 1018.8
0.02485 1018.8
0.02486 1018.8
0.02487 1018.8
0.02488 1018.8
0.02489 1018.8
0.02490 1018.8
0.02491 1018.8
0.02492 1018.8
0.02493 1018.8
0.02494 1018.8
0.02495 1018.8
0.02496 1018.8
0.02497 1018.8
0.02498 1018.8
0.02499 1018.8
0.02500 1018.8
0.02501 1018.8
0.02502 1018.8
0.02503 1018.8
0.02504 1018.8
0.02505 1018.8
0.02506 1018.8
0.02507 1018.8
0.02508 1018.8
0.02509 1018.8
0.02510 1018.8
0.02511 1018.8
0.02512 1018.8
0.02513 1018.8
0.02514 1018.8
0.02515 1018.8
0.02516 1018.8
0.02517 1018.8
0.02518 1018.8
0.02519 1018.8
0.02520 1018.8
0.02521 1018.8
0.02522 1018.8
0.02523 1018.8
0.02524 1018.8
0.02525 1018.8
0.02526 1018.8
0.02527 1018.8
0.02528 1018.8
0.02529 1018.8
0.02530 1018.8
0.02531 1018.8
0.02532 1018.8
0.02533 1018.8
0.02534 1018.8
0.02535 1018.8
0.02536 1018.8
0.02537 1018.8
0.02538 1018.8
0.02539 1018.8
0.02540 1018.8
0.02541 1018.8
0.02542 1018.8
0.02543 1018.8
0.02544 1018.8
0.02545 1018.8
0.02546 1018.8
0.02547 1018.8
0.02548 1018.8
0.02549 1018.8
0.02550 1018.8
0.02551 1018.8
0.02552 1018.8
0.02553 1018.8
0.02554 1018.8
0.02555 1018.8
0.02556 1018.8
0.02557 1018.8
0.02558 1018.8
0.02559 1018.8
0.02560 1018.8
0.02561 1018.8
0.02562 1018.8
0.02563 1018.8
0.02564 1018.8
0.02565 1018.8
0.02566 1018.8
0.02567 1018.8
0.02568 1018.8
0.02569 1018.8
0.02570 1018.8
0.02571 1018.8
0.02572 1018.8
0.02573 1018.8
0.02574 1018.8
0.02575 1018.8
0.02576 1018.8
0.02577 1018.8
0.02578 1018.8
0.02579 1018.8
0.02580 1018.8
0.02581 1018.8
0.02582 1018.8
0.02583 1018.8
0.02584 1018.8
0.02585 1018.8
0.02586 1018.8
0.02587 1018.8
0.02588 1018.8
0.02589 1018.8
0.02590 1018.8
0.02591 1018.8
0.02592 1018.8
0.02593 1018.8
0.02594 1018.8
0.02595 1018.8
0.02596 1018.8
0.02597 1018.8
0.02598 1018.8
0.02599 1018.8
0.02600 1018.8
0.02601 1018.8
0.02602 1018.8
0.02603 1018.8
0.02604 1018.8
0.02605 1018.8
0.02606 1018.8
0.02607 1018.8
0.02608 1018.8
0.02609 1018.8
0.02610 1018.8
0.02611 1018.8
0.02612 1018.8
0.02613 1018.8
0.02614 1018.8
0.02615 1018.8
0.02616 1018.8
0.02617 1018.8
0.02618 1018.8
0.02619 1018.8
0.02620 1018.8
0.02621 1018.8
0.02622 1018.8
0.02623 1018.8
0.02624 1018.8
0.02625 1018.8
0.02626 1018.8
0.02627 1018.8
0.02628 1018.8
0.02629 1018.8
0.02630 1018.8
0.02631 1018.8
0.02632 1018.8
0.02633 1018.8
0.02634 1018.8
0.02635 1018.8
0.02636 1018.8
0.02637 1018.8
0.02638 1018.8
0.02639 1018.8
0.02640 1018.8
0.02641 1018.8
0.02642 1018.8
0.02643 1018.8
0.02644 1018.8
0.02645 1018.8
0.02646 1018.8
0.02647 1018.8
0.02648 1018.8
0.02649 1018.8
0.02650 1018.8
0.02651 1018.8
0.02652 1018.8
0.02653 1018.8
0.02654 1018.8
0.02655 1018.8
0.02656 1018.8
0.02657 1018.8
0.02658 1018.8
0.02659 1018.8
0.02660 1018.8
0.02661 1018.8
0.02662 1018.8
0.02663 1018.8
0.02664 1018.8
0.02665 1018.8
0.02666 1018.8
0.02667 1018.8
0.02668 1018.8
0.02669 1018.8
0.02670 1018.8
0.02671 1018.8
0.02672 1018.8
0.02673 1018.8
0.02674 1018.8
0.02675 1018.8
0.02676 1018.8
0.02677 1018.8
0.02678 1018.8
0.02679 1018.8
0.02680 1018.8
0.02681 1018.8
0.02682 1018.8
0.02683 1018.8
0.02684 1018.8
0.02685 1018.8
0.02686 1018.8
0.02687 1018.8
0.02688 1018.8
0.02689 1018.8
0.02690 1018.8
0.02691 1018.8
0.02692 1018.8
0.02693 1018.8
0.02694 1018.8
0.02695 1018.8
0.02696 1018.8
0.02697 1018.8
0.02698 1018.8
0.02699 1018.8
0.02700 1018.8
0.02701 1018.8
0.02702 1018.8
0.02703 1018.8
0.02704 1018.8
0.02705 1018.8
0.02706 1018.8
0.02707 1018.8
0.02708 1018.8
0.02709 1018.8
0.02710 1018.8
0.02711 1018.8
0.02712 1018.8
0.02713 1018.8
0.02714 1018.8
0.02715 1018.8
0.02716 1018.8
0.02717 1018.8
0.02718 1018.8
0.02719 1018.8
0.02720 1018.8
0.02721 1018.8
0.02722 1018.8
0.02723 1018.8
0.02724 1018.8
0.02725 1018.8
0.02726 1018.8
0.02727 1018.8
0.02728 1018.8
0.02729 1018.8
0.02730 1018.8
0.02731 1018.8
0.02732 1018.8
0.02733 1018.8
0.02734 1018.8
0.02735 1018.8
0.02736 1018.8
0.02737 1018.8
0.02738 1018.8
0.02739 1018.8
0.02740 1018.8
0.02741 1018.8
0.02742 1018.8
0.02743 1018.8
0.02744 1018.8
0.02745 1018.8
0.02746 1018.8
0.02747 1018.8
0.02748 1018.8
0.02749 1018.8
0.02750 1018.8
0.02751 1018.8
0.02752 1018.8
0.02753 1018.8
0.02754 1018.8
0.02755 1018.8
0.02756 1018.8
0.02757 1018.8
0.02758 1018.8
0.02759 1018.8
0.02760 1018.8
0.02761 1018.8
0.02762 1018.8
0.02763 1018.8
0.02764 1018.8
0.02765 1018.8
0.02766 1018.8
0.02767 1018.8
0.02768 1018.8
0.02769 1018.8
0.02770 1018.8
0.02771 1018.8
0.02772 1018.8
0.02773 1018.8
0.02774 1018.8
0.02775 1018.8
0.02776 1018.8
0.02777 1018.8
0.02778 1018.8
0.02779 1018.8
0.02780 1018.8
0.02781 1018.8
0.02782 1018.8
0.02783 1018.8
0.02784 1018.8
0.02785 1018.8
0.02786 1018.8
0.02787 1018.8
0.02788 1018.8
0.02789 1018.8
0.02790 1018.8
0.02791 1018.8
0.02792 1018.8
0.02793 1018.8
0.02794 1018.8
0.02795 1018.8
0.02796 1018.8
0.02797 1018.8
0.02798 1018.8
0.02799 1018.8
0.02800 1018.8
0.02801 1018.8
0.02802 1018.8
0.02803 1018.8
0.02804 1018.8
0.02805 1018.8
0.02806 1018.8
0.02807 1018.8
0.02808 1018.8
0.02809 1018.8
0.02810 1018.8
0.02811 1018.8
0.02812 1018.8
0.02813 1018.8
0.02814 1018.8
0.02815 1018.8
0.02816 1018.8
0.02817 1018.8
0.02818 1018.8
0.02819 1018.8
0.02820 1018.8
0.02821 1018.8
0.02822 1018.8
0.02823 1018.8
0.02824 1018.8
0.02825 1018.8
0.02826 1018.8
0.02827 1018.8
0.02828 1018.8
0.02829 1018.8
0.02830 1018.8
0.02831 1018.8
0.02832 1018.8
0.02833 1018.8
0.02834 1018.8
0.02835 1018.8
0.02836 1018.8
0.02837 1018.8
0.02838 1018.8
0.02839 1018.8
0.02840 1018.8
0.02841 1018.8
0.02842 1018.8
0.02843 1018.8
0.02844 1018.8
0.02845 1018.8
0.02846 1018.8
0.02847 1018.8
0.02848 1018.8
0.02849 1018.8
0.02850 1018.8
0.02851 1018.8
0.02852 1018.8
0.02853 1018.8
0.02854 1018.8
0.02855 1018.8
0.02856 1018.8
0.02857 1018.8
0.02858 1018.8
0.02859 1018.8
0.02860 1018.8
0.02861 1018.8
0.02862 1018.8
0.02863 1018.8
0.02864 1018.8
0.02865 1018.8
0.02866 1018.8
0.02867 1018.8
0.02868 1018.8
0.02869 1018.8
0.02870 1018.8
0.02871 1018.8
0.02872 1018.8
0.02873 1018.8
0.02874 1018.8
0.02875 1018.8
0.02876 1018.8
0.02877 1018.8
0.02878 1018.8
0.02879 1018.8
0.02880 1018.8
0.02881 1018.8
0.02882 1018.8
0.02883 1018.8
0.02884 1018.8
0.02885 1018.8
0.02886 1018.8
0.02887 1018.8
0.02888 1018.8
0.02889 1018.8
0.02890 1018.8
0.02891 1018.8
0.02892 1018.8
0.02893 1018.8
0.02894 1018.8
0.02895 1018.8
0.02896 1018.8
0.02897 1018.8
0.02898 1018.8
0.02899 1018.8
0.02900 1018.8
0.02901 1018.8
0.02902 1018.8
0.02903 1018.8
0.02904 1018.8
0.02905 1018.8
0.02906 1018.8
0.02907 1018.8
0.02908 1018.8
0.02909 1018.8
0.02910 1018.8
0.02911 1018.8
0.02912 1018.8
0.02913 1018.8
0.02914 1018.8
0.02915 1018.8
0.02916 1018.8
0.02917 1018.8
0.02918 1018.8
0.02919 1018.8
0.02920 1018.8
0.02921 1018.8
0.02922 1018.8
0.02923 1018.8
0.02924 1018.8
0.02925 1018.8
0.02926 1018.8
0.02927 1018.8
0.02928 1018.8
0.02929 1018.8
0.02930 1018.8
0.02931 1018.8
0.02932 1018.8
0.02933 1018.8
0.02934 1018.8
0.02935 1018.8
0.02936 1018.8
0.02937 1018.8
0.02938 1018.8
0.02939 1018.8
0.02940 1018.8
0.02941 1018.8
0.02942 1018.8
0.02943 1018.8
0.02944 1018.8
0.02945 1018.8
0.02946 1018.8
0.02947 1018.8
0.02948 1018.8
0.02949 1018.8
0.02950 1018.8
0.02951 1018.8
0.02952 1018.8
0.02953 1018.8
0.02954 1018.8
0.02955 1018.8
0.02956 1018.8
0.02957 1018.8
0.02958 1018.8
0.02959 1018.8
0.02960 1018.8
0.02961 1018.8
0.02962 1018.8
0.02963 1018.8
0.02964 1018.8
0.02965 1018.8
0.02966 1018.8
0.02967 1018.8
0.02968 1018.8
0.02969 1018.8
0.02970 1018.8
0.02971 1018.8
0.02972 1018.8
0.02973 1018.8
0.02974 1018.8
0.02975 1018.8
0.02976 1018.8
0.02977 1018.8
0.02978 1018.8
0.02979 1018.8
0.02980 1018.8
0.02981 1018.8
0.02982 1018.8
0.02983 1018.8
0.02984 1018.8
0.02985 1018.8
0.02986 1018.8
0.02987 1018.8
0.02988 1018.8
0.02989 1018.8
0.02990 1018.8
0.02991 1018.8
0.02992 1018.8
0.02993 1018.8
0.02994 1018.8
0.02995 1018.8
0.02996 1018.8
0.02997 1018.8
0.02998 1018.8
0.02999 1018.8
0.03000 1018.8
0.03001 1018.8
0.03002 1018.8
0.03003 1018.8
0.03004 1018.8
0.03005 1018.8
0.03006 1018.8
0.03007 1018.8
0.03008 1018.8
0.03009 1018.8
0.03010 1018.8
0.03011 1018.8
0.03012 1018.8
0.03013 1018.8
0.03014 1018.8
0.03015 1018.8
0.03016 1018.8
0.03017 1018.8
0.03018 1018.8
0.03019 1018.8
0.03020 1018.8
0.03021 1018.8
0.03022 1018.8
0.03023 1018.8
0.03024 1018.8
0.03025 1018.8
0.03026 1018.8
0.03027 1018.8
0.03028 1018.8
0.03029 1018.8
0.03030 1018.8
0.03031 1018.8
0.03032 1018.8
0.03033 1018.8
0.03034 1018.8
0.03035 1018.8
0.03036 1018.8
0.03037 1018.8
0.03038 1018.8
0.03039 1018.8
0.03040 1018.8
0.03041 1018.8
0.03042 1018.8
0.03043 1018.8
0.03044 1018.8
0.03045 1018.8
0.03046 1018.8
0.03047 1018.8
0.03048 1018.8
0.03049 1018.8
0.03050 1018.8
0.03051 1018.8
0.03052 1018.8
0.03053 1018.8
0.03054 1018.8
0.03055 1018.8
0.03056 1018.8
0.03057 1018.8
0.03058 1018.8
0.03059 1018.8
0.03060 1018.8
0.03061 1018.8
0.03062 1018.8
0.03063 1018.8
0.03064 1018.8
0.03065 1018.8
0.03066 1018.8
0.03067 1018.8
0.03068 1018.8
0.03069 1018.8
0.03070 1018.8
0.03071 1018.8
0.03072 1018.8
0.03073 1018.8
0.03074 1018.8
0.03075 1018.8
0.03076 1018.8
0.03077 1018.8
0.03078 1018.8
0.03079 1018.8
0.03080 1018.8
0.03081 1018.8
0.03082 1018.8
0.03083 1018.8
0.03084 1018.8
0.03085 1018.8
0.03086 1018.8
0.03087 1018.8
0.03088 1018.8
0.03089 1018.8
0.03090 1018.8
0.03091 1018.8
0.03092 1018.8
0.03093 1018.8
0.03094 1018.8
0.03095 1018.8
0.03096 1018.8
0.03097 1018.8
0.03098 1018.8
0.03099 1018.8
0.03100 1018.8
0.03101 1018.8
0.03102 1018.8
0.03103 1018.8
0.03104 1018.8
0.03105 1018.8
0.03106 1018.8
0.03107 1018.8
0.03108 1018.8
0.03109 1018.8
0.03110 1018.8
0.03111 1018.8
0.03112 1018.8
0.03113 1018.8
0.03114 1018.8
0.03115 1018.8
0.03116 1018.8
0.03117 1018.8
0.03118 1018.8
0.03119 1018.8
0.03120 1018.8
0.03121 1018.8
0.03122 1018.8
0.03123 1018.8
0.03124 1018.8
0.03125 1018.8
0.03126 1018.8
0.03127 1018.8
0.03128 1018.8
0.03129 1018.8
0.03130 1018.8
0.03131 1018.8
0.03132 1018.8
0.03133 1018.8
0.03134 1018.8
0.03135 1018.8
0.03136 1018.8
0.03137 1018.8
0.03138 1018.8
0.03139 1018.8
0.03140 1018.8
0.03141 1018.8
0.03142 1018.8
0.03143 1018.8
0.03144 1018.8
0.03145 1018.8
0.03146 1018.8
0.03147 1018.8
0.03148 1018.8
0.03149 1018.8
0.03150 1018.8
0.03151 1018.8
0.03152 1018.8
0.03153 1018.8
0.03154 1018.8
0.03155 1018.8
0.03156 1018.8
0.03157 1018.8
0.03158 1018.8
0.03159 1018.8
0.03160 1018.8
0.03161 1018.8
0.03162 1018.8
0.03163 1018.8
0.03164 1018.8
0.03165 1018.8
0.03166 1018.8
0.03167 1018.8
0.03168 1018.8
0.03169 1018.8
0.03170 1018.8
0.03171 1018.8
0.03172 1018.8
0.03173 1018.8
0.03174 1018.8
0.03175 1018.8
0.03176 1018.8
0.03177 1018.8
0.03178 1018.8
0.03179 1018.8
0.03180 1018.8
0.03181 1018.8
0.03182 1018.8
0.03183 1018.8
0.03184 1018.8
0.03185 1018.8
0.03186 1018.8
0.03187 1018.8
0.03188 1018.8
0.03189 1018.8
0.03190 1018.8
0.03191 1018.8
0.03192 1018.8
0.03193 1018.8
0.03194 1018.8
0.03195 1018.8
0.03196 1018.8
0.03197 1018.8
0.03198 1018.8
0.03199 1018.8
0.03200 1018.8
0.03201 1018.8
0.03202 1018.8
0.03203 1018.8
0.03204 1018.8
0.03205 1018.8
0.03206 1018.8
0.03207 1018.8
0.03208 1018.8
0.03209 1018.8
0.03210 1018.8
0.03211 1018.8
0.03212 1018.8
0.03213 1018.8
0.03214 1018.8
0.03215 1018.8
0.03216 1018.8
0.03217 1018.8
0.03218 1018.8
0.03219 1018.8
0.03220 1018.8
0.03221 1018.8
0.03222 1018.8
0.03223 1018.8
0.03224 1018.8
0.03225 1018.8
0.03226 1018.8
0.03227 1018.8
0.03228 1018.8
0.03229 1018.8
0.03230 1018.8
0.03231 1018.8
0.03232 1018.8
0.03233 1018.8
0.03234 1018.8
0.03235 1018.8
0.03236 1018.8
0.03237 1018.8
0.03238 1018.8
0.03239 1018.8
0.03240 1018.8
0.03241 1018.8
0.03242 1018.8
0.03243 1018.8
0.03244 1018.8
0.03245 1018.8
0.03246 1018.8
0.03247 1018.8
0.03248 1018.8
0.03249 1018.8
0.03250 1018.8
0.03251 1018.8
0.03252 1018.8
0.03253 1018.8
0.03254 1018.8
0.03255 1018.8
0.03256 1018.8
0.03257 1018.8
0.03258 1018.8
0.03259 1018.8
0.03260 1018.8
0.03261 1018.8
0.03262 1018.8
0.03263 1018.8
0.03264 1018.8
0.03265 1018.8
0.03266 1018.8
0.03267 1018.8
0.03268 1018.8
0.03269 1018.8
0.03270 1018.8
0.03271 1018.8
0.03272 1018.8
0.03273 1018.8
0.03274 1018.8
0.03275 1018.8
0.03276 1018.8
0.03277 1018.8
0.03278 1018.8
0.03279 1018.8
0.03280 1018.8
0.03281 1018.8
0.03282 1018.8
0.03283 1018.8
0.03284 1018.8
0.03285 1018.8
0.03286 1018.8
0.03287 1018.8
0.03288 1018.8
0.03289 1018.8
0.03290 1018.8
0.03291 1018.8
0.03292 1018.8
0.03293 1018.8
0.03294 1018.8
0.03295 1018.8
0.03296 1018.8
0.03297 1018.8
0.03298 1018.8
0.03299 1018.8
0.03300 1018.8
0.03301 1018.8
0.03302 1018.8
0.03303 1018.8
0.03304 1018.8
0.03305 1018.8
0.03306 1018.8
0.03307 1018.8
0.03308 1018.8
0.03309 1018.8
0.03310 1018.8
0.03311 1018.8
0.03312 1018.8
0.03313 1018.8
0.03314 1018.8
0.03315 1018.8
0.03316 1018.8
0.03317 1018.8
0.03318 1018.8
0.03319 1018.8
0.03320 1018.8
0.03321 1018.8
0.03322 1018.8
0.03323 1018.8
0.03324 1018.8
0.03325 1018.8
0.03326 1018.8
0.03327 1018.8
0.03328 1018.8
0.03329 1018.8
0.03330 1018.8
0.03331 1018.8
0.03332 1018.8
0.03333 1018.8
0.03334 1018.8
0.03335 1018.8
0.03336 1018.8
0.03337 1018.8
0.03338 1018.8
0.03339 1018.8
0.03340 1018.8
0.03341 1018.8
0.03342 1018.8
0.03343 1018.8
0.03344 1018.8
0.03345 1018.8
0.03346 1018.8
0.03347 1018.8
0.03348 1018.8
0.03349 1018.8
0.03350 1018.8
0.03351 1018.8
0.03352 1018.8
0.03353 1018.8
0.03354 1018.8
0.03355 1018.8
0.03356 1018.8
0.03357 1018.8
0.03358 1018.8
0.03359 1018.8
0.03360 1018.8
0.03361 1018.8
0.03362 1018.8
0.03363 1018.8
0.03364 1018.8
0.03365 1018.8
0.03366 1018.8
0.03367 1018.8
0.03368 1018.8
0.03369 1018.8
0.03370 1018.8
0.03371 1018.8
0.03372 1018.8
0.03373 1018.8
0.03374 1018.8
0.03375 1018.8
0.03376 1018.8
0.03377 1018.8
0.03378 1018.8
0.03379 1018.8
0.03380 1018.8
0.03381 1018.8
0.03382 1018.8
0.03383 1018.8
0.03384 1018.8
0.03385 1018.8
0.03386 1018.8
0.03387 1018.8
0.03388 1018.8
0.03389 1018.8
0.03390 1018.8
0.03391 1018.8
0.03392 1018.8
0.03393 1018.8
0.03394 1018.8
0.03395 1018.8
0.03396 1018.8
0.03397 1018.8
0.03398 1018.8
0.03399 1018.8
0.03400 1018.8
0.03401 1018.8
0.03402 1018.8
0.03403 1018.8
0.03404 1018.8
0.03405 1018.8
0.03406 1018.8
0.03407 1018.8
0.03408 1018.8
0.03409 1018.8
0.03410 1018.8
0.03411 1018.8
0.03412 1018.8
0.03413 1018.8
0.03414 1018.8
0.03415 1018.8
0.03416 1018.8
0.03417 1018.8
0.03418 1018.8
0.03419 1018.8
0.03420 1018.8
0.03421 1018.8
0.03422 1018.8
0.03423 1018.8
0.03424 1018.8
0.03425 1018.8
0.03426 1018.8
0.03427 1018.8
0.03428 1018.8
0.03429 1018.8
0.03430 1018.8
0.03431 1018.8
0.03432 1018.8
0.03433 1018.8
0.03434 1018.8
0.03435 1018.8
0.03436 1018.8
0.03437 1018.8
0.03438 1018.8
0.03439 1018.8
0.03440 1018.8
0.03441 1018.8
0.03442 1018.8
0.03443 1018.8
0.03444 1018.8
0.03445 1018.8
0.03446 1018.8
0.03447 1018.8
0.03448 1018.8
0.03449 1018.8
0.03450 1018.8
0.03451 1018.8
0.03452 1018.8
0.03453 1018.8
0.03454 1018.8
0.03455 1018.8
0.03456 1018.8
0.03457 1018.8
0.03458 1018.8
0.03459 1018.8
0.03460 1018.8
0.03461 1018.8
0.03462 1018.8
0.03463 1018.8
0.03464 1018.8
0.03465 1018.8
0.03466 1018.8
0.03467 1018.8
0.03468 1018.8
0.03469 1018.8
0.03470 1018.8
0.03471 1018.8
0.03472 1018.8
0.03473 1018.8
0.03474 1018.8
0.03475 1018.8
0.03476 1018.8
0.03477 1018.8
0.03478 1018.8
0.03479 1018.8
0.03480 1018.8
0.03481 1018.8
0.03482 1018.8
0.03483 1018.8
0.03484 1018.8
0.03485 1018.8
0.03486 1018.8
0.03487 1018.8
0.03488 1018.8
0.03489 1018.8
0.03490 1018.8
0.03491 1018.8
0.03492 1018.8
0.03493 1018.8
0.03494 1018.8
0.03495 1018.8
0.03496 1018.8
0.03497 1018.8
0.03498 1018.8
0.03499 1018.8
0.03500 1018.8
0.03501 1018.8
0.03502 1018.8
0.03503 1018.8
0.03504 1018.8
0.03505 1018.8
0.03506 1018.8
0.03507 1018.8
0.03508 1018.8
0.03509 1018.8
0.03510 1018.8
0.03511 1018.8
0.03512 1018.8
0.03513 1018.8
0.03514 1018.8
0.03515 1018.8
0.03516 1018.8
0.03517 1018.8
0.03518 1018.8
0.03519 1018.8
0.03520 1018.8
0.03521 1018.8
0.03522 1018.8
0.03523 1018.8
0.03524 1018.8
0.03525 1018.8
0.03526 1018.8
0.03527 1018.8
0.03528 1018.8
0.03529 1018.8
0.03530 1018.8
0.03531 1018.8
0.03532 1018.8
0.03533 1018.8
0.03534 1018.8
0.03535 1018.8
0.03536 1018.8
0.03537 1018.8
0.03538 1018.8
0.03539 1018.8
0.03540 1018.8
0.03541 1018.8
0.03542 1018.8
0.03543 1018.8
0.03544 1018.8
0.03545 1018.8
0.03546 1018.8
0.03547 1018.8
0.03548 1018.8
0.03549 1018.8
0.03550 1018.8
0.03551 1018.8
0.03552 1018.8
0.03553 1018.8
0.03554 1018.8
0.03555 1018.8
0.03556 1018.8
0.03557 1018.8
0.03558 1018.8
0.03559 1018.8
0.03560 1018.8
0.03561 1018.8
0.03562 1018.8
0.03563 1018.8
0.03564 1018.8
0.03565 1018.8
0.03566 1018.8
0.03567 1018.8
0.03568 1018.8
0.03569 1018.8
0.03570 1018.8
0.03571 1018.8
0.03572 1018.8
0.03573 1018.8
0.03574 1018.8
0.03575 1018.8
0.03576 1018.8
0.03577 1018.8
0.03578 1018.8
0.03579 1018.8
0.03580 1018.8
0.03581 1018.8
0.03582 1018.8
0.03583 1018.8
0.03584 1018.8
0.03585 1018.8
0.03586 1018.8
0.03587 1018.8
0.03588 1018.8
0.03589 1018.8
0.03590 1018.8
0.03591 1018.8
0.03592 1018.8
0.03593 1018.8
0.03594 1018.8
0.03595 1018.8
0.03596 1018.8
0.03597 1018.8
0.03598 1018.8
0.03599 1018.8
0.03600 1018.8
0.03601 1018.8
0.03602 1018.8
0.03603 1018.8
0.03604 1018.8
0.03605 1018.8
0.03606 1018.8
0.03607 1018.8
0.03608 1018.8
0.03609 1018.8
0.03610 1018.8
0.03611 1018.8
0.03612 1018.8
0.03613 1018.8
0.03614 1018.8
0.03615 1018.8
0.03616 1018.8
0.03617 1018.8
0.03618 1018.8
0.03619 1018.8
0.03620 1018.8
0.03621 1018.8
0.03622 1018.8
0.03623 1018.8
0.03624 1018.8
0.03625 1018.8
0.03626 1018.8
0.03627 1018.8
0.03628 1018.8
0.03629 1018.8
0.03630 1018.8
0.03631 1018.8
0.03632 1018.8
0.03633 1018.8
0.03634 1018.8
0.03635 1018.8
0.03636 1018.8
0.03637 1018.8
0.03638 1018.8
0.03639 1018.8
0.03640 1018.8
0.03641 1018.8
0.03642 1018.8
0.03643 1018.8
0.03644 1018.8
0.03645 1018.8
0.03646 1018.8
0.03647 1018.8
0.03648 1018.8
0.03649 1018.8
0.03650 1018.8
0.03651 1018.8
0.03652 1018.8
0.03653 1018.8
0.03654 1018.8
0.03655 1018.8
0.03656 1018.8
0.03657 1018.8
0.03658 1018.8
0.03659 1018.8
0.03660 1018.8
0.03661 1018.8
0.03662 1018.8
0.03663 1018.8
0.03664 1018.8
0.03665 1018.8
0.03666 1018.8
0.03667 1018.8
0.03668 1018.8
0.03669 1018.8
0.03670 1018.8
0.03671 1018.8
0.03672 1018.8
0.03673 1018.8
0.03674 1018.8
0.03675 1018.8
0.03676 1018.8
0.03677 1018.8
0.03678 1018.8
0.03679 1018.8
0.03680 1018.8
0.03681 1018.8
0.03682 1018.8
0.03683 1018.8
0.03684 1018.8
0.03685 1018.8
0.03686 1018.8
0.03687 1018.8
0.03688 1018.8
0.03689 1018.8
0.03690 1018.8
0.03691 1018.8
0.03692 1018.8
0.03693 1018.8
0.03694 1018.8
0.03695 1018.8
0.03696 1018.8
0.03697 1018.8
0.03698 1018.8
0.03699 1018.8
0.03700 1018.8
0.03701 1018.8
0.03702 1018.8
0.03703 1018.8
0.03704 1018.8
0.03705 1018.8
0.03706 1018.8
0.03707 1018.8
0.03708 1018.8
0.03709 1018.8
0.03710 1018.8
0.03711 1018.8
0.03712 1018.8
0.03713 1018.8
0.03714 1018.8
0.03715 1018.8
0.03716 1018.8
0.03717 1018.8
0.03718 1018.8
0.03719 1018.8
0.03720 1018.8
0.03721 1018.8
0.03722 1018.8
0.03723 1018.8
0.03724 1018.8
0.03725 1018.8
0.03726 1018.8
0.03727 1018.8
0.03728 1018.8
0.03729 1018.8
0.03730 1018.8
0.03731 1018.8
0.03732 1018.8
0.03733 1018.8
0.03734 1018.8
0.03735 1018.8
0.03736 1018.8
0.03737 1018.8
0.03738 1018.8
0.03739 1018.8
0.03740 1018.8
0.03741 1018.8
0.03742 1018.8
0.03743 1018.8
0.03744 1018.8
0.03745 1018.8
0.03746 1018.8
0.03747 1018.8
0.03748 1018.8
0.03749 1018.8
0.03750 1018.8
0.03751 1018.8
0.03752 1018.8
0.03753 1018.8
0.03754 1018.8
0.03755 1018.8
0.03756 1018.8
0.03757 1018.8
0.03758 1018.8
0.03759 1018.8
0.03760 1018.8
0.03761 1018.8
0.03762 1018.8
0.03763 1018.8
0.03764 1018.8
0.03765 1018.8
0.03766 1018.8
0.03767 1018.8
0.03768 1018.8
0.03769 1018.8
0.03770 1018.8
0.03771 1018.8
0.03772 1018.8
0.03773 1018.8
0.03774 1018.8
0.03775 1018.8
0.03776 1018.8
0.03777 1018.8
0.03778 1018.8
0.03779 1018.8
0.03780 1018.8
0.03781 1018.8
0.03782 1018.8
0.03783 1018.8
0.03784 1018.8
0.03785 1018.8
0.03786 1018.8
0.03787 1018.8
0.03788 1018.8
0.03789 1018.8
0.03790 1018.8
0.03791 1018.8
0.03792 1018.8
0.03793 1018.8
0.03794 1018.8
0.03795 1018.8
0.03796 1018.8
0.03797 1018.8
0.03798 1018.8
0.03799 1018.8
0.03800 1018.8
0.03801 1018.8
0.03802 1018.8
0.03803 1018.8
0.03804 1018.8
0.03805 1018.8
0.03806 1018.8
0.03807 1018.8
0.03808 1018.8
0.03809 1018.8
0.03810 1018.8
0.03811 1018.8
0.03812 1018.8
0.03813 1018.8
0.03814 1018.8
0.03815 1018.8
0.03816 1018.8
0.03817 1018.8
0.03818 1018.8
0.03819 1018.8
0.03820 1018.8
0.03821 1018.8
0.03822 1018.8
0.03823 1018.8
0.03824 1018.8
0.03825 1018.8
0.03826 1018.8
0.03827 1018.8
0.03828 1018.8
0.03829 1018.8
0.03830 1018.8
0.03831 1018.8
0.03832 1018.8
0.03833 1018.8
0.03834 1018.8
0.03835 1018.8
0.03836 1018.8
0.03837 1018.8
0.03838 1018.8
0.03839 1018.8
0.03840 1018.8
0.03841 1018.8
0.03842 1018.8
0.03843 1018.8
0.03844 1018.8
0.03845 1018.8
0.03846 1018.8
0.03847 1018.8
0.03848 1018.8
0.03849 1018.8
0.03850 1018.8
0.03851 1018.8
0.03852 1018.8
0.03853 1018.8
0.03854 1018.8
0.03855 1018.8
0.03856 1018.8
0.03857 1018.8
0.03858 1018.8
0.03859 1018.8
0.03860 1018.8
0.03861 1018.8
0.03862 1018.8
0.03863 1018.8
0.03864 1018.8
0.03865 1018.8
0.03866 1018.8
0.03867 1018.8
0.03868 1018.8
0.03869 1018.8
0.03870 1018.8
0.03871 1018.8
0.03872 1018.8
0.03873 1018.8
0.03874 1018.8
0.03875 1018.8
0.03876 1018.8
0.03877 1018.8
0.03878 1018.8
0.03879 1018.8
0.03880 1018.8
0.03881 1018.8
0.03882 1018.8
0.03883 1018.8
0.03884 1018.8
0.03885 1018.8
0.03886 1018.8
0.03887 1018.8
0.03888 1018.8
0.03889 1018.8
0.03890 1018.8
0.03891 1018.8
0.03892 1018.8
0.03893 1018.8
0.03894 1018.8
0.03895 1018.8
0.03896 1018.8
0.03897 1018.8
0.03898 1018.8
0.03899 1018.8
0.03900 1018.8
0.03901 1018.8
0.03902 1018.8
0.03903 1018.8
0.03904 1018.8
0.03905 1018.8
0.03906 1018.8
0.03907 1018.8
0.03908 1018.8
0.03909 1018.8
0.03910 1018.8
0.03911 1018.8
0.03912 1018.8
0.03913 1018.8
0.03914 1018.8
0.03915 1018.8
0.03916 1018.8
0.03917 1018.8
0.03918 1018.8
0.03919 1018.8
0.03920 1018.8
0.03921 1018.8
0.03922 1018.8
0.03923 1018.8
0.03924 1018.8
0.03925 1018.8
0.03926 1018.8
0.03927 1018.8
0.03928 1018.8
0.03929 1018.8
0.03930 1018.8
0.03931 1018.8
0.03932 1018.8
0.03933 1018.8
0.03934 1018.8
0.03935 1018.8
0.03936 1018.8
0.03937 1018.8
0.03938 1018.8
0.03939 1018.8
0.03940 1018.8
0.03941 1018.8
0.03942 1018.8
0.03943 1018.8
0.03944 1018.8
0.03945 1018.8
0.03946 1018.8
0.03947 1018.8
0.03948 1018.8
0.03949 1018.8
0.03950 1018.8
0.03951 1018.8
0.03952 1018.8
0.03953 1018.8
0.03954 1018.8
0.03955 1018.8
0.03956 1018.8
0.03957 1018.8
0.03958 1018.8
0.03959 1018.8
0.03960 1018.8
0.03961 1018.8
0.03962 1018.8
0.03963 1018.8
0.03964 1018.8
0.03965 1018.8
0.03966 1018.8
0.03967 1018.8
0.03968 1018.8
0.03969 1018.8
0.03970 1018.8
0.03971 1018.8
0.03972 1018.8
0.03973 1018.8
0.03974 1018.8
0.03975 1018.8
0.03976 1018.8
0.03977 1018.8
0.03978 1018.8
0.03979 1018.8
0.03980 1018.8
0.03981 1018.8
0.03982 1018.8
0.03983 1018.8
0.03984 1018.8
0.03985 1018.8
0.03986 1018.8
0.03987 1018.8
0.03988 1018.8
0.03989 1018.8
0.03990 1018.8
0.03991 1018.8
0.03992 1018.8
0.03993 1018.8
0.03994 1018.8
0.03995 1018.8
0.03996 1018.8
0.03997 1018.8
0.03998 1018.8
0.03999 1018.8
0.04000 1018.8
0.04001 1018.8
0.04002 1018.8
0.04003 1018.8
0.04004 1018.8
0.04005 1018.8
0.04006 1018.8
0.04007 1018.8
0.04008 1018.8
0.04009 1018.8
0.04010 1018.8
0.04011 1018.8
0.04012 1018.8
0.04013 1018.8
0.04014 1018.8
0.04015 1018.8
0.04016 1018.8
0.04017 1018.8
0.04018 1018.8
0.04019 1018.8
0.04020 1018.8
0.04021 1018.8
0.04022 1018.8
0.04023 1018.8
0.04024 1018.8
0.04025 1018.8
0.04026 1018.8
0.04027 1018.8
0.04028 1018.8
0.04029 1018.8
0.04030 1018.8
0.04031 1018.8
0.04032 1018.8
0.04033 1018.8
0.04034 1018.8
0.04035 1018.8
0.04036 1018.8
0.04037 1018.8
0.04038 1018.8
0.04039 1018.8
0.04040 1018.8
0.04041 1018.8
0.04042 1018.8
0.04043 1018.8
0.04044 1018.8
0.04045 1018.8
0.04046 1018.8
0.04047 1018.8
0.04048 1018.8
0.04049 1018.8
0.04050 1018.8
0.04051 1018.8
0.04052 1018.8
0.04053 1018.8
0.04054 1018.8
0.04055 1018.8
0.04056 1018.8
0.04057 1018.8
0.04058 1018.8
0.04059 1018.8
0.04060 1018.8
0.04061 1018.8
0.04062 1018.8
0.04063 1018.8
0.04064 1018.8
0.04065 1018.8
0.04066 1018.8
0.04067 1018.8
0.04068 1018.8
0.04069 1018.8
0.04070 1018.8
0.04071 1018.8
0.04072 1018.8
0.04073 1018.8
0.04074 1018.8
0.04075 1018.8
0.04076 1018.8
0.04077 1018.8
0.04078 1018.8
0.04079 1018.8
0.04080 1018.8
0.04081 1018.8
0.04082 1018.8
0.04083 1018.8
0.04084 1018.8
0.04085 1018.8
0.04086 1018.8
0.04087 1018.8
0.04088 1018.8
0.04089 1018.8
0.04090 1018.8
0.04091 1018.8
0.04092 1018.8
0.04093 1018.8
0.04094 1018.8
0.04095 1018.8
0.04096 1018.8
0.04097 1018.8
0.04098 1018.8
0.04099 1018.8
0.04100 1018.8
0.04101 1018.8
0.04102 1018.8
0.04103 1018.8
0.04104 1018.8
0.04105 1018.8
0.04106 1018.8
0.04107 1018.8
0.04108 1018.8
0.04109 1018.8
0.04110 1018.8
0.04111 1018.8
0.04112 1018.8
0.04113 1018.8
0.04114 1018.8
0.04115 1018.8
0.04116 1018.8
0.04117 1018.8
0.04118 1018.8
0.04119 1018.8
0.04120 1018.8
0.04121 1018.8
0.04122 1018.8
0.04123 1018.8
0.04124 1018.8
0.04125 1018.8
0.04126 1018.8
0.04127 1018.8
0.04128 1018.8
0.04129 1018.8
0.04130 1018.8
0.04131 1018.8
0.04132 1018.8
0.04133 1018.8
0.04134 1018.8
0.04135 1018.8
0.04136 1018.8
0.04137 1018.8
0.04138 1018.8
0.04139 1018.8
0.04140 1018.8
0.04141 1018.8
0.04142 1018.8
0.04143 1018.8
0.04144 1018.8
0.04145 1018.8
0.04146 1018.8
0.04147 1018.8
0.04148 1018.8
0.04149 1018.8
0.04150 1018.8
0.04151 1018.8
0.04152 1018.8
0.04153 1018.8
0.04154 1018.8
0.04155 1018.8
0.04156 1018.8
0.04157 1018.8
0.04158 1018.8
0.04159 1018.8
0.04160 1018.8
0.04161 1018.8
0.04162 1018.8
0.04163 1018.8
0.04164 1018.8
0.04165 1018.8
0.04166 1018.8
0.04167 1018.8
0.04168 1018.8
0.04169 1018.8
0.04170 1018.8
0.04171 1018.8
0.04172 1018.8
0.04173 1018.8
0.04174 1018.8
0.04175 1018.8
0.04176 1018.8
0.04177 1018.8
0.04178 1018.8
0.04179 1018.8
0.04180 1018.8
0.04181 1018.8
0.04182 1018.8
0.04183 1018.8
0.04184 1018.8
0.04185 1018.8
0.04186 1018.8
0.04187 1018.8
0.04188 1018.8
0.04189 1018.8
0.04190 1018.8
0.04191 1018.8
0.04192 1018.8
0.04193 1018.8
0.04194 1018.8
0.04195 1018.8
0.04196 1018.8
0.04197 1018.8
0.04198 1018.8
0.04199 1018.8
0.04200 1018.8
0.04201 1018.8
0.04202 1018.8
0.04203 1018.8
0.04204 1018.8
0.04205 1018.8
0.04206 1018.8
0.04207 1018.8
0.04208 1018.8
0.04209 1018.8
0.04210 1018.8
0.04211 1018.8
0.04212 1018.8
0.04213 1018.8
0.04214 1018.8
0.04215 1018.8
0.04216 1018.8
0.04217 1018.8
0.04218 1018.8
0.04219 1018.8
0.04220 1018.8
0.04221 1018.8
0.04222 1018.8
0.04223 1018.8
0.04224 1018.8
0.04225 1018.8
0.04226 1018.8
0.04227 1018.8
0.04228 1018.8
0.04229 1018.8
0.04230 1018.8
0.04231 1018.8
0.04232 1018.8
0.04233 1018.8
0.04234 1018.8
0.04235 1018.8
0.04236 1018.8
0.04237 1018.8
0.04238 1018.8
0.04239 1018.8
0.04240 1018.8
0.04241 1018.8
0.04242 1018.8
0.04243 1018.8
0.04244 1018.8
0.04245 1018.8
0.04246 1018.8
0.04247 1018.8
0.04248 1018.8
0.04249 1018.8
0.04250 1018.8
0.04251 1018.8
0.04252 1018.8
0.04253 1018.8
0.04254 1018.8
0.04255 1018.8
0.04256 1018.8
0.04257 1018.8
0.04258 1018.8
0.04259 1018.8
0.04260 1018.8
0.04261 1018.8
0.04262 1018.8
0.04263 1018.8
0.04264 1018.8
0.04265 1018.8
0.04266 1018.8
0.04267 1018.8
0.04268 1018.8
0.04269 1018.8
0.04270 1018.8
0.04271 1018.8
0.04272 1018.8
0.04273 1018.8
0.04274 1018.8
0.04275 1018.8
0.04276 1018.8
0.04277 1018.8
0.04278 1018.8
0.04279 1018.8
0.04280 1018.8
0.04281 1018.8
0.04282 1018.8
0.04283 1018.8
0.04284 1018.8
0.04285 1018.8
0.04286 1018.8
0.04287 1018.8
0.04288 1018.8
0.04289 1018.8
0.04290 1018.8
0.04291 1018.8
0.04292 1018.8
0.04293 1018.8
0.04294 1018.8
0.04295 1018.8
0.04296 1018.8
0.04297 1018.8
0.04298 1018.8
0.04299 1018.8
0.04300 1018.8
0.04301 1018.8
0.04302 1018.8
0.04303 1018.8
0.04304 1018.8
0.04305 1018.8
0.04306 1018.8
0.04307 1018.8
0.04308 1018.8
0.04309 1018.8
0.04310 1018.8
0.04311 1018.8
0.04312 1018.8
0.04313 1018.8
0.04314 1018.8
0.04315 1018.8
0.04316 1018.8
0.04317 1018.8
0.04318 1018.8
0.04319 1018.8
0.04320 1018.8
0.04321 1018.8
0.04322 1018.8
0.04323 1018.8
0.04324 1018.8
0.04325 1018.8
0.04326 1018.8
0.04327 1018.8
0.04328 1018.8
0.04329 1018.8
0.04330 1018.8
0.04331 1018.8
0.04332 1018.8
0.04333 1018.8
0.04334 1018.8
0.04335 1018.8
0.04336 1018.8
0.04337 1018.8
0.04338 1018.8
0.04339 1018.8
0.04340 1018.8
0.04341 1018.8
0.04342 1018.8
0.04343 1018.8
0.04344 1018.8
0.04345 1018.8
0.04346 1018.8
0.04347 1018.8
0.04348 1018.8
0.04349 1018.8
0.04350 1018.8
0.04351 1018.8
0.04352 1018.8
0.04353 1018.8
0.04354 1018.8
0.04355 1018.8
0.04356 1018.8
0.04357 1018.8
0.04358 1018.8
0.04359 1018.8
0.04360 1018.8
0.04361 1018.8
0.04362 1018.8
0.04363 1018.8
0.04364 1018.8
0.04365 1018.8
0.04366 1018.8
0.04367 1018.8
0.04368 1018.8
0.04369 1018.8
0.04370 1018.8
0.04371 1018.8
0.04372 1018.8
0.04373 1018.8
0.04374 1018.8
0.04375 1018.8
0.04376 1018.8
0.04377 1018.8
0.04378 1018.8
0.04379 1018.8
0.04380 1018.8
0.04381 1018.8
0.04382 1018.8
0.04383 1018.8
0.04384 1018.8
0.04385 1018.8
0.04386 1018.8
0.04387 1018.8
0.04388 1018.8
0.04389 1018.8
0.04390 1018.8
0.04391 1018.8
0.04392 1018.8
0.04393 1018.8
0.04394 1018.8
0.04395 1018.8
0.04396 1018.8
0.04397 1018.8
0.04398 1018.8
0.04399 1018.8
0.04400 1018.8
0.04401 1018.8
0.04402 1018.8
0.04403 1018.8
0.04404 1018.8
0.04405 1018.8
0.04406 1018.8
0.04407 1018.8
0.04408 1018.8
0.04409 1018.8
0.04410 1018.8
0.04411 1018.8
0.04412 1018.8
0.04413 1018.8
0.04414 1018.8
0.04415 1018.8
0.04416 1018.8
0.04417 1018.8
0.04418 1018.8
0.04419 1018.8
0.04420 1018.8
0.04421 1018.8
0.04422 1018.8
0.04423 1018.8
0.04424 1018.8
0.04425 1018.8
0.04426 1018.8
0.04427 1018.8
0.04428 1018.8
0.04429 1018.8
0.04430 1018.8
0.04431 1018.8
0.04432 1018.8
0.04433 1018.8
0.04434 1018.8
0.04435 1018.8
0.04436 1018.8
0.04437 1018.8
0.04438 1018.8
0.04439 1018.8
0.04440 1018.8
0.04441 1018.8
0.04442 1018.8
0.04443 1018.8
0.04444 1018.8
0.04445 1018.8
0.04446 1018.8
0.04447 1018.8
0.04448 1018.8
0.04449 1018.8
0.04450 1018.8
0.04451 1018.8
0.04452 1018.8
0.04453 1018.8
0.04454 1018.8
0.04455 1018.8
0.04456 1018.8
0.04457 1018.8
0.04458 1018.8
0.04459 1018.8
0.04460 1018.8
0.04461 1018.8
0.04462 1018.8
0.04463 1018.8
0.04464 1018.8
0.04465 1018.8
0.04466 1018.8
0.04467 1018.8
0.04468 1018.8
0.04469 1018.8
0.04470 1018.8
0.04471 1018.8
0.04472 1018.8
0.04473 1018.8
0.04474 1018.8
0.04475 1018.8
0.04476 1018.8
0.04477 1018.8
0.04478 1018.8
0.04479 1018.8
0.04480 1018.8
0.04481 1018.8
0.04482 1018.8
0.04483 1018.8
0.04484 1018.8
0.04485 1018.8
0.04486 1018.8
0.04487 1018.8
0.04488 1018.8
0.04489 1018.8
0.04490 1018.8
0.04491 1018.8
0.04492 1018.8
0.04493 1018.8
0.04494 1018.8
0.04495 1018.8
0.04496 1018.8
0.04497 1018.8
0.04498 1018.8
0.04499 1018.8
0.04500 1018.8
0.04501 1018.8
0.04502 1018.8
0.04503 1018.8
0.04504 1018.8
0.04505 1018.8
0.04506 1018.8
0.04507 1018.8
0.04508 1018.8
0.04509 1018.8
0.04510 1018.8
0.04511 1018.8
0.04512 1018.8
0.04513 1018.8
0.04514 1018.8
0.04515 1018.8
0.04516 1018.8
0.04517 1018.8
0.04518 1018.8
0.04519 1018.8
0.04520 1018.8
0.04521 1018.8
0.04522 1018.8
0.04523 1018.8
0.04524 1018.8
0.04525 1018.8
0.04526 1018.8
0.04527 1018.8
0.04528 1018.8
0.04529 1018.8
0.04530 1018.8
0.04531 1018.8
0.04532 1018.8
0.04533 1018.8
0.04534 1018.8
0.04535 1018.8
0.04536 1018.8
0.04537 1018.8
0.04538 1018.8
0.04539 1018.8
0.04540 1018.8
0.04541 1018.8
0.04542 1018.8
0.04543 1018.8
0.04544 1018.8
0.04545 1018.8
0.04546 1018.8
0.04547 1018.8
0.04548 1018.8
0.04549 1018.8
0.04550 1018.8
0.04551 1018.8
0.04552 1018.8
0.04553 1018.8
0.04554 1018.8
0.04555 1018.8
0.04556 1018.8
0.04557 1018.8
0.04558 1018.8
0.04559 1018.8
0.04560 1018.8
0.04561 1018.8
0.04562 1018.8
0.04563 1018.8
0.04564 1018.8
0.04565 1018.8
0.04566 1018.8
0.04567 1018.8
0.04568 1018.8
0.04569 1018.8
0.04570 1018.8
0.04571 1018.8
0.04572 1018.8
0.04573 1018.8
0.04574 1018.8
0.04575 1018.8
0.04576 1018.8
0.04577 1018.8
0.04578 1018.8
0.04579 1018.8
0.04580 1018.8
0.04581 1018.8
0.04582 1018.8
0.04583 1018.8
0.04584 1018.8
0.04585 1018.8
0.04586 1018.8
0.04587 1018.8
0.04588 1018.8
0.04589 1018.8
0.04590 1018.8
0.04591 1018.8
0.04592 1018.8
0.04593 1018.8
0.04594 1018.8
0.04595 1018.8
0.04596 1018.8
0.04597 1018.8
0.04598 1018.8
0.04599 1018.8
0.04600 1018.8
0.04601 1018.8
0.04602 1018.8
0.04603 1018.8
0.04604 1018.8
0.04605 1018.8
0.04606 1018.8
0.04607 1018.8
0.04608 1018.8
0.04609 1018.8
0.04610 1018.8
0.04611 1018.8
0.04612 1018.8
0.04613 1018.8
0.04614 1018.8
0.04615 1018.8
0.04616 1018.8
0.04617 1018.8
0.04618 1018.8
0.04619 1018.8
0.04620 1018.8
0.04621 1018.8
0.04622 1018.8
0.04623 1018.8
0.04624 1018.8
0.04625 1018.8
0.04626 1018.8
0.04627 1018.8
0.04628 1018.8
0.04629 1018.8
0.04630 1018.8
0.04631 1018.8
0.04632 1018.8
0.04633 1018.8
0.04634 1018.8
0.04635 1018.8
0.04636 1018.8
0.04637 1018.8
0.04638 1018.8
0.04639 1018.8
0.04640 1018.8
0.04641 1018.8
0.04642 1018.8
0.04643 1018.8
0.04644 1018.8
0.04645 1018.8
0.04646 1018.8
0.04647 1018.8
0.04648 1018.8
0.04649 1018.8
0.04650 1018.8
0.04651 1018.8
0.04652 1018.8
0.04653 1018.8
0.04654 1018.8
0.04655 1018.8
0.04656 1018.8
0.04657 1018.8
0.04658 1018.8
0.04659 1018.8
0.04660 1018.8
0.04661 1018.8
0.04662 1018.8
0.04663 1018.8
0.04664 1018.8
0.04665 1018.8
0.04666 1018.8
0.04667 1018.8
0.04668 1018.8
0.04669 1018.8
0.04670 1018.8
0.04671 1018.8
0.04672 1018.8
0.04673 1018.8
0.04674 1018.8
0.04675 1018.8
0.04676 1018.8
0.04677 1018.8
0.04678 1018.8
0.04679 1018.8
0.04680 1018.8
0.04681 1018.8
0.04682 1018.8
0.04683 1018.8
0.04684 1018.8
0.04685 1018.8
0.04686 1018.8
0.04687 1018.8
0.04688 1018.8
0.04689 1018.8
0.04690 1018.8
0.04691 1018.8
0.04692 1018.8
0.04693 1018.8
0.04694 1018.8
0.04695 1018.8
0.04696 1018.8
0.04697 1018.8
0.04698 1018.8
0.04699 1018.8
0.04700 1018.8
0.04701 1018.8
0.04702 1018.8
0.04703 1018.8
0.04704 1018.8
0.04705 1018.8
0.04706 1018.8
0.04707 1018.8
0.04708 1018.8
0.04709 1018.8
0.04710 1018.8
0.04711 1018.8
0.04712 1018.8
0.04713 1018.8
0.04714 1018.8
0.04715 1018.8
0.04716 1018.8
0.04717 1018.8
0.04718 1018.8
0.04719 1018.8
0.04720 1018.8
0.04721 1018.8
0.04722 1018.8
0.04723 1018.8
0.04724 1018.8
0.04725 1018.8
0.04726 1018.8
0.04727 1018.8
0.04728 1018.8
0.04729 1018.8
0.04730 1018.8
0.04731 1018.8
0.04732 1018.8
0.04733 1018.8
0.04734 1018.8
0.04735 1018.8
0.04736 1018.8
0.04737 1018.8
0.04738 1018.8
0.04739 1018.8
0.04740 1018.8
0.04741 1018.8
0.04742 1018.8
0.04743 1018.8
0.04744 1018.8
0.04745 1018.8
0.04746 1018.8
0.04747 1018.8
0.04748 1018.8
0.04749 1018.8
0.04750 1018.8
0.04751 1018.8
0.04752 1018.8
0.04753 1018.8
0.04754 1018.8
0.04755 1018.8
0.04756 1018.8
0.04757 1018.8
0.04758 1018.8
0.04759 1018.8
0.04760 1018.8
0.04761 1018.8
0.04762 1018.8
0.04763 1018.8
0.04764 1018.8
0.04765 1018.8
0.04766 1018.8
0.04767 1018.8
0.04768 1018.8
0.04769 1018.8
0.04770 1018.8
0.04771 1018.8
0.04772 1018.8
0.04773 1018.8
0.04774 1018.8
0.04775 1018.8
0.04776 1018.8
0.04777 1018.8
0.04778 1018.8
0.04779 1018.8
0.04780 1018.8
0.04781 1018.8
0.04782 1018.8
0.04783 1018.8
0.04784 1018.8
0.04785 1018.8
0.04786 1018.8
0.04787 1018.8
0.04788 1018.8
0.04789 1018.8
0.04790 1018.8
0.04791 1018.8
0.04792 1018.8
0.04793 1018.8
0.04794 1018.8
0.04795 1018.8
0.04796 1018.8
0.04797 1018.8
0.04798 1018.8
0.04799 1018.8
0.04800 1018.8
0.04801 1018.8
0.04802 1018.8
0.04803 1018.8
0.04804 1018.8
0.04805 1018.8
0.04806 1018.8
0.04807 1018.8
0.04808 1018.8
0.04809 1018.8
0.04810 1018.8
0.04811 1018.8
0.04812 1018.8
0.04813 1018.8
0.04814 1018.8
0.04815 1018.8
0.04816 1018.8
0.04817 1018.8
0.04818 1018.8
0.04819 1018.8
0.04820 1018.8
0.04821 1018.8
0.04822 1018.8
0.04823 1018.8
0.04824 1018.8
0.04825 1018.8
0.04826 1018.8
0.04827 1018.8
0.04828 1018.8
0.04829 1018.8
0.04830 1018.8
0.04831 1018.8
0.04832 1018.8
0.04833 1018.8
0.04834 1018.8
0.04835 1018.8
0.04836 1018.8
0.04837 1018.8
0.04838 1018.8
0.04839 1018.8
0.04840 1018.8
0.04841 1018.8
0.04842 1018.8
0.04843 1018.8
0.04844 1018.8
0.04845 1018.8
0.04846 1018.8
0.04847 1018.8
0.04848 1018.8
0.04849 1018.8
0.04850 1018.8
0.04851 1018.8
0.04852 1018.8
0.04853 1018.8
0.04854 1018.8
0.04855 1018.8
0.04856 1018.8
0.04857 1018.8
0.04858 1018.8
0.04859 1018.8
0.04860 1018.8
0.04861 1018.8
0.04862 1018.8
0.04863 1018.8
0.04864 1018.8
0.04865 1018.8
0.04866 1018.8
0.04867 1018.8
0.04868 1018.8
0.04869 1018.8
0.04870 1018.8
0.04871 1018.8
0.04872 1018.8
0.04873 1018.8
0.04874 1018.8
0.04875 1018.8
0.04876 1018.8
0.04877 1018.8
0.04878 1018.8
0.04879 1018.8
0.04880 1018.8
0.04881 1018.8
0.04882 1018.8
0.04883 1018.8
0.04884 1018.8
0.04885 1018.8
0.04886 1018.8
0.04887 1018.8
0.04888 1018.8
0.04889 1018.8
0.04890 1018.8
0.04891 1018.8
0.04892 1018.8
0.04893 1018.8
0.04894 1018.8
0.04895 1018.8
0.04896 1018.8
0.04897 1018.8
0.04898 1018.8
0.04899 1018.8
0.04900 1018.8
0.04901 1018.8
0.04902 1018.8
0.04903 1018.8
0.04904 1018.8
0.04905 1018.8
0.04906 1018.8
0.04907 1018.8
0.04908 1018.8
0.04909 1018.8
0.04910 1018.8
0.04911 1018.8
0.04912 1018.8
0.04913 1018.8
0.04914 1018.8
0.04915 1018.8
0.04916 1018.8
0.04917 1018.8
0.04918 1018.8
0.04919 1018.8
0.04920 1018.8
0.04921 1018.8
0.04922 1018.8
0.04923 1018.8
0.04924 1018.8
0.04925 1018.8
0.04926 1018.8
0.04927 1018.8
0.04928 1018.8
0.04929 1018.8
0.04930 1018.8
0.04931 1018.8
0.04932 1018.8
0.04933 1018.8
0.04934 1018.8
0.04935 1018.8
0.04936 1018.8
0.04937 1018.8
0.04938 1018.8
0.04939 1018.8
0.04940 1018.8
0.04941 1018.8
0.04942 1018.8
0.04943 1018.8
0.04944 1018.8
0.04945 1018.8
0.04946 1018.8
0.04947 1018.8
0.04948 1018.8
0.04949 1018.8
0.04950 1018.8
0.04951 1018.8
0.04952 1018.8
0.04953 1018.8
0.04954 1018.8
0.04955 1018.8
0.04956 1018.8
0.04957 1018.8
0.04958 1018.8
0.04959 1018.8
0.04960 1018.8
0.04961 1018.8
0.04962 1018.8
0.04963 1018.8
0.04964 1018.8
0.04965 1018.8
0.04966 1018.8
0.04967 1018.8
0.04968 1018.8
0.04969 1018.8
0.04970 1018.8
0.04971 1018.8
0.04972 1018.8
0.04973 1018.8
0.04974 1018.8
0.04975 1018.8
0.04976 1018.8
0.04977 1018.8
0.04978 1018.8
0.04979 1018.8
0.04980 1018.8
0.04981 1018.8
0.04982 1018.8
0.04983 1018.8
0.04984 1018.8
0.04985 1018.8
0.04986 1018.8
0.04987 1018.8
0.04988 1018.8
0.04989 1018.8
0.04990 1018.8
0.04991 1018.8
0.04992 1018.8
0.04993 1018.8
0.04994 1018.8
0.04995 1018.8
0.04996 1018.8
0.04997 1018.8
0.04998 1018.8
0.04999 1018.8
0.05000 1018.8
0.05001 1018.8
0.05002 1018.8
0.05003 1018.8
0.05004 1018.8
0.05005 1018.8
0.05006 1018.8
0.05007 1018.8
0.05008 1018.8
0.05009 1018.8
0.05010 1018.8
0.05011 1018.8
0.05012 1018.8
0.05013 1018.8
0.05014 1018.8
0.05015 1018.8
0.05016 1018.8
0.05017 1018.8
0.05018 1018.8
0.05019 1018.8
0.05020 1018.8
0.05021 1018.8
0.05022 1018.8
0.05023 1018.8
0.05024 1018.8
0.05025 1018.8
0.05026 1018.8
0.05027 1018.8
0.05028 1018.8
0.05029 1018.8
0.05030 1018.8
0.05031 1018.8
0.05032 1018.8
0.05033 1018.8
0.05034 1018.8
0.05035 1018.8
0.05036 1018.8
0.05037 1018.8
0.05038 1018.8
0.05039 1018.8
0.05040 1018.8
0.05041 1018.8
0.05042 1018.8
0.05043 1018.8
0.05044 1018.8
0.05045 1018.8
0.05046 1018.8
0.05047 1018.8
0.05048 1018.8
0.05049 1018.8
0.05050 1018.8
0.05051 1018.8
0.05052 1018.8
0.05053 1018.8
0.05054 1018.8
0.05055 1018.8
0.05056 1018.8
0.05057 1018.8
0.05058 1018.8
0.05059 1018.8
0.05060 1018.8
0.05061 1018.8
0.05062 1018.8
0.05063 1018.8
0.05064 1018.8
0.05065 1018.8
0.05066 1018.8
0.05067 1018.8
0.05068 1018.8
0.05069 1018.8
0.05070 1018.8
0.05071 1018.8
0.05072 1018.8
0.05073 1018.8
0.05074 1018.8
0.05075 1018.8
0.05076 1018.8
0.05077 1018.8
0.05078 1018.8
0.05079 1018.8
0.05080 1018.8
0.05081 1018.8
0.05082 1018.8
0.05083 1018.8
0.05084 1018.8
0.05085 1018.8
0.05086 1018.8
0.05087 1018.8
0.05088 1018.8
0.05089 1018.8
0.05090 1018.8
0.05091 1018.8
0.05092 1018.8
0.05093 1018.8
0.05094 1018.8
0.05095 1018.8
0.05096 1018.8
0.05097 1018.8
0.05098 1018.8
0.05099 1018.8
0.05100 1018.8
0.05101 1018.8
0.05102 1018.8
0.05103 1018.8
0.05104 1018.8
0.05105 1018.8
0.05106 1018.8
0.05107 1018.8
0.05108 1018.8
0.05109 1018.8
0.05110 1018.8
0.05111 1018.8
0.05112 1018.8
0.05113 1018.8
0.05114 1018.8
0.05115 1018.8
0.05116 1018.8
0.05117 1018.8
0.05118 1018.8
0.05119 1018.8
0.05120 1018.8
0.05121 1018.8
0.05122 1018.8
0.05123 1018.8
0.05124 1018.8
0.05125 1018.8
0.05126 1018.8
0.05127 1018.8
0.05128 1018.8
0.05129 1018.8
0.05130 1018.8
0.05131 1018.8
0.05132 1018.8
0.05133 1018.8
0.05134 1018.8
0.05135 1018.8
0.05136 1018.8
0.05137 1018.8
0.05138 1018.8
0.05139 1018.8
0.05140 1018.8
0.05141 1018.8
0.05142 1018.8
0.05143 1018.8
0.05144 1018.8
0.05145 1018.8
0.05146 1018.8
0.05147 1018.8
0.05148 1018.8
0.05149 1018.8
0.05150 1018.8
0.05151 1018.8
0.05152 1018.8
0.05153 1018.8
0.05154 1018.8
0.05155 1018.8
0.05156 1018.8
0.05157 1018.8
0.05158 1018.8
0.05159 1018.8
0.05160 1018.8
0.05161 1018.8
0.05162 1018.8
0.05163 1018.8
0.05164 1018.8
0.05165 1018.8
0.05166 1018.8
0.05167 1018.8
0.05168 1018.8
0.05169 1018.8
0.05170 1018.8
0.05171 1018.8
0.05172 1018.8
0.05173 1018.8
0.05174 1018.8
0.05175 1018.8
0.05176 1018.8
0.05177 1018.8
0.05178 1018.8
0.05179 1018.8
0.05180 1018.8
0.05181 1018.8
0.05182 1018.8
0.05183 1018.8
0.05184 1018.8
0.05185 1018.8
0.05186 1018.8
0.05187 1018.8
0.05188 1018.8
0.05189 1018.8
0.05190 1018.8
0.05191 1018.8
0.05192 1018.8
0.05193 1018.8
0.05194 1018.8
0.05195 1018.8
0.05196 1018.8
0.05197 1018.8
0.05198 1018.8
0.05199 1018.8
0.05200 1018.8
0.05201 1018.8
0.05202 1018.8
0.05203 1018.8
0.05204 1018.8
0.05205 1018.8
0.05206 1018.8
0.05207 1018.8
0.05208 1018.8
0.05209 1018.8
0.05210 1018.8
0.05211 1018.8
0.05212 1018.8
0.05213 1018.8
0.05214 1018.8
0.05215 1018.8
0.05216 1018.8
0.05217 1018.8
0.05218 1018.8
0.05219 1018.8
0.05220 1018.8
0.05221 1018.8
0.05222 1018.8
0.05223 1018.8
0.05224 1018.8
0.05225 1018.8
0.05226 1018.8
0.05227 1018.8
0.05228 1018.8
0.05229 1018.8
0.05230 1018.8
0.05231 1018.8
0.05232 1018.8
0.05233 1018.8
0.05234 1018.8
0.05235 1018.8
0.05236 1018.8
0.05237 1018.8
0.05238 1018.8
0.05239 1018.8
0.05240 1018.8
0.05241 1018.8
0.05242 1018.8
0.05243 1018.8
0.05244 1018.8
0.05245 1018.8
0.05246 1018.8
0.05247 1018.8
0.05248 1018.8
0.05249 1018.8
0.05250 1018.8
0.05251 1018.8
0.05252 1018.8
0.05253 1018.8
0.05254 1018.8
0.05255 1018.8
0.05256 1018.8
0.05257 1018.8
0.05258 1018.8
0.05259 1018.8
0.05260 1018.8
0.05261 1018.8
0.05262 1018.8
0.05263 1018.8
0.05264 1018.8
0.05265 1018.8
0.05266 1018.8
0.05267 1018.8
0.05268 1018.8
0.05269 1018.8
0.05270 1018.8
0.05271 1018.8
0.05272 1018.8
0.05273 1018.8
0.05274 1018.8
0.05275 1018.8
0.05276 1018.8
0.05277 1018.8
0.05278 1018.8
0.05279 1018.8
0.05280 1018.8
0.05281 1018.8
0.05282 1018.8
0.05283 1018.8
0.05284 1018.8
0.05285 1018.8
0.05286 1018.8
0.05287 1018.8
0.05288 1018.8
0.05289 1018.8
0.05290 1018.8
0.05291 1018.8
0.05292 1018.8
0.05293 1018.8
0.05294 1018.8
0.05295 1018.8
0.05296 1018.8
0.05297 1018.8
0.05298 1018.8
0.05299 1018.8
0.05300 1018.8
0.05301 1018.8
0.05302 1018.8
0.05303 1018.8
0.05304 1018.8
0.05305 1018.8
0.05306 1018.8
0.05307 1018.8
0.05308 1018.8
0.05309 1018.8
0.05310 1018.8
0.05311 1018.8
0.05312 1018.8
0.05313 1018.8
0.05314 1018.8
0.05315 1018.8
0.05316 1018.8
0.05317 1018.8
0.05318 1018.8
0.05319 1018.8
0.05320 1018.8
0.05321 1018.8
0.05322 1018.8
0.05323 1018.8
0.05324 1018.8
0.05325 1018.8
0.05326 1018.8
0.05327 1018.8
0.05328 1018.8
0.05329 1018.8
0.05330 1018.8
0.05331 1018.8
0.05332 1018.8
0.05333 1018.8
0.05334 1018.8
0.05335 1018.8
0.05336 1018.8
0.05337 1018.8
0.05338 1018.8
0.05339 1018.8
0.05340 1018.8
0.05341 1018.8
0.05342 1018.8
0.05343 1018.8
0.05344 1018.8
0.05345 1018.8
0.05346 1018.8
0.05347 1018.8
0.05348 1018.8
0.05349 1018.8
0.05350 1018.8
0.05351 1018.8
0.05352 1018.8
0.05353 1018.8
0.05354 1018.8
0.05355 1018.8
0.05356 1018.8
0.05357 1018.8
0.05358 1018.8
0.05359 1018.8
0.05360 1018.8
0.05361 1018.8
0.05362 1018.8
0.05363 1018.8
0.05364 1018.8
0.05365 1018.8
0.05366 1018.8
0.05367 1018.8
0.05368 1018.8
0.05369 1018.8
0.05370 1018.8
0.05371 1018.8
0.05372 1018.8
0.05373 1018.8
0.05374 1018.8
0.05375 1018.8
0.05376 1018.8
0.05377 1018.8
0.05378 1018.8
0.05379 1018.8
0.05380 1018.8
0.05381 1018.8
0.05382 1018.8
0.05383 1018.8
0.05384 1018.8
0.05385 1018.8
0.05386 1018.8
0.05387 1018.8
0.05388 1018.8
0.05389 1018.8
0.05390 1018.8
0.05391 1018.8
0.05392 1018.8
0.05393 1018.8
0.05394 1018.8
0.05395 1018.8
0.05396 1018.8
0.05397 1018.8
0.05398 1018.8
0.05399 1018.8
0.05400 1018.8
0.05401 1018.8
0.05402 1018.8
0.05403 1018.8
0.05404 1018.8
0.05405 1018.8
0.05406 1018.8
0.05407 1018.8
0.05408 1018.8
0.05409 1018.8
0.05410 1018.8
0.05411 1018.8
0.05412 1018.8
0.05413 1018.8
0.05414 1018.8
0.05415 1018.8
0.05416 1018.8
0.05417 1018.8
0.05418 1018.8
0.05419 1018.8
0.05420 1018.8
0.05421 1018.8
0.05422 1018.8
0.05423 1018.8
0.05424 1018.8
0.05425 1018.8
0.05426 1018.8
0.05427 1018.8
0.05428 1018.8
0.05429 1018.8
0.05430 1018.8
0.05431 1018.8
0.05432 1018.8
0.05433 1018.8
0.05434 1018.8
0.05435 1018.8
0.05436 1018.8
0.05437 1018.8
0.05438 1018.8
0.05439 1018.8
0.05440 1018.8
0.05441 1018.8
0.05442 1018.8
0.05443 1018.8
0.05444 1018.8
0.05445 1018.8
0.05446 1018.8
0.05447 1018.8
0.05448 1018.8
0.05449 1018.8
0.05450 1018.8
0.05451 1018.8
0.05452 1018.8
0.05453 1018.8
0.05454 1018.8
0.05455 1018.8
0.05456 1018.8
0.05457 1018.8
0.05458 1018.8
0.05459 1018.8
0.05460 1018.8
0.05461 1018.8
0.05462 1018.8
0.05463 1018.8
0.05464 1018.8
0.05465 1018.8
0.05466 1018.8
0.05467 1018.8
0.05468 1018.8
0.05469 1018.8
0.05470 1018.8
0.05471 1018.8
0.05472 1018.8
0.05473 1018.8
0.05474 1018.8
0.05475 1018.8
0.05476 1018.8
0.05477 1018.8
0.05478 1018.8
0.05479 1018.8
0.05480 1018.8
0.05481 1018.8
0.05482 1018.8
0.05483 1018.8
0.05484 1018.8
0.05485 1018.8
0.05486 1018.8
0.05487 1018.8
0.05488 1018.8
0.05489 1018.8
0.05490 1018.8
0.05491 1018.8
0.05492 1018.8
0.05493 1018.8
0.05494 1018.8
0.05495 1018.8
0.05496 1018.8
0.05497 1018.8
0.05498 1018.8
0.05499 1018.8
0.05500 1018.8
0.05501 1018.8
0.05502 1018.8
0.05503 1018.8
0.05504 1018.8
0.05505 1018.8
0.05506 1018.8
0.05507 1018.8
0.05508 1018.8
0.05509 1018.8
0.05510 1018.8
0.05511 1018.8
0.05512 1018.8
0.05513 1018.8
0.05514 1018.8
0.05515 1018.8
0.05516 1018.8
0.05517 1018.8
0.05518 1018.8
0.05519 1018.8
0.05520 1018.8
0.05521 1018.8
0.05522 1018.8
0.05523 1018.8
0.05524 1018.8
0.05525 1018.8
0.05526 1018.8
0.05527 1018.8
0.05528 1018.8
0.05529 1018.8
0.05530 1018.8
0.05531 1018.8
0.05532 1018.8
0.05533 1018.8
0.05534 1018.8
0.05535 1018.8
0.05536 1018.8
0.05537 1018.8
0.05538 1018.8
0.05539 1018.8
0.05540 1018.8
0.05541 1018.8
0.05542 1018.8
0.05543 1018.8
0.05544 1018.8
0.05545 1018.8
0.05546 1018.8
0.05547 1018.8
0.05548 1018.8
0.05549 1018.8
0.05550 1018.8
0.05551 1018.8
0.05552 1018.8
0.05553 1018.8
0.05554 1018.8
0.05555 1018.8
0.05556 1018.8
0.05557 1018.8
0.05558 1018.8
0.05559 1018.8
0.05560 1018.8
0.05561 1018.8
0.05562 1018.8
0.05563 1018.8
0.05564 1018.8
0.05565 1018.8
0.05566 1018.8
0.05567 1018.8
0.05568 1018.8
0.05569 1018.8
0.05570 1018.8
0.05571 1018.8
0.05572 1018.8
0.05573 1018.8
0.05574 1018.8
0.05575 1018.8
0.05576 1018.8
0.05577 1018.8
0.05578 1018.8
0.05579 1018.8
0.05580 1018.8
0.05581 1018.8
0.05582 1018.8
0.05583 1018.8
0.05584 1018.8
0.05585 1018.8
0.05586 1018.8
0.05587 1018.8
0.05588 1018.8
0.05589 1018.8
0.05590 1018.8
0.05591 1018.8
0.05592 1018.8
0.05593 1018.8
0.05594 1018.8
0.05595 1018.8
0.05596 1018.8
0.05597 1018.8
0.05598 1018.8
0.05599 1018.8
0.05600 1018.8
0.05601 1018.8
0.05602 1018.8
0.05603 1018.8
0.05604 1018.8
0.05605 1018.8
0.05606 1018.8
0.05607 1018.8
0.05608 1018.8
0.05609 1018.8
0.05610 1018.8
0.05611 1018.8
0.05612 1018.8
0.05613 1018.8
0.05614 1018.8
0.05615 1018.8
0.05616 1018.8
0.05617 1018.8
0.05618 1018.8
0.05619 1018.8
0.05620 1018.8
0.05621 1018.8
0.05622 1018.8
0.05623 1018.8
0.05624 1018.8
0.05625 1018.8
0.05626 1018.8
0.05627 1018.8
0.05628 1018.8
0.05629 1018.8
0.05630 1018.8
0.05631 1018.8
0.05632 1018.8
0.05633 1018.8
0.05634 1018.8
0.05635 1018.8
0.05636 1018.8
0.05637 1018.8
0.05638 1018.8
0.05639 1018.8
0.05640 1018.8
0.05641 1018.8
0.05642 1018.8
0.05643 1018.8
0.05644 1018.8
0.05645 1018.8
0.05646 1018.8
0.05647 1018.8
0.05648 1018.8
0.05649 1018.8
0.05650 1018.8
0.05651 1018.8
0.05652 1018.8
0.05653 1018.8
0.05654 1018.8
0.05655 1018.8
0.05656 1018.8
0.05657 1018.8
0.05658 1018.8
0.05659 1018.8
0.05660 1018.8
0.05661 1018.8
0.05662 1018.8
0.05663 1018.8
0.05664 1018.8
0.05665 1018.8
0.05666 1018.8
0.05667 1018.8
0.05668 1018.8
0.05669 1018.8
0.05670 1018.8
0.05671 1018.8
0.05672 1018.8
0.05673 1018.8
0.05674 1018.8
0.05675 1018.8
0.05676 1018.8
0.05677 1018.8
0.05678 1018.8
0.05679 1018.8
0.05680 1018.8
0.05681 1018.8
0.05682 1018.8
0.05683 1018.8
0.05684 1018.8
0.05685 1018.8
0.05686 1018.8
0.05687 1018.8
0.05688 1018.8
0.05689 1018.8
0.05690 1018.8
0.05691 1018.8
0.05692 1018.8
0.05693 1018.8
0.05694 1018.8
0.05695 1018.8
0.05696 1018.8
0.05697 1018.8
0.05698 1018.8
0.05699 1018.8
0.05700 1018.8
0.05701 1018.8
0.05702 1018.8
0.05703 1018.8
0.05704 1018.8
0.05705 1018.8
0.05706 1018.8
0.05707 1018.8
0.05708 1018.8
0.05709 1018.8
0.05710 1018.8
0.05711 1018.8
0.05712 1018.8
0.05713 1018.8
0.05714 1018.8
0.05715 1018.8
0.05716 1018.8
0.05717 1018.8
0.05718 1018.8
0.05719 1018.8
0.05720 1018.8
0.05721 1018.8
0.05722 1018.8
0.05723 1018.8
0.05724 1018.8
0.05725 1018.8
0.05726 1018.8
0.05727 1018.8
0.05728 1018.8
0.05729 1018.8
0.05730 1018.8
0.05731 1018.8
0.05732 1018.8
0.05733 1018.8
0.05734 1018.8
0.05735 1018.8
0.05736 1018.8
0.05737 1018.8
0.05738 1018.8
0.05739 1018.8
0.05740 1018.8
0.05741 1018.8
0.05742 1018.8
0.05743 1018.8
0.05744 1018.8
0.05745 1018.8
0.05746 1018.8
0.05747 1018.8
0.05748 1018.8
0.05749 1018.8
0.05750 1018.8
0.05751 1018.8
0.05752 1018.8
0.05753 1018.8
0.05754 1018.8
0.05755 1018.8
0.05756 1018.8
0.05757 1018.8
0.05758 1018.8
0.05759 1018.8
0.05760 1018.8
0.05761 1018.8
0.05762 1018.8
0.05763 1018.8
0.05764 1018.8
0.05765 1018.8
0.05766 1018.8
0.05767 1018.8
0.05768 1018.8
0.05769 1018.8
0.05770 1018.8
0.05771 1018.8
0.05772 1018.8
0.05773 1018.8
0.05774 1018.8
0.05775 1018.8
0.05776 1018.8
0.05777 1018.8
0.05778 1018.8
0.05779 1018.8
0.05780 1018.8
0.05781 1018.8
0.05782 1018.8
0.05783 1018.8
0.05784 1018.8
0.05785 1018.8
0.05786 1018.8
0.05787 1018.8
0.05788 1018.8
0.05789 1018.8
0.05790 1018.8
0.05791 1018.8
0.05792 1018.8
0.05793 1018.8
0.05794 1018.8
0.05795 1018.8
0.05796 1018.8
0.05797 1018.8
0.05798 1018.8
0.05799 1018.8
0.05800 1018.8
0.05801 1018.8
0.05802 1018.8
0.05803 1018.8
0.05804 1018.8
0.05805 1018.8
0.05806 1018.8
0.05807 1018.8
0.05808 1018.8
0.05809 1018.8
0.05810 1018.8
0.05811 1018.8
0.05812 1018.8
0.05813 1018.8
0.05814 1018.8
0.05815 1018.8
0.05816 1018.8
0.05817 1018.8
0.05818 1018.8
0.05819 1018.8
0.05820 1018.8
0.05821 1018.8
0.05822 1018.8
0.05823 1018.8
0.05824 1018.8
0.05825 1018.8
0.05826 1018.8
0.05827 1018.8
0.05828 1018.8
0.05829 1018.8
0.05830 1018.8
0.05831 1018.8
0.05832 1018.8
0.05833 1018.8
0.05834 1018.8
0.05835 1018.8
0.05836 1018.8
0.05837 1018.8
0.05838 1018.8
0.05839 1018.8
0.05840 1018.8
0.05841 1018.8
0.05842 1018.8
0.05843 1018.8
0.05844 1018.8
0.05845 1018.8
0.05846 1018.8
0.05847 1018.8
0.05848 1018.8
0.05849 1018.8
0.05850 1018.8
0.05851 1018.8
0.05852 1018.8
0.05853 1018.8
0.05854 1018.8
0.05855 1018.8
0.05856 1018.8
0.05857 1018.8
0.05858 1018.8
0.05859 1018.8
0.05860 1018.8
0.05861 1018.8
0.05862 1018.8
0.05863 1018.8
0.05864 1018.8
0.05865 1018.8
0.05866 1018.8
0.05867 1018.8
0.05868 1018.8
0.05869 1018.8
0.05870 1018.8
0.05871 1018.8
0.05872 1018.8
0.05873 1018.8
0.05874 1018.8
0.05875 1018.8
0.05876 1018.8
0.05877 1018.8
0.05878 1018.8
0.05879 1018.8
0.05880 1018.8
0.05881 1018.8
0.05882 1018.8
0.05883 1018.8
0.05884 1018.8
0.05885 1018.8
0.05886 1018.8
0.05887 1018.8
0.05888 1018.8
0.05889 1018.8
0.05890 1018.8
0.05891 1018.8
0.05892 1018.8
0.05893 1018.8
0.05894 1018.8
0.05895 1018.8
0.05896 1018.8
0.05897 1018.8
0.05898 1018.8
0.05899 1018.8
0.05900 1018.8
0.05901 1018.8
0.05902 1018.8
0.05903 1018.8
0.05904 1018.8
0.05905 1018.8
0.05906 1018.8
0.05907 1018.8
0.05908 1018.8
0.05909 1018.8
0.05910 1018.8
0.05911 1018.8
0.05912 1018.8
0.05913 1018.8
0.05914 1018.8
0.05915 1018.8
0.05916 1018.8
0.05917 1018.8
0.05918 1018.8
0.05919 1018.8
0.05920 1018.8
0.05921 1018.8
0.05922 1018.8
0.05923 1018.8
0.05924 1018.8
0.05925 1018.8
0.05926 1018.8
0.05927 1018.8
0.05928 1018.8
0.05929 1018.8
0.05930 1018.8
0.05931 1018.8
0.05932 1018.8
0.05933 1018.8
0.05934 1018.8
0.05935 1018.8
0.05936 1018.8
0.05937 1018.8
0.05938 1018.8
0.05939 1018.8
0.05940 1018.8
0.05941 1018.8
0.05942 1018.8
0.05943 1018.8
0.05944 1018.8
0.05945 1018.8
0.05946 1018.8
0.05947 1018.8
0.05948 1018.8
0.05949 1018.8
0.05950 1018.8
0.05951 1018.8
0.05952 1018.8
0.05953 1018.8
0.05954 1018.8
0.05955 1018.8
0.05956 1018.8
0.05957 1018.8
0.05958 1018.8
0.05959 1018.8
0.05960 1018.8
0.05961 1018.8
0.05962 1018.8
0.05963 1018.8
0.05964 1018.8
0.05965 1018.8
0.05966 1018.8
0.05967 1018.8
0.05968 1018.8
0.05969 1018.8
0.05970 1018.8
0.05971 1018.8
0.05972 1018.8
0.05973 1018.8
0.05974 1018.8
0.05975 1018.8
0.05976 1018.8
0.05977 1018.8
0.05978 1018.8
0.05979 1018.8
0.05980 1018.8
0.05981 1018.8
0.05982 1018.8
0.05983 1018.8
0.05984 1018.8
0.05985 1018.8
0.05986 1018.8
0.05987 1018.8
0.05988 1018.8
0.05989 1018.8
0.05990 1018.8
0.05991 1018.8
0.05992 1018.8
0.05993 1018.8
0.05994 1018.8
0.05995 1018.8
0.05996 1018.8
0.05997 1018.8
0.05998 1018.8
0.05999 1018.8
0.06000 1018.8
0.06001 1018.8
0.06002 1018.8
0.06003 1018.8
0.06004 1018.8
0.06005 1018.8
0.06006 1018.8
0.06007 1018.8
0.06008 1018.8
0.06009 1018.8
0.06010 1018.8
0.06011 1018.8
0.06012 1018.8
0.06013 1018.8
0.06014 1018.8
0.06015 1018.8
0.06016 1018.8
0.06017 1018.8
0.06018 1018.8
0.06019 1018.8
0.06020 1018.8
0.06021 1018.8
0.06022 1018.8
0.06023 1018.8
0.06024 1018.8
0.06025 1018.8
0.06026 1018.8
0.06027 1018.8
0.06028 1018.8
0.06029 1018.8
0.06030 1018.8
0.06031 1018.8
0.06032 1018.8
0.06033 1018.8
0.06034 1018.8
0.06035 1018.8
0.06036 1018.8
0.06037 1018.8
0.06038 1018.8
0.06039 1018.8
0.06040 1018.8
0.06041 1018.8
0.06042 1018.8
0.06043 1018.8
0.06044 1018.8
0.06045 1018.8
0.06046 1018.8
0.06047 1018.8
0.06048 1018.8
0.06049 1018.8
0.06050 1018.8
0.06051 1018.8
0.06052 1018.8
0.06053 1018.8
0.06054 1018.8
0.06055 1018.8
0.06056 1018.8
0.06057 1018.8
0.06058 1018.8
0.06059 1018.8
0.06060 1018.8
0.06061 1018.8
0.06062 1018.8
0.06063 1018.8
0.06064 1018.8
0.06065 1018.8
0.06066 1018.8
0.06067 1018.8
0.06068 1018.8
0.06069 1018.8
0.06070 1018.8
0.06071 1018.8
0.06072 1018.8
0.06073 1018.8
0.06074 1018.8
0.06075 1018.8
0.06076 1018.8
0.06077 1018.8
0.06078 1018.8
0.06079 1018.8
0.06080 1018.8
0.06081 1018.8
0.06082 1018.8
0.06083 1018.8
0.06084 1018.8
0.06085 1018.8
0.06086 1018.8
0.06087 1018.8
0.06088 1018.8
0.06089 1018.8
0.06090 1018.8
0.06091 1018.8
0.06092 1018.8
0.06093 1018.8
0.06094 1018.8
0.06095 1018.8
0.06096 1018.8
0.06097 1018.8
0.06098 1018.8
0.06099 1018.8
0.06100 1018.8
0.06101 1018.8
0.06102 1018.8
0.06103 1018.8
0.06104 1018.8
0.06105 1018.8
0.06106 1018.8
0.06107 1018.8
0.06108 1018.8
0.06109 1018.8
0.06110 1018.8
0.06111 1018.8
0.06112 1018.8
0.06113 1018.8
0.06114 1018.8
0.06115 1018.8
0.06116 1018.8
0.06117 1018.8
0.06118 1018.8
0.06119 1018.8
0.06120 1018.8
0.06121 1018.8
0.06122 1018.8
0.06123 1018.8
0.06124 1018.8
0.06125 1018.8
0.06126 1018.8
0.06127 1018.8
0.06128 1018.8
0.06129 1018.8
0.06130 1018.8
0.06131 1018.8
0.06132 1018.8
0.06133 1018.8
0.06134 1018.8
0.06135 1018.8
0.06136 1018.8
0.06137 1018.8
0.06138 1018.8
0.06139 1018.8
0.06140 1018.8
0.06141 1018.8
0.06142 1018.8
0.06143 1018.8
0.06144 1018.8
0.06145 1018.8
0.06146 1018.8
0.06147 1018.8
0.06148 1018.8
0.06149 1018.8
0.06150 1018.8
0.06151 1018.8
0.06152 1018.8
0.06153 1018.8
0.06154 1018.8
0.06155 1018.8
0.06156 1018.8
0.06157 1018.8
0.06158 1018.8
0.06159 1018.8
0.06160 1018.8
0.06161 1018.8
0.06162 1018.8
0.06163 1018.8
0.06164 1018.8
0.06165 1018.8
0.06166 1018.8
0.06167 1018.8
0.06168 1018.8
0.06169 1018.8
0.06170 1018.8
0.06171 1018.8
0.06172 1018.8
0.06173 1018.8
0.06174 1018.8
0.06175 1018.8
0.06176 1018.8
0.06177 1018.8
0.06178 1018.8
0.06179 1018.8
0.06180 1018.8
0.06181 1018.8
0.06182 1018.8
0.06183 1018.8
0.06184 1018.8
0.06185 1018.8
0.06186 1018.8
0.06187 1018.8
0.06188 1018.8
0.06189 1018.8
0.06190 1018.8
0.06191 1018.8
0.06192 1018.8
0.06193 1018.8
0.06194 1018.8
0.06195 1018.8
0.06196 1018.8
0.06197 1018.8
0.06198 1018.8
0.06199 1018.8
0.06200 1018.8
0.06201 1018.8
0.06202 1018.8
0.06203 1018.8
0.06204 1018.8
0.06205 1018.8
0.06206 1018.8
0.06207 1018.8
0.06208 1018.8
0.06209 1018.8
0.06210 1018.8
0.06211 1018.8
0.06212 1018.8
0.06213 1018.8
0.06214 1018.8
0.06215 1018.8
0.06216 1018.8
0.06217 1018.8
0.06218 1018.8
0.06219 1018.8
0.06220 1018.8
0.06221 1018.8
0.06222 1018.8
0.06223 1018.8
0.06224 1018.8
0.06225 1018.8
0.06226 1018.8
0.06227 1018.8
0.06228 1018.8
0.06229 1018.8
0.06230 1018.8
0.06231 1018.8
0.06232 1018.8
0.06233 1018.8
0.06234 1018.8
0.06235 1018.8
0.06236 1018.8
0.06237 1018.8
0.06238 1018.8
0.06239 1018.8
0.06240 1018.8
0.06241 1018.8
0.06242 1018.8
0.06243 1018.8
0.06244 1018.8
0.06245 1018.8
0.06246 1018.8
0.06247 1018.8
0.06248 1018.8
0.06249 1018.8
0.06250 1018.8
0.06251 1018.8
0.06252 1018.8
0.06253 1018.8
0.06254 1018.8
0.06255 1018.8
0.06256 1018.8
0.06257 1018.8
0.06258 1018.8
0.06259 1018.8
0.06260 1018.8
0.06261 1018.8
0.06262 1018.8
0.06263 1018.8
0.06264 1018.8
0.06265 1018.8
0.06266 1018.8
0.06267 1018.8
0.06268 1018.8
0.06269 1018.8
0.06270 1018.8
0.06271 1018.8
0.06272 1018.8
0.06273 1018.8
0.06274 1018.8
0.06275 1018.8
0.06276 1018.8
0.06277 1018.8
0.06278 1018.8
0.06279 1018.8
0.06280 1018.8
0.06281 1018.8
0.06282 1018.8
0.06283 1018.8
0.06284 1018.8
0.06285 1018.8
0.06286 1018.8
0.06287 1018.8
0.06288 1018.8
0.06289 1018.8
0.06290 1018.8
0.06291 1018.8
0.06292 1018.8
0.06293 1018.8
0.06294 1018.8
0.06295 1018.8
0.06296 1018.8
0.06297 1018.8
0.06298 1018.8
0.06299 1018.8
0.06300 1018.8
0.06301 1018.8
0.06302 1018.8
0.06303 1018.8
0.06304 1018.8
0.06305 1018.8
0.06306 1018.8
0.06307 1018.8
0.06308 1018.8
0.06309 1018.8
0.06310 1018.8
0.06311 1018.8
0.06312 1018.8
0.06313 1018.8
0.06314 1018.8
0.06315 1018.8
0.06316 1018.8
0.06317 1018.8
0.06318 1018.8
0.06319 1018.8
0.06320 1018.8
0.06321 1018.8
0.06322 1018.8
0.06323 1018.8
0.06324 1018.8
0.06325 1018.8
0.06326 1018.8
0.06327 1018.8
0.06328 1018.8
0.06329 1018.8
0.06330 1018.8
0.06331 1018.8
0.06332 1018.8
0.06333 1018.8
0.06334 1018.8
0.06335 1018.8
0.06336 1018.8
0.06337 1018.8
0.06338 1018.8
0.06339 1018.8
0.06340 1018.8
0.06341 1018.8
0.06342 1018.8
0.06343 1018.8
0.06344 1018.8
0.06345 1018.8
0.06346 1018.8
0.06347 1018.8
0.06348 1018.8
0.06349 1018.8
0.06350 1018.8
0.06351 1018.8
0.06352 1018.8
0.06353 1018.8
0.06354 1018.8
0.06355 1018.8
0.06356 1018.8
0.06357 1018.8
0.06358 1018.8
0.06359 1018.8
0.06360 1018.8
0.06361 1018.8
0.06362 1018.8
0.06363 1018.8
0.06364 1018.8
0.06365 1018.8
0.06366 1018.8
0.06367 1018.8
0.06368 1018.8
0.06369 1018.8
0.06370 1018.8
0.06371 1018.8
0.06372 1018.8
0.06373 1018.8
0.06374 1018.8
0.06375 1018.8
0.06376 1018.8
0.06377 1018.8
0.06378 1018.8
0.06379 1018.8
0.06380 1018.8
0.06381 1018.8
0.06382 1018.8
0.06383 1018.8
0.06384 1018.8
0.06385 1018.8
0.06386 1018.8
0.06387 1018.8
0.06388 1018.8
0.06389 1018.8
0.06390 1018.8
0.06391 1018.8
0.06392 1018.8
0.06393 1018.8
0.06394 1018.8
0.06395 1018.8
0.06396 1018.8
0.06397 1018.8
0.06398 1018.8
0.06399 1018.8
0.06400 1018.8
0.06401 1018.8
0.06402 1018.8
0.06403 1018.8
0.06404 1018.8
0.06405 1018.8
0.06406 1018.8
0.06407 1018.8
0.06408 1018.8
0.06409 1018.8
0.06410 1018.8
0.06411 1018.8
0.06412 1018.8
0.06413 1018.8
0.06414 1018.8
0.06415 1018.8
0.06416 1018.8
0.06417 1018.8
0.06418 1018.8
0.06419 1018.8
0.06420 1018.8
0.06421 1018.8
0.06422 1018.8
0.06423 1018.8
0.06424 1018.8
0.06425 1018.8
0.06426 1018.8
0.06427 1018.8
0.06428 1018.8
0.06429 1018.8
0.06430 1018.8
0.06431 1018.8
0.06432 1018.8
0.06433 1018.8
0.06434 1018.8
0.06435 1018.8
0.06436 1018.8
0.06437 1018.8
0.06438 1018.8
0.06439 1018.8
0.06440 1018.8
0.06441 1018.8
0.06442 1018.8
0.06443 1018.8
0.06444 1018.8
0.06445 1018.8
0.06446 1018.8
0.06447 1018.8
0.06448 1018.8
0.06449 1018.8
0.06450 1018.8
0.06451 1018.8
0.06452 1018.8
0.06453 1018.8
0.06454 1018.8
0.06455 1018.8
0.06456 1018.8
0.06457 1018.8
0.06458 1018.8
0.06459 1018.8
0.06460 1018.8
0.06461 1018.8
0.06462 1018.8
0.06463 1018.8
0.06464 1018.8
0.06465 1018.8
0.06466 1018.8
0.06467 1018.8
0.06468 1018.8
0.06469 1018.8
0.06470 1018.8
0.06471 1018.8
0.06472 1018.8
0.06473 1018.8
0.06474 1018.8
0.06475 1018.8
0.06476 1018.8
0.06477 1018.8
0.06478 1018.8
0.06479 1018.8
0.06480 1018.8
0.06481 1018.8
0.06482 1018.8
0.06483 1018.8
0.06484 1018.8
0.06485 1018.8
0.06486 1018.8
0.06487 1018.8
0.06488 1018.8
0.06489 1018.8
0.06490 1018.8
0.06491 1018.8
0.06492 1018.8
0.06493 1018.8
0.06494 1018.8
0.06495 1018.8
0.06496 1018.8
0.06497 1018.8
0.06498 1018.8
0.06499 1018.8
0.06500 1018.8
0.06501 1018.8
0.06502 1018.8
0.06503 1018.8
0.06504 1018.8
0.06505 1018.8
0.06506 1018.8
0.06507 1018.8
0.06508 1018.8
0.06509 1018.8
0.06510 1018.8
0.06511 1018.8
0.06512 1018.8
0.06513 1018.8
0.06514 1018.8
0.06515 1018.8
0.06516 1018.8
0.06517 1018.8
0.06518 1018.8
0.06519 1018.8
0.06520 1018.8
0.06521 1018.8
0.06522 1018.8
0.06523 1018.8
0.06524 1018.8
0.06525 1018.8
0.06526 1018.8
0.06527 1018.8
0.06528 1018.8
0.06529 1018.8
0.06530 1018.8
0.06531 1018.8
0.06532 1018.8
0.06533 1018.8
0.06534 1018.8
0.06535 1018.8
0.06536 1018.8
0.06537 1018.8
0.06538 1018.8
0.06539 1018.8
0.06540 1018.8
0.06541 1018.8
0.06542 1018.8
0.06543 1018.8
0.06544 1018.8
0.06545 1018.8
0.06546 1018.8
0.06547 1018.8
0.06548 1018.8
0.06549 1018.8
0.06550 1018.8
0.06551 1018.8
0.06552 1018.8
0.06553 1018.8
0.06554 1018.8
0.06555 1018.8
0.06556 1018.8
0.06557 1018.8
0.06558 1018.8
0.06559 1018.8
0.06560 1018.8
0.06561 1018.8
0.06562 1018.8
0.06563 1018.8
0.06564 1018.8
0.06565 1018.8
0.06566 1018.8
0.06567 1018.8
0.06568 1018.8
0.06569 1018.8
0.06570 1018.8
0.06571 1018.8
0.06572 1018.8
0.06573 1018.8
0.06574 1018.8
0.06575 1018.8
0.06576 1018.8
0.06577 1018.8
0.06578 1018.8
0.06579 1018.8
0.06580 1018.8
0.06581 1018.8
0.06582 1018.8
0.06583 1018.8
0.06584 1018.8
0.06585 1018.8
0.06586 1018.8
0.06587 1018.8
0.06588 1018.8
0.06589 1018.8
0.06590 1018.8
0.06591 1018.8
0.06592 1018.8
0.06593 1018.8
0.06594 1018.8
0.06595 1018.8
0.06596 1018.8
0.06597 1018.8
0.06598 1018.8
0.06599 1018.8
0.06600 1018.8
0.06601 1018.8
0.06602 1018.8
0.06603 1018.8
0.06604 1018.8
0.06605 1018.8
0.06606 1018.8
0.06607 1018.8
0.06608 1018.8
0.06609 1018.8
0.06610 1018.8
0.06611 1018.8
0.06612 1018.8
0.06613 1018.8
0.06614 1018.8
0.06615 1018.8
0.06616 1018.8
0.06617 1018.8
0.06618 1018.8
0.06619 1018.8
0.06620 1018.8
0.06621 1018.8
0.06622 1018.8
0.06623 1018.8
0.06624 1018.8
0.06625 1018.8
0.06626 1018.8
0.06627 1018.8
0.06628 1018.8
0.06629 1018.8
0.06630 1018.8
0.06631 1018.8
0.06632 1018.8
0.06633 1018.8
0.06634 1018.8
0.06635 1018.8
0.06636 1018.8
0.06637 1018.8
0.06638 1018.8
0.06639 1018.8
0.06640 1018.8
0.06641 1018.8
0.06642 1018.8
0.06643 1018.8
0.06644 1018.8
0.06645 1018.8
0.06646 1018.8
0.06647 1018.8
0.06648 1018.8
0.06649 1018.8
0.06650 1018.8
0.06651 1018.8
0.06652 1018.8
0.06653 1018.8
0.06654 1018.8
0.06655 1018.8
0.06656 1018.8
0.06657 1018.8
0.06658 1018.8
0.06659 1018.8
0.06660 1018.8
0.06661 1018.8
0.06662 1018.8
0.06663 1018.8
0.06664 1018.8
0.06665 1018.8
0.06666 1018.8
0.06667 1018.8
0.06668 1018.8
0.06669 1018.8
0.06670 1018.8
0.06671 1018.8
0.06672 1018.8
0.06673 1018.8
0.06674 1018.8
0.06675 1018.8
0.06676 1018.8
0.06677 1018.8
0.06678 1018.8
0.06679 1018.8
0.06680 1018.8
0.06681 1018.8
0.06682 1018.8
0.06683 1018.8
0.06684 1018.8
0.06685 1018.8
0.06686 1018.8
0.06687 1018.8
0.06688 1018.8
0.06689 1018.8
0.06690 1018.8
0.06691 1018.8
0.06692 1018.8
0.06693 1018.8
0.06694 1018.8
0.06695 1018.8
0.06696 1018.8
0.06697 1018.8
0.06698 1018.8
0.06699 1018.8
0.06700 1018.8
0.06701 1018.8
0.06702 1018.8
0.06703 1018.8
0.06704 1018.8
0.06705 1018.8
0.06706 1018.8
0.06707 1018.8
0.06708 1018.8
0.06709 1018.8
0.06710 1018.8
0.06711 1018.8
0.06712 1018.8
0.06713 1018.8
0.06714 1018.8
0.06715 1018.8
0.06716 1018.8
0.06717 1018.8
0.06718 1018.8
0.06719 1018.8
0.06720 1018.8
0.06721 1018.8
0.06722 1018.8
0.06723 1018.8
0.06724 1018.8
0.06725 1018.8
0.06726 1018.8
0.06727 1018.8
0.06728 1018.8
0.06729 1018.8
0.06730 1018.8
0.06731 1018.8
0.06732 1018.8
0.06733 1018.8
0.06734 1018.8
0.06735 1018.8
0.06736 1018.8
0.06737 1018.8
0.06738 1018.8
0.06739 1018.8
0.06740 1018.8
0.06741 1018.8
0.06742 1018.8
0.06743 1018.8
0.06744 1018.8
0.06745 1018.8
0.06746 1018.8
0.06747 1018.8
0.06748 1018.8
0.06749 1018.8
0.06750 1018.8
0.06751 1018.8
0.06752 1018.8
0.06753 1018.8
0.06754 1018.8
0.06755 1018.8
0.06756 1018.8
0.06757 1018.8
0.06758 1018.8
0.06759 1018.8
0.06760 1018.8
0.06761 1018.8
0.06762 1018.8
0.06763 1018.8
0.06764 1018.8
0.06765 1018.8
0.06766 1018.8
0.06767 1018.8
0.06768 1018.8
0.06769 1018.8
0.06770 1018.8
0.06771 1018.8
0.06772 1018.8
0.06773 1018.8
0.06774 1018.8
0.06775 1018.8
0.06776 1018.8
0.06777 1018.8
0.06778 1018.8
0.06779 1018.8
0.06780 1018.8
0.06781 1018.8
0.06782 1018.8
0.06783 1018.8
0.06784 1018.8
0.06785 1018.8
0.06786 1018.8
0.06787 1018.8
0.06788 1018.8
0.06789 1018.8
0.06790 1018.8
0.06791 1018.8
0.06792 1018.8
0.06793 1018.8
0.06794 1018.8
0.06795 1018.8
0.06796 1018.8
0.06797 1018.8
0.06798 1018.8
0.06799 1018.8
0.06800 1018.8
0.06801 1018.8
0.06802 1018.8
0.06803 1018.8
0.06804 1018.8
0.06805 1018.8
0.06806 1018.8
0.06807 1018.8
0.06808 1018.8
0.06809 1018.8
0.06810 1018.8
0.06811 1018.8
0.06812 1018.8
0.06813 1018.8
0.06814 1018.8
0.06815 1018.8
0.06816 1018.8
0.06817 1018.8
0.06818 1018.8
0.06819 1018.8
0.06820 1018.8
0.06821 1018.8
0.06822 1018.8
0.06823 1018.8
0.06824 1018.8
0.06825 1018.8
0.06826 1018.8
0.06827 1018.8
0.06828 1018.8
0.06829 1018.8
0.06830 1018.8
0.06831 1018.8
0.06832 1018.8
0.06833 1018.8
0.06834 1018.8
0.06835 1018.8
0.06836 1018.8
0.06837 1018.8
0.06838 1018.8
0.06839 1018.8
0.06840 1018.8
0.06841 1018.8
0.06842 1018.8
0.06843 1018.8
0.06844 1018.8
0.06845 1018.8
0.06846 1018.8
0.06847 1018.8
0.06848 1018.8
0.06849 1018.8
0.06850 1018.8
0.06851 1018.8
0.06852 1018.8
0.06853 1018.8
0.06854 1018.8
0.06855 1018.8
0.06856 1018.8
0.06857 1018.8
0.06858 1018.8
0.06859 1018.8
0.06860 1018.8
0.06861 1018.8
0.06862 1018.8
0.06863 1018.8
0.06864 1018.8
0.06865 1018.8
0.06866 1018.8
0.06867 1018.8
0.06868 1018.8
0.06869 1018.8
0.06870 1018.8
0.06871 1018.8
0.06872 1018.8
0.06873 1018.8
0.06874 1018.8
0.06875 1018.8
0.06876 1018.8
0.06877 1018.8
0.06878 1018.8
0.06879 1018.8
0.06880 1018.8
0.06881 1018.8
0.06882 1018.8
0.06883 1018.8
0.06884 1018.8
0.06885 1018.8
0.06886 1018.8
0.06887 1018.8
0.06888 1018.8
0.06889 1018.8
0.06890 1018.8
0.06891 1018.8
0.06892 1018.8
0.06893 1018.8
0.06894 1018.8
0.06895 1018.8
0.06896 1018.8
0.06897 1018.8
0.06898 1018.8
0.06899 1018.8
0.06900 1018.8
0.06901 1018.8
0.06902 1018.8
0.06903 1018.8
0.06904 1018.8
0.06905 1018.8
0.06906 1018.8
0.06907 1018.8
0.06908 1018.8
0.06909 1018.8
0.06910 1018.8
0.06911 1018.8
0.06912 1018.8
0.06913 1018.8
0.06914 1018.8
0.06915 1018.8
0.06916 1018.8
0.06917 1018.8
0.06918 1018.8
0.06919 1018.8
0.06920 1018.8
0.06921 1018.8
0.06922 1018.8
0.06923 1018.8
0.06924 1018.8
0.06925 1018.8
0.06926 1018.8
0.06927 1018.8
0.06928 1018.8
0.06929 1018.8
0.06930 1018.8
0.06931 1018.8
0.06932 1018.8
0.06933 1018.8
0.06934 1018.8
0.06935 1018.8
0.06936 1018.8
0.06937 1018.8
0.06938 1018.8
0.06939 1018.8
0.06940 1018.8
0.06941 1018.8
0.06942 1018.8
0.06943 1018.8
0.06944 1018.8
0.06945 1018.8
0.06946 1018.8
0.06947 1018.8
0.06948 1018.8
0.06949 1018.8
0.06950 1018.8
0.06951 1018.8
0.06952 1018.8
0.06953 1018.8
0.06954 1018.8
0.06955 1018.8
0.06956 1018.8
0.06957 1018.8
0.06958 1018.8
0.06959 1018.8
0.06960 1018.8
0.06961 1018.8
0.06962 1018.8
0.06963 1018.8
0.06964 1018.8
0.06965 1018.8
0.06966 1018.8
0.06967 1018.8
0.06968 1018.8
0.06969 1018.8
0.06970 1018.8
0.06971 1018.8
0.06972 1018.8
0.06973 1018.8
0.06974 1018.8
0.06975 1018.8
0.06976 1018.8
0.06977 1018.8
0.06978 1018.8
0.06979 1018.8
0.06980 1018.8
0.06981 1018.8
0.06982 1018.8
0.06983 1018.8
0.06984 1018.8
0.06985 1018.8
0.06986 1018.8
0.06987 1018.8
0.06988 1018.8
0.06989 1018.8
0.06990 1018.8
0.06991 1018.8
0.06992 1018.8
0.06993 1018.8
0.06994 1018.8
0.06995 1018.8
0.06996 1018.8
0.06997 1018.8
0.06998 1018.8
0.06999 1018.8
0.07000 1018.8
0.07001 1018.8
0.07002 1018.8
0.07003 1018.8
0.07004 1018.8
0.07005 1018.8
0.07006 1018.8
0.07007 1018.8
0.07008 1018.8
0.07009 1018.8
0.07010 1018.8
0.07011 1018.8
0.07012 1018.8
0.07013 1018.8
0.07014 1018.8
0.07015 1018.8
0.07016 1018.8
0.07017 1018.8
0.07018 1018.8
0.07019 1018.8
0.07020 1018.8
0.07021 1018.8
0.07022 1018.8
0.07023 1018.8
0.07024 1018.8
0.07025 1018.8
0.07026 1018.8
0.07027 1018.8
0.07028 1018.8
0.07029 1018.8
0.07030 1018.8
0.07031 1018.8
0.07032 1018.8
0.07033 1018.8
0.07034 1018.8
0.07035 1018.8
0.07036 1018.8
0.07037 1018.8
0.07038 1018.8
0.07039 1018.8
0.07040 1018.8
0.07041 1018.8
0.07042 1018.8
0.07043 1018.8
0.07044 1018.8
0.07045 1018.8
0.07046 1018.8
0.07047 1018.8
0.07048 1018.8
0.07049 1018.8
0.07050 1018.8
0.07051 1018.8
0.07052 1018.8
0.07053 1018.8
0.07054 1018.8
0.07055 1018.8
0.07056 1018.8
0.07057 1018.8
0.07058 1018.8
0.07059 1018.8
0.07060 1018.8
0.07061 1018.8
0.07062 1018.8
0.07063 1018.8
0.07064 1018.8
0.07065 1018.8
0.07066 1018.8
0.07067 1018.8
0.07068 1018.8
0.07069 1018.8
0.07070 1018.8
0.07071 1018.8
0.07072 1018.8
0.07073 1018.8
0.07074 1018.8
0.07075 1018.8
0.07076 1018.8
0.07077 1018.8
0.07078 1018.8
0.07079 1018.8
0.07080 1018.8
0.07081 1018.8
0.07082 1018.8
0.07083 1018.8
0.07084 1018.8
0.07085 1018.8
0.07086 1018.8
0.07087 1018.8
0.07088 1018.8
0.07089 1018.8
0.07090 1018.8
0.07091 1018.8
0.07092 1018.8
0.07093 1018.8
0.07094 1018.8
0.07095 1018.8
0.07096 1018.8
0.07097 1018.8
0.07098 1018.8
0.07099 1018.8
0.07100 1018.8
0.07101 1018.8
0.07102 1018.8
0.07103 1018.8
0.07104 1018.8
0.07105 1018.8
0.07106 1018.8
0.07107 1018.8
0.07108 1018.8
0.07109 1018.8
0.07110 1018.8
0.07111 1018.8
0.07112 1018.8
0.07113 1018.8
0.07114 1018.8
0.07115 1018.8
0.07116 1018.8
0.07117 1018.8
0.07118 1018.8
0.07119 1018.8
0.07120 1018.8
0.07121 1018.8
0.07122 1018.8
0.07123 1018.8
0.07124 1018.8
0.07125 1018.8
0.07126 1018.8
0.07127 1018.8
0.07128 1018.8
0.07129 1018.8
0.07130 1018.8
0.07131 1018.8
0.07132 1018.8
0.07133 1018.8
0.07134 1018.8
0.07135 1018.8
0.07136 1018.8
0.07137 1018.8
0.07138 1018.8
0.07139 1018.8
0.07140 1018.8
0.07141 1018.8
0.07142 1018.8
0.07143 1018.8
0.07144 1018.8
0.07145 1018.8
0.07146 1018.8
0.07147 1018.8
0.07148 1018.8
0.07149 1018.8
0.07150 1018.8
0.07151 1018.8
0.07152 1018.8
0.07153 1018.8
0.07154 1018.8
0.07155 1018.8
0.07156 1018.8
0.07157 1018.8
0.07158 1018.8
0.07159 1018.8
0.07160 1018.8
0.07161 1018.8
0.07162 1018.8
0.07163 1018.8
0.07164 1018.8
0.07165 1018.8
0.07166 1018.8
0.07167 1018.8
0.07168 1018.8
0.07169 1018.8
0.07170 1018.8
0.07171 1018.8
0.07172 1018.8
0.07173 1018.8
0.07174 1018.8
0.07175 1018.8
0.07176 1018.8
0.07177 1018.8
0.07178 1018.8
0.07179 1018.8
0.07180 1018.8
0.07181 1018.8
0.07182 1018.8
0.07183 1018.8
0.07184 1018.8
0.07185 1018.8
0.07186 1018.8
0.07187 1018.8
0.07188 1018.8
0.07189 1018.8
0.07190 1018.8
0.07191 1018.8
0.07192 1018.8
0.07193 1018.8
0.07194 1018.8
0.07195 1018.8
0.07196 1018.8
0.07197 1018.8
0.07198 1018.8
0.07199 1018.8
0.07200 1018.8
0.07201 1018.8
0.07202 1018.8
0.07203 1018.8
0.07204 1018.8
0.07205 1018.8
0.07206 1018.8
0.07207 1018.8
0.07208 1018.8
0.07209 1018.8
0.07210 1018.8
0.07211 1018.8
0.07212 1018.8
0.07213 1018.8
0.07214 1018.8
0.07215 1018.8
0.07216 1018.8
0.07217 1018.8
0.07218 1018.8
0.07219 1018.8
0.07220 1018.8
0.07221 1018.8
0.07222 1018.8
0.07223 1018.8
0.07224 1018.8
0.07225 1018.8
0.07226 1018.8
0.07227 1018.8
0.07228 1018.8
0.07229 1018.8
0.07230 1018.8
0.07231 1018.8
0.07232 1018.8
0.07233 1018.8
0.07234 1018.8
0.07235 1018.8
0.07236 1018.8
0.07237 1018.8
0.07238 1018.8
0.07239 1018.8
0.07240 1018.8
0.07241 1018.8
0.07242 1018.8
0.07243 1018.8
0.07244 1018.8
0.07245 1018.8
0.07246 1018.8
0.07247 1018.8
0.07248 1018.8
0.07249 1018.8
0.07250 1018.8
0.07251 1018.8
0.07252 1018.8
0.07253 1018.8
0.07254 1018.8
0.07255 1018.8
0.07256 1018.8
0.07257 1018.8
0.07258 1018.8
0.07259 1018.8
0.07260 1018.8
0.07261 1018.8
0.07262 1018.8
0.07263 1018.8
0.07264 1018.8
0.07265 1018.8
0.07266 1018.8
0.07267 1018.8
0.07268 1018.8
0.07269 1018.8
0.07270 1018.8
0.07271 1018.8
0.07272 1018.8
0.07273 1018.8
0.07274 1018.8
0.07275 1018.8
0.07276 1018.8
0.07277 1018.8
0.07278 1018.8
0.07279 1018.8
0.07280 1018.8
0.07281 1018.8
0.07282 1018.8
0.07283 1018.8
0.07284 1018.8
0.07285 1018.8
0.07286 1018.8
0.07287 1018.8
0.07288 1018.8
0.07289 1018.8
0.07290 1018.8
0.07291 1018.8
0.07292 1018.8
0.07293 1018.8
0.07294 1018.8
0.07295 1018.8
0.07296 1018.8
0.07297 1018.8
0.07298 1018.8
0.07299 1018.8
0.07300 1018.8
0.07301 1018.8
0.07302 1018.8
0.07303 1018.8
0.07304 1018.8
0.07305 1018.8
0.07306 1018.8
0.07307 1018.8
0.07308 1018.8
0.07309 1018.8
0.07310 1018.8
0.07311 1018.8
0.07312 1018.8
0.07313 1018.8
0.07314 1018.8
0.07315 1018.8
0.07316 1018.8
0.07317 1018.8
0.07318 1018.8
0.07319 1018.8
0.07320 1018.8
0.07321 1018.8
0.07322 1018.8
0.07323 1018.8
0.07324 1018.8
0.07325 1018.8
0.07326 1018.8
0.07327 1018.8
0.07328 1018.8
0.07329 1018.8
0.07330 1018.8
0.07331 1018.8
0.07332 1018.8
0.07333 1018.8
0.07334 1018.8
0.07335 1018.8
0.07336 1018.8
0.07337 1018.8
0.07338 1018.8
0.07339 1018.8
0.07340 1018.8
0.07341 1018.8
0.07342 1018.8
0.07343 1018.8
0.07344 1018.8
0.07345 1018.8
0.07346 1018.8
0.07347 1018.8
0.07348 1018.8
0.07349 1018.8
0.07350 1018.8
0.07351 1018.8
0.07352 1018.8
0.07353 1018.8
0.07354 1018.8
0.07355 1018.8
0.07356 1018.8
0.07357 1018.8
0.07358 1018.8
0.07359 1018.8
0.07360 1018.8
0.07361 1018.8
0.07362 1018.8
0.07363 1018.8
0.07364 1018.8
0.07365 1018.8
0.07366 1018.8
0.07367 1018.8
0.07368 1018.8
0.07369 1018.8
0.07370 1018.8
0.07371 1018.8
0.07372 1018.8
0.07373 1018.8
0.07374 1018.8
0.07375 1018.8
0.07376 1018.8
0.07377 1018.8
0.07378 1018.8
0.07379 1018.8
0.07380 1018.8
0.07381 1018.8
0.07382 1018.8
0.07383 1018.8
0.07384 1018.8
0.07385 1018.8
0.07386 1018.8
0.07387 1018.8
0.07388 1018.8
0.07389 1018.8
0.07390 1018.8
0.07391 1018.8
0.07392 1018.8
0.07393 1018.8
0.07394 1018.8
0.07395 1018.8
0.07396 1018.8
0.07397 1018.8
0.07398 1018.8
0.07399 1018.8
0.07400 1018.8
0.07401 1018.8
0.07402 1018.8
0.07403 1018.8
0.07404 1018.8
0.07405 1018.8
0.07406 1018.8
0.07407 1018.8
0.07408 1018.8
0.07409 1018.8
0.07410 1018.8
0.07411 1018.8
0.07412 1018.8
0.07413 1018.8
0.07414 1018.8
0.07415 1018.8
0.07416 1018.8
0.07417 1018.8
0.07418 1018.8
0.07419 1018.8
0.07420 1018.8
0.07421 1018.8
0.07422 1018.8
0.07423 1018.8
0.07424 1018.8
0.07425 1018.8
0.07426 1018.8
0.07427 1018.8
0.07428 1018.8
0.07429 1018.8
0.07430 1018.8
0.07431 1018.8
0.07432 1018.8
0.07433 1018.8
0.07434 1018.8
0.07435 1018.8
0.07436 1018.8
0.07437 1018.8
0.07438 1018.8
0.07439 1018.8
0.07440 1018.8
0.07441 1018.8
0.07442 1018.8
0.07443 1018.8
0.07444 1018.8
0.07445 1018.8
0.07446 1018.8
0.07447 1018.8
0.07448 1018.8
0.07449 1018.8
0.07450 1018.8
0.07451 1018.8
0.07452 1018.8
0.07453 1018.8
0.07454 1018.8
0.07455 1018.8
0.07456 1018.8
0.07457 1018.8
0.07458 1018.8
0.07459 1018.8
0.07460 1018.8
0.07461 1018.8
0.07462 1018.8
0.07463 1018.8
0.07464 1018.8
0.07465 1018.8
0.07466 1018.8
0.07467 1018.8
0.07468 1018.8
0.07469 1018.8
0.07470 1018.8
0.07471 1018.8
0.07472 1018.8
0.07473 1018.8
0.07474 1018.8
0.07475 1018.8
0.07476 1018.8
0.07477 1018.8
0.07478 1018.8
0.07479 1018.8
0.07480 1018.8
0.07481 1018.8
0.07482 1018.8
0.07483 1018.8
0.07484 1018.8
0.07485 1018.8
0.07486 1018.8
0.07487 1018.8
0.07488 1018.8
0.07489 1018.8
0.07490 1018.8
0.07491 1018.8
0.07492 1018.8
0.07493 1018.8
0.07494 1018.8
0.07495 1018.8
0.07496 1018.8
0.07497 1018.8
0.07498 1018.8
0.07499 1018.8
0.07500 1018.8
0.07501 1018.8
0.07502 1018.8
0.07503 1018.8
0.07504 1018.8
0.07505 1018.8
0.07506 1018.8
0.07507 1018.8
0.07508 1018.8
0.07509 1018.8
0.07510 1018.8
0.07511 1018.8
0.07512 1018.8
0.07513 1018.8
0.07514 1018.8
0.07515 1018.8
0.07516 1018.8
0.07517 1018.8
0.07518 1018.8
0.07519 1018.8
0.07520 1018.8
0.07521 1018.8
0.07522 1018.8
0.07523 1018.8
0.07524 1018.8
0.07525 1018.8
0.07526 1018.8
0.07527 1018.8
0.07528 1018.8
0.07529 1018.8
0.07530 1018.8
0.07531 1018.8
0.07532 1018.8
0.07533 1018.8
0.07534 1018.8
0.07535 1018.8
0.07536 1018.8
0.07537 1018.8
0.07538 1018.8
0.07539 1018.8
0.07540 1018.8
0.07541 1018.8
0.07542 1018.8
0.07543 1018.8
0.07544 1018.8
0.07545 1018.8
0.07546 1018.8
0.07547 1018.8
0.07548 1018.8
0.07549 1018.8
0.07550 1018.8
0.07551 1018.8
0.07552 1018.8
0.07553 1018.8
0.07554 1018.8
0.07555 1018.8
0.07556 1018.8
0.07557 1018.8
0.07558 1018.8
0.07559 1018.8
0.07560 1018.8
0.07561 1018.8
0.07562 1018.8
0.07563 1018.8
0.07564 1018.8
0.07565 1018.8
0.07566 1018.8
0.07567 1018.8
0.07568 1018.8
0.07569 1018.8
0.07570 1018.8
0.07571 1018.8
0.07572 1018.8
0.07573 1018.8
0.07574 1018.8
0.07575 1018.8
0.07576 1018.8
0.07577 1018.8
0.07578 1018.8
0.07579 1018.8
0.07580 1018.8
0.07581 1018.8
0.07582 1018.8
0.07583 1018.8
0.07584 1018.8
0.07585 1018.8
0.07586 1018.8
0.07587 1018.8
0.07588 1018.8
0.07589 1018.8
0.07590 1018.8
0.07591 1018.8
0.07592 1018.8
0.07593 1018.8
0.07594 1018.8
0.07595 1018.8
0.07596 1018.8
0.07597 1018.8
0.07598 1018.8
0.07599 1018.8
0.07600 1018.8
0.07601 1018.8
0.07602 1018.8
0.07603 1018.8
0.07604 1018.8
0.07605 1018.8
0.07606 1018.8
0.07607 1018.8
0.07608 1018.8
0.07609 1018.8
0.07610 1018.8
0.07611 1018.8
0.07612 1018.8
0.07613 1018.8
0.07614 1018.8
0.07615 1018.8
0.07616 1018.8
0.07617 1018.8
0.07618 1018.8
0.07619 1018.8
0.07620 1018.8
0.07621 1018.8
0.07622 1018.8
0.07623 1018.8
0.07624 1018.8
0.07625 1018.8
0.07626 1018.8
0.07627 1018.8
0.07628 1018.8
0.07629 1018.8
0.07630 1018.8
0.07631 1018.8
0.07632 1018.8
0.07633 1018.8
0.07634 1018.8
0.07635 1018.8
0.07636 1018.8
0.07637 1018.8
0.07638 1018.8
0.07639 1018.8
0.07640 1018.8
0.07641 1018.8
0.07642 1018.8
0.07643 1018.8
0.07644 1018.8
0.07645 1018.8
0.07646 1018.8
0.07647 1018.8
0.07648 1018.8
0.07649 1018.8
0.07650 1018.8
0.07651 1018.8
0.07652 1018.8
0.07653 1018.8
0.07654 1018.8
0.07655 1018.8
0.07656 1018.8
0.07657 1018.8
0.07658 1018.8
0.07659 1018.8
0.07660 1018.8
0.07661 1018.8
0.07662 1018.8
0.07663 1018.8
0.07664 1018.8
0.07665 1018.8
0.07666 1018.8
0.07667 1018.8
0.07668 1018.8
0.07669 1018.8
0.07670 1018.8
0.07671 1018.8
0.07672 1018.8
0.07673 1018.8
0.07674 1018.8
0.07675 1018.8
0.07676 1018.8
0.07677 1018.8
0.07678 1018.8
0.07679 1018.8
0.07680 1018.8
0.07681 1018.8
0.07682 1018.8
0.07683 1018.8
0.07684 1018.8
0.07685 1018.8
0.07686 1018.8
0.07687 1018.8
0.07688 1018.8
0.07689 1018.8
0.07690 1018.8
0.07691 1018.8
0.07692 1018.8
0.07693 1018.8
0.07694 1018.8
0.07695 1018.8
0.07696 1018.8
0.07697 1018.8
0.07698 1018.8
0.07699 1018.8
0.07700 1018.8
0.07701 1018.8
0.07702 1018.8
0.07703 1018.8
0.07704 1018.8
0.07705 1018.8
0.07706 1018.8
0.07707 1018.8
0.07708 1018.8
0.07709 1018.8
0.07710 1018.8
0.07711 1018.8
0.07712 1018.8
0.07713 1018.8
0.07714 1018.8
0.07715 1018.8
0.07716 1018.8
0.07717 1018.8
0.07718 1018.8
0.07719 1018.8
0.07720 1018.8
0.07721 1018.8
0.07722 1018.8
0.07723 1018.8
0.07724 1018.8
0.07725 1018.8
0.07726 1018.8
0.07727 1018.8
0.07728 1018.8
0.07729 1018.8
0.07730 1018.8
0.07731 1018.8
0.07732 1018.8
0.07733 1018.8
0.07734 1018.8
0.07735 1018.8
0.07736 1018.8
0.07737 1018.8
0.07738 1018.8
0.07739 1018.8
0.07740 1018.8
0.07741 1018.8
0.07742 1018.8
0.07743 1018.8
0.07744 1018.8
0.07745 1018.8
0.07746 1018.8
0.07747 1018.8
0.07748 1018.8
0.07749 1018.8
0.07750 1018.8
0.07751 1018.8
0.07752 1018.8
0.07753 1018.8
0.07754 1018.8
0.07755 1018.8
0.07756 1018.8
0.07757 1018.8
0.07758 1018.8
0.07759 1018.8
0.07760 1018.8
0.07761 1018.8
0.07762 1018.8
0.07763 1018.8
0.07764 1018.8
0.07765 1018.8
0.07766 1018.8
0.07767 1018.8
0.07768 1018.8
0.07769 1018.8
0.07770 1018.8
0.07771 1018.8
0.07772 1018.8
0.07773 1018.8
0.07774 1018.8
0.07775 1018.8
0.07776 1018.8
0.07777 1018.8
0.07778 1018.8
0.07779 1018.8
0.07780 1018.8
0.07781 1018.8
0.07782 1018.8
0.07783 1018.8
0.07784 1018.8
0.07785 1018.8
0.07786 1018.8
0.07787 1018.8
0.07788 1018.8
0.07789 1018.8
0.07790 1018.8
0.07791 1018.8
0.07792 1018.8
0.07793 1018.8
0.07794 1018.8
0.07795 1018.8
0.07796 1018.8
0.07797 1018.8
0.07798 1018.8
0.07799 1018.8
0.07800 1018.8
0.07801 1018.8
0.07802 1018.8
0.07803 1018.8
0.07804 1018.8
0.07805 1018.8
0.07806 1018.8
0.07807 1018.8
0.07808 1018.8
0.07809 1018.8
0.07810 1018.8
0.07811 1018.8
0.07812 1018.8
0.07813 1018.8
0.07814 1018.8
0.07815 1018.8
0.07816 1018.8
0.07817 1018.8
0.07818 1018.8
0.07819 1018.8
0.07820 1018.8
0.07821 1018.8
0.07822 1018.8
0.07823 1018.8
0.07824 1018.8
0.07825 1018.8
0.07826 1018.8
0.07827 1018.8
0.07828 1018.8
0.07829 1018.8
0.07830 1018.8
0.07831 1018.8
0.07832 1018.8
0.07833 1018.8
0.07834 1018.8
0.07835 1018.8
0.07836 1018.8
0.07837 1018.8
0.07838 1018.8
0.07839 1018.8
0.07840 1018.8
0.07841 1018.8
0.07842 1018.8
0.07843 1018.8
0.07844 1018.8
0.07845 1018.8
0.07846 1018.8
0.07847 1018.8
0.07848 1018.8
0.07849 1018.8
0.07850 1018.8
0.07851 1018.8
0.07852 1018.8
0.07853 1018.8
0.07854 1018.8
0.07855 1018.8
0.07856 1018.8
0.07857 1018.8
0.07858 1018.8
0.07859 1018.8
0.07860 1018.8
0.07861 1018.8
0.07862 1018.8
0.07863 1018.8
0.07864 1018.8
0.07865 1018.8
0.07866 1018.8
0.07867 1018.8
0.07868 1018.8
0.07869 1018.8
0.07870 1018.8
0.07871 1018.8
0.07872 1018.8
0.07873 1018.8
0.07874 1018.8
0.07875 1018.8
0.07876 1018.8
0.07877 1018.8
0.07878 1018.8
0.07879 1018.8
0.07880 1018.8
0.07881 1018.8
0.07882 1018.8
0.07883 1018.8
0.07884 1018.8
0.07885 1018.8
0.07886 1018.8
0.07887 1018.8
0.07888 1018.8
0.07889 1018.8
0.07890 1018.8
0.07891 1018.8
0.07892 1018.8
0.07893 1018.8
0.07894 1018.8
0.07895 1018.8
0.07896 1018.8
0.07897 1018.8
0.07898 1018.8
0.07899 1018.8
0.07900 1018.8
0.07901 1018.8
0.07902 1018.8
0.07903 1018.8
0.07904 1018.8
0.07905 1018.8
0.07906 1018.8
0.07907 1018.8
0.07908 1018.8
0.07909 1018.8
0.07910 1018.8
0.07911 1018.8
0.07912 1018.8
0.07913 1018.8
0.07914 1018.8
0.07915 1018.8
0.07916 1018.8
0.07917 1018.8
0.07918 1018.8
0.07919 1018.8
0.07920 1018.8
0.07921 1018.8
0.07922 1018.8
0.07923 1018.8
0.07924 1018.8
0.07925 1018.8
0.07926 1018.8
0.07927 1018.8
0.07928 1018.8
0.07929 1018.8
0.07930 1018.8
0.07931 1018.8
0.07932 1018.8
0.07933 1018.8
0.07934 1018.8
0.07935 1018.8
0.07936 1018.8
0.07937 1018.8
0.07938 1018.8
0.07939 1018.8
0.07940 1018.8
0.07941 1018.8
0.07942 1018.8
0.07943 1018.8
0.07944 1018.8
0.07945 1018.8
0.07946 1018.8
0.07947 1018.8
0.07948 1018.8
0.07949 1018.8
0.07950 1018.8
0.07951 1018.8
0.07952 1018.8
0.07953 1018.8
0.07954 1018.8
0.07955 1018.8
0.07956 1018.8
0.07957 1018.8
0.07958 1018.8
0.07959 1018.8
0.07960 1018.8
0.07961 1018.8
0.07962 1018.8
0.07963 1018.8
0.07964 1018.8
0.07965 1018.8
0.07966 1018.8
0.07967 1018.8
0.07968 1018.8
0.07969 1018.8
0.07970 1018.8
0.07971 1018.8
0.07972 1018.8
0.07973 1018.8
0.07974 1018.8
0.07975 1018.8
0.07976 1018.8
0.07977 1018.8
0.07978 1018.8
0.07979 1018.8
0.07980 1018.8
0.07981 1018.8
0.07982 1018.8
0.07983 1018.8
0.07984 1018.8
0.07985 1018.8
0.07986 1018.8
0.07987 1018.8
0.07988 1018.8
0.07989 1018.8
0.07990 1018.8
0.07991 1018.8
0.07992 1018.8
0.07993 1018.8
0.07994 1018.8
0.07995 1018.8
0.07996 1018.8
0.07997 1018.8
0.07998 1018.8
0.07999 1018.8
0.08000 1018.8
0.08001 1018.8
0.08002 1018.8
0.08003 1018.8
0.08004 1018.8
0.08005 1018.8
0.08006 1018.8
0.08007 1018.8
0.08008 1018.8
0.08009 1018.8
0.08010 1018.8
0.08011 1018.8
0.08012 1018.8
0.08013 1018.8
0.08014 1018.8
0.08015 1018.8
0.08016 1018.8
0.08017 1018.8
0.08018 1018.8
0.08019 1018.8
0.08020 1018.8
0.08021 1018.8
0.08022 1018.8
0.08023 1018.8
0.08024 1018.8
0.08025 1018.8
0.08026 1018.8
0.08027 1018.8
0.08028 1018.8
0.08029 1018.8
0.08030 1018.8
0.08031 1018.8
0.08032 1018.8
0.08033 1018.8
0.08034 1018.8
0.08035 1018.8
0.08036 1018.8
0.08037 1018.8
0.08038 1018.8
0.08039 1018.8
0.08040 1018.8
0.08041 1018.8
0.08042 1018.8
0.08043 1018.8
0.08044 1018.8
0.08045 1018.8
0.08046 1018.8
0.08047 1018.8
0.08048 1018.8
0.08049 1018.8
0.08050 1018.8
0.08051 1018.8
0.08052 1018.8
0.08053 1018.8
0.08054 1018.8
0.08055 1018.8
0.08056 1018.8
0.08057 1018.8
0.08058 1018.8
0.08059 1018.8
0.08060 1018.8
0.08061 1018.8
0.08062 1018.8
0.08063 1018.8
0.08064 1018.8
0.08065 1018.8
0.08066 1018.8
0.08067 1018.8
0.08068 1018.8
0.08069 1018.8
0.08070 1018.8
0.08071 1018.8
0.08072 1018.8
0.08073 1018.8
0.08074 1018.8
0.08075 1018.8
0.08076 1018.8
0.08077 1018.8
0.08078 1018.8
0.08079 1018.8
0.08080 1018.8
0.08081 1018.8
0.08082 1018.8
0.08083 1018.8
0.08084 1018.8
0.08085 1018.8
0.08086 1018.8
0.08087 1018.8
0.08088 1018.8
0.08089 1018.8
0.08090 1018.8
0.08091 1018.8
0.08092 1018.8
0.08093 1018.8
0.08094 1018.8
0.08095 1018.8
0.08096 1018.8
0.08097 1018.8
0.08098 1018.8
0.08099 1018.8
0.08100 1018.8
0.08101 1018.8
0.08102 1018.8
0.08103 1018.8
0.08104 1018.8
0.08105 1018.8
0.08106 1018.8
0.08107 1018.8
0.08108 1018.8
0.08109 1018.8
0.08110 1018.8
0.08111 1018.8
0.08112 1018.8
0.08113 1018.8
0.08114 1018.8
0.08115 1018.8
0.08116 1018.8
0.08117 1018.8
0.08118 1018.8
0.08119 1018.8
0.08120 1018.8
0.08121 1018.8
0.08122 1018.8
0.08123 1018.8
0.08124 1018.8
0.08125 1018.8
0.08126 1018.8
0.08127 1018.8
0.08128 1018.8
0.08129 1018.8
0.08130 1018.8
0.08131 1018.8
0.08132 1018.8
0.08133 1018.8
0.08134 1018.8
0.08135 1018.8
0.08136 1018.8
0.08137 1018.8
0.08138 1018.8
0.08139 1018.8
0.08140 1018.8
0.08141 1018.8
0.08142 1018.8
0.08143 1018.8
0.08144 1018.8
0.08145 1018.8
0.08146 1018.8
0.08147 1018.8
0.08148 1018.8
0.08149 1018.8
0.08150 1018.8
0.08151 1018.8
0.08152 1018.8
0.08153 1018.8
0.08154 1018.8
0.08155 1018.8
0.08156 1018.8
0.08157 1018.8
0.08158 1018.8
0.08159 1018.8
0.08160 1018.8
0.08161 1018.8
0.08162 1018.8
0.08163 1018.8
0.08164 1018.8
0.08165 1018.8
0.08166 1018.8
0.08167 1018.8
0.08168 1018.8
0.08169 1018.8
0.08170 1018.8
0.08171 1018.8
0.08172 1018.8
0.08173 1018.8
0.08174 1018.8
0.08175 1018.8
0.08176 1018.8
0.08177 1018.8
0.08178 1018.8
0.08179 1018.8
0.08180 1018.8
0.08181 1018.8
0.08182 1018.8
0.08183 1018.8
0.08184 1018.8
0.08185 1018.8
0.08186 1018.8
0.08187 1018.8
0.08188 1018.8
0.08189 1018.8
0.08190 1018.8
0.08191 1018.8
0.08192 1018.8
0.08193 1018.8
0.08194 1018.8
0.08195 1018.8
0.08196 1018.8
0.08197 1018.8
0.08198 1018.8
0.08199 1018.8
0.08200 1018.8
0.08201 1018.8
0.08202 1018.8
0.08203 1018.8
0.08204 1018.8
0.08205 1018.8
0.08206 1018.8
0.08207 1018.8
0.08208 1018.8
0.08209 1018.8
0.08210 1018.8
0.08211 1018.8
0.08212 1018.8
0.08213 1018.8
0.08214 1018.8
0.08215 1018.8
0.08216 1018.8
0.08217 1018.8
0.08218 1018.8
0.08219 1018.8
0.08220 1018.8
0.08221 1018.8
0.08222 1018.8
0.08223 1018.8
0.08224 1018.8
0.08225 1018.8
0.08226 1018.8
0.08227 1018.8
0.08228 1018.8
0.08229 1018.8
0.08230 1018.8
0.08231 1018.8
0.08232 1018.8
0.08233 1018.8
0.08234 1018.8
0.08235 1018.8
0.08236 1018.8
0.08237 1018.8
0.08238 1018.8
0.08239 1018.8
0.08240 1018.8
0.08241 1018.8
0.08242 1018.8
0.08243 1018.8
0.08244 1018.8
0.08245 1018.8
0.08246 1018.8
0.08247 1018.8
0.08248 1018.8
0.08249 1018.8
0.08250 1018.8
0.08251 1018.8
0.08252 1018.8
0.08253 1018.8
0.08254 1018.8
0.08255 1018.8
0.08256 1018.8
0.08257 1018.8
0.08258 1018.8
0.08259 1018.8
0.08260 1018.8
0.08261 1018.8
0.08262 1018.8
0.08263 1018.8
0.08264 1018.8
0.08265 1018.8
0.08266 1018.8
0.08267 1018.8
0.08268 1018.8
0.08269 1018.8
0.08270 1018.8
0.08271 1018.8
0.08272 1018.8
0.08273 1018.8
0.08274 1018.8
0.08275 1018.8
0.08276 1018.8
0.08277 1018.8
0.08278 1018.8
0.08279 1018.8
0.08280 1018.8
0.08281 1018.8
0.08282 1018.8
0.08283 1018.8
0.08284 1018.8
0.08285 1018.8
0.08286 1018.8
0.08287 1018.8
0.08288 1018.8
0.08289 1018.8
0.08290 1018.8
0.08291 1018.8
0.08292 1018.8
0.08293 1018.8
0.08294 1018.8
0.08295 1018.8
0.08296 1018.8
0.08297 1018.8
0.08298 1018.8
0.08299 1018.8
0.08300 1018.8
0.08301 1018.8
0.08302 1018.8
0.08303 1018.8
0.08304 1018.8
0.08305 1018.8
0.08306 1018.8
0.08307 1018.8
0.08308 1018.8
0.08309 1018.8
0.08310 1018.8
0.08311 1018.8
0.08312 1018.8
0.08313 1018.8
0.08314 1018.8
0.08315 1018.8
0.08316 1018.8
0.08317 1018.8
0.08318 1018.8
0.08319 1018.8
0.08320 1018.8
0.08321 1018.8
0.08322 1018.8
0.08323 1018.8
0.08324 1018.8
0.08325 1018.8
0.08326 1018.8
0.08327 1018.8
0.08328 1018.8
0.08329 1018.8
0.08330 1018.8
0.08331 1018.8
0.08332 1018.8
0.08333 1018.8
0.08334 1018.8
0.08335 1018.8
0.08336 1018.8
0.08337 1018.8
0.08338 1018.8
0.08339 1018.8
0.08340 1018.8
0.08341 1018.8
0.08342 1018.8
0.08343 1018.8
0.08344 1018.8
0.08345 1018.8
0.08346 1018.8
0.08347 1018.8
0.08348 1018.8
0.08349 1018.8
0.08350 1018.8
0.08351 1018.8
0.08352 1018.8
0.08353 1018.8
0.08354 1018.8
0.08355 1018.8
0.08356 1018.8
0.08357 1018.8
0.08358 1018.8
0.08359 1018.8
0.08360 1018.8
0.08361 1018.8
0.08362 1018.8
0.08363 1018.8
0.08364 1018.8
0.08365 1018.8
0.08366 1018.8
0.08367 1018.8
0.08368 1018.8
0.08369 1018.8
0.08370 1018.8
0.08371 1018.8
0.08372 1018.8
0.08373 1018.8
0.08374 1018.8
0.08375 1018.8
0.08376 1018.8
0.08377 1018.8
0.08378 1018.8
0.08379 1018.8
0.08380 1018.8
0.08381 1018.8
0.08382 1018.8
0.08383 1018.8
0.08384 1018.8
0.08385 1018.8
0.08386 1018.8
0.08387 1018.8
0.08388 1018.8
0.08389 1018.8
0.08390 1018.8
0.08391 1018.8
0.08392 1018.8
0.08393 1018.8
0.08394 1018.8
0.08395 1018.8
0.08396 1018.8
0.08397 1018.8
0.08398 1018.8
0.08399 1018.8
0.08400 1018.8
0.08401 1018.8
0.08402 1018.8
0.08403 1018.8
0.08404 1018.8
0.08405 1018.8
0.08406 1018.8
0.08407 1018.8
0.08408 1018.8
0.08409 1018.8
0.08410 1018.8
0.08411 1018.8
0.08412 1018.8
0.08413 1018.8
0.08414 1018.8
0.08415 1018.8
0.08416 1018.8
0.08417 1018.8
0.08418 1018.8
0.08419 1018.8
0.08420 1018.8
0.08421 1018.8
0.08422 1018.8
0.08423 1018.8
0.08424 1018.8
0.08425 1018.8
0.08426 1018.8
0.08427 1018.8
0.08428 1018.8
0.08429 1018.8
0.08430 1018.8
0.08431 1018.8
0.08432 1018.8
0.08433 1018.8
0.08434 1018.8
0.08435 1018.8
0.08436 1018.8
0.08437 1018.8
0.08438 1018.8
0.08439 1018.8
0.08440 1018.8
0.08441 1018.8
0.08442 1018.8
0.08443 1018.8
0.08444 1018.8
0.08445 1018.8
0.08446 1018.8
0.08447 1018.8
0.08448 1018.8
0.08449 1018.8
0.08450 1018.8
0.08451 1018.8
0.08452 1018.8
0.08453 1018.8
0.08454 1018.8
0.08455 1018.8
0.08456 1018.8
0.08457 1018.8
0.08458 1018.8
0.08459 1018.8
0.08460 1018.8
0.08461 1018.8
0.08462 1018.8
0.08463 1018.8
0.08464 1018.8
0.08465 1018.8
0.08466 1018.8
0.08467 1018.8
0.08468 1018.8
0.08469 1018.8
0.08470 1018.8
0.08471 1018.8
0.08472 1018.8
0.08473 1018.8
0.08474 1018.8
0.08475 1018.8
0.08476 1018.8
0.08477 1018.8
0.08478 1018.8
0.08479 1018.8
0.08480 1018.8
0.08481 1018.8
0.08482 1018.8
0.08483 1018.8
0.08484 1018.8
0.08485 1018.8
0.08486 1018.8
0.08487 1018.8
0.08488 1018.8
0.08489 1018.8
0.08490 1018.8
0.08491 1018.8
0.08492 1018.8
0.08493 1018.8
0.08494 1018.8
0.08495 1018.8
0.08496 1018.8
0.08497 1018.8
0.08498 1018.8
0.08499 1018.8
0.08500 1018.8
0.08501 1018.8
0.08502 1018.8
0.08503 1018.8
0.08504 1018.8
0.08505 1018.8
0.08506 1018.8
0.08507 1018.8
0.08508 1018.8
0.08509 1018.8
0.08510 1018.8
0.08511 1018.8
0.08512 1018.8
0.08513 1018.8
0.08514 1018.8
0.08515 1018.8
0.08516 1018.8
0.08517 1018.8
0.08518 1018.8
0.08519 1018.8
0.08520 1018.8
0.08521 1018.8
0.08522 1018.8
0.08523 1018.8
0.08524 1018.8
0.08525 1018.8
0.08526 1018.8
0.08527 1018.8
0.08528 1018.8
0.08529 1018.8
0.08530 1018.8
0.08531 1018.8
0.08532 1018.8
0.08533 1018.8
0.08534 1018.8
0.08535 1018.8
0.08536 1018.8
0.08537 1018.8
0.08538 1018.8
0.08539 1018.8
0.08540 1018.8
0.08541 1018.8
0.08542 1018.8
0.08543 1018.8
0.08544 1018.8
0.08545 1018.8
0.08546 1018.8
0.08547 1018.8
0.08548 1018.8
0.08549 1018.8
0.08550 1018.8
0.08551 1018.8
0.08552 1018.8
0.08553 1018.8
0.08554 1018.8
0.08555 1018.8
0.08556 1018.8
0.08557 1018.8
0.08558 1018.8
0.08559 1018.8
0.08560 1018.8
0.08561 1018.8
0.08562 1018.8
0.08563 1018.8
0.08564 1018.8
0.08565 1018.8
0.08566 1018.8
0.08567 1018.8
0.08568 1018.8
0.08569 1018.8
0.08570 1018.8
0.08571 1018.8
0.08572 1018.8
0.08573 1018.8
0.08574 1018.8
0.08575 1018.8
0.08576 1018.8
0.08577 1018.8
0.08578 1018.8
0.08579 1018.8
0.08580 1018.8
0.08581 1018.8
0.08582 1018.8
0.08583 1018.8
0.08584 1018.8
0.08585 1018.8
0.08586 1018.8
0.08587 1018.8
0.08588 1018.8
0.08589 1018.8
0.08590 1018.8
0.08591 1018.8
0.08592 1018.8
0.08593 1018.8
0.08594 1018.8
0.08595 1018.8
0.08596 1018.8
0.08597 1018.8
0.08598 1018.8
0.08599 1018.8
0.08600 1018.8
0.08601 1018.8
0.08602 1018.8
0.08603 1018.8
0.08604 1018.8
0.08605 1018.8
0.08606 1018.8
0.08607 1018.8
0.08608 1018.8
0.08609 1018.8
0.08610 1018.8
0.08611 1018.8
0.08612 1018.8
0.08613 1018.8
0.08614 1018.8
0.08615 1018.8
0.08616 1018.8
0.08617 1018.8
0.08618 1018.8
0.08619 1018.8
0.08620 1018.8
0.08621 1018.8
0.08622 1018.8
0.08623 1018.8
0.08624 1018.8
0.08625 1018.8
0.08626 1018.8
0.08627 1018.8
0.08628 1018.8
0.08629 1018.8
0.08630 1018.8
0.08631 1018.8
0.08632 1018.8
0.08633 1018.8
0.08634 1018.8
0.08635 1018.8
0.08636 1018.8
0.08637 1018.8
0.08638 1018.8
0.08639 1018.8
0.08640 1018.8
0.08641 1018.8
0.08642 1018.8
0.08643 1018.8
0.08644 1018.8
0.08645 1018.8
0.08646 1018.8
0.08647 1018.8
0.08648 1018.8
0.08649 1018.8
0.08650 1018.8
0.08651 1018.8
0.08652 1018.8
0.08653 1018.8
0.08654 1018.8
0.08655 1018.8
0.08656 1018.8
0.08657 1018.8
0.08658 1018.8
0.08659 1018.8
0.08660 1018.8
0.08661 1018.8
0.08662 1018.8
0.08663 1018.8
0.08664 1018.8
0.08665 1018.8
0.08666 1018.8
0.08667 1018.8
0.08668 1018.8
0.08669 1018.8
0.08670 1018.8
0.08671 1018.8
0.08672 1018.8
0.08673 1018.8
0.08674 1018.8
0.08675 1018.8
0.08676 1018.8
0.08677 1018.8
0.08678 1018.8
0.08679 1018.8
0.08680 1018.8
0.08681 1018.8
0.08682 1018.8
0.08683 1018.8
0.08684 1018.8
0.08685 1018.8
0.08686 1018.8
0.08687 1018.8
0.08688 1018.8
0.08689 1018.8
0.08690 1018.8
0.08691 1018.8
0.08692 1018.8
0.08693 1018.8
0.08694 1018.8
0.08695 1018.8
0.08696 1018.8
0.08697 1018.8
0.08698 1018.8
0.08699 1018.8
0.08700 1018.8
0.08701 1018.8
0.08702 1018.8
0.08703 1018.8
0.08704 1018.8
0.08705 1018.8
0.08706 1018.8
0.08707 1018.8
0.08708 1018.8
0.08709 1018.8
0.08710 1018.8
0.08711 1018.8
0.08712 1018.8
0.08713 1018.8
0.08714 1018.8
0.08715 1018.8
0.08716 1018.8
0.08717 1018.8
0.08718 1018.8
0.08719 1018.8
0.08720 1018.8
0.08721 1018.8
0.08722 1018.8
0.08723 1018.8
0.08724 1018.8
0.08725 1018.8
0.08726 1018.8
0.08727 1018.8
0.08728 1018.8
0.08729 1018.8
0.08730 1018.8
0.08731 1018.8
0.08732 1018.8
0.08733 1018.8
0.08734 1018.8
0.08735 1018.8
0.08736 1018.8
0.08737 1018.8
0.08738 1018.8
0.08739 1018.8
0.08740 1018.8
0.08741 1018.8
0.08742 1018.8
0.08743 1018.8
0.08744 1018.8
0.08745 1018.8
0.08746 1018.8
0.08747 1018.8
0.08748 1018.8
0.08749 1018.8
0.08750 1018.8
0.08751 1018.8
0.08752 1018.8
0.08753 1018.8
0.08754 1018.8
0.08755 1018.8
0.08756 1018.8
0.08757 1018.8
0.08758 1018.8
0.08759 1018.8
0.08760 1018.8
0.08761 1018.8
0.08762 1018.8
0.08763 1018.8
0.08764 1018.8
0.08765 1018.8
0.08766 1018.8
0.08767 1018.8
0.08768 1018.8
0.08769 1018.8
0.08770 1018.8
0.08771 1018.8
0.08772 1018.8
0.08773 1018.8
0.08774 1018.8
0.08775 1018.8
0.08776 1018.8
0.08777 1018.8
0.08778 1018.8
0.08779 1018.8
0.08780 1018.8
0.08781 1018.8
0.08782 1018.8
0.08783 1018.8
0.08784 1018.8
0.08785 1018.8
0.08786 1018.8
0.08787 1018.8
0.08788 1018.8
0.08789 1018.8
0.08790 1018.8
0.08791 1018.8
0.08792 1018.8
0.08793 1018.8
0.08794 1018.8
0.08795 1018.8
0.08796 1018.8
0.08797 1018.8
0.08798 1018.8
0.08799 1018.8
0.08800 1018.8
0.08801 1018.8
0.08802 1018.8
0.08803 1018.8
0.08804 1018.8
0.08805 1018.8
0.08806 1018.8
0.08807 1018.8
0.08808 1018.8
0.08809 1018.8
0.08810 1018.8
0.08811 1018.8
0.08812 1018.8
0.08813 1018.8
0.08814 1018.8
0.08815 1018.8
0.08816 1018.8
0.08817 1018.8
0.08818 1018.8
0.08819 1018.8
0.08820 1018.8
0.08821 1018.8
0.08822 1018.8
0.08823 1018.8
0.08824 1018.8
0.08825 1018.8
0.08826 1018.8
0.08827 1018.8
0.08828 1018.8
0.08829 1018.8
0.08830 1018.8
0.08831 1018.8
0.08832 1018.8
0.08833 1018.8
0.08834 1018.8
0.08835 1018.8
0.08836 1018.8
0.08837 1018.8
0.08838 1018.8
0.08839 1018.8
0.08840 1018.8
0.08841 1018.8
0.08842 1018.8
0.08843 1018.8
0.08844 1018.8
0.08845 1018.8
0.08846 1018.8
0.08847 1018.8
0.08848 1018.8
0.08849 1018.8
0.08850 1018.8
0.08851 1018.8
0.08852 1018.8
0.08853 1018.8
0.08854 1018.8
0.08855 1018.8
0.08856 1018.8
0.08857 1018.8
0.08858 1018.8
0.08859 1018.8
0.08860 1018.8
0.08861 1018.8
0.08862 1018.8
0.08863 1018.8
0.08864 1018.8
0.08865 1018.8
0.08866 1018.8
0.08867 1018.8
0.08868 1018.8
0.08869 1018.8
0.08870 1018.8
0.08871 1018.8
0.08872 1018.8
0.08873 1018.8
0.08874 1018.8
0.08875 1018.8
0.08876 1018.8
0.08877 1018.8
0.08878 1018.8
0.08879 1018.8
0.08880 1018.8
0.08881 1018.8
0.08882 1018.8
0.08883 1018.8
0.08884 1018.8
0.08885 1018.8
0.08886 1018.8
0.08887 1018.8
0.08888 1018.8
0.08889 1018.8
0.08890 1018.8
0.08891 1018.8
0.08892 1018.8
0.08893 1018.8
0.08894 1018.8
0.08895 1018.8
0.08896 1018.8
0.08897 1018.8
0.08898 1018.8
0.08899 1018.8
0.08900 1018.8
0.08901 1018.8
0.08902 1018.8
0.08903 1018.8
0.08904 1018.8
0.08905 1018.8
0.08906 1018.8
0.08907 1018.8
0.08908 1018.8
0.08909 1018.8
0.08910 1018.8
0.08911 1018.8
0.08912 1018.8
0.08913 1018.8
0.08914 1018.8
0.08915 1018.8
0.08916 1018.8
0.08917 1018.8
0.08918 1018.8
0.08919 1018.8
0.08920 1018.8
0.08921 1018.8
0.08922 1018.8
0.08923 1018.8
0.08924 1018.8
0.08925 1018.8
0.08926 1018.8
0.08927 1018.8
0.08928 1018.8
0.08929 1018.8
0.08930 1018.8
0.08931 1018.8
0.08932 1018.8
0.08933 1018.8
0.08934 1018.8
0.08935 1018.8
0.08936 1018.8
0.08937 1018.8
0.08938 1018.8
0.08939 1018.8
0.08940 1018.8
0.08941 1018.8
0.08942 1018.8
0.08943 1018.8
0.08944 1018.8
0.08945 1018.8
0.08946 1018.8
0.08947 1018.8
0.08948 1018.8
0.08949 1018.8
0.08950 1018.8
0.08951 1018.8
0.08952 1018.8
0.08953 1018.8
0.08954 1018.8
0.08955 1018.8
0.08956 1018.8
0.08957 1018.8
0.08958 1018.8
0.08959 1018.8
0.08960 1018.8
0.08961 1018.8
0.08962 1018.8
0.08963 1018.8
0.08964 1018.8
0.08965 1018.8
0.08966 1018.8
0.08967 1018.8
0.08968 1018.8
0.08969 1018.8
0.08970 1018.8
0.08971 1018.8
0.08972 1018.8
0.08973 1018.8
0.08974 1018.8
0.08975 1018.8
0.08976 1018.8
0.08977 1018.8
0.08978 1018.8
0.08979 1018.8
0.08980 1018.8
0.08981 1018.8
0.08982 1018.8
0.08983 1018.8
0.08984 1018.8
0.08985 1018.8
0.08986 1018.8
0.08987 1018.8
0.08988 1018.8
0.08989 1018.8
0.08990 1018.8
0.08991 1018.8
0.08992 1018.8
0.08993 1018.8
0.08994 1018.8
0.08995 1018.8
0.08996 1018.8
0.08997 1018.8
0.08998 1018.8
0.08999 1018.8
0.09000 1018.8
0.09001 1018.8
0.09002 1018.8
0.09003 1018.8
0.09004 1018.8
0.09005 1018.8
0.09006 1018.8
0.09007 1018.8
0.09008 1018.8
0.09009 1018.8
0.09010 1018.8
0.09011 1018.8
0.09012 1018.8
0.09013 1018.8
0.09014 1018.8
0.09015 1018.8
0.09016 1018.8
0.09017 1018.8
0.09018 1018.8
0.09019 1018.8
0.09020 1018.8
0.09021 1018.8
0.09022 1018.8
0.09023 1018.8
0.09024 1018.8
0.09025 1018.8
0.09026 1018.8
0.09027 1018.8
0.09028 1018.8
0.09029 1018.8
0.09030 1018.8
0.09031 1018.8
0.09032 1018.8
0.09033 1018.8
0.09034 1018.8
0.09035 1018.8
0.09036 1018.8
0.09037 1018.8
0.09038 1018.8
0.09039 1018.8
0.09040 1018.8
0.09041 1018.8
0.09042 1018.8
0.09043 1018.8
0.09044 1018.8
0.09045 1018.8
0.09046 1018.8
0.09047 1018.8
0.09048 1018.8
0.09049 1018.8
0.09050 1018.8
0.09051 1018.8
0.09052 1018.8
0.09053 1018.8
0.09054 1018.8
0.09055 1018.8
0.09056 1018.8
0.09057 1018.8
0.09058 1018.8
0.09059 1018.8
0.09060 1018.8
0.09061 1018.8
0.09062 1018.8
0.09063 1018.8
0.09064 1018.8
0.09065 1018.8
0.09066 1018.8
0.09067 1018.8
0.09068 1018.8
0.09069 1018.8
0.09070 1018.8
0.09071 1018.8
0.09072 1018.8
0.09073 1018.8
0.09074 1018.8
0.09075 1018.8
0.09076 1018.8
0.09077 1018.8
0.09078 1018.8
0.09079 1018.8
0.09080 1018.8
0.09081 1018.8
0.09082 1018.8
0.09083 1018.8
0.09084 1018.8
0.09085 1018.8
0.09086 1018.8
0.09087 1018.8
0.09088 1018.8
0.09089 1018.8
0.09090 1018.8
0.09091 1018.8
0.09092 1018.8
0.09093 1018.8
0.09094 1018.8
0.09095 1018.8
0.09096 1018.8
0.09097 1018.8
0.09098 1018.8
0.09099 1018.8
0.09100 1018.8
0.09101 1018.8
0.09102 1018.8
0.09103 1018.8
0.09104 1018.8
0.09105 1018.8
0.09106 1018.8
0.09107 1018.8
0.09108 1018.8
0.09109 1018.8
0.09110 1018.8
0.09111 1018.8
0.09112 1018.8
0.09113 1018.8
0.09114 1018.8
0.09115 1018.8
0.09116 1018.8
0.09117 1018.8
0.09118 1018.8
0.09119 1018.8
0.09120 1018.8
0.09121 1018.8
0.09122 1018.8
0.09123 1018.8
0.09124 1018.8
0.09125 1018.8
0.09126 1018.8
0.09127 1018.8
0.09128 1018.8
0.09129 1018.8
0.09130 1018.8
0.09131 1018.8
0.09132 1018.8
0.09133 1018.8
0.09134 1018.8
0.09135 1018.8
0.09136 1018.8
0.09137 1018.8
0.09138 1018.8
0.09139 1018.8
0.09140 1018.8
0.09141 1018.8
0.09142 1018.8
0.09143 1018.8
0.09144 1018.8
0.09145 1018.8
0.09146 1018.8
0.09147 1018.8
0.09148 1018.8
0.09149 1018.8
0.09150 1018.8
0.09151 1018.8
0.09152 1018.8
0.09153 1018.8
0.09154 1018.8
0.09155 1018.8
0.09156 1018.8
0.09157 1018.8
0.09158 1018.8
0.09159 1018.8
0.09160 1018.8
0.09161 1018.8
0.09162 1018.8
0.09163 1018.8
0.09164 1018.8
0.09165 1018.8
0.09166 1018.8
0.09167 1018.8
0.09168 1018.8
0.09169 1018.8
0.09170 1018.8
0.09171 1018.8
0.09172 1018.8
0.09173 1018.8
0.09174 1018.8
0.09175 1018.8
0.09176 1018.8
0.09177 1018.8
0.09178 1018.8
0.09179 1018.8
0.09180 1018.8
0.09181 1018.8
0.09182 1018.8
0.09183 1018.8
0.09184 1018.8
0.09185 1018.8
0.09186 1018.8
0.09187 1018.8
0.09188 1018.8
0.09189 1018.8
0.09190 1018.8
0.09191 1018.8
0.09192 1018.8
0.09193 1018.8
0.09194 1018.8
0.09195 1018.8
0.09196 1018.8
0.09197 1018.8
0.09198 1018.8
0.09199 1018.8
0.09200 1018.8
0.09201 1018.8
0.09202 1018.8
0.09203 1018.8
0.09204 1018.8
0.09205 1018.8
0.09206 1018.8
0.09207 1018.8
0.09208 1018.8
0.09209 1018.8
0.09210 1018.8
0.09211 1018.8
0.09212 1018.8
0.09213 1018.8
0.09214 1018.8
0.09215 1018.8
0.09216 1018.8
0.09217 1018.8
0.09218 1018.8
0.09219 1018.8
0.09220 1018.8
0.09221 1018.8
0.09222 1018.8
0.09223 1018.8
0.09224 1018.8
0.09225 1018.8
0.09226 1018.8
0.09227 1018.8
0.09228 1018.8
0.09229 1018.8
0.09230 1018.8
0.09231 1018.8
0.09232 1018.8
0.09233 1018.8
0.09234 1018.8
0.09235 1018.8
0.09236 1018.8
0.09237 1018.8
0.09238 1018.8
0.09239 1018.8
0.09240 1018.8
0.09241 1018.8
0.09242 1018.8
0.09243 1018.8
0.09244 1018.8
0.09245 1018.8
0.09246 1018.8
0.09247 1018.8
0.09248 1018.8
0.09249 1018.8
0.09250 1018.8
0.09251 1018.8
0.09252 1018.8
0.09253 1018.8
0.09254 1018.8
0.09255 1018.8
0.09256 1018.8
0.09257 1018.8
0.09258 1018.8
0.09259 1018.8
0.09260 1018.8
0.09261 1018.8
0.09262 1018.8
0.09263 1018.8
0.09264 1018.8
0.09265 1018.8
0.09266 1018.8
0.09267 1018.8
0.09268 1018.8
0.09269 1018.8
0.09270 1018.8
0.09271 1018.8
0.09272 1018.8
0.09273 1018.8
0.09274 1018.8
0.09275 1018.8
0.09276 1018.8
0.09277 1018.8
0.09278 1018.8
0.09279 1018.8
0.09280 1018.8
0.09281 1018.8
0.09282 1018.8
0.09283 1018.8
0.09284 1018.8
0.09285 1018.8
0.09286 1018.8
0.09287 1018.8
0.09288 1018.8
0.09289 1018.8
0.09290 1018.8
0.09291 1018.8
0.09292 1018.8
0.09293 1018.8
0.09294 1018.8
0.09295 1018.8
0.09296 1018.8
0.09297 1018.8
0.09298 1018.8
0.09299 1018.8
0.09300 1018.8
0.09301 1018.8
0.09302 1018.8
0.09303 1018.8
0.09304 1018.8
0.09305 1018.8
0.09306 1018.8
0.09307 1018.8
0.09308 1018.8
0.09309 1018.8
0.09310 1018.8
0.09311 1018.8
0.09312 1018.8
0.09313 1018.8
0.09314 1018.8
0.09315 1018.8
0.09316 1018.8
0.09317 1018.8
0.09318 1018.8
0.09319 1018.8
0.09320 1018.8
0.09321 1018.8
0.09322 1018.8
0.09323 1018.8
0.09324 1018.8
0.09325 1018.8
0.09326 1018.8
0.09327 1018.8
0.09328 1018.8
0.09329 1018.8
0.09330 1018.8
0.09331 1018.8
0.09332 1018.8
0.09333 1018.8
0.09334 1018.8
0.09335 1018.8
0.09336 1018.8
0.09337 1018.8
0.09338 1018.8
0.09339 1018.8
0.09340 1018.8
0.09341 1018.8
0.09342 1018.8
0.09343 1018.8
0.09344 1018.8
0.09345 1018.8
0.09346 1018.8
0.09347 1018.8
0.09348 1018.8
0.09349 1018.8
0.09350 1018.8
0.09351 1018.8
0.09352 1018.8
0.09353 1018.8
0.09354 1018.8
0.09355 1018.8
0.09356 1018.8
0.09357 1018.8
0.09358 1018.8
0.09359 1018.8
0.09360 1018.8
0.09361 1018.8
0.09362 1018.8
0.09363 1018.8
0.09364 1018.8
0.09365 1018.8
0.09366 1018.8
0.09367 1018.8
0.09368 1018.8
0.09369 1018.8
0.09370 1018.8
0.09371 1018.8
0.09372 1018.8
0.09373 1018.8
0.09374 1018.8
0.09375 1018.8
0.09376 1018.8
0.09377 1018.8
0.09378 1018.8
0.09379 1018.8
0.09380 1018.8
0.09381 1018.8
0.09382 1018.8
0.09383 1018.8
0.09384 1018.8
0.09385 1018.8
0.09386 1018.8
0.09387 1018.8
0.09388 1018.8
0.09389 1018.8
0.09390 1018.8
0.09391 1018.8
0.09392 1018.8
0.09393 1018.8
0.09394 1018.8
0.09395 1018.8
0.09396 1018.8
0.09397 1018.8
0.09398 1018.8
0.09399 1018.8
0.09400 1018.8
0.09401 1018.8
0.09402 1018.8
0.09403 1018.8
0.09404 1018.8
0.09405 1018.8
0.09406 1018.8
0.09407 1018.8
0.09408 1018.8
0.09409 1018.8
0.09410 1018.8
0.09411 1018.8
0.09412 1018.8
0.09413 1018.8
0.09414 1018.8
0.09415 1018.8
0.09416 1018.8
0.09417 1018.8
0.09418 1018.8
0.09419 1018.8
0.09420 1018.8
0.09421 1018.8
0.09422 1018.8
0.09423 1018.8
0.09424 1018.8
0.09425 1018.8
0.09426 1018.8
0.09427 1018.8
0.09428 1018.8
0.09429 1018.8
0.09430 1018.8
0.09431 1018.8
0.09432 1018.8
0.09433 1018.8
0.09434 1018.8
0.09435 1018.8
0.09436 1018.8
0.09437 1018.8
0.09438 1018.8
0.09439 1018.8
0.09440 1018.8
0.09441 1018.8
0.09442 1018.8
0.09443 1018.8
0.09444 1018.8
0.09445 1018.8
0.09446 1018.8
0.09447 1018.8
0.09448 1018.8
0.09449 1018.8
0.09450 1018.8
0.09451 1018.8
0.09452 1018.8
0.09453 1018.8
0.09454 1018.8
0.09455 1018.8
0.09456 1018.8
0.09457 1018.8
0.09458 1018.8
0.09459 1018.8
0.09460 1018.8
0.09461 1018.8
0.09462 1018.8
0.09463 1018.8
0.09464 1018.8
0.09465 1018.8
0.09466 1018.8
0.09467 1018.8
0.09468 1018.8
0.09469 1018.8
0.09470 1018.8
0.09471 1018.8
0.09472 1018.8
0.09473 1018.8
0.09474 1018.8
0.09475 1018.8
0.09476 1018.8
0.09477 1018.8
0.09478 1018.8
0.09479 1018.8
0.09480 1018.8
0.09481 1018.8
0.09482 1018.8
0.09483 1018.8
0.09484 1018.8
0.09485 1018.8
0.09486 1018.8
0.09487 1018.8
0.09488 1018.8
0.09489 1018.8
0.09490 1018.8
0.09491 1018.8
0.09492 1018.8
0.09493 1018.8
0.09494 1018.8
0.09495 1018.8
0.09496 1018.8
0.09497 1018.8
0.09498 1018.8
0.09499 1018.8
0.09500 1018.8
0.09501 1018.8
0.09502 1018.8
0.09503 1018.8
0.09504 1018.8
0.09505 1018.8
0.09506 1018.8
0.09507 1018.8
0.09508 1018.8
0.09509 1018.8
0.09510 1018.8
0.09511 1018.8
0.09512 1018.8
0.09513 1018.8
0.09514 1018.8
0.09515 1018.8
0.09516 1018.8
0.09517 1018.8
0.09518 1018.8
0.09519 1018.8
0.09520 1018.8
0.09521 1018.8
0.09522 1018.8
0.09523 1018.8
0.09524 1018.8
0.09525 1018.8
0.09526 1018.8
0.09527 1018.8
0.09528 1018.8
0.09529 1018.8
0.09530 1018.8
0.09531 1018.8
0.09532 1018.8
0.09533 1018.8
0.09534 1018.8
0.09535 1018.8
0.09536 1018.8
0.09537 1018.8
0.09538 1018.8
0.09539 1018.8
0.09540 1018.8
0.09541 1018.8
0.09542 1018.8
0.09543 1018.8
0.09544 1018.8
0.09545 1018.8
0.09546 1018.8
0.09547 1018.8
0.09548 1018.8
0.09549 1018.8
0.09550 1018.8
0.09551 1018.8
0.09552 1018.8
0.09553 1018.8
0.09554 1018.8
0.09555 1018.8
0.09556 1018.8
0.09557 1018.8
0.09558 1018.8
0.09559 1018.8
0.09560 1018.8
0.09561 1018.8
0.09562 1018.8
0.09563 1018.8
0.09564 1018.8
0.09565 1018.8
0.09566 1018.8
0.09567 1018.8
0.09568 1018.8
0.09569 1018.8
0.09570 1018.8
0.09571 1018.8
0.09572 1018.8
0.09573 1018.8
0.09574 1018.8
0.09575 1018.8
0.09576 1018.8
0.09577 1018.8
0.09578 1018.8
0.09579 1018.8
0.09580 1018.8
0.09581 1018.8
0.09582 1018.8
0.09583 1018.8
0.09584 1018.8
0.09585 1018.8
0.09586 1018.8
0.09587 1018.8
0.09588 1018.8
0.09589 1018.8
0.09590 1018.8
0.09591 1018.8
0.09592 1018.8
0.09593 1018.8
0.09594 1018.8
0.09595 1018.8
0.09596 1018.8
0.09597 1018.8
0.09598 1018.8
0.09599 1018.8
0.09600 1018.8
0.09601 1018.8
0.09602 1018.8
0.09603 1018.8
0.09604 1018.8
0.09605 1018.8
0.09606 1018.8
0.09607 1018.8
0.09608 1018.8
0.09609 1018.8
0.09610 1018.8
0.09611 1018.8
0.09612 1018.8
0.09613 1018.8
0.09614 1018.8
0.09615 1018.8
0.09616 1018.8
0.09617 1018.8
0.09618 1018.8
0.09619 1018.8
0.09620 1018.8
0.09621 1018.8
0.09622 1018.8
0.09623 1018.8
0.09624 1018.8
0.09625 1018.8
0.09626 1018.8
0.09627 1018.8
0.09628 1018.8
0.09629 1018.8
0.09630 1018.8
0.09631 1018.8
0.09632 1018.8
0.09633 1018.8
0.09634 1018.8
0.09635 1018.8
0.09636 1018.8
0.09637 1018.8
0.09638 1018.8
0.09639 1018.8
0.09640 1018.8
0.09641 1018.8
0.09642 1018.8
0.09643 1018.8
0.09644 1018.8
0.09645 1018.8
0.09646 1018.8
0.09647 1018.8
0.09648 1018.8
0.09649 1018.8
0.09650 1018.8
0.09651 1018.8
0.09652 1018.8
0.09653 1018.8
0.09654 1018.8
0.09655 1018.8
0.09656 1018.8
0.09657 1018.8
0.09658 1018.8
0.09659 1018.8
0.09660 1018.8
0.09661 1018.8
0.09662 1018.8
0.09663 1018.8
0.09664 1018.8
0.09665 1018.8
0.09666 1018.8
0.09667 1018.8
0.09668 1018.8
0.09669 1018.8
0.09670 1018.8
0.09671 1018.8
0.09672 1018.8
0.09673 1018.8
0.09674 1018.8
0.09675 1018.8
0.09676 1018.8
0.09677 1018.8
0.09678 1018.8
0.09679 1018.8
0.09680 1018.8
0.09681 1018.8
0.09682 1018.8
0.09683 1018.8
0.09684 1018.8
0.09685 1018.8
0.09686 1018.8
0.09687 1018.8
0.09688 1018.8
0.09689 1018.8
0.09690 1018.8
0.09691 1018.8
0.09692 1018.8
0.09693 1018.8
0.09694 1018.8
0.09695 1018.8
0.09696 1018.8
0.09697 1018.8
0.09698 1018.8
0.09699 1018.8
0.09700 1018.8
0.09701 1018.8
0.09702 1018.8
0.09703 1018.8
0.09704 1018.8
0.09705 1018.8
0.09706 1018.8
0.09707 1018.8
0.09708 1018.8
0.09709 1018.8
0.09710 1018.8
0.09711 1018.8
0.09712 1018.8
0.09713 1018.8
0.09714 1018.8
0.09715 1018.8
0.09716 1018.8
0.09717 1018.8
0.09718 1018.8
0.09719 1018.8
0.09720 1018.8
0.09721 1018.8
0.09722 1018.8
0.09723 1018.8
0.09724 1018.8
0.09725 1018.8
0.09726 1018.8
0.09727 1018.8
0.09728 1018.8
0.09729 1018.8
0.09730 1018.8
0.09731 1018.8
0.09732 1018.8
0.09733 1018.8
0.09734 1018.8
0.09735 1018.8
0.09736 1018.8
0.09737 1018.8
0.09738 1018.8
0.09739 1018.8
0.09740 1018.8
0.09741 1018.8
0.09742 1018.8
0.09743 1018.8
0.09744 1018.8
0.09745 1018.8
0.09746 1018.8
0.09747 1018.8
0.09748 1018.8
0.09749 1018.8
0.09750 1018.8
0.09751 1018.8
0.09752 1018.8
0.09753 1018.8
0.09754 1018.8
0.09755 1018.8
0.09756 1018.8
0.09757 1018.8
0.09758 1018.8
0.09759 1018.8
0.09760 1018.8
0.09761 1018.8
0.09762 1018.8
0.09763 1018.8
0.09764 1018.8
0.09765 1018.8
0.09766 1018.8
0.09767 1018.8
0.09768 1018.8
0.09769 1018.8
0.09770 1018.8
0.09771 1018.8
0.09772 1018.8
0.09773 1018.8
0.09774 1018.8
0.09775 1018.8
0.09776 1018.8
0.09777 1018.8
0.09778 1018.8
0.09779 1018.8
0.09780 1018.8
0.09781 1018.8
0.09782 1018.8
0.09783 1018.8
0.09784 1018.8
0.09785 1018.8
0.09786 1018.8
0.09787 1018.8
0.09788 1018.8
0.09789 1018.8
0.09790 1018.8
0.09791 1018.8
0.09792 1018.8
0.09793 1018.8
0.09794 1018.8
0.09795 1018.8
0.09796 1018.8
0.09797 1018.8
0.09798 1018.8
0.09799 1018.8
0.09800 1018.8
0.09801 1018.8
0.09802 1018.8
0.09803 1018.8
0.09804 1018.8
0.09805 1018.8
0.09806 1018.8
0.09807 1018.8
0.09808 1018.8
0.09809 1018.8
0.09810 1018.8
0.09811 1018.8
0.09812 1018.8
0.09813 1018.8
0.09814 1018.8
0.09815 1018.8
0.09816 1018.8
0.09817 1018.8
0.09818 1018.8
0.09819 1018.8
0.09820 1018.8
0.09821 1018.8
0.09822 1018.8
0.09823 1018.8
0.09824 1018.8
0.09825 1018.8
0.09826 1018.8
0.09827 1018.8
0.09828 1018.8
0.09829 1018.8
0.09830 1018.8
0.09831 1018.8
0.09832 1018.8
0.09833 1018.8
0.09834 1018.8
0.09835 1018.8
0.09836 1018.8
0.09837 1018.8
0.09838 1018.8
0.09839 1018.8
0.09840 1018.8
0.09841 1018.8
0.09842 1018.8
0.09843 1018.8
0.09844 1018.8
0.09845 1018.8
0.09846 1018.8
0.09847 1018.8
0.09848 1018.8
0.09849 1018.8
0.09850 1018.8
0.09851 1018.8
0.09852 1018.8
0.09853 1018.8
0.09854 1018.8
0.09855 1018.8
0.09856 1018.8
0.09857 1018.8
0.09858 1018.8
0.09859 1018.8
0.09860 1018.8
0.09861 1018.8
0.09862 1018.8
0.09863 1018.8
0.09864 1018.8
0.09865 1018.8
0.09866 1018.8
0.09867 1018.8
0.09868 1018.8
0.09869 1018.8
0.09870 1018.8
0.09871 1018.8
0.09872 1018.8
0.09873 1018.8
0.09874 1018.8
0.09875 1018.8
0.09876 1018.8
0.09877 1018.8
0.09878 1018.8
0.09879 1018.8
0.09880 1018.8
0.09881 1018.8
0.09882 1018.8
0.09883 1018.8
0.09884 1018.8
0.09885 1018.8
0.09886 1018.8
0.09887 1018.8
0.09888 1018.8
0.09889 1018.8
0.09890 1018.8
0.09891 1018.8
0.09892 1018.8
0.09893 1018.8
0.09894 1018.8
0.09895 1018.8
0.09896 1018.8
0.09897 1018.8
0.09898 1018.8
0.09899 1018.8
0.09900 1018.8
0.09901 1018.8
0.09902 1018.8
0.09903 1018.8
0.09904 1018.8
0.09905 1018.8
0.09906 1018.8
0.09907 1018.8
0.09908 1018.8
0.09909 1018.8
0.09910 1018.8
0.09911 1018.8
0.09912 1018.8
0.09913 1018.8
0.09914 1018.8
0.09915 1018.8
0.09916 1018.8
0.09917 1018.8
0.09918 1018.8
0.09919 1018.8
0.09920 1018.8
0.09921 1018.8
0.09922 1018.8
0.09923 1018.8
0.09924 1018.8
0.09925 1018.8
0.09926 1018.8
0.09927 1018.8
0.09928 1018.8
0.09929 1018.8
0.09930 1018.8
0.09931 1018.8
0.09932 1018.8
0.09933 1018.8
0.09934 1018.8
0.09935 1018.8
0.09936 1018.8
0.09937 1018.8
0.09938 1018.8
0.09939 1018.8
0.09940 1018.8
0.09941 1018.8
0.09942 1018.8
0.09943 1018.8
0.09944 1018.8
0.09945 1018.8
0.09946 1018.8
0.09947 1018.8
0.09948 1018.8
0.09949 1018.8
0.09950 1018.8
0.09951 1018.8
0.09952 1018.8
0.09953 1018.8
0.09954 1018.8
0.09955 1018.8
0.09956 1018.8
0.09957 1018.8
0.09958 1018.8
0.09959 1018.8
0.09960 1018.8
0.09961 1018.8
0.09962 1018.8
0.09963 1018.8
0.09964 1018.8
0.09965 1018.8
0.09966 1018.8
0.09967 1018.8
0.09968 1018.8
0.09969 1018.8
0.09970 1018.8
0.09971 1018.8
0.09972 1018.8
0.09973 1018.8
0.09974 1018.8
0.09975 1018.8
0.09976 1018.8
0.09977 1018.8
0.09978 1018.8
0.09979 1018.8
0.09980 1018.8
0.09981 1018.8
0.09982 1018.8
0.09983 1018.8
0.09984 1018.8
0.09985 1018.8
0.09986 1018.8
0.09987 1018.8
0.09988 1018.8
0.09989 1018.8
0.09990 1018.8
0.09991 1018.8
0.09992 1018.8
0.09993 1018.8
0.09994 1018.8
0.09995 1018.8
0.09996 1018.8
0.09997 1018.8
0.09998 1018.8
0.09999 1018.8
0.10000 1018.8
0.10001 1018.8
0.10002 1018.8
0.10003 1018.8
0.10004 1018.8
0.10005 1018.8
0.10006 1018.8
0.10007 1018.8
0.10008 1018.8
0.10009 1018.8
0.10010 1018.8
0.10011 1018.8
0.10012 1018.8
0.10013 1018.8
0.10014 1018.8
0.10015 1018.8
0.10016 1018.8
0.10017 1018.8
0.10018 1018.8
0.10019 1018.8
0.10020 1018.8
0.10021 1018.8
0.10022 1018.8
0.10023 1018.8
0.10024 1018.8
0.10025 1018.8
0.10026 1018.8
0.10027 1018.8
0.10028 1018.8
0.10029 1018.8
0.10030 1018.8
0.10031 1018.8
0.10032 1018.8
0.10033 1018.8
0.10034 1018.8
0.10035 1018.8
0.10036 1018.8
0.10037 1018.8
0.10038 1018.8
0.10039 1018.8
0.10040 1018.8
0.10041 1018.8
0.10042 1018.8
0.10043 1018.8
0.10044 1018.8
0.10045 1018.8
0.10046 1018.8
0.10047 1018.8
0.10048 1018.8
0.10049 1018.8
0.10050 1018.8
0.10051 1018.8
0.10052 1018.8
0.10053 1018.8
0.10054 1018.8
0.10055 1018.8
0.10056 1018.8
0.10057 1018.8
0.10058 1018.8
0.10059 1018.8
0.10060 1018.8
0.10061 1018.8
0.10062 1018.8
0.10063 1018.8
0.10064 1018.8
0.10065 1018.8
0.10066 1018.8
0.10067 1018.8
0.10068 1018.8
0.10069 1018.8
0.10070 1018.8
0.10071 1018.8
0.10072 1018.8
0.10073 1018.8
0.10074 1018.8
0.10075 1018.8
0.10076 1018.8
0.10077 1018.8
0.10078 1018.8
0.10079 1018.8
0.10080 1018.8
0.10081 1018.8
0.10082 1018.8
0.10083 1018.8
0.10084 1018.8
0.10085 1018.8
0.10086 1018.8
0.10087 1018.8
0.10088 1018.8
0.10089 1018.8
0.10090 1018.8
0.10091 1018.8
0.10092 1018.8
0.10093 1018.8
0.10094 1018.8
0.10095 1018.8
0.10096 1018.8
0.10097 1018.8
0.10098 1018.8
0.10099 1018.8
0.10100 1018.8
0.10101 1037.4
0.10102 1056.2
0.10103 1075.4
0.10104 1094.8
0.10105 1114.5
0.10106 1134.5
0.10107 1154.8
0.10108 1175.4
0.10109 1196.3
0.10110 1217.5
0.10111 1239.0
0.10112 1260.9
0.10113 1283.0
0.10114 1305.5
0.10115 1328.4
0.10116 1351.6
0.10117 1375.1
0.10118 1399.1
0.10119 1423.3
0.10120 1448.0
0.10121 1473.1
0.10122 1498.6
0.10123 1524.5
0.10124 1550.9
0.10125 1577.7
0.10126 1605.1
0.10127 1632.9
0.10128 1661.4
0.10129 1690.5
0.10130 1720.2
0.10131 1750.6
0.10132 1781.9
0.10133 1814.0
0.10134 1847.1
0.10135 1881.2
0.10136 1916.6
0.10137 1953.3
0.10138 1991.6
0.10139 2031.6
0.10140 2073.7
0.10141 2118.0
0.10142 2164.9
0.10143 2214.9
0.10144 2268.5
0.10145 2326.1
0.10146 2388.6
0.10147 2456.8
0.10148 2531.6
0.10149 2614.3
0.10150 2706.4
0.10151 2759.8
0.10152 2823.8
0.10153 2900.0
0.10154 2990.1
0.10155 3096.1
0.10156 3220.5
0.10157 3366.1
0.10158 3536.0
0.10159 3733.9
0.10160 3963.5
0.10161 4228.2
0.10162 4530.7
0.10163 4871.5
0.10164 5248.3
0.10165 5653.7
0.10166 6075.8
0.10167 6498.1
0.10168 6903.3
0.10169 7276.3
0.10170 7607.5
0.10171 7893.0
0.10172 8133.4
0.10173 8332.1
0.10174 8493.5
0.10175 8622.5
0.10176 8723.1
0.10177 8799.2
0.10178 8853.7
0.10179 8889.3
0.10180 8908.0
0.10181 8911.7
0.10182 8901.7
0.10183 8879.2
0.10184 8845.3
0.10185 8800.7
0.10186 8746.1
0.10187 8682.3
0.10188 8609.7
0.10189 8528.8
0.10190 8440.1
0.10191 8344.0
0.10192 8240.9
0.10193 8131.3
0.10194 8015.5
0.10195 7894.1
0.10196 7767.3
0.10197 7635.6
0.10198 7499.5
0.10199 7359.5
0.10200 7215.9
0.10201 7069.2
0.10202 6920.0
0.10203 6768.6
0.10204 6615.6
0.10205 6461.4
0.10206 6306.5
0.10207 6151.3
0.10208 5996.2
0.10209 5841.8
0.10210 5688.3
0.10211 5536.2
0.10212 5385.8
0.10213 5237.5
0.10214 5091.4
0.10215 4948.1
0.10216 4807.5
0.10217 4670.1
0.10218 4535.9
0.10219 4405.1
0.10220 4277.9
0.10221 4154.4
0.10222 4034.6
0.10223 3918.6
0.10224 3806.5
0.10225 3698.1
0.10226 3593.6
0.10227 3492.9
0.10228 3395.9
0.10229 3302.6
0.10230 3213.0
0.10231 3126.9
0.10232 3044.2
0.10233 2964.9
0.10234 2888.8
0.10235 2815.9
0.10236 2746.0
0.10237 2679.0
0.10238 2614.8
0.10239 2553.4
0.10240 2494.5
0.10241 2438.0
0.10242 2384.0
0.10243 2332.1
0.10244 2282.5
0.10245 2234.9
0.10246 2189.2
0.10247 2145.4
0.10248 2103.4
0.10249 2063.0
0.10250 2024.3
0.10251 1987.0
0.10252 1951.2
0.10253 1916.8
0.10254 1883.8
0.10255 1851.9
0.10256 1821.3
0.10257 1791.8
0.10258 1763.3
0.10259 1735.9
0.10260 1709.5
0.10261 1684.1
0.10262 1659.5
0.10263 1635.8
0.10264 1612.9
0.10265 1590.9
0.10266 1569.6
0.10267 1549.0
0.10268 1529.1
0.10269 1509.9
0.10270 1491.4
0.10271 1473.5
0.10272 1456.2
0.10273 1439.5
0.10274 1423.4
0.10275 1407.8
0.10276 1392.8
0.10277 1378.3
0.10278 1364.2
0.10279 1350.7
0.10280 1337.6
0.10281 1325.0
0.10282 1312.8
0.10283 1301.1
0.10284 1289.7
0.10285 1278.8
0.10286 1268.2
0.10287 1258.0
0.10288 1248.2
0.10289 1238.7
0.10290 1229.6
0.10291 1220.7
0.10292 1212.2
0.10293 1204.0
0.10294 1196.1
0.10295 1188.5
0.10296 1181.1
0.10297 1174.0
0.10298 1167.2
0.10299 1160.6
0.10300 1154.2
0.10301 1148.1
0.10302 1142.2
0.10303 1136.5
0.10304 1130.9
0.10305 1125.6
0.10306 1120.5
0.10307 1115.5
0.10308 1110.8
0.10309 1106.1
0.10310 1101.7
0.10311 1097.4
0.10312 1093.2
0.10313 1089.2
0.10314 1085.3
0.10315 1081.6
0.10316 1078.0
0.10317 1074.5
0.10318 1071.1
0.10319 1067.8
0.10320 1064.6
0.10321 1061.6
0.10322 1058.6
0.10323 1055.8
0.10324 1053.0
0.10325 1050.3
0.10326 1047.7
0.10327 1045.2
0.10328 1042.8
0.10329 1040.4
0.10330 1038.2
0.10331 1036.0
0.10332 1033.8
0.10333 1031.8
0.10334 1029.8
0.10335 1027.8
0.10336 1025.9
0.10337 1024.1
0.10338 1022.3
0.10339 1020.6
0.10340 1019.0
0.10341 1017.3
0.10342 1015.8
0.10343 1014.3
0.10344 1012.8
0.10345 1011.4
0.10346 1010.0
0.10347 1008.6
0.10348 1007.3
0.10349 1006.1
0.10350 1004.8
0.10351 1003.6
0.10352 1002.5
0.10353 1001.3
0.10354 1000.3
0.10355 999.2
0.10356 998.2
0.10357 997.2
0.10358 996.2
0.10359 995.2
0.10360 994.3
0.10361 993.4
0.10362 992.5
0.10363 991.7
0.10364 990.9
0.10365 990.1
0.10366 989.3
0.10367 988.5
0.10368 987.8
0.10369 987.1
0.10370 986.4
0.10371 985.7
0.10372 985.1
0.10373 984.4
0.10374 983.8
0.10375 983.2
0.10376 982.6
0.10377 982.0
0.10378 981.5
0.10379 980.9
0.10380 980.4
0.10381 979.9
0.10382 979.4
0.10383 978.9
0.10384 978.4
0.10385 978.0
0.10386 977.5
0.10387 977.1
0.10388 976.6
0.10389 976.2
0.10390 975.8
0.10391 975.4
0.10392 975.0
0.10393 974.7
0.10394 974.3
0.10395 974.0
0.10396 973.6
0.10397 973.3
0.10398 972.9
0.10399 972.6
0.10400 972.3
0.10401 972.0
0.10402 971.7
0.10403 971.4
0.10404 971.1
0.10405 970.9
0.10406 970.6
0.10407 970.3
0.10408 970.1
0.10409 969.8
0.10410 969.6
0.10411 969.4
0.10412 969.1
0.10413 968.9
0.10414 968.7
0.10415 968.5
0.10416 968.3
0.10417 968.1
0.10418 967.9
0.10419 967.7
0.10420 967.5
0.10421 967.3
0.10422 967.2
0.10423 967.0
0.10424 966.8
0.10425 966.7
0.10426 966.5
0.10427 966.4
0.10428 966.2
0.10429 966.1
0.10430 965.9
0.10431 965.8
0.10432 965.7
0.10433 965.5
0.10434 965.4
0.10435 965.3
0.10436 965.2
0.10437 965.0
0.10438 964.9
0.10439 964.8
0.10440 964.7
0.10441 964.6
0.10442 964.5
0.10443 964.4
0.10444 964.3
0.10445 964.2
0.10446 964.1
0.10447 964.0
0.10448 963.9
0.10449 963.9
0.10450 963.8
0.10451 963.7
0.10452 963.6
0.10453 963.6
0.10454 963.5
0.10455 963.4
0.10456 963.4
0.10457 963.3
0.10458 963.2
0.10459 963.2
0.10460 963.1
0.10461 963.1
0.10462 963.0
0.10463 962.9
0.10464 962.9
0.10465 962.8
0.10466 962.8
0.10467 962.8
0.10468 962.7
0.10469 962.7
0.10470 962.6
0.10471 962.6
0.10472 962.6
0.10473 962.5
0.10474 962.5
0.10475 962.4
0.10476 962.4
0.10477 962.4
0.10478 962.4
0.10479 962.3
0.10480 962.3
0.10481 962.3
0.10482 962.3
0.10483 962.2
0.10484 962.2
0.10485 962.2
0.10486 962.2
0.10487 962.2
0.10488 962.1
0.10489 962.1
0.10490 962.1
0.10491 962.1
0.10492 962.1
0.10493 962.1
0.10494 962.1
0.10495 962.1
0.10496 962.0
0.10497 962.0
0.10498 962.0
0.10499 962.0
0.10500 962.0
0.10501 962.0
0.10502 962.0
0.10503 962.0
0.10504 962.0
0.10505 962.0
0.10506 962.0
0.10507 962.0
0.10508 962.0
0.10509 962.0
0.10510 962.0
0.10511 962.0
0.10512 962.0
0.10513 962.0
0.10514 962.1
0.10515 962.1
0.10516 962.1
0.10517 962.1
0.10518 962.1
0.10519 962.1
0.10520 962.1
0.10521 962.1
0.10522 962.1
0.10523 962.1
0.10524 962.2
0.10525 962.2
0.10526 962.2
0.10527 962.2
0.10528 962.2
0.10529 962.2
0.10530 962.3
0.10531 962.3
0.10532 962.3
0.10533 962.3
0.10534 962.3
0.10535 962.3
0.10536 962.4
0.10537 962.4
0.10538 962.4
0.10539 962.4
0.10540 962.5
0.10541 962.5
0.10542 962.5
0.10543 962.5
0.10544 962.5
0.10545 962.6
0.10546 962.6
0.10547 962.6
0.10548 962.6
0.10549 962.7
0.10550 962.7
0.10551 962.7
0.10552 962.8
0.10553 962.8
0.10554 962.8
0.10555 962.8
0.10556 962.9
0.10557 962.9
0.10558 962.9
0.10559 963.0
0.10560 963.0
0.10561 963.0
0.10562 963.0
0.10563 963.1
0.10564 963.1
0.10565 963.1
0.10566 963.2
0.10567 963.2
0.10568 963.2
0.10569 963.3
0.10570 963.3
0.10571 963.3
0.10572 963.4
0.10573 963.4
0.10574 963.4
0.10575 963.5
0.10576 963.5
0.10577 963.6
0.10578 963.6
0.10579 963.6
0.10580 963.7
0.10581 963.7
0.10582 963.7
0.10583 963.8
0.10584 963.8
0.10585 963.8
0.10586 963.9
0.10587 963.9
0.10588 964.0
0.10589 964.0
0.10590 964.0
0.10591 964.1
0.10592 964.1
0.10593 964.2
0.10594 964.2
0.10595 964.2
0.10596 964.3
0.10597 964.3
0.10598 964.4
0.10599 964.4
0.10600 964.4
0.10601 964.5
0.10602 964.5
0.10603 964.6
0.10604 964.6
0.10605 964.7
0.10606 964.7
0.10607 964.7
0.10608 964.8
0.10609 964.8
0.10610 964.9
0.10611 964.9
0.10612 965.0
0.10613 965.0
0.10614 965.0
0.10615 965.1
0.10616 965.1
0.10617 965.2
0.10618 965.2
0.10619 965.3
0.10620 965.3
0.10621 965.4
0.10622 965.4
0.10623 965.4
0.10624 965.5
0.10625 965.5
0.10626 965.6
0.10627 965.6
0.10628 965.7
0.10629 965.7
0.10630 965.8
0.10631 965.8
0.10632 965.9
0.10633 965.9
0.10634 966.0
0.10635 966.0
0.10636 966.1
0.10637 966.1
0.10638 966.1
0.10639 966.2
0.10640 966.2
0.10641 966.3
0.10642 966.3
0.10643 966.4
0.10644 966.4
0.10645 966.5
0.10646 966.5
0.10647 966.6
0.10648 966.6
0.10649 966.7
0.10650 966.7
0.10651 966.8
0.10652 966.8
0.10653 966.9
0.10654 966.9
0.10655 967.0
0.10656 967.0
0.10657 967.1
0.10658 967.1
0.10659 967.2
0.10660 967.2
0.10661 967.3
0.10662 967.3
0.10663 967.4
0.10664 967.4
0.10665 967.5
0.10666 967.5
0.10667 967.6
0.10668 967.6
0.10669 967.7
0.10670 967.7
0.10671 967.8
0.10672 967.8
0.10673 967.9
0.10674 967.9
0.10675 968.0
0.10676 968.1
0.10677 968.1
0.10678 968.2
0.10679 968.2
0.10680 968.3
0.10681 968.3
0.10682 968.4
0.10683 968.4
0.10684 968.5
0.10685 968.5
0.10686 968.6
0.10687 968.6
0.10688 968.7
0.10689 968.7
0.10690 968.8
0.10691 968.8
0.10692 968.9
0.10693 968.9
0.10694 969.0
0.10695 969.1
0.10696 969.1
0.10697 969.2
0.10698 969.2
0.10699 969.3
0.10700 969.3
0.10701 969.4
0.10702 969.4
0.10703 969.5
0.10704 969.5
0.10705 969.6
0.10706 969.6
0.10707 969.7
0.10708 969.8
0.10709 969.8
0.10710 969.9
0.10711 969.9
0.10712 970.0
0.10713 970.0
0.10714 970.1
0.10715 970.1
0.10716 970.2
0.10717 970.2
0.10718 970.3
0.10719 970.4
0.10720 970.4
0.10721 970.5
0.10722 970.5
0.10723 970.6
0.10724 970.6
0.10725 970.7
0.10726 970.7
0.10727 970.8
0.10728 970.9
0.10729 970.9
0.10730 971.0
0.10731 971.0
0.10732 971.1
0.10733 971.1
0.10734 971.2
0.10735 971.2
0.10736 971.3
0.10737 971.4
0.10738 971.4
0.10739 971.5
0.10740 971.5
0.10741 971.6
0.10742 971.6
0.10743 971.7
0.10744 971.7
0.10745 971.8
0.10746 971.9
0.10747 971.9
0.10748 972.0
0.10749 972.0
0.10750 972.1
0.10751 972.1
0.10752 972.2
0.10753 972.3
0.10754 972.3
0.10755 972.4
0.10756 972.4
0.10757 972.5
0.10758 972.5
0.10759 972.6
0.10760 972.6
0.10761 972.7
0.10762 972.8
0.10763 972.8
0.10764 972.9
0.10765 972.9
0.10766 973.0
0.10767 973.0
0.10768 973.1
0.10769 973.2
0.10770 973.2
0.10771 973.3
0.10772 973.3
0.10773 973.4
0.10774 973.4
0.10775 973.5
0.10776 973.6
0.10777 973.6
0.10778 973.7
0.10779 973.7
0.10780 973.8
0.10781 973.8
0.10782 973.9
0.10783 973.9
0.10784 974.0
0.10785 974.1
0.10786 974.1
0.10787 974.2
0.10788 974.2
0.10789 974.3
0.10790 974.3
0.10791 974.4
0.10792 974.5
0.10793 974.5
0.10794 974.6
0.10795 974.6
0.10796 974.7
0.10797 974.7
0.10798 974.8
0.10799 974.9
0.10800 974.9
0.10801 975.0
0.10802 975.0
0.10803 975.1
0.10804 975.1
0.10805 975.2
0.10806 975.3
0.10807 975.3
0.10808 975.4
0.10809 975.4
0.10810 975.5
0.10811 975.5
0.10812 975.6
0.10813 975.7
0.10814 975.7
0.10815 975.8
0.10816 975.8
0.10817 975.9
0.10818 975.9
0.10819 976.0
0.10820 976.1
0.10821 976.1
0.10822 976.2
0.10823 976.2
0.10824 976.3
0.10825 976.3
0.10826 976.4
0.10827 976.5
0.10828 976.5
0.10829 976.6
0.10830 976.6
0.10831 976.7
0.10832 976.7
0.10833 976.8
0.10834 976.9
0.10835 976.9
0.10836 977.0
0.10837 977.0
0.10838 977.1
0.10839 977.1
0.10840 977.2
0.10841 977.3
0.10842 977.3
0.10843 977.4
0.10844 977.4
0.10845 977.5
0.10846 977.5
0.10847 977.6
0.10848 977.6
0.10849 977.7
0.10850 977.8
0.10851 977.8
0.10852 977.9
0.10853 977.9
0.10854 978.0
0.10855 978.0
0.10856 978.1
0.10857 978.2
0.10858 978.2
0.10859 978.3
0.10860 978.3
0.10861 978.4
0.10862 978.4
0.10863 978.5
0.10864 978.6
0.10865 978.6
0.10866 978.7
0.10867 978.7
0.10868 978.8
0.10869 978.8
0.10870 978.9
0.10871 979.0
0.10872 979.0
0.10873 979.1
0.10874 979.1
0.10875 979.2
0.10876 979.2
0.10877 979.3
0.10878 979.3
0.10879 979.4
0.10880 979.5
0.10881 979.5
0.10882 979.6
0.10883 979.6
0.10884 979.7
0.10885 979.7
0.10886 979.8
0.10887 979.8
0.10888 979.9
0.10889 980.0
0.10890 980.0
0.10891 980.1
0.10892 980.1
0.10893 980.2
0.10894 980.2
0.10895 980.3
0.10896 980.4
0.10897 980.4
0.10898 980.5
0.10899 980.5
0.10900 980.6
0.10901 980.6
0.10902 980.7
0.10903 980.7
0.10904 980.8
0.10905 980.9
0.10906 980.9
0.10907 981.0
0.10908 981.0
0.10909 981.1
0.10910 981.1
0.10911 981.2
0.10912 981.2
0.10913 981.3
0.10914 981.4
0.10915 981.4
0.10916 981.5
0.10917 981.5
0.10918 981.6
0.10919 981.6
0.10920 981.7
0.10921 981.7
0.10922 981.8
0.10923 981.8
0.10924 981.9
0.10925 982.0
0.10926 982.0
0.10927 982.1
0.10928 982.1
0.10929 982.2
0.10930 982.2
0.10931 982.3
0.10932 982.3
0.10933 982.4
0.10934 982.4
0.10935 982.5
0.10936 982.6
0.10937 982.6
0.10938 982.7
0.10939 982.7
0.10940 982.8
0.10941 982.8
0.10942 982.9
0.10943 982.9
0.10944 983.0
0.10945 983.0
0.10946 983.1
0.10947 983.2
0.10948 983.2
0.10949 983.3
0.10950 983.3
0.10951 983.4
0.10952 983.4
0.10953 983.5
0.10954 983.5
0.10955 983.6
0.10956 983.6
0.10957 983.7
0.10958 983.7
0.10959 983.8
0.10960 983.9
0.10961 983.9
0.10962 984.0
0.10963 984.0
0.10964 984.1
0.10965 984.1
0.10966 984.2
0.10967 984.2
0.10968 984.3
0.10969 984.3
0.10970 984.4
0.10971 984.4
0.10972 984.5
0.10973 984.5
0.10974 984.6
0.10975 984.6
0.10976 984.7
0.10977 984.8
0.10978 984.8
0.10979 984.9
0.10980 984.9
0.10981 985.0
0.10982 985.0
0.10983 985.1
0.10984 985.1
0.10985 985.2
0.10986 985.2
0.10987 985.3
0.10988 985.3
0.10989 985.4
0.10990 985.4
0.10991 985.5
0.10992 985.5
0.10993 985.6
0.10994 985.6
0.10995 985.7
0.10996 985.7
0.10997 985.8
0.10998 985.9
0.10999 985.9
0.11000 986.0
0.11001 986.0
0.11002 986.1
0.11003 986.1
0.11004 986.2
0.11005 986.2
0.11006 986.3
0.11007 986.3
0.11008 986.4
0.11009 986.4
0.11010 986.5
0.11011 986.5
0.11012 986.6
0.11013 986.6
0.11014 986.7
0.11015 986.7
0.11016 986.8
0.11017 986.8
0.11018 986.9
0.11019 986.9
0.11020 987.0
0.11021 987.0
0.11022 987.1
0.11023 987.1
0.11024 987.2
0.11025 987.2
0.11026 987.3
0.11027 987.3
0.11028 987.4
0.11029 987.4
0.11030 987.5
0.11031 987.5
0.11032 987.6
0.11033 987.6
0.11034 987.7
0.11035 987.7
0.11036 987.8
0.11037 987.8
0.11038 987.9
0.11039 987.9
0.11040 988.0
0.11041 988.0
0.11042 988.1
0.11043 988.1
0.11044 988.2
0.11045 988.2
0.11046 988.3
0.11047 988.3
0.11048 988.4
0.11049 988.4
0.11050 988.5
0.11051 988.5
0.11052 988.6
0.11053 988.6
0.11054 988.7
0.11055 988.7
0.11056 988.8
0.11057 988.8
0.11058 988.9
0.11059 988.9
0.11060 989.0
0.11061 989.0
0.11062 989.1
0.11063 989.1
0.11064 989.2
0.11065 989.2
0.11066 989.3
0.11067 989.3
0.11068 989.3
0.11069 989.4
0.11070 989.4
0.11071 989.5
0.11072 989.5
0.11073 989.6
0.11074 989.6
0.11075 989.7
0.11076 989.7
0.11077 989.8
0.11078 989.8
0.11079 989.9
0.11080 989.9
0.11081 990.0
0.11082 990.0
0.11083 990.1
0.11084 990.1
0.11085 990.2
0.11086 990.2
0.11087 990.3
0.11088 990.3
0.11089 990.3
0.11090 990.4
0.11091 990.4
0.11092 990.5
0.11093 990.5
0.11094 990.6
0.11095 990.6
0.11096 990.7
0.11097 990.7
0.11098 990.8
0.11099 990.8
0.11100 990.9
0.11101 990.9
0.11102 991.0
0.11103 991.0
0.11104 991.0
0.11105 991.1
0.11106 991.1
0.11107 991.2
0.11108 991.2
0.11109 991.3
0.11110 991.3
0.11111 991.4
0.11112 991.4
0.11113 991.5
0.11114 991.5
0.11115 991.6
0.11116 991.6
0.11117 991.6
0.11118 991.7
0.11119 991.7
0.11120 991.8
0.11121 991.8
0.11122 991.9
0.11123 991.9
0.11124 992.0
0.11125 992.0
0.11126 992.0
0.11127 992.1
0.11128 992.1
0.11129 992.2
0.11130 992.2
0.11131 992.3
0.11132 992.3
0.11133 992.4
0.11134 992.4
0.11135 992.4
0.11136 992.5
0.11137 992.5
0.11138 992.6
0.11139 992.6
0.11140 992.7
0.11141 992.7
0.11142 992.8
0.11143 992.8
0.11144 992.8
0.11145 992.9
0.11146 992.9
0.11147 993.0
0.11148 993.0
0.11149 993.1
0.11150 993.1
0.11151 993.2
0.11152 993.2
0.11153 993.2
0.11154 993.3
0.11155 993.3
0.11156 993.4
0.11157 993.4
0.11158 993.5
0.11159 993.5
0.11160 993.5
0.11161 993.6
0.11162 993.6
0.11163 993.7
0.11164 993.7
0.11165 993.8
0.11166 993.8
0.11167 993.8
0.11168 993.9
0.11169 993.9
0.11170 994.0
0.11171 994.0
0.11172 994.1
0.11173 994.1
0.11174 994.1
0.11175 994.2
0.11176 994.2
0.11177 994.3
0.11178 994.3
0.11179 994.3
0.11180 994.4
0.11181 994.4
0.11182 994.5
0.11183 994.5
0.11184 994.6
0.11185 994.6
0.11186 994.6
0.11187 994.7
0.11188 994.7
0.11189 994.8
0.11190 994.8
0.11191 994.8
0.11192 994.9
0.11193 994.9
0.11194 995.0
0.11195 995.0
0.11196 995.0
0.11197 995.1
0.11198 995.1
0.11199 995.2
0.11200 995.2
0.11201 995.2
0.11202 995.3
0.11203 995.3
0.11204 995.4
0.11205 995.4
0.11206 995.5
0.11207 995.5
0.11208 995.5
0.11209 995.6
0.11210 995.6
0.11211 995.7
0.11212 995.7
0.11213 995.7
0.11214 995.8
0.11215 995.8
0.11216 995.9
0.11217 995.9
0.11218 995.9
0.11219 996.0
0.11220 996.0
0.11221 996.0
0.11222 996.1
0.11223 996.1
0.11224 996.2
0.11225 996.2
0.11226 996.2
0.11227 996.3
0.11228 996.3
0.11229 996.4
0.11230 996.4
0.11231 996.4
0.11232 996.5
0.11233 996.5
0.11234 996.6
0.11235 996.6
0.11236 996.6
0.11237 996.7
0.11238 996.7
0.11239 996.7
0.11240 996.8
0.11241 996.8
0.11242 996.9
0.11243 996.9
0.11244 996.9
0.11245 997.0
0.11246 997.0
0.11247 997.1
0.11248 997.1
0.11249 997.1
0.11250 997.2
0.11251 997.2
0.11252 997.2
0.11253 997.3
0.11254 997.3
0.11255 997.4
0.11256 997.4
0.11257 997.4
0.11258 997.5
0.11259 997.5
0.11260 997.5
0.11261 997.6
0.11262 997.6
0.11263 997.6
0.11264 997.7
0.11265 997.7
0.11266 997.8
0.11267 997.8
0.11268 997.8
0.11269 997.9
0.11270 997.9
0.11271 997.9
0.11272 998.0
0.11273 998.0
0.11274 998.1
0.11275 998.1
0.11276 998.1
0.11277 998.2
0.11278 998.2
0.11279 998.2
0.11280 998.3
0.11281 998.3
0.11282 998.3
0.11283 998.4
0.11284 998.4
0.11285 998.4
0.11286 998.5
0.11287 998.5
0.11288 998.6
0.11289 998.6
0.11290 998.6
0.11291 998.7
0.11292 998.7
0.11293 998.7
0.11294 998.8
0.11295 998.8
0.11296 998.8
0.11297 998.9
0.11298 998.9
0.11299 998.9
0.11300 999.0
0.11301 999.0
0.11302 999.0
0.11303 999.1
0.11304 999.1
0.11305 999.2
0.11306 999.2
0.11307 999.2
0.11308 999.3
0.11309 999.3
0.11310 999.3
0.11311 999.4
0.11312 999.4
0.11313 999.4
0.11314 999.5
0.11315 999.5
0.11316 999.5
0.11317 999.6
0.11318 999.6
0.11319 999.6
0.11320 999.7
0.11321 999.7
0.11322 999.7
0.11323 999.8
0.11324 999.8
0.11325 999.8
0.11326 999.9
0.11327 999.9
0.11328 999.9
0.11329 1000.0
0.11330 1000.0
0.11331 1000.0
0.11332 1000.1
0.11333 1000.1
0.11334 1000.1
0.11335 1000.2
0.11336 1000.2
0.11337 1000.2
0.11338 1000.3
0.11339 1000.3
0.11340 1000.3
0.11341 1000.4
0.11342 1000.4
0.11343 1000.4
0.11344 1000.5
0.11345 1000.5
0.11346 1000.5
0.11347 1000.6
0.11348 1000.6
0.11349 1000.6
0.11350 1000.7
0.11351 1000.7
0.11352 1000.7
0.11353 1000.7
0.11354 1000.8
0.11355 1000.8
0.11356 1000.8
0.11357 1000.9
0.11358 1000.9
0.11359 1000.9
0.11360 1001.0
0.11361 1001.0
0.11362 1001.0
0.11363 1001.1
0.11364 1001.1
0.11365 1001.1
0.11366 1001.2
0.11367 1001.2
0.11368 1001.2
0.11369 1001.3
0.11370 1001.3
0.11371 1001.3
0.11372 1001.3
0.11373 1001.4
0.11374 1001.4
0.11375 1001.4
0.11376 1001.5
0.11377 1001.5
0.11378 1001.5
0.11379 1001.6
0.11380 1001.6
0.11381 1001.6
0.11382 1001.7
0.11383 1001.7
0.11384 1001.7
0.11385 1001.7
0.11386 1001.8
0.11387 1001.8
0.11388 1001.8
0.11389 1001.9
0.11390 1001.9
0.11391 1001.9
0.11392 1002.0
0.11393 1002.0
0.11394 1002.0
0.11395 1002.0
0.11396 1002.1
0.11397 1002.1
0.11398 1002.1
0.11399 1002.2
0.11400 1002.2
0.11401 1002.2
0.11402 1002.3
0.11403 1002.3
0.11404 1002.3
0.11405 1002.3
0.11406 1002.4
0.11407 1002.4
0.11408 1002.4
0.11409 1002.5
0.11410 1002.5
0.11411 1002.5
0.11412 1002.5
0.11413 1002.6
0.11414 1002.6
0.11415 1002.6
0.11416 1002.7
0.11417 1002.7
0.11418 1002.7
0.11419 1002.7
0.11420 1002.8
0.11421 1002.8
0.11422 1002.8
0.11423 1002.9
0.11424 1002.9
0.11425 1002.9
0.11426 1002.9
0.11427 1003.0
0.11428 1003.0
0.11429 1003.0
0.11430 1003.1
0.11431 1003.1
0.11432 1003.1
0.11433 1003.1
0.11434 1003.2
0.11435 1003.2
0.11436 1003.2
0.11437 1003.3
0.11438 1003.3
0.11439 1003.3
0.11440 1003.3
0.11441 1003.4
0.11442 1003.4
0.11443 1003.4
0.11444 1003.4
0.11445 1003.5
0.11446 1003.5
0.11447 1003.5
0.11448 1003.6
0.11449 1003.6
0.11450 1003.6
0.11451 1003.6
0.11452 1003.7
0.11453 1003.7
0.11454 1003.7
0.11455 1003.7
0.11456 1003.8
0.11457 1003.8
0.11458 1003.8
0.11459 1003.9
0.11460 1003.9
0.11461 1003.9
0.11462 1003.9
0.11463 1004.0
0.11464 1004.0
0.11465 1004.0
0.11466 1004.0
0.11467 1004.1
0.11468 1004.1
0.11469 1004.1
0.11470 1004.1
0.11471 1004.2
0.11472 1004.2
0.11473 1004.2
0.11474 1004.2
0.11475 1004.3
0.11476 1004.3
0.11477 1004.3
0.11478 1004.3
0.11479 1004.4
0.11480 1004.4
0.11481 1004.4
0.11482 1004.5
0.11483 1004.5
0.11484 1004.5
0.11485 1004.5
0.11486 1004.6
0.11487 1004.6
0.11488 1004.6
0.11489 1004.6
0.11490 1004.7
0.11491 1004.7
0.11492 1004.7
0.11493 1004.7
0.11494 1004.8
0.11495 1004.8
0.11496 1004.8
0.11497 1004.8
0.11498 1004.9
0.11499 1004.9
0.11500 1004.9
0.11501 1004.9
0.11502 1005.0
0.11503 1005.0
0.11504 1005.0
0.11505 1005.0
0.11506 1005.1
0.11507 1005.1
0.11508 1005.1
0.11509 1005.1
0.11510 1005.2
0.11511 1005.2
0.11512 1005.2
0.11513 1005.2
0.11514 1005.2
0.11515 1005.3
0.11516 1005.3
0.11517 1005.3
0.11518 1005.3
0.11519 1005.4
0.11520 1005.4
0.11521 1005.4
0.11522 1005.4
0.11523 1005.5
0.11524 1005.5
0.11525 1005.5
0.11526 1005.5
0.11527 1005.6
0.11528 1005.6
0.11529 1005.6
0.11530 1005.6
0.11531 1005.7
0.11532 1005.7
0.11533 1005.7
0.11534 1005.7
0.11535 1005.7
0.11536 1005.8
0.11537 1005.8
0.11538 1005.8
0.11539 1005.8
0.11540 1005.9
0.11541 1005.9
0.11542 1005.9
0.11543 1005.9
0.11544 1006.0
0.11545 1006.0
0.11546 1006.0
0.11547 1006.0
0.11548 1006.0
0.11549 1006.1
0.11550 1006.1
0.11551 1006.1
0.11552 1006.1
0.11553 1006.2
0.11554 1006.2
0.11555 1006.2
0.11556 1006.2
0.11557 1006.2
0.11558 1006.3
0.11559 1006.3
0.11560 1006.3
0.11561 1006.3
0.11562 1006.4
0.11563 1006.4
0.11564 1006.4
0.11565 1006.4
0.11566 1006.4
0.11567 1006.5
0.11568 1006.5
0.11569 1006.5
0.11570 1006.5
0.11571 1006.6
0.11572 1006.6
0.11573 1006.6
0.11574 1006.6
0.11575 1006.6
0.11576 1006.7
0.11577 1006.7
0.11578 1006.7
0.11579 1006.7
0.11580 1006.8
0.11581 1006.8
0.11582 1006.8
0.11583 1006.8
0.11584 1006.8
0.11585 1006.9
0.11586 1006.9
0.11587 1006.9
0.11588 1006.9
0.11589 1006.9
0.11590 1007.0
0.11591 1007.0
0.11592 1007.0
0.11593 1007.0
0.11594 1007.1
0.11595 1007.1
0.11596 1007.1
0.11597 1007.1
0.11598 1007.1
0.11599 1007.2
0.11600 1007.2
0.11601 1007.2
0.11602 1007.2
0.11603 1007.2
0.11604 1007.3
0.11605 1007.3
0.11606 1007.3
0.11607 1007.3
0.11608 1007.3
0.11609 1007.4
0.11610 1007.4
0.11611 1007.4
0.11612 1007.4
0.11613 1007.4
0.11614 1007.5
0.11615 1007.5
0.11616 1007.5
0.11617 1007.5
0.11618 1007.5
0.11619 1007.6
0.11620 1007.6
0.11621 1007.6
0.11622 1007.6
0.11623 1007.6
0.11624 1007.7
0.11625 1007.7
0.11626 1007.7
0.11627 1007.7
0.11628 1007.7
0.11629 1007.8
0.11630 1007.8
0.11631 1007.8
0.11632 1007.8
0.11633 1007.8
0.11634 1007.9
0.11635 1007.9
0.11636 1007.9
0.11637 1007.9
0.11638 1007.9
0.11639 1008.0
0.11640 1008.0
0.11641 1008.0
0.11642 1008.0
0.11643 1008.0
0.11644 1008.1
0.11645 1008.1
0.11646 1008.1
0.11647 1008.1
0.11648 1008.1
0.11649 1008.1
0.11650 1008.2
0.11651 1008.2
0.11652 1008.2
0.11653 1008.2
0.11654 1008.2
0.11655 1008.3
0.11656 1008.3
0.11657 1008.3
0.11658 1008.3
0.11659 1008.3
0.11660 1008.4
0.11661 1008.4
0.11662 1008.4
0.11663 1008.4
0.11664 1008.4
0.11665 1008.4
0.11666 1008.5
0.11667 1008.5
0.11668 1008.5
0.11669 1008.5
0.11670 1008.5
0.11671 1008.6
0.11672 1008.6
0.11673 1008.6
0.11674 1008.6
0.11675 1008.6
0.11676 1008.6
0.11677 1008.7
0.11678 1008.7
0.11679 1008.7
0.11680 1008.7
0.11681 1008.7
0.11682 1008.8
0.11683 1008.8
0.11684 1008.8
0.11685 1008.8
0.11686 1008.8
0.11687 1008.8
0.11688 1008.9
0.11689 1008.9
0.11690 1008.9
0.11691 1008.9
0.11692 1008.9
0.11693 1008.9
0.11694 1009.0
0.11695 1009.0
0.11696 1009.0
0.11697 1009.0
0.11698 1009.0
0.11699 1009.0
0.11700 1009.1
0.11701 1009.1
0.11702 1009.1
0.11703 1009.1
0.11704 1009.1
0.11705 1009.2
0.11706 1009.2
0.11707 1009.2
0.11708 1009.2
0.11709 1009.2
0.11710 1009.2
0.11711 1009.3
0.11712 1009.3
0.11713 1009.3
0.11714 1009.3
0.11715 1009.3
0.11716 1009.3
0.11717 1009.4
0.11718 1009.4
0.11719 1009.4
0.11720 1009.4
0.11721 1009.4
0.11722 1009.4
0.11723 1009.5
0.11724 1009.5
0.11725 1009.5
0.11726 1009.5
0.11727 1009.5
0.11728 1009.5
0.11729 1009.6
0.11730 1009.6
0.11731 1009.6
0.11732 1009.6
0.11733 1009.6
0.11734 1009.6
0.11735 1009.6
0.11736 1009.7
0.11737 1009.7
0.11738 1009.7
0.11739 1009.7
0.11740 1009.7
0.11741 1009.7
0.11742 1009.8
0.11743 1009.8
0.11744 1009.8
0.11745 1009.8
0.11746 1009.8
0.11747 1009.8
0.11748 1009.9
0.11749 1009.9
0.11750 1009.9
0.11751 1009.9
0.11752 1009.9
0.11753 1009.9
0.11754 1009.9
0.11755 1010.0
0.11756 1010.0
0.11757 1010.0
0.11758 1010.0
0.11759 1010.0
0.11760 1010.0
0.11761 1010.1
0.11762 1010.1
0.11763 1010.1
0.11764 1010.1
0.11765 1010.1
0.11766 1010.1
0.11767 1010.1
0.11768 1010.2
0.11769 1010.2
0.11770 1010.2
0.11771 1010.2
0.11772 1010.2
0.11773 1010.2
0.11774 1010.3
0.11775 1010.3
0.11776 1010.3
0.11777 1010.3
0.11778 1010.3
0.11779 1010.3
0.11780 1010.3
0.11781 1010.4
0.11782 1010.4
0.11783 1010.4
0.11784 1010.4
0.11785 1010.4
0.11786 1010.4
0.11787 1010.4
0.11788 1010.5
0.11789 1010.5
0.11790 1010.5
0.11791 1010.5
0.11792 1010.5
0.11793 1010.5
0.11794 1010.5
0.11795 1010.6
0.11796 1010.6
0.11797 1010.6
0.11798 1010.6
0.11799 1010.6
0.11800 1010.6
0.11801 1010.6
0.11802 1010.7
0.11803 1010.7
0.11804 1010.7
0.11805 1010.7
0.11806 1010.7
0.11807 1010.7
0.11808 1010.7
0.11809 1010.8
0.11810 1010.8
0.11811 1010.8
0.11812 1010.8
0.11813 1010.8
0.11814 1010.8
0.11815 1010.8
0.11816 1010.9
0.11817 1010.9
0.11818 1010.9
0.11819 1010.9
0.11820 1010.9
0.11821 1010.9
0.11822 1010.9
0.11823 1011.0
0.11824 1011.0
0.11825 1011.0
0.11826 1011.0
0.11827 1011.0
0.11828 1011.0
0.11829 1011.0
0.11830 1011.0
0.11831 1011.1
0.11832 1011.1
0.11833 1011.1
0.11834 1011.1
0.11835 1011.1
0.11836 1011.1
0.11837 1011.1
0.11838 1011.2
0.11839 1011.2
0.11840 1011.2
0.11841 1011.2
0.11842 1011.2
0.11843 1011.2
0.11844 1011.2
0.11845 1011.2
0.11846 1011.3
0.11847 1011.3
0.11848 1011.3
0.11849 1011.3
0.11850 1011.3
0.11851 1011.3
0.11852 1011.3
0.11853 1011.3
0.11854 1011.4
0.11855 1011.4
0.11856 1011.4
0.11857 1011.4
0.11858 1011.4
0.11859 1011.4
0.11860 1011.4
0.11861 1011.5
0.11862 1011.5
0.11863 1011.5
0.11864 1011.5
0.11865 1011.5
0.11866 1011.5
0.11867 1011.5
0.11868 1011.5
0.11869 1011.6
0.11870 1011.6
0.11871 1011.6
0.11872 1011.6
0.11873 1011.6
0.11874 1011.6
0.11875 1011.6
0.11876 1011.6
0.11877 1011.7
0.11878 1011.7
0.11879 1011.7
0.11880 1011.7
0.11881 1011.7
0.11882 1011.7
0.11883 1011.7
0.11884 1011.7
0.11885 1011.7
0.11886 1011.8
0.11887 1011.8
0.11888 1011.8
0.11889 1011.8
0.11890 1011.8
0.11891 1011.8
0.11892 1011.8
0.11893 1011.8
0.11894 1011.9
0.11895 1011.9
0.11896 1011.9
0.11897 1011.9
0.11898 1011.9
0.11899 1011.9
0.11900 1011.9
0.11901 1011.9
0.11902 1012.0
0.11903 1012.0
0.11904 1012.0
0.11905 1012.0
0.11906 1012.0
0.11907 1012.0
0.11908 1012.0
0.11909 1012.0
0.11910 1012.0
0.11911 1012.1
0.11912 1012.1
0.11913 1012.1
0.11914 1012.1
0.11915 1012.1
0.11916 1012.1
0.11917 1012.1
0.11918 1012.1
0.11919 1012.1
0.11920 1012.2
0.11921 1012.2
0.11922 1012.2
0.11923 1012.2
0.11924 1012.2
0.11925 1012.2
0.11926 1012.2
0.11927 1012.2
0.11928 1012.3
0.11929 1012.3
0.11930 1012.3
0.11931 1012.3
0.11932 1012.3
0.11933 1012.3
0.11934 1012.3
0.11935 1012.3
0.11936 1012.3
0.11937 1012.3
0.11938 1012.4
0.11939 1012.4
0.11940 1012.4
0.11941 1012.4
0.11942 1012.4
0.11943 1012.4
0.11944 1012.4
0.11945 1012.4
0.11946 1012.4
0.11947 1012.5
0.11948 1012.5
0.11949 1012.5
0.11950 1012.5
0.11951 1012.5
0.11952 1012.5
0.11953 1012.5
0.11954 1012.5
0.11955 1012.5
0.11956 1012.6
0.11957 1012.6
0.11958 1012.6
0.11959 1012.6
0.11960 1012.6
0.11961 1012.6
0.11962 1012.6
0.11963 1012.6
0.11964 1012.6
0.11965 1012.6
0.11966 1012.7
0.11967 1012.7
0.11968 1012.7
0.11969 1012.7
0.11970 1012.7
0.11971 1012.7
0.11972 1012.7
0.11973 1012.7
0.11974 1012.7
0.11975 1012.8
0.11976 1012.8
0.11977 1012.8
0.11978 1012.8
0.11979 1012.8
0.11980 1012.8
0.11981 1012.8
0.11982 1012.8
0.11983 1012.8
0.11984 1012.8
0.11985 1012.9
0.11986 1012.9
0.11987 1012.9
0.11988 1012.9
0.11989 1012.9
0.11990 1012.9
0.11991 1012.9
0.11992 1012.9
0.11993 1012.9
0.11994 1012.9
0.11995 1013.0
0.11996 1013.0
0.11997 1013.0
0.11998 1013.0
0.11999 1013.0
0.12000 1018.8
0.12001 1018.8
0.12002 1018.8
0.12003 1018.8
0.12004 1018.8
0.12005 1018.8
0.12006 1018.8
0.12007 1018.8
0.12008 1018.8
0.12009 1018.8
0.12010 1018.8
0.12011 1018.8
0.12012 1018.8
0.12013 1018.8
0.12014 1018.8
0.12015 1018.8
0.12016 1018.8
0.12017 1018.8
0.12018 1018.8
0.12019 1018.8
0.12020 1018.8
0.12021 1018.8
0.12022 1018.8
0.12023 1018.8
0.12024 1018.8
0.12025 1018.8
0.12026 1018.8
0.12027 1018.8
0.12028 1018.8
0.12029 1018.8
0.12030 1018.8
0.12031 1018.8
0.12032 1018.8
0.12033 1018.8
0.12034 1018.8
0.12035 1018.8
0.12036 1018.8
0.12037 1018.8
0.12038 1018.8
0.12039 1018.8
0.12040 1018.8
0.12041 1018.8
0.12042 1018.8
0.12043 1018.8
0.12044 1018.8
0.12045 1018.8
0.12046 1018.8
0.12047 1018.8
0.12048 1018.8
0.12049 1018.8
0.12050 1018.8
0.12051 1018.8
0.12052 1018.8
0.12053 1018.8
0.12054 1018.8
0.12055 1018.8
0.12056 1018.8
0.12057 1018.8
0.12058 1018.8
0.12059 1018.8
0.12060 1018.8
0.12061 1018.8
0.12062 1018.8
0.12063 1018.8
0.12064 1018.8
0.12065 1018.8
0.12066 1018.8
0.12067 1018.8
0.12068 1018.8
0.12069 1018.8
0.12070 1018.8
0.12071 1018.8
0.12072 1018.8
0.12073 1018.8
0.12074 1018.8
0.12075 1018.8
0.12076 1018.8
0.12077 1018.8
0.12078 1018.8
0.12079 1018.8
0.12080 1018.8
0.12081 1018.8
0.12082 1018.8
0.12083 1018.8
0.12084 1018.8
0.12085 1018.8
0.12086 1018.8
0.12087 1018.8
0.12088 1018.8
0.12089 1018.8
0.12090 1018.8
0.12091 1018.8
0.12092 1018.8
0.12093 1018.8
0.12094 1018.8
0.12095 1018.8
0.12096 1018.8
0.12097 1018.8
0.12098 1018.8
0.12099 1018.8
0.12100 1018.8
0.12101 1018.8
0.12102 1018.8
0.12103 1018.8
0.12104 1018.8
0.12105 1018.8
0.12106 1018.8
0.12107 1018.8
0.12108 1018.8
0.12109 1018.8
0.12110 1018.8
0.12111 1018.8
0.12112 1018.8
0.12113 1018.8
0.12114 1018.8
0.12115 1018.8
0.12116 1018.8
0.12117 1018.8
0.12118 1018.8
0.12119 1018.8
0.12120 1018.8
0.12121 1018.8
0.12122 1018.8
0.12123 1018.8
0.12124 1018.8
0.12125 1018.8
0.12126 1018.8
0.12127 1018.8
0.12128 1018.8
0.12129 1018.8
0.12130 1018.8
0.12131 1018.8
0.12132 1018.8
0.12133 1018.8
0.12134 1018.8
0.12135 1018.8
0.12136 1018.8
0.12137 1018.8
0.12138 1018.8
0.12139 1018.8
0.12140 1018.8
0.12141 1018.8
0.12142 1018.8
0.12143 1018.8
0.12144 1018.8
0.12145 1018.8
0.12146 1018.8
0.12147 1018.8
0.12148 1018.8
0.12149 1018.8
0.12150 1018.8
0.12151 1018.8
0.12152 1018.8
0.12153 1018.8
0.12154 1018.8
0.12155 1018.8
0.12156 1018.8
0.12157 1018.8
0.12158 1018.8
0.12159 1018.8
0.12160 1018.8
0.12161 1018.8
0.12162 1018.8
0.12163 1018.8
0.12164 1018.8
0.12165 1018.8
0.12166 1018.8
0.12167 1018.8
0.12168 1018.8
0.12169 1018.8
0.12170 1018.8
0.12171 1018.8
0.12172 1018.8
0.12173 1018.8
0.12174 1018.8
0.12175 1018.8
0.12176 1018.8
0.12177 1018.8
0.12178 1018.8
0.12179 1018.8
0.12180 1018.8
0.12181 1018.8
0.12182 1018.8
0.12183 1018.8
0.12184 1018.8
0.12185 1018.8
0.12186 1018.8
0.12187 1018.8
0.12188 1018.8
0.12189 1018.8
0.12190 1018.8
0.12191 1018.8
0.12192 1018.8
0.12193 1018.8
0.12194 1018.8
0.12195 1018.8
0.12196 1018.8
0.12197 1018.8
0.12198 1018.8
0.12199 1018.8
0.12200 1018.8
0.12201 1018.8
0.12202 1018.8
0.12203 1018.8
0.12204 1018.8
0.12205 1018.8
0.12206 1018.8
0.12207 1018.8
0.12208 1018.8
0.12209 1018.8
0.12210 1018.8
0.12211 1018.8
0.12212 1018.8
0.12213 1018.8
0.12214 1018.8
0.12215 1018.8
0.12216 1018.8
0.12217 1018.8
0.12218 1018.8
0.12219 1018.8
0.12220 1018.8
0.12221 1018.8
0.12222 1018.8
0.12223 1018.8
0.12224 1018.8
0.12225 1018.8
0.12226 1018.8
0.12227 1018.8
0.12228 1018.8
0.12229 1018.8
0.12230 1018.8
0.12231 1018.8
0.12232 1018.8
0.12233 1018.8
0.12234 1018.8
0.12235 1018.8
0.12236 1018.8
0.12237 1018.8
0.12238 1018.8
0.12239 1018.8
0.12240 1018.8
0.12241 1018.8
0.12242 1018.8
0.12243 1018.8
0.12244 1018.8
0.12245 1018.8
0.12246 1018.8
0.12247 1018.8
0.12248 1018.8
0.12249 1018.8
0.12250 1018.8
0.12251 1018.8
0.12252 1018.8
0.12253 1018.8
0.12254 1018.8
0.12255 1018.8
0.12256 1018.8
0.12257 1018.8
0.12258 1018.8
0.12259 1018.8
0.12260 1018.8
0.12261 1018.8
0.12262 1018.8
0.12263 1018.8
0.12264 1018.8
0.12265 1018.8
0.12266 1018.8
0.12267 1018.8
0.12268 1018.8
0.12269 1018.8
0.12270 1018.8
0.12271 1018.8
0.12272 1018.8
0.12273 1018.8
0.12274 1018.8
0.12275 1018.8
0.12276 1018.8
0.12277 1018.8
0.12278 1018.8
0.12279 1018.8
0.12280 1018.8
0.12281 1018.8
0.12282 1018.8
0.12283 1018.8
0.12284 1018.8
0.12285 1018.8
0.12286 1018.8
0.12287 1018.8
0.12288 1018.8
0.12289 1018.8
0.12290 1018.8
0.12291 1018.8
0.12292 1018.8
0.12293 1018.8
0.12294 1018.8
0.12295 1018.8
0.12296 1018.8
0.12297 1018.8
0.12298 1018.8
0.12299 1018.8
0.12300 1018.8
0.12301 1018.8
0.12302 1018.8
0.12303 1018.8
0.12304 1018.8
0.12305 1018.8
0.12306 1018.8
0.12307 1018.8
0.12308 1018.8
0.12309 1018.8
0.12310 1018.8
0.12311 1018.8
0.12312 1018.8
0.12313 1018.8
0.12314 1018.8
0.12315 1018.8
0.12316 1018.8
0.12317 1018.8
0.12318 1018.8
0.12319 1018.8
0.12320 1018.8
0.12321 1018.8
0.12322 1018.8
0.12323 1018.8
0.12324 1018.8
0.12325 1018.8
0.12326 1018.8
0.12327 1018.8
0.12328 1018.8
0.12329 1018.8
0.12330 1018.8
0.12331 1018.8
0.12332 1018.8
0.12333 1018.8
0.12334 1018.8
0.12335 1018.8
0.12336 1018.8
0.12337 1018.8
0.12338 1018.8
0.12339 1018.8
0.12340 1018.8
0.12341 1018.8
0.12342 1018.8
0.12343 1018.8
0.12344 1018.8
0.12345 1018.8
0.12346 1018.8
0.12347 1018.8
0.12348 1018.8
0.12349 1018.8
0.12350 1018.8
0.12351 1018.8
0.12352 1018.8
0.12353 1018.8
0.12354 1018.8
0.12355 1018.8
0.12356 1018.8
0.12357 1018.8
0.12358 1018.8
0.12359 1018.8
0.12360 1018.8
0.12361 1018.8
0.12362 1018.8
0.12363 1018.8
0.12364 1018.8
0.12365 1018.8
0.12366 1018.8
0.12367 1018.8
0.12368 1018.8
0.12369 1018.8
0.12370 1018.8
0.12371 1018.8
0.12372 1018.8
0.12373 1018.8
0.12374 1018.8
0.12375 1018.8
0.12376 1018.8
0.12377 1018.8
0.12378 1018.8
0.12379 1018.8
0.12380 1018.8
0.12381 1018.8
0.12382 1018.8
0.12383 1018.8
0.12384 1018.8
0.12385 1018.8
0.12386 1018.8
0.12387 1018.8
0.12388 1018.8
0.12389 1018.8
0.12390 1018.8
0.12391 1018.8
0.12392 1018.8
0.12393 1018.8
0.12394 1018.8
0.12395 1018.8
0.12396 1018.8
0.12397 1018.8
0.12398 1018.8
0.12399 1018.8
0.12400 1018.8
0.12401 1018.8
0.12402 1018.8
0.12403 1018.8
0.12404 1018.8
0.12405 1018.8
0.12406 1018.8
0.12407 1018.8
0.12408 1018.8
0.12409 1018.8
0.12410 1018.8
0.12411 1018.8
0.12412 1018.8
0.12413 1018.8
0.12414 1018.8
0.12415 1018.8
0.12416 1018.8
0.12417 1018.8
0.12418 1018.8
0.12419 1018.8
0.12420 1018.8
0.12421 1018.8
0.12422 1018.8
0.12423 1018.8
0.12424 1018.8
0.12425 1018.8
0.12426 1018.8
0.12427 1018.8
0.12428 1018.8
0.12429 1018.8
0.12430 1018.8
0.12431 1018.8
0.12432 1018.8
0.12433 1018.8
0.12434 1018.8
0.12435 1018.8
0.12436 1018.8
0.12437 1018.8
0.12438 1018.8
0.12439 1018.8
0.12440 1018.8
0.12441 1018.8
0.12442 1018.8
0.12443 1018.8
0.12444 1018.8
0.12445 1018.8
0.12446 1018.8
0.12447 1018.8
0.12448 1018.8
0.12449 1018.8
0.12450 1018.8
0.12451 1018.8
0.12452 1018.8
0.12453 1018.8
0.12454 1018.8
0.12455 1018.8
0.12456 1018.8
0.12457 1018.8
0.12458 1018.8
0.12459 1018.8
0.12460 1018.8
0.12461 1018.8
0.12462 1018.8
0.12463 1018.8
0.12464 1018.8
0.12465 1018.8
0.12466 1018.8
0.12467 1018.8
0.12468 1018.8
0.12469 1018.8
0.12470 1018.8
0.12471 1018.8
0.12472 1018.8
0.12473 1018.8
0.12474 1018.8
0.12475 1018.8
0.12476 1018.8
0.12477 1018.8
0.12478 1018.8
0.12479 1018.8
0.12480 1018.8
0.12481 1018.8
0.12482 1018.8
0.12483 1018.8
0.12484 1018.8
0.12485 1018.8
0.12486 1018.8
0.12487 1018.8
0.12488 1018.8
0.12489 1018.8
0.12490 1018.8
0.12491 1018.8
0.12492 1018.8
0.12493 1018.8
0.12494 1018.8
0.12495 1018.8
0.12496 1018.8
0.12497 1018.8
0.12498 1018.8
0.12499 1018.8
0.12500 1018.8
0.12501 1018.8
0.12502 1018.8
0.12503 1018.8
0.12504 1018.8
0.12505 1018.8
0.12506 1018.8
0.12507 1018.8
0.12508 1018.8
0.12509 1018.8
0.12510 1018.8
0.12511 1018.8
0.12512 1018.8
0.12513 1018.8
0.12514 1018.8
0.12515 1018.8
0.12516 1018.8
0.12517 1018.8
0.12518 1018.8
0.12519 1018.8
0.12520 1018.8
0.12521 1018.8
0.12522 1018.8
0.12523 1018.8
0.12524 1018.8
0.12525 1018.8
0.12526 1018.8
0.12527 1018.8
0.12528 1018.8
0.12529 1018.8
0.12530 1018.8
0.12531 1018.8
0.12532 1018.8
0.12533 1018.8
0.12534 1018.8
0.12535 1018.8
0.12536 1018.8
0.12537 1018.8
0.12538 1018.8
0.12539 1018.8
0.12540 1018.8
0.12541 1018.8
0.12542 1018.8
0.12543 1018.8
0.12544 1018.8
0.12545 1018.8
0.12546 1018.8
0.12547 1018.8
0.12548 1018.8
0.12549 1018.8
0.12550 1018.8
0.12551 1018.8
0.12552 1018.8
0.12553 1018.8
0.12554 1018.8
0.12555 1018.8
0.12556 1018.8
0.12557 1018.8
0.12558 1018.8
0.12559 1018.8
0.12560 1018.8
0.12561 1018.8
0.12562 1018.8
0.12563 1018.8
0.12564 1018.8
0.12565 1018.8
0.12566 1018.8
0.12567 1018.8
0.12568 1018.8
0.12569 1018.8
0.12570 1018.8
0.12571 1018.8
0.12572 1018.8
0.12573 1018.8
0.12574 1018.8
0.12575 1018.8
0.12576 1018.8
0.12577 1018.8
0.12578 1018.8
0.12579 1018.8
0.12580 1018.8
0.12581 1018.8
0.12582 1018.8
0.12583 1018.8
0.12584 1018.8
0.12585 1018.8
0.12586 1018.8
0.12587 1018.8
0.12588 1018.8
0.12589 1018.8
0.12590 1018.8
0.12591 1018.8
0.12592 1018.8
0.12593 1018.8
0.12594 1018.8
0.12595 1018.8
0.12596 1018.8
0.12597 1018.8
0.12598 1018.8
0.12599 1018.8
0.12600 1018.8
0.12601 1018.8
0.12602 1018.8
0.12603 1018.8
0.12604 1018.8
0.12605 1018.8
0.12606 1018.8
0.12607 1018.8
0.12608 1018.8
0.12609 1018.8
0.12610 1018.8
0.12611 1018.8
0.12612 1018.8
0.12613 1018.8
0.12614 1018.8
0.12615 1018.8
0.12616 1018.8
0.12617 1018.8
0.12618 1018.8
0.12619 1018.8
0.12620 1018.8
0.12621 1018.8
0.12622 1018.8
0.12623 1018.8
0.12624 1018.8
0.12625 1018.8
0.12626 1018.8
0.12627 1018.8
0.12628 1018.8
0.12629 1018.8
0.12630 1018.8
0.12631 1018.8
0.12632 1018.8
0.12633 1018.8
0.12634 1018.8
0.12635 1018.8
0.12636 1018.8
0.12637 1018.8
0.12638 1018.8
0.12639 1018.8
0.12640 1018.8
0.12641 1018.8
0.12642 1018.8
0.12643 1018.8
0.12644 1018.8
0.12645 1018.8
0.12646 1018.8
0.12647 1018.8
0.12648 1018.8
0.12649 1018.8
0.12650 1018.8
0.12651 1018.8
0.12652 1018.8
0.12653 1018.8
0.12654 1018.8
0.12655 1018.8
0.12656 1018.8
0.12657 1018.8
0.12658 1018.8
0.12659 1018.8
0.12660 1018.8
0.12661 1018.8
0.12662 1018.8
0.12663 1018.8
0.12664 1018.8
0.12665 1018.8
0.12666 1018.8
0.12667 1018.8
0.12668 1018.8
0.12669 1018.8
0.12670 1018.8
0.12671 1018.8
0.12672 1018.8
0.12673 1018.8
0.12674 1018.8
0.12675 1018.8
0.12676 1018.8
0.12677 1018.8
0.12678 1018.8
0.12679 1018.8
0.12680 1018.8
0.12681 1018.8
0.12682 1018.8
0.12683 1018.8
0.12684 1018.8
0.12685 1018.8
0.12686 1018.8
0.12687 1018.8
0.12688 1018.8
0.12689 1018.8
0.12690 1018.8
0.12691 1018.8
0.12692 1018.8
0.12693 1018.8
0.12694 1018.8
0.12695 1018.8
0.12696 1018.8
0.12697 1018.8
0.12698 1018.8
0.12699 1018.8
0.12700 1018.8
0.12701 1018.8
0.12702 1018.8
0.12703 1018.8
0.12704 1018.8
0.12705 1018.8
0.12706 1018.8
0.12707 1018.8
0.12708 1018.8
0.12709 1018.8
0.12710 1018.8
0.12711 1018.8
0.12712 1018.8
0.12713 1018.8
0.12714 1018.8
0.12715 1018.8
0.12716 1018.8
0.12717 1018.8
0.12718 1018.8
0.12719 1018.8
0.12720 1018.8
0.12721 1018.8
0.12722 1018.8
0.12723 1018.8
0.12724 1018.8
0.12725 1018.8
0.12726 1018.8
0.12727 1018.8
0.12728 1018.8
0.12729 1018.8
0.12730 1018.8
0.12731 1018.8
0.12732 1018.8
0.12733 1018.8
0.12734 1018.8
0.12735 1018.8
0.12736 1018.8
0.12737 1018.8
0.12738 1018.8
0.12739 1018.8
0.12740 1018.8
0.12741 1018.8
0.12742 1018.8
0.12743 1018.8
0.12744 1018.8
0.12745 1018.8
0.12746 1018.8
0.12747 1018.8
0.12748 1018.8
0.12749 1018.8
0.12750 1018.8
0.12751 1018.8
0.12752 1018.8
0.12753 1018.8
0.12754 1018.8
0.12755 1018.8
0.12756 1018.8
0.12757 1018.8
0.12758 1018.8
0.12759 1018.8
0.12760 1018.8
0.12761 1018.8
0.12762 1018.8
0.12763 1018.8
0.12764 1018.8
0.12765 1018.8
0.12766 1018.8
0.12767 1018.8
0.12768 1018.8
0.12769 1018.8
0.12770 1018.8
0.12771 1018.8
0.12772 1018.8
0.12773 1018.8
0.12774 1018.8
0.12775 1018.8
0.12776 1018.8
0.12777 1018.8
0.12778 1018.8
0.12779 1018.8
0.12780 1018.8
0.12781 1018.8
0.12782 1018.8
0.12783 1018.8
0.12784 1018.8
0.12785 1018.8
0.12786 1018.8
0.12787 1018.8
0.12788 1018.8
0.12789 1018.8
0.12790 1018.8
0.12791 1018.8
0.12792 1018.8
0.12793 1018.8
0.12794 1018.8
0.12795 1018.8
0.12796 1018.8
0.12797 1018.8
0.12798 1018.8
0.12799 1018.8
0.12800 1018.8
0.12801 1018.8
0.12802 1018.8
0.12803 1018.8
0.12804 1018.8
0.12805 1018.8
0.12806 1018.8
0.12807 1018.8
0.12808 1018.8
0.12809 1018.8
0.12810 1018.8
0.12811 1018.8
0.12812 1018.8
0.12813 1018.8
0.12814 1018.8
0.12815 1018.8
0.12816 1018.8
0.12817 1018.8
0.12818 1018.8
0.12819 1018.8
0.12820 1018.8
0.12821 1018.8
0.12822 1018.8
0.12823 1018.8
0.12824 1018.8
0.12825 1018.8
0.12826 1018.8
0.12827 1018.8
0.12828 1018.8
0.12829 1018.8
0.12830 1018.8
0.12831 1018.8
0.12832 1018.8
0.12833 1018.8
0.12834 1018.8
0.12835 1018.8
0.12836 1018.8
0.12837 1018.8
0.12838 1018.8
0.12839 1018.8
0.12840 1018.8
0.12841 1018.8
0.12842 1018.8
0.12843 1018.8
0.12844 1018.8
0.12845 1018.8
0.12846 1018.8
0.12847 1018.8
0.12848 1018.8
0.12849 1018.8
0.12850 1018.8
0.12851 1018.8
0.12852 1018.8
0.12853 1018.8
0.12854 1018.8
0.12855 1018.8
0.12856 1018.8
0.12857 1018.8
0.12858 1018.8
0.12859 1018.8
0.12860 1018.8
0.12861 1018.8
0.12862 1018.8
0.12863 1018.8
0.12864 1018.8
0.12865 1018.8
0.12866 1018.8
0.12867 1018.8
0.12868 1018.8
0.12869 1018.8
0.12870 1018.8
0.12871 1018.8
0.12872 1018.8
0.12873 1018.8
0.12874 1018.8
0.12875 1018.8
0.12876 1018.8
0.12877 1018.8
0.12878 1018.8
0.12879 1018.8
0.12880 1018.8
0.12881 1018.8
0.12882 1018.8
0.12883 1018.8
0.12884 1018.8
0.12885 1018.8
0.12886 1018.8
0.12887 1018.8
0.12888 1018.8
0.12889 1018.8
0.12890 1018.8
0.12891 1018.8
0.12892 1018.8
0.12893 1018.8
0.12894 1018.8
0.12895 1018.8
0.12896 1018.8
0.12897 1018.8
0.12898 1018.8
0.12899 1018.8
0.12900 1018.8
0.12901 1018.8
0.12902 1018.8
0.12903 1018.8
0.12904 1018.8
0.12905 1018.8
0.12906 1018.8
0.12907 1018.8
0.12908 1018.8
0.12909 1018.8
0.12910 1018.8
0.12911 1018.8
0.12912 1018.8
0.12913 1018.8
0.12914 1018.8
0.12915 1018.8
0.12916 1018.8
0.12917 1018.8
0.12918 1018.8
0.12919 1018.8
0.12920 1018.8
0.12921 1018.8
0.12922 1018.8
0.12923 1018.8
0.12924 1018.8
0.12925 1018.8
0.12926 1018.8
0.12927 1018.8
0.12928 1018.8
0.12929 1018.8
0.12930 1018.8
0.12931 1018.8
0.12932 1018.8
0.12933 1018.8
0.12934 1018.8
0.12935 1018.8
0.12936 1018.8
0.12937 1018.8
0.12938 1018.8
0.12939 1018.8
0.12940 1018.8
0.12941 1018.8
0.12942 1018.8
0.12943 1018.8
0.12944 1018.8
0.12945 1018.8
0.12946 1018.8
0.12947 1018.8
0.12948 1018.8
0.12949 1018.8
0.12950 1018.8
0.12951 1018.8
0.12952 1018.8
0.12953 1018.8
0.12954 1018.8
0.12955 1018.8
0.12956 1018.8
0.12957 1018.8
0.12958 1018.8
0.12959 1018.8
0.12960 1018.8
0.12961 1018.8
0.12962 1018.8
0.12963 1018.8
0.12964 1018.8
0.12965 1018.8
0.12966 1018.8
0.12967 1018.8
0.12968 1018.8
0.12969 1018.8
0.12970 1018.8
0.12971 1018.8
0.12972 1018.8
0.12973 1018.8
0.12974 1018.8
0.12975 1018.8
0.12976 1018.8
0.12977 1018.8
0.12978 1018.8
0.12979 1018.8
0.12980 1018.8
0.12981 1018.8
0.12982 1018.8
0.12983 1018.8
0.12984 1018.8
0.12985 1018.8
0.12986 1018.8
0.12987 1018.8
0.12988 1018.8
0.12989 1018.8
0.12990 1018.8
0.12991 1018.8
0.12992 1018.8
0.12993 1018.8
0.12994 1018.8
0.12995 1018.8
0.12996 1018.8
0.12997 1018.8
0.12998 1018.8
0.12999 1018.8
0.13000 1018.8
0.13001 1018.8
0.13002 1018.8
0.13003 1018.8
0.13004 1018.8
0.13005 1018.8
0.13006 1018.8
0.13007 1018.8
0.13008 1018.8
0.13009 1018.8
0.13010 1018.8
0.13011 1018.8
0.13012 1018.8
0.13013 1018.8
0.13014 1018.8
0.13015 1018.8
0.13016 1018.8
0.13017 1018.8
0.13018 1018.8
0.13019 1018.8
0.13020 1018.8
0.13021 1018.8
0.13022 1018.8
0.13023 1018.8
0.13024 1018.8
0.13025 1018.8
0.13026 1018.8
0.13027 1018.8
0.13028 1018.8
0.13029 1018.8
0.13030 1018.8
0.13031 1018.8
0.13032 1018.8
0.13033 1018.8
0.13034 1018.8
0.13035 1018.8
0.13036 1018.8
0.13037 1018.8
0.13038 1018.8
0.13039 1018.8
0.13040 1018.8
0.13041 1018.8
0.13042 1018.8
0.13043 1018.8
0.13044 1018.8
0.13045 1018.8
0.13046 1018.8
0.13047 1018.8
0.13048 1018.8
0.13049 1018.8
0.13050 1018.8
0.13051 1018.8
0.13052 1018.8
0.13053 1018.8
0.13054 1018.8
0.13055 1018.8
0.13056 1018.8
0.13057 1018.8
0.13058 1018.8
0.13059 1018.8
0.13060 1018.8
0.13061 1018.8
0.13062 1018.8
0.13063 1018.8
0.13064 1018.8
0.13065 1018.8
0.13066 1018.8
0.13067 1018.8
0.13068 1018.8
0.13069 1018.8
0.13070 1018.8
0.13071 1018.8
0.13072 1018.8
0.13073 1018.8
0.13074 1018.8
0.13075 1018.8
0.13076 1018.8
0.13077 1018.8
0.13078 1018.8
0.13079 1018.8
0.13080 1018.8
0.13081 1018.8
0.13082 1018.8
0.13083 1018.8
0.13084 1018.8
0.13085 1018.8
0.13086 1018.8
0.13087 1018.8
0.13088 1018.8
0.13089 1018.8
0.13090 1018.8
0.13091 1018.8
0.13092 1018.8
0.13093 1018.8
0.13094 1018.8
0.13095 1018.8
0.13096 1018.8
0.13097 1018.8
0.13098 1018.8
0.13099 1018.8
0.13100 1018.8
0.13101 1018.8
0.13102 1018.8
0.13103 1018.8
0.13104 1018.8
0.13105 1018.8
0.13106 1018.8
0.13107 1018.8
0.13108 1018.8
0.13109 1018.8
0.13110 1018.8
0.13111 1018.8
0.13112 1018.8
0.13113 1018.8
0.13114 1018.8
0.13115 1018.8
0.13116 1018.8
0.13117 1018.8
0.13118 1018.8
0.13119 1018.8
0.13120 1018.8
0.13121 1018.8
0.13122 1018.8
0.13123 1018.8
0.13124 1018.8
0.13125 1018.8
0.13126 1018.8
0.13127 1018.8
0.13128 1018.8
0.13129 1018.8
0.13130 1018.8
0.13131 1018.8
0.13132 1018.8
0.13133 1018.8
0.13134 1018.8
0.13135 1018.8
0.13136 1018.8
0.13137 1018.8
0.13138 1018.8
0.13139 1018.8
0.13140 1018.8
0.13141 1018.8
0.13142 1018.8
0.13143 1018.8
0.13144 1018.8
0.13145 1018.8
0.13146 1018.8
0.13147 1018.8
0.13148 1018.8
0.13149 1018.8
0.13150 1018.8
0.13151 1018.8
0.13152 1018.8
0.13153 1018.8
0.13154 1018.8
0.13155 1018.8
0.13156 1018.8
0.13157 1018.8
0.13158 1018.8
0.13159 1018.8
0.13160 1018.8
0.13161 1018.8
0.13162 1018.8
0.13163 1018.8
0.13164 1018.8
0.13165 1018.8
0.13166 1018.8
0.13167 1018.8
0.13168 1018.8
0.13169 1018.8
0.13170 1018.8
0.13171 1018.8
0.13172 1018.8
0.13173 1018.8
0.13174 1018.8
0.13175 1018.8
0.13176 1018.8
0.13177 1018.8
0.13178 1018.8
0.13179 1018.8
0.13180 1018.8
0.13181 1018.8
0.13182 1018.8
0.13183 1018.8
0.13184 1018.8
0.13185 1018.8
0.13186 1018.8
0.13187 1018.8
0.13188 1018.8
0.13189 1018.8
0.13190 1018.8
0.13191 1018.8
0.13192 1018.8
0.13193 1018.8
0.13194 1018.8
0.13195 1018.8
0.13196 1018.8
0.13197 1018.8
0.13198 1018.8
0.13199 1018.8
0.13200 1018.8
0.13201 1018.8
0.13202 1018.8
0.13203 1018.8
0.13204 1018.8
0.13205 1018.8
0.13206 1018.8
0.13207 1018.8
0.13208 1018.8
0.13209 1018.8
0.13210 1018.8
0.13211 1018.8
0.13212 1018.8
0.13213 1018.8
0.13214 1018.8
0.13215 1018.8
0.13216 1018.8
0.13217 1018.8
0.13218 1018.8
0.13219 1018.8
0.13220 1018.8
0.13221 1018.8
0.13222 1018.8
0.13223 1018.8
0.13224 1018.8
0.13225 1018.8
0.13226 1018.8
0.13227 1018.8
0.13228 1018.8
0.13229 1018.8
0.13230 1018.8
0.13231 1018.8
0.13232 1018.8
0.13233 1018.8
0.13234 1018.8
0.13235 1018.8
0.13236 1018.8
0.13237 1018.8
0.13238 1018.8
0.13239 1018.8
0.13240 1018.8
0.13241 1018.8
0.13242 1018.8
0.13243 1018.8
0.13244 1018.8
0.13245 1018.8
0.13246 1018.8
0.13247 1018.8
0.13248 1018.8
0.13249 1018.8
0.13250 1018.8
0.13251 1018.8
0.13252 1018.8
0.13253 1018.8
0.13254 1018.8
0.13255 1018.8
0.13256 1018.8
0.13257 1018.8
0.13258 1018.8
0.13259 1018.8
0.13260 1018.8
0.13261 1018.8
0.13262 1018.8
0.13263 1018.8
0.13264 1018.8
0.13265 1018.8
0.13266 1018.8
0.13267 1018.8
0.13268 1018.8
0.13269 1018.8
0.13270 1018.8
0.13271 1018.8
0.13272 1018.8
0.13273 1018.8
0.13274 1018.8
0.13275 1018.8
0.13276 1018.8
0.13277 1018.8
0.13278 1018.8
0.13279 1018.8
0.13280 1018.8
0.13281 1018.8
0.13282 1018.8
0.13283 1018.8
0.13284 1018.8
0.13285 1018.8
0.13286 1018.8
0.13287 1018.8
0.13288 1018.8
0.13289 1018.8
0.13290 1018.8
0.13291 1018.8
0.13292 1018.8
0.13293 1018.8
0.13294 1018.8
0.13295 1018.8
0.13296 1018.8
0.13297 1018.8
0.13298 1018.8
0.13299 1018.8
0.13300 1018.8
0.13301 1018.8
0.13302 1018.8
0.13303 1018.8
0.13304 1018.8
0.13305 1018.8
0.13306 1018.8
0.13307 1018.8
0.13308 1018.8
0.13309 1018.8
0.13310 1018.8
0.13311 1018.8
0.13312 1018.8
0.13313 1018.8
0.13314 1018.8
0.13315 1018.8
0.13316 1018.8
0.13317 1018.8
0.13318 1018.8
0.13319 1018.8
0.13320 1018.8
0.13321 1018.8
0.13322 1018.8
0.13323 1018.8
0.13324 1018.8
0.13325 1018.8
0.13326 1018.8
0.13327 1018.8
0.13328 1018.8
0.13329 1018.8
0.13330 1018.8
0.13331 1018.8
0.13332 1018.8
0.13333 1018.8
0.13334 1018.8
0.13335 1018.8
0.13336 1018.8
0.13337 1018.8
0.13338 1018.8
0.13339 1018.8
0.13340 1018.8
0.13341 1018.8
0.13342 1018.8
0.13343 1018.8
0.13344 1018.8
0.13345 1018.8
0.13346 1018.8
0.13347 1018.8
0.13348 1018.8
0.13349 1018.8
0.13350 1018.8
0.13351 1018.8
0.13352 1018.8
0.13353 1018.8
0.13354 1018.8
0.13355 1018.8
0.13356 1018.8
0.13357 1018.8
0.13358 1018.8
0.13359 1018.8
0.13360 1018.8
0.13361 1018.8
0.13362 1018.8
0.13363 1018.8
0.13364 1018.8
0.13365 1018.8
0.13366 1018.8
0.13367 1018.8
0.13368 1018.8
0.13369 1018.8
0.13370 1018.8
0.13371 1018.8
0.13372 1018.8
0.13373 1018.8
0.13374 1018.8
0.13375 1018.8
0.13376 1018.8
0.13377 1018.8
0.13378 1018.8
0.13379 1018.8
0.13380 1018.8
0.13381 1018.8
0.13382 1018.8
0.13383 1018.8
0.13384 1018.8
0.13385 1018.8
0.13386 1018.8
0.13387 1018.8
0.13388 1018.8
0.13389 1018.8
0.13390 1018.8
0.13391 1018.8
0.13392 1018.8
0.13393 1018.8
0.13394 1018.8
0.13395 1018.8
0.13396 1018.8
0.13397 1018.8
0.13398 1018.8
0.13399 1018.8
0.13400 1018.8
0.13401 1018.8
0.13402 1018.8
0.13403 1018.8
0.13404 1018.8
0.13405 1018.8
0.13406 1018.8
0.13407 1018.8
0.13408 1018.8
0.13409 1018.8
0.13410 1018.8
0.13411 1018.8
0.13412 1018.8
0.13413 1018.8
0.13414 1018.8
0.13415 1018.8
0.13416 1018.8
0.13417 1018.8
0.13418 1018.8
0.13419 1018.8
0.13420 1018.8
0.13421 1018.8
0.13422 1018.8
0.13423 1018.8
0.13424 1018.8
0.13425 1018.8
0.13426 1018.8
0.13427 1018.8
0.13428 1018.8
0.13429 1018.8
0.13430 1018.8
0.13431 1018.8
0.13432 1018.8
0.13433 1018.8
0.13434 1018.8
0.13435 1018.8
0.13436 1018.8
0.13437 1018.8
0.13438 1018.8
0.13439 1018.8
0.13440 1018.8
0.13441 1018.8
0.13442 1018.8
0.13443 1018.8
0.13444 1018.8
0.13445 1018.8
0.13446 1018.8
0.13447 1018.8
0.13448 1018.8
0.13449 1018.8
0.13450 1018.8
0.13451 1018.8
0.13452 1018.8
0.13453 1018.8
0.13454 1018.8
0.13455 1018.8
0.13456 1018.8
0.13457 1018.8
0.13458 1018.8
0.13459 1018.8
0.13460 1018.8
0.13461 1018.8
0.13462 1018.8
0.13463 1018.8
0.13464 1018.8
0.13465 1018.8
0.13466 1018.8
0.13467 1018.8
0.13468 1018.8
0.13469 1018.8
0.13470 1018.8
0.13471 1018.8
0.13472 1018.8
0.13473 1018.8
0.13474 1018.8
0.13475 1018.8
0.13476 1018.8
0.13477 1018.8
0.13478 1018.8
0.13479 1018.8
0.13480 1018.8
0.13481 1018.8
0.13482 1018.8
0.13483 1018.8
0.13484 1018.8
0.13485 1018.8
0.13486 1018.8
0.13487 1018.8
0.13488 1018.8
0.13489 1018.8
0.13490 1018.8
0.13491 1018.8
0.13492 1018.8
0.13493 1018.8
0.13494 1018.8
0.13495 1018.8
0.13496 1018.8
0.13497 1018.8
0.13498 1018.8
0.13499 1018.8
0.13500 1018.8
0.13501 1018.8
0.13502 1018.8
0.13503 1018.8
0.13504 1018.8
0.13505 1018.8
0.13506 1018.8
0.13507 1018.8
0.13508 1018.8
0.13509 1018.8
0.13510 1018.8
0.13511 1018.8
0.13512 1018.8
0.13513 1018.8
0.13514 1018.8
0.13515 1018.8
0.13516 1018.8
0.13517 1018.8
0.13518 1018.8
0.13519 1018.8
0.13520 1018.8
0.13521 1018.8
0.13522 1018.8
0.13523 1018.8
0.13524 1018.8
0.13525 1018.8
0.13526 1018.8
0.13527 1018.8
0.13528 1018.8
0.13529 1018.8
0.13530 1018.8
0.13531 1018.8
0.13532 1018.8
0.13533 1018.8
0.13534 1018.8
0.13535 1018.8
0.13536 1018.8
0.13537 1018.8
0.13538 1018.8
0.13539 1018.8
0.13540 1018.8
0.13541 1018.8
0.13542 1018.8
0.13543 1018.8
0.13544 1018.8
0.13545 1018.8
0.13546 1018.8
0.13547 1018.8
0.13548 1018.8
0.13549 1018.8
0.13550 1018.8
0.13551 1018.8
0.13552 1018.8
0.13553 1018.8
0.13554 1018.8
0.13555 1018.8
0.13556 1018.8
0.13557 1018.8
0.13558 1018.8
0.13559 1018.8
0.13560 1018.8
0.13561 1018.8
0.13562 1018.8
0.13563 1018.8
0.13564 1018.8
0.13565 1018.8
0.13566 1018.8
0.13567 1018.8
0.13568 1018.8
0.13569 1018.8
0.13570 1018.8
0.13571 1018.8
0.13572 1018.8
0.13573 1018.8
0.13574 1018.8
0.13575 1018.8
0.13576 1018.8
0.13577 1018.8
0.13578 1018.8
0.13579 1018.8
0.13580 1018.8
0.13581 1018.8
0.13582 1018.8
0.13583 1018.8
0.13584 1018.8
0.13585 1018.8
0.13586 1018.8
0.13587 1018.8
0.13588 1018.8
0.13589 1018.8
0.13590 1018.8
0.13591 1018.8
0.13592 1018.8
0.13593 1018.8
0.13594 1018.8
0.13595 1018.8
0.13596 1018.8
0.13597 1018.8
0.13598 1018.8
0.13599 1018.8
0.13600 1018.8
0.13601 1018.8
0.13602 1018.8
0.13603 1018.8
0.13604 1018.8
0.13605 1018.8
0.13606 1018.8
0.13607 1018.8
0.13608 1018.8
0.13609 1018.8
0.13610 1018.8
0.13611 1018.8
0.13612 1018.8
0.13613 1018.8
0.13614 1018.8
0.13615 1018.8
0.13616 1018.8
0.13617 1018.8
0.13618 1018.8
0.13619 1018.8
0.13620 1018.8
0.13621 1018.8
0.13622 1018.8
0.13623 1018.8
0.13624 1018.8
0.13625 1018.8
0.13626 1018.8
0.13627 1018.8
0.13628 1018.8
0.13629 1018.8
0.13630 1018.8
0.13631 1018.8
0.13632 1018.8
0.13633 1018.8
0.13634 1018.8
0.13635 1018.8
0.13636 1018.8
0.13637 1018.8
0.13638 1018.8
0.13639 1018.8
0.13640 1018.8
0.13641 1018.8
0.13642 1018.8
0.13643 1018.8
0.13644 1018.8
0.13645 1018.8
0.13646 1018.8
0.13647 1018.8
0.13648 1018.8
0.13649 1018.8
0.13650 1018.8
0.13651 1018.8
0.13652 1018.8
0.13653 1018.8
0.13654 1018.8
0.13655 1018.8
0.13656 1018.8
0.13657 1018.8
0.13658 1018.8
0.13659 1018.8
0.13660 1018.8
0.13661 1018.8
0.13662 1018.8
0.13663 1018.8
0.13664 1018.8
0.13665 1018.8
0.13666 1018.8
0.13667 1018.8
0.13668 1018.8
0.13669 1018.8
0.13670 1018.8
0.13671 1018.8
0.13672 1018.8
0.13673 1018.8
0.13674 1018.8
0.13675 1018.8
0.13676 1018.8
0.13677 1018.8
0.13678 1018.8
0.13679 1018.8
0.13680 1018.8
0.13681 1018.8
0.13682 1018.8
0.13683 1018.8
0.13684 1018.8
0.13685 1018.8
0.13686 1018.8
0.13687 1018.8
0.13688 1018.8
0.13689 1018.8
0.13690 1018.8
0.13691 1018.8
0.13692 1018.8
0.13693 1018.8
0.13694 1018.8
0.13695 1018.8
0.13696 1018.8
0.13697 1018.8
0.13698 1018.8
0.13699 1018.8
0.13700 1018.8
0.13701 1018.8
0.13702 1018.8
0.13703 1018.8
0.13704 1018.8
0.13705 1018.8
0.13706 1018.8
0.13707 1018.8
0.13708 1018.8
0.13709 1018.8
0.13710 1018.8
0.13711 1018.8
0.13712 1018.8
0.13713 1018.8
0.13714 1018.8
0.13715 1018.8
0.13716 1018.8
0.13717 1018.8
0.13718 1018.8
0.13719 1018.8
0.13720 1018.8
0.13721 1018.8
0.13722 1018.8
0.13723 1018.8
0.13724 1018.8
0.13725 1018.8
0.13726 1018.8
0.13727 1018.8
0.13728 1018.8
0.13729 1018.8
0.13730 1018.8
0.13731 1018.8
0.13732 1018.8
0.13733 1018.8
0.13734 1018.8
0.13735 1018.8
0.13736 1018.8
0.13737 1018.8
0.13738 1018.8
0.13739 1018.8
0.13740 1018.8
0.13741 1018.8
0.13742 1018.8
0.13743 1018.8
0.13744 1018.8
0.13745 1018.8
0.13746 1018.8
0.13747 1018.8
0.13748 1018.8
0.13749 1018.8
0.13750 1018.8
0.13751 1018.8
0.13752 1018.8
0.13753 1018.8
0.13754 1018.8
0.13755 1018.8
0.13756 1018.8
0.13757 1018.8
0.13758 1018.8
0.13759 1018.8
0.13760 1018.8
0.13761 1018.8
0.13762 1018.8
0.13763 1018.8
0.13764 1018.8
0.13765 1018.8
0.13766 1018.8
0.13767 1018.8
0.13768 1018.8
0.13769 1018.8
0.13770 1018.8
0.13771 1018.8
0.13772 1018.8
0.13773 1018.8
0.13774 1018.8
0.13775 1018.8
0.13776 1018.8
0.13777 1018.8
0.13778 1018.8
0.13779 1018.8
0.13780 1018.8
0.13781 1018.8
0.13782 1018.8
0.13783 1018.8
0.13784 1018.8
0.13785 1018.8
0.13786 1018.8
0.13787 1018.8
0.13788 1018.8
0.13789 1018.8
0.13790 1018.8
0.13791 1018.8
0.13792 1018.8
0.13793 1018.8
0.13794 1018.8
0.13795 1018.8
0.13796 1018.8
0.13797 1018.8
0.13798 1018.8
0.13799 1018.8
0.13800 1018.8
0.13801 1018.8
0.13802 1018.8
0.13803 1018.8
0.13804 1018.8
0.13805 1018.8
0.13806 1018.8
0.13807 1018.8
0.13808 1018.8
0.13809 1018.8
0.13810 1018.8
0.13811 1018.8
0.13812 1018.8
0.13813 1018.8
0.13814 1018.8
0.13815 1018.8
0.13816 1018.8
0.13817 1018.8
0.13818 1018.8
0.13819 1018.8
0.13820 1018.8
0.13821 1018.8
0.13822 1018.8
0.13823 1018.8
0.13824 1018.8
0.13825 1018.8
0.13826 1018.8
0.13827 1018.8
0.13828 1018.8
0.13829 1018.8
0.13830 1018.8
0.13831 1018.8
0.13832 1018.8
0.13833 1018.8
0.13834 1018.8
0.13835 1018.8
0.13836 1018.8
0.13837 1018.8
0.13838 1018.8
0.13839 1018.8
0.13840 1018.8
0.13841 1018.8
0.13842 1018.8
0.13843 1018.8
0.13844 1018.8
0.13845 1018.8
0.13846 1018.8
0.13847 1018.8
0.13848 1018.8
0.13849 1018.8
0.13850 1018.8
0.13851 1018.8
0.13852 1018.8
0.13853 1018.8
0.13854 1018.8
0.13855 1018.8
0.13856 1018.8
0.13857 1018.8
0.13858 1018.8
0.13859 1018.8
0.13860 1018.8
0.13861 1018.8
0.13862 1018.8
0.13863 1018.8
0.13864 1018.8
0.13865 1018.8
0.13866 1018.8
0.13867 1018.8
0.13868 1018.8
0.13869 1018.8
0.13870 1018.8
0.13871 1018.8
0.13872 1018.8
0.13873 1018.8
0.13874 1018.8
0.13875 1018.8
0.13876 1018.8
0.13877 1018.8
0.13878 1018.8
0.13879 1018.8
0.13880 1018.8
0.13881 1018.8
0.13882 1018.8
0.13883 1018.8
0.13884 1018.8
0.13885 1018.8
0.13886 1018.8
0.13887 1018.8
0.13888 1018.8
0.13889 1018.8
0.13890 1018.8
0.13891 1018.8
0.13892 1018.8
0.13893 1018.8
0.13894 1018.8
0.13895 1018.8
0.13896 1018.8
0.13897 1018.8
0.13898 1018.8
0.13899 1018.8
0.13900 1018.8
0.13901 1018.8
0.13902 1018.8
0.13903 1018.8
0.13904 1018.8
0.13905 1018.8
0.13906 1018.8
0.13907 1018.8
0.13908 1018.8
0.13909 1018.8
0.13910 1018.8
0.13911 1018.8
0.13912 1018.8
0.13913 1018.8
0.13914 1018.8
0.13915 1018.8
0.13916 1018.8
0.13917 1018.8
0.13918 1018.8
0.13919 1018.8
0.13920 1018.8
0.13921 1018.8
0.13922 1018.8
0.13923 1018.8
0.13924 1018.8
0.13925 1018.8
0.13926 1018.8
0.13927 1018.8
0.13928 1018.8
0.13929 1018.8
0.13930 1018.8
0.13931 1018.8
0.13932 1018.8
0.13933 1018.8
0.13934 1018.8
0.13935 1018.8
0.13936 1018.8
0.13937 1018.8
0.13938 1018.8
0.13939 1018.8
0.13940 1018.8
0.13941 1018.8
0.13942 1018.8
0.13943 1018.8
0.13944 1018.8
0.13945 1018.8
0.13946 1018.8
0.13947 1018.8
0.13948 1018.8
0.13949 1018.8
0.13950 1018.8
0.13951 1018.8
0.13952 1018.8
0.13953 1018.8
0.13954 1018.8
0.13955 1018.8
0.13956 1018.8
0.13957 1018.8
0.13958 1018.8
0.13959 1018.8
0.13960 1018.8
0.13961 1018.8
0.13962 1018.8
0.13963 1018.8
0.13964 1018.8
0.13965 1018.8
0.13966 1018.8
0.13967 1018.8
0.13968 1018.8
0.13969 1018.8
0.13970 1018.8
0.13971 1018.8
0.13972 1018.8
0.13973 1018.8
0.13974 1018.8
0.13975 1018.8
0.13976 1018.8
0.13977 1018.8
0.13978 1018.8
0.13979 1018.8
0.13980 1018.8
0.13981 1018.8
0.13982 1018.8
0.13983 1018.8
0.13984 1018.8
0.13985 1018.8
0.13986 1018.8
0.13987 1018.8
0.13988 1018.8
0.13989 1018.8
0.13990 1018.8
0.13991 1018.8
0.13992 1018.8
0.13993 1018.8
0.13994 1018.8
0.13995 1018.8
0.13996 1018.8
0.13997 1018.8
0.13998 1018.8
0.13999 1018.8
0.14000 1018.8
0.14001 1018.8
0.14002 1018.8
0.14003 1018.8
0.14004 1018.8
0.14005 1018.8
0.14006 1018.8
0.14007 1018.8
0.14008 1018.8
0.14009 1018.8
0.14010 1018.8
0.14011 1018.8
0.14012 1018.8
0.14013 1018.8
0.14014 1018.8
0.14015 1018.8
0.14016 1018.8
0.14017 1018.8
0.14018 1018.8
0.14019 1018.8
0.14020 1018.8
0.14021 1018.8
0.14022 1018.8
0.14023 1018.8
0.14024 1018.8
0.14025 1018.8
0.14026 1018.8
0.14027 1018.8
0.14028 1018.8
0.14029 1018.8
0.14030 1018.8
0.14031 1018.8
0.14032 1018.8
0.14033 1018.8
0.14034 1018.8
0.14035 1018.8
0.14036 1018.8
0.14037 1018.8
0.14038 1018.8
0.14039 1018.8
0.14040 1018.8
0.14041 1018.8
0.14042 1018.8
0.14043 1018.8
0.14044 1018.8
0.14045 1018.8
0.14046 1018.8
0.14047 1018.8
0.14048 1018.8
0.14049 1018.8
0.14050 1018.8
0.14051 1018.8
0.14052 1018.8
0.14053 1018.8
0.14054 1018.8
0.14055 1018.8
0.14056 1018.8
0.14057 1018.8
0.14058 1018.8
0.14059 1018.8
0.14060 1018.8
0.14061 1018.8
0.14062 1018.8
0.14063 1018.8
0.14064 1018.8
0.14065 1018.8
0.14066 1018.8
0.14067 1018.8
0.14068 1018.8
0.14069 1018.8
0.14070 1018.8
0.14071 1018.8
0.14072 1018.8
0.14073 1018.8
0.14074 1018.8
0.14075 1018.8
0.14076 1018.8
0.14077 1018.8
0.14078 1018.8
0.14079 1018.8
0.14080 1018.8
0.14081 1018.8
0.14082 1018.8
0.14083 1018.8
0.14084 1018.8
0.14085 1018.8
0.14086 1018.8
0.14087 1018.8
0.14088 1018.8
0.14089 1018.8
0.14090 1018.8
0.14091 1018.8
0.14092 1018.8
0.14093 1018.8
0.14094 1018.8
0.14095 1018.8
0.14096 1018.8
0.14097 1018.8
0.14098 1018.8
0.14099 1018.8
0.14100 1018.8
0.14101 1018.8
0.14102 1018.8
0.14103 1018.8
0.14104 1018.8
0.14105 1018.8
0.14106 1018.8
0.14107 1018.8
0.14108 1018.8
0.14109 1018.8
0.14110 1018.8
0.14111 1018.8
0.14112 1018.8
0.14113 1018.8
0.14114 1018.8
0.14115 1018.8
0.14116 1018.8
0.14117 1018.8
0.14118 1018.8
0.14119 1018.8
0.14120 1018.8
0.14121 1018.8
0.14122 1018.8
0.14123 1018.8
0.14124 1018.8
0.14125 1018.8
0.14126 1018.8
0.14127 1018.8
0.14128 1018.8
0.14129 1018.8
0.14130 1018.8
0.14131 1018.8
0.14132 1018.8
0.14133 1018.8
0.14134 1018.8
0.14135 1018.8
0.14136 1018.8
0.14137 1018.8
0.14138 1018.8
0.14139 1018.8
0.14140 1018.8
0.14141 1018.8
0.14142 1018.8
0.14143 1018.8
0.14144 1018.8
0.14145 1018.8
0.14146 1018.8
0.14147 1018.8
0.14148 1018.8
0.14149 1018.8
0.14150 1018.8
0.14151 1018.8
0.14152 1018.8
0.14153 1018.8
0.14154 1018.8
0.14155 1018.8
0.14156 1018.8
0.14157 1018.8
0.14158 1018.8
0.14159 1018.8
0.14160 1018.8
0.14161 1018.8
0.14162 1018.8
0.14163 1018.8
0.14164 1018.8
0.14165 1018.8
0.14166 1018.8
0.14167 1018.8
0.14168 1018.8
0.14169 1018.8
0.14170 1018.8
0.14171 1018.8
0.14172 1018.8
0.14173 1018.8
0.14174 1018.8
0.14175 1018.8
0.14176 1018.8
0.14177 1018.8
0.14178 1018.8
0.14179 1018.8
0.14180 1018.8
0.14181 1018.8
0.14182 1018.8
0.14183 1018.8
0.14184 1018.8
0.14185 1018.8
0.14186 1018.8
0.14187 1018.8
0.14188 1018.8
0.14189 1018.8
0.14190 1018.8
0.14191 1018.8
0.14192 1018.8
0.14193 1018.8
0.14194 1018.8
0.14195 1018.8
0.14196 1018.8
0.14197 1018.8
0.14198 1018.8
0.14199 1018.8
0.14200 1018.8
0.14201 1018.8
0.14202 1018.8
0.14203 1018.8
0.14204 1018.8
0.14205 1018.8
0.14206 1018.8
0.14207 1018.8
0.14208 1018.8
0.14209 1018.8
0.14210 1018.8
0.14211 1018.8
0.14212 1018.8
0.14213 1018.8
0.14214 1018.8
0.14215 1018.8
0.14216 1018.8
0.14217 1018.8
0.14218 1018.8
0.14219 1018.8
0.14220 1018.8
0.14221 1018.8
0.14222 1018.8
0.14223 1018.8
0.14224 1018.8
0.14225 1018.8
0.14226 1018.8
0.14227 1018.8
0.14228 1018.8
0.14229 1018.8
0.14230 1018.8
0.14231 1018.8
0.14232 1018.8
0.14233 1018.8
0.14234 1018.8
0.14235 1018.8
0.14236 1018.8
0.14237 1018.8
0.14238 1018.8
0.14239 1018.8
0.14240 1018.8
0.14241 1018.8
0.14242 1018.8
0.14243 1018.8
0.14244 1018.8
0.14245 1018.8
0.14246 1018.8
0.14247 1018.8
0.14248 1018.8
0.14249 1018.8
0.14250 1018.8
0.14251 1018.8
0.14252 1018.8
0.14253 1018.8
0.14254 1018.8
0.14255 1018.8
0.14256 1018.8
0.14257 1018.8
0.14258 1018.8
0.14259 1018.8
0.14260 1018.8
0.14261 1018.8
0.14262 1018.8
0.14263 1018.8
0.14264 1018.8
0.14265 1018.8
0.14266 1018.8
0.14267 1018.8
0.14268 1018.8
0.14269 1018.8
0.14270 1018.8
0.14271 1018.8
0.14272 1018.8
0.14273 1018.8
0.14274 1018.8
0.14275 1018.8
0.14276 1018.8
0.14277 1018.8
0.14278 1018.8
0.14279 1018.8
0.14280 1018.8
0.14281 1018.8
0.14282 1018.8
0.14283 1018.8
0.14284 1018.8
0.14285 1018.8
0.14286 1018.8
0.14287 1018.8
0.14288 1018.8
0.14289 1018.8
0.14290 1018.8
0.14291 1018.8
0.14292 1018.8
0.14293 1018.8
0.14294 1018.8
0.14295 1018.8
0.14296 1018.8
0.14297 1018.8
0.14298 1018.8
0.14299 1018.8
0.14300 1018.8
0.14301 1018.8
0.14302 1018.8
0.14303 1018.8
0.14304 1018.8
0.14305 1018.8
0.14306 1018.8
0.14307 1018.8
0.14308 1018.8
0.14309 1018.8
0.14310 1018.8
0.14311 1018.8
0.14312 1018.8
0.14313 1018.8
0.14314 1018.8
0.14315 1018.8
0.14316 1018.8
0.14317 1018.8
0.14318 1018.8
0.14319 1018.8
0.14320 1018.8
0.14321 1018.8
0.14322 1018.8
0.14323 1018.8
0.14324 1018.8
0.14325 1018.8
0.14326 1018.8
0.14327 1018.8
0.14328 1018.8
0.14329 1018.8
0.14330 1018.8
0.14331 1018.8
0.14332 1018.8
0.14333 1018.8
0.14334 1018.8
0.14335 1018.8
0.14336 1018.8
0.14337 1018.8
0.14338 1018.8
0.14339 1018.8
0.14340 1018.8
0.14341 1018.8
0.14342 1018.8
0.14343 1018.8
0.14344 1018.8
0.14345 1018.8
0.14346 1018.8
0.14347 1018.8
0.14348 1018.8
0.14349 1018.8
0.14350 1018.8
0.14351 1018.8
0.14352 1018.8
0.14353 1018.8
0.14354 1018.8
0.14355 1018.8
0.14356 1018.8
0.14357 1018.8
0.14358 1018.8
0.14359 1018.8
0.14360 1018.8
0.14361 1018.8
0.14362 1018.8
0.14363 1018.8
0.14364 1018.8
0.14365 1018.8
0.14366 1018.8
0.14367 1018.8
0.14368 1018.8
0.14369 1018.8
0.14370 1018.8
0.14371 1018.8
0.14372 1018.8
0.14373 1018.8
0.14374 1018.8
0.14375 1018.8
0.14376 1018.8
0.14377 1018.8
0.14378 1018.8
0.14379 1018.8
0.14380 1018.8
0.14381 1018.8
0.14382 1018.8
0.14383 1018.8
0.14384 1018.8
0.14385 1018.8
0.14386 1018.8
0.14387 1018.8
0.14388 1018.8
0.14389 1018.8
0.14390 1018.8
0.14391 1018.8
0.14392 1018.8
0.14393 1018.8
0.14394 1018.8
0.14395 1018.8
0.14396 1018.8
0.14397 1018.8
0.14398 1018.8
0.14399 1018.8
0.14400 1018.8
0.14401 1018.8
0.14402 1018.8
0.14403 1018.8
0.14404 1018.8
0.14405 1018.8
0.14406 1018.8
0.14407 1018.8
0.14408 1018.8
0.14409 1018.8
0.14410 1018.8
0.14411 1018.8
0.14412 1018.8
0.14413 1018.8
0.14414 1018.8
0.14415 1018.8
0.14416 1018.8
0.14417 1018.8
0.14418 1018.8
0.14419 1018.8
0.14420 1018.8
0.14421 1018.8
0.14422 1018.8
0.14423 1018.8
0.14424 1018.8
0.14425 1018.8
0.14426 1018.8
0.14427 1018.8
0.14428 1018.8
0.14429 1018.8
0.14430 1018.8
0.14431 1018.8
0.14432 1018.8
0.14433 1018.8
0.14434 1018.8
0.14435 1018.8
0.14436 1018.8
0.14437 1018.8
0.14438 1018.8
0.14439 1018.8
0.14440 1018.8
0.14441 1018.8
0.14442 1018.8
0.14443 1018.8
0.14444 1018.8
0.14445 1018.8
0.14446 1018.8
0.14447 1018.8
0.14448 1018.8
0.14449 1018.8
0.14450 1018.8
0.14451 1018.8
0.14452 1018.8
0.14453 1018.8
0.14454 1018.8
0.14455 1018.8
0.14456 1018.8
0.14457 1018.8
0.14458 1018.8
0.14459 1018.8
0.14460 1018.8
0.14461 1018.8
0.14462 1018.8
0.14463 1018.8
0.14464 1018.8
0.14465 1018.8
0.14466 1018.8
0.14467 1018.8
0.14468 1018.8
0.14469 1018.8
0.14470 1018.8
0.14471 1018.8
0.14472 1018.8
0.14473 1018.8
0.14474 1018.8
0.14475 1018.8
0.14476 1018.8
0.14477 1018.8
0.14478 1018.8
0.14479 1018.8
0.14480 1018.8
0.14481 1018.8
0.14482 1018.8
0.14483 1018.8
0.14484 1018.8
0.14485 1018.8
0.14486 1018.8
0.14487 1018.8
0.14488 1018.8
0.14489 1018.8
0.14490 1018.8
0.14491 1018.8
0.14492 1018.8
0.14493 1018.8
0.14494 1018.8
0.14495 1018.8
0.14496 1018.8
0.14497 1018.8
0.14498 1018.8
0.14499 1018.8
0.14500 1018.8
0.14501 1018.8
0.14502 1018.8
0.14503 1018.8
0.14504 1018.8
0.14505 1018.8
0.14506 1018.8
0.14507 1018.8
0.14508 1018.8
0.14509 1018.8
0.14510 1018.8
0.14511 1018.8
0.14512 1018.8
0.14513 1018.8
0.14514 1018.8
0.14515 1018.8
0.14516 1018.8
0.14517 1018.8
0.14518 1018.8
0.14519 1018.8
0.14520 1018.8
0.14521 1018.8
0.14522 1018.8
0.14523 1018.8
0.14524 1018.8
0.14525 1018.8
0.14526 1018.8
0.14527 1018.8
0.14528 1018.8
0.14529 1018.8
0.14530 1018.8
0.14531 1018.8
0.14532 1018.8
0.14533 1018.8
0.14534 1018.8
0.14535 1018.8
0.14536 1018.8
0.14537 1018.8
0.14538 1018.8
0.14539 1018.8
0.14540 1018.8
0.14541 1018.8
0.14542 1018.8
0.14543 1018.8
0.14544 1018.8
0.14545 1018.8
0.14546 1018.8
0.14547 1018.8
0.14548 1018.8
0.14549 1018.8
0.14550 1018.8
0.14551 1018.8
0.14552 1018.8
0.14553 1018.8
0.14554 1018.8
0.14555 1018.8
0.14556 1018.8
0.14557 1018.8
0.14558 1018.8
0.14559 1018.8
0.14560 1018.8
0.14561 1018.8
0.14562 1018.8
0.14563 1018.8
0.14564 1018.8
0.14565 1018.8
0.14566 1018.8
0.14567 1018.8
0.14568 1018.8
0.14569 1018.8
0.14570 1018.8
0.14571 1018.8
0.14572 1018.8
0.14573 1018.8
0.14574 1018.8
0.14575 1018.8
0.14576 1018.8
0.14577 1018.8
0.14578 1018.8
0.14579 1018.8
0.14580 1018.8
0.14581 1018.8
0.14582 1018.8
0.14583 1018.8
0.14584 1018.8
0.14585 1018.8
0.14586 1018.8
0.14587 1018.8
0.14588 1018.8
0.14589 1018.8
0.14590 1018.8
0.14591 1018.8
0.14592 1018.8
0.14593 1018.8
0.14594 1018.8
0.14595 1018.8
0.14596 1018.8
0.14597 1018.8
0.14598 1018.8
0.14599 1018.8
0.14600 1018.8
0.14601 1018.8
0.14602 1018.8
0.14603 1018.8
0.14604 1018.8
0.14605 1018.8
0.14606 1018.8
0.14607 1018.8
0.14608 1018.8
0.14609 1018.8
0.14610 1018.8
0.14611 1018.8
0.14612 1018.8
0.14613 1018.8
0.14614 1018.8
0.14615 1018.8
0.14616 1018.8
0.14617 1018.8
0.14618 1018.8
0.14619 1018.8
0.14620 1018.8
0.14621 1018.8
0.14622 1018.8
0.14623 1018.8
0.14624 1018.8
0.14625 1018.8
0.14626 1018.8
0.14627 1018.8
0.14628 1018.8
0.14629 1018.8
0.14630 1018.8
0.14631 1018.8
0.14632 1018.8
0.14633 1018.8
0.14634 1018.8
0.14635 1018.8
0.14636 1018.8
0.14637 1018.8
0.14638 1018.8
0.14639 1018.8
0.14640 1018.8
0.14641 1018.8
0.14642 1018.8
0.14643 1018.8
0.14644 1018.8
0.14645 1018.8
0.14646 1018.8
0.14647 1018.8
0.14648 1018.8
0.14649 1018.8
0.14650 1018.8
0.14651 1018.8
0.14652 1018.8
0.14653 1018.8
0.14654 1018.8
0.14655 1018.8
0.14656 1018.8
0.14657 1018.8
0.14658 1018.8
0.14659 1018.8
0.14660 1018.8
0.14661 1018.8
0.14662 1018.8
0.14663 1018.8
0.14664 1018.8
0.14665 1018.8
0.14666 1018.8
0.14667 1018.8
0.14668 1018.8
0.14669 1018.8
0.14670 1018.8
0.14671 1018.8
0.14672 1018.8
0.14673 1018.8
0.14674 1018.8
0.14675 1018.8
0.14676 1018.8
0.14677 1018.8
0.14678 1018.8
0.14679 1018.8
0.14680 1018.8
0.14681 1018.8
0.14682 1018.8
0.14683 1018.8
0.14684 1018.8
0.14685 1018.8
0.14686 1018.8
0.14687 1018.8
0.14688 1018.8
0.14689 1018.8
0.14690 1018.8
0.14691 1018.8
0.14692 1018.8
0.14693 1018.8
0.14694 1018.8
0.14695 1018.8
0.14696 1018.8
0.14697 1018.8
0.14698 1018.8
0.14699 1018.8
0.14700 1018.8
0.14701 1018.8
0.14702 1018.8
0.14703 1018.8
0.14704 1018.8
0.14705 1018.8
0.14706 1018.8
0.14707 1018.8
0.14708 1018.8
0.14709 1018.8
0.14710 1018.8
0.14711 1018.8
0.14712 1018.8
0.14713 1018.8
0.14714 1018.8
0.14715 1018.8
0.14716 1018.8
0.14717 1018.8
0.14718 1018.8
0.14719 1018.8
0.14720 1018.8
0.14721 1018.8
0.14722 1018.8
0.14723 1018.8
0.14724 1018.8
0.14725 1018.8
0.14726 1018.8
0.14727 1018.8
0.14728 1018.8
0.14729 1018.8
0.14730 1018.8
0.14731 1018.8
0.14732 1018.8
0.14733 1018.8
0.14734 1018.8
0.14735 1018.8
0.14736 1018.8
0.14737 1018.8
0.14738 1018.8
0.14739 1018.8
0.14740 1018.8
0.14741 1018.8
0.14742 1018.8
0.14743 1018.8
0.14744 1018.8
0.14745 1018.8
0.14746 1018.8
0.14747 1018.8
0.14748 1018.8
0.14749 1018.8
0.14750 1018.8
0.14751 1018.8
0.14752 1018.8
0.14753 1018.8
0.14754 1018.8
0.14755 1018.8
0.14756 1018.8
0.14757 1018.8
0.14758 1018.8
0.14759 1018.8
0.14760 1018.8
0.14761 1018.8
0.14762 1018.8
0.14763 1018.8
0.14764 1018.8
0.14765 1018.8
0.14766 1018.8
0.14767 1018.8
0.14768 1018.8
0.14769 1018.8
0.14770 1018.8
0.14771 1018.8
0.14772 1018.8
0.14773 1018.8
0.14774 1018.8
0.14775 1018.8
0.14776 1018.8
0.14777 1018.8
0.14778 1018.8
0.14779 1018.8
0.14780 1018.8
0.14781 1018.8
0.14782 1018.8
0.14783 1018.8
0.14784 1018.8
0.14785 1018.8
0.14786 1018.8
0.14787 1018.8
0.14788 1018.8
0.14789 1018.8
0.14790 1018.8
0.14791 1018.8
0.14792 1018.8
0.14793 1018.8
0.14794 1018.8
0.14795 1018.8
0.14796 1018.8
0.14797 1018.8
0.14798 1018.8
0.14799 1018.8
0.14800 1018.8
0.14801 1018.8
0.14802 1018.8
0.14803 1018.8
0.14804 1018.8
0.14805 1018.8
0.14806 1018.8
0.14807 1018.8
0.14808 1018.8
0.14809 1018.8
0.14810 1018.8
0.14811 1018.8
0.14812 1018.8
0.14813 1018.8
0.14814 1018.8
0.14815 1018.8
0.14816 1018.8
0.14817 1018.8
0.14818 1018.8
0.14819 1018.8
0.14820 1018.8
0.14821 1018.8
0.14822 1018.8
0.14823 1018.8
0.14824 1018.8
0.14825 1018.8
0.14826 1018.8
0.14827 1018.8
0.14828 1018.8
0.14829 1018.8
0.14830 1018.8
0.14831 1018.8
0.14832 1018.8
0.14833 1018.8
0.14834 1018.8
0.14835 1018.8
0.14836 1018.8
0.14837 1018.8
0.14838 1018.8
0.14839 1018.8
0.14840 1018.8
0.14841 1018.8
0.14842 1018.8
0.14843 1018.8
0.14844 1018.8
0.14845 1018.8
0.14846 1018.8
0.14847 1018.8
0.14848 1018.8
0.14849 1018.8
0.14850 1018.8
0.14851 1018.8
0.14852 1018.8
0.14853 1018.8
0.14854 1018.8
0.14855 1018.8
0.14856 1018.8
0.14857 1018.8
0.14858 1018.8
0.14859 1018.8
0.14860 1018.8
0.14861 1018.8
0.14862 1018.8
0.14863 1018.8
0.14864 1018.8
0.14865 1018.8
0.14866 1018.8
0.14867 1018.8
0.14868 1018.8
0.14869 1018.8
0.14870 1018.8
0.14871 1018.8
0.14872 1018.8
0.14873 1018.8
0.14874 1018.8
0.14875 1018.8
0.14876 1018.8
0.14877 1018.8
0.14878 1018.8
0.14879 1018.8
0.14880 1018.8
0.14881 1018.8
0.14882 1018.8
0.14883 1018.8
0.14884 1018.8
0.14885 1018.8
0.14886 1018.8
0.14887 1018.8
0.14888 1018.8
0.14889 1018.8
0.14890 1018.8
0.14891 1018.8
0.14892 1018.8
0.14893 1018.8
0.14894 1018.8
0.14895 1018.8
0.14896 1018.8
0.14897 1018.8
0.14898 1018.8
0.14899 1018.8
0.14900 1018.8
0.14901 1018.8
0.14902 1018.8
0.14903 1018.8
0.14904 1018.8
0.14905 1018.8
0.14906 1018.8
0.14907 1018.8
0.14908 1018.8
0.14909 1018.8
0.14910 1018.8
0.14911 1018.8
0.14912 1018.8
0.14913 1018.8
0.14914 1018.8
0.14915 1018.8
0.14916 1018.8
0.14917 1018.8
0.14918 1018.8
0.14919 1018.8
0.14920 1018.8
0.14921 1018.8
0.14922 1018.8
0.14923 1018.8
0.14924 1018.8
0.14925 1018.8
0.14926 1018.8
0.14927 1018.8
0.14928 1018.8
0.14929 1018.8
0.14930 1018.8
0.14931 1018.8
0.14932 1018.8
0.14933 1018.8
0.14934 1018.8
0.14935 1018.8
0.14936 1018.8
0.14937 1018.8
0.14938 1018.8
0.14939 1018.8
0.14940 1018.8
0.14941 1018.8
0.14942 1018.8
0.14943 1018.8
0.14944 1018.8
0.14945 1018.8
0.14946 1018.8
0.14947 1018.8
0.14948 1018.8
0.14949 1018.8
0.14950 1018.8
0.14951 1018.8
0.14952 1018.8
0.14953 1018.8
0.14954 1018.8
0.14955 1018.8
0.14956 1018.8
0.14957 1018.8
0.14958 1018.8
0.14959 1018.8
0.14960 1018.8
0.14961 1018.8
0.14962 1018.8
0.14963 1018.8
0.14964 1018.8
0.14965 1018.8
0.14966 1018.8
0.14967 1018.8
0.14968 1018.8
0.14969 1018.8
0.14970 1018.8
0.14971 1018.8
0.14972 1018.8
0.14973 1018.8
0.14974 1018.8
0.14975 1018.8
0.14976 1018.8
0.14977 1018.8
0.14978 1018.8
0.14979 1018.8
0.14980 1018.8
0.14981 1018.8
0.14982 1018.8
0.14983 1018.8
0.14984 1018.8
0.14985 1018.8
0.14986 1018.8
0.14987 1018.8
0.14988 1018.8
0.14989 1018.8
0.14990 1018.8
0.14991 1018.8
0.14992 1018.8
0.14993 1018.8
0.14994 1018.8
0.14995 1018.8
0.14996 1018.8
0.14997 1018.8
0.14998 1018.8
0.14999 1018.8
0.15000 1018.8
0.15001 1018.8
0.15002 1018.8
0.15003 1018.8
0.15004 1018.8
0.15005 1018.8
0.15006 1018.8
0.15007 1018.8
0.15008 1018.8
0.15009 1018.8
0.15010 1018.8
0.15011 1018.8
0.15012 1018.8
0.15013 1018.8
0.15014 1018.8
0.15015 1018.8
0.15016 1018.8
0.15017 1018.8
0.15018 1018.8
0.15019 1018.8
0.15020 1018.8
0.15021 1018.8
0.15022 1018.8
0.15023 1018.8
0.15024 1018.8
0.15025 1018.8
0.15026 1018.8
0.15027 1018.8
0.15028 1018.8
0.15029 1018.8
0.15030 1018.8
0.15031 1018.8
0.15032 1018.8
0.15033 1018.8
0.15034 1018.8
0.15035 1018.8
0.15036 1018.8
0.15037 1018.8
0.15038 1018.8
0.15039 1018.8
0.15040 1018.8
0.15041 1018.8
0.15042 1018.8
0.15043 1018.8
0.15044 1018.8
0.15045 1018.8
0.15046 1018.8
0.15047 1018.8
0.15048 1018.8
0.15049 1018.8
0.15050 1018.8
0.15051 1018.8
0.15052 1018.8
0.15053 1018.8
0.15054 1018.8
0.15055 1018.8
0.15056 1018.8
0.15057 1018.8
0.15058 1018.8
0.15059 1018.8
0.15060 1018.8
0.15061 1018.8
0.15062 1018.8
0.15063 1018.8
0.15064 1018.8
0.15065 1018.8
0.15066 1018.8
0.15067 1018.8
0.15068 1018.8
0.15069 1018.8
0.15070 1018.8
0.15071 1018.8
0.15072 1018.8
0.15073 1018.8
0.15074 1018.8
0.15075 1018.8
0.15076 1018.8
0.15077 1018.8
0.15078 1018.8
0.15079 1018.8
0.15080 1018.8
0.15081 1018.8
0.15082 1018.8
0.15083 1018.8
0.15084 1018.8
0.15085 1018.8
0.15086 1018.8
0.15087 1018.8
0.15088 1018.8
0.15089 1018.8
0.15090 1018.8
0.15091 1018.8
0.15092 1018.8
0.15093 1018.8
0.15094 1018.8
0.15095 1018.8
0.15096 1018.8
0.15097 1018.8
0.15098 1018.8
0.15099 1018.8
0.15100 1018.8
0.15101 1018.8
0.15102 1018.8
0.15103 1018.8
0.15104 1018.8
0.15105 1018.8
0.15106 1018.8
0.15107 1018.8
0.15108 1018.8
0.15109 1018.8
0.15110 1018.8
0.15111 1018.8
0.15112 1018.8
0.15113 1018.8
0.15114 1018.8
0.15115 1018.8
0.15116 1018.8
0.15117 1018.8
0.15118 1018.8
0.15119 1018.8
0.15120 1018.8
0.15121 1018.8
0.15122 1018.8
0.15123 1018.8
0.15124 1018.8
0.15125 1018.8
0.15126 1018.8
0.15127 1018.8
0.15128 1018.8
0.15129 1018.8
0.15130 1018.8
0.15131 1018.8
0.15132 1018.8
0.15133 1018.8
0.15134 1018.8
0.15135 1018.8
0.15136 1018.8
0.15137 1018.8
0.15138 1018.8
0.15139 1018.8
0.15140 1018.8
0.15141 1018.8
0.15142 1018.8
0.15143 1018.8
0.15144 1018.8
0.15145 1018.8
0.15146 1018.8
0.15147 1018.8
0.15148 1018.8
0.15149 1018.8
0.15150 1018.8
0.15151 1018.8
0.15152 1018.8
0.15153 1018.8
0.15154 1018.8
0.15155 1018.8
0.15156 1018.8
0.15157 1018.8
0.15158 1018.8
0.15159 1018.8
0.15160 1018.8
0.15161 1018.8
0.15162 1018.8
0.15163 1018.8
0.15164 1018.8
0.15165 1018.8
0.15166 1018.8
0.15167 1018.8
0.15168 1018.8
0.15169 1018.8
0.15170 1018.8
0.15171 1018.8
0.15172 1018.8
0.15173 1018.8
0.15174 1018.8
0.15175 1018.8
0.15176 1018.8
0.15177 1018.8
0.15178 1018.8
0.15179 1018.8
0.15180 1018.8
0.15181 1018.8
0.15182 1018.8
0.15183 1018.8
0.15184 1018.8
0.15185 1018.8
0.15186 1018.8
0.15187 1018.8
0.15188 1018.8
0.15189 1018.8
0.15190 1018.8
0.15191 1018.8
0.15192 1018.8
0.15193 1018.8
0.15194 1018.8
0.15195 1018.8
0.15196 1018.8
0.15197 1018.8
0.15198 1018.8
0.15199 1018.8
0.15200 1018.8
0.15201 1018.8
0.15202 1018.8
0.15203 1018.8
0.15204 1018.8
0.15205 1018.8
0.15206 1018.8
0.15207 1018.8
0.15208 1018.8
0.15209 1018.8
0.15210 1018.8
0.15211 1018.8
0.15212 1018.8
0.15213 1018.8
0.15214 1018.8
0.15215 1018.8
0.15216 1018.8
0.15217 1018.8
0.15218 1018.8
0.15219 1018.8
0.15220 1018.8
0.15221 1018.8
0.15222 1018.8
0.15223 1018.8
0.15224 1018.8
0.15225 1018.8
0.15226 1018.8
0.15227 1018.8
0.15228 1018.8
0.15229 1018.8
0.15230 1018.8
0.15231 1018.8
0.15232 1018.8
0.15233 1018.8
0.15234 1018.8
0.15235 1018.8
0.15236 1018.8
0.15237 1018.8
0.15238 1018.8
0.15239 1018.8
0.15240 1018.8
0.15241 1018.8
0.15242 1018.8
0.15243 1018.8
0.15244 1018.8
0.15245 1018.8
0.15246 1018.8
0.15247 1018.8
0.15248 1018.8
0.15249 1018.8
0.15250 1018.8
0.15251 1018.8
0.15252 1018.8
0.15253 1018.8
0.15254 1018.8
0.15255 1018.8
0.15256 1018.8
0.15257 1018.8
0.15258 1018.8
0.15259 1018.8
0.15260 1018.8
0.15261 1018.8
0.15262 1018.8
0.15263 1018.8
0.15264 1018.8
0.15265 1018.8
0.15266 1018.8
0.15267 1018.8
0.15268 1018.8
0.15269 1018.8
0.15270 1018.8
0.15271 1018.8
0.15272 1018.8
0.15273 1018.8
0.15274 1018.8
0.15275 1018.8
0.15276 1018.8
0.15277 1018.8
0.15278 1018.8
0.15279 1018.8
0.15280 1018.8
0.15281 1018.8
0.15282 1018.8
0.15283 1018.8
0.15284 1018.8
0.15285 1018.8
0.15286 1018.8
0.15287 1018.8
0.15288 1018.8
0.15289 1018.8
0.15290 1018.8
0.15291 1018.8
0.15292 1018.8
0.15293 1018.8
0.15294 1018.8
0.15295 1018.8
0.15296 1018.8
0.15297 1018.8
0.15298 1018.8
0.15299 1018.8
0.15300 1018.8
0.15301 1018.8
0.15302 1018.8
0.15303 1018.8
0.15304 1018.8
0.15305 1018.8
0.15306 1018.8
0.15307 1018.8
0.15308 1018.8
0.15309 1018.8
0.15310 1018.8
0.15311 1018.8
0.15312 1018.8
0.15313 1018.8
0.15314 1018.8
0.15315 1018.8
0.15316 1018.8
0.15317 1018.8
0.15318 1018.8
0.15319 1018.8
0.15320 1018.8
0.15321 1018.8
0.15322 1018.8
0.15323 1018.8
0.15324 1018.8
0.15325 1018.8
0.15326 1018.8
0.15327 1018.8
0.15328 1018.8
0.15329 1018.8
0.15330 1018.8
0.15331 1018.8
0.15332 1018.8
0.15333 1018.8
0.15334 1018.8
0.15335 1018.8
0.15336 1018.8
0.15337 1018.8
0.15338 1018.8
0.15339 1018.8
0.15340 1018.8
0.15341 1018.8
0.15342 1018.8
0.15343 1018.8
0.15344 1018.8
0.15345 1018.8
0.15346 1018.8
0.15347 1018.8
0.15348 1018.8
0.15349 1018.8
0.15350 1018.8
0.15351 1018.8
0.15352 1018.8
0.15353 1018.8
0.15354 1018.8
0.15355 1018.8
0.15356 1018.8
0.15357 1018.8
0.15358 1018.8
0.15359 1018.8
0.15360 1018.8
0.15361 1018.8
0.15362 1018.8
0.15363 1018.8
0.15364 1018.8
0.15365 1018.8
0.15366 1018.8
0.15367 1018.8
0.15368 1018.8
0.15369 1018.8
0.15370 1018.8
0.15371 1018.8
0.15372 1018.8
0.15373 1018.8
0.15374 1018.8
0.15375 1018.8
0.15376 1018.8
0.15377 1018.8
0.15378 1018.8
0.15379 1018.8
0.15380 1018.8
0.15381 1018.8
0.15382 1018.8
0.15383 1018.8
0.15384 1018.8
0.15385 1018.8
0.15386 1018.8
0.15387 1018.8
0.15388 1018.8
0.15389 1018.8
0.15390 1018.8
0.15391 1018.8
0.15392 1018.8
0.15393 1018.8
0.15394 1018.8
0.15395 1018.8
0.15396 1018.8
0.15397 1018.8
0.15398 1018.8
0.15399 1018.8
0.15400 1018.8
0.15401 1018.8
0.15402 1018.8
0.15403 1018.8
0.15404 1018.8
0.15405 1018.8
0.15406 1018.8
0.15407 1018.8
0.15408 1018.8
0.15409 1018.8
0.15410 1018.8
0.15411 1018.8
0.15412 1018.8
0.15413 1018.8
0.15414 1018.8
0.15415 1018.8
0.15416 1018.8
0.15417 1018.8
0.15418 1018.8
0.15419 1018.8
0.15420 1018.8
0.15421 1018.8
0.15422 1018.8
0.15423 1018.8
0.15424 1018.8
0.15425 1018.8
0.15426 1018.8
0.15427 1018.8
0.15428 1018.8
0.15429 1018.8
0.15430 1018.8
0.15431 1018.8
0.15432 1018.8
0.15433 1018.8
0.15434 1018.8
0.15435 1018.8
0.15436 1018.8
0.15437 1018.8
0.15438 1018.8
0.15439 1018.8
0.15440 1018.8
0.15441 1018.8
0.15442 1018.8
0.15443 1018.8
0.15444 1018.8
0.15445 1018.8
0.15446 1018.8
0.15447 1018.8
0.15448 1018.8
0.15449 1018.8
0.15450 1018.8
0.15451 1018.8
0.15452 1018.8
0.15453 1018.8
0.15454 1018.8
0.15455 1018.8
0.15456 1018.8
0.15457 1018.8
0.15458 1018.8
0.15459 1018.8
0.15460 1018.8
0.15461 1018.8
0.15462 1018.8
0.15463 1018.8
0.15464 1018.8
0.15465 1018.8
0.15466 1018.8
0.15467 1018.8
0.15468 1018.8
0.15469 1018.8
0.15470 1018.8
0.15471 1018.8
0.15472 1018.8
0.15473 1018.8
0.15474 1018.8
0.15475 1018.8
0.15476 1018.8
0.15477 1018.8
0.15478 1018.8
0.15479 1018.8
0.15480 1018.8
0.15481 1018.8
0.15482 1018.8
0.15483 1018.8
0.15484 1018.8
0.15485 1018.8
0.15486 1018.8
0.15487 1018.8
0.15488 1018.8
0.15489 1018.8
0.15490 1018.8
0.15491 1018.8
0.15492 1018.8
0.15493 1018.8
0.15494 1018.8
0.15495 1018.8
0.15496 1018.8
0.15497 1018.8
0.15498 1018.8
0.15499 1018.8
0.15500 1018.8
0.15501 1018.8
0.15502 1018.8
0.15503 1018.8
0.15504 1018.8
0.15505 1018.8
0.15506 1018.8
0.15507 1018.8
0.15508 1018.8
0.15509 1018.8
0.15510 1018.8
0.15511 1018.8
0.15512 1018.8
0.15513 1018.8
0.15514 1018.8
0.15515 1018.8
0.15516 1018.8
0.15517 1018.8
0.15518 1018.8
0.15519 1018.8
0.15520 1018.8
0.15521 1018.8
0.15522 1018.8
0.15523 1018.8
0.15524 1018.8
0.15525 1018.8
0.15526 1018.8
0.15527 1018.8
0.15528 1018.8
0.15529 1018.8
0.15530 1018.8
0.15531 1018.8
0.15532 1018.8
0.15533 1018.8
0.15534 1018.8
0.15535 1018.8
0.15536 1018.8
0.15537 1018.8
0.15538 1018.8
0.15539 1018.8
0.15540 1018.8
0.15541 1018.8
0.15542 1018.8
0.15543 1018.8
0.15544 1018.8
0.15545 1018.8
0.15546 1018.8
0.15547 1018.8
0.15548 1018.8
0.15549 1018.8
0.15550 1018.8
0.15551 1018.8
0.15552 1018.8
0.15553 1018.8
0.15554 1018.8
0.15555 1018.8
0.15556 1018.8
0.15557 1018.8
0.15558 1018.8
0.15559 1018.8
0.15560 1018.8
0.15561 1018.8
0.15562 1018.8
0.15563 1018.8
0.15564 1018.8
0.15565 1018.8
0.15566 1018.8
0.15567 1018.8
0.15568 1018.8
0.15569 1018.8
0.15570 1018.8
0.15571 1018.8
0.15572 1018.8
0.15573 1018.8
0.15574 1018.8
0.15575 1018.8
0.15576 1018.8
0.15577 1018.8
0.15578 1018.8
0.15579 1018.8
0.15580 1018.8
0.15581 1018.8
0.15582 1018.8
0.15583 1018.8
0.15584 1018.8
0.15585 1018.8
0.15586 1018.8
0.15587 1018.8
0.15588 1018.8
0.15589 1018.8
0.15590 1018.8
0.15591 1018.8
0.15592 1018.8
0.15593 1018.8
0.15594 1018.8
0.15595 1018.8
0.15596 1018.8
0.15597 1018.8
0.15598 1018.8
0.15599 1018.8
0.15600 1018.8
0.15601 1018.8
0.15602 1018.8
0.15603 1018.8
0.15604 1018.8
0.15605 1018.8
0.15606 1018.8
0.15607 1018.8
0.15608 1018.8
0.15609 1018.8
0.15610 1018.8
0.15611 1018.8
0.15612 1018.8
0.15613 1018.8
0.15614 1018.8
0.15615 1018.8
0.15616 1018.8
0.15617 1018.8
0.15618 1018.8
0.15619 1018.8
0.15620 1018.8
0.15621 1018.8
0.15622 1018.8
0.15623 1018.8
0.15624 1018.8
0.15625 1018.8
0.15626 1018.8
0.15627 1018.8
0.15628 1018.8
0.15629 1018.8
0.15630 1018.8
0.15631 1018.8
0.15632 1018.8
0.15633 1018.8
0.15634 1018.8
0.15635 1018.8
0.15636 1018.8
0.15637 1018.8
0.15638 1018.8
0.15639 1018.8
0.15640 1018.8
0.15641 1018.8
0.15642 1018.8
0.15643 1018.8
0.15644 1018.8
0.15645 1018.8
0.15646 1018.8
0.15647 1018.8
0.15648 1018.8
0.15649 1018.8
0.15650 1018.8
0.15651 1018.8
0.15652 1018.8
0.15653 1018.8
0.15654 1018.8
0.15655 1018.8
0.15656 1018.8
0.15657 1018.8
0.15658 1018.8
0.15659 1018.8
0.15660 1018.8
0.15661 1018.8
0.15662 1018.8
0.15663 1018.8
0.15664 1018.8
0.15665 1018.8
0.15666 1018.8
0.15667 1018.8
0.15668 1018.8
0.15669 1018.8
0.15670 1018.8
0.15671 1018.8
0.15672 1018.8
0.15673 1018.8
0.15674 1018.8
0.15675 1018.8
0.15676 1018.8
0.15677 1018.8
0.15678 1018.8
0.15679 1018.8
0.15680 1018.8
0.15681 1018.8
0.15682 1018.8
0.15683 1018.8
0.15684 1018.8
0.15685 1018.8
0.15686 1018.8
0.15687 1018.8
0.15688 1018.8
0.15689 1018.8
0.15690 1018.8
0.15691 1018.8
0.15692 1018.8
0.15693 1018.8
0.15694 1018.8
0.15695 1018.8
0.15696 1018.8
0.15697 1018.8
0.15698 1018.8
0.15699 1018.8
0.15700 1018.8
0.15701 1018.8
0.15702 1018.8
0.15703 1018.8
0.15704 1018.8
0.15705 1018.8
0.15706 1018.8
0.15707 1018.8
0.15708 1018.8
0.15709 1018.8
0.15710 1018.8
0.15711 1018.8
0.15712 1018.8
0.15713 1018.8
0.15714 1018.8
0.15715 1018.8
0.15716 1018.8
0.15717 1018.8
0.15718 1018.8
0.15719 1018.8
0.15720 1018.8
0.15721 1018.8
0.15722 1018.8
0.15723 1018.8
0.15724 1018.8
0.15725 1018.8
0.15726 1018.8
0.15727 1018.8
0.15728 1018.8
0.15729 1018.8
0.15730 1018.8
0.15731 1018.8
0.15732 1018.8
0.15733 1018.8
0.15734 1018.8
0.15735 1018.8
0.15736 1018.8
0.15737 1018.8
0.15738 1018.8
0.15739 1018.8
0.15740 1018.8
0.15741 1018.8
0.15742 1018.8
0.15743 1018.8
0.15744 1018.8
0.15745 1018.8
0.15746 1018.8
0.15747 1018.8
0.15748 1018.8
0.15749 1018.8
0.15750 1018.8
0.15751 1018.8
0.15752 1018.8
0.15753 1018.8
0.15754 1018.8
0.15755 1018.8
0.15756 1018.8
0.15757 1018.8
0.15758 1018.8
0.15759 1018.8
0.15760 1018.8
0.15761 1018.8
0.15762 1018.8
0.15763 1018.8
0.15764 1018.8
0.15765 1018.8
0.15766 1018.8
0.15767 1018.8
0.15768 1018.8
0.15769 1018.8
0.15770 1018.8
0.15771 1018.8
0.15772 1018.8
0.15773 1018.8
0.15774 1018.8
0.15775 1018.8
0.15776 1018.8
0.15777 1018.8
0.15778 1018.8
0.15779 1018.8
0.15780 1018.8
0.15781 1018.8
0.15782 1018.8
0.15783 1018.8
0.15784 1018.8
0.15785 1018.8
0.15786 1018.8
0.15787 1018.8
0.15788 1018.8
0.15789 1018.8
0.15790 1018.8
0.15791 1018.8
0.15792 1018.8
0.15793 1018.8
0.15794 1018.8
0.15795 1018.8
0.15796 1018.8
0.15797 1018.8
0.15798 1018.8
0.15799 1018.8
0.15800 1018.8
0.15801 1018.8
0.15802 1018.8
0.15803 1018.8
0.15804 1018.8
0.15805 1018.8
0.15806 1018.8
0.15807 1018.8
0.15808 1018.8
0.15809 1018.8
0.15810 1018.8
0.15811 1018.8
0.15812 1018.8
0.15813 1018.8
0.15814 1018.8
0.15815 1018.8
0.15816 1018.8
0.15817 1018.8
0.15818 1018.8
0.15819 1018.8
0.15820 1018.8
0.15821 1018.8
0.15822 1018.8
0.15823 1018.8
0.15824 1018.8
0.15825 1018.8
0.15826 1018.8
0.15827 1018.8
0.15828 1018.8
0.15829 1018.8
0.15830 1018.8
0.15831 1018.8
0.15832 1018.8
0.15833 1018.8
0.15834 1018.8
0.15835 1018.8
0.15836 1018.8
0.15837 1018.8
0.15838 1018.8
0.15839 1018.8
0.15840 1018.8
0.15841 1018.8
0.15842 1018.8
0.15843 1018.8
0.15844 1018.8
0.15845 1018.8
0.15846 1018.8
0.15847 1018.8
0.15848 1018.8
0.15849 1018.8
0.15850 1018.8
0.15851 1018.8
0.15852 1018.8
0.15853 1018.8
0.15854 1018.8
0.15855 1018.8
0.15856 1018.8
0.15857 1018.8
0.15858 1018.8
0.15859 1018.8
0.15860 1018.8
0.15861 1018.8
0.15862 1018.8
0.15863 1018.8
0.15864 1018.8
0.15865 1018.8
0.15866 1018.8
0.15867 1018.8
0.15868 1018.8
0.15869 1018.8
0.15870 1018.8
0.15871 1018.8
0.15872 1018.8
0.15873 1018.8
0.15874 1018.8
0.15875 1018.8
0.15876 1018.8
0.15877 1018.8
0.15878 1018.8
0.15879 1018.8
0.15880 1018.8
0.15881 1018.8
0.15882 1018.8
0.15883 1018.8
0.15884 1018.8
0.15885 1018.8
0.15886 1018.8
0.15887 1018.8
0.15888 1018.8
0.15889 1018.8
0.15890 1018.8
0.15891 1018.8
0.15892 1018.8
0.15893 1018.8
0.15894 1018.8
0.15895 1018.8
0.15896 1018.8
0.15897 1018.8
0.15898 1018.8
0.15899 1018.8
0.15900 1018.8
0.15901 1018.8
0.15902 1018.8
0.15903 1018.8
0.15904 1018.8
0.15905 1018.8
0.15906 1018.8
0.15907 1018.8
0.15908 1018.8
0.15909 1018.8
0.15910 1018.8
0.15911 1018.8
0.15912 1018.8
0.15913 1018.8
0.15914 1018.8
0.15915 1018.8
0.15916 1018.8
0.15917 1018.8
0.15918 1018.8
0.15919 1018.8
0.15920 1018.8
0.15921 1018.8
0.15922 1018.8
0.15923 1018.8
0.15924 1018.8
0.15925 1018.8
0.15926 1018.8
0.15927 1018.8
0.15928 1018.8
0.15929 1018.8
0.15930 1018.8
0.15931 1018.8
0.15932 1018.8
0.15933 1018.8
0.15934 1018.8
0.15935 1018.8
0.15936 1018.8
0.15937 1018.8
0.15938 1018.8
0.15939 1018.8
0.15940 1018.8
0.15941 1018.8
0.15942 1018.8
0.15943 1018.8
0.15944 1018.8
0.15945 1018.8
0.15946 1018.8
0.15947 1018.8
0.15948 1018.8
0.15949 1018.8
0.15950 1018.8
0.15951 1018.8
0.15952 1018.8
0.15953 1018.8
0.15954 1018.8
0.15955 1018.8
0.15956 1018.8
0.15957 1018.8
0.15958 1018.8
0.15959 1018.8
0.15960 1018.8
0.15961 1018.8
0.15962 1018.8
0.15963 1018.8
0.15964 1018.8
0.15965 1018.8
0.15966 1018.8
0.15967 1018.8
0.15968 1018.8
0.15969 1018.8
0.15970 1018.8
0.15971 1018.8
0.15972 1018.8
0.15973 1018.8
0.15974 1018.8
0.15975 1018.8
0.15976 1018.8
0.15977 1018.8
0.15978 1018.8
0.15979 1018.8
0.15980 1018.8
0.15981 1018.8
0.15982 1018.8
0.15983 1018.8
0.15984 1018.8
0.15985 1018.8
0.15986 1018.8
0.15987 1018.8
0.15988 1018.8
0.15989 1018.8
0.15990 1018.8
0.15991 1018.8
0.15992 1018.8
0.15993 1018.8
0.15994 1018.8
0.15995 1018.8
0.15996 1018.8
0.15997 1018.8
0.15998 1018.8
0.15999 1018.8
0.16000 1018.8
0.16001 1018.8
0.16002 1018.8
0.16003 1018.8
0.16004 1018.8
0.16005 1018.8
0.16006 1018.8
0.16007 1018.8
0.16008 1018.8
0.16009 1018.8
0.16010 1018.8
0.16011 1018.8
0.16012 1018.8
0.16013 1018.8
0.16014 1018.8
0.16015 1018.8
0.16016 1018.8
0.16017 1018.8
0.16018 1018.8
0.16019 1018.8
0.16020 1018.8
0.16021 1018.8
0.16022 1018.8
0.16023 1018.8
0.16024 1018.8
0.16025 1018.8
0.16026 1018.8
0.16027 1018.8
0.16028 1018.8
0.16029 1018.8
0.16030 1018.8
0.16031 1018.8
0.16032 1018.8
0.16033 1018.8
0.16034 1018.8
0.16035 1018.8
0.16036 1018.8
0.16037 1018.8
0.16038 1018.8
0.16039 1018.8
0.16040 1018.8
0.16041 1018.8
0.16042 1018.8
0.16043 1018.8
0.16044 1018.8
0.16045 1018.8
0.16046 1018.8
0.16047 1018.8
0.16048 1018.8
0.16049 1018.8
0.16050 1018.8
0.16051 1018.8
0.16052 1018.8
0.16053 1018.8
0.16054 1018.8
0.16055 1018.8
0.16056 1018.8
0.16057 1018.8
0.16058 1018.8
0.16059 1018.8
0.16060 1018.8
0.16061 1018.8
0.16062 1018.8
0.16063 1018.8
0.16064 1018.8
0.16065 1018.8
0.16066 1018.8
0.16067 1018.8
0.16068 1018.8
0.16069 1018.8
0.16070 1018.8
0.16071 1018.8
0.16072 1018.8
0.16073 1018.8
0.16074 1018.8
0.16075 1018.8
0.16076 1018.8
0.16077 1018.8
0.16078 1018.8
0.16079 1018.8
0.16080 1018.8
0.16081 1018.8
0.16082 1018.8
0.16083 1018.8
0.16084 1018.8
0.16085 1018.8
0.16086 1018.8
0.16087 1018.8
0.16088 1018.8
0.16089 1018.8
0.16090 1018.8
0.16091 1018.8
0.16092 1018.8
0.16093 1018.8
0.16094 1018.8
0.16095 1018.8
0.16096 1018.8
0.16097 1018.8
0.16098 1018.8
0.16099 1018.8
0.16100 1018.8
0.16101 1018.8
0.16102 1018.8
0.16103 1018.8
0.16104 1018.8
0.16105 1018.8
0.16106 1018.8
0.16107 1018.8
0.16108 1018.8
0.16109 1018.8
0.16110 1018.8
0.16111 1018.8
0.16112 1018.8
0.16113 1018.8
0.16114 1018.8
0.16115 1018.8
0.16116 1018.8
0.16117 1018.8
0.16118 1018.8
0.16119 1018.8
0.16120 1018.8
0.16121 1018.8
0.16122 1018.8
0.16123 1018.8
0.16124 1018.8
0.16125 1018.8
0.16126 1018.8
0.16127 1018.8
0.16128 1018.8
0.16129 1018.8
0.16130 1018.8
0.16131 1018.8
0.16132 1018.8
0.16133 1018.8
0.16134 1018.8
0.16135 1018.8
0.16136 1018.8
0.16137 1018.8
0.16138 1018.8
0.16139 1018.8
0.16140 1018.8
0.16141 1018.8
0.16142 1018.8
0.16143 1018.8
0.16144 1018.8
0.16145 1018.8
0.16146 1018.8
0.16147 1018.8
0.16148 1018.8
0.16149 1018.8
0.16150 1018.8
0.16151 1018.8
0.16152 1018.8
0.16153 1018.8
0.16154 1018.8
0.16155 1018.8
0.16156 1018.8
0.16157 1018.8
0.16158 1018.8
0.16159 1018.8
0.16160 1018.8
0.16161 1018.8
0.16162 1018.8
0.16163 1018.8
0.16164 1018.8
0.16165 1018.8
0.16166 1018.8
0.16167 1018.8
0.16168 1018.8
0.16169 1018.8
0.16170 1018.8
0.16171 1018.8
0.16172 1018.8
0.16173 1018.8
0.16174 1018.8
0.16175 1018.8
0.16176 1018.8
0.16177 1018.8
0.16178 1018.8
0.16179 1018.8
0.16180 1018.8
0.16181 1018.8
0.16182 1018.8
0.16183 1018.8
0.16184 1018.8
0.16185 1018.8
0.16186 1018.8
0.16187 1018.8
0.16188 1018.8
0.16189 1018.8
0.16190 1018.8
0.16191 1018.8
0.16192 1018.8
0.16193 1018.8
0.16194 1018.8
0.16195 1018.8
0.16196 1018.8
0.16197 1018.8
0.16198 1018.8
0.16199 1018.8
0.16200 1018.8
0.16201 1018.8
0.16202 1018.8
0.16203 1018.8
0.16204 1018.8
0.16205 1018.8
0.16206 1018.8
0.16207 1018.8
0.16208 1018.8
0.16209 1018.8
0.16210 1018.8
0.16211 1018.8
0.16212 1018.8
0.16213 1018.8
0.16214 1018.8
0.16215 1018.8
0.16216 1018.8
0.16217 1018.8
0.16218 1018.8
0.16219 1018.8
0.16220 1018.8
0.16221 1018.8
0.16222 1018.8
0.16223 1018.8
0.16224 1018.8
0.16225 1018.8
0.16226 1018.8
0.16227 1018.8
0.16228 1018.8
0.16229 1018.8
0.16230 1018.8
0.16231 1018.8
0.16232 1018.8
0.16233 1018.8
0.16234 1018.8
0.16235 1018.8
0.16236 1018.8
0.16237 1018.8
0.16238 1018.8
0.16239 1018.8
0.16240 1018.8
0.16241 1018.8
0.16242 1018.8
0.16243 1018.8
0.16244 1018.8
0.16245 1018.8
0.16246 1018.8
0.16247 1018.8
0.16248 1018.8
0.16249 1018.8
0.16250 1018.8
0.16251 1018.8
0.16252 1018.8
0.16253 1018.8
0.16254 1018.8
0.16255 1018.8
0.16256 1018.8
0.16257 1018.8
0.16258 1018.8
0.16259 1018.8
0.16260 1018.8
0.16261 1018.8
0.16262 1018.8
0.16263 1018.8
0.16264 1018.8
0.16265 1018.8
0.16266 1018.8
0.16267 1018.8
0.16268 1018.8
0.16269 1018.8
0.16270 1018.8
0.16271 1018.8
0.16272 1018.8
0.16273 1018.8
0.16274 1018.8
0.16275 1018.8
0.16276 1018.8
0.16277 1018.8
0.16278 1018.8
0.16279 1018.8
0.16280 1018.8
0.16281 1018.8
0.16282 1018.8
0.16283 1018.8
0.16284 1018.8
0.16285 1018.8
0.16286 1018.8
0.16287 1018.8
0.16288 1018.8
0.16289 1018.8
0.16290 1018.8
0.16291 1018.8
0.16292 1018.8
0.16293 1018.8
0.16294 1018.8
0.16295 1018.8
0.16296 1018.8
0.16297 1018.8
0.16298 1018.8
0.16299 1018.8
0.16300 1018.8
0.16301 1018.8
0.16302 1018.8
0.16303 1018.8
0.16304 1018.8
0.16305 1018.8
0.16306 1018.8
0.16307 1018.8
0.16308 1018.8
0.16309 1018.8
0.16310 1018.8
0.16311 1018.8
0.16312 1018.8
0.16313 1018.8
0.16314 1018.8
0.16315 1018.8
0.16316 1018.8
0.16317 1018.8
0.16318 1018.8
0.16319 1018.8
0.16320 1018.8
0.16321 1018.8
0.16322 1018.8
0.16323 1018.8
0.16324 1018.8
0.16325 1018.8
0.16326 1018.8
0.16327 1018.8
0.16328 1018.8
0.16329 1018.8
0.16330 1018.8
0.16331 1018.8
0.16332 1018.8
0.16333 1018.8
0.16334 1018.8
0.16335 1018.8
0.16336 1018.8
0.16337 1018.8
0.16338 1018.8
0.16339 1018.8
0.16340 1018.8
0.16341 1018.8
0.16342 1018.8
0.16343 1018.8
0.16344 1018.8
0.16345 1018.8
0.16346 1018.8
0.16347 1018.8
0.16348 1018.8
0.16349 1018.8
0.16350 1018.8
0.16351 1018.8
0.16352 1018.8
0.16353 1018.8
0.16354 1018.8
0.16355 1018.8
0.16356 1018.8
0.16357 1018.8
0.16358 1018.8
0.16359 1018.8
0.16360 1018.8
0.16361 1018.8
0.16362 1018.8
0.16363 1018.8
0.16364 1018.8
0.16365 1018.8
0.16366 1018.8
0.16367 1018.8
0.16368 1018.8
0.16369 1018.8
0.16370 1018.8
0.16371 1018.8
0.16372 1018.8
0.16373 1018.8
0.16374 1018.8
0.16375 1018.8
0.16376 1018.8
0.16377 1018.8
0.16378 1018.8
0.16379 1018.8
0.16380 1018.8
0.16381 1018.8
0.16382 1018.8
0.16383 1018.8
0.16384 1018.8
0.16385 1018.8
0.16386 1018.8
0.16387 1018.8
0.16388 1018.8
0.16389 1018.8
0.16390 1018.8
0.16391 1018.8
0.16392 1018.8
0.16393 1018.8
0.16394 1018.8
0.16395 1018.8
0.16396 1018.8
0.16397 1018.8
0.16398 1018.8
0.16399 1018.8
0.16400 1018.8
0.16401 1018.8
0.16402 1018.8
0.16403 1018.8
0.16404 1018.8
0.16405 1018.8
0.16406 1018.8
0.16407 1018.8
0.16408 1018.8
0.16409 1018.8
0.16410 1018.8
0.16411 1018.8
0.16412 1018.8
0.16413 1018.8
0.16414 1018.8
0.16415 1018.8
0.16416 1018.8
0.16417 1018.8
0.16418 1018.8
0.16419 1018.8
0.16420 1018.8
0.16421 1018.8
0.16422 1018.8
0.16423 1018.8
0.16424 1018.8
0.16425 1018.8
0.16426 1018.8
0.16427 1018.8
0.16428 1018.8
0.16429 1018.8
0.16430 1018.8
0.16431 1018.8
0.16432 1018.8
0.16433 1018.8
0.16434 1018.8
0.16435 1018.8
0.16436 1018.8
0.16437 1018.8
0.16438 1018.8
0.16439 1018.8
0.16440 1018.8
0.16441 1018.8
0.16442 1018.8
0.16443 1018.8
0.16444 1018.8
0.16445 1018.8
0.16446 1018.8
0.16447 1018.8
0.16448 1018.8
0.16449 1018.8
0.16450 1018.8
0.16451 1018.8
0.16452 1018.8
0.16453 1018.8
0.16454 1018.8
0.16455 1018.8
0.16456 1018.8
0.16457 1018.8
0.16458 1018.8
0.16459 1018.8
0.16460 1018.8
0.16461 1018.8
0.16462 1018.8
0.16463 1018.8
0.16464 1018.8
0.16465 1018.8
0.16466 1018.8
0.16467 1018.8
0.16468 1018.8
0.16469 1018.8
0.16470 1018.8
0.16471 1018.8
0.16472 1018.8
0.16473 1018.8
0.16474 1018.8
0.16475 1018.8
0.16476 1018.8
0.16477 1018.8
0.16478 1018.8
0.16479 1018.8
0.16480 1018.8
0.16481 1018.8
0.16482 1018.8
0.16483 1018.8
0.16484 1018.8
0.16485 1018.8
0.16486 1018.8
0.16487 1018.8
0.16488 1018.8
0.16489 1018.8
0.16490 1018.8
0.16491 1018.8
0.16492 1018.8
0.16493 1018.8
0.16494 1018.8
0.16495 1018.8
0.16496 1018.8
0.16497 1018.8
0.16498 1018.8
0.16499 1018.8
0.16500 1018.8
0.16501 1018.8
0.16502 1018.8
0.16503 1018.8
0.16504 1018.8
0.16505 1018.8
0.16506 1018.8
0.16507 1018.8
0.16508 1018.8
0.16509 1018.8
0.16510 1018.8
0.16511 1018.8
0.16512 1018.8
0.16513 1018.8
0.16514 1018.8
0.16515 1018.8
0.16516 1018.8
0.16517 1018.8
0.16518 1018.8
0.16519 1018.8
0.16520 1018.8
0.16521 1018.8
0.16522 1018.8
0.16523 1018.8
0.16524 1018.8
0.16525 1018.8
0.16526 1018.8
0.16527 1018.8
0.16528 1018.8
0.16529 1018.8
0.16530 1018.8
0.16531 1018.8
0.16532 1018.8
0.16533 1018.8
0.16534 1018.8
0.16535 1018.8
0.16536 1018.8
0.16537 1018.8
0.16538 1018.8
0.16539 1018.8
0.16540 1018.8
0.16541 1018.8
0.16542 1018.8
0.16543 1018.8
0.16544 1018.8
0.16545 1018.8
0.16546 1018.8
0.16547 1018.8
0.16548 1018.8
0.16549 1018.8
0.16550 1018.8
0.16551 1018.8
0.16552 1018.8
0.16553 1018.8
0.16554 1018.8
0.16555 1018.8
0.16556 1018.8
0.16557 1018.8
0.16558 1018.8
0.16559 1018.8
0.16560 1018.8
0.16561 1018.8
0.16562 1018.8
0.16563 1018.8
0.16564 1018.8
0.16565 1018.8
0.16566 1018.8
0.16567 1018.8
0.16568 1018.8
0.16569 1018.8
0.16570 1018.8
0.16571 1018.8
0.16572 1018.8
0.16573 1018.8
0.16574 1018.8
0.16575 1018.8
0.16576 1018.8
0.16577 1018.8
0.16578 1018.8
0.16579 1018.8
0.16580 1018.8
0.16581 1018.8
0.16582 1018.8
0.16583 1018.8
0.16584 1018.8
0.16585 1018.8
0.16586 1018.8
0.16587 1018.8
0.16588 1018.8
0.16589 1018.8
0.16590 1018.8
0.16591 1018.8
0.16592 1018.8
0.16593 1018.8
0.16594 1018.8
0.16595 1018.8
0.16596 1018.8
0.16597 1018.8
0.16598 1018.8
0.16599 1018.8
0.16600 1018.8
0.16601 1018.8
0.16602 1018.8
0.16603 1018.8
0.16604 1018.8
0.16605 1018.8
0.16606 1018.8
0.16607 1018.8
0.16608 1018.8
0.16609 1018.8
0.16610 1018.8
0.16611 1018.8
0.16612 1018.8
0.16613 1018.8
0.16614 1018.8
0.16615 1018.8
0.16616 1018.8
0.16617 1018.8
0.16618 1018.8
0.16619 1018.8
0.16620 1018.8
0.16621 1018.8
0.16622 1018.8
0.16623 1018.8
0.16624 1018.8
0.16625 1018.8
0.16626 1018.8
0.16627 1018.8
0.16628 1018.8
0.16629 1018.8
0.16630 1018.8
0.16631 1018.8
0.16632 1018.8
0.16633 1018.8
0.16634 1018.8
0.16635 1018.8
0.16636 1018.8
0.16637 1018.8
0.16638 1018.8
0.16639 1018.8
0.16640 1018.8
0.16641 1018.8
0.16642 1018.8
0.16643 1018.8
0.16644 1018.8
0.16645 1018.8
0.16646 1018.8
0.16647 1018.8
0.16648 1018.8
0.16649 1018.8
0.16650 1018.8
0.16651 1018.8
0.16652 1018.8
0.16653 1018.8
0.16654 1018.8
0.16655 1018.8
0.16656 1018.8
0.16657 1018.8
0.16658 1018.8
0.16659 1018.8
0.16660 1018.8
0.16661 1018.8
0.16662 1018.8
0.16663 1018.8
0.16664 1018.8
0.16665 1018.8
0.16666 1018.8
0.16667 1018.8
0.16668 1018.8
0.16669 1018.8
0.16670 1018.8
0.16671 1018.8
0.16672 1018.8
0.16673 1018.8
0.16674 1018.8
0.16675 1018.8
0.16676 1018.8
0.16677 1018.8
0.16678 1018.8
0.16679 1018.8
0.16680 1018.8
0.16681 1018.8
0.16682 1018.8
0.16683 1018.8
0.16684 1018.8
0.16685 1018.8
0.16686 1018.8
0.16687 1018.8
0.16688 1018.8
0.16689 1018.8
0.16690 1018.8
0.16691 1018.8
0.16692 1018.8
0.16693 1018.8
0.16694 1018.8
0.16695 1018.8
0.16696 1018.8
0.16697 1018.8
0.16698 1018.8
0.16699 1018.8
0.16700 1018.8
0.16701 1018.8
0.16702 1018.8
0.16703 1018.8
0.16704 1018.8
0.16705 1018.8
0.16706 1018.8
0.16707 1018.8
0.16708 1018.8
0.16709 1018.8
0.16710 1018.8
0.16711 1018.8
0.16712 1018.8
0.16713 1018.8
0.16714 1018.8
0.16715 1018.8
0.16716 1018.8
0.16717 1018.8
0.16718 1018.8
0.16719 1018.8
0.16720 1018.8
0.16721 1018.8
0.16722 1018.8
0.16723 1018.8
0.16724 1018.8
0.16725 1018.8
0.16726 1018.8
0.16727 1018.8
0.16728 1018.8
0.16729 1018.8
0.16730 1018.8
0.16731 1018.8
0.16732 1018.8
0.16733 1018.8
0.16734 1018.8
0.16735 1018.8
0.16736 1018.8
0.16737 1018.8
0.16738 1018.8
0.16739 1018.8
0.16740 1018.8
0.16741 1018.8
0.16742 1018.8
0.16743 1018.8
0.16744 1018.8
0.16745 1018.8
0.16746 1018.8
0.16747 1018.8
0.16748 1018.8
0.16749 1018.8
0.16750 1018.8
0.16751 1018.8
0.16752 1018.8
0.16753 1018.8
0.16754 1018.8
0.16755 1018.8
0.16756 1018.8
0.16757 1018.8
0.16758 1018.8
0.16759 1018.8
0.16760 1018.8
0.16761 1018.8
0.16762 1018.8
0.16763 1018.8
0.16764 1018.8
0.16765 1018.8
0.16766 1018.8
0.16767 1018.8
0.16768 1018.8
0.16769 1018.8
0.16770 1018.8
0.16771 1018.8
0.16772 1018.8
0.16773 1018.8
0.16774 1018.8
0.16775 1018.8
0.16776 1018.8
0.16777 1018.8
0.16778 1018.8
0.16779 1018.8
0.16780 1018.8
0.16781 1018.8
0.16782 1018.8
0.16783 1018.8
0.16784 1018.8
0.16785 1018.8
0.16786 1018.8
0.16787 1018.8
0.16788 1018.8
0.16789 1018.8
0.16790 1018.8
0.16791 1018.8
0.16792 1018.8
0.16793 1018.8
0.16794 1018.8
0.16795 1018.8
0.16796 1018.8
0.16797 1018.8
0.16798 1018.8
0.16799 1018.8
0.16800 1018.8
0.16801 1018.8
0.16802 1018.8
0.16803 1018.8
0.16804 1018.8
0.16805 1018.8
0.16806 1018.8
0.16807 1018.8
0.16808 1018.8
0.16809 1018.8
0.16810 1018.8
0.16811 1018.8
0.16812 1018.8
0.16813 1018.8
0.16814 1018.8
0.16815 1018.8
0.16816 1018.8
0.16817 1018.8
0.16818 1018.8
0.16819 1018.8
0.16820 1018.8
0.16821 1018.8
0.16822 1018.8
0.16823 1018.8
0.16824 1018.8
0.16825 1018.8
0.16826 1018.8
0.16827 1018.8
0.16828 1018.8
0.16829 1018.8
0.16830 1018.8
0.16831 1018.8
0.16832 1018.8
0.16833 1018.8
0.16834 1018.8
0.16835 1018.8
0.16836 1018.8
0.16837 1018.8
0.16838 1018.8
0.16839 1018.8
0.16840 1018.8
0.16841 1018.8
0.16842 1018.8
0.16843 1018.8
0.16844 1018.8
0.16845 1018.8
0.16846 1018.8
0.16847 1018.8
0.16848 1018.8
0.16849 1018.8
0.16850 1018.8
0.16851 1018.8
0.16852 1018.8
0.16853 1018.8
0.16854 1018.8
0.16855 1018.8
0.16856 1018.8
0.16857 1018.8
0.16858 1018.8
0.16859 1018.8
0.16860 1018.8
0.16861 1018.8
0.16862 1018.8
0.16863 1018.8
0.16864 1018.8
0.16865 1018.8
0.16866 1018.8
0.16867 1018.8
0.16868 1018.8
0.16869 1018.8
0.16870 1018.8
0.16871 1018.8
0.16872 1018.8
0.16873 1018.8
0.16874 1018.8
0.16875 1018.8
0.16876 1018.8
0.16877 1018.8
0.16878 1018.8
0.16879 1018.8
0.16880 1018.8
0.16881 1018.8
0.16882 1018.8
0.16883 1018.8
0.16884 1018.8
0.16885 1018.8
0.16886 1018.8
0.16887 1018.8
0.16888 1018.8
0.16889 1018.8
0.16890 1018.8
0.16891 1018.8
0.16892 1018.8
0.16893 1018.8
0.16894 1018.8
0.16895 1018.8
0.16896 1018.8
0.16897 1018.8
0.16898 1018.8
0.16899 1018.8
0.16900 1018.8
0.16901 1018.8
0.16902 1018.8
0.16903 1018.8
0.16904 1018.8
0.16905 1018.8
0.16906 1018.8
0.16907 1018.8
0.16908 1018.8
0.16909 1018.8
0.16910 1018.8
0.16911 1018.8
0.16912 1018.8
0.16913 1018.8
0.16914 1018.8
0.16915 1018.8
0.16916 1018.8
0.16917 1018.8
0.16918 1018.8
0.16919 1018.8
0.16920 1018.8
0.16921 1018.8
0.16922 1018.8
0.16923 1018.8
0.16924 1018.8
0.16925 1018.8
0.16926 1018.8
0.16927 1018.8
0.16928 1018.8
0.16929 1018.8
0.16930 1018.8
0.16931 1018.8
0.16932 1018.8
0.16933 1018.8
0.16934 1018.8
0.16935 1018.8
0.16936 1018.8
0.16937 1018.8
0.16938 1018.8
0.16939 1018.8
0.16940 1018.8
0.16941 1018.8
0.16942 1018.8
0.16943 1018.8
0.16944 1018.8
0.16945 1018.8
0.16946 1018.8
0.16947 1018.8
0.16948 1018.8
0.16949 1018.8
0.16950 1018.8
0.16951 1018.8
0.16952 1018.8
0.16953 1018.8
0.16954 1018.8
0.16955 1018.8
0.16956 1018.8
0.16957 1018.8
0.16958 1018.8
0.16959 1018.8
0.16960 1018.8
0.16961 1018.8
0.16962 1018.8
0.16963 1018.8
0.16964 1018.8
0.16965 1018.8
0.16966 1018.8
0.16967 1018.8
0.16968 1018.8
0.16969 1018.8
0.16970 1018.8
0.16971 1018.8
0.16972 1018.8
0.16973 1018.8
0.16974 1018.8
0.16975 1018.8
0.16976 1018.8
0.16977 1018.8
0.16978 1018.8
0.16979 1018.8
0.16980 1018.8
0.16981 1018.8
0.16982 1018.8
0.16983 1018.8
0.16984 1018.8
0.16985 1018.8
0.16986 1018.8
0.16987 1018.8
0.16988 1018.8
0.16989 1018.8
0.16990 1018.8
0.16991 1018.8
0.16992 1018.8
0.16993 1018.8
0.16994 1018.8
0.16995 1018.8
0.16996 1018.8
0.16997 1018.8
0.16998 1018.8
0.16999 1018.8
0.17000 1018.8
0.17001 1018.8
0.17002 1018.8
0.17003 1018.8
0.17004 1018.8
0.17005 1018.8
0.17006 1018.8
0.17007 1018.8
0.17008 1018.8
0.17009 1018.8
0.17010 1018.8
0.17011 1018.8
0.17012 1018.8
0.17013 1018.8
0.17014 1018.8
0.17015 1018.8
0.17016 1018.8
0.17017 1018.8
0.17018 1018.8
0.17019 1018.8
0.17020 1018.8
0.17021 1018.8
0.17022 1018.8
0.17023 1018.8
0.17024 1018.8
0.17025 1018.8
0.17026 1018.8
0.17027 1018.8
0.17028 1018.8
0.17029 1018.8
0.17030 1018.8
0.17031 1018.8
0.17032 1018.8
0.17033 1018.8
0.17034 1018.8
0.17035 1018.8
0.17036 1018.8
0.17037 1018.8
0.17038 1018.8
0.17039 1018.8
0.17040 1018.8
0.17041 1018.8
0.17042 1018.8
0.17043 1018.8
0.17044 1018.8
0.17045 1018.8
0.17046 1018.8
0.17047 1018.8
0.17048 1018.8
0.17049 1018.8
0.17050 1018.8
0.17051 1018.8
0.17052 1018.8
0.17053 1018.8
0.17054 1018.8
0.17055 1018.8
0.17056 1018.8
0.17057 1018.8
0.17058 1018.8
0.17059 1018.8
0.17060 1018.8
0.17061 1018.8
0.17062 1018.8
0.17063 1018.8
0.17064 1018.8
0.17065 1018.8
0.17066 1018.8
0.17067 1018.8
0.17068 1018.8
0.17069 1018.8
0.17070 1018.8
0.17071 1018.8
0.17072 1018.8
0.17073 1018.8
0.17074 1018.8
0.17075 1018.8
0.17076 1018.8
0.17077 1018.8
0.17078 1018.8
0.17079 1018.8
0.17080 1018.8
0.17081 1018.8
0.17082 1018.8
0.17083 1018.8
0.17084 1018.8
0.17085 1018.8
0.17086 1018.8
0.17087 1018.8
0.17088 1018.8
0.17089 1018.8
0.17090 1018.8
0.17091 1018.8
0.17092 1018.8
0.17093 1018.8
0.17094 1018.8
0.17095 1018.8
0.17096 1018.8
0.17097 1018.8
0.17098 1018.8
0.17099 1018.8
0.17100 1018.8
0.17101 1018.8
0.17102 1018.8
0.17103 1018.8
0.17104 1018.8
0.17105 1018.8
0.17106 1018.8
0.17107 1018.8
0.17108 1018.8
0.17109 1018.8
0.17110 1018.8
0.17111 1018.8
0.17112 1018.8
0.17113 1018.8
0.17114 1018.8
0.17115 1018.8
0.17116 1018.8
0.17117 1018.8
0.17118 1018.8
0.17119 1018.8
0.17120 1018.8
0.17121 1018.8
0.17122 1018.8
0.17123 1018.8
0.17124 1018.8
0.17125 1018.8
0.17126 1018.8
0.17127 1018.8
0.17128 1018.8
0.17129 1018.8
0.17130 1018.8
0.17131 1018.8
0.17132 1018.8
0.17133 1018.8
0.17134 1018.8
0.17135 1018.8
0.17136 1018.8
0.17137 1018.8
0.17138 1018.8
0.17139 1018.8
0.17140 1018.8
0.17141 1018.8
0.17142 1018.8
0.17143 1018.8
0.17144 1018.8
0.17145 1018.8
0.17146 1018.8
0.17147 1018.8
0.17148 1018.8
0.17149 1018.8
0.17150 1018.8
0.17151 1018.8
0.17152 1018.8
0.17153 1018.8
0.17154 1018.8
0.17155 1018.8
0.17156 1018.8
0.17157 1018.8
0.17158 1018.8
0.17159 1018.8
0.17160 1018.8
0.17161 1018.8
0.17162 1018.8
0.17163 1018.8
0.17164 1018.8
0.17165 1018.8
0.17166 1018.8
0.17167 1018.8
0.17168 1018.8
0.17169 1018.8
0.17170 1018.8
0.17171 1018.8
0.17172 1018.8
0.17173 1018.8
0.17174 1018.8
0.17175 1018.8
0.17176 1018.8
0.17177 1018.8
0.17178 1018.8
0.17179 1018.8
0.17180 1018.8
0.17181 1018.8
0.17182 1018.8
0.17183 1018.8
0.17184 1018.8
0.17185 1018.8
0.17186 1018.8
0.17187 1018.8
0.17188 1018.8
0.17189 1018.8
0.17190 1018.8
0.17191 1018.8
0.17192 1018.8
0.17193 1018.8
0.17194 1018.8
0.17195 1018.8
0.17196 1018.8
0.17197 1018.8
0.17198 1018.8
0.17199 1018.8
0.17200 1018.8
0.17201 1018.8
0.17202 1018.8
0.17203 1018.8
0.17204 1018.8
0.17205 1018.8
0.17206 1018.8
0.17207 1018.8
0.17208 1018.8
0.17209 1018.8
0.17210 1018.8
0.17211 1018.8
0.17212 1018.8
0.17213 1018.8
0.17214 1018.8
0.17215 1018.8
0.17216 1018.8
0.17217 1018.8
0.17218 1018.8
0.17219 1018.8
0.17220 1018.8
0.17221 1018.8
0.17222 1018.8
0.17223 1018.8
0.17224 1018.8
0.17225 1018.8
0.17226 1018.8
0.17227 1018.8
0.17228 1018.8
0.17229 1018.8
0.17230 1018.8
0.17231 1018.8
0.17232 1018.8
0.17233 1018.8
0.17234 1018.8
0.17235 1018.8
0.17236 1018.8
0.17237 1018.8
0.17238 1018.8
0.17239 1018.8
0.17240 1018.8
0.17241 1018.8
0.17242 1018.8
0.17243 1018.8
0.17244 1018.8
0.17245 1018.8
0.17246 1018.8
0.17247 1018.8
0.17248 1018.8
0.17249 1018.8
0.17250 1018.8
0.17251 1018.8
0.17252 1018.8
0.17253 1018.8
0.17254 1018.8
0.17255 1018.8
0.17256 1018.8
0.17257 1018.8
0.17258 1018.8
0.17259 1018.8
0.17260 1018.8
0.17261 1018.8
0.17262 1018.8
0.17263 1018.8
0.17264 1018.8
0.17265 1018.8
0.17266 1018.8
0.17267 1018.8
0.17268 1018.8
0.17269 1018.8
0.17270 1018.8
0.17271 1018.8
0.17272 1018.8
0.17273 1018.8
0.17274 1018.8
0.17275 1018.8
0.17276 1018.8
0.17277 1018.8
0.17278 1018.8
0.17279 1018.8
0.17280 1018.8
0.17281 1018.8
0.17282 1018.8
0.17283 1018.8
0.17284 1018.8
0.17285 1018.8
0.17286 1018.8
0.17287 1018.8
0.17288 1018.8
0.17289 1018.8
0.17290 1018.8
0.17291 1018.8
0.17292 1018.8
0.17293 1018.8
0.17294 1018.8
0.17295 1018.8
0.17296 1018.8
0.17297 1018.8
0.17298 1018.8
0.17299 1018.8
0.17300 1018.8
0.17301 1018.8
0.17302 1018.8
0.17303 1018.8
0.17304 1018.8
0.17305 1018.8
0.17306 1018.8
0.17307 1018.8
0.17308 1018.8
0.17309 1018.8
0.17310 1018.8
0.17311 1018.8
0.17312 1018.8
0.17313 1018.8
0.17314 1018.8
0.17315 1018.8
0.17316 1018.8
0.17317 1018.8
0.17318 1018.8
0.17319 1018.8
0.17320 1018.8
0.17321 1018.8
0.17322 1018.8
0.17323 1018.8
0.17324 1018.8
0.17325 1018.8
0.17326 1018.8
0.17327 1018.8
0.17328 1018.8
0.17329 1018.8
0.17330 1018.8
0.17331 1018.8
0.17332 1018.8
0.17333 1018.8
0.17334 1018.8
0.17335 1018.8
0.17336 1018.8
0.17337 1018.8
0.17338 1018.8
0.17339 1018.8
0.17340 1018.8
0.17341 1018.8
0.17342 1018.8
0.17343 1018.8
0.17344 1018.8
0.17345 1018.8
0.17346 1018.8
0.17347 1018.8
0.17348 1018.8
0.17349 1018.8
0.17350 1018.8
0.17351 1018.8
0.17352 1018.8
0.17353 1018.8
0.17354 1018.8
0.17355 1018.8
0.17356 1018.8
0.17357 1018.8
0.17358 1018.8
0.17359 1018.8
0.17360 1018.8
0.17361 1018.8
0.17362 1018.8
0.17363 1018.8
0.17364 1018.8
0.17365 1018.8
0.17366 1018.8
0.17367 1018.8
0.17368 1018.8
0.17369 1018.8
0.17370 1018.8
0.17371 1018.8
0.17372 1018.8
0.17373 1018.8
0.17374 1018.8
0.17375 1018.8
0.17376 1018.8
0.17377 1018.8
0.17378 1018.8
0.17379 1018.8
0.17380 1018.8
0.17381 1018.8
0.17382 1018.8
0.17383 1018.8
0.17384 1018.8
0.17385 1018.8
0.17386 1018.8
0.17387 1018.8
0.17388 1018.8
0.17389 1018.8
0.17390 1018.8
0.17391 1018.8
0.17392 1018.8
0.17393 1018.8
0.17394 1018.8
0.17395 1018.8
0.17396 1018.8
0.17397 1018.8
0.17398 1018.8
0.17399 1018.8
0.17400 1018.8
0.17401 1018.8
0.17402 1018.8
0.17403 1018.8
0.17404 1018.8
0.17405 1018.8
0.17406 1018.8
0.17407 1018.8
0.17408 1018.8
0.17409 1018.8
0.17410 1018.8
0.17411 1018.8
0.17412 1018.8
0.17413 1018.8
0.17414 1018.8
0.17415 1018.8
0.17416 1018.8
0.17417 1018.8
0.17418 1018.8
0.17419 1018.8
0.17420 1018.8
0.17421 1018.8
0.17422 1018.8
0.17423 1018.8
0.17424 1018.8
0.17425 1018.8
0.17426 1018.8
0.17427 1018.8
0.17428 1018.8
0.17429 1018.8
0.17430 1018.8
0.17431 1018.8
0.17432 1018.8
0.17433 1018.8
0.17434 1018.8
0.17435 1018.8
0.17436 1018.8
0.17437 1018.8
0.17438 1018.8
0.17439 1018.8
0.17440 1018.8
0.17441 1018.8
0.17442 1018.8
0.17443 1018.8
0.17444 1018.8
0.17445 1018.8
0.17446 1018.8
0.17447 1018.8
0.17448 1018.8
0.17449 1018.8
0.17450 1018.8
0.17451 1018.8
0.17452 1018.8
0.17453 1018.8
0.17454 1018.8
0.17455 1018.8
0.17456 1018.8
0.17457 1018.8
0.17458 1018.8
0.17459 1018.8
0.17460 1018.8
0.17461 1018.8
0.17462 1018.8
0.17463 1018.8
0.17464 1018.8
0.17465 1018.8
0.17466 1018.8
0.17467 1018.8
0.17468 1018.8
0.17469 1018.8
0.17470 1018.8
0.17471 1018.8
0.17472 1018.8
0.17473 1018.8
0.17474 1018.8
0.17475 1018.8
0.17476 1018.8
0.17477 1018.8
0.17478 1018.8
0.17479 1018.8
0.17480 1018.8
0.17481 1018.8
0.17482 1018.8
0.17483 1018.8
0.17484 1018.8
0.17485 1018.8
0.17486 1018.8
0.17487 1018.8
0.17488 1018.8
0.17489 1018.8
0.17490 1018.8
0.17491 1018.8
0.17492 1018.8
0.17493 1018.8
0.17494 1018.8
0.17495 1018.8
0.17496 1018.8
0.17497 1018.8
0.17498 1018.8
0.17499 1018.8
0.17500 1018.8
0.17501 1018.8
0.17502 1018.8
0.17503 1018.8
0.17504 1018.8
0.17505 1018.8
0.17506 1018.8
0.17507 1018.8
0.17508 1018.8
0.17509 1018.8
0.17510 1018.8
0.17511 1018.8
0.17512 1018.8
0.17513 1018.8
0.17514 1018.8
0.17515 1018.8
0.17516 1018.8
0.17517 1018.8
0.17518 1018.8
0.17519 1018.8
0.17520 1018.8
0.17521 1018.8
0.17522 1018.8
0.17523 1018.8
0.17524 1018.8
0.17525 1018.8
0.17526 1018.8
0.17527 1018.8
0.17528 1018.8
0.17529 1018.8
0.17530 1018.8
0.17531 1018.8
0.17532 1018.8
0.17533 1018.8
0.17534 1018.8
0.17535 1018.8
0.17536 1018.8
0.17537 1018.8
0.17538 1018.8
0.17539 1018.8
0.17540 1018.8
0.17541 1018.8
0.17542 1018.8
0.17543 1018.8
0.17544 1018.8
0.17545 1018.8
0.17546 1018.8
0.17547 1018.8
0.17548 1018.8
0.17549 1018.8
0.17550 1018.8
0.17551 1018.8
0.17552 1018.8
0.17553 1018.8
0.17554 1018.8
0.17555 1018.8
0.17556 1018.8
0.17557 1018.8
0.17558 1018.8
0.17559 1018.8
0.17560 1018.8
0.17561 1018.8
0.17562 1018.8
0.17563 1018.8
0.17564 1018.8
0.17565 1018.8
0.17566 1018.8
0.17567 1018.8
0.17568 1018.8
0.17569 1018.8
0.17570 1018.8
0.17571 1018.8
0.17572 1018.8
0.17573 1018.8
0.17574 1018.8
0.17575 1018.8
0.17576 1018.8
0.17577 1018.8
0.17578 1018.8
0.17579 1018.8
0.17580 1018.8
0.17581 1018.8
0.17582 1018.8
0.17583 1018.8
0.17584 1018.8
0.17585 1018.8
0.17586 1018.8
0.17587 1018.8
0.17588 1018.8
0.17589 1018.8
0.17590 1018.8
0.17591 1018.8
0.17592 1018.8
0.17593 1018.8
0.17594 1018.8
0.17595 1018.8
0.17596 1018.8
0.17597 1018.8
0.17598 1018.8
0.17599 1018.8
0.17600 1018.8
0.17601 1018.8
0.17602 1018.8
0.17603 1018.8
0.17604 1018.8
0.17605 1018.8
0.17606 1018.8
0.17607 1018.8
0.17608 1018.8
0.17609 1018.8
0.17610 1018.8
0.17611 1018.8
0.17612 1018.8
0.17613 1018.8
0.17614 1018.8
0.17615 1018.8
0.17616 1018.8
0.17617 1018.8
0.17618 1018.8
0.17619 1018.8
0.17620 1018.8
0.17621 1018.8
0.17622 1018.8
0.17623 1018.8
0.17624 1018.8
0.17625 1018.8
0.17626 1018.8
0.17627 1018.8
0.17628 1018.8
0.17629 1018.8
0.17630 1018.8
0.17631 1018.8
0.17632 1018.8
0.17633 1018.8
0.17634 1018.8
0.17635 1018.8
0.17636 1018.8
0.17637 1018.8
0.17638 1018.8
0.17639 1018.8
0.17640 1018.8
0.17641 1018.8
0.17642 1018.8
0.17643 1018.8
0.17644 1018.8
0.17645 1018.8
0.17646 1018.8
0.17647 1018.8
0.17648 1018.8
0.17649 1018.8
0.17650 1018.8
0.17651 1018.8
0.17652 1018.8
0.17653 1018.8
0.17654 1018.8
0.17655 1018.8
0.17656 1018.8
0.17657 1018.8
0.17658 1018.8
0.17659 1018.8
0.17660 1018.8
0.17661 1018.8
0.17662 1018.8
0.17663 1018.8
0.17664 1018.8
0.17665 1018.8
0.17666 1018.8
0.17667 1018.8
0.17668 1018.8
0.17669 1018.8
0.17670 1018.8
0.17671 1018.8
0.17672 1018.8
0.17673 1018.8
0.17674 1018.8
0.17675 1018.8
0.17676 1018.8
0.17677 1018.8
0.17678 1018.8
0.17679 1018.8
0.17680 1018.8
0.17681 1018.8
0.17682 1018.8
0.17683 1018.8
0.17684 1018.8
0.17685 1018.8
0.17686 1018.8
0.17687 1018.8
0.17688 1018.8
0.17689 1018.8
0.17690 1018.8
0.17691 1018.8
0.17692 1018.8
0.17693 1018.8
0.17694 1018.8
0.17695 1018.8
0.17696 1018.8
0.17697 1018.8
0.17698 1018.8
0.17699 1018.8
0.17700 1018.8
0.17701 1018.8
0.17702 1018.8
0.17703 1018.8
0.17704 1018.8
0.17705 1018.8
0.17706 1018.8
0.17707 1018.8
0.17708 1018.8
0.17709 1018.8
0.17710 1018.8
0.17711 1018.8
0.17712 1018.8
0.17713 1018.8
0.17714 1018.8
0.17715 1018.8
0.17716 1018.8
0.17717 1018.8
0.17718 1018.8
0.17719 1018.8
0.17720 1018.8
0.17721 1018.8
0.17722 1018.8
0.17723 1018.8
0.17724 1018.8
0.17725 1018.8
0.17726 1018.8
0.17727 1018.8
0.17728 1018.8
0.17729 1018.8
0.17730 1018.8
0.17731 1018.8
0.17732 1018.8
0.17733 1018.8
0.17734 1018.8
0.17735 1018.8
0.17736 1018.8
0.17737 1018.8
0.17738 1018.8
0.17739 1018.8
0.17740 1018.8
0.17741 1018.8
0.17742 1018.8
0.17743 1018.8
0.17744 1018.8
0.17745 1018.8
0.17746 1018.8
0.17747 1018.8
0.17748 1018.8
0.17749 1018.8
0.17750 1018.8
0.17751 1018.8
0.17752 1018.8
0.17753 1018.8
0.17754 1018.8
0.17755 1018.8
0.17756 1018.8
0.17757 1018.8
0.17758 1018.8
0.17759 1018.8
0.17760 1018.8
0.17761 1018.8
0.17762 1018.8
0.17763 1018.8
0.17764 1018.8
0.17765 1018.8
0.17766 1018.8
0.17767 1018.8
0.17768 1018.8
0.17769 1018.8
0.17770 1018.8
0.17771 1018.8
0.17772 1018.8
0.17773 1018.8
0.17774 1018.8
0.17775 1018.8
0.17776 1018.8
0.17777 1018.8
0.17778 1018.8
0.17779 1018.8
0.17780 1018.8
0.17781 1018.8
0.17782 1018.8
0.17783 1018.8
0.17784 1018.8
0.17785 1018.8
0.17786 1018.8
0.17787 1018.8
0.17788 1018.8
0.17789 1018.8
0.17790 1018.8
0.17791 1018.8
0.17792 1018.8
0.17793 1018.8
0.17794 1018.8
0.17795 1018.8
0.17796 1018.8
0.17797 1018.8
0.17798 1018.8
0.17799 1018.8
0.17800 1018.8
0.17801 1018.8
0.17802 1018.8
0.17803 1018.8
0.17804 1018.8
0.17805 1018.8
0.17806 1018.8
0.17807 1018.8
0.17808 1018.8
0.17809 1018.8
0.17810 1018.8
0.17811 1018.8
0.17812 1018.8
0.17813 1018.8
0.17814 1018.8
0.17815 1018.8
0.17816 1018.8
0.17817 1018.8
0.17818 1018.8
0.17819 1018.8
0.17820 1018.8
0.17821 1018.8
0.17822 1018.8
0.17823 1018.8
0.17824 1018.8
0.17825 1018.8
0.17826 1018.8
0.17827 1018.8
0.17828 1018.8
0.17829 1018.8
0.17830 1018.8
0.17831 1018.8
0.17832 1018.8
0.17833 1018.8
0.17834 1018.8
0.17835 1018.8
0.17836 1018.8
0.17837 1018.8
0.17838 1018.8
0.17839 1018.8
0.17840 1018.8
0.17841 1018.8
0.17842 1018.8
0.17843 1018.8
0.17844 1018.8
0.17845 1018.8
0.17846 1018.8
0.17847 1018.8
0.17848 1018.8
0.17849 1018.8
0.17850 1018.8
0.17851 1018.8
0.17852 1018.8
0.17853 1018.8
0.17854 1018.8
0.17855 1018.8
0.17856 1018.8
0.17857 1018.8
0.17858 1018.8
0.17859 1018.8
0.17860 1018.8
0.17861 1018.8
0.17862 1018.8
0.17863 1018.8
0.17864 1018.8
0.17865 1018.8
0.17866 1018.8
0.17867 1018.8
0.17868 1018.8
0.17869 1018.8
0.17870 1018.8
0.17871 1018.8
0.17872 1018.8
0.17873 1018.8
0.17874 1018.8
0.17875 1018.8
0.17876 1018.8
0.17877 1018.8
0.17878 1018.8
0.17879 1018.8
0.17880 1018.8
0.17881 1018.8
0.17882 1018.8
0.17883 1018.8
0.17884 1018.8
0.17885 1018.8
0.17886 1018.8
0.17887 1018.8
0.17888 1018.8
0.17889 1018.8
0.17890 1018.8
0.17891 1018.8
0.17892 1018.8
0.17893 1018.8
0.17894 1018.8
0.17895 1018.8
0.17896 1018.8
0.17897 1018.8
0.17898 1018.8
0.17899 1018.8
0.17900 1018.8
0.17901 1018.8
0.17902 1018.8
0.17903 1018.8
0.17904 1018.8
0.17905 1018.8
0.17906 1018.8
0.17907 1018.8
0.17908 1018.8
0.17909 1018.8
0.17910 1018.8
0.17911 1018.8
0.17912 1018.8
0.17913 1018.8
0.17914 1018.8
0.17915 1018.8
0.17916 1018.8
0.17917 1018.8
0.17918 1018.8
0.17919 1018.8
0.17920 1018.8
0.17921 1018.8
0.17922 1018.8
0.17923 1018.8
0.17924 1018.8
0.17925 1018.8
0.17926 1018.8
0.17927 1018.8
0.17928 1018.8
0.17929 1018.8
0.17930 1018.8
0.17931 1018.8
0.17932 1018.8
0.17933 1018.8
0.17934 1018.8
0.17935 1018.8
0.17936 1018.8
0.17937 1018.8
0.17938 1018.8
0.17939 1018.8
0.17940 1018.8
0.17941 1018.8
0.17942 1018.8
0.17943 1018.8
0.17944 1018.8
0.17945 1018.8
0.17946 1018.8
0.17947 1018.8
0.17948 1018.8
0.17949 1018.8
0.17950 1018.8
0.17951 1018.8
0.17952 1018.8
0.17953 1018.8
0.17954 1018.8
0.17955 1018.8
0.17956 1018.8
0.17957 1018.8
0.17958 1018.8
0.17959 1018.8
0.17960 1018.8
0.17961 1018.8
0.17962 1018.8
0.17963 1018.8
0.17964 1018.8
0.17965 1018.8
0.17966 1018.8
0.17967 1018.8
0.17968 1018.8
0.17969 1018.8
0.17970 1018.8
0.17971 1018.8
0.17972 1018.8
0.17973 1018.8
0.17974 1018.8
0.17975 1018.8
0.17976 1018.8
0.17977 1018.8
0.17978 1018.8
0.17979 1018.8
0.17980 1018.8
0.17981 1018.8
0.17982 1018.8
0.17983 1018.8
0.17984 1018.8
0.17985 1018.8
0.17986 1018.8
0.17987 1018.8
0.17988 1018.8
0.17989 1018.8
0.17990 1018.8
0.17991 1018.8
0.17992 1018.8
0.17993 1018.8
0.17994 1018.8
0.17995 1018.8
0.17996 1018.8
0.17997 1018.8
0.17998 1018.8
0.17999 1018.8
0.18000 1018.8
0.18001 1018.8
0.18002 1018.8
0.18003 1018.8
0.18004 1018.8
0.18005 1018.8
0.18006 1018.8
0.18007 1018.8
0.18008 1018.8
0.18009 1018.8
0.18010 1018.8
0.18011 1018.8
0.18012 1018.8
0.18013 1018.8
0.18014 1018.8
0.18015 1018.8
0.18016 1018.8
0.18017 1018.8
0.18018 1018.8
0.18019 1018.8
0.18020 1018.8
0.18021 1018.8
0.18022 1018.8
0.18023 1018.8
0.18024 1018.8
0.18025 1018.8
0.18026 1018.8
0.18027 1018.8
0.18028 1018.8
0.18029 1018.8
0.18030 1018.8
0.18031 1018.8
0.18032 1018.8
0.18033 1018.8
0.18034 1018.8
0.18035 1018.8
0.18036 1018.8
0.18037 1018.8
0.18038 1018.8
0.18039 1018.8
0.18040 1018.8
0.18041 1018.8
0.18042 1018.8
0.18043 1018.8
0.18044 1018.8
0.18045 1018.8
0.18046 1018.8
0.18047 1018.8
0.18048 1018.8
0.18049 1018.8
0.18050 1018.8
0.18051 1018.8
0.18052 1018.8
0.18053 1018.8
0.18054 1018.8
0.18055 1018.8
0.18056 1018.8
0.18057 1018.8
0.18058 1018.8
0.18059 1018.8
0.18060 1018.8
0.18061 1018.8
0.18062 1018.8
0.18063 1018.8
0.18064 1018.8
0.18065 1018.8
0.18066 1018.8
0.18067 1018.8
0.18068 1018.8
0.18069 1018.8
0.18070 1018.8
0.18071 1018.8
0.18072 1018.8
0.18073 1018.8
0.18074 1018.8
0.18075 1018.8
0.18076 1018.8
0.18077 1018.8
0.18078 1018.8
0.18079 1018.8
0.18080 1018.8
0.18081 1018.8
0.18082 1018.8
0.18083 1018.8
0.18084 1018.8
0.18085 1018.8
0.18086 1018.8
0.18087 1018.8
0.18088 1018.8
0.18089 1018.8
0.18090 1018.8
0.18091 1018.8
0.18092 1018.8
0.18093 1018.8
0.18094 1018.8
0.18095 1018.8
0.18096 1018.8
0.18097 1018.8
0.18098 1018.8
0.18099 1018.8
0.18100 1018.8
0.18101 1018.8
0.18102 1018.8
0.18103 1018.8
0.18104 1018.8
0.18105 1018.8
0.18106 1018.8
0.18107 1018.8
0.18108 1018.8
0.18109 1018.8
0.18110 1018.8
0.18111 1018.8
0.18112 1018.8
0.18113 1018.8
0.18114 1018.8
0.18115 1018.8
0.18116 1018.8
0.18117 1018.8
0.18118 1018.8
0.18119 1018.8
0.18120 1018.8
0.18121 1018.8
0.18122 1018.8
0.18123 1018.8
0.18124 1018.8
0.18125 1018.8
0.18126 1018.8
0.18127 1018.8
0.18128 1018.8
0.18129 1018.8
0.18130 1018.8
0.18131 1018.8
0.18132 1018.8
0.18133 1018.8
0.18134 1018.8
0.18135 1018.8
0.18136 1018.8
0.18137 1018.8
0.18138 1018.8
0.18139 1018.8
0.18140 1018.8
0.18141 1018.8
0.18142 1018.8
0.18143 1018.8
0.18144 1018.8
0.18145 1018.8
0.18146 1018.8
0.18147 1018.8
0.18148 1018.8
0.18149 1018.8
0.18150 1018.8
0.18151 1018.8
0.18152 1018.8
0.18153 1018.8
0.18154 1018.8
0.18155 1018.8
0.18156 1018.8
0.18157 1018.8
0.18158 1018.8
0.18159 1018.8
0.18160 1018.8
0.18161 1018.8
0.18162 1018.8
0.18163 1018.8
0.18164 1018.8
0.18165 1018.8
0.18166 1018.8
0.18167 1018.8
0.18168 1018.8
0.18169 1018.8
0.18170 1018.8
0.18171 1018.8
0.18172 1018.8
0.18173 1018.8
0.18174 1018.8
0.18175 1018.8
0.18176 1018.8
0.18177 1018.8
0.18178 1018.8
0.18179 1018.8
0.18180 1018.8
0.18181 1018.8
0.18182 1018.8
0.18183 1018.8
0.18184 1018.8
0.18185 1018.8
0.18186 1018.8
0.18187 1018.8
0.18188 1018.8
0.18189 1018.8
0.18190 1018.8
0.18191 1018.8
0.18192 1018.8
0.18193 1018.8
0.18194 1018.8
0.18195 1018.8
0.18196 1018.8
0.18197 1018.8
0.18198 1018.8
0.18199 1018.8
0.18200 1018.8
0.18201 1018.8
0.18202 1018.8
0.18203 1018.8
0.18204 1018.8
0.18205 1018.8
0.18206 1018.8
0.18207 1018.8
0.18208 1018.8
0.18209 1018.8
0.18210 1018.8
0.18211 1018.8
0.18212 1018.8
0.18213 1018.8
0.18214 1018.8
0.18215 1018.8
0.18216 1018.8
0.18217 1018.8
0.18218 1018.8
0.18219 1018.8
0.18220 1018.8
0.18221 1018.8
0.18222 1018.8
0.18223 1018.8
0.18224 1018.8
0.18225 1018.8
0.18226 1018.8
0.18227 1018.8
0.18228 1018.8
0.18229 1018.8
0.18230 1018.8
0.18231 1018.8
0.18232 1018.8
0.18233 1018.8
0.18234 1018.8
0.18235 1018.8
0.18236 1018.8
0.18237 1018.8
0.18238 1018.8
0.18239 1018.8
0.18240 1018.8
0.18241 1018.8
0.18242 1018.8
0.18243 1018.8
0.18244 1018.8
0.18245 1018.8
0.18246 1018.8
0.18247 1018.8
0.18248 1018.8
0.18249 1018.8
0.18250 1018.8
0.18251 1018.8
0.18252 1018.8
0.18253 1018.8
0.18254 1018.8
0.18255 1018.8
0.18256 1018.8
0.18257 1018.8
0.18258 1018.8
0.18259 1018.8
0.18260 1018.8
0.18261 1018.8
0.18262 1018.8
0.18263 1018.8
0.18264 1018.8
0.18265 1018.8
0.18266 1018.8
0.18267 1018.8
0.18268 1018.8
0.18269 1018.8
0.18270 1018.8
0.18271 1018.8
0.18272 1018.8
0.18273 1018.8
0.18274 1018.8
0.18275 1018.8
0.18276 1018.8
0.18277 1018.8
0.18278 1018.8
0.18279 1018.8
0.18280 1018.8
0.18281 1018.8
0.18282 1018.8
0.18283 1018.8
0.18284 1018.8
0.18285 1018.8
0.18286 1018.8
0.18287 1018.8
0.18288 1018.8
0.18289 1018.8
0.18290 1018.8
0.18291 1018.8
0.18292 1018.8
0.18293 1018.8
0.18294 1018.8
0.18295 1018.8
0.18296 1018.8
0.18297 1018.8
0.18298 1018.8
0.18299 1018.8
0.18300 1018.8
0.18301 1018.8
0.18302 1018.8
0.18303 1018.8
0.18304 1018.8
0.18305 1018.8
0.18306 1018.8
0.18307 1018.8
0.18308 1018.8
0.18309 1018.8
0.18310 1018.8
0.18311 1018.8
0.18312 1018.8
0.18313 1018.8
0.18314 1018.8
0.18315 1018.8
0.18316 1018.8
0.18317 1018.8
0.18318 1018.8
0.18319 1018.8
0.18320 1018.8
0.18321 1018.8
0.18322 1018.8
0.18323 1018.8
0.18324 1018.8
0.18325 1018.8
0.18326 1018.8
0.18327 1018.8
0.18328 1018.8
0.18329 1018.8
0.18330 1018.8
0.18331 1018.8
0.18332 1018.8
0.18333 1018.8
0.18334 1018.8
0.18335 1018.8
0.18336 1018.8
0.18337 1018.8
0.18338 1018.8
0.18339 1018.8
0.18340 1018.8
0.18341 1018.8
0.18342 1018.8
0.18343 1018.8
0.18344 1018.8
0.18345 1018.8
0.18346 1018.8
0.18347 1018.8
0.18348 1018.8
0.18349 1018.8
0.18350 1018.8
0.18351 1018.8
0.18352 1018.8
0.18353 1018.8
0.18354 1018.8
0.18355 1018.8
0.18356 1018.8
0.18357 1018.8
0.18358 1018.8
0.18359 1018.8
0.18360 1018.8
0.18361 1018.8
0.18362 1018.8
0.18363 1018.8
0.18364 1018.8
0.18365 1018.8
0.18366 1018.8
0.18367 1018.8
0.18368 1018.8
0.18369 1018.8
0.18370 1018.8
0.18371 1018.8
0.18372 1018.8
0.18373 1018.8
0.18374 1018.8
0.18375 1018.8
0.18376 1018.8
0.18377 1018.8
0.18378 1018.8
0.18379 1018.8
0.18380 1018.8
0.18381 1018.8
0.18382 1018.8
0.18383 1018.8
0.18384 1018.8
0.18385 1018.8
0.18386 1018.8
0.18387 1018.8
0.18388 1018.8
0.18389 1018.8
0.18390 1018.8
0.18391 1018.8
0.18392 1018.8
0.18393 1018.8
0.18394 1018.8
0.18395 1018.8
0.18396 1018.8
0.18397 1018.8
0.18398 1018.8
0.18399 1018.8
0.18400 1018.8
0.18401 1018.8
0.18402 1018.8
0.18403 1018.8
0.18404 1018.8
0.18405 1018.8
0.18406 1018.8
0.18407 1018.8
0.18408 1018.8
0.18409 1018.8
0.18410 1018.8
0.18411 1018.8
0.18412 1018.8
0.18413 1018.8
0.18414 1018.8
0.18415 1018.8
0.18416 1018.8
0.18417 1018.8
0.18418 1018.8
0.18419 1018.8
0.18420 1018.8
0.18421 1018.8
0.18422 1018.8
0.18423 1018.8
0.18424 1018.8
0.18425 1018.8
0.18426 1018.8
0.18427 1018.8
0.18428 1018.8
0.18429 1018.8
0.18430 1018.8
0.18431 1018.8
0.18432 1018.8
0.18433 1018.8
0.18434 1018.8
0.18435 1018.8
0.18436 1018.8
0.18437 1018.8
0.18438 1018.8
0.18439 1018.8
0.18440 1018.8
0.18441 1018.8
0.18442 1018.8
0.18443 1018.8
0.18444 1018.8
0.18445 1018.8
0.18446 1018.8
0.18447 1018.8
0.18448 1018.8
0.18449 1018.8
0.18450 1018.8
0.18451 1018.8
0.18452 1018.8
0.18453 1018.8
0.18454 1018.8
0.18455 1018.8
0.18456 1018.8
0.18457 1018.8
0.18458 1018.8
0.18459 1018.8
0.18460 1018.8
0.18461 1018.8
0.18462 1018.8
0.18463 1018.8
0.18464 1018.8
0.18465 1018.8
0.18466 1018.8
0.18467 1018.8
0.18468 1018.8
0.18469 1018.8
0.18470 1018.8
0.18471 1018.8
0.18472 1018.8
0.18473 1018.8
0.18474 1018.8
0.18475 1018.8
0.18476 1018.8
0.18477 1018.8
0.18478 1018.8
0.18479 1018.8
0.18480 1018.8
0.18481 1018.8
0.18482 1018.8
0.18483 1018.8
0.18484 1018.8
0.18485 1018.8
0.18486 1018.8
0.18487 1018.8
0.18488 1018.8
0.18489 1018.8
0.18490 1018.8
0.18491 1018.8
0.18492 1018.8
0.18493 1018.8
0.18494 1018.8
0.18495 1018.8
0.18496 1018.8
0.18497 1018.8
0.18498 1018.8
0.18499 1018.8
0.18500 1018.8
0.18501 1018.8
0.18502 1018.8
0.18503 1018.8
0.18504 1018.8
0.18505 1018.8
0.18506 1018.8
0.18507 1018.8
0.18508 1018.8
0.18509 1018.8
0.18510 1018.8
0.18511 1018.8
0.18512 1018.8
0.18513 1018.8
0.18514 1018.8
0.18515 1018.8
0.18516 1018.8
0.18517 1018.8
0.18518 1018.8
0.18519 1018.8
0.18520 1018.8
0.18521 1018.8
0.18522 1018.8
0.18523 1018.8
0.18524 1018.8
0.18525 1018.8
0.18526 1018.8
0.18527 1018.8
0.18528 1018.8
0.18529 1018.8
0.18530 1018.8
0.18531 1018.8
0.18532 1018.8
0.18533 1018.8
0.18534 1018.8
0.18535 1018.8
0.18536 1018.8
0.18537 1018.8
0.18538 1018.8
0.18539 1018.8
0.18540 1018.8
0.18541 1018.8
0.18542 1018.8
0.18543 1018.8
0.18544 1018.8
0.18545 1018.8
0.18546 1018.8
0.18547 1018.8
0.18548 1018.8
0.18549 1018.8
0.18550 1018.8
0.18551 1018.8
0.18552 1018.8
0.18553 1018.8
0.18554 1018.8
0.18555 1018.8
0.18556 1018.8
0.18557 1018.8
0.18558 1018.8
0.18559 1018.8
0.18560 1018.8
0.18561 1018.8
0.18562 1018.8
0.18563 1018.8
0.18564 1018.8
0.18565 1018.8
0.18566 1018.8
0.18567 1018.8
0.18568 1018.8
0.18569 1018.8
0.18570 1018.8
0.18571 1018.8
0.18572 1018.8
0.18573 1018.8
0.18574 1018.8
0.18575 1018.8
0.18576 1018.8
0.18577 1018.8
0.18578 1018.8
0.18579 1018.8
0.18580 1018.8
0.18581 1018.8
0.18582 1018.8
0.18583 1018.8
0.18584 1018.8
0.18585 1018.8
0.18586 1018.8
0.18587 1018.8
0.18588 1018.8
0.18589 1018.8
0.18590 1018.8
0.18591 1018.8
0.18592 1018.8
0.18593 1018.8
0.18594 1018.8
0.18595 1018.8
0.18596 1018.8
0.18597 1018.8
0.18598 1018.8
0.18599 1018.8
0.18600 1018.8
0.18601 1018.8
0.18602 1018.8
0.18603 1018.8
0.18604 1018.8
0.18605 1018.8
0.18606 1018.8
0.18607 1018.8
0.18608 1018.8
0.18609 1018.8
0.18610 1018.8
0.18611 1018.8
0.18612 1018.8
0.18613 1018.8
0.18614 1018.8
0.18615 1018.8
0.18616 1018.8
0.18617 1018.8
0.18618 1018.8
0.18619 1018.8
0.18620 1018.8
0.18621 1018.8
0.18622 1018.8
0.18623 1018.8
0.18624 1018.8
0.18625 1018.8
0.18626 1018.8
0.18627 1018.8
0.18628 1018.8
0.18629 1018.8
0.18630 1018.8
0.18631 1018.8
0.18632 1018.8
0.18633 1018.8
0.18634 1018.8
0.18635 1018.8
0.18636 1018.8
0.18637 1018.8
0.18638 1018.8
0.18639 1018.8
0.18640 1018.8
0.18641 1018.8
0.18642 1018.8
0.18643 1018.8
0.18644 1018.8
0.18645 1018.8
0.18646 1018.8
0.18647 1018.8
0.18648 1018.8
0.18649 1018.8
0.18650 1018.8
0.18651 1018.8
0.18652 1018.8
0.18653 1018.8
0.18654 1018.8
0.18655 1018.8
0.18656 1018.8
0.18657 1018.8
0.18658 1018.8
0.18659 1018.8
0.18660 1018.8
0.18661 1018.8
0.18662 1018.8
0.18663 1018.8
0.18664 1018.8
0.18665 1018.8
0.18666 1018.8
0.18667 1018.8
0.18668 1018.8
0.18669 1018.8
0.18670 1018.8
0.18671 1018.8
0.18672 1018.8
0.18673 1018.8
0.18674 1018.8
0.18675 1018.8
0.18676 1018.8
0.18677 1018.8
0.18678 1018.8
0.18679 1018.8
0.18680 1018.8
0.18681 1018.8
0.18682 1018.8
0.18683 1018.8
0.18684 1018.8
0.18685 1018.8
0.18686 1018.8
0.18687 1018.8
0.18688 1018.8
0.18689 1018.8
0.18690 1018.8
0.18691 1018.8
0.18692 1018.8
0.18693 1018.8
0.18694 1018.8
0.18695 1018.8
0.18696 1018.8
0.18697 1018.8
0.18698 1018.8
0.18699 1018.8
0.18700 1018.8
0.18701 1018.8
0.18702 1018.8
0.18703 1018.8
0.18704 1018.8
0.18705 1018.8
0.18706 1018.8
0.18707 1018.8
0.18708 1018.8
0.18709 1018.8
0.18710 1018.8
0.18711 1018.8
0.18712 1018.8
0.18713 1018.8
0.18714 1018.8
0.18715 1018.8
0.18716 1018.8
0.18717 1018.8
0.18718 1018.8
0.18719 1018.8
0.18720 1018.8
0.18721 1018.8
0.18722 1018.8
0.18723 1018.8
0.18724 1018.8
0.18725 1018.8
0.18726 1018.8
0.18727 1018.8
0.18728 1018.8
0.18729 1018.8
0.18730 1018.8
0.18731 1018.8
0.18732 1018.8
0.18733 1018.8
0.18734 1018.8
0.18735 1018.8
0.18736 1018.8
0.18737 1018.8
0.18738 1018.8
0.18739 1018.8
0.18740 1018.8
0.18741 1018.8
0.18742 1018.8
0.18743 1018.8
0.18744 1018.8
0.18745 1018.8
0.18746 1018.8
0.18747 1018.8
0.18748 1018.8
0.18749 1018.8
0.18750 1018.8
0.18751 1018.8
0.18752 1018.8
0.18753 1018.8
0.18754 1018.8
0.18755 1018.8
0.18756 1018.8
0.18757 1018.8
0.18758 1018.8
0.18759 1018.8
0.18760 1018.8
0.18761 1018.8
0.18762 1018.8
0.18763 1018.8
0.18764 1018.8
0.18765 1018.8
0.18766 1018.8
0.18767 1018.8
0.18768 1018.8
0.18769 1018.8
0.18770 1018.8
0.18771 1018.8
0.18772 1018.8
0.18773 1018.8
0.18774 1018.8
0.18775 1018.8
0.18776 1018.8
0.18777 1018.8
0.18778 1018.8
0.18779 1018.8
0.18780 1018.8
0.18781 1018.8
0.18782 1018.8
0.18783 1018.8
0.18784 1018.8
0.18785 1018.8
0.18786 1018.8
0.18787 1018.8
0.18788 1018.8
0.18789 1018.8
0.18790 1018.8
0.18791 1018.8
0.18792 1018.8
0.18793 1018.8
0.18794 1018.8
0.18795 1018.8
0.18796 1018.8
0.18797 1018.8
0.18798 1018.8
0.18799 1018.8
0.18800 1018.8
0.18801 1018.8
0.18802 1018.8
0.18803 1018.8
0.18804 1018.8
0.18805 1018.8
0.18806 1018.8
0.18807 1018.8
0.18808 1018.8
0.18809 1018.8
0.18810 1018.8
0.18811 1018.8
0.18812 1018.8
0.18813 1018.8
0.18814 1018.8
0.18815 1018.8
0.18816 1018.8
0.18817 1018.8
0.18818 1018.8
0.18819 1018.8
0.18820 1018.8
0.18821 1018.8
0.18822 1018.8
0.18823 1018.8
0.18824 1018.8
0.18825 1018.8
0.18826 1018.8
0.18827 1018.8
0.18828 1018.8
0.18829 1018.8
0.18830 1018.8
0.18831 1018.8
0.18832 1018.8
0.18833 1018.8
0.18834 1018.8
0.18835 1018.8
0.18836 1018.8
0.18837 1018.8
0.18838 1018.8
0.18839 1018.8
0.18840 1018.8
0.18841 1018.8
0.18842 1018.8
0.18843 1018.8
0.18844 1018.8
0.18845 1018.8
0.18846 1018.8
0.18847 1018.8
0.18848 1018.8
0.18849 1018.8
0.18850 1018.8
0.18851 1018.8
0.18852 1018.8
0.18853 1018.8
0.18854 1018.8
0.18855 1018.8
0.18856 1018.8
0.18857 1018.8
0.18858 1018.8
0.18859 1018.8
0.18860 1018.8
0.18861 1018.8
0.18862 1018.8
0.18863 1018.8
0.18864 1018.8
0.18865 1018.8
0.18866 1018.8
0.18867 1018.8
0.18868 1018.8
0.18869 1018.8
0.18870 1018.8
0.18871 1018.8
0.18872 1018.8
0.18873 1018.8
0.18874 1018.8
0.18875 1018.8
0.18876 1018.8
0.18877 1018.8
0.18878 1018.8
0.18879 1018.8
0.18880 1018.8
0.18881 1018.8
0.18882 1018.8
0.18883 1018.8
0.18884 1018.8
0.18885 1018.8
0.18886 1018.8
0.18887 1018.8
0.18888 1018.8
0.18889 1018.8
0.18890 1018.8
0.18891 1018.8
0.18892 1018.8
0.18893 1018.8
0.18894 1018.8
0.18895 1018.8
0.18896 1018.8
0.18897 1018.8
0.18898 1018.8
0.18899 1018.8
0.18900 1018.8
0.18901 1018.8
0.18902 1018.8
0.18903 1018.8
0.18904 1018.8
0.18905 1018.8
0.18906 1018.8
0.18907 1018.8
0.18908 1018.8
0.18909 1018.8
0.18910 1018.8
0.18911 1018.8
0.18912 1018.8
0.18913 1018.8
0.18914 1018.8
0.18915 1018.8
0.18916 1018.8
0.18917 1018.8
0.18918 1018.8
0.18919 1018.8
0.18920 1018.8
0.18921 1018.8
0.18922 1018.8
0.18923 1018.8
0.18924 1018.8
0.18925 1018.8
0.18926 1018.8
0.18927 1018.8
0.18928 1018.8
0.18929 1018.8
0.18930 1018.8
0.18931 1018.8
0.18932 1018.8
0.18933 1018.8
0.18934 1018.8
0.18935 1018.8
0.18936 1018.8
0.18937 1018.8
0.18938 1018.8
0.18939 1018.8
0.18940 1018.8
0.18941 1018.8
0.18942 1018.8
0.18943 1018.8
0.18944 1018.8
0.18945 1018.8
0.18946 1018.8
0.18947 1018.8
0.18948 1018.8
0.18949 1018.8
0.18950 1018.8
0.18951 1018.8
0.18952 1018.8
0.18953 1018.8
0.18954 1018.8
0.18955 1018.8
0.18956 1018.8
0.18957 1018.8
0.18958 1018.8
0.18959 1018.8
0.18960 1018.8
0.18961 1018.8
0.18962 1018.8
0.18963 1018.8
0.18964 1018.8
0.18965 1018.8
0.18966 1018.8
0.18967 1018.8
0.18968 1018.8
0.18969 1018.8
0.18970 1018.8
0.18971 1018.8
0.18972 1018.8
0.18973 1018.8
0.18974 1018.8
0.18975 1018.8
0.18976 1018.8
0.18977 1018.8
0.18978 1018.8
0.18979 1018.8
0.18980 1018.8
0.18981 1018.8
0.18982 1018.8
0.18983 1018.8
0.18984 1018.8
0.18985 1018.8
0.18986 1018.8
0.18987 1018.8
0.18988 1018.8
0.18989 1018.8
0.18990 1018.8
0.18991 1018.8
0.18992 1018.8
0.18993 1018.8
0.18994 1018.8
0.18995 1018.8
0.18996 1018.8
0.18997 1018.8
0.18998 1018.8
0.18999 1018.8
0.19000 1018.8
0.19001 1018.8
0.19002 1018.8
0.19003 1018.8
0.19004 1018.8
0.19005 1018.8
0.19006 1018.8
0.19007 1018.8
0.19008 1018.8
0.19009 1018.8
0.19010 1018.8
0.19011 1018.8
0.19012 1018.8
0.19013 1018.8
0.19014 1018.8
0.19015 1018.8
0.19016 1018.8
0.19017 1018.8
0.19018 1018.8
0.19019 1018.8
0.19020 1018.8
0.19021 1018.8
0.19022 1018.8
0.19023 1018.8
0.19024 1018.8
0.19025 1018.8
0.19026 1018.8
0.19027 1018.8
0.19028 1018.8
0.19029 1018.8
0.19030 1018.8
0.19031 1018.8
0.19032 1018.8
0.19033 1018.8
0.19034 1018.8
0.19035 1018.8
0.19036 1018.8
0.19037 1018.8
0.19038 1018.8
0.19039 1018.8
0.19040 1018.8
0.19041 1018.8
0.19042 1018.8
0.19043 1018.8
0.19044 1018.8
0.19045 1018.8
0.19046 1018.8
0.19047 1018.8
0.19048 1018.8
0.19049 1018.8
0.19050 1018.8
0.19051 1018.8
0.19052 1018.8
0.19053 1018.8
0.19054 1018.8
0.19055 1018.8
0.19056 1018.8
0.19057 1018.8
0.19058 1018.8
0.19059 1018.8
0.19060 1018.8
0.19061 1018.8
0.19062 1018.8
0.19063 1018.8
0.19064 1018.8
0.19065 1018.8
0.19066 1018.8
0.19067 1018.8
0.19068 1018.8
0.19069 1018.8
0.19070 1018.8
0.19071 1018.8
0.19072 1018.8
0.19073 1018.8
0.19074 1018.8
0.19075 1018.8
0.19076 1018.8
0.19077 1018.8
0.19078 1018.8
0.19079 1018.8
0.19080 1018.8
0.19081 1018.8
0.19082 1018.8
0.19083 1018.8
0.19084 1018.8
0.19085 1018.8
0.19086 1018.8
0.19087 1018.8
0.19088 1018.8
0.19089 1018.8
0.19090 1018.8
0.19091 1018.8
0.19092 1018.8
0.19093 1018.8
0.19094 1018.8
0.19095 1018.8
0.19096 1018.8
0.19097 1018.8
0.19098 1018.8
0.19099 1018.8
0.19100 1018.8
0.19101 1018.8
0.19102 1018.8
0.19103 1018.8
0.19104 1018.8
0.19105 1018.8
0.19106 1018.8
0.19107 1018.8
0.19108 1018.8
0.19109 1018.8
0.19110 1018.8
0.19111 1018.8
0.19112 1018.8
0.19113 1018.8
0.19114 1018.8
0.19115 1018.8
0.19116 1018.8
0.19117 1018.8
0.19118 1018.8
0.19119 1018.8
0.19120 1018.8
0.19121 1018.8
0.19122 1018.8
0.19123 1018.8
0.19124 1018.8
0.19125 1018.8
0.19126 1018.8
0.19127 1018.8
0.19128 1018.8
0.19129 1018.8
0.19130 1018.8
0.19131 1018.8
0.19132 1018.8
0.19133 1018.8
0.19134 1018.8
0.19135 1018.8
0.19136 1018.8
0.19137 1018.8
0.19138 1018.8
0.19139 1018.8
0.19140 1018.8
0.19141 1018.8
0.19142 1018.8
0.19143 1018.8
0.19144 1018.8
0.19145 1018.8
0.19146 1018.8
0.19147 1018.8
0.19148 1018.8
0.19149 1018.8
0.19150 1018.8
0.19151 1018.8
0.19152 1018.8
0.19153 1018.8
0.19154 1018.8
0.19155 1018.8
0.19156 1018.8
0.19157 1018.8
0.19158 1018.8
0.19159 1018.8
0.19160 1018.8
0.19161 1018.8
0.19162 1018.8
0.19163 1018.8
0.19164 1018.8
0.19165 1018.8
0.19166 1018.8
0.19167 1018.8
0.19168 1018.8
0.19169 1018.8
0.19170 1018.8
0.19171 1018.8
0.19172 1018.8
0.19173 1018.8
0.19174 1018.8
0.19175 1018.8
0.19176 1018.8
0.19177 1018.8
0.19178 1018.8
0.19179 1018.8
0.19180 1018.8
0.19181 1018.8
0.19182 1018.8
0.19183 1018.8
0.19184 1018.8
0.19185 1018.8
0.19186 1018.8
0.19187 1018.8
0.19188 1018.8
0.19189 1018.8
0.19190 1018.8
0.19191 1018.8
0.19192 1018.8
0.19193 1018.8
0.19194 1018.8
0.19195 1018.8
0.19196 1018.8
0.19197 1018.8
0.19198 1018.8
0.19199 1018.8
0.19200 1018.8
0.19201 1018.8
0.19202 1018.8
0.19203 1018.8
0.19204 1018.8
0.19205 1018.8
0.19206 1018.8
0.19207 1018.8
0.19208 1018.8
0.19209 1018.8
0.19210 1018.8
0.19211 1018.8
0.19212 1018.8
0.19213 1018.8
0.19214 1018.8
0.19215 1018.8
0.19216 1018.8
0.19217 1018.8
0.19218 1018.8
0.19219 1018.8
0.19220 1018.8
0.19221 1018.8
0.19222 1018.8
0.19223 1018.8
0.19224 1018.8
0.19225 1018.8
0.19226 1018.8
0.19227 1018.8
0.19228 1018.8
0.19229 1018.8
0.19230 1018.8
0.19231 1018.8
0.19232 1018.8
0.19233 1018.8
0.19234 1018.8
0.19235 1018.8
0.19236 1018.8
0.19237 1018.8
0.19238 1018.8
0.19239 1018.8
0.19240 1018.8
0.19241 1018.8
0.19242 1018.8
0.19243 1018.8
0.19244 1018.8
0.19245 1018.8
0.19246 1018.8
0.19247 1018.8
0.19248 1018.8
0.19249 1018.8
0.19250 1018.8
0.19251 1018.8
0.19252 1018.8
0.19253 1018.8
0.19254 1018.8
0.19255 1018.8
0.19256 1018.8
0.19257 1018.8
0.19258 1018.8
0.19259 1018.8
0.19260 1018.8
0.19261 1018.8
0.19262 1018.8
0.19263 1018.8
0.19264 1018.8
0.19265 1018.8
0.19266 1018.8
0.19267 1018.8
0.19268 1018.8
0.19269 1018.8
0.19270 1018.8
0.19271 1018.8
0.19272 1018.8
0.19273 1018.8
0.19274 1018.8
0.19275 1018.8
0.19276 1018.8
0.19277 1018.8
0.19278 1018.8
0.19279 1018.8
0.19280 1018.8
0.19281 1018.8
0.19282 1018.8
0.19283 1018.8
0.19284 1018.8
0.19285 1018.8
0.19286 1018.8
0.19287 1018.8
0.19288 1018.8
0.19289 1018.8
0.19290 1018.8
0.19291 1018.8
0.19292 1018.8
0.19293 1018.8
0.19294 1018.8
0.19295 1018.8
0.19296 1018.8
0.19297 1018.8
0.19298 1018.8
0.19299 1018.8
0.19300 1018.8
0.19301 1018.8
0.19302 1018.8
0.19303 1018.8
0.19304 1018.8
0.19305 1018.8
0.19306 1018.8
0.19307 1018.8
0.19308 1018.8
0.19309 1018.8
0.19310 1018.8
0.19311 1018.8
0.19312 1018.8
0.19313 1018.8
0.19314 1018.8
0.19315 1018.8
0.19316 1018.8
0.19317 1018.8
0.19318 1018.8
0.19319 1018.8
0.19320 1018.8
0.19321 1018.8
0.19322 1018.8
0.19323 1018.8
0.19324 1018.8
0.19325 1018.8
0.19326 1018.8
0.19327 1018.8
0.19328 1018.8
0.19329 1018.8
0.19330 1018.8
0.19331 1018.8
0.19332 1018.8
0.19333 1018.8
0.19334 1018.8
0.19335 1018.8
0.19336 1018.8
0.19337 1018.8
0.19338 1018.8
0.19339 1018.8
0.19340 1018.8
0.19341 1018.8
0.19342 1018.8
0.19343 1018.8
0.19344 1018.8
0.19345 1018.8
0.19346 1018.8
0.19347 1018.8
0.19348 1018.8
0.19349 1018.8
0.19350 1018.8
0.19351 1018.8
0.19352 1018.8
0.19353 1018.8
0.19354 1018.8
0.19355 1018.8
0.19356 1018.8
0.19357 1018.8
0.19358 1018.8
0.19359 1018.8
0.19360 1018.8
0.19361 1018.8
0.19362 1018.8
0.19363 1018.8
0.19364 1018.8
0.19365 1018.8
0.19366 1018.8
0.19367 1018.8
0.19368 1018.8
0.19369 1018.8
0.19370 1018.8
0.19371 1018.8
0.19372 1018.8
0.19373 1018.8
0.19374 1018.8
0.19375 1018.8
0.19376 1018.8
0.19377 1018.8
0.19378 1018.8
0.19379 1018.8
0.19380 1018.8
0.19381 1018.8
0.19382 1018.8
0.19383 1018.8
0.19384 1018.8
0.19385 1018.8
0.19386 1018.8
0.19387 1018.8
0.19388 1018.8
0.19389 1018.8
0.19390 1018.8
0.19391 1018.8
0.19392 1018.8
0.19393 1018.8
0.19394 1018.8
0.19395 1018.8
0.19396 1018.8
0.19397 1018.8
0.19398 1018.8
0.19399 1018.8
0.19400 1018.8
0.19401 1018.8
0.19402 1018.8
0.19403 1018.8
0.19404 1018.8
0.19405 1018.8
0.19406 1018.8
0.19407 1018.8
0.19408 1018.8
0.19409 1018.8
0.19410 1018.8
0.19411 1018.8
0.19412 1018.8
0.19413 1018.8
0.19414 1018.8
0.19415 1018.8
0.19416 1018.8
0.19417 1018.8
0.19418 1018.8
0.19419 1018.8
0.19420 1018.8
0.19421 1018.8
0.19422 1018.8
0.19423 1018.8
0.19424 1018.8
0.19425 1018.8
0.19426 1018.8
0.19427 1018.8
0.19428 1018.8
0.19429 1018.8
0.19430 1018.8
0.19431 1018.8
0.19432 1018.8
0.19433 1018.8
0.19434 1018.8
0.19435 1018.8
0.19436 1018.8
0.19437 1018.8
0.19438 1018.8
0.19439 1018.8
0.19440 1018.8
0.19441 1018.8
0.19442 1018.8
0.19443 1018.8
0.19444 1018.8
0.19445 1018.8
0.19446 1018.8
0.19447 1018.8
0.19448 1018.8
0.19449 1018.8
0.19450 1018.8
0.19451 1018.8
0.19452 1018.8
0.19453 1018.8
0.19454 1018.8
0.19455 1018.8
0.19456 1018.8
0.19457 1018.8
0.19458 1018.8
0.19459 1018.8
0.19460 1018.8
0.19461 1018.8
0.19462 1018.8
0.19463 1018.8
0.19464 1018.8
0.19465 1018.8
0.19466 1018.8
0.19467 1018.8
0.19468 1018.8
0.19469 1018.8
0.19470 1018.8
0.19471 1018.8
0.19472 1018.8
0.19473 1018.8
0.19474 1018.8
0.19475 1018.8
0.19476 1018.8
0.19477 1018.8
0.19478 1018.8
0.19479 1018.8
0.19480 1018.8
0.19481 1018.8
0.19482 1018.8
0.19483 1018.8
0.19484 1018.8
0.19485 1018.8
0.19486 1018.8
0.19487 1018.8
0.19488 1018.8
0.19489 1018.8
0.19490 1018.8
0.19491 1018.8
0.19492 1018.8
0.19493 1018.8
0.19494 1018.8
0.19495 1018.8
0.19496 1018.8
0.19497 1018.8
0.19498 1018.8
0.19499 1018.8
0.19500 1018.8
0.19501 1018.8
0.19502 1018.8
0.19503 1018.8
0.19504 1018.8
0.19505 1018.8
0.19506 1018.8
0.19507 1018.8
0.19508 1018.8
0.19509 1018.8
0.19510 1018.8
0.19511 1018.8
0.19512 1018.8
0.19513 1018.8
0.19514 1018.8
0.19515 1018.8
0.19516 1018.8
0.19517 1018.8
0.19518 1018.8
0.19519 1018.8
0.19520 1018.8
0.19521 1018.8
0.19522 1018.8
0.19523 1018.8
0.19524 1018.8
0.19525 1018.8
0.19526 1018.8
0.19527 1018.8
0.19528 1018.8
0.19529 1018.8
0.19530 1018.8
0.19531 1018.8
0.19532 1018.8
0.19533 1018.8
0.19534 1018.8
0.19535 1018.8
0.19536 1018.8
0.19537 1018.8
0.19538 1018.8
0.19539 1018.8
0.19540 1018.8
0.19541 1018.8
0.19542 1018.8
0.19543 1018.8
0.19544 1018.8
0.19545 1018.8
0.19546 1018.8
0.19547 1018.8
0.19548 1018.8
0.19549 1018.8
0.19550 1018.8
0.19551 1018.8
0.19552 1018.8
0.19553 1018.8
0.19554 1018.8
0.19555 1018.8
0.19556 1018.8
0.19557 1018.8
0.19558 1018.8
0.19559 1018.8
0.19560 1018.8
0.19561 1018.8
0.19562 1018.8
0.19563 1018.8
0.19564 1018.8
0.19565 1018.8
0.19566 1018.8
0.19567 1018.8
0.19568 1018.8
0.19569 1018.8
0.19570 1018.8
0.19571 1018.8
0.19572 1018.8
0.19573 1018.8
0.19574 1018.8
0.19575 1018.8
0.19576 1018.8
0.19577 1018.8
0.19578 1018.8
0.19579 1018.8
0.19580 1018.8
0.19581 1018.8
0.19582 1018.8
0.19583 1018.8
0.19584 1018.8
0.19585 1018.8
0.19586 1018.8
0.19587 1018.8
0.19588 1018.8
0.19589 1018.8
0.19590 1018.8
0.19591 1018.8
0.19592 1018.8
0.19593 1018.8
0.19594 1018.8
0.19595 1018.8
0.19596 1018.8
0.19597 1018.8
0.19598 1018.8
0.19599 1018.8
0.19600 1018.8
0.19601 1018.8
0.19602 1018.8
0.19603 1018.8
0.19604 1018.8
0.19605 1018.8
0.19606 1018.8
0.19607 1018.8
0.19608 1018.8
0.19609 1018.8
0.19610 1018.8
0.19611 1018.8
0.19612 1018.8
0.19613 1018.8
0.19614 1018.8
0.19615 1018.8
0.19616 1018.8
0.19617 1018.8
0.19618 1018.8
0.19619 1018.8
0.19620 1018.8
0.19621 1018.8
0.19622 1018.8
0.19623 1018.8
0.19624 1018.8
0.19625 1018.8
0.19626 1018.8
0.19627 1018.8
0.19628 1018.8
0.19629 1018.8
0.19630 1018.8
0.19631 1018.8
0.19632 1018.8
0.19633 1018.8
0.19634 1018.8
0.19635 1018.8
0.19636 1018.8
0.19637 1018.8
0.19638 1018.8
0.19639 1018.8
0.19640 1018.8
0.19641 1018.8
0.19642 1018.8
0.19643 1018.8
0.19644 1018.8
0.19645 1018.8
0.19646 1018.8
0.19647 1018.8
0.19648 1018.8
0.19649 1018.8
0.19650 1018.8
0.19651 1018.8
0.19652 1018.8
0.19653 1018.8
0.19654 1018.8
0.19655 1018.8
0.19656 1018.8
0.19657 1018.8
0.19658 1018.8
0.19659 1018.8
0.19660 1018.8
0.19661 1018.8
0.19662 1018.8
0.19663 1018.8
0.19664 1018.8
0.19665 1018.8
0.19666 1018.8
0.19667 1018.8
0.19668 1018.8
0.19669 1018.8
0.19670 1018.8
0.19671 1018.8
0.19672 1018.8
0.19673 1018.8
0.19674 1018.8
0.19675 1018.8
0.19676 1018.8
0.19677 1018.8
0.19678 1018.8
0.19679 1018.8
0.19680 1018.8
0.19681 1018.8
0.19682 1018.8
0.19683 1018.8
0.19684 1018.8
0.19685 1018.8
0.19686 1018.8
0.19687 1018.8
0.19688 1018.8
0.19689 1018.8
0.19690 1018.8
0.19691 1018.8
0.19692 1018.8
0.19693 1018.8
0.19694 1018.8
0.19695 1018.8
0.19696 1018.8
0.19697 1018.8
0.19698 1018.8
0.19699 1018.8
0.19700 1018.8
0.19701 1018.8
0.19702 1018.8
0.19703 1018.8
0.19704 1018.8
0.19705 1018.8
0.19706 1018.8
0.19707 1018.8
0.19708 1018.8
0.19709 1018.8
0.19710 1018.8
0.19711 1018.8
0.19712 1018.8
0.19713 1018.8
0.19714 1018.8
0.19715 1018.8
0.19716 1018.8
0.19717 1018.8
0.19718 1018.8
0.19719 1018.8
0.19720 1018.8
0.19721 1018.8
0.19722 1018.8
0.19723 1018.8
0.19724 1018.8
0.19725 1018.8
0.19726 1018.8
0.19727 1018.8
0.19728 1018.8
0.19729 1018.8
0.19730 1018.8
0.19731 1018.8
0.19732 1018.8
0.19733 1018.8
0.19734 1018.8
0.19735 1018.8
0.19736 1018.8
0.19737 1018.8
0.19738 1018.8
0.19739 1018.8
0.19740 1018.8
0.19741 1018.8
0.19742 1018.8
0.19743 1018.8
0.19744 1018.8
0.19745 1018.8
0.19746 1018.8
0.19747 1018.8
0.19748 1018.8
0.19749 1018.8
0.19750 1018.8
0.19751 1018.8
0.19752 1018.8
0.19753 1018.8
0.19754 1018.8
0.19755 1018.8
0.19756 1018.8
0.19757 1018.8
0.19758 1018.8
0.19759 1018.8
0.19760 1018.8
0.19761 1018.8
0.19762 1018.8
0.19763 1018.8
0.19764 1018.8
0.19765 1018.8
0.19766 1018.8
0.19767 1018.8
0.19768 1018.8
0.19769 1018.8
0.19770 1018.8
0.19771 1018.8
0.19772 1018.8
0.19773 1018.8
0.19774 1018.8
0.19775 1018.8
0.19776 1018.8
0.19777 1018.8
0.19778 1018.8
0.19779 1018.8
0.19780 1018.8
0.19781 1018.8
0.19782 1018.8
0.19783 1018.8
0.19784 1018.8
0.19785 1018.8
0.19786 1018.8
0.19787 1018.8
0.19788 1018.8
0.19789 1018.8
0.19790 1018.8
0.19791 1018.8
0.19792 1018.8
0.19793 1018.8
0.19794 1018.8
0.19795 1018.8
0.19796 1018.8
0.19797 1018.8
0.19798 1018.8
0.19799 1018.8
0.19800 1018.8
0.19801 1018.8
0.19802 1018.8
0.19803 1018.8
0.19804 1018.8
0.19805 1018.8
0.19806 1018.8
0.19807 1018.8
0.19808 1018.8
0.19809 1018.8
0.19810 1018.8
0.19811 1018.8
0.19812 1018.8
0.19813 1018.8
0.19814 1018.8
0.19815 1018.8
0.19816 1018.8
0.19817 1018.8
0.19818 1018.8
0.19819 1018.8
0.19820 1018.8
0.19821 1018.8
0.19822 1018.8
0.19823 1018.8
0.19824 1018.8
0.19825 1018.8
0.19826 1018.8
0.19827 1018.8
0.19828 1018.8
0.19829 1018.8
0.19830 1018.8
0.19831 1018.8
0.19832 1018.8
0.19833 1018.8
0.19834 1018.8
0.19835 1018.8
0.19836 1018.8
0.19837 1018.8
0.19838 1018.8
0.19839 1018.8
0.19840 1018.8
0.19841 1018.8
0.19842 1018.8
0.19843 1018.8
0.19844 1018.8
0.19845 1018.8
0.19846 1018.8
0.19847 1018.8
0.19848 1018.8
0.19849 1018.8
0.19850 1018.8
0.19851 1018.8
0.19852 1018.8
0.19853 1018.8
0.19854 1018.8
0.19855 1018.8
0.19856 1018.8
0.19857 1018.8
0.19858 1018.8
0.19859 1018.8
0.19860 1018.8
0.19861 1018.8
0.19862 1018.8
0.19863 1018.8
0.19864 1018.8
0.19865 1018.8
0.19866 1018.8
0.19867 1018.8
0.19868 1018.8
0.19869 1018.8
0.19870 1018.8
0.19871 1018.8
0.19872 1018.8
0.19873 1018.8
0.19874 1018.8
0.19875 1018.8
0.19876 1018.8
0.19877 1018.8
0.19878 1018.8
0.19879 1018.8
0.19880 1018.8
0.19881 1018.8
0.19882 1018.8
0.19883 1018.8
0.19884 1018.8
0.19885 1018.8
0.19886 1018.8
0.19887 1018.8
0.19888 1018.8
0.19889 1018.8
0.19890 1018.8
0.19891 1018.8
0.19892 1018.8
0.19893 1018.8
0.19894 1018.8
0.19895 1018.8
0.19896 1018.8
0.19897 1018.8
0.19898 1018.8
0.19899 1018.8
0.19900 1018.8
0.19901 1018.8
0.19902 1018.8
0.19903 1018.8
0.19904 1018.8
0.19905 1018.8
0.19906 1018.8
0.19907 1018.8
0.19908 1018.8
0.19909 1018.8
0.19910 1018.8
0.19911 1018.8
0.19912 1018.8
0.19913 1018.8
0.19914 1018.8
0.19915 1018.8
0.19916 1018.8
0.19917 1018.8
0.19918 1018.8
0.19919 1018.8
0.19920 1018.8
0.19921 1018.8
0.19922 1018.8
0.19923 1018.8
0.19924 1018.8
0.19925 1018.8
0.19926 1018.8
0.19927 1018.8
0.19928 1018.8
0.19929 1018.8
0.19930 1018.8
0.19931 1018.8
0.19932 1018.8
0.19933 1018.8
0.19934 1018.8
0.19935 1018.8
0.19936 1018.8
0.19937 1018.8
0.19938 1018.8
0.19939 1018.8
0.19940 1018.8
0.19941 1018.8
0.19942 1018.8
0.19943 1018.8
0.19944 1018.8
0.19945 1018.8
0.19946 1018.8
0.19947 1018.8
0.19948 1018.8
0.19949 1018.8
0.19950 1018.8
0.19951 1018.8
0.19952 1018.8
0.19953 1018.8
0.19954 1018.8
0.19955 1018.8
0.19956 1018.8
0.19957 1018.8
0.19958 1018.8
0.19959 1018.8
0.19960 1018.8
0.19961 1018.8
0.19962 1018.8
0.19963 1018.8
0.19964 1018.8
0.19965 1018.8
0.19966 1018.8
0.19967 1018.8
0.19968 1018.8
0.19969 1018.8
0.19970 1018.8
0.19971 1018.8
0.19972 1018.8
0.19973 1018.8
0.19974 1018.8
0.19975 1018.8
0.19976 1018.8
0.19977 1018.8
0.19978 1018.8
0.19979 1018.8
0.19980 1018.8
0.19981 1018.8
0.19982 1018.8
0.19983 1018.8
0.19984 1018.8
0.19985 1018.8
0.19986 1018.8
0.19987 1018.8
0.19988 1018.8
0.19989 1018.8
0.19990 1018.8
0.19991 1018.8
0.19992 1018.8
0.19993 1018.8
0.19994 1018.8
0.19995 1018.8
0.19996 1018.8
0.19997 1018.8
0.19998 1018.8
0.19999 1018.8
0.20000 1018.8
0.20001 1018.8
0.20002 1018.8
0.20003 1018.8
0.20004 1018.8
0.20005 1018.8
0.20006 1018.8
0.20007 1018.8
0.20008 1018.8
0.20009 1018.8
0.20010 1018.8
0.20011 1018.8
0.20012 1018.8
0.20013 1018.8
0.20014 1018.8
0.20015 1018.8
0.20016 1018.8
0.20017 1018.8
0.20018 1018.8
0.20019 1018.8
0.20020 1018.8
0.20021 1018.8
0.20022 1018.8
0.20023 1018.8
0.20024 1018.8
0.20025 1018.8
0.20026 1018.8
0.20027 1018.8
0.20028 1018.8
0.20029 1018.8
0.20030 1018.8
0.20031 1018.8
0.20032 1018.8
0.20033 1018.8
0.20034 1018.8
0.20035 1018.8
0.20036 1018.8
0.20037 1018.8
0.20038 1018.8
0.20039 1018.8
0.20040 1018.8
0.20041 1018.8
0.20042 1018.8
0.20043 1018.8
0.20044 1018.8
0.20045 1018.8
0.20046 1018.8
0.20047 1018.8
0.20048 1018.8
0.20049 1018.8
0.20050 1018.8
0.20051 1018.8
0.20052 1018.8
0.20053 1018.8
0.20054 1018.8
0.20055 1018.8
0.20056 1018.8
0.20057 1018.8
0.20058 1018.8
0.20059 1018.8
0.20060 1018.8
0.20061 1018.8
0.20062 1018.8
0.20063 1018.8
0.20064 1018.8
0.20065 1018.8
0.20066 1018.8
0.20067 1018.8
0.20068 1018.8
0.20069 1018.8
0.20070 1018.8
0.20071 1018.8
0.20072 1018.8
0.20073 1018.8
0.20074 1018.8
0.20075 1018.8
0.20076 1018.8
0.20077 1018.8
0.20078 1018.8
0.20079 1018.8
0.20080 1018.8
0.20081 1018.8
0.20082 1018.8
0.20083 1018.8
0.20084 1018.8
0.20085 1018.8
0.20086 1018.8
0.20087 1018.8
0.20088 1018.8
0.20089 1018.8
0.20090 1018.8
0.20091 1018.8
0.20092 1018.8
0.20093 1018.8
0.20094 1018.8
0.20095 1018.8
0.20096 1018.8
0.20097 1018.8
0.20098 1018.8
0.20099 1018.8
0.20100 1018.8
0.20101 1037.4
0.20102 1056.2
0.20103 1075.4
0.20104 1094.8
0.20105 1114.5
0.20106 1134.5
0.20107 1154.8
0.20108 1175.4
0.20109 1196.3
0.20110 1217.5
0.20111 1239.0
0.20112 1260.9
0.20113 1283.0
0.20114 1305.5
0.20115 1328.4
0.20116 1351.6
0.20117 1375.1
0.20118 1399.1
0.20119 1423.3
0.20120 1448.0
0.20121 1473.1
0.20122 1498.6
0.20123 1524.5
0.20124 1550.9
0.20125 1577.7
0.20126 1605.1
0.20127 1632.9
0.20128 1661.4
0.20129 1690.5
0.20130 1720.2
0.20131 1750.6
0.20132 1781.9
0.20133 1814.0
0.20134 1847.1
0.20135 1881.2
0.20136 1916.6
0.20137 1953.3
0.20138 1991.6
0.20139 2031.6
0.20140 2073.7
0.20141 2118.0
0.20142 2164.9
0.20143 2214.9
0.20144 2268.5
0.20145 2326.1
0.20146 2388.6
0.20147 2456.8
0.20148 2531.6
0.20149 2614.3
0.20150 2706.4
0.20151 2759.8
0.20152 2823.8
0.20153 2900.0
0.20154 2990.1
0.20155 3096.1
0.20156 3220.5
0.20157 3366.1
0.20158 3536.0
0.20159 3733.9
0.20160 3963.5
0.20161 4228.2
0.20162 4530.7
0.20163 4871.5
0.20164 5248.3
0.20165 5653.7
0.20166 6075.8
0.20167 6498.1
0.20168 6903.3
0.20169 7276.3
0.20170 7607.5
0.20171 7893.0
0.20172 8133.4
0.20173 8332.1
0.20174 8493.5
0.20175 8622.5
0.20176 8723.1
0.20177 8799.2
0.20178 8853.7
0.20179 8889.3
0.20180 8908.0
0.20181 8911.7
0.20182 8901.7
0.20183 8879.2
0.20184 8845.3
0.20185 8800.7
0.20186 8746.1
0.20187 8682.3
0.20188 8609.7
0.20189 8528.8
0.20190 8440.1
0.20191 8344.0
0.20192 8240.9
0.20193 8131.3
0.20194 8015.5
0.20195 7894.1
0.20196 7767.3
0.20197 7635.6
0.20198 7499.5
0.20199 7359.5
0.20200 7215.9
0.20201 7069.2
0.20202 6920.0
0.20203 6768.6
0.20204 6615.6
0.20205 6461.4
0.20206 6306.5
0.20207 6151.3
0.20208 5996.2
0.20209 5841.8
0.20210 5688.3
0.20211 5536.2
0.20212 5385.8
0.20213 5237.5
0.20214 5091.4
0.20215 4948.1
0.20216 4807.5
0.20217 4670.1
0.20218 4535.9
0.20219 4405.1
0.20220 4277.9
0.20221 4154.4
0.20222 4034.6
0.20223 3918.6
0.20224 3806.5
0.20225 3698.1
0.20226 3593.6
0.20227 3492.9
0.20228 3395.9
0.20229 3302.6
0.20230 3213.0
0.20231 3126.9
0.20232 3044.2
0.20233 2964.9
0.20234 2888.8
0.20235 2815.9
0.20236 2746.0
0.20237 2679.0
0.20238 2614.8
0.20239 2553.4
0.20240 2494.5
0.20241 2438.0
0.20242 2384.0
0.20243 2332.1
0.20244 2282.5
0.20245 2234.9
0.20246 2189.2
0.20247 2145.4
0.20248 2103.4
0.20249 2063.0
0.20250 2024.3
0.20251 1987.0
0.20252 1951.2
0.20253 1916.8
0.20254 1883.8
0.20255 1851.9
0.20256 1821.3
0.20257 1791.8
0.20258 1763.3
0.20259 1735.9
0.20260 1709.5
0.20261 1684.1
0.20262 1659.5
0.20263 1635.8
0.20264 1612.9
0.20265 1590.9
0.20266 1569.6
0.20267 1549.0
0.20268 1529.1
0.20269 1509.9
0.20270 1491.4
0.20271 1473.5
0.20272 1456.2
0.20273 1439.5
0.20274 1423.4
0.20275 1407.8
0.20276 1392.8
0.20277 1378.3
0.20278 1364.2
0.20279 1350.7
0.20280 1337.6
0.20281 1325.0
0.20282 1312.8
0.20283 1301.1
0.20284 1289.7
0.20285 1278.8
0.20286 1268.2
0.20287 1258.0
0.20288 1248.2
0.20289 1238.7
0.20290 1229.6
0.20291 1220.7
0.20292 1212.2
0.20293 1204.0
0.20294 1196.1
0.20295 1188.5
0.20296 1181.1
0.20297 1174.0
0.20298 1167.2
0.20299 1160.6
0.20300 1154.2
0.20301 1148.1
0.20302 1142.2
0.20303 1136.5
0.20304 1130.9
0.20305 1125.6
0.20306 1120.5
0.20307 1115.5
0.20308 1110.8
0.20309 1106.1
0.20310 1101.7
0.20311 1097.4
0.20312 1093.2
0.20313 1089.2
0.20314 1085.3
0.20315 1081.6
0.20316 1078.0
0.20317 1074.5
0.20318 1071.1
0.20319 1067.8
0.20320 1064.6
0.20321 1061.6
0.20322 1058.6
0.20323 1055.8
0.20324 1053.0
0.20325 1050.3
0.20326 1047.7
0.20327 1045.2
0.20328 1042.8
0.20329 1040.4
0.20330 1038.2
0.20331 1036.0
0.20332 1033.8
0.20333 1031.8
0.20334 1029.8
0.20335 1027.8
0.20336 1025.9
0.20337 1024.1
0.20338 1022.3
0.20339 1020.6
0.20340 1019.0
0.20341 1017.3
0.20342 1015.8
0.20343 1014.3
0.20344 1012.8
0.20345 1011.4
0.20346 1010.0
0.20347 1008.6
0.20348 1007.3
0.20349 1006.1
0.20350 1004.8
0.20351 1003.6
0.20352 1002.5
0.20353 1001.3
0.20354 1000.3
0.20355 999.2
0.20356 998.2
0.20357 997.2
0.20358 996.2
0.20359 995.2
0.20360 994.3
0.20361 993.4
0.20362 992.5
0.20363 991.7
0.20364 990.9
0.20365 990.1
0.20366 989.3
0.20367 988.5
0.20368 987.8
0.20369 987.1
0.20370 986.4
0.20371 985.7
0.20372 985.1
0.20373 984.4
0.20374 983.8
0.20375 983.2
0.20376 982.6
0.20377 982.0
0.20378 981.5
0.20379 980.9
0.20380 980.4
0.20381 979.9
0.20382 979.4
0.20383 978.9
0.20384 978.4
0.20385 978.0
0.20386 977.5
0.20387 977.1
0.20388 976.6
0.20389 976.2
0.20390 975.8
0.20391 975.4
0.20392 975.0
0.20393 974.7
0.20394 974.3
0.20395 974.0
0.20396 973.6
0.20397 973.3
0.20398 972.9
0.20399 972.6
0.20400 972.3
0.20401 972.0
0.20402 971.7
0.20403 971.4
0.20404 971.1
0.20405 970.9
0.20406 970.6
0.20407 970.3
0.20408 970.1
0.20409 969.8
0.20410 969.6
0.20411 969.4
0.20412 969.1
0.20413 968.9
0.20414 968.7
0.20415 968.5
0.20416 968.3
0.20417 968.1
0.20418 967.9
0.20419 967.7
0.20420 967.5
0.20421 967.3
0.20422 967.2
0.20423 967.0
0.20424 966.8
0.20425 966.7
0.20426 966.5
0.20427 966.4
0.20428 966.2
0.20429 966.1
0.20430 965.9
0.20431 965.8
0.20432 965.7
0.20433 965.5
0.20434 965.4
0.20435 965.3
0.20436 965.2
0.20437 965.0
0.20438 964.9
0.20439 964.8
0.20440 964.7
0.20441 964.6
0.20442 964.5
0.20443 964.4
0.20444 964.3
0.20445 964.2
0.20446 964.1
0.20447 964.0
0.20448 963.9
0.20449 963.9
0.20450 963.8
0.20451 963.7
0.20452 963.6
0.20453 963.6
0.20454 963.5
0.20455 963.4
0.20456 963.4
0.20457 963.3
0.20458 963.2
0.20459 963.2
0.20460 963.1
0.20461 963.1
0.20462 963.0
0.20463 962.9
0.20464 962.9
0.20465 962.8
0.20466 962.8
0.20467 962.8
0.20468 962.7
0.20469 962.7
0.20470 962.6
0.20471 962.6
0.20472 962.6
0.20473 962.5
0.20474 962.5
0.20475 962.4
0.20476 962.4
0.20477 962.4
0.20478 962.4
0.20479 962.3
0.20480 962.3
0.20481 962.3
0.20482 962.3
0.20483 962.2
0.20484 962.2
0.20485 962.2
0.20486 962.2
0.20487 962.2
0.20488 962.1
0.20489 962.1
0.20490 962.1
0.20491 962.1
0.20492 962.1
0.20493 962.1
0.20494 962.1
0.20495 962.1
0.20496 962.0
0.20497 962.0
0.20498 962.0
0.20499 962.0
0.20500 962.0
0.20501 962.0
0.20502 962.0
0.20503 962.0
0.20504 962.0
0.20505 962.0
0.20506 962.0
0.20507 962.0
0.20508 962.0
0.20509 962.0
0.20510 962.0
0.20511 962.0
0.20512 962.0
0.20513 962.0
0.20514 962.1
0.20515 962.1
0.20516 962.1
0.20517 962.1
0.20518 962.1
0.20519 962.1
0.20520 962.1
0.20521 962.1
0.20522 962.1
0.20523 962.1
0.20524 962.2
0.20525 962.2
0.20526 962.2
0.20527 962.2
0.20528 962.2
0.20529 962.2
0.20530 962.3
0.20531 962.3
0.20532 962.3
0.20533 962.3
0.20534 962.3
0.20535 962.3
0.20536 962.4
0.20537 962.4
0.20538 962.4
0.20539 962.4
0.20540 962.5
0.20541 962.5
0.20542 962.5
0.20543 962.5
0.20544 962.5
0.20545 962.6
0.20546 962.6
0.20547 962.6
0.20548 962.6
0.20549 962.7
0.20550 962.7
0.20551 962.7
0.20552 962.8
0.20553 962.8
0.20554 962.8
0.20555 962.8
0.20556 962.9
0.20557 962.9
0.20558 962.9
0.20559 963.0
0.20560 963.0
0.20561 963.0
0.20562 963.0
0.20563 963.1
0.20564 963.1
0.20565 963.1
0.20566 963.2
0.20567 963.2
0.20568 963.2
0.20569 963.3
0.20570 963.3
0.20571 963.3
0.20572 963.4
0.20573 963.4
0.20574 963.4
0.20575 963.5
0.20576 963.5
0.20577 963.6
0.20578 963.6
0.20579 963.6
0.20580 963.7
0.20581 963.7
0.20582 963.7
0.20583 963.8
0.20584 963.8
0.20585 963.8
0.20586 963.9
0.20587 963.9
0.20588 964.0
0.20589 964.0
0.20590 964.0
0.20591 964.1
0.20592 964.1
0.20593 964.2
0.20594 964.2
0.20595 964.2
0.20596 964.3
0.20597 964.3
0.20598 964.4
0.20599 964.4
0.20600 964.4
0.20601 964.5
0.20602 964.5
0.20603 964.6
0.20604 964.6
0.20605 964.7
0.20606 964.7
0.20607 964.7
0.20608 964.8
0.20609 964.8
0.20610 964.9
0.20611 964.9
0.20612 965.0
0.20613 965.0
0.20614 965.0
0.20615 965.1
0.20616 965.1
0.20617 965.2
0.20618 965.2
0.20619 965.3
0.20620 965.3
0.20621 965.4
0.20622 965.4
0.20623 965.4
0.20624 965.5
0.20625 965.5
0.20626 965.6
0.20627 965.6
0.20628 965.7
0.20629 965.7
0.20630 965.8
0.20631 965.8
0.20632 965.9
0.20633 965.9
0.20634 966.0
0.20635 966.0
0.20636 966.1
0.20637 966.1
0.20638 966.1
0.20639 966.2
0.20640 966.2
0.20641 966.3
0.20642 966.3
0.20643 966.4
0.20644 966.4
0.20645 966.5
0.20646 966.5
0.20647 966.6
0.20648 966.6
0.20649 966.7
0.20650 966.7
0.20651 966.8
0.20652 966.8
0.20653 966.9
0.20654 966.9
0.20655 967.0
0.20656 967.0
0.20657 967.1
0.20658 967.1
0.20659 967.2
0.20660 967.2
0.20661 967.3
0.20662 967.3
0.20663 967.4
0.20664 967.4
0.20665 967.5
0.20666 967.5
0.20667 967.6
0.20668 967.6
0.20669 967.7
0.20670 967.7
0.20671 967.8
0.20672 967.8
0.20673 967.9
0.20674 967.9
0.20675 968.0
0.20676 968.1
0.20677 968.1
0.20678 968.2
0.20679 968.2
0.20680 968.3
0.20681 968.3
0.20682 968.4
0.20683 968.4
0.20684 968.5
0.20685 968.5
0.20686 968.6
0.20687 968.6
0.20688 968.7
0.20689 968.7
0.20690 968.8
0.20691 968.8
0.20692 968.9
0.20693 968.9
0.20694 969.0
0.20695 969.1
0.20696 969.1
0.20697 969.2
0.20698 969.2
0.20699 969.3
0.20700 969.3
0.20701 969.4
0.20702 969.4
0.20703 969.5
0.20704 969.5
0.20705 969.6
0.20706 969.6
0.20707 969.7
0.20708 969.8
0.20709 969.8
0.20710 969.9
0.20711 969.9
0.20712 970.0
0.20713 970.0
0.20714 970.1
0.20715 970.1
0.20716 970.2
0.20717 970.2
0.20718 970.3
0.20719 970.4
0.20720 970.4
0.20721 970.5
0.20722 970.5
0.20723 970.6
0.20724 970.6
0.20725 970.7
0.20726 970.7
0.20727 970.8
0.20728 970.9
0.20729 970.9
0.20730 971.0
0.20731 971.0
0.20732 971.1
0.20733 971.1
0.20734 971.2
0.20735 971.2
0.20736 971.3
0.20737 971.4
0.20738 971.4
0.20739 971.5
0.20740 971.5
0.20741 971.6
0.20742 971.6
0.20743 971.7
0.20744 971.7
0.20745 971.8
0.20746 971.9
0.20747 971.9
0.20748 972.0
0.20749 972.0
0.20750 972.1
0.20751 972.1
0.20752 972.2
0.20753 972.3
0.20754 972.3
0.20755 972.4
0.20756 972.4
0.20757 972.5
0.20758 972.5
0.20759 972.6
0.20760 972.6
0.20761 972.7
0.20762 972.8
0.20763 972.8
0.20764 972.9
0.20765 972.9
0.20766 973.0
0.20767 973.0
0.20768 973.1
0.20769 973.2
0.20770 973.2
0.20771 973.3
0.20772 973.3
0.20773 973.4
0.20774 973.4
0.20775 973.5
0.20776 973.6
0.20777 973.6
0.20778 973.7
0.20779 973.7
0.20780 973.8
0.20781 973.8
0.20782 973.9
0.20783 973.9
0.20784 974.0
0.20785 974.1
0.20786 974.1
0.20787 974.2
0.20788 974.2
0.20789 974.3
0.20790 974.3
0.20791 974.4
0.20792 974.5
0.20793 974.5
0.20794 974.6
0.20795 974.6
0.20796 974.7
0.20797 974.7
0.20798 974.8
0.20799 974.9
0.20800 974.9
0.20801 975.0
0.20802 975.0
0.20803 975.1
0.20804 975.1
0.20805 975.2
0.20806 975.3
0.20807 975.3
0.20808 975.4
0.20809 975.4
0.20810 975.5
0.20811 975.5
0.20812 975.6
0.20813 975.7
0.20814 975.7
0.20815 975.8
0.20816 975.8
0.20817 975.9
0.20818 975.9
0.20819 976.0
0.20820 976.1
0.20821 976.1
0.20822 976.2
0.20823 976.2
0.20824 976.3
0.20825 976.3
0.20826 976.4
0.20827 976.5
0.20828 976.5
0.20829 976.6
0.20830 976.6
0.20831 976.7
0.20832 976.7
0.20833 976.8
0.20834 976.9
0.20835 976.9
0.20836 977.0
0.20837 977.0
0.20838 977.1
0.20839 977.1
0.20840 977.2
0.20841 977.3
0.20842 977.3
0.20843 977.4
0.20844 977.4
0.20845 977.5
0.20846 977.5
0.20847 977.6
0.20848 977.6
0.20849 977.7
0.20850 977.8
0.20851 977.8
0.20852 977.9
0.20853 977.9
0.20854 978.0
0.20855 978.0
0.20856 978.1
0.20857 978.2
0.20858 978.2
0.20859 978.3
0.20860 978.3
0.20861 978.4
0.20862 978.4
0.20863 978.5
0.20864 978.6
0.20865 978.6
0.20866 978.7
0.20867 978.7
0.20868 978.8
0.20869 978.8
0.20870 978.9
0.20871 979.0
0.20872 979.0
0.20873 979.1
0.20874 979.1
0.20875 979.2
0.20876 979.2
0.20877 979.3
0.20878 979.3
0.20879 979.4
0.20880 979.5
0.20881 979.5
0.20882 979.6
0.20883 979.6
0.20884 979.7
0.20885 979.7
0.20886 979.8
0.20887 979.8
0.20888 979.9
0.20889 980.0
0.20890 980.0
0.20891 980.1
0.20892 980.1
0.20893 980.2
0.20894 980.2
0.20895 980.3
0.20896 980.4
0.20897 980.4
0.20898 980.5
0.20899 980.5
0.20900 980.6
0.20901 980.6
0.20902 980.7
0.20903 980.7
0.20904 980.8
0.20905 980.9
0.20906 980.9
0.20907 981.0
0.20908 981.0
0.20909 981.1
0.20910 981.1
0.20911 981.2
0.20912 981.2
0.20913 981.3
0.20914 981.4
0.20915 981.4
0.20916 981.5
0.20917 981.5
0.20918 981.6
0.20919 981.6
0.20920 981.7
0.20921 981.7
0.20922 981.8
0.20923 981.8
0.20924 981.9
0.20925 982.0
0.20926 982.0
0.20927 982.1
0.20928 982.1
0.20929 982.2
0.20930 982.2
0.20931 982.3
0.20932 982.3
0.20933 982.4
0.20934 982.4
0.20935 982.5
0.20936 982.6
0.20937 982.6
0.20938 982.7
0.20939 982.7
0.20940 982.8
0.20941 982.8
0.20942 982.9
0.20943 982.9
0.20944 983.0
0.20945 983.0
0.20946 983.1
0.20947 983.2
0.20948 983.2
0.20949 983.3
0.20950 983.3
0.20951 983.4
0.20952 983.4
0.20953 983.5
0.20954 983.5
0.20955 983.6
0.20956 983.6
0.20957 983.7
0.20958 983.7
0.20959 983.8
0.20960 983.9
0.20961 983.9
0.20962 984.0
0.20963 984.0
0.20964 984.1
0.20965 984.1
0.20966 984.2
0.20967 984.2
0.20968 984.3
0.20969 984.3
0.20970 984.4
0.20971 984.4
0.20972 984.5
0.20973 984.5
0.20974 984.6
0.20975 984.6
0.20976 984.7
0.20977 984.8
0.20978 984.8
0.20979 984.9
0.20980 984.9
0.20981 985.0
0.20982 985.0
0.20983 985.1
0.20984 985.1
0.20985 985.2
0.20986 985.2
0.20987 985.3
0.20988 985.3
0.20989 985.4
0.20990 985.4
0.20991 985.5
0.20992 985.5
0.20993 985.6
0.20994 985.6
0.20995 985.7
0.20996 985.7
0.20997 985.8
0.20998 985.9
0.20999 985.9
0.21000 986.0
0.21001 986.0
0.21002 986.1
0.21003 986.1
0.21004 986.2
0.21005 986.2
0.21006 986.3
0.21007 986.3
0.21008 986.4
0.21009 986.4
0.21010 986.5
0.21011 986.5
0.21012 986.6
0.21013 986.6
0.21014 986.7
0.21015 986.7
0.21016 986.8
0.21017 986.8
0.21018 986.9
0.21019 986.9
0.21020 987.0
0.21021 987.0
0.21022 987.1
0.21023 987.1
0.21024 987.2
0.21025 987.2
0.21026 987.3
0.21027 987.3
0.21028 987.4
0.21029 987.4
0.21030 987.5
0.21031 987.5
0.21032 987.6
0.21033 987.6
0.21034 987.7
0.21035 987.7
0.21036 987.8
0.21037 987.8
0.21038 987.9
0.21039 987.9
0.21040 988.0
0.21041 988.0
0.21042 988.1
0.21043 988.1
0.21044 988.2
0.21045 988.2
0.21046 988.3
0.21047 988.3
0.21048 988.4
0.21049 988.4
0.21050 988.5
0.21051 988.5
0.21052 988.6
0.21053 988.6
0.21054 988.7
0.21055 988.7
0.21056 988.8
0.21057 988.8
0.21058 988.9
0.21059 988.9
0.21060 989.0
0.21061 989.0
0.21062 989.1
0.21063 989.1
0.21064 989.2
0.21065 989.2
0.21066 989.3
0.21067 989.3
0.21068 989.3
0.21069 989.4
0.21070 989.4
0.21071 989.5
0.21072 989.5
0.21073 989.6
0.21074 989.6
0.21075 989.7
0.21076 989.7
0.21077 989.8
0.21078 989.8
0.21079 989.9
0.21080 989.9
0.21081 990.0
0.21082 990.0
0.21083 990.1
0.21084 990.1
0.21085 990.2
0.21086 990.2
0.21087 990.3
0.21088 990.3
0.21089 990.3
0.21090 990.4
0.21091 990.4
0.21092 990.5
0.21093 990.5
0.21094 990.6
0.21095 990.6
0.21096 990.7
0.21097 990.7
0.21098 990.8
0.21099 990.8
0.21100 990.9
0.21101 990.9
0.21102 991.0
0.21103 991.0
0.21104 991.0
0.21105 991.1
0.21106 991.1
0.21107 991.2
0.21108 991.2
0.21109 991.3
0.21110 991.3
0.21111 991.4
0.21112 991.4
0.21113 991.5
0.21114 991.5
0.21115 991.6
0.21116 991.6
0.21117 991.6
0.21118 991.7
0.21119 991.7
0.21120 991.8
0.21121 991.8
0.21122 991.9
0.21123 991.9
0.21124 992.0
0.21125 992.0
0.21126 992.0
0.21127 992.1
0.21128 992.1
0.21129 992.2
0.21130 992.2
0.21131 992.3
0.21132 992.3
0.21133 992.4
0.21134 992.4
0.21135 992.4
0.21136 992.5
0.21137 992.5
0.21138 992.6
0.21139 992.6
0.21140 992.7
0.21141 992.7
0.21142 992.8
0.21143 992.8
0.21144 992.8
0.21145 992.9
0.21146 992.9
0.21147 993.0
0.21148 993.0
0.21149 993.1
0.21150 993.1
0.21151 993.2
0.21152 993.2
0.21153 993.2
0.21154 993.3
0.21155 993.3
0.21156 993.4
0.21157 993.4
0.21158 993.5
0.21159 993.5
0.21160 993.5
0.21161 993.6
0.21162 993.6
0.21163 993.7
0.21164 993.7
0.21165 993.8
0.21166 993.8
0.21167 993.8
0.21168 993.9
0.21169 993.9
0.21170 994.0
0.21171 994.0
0.21172 994.1
0.21173 994.1
0.21174 994.1
0.21175 994.2
0.21176 994.2
0.21177 994.3
0.21178 994.3
0.21179 994.3
0.21180 994.4
0.21181 994.4
0.21182 994.5
0.21183 994.5
0.21184 994.6
0.21185 994.6
0.21186 994.6
0.21187 994.7
0.21188 994.7
0.21189 994.8
0.21190 994.8
0.21191 994.8
0.21192 994.9
0.21193 994.9
0.21194 995.0
0.21195 995.0
0.21196 995.0
0.21197 995.1
0.21198 995.1
0.21199 995.2
0.21200 995.2
0.21201 995.2
0.21202 995.3
0.21203 995.3
0.21204 995.4
0.21205 995.4
0.21206 995.5
0.21207 995.5
0.21208 995.5
0.21209 995.6
0.21210 995.6
0.21211 995.7
0.21212 995.7
0.21213 995.7
0.21214 995.8
0.21215 995.8
0.21216 995.9
0.21217 995.9
0.21218 995.9
0.21219 996.0
0.21220 996.0
0.21221 996.0
0.21222 996.1
0.21223 996.1
0.21224 996.2
0.21225 996.2
0.21226 996.2
0.21227 996.3
0.21228 996.3
0.21229 996.4
0.21230 996.4
0.21231 996.4
0.21232 996.5
0.21233 996.5
0.21234 996.6
0.21235 996.6
0.21236 996.6
0.21237 996.7
0.21238 996.7
0.21239 996.7
0.21240 996.8
0.21241 996.8
0.21242 996.9
0.21243 996.9
0.21244 996.9
0.21245 997.0
0.21246 997.0
0.21247 997.1
0.21248 997.1
0.21249 997.1
0.21250 997.2
0.21251 997.2
0.21252 997.2
0.21253 997.3
0.21254 997.3
0.21255 997.4
0.21256 997.4
0.21257 997.4
0.21258 997.5
0.21259 997.5
0.21260 997.5
0.21261 997.6
0.21262 997.6
0.21263 997.6
0.21264 997.7
0.21265 997.7
0.21266 997.8
0.21267 997.8
0.21268 997.8
0.21269 997.9
0.21270 997.9
0.21271 997.9
0.21272 998.0
0.21273 998.0
0.21274 998.1
0.21275 998.1
0.21276 998.1
0.21277 998.2
0.21278 998.2
0.21279 998.2
0.21280 998.3
0.21281 998.3
0.21282 998.3
0.21283 998.4
0.21284 998.4
0.21285 998.4
0.21286 998.5
0.21287 998.5
0.21288 998.6
0.21289 998.6
0.21290 998.6
0.21291 998.7
0.21292 998.7
0.21293 998.7
0.21294 998.8
0.21295 998.8
0.21296 998.8
0.21297 998.9
0.21298 998.9
0.21299 998.9
0.21300 999.0
0.21301 999.0
0.21302 999.0
0.21303 999.1
0.21304 999.1
0.21305 999.2
0.21306 999.2
0.21307 999.2
0.21308 999.3
0.21309 999.3
0.21310 999.3
0.21311 999.4
0.21312 999.4
0.21313 999.4
0.21314 999.5
0.21315 999.5
0.21316 999.5
0.21317 999.6
0.21318 999.6
0.21319 999.6
0.21320 999.7
0.21321 999.7
0.21322 999.7
0.21323 999.8
0.21324 999.8
0.21325 999.8
0.21326 999.9
0.21327 999.9
0.21328 999.9
0.21329 1000.0
0.21330 1000.0
0.21331 1000.0
0.21332 1000.1
0.21333 1000.1
0.21334 1000.1
0.21335 1000.2
0.21336 1000.2
0.21337 1000.2
0.21338 1000.3
0.21339 1000.3
0.21340 1000.3
0.21341 1000.4
0.21342 1000.4
0.21343 1000.4
0.21344 1000.5
0.21345 1000.5
0.21346 1000.5
0.21347 1000.6
0.21348 1000.6
0.21349 1000.6
0.21350 1000.7
0.21351 1000.7
0.21352 1000.7
0.21353 1000.7
0.21354 1000.8
0.21355 1000.8
0.21356 1000.8
0.21357 1000.9
0.21358 1000.9
0.21359 1000.9
0.21360 1001.0
0.21361 1001.0
0.21362 1001.0
0.21363 1001.1
0.21364 1001.1
0.21365 1001.1
0.21366 1001.2
0.21367 1001.2
0.21368 1001.2
0.21369 1001.3
0.21370 1001.3
0.21371 1001.3
0.21372 1001.3
0.21373 1001.4
0.21374 1001.4
0.21375 1001.4
0.21376 1001.5
0.21377 1001.5
0.21378 1001.5
0.21379 1001.6
0.21380 1001.6
0.21381 1001.6
0.21382 1001.7
0.21383 1001.7
0.21384 1001.7
0.21385 1001.7
0.21386 1001.8
0.21387 1001.8
0.21388 1001.8
0.21389 1001.9
0.21390 1001.9
0.21391 1001.9
0.21392 1002.0
0.21393 1002.0
0.21394 1002.0
0.21395 1002.0
0.21396 1002.1
0.21397 1002.1
0.21398 1002.1
0.21399 1002.2
0.21400 1002.2
0.21401 1002.2
0.21402 1002.3
0.21403 1002.3
0.21404 1002.3
0.21405 1002.3
0.21406 1002.4
0.21407 1002.4
0.21408 1002.4
0.21409 1002.5
0.21410 1002.5
0.21411 1002.5
0.21412 1002.5
0.21413 1002.6
0.21414 1002.6
0.21415 1002.6
0.21416 1002.7
0.21417 1002.7
0.21418 1002.7
0.21419 1002.7
0.21420 1002.8
0.21421 1002.8
0.21422 1002.8
0.21423 1002.9
0.21424 1002.9
0.21425 1002.9
0.21426 1002.9
0.21427 1003.0
0.21428 1003.0
0.21429 1003.0
0.21430 1003.1
0.21431 1003.1
0.21432 1003.1
0.21433 1003.1
0.21434 1003.2
0.21435 1003.2
0.21436 1003.2
0.21437 1003.3
0.21438 1003.3
0.21439 1003.3
0.21440 1003.3
0.21441 1003.4
0.21442 1003.4
0.21443 1003.4
0.21444 1003.4
0.21445 1003.5
0.21446 1003.5
0.21447 1003.5
0.21448 1003.6
0.21449 1003.6
0.21450 1003.6
0.21451 1003.6
0.21452 1003.7
0.21453 1003.7
0.21454 1003.7
0.21455 1003.7
0.21456 1003.8
0.21457 1003.8
0.21458 1003.8
0.21459 1003.9
0.21460 1003.9
0.21461 1003.9
0.21462 1003.9
0.21463 1004.0
0.21464 1004.0
0.21465 1004.0
0.21466 1004.0
0.21467 1004.1
0.21468 1004.1
0.21469 1004.1
0.21470 1004.1
0.21471 1004.2
0.21472 1004.2
0.21473 1004.2
0.21474 1004.2
0.21475 1004.3
0.21476 1004.3
0.21477 1004.3
0.21478 1004.3
0.21479 1004.4
0.21480 1004.4
0.21481 1004.4
0.21482 1004.5
0.21483 1004.5
0.21484 1004.5
0.21485 1004.5
0.21486 1004.6
0.21487 1004.6
0.21488 1004.6
0.21489 1004.6
0.21490 1004.7
0.21491 1004.7
0.21492 1004.7
0.21493 1004.7
0.21494 1004.8
0.21495 1004.8
0.21496 1004.8
0.21497 1004.8
0.21498 1004.9
0.21499 1004.9
0.21500 1004.9
0.21501 1004.9
0.21502 1005.0
0.21503 1005.0
0.21504 1005.0
0.21505 1005.0
0.21506 1005.1
0.21507 1005.1
0.21508 1005.1
0.21509 1005.1
0.21510 1005.2
0.21511 1005.2
0.21512 1005.2
0.21513 1005.2
0.21514 1005.2
0.21515 1005.3
0.21516 1005.3
0.21517 1005.3
0.21518 1005.3
0.21519 1005.4
0.21520 1005.4
0.21521 1005.4
0.21522 1005.4
0.21523 1005.5
0.21524 1005.5
0.21525 1005.5
0.21526 1005.5
0.21527 1005.6
0.21528 1005.6
0.21529 1005.6
0.21530 1005.6
0.21531 1005.7
0.21532 1005.7
0.21533 1005.7
0.21534 1005.7
0.21535 1005.7
0.21536 1005.8
0.21537 1005.8
0.21538 1005.8
0.21539 1005.8
0.21540 1005.9
0.21541 1005.9
0.21542 1005.9
0.21543 1005.9
0.21544 1006.0
0.21545 1006.0
0.21546 1006.0
0.21547 1006.0
0.21548 1006.0
0.21549 1006.1
0.21550 1006.1
0.21551 1006.1
0.21552 1006.1
0.21553 1006.2
0.21554 1006.2
0.21555 1006.2
0.21556 1006.2
0.21557 1006.2
0.21558 1006.3
0.21559 1006.3
0.21560 1006.3
0.21561 1006.3
0.21562 1006.4
0.21563 1006.4
0.21564 1006.4
0.21565 1006.4
0.21566 1006.4
0.21567 1006.5
0.21568 1006.5
0.21569 1006.5
0.21570 1006.5
0.21571 1006.6
0.21572 1006.6
0.21573 1006.6
0.21574 1006.6
0.21575 1006.6
0.21576 1006.7
0.21577 1006.7
0.21578 1006.7
0.21579 1006.7
0.21580 1006.8
0.21581 1006.8
0.21582 1006.8
0.21583 1006.8
0.21584 1006.8
0.21585 1006.9
0.21586 1006.9
0.21587 1006.9
0.21588 1006.9
0.21589 1006.9
0.21590 1007.0
0.21591 1007.0
0.21592 1007.0
0.21593 1007.0
0.21594 1007.1
0.21595 1007.1
0.21596 1007.1
0.21597 1007.1
0.21598 1007.1
0.21599 1007.2
0.21600 1007.2
0.21601 1007.2
0.21602 1007.2
0.21603 1007.2
0.21604 1007.3
0.21605 1007.3
0.21606 1007.3
0.21607 1007.3
0.21608 1007.3
0.21609 1007.4
0.21610 1007.4
0.21611 1007.4
0.21612 1007.4
0.21613 1007.4
0.21614 1007.5
0.21615 1007.5
0.21616 1007.5
0.21617 1007.5
0.21618 1007.5
0.21619 1007.6
0.21620 1007.6
0.21621 1007.6
0.21622 1007.6
0.21623 1007.6
0.21624 1007.7
0.21625 1007.7
0.21626 1007.7
0.21627 1007.7
0.21628 1007.7
0.21629 1007.8
0.21630 1007.8
0.21631 1007.8
0.21632 1007.8
0.21633 1007.8
0.21634 1007.9
0.21635 1007.9
0.21636 1007.9
0.21637 1007.9
0.21638 1007.9
0.21639 1008.0
0.21640 1008.0
0.21641 1008.0
0.21642 1008.0
0.21643 1008.0
0.21644 1008.1
0.21645 1008.1
0.21646 1008.1
0.21647 1008.1
0.21648 1008.1
0.21649 1008.1
0.21650 1008.2
0.21651 1008.2
0.21652 1008.2
0.21653 1008.2
0.21654 1008.2
0.21655 1008.3
0.21656 1008.3
0.21657 1008.3
0.21658 1008.3
0.21659 1008.3
0.21660 1008.4
0.21661 1008.4
0.21662 1008.4
0.21663 1008.4
0.21664 1008.4
0.21665 1008.4
0.21666 1008.5
0.21667 1008.5
0.21668 1008.5
0.21669 1008.5
0.21670 1008.5
0.21671 1008.6
0.21672 1008.6
0.21673 1008.6
0.21674 1008.6
0.21675 1008.6
0.21676 1008.6
0.21677 1008.7
0.21678 1008.7
0.21679 1008.7
0.21680 1008.7
0.21681 1008.7
0.21682 1008.8
0.21683 1008.8
0.21684 1008.8
0.21685 1008.8
0.21686 1008.8
0.21687 1008.8
0.21688 1008.9
0.21689 1008.9
0.21690 1008.9
0.21691 1008.9
0.21692 1008.9
0.21693 1008.9
0.21694 1009.0
0.21695 1009.0
0.21696 1009.0
0.21697 1009.0
0.21698 1009.0
0.21699 1009.0
0.21700 1009.1
0.21701 1009.1
0.21702 1009.1
0.21703 1009.1
0.21704 1009.1
0.21705 1009.2
0.21706 1009.2
0.21707 1009.2
0.21708 1009.2
0.21709 1009.2
0.21710 1009.2
0.21711 1009.3
0.21712 1009.3
0.21713 1009.3
0.21714 1009.3
0.21715 1009.3
0.21716 1009.3
0.21717 1009.4
0.21718 1009.4
0.21719 1009.4
0.21720 1009.4
0.21721 1009.4
0.21722 1009.4
0.21723 1009.5
0.21724 1009.5
0.21725 1009.5
0.21726 1009.5
0.21727 1009.5
0.21728 1009.5
0.21729 1009.6
0.21730 1009.6
0.21731 1009.6
0.21732 1009.6
0.21733 1009.6
0.21734 1009.6
0.21735 1009.6
0.21736 1009.7
0.21737 1009.7
0.21738 1009.7
0.21739 1009.7
0.21740 1009.7
0.21741 1009.7
0.21742 1009.8
0.21743 1009.8
0.21744 1009.8
0.21745 1009.8
0.21746 1009.8
0.21747 1009.8
0.21748 1009.9
0.21749 1009.9
0.21750 1009.9
0.21751 1009.9
0.21752 1009.9
0.21753 1009.9
0.21754 1009.9
0.21755 1010.0
0.21756 1010.0
0.21757 1010.0
0.21758 1010.0
0.21759 1010.0
0.21760 1010.0
0.21761 1010.1
0.21762 1010.1
0.21763 1010.1
0.21764 1010.1
0.21765 1010.1
0.21766 1010.1
0.21767 1010.1
0.21768 1010.2
0.21769 1010.2
0.21770 1010.2
0.21771 1010.2
0.21772 1010.2
0.21773 1010.2
0.21774 1010.3
0.21775 1010.3
0.21776 1010.3
0.21777 1010.3
0.21778 1010.3
0.21779 1010.3
0.21780 1010.3
0.21781 1010.4
0.21782 1010.4
0.21783 1010.4
0.21784 1010.4
0.21785 1010.4
0.21786 1010.4
0.21787 1010.4
0.21788 1010.5
0.21789 1010.5
0.21790 1010.5
0.21791 1010.5
0.21792 1010.5
0.21793 1010.5
0.21794 1010.5
0.21795 1010.6
0.21796 1010.6
0.21797 1010.6
0.21798 1010.6
0.21799 1010.6
0.21800 1010.6
0.21801 1010.6
0.21802 1010.7
0.21803 1010.7
0.21804 1010.7
0.21805 1010.7
0.21806 1010.7
0.21807 1010.7
0.21808 1010.7
0.21809 1010.8
0.21810 1010.8
0.21811 1010.8
0.21812 1010.8
0.21813 1010.8
0.21814 1010.8
0.21815 1010.8
0.21816 1010.9
0.21817 1010.9
0.21818 1010.9
0.21819 1010.9
0.21820 1010.9
0.21821 1010.9
0.21822 1010.9
0.21823 1011.0
0.21824 1011.0
0.21825 1011.0
0.21826 1011.0
0.21827 1011.0
0.21828 1011.0
0.21829 1011.0
0.21830 1011.0
0.21831 1011.1
0.21832 1011.1
0.21833 1011.1
0.21834 1011.1
0.21835 1011.1
0.21836 1011.1
0.21837 1011.1
0.21838 1011.2
0.21839 1011.2
0.21840 1011.2
0.21841 1011.2
0.21842 1011.2
0.21843 1011.2
0.21844 1011.2
0.21845 1011.2
0.21846 1011.3
0.21847 1011.3
0.21848 1011.3
0.21849 1011.3
0.21850 1011.3
0.21851 1011.3
0.21852 1011.3
0.21853 1011.3
0.21854 1011.4
0.21855 1011.4
0.21856 1011.4
0.21857 1011.4
0.21858 1011.4
0.21859 1011.4
0.21860 1011.4
0.21861 1011.5
0.21862 1011.5
0.21863 1011.5
0.21864 1011.5
0.21865 1011.5
0.21866 1011.5
0.21867 1011.5
0.21868 1011.5
0.21869 1011.6
0.21870 1011.6
0.21871 1011.6
0.21872 1011.6
0.21873 1011.6
0.21874 1011.6
0.21875 1011.6
0.21876 1011.6
0.21877 1011.7
0.21878 1011.7
0.21879 1011.7
0.21880 1011.7
0.21881 1011.7
0.21882 1011.7
0.21883 1011.7
0.21884 1011.7
0.21885 1011.7
0.21886 1011.8
0.21887 1011.8
0.21888 1011.8
0.21889 1011.8
0.21890 1011.8
0.21891 1011.8
0.21892 1011.8
0.21893 1011.8
0.21894 1011.9
0.21895 1011.9
0.21896 1011.9
0.21897 1011.9
0.21898 1011.9
0.21899 1011.9
0.21900 1011.9
0.21901 1011.9
0.21902 1012.0
0.21903 1012.0
0.21904 1012.0
0.21905 1012.0
0.21906 1012.0
0.21907 1012.0
0.21908 1012.0
0.21909 1012.0
0.21910 1012.0
0.21911 1012.1
0.21912 1012.1
0.21913 1012.1
0.21914 1012.1
0.21915 1012.1
0.21916 1012.1
0.21917 1012.1
0.21918 1012.1
0.21919 1012.1
0.21920 1012.2
0.21921 1012.2
0.21922 1012.2
0.21923 1012.2
0.21924 1012.2
0.21925 1012.2
0.21926 1012.2
0.21927 1012.2
0.21928 1012.3
0.21929 1012.3
0.21930 1012.3
0.21931 1012.3
0.21932 1012.3
0.21933 1012.3
0.21934 1012.3
0.21935 1012.3
0.21936 1012.3
0.21937 1012.3
0.21938 1012.4
0.21939 1012.4
0.21940 1012.4
0.21941 1012.4
0.21942 1012.4
0.21943 1012.4
0.21944 1012.4
0.21945 1012.4
0.21946 1012.4
0.21947 1012.5
0.21948 1012.5
0.21949 1012.5
0.21950 1012.5
0.21951 1012.5
0.21952 1012.5
0.21953 1012.5
0.21954 1012.5
0.21955 1012.5
0.21956 1012.6
0.21957 1012.6
0.21958 1012.6
0.21959 1012.6
0.21960 1012.6
0.21961 1012.6
0.21962 1012.6
0.21963 1012.6
0.21964 1012.6
0.21965 1012.6
0.21966 1012.7
0.21967 1012.7
0.21968 1012.7
0.21969 1012.7
0.21970 1012.7
0.21971 1012.7
0.21972 1012.7
0.21973 1012.7
0.21974 1012.7
0.21975 1012.8
0.21976 1012.8
0.21977 1012.8
0.21978 1012.8
0.21979 1012.8
0.21980 1012.8
0.21981 1012.8
0.21982 1012.8
0.21983 1012.8
0.21984 1012.8
0.21985 1012.9
0.21986 1012.9
0.21987 1012.9
0.21988 1012.9
0.21989 1012.9
0.21990 1012.9
0.21991 1012.9
0.21992 1012.9
0.21993 1012.9
0.21994 1012.9
0.21995 1013.0
0.21996 1013.0
0.21997 1013.0
0.21998 1013.0
0.21999 1013.0
0.22000 1018.8
0.22001 1018.8
0.22002 1018.8
0.22003 1018.8
0.22004 1018.8
0.22005 1018.8
0.22006 1018.8
0.22007 1018.8
0.22008 1018.8
0.22009 1018.8
0.22010 1018.8
0.22011 1018.8
0.22012 1018.8
0.22013 1018.8
0.22014 1018.8
0.22015 1018.8
0.22016 1018.8
0.22017 1018.8
0.22018 1018.8
0.22019 1018.8
0.22020 1018.8
0.22021 1018.8
0.22022 1018.8
0.22023 1018.8
0.22024 1018.8
0.22025 1018.8
0.22026 1018.8
0.22027 1018.8
0.22028 1018.8
0.22029 1018.8
0.22030 1018.8
0.22031 1018.8
0.22032 1018.8
0.22033 1018.8
0.22034 1018.8
0.22035 1018.8
0.22036 1018.8
0.22037 1018.8
0.22038 1018.8
0.22039 1018.8
0.22040 1018.8
0.22041 1018.8
0.22042 1018.8
0.22043 1018.8
0.22044 1018.8
0.22045 1018.8
0.22046 1018.8
0.22047 1018.8
0.22048 1018.8
0.22049 1018.8
0.22050 1018.8
0.22051 1018.8
0.22052 1018.8
0.22053 1018.8
0.22054 1018.8
0.22055 1018.8
0.22056 1018.8
0.22057 1018.8
0.22058 1018.8
0.22059 1018.8
0.22060 1018.8
0.22061 1018.8
0.22062 1018.8
0.22063 1018.8
0.22064 1018.8
0.22065 1018.8
0.22066 1018.8
0.22067 1018.8
0.22068 1018.8
0.22069 1018.8
0.22070 1018.8
0.22071 1018.8
0.22072 1018.8
0.22073 1018.8
0.22074 1018.8
0.22075 1018.8
0.22076 1018.8
0.22077 1018.8
0.22078 1018.8
0.22079 1018.8
0.22080 1018.8
0.22081 1018.8
0.22082 1018.8
0.22083 1018.8
0.22084 1018.8
0.22085 1018.8
0.22086 1018.8
0.22087 1018.8
0.22088 1018.8
0.22089 1018.8
0.22090 1018.8
0.22091 1018.8
0.22092 1018.8
0.22093 1018.8
0.22094 1018.8
0.22095 1018.8
0.22096 1018.8
0.22097 1018.8
0.22098 1018.8
0.22099 1018.8
0.22100 1018.8
0.22101 1018.8
0.22102 1018.8
0.22103 1018.8
0.22104 1018.8
0.22105 1018.8
0.22106 1018.8
0.22107 1018.8
0.22108 1018.8
0.22109 1018.8
0.22110 1018.8
0.22111 1018.8
0.22112 1018.8
0.22113 1018.8
0.22114 1018.8
0.22115 1018.8
0.22116 1018.8
0.22117 1018.8
0.22118 1018.8
0.22119 1018.8
0.22120 1018.8
0.22121 1018.8
0.22122 1018.8
0.22123 1018.8
0.22124 1018.8
0.22125 1018.8
0.22126 1018.8
0.22127 1018.8
0.22128 1018.8
0.22129 1018.8
0.22130 1018.8
0.22131 1018.8
0.22132 1018.8
0.22133 1018.8
0.22134 1018.8
0.22135 1018.8
0.22136 1018.8
0.22137 1018.8
0.22138 1018.8
0.22139 1018.8
0.22140 1018.8
0.22141 1018.8
0.22142 1018.8
0.22143 1018.8
0.22144 1018.8
0.22145 1018.8
0.22146 1018.8
0.22147 1018.8
0.22148 1018.8
0.22149 1018.8
0.22150 1018.8
0.22151 1018.8
0.22152 1018.8
0.22153 1018.8
0.22154 1018.8
0.22155 1018.8
0.22156 1018.8
0.22157 1018.8
0.22158 1018.8
0.22159 1018.8
0.22160 1018.8
0.22161 1018.8
0.22162 1018.8
0.22163 1018.8
0.22164 1018.8
0.22165 1018.8
0.22166 1018.8
0.22167 1018.8
0.22168 1018.8
0.22169 1018.8
0.22170 1018.8
0.22171 1018.8
0.22172 1018.8
0.22173 1018.8
0.22174 1018.8
0.22175 1018.8
0.22176 1018.8
0.22177 1018.8
0.22178 1018.8
0.22179 1018.8
0.22180 1018.8
0.22181 1018.8
0.22182 1018.8
0.22183 1018.8
0.22184 1018.8
0.22185 1018.8
0.22186 1018.8
0.22187 1018.8
0.22188 1018.8
0.22189 1018.8
0.22190 1018.8
0.22191 1018.8
0.22192 1018.8
0.22193 1018.8
0.22194 1018.8
0.22195 1018.8
0.22196 1018.8
0.22197 1018.8
0.22198 1018.8
0.22199 1018.8
0.22200 1018.8
0.22201 1018.8
0.22202 1018.8
0.22203 1018.8
0.22204 1018.8
0.22205 1018.8
0.22206 1018.8
0.22207 1018.8
0.22208 1018.8
0.22209 1018.8
0.22210 1018.8
0.22211 1018.8
0.22212 1018.8
0.22213 1018.8
0.22214 1018.8
0.22215 1018.8
0.22216 1018.8
0.22217 1018.8
0.22218 1018.8
0.22219 1018.8
0.22220 1018.8
0.22221 1018.8
0.22222 1018.8
0.22223 1018.8
0.22224 1018.8
0.22225 1018.8
0.22226 1018.8
0.22227 1018.8
0.22228 1018.8
0.22229 1018.8
0.22230 1018.8
0.22231 1018.8
0.22232 1018.8
0.22233 1018.8
0.22234 1018.8
0.22235 1018.8
0.22236 1018.8
0.22237 1018.8
0.22238 1018.8
0.22239 1018.8
0.22240 1018.8
0.22241 1018.8
0.22242 1018.8
0.22243 1018.8
0.22244 1018.8
0.22245 1018.8
0.22246 1018.8
0.22247 1018.8
0.22248 1018.8
0.22249 1018.8
0.22250 1018.8
0.22251 1018.8
0.22252 1018.8
0.22253 1018.8
0.22254 1018.8
0.22255 1018.8
0.22256 1018.8
0.22257 1018.8
0.22258 1018.8
0.22259 1018.8
0.22260 1018.8
0.22261 1018.8
0.22262 1018.8
0.22263 1018.8
0.22264 1018.8
0.22265 1018.8
0.22266 1018.8
0.22267 1018.8
0.22268 1018.8
0.22269 1018.8
0.22270 1018.8
0.22271 1018.8
0.22272 1018.8
0.22273 1018.8
0.22274 1018.8
0.22275 1018.8
0.22276 1018.8
0.22277 1018.8
0.22278 1018.8
0.22279 1018.8
0.22280 1018.8
0.22281 1018.8
0.22282 1018.8
0.22283 1018.8
0.22284 1018.8
0.22285 1018.8
0.22286 1018.8
0.22287 1018.8
0.22288 1018.8
0.22289 1018.8
0.22290 1018.8
0.22291 1018.8
0.22292 1018.8
0.22293 1018.8
0.22294 1018.8
0.22295 1018.8
0.22296 1018.8
0.22297 1018.8
0.22298 1018.8
0.22299 1018.8
0.22300 1018.8
0.22301 1018.8
0.22302 1018.8
0.22303 1018.8
0.22304 1018.8
0.22305 1018.8
0.22306 1018.8
0.22307 1018.8
0.22308 1018.8
0.22309 1018.8
0.22310 1018.8
0.22311 1018.8
0.22312 1018.8
0.22313 1018.8
0.22314 1018.8
0.22315 1018.8
0.22316 1018.8
0.22317 1018.8
0.22318 1018.8
0.22319 1018.8
0.22320 1018.8
0.22321 1018.8
0.22322 1018.8
0.22323 1018.8
0.22324 1018.8
0.22325 1018.8
0.22326 1018.8
0.22327 1018.8
0.22328 1018.8
0.22329 1018.8
0.22330 1018.8
0.22331 1018.8
0.22332 1018.8
0.22333 1018.8
0.22334 1018.8
0.22335 1018.8
0.22336 1018.8
0.22337 1018.8
0.22338 1018.8
0.22339 1018.8
0.22340 1018.8
0.22341 1018.8
0.22342 1018.8
0.22343 1018.8
0.22344 1018.8
0.22345 1018.8
0.22346 1018.8
0.22347 1018.8
0.22348 1018.8
0.22349 1018.8
0.22350 1018.8
0.22351 1018.8
0.22352 1018.8
0.22353 1018.8
0.22354 1018.8
0.22355 1018.8
0.22356 1018.8
0.22357 1018.8
0.22358 1018.8
0.22359 1018.8
0.22360 1018.8
0.22361 1018.8
0.22362 1018.8
0.22363 1018.8
0.22364 1018.8
0.22365 1018.8
0.22366 1018.8
0.22367 1018.8
0.22368 1018.8
0.22369 1018.8
0.22370 1018.8
0.22371 1018.8
0.22372 1018.8
0.22373 1018.8
0.22374 1018.8
0.22375 1018.8
0.22376 1018.8
0.22377 1018.8
0.22378 1018.8
0.22379 1018.8
0.22380 1018.8
0.22381 1018.8
0.22382 1018.8
0.22383 1018.8
0.22384 1018.8
0.22385 1018.8
0.22386 1018.8
0.22387 1018.8
0.22388 1018.8
0.22389 1018.8
0.22390 1018.8
0.22391 1018.8
0.22392 1018.8
0.22393 1018.8
0.22394 1018.8
0.22395 1018.8
0.22396 1018.8
0.22397 1018.8
0.22398 1018.8
0.22399 1018.8
0.22400 1018.8
0.22401 1018.8
0.22402 1018.8
0.22403 1018.8
0.22404 1018.8
0.22405 1018.8
0.22406 1018.8
0.22407 1018.8
0.22408 1018.8
0.22409 1018.8
0.22410 1018.8
0.22411 1018.8
0.22412 1018.8
0.22413 1018.8
0.22414 1018.8
0.22415 1018.8
0.22416 1018.8
0.22417 1018.8
0.22418 1018.8
0.22419 1018.8
0.22420 1018.8
0.22421 1018.8
0.22422 1018.8
0.22423 1018.8
0.22424 1018.8
0.22425 1018.8
0.22426 1018.8
0.22427 1018.8
0.22428 1018.8
0.22429 1018.8
0.22430 1018.8
0.22431 1018.8
0.22432 1018.8
0.22433 1018.8
0.22434 1018.8
0.22435 1018.8
0.22436 1018.8
0.22437 1018.8
0.22438 1018.8
0.22439 1018.8
0.22440 1018.8
0.22441 1018.8
0.22442 1018.8
0.22443 1018.8
0.22444 1018.8
0.22445 1018.8
0.22446 1018.8
0.22447 1018.8
0.22448 1018.8
0.22449 1018.8
0.22450 1018.8
0.22451 1018.8
0.22452 1018.8
0.22453 1018.8
0.22454 1018.8
0.22455 1018.8
0.22456 1018.8
0.22457 1018.8
0.22458 1018.8
0.22459 1018.8
0.22460 1018.8
0.22461 1018.8
0.22462 1018.8
0.22463 1018.8
0.22464 1018.8
0.22465 1018.8
0.22466 1018.8
0.22467 1018.8
0.22468 1018.8
0.22469 1018.8
0.22470 1018.8
0.22471 1018.8
0.22472 1018.8
0.22473 1018.8
0.22474 1018.8
0.22475 1018.8
0.22476 1018.8
0.22477 1018.8
0.22478 1018.8
0.22479 1018.8
0.22480 1018.8
0.22481 1018.8
0.22482 1018.8
0.22483 1018.8
0.22484 1018.8
0.22485 1018.8
0.22486 1018.8
0.22487 1018.8
0.22488 1018.8
0.22489 1018.8
0.22490 1018.8
0.22491 1018.8
0.22492 1018.8
0.22493 1018.8
0.22494 1018.8
0.22495 1018.8
0.22496 1018.8
0.22497 1018.8
0.22498 1018.8
0.22499 1018.8
0.22500 1018.8
0.22501 1018.8
0.22502 1018.8
0.22503 1018.8
0.22504 1018.8
0.22505 1018.8
0.22506 1018.8
0.22507 1018.8
0.22508 1018.8
0.22509 1018.8
0.22510 1018.8
0.22511 1018.8
0.22512 1018.8
0.22513 1018.8
0.22514 1018.8
0.22515 1018.8
0.22516 1018.8
0.22517 1018.8
0.22518 1018.8
0.22519 1018.8
0.22520 1018.8
0.22521 1018.8
0.22522 1018.8
0.22523 1018.8
0.22524 1018.8
0.22525 1018.8
0.22526 1018.8
0.22527 1018.8
0.22528 1018.8
0.22529 1018.8
0.22530 1018.8
0.22531 1018.8
0.22532 1018.8
0.22533 1018.8
0.22534 1018.8
0.22535 1018.8
0.22536 1018.8
0.22537 1018.8
0.22538 1018.8
0.22539 1018.8
0.22540 1018.8
0.22541 1018.8
0.22542 1018.8
0.22543 1018.8
0.22544 1018.8
0.22545 1018.8
0.22546 1018.8
0.22547 1018.8
0.22548 1018.8
0.22549 1018.8
0.22550 1018.8
0.22551 1018.8
0.22552 1018.8
0.22553 1018.8
0.22554 1018.8
0.22555 1018.8
0.22556 1018.8
0.22557 1018.8
0.22558 1018.8
0.22559 1018.8
0.22560 1018.8
0.22561 1018.8
0.22562 1018.8
0.22563 1018.8
0.22564 1018.8
0.22565 1018.8
0.22566 1018.8
0.22567 1018.8
0.22568 1018.8
0.22569 1018.8
0.22570 1018.8
0.22571 1018.8
0.22572 1018.8
0.22573 1018.8
0.22574 1018.8
0.22575 1018.8
0.22576 1018.8
0.22577 1018.8
0.22578 1018.8
0.22579 1018.8
0.22580 1018.8
0.22581 1018.8
0.22582 1018.8
0.22583 1018.8
0.22584 1018.8
0.22585 1018.8
0.22586 1018.8
0.22587 1018.8
0.22588 1018.8
0.22589 1018.8
0.22590 1018.8
0.22591 1018.8
0.22592 1018.8
0.22593 1018.8
0.22594 1018.8
0.22595 1018.8
0.22596 1018.8
0.22597 1018.8
0.22598 1018.8
0.22599 1018.8
0.22600 1018.8
0.22601 1018.8
0.22602 1018.8
0.22603 1018.8
0.22604 1018.8
0.22605 1018.8
0.22606 1018.8
0.22607 1018.8
0.22608 1018.8
0.22609 1018.8
0.22610 1018.8
0.22611 1018.8
0.22612 1018.8
0.22613 1018.8
0.22614 1018.8
0.22615 1018.8
0.22616 1018.8
0.22617 1018.8
0.22618 1018.8
0.22619 1018.8
0.22620 1018.8
0.22621 1018.8
0.22622 1018.8
0.22623 1018.8
0.22624 1018.8
0.22625 1018.8
0.22626 1018.8
0.22627 1018.8
0.22628 1018.8
0.22629 1018.8
0.22630 1018.8
0.22631 1018.8
0.22632 1018.8
0.22633 1018.8
0.22634 1018.8
0.22635 1018.8
0.22636 1018.8
0.22637 1018.8
0.22638 1018.8
0.22639 1018.8
0.22640 1018.8
0.22641 1018.8
0.22642 1018.8
0.22643 1018.8
0.22644 1018.8
0.22645 1018.8
0.22646 1018.8
0.22647 1018.8
0.22648 1018.8
0.22649 1018.8
0.22650 1018.8
0.22651 1018.8
0.22652 1018.8
0.22653 1018.8
0.22654 1018.8
0.22655 1018.8
0.22656 1018.8
0.22657 1018.8
0.22658 1018.8
0.22659 1018.8
0.22660 1018.8
0.22661 1018.8
0.22662 1018.8
0.22663 1018.8
0.22664 1018.8
0.22665 1018.8
0.22666 1018.8
0.22667 1018.8
0.22668 1018.8
0.22669 1018.8
0.22670 1018.8
0.22671 1018.8
0.22672 1018.8
0.22673 1018.8
0.22674 1018.8
0.22675 1018.8
0.22676 1018.8
0.22677 1018.8
0.22678 1018.8
0.22679 1018.8
0.22680 1018.8
0.22681 1018.8
0.22682 1018.8
0.22683 1018.8
0.22684 1018.8
0.22685 1018.8
0.22686 1018.8
0.22687 1018.8
0.22688 1018.8
0.22689 1018.8
0.22690 1018.8
0.22691 1018.8
0.22692 1018.8
0.22693 1018.8
0.22694 1018.8
0.22695 1018.8
0.22696 1018.8
0.22697 1018.8
0.22698 1018.8
0.22699 1018.8
0.22700 1018.8
0.22701 1018.8
0.22702 1018.8
0.22703 1018.8
0.22704 1018.8
0.22705 1018.8
0.22706 1018.8
0.22707 1018.8
0.22708 1018.8
0.22709 1018.8
0.22710 1018.8
0.22711 1018.8
0.22712 1018.8
0.22713 1018.8
0.22714 1018.8
0.22715 1018.8
0.22716 1018.8
0.22717 1018.8
0.22718 1018.8
0.22719 1018.8
0.22720 1018.8
0.22721 1018.8
0.22722 1018.8
0.22723 1018.8
0.22724 1018.8
0.22725 1018.8
0.22726 1018.8
0.22727 1018.8
0.22728 1018.8
0.22729 1018.8
0.22730 1018.8
0.22731 1018.8
0.22732 1018.8
0.22733 1018.8
0.22734 1018.8
0.22735 1018.8
0.22736 1018.8
0.22737 1018.8
0.22738 1018.8
0.22739 1018.8
0.22740 1018.8
0.22741 1018.8
0.22742 1018.8
0.22743 1018.8
0.22744 1018.8
0.22745 1018.8
0.22746 1018.8
0.22747 1018.8
0.22748 1018.8
0.22749 1018.8
0.22750 1018.8
0.22751 1018.8
0.22752 1018.8
0.22753 1018.8
0.22754 1018.8
0.22755 1018.8
0.22756 1018.8
0.22757 1018.8
0.22758 1018.8
0.22759 1018.8
0.22760 1018.8
0.22761 1018.8
0.22762 1018.8
0.22763 1018.8
0.22764 1018.8
0.22765 1018.8
0.22766 1018.8
0.22767 1018.8
0.22768 1018.8
0.22769 1018.8
0.22770 1018.8
0.22771 1018.8
0.22772 1018.8
0.22773 1018.8
0.22774 1018.8
0.22775 1018.8
0.22776 1018.8
0.22777 1018.8
0.22778 1018.8
0.22779 1018.8
0.22780 1018.8
0.22781 1018.8
0.22782 1018.8
0.22783 1018.8
0.22784 1018.8
0.22785 1018.8
0.22786 1018.8
0.22787 1018.8
0.22788 1018.8
0.22789 1018.8
0.22790 1018.8
0.22791 1018.8
0.22792 1018.8
0.22793 1018.8
0.22794 1018.8
0.22795 1018.8
0.22796 1018.8
0.22797 1018.8
0.22798 1018.8
0.22799 1018.8
0.22800 1018.8
0.22801 1018.8
0.22802 1018.8
0.22803 1018.8
0.22804 1018.8
0.22805 1018.8
0.22806 1018.8
0.22807 1018.8
0.22808 1018.8
0.22809 1018.8
0.22810 1018.8
0.22811 1018.8
0.22812 1018.8
0.22813 1018.8
0.22814 1018.8
0.22815 1018.8
0.22816 1018.8
0.22817 1018.8
0.22818 1018.8
0.22819 1018.8
0.22820 1018.8
0.22821 1018.8
0.22822 1018.8
0.22823 1018.8
0.22824 1018.8
0.22825 1018.8
0.22826 1018.8
0.22827 1018.8
0.22828 1018.8
0.22829 1018.8
0.22830 1018.8
0.22831 1018.8
0.22832 1018.8
0.22833 1018.8
0.22834 1018.8
0.22835 1018.8
0.22836 1018.8
0.22837 1018.8
0.22838 1018.8
0.22839 1018.8
0.22840 1018.8
0.22841 1018.8
0.22842 1018.8
0.22843 1018.8
0.22844 1018.8
0.22845 1018.8
0.22846 1018.8
0.22847 1018.8
0.22848 1018.8
0.22849 1018.8
0.22850 1018.8
0.22851 1018.8
0.22852 1018.8
0.22853 1018.8
0.22854 1018.8
0.22855 1018.8
0.22856 1018.8
0.22857 1018.8
0.22858 1018.8
0.22859 1018.8
0.22860 1018.8
0.22861 1018.8
0.22862 1018.8
0.22863 1018.8
0.22864 1018.8
0.22865 1018.8
0.22866 1018.8
0.22867 1018.8
0.22868 1018.8
0.22869 1018.8
0.22870 1018.8
0.22871 1018.8
0.22872 1018.8
0.22873 1018.8
0.22874 1018.8
0.22875 1018.8
0.22876 1018.8
0.22877 1018.8
0.22878 1018.8
0.22879 1018.8
0.22880 1018.8
0.22881 1018.8
0.22882 1018.8
0.22883 1018.8
0.22884 1018.8
0.22885 1018.8
0.22886 1018.8
0.22887 1018.8
0.22888 1018.8
0.22889 1018.8
0.22890 1018.8
0.22891 1018.8
0.22892 1018.8
0.22893 1018.8
0.22894 1018.8
0.22895 1018.8
0.22896 1018.8
0.22897 1018.8
0.22898 1018.8
0.22899 1018.8
0.22900 1018.8
0.22901 1018.8
0.22902 1018.8
0.22903 1018.8
0.22904 1018.8
0.22905 1018.8
0.22906 1018.8
0.22907 1018.8
0.22908 1018.8
0.22909 1018.8
0.22910 1018.8
0.22911 1018.8
0.22912 1018.8
0.22913 1018.8
0.22914 1018.8
0.22915 1018.8
0.22916 1018.8
0.22917 1018.8
0.22918 1018.8
0.22919 1018.8
0.22920 1018.8
0.22921 1018.8
0.22922 1018.8
0.22923 1018.8
0.22924 1018.8
0.22925 1018.8
0.22926 1018.8
0.22927 1018.8
0.22928 1018.8
0.22929 1018.8
0.22930 1018.8
0.22931 1018.8
0.22932 1018.8
0.22933 1018.8
0.22934 1018.8
0.22935 1018.8
0.22936 1018.8
0.22937 1018.8
0.22938 1018.8
0.22939 1018.8
0.22940 1018.8
0.22941 1018.8
0.22942 1018.8
0.22943 1018.8
0.22944 1018.8
0.22945 1018.8
0.22946 1018.8
0.22947 1018.8
0.22948 1018.8
0.22949 1018.8
0.22950 1018.8
0.22951 1018.8
0.22952 1018.8
0.22953 1018.8
0.22954 1018.8
0.22955 1018.8
0.22956 1018.8
0.22957 1018.8
0.22958 1018.8
0.22959 1018.8
0.22960 1018.8
0.22961 1018.8
0.22962 1018.8
0.22963 1018.8
0.22964 1018.8
0.22965 1018.8
0.22966 1018.8
0.22967 1018.8
0.22968 1018.8
0.22969 1018.8
0.22970 1018.8
0.22971 1018.8
0.22972 1018.8
0.22973 1018.8
0.22974 1018.8
0.22975 1018.8
0.22976 1018.8
0.22977 1018.8
0.22978 1018.8
0.22979 1018.8
0.22980 1018.8
0.22981 1018.8
0.22982 1018.8
0.22983 1018.8
0.22984 1018.8
0.22985 1018.8
0.22986 1018.8
0.22987 1018.8
0.22988 1018.8
0.22989 1018.8
0.22990 1018.8
0.22991 1018.8
0.22992 1018.8
0.22993 1018.8
0.22994 1018.8
0.22995 1018.8
0.22996 1018.8
0.22997 1018.8
0.22998 1018.8
0.22999 1018.8
0.23000 1018.8
0.23001 1018.8
0.23002 1018.8
0.23003 1018.8
0.23004 1018.8
0.23005 1018.8
0.23006 1018.8
0.23007 1018.8
0.23008 1018.8
0.23009 1018.8
0.23010 1018.8
0.23011 1018.8
0.23012 1018.8
0.23013 1018.8
0.23014 1018.8
0.23015 1018.8
0.23016 1018.8
0.23017 1018.8
0.23018 1018.8
0.23019 1018.8
0.23020 1018.8
0.23021 1018.8
0.23022 1018.8
0.23023 1018.8
0.23024 1018.8
0.23025 1018.8
0.23026 1018.8
0.23027 1018.8
0.23028 1018.8
0.23029 1018.8
0.23030 1018.8
0.23031 1018.8
0.23032 1018.8
0.23033 1018.8
0.23034 1018.8
0.23035 1018.8
0.23036 1018.8
0.23037 1018.8
0.23038 1018.8
0.23039 1018.8
0.23040 1018.8
0.23041 1018.8
0.23042 1018.8
0.23043 1018.8
0.23044 1018.8
0.23045 1018.8
0.23046 1018.8
0.23047 1018.8
0.23048 1018.8
0.23049 1018.8
0.23050 1018.8
0.23051 1018.8
0.23052 1018.8
0.23053 1018.8
0.23054 1018.8
0.23055 1018.8
0.23056 1018.8
0.23057 1018.8
0.23058 1018.8
0.23059 1018.8
0.23060 1018.8
0.23061 1018.8
0.23062 1018.8
0.23063 1018.8
0.23064 1018.8
0.23065 1018.8
0.23066 1018.8
0.23067 1018.8
0.23068 1018.8
0.23069 1018.8
0.23070 1018.8
0.23071 1018.8
0.23072 1018.8
0.23073 1018.8
0.23074 1018.8
0.23075 1018.8
0.23076 1018.8
0.23077 1018.8
0.23078 1018.8
0.23079 1018.8
0.23080 1018.8
0.23081 1018.8
0.23082 1018.8
0.23083 1018.8
0.23084 1018.8
0.23085 1018.8
0.23086 1018.8
0.23087 1018.8
0.23088 1018.8
0.23089 1018.8
0.23090 1018.8
0.23091 1018.8
0.23092 1018.8
0.23093 1018.8
0.23094 1018.8
0.23095 1018.8
0.23096 1018.8
0.23097 1018.8
0.23098 1018.8
0.23099 1018.8
0.23100 1018.8
0.23101 1018.8
0.23102 1018.8
0.23103 1018.8
0.23104 1018.8
0.23105 1018.8
0.23106 1018.8
0.23107 1018.8
0.23108 1018.8
0.23109 1018.8
0.23110 1018.8
0.23111 1018.8
0.23112 1018.8
0.23113 1018.8
0.23114 1018.8
0.23115 1018.8
0.23116 1018.8
0.23117 1018.8
0.23118 1018.8
0.23119 1018.8
0.23120 1018.8
0.23121 1018.8
0.23122 1018.8
0.23123 1018.8
0.23124 1018.8
0.23125 1018.8
0.23126 1018.8
0.23127 1018.8
0.23128 1018.8
0.23129 1018.8
0.23130 1018.8
0.23131 1018.8
0.23132 1018.8
0.23133 1018.8
0.23134 1018.8
0.23135 1018.8
0.23136 1018.8
0.23137 1018.8
0.23138 1018.8
0.23139 1018.8
0.23140 1018.8
0.23141 1018.8
0.23142 1018.8
0.23143 1018.8
0.23144 1018.8
0.23145 1018.8
0.23146 1018.8
0.23147 1018.8
0.23148 1018.8
0.23149 1018.8
0.23150 1018.8
0.23151 1018.8
0.23152 1018.8
0.23153 1018.8
0.23154 1018.8
0.23155 1018.8
0.23156 1018.8
0.23157 1018.8
0.23158 1018.8
0.23159 1018.8
0.23160 1018.8
0.23161 1018.8
0.23162 1018.8
0.23163 1018.8
0.23164 1018.8
0.23165 1018.8
0.23166 1018.8
0.23167 1018.8
0.23168 1018.8
0.23169 1018.8
0.23170 1018.8
0.23171 1018.8
0.23172 1018.8
0.23173 1018.8
0.23174 1018.8
0.23175 1018.8
0.23176 1018.8
0.23177 1018.8
0.23178 1018.8
0.23179 1018.8
0.23180 1018.8
0.23181 1018.8
0.23182 1018.8
0.23183 1018.8
0.23184 1018.8
0.23185 1018.8
0.23186 1018.8
0.23187 1018.8
0.23188 1018.8
0.23189 1018.8
0.23190 1018.8
0.23191 1018.8
0.23192 1018.8
0.23193 1018.8
0.23194 1018.8
0.23195 1018.8
0.23196 1018.8
0.23197 1018.8
0.23198 1018.8
0.23199 1018.8
0.23200 1018.8
0.23201 1018.8
0.23202 1018.8
0.23203 1018.8
0.23204 1018.8
0.23205 1018.8
0.23206 1018.8
0.23207 1018.8
0.23208 1018.8
0.23209 1018.8
0.23210 1018.8
0.23211 1018.8
0.23212 1018.8
0.23213 1018.8
0.23214 1018.8
0.23215 1018.8
0.23216 1018.8
0.23217 1018.8
0.23218 1018.8
0.23219 1018.8
0.23220 1018.8
0.23221 1018.8
0.23222 1018.8
0.23223 1018.8
0.23224 1018.8
0.23225 1018.8
0.23226 1018.8
0.23227 1018.8
0.23228 1018.8
0.23229 1018.8
0.23230 1018.8
0.23231 1018.8
0.23232 1018.8
0.23233 1018.8
0.23234 1018.8
0.23235 1018.8
0.23236 1018.8
0.23237 1018.8
0.23238 1018.8
0.23239 1018.8
0.23240 1018.8
0.23241 1018.8
0.23242 1018.8
0.23243 1018.8
0.23244 1018.8
0.23245 1018.8
0.23246 1018.8
0.23247 1018.8
0.23248 1018.8
0.23249 1018.8
0.23250 1018.8
0.23251 1018.8
0.23252 1018.8
0.23253 1018.8
0.23254 1018.8
0.23255 1018.8
0.23256 1018.8
0.23257 1018.8
0.23258 1018.8
0.23259 1018.8
0.23260 1018.8
0.23261 1018.8
0.23262 1018.8
0.23263 1018.8
0.23264 1018.8
0.23265 1018.8
0.23266 1018.8
0.23267 1018.8
0.23268 1018.8
0.23269 1018.8
0.23270 1018.8
0.23271 1018.8
0.23272 1018.8
0.23273 1018.8
0.23274 1018.8
0.23275 1018.8
0.23276 1018.8
0.23277 1018.8
0.23278 1018.8
0.23279 1018.8
0.23280 1018.8
0.23281 1018.8
0.23282 1018.8
0.23283 1018.8
0.23284 1018.8
0.23285 1018.8
0.23286 1018.8
0.23287 1018.8
0.23288 1018.8
0.23289 1018.8
0.23290 1018.8
0.23291 1018.8
0.23292 1018.8
0.23293 1018.8
0.23294 1018.8
0.23295 1018.8
0.23296 1018.8
0.23297 1018.8
0.23298 1018.8
0.23299 1018.8
0.23300 1018.8
0.23301 1018.8
0.23302 1018.8
0.23303 1018.8
0.23304 1018.8
0.23305 1018.8
0.23306 1018.8
0.23307 1018.8
0.23308 1018.8
0.23309 1018.8
0.23310 1018.8
0.23311 1018.8
0.23312 1018.8
0.23313 1018.8
0.23314 1018.8
0.23315 1018.8
0.23316 1018.8
0.23317 1018.8
0.23318 1018.8
0.23319 1018.8
0.23320 1018.8
0.23321 1018.8
0.23322 1018.8
0.23323 1018.8
0.23324 1018.8
0.23325 1018.8
0.23326 1018.8
0.23327 1018.8
0.23328 1018.8
0.23329 1018.8
0.23330 1018.8
0.23331 1018.8
0.23332 1018.8
0.23333 1018.8
0.23334 1018.8
0.23335 1018.8
0.23336 1018.8
0.23337 1018.8
0.23338 1018.8
0.23339 1018.8
0.23340 1018.8
0.23341 1018.8
0.23342 1018.8
0.23343 1018.8
0.23344 1018.8
0.23345 1018.8
0.23346 1018.8
0.23347 1018.8
0.23348 1018.8
0.23349 1018.8
0.23350 1018.8
0.23351 1018.8
0.23352 1018.8
0.23353 1018.8
0.23354 1018.8
0.23355 1018.8
0.23356 1018.8
0.23357 1018.8
0.23358 1018.8
0.23359 1018.8
0.23360 1018.8
0.23361 1018.8
0.23362 1018.8
0.23363 1018.8
0.23364 1018.8
0.23365 1018.8
0.23366 1018.8
0.23367 1018.8
0.23368 1018.8
0.23369 1018.8
0.23370 1018.8
0.23371 1018.8
0.23372 1018.8
0.23373 1018.8
0.23374 1018.8
0.23375 1018.8
0.23376 1018.8
0.23377 1018.8
0.23378 1018.8
0.23379 1018.8
0.23380 1018.8
0.23381 1018.8
0.23382 1018.8
0.23383 1018.8
0.23384 1018.8
0.23385 1018.8
0.23386 1018.8
0.23387 1018.8
0.23388 1018.8
0.23389 1018.8
0.23390 1018.8
0.23391 1018.8
0.23392 1018.8
0.23393 1018.8
0.23394 1018.8
0.23395 1018.8
0.23396 1018.8
0.23397 1018.8
0.23398 1018.8
0.23399 1018.8
0.23400 1018.8
0.23401 1018.8
0.23402 1018.8
0.23403 1018.8
0.23404 1018.8
0.23405 1018.8
0.23406 1018.8
0.23407 1018.8
0.23408 1018.8
0.23409 1018.8
0.23410 1018.8
0.23411 1018.8
0.23412 1018.8
0.23413 1018.8
0.23414 1018.8
0.23415 1018.8
0.23416 1018.8
0.23417 1018.8
0.23418 1018.8
0.23419 1018.8
0.23420 1018.8
0.23421 1018.8
0.23422 1018.8
0.23423 1018.8
0.23424 1018.8
0.23425 1018.8
0.23426 1018.8
0.23427 1018.8
0.23428 1018.8
0.23429 1018.8
0.23430 1018.8
0.23431 1018.8
0.23432 1018.8
0.23433 1018.8
0.23434 1018.8
0.23435 1018.8
0.23436 1018.8
0.23437 1018.8
0.23438 1018.8
0.23439 1018.8
0.23440 1018.8
0.23441 1018.8
0.23442 1018.8
0.23443 1018.8
0.23444 1018.8
0.23445 1018.8
0.23446 1018.8
0.23447 1018.8
0.23448 1018.8
0.23449 1018.8
0.23450 1018.8
0.23451 1018.8
0.23452 1018.8
0.23453 1018.8
0.23454 1018.8
0.23455 1018.8
0.23456 1018.8
0.23457 1018.8
0.23458 1018.8
0.23459 1018.8
0.23460 1018.8
0.23461 1018.8
0.23462 1018.8
0.23463 1018.8
0.23464 1018.8
0.23465 1018.8
0.23466 1018.8
0.23467 1018.8
0.23468 1018.8
0.23469 1018.8
0.23470 1018.8
0.23471 1018.8
0.23472 1018.8
0.23473 1018.8
0.23474 1018.8
0.23475 1018.8
0.23476 1018.8
0.23477 1018.8
0.23478 1018.8
0.23479 1018.8
0.23480 1018.8
0.23481 1018.8
0.23482 1018.8
0.23483 1018.8
0.23484 1018.8
0.23485 1018.8
0.23486 1018.8
0.23487 1018.8
0.23488 1018.8
0.23489 1018.8
0.23490 1018.8
0.23491 1018.8
0.23492 1018.8
0.23493 1018.8
0.23494 1018.8
0.23495 1018.8
0.23496 1018.8
0.23497 1018.8
0.23498 1018.8
0.23499 1018.8
0.23500 1018.8
0.23501 1018.8
0.23502 1018.8
0.23503 1018.8
0.23504 1018.8
0.23505 1018.8
0.23506 1018.8
0.23507 1018.8
0.23508 1018.8
0.23509 1018.8
0.23510 1018.8
0.23511 1018.8
0.23512 1018.8
0.23513 1018.8
0.23514 1018.8
0.23515 1018.8
0.23516 1018.8
0.23517 1018.8
0.23518 1018.8
0.23519 1018.8
0.23520 1018.8
0.23521 1018.8
0.23522 1018.8
0.23523 1018.8
0.23524 1018.8
0.23525 1018.8
0.23526 1018.8
0.23527 1018.8
0.23528 1018.8
0.23529 1018.8
0.23530 1018.8
0.23531 1018.8
0.23532 1018.8
0.23533 1018.8
0.23534 1018.8
0.23535 1018.8
0.23536 1018.8
0.23537 1018.8
0.23538 1018.8
0.23539 1018.8
0.23540 1018.8
0.23541 1018.8
0.23542 1018.8
0.23543 1018.8
0.23544 1018.8
0.23545 1018.8
0.23546 1018.8
0.23547 1018.8
0.23548 1018.8
0.23549 1018.8
0.23550 1018.8
0.23551 1018.8
0.23552 1018.8
0.23553 1018.8
0.23554 1018.8
0.23555 1018.8
0.23556 1018.8
0.23557 1018.8
0.23558 1018.8
0.23559 1018.8
0.23560 1018.8
0.23561 1018.8
0.23562 1018.8
0.23563 1018.8
0.23564 1018.8
0.23565 1018.8
0.23566 1018.8
0.23567 1018.8
0.23568 1018.8
0.23569 1018.8
0.23570 1018.8
0.23571 1018.8
0.23572 1018.8
0.23573 1018.8
0.23574 1018.8
0.23575 1018.8
0.23576 1018.8
0.23577 1018.8
0.23578 1018.8
0.23579 1018.8
0.23580 1018.8
0.23581 1018.8
0.23582 1018.8
0.23583 1018.8
0.23584 1018.8
0.23585 1018.8
0.23586 1018.8
0.23587 1018.8
0.23588 1018.8
0.23589 1018.8
0.23590 1018.8
0.23591 1018.8
0.23592 1018.8
0.23593 1018.8
0.23594 1018.8
0.23595 1018.8
0.23596 1018.8
0.23597 1018.8
0.23598 1018.8
0.23599 1018.8
0.23600 1018.8
0.23601 1018.8
0.23602 1018.8
0.23603 1018.8
0.23604 1018.8
0.23605 1018.8
0.23606 1018.8
0.23607 1018.8
0.23608 1018.8
0.23609 1018.8
0.23610 1018.8
0.23611 1018.8
0.23612 1018.8
0.23613 1018.8
0.23614 1018.8
0.23615 1018.8
0.23616 1018.8
0.23617 1018.8
0.23618 1018.8
0.23619 1018.8
0.23620 1018.8
0.23621 1018.8
0.23622 1018.8
0.23623 1018.8
0.23624 1018.8
0.23625 1018.8
0.23626 1018.8
0.23627 1018.8
0.23628 1018.8
0.23629 1018.8
0.23630 1018.8
0.23631 1018.8
0.23632 1018.8
0.23633 1018.8
0.23634 1018.8
0.23635 1018.8
0.23636 1018.8
0.23637 1018.8
0.23638 1018.8
0.23639 1018.8
0.23640 1018.8
0.23641 1018.8
0.23642 1018.8
0.23643 1018.8
0.23644 1018.8
0.23645 1018.8
0.23646 1018.8
0.23647 1018.8
0.23648 1018.8
0.23649 1018.8
0.23650 1018.8
0.23651 1018.8
0.23652 1018.8
0.23653 1018.8
0.23654 1018.8
0.23655 1018.8
0.23656 1018.8
0.23657 1018.8
0.23658 1018.8
0.23659 1018.8
0.23660 1018.8
0.23661 1018.8
0.23662 1018.8
0.23663 1018.8
0.23664 1018.8
0.23665 1018.8
0.23666 1018.8
0.23667 1018.8
0.23668 1018.8
0.23669 1018.8
0.23670 1018.8
0.23671 1018.8
0.23672 1018.8
0.23673 1018.8
0.23674 1018.8
0.23675 1018.8
0.23676 1018.8
0.23677 1018.8
0.23678 1018.8
0.23679 1018.8
0.23680 1018.8
0.23681 1018.8
0.23682 1018.8
0.23683 1018.8
0.23684 1018.8
0.23685 1018.8
0.23686 1018.8
0.23687 1018.8
0.23688 1018.8
0.23689 1018.8
0.23690 1018.8
0.23691 1018.8
0.23692 1018.8
0.23693 1018.8
0.23694 1018.8
0.23695 1018.8
0.23696 1018.8
0.23697 1018.8
0.23698 1018.8
0.23699 1018.8
0.23700 1018.8
0.23701 1018.8
0.23702 1018.8
0.23703 1018.8
0.23704 1018.8
0.23705 1018.8
0.23706 1018.8
0.23707 1018.8
0.23708 1018.8
0.23709 1018.8
0.23710 1018.8
0.23711 1018.8
0.23712 1018.8
0.23713 1018.8
0.23714 1018.8
0.23715 1018.8
0.23716 1018.8
0.23717 1018.8
0.23718 1018.8
0.23719 1018.8
0.23720 1018.8
0.23721 1018.8
0.23722 1018.8
0.23723 1018.8
0.23724 1018.8
0.23725 1018.8
0.23726 1018.8
0.23727 1018.8
0.23728 1018.8
0.23729 1018.8
0.23730 1018.8
0.23731 1018.8
0.23732 1018.8
0.23733 1018.8
0.23734 1018.8
0.23735 1018.8
0.23736 1018.8
0.23737 1018.8
0.23738 1018.8
0.23739 1018.8
0.23740 1018.8
0.23741 1018.8
0.23742 1018.8
0.23743 1018.8
0.23744 1018.8
0.23745 1018.8
0.23746 1018.8
0.23747 1018.8
0.23748 1018.8
0.23749 1018.8
0.23750 1018.8
0.23751 1018.8
0.23752 1018.8
0.23753 1018.8
0.23754 1018.8
0.23755 1018.8
0.23756 1018.8
0.23757 1018.8
0.23758 1018.8
0.23759 1018.8
0.23760 1018.8
0.23761 1018.8
0.23762 1018.8
0.23763 1018.8
0.23764 1018.8
0.23765 1018.8
0.23766 1018.8
0.23767 1018.8
0.23768 1018.8
0.23769 1018.8
0.23770 1018.8
0.23771 1018.8
0.23772 1018.8
0.23773 1018.8
0.23774 1018.8
0.23775 1018.8
0.23776 1018.8
0.23777 1018.8
0.23778 1018.8
0.23779 1018.8
0.23780 1018.8
0.23781 1018.8
0.23782 1018.8
0.23783 1018.8
0.23784 1018.8
0.23785 1018.8
0.23786 1018.8
0.23787 1018.8
0.23788 1018.8
0.23789 1018.8
0.23790 1018.8
0.23791 1018.8
0.23792 1018.8
0.23793 1018.8
0.23794 1018.8
0.23795 1018.8
0.23796 1018.8
0.23797 1018.8
0.23798 1018.8
0.23799 1018.8
0.23800 1018.8
0.23801 1018.8
0.23802 1018.8
0.23803 1018.8
0.23804 1018.8
0.23805 1018.8
0.23806 1018.8
0.23807 1018.8
0.23808 1018.8
0.23809 1018.8
0.23810 1018.8
0.23811 1018.8
0.23812 1018.8
0.23813 1018.8
0.23814 1018.8
0.23815 1018.8
0.23816 1018.8
0.23817 1018.8
0.23818 1018.8
0.23819 1018.8
0.23820 1018.8
0.23821 1018.8
0.23822 1018.8
0.23823 1018.8
0.23824 1018.8
0.23825 1018.8
0.23826 1018.8
0.23827 1018.8
0.23828 1018.8
0.23829 1018.8
0.23830 1018.8
0.23831 1018.8
0.23832 1018.8
0.23833 1018.8
0.23834 1018.8
0.23835 1018.8
0.23836 1018.8
0.23837 1018.8
0.23838 1018.8
0.23839 1018.8
0.23840 1018.8
0.23841 1018.8
0.23842 1018.8
0.23843 1018.8
0.23844 1018.8
0.23845 1018.8
0.23846 1018.8
0.23847 1018.8
0.23848 1018.8
0.23849 1018.8
0.23850 1018.8
0.23851 1018.8
0.23852 1018.8
0.23853 1018.8
0.23854 1018.8
0.23855 1018.8
0.23856 1018.8
0.23857 1018.8
0.23858 1018.8
0.23859 1018.8
0.23860 1018.8
0.23861 1018.8
0.23862 1018.8
0.23863 1018.8
0.23864 1018.8
0.23865 1018.8
0.23866 1018.8
0.23867 1018.8
0.23868 1018.8
0.23869 1018.8
0.23870 1018.8
0.23871 1018.8
0.23872 1018.8
0.23873 1018.8
0.23874 1018.8
0.23875 1018.8
0.23876 1018.8
0.23877 1018.8
0.23878 1018.8
0.23879 1018.8
0.23880 1018.8
0.23881 1018.8
0.23882 1018.8
0.23883 1018.8
0.23884 1018.8
0.23885 1018.8
0.23886 1018.8
0.23887 1018.8
0.23888 1018.8
0.23889 1018.8
0.23890 1018.8
0.23891 1018.8
0.23892 1018.8
0.23893 1018.8
0.23894 1018.8
0.23895 1018.8
0.23896 1018.8
0.23897 1018.8
0.23898 1018.8
0.23899 1018.8
0.23900 1018.8
0.23901 1018.8
0.23902 1018.8
0.23903 1018.8
0.23904 1018.8
0.23905 1018.8
0.23906 1018.8
0.23907 1018.8
0.23908 1018.8
0.23909 1018.8
0.23910 1018.8
0.23911 1018.8
0.23912 1018.8
0.23913 1018.8
0.23914 1018.8
0.23915 1018.8
0.23916 1018.8
0.23917 1018.8
0.23918 1018.8
0.23919 1018.8
0.23920 1018.8
0.23921 1018.8
0.23922 1018.8
0.23923 1018.8
0.23924 1018.8
0.23925 1018.8
0.23926 1018.8
0.23927 1018.8
0.23928 1018.8
0.23929 1018.8
0.23930 1018.8
0.23931 1018.8
0.23932 1018.8
0.23933 1018.8
0.23934 1018.8
0.23935 1018.8
0.23936 1018.8
0.23937 1018.8
0.23938 1018.8
0.23939 1018.8
0.23940 1018.8
0.23941 1018.8
0.23942 1018.8
0.23943 1018.8
0.23944 1018.8
0.23945 1018.8
0.23946 1018.8
0.23947 1018.8
0.23948 1018.8
0.23949 1018.8
0.23950 1018.8
0.23951 1018.8
0.23952 1018.8
0.23953 1018.8
0.23954 1018.8
0.23955 1018.8
0.23956 1018.8
0.23957 1018.8
0.23958 1018.8
0.23959 1018.8
0.23960 1018.8
0.23961 1018.8
0.23962 1018.8
0.23963 1018.8
0.23964 1018.8
0.23965 1018.8
0.23966 1018.8
0.23967 1018.8
0.23968 1018.8
0.23969 1018.8
0.23970 1018.8
0.23971 1018.8
0.23972 1018.8
0.23973 1018.8
0.23974 1018.8
0.23975 1018.8
0.23976 1018.8
0.23977 1018.8
0.23978 1018.8
0.23979 1018.8
0.23980 1018.8
0.23981 1018.8
0.23982 1018.8
0.23983 1018.8
0.23984 1018.8
0.23985 1018.8
0.23986 1018.8
0.23987 1018.8
0.23988 1018.8
0.23989 1018.8
0.23990 1018.8
0.23991 1018.8
0.23992 1018.8
0.23993 1018.8
0.23994 1018.8
0.23995 1018.8
0.23996 1018.8
0.23997 1018.8
0.23998 1018.8
0.23999 1018.8
0.24000 1018.8
0.24001 1018.8
0.24002 1018.8
0.24003 1018.8
0.24004 1018.8
0.24005 1018.8
0.24006 1018.8
0.24007 1018.8
0.24008 1018.8
0.24009 1018.8
0.24010 1018.8
0.24011 1018.8
0.24012 1018.8
0.24013 1018.8
0.24014 1018.8
0.24015 1018.8
0.24016 1018.8
0.24017 1018.8
0.24018 1018.8
0.24019 1018.8
0.24020 1018.8
0.24021 1018.8
0.24022 1018.8
0.24023 1018.8
0.24024 1018.8
0.24025 1018.8
0.24026 1018.8
0.24027 1018.8
0.24028 1018.8
0.24029 1018.8
0.24030 1018.8
0.24031 1018.8
0.24032 1018.8
0.24033 1018.8
0.24034 1018.8
0.24035 1018.8
0.24036 1018.8
0.24037 1018.8
0.24038 1018.8
0.24039 1018.8
0.24040 1018.8
0.24041 1018.8
0.24042 1018.8
0.24043 1018.8
0.24044 1018.8
0.24045 1018.8
0.24046 1018.8
0.24047 1018.8
0.24048 1018.8
0.24049 1018.8
0.24050 1018.8
0.24051 1018.8
0.24052 1018.8
0.24053 1018.8
0.24054 1018.8
0.24055 1018.8
0.24056 1018.8
0.24057 1018.8
0.24058 1018.8
0.24059 1018.8
0.24060 1018.8
0.24061 1018.8
0.24062 1018.8
0.24063 1018.8
0.24064 1018.8
0.24065 1018.8
0.24066 1018.8
0.24067 1018.8
0.24068 1018.8
0.24069 1018.8
0.24070 1018.8
0.24071 1018.8
0.24072 1018.8
0.24073 1018.8
0.24074 1018.8
0.24075 1018.8
0.24076 1018.8
0.24077 1018.8
0.24078 1018.8
0.24079 1018.8
0.24080 1018.8
0.24081 1018.8
0.24082 1018.8
0.24083 1018.8
0.24084 1018.8
0.24085 1018.8
0.24086 1018.8
0.24087 1018.8
0.24088 1018.8
0.24089 1018.8
0.24090 1018.8
0.24091 1018.8
0.24092 1018.8
0.24093 1018.8
0.24094 1018.8
0.24095 1018.8
0.24096 1018.8
0.24097 1018.8
0.24098 1018.8
0.24099 1018.8
0.24100 1018.8
0.24101 1018.8
0.24102 1018.8
0.24103 1018.8
0.24104 1018.8
0.24105 1018.8
0.24106 1018.8
0.24107 1018.8
0.24108 1018.8
0.24109 1018.8
0.24110 1018.8
0.24111 1018.8
0.24112 1018.8
0.24113 1018.8
0.24114 1018.8
0.24115 1018.8
0.24116 1018.8
0.24117 1018.8
0.24118 1018.8
0.24119 1018.8
0.24120 1018.8
0.24121 1018.8
0.24122 1018.8
0.24123 1018.8
0.24124 1018.8
0.24125 1018.8
0.24126 1018.8
0.24127 1018.8
0.24128 1018.8
0.24129 1018.8
0.24130 1018.8
0.24131 1018.8
0.24132 1018.8
0.24133 1018.8
0.24134 1018.8
0.24135 1018.8
0.24136 1018.8
0.24137 1018.8
0.24138 1018.8
0.24139 1018.8
0.24140 1018.8
0.24141 1018.8
0.24142 1018.8
0.24143 1018.8
0.24144 1018.8
0.24145 1018.8
0.24146 1018.8
0.24147 1018.8
0.24148 1018.8
0.24149 1018.8
0.24150 1018.8
0.24151 1018.8
0.24152 1018.8
0.24153 1018.8
0.24154 1018.8
0.24155 1018.8
0.24156 1018.8
0.24157 1018.8
0.24158 1018.8
0.24159 1018.8
0.24160 1018.8
0.24161 1018.8
0.24162 1018.8
0.24163 1018.8
0.24164 1018.8
0.24165 1018.8
0.24166 1018.8
0.24167 1018.8
0.24168 1018.8
0.24169 1018.8
0.24170 1018.8
0.24171 1018.8
0.24172 1018.8
0.24173 1018.8
0.24174 1018.8
0.24175 1018.8
0.24176 1018.8
0.24177 1018.8
0.24178 1018.8
0.24179 1018.8
0.24180 1018.8
0.24181 1018.8
0.24182 1018.8
0.24183 1018.8
0.24184 1018.8
0.24185 1018.8
0.24186 1018.8
0.24187 1018.8
0.24188 1018.8
0.24189 1018.8
0.24190 1018.8
0.24191 1018.8
0.24192 1018.8
0.24193 1018.8
0.24194 1018.8
0.24195 1018.8
0.24196 1018.8
0.24197 1018.8
0.24198 1018.8
0.24199 1018.8
0.24200 1018.8
0.24201 1018.8
0.24202 1018.8
0.24203 1018.8
0.24204 1018.8
0.24205 1018.8
0.24206 1018.8
0.24207 1018.8
0.24208 1018.8
0.24209 1018.8
0.24210 1018.8
0.24211 1018.8
0.24212 1018.8
0.24213 1018.8
0.24214 1018.8
0.24215 1018.8
0.24216 1018.8
0.24217 1018.8
0.24218 1018.8
0.24219 1018.8
0.24220 1018.8
0.24221 1018.8
0.24222 1018.8
0.24223 1018.8
0.24224 1018.8
0.24225 1018.8
0.24226 1018.8
0.24227 1018.8
0.24228 1018.8
0.24229 1018.8
0.24230 1018.8
0.24231 1018.8
0.24232 1018.8
0.24233 1018.8
0.24234 1018.8
0.24235 1018.8
0.24236 1018.8
0.24237 1018.8
0.24238 1018.8
0.24239 1018.8
0.24240 1018.8
0.24241 1018.8
0.24242 1018.8
0.24243 1018.8
0.24244 1018.8
0.24245 1018.8
0.24246 1018.8
0.24247 1018.8
0.24248 1018.8
0.24249 1018.8
0.24250 1018.8
0.24251 1018.8
0.24252 1018.8
0.24253 1018.8
0.24254 1018.8
0.24255 1018.8
0.24256 1018.8
0.24257 1018.8
0.24258 1018.8
0.24259 1018.8
0.24260 1018.8
0.24261 1018.8
0.24262 1018.8
0.24263 1018.8
0.24264 1018.8
0.24265 1018.8
0.24266 1018.8
0.24267 1018.8
0.24268 1018.8
0.24269 1018.8
0.24270 1018.8
0.24271 1018.8
0.24272 1018.8
0.24273 1018.8
0.24274 1018.8
0.24275 1018.8
0.24276 1018.8
0.24277 1018.8
0.24278 1018.8
0.24279 1018.8
0.24280 1018.8
0.24281 1018.8
0.24282 1018.8
0.24283 1018.8
0.24284 1018.8
0.24285 1018.8
0.24286 1018.8
0.24287 1018.8
0.24288 1018.8
0.24289 1018.8
0.24290 1018.8
0.24291 1018.8
0.24292 1018.8
0.24293 1018.8
0.24294 1018.8
0.24295 1018.8
0.24296 1018.8
0.24297 1018.8
0.24298 1018.8
0.24299 1018.8
0.24300 1018.8
0.24301 1018.8
0.24302 1018.8
0.24303 1018.8
0.24304 1018.8
0.24305 1018.8
0.24306 1018.8
0.24307 1018.8
0.24308 1018.8
0.24309 1018.8
0.24310 1018.8
0.24311 1018.8
0.24312 1018.8
0.24313 1018.8
0.24314 1018.8
0.24315 1018.8
0.24316 1018.8
0.24317 1018.8
0.24318 1018.8
0.24319 1018.8
0.24320 1018.8
0.24321 1018.8
0.24322 1018.8
0.24323 1018.8
0.24324 1018.8
0.24325 1018.8
0.24326 1018.8
0.24327 1018.8
0.24328 1018.8
0.24329 1018.8
0.24330 1018.8
0.24331 1018.8
0.24332 1018.8
0.24333 1018.8
0.24334 1018.8
0.24335 1018.8
0.24336 1018.8
0.24337 1018.8
0.24338 1018.8
0.24339 1018.8
0.24340 1018.8
0.24341 1018.8
0.24342 1018.8
0.24343 1018.8
0.24344 1018.8
0.24345 1018.8
0.24346 1018.8
0.24347 1018.8
0.24348 1018.8
0.24349 1018.8
0.24350 1018.8
0.24351 1018.8
0.24352 1018.8
0.24353 1018.8
0.24354 1018.8
0.24355 1018.8
0.24356 1018.8
0.24357 1018.8
0.24358 1018.8
0.24359 1018.8
0.24360 1018.8
0.24361 1018.8
0.24362 1018.8
0.24363 1018.8
0.24364 1018.8
0.24365 1018.8
0.24366 1018.8
0.24367 1018.8
0.24368 1018.8
0.24369 1018.8
0.24370 1018.8
0.24371 1018.8
0.24372 1018.8
0.24373 1018.8
0.24374 1018.8
0.24375 1018.8
0.24376 1018.8
0.24377 1018.8
0.24378 1018.8
0.24379 1018.8
0.24380 1018.8
0.24381 1018.8
0.24382 1018.8
0.24383 1018.8
0.24384 1018.8
0.24385 1018.8
0.24386 1018.8
0.24387 1018.8
0.24388 1018.8
0.24389 1018.8
0.24390 1018.8
0.24391 1018.8
0.24392 1018.8
0.24393 1018.8
0.24394 1018.8
0.24395 1018.8
0.24396 1018.8
0.24397 1018.8
0.24398 1018.8
0.24399 1018.8
0.24400 1018.8
0.24401 1018.8
0.24402 1018.8
0.24403 1018.8
0.24404 1018.8
0.24405 1018.8
0.24406 1018.8
0.24407 1018.8
0.24408 1018.8
0.24409 1018.8
0.24410 1018.8
0.24411 1018.8
0.24412 1018.8
0.24413 1018.8
0.24414 1018.8
0.24415 1018.8
0.24416 1018.8
0.24417 1018.8
0.24418 1018.8
0.24419 1018.8
0.24420 1018.8
0.24421 1018.8
0.24422 1018.8
0.24423 1018.8
0.24424 1018.8
0.24425 1018.8
0.24426 1018.8
0.24427 1018.8
0.24428 1018.8
0.24429 1018.8
0.24430 1018.8
0.24431 1018.8
0.24432 1018.8
0.24433 1018.8
0.24434 1018.8
0.24435 1018.8
0.24436 1018.8
0.24437 1018.8
0.24438 1018.8
0.24439 1018.8
0.24440 1018.8
0.24441 1018.8
0.24442 1018.8
0.24443 1018.8
0.24444 1018.8
0.24445 1018.8
0.24446 1018.8
0.24447 1018.8
0.24448 1018.8
0.24449 1018.8
0.24450 1018.8
0.24451 1018.8
0.24452 1018.8
0.24453 1018.8
0.24454 1018.8
0.24455 1018.8
0.24456 1018.8
0.24457 1018.8
0.24458 1018.8
0.24459 1018.8
0.24460 1018.8
0.24461 1018.8
0.24462 1018.8
0.24463 1018.8
0.24464 1018.8
0.24465 1018.8
0.24466 1018.8
0.24467 1018.8
0.24468 1018.8
0.24469 1018.8
0.24470 1018.8
0.24471 1018.8
0.24472 1018.8
0.24473 1018.8
0.24474 1018.8
0.24475 1018.8
0.24476 1018.8
0.24477 1018.8
0.24478 1018.8
0.24479 1018.8
0.24480 1018.8
0.24481 1018.8
0.24482 1018.8
0.24483 1018.8
0.24484 1018.8
0.24485 1018.8
0.24486 1018.8
0.24487 1018.8
0.24488 1018.8
0.24489 1018.8
0.24490 1018.8
0.24491 1018.8
0.24492 1018.8
0.24493 1018.8
0.24494 1018.8
0.24495 1018.8
0.24496 1018.8
0.24497 1018.8
0.24498 1018.8
0.24499 1018.8
0.24500 1018.8
0.24501 1018.8
0.24502 1018.8
0.24503 1018.8
0.24504 1018.8
0.24505 1018.8
0.24506 1018.8
0.24507 1018.8
0.24508 1018.8
0.24509 1018.8
0.24510 1018.8
0.24511 1018.8
0.24512 1018.8
0.24513 1018.8
0.24514 1018.8
0.24515 1018.8
0.24516 1018.8
0.24517 1018.8
0.24518 1018.8
0.24519 1018.8
0.24520 1018.8
0.24521 1018.8
0.24522 1018.8
0.24523 1018.8
0.24524 1018.8
0.24525 1018.8
0.24526 1018.8
0.24527 1018.8
0.24528 1018.8
0.24529 1018.8
0.24530 1018.8
0.24531 1018.8
0.24532 1018.8
0.24533 1018.8
0.24534 1018.8
0.24535 1018.8
0.24536 1018.8
0.24537 1018.8
0.24538 1018.8
0.24539 1018.8
0.24540 1018.8
0.24541 1018.8
0.24542 1018.8
0.24543 1018.8
0.24544 1018.8
0.24545 1018.8
0.24546 1018.8
0.24547 1018.8
0.24548 1018.8
0.24549 1018.8
0.24550 1018.8
0.24551 1018.8
0.24552 1018.8
0.24553 1018.8
0.24554 1018.8
0.24555 1018.8
0.24556 1018.8
0.24557 1018.8
0.24558 1018.8
0.24559 1018.8
0.24560 1018.8
0.24561 1018.8
0.24562 1018.8
0.24563 1018.8
0.24564 1018.8
0.24565 1018.8
0.24566 1018.8
0.24567 1018.8
0.24568 1018.8
0.24569 1018.8
0.24570 1018.8
0.24571 1018.8
0.24572 1018.8
0.24573 1018.8
0.24574 1018.8
0.24575 1018.8
0.24576 1018.8
0.24577 1018.8
0.24578 1018.8
0.24579 1018.8
0.24580 1018.8
0.24581 1018.8
0.24582 1018.8
0.24583 1018.8
0.24584 1018.8
0.24585 1018.8
0.24586 1018.8
0.24587 1018.8
0.24588 1018.8
0.24589 1018.8
0.24590 1018.8
0.24591 1018.8
0.24592 1018.8
0.24593 1018.8
0.24594 1018.8
0.24595 1018.8
0.24596 1018.8
0.24597 1018.8
0.24598 1018.8
0.24599 1018.8
0.24600 1018.8
0.24601 1018.8
0.24602 1018.8
0.24603 1018.8
0.24604 1018.8
0.24605 1018.8
0.24606 1018.8
0.24607 1018.8
0.24608 1018.8
0.24609 1018.8
0.24610 1018.8
0.24611 1018.8
0.24612 1018.8
0.24613 1018.8
0.24614 1018.8
0.24615 1018.8
0.24616 1018.8
0.24617 1018.8
0.24618 1018.8
0.24619 1018.8
0.24620 1018.8
0.24621 1018.8
0.24622 1018.8
0.24623 1018.8
0.24624 1018.8
0.24625 1018.8
0.24626 1018.8
0.24627 1018.8
0.24628 1018.8
0.24629 1018.8
0.24630 1018.8
0.24631 1018.8
0.24632 1018.8
0.24633 1018.8
0.24634 1018.8
0.24635 1018.8
0.24636 1018.8
0.24637 1018.8
0.24638 1018.8
0.24639 1018.8
0.24640 1018.8
0.24641 1018.8
0.24642 1018.8
0.24643 1018.8
0.24644 1018.8
0.24645 1018.8
0.24646 1018.8
0.24647 1018.8
0.24648 1018.8
0.24649 1018.8
0.24650 1018.8
0.24651 1018.8
0.24652 1018.8
0.24653 1018.8
0.24654 1018.8
0.24655 1018.8
0.24656 1018.8
0.24657 1018.8
0.24658 1018.8
0.24659 1018.8
0.24660 1018.8
0.24661 1018.8
0.24662 1018.8
0.24663 1018.8
0.24664 1018.8
0.24665 1018.8
0.24666 1018.8
0.24667 1018.8
0.24668 1018.8
0.24669 1018.8
0.24670 1018.8
0.24671 1018.8
0.24672 1018.8
0.24673 1018.8
0.24674 1018.8
0.24675 1018.8
0.24676 1018.8
0.24677 1018.8
0.24678 1018.8
0.24679 1018.8
0.24680 1018.8
0.24681 1018.8
0.24682 1018.8
0.24683 1018.8
0.24684 1018.8
0.24685 1018.8
0.24686 1018.8
0.24687 1018.8
0.24688 1018.8
0.24689 1018.8
0.24690 1018.8
0.24691 1018.8
0.24692 1018.8
0.24693 1018.8
0.24694 1018.8
0.24695 1018.8
0.24696 1018.8
0.24697 1018.8
0.24698 1018.8
0.24699 1018.8
0.24700 1018.8
0.24701 1018.8
0.24702 1018.8
0.24703 1018.8
0.24704 1018.8
0.24705 1018.8
0.24706 1018.8
0.24707 1018.8
0.24708 1018.8
0.24709 1018.8
0.24710 1018.8
0.24711 1018.8
0.24712 1018.8
0.24713 1018.8
0.24714 1018.8
0.24715 1018.8
0.24716 1018.8
0.24717 1018.8
0.24718 1018.8
0.24719 1018.8
0.24720 1018.8
0.24721 1018.8
0.24722 1018.8
0.24723 1018.8
0.24724 1018.8
0.24725 1018.8
0.24726 1018.8
0.24727 1018.8
0.24728 1018.8
0.24729 1018.8
0.24730 1018.8
0.24731 1018.8
0.24732 1018.8
0.24733 1018.8
0.24734 1018.8
0.24735 1018.8
0.24736 1018.8
0.24737 1018.8
0.24738 1018.8
0.24739 1018.8
0.24740 1018.8
0.24741 1018.8
0.24742 1018.8
0.24743 1018.8
0.24744 1018.8
0.24745 1018.8
0.24746 1018.8
0.24747 1018.8
0.24748 1018.8
0.24749 1018.8
0.24750 1018.8
0.24751 1018.8
0.24752 1018.8
0.24753 1018.8
0.24754 1018.8
0.24755 1018.8
0.24756 1018.8
0.24757 1018.8
0.24758 1018.8
0.24759 1018.8
0.24760 1018.8
0.24761 1018.8
0.24762 1018.8
0.24763 1018.8
0.24764 1018.8
0.24765 1018.8
0.24766 1018.8
0.24767 1018.8
0.24768 1018.8
0.24769 1018.8
0.24770 1018.8
0.24771 1018.8
0.24772 1018.8
0.24773 1018.8
0.24774 1018.8
0.24775 1018.8
0.24776 1018.8
0.24777 1018.8
0.24778 1018.8
0.24779 1018.8
0.24780 1018.8
0.24781 1018.8
0.24782 1018.8
0.24783 1018.8
0.24784 1018.8
0.24785 1018.8
0.24786 1018.8
0.24787 1018.8
0.24788 1018.8
0.24789 1018.8
0.24790 1018.8
0.24791 1018.8
0.24792 1018.8
0.24793 1018.8
0.24794 1018.8
0.24795 1018.8
0.24796 1018.8
0.24797 1018.8
0.24798 1018.8
0.24799 1018.8
0.24800 1018.8
0.24801 1018.8
0.24802 1018.8
0.24803 1018.8
0.24804 1018.8
0.24805 1018.8
0.24806 1018.8
0.24807 1018.8
0.24808 1018.8
0.24809 1018.8
0.24810 1018.8
0.24811 1018.8
0.24812 1018.8
0.24813 1018.8
0.24814 1018.8
0.24815 1018.8
0.24816 1018.8
0.24817 1018.8
0.24818 1018.8
0.24819 1018.8
0.24820 1018.8
0.24821 1018.8
0.24822 1018.8
0.24823 1018.8
0.24824 1018.8
0.24825 1018.8
0.24826 1018.8
0.24827 1018.8
0.24828 1018.8
0.24829 1018.8
0.24830 1018.8
0.24831 1018.8
0.24832 1018.8
0.24833 1018.8
0.24834 1018.8
0.24835 1018.8
0.24836 1018.8
0.24837 1018.8
0.24838 1018.8
0.24839 1018.8
0.24840 1018.8
0.24841 1018.8
0.24842 1018.8
0.24843 1018.8
0.24844 1018.8
0.24845 1018.8
0.24846 1018.8
0.24847 1018.8
0.24848 1018.8
0.24849 1018.8
0.24850 1018.8
0.24851 1018.8
0.24852 1018.8
0.24853 1018.8
0.24854 1018.8
0.24855 1018.8
0.24856 1018.8
0.24857 1018.8
0.24858 1018.8
0.24859 1018.8
0.24860 1018.8
0.24861 1018.8
0.24862 1018.8
0.24863 1018.8
0.24864 1018.8
0.24865 1018.8
0.24866 1018.8
0.24867 1018.8
0.24868 1018.8
0.24869 1018.8
0.24870 1018.8
0.24871 1018.8
0.24872 1018.8
0.24873 1018.8
0.24874 1018.8
0.24875 1018.8
0.24876 1018.8
0.24877 1018.8
0.24878 1018.8
0.24879 1018.8
0.24880 1018.8
0.24881 1018.8
0.24882 1018.8
0.24883 1018.8
0.24884 1018.8
0.24885 1018.8
0.24886 1018.8
0.24887 1018.8
0.24888 1018.8
0.24889 1018.8
0.24890 1018.8
0.24891 1018.8
0.24892 1018.8
0.24893 1018.8
0.24894 1018.8
0.24895 1018.8
0.24896 1018.8
0.24897 1018.8
0.24898 1018.8
0.24899 1018.8
0.24900 1018.8
0.24901 1018.8
0.24902 1018.8
0.24903 1018.8
0.24904 1018.8
0.24905 1018.8
0.24906 1018.8
0.24907 1018.8
0.24908 1018.8
0.24909 1018.8
0.24910 1018.8
0.24911 1018.8
0.24912 1018.8
0.24913 1018.8
0.24914 1018.8
0.24915 1018.8
0.24916 1018.8
0.24917 1018.8
0.24918 1018.8
0.24919 1018.8
0.24920 1018.8
0.24921 1018.8
0.24922 1018.8
0.24923 1018.8
0.24924 1018.8
0.24925 1018.8
0.24926 1018.8
0.24927 1018.8
0.24928 1018.8
0.24929 1018.8
0.24930 1018.8
0.24931 1018.8
0.24932 1018.8
0.24933 1018.8
0.24934 1018.8
0.24935 1018.8
0.24936 1018.8
0.24937 1018.8
0.24938 1018.8
0.24939 1018.8
0.24940 1018.8
0.24941 1018.8
0.24942 1018.8
0.24943 1018.8
0.24944 1018.8
0.24945 1018.8
0.24946 1018.8
0.24947 1018.8
0.24948 1018.8
0.24949 1018.8
0.24950 1018.8
0.24951 1018.8
0.24952 1018.8
0.24953 1018.8
0.24954 1018.8
0.24955 1018.8
0.24956 1018.8
0.24957 1018.8
0.24958 1018.8
0.24959 1018.8
0.24960 1018.8
0.24961 1018.8
0.24962 1018.8
0.24963 1018.8
0.24964 1018.8
0.24965 1018.8
0.24966 1018.8
0.24967 1018.8
0.24968 1018.8
0.24969 1018.8
0.24970 1018.8
0.24971 1018.8
0.24972 1018.8
0.24973 1018.8
0.24974 1018.8
0.24975 1018.8
0.24976 1018.8
0.24977 1018.8
0.24978 1018.8
0.24979 1018.8
0.24980 1018.8
0.24981 1018.8
0.24982 1018.8
0.24983 1018.8
0.24984 1018.8
0.24985 1018.8
0.24986 1018.8
0.24987 1018.8
0.24988 1018.8
0.24989 1018.8
0.24990 1018.8
0.24991 1018.8
0.24992 1018.8
0.24993 1018.8
0.24994 1018.8
0.24995 1018.8
0.24996 1018.8
0.24997 1018.8
0.24998 1018.8
0.24999 1018.8
0.25000 1018.8
0.25001 1018.8
0.25002 1018.8
0.25003 1018.8
0.25004 1018.8
0.25005 1018.8
0.25006 1018.8
0.25007 1018.8
0.25008 1018.8
0.25009 1018.8
0.25010 1018.8
0.25011 1018.8
0.25012 1018.8
0.25013 1018.8
0.25014 1018.8
0.25015 1018.8
0.25016 1018.8
0.25017 1018.8
0.25018 1018.8
0.25019 1018.8
0.25020 1018.8
0.25021 1018.8
0.25022 1018.8
0.25023 1018.8
0.25024 1018.8
0.25025 1018.8
0.25026 1018.8
0.25027 1018.8
0.25028 1018.8
0.25029 1018.8
0.25030 1018.8
0.25031 1018.8
0.25032 1018.8
0.25033 1018.8
0.25034 1018.8
0.25035 1018.8
0.25036 1018.8
0.25037 1018.8
0.25038 1018.8
0.25039 1018.8
0.25040 1018.8
0.25041 1018.8
0.25042 1018.8
0.25043 1018.8
0.25044 1018.8
0.25045 1018.8
0.25046 1018.8
0.25047 1018.8
0.25048 1018.8
0.25049 1018.8
0.25050 1018.8
0.25051 1018.8
0.25052 1018.8
0.25053 1018.8
0.25054 1018.8
0.25055 1018.8
0.25056 1018.8
0.25057 1018.8
0.25058 1018.8
0.25059 1018.8
0.25060 1018.8
0.25061 1018.8
0.25062 1018.8
0.25063 1018.8
0.25064 1018.8
0.25065 1018.8
0.25066 1018.8
0.25067 1018.8
0.25068 1018.8
0.25069 1018.8
0.25070 1018.8
0.25071 1018.8
0.25072 1018.8
0.25073 1018.8
0.25074 1018.8
0.25075 1018.8
0.25076 1018.8
0.25077 1018.8
0.25078 1018.8
0.25079 1018.8
0.25080 1018.8
0.25081 1018.8
0.25082 1018.8
0.25083 1018.8
0.25084 1018.8
0.25085 1018.8
0.25086 1018.8
0.25087 1018.8
0.25088 1018.8
0.25089 1018.8
0.25090 1018.8
0.25091 1018.8
0.25092 1018.8
0.25093 1018.8
0.25094 1018.8
0.25095 1018.8
0.25096 1018.8
0.25097 1018.8
0.25098 1018.8
0.25099 1018.8
0.25100 1018.8
0.25101 1018.8
0.25102 1018.8
0.25103 1018.8
0.25104 1018.8
0.25105 1018.8
0.25106 1018.8
0.25107 1018.8
0.25108 1018.8
0.25109 1018.8
0.25110 1018.8
0.25111 1018.8
0.25112 1018.8
0.25113 1018.8
0.25114 1018.8
0.25115 1018.8
0.25116 1018.8
0.25117 1018.8
0.25118 1018.8
0.25119 1018.8
0.25120 1018.8
0.25121 1018.8
0.25122 1018.8
0.25123 1018.8
0.25124 1018.8
0.25125 1018.8
0.25126 1018.8
0.25127 1018.8
0.25128 1018.8
0.25129 1018.8
0.25130 1018.8
0.25131 1018.8
0.25132 1018.8
0.25133 1018.8
0.25134 1018.8
0.25135 1018.8
0.25136 1018.8
0.25137 1018.8
0.25138 1018.8
0.25139 1018.8
0.25140 1018.8
0.25141 1018.8
0.25142 1018.8
0.25143 1018.8
0.25144 1018.8
0.25145 1018.8
0.25146 1018.8
0.25147 1018.8
0.25148 1018.8
0.25149 1018.8
0.25150 1018.8
0.25151 1018.8
0.25152 1018.8
0.25153 1018.8
0.25154 1018.8
0.25155 1018.8
0.25156 1018.8
0.25157 1018.8
0.25158 1018.8
0.25159 1018.8
0.25160 1018.8
0.25161 1018.8
0.25162 1018.8
0.25163 1018.8
0.25164 1018.8
0.25165 1018.8
0.25166 1018.8
0.25167 1018.8
0.25168 1018.8
0.25169 1018.8
0.25170 1018.8
0.25171 1018.8
0.25172 1018.8
0.25173 1018.8
0.25174 1018.8
0.25175 1018.8
0.25176 1018.8
0.25177 1018.8
0.25178 1018.8
0.25179 1018.8
0.25180 1018.8
0.25181 1018.8
0.25182 1018.8
0.25183 1018.8
0.25184 1018.8
0.25185 1018.8
0.25186 1018.8
0.25187 1018.8
0.25188 1018.8
0.25189 1018.8
0.25190 1018.8
0.25191 1018.8
0.25192 1018.8
0.25193 1018.8
0.25194 1018.8
0.25195 1018.8
0.25196 1018.8
0.25197 1018.8
0.25198 1018.8
0.25199 1018.8
0.25200 1018.8
0.25201 1018.8
0.25202 1018.8
0.25203 1018.8
0.25204 1018.8
0.25205 1018.8
0.25206 1018.8
0.25207 1018.8
0.25208 1018.8
0.25209 1018.8
0.25210 1018.8
0.25211 1018.8
0.25212 1018.8
0.25213 1018.8
0.25214 1018.8
0.25215 1018.8
0.25216 1018.8
0.25217 1018.8
0.25218 1018.8
0.25219 1018.8
0.25220 1018.8
0.25221 1018.8
0.25222 1018.8
0.25223 1018.8
0.25224 1018.8
0.25225 1018.8
0.25226 1018.8
0.25227 1018.8
0.25228 1018.8
0.25229 1018.8
0.25230 1018.8
0.25231 1018.8
0.25232 1018.8
0.25233 1018.8
0.25234 1018.8
0.25235 1018.8
0.25236 1018.8
0.25237 1018.8
0.25238 1018.8
0.25239 1018.8
0.25240 1018.8
0.25241 1018.8
0.25242 1018.8
0.25243 1018.8
0.25244 1018.8
0.25245 1018.8
0.25246 1018.8
0.25247 1018.8
0.25248 1018.8
0.25249 1018.8
0.25250 1018.8
0.25251 1018.8
0.25252 1018.8
0.25253 1018.8
0.25254 1018.8
0.25255 1018.8
0.25256 1018.8
0.25257 1018.8
0.25258 1018.8
0.25259 1018.8
0.25260 1018.8
0.25261 1018.8
0.25262 1018.8
0.25263 1018.8
0.25264 1018.8
0.25265 1018.8
0.25266 1018.8
0.25267 1018.8
0.25268 1018.8
0.25269 1018.8
0.25270 1018.8
0.25271 1018.8
0.25272 1018.8
0.25273 1018.8
0.25274 1018.8
0.25275 1018.8
0.25276 1018.8
0.25277 1018.8
0.25278 1018.8
0.25279 1018.8
0.25280 1018.8
0.25281 1018.8
0.25282 1018.8
0.25283 1018.8
0.25284 1018.8
0.25285 1018.8
0.25286 1018.8
0.25287 1018.8
0.25288 1018.8
0.25289 1018.8
0.25290 1018.8
0.25291 1018.8
0.25292 1018.8
0.25293 1018.8
0.25294 1018.8
0.25295 1018.8
0.25296 1018.8
0.25297 1018.8
0.25298 1018.8
0.25299 1018.8
0.25300 1018.8
0.25301 1018.8
0.25302 1018.8
0.25303 1018.8
0.25304 1018.8
0.25305 1018.8
0.25306 1018.8
0.25307 1018.8
0.25308 1018.8
0.25309 1018.8
0.25310 1018.8
0.25311 1018.8
0.25312 1018.8
0.25313 1018.8
0.25314 1018.8
0.25315 1018.8
0.25316 1018.8
0.25317 1018.8
0.25318 1018.8
0.25319 1018.8
0.25320 1018.8
0.25321 1018.8
0.25322 1018.8
0.25323 1018.8
0.25324 1018.8
0.25325 1018.8
0.25326 1018.8
0.25327 1018.8
0.25328 1018.8
0.25329 1018.8
0.25330 1018.8
0.25331 1018.8
0.25332 1018.8
0.25333 1018.8
0.25334 1018.8
0.25335 1018.8
0.25336 1018.8
0.25337 1018.8
0.25338 1018.8
0.25339 1018.8
0.25340 1018.8
0.25341 1018.8
0.25342 1018.8
0.25343 1018.8
0.25344 1018.8
0.25345 1018.8
0.25346 1018.8
0.25347 1018.8
0.25348 1018.8
0.25349 1018.8
0.25350 1018.8
0.25351 1018.8
0.25352 1018.8
0.25353 1018.8
0.25354 1018.8
0.25355 1018.8
0.25356 1018.8
0.25357 1018.8
0.25358 1018.8
0.25359 1018.8
0.25360 1018.8
0.25361 1018.8
0.25362 1018.8
0.25363 1018.8
0.25364 1018.8
0.25365 1018.8
0.25366 1018.8
0.25367 1018.8
0.25368 1018.8
0.25369 1018.8
0.25370 1018.8
0.25371 1018.8
0.25372 1018.8
0.25373 1018.8
0.25374 1018.8
0.25375 1018.8
0.25376 1018.8
0.25377 1018.8
0.25378 1018.8
0.25379 1018.8
0.25380 1018.8
0.25381 1018.8
0.25382 1018.8
0.25383 1018.8
0.25384 1018.8
0.25385 1018.8
0.25386 1018.8
0.25387 1018.8
0.25388 1018.8
0.25389 1018.8
0.25390 1018.8
0.25391 1018.8
0.25392 1018.8
0.25393 1018.8
0.25394 1018.8
0.25395 1018.8
0.25396 1018.8
0.25397 1018.8
0.25398 1018.8
0.25399 1018.8
0.25400 1018.8
0.25401 1018.8
0.25402 1018.8
0.25403 1018.8
0.25404 1018.8
0.25405 1018.8
0.25406 1018.8
0.25407 1018.8
0.25408 1018.8
0.25409 1018.8
0.25410 1018.8
0.25411 1018.8
0.25412 1018.8
0.25413 1018.8
0.25414 1018.8
0.25415 1018.8
0.25416 1018.8
0.25417 1018.8
0.25418 1018.8
0.25419 1018.8
0.25420 1018.8
0.25421 1018.8
0.25422 1018.8
0.25423 1018.8
0.25424 1018.8
0.25425 1018.8
0.25426 1018.8
0.25427 1018.8
0.25428 1018.8
0.25429 1018.8
0.25430 1018.8
0.25431 1018.8
0.25432 1018.8
0.25433 1018.8
0.25434 1018.8
0.25435 1018.8
0.25436 1018.8
0.25437 1018.8
0.25438 1018.8
0.25439 1018.8
0.25440 1018.8
0.25441 1018.8
0.25442 1018.8
0.25443 1018.8
0.25444 1018.8
0.25445 1018.8
0.25446 1018.8
0.25447 1018.8
0.25448 1018.8
0.25449 1018.8
0.25450 1018.8
0.25451 1018.8
0.25452 1018.8
0.25453 1018.8
0.25454 1018.8
0.25455 1018.8
0.25456 1018.8
0.25457 1018.8
0.25458 1018.8
0.25459 1018.8
0.25460 1018.8
0.25461 1018.8
0.25462 1018.8
0.25463 1018.8
0.25464 1018.8
0.25465 1018.8
0.25466 1018.8
0.25467 1018.8
0.25468 1018.8
0.25469 1018.8
0.25470 1018.8
0.25471 1018.8
0.25472 1018.8
0.25473 1018.8
0.25474 1018.8
0.25475 1018.8
0.25476 1018.8
0.25477 1018.8
0.25478 1018.8
0.25479 1018.8
0.25480 1018.8
0.25481 1018.8
0.25482 1018.8
0.25483 1018.8
0.25484 1018.8
0.25485 1018.8
0.25486 1018.8
0.25487 1018.8
0.25488 1018.8
0.25489 1018.8
0.25490 1018.8
0.25491 1018.8
0.25492 1018.8
0.25493 1018.8
0.25494 1018.8
0.25495 1018.8
0.25496 1018.8
0.25497 1018.8
0.25498 1018.8
0.25499 1018.8
0.25500 1018.8
0.25501 1018.8
0.25502 1018.8
0.25503 1018.8
0.25504 1018.8
0.25505 1018.8
0.25506 1018.8
0.25507 1018.8
0.25508 1018.8
0.25509 1018.8
0.25510 1018.8
0.25511 1018.8
0.25512 1018.8
0.25513 1018.8
0.25514 1018.8
0.25515 1018.8
0.25516 1018.8
0.25517 1018.8
0.25518 1018.8
0.25519 1018.8
0.25520 1018.8
0.25521 1018.8
0.25522 1018.8
0.25523 1018.8
0.25524 1018.8
0.25525 1018.8
0.25526 1018.8
0.25527 1018.8
0.25528 1018.8
0.25529 1018.8
0.25530 1018.8
0.25531 1018.8
0.25532 1018.8
0.25533 1018.8
0.25534 1018.8
0.25535 1018.8
0.25536 1018.8
0.25537 1018.8
0.25538 1018.8
0.25539 1018.8
0.25540 1018.8
0.25541 1018.8
0.25542 1018.8
0.25543 1018.8
0.25544 1018.8
0.25545 1018.8
0.25546 1018.8
0.25547 1018.8
0.25548 1018.8
0.25549 1018.8
0.25550 1018.8
0.25551 1018.8
0.25552 1018.8
0.25553 1018.8
0.25554 1018.8
0.25555 1018.8
0.25556 1018.8
0.25557 1018.8
0.25558 1018.8
0.25559 1018.8
0.25560 1018.8
0.25561 1018.8
0.25562 1018.8
0.25563 1018.8
0.25564 1018.8
0.25565 1018.8
0.25566 1018.8
0.25567 1018.8
0.25568 1018.8
0.25569 1018.8
0.25570 1018.8
0.25571 1018.8
0.25572 1018.8
0.25573 1018.8
0.25574 1018.8
0.25575 1018.8
0.25576 1018.8
0.25577 1018.8
0.25578 1018.8
0.25579 1018.8
0.25580 1018.8
0.25581 1018.8
0.25582 1018.8
0.25583 1018.8
0.25584 1018.8
0.25585 1018.8
0.25586 1018.8
0.25587 1018.8
0.25588 1018.8
0.25589 1018.8
0.25590 1018.8
0.25591 1018.8
0.25592 1018.8
0.25593 1018.8
0.25594 1018.8
0.25595 1018.8
0.25596 1018.8
0.25597 1018.8
0.25598 1018.8
0.25599 1018.8
0.25600 1018.8
0.25601 1018.8
0.25602 1018.8
0.25603 1018.8
0.25604 1018.8
0.25605 1018.8
0.25606 1018.8
0.25607 1018.8
0.25608 1018.8
0.25609 1018.8
0.25610 1018.8
0.25611 1018.8
0.25612 1018.8
0.25613 1018.8
0.25614 1018.8
0.25615 1018.8
0.25616 1018.8
0.25617 1018.8
0.25618 1018.8
0.25619 1018.8
0.25620 1018.8
0.25621 1018.8
0.25622 1018.8
0.25623 1018.8
0.25624 1018.8
0.25625 1018.8
0.25626 1018.8
0.25627 1018.8
0.25628 1018.8
0.25629 1018.8
0.25630 1018.8
0.25631 1018.8
0.25632 1018.8
0.25633 1018.8
0.25634 1018.8
0.25635 1018.8
0.25636 1018.8
0.25637 1018.8
0.25638 1018.8
0.25639 1018.8
0.25640 1018.8
0.25641 1018.8
0.25642 1018.8
0.25643 1018.8
0.25644 1018.8
0.25645 1018.8
0.25646 1018.8
0.25647 1018.8
0.25648 1018.8
0.25649 1018.8
0.25650 1018.8
0.25651 1018.8
0.25652 1018.8
0.25653 1018.8
0.25654 1018.8
0.25655 1018.8
0.25656 1018.8
0.25657 1018.8
0.25658 1018.8
0.25659 1018.8
0.25660 1018.8
0.25661 1018.8
0.25662 1018.8
0.25663 1018.8
0.25664 1018.8
0.25665 1018.8
0.25666 1018.8
0.25667 1018.8
0.25668 1018.8
0.25669 1018.8
0.25670 1018.8
0.25671 1018.8
0.25672 1018.8
0.25673 1018.8
0.25674 1018.8
0.25675 1018.8
0.25676 1018.8
0.25677 1018.8
0.25678 1018.8
0.25679 1018.8
0.25680 1018.8
0.25681 1018.8
0.25682 1018.8
0.25683 1018.8
0.25684 1018.8
0.25685 1018.8
0.25686 1018.8
0.25687 1018.8
0.25688 1018.8
0.25689 1018.8
0.25690 1018.8
0.25691 1018.8
0.25692 1018.8
0.25693 1018.8
0.25694 1018.8
0.25695 1018.8
0.25696 1018.8
0.25697 1018.8
0.25698 1018.8
0.25699 1018.8
0.25700 1018.8
0.25701 1018.8
0.25702 1018.8
0.25703 1018.8
0.25704 1018.8
0.25705 1018.8
0.25706 1018.8
0.25707 1018.8
0.25708 1018.8
0.25709 1018.8
0.25710 1018.8
0.25711 1018.8
0.25712 1018.8
0.25713 1018.8
0.25714 1018.8
0.25715 1018.8
0.25716 1018.8
0.25717 1018.8
0.25718 1018.8
0.25719 1018.8
0.25720 1018.8
0.25721 1018.8
0.25722 1018.8
0.25723 1018.8
0.25724 1018.8
0.25725 1018.8
0.25726 1018.8
0.25727 1018.8
0.25728 1018.8
0.25729 1018.8
0.25730 1018.8
0.25731 1018.8
0.25732 1018.8
0.25733 1018.8
0.25734 1018.8
0.25735 1018.8
0.25736 1018.8
0.25737 1018.8
0.25738 1018.8
0.25739 1018.8
0.25740 1018.8
0.25741 1018.8
0.25742 1018.8
0.25743 1018.8
0.25744 1018.8
0.25745 1018.8
0.25746 1018.8
0.25747 1018.8
0.25748 1018.8
0.25749 1018.8
0.25750 1018.8
0.25751 1018.8
0.25752 1018.8
0.25753 1018.8
0.25754 1018.8
0.25755 1018.8
0.25756 1018.8
0.25757 1018.8
0.25758 1018.8
0.25759 1018.8
0.25760 1018.8
0.25761 1018.8
0.25762 1018.8
0.25763 1018.8
0.25764 1018.8
0.25765 1018.8
0.25766 1018.8
0.25767 1018.8
0.25768 1018.8
0.25769 1018.8
0.25770 1018.8
0.25771 1018.8
0.25772 1018.8
0.25773 1018.8
0.25774 1018.8
0.25775 1018.8
0.25776 1018.8
0.25777 1018.8
0.25778 1018.8
0.25779 1018.8
0.25780 1018.8
0.25781 1018.8
0.25782 1018.8
0.25783 1018.8
0.25784 1018.8
0.25785 1018.8
0.25786 1018.8
0.25787 1018.8
0.25788 1018.8
0.25789 1018.8
0.25790 1018.8
0.25791 1018.8
0.25792 1018.8
0.25793 1018.8
0.25794 1018.8
0.25795 1018.8
0.25796 1018.8
0.25797 1018.8
0.25798 1018.8
0.25799 1018.8
0.25800 1018.8
0.25801 1018.8
0.25802 1018.8
0.25803 1018.8
0.25804 1018.8
0.25805 1018.8
0.25806 1018.8
0.25807 1018.8
0.25808 1018.8
0.25809 1018.8
0.25810 1018.8
0.25811 1018.8
0.25812 1018.8
0.25813 1018.8
0.25814 1018.8
0.25815 1018.8
0.25816 1018.8
0.25817 1018.8
0.25818 1018.8
0.25819 1018.8
0.25820 1018.8
0.25821 1018.8
0.25822 1018.8
0.25823 1018.8
0.25824 1018.8
0.25825 1018.8
0.25826 1018.8
0.25827 1018.8
0.25828 1018.8
0.25829 1018.8
0.25830 1018.8
0.25831 1018.8
0.25832 1018.8
0.25833 1018.8
0.25834 1018.8
0.25835 1018.8
0.25836 1018.8
0.25837 1018.8
0.25838 1018.8
0.25839 1018.8
0.25840 1018.8
0.25841 1018.8
0.25842 1018.8
0.25843 1018.8
0.25844 1018.8
0.25845 1018.8
0.25846 1018.8
0.25847 1018.8
0.25848 1018.8
0.25849 1018.8
0.25850 1018.8
0.25851 1018.8
0.25852 1018.8
0.25853 1018.8
0.25854 1018.8
0.25855 1018.8
0.25856 1018.8
0.25857 1018.8
0.25858 1018.8
0.25859 1018.8
0.25860 1018.8
0.25861 1018.8
0.25862 1018.8
0.25863 1018.8
0.25864 1018.8
0.25865 1018.8
0.25866 1018.8
0.25867 1018.8
0.25868 1018.8
0.25869 1018.8
0.25870 1018.8
0.25871 1018.8
0.25872 1018.8
0.25873 1018.8
0.25874 1018.8
0.25875 1018.8
0.25876 1018.8
0.25877 1018.8
0.25878 1018.8
0.25879 1018.8
0.25880 1018.8
0.25881 1018.8
0.25882 1018.8
0.25883 1018.8
0.25884 1018.8
0.25885 1018.8
0.25886 1018.8
0.25887 1018.8
0.25888 1018.8
0.25889 1018.8
0.25890 1018.8
0.25891 1018.8
0.25892 1018.8
0.25893 1018.8
0.25894 1018.8
0.25895 1018.8
0.25896 1018.8
0.25897 1018.8
0.25898 1018.8
0.25899 1018.8
0.25900 1018.8
0.25901 1018.8
0.25902 1018.8
0.25903 1018.8
0.25904 1018.8
0.25905 1018.8
0.25906 1018.8
0.25907 1018.8
0.25908 1018.8
0.25909 1018.8
0.25910 1018.8
0.25911 1018.8
0.25912 1018.8
0.25913 1018.8
0.25914 1018.8
0.25915 1018.8
0.25916 1018.8
0.25917 1018.8
0.25918 1018.8
0.25919 1018.8
0.25920 1018.8
0.25921 1018.8
0.25922 1018.8
0.25923 1018.8
0.25924 1018.8
0.25925 1018.8
0.25926 1018.8
0.25927 1018.8
0.25928 1018.8
0.25929 1018.8
0.25930 1018.8
0.25931 1018.8
0.25932 1018.8
0.25933 1018.8
0.25934 1018.8
0.25935 1018.8
0.25936 1018.8
0.25937 1018.8
0.25938 1018.8
0.25939 1018.8
0.25940 1018.8
0.25941 1018.8
0.25942 1018.8
0.25943 1018.8
0.25944 1018.8
0.25945 1018.8
0.25946 1018.8
0.25947 1018.8
0.25948 1018.8
0.25949 1018.8
0.25950 1018.8
0.25951 1018.8
0.25952 1018.8
0.25953 1018.8
0.25954 1018.8
0.25955 1018.8
0.25956 1018.8
0.25957 1018.8
0.25958 1018.8
0.25959 1018.8
0.25960 1018.8
0.25961 1018.8
0.25962 1018.8
0.25963 1018.8
0.25964 1018.8
0.25965 1018.8
0.25966 1018.8
0.25967 1018.8
0.25968 1018.8
0.25969 1018.8
0.25970 1018.8
0.25971 1018.8
0.25972 1018.8
0.25973 1018.8
0.25974 1018.8
0.25975 1018.8
0.25976 1018.8
0.25977 1018.8
0.25978 1018.8
0.25979 1018.8
0.25980 1018.8
0.25981 1018.8
0.25982 1018.8
0.25983 1018.8
0.25984 1018.8
0.25985 1018.8
0.25986 1018.8
0.25987 1018.8
0.25988 1018.8
0.25989 1018.8
0.25990 1018.8
0.25991 1018.8
0.25992 1018.8
0.25993 1018.8
0.25994 1018.8
0.25995 1018.8
0.25996 1018.8
0.25997 1018.8
0.25998 1018.8
0.25999 1018.8
0.26000 1018.8
0.26001 1018.8
0.26002 1018.8
0.26003 1018.8
0.26004 1018.8
0.26005 1018.8
0.26006 1018.8
0.26007 1018.8
0.26008 1018.8
0.26009 1018.8
0.26010 1018.8
0.26011 1018.8
0.26012 1018.8
0.26013 1018.8
0.26014 1018.8
0.26015 1018.8
0.26016 1018.8
0.26017 1018.8
0.26018 1018.8
0.26019 1018.8
0.26020 1018.8
0.26021 1018.8
0.26022 1018.8
0.26023 1018.8
0.26024 1018.8
0.26025 1018.8
0.26026 1018.8
0.26027 1018.8
0.26028 1018.8
0.26029 1018.8
0.26030 1018.8
0.26031 1018.8
0.26032 1018.8
0.26033 1018.8
0.26034 1018.8
0.26035 1018.8
0.26036 1018.8
0.26037 1018.8
0.26038 1018.8
0.26039 1018.8
0.26040 1018.8
0.26041 1018.8
0.26042 1018.8
0.26043 1018.8
0.26044 1018.8
0.26045 1018.8
0.26046 1018.8
0.26047 1018.8
0.26048 1018.8
0.26049 1018.8
0.26050 1018.8
0.26051 1018.8
0.26052 1018.8
0.26053 1018.8
0.26054 1018.8
0.26055 1018.8
0.26056 1018.8
0.26057 1018.8
0.26058 1018.8
0.26059 1018.8
0.26060 1018.8
0.26061 1018.8
0.26062 1018.8
0.26063 1018.8
0.26064 1018.8
0.26065 1018.8
0.26066 1018.8
0.26067 1018.8
0.26068 1018.8
0.26069 1018.8
0.26070 1018.8
0.26071 1018.8
0.26072 1018.8
0.26073 1018.8
0.26074 1018.8
0.26075 1018.8
0.26076 1018.8
0.26077 1018.8
0.26078 1018.8
0.26079 1018.8
0.26080 1018.8
0.26081 1018.8
0.26082 1018.8
0.26083 1018.8
0.26084 1018.8
0.26085 1018.8
0.26086 1018.8
0.26087 1018.8
0.26088 1018.8
0.26089 1018.8
0.26090 1018.8
0.26091 1018.8
0.26092 1018.8
0.26093 1018.8
0.26094 1018.8
0.26095 1018.8
0.26096 1018.8
0.26097 1018.8
0.26098 1018.8
0.26099 1018.8
0.26100 1018.8
0.26101 1018.8
0.26102 1018.8
0.26103 1018.8
0.26104 1018.8
0.26105 1018.8
0.26106 1018.8
0.26107 1018.8
0.26108 1018.8
0.26109 1018.8
0.26110 1018.8
0.26111 1018.8
0.26112 1018.8
0.26113 1018.8
0.26114 1018.8
0.26115 1018.8
0.26116 1018.8
0.26117 1018.8
0.26118 1018.8
0.26119 1018.8
0.26120 1018.8
0.26121 1018.8
0.26122 1018.8
0.26123 1018.8
0.26124 1018.8
0.26125 1018.8
0.26126 1018.8
0.26127 1018.8
0.26128 1018.8
0.26129 1018.8
0.26130 1018.8
0.26131 1018.8
0.26132 1018.8
0.26133 1018.8
0.26134 1018.8
0.26135 1018.8
0.26136 1018.8
0.26137 1018.8
0.26138 1018.8
0.26139 1018.8
0.26140 1018.8
0.26141 1018.8
0.26142 1018.8
0.26143 1018.8
0.26144 1018.8
0.26145 1018.8
0.26146 1018.8
0.26147 1018.8
0.26148 1018.8
0.26149 1018.8
0.26150 1018.8
0.26151 1018.8
0.26152 1018.8
0.26153 1018.8
0.26154 1018.8
0.26155 1018.8
0.26156 1018.8
0.26157 1018.8
0.26158 1018.8
0.26159 1018.8
0.26160 1018.8
0.26161 1018.8
0.26162 1018.8
0.26163 1018.8
0.26164 1018.8
0.26165 1018.8
0.26166 1018.8
0.26167 1018.8
0.26168 1018.8
0.26169 1018.8
0.26170 1018.8
0.26171 1018.8
0.26172 1018.8
0.26173 1018.8
0.26174 1018.8
0.26175 1018.8
0.26176 1018.8
0.26177 1018.8
0.26178 1018.8
0.26179 1018.8
0.26180 1018.8
0.26181 1018.8
0.26182 1018.8
0.26183 1018.8
0.26184 1018.8
0.26185 1018.8
0.26186 1018.8
0.26187 1018.8
0.26188 1018.8
0.26189 1018.8
0.26190 1018.8
0.26191 1018.8
0.26192 1018.8
0.26193 1018.8
0.26194 1018.8
0.26195 1018.8
0.26196 1018.8
0.26197 1018.8
0.26198 1018.8
0.26199 1018.8
0.26200 1018.8
0.26201 1018.8
0.26202 1018.8
0.26203 1018.8
0.26204 1018.8
0.26205 1018.8
0.26206 1018.8
0.26207 1018.8
0.26208 1018.8
0.26209 1018.8
0.26210 1018.8
0.26211 1018.8
0.26212 1018.8
0.26213 1018.8
0.26214 1018.8
0.26215 1018.8
0.26216 1018.8
0.26217 1018.8
0.26218 1018.8
0.26219 1018.8
0.26220 1018.8
0.26221 1018.8
0.26222 1018.8
0.26223 1018.8
0.26224 1018.8
0.26225 1018.8
0.26226 1018.8
0.26227 1018.8
0.26228 1018.8
0.26229 1018.8
0.26230 1018.8
0.26231 1018.8
0.26232 1018.8
0.26233 1018.8
0.26234 1018.8
0.26235 1018.8
0.26236 1018.8
0.26237 1018.8
0.26238 1018.8
0.26239 1018.8
0.26240 1018.8
0.26241 1018.8
0.26242 1018.8
0.26243 1018.8
0.26244 1018.8
0.26245 1018.8
0.26246 1018.8
0.26247 1018.8
0.26248 1018.8
0.26249 1018.8
0.26250 1018.8
0.26251 1018.8
0.26252 1018.8
0.26253 1018.8
0.26254 1018.8
0.26255 1018.8
0.26256 1018.8
0.26257 1018.8
0.26258 1018.8
0.26259 1018.8
0.26260 1018.8
0.26261 1018.8
0.26262 1018.8
0.26263 1018.8
0.26264 1018.8
0.26265 1018.8
0.26266 1018.8
0.26267 1018.8
0.26268 1018.8
0.26269 1018.8
0.26270 1018.8
0.26271 1018.8
0.26272 1018.8
0.26273 1018.8
0.26274 1018.8
0.26275 1018.8
0.26276 1018.8
0.26277 1018.8
0.26278 1018.8
0.26279 1018.8
0.26280 1018.8
0.26281 1018.8
0.26282 1018.8
0.26283 1018.8
0.26284 1018.8
0.26285 1018.8
0.26286 1018.8
0.26287 1018.8
0.26288 1018.8
0.26289 1018.8
0.26290 1018.8
0.26291 1018.8
0.26292 1018.8
0.26293 1018.8
0.26294 1018.8
0.26295 1018.8
0.26296 1018.8
0.26297 1018.8
0.26298 1018.8
0.26299 1018.8
0.26300 1018.8
0.26301 1018.8
0.26302 1018.8
0.26303 1018.8
0.26304 1018.8
0.26305 1018.8
0.26306 1018.8
0.26307 1018.8
0.26308 1018.8
0.26309 1018.8
0.26310 1018.8
0.26311 1018.8
0.26312 1018.8
0.26313 1018.8
0.26314 1018.8
0.26315 1018.8
0.26316 1018.8
0.26317 1018.8
0.26318 1018.8
0.26319 1018.8
0.26320 1018.8
0.26321 1018.8
0.26322 1018.8
0.26323 1018.8
0.26324 1018.8
0.26325 1018.8
0.26326 1018.8
0.26327 1018.8
0.26328 1018.8
0.26329 1018.8
0.26330 1018.8
0.26331 1018.8
0.26332 1018.8
0.26333 1018.8
0.26334 1018.8
0.26335 1018.8
0.26336 1018.8
0.26337 1018.8
0.26338 1018.8
0.26339 1018.8
0.26340 1018.8
0.26341 1018.8
0.26342 1018.8
0.26343 1018.8
0.26344 1018.8
0.26345 1018.8
0.26346 1018.8
0.26347 1018.8
0.26348 1018.8
0.26349 1018.8
0.26350 1018.8
0.26351 1018.8
0.26352 1018.8
0.26353 1018.8
0.26354 1018.8
0.26355 1018.8
0.26356 1018.8
0.26357 1018.8
0.26358 1018.8
0.26359 1018.8
0.26360 1018.8
0.26361 1018.8
0.26362 1018.8
0.26363 1018.8
0.26364 1018.8
0.26365 1018.8
0.26366 1018.8
0.26367 1018.8
0.26368 1018.8
0.26369 1018.8
0.26370 1018.8
0.26371 1018.8
0.26372 1018.8
0.26373 1018.8
0.26374 1018.8
0.26375 1018.8
0.26376 1018.8
0.26377 1018.8
0.26378 1018.8
0.26379 1018.8
0.26380 1018.8
0.26381 1018.8
0.26382 1018.8
0.26383 1018.8
0.26384 1018.8
0.26385 1018.8
0.26386 1018.8
0.26387 1018.8
0.26388 1018.8
0.26389 1018.8
0.26390 1018.8
0.26391 1018.8
0.26392 1018.8
0.26393 1018.8
0.26394 1018.8
0.26395 1018.8
0.26396 1018.8
0.26397 1018.8
0.26398 1018.8
0.26399 1018.8
0.26400 1018.8
0.26401 1018.8
0.26402 1018.8
0.26403 1018.8
0.26404 1018.8
0.26405 1018.8
0.26406 1018.8
0.26407 1018.8
0.26408 1018.8
0.26409 1018.8
0.26410 1018.8
0.26411 1018.8
0.26412 1018.8
0.26413 1018.8
0.26414 1018.8
0.26415 1018.8
0.26416 1018.8
0.26417 1018.8
0.26418 1018.8
0.26419 1018.8
0.26420 1018.8
0.26421 1018.8
0.26422 1018.8
0.26423 1018.8
0.26424 1018.8
0.26425 1018.8
0.26426 1018.8
0.26427 1018.8
0.26428 1018.8
0.26429 1018.8
0.26430 1018.8
0.26431 1018.8
0.26432 1018.8
0.26433 1018.8
0.26434 1018.8
0.26435 1018.8
0.26436 1018.8
0.26437 1018.8
0.26438 1018.8
0.26439 1018.8
0.26440 1018.8
0.26441 1018.8
0.26442 1018.8
0.26443 1018.8
0.26444 1018.8
0.26445 1018.8
0.26446 1018.8
0.26447 1018.8
0.26448 1018.8
0.26449 1018.8
0.26450 1018.8
0.26451 1018.8
0.26452 1018.8
0.26453 1018.8
0.26454 1018.8
0.26455 1018.8
0.26456 1018.8
0.26457 1018.8
0.26458 1018.8
0.26459 1018.8
0.26460 1018.8
0.26461 1018.8
0.26462 1018.8
0.26463 1018.8
0.26464 1018.8
0.26465 1018.8
0.26466 1018.8
0.26467 1018.8
0.26468 1018.8
0.26469 1018.8
0.26470 1018.8
0.26471 1018.8
0.26472 1018.8
0.26473 1018.8
0.26474 1018.8
0.26475 1018.8
0.26476 1018.8
0.26477 1018.8
0.26478 1018.8
0.26479 1018.8
0.26480 1018.8
0.26481 1018.8
0.26482 1018.8
0.26483 1018.8
0.26484 1018.8
0.26485 1018.8
0.26486 1018.8
0.26487 1018.8
0.26488 1018.8
0.26489 1018.8
0.26490 1018.8
0.26491 1018.8
0.26492 1018.8
0.26493 1018.8
0.26494 1018.8
0.26495 1018.8
0.26496 1018.8
0.26497 1018.8
0.26498 1018.8
0.26499 1018.8
0.26500 1018.8
0.26501 1018.8
0.26502 1018.8
0.26503 1018.8
0.26504 1018.8
0.26505 1018.8
0.26506 1018.8
0.26507 1018.8
0.26508 1018.8
0.26509 1018.8
0.26510 1018.8
0.26511 1018.8
0.26512 1018.8
0.26513 1018.8
0.26514 1018.8
0.26515 1018.8
0.26516 1018.8
0.26517 1018.8
0.26518 1018.8
0.26519 1018.8
0.26520 1018.8
0.26521 1018.8
0.26522 1018.8
0.26523 1018.8
0.26524 1018.8
0.26525 1018.8
0.26526 1018.8
0.26527 1018.8
0.26528 1018.8
0.26529 1018.8
0.26530 1018.8
0.26531 1018.8
0.26532 1018.8
0.26533 1018.8
0.26534 1018.8
0.26535 1018.8
0.26536 1018.8
0.26537 1018.8
0.26538 1018.8
0.26539 1018.8
0.26540 1018.8
0.26541 1018.8
0.26542 1018.8
0.26543 1018.8
0.26544 1018.8
0.26545 1018.8
0.26546 1018.8
0.26547 1018.8
0.26548 1018.8
0.26549 1018.8
0.26550 1018.8
0.26551 1018.8
0.26552 1018.8
0.26553 1018.8
0.26554 1018.8
0.26555 1018.8
0.26556 1018.8
0.26557 1018.8
0.26558 1018.8
0.26559 1018.8
0.26560 1018.8
0.26561 1018.8
0.26562 1018.8
0.26563 1018.8
0.26564 1018.8
0.26565 1018.8
0.26566 1018.8
0.26567 1018.8
0.26568 1018.8
0.26569 1018.8
0.26570 1018.8
0.26571 1018.8
0.26572 1018.8
0.26573 1018.8
0.26574 1018.8
0.26575 1018.8
0.26576 1018.8
0.26577 1018.8
0.26578 1018.8
0.26579 1018.8
0.26580 1018.8
0.26581 1018.8
0.26582 1018.8
0.26583 1018.8
0.26584 1018.8
0.26585 1018.8
0.26586 1018.8
0.26587 1018.8
0.26588 1018.8
0.26589 1018.8
0.26590 1018.8
0.26591 1018.8
0.26592 1018.8
0.26593 1018.8
0.26594 1018.8
0.26595 1018.8
0.26596 1018.8
0.26597 1018.8
0.26598 1018.8
0.26599 1018.8
0.26600 1018.8
0.26601 1018.8
0.26602 1018.8
0.26603 1018.8
0.26604 1018.8
0.26605 1018.8
0.26606 1018.8
0.26607 1018.8
0.26608 1018.8
0.26609 1018.8
0.26610 1018.8
0.26611 1018.8
0.26612 1018.8
0.26613 1018.8
0.26614 1018.8
0.26615 1018.8
0.26616 1018.8
0.26617 1018.8
0.26618 1018.8
0.26619 1018.8
0.26620 1018.8
0.26621 1018.8
0.26622 1018.8
0.26623 1018.8
0.26624 1018.8
0.26625 1018.8
0.26626 1018.8
0.26627 1018.8
0.26628 1018.8
0.26629 1018.8
0.26630 1018.8
0.26631 1018.8
0.26632 1018.8
0.26633 1018.8
0.26634 1018.8
0.26635 1018.8
0.26636 1018.8
0.26637 1018.8
0.26638 1018.8
0.26639 1018.8
0.26640 1018.8
0.26641 1018.8
0.26642 1018.8
0.26643 1018.8
0.26644 1018.8
0.26645 1018.8
0.26646 1018.8
0.26647 1018.8
0.26648 1018.8
0.26649 1018.8
0.26650 1018.8
0.26651 1018.8
0.26652 1018.8
0.26653 1018.8
0.26654 1018.8
0.26655 1018.8
0.26656 1018.8
0.26657 1018.8
0.26658 1018.8
0.26659 1018.8
0.26660 1018.8
0.26661 1018.8
0.26662 1018.8
0.26663 1018.8
0.26664 1018.8
0.26665 1018.8
0.26666 1018.8
0.26667 1018.8
0.26668 1018.8
0.26669 1018.8
0.26670 1018.8
0.26671 1018.8
0.26672 1018.8
0.26673 1018.8
0.26674 1018.8
0.26675 1018.8
0.26676 1018.8
0.26677 1018.8
0.26678 1018.8
0.26679 1018.8
0.26680 1018.8
0.26681 1018.8
0.26682 1018.8
0.26683 1018.8
0.26684 1018.8
0.26685 1018.8
0.26686 1018.8
0.26687 1018.8
0.26688 1018.8
0.26689 1018.8
0.26690 1018.8
0.26691 1018.8
0.26692 1018.8
0.26693 1018.8
0.26694 1018.8
0.26695 1018.8
0.26696 1018.8
0.26697 1018.8
0.26698 1018.8
0.26699 1018.8
0.26700 1018.8
0.26701 1018.8
0.26702 1018.8
0.26703 1018.8
0.26704 1018.8
0.26705 1018.8
0.26706 1018.8
0.26707 1018.8
0.26708 1018.8
0.26709 1018.8
0.26710 1018.8
0.26711 1018.8
0.26712 1018.8
0.26713 1018.8
0.26714 1018.8
0.26715 1018.8
0.26716 1018.8
0.26717 1018.8
0.26718 1018.8
0.26719 1018.8
0.26720 1018.8
0.26721 1018.8
0.26722 1018.8
0.26723 1018.8
0.26724 1018.8
0.26725 1018.8
0.26726 1018.8
0.26727 1018.8
0.26728 1018.8
0.26729 1018.8
0.26730 1018.8
0.26731 1018.8
0.26732 1018.8
0.26733 1018.8
0.26734 1018.8
0.26735 1018.8
0.26736 1018.8
0.26737 1018.8
0.26738 1018.8
0.26739 1018.8
0.26740 1018.8
0.26741 1018.8
0.26742 1018.8
0.26743 1018.8
0.26744 1018.8
0.26745 1018.8
0.26746 1018.8
0.26747 1018.8
0.26748 1018.8
0.26749 1018.8
0.26750 1018.8
0.26751 1018.8
0.26752 1018.8
0.26753 1018.8
0.26754 1018.8
0.26755 1018.8
0.26756 1018.8
0.26757 1018.8
0.26758 1018.8
0.26759 1018.8
0.26760 1018.8
0.26761 1018.8
0.26762 1018.8
0.26763 1018.8
0.26764 1018.8
0.26765 1018.8
0.26766 1018.8
0.26767 1018.8
0.26768 1018.8
0.26769 1018.8
0.26770 1018.8
0.26771 1018.8
0.26772 1018.8
0.26773 1018.8
0.26774 1018.8
0.26775 1018.8
0.26776 1018.8
0.26777 1018.8
0.26778 1018.8
0.26779 1018.8
0.26780 1018.8
0.26781 1018.8
0.26782 1018.8
0.26783 1018.8
0.26784 1018.8
0.26785 1018.8
0.26786 1018.8
0.26787 1018.8
0.26788 1018.8
0.26789 1018.8
0.26790 1018.8
0.26791 1018.8
0.26792 1018.8
0.26793 1018.8
0.26794 1018.8
0.26795 1018.8
0.26796 1018.8
0.26797 1018.8
0.26798 1018.8
0.26799 1018.8
0.26800 1018.8
0.26801 1018.8
0.26802 1018.8
0.26803 1018.8
0.26804 1018.8
0.26805 1018.8
0.26806 1018.8
0.26807 1018.8
0.26808 1018.8
0.26809 1018.8
0.26810 1018.8
0.26811 1018.8
0.26812 1018.8
0.26813 1018.8
0.26814 1018.8
0.26815 1018.8
0.26816 1018.8
0.26817 1018.8
0.26818 1018.8
0.26819 1018.8
0.26820 1018.8
0.26821 1018.8
0.26822 1018.8
0.26823 1018.8
0.26824 1018.8
0.26825 1018.8
0.26826 1018.8
0.26827 1018.8
0.26828 1018.8
0.26829 1018.8
0.26830 1018.8
0.26831 1018.8
0.26832 1018.8
0.26833 1018.8
0.26834 1018.8
0.26835 1018.8
0.26836 1018.8
0.26837 1018.8
0.26838 1018.8
0.26839 1018.8
0.26840 1018.8
0.26841 1018.8
0.26842 1018.8
0.26843 1018.8
0.26844 1018.8
0.26845 1018.8
0.26846 1018.8
0.26847 1018.8
0.26848 1018.8
0.26849 1018.8
0.26850 1018.8
0.26851 1018.8
0.26852 1018.8
0.26853 1018.8
0.26854 1018.8
0.26855 1018.8
0.26856 1018.8
0.26857 1018.8
0.26858 1018.8
0.26859 1018.8
0.26860 1018.8
0.26861 1018.8
0.26862 1018.8
0.26863 1018.8
0.26864 1018.8
0.26865 1018.8
0.26866 1018.8
0.26867 1018.8
0.26868 1018.8
0.26869 1018.8
0.26870 1018.8
0.26871 1018.8
0.26872 1018.8
0.26873 1018.8
0.26874 1018.8
0.26875 1018.8
0.26876 1018.8
0.26877 1018.8
0.26878 1018.8
0.26879 1018.8
0.26880 1018.8
0.26881 1018.8
0.26882 1018.8
0.26883 1018.8
0.26884 1018.8
0.26885 1018.8
0.26886 1018.8
0.26887 1018.8
0.26888 1018.8
0.26889 1018.8
0.26890 1018.8
0.26891 1018.8
0.26892 1018.8
0.26893 1018.8
0.26894 1018.8
0.26895 1018.8
0.26896 1018.8
0.26897 1018.8
0.26898 1018.8
0.26899 1018.8
0.26900 1018.8
0.26901 1018.8
0.26902 1018.8
0.26903 1018.8
0.26904 1018.8
0.26905 1018.8
0.26906 1018.8
0.26907 1018.8
0.26908 1018.8
0.26909 1018.8
0.26910 1018.8
0.26911 1018.8
0.26912 1018.8
0.26913 1018.8
0.26914 1018.8
0.26915 1018.8
0.26916 1018.8
0.26917 1018.8
0.26918 1018.8
0.26919 1018.8
0.26920 1018.8
0.26921 1018.8
0.26922 1018.8
0.26923 1018.8
0.26924 1018.8
0.26925 1018.8
0.26926 1018.8
0.26927 1018.8
0.26928 1018.8
0.26929 1018.8
0.26930 1018.8
0.26931 1018.8
0.26932 1018.8
0.26933 1018.8
0.26934 1018.8
0.26935 1018.8
0.26936 1018.8
0.26937 1018.8
0.26938 1018.8
0.26939 1018.8
0.26940 1018.8
0.26941 1018.8
0.26942 1018.8
0.26943 1018.8
0.26944 1018.8
0.26945 1018.8
0.26946 1018.8
0.26947 1018.8
0.26948 1018.8
0.26949 1018.8
0.26950 1018.8
0.26951 1018.8
0.26952 1018.8
0.26953 1018.8
0.26954 1018.8
0.26955 1018.8
0.26956 1018.8
0.26957 1018.8
0.26958 1018.8
0.26959 1018.8
0.26960 1018.8
0.26961 1018.8
0.26962 1018.8
0.26963 1018.8
0.26964 1018.8
0.26965 1018.8
0.26966 1018.8
0.26967 1018.8
0.26968 1018.8
0.26969 1018.8
0.26970 1018.8
0.26971 1018.8
0.26972 1018.8
0.26973 1018.8
0.26974 1018.8
0.26975 1018.8
0.26976 1018.8
0.26977 1018.8
0.26978 1018.8
0.26979 1018.8
0.26980 1018.8
0.26981 1018.8
0.26982 1018.8
0.26983 1018.8
0.26984 1018.8
0.26985 1018.8
0.26986 1018.8
0.26987 1018.8
0.26988 1018.8
0.26989 1018.8
0.26990 1018.8
0.26991 1018.8
0.26992 1018.8
0.26993 1018.8
0.26994 1018.8
0.26995 1018.8
0.26996 1018.8
0.26997 1018.8
0.26998 1018.8
0.26999 1018.8
0.27000 1018.8
0.27001 1018.8
0.27002 1018.8
0.27003 1018.8
0.27004 1018.8
0.27005 1018.8
0.27006 1018.8
0.27007 1018.8
0.27008 1018.8
0.27009 1018.8
0.27010 1018.8
0.27011 1018.8
0.27012 1018.8
0.27013 1018.8
0.27014 1018.8
0.27015 1018.8
0.27016 1018.8
0.27017 1018.8
0.27018 1018.8
0.27019 1018.8
0.27020 1018.8
0.27021 1018.8
0.27022 1018.8
0.27023 1018.8
0.27024 1018.8
0.27025 1018.8
0.27026 1018.8
0.27027 1018.8
0.27028 1018.8
0.27029 1018.8
0.27030 1018.8
0.27031 1018.8
0.27032 1018.8
0.27033 1018.8
0.27034 1018.8
0.27035 1018.8
0.27036 1018.8
0.27037 1018.8
0.27038 1018.8
0.27039 1018.8
0.27040 1018.8
0.27041 1018.8
0.27042 1018.8
0.27043 1018.8
0.27044 1018.8
0.27045 1018.8
0.27046 1018.8
0.27047 1018.8
0.27048 1018.8
0.27049 1018.8
0.27050 1018.8
0.27051 1018.8
0.27052 1018.8
0.27053 1018.8
0.27054 1018.8
0.27055 1018.8
0.27056 1018.8
0.27057 1018.8
0.27058 1018.8
0.27059 1018.8
0.27060 1018.8
0.27061 1018.8
0.27062 1018.8
0.27063 1018.8
0.27064 1018.8
0.27065 1018.8
0.27066 1018.8
0.27067 1018.8
0.27068 1018.8
0.27069 1018.8
0.27070 1018.8
0.27071 1018.8
0.27072 1018.8
0.27073 1018.8
0.27074 1018.8
0.27075 1018.8
0.27076 1018.8
0.27077 1018.8
0.27078 1018.8
0.27079 1018.8
0.27080 1018.8
0.27081 1018.8
0.27082 1018.8
0.27083 1018.8
0.27084 1018.8
0.27085 1018.8
0.27086 1018.8
0.27087 1018.8
0.27088 1018.8
0.27089 1018.8
0.27090 1018.8
0.27091 1018.8
0.27092 1018.8
0.27093 1018.8
0.27094 1018.8
0.27095 1018.8
0.27096 1018.8
0.27097 1018.8
0.27098 1018.8
0.27099 1018.8
0.27100 1018.8
0.27101 1018.8
0.27102 1018.8
0.27103 1018.8
0.27104 1018.8
0.27105 1018.8
0.27106 1018.8
0.27107 1018.8
0.27108 1018.8
0.27109 1018.8
0.27110 1018.8
0.27111 1018.8
0.27112 1018.8
0.27113 1018.8
0.27114 1018.8
0.27115 1018.8
0.27116 1018.8
0.27117 1018.8
0.27118 1018.8
0.27119 1018.8
0.27120 1018.8
0.27121 1018.8
0.27122 1018.8
0.27123 1018.8
0.27124 1018.8
0.27125 1018.8
0.27126 1018.8
0.27127 1018.8
0.27128 1018.8
0.27129 1018.8
0.27130 1018.8
0.27131 1018.8
0.27132 1018.8
0.27133 1018.8
0.27134 1018.8
0.27135 1018.8
0.27136 1018.8
0.27137 1018.8
0.27138 1018.8
0.27139 1018.8
0.27140 1018.8
0.27141 1018.8
0.27142 1018.8
0.27143 1018.8
0.27144 1018.8
0.27145 1018.8
0.27146 1018.8
0.27147 1018.8
0.27148 1018.8
0.27149 1018.8
0.27150 1018.8
0.27151 1018.8
0.27152 1018.8
0.27153 1018.8
0.27154 1018.8
0.27155 1018.8
0.27156 1018.8
0.27157 1018.8
0.27158 1018.8
0.27159 1018.8
0.27160 1018.8
0.27161 1018.8
0.27162 1018.8
0.27163 1018.8
0.27164 1018.8
0.27165 1018.8
0.27166 1018.8
0.27167 1018.8
0.27168 1018.8
0.27169 1018.8
0.27170 1018.8
0.27171 1018.8
0.27172 1018.8
0.27173 1018.8
0.27174 1018.8
0.27175 1018.8
0.27176 1018.8
0.27177 1018.8
0.27178 1018.8
0.27179 1018.8
0.27180 1018.8
0.27181 1018.8
0.27182 1018.8
0.27183 1018.8
0.27184 1018.8
0.27185 1018.8
0.27186 1018.8
0.27187 1018.8
0.27188 1018.8
0.27189 1018.8
0.27190 1018.8
0.27191 1018.8
0.27192 1018.8
0.27193 1018.8
0.27194 1018.8
0.27195 1018.8
0.27196 1018.8
0.27197 1018.8
0.27198 1018.8
0.27199 1018.8
0.27200 1018.8
0.27201 1018.8
0.27202 1018.8
0.27203 1018.8
0.27204 1018.8
0.27205 1018.8
0.27206 1018.8
0.27207 1018.8
0.27208 1018.8
0.27209 1018.8
0.27210 1018.8
0.27211 1018.8
0.27212 1018.8
0.27213 1018.8
0.27214 1018.8
0.27215 1018.8
0.27216 1018.8
0.27217 1018.8
0.27218 1018.8
0.27219 1018.8
0.27220 1018.8
0.27221 1018.8
0.27222 1018.8
0.27223 1018.8
0.27224 1018.8
0.27225 1018.8
0.27226 1018.8
0.27227 1018.8
0.27228 1018.8
0.27229 1018.8
0.27230 1018.8
0.27231 1018.8
0.27232 1018.8
0.27233 1018.8
0.27234 1018.8
0.27235 1018.8
0.27236 1018.8
0.27237 1018.8
0.27238 1018.8
0.27239 1018.8
0.27240 1018.8
0.27241 1018.8
0.27242 1018.8
0.27243 1018.8
0.27244 1018.8
0.27245 1018.8
0.27246 1018.8
0.27247 1018.8
0.27248 1018.8
0.27249 1018.8
0.27250 1018.8
0.27251 1018.8
0.27252 1018.8
0.27253 1018.8
0.27254 1018.8
0.27255 1018.8
0.27256 1018.8
0.27257 1018.8
0.27258 1018.8
0.27259 1018.8
0.27260 1018.8
0.27261 1018.8
0.27262 1018.8
0.27263 1018.8
0.27264 1018.8
0.27265 1018.8
0.27266 1018.8
0.27267 1018.8
0.27268 1018.8
0.27269 1018.8
0.27270 1018.8
0.27271 1018.8
0.27272 1018.8
0.27273 1018.8
0.27274 1018.8
0.27275 1018.8
0.27276 1018.8
0.27277 1018.8
0.27278 1018.8
0.27279 1018.8
0.27280 1018.8
0.27281 1018.8
0.27282 1018.8
0.27283 1018.8
0.27284 1018.8
0.27285 1018.8
0.27286 1018.8
0.27287 1018.8
0.27288 1018.8
0.27289 1018.8
0.27290 1018.8
0.27291 1018.8
0.27292 1018.8
0.27293 1018.8
0.27294 1018.8
0.27295 1018.8
0.27296 1018.8
0.27297 1018.8
0.27298 1018.8
0.27299 1018.8
0.27300 1018.8
0.27301 1018.8
0.27302 1018.8
0.27303 1018.8
0.27304 1018.8
0.27305 1018.8
0.27306 1018.8
0.27307 1018.8
0.27308 1018.8
0.27309 1018.8
0.27310 1018.8
0.27311 1018.8
0.27312 1018.8
0.27313 1018.8
0.27314 1018.8
0.27315 1018.8
0.27316 1018.8
0.27317 1018.8
0.27318 1018.8
0.27319 1018.8
0.27320 1018.8
0.27321 1018.8
0.27322 1018.8
0.27323 1018.8
0.27324 1018.8
0.27325 1018.8
0.27326 1018.8
0.27327 1018.8
0.27328 1018.8
0.27329 1018.8
0.27330 1018.8
0.27331 1018.8
0.27332 1018.8
0.27333 1018.8
0.27334 1018.8
0.27335 1018.8
0.27336 1018.8
0.27337 1018.8
0.27338 1018.8
0.27339 1018.8
0.27340 1018.8
0.27341 1018.8
0.27342 1018.8
0.27343 1018.8
0.27344 1018.8
0.27345 1018.8
0.27346 1018.8
0.27347 1018.8
0.27348 1018.8
0.27349 1018.8
0.27350 1018.8
0.27351 1018.8
0.27352 1018.8
0.27353 1018.8
0.27354 1018.8
0.27355 1018.8
0.27356 1018.8
0.27357 1018.8
0.27358 1018.8
0.27359 1018.8
0.27360 1018.8
0.27361 1018.8
0.27362 1018.8
0.27363 1018.8
0.27364 1018.8
0.27365 1018.8
0.27366 1018.8
0.27367 1018.8
0.27368 1018.8
0.27369 1018.8
0.27370 1018.8
0.27371 1018.8
0.27372 1018.8
0.27373 1018.8
0.27374 1018.8
0.27375 1018.8
0.27376 1018.8
0.27377 1018.8
0.27378 1018.8
0.27379 1018.8
0.27380 1018.8
0.27381 1018.8
0.27382 1018.8
0.27383 1018.8
0.27384 1018.8
0.27385 1018.8
0.27386 1018.8
0.27387 1018.8
0.27388 1018.8
0.27389 1018.8
0.27390 1018.8
0.27391 1018.8
0.27392 1018.8
0.27393 1018.8
0.27394 1018.8
0.27395 1018.8
0.27396 1018.8
0.27397 1018.8
0.27398 1018.8
0.27399 1018.8
0.27400 1018.8
0.27401 1018.8
0.27402 1018.8
0.27403 1018.8
0.27404 1018.8
0.27405 1018.8
0.27406 1018.8
0.27407 1018.8
0.27408 1018.8
0.27409 1018.8
0.27410 1018.8
0.27411 1018.8
0.27412 1018.8
0.27413 1018.8
0.27414 1018.8
0.27415 1018.8
0.27416 1018.8
0.27417 1018.8
0.27418 1018.8
0.27419 1018.8
0.27420 1018.8
0.27421 1018.8
0.27422 1018.8
0.27423 1018.8
0.27424 1018.8
0.27425 1018.8
0.27426 1018.8
0.27427 1018.8
0.27428 1018.8
0.27429 1018.8
0.27430 1018.8
0.27431 1018.8
0.27432 1018.8
0.27433 1018.8
0.27434 1018.8
0.27435 1018.8
0.27436 1018.8
0.27437 1018.8
0.27438 1018.8
0.27439 1018.8
0.27440 1018.8
0.27441 1018.8
0.27442 1018.8
0.27443 1018.8
0.27444 1018.8
0.27445 1018.8
0.27446 1018.8
0.27447 1018.8
0.27448 1018.8
0.27449 1018.8
0.27450 1018.8
0.27451 1018.8
0.27452 1018.8
0.27453 1018.8
0.27454 1018.8
0.27455 1018.8
0.27456 1018.8
0.27457 1018.8
0.27458 1018.8
0.27459 1018.8
0.27460 1018.8
0.27461 1018.8
0.27462 1018.8
0.27463 1018.8
0.27464 1018.8
0.27465 1018.8
0.27466 1018.8
0.27467 1018.8
0.27468 1018.8
0.27469 1018.8
0.27470 1018.8
0.27471 1018.8
0.27472 1018.8
0.27473 1018.8
0.27474 1018.8
0.27475 1018.8
0.27476 1018.8
0.27477 1018.8
0.27478 1018.8
0.27479 1018.8
0.27480 1018.8
0.27481 1018.8
0.27482 1018.8
0.27483 1018.8
0.27484 1018.8
0.27485 1018.8
0.27486 1018.8
0.27487 1018.8
0.27488 1018.8
0.27489 1018.8
0.27490 1018.8
0.27491 1018.8
0.27492 1018.8
0.27493 1018.8
0.27494 1018.8
0.27495 1018.8
0.27496 1018.8
0.27497 1018.8
0.27498 1018.8
0.27499 1018.8
0.27500 1018.8
0.27501 1018.8
0.27502 1018.8
0.27503 1018.8
0.27504 1018.8
0.27505 1018.8
0.27506 1018.8
0.27507 1018.8
0.27508 1018.8
0.27509 1018.8
0.27510 1018.8
0.27511 1018.8
0.27512 1018.8
0.27513 1018.8
0.27514 1018.8
0.27515 1018.8
0.27516 1018.8
0.27517 1018.8
0.27518 1018.8
0.27519 1018.8
0.27520 1018.8
0.27521 1018.8
0.27522 1018.8
0.27523 1018.8
0.27524 1018.8
0.27525 1018.8
0.27526 1018.8
0.27527 1018.8
0.27528 1018.8
0.27529 1018.8
0.27530 1018.8
0.27531 1018.8
0.27532 1018.8
0.27533 1018.8
0.27534 1018.8
0.27535 1018.8
0.27536 1018.8
0.27537 1018.8
0.27538 1018.8
0.27539 1018.8
0.27540 1018.8
0.27541 1018.8
0.27542 1018.8
0.27543 1018.8
0.27544 1018.8
0.27545 1018.8
0.27546 1018.8
0.27547 1018.8
0.27548 1018.8
0.27549 1018.8
0.27550 1018.8
0.27551 1018.8
0.27552 1018.8
0.27553 1018.8
0.27554 1018.8
0.27555 1018.8
0.27556 1018.8
0.27557 1018.8
0.27558 1018.8
0.27559 1018.8
0.27560 1018.8
0.27561 1018.8
0.27562 1018.8
0.27563 1018.8
0.27564 1018.8
0.27565 1018.8
0.27566 1018.8
0.27567 1018.8
0.27568 1018.8
0.27569 1018.8
0.27570 1018.8
0.27571 1018.8
0.27572 1018.8
0.27573 1018.8
0.27574 1018.8
0.27575 1018.8
0.27576 1018.8
0.27577 1018.8
0.27578 1018.8
0.27579 1018.8
0.27580 1018.8
0.27581 1018.8
0.27582 1018.8
0.27583 1018.8
0.27584 1018.8
0.27585 1018.8
0.27586 1018.8
0.27587 1018.8
0.27588 1018.8
0.27589 1018.8
0.27590 1018.8
0.27591 1018.8
0.27592 1018.8
0.27593 1018.8
0.27594 1018.8
0.27595 1018.8
0.27596 1018.8
0.27597 1018.8
0.27598 1018.8
0.27599 1018.8
0.27600 1018.8
0.27601 1018.8
0.27602 1018.8
0.27603 1018.8
0.27604 1018.8
0.27605 1018.8
0.27606 1018.8
0.27607 1018.8
0.27608 1018.8
0.27609 1018.8
0.27610 1018.8
0.27611 1018.8
0.27612 1018.8
0.27613 1018.8
0.27614 1018.8
0.27615 1018.8
0.27616 1018.8
0.27617 1018.8
0.27618 1018.8
0.27619 1018.8
0.27620 1018.8
0.27621 1018.8
0.27622 1018.8
0.27623 1018.8
0.27624 1018.8
0.27625 1018.8
0.27626 1018.8
0.27627 1018.8
0.27628 1018.8
0.27629 1018.8
0.27630 1018.8
0.27631 1018.8
0.27632 1018.8
0.27633 1018.8
0.27634 1018.8
0.27635 1018.8
0.27636 1018.8
0.27637 1018.8
0.27638 1018.8
0.27639 1018.8
0.27640 1018.8
0.27641 1018.8
0.27642 1018.8
0.27643 1018.8
0.27644 1018.8
0.27645 1018.8
0.27646 1018.8
0.27647 1018.8
0.27648 1018.8
0.27649 1018.8
0.27650 1018.8
0.27651 1018.8
0.27652 1018.8
0.27653 1018.8
0.27654 1018.8
0.27655 1018.8
0.27656 1018.8
0.27657 1018.8
0.27658 1018.8
0.27659 1018.8
0.27660 1018.8
0.27661 1018.8
0.27662 1018.8
0.27663 1018.8
0.27664 1018.8
0.27665 1018.8
0.27666 1018.8
0.27667 1018.8
0.27668 1018.8
0.27669 1018.8
0.27670 1018.8
0.27671 1018.8
0.27672 1018.8
0.27673 1018.8
0.27674 1018.8
0.27675 1018.8
0.27676 1018.8
0.27677 1018.8
0.27678 1018.8
0.27679 1018.8
0.27680 1018.8
0.27681 1018.8
0.27682 1018.8
0.27683 1018.8
0.27684 1018.8
0.27685 1018.8
0.27686 1018.8
0.27687 1018.8
0.27688 1018.8
0.27689 1018.8
0.27690 1018.8
0.27691 1018.8
0.27692 1018.8
0.27693 1018.8
0.27694 1018.8
0.27695 1018.8
0.27696 1018.8
0.27697 1018.8
0.27698 1018.8
0.27699 1018.8
0.27700 1018.8
0.27701 1018.8
0.27702 1018.8
0.27703 1018.8
0.27704 1018.8
0.27705 1018.8
0.27706 1018.8
0.27707 1018.8
0.27708 1018.8
0.27709 1018.8
0.27710 1018.8
0.27711 1018.8
0.27712 1018.8
0.27713 1018.8
0.27714 1018.8
0.27715 1018.8
0.27716 1018.8
0.27717 1018.8
0.27718 1018.8
0.27719 1018.8
0.27720 1018.8
0.27721 1018.8
0.27722 1018.8
0.27723 1018.8
0.27724 1018.8
0.27725 1018.8
0.27726 1018.8
0.27727 1018.8
0.27728 1018.8
0.27729 1018.8
0.27730 1018.8
0.27731 1018.8
0.27732 1018.8
0.27733 1018.8
0.27734 1018.8
0.27735 1018.8
0.27736 1018.8
0.27737 1018.8
0.27738 1018.8
0.27739 1018.8
0.27740 1018.8
0.27741 1018.8
0.27742 1018.8
0.27743 1018.8
0.27744 1018.8
0.27745 1018.8
0.27746 1018.8
0.27747 1018.8
0.27748 1018.8
0.27749 1018.8
0.27750 1018.8
0.27751 1018.8
0.27752 1018.8
0.27753 1018.8
0.27754 1018.8
0.27755 1018.8
0.27756 1018.8
0.27757 1018.8
0.27758 1018.8
0.27759 1018.8
0.27760 1018.8
0.27761 1018.8
0.27762 1018.8
0.27763 1018.8
0.27764 1018.8
0.27765 1018.8
0.27766 1018.8
0.27767 1018.8
0.27768 1018.8
0.27769 1018.8
0.27770 1018.8
0.27771 1018.8
0.27772 1018.8
0.27773 1018.8
0.27774 1018.8
0.27775 1018.8
0.27776 1018.8
0.27777 1018.8
0.27778 1018.8
0.27779 1018.8
0.27780 1018.8
0.27781 1018.8
0.27782 1018.8
0.27783 1018.8
0.27784 1018.8
0.27785 1018.8
0.27786 1018.8
0.27787 1018.8
0.27788 1018.8
0.27789 1018.8
0.27790 1018.8
0.27791 1018.8
0.27792 1018.8
0.27793 1018.8
0.27794 1018.8
0.27795 1018.8
0.27796 1018.8
0.27797 1018.8
0.27798 1018.8
0.27799 1018.8
0.27800 1018.8
0.27801 1018.8
0.27802 1018.8
0.27803 1018.8
0.27804 1018.8
0.27805 1018.8
0.27806 1018.8
0.27807 1018.8
0.27808 1018.8
0.27809 1018.8
0.27810 1018.8
0.27811 1018.8
0.27812 1018.8
0.27813 1018.8
0.27814 1018.8
0.27815 1018.8
0.27816 1018.8
0.27817 1018.8
0.27818 1018.8
0.27819 1018.8
0.27820 1018.8
0.27821 1018.8
0.27822 1018.8
0.27823 1018.8
0.27824 1018.8
0.27825 1018.8
0.27826 1018.8
0.27827 1018.8
0.27828 1018.8
0.27829 1018.8
0.27830 1018.8
0.27831 1018.8
0.27832 1018.8
0.27833 1018.8
0.27834 1018.8
0.27835 1018.8
0.27836 1018.8
0.27837 1018.8
0.27838 1018.8
0.27839 1018.8
0.27840 1018.8
0.27841 1018.8
0.27842 1018.8
0.27843 1018.8
0.27844 1018.8
0.27845 1018.8
0.27846 1018.8
0.27847 1018.8
0.27848 1018.8
0.27849 1018.8
0.27850 1018.8
0.27851 1018.8
0.27852 1018.8
0.27853 1018.8
0.27854 1018.8
0.27855 1018.8
0.27856 1018.8
0.27857 1018.8
0.27858 1018.8
0.27859 1018.8
0.27860 1018.8
0.27861 1018.8
0.27862 1018.8
0.27863 1018.8
0.27864 1018.8
0.27865 1018.8
0.27866 1018.8
0.27867 1018.8
0.27868 1018.8
0.27869 1018.8
0.27870 1018.8
0.27871 1018.8
0.27872 1018.8
0.27873 1018.8
0.27874 1018.8
0.27875 1018.8
0.27876 1018.8
0.27877 1018.8
0.27878 1018.8
0.27879 1018.8
0.27880 1018.8
0.27881 1018.8
0.27882 1018.8
0.27883 1018.8
0.27884 1018.8
0.27885 1018.8
0.27886 1018.8
0.27887 1018.8
0.27888 1018.8
0.27889 1018.8
0.27890 1018.8
0.27891 1018.8
0.27892 1018.8
0.27893 1018.8
0.27894 1018.8
0.27895 1018.8
0.27896 1018.8
0.27897 1018.8
0.27898 1018.8
0.27899 1018.8
0.27900 1018.8
0.27901 1018.8
0.27902 1018.8
0.27903 1018.8
0.27904 1018.8
0.27905 1018.8
0.27906 1018.8
0.27907 1018.8
0.27908 1018.8
0.27909 1018.8
0.27910 1018.8
0.27911 1018.8
0.27912 1018.8
0.27913 1018.8
0.27914 1018.8
0.27915 1018.8
0.27916 1018.8
0.27917 1018.8
0.27918 1018.8
0.27919 1018.8
0.27920 1018.8
0.27921 1018.8
0.27922 1018.8
0.27923 1018.8
0.27924 1018.8
0.27925 1018.8
0.27926 1018.8
0.27927 1018.8
0.27928 1018.8
0.27929 1018.8
0.27930 1018.8
0.27931 1018.8
0.27932 1018.8
0.27933 1018.8
0.27934 1018.8
0.27935 1018.8
0.27936 1018.8
0.27937 1018.8
0.27938 1018.8
0.27939 1018.8
0.27940 1018.8
0.27941 1018.8
0.27942 1018.8
0.27943 1018.8
0.27944 1018.8
0.27945 1018.8
0.27946 1018.8
0.27947 1018.8
0.27948 1018.8
0.27949 1018.8
0.27950 1018.8
0.27951 1018.8
0.27952 1018.8
0.27953 1018.8
0.27954 1018.8
0.27955 1018.8
0.27956 1018.8
0.27957 1018.8
0.27958 1018.8
0.27959 1018.8
0.27960 1018.8
0.27961 1018.8
0.27962 1018.8
0.27963 1018.8
0.27964 1018.8
0.27965 1018.8
0.27966 1018.8
0.27967 1018.8
0.27968 1018.8
0.27969 1018.8
0.27970 1018.8
0.27971 1018.8
0.27972 1018.8
0.27973 1018.8
0.27974 1018.8
0.27975 1018.8
0.27976 1018.8
0.27977 1018.8
0.27978 1018.8
0.27979 1018.8
0.27980 1018.8
0.27981 1018.8
0.27982 1018.8
0.27983 1018.8
0.27984 1018.8
0.27985 1018.8
0.27986 1018.8
0.27987 1018.8
0.27988 1018.8
0.27989 1018.8
0.27990 1018.8
0.27991 1018.8
0.27992 1018.8
0.27993 1018.8
0.27994 1018.8
0.27995 1018.8
0.27996 1018.8
0.27997 1018.8
0.27998 1018.8
0.27999 1018.8
0.28000 1018.8
0.28001 1018.8
0.28002 1018.8
0.28003 1018.8
0.28004 1018.8
0.28005 1018.8
0.28006 1018.8
0.28007 1018.8
0.28008 1018.8
0.28009 1018.8
0.28010 1018.8
0.28011 1018.8
0.28012 1018.8
0.28013 1018.8
0.28014 1018.8
0.28015 1018.8
0.28016 1018.8
0.28017 1018.8
0.28018 1018.8
0.28019 1018.8
0.28020 1018.8
0.28021 1018.8
0.28022 1018.8
0.28023 1018.8
0.28024 1018.8
0.28025 1018.8
0.28026 1018.8
0.28027 1018.8
0.28028 1018.8
0.28029 1018.8
0.28030 1018.8
0.28031 1018.8
0.28032 1018.8
0.28033 1018.8
0.28034 1018.8
0.28035 1018.8
0.28036 1018.8
0.28037 1018.8
0.28038 1018.8
0.28039 1018.8
0.28040 1018.8
0.28041 1018.8
0.28042 1018.8
0.28043 1018.8
0.28044 1018.8
0.28045 1018.8
0.28046 1018.8
0.28047 1018.8
0.28048 1018.8
0.28049 1018.8
0.28050 1018.8
0.28051 1018.8
0.28052 1018.8
0.28053 1018.8
0.28054 1018.8
0.28055 1018.8
0.28056 1018.8
0.28057 1018.8
0.28058 1018.8
0.28059 1018.8
0.28060 1018.8
0.28061 1018.8
0.28062 1018.8
0.28063 1018.8
0.28064 1018.8
0.28065 1018.8
0.28066 1018.8
0.28067 1018.8
0.28068 1018.8
0.28069 1018.8
0.28070 1018.8
0.28071 1018.8
0.28072 1018.8
0.28073 1018.8
0.28074 1018.8
0.28075 1018.8
0.28076 1018.8
0.28077 1018.8
0.28078 1018.8
0.28079 1018.8
0.28080 1018.8
0.28081 1018.8
0.28082 1018.8
0.28083 1018.8
0.28084 1018.8
0.28085 1018.8
0.28086 1018.8
0.28087 1018.8
0.28088 1018.8
0.28089 1018.8
0.28090 1018.8
0.28091 1018.8
0.28092 1018.8
0.28093 1018.8
0.28094 1018.8
0.28095 1018.8
0.28096 1018.8
0.28097 1018.8
0.28098 1018.8
0.28099 1018.8
0.28100 1018.8
0.28101 1018.8
0.28102 1018.8
0.28103 1018.8
0.28104 1018.8
0.28105 1018.8
0.28106 1018.8
0.28107 1018.8
0.28108 1018.8
0.28109 1018.8
0.28110 1018.8
0.28111 1018.8
0.28112 1018.8
0.28113 1018.8
0.28114 1018.8
0.28115 1018.8
0.28116 1018.8
0.28117 1018.8
0.28118 1018.8
0.28119 1018.8
0.28120 1018.8
0.28121 1018.8
0.28122 1018.8
0.28123 1018.8
0.28124 1018.8
0.28125 1018.8
0.28126 1018.8
0.28127 1018.8
0.28128 1018.8
0.28129 1018.8
0.28130 1018.8
0.28131 1018.8
0.28132 1018.8
0.28133 1018.8
0.28134 1018.8
0.28135 1018.8
0.28136 1018.8
0.28137 1018.8
0.28138 1018.8
0.28139 1018.8
0.28140 1018.8
0.28141 1018.8
0.28142 1018.8
0.28143 1018.8
0.28144 1018.8
0.28145 1018.8
0.28146 1018.8
0.28147 1018.8
0.28148 1018.8
0.28149 1018.8
0.28150 1018.8
0.28151 1018.8
0.28152 1018.8
0.28153 1018.8
0.28154 1018.8
0.28155 1018.8
0.28156 1018.8
0.28157 1018.8
0.28158 1018.8
0.28159 1018.8
0.28160 1018.8
0.28161 1018.8
0.28162 1018.8
0.28163 1018.8
0.28164 1018.8
0.28165 1018.8
0.28166 1018.8
0.28167 1018.8
0.28168 1018.8
0.28169 1018.8
0.28170 1018.8
0.28171 1018.8
0.28172 1018.8
0.28173 1018.8
0.28174 1018.8
0.28175 1018.8
0.28176 1018.8
0.28177 1018.8
0.28178 1018.8
0.28179 1018.8
0.28180 1018.8
0.28181 1018.8
0.28182 1018.8
0.28183 1018.8
0.28184 1018.8
0.28185 1018.8
0.28186 1018.8
0.28187 1018.8
0.28188 1018.8
0.28189 1018.8
0.28190 1018.8
0.28191 1018.8
0.28192 1018.8
0.28193 1018.8
0.28194 1018.8
0.28195 1018.8
0.28196 1018.8
0.28197 1018.8
0.28198 1018.8
0.28199 1018.8
0.28200 1018.8
0.28201 1018.8
0.28202 1018.8
0.28203 1018.8
0.28204 1018.8
0.28205 1018.8
0.28206 1018.8
0.28207 1018.8
0.28208 1018.8
0.28209 1018.8
0.28210 1018.8
0.28211 1018.8
0.28212 1018.8
0.28213 1018.8
0.28214 1018.8
0.28215 1018.8
0.28216 1018.8
0.28217 1018.8
0.28218 1018.8
0.28219 1018.8
0.28220 1018.8
0.28221 1018.8
0.28222 1018.8
0.28223 1018.8
0.28224 1018.8
0.28225 1018.8
0.28226 1018.8
0.28227 1018.8
0.28228 1018.8
0.28229 1018.8
0.28230 1018.8
0.28231 1018.8
0.28232 1018.8
0.28233 1018.8
0.28234 1018.8
0.28235 1018.8
0.28236 1018.8
0.28237 1018.8
0.28238 1018.8
0.28239 1018.8
0.28240 1018.8
0.28241 1018.8
0.28242 1018.8
0.28243 1018.8
0.28244 1018.8
0.28245 1018.8
0.28246 1018.8
0.28247 1018.8
0.28248 1018.8
0.28249 1018.8
0.28250 1018.8
0.28251 1018.8
0.28252 1018.8
0.28253 1018.8
0.28254 1018.8
0.28255 1018.8
0.28256 1018.8
0.28257 1018.8
0.28258 1018.8
0.28259 1018.8
0.28260 1018.8
0.28261 1018.8
0.28262 1018.8
0.28263 1018.8
0.28264 1018.8
0.28265 1018.8
0.28266 1018.8
0.28267 1018.8
0.28268 1018.8
0.28269 1018.8
0.28270 1018.8
0.28271 1018.8
0.28272 1018.8
0.28273 1018.8
0.28274 1018.8
0.28275 1018.8
0.28276 1018.8
0.28277 1018.8
0.28278 1018.8
0.28279 1018.8
0.28280 1018.8
0.28281 1018.8
0.28282 1018.8
0.28283 1018.8
0.28284 1018.8
0.28285 1018.8
0.28286 1018.8
0.28287 1018.8
0.28288 1018.8
0.28289 1018.8
0.28290 1018.8
0.28291 1018.8
0.28292 1018.8
0.28293 1018.8
0.28294 1018.8
0.28295 1018.8
0.28296 1018.8
0.28297 1018.8
0.28298 1018.8
0.28299 1018.8
0.28300 1018.8
0.28301 1018.8
0.28302 1018.8
0.28303 1018.8
0.28304 1018.8
0.28305 1018.8
0.28306 1018.8
0.28307 1018.8
0.28308 1018.8
0.28309 1018.8
0.28310 1018.8
0.28311 1018.8
0.28312 1018.8
0.28313 1018.8
0.28314 1018.8
0.28315 1018.8
0.28316 1018.8
0.28317 1018.8
0.28318 1018.8
0.28319 1018.8
0.28320 1018.8
0.28321 1018.8
0.28322 1018.8
0.28323 1018.8
0.28324 1018.8
0.28325 1018.8
0.28326 1018.8
0.28327 1018.8
0.28328 1018.8
0.28329 1018.8
0.28330 1018.8
0.28331 1018.8
0.28332 1018.8
0.28333 1018.8
0.28334 1018.8
0.28335 1018.8
0.28336 1018.8
0.28337 1018.8
0.28338 1018.8
0.28339 1018.8
0.28340 1018.8
0.28341 1018.8
0.28342 1018.8
0.28343 1018.8
0.28344 1018.8
0.28345 1018.8
0.28346 1018.8
0.28347 1018.8
0.28348 1018.8
0.28349 1018.8
0.28350 1018.8
0.28351 1018.8
0.28352 1018.8
0.28353 1018.8
0.28354 1018.8
0.28355 1018.8
0.28356 1018.8
0.28357 1018.8
0.28358 1018.8
0.28359 1018.8
0.28360 1018.8
0.28361 1018.8
0.28362 1018.8
0.28363 1018.8
0.28364 1018.8
0.28365 1018.8
0.28366 1018.8
0.28367 1018.8
0.28368 1018.8
0.28369 1018.8
0.28370 1018.8
0.28371 1018.8
0.28372 1018.8
0.28373 1018.8
0.28374 1018.8
0.28375 1018.8
0.28376 1018.8
0.28377 1018.8
0.28378 1018.8
0.28379 1018.8
0.28380 1018.8
0.28381 1018.8
0.28382 1018.8
0.28383 1018.8
0.28384 1018.8
0.28385 1018.8
0.28386 1018.8
0.28387 1018.8
0.28388 1018.8
0.28389 1018.8
0.28390 1018.8
0.28391 1018.8
0.28392 1018.8
0.28393 1018.8
0.28394 1018.8
0.28395 1018.8
0.28396 1018.8
0.28397 1018.8
0.28398 1018.8
0.28399 1018.8
0.28400 1018.8
0.28401 1018.8
0.28402 1018.8
0.28403 1018.8
0.28404 1018.8
0.28405 1018.8
0.28406 1018.8
0.28407 1018.8
0.28408 1018.8
0.28409 1018.8
0.28410 1018.8
0.28411 1018.8
0.28412 1018.8
0.28413 1018.8
0.28414 1018.8
0.28415 1018.8
0.28416 1018.8
0.28417 1018.8
0.28418 1018.8
0.28419 1018.8
0.28420 1018.8
0.28421 1018.8
0.28422 1018.8
0.28423 1018.8
0.28424 1018.8
0.28425 1018.8
0.28426 1018.8
0.28427 1018.8
0.28428 1018.8
0.28429 1018.8
0.28430 1018.8
0.28431 1018.8
0.28432 1018.8
0.28433 1018.8
0.28434 1018.8
0.28435 1018.8
0.28436 1018.8
0.28437 1018.8
0.28438 1018.8
0.28439 1018.8
0.28440 1018.8
0.28441 1018.8
0.28442 1018.8
0.28443 1018.8
0.28444 1018.8
0.28445 1018.8
0.28446 1018.8
0.28447 1018.8
0.28448 1018.8
0.28449 1018.8
0.28450 1018.8
0.28451 1018.8
0.28452 1018.8
0.28453 1018.8
0.28454 1018.8
0.28455 1018.8
0.28456 1018.8
0.28457 1018.8
0.28458 1018.8
0.28459 1018.8
0.28460 1018.8
0.28461 1018.8
0.28462 1018.8
0.28463 1018.8
0.28464 1018.8
0.28465 1018.8
0.28466 1018.8
0.28467 1018.8
0.28468 1018.8
0.28469 1018.8
0.28470 1018.8
0.28471 1018.8
0.28472 1018.8
0.28473 1018.8
0.28474 1018.8
0.28475 1018.8
0.28476 1018.8
0.28477 1018.8
0.28478 1018.8
0.28479 1018.8
0.28480 1018.8
0.28481 1018.8
0.28482 1018.8
0.28483 1018.8
0.28484 1018.8
0.28485 1018.8
0.28486 1018.8
0.28487 1018.8
0.28488 1018.8
0.28489 1018.8
0.28490 1018.8
0.28491 1018.8
0.28492 1018.8
0.28493 1018.8
0.28494 1018.8
0.28495 1018.8
0.28496 1018.8
0.28497 1018.8
0.28498 1018.8
0.28499 1018.8
0.28500 1018.8
0.28501 1018.8
0.28502 1018.8
0.28503 1018.8
0.28504 1018.8
0.28505 1018.8
0.28506 1018.8
0.28507 1018.8
0.28508 1018.8
0.28509 1018.8
0.28510 1018.8
0.28511 1018.8
0.28512 1018.8
0.28513 1018.8
0.28514 1018.8
0.28515 1018.8
0.28516 1018.8
0.28517 1018.8
0.28518 1018.8
0.28519 1018.8
0.28520 1018.8
0.28521 1018.8
0.28522 1018.8
0.28523 1018.8
0.28524 1018.8
0.28525 1018.8
0.28526 1018.8
0.28527 1018.8
0.28528 1018.8
0.28529 1018.8
0.28530 1018.8
0.28531 1018.8
0.28532 1018.8
0.28533 1018.8
0.28534 1018.8
0.28535 1018.8
0.28536 1018.8
0.28537 1018.8
0.28538 1018.8
0.28539 1018.8
0.28540 1018.8
0.28541 1018.8
0.28542 1018.8
0.28543 1018.8
0.28544 1018.8
0.28545 1018.8
0.28546 1018.8
0.28547 1018.8
0.28548 1018.8
0.28549 1018.8
0.28550 1018.8
0.28551 1018.8
0.28552 1018.8
0.28553 1018.8
0.28554 1018.8
0.28555 1018.8
0.28556 1018.8
0.28557 1018.8
0.28558 1018.8
0.28559 1018.8
0.28560 1018.8
0.28561 1018.8
0.28562 1018.8
0.28563 1018.8
0.28564 1018.8
0.28565 1018.8
0.28566 1018.8
0.28567 1018.8
0.28568 1018.8
0.28569 1018.8
0.28570 1018.8
0.28571 1018.8
0.28572 1018.8
0.28573 1018.8
0.28574 1018.8
0.28575 1018.8
0.28576 1018.8
0.28577 1018.8
0.28578 1018.8
0.28579 1018.8
0.28580 1018.8
0.28581 1018.8
0.28582 1018.8
0.28583 1018.8
0.28584 1018.8
0.28585 1018.8
0.28586 1018.8
0.28587 1018.8
0.28588 1018.8
0.28589 1018.8
0.28590 1018.8
0.28591 1018.8
0.28592 1018.8
0.28593 1018.8
0.28594 1018.8
0.28595 1018.8
0.28596 1018.8
0.28597 1018.8
0.28598 1018.8
0.28599 1018.8
0.28600 1018.8
0.28601 1018.8
0.28602 1018.8
0.28603 1018.8
0.28604 1018.8
0.28605 1018.8
0.28606 1018.8
0.28607 1018.8
0.28608 1018.8
0.28609 1018.8
0.28610 1018.8
0.28611 1018.8
0.28612 1018.8
0.28613 1018.8
0.28614 1018.8
0.28615 1018.8
0.28616 1018.8
0.28617 1018.8
0.28618 1018.8
0.28619 1018.8
0.28620 1018.8
0.28621 1018.8
0.28622 1018.8
0.28623 1018.8
0.28624 1018.8
0.28625 1018.8
0.28626 1018.8
0.28627 1018.8
0.28628 1018.8
0.28629 1018.8
0.28630 1018.8
0.28631 1018.8
0.28632 1018.8
0.28633 1018.8
0.28634 1018.8
0.28635 1018.8
0.28636 1018.8
0.28637 1018.8
0.28638 1018.8
0.28639 1018.8
0.28640 1018.8
0.28641 1018.8
0.28642 1018.8
0.28643 1018.8
0.28644 1018.8
0.28645 1018.8
0.28646 1018.8
0.28647 1018.8
0.28648 1018.8
0.28649 1018.8
0.28650 1018.8
0.28651 1018.8
0.28652 1018.8
0.28653 1018.8
0.28654 1018.8
0.28655 1018.8
0.28656 1018.8
0.28657 1018.8
0.28658 1018.8
0.28659 1018.8
0.28660 1018.8
0.28661 1018.8
0.28662 1018.8
0.28663 1018.8
0.28664 1018.8
0.28665 1018.8
0.28666 1018.8
0.28667 1018.8
0.28668 1018.8
0.28669 1018.8
0.28670 1018.8
0.28671 1018.8
0.28672 1018.8
0.28673 1018.8
0.28674 1018.8
0.28675 1018.8
0.28676 1018.8
0.28677 1018.8
0.28678 1018.8
0.28679 1018.8
0.28680 1018.8
0.28681 1018.8
0.28682 1018.8
0.28683 1018.8
0.28684 1018.8
0.28685 1018.8
0.28686 1018.8
0.28687 1018.8
0.28688 1018.8
0.28689 1018.8
0.28690 1018.8
0.28691 1018.8
0.28692 1018.8
0.28693 1018.8
0.28694 1018.8
0.28695 1018.8
0.28696 1018.8
0.28697 1018.8
0.28698 1018.8
0.28699 1018.8
0.28700 1018.8
0.28701 1018.8
0.28702 1018.8
0.28703 1018.8
0.28704 1018.8
0.28705 1018.8
0.28706 1018.8
0.28707 1018.8
0.28708 1018.8
0.28709 1018.8
0.28710 1018.8
0.28711 1018.8
0.28712 1018.8
0.28713 1018.8
0.28714 1018.8
0.28715 1018.8
0.28716 1018.8
0.28717 1018.8
0.28718 1018.8
0.28719 1018.8
0.28720 1018.8
0.28721 1018.8
0.28722 1018.8
0.28723 1018.8
0.28724 1018.8
0.28725 1018.8
0.28726 1018.8
0.28727 1018.8
0.28728 1018.8
0.28729 1018.8
0.28730 1018.8
0.28731 1018.8
0.28732 1018.8
0.28733 1018.8
0.28734 1018.8
0.28735 1018.8
0.28736 1018.8
0.28737 1018.8
0.28738 1018.8
0.28739 1018.8
0.28740 1018.8
0.28741 1018.8
0.28742 1018.8
0.28743 1018.8
0.28744 1018.8
0.28745 1018.8
0.28746 1018.8
0.28747 1018.8
0.28748 1018.8
0.28749 1018.8
0.28750 1018.8
0.28751 1018.8
0.28752 1018.8
0.28753 1018.8
0.28754 1018.8
0.28755 1018.8
0.28756 1018.8
0.28757 1018.8
0.28758 1018.8
0.28759 1018.8
0.28760 1018.8
0.28761 1018.8
0.28762 1018.8
0.28763 1018.8
0.28764 1018.8
0.28765 1018.8
0.28766 1018.8
0.28767 1018.8
0.28768 1018.8
0.28769 1018.8
0.28770 1018.8
0.28771 1018.8
0.28772 1018.8
0.28773 1018.8
0.28774 1018.8
0.28775 1018.8
0.28776 1018.8
0.28777 1018.8
0.28778 1018.8
0.28779 1018.8
0.28780 1018.8
0.28781 1018.8
0.28782 1018.8
0.28783 1018.8
0.28784 1018.8
0.28785 1018.8
0.28786 1018.8
0.28787 1018.8
0.28788 1018.8
0.28789 1018.8
0.28790 1018.8
0.28791 1018.8
0.28792 1018.8
0.28793 1018.8
0.28794 1018.8
0.28795 1018.8
0.28796 1018.8
0.28797 1018.8
0.28798 1018.8
0.28799 1018.8
0.28800 1018.8
0.28801 1018.8
0.28802 1018.8
0.28803 1018.8
0.28804 1018.8
0.28805 1018.8
0.28806 1018.8
0.28807 1018.8
0.28808 1018.8
0.28809 1018.8
0.28810 1018.8
0.28811 1018.8
0.28812 1018.8
0.28813 1018.8
0.28814 1018.8
0.28815 1018.8
0.28816 1018.8
0.28817 1018.8
0.28818 1018.8
0.28819 1018.8
0.28820 1018.8
0.28821 1018.8
0.28822 1018.8
0.28823 1018.8
0.28824 1018.8
0.28825 1018.8
0.28826 1018.8
0.28827 1018.8
0.28828 1018.8
0.28829 1018.8
0.28830 1018.8
0.28831 1018.8
0.28832 1018.8
0.28833 1018.8
0.28834 1018.8
0.28835 1018.8
0.28836 1018.8
0.28837 1018.8
0.28838 1018.8
0.28839 1018.8
0.28840 1018.8
0.28841 1018.8
0.28842 1018.8
0.28843 1018.8
0.28844 1018.8
0.28845 1018.8
0.28846 1018.8
0.28847 1018.8
0.28848 1018.8
0.28849 1018.8
0.28850 1018.8
0.28851 1018.8
0.28852 1018.8
0.28853 1018.8
0.28854 1018.8
0.28855 1018.8
0.28856 1018.8
0.28857 1018.8
0.28858 1018.8
0.28859 1018.8
0.28860 1018.8
0.28861 1018.8
0.28862 1018.8
0.28863 1018.8
0.28864 1018.8
0.28865 1018.8
0.28866 1018.8
0.28867 1018.8
0.28868 1018.8
0.28869 1018.8
0.28870 1018.8
0.28871 1018.8
0.28872 1018.8
0.28873 1018.8
0.28874 1018.8
0.28875 1018.8
0.28876 1018.8
0.28877 1018.8
0.28878 1018.8
0.28879 1018.8
0.28880 1018.8
0.28881 1018.8
0.28882 1018.8
0.28883 1018.8
0.28884 1018.8
0.28885 1018.8
0.28886 1018.8
0.28887 1018.8
0.28888 1018.8
0.28889 1018.8
0.28890 1018.8
0.28891 1018.8
0.28892 1018.8
0.28893 1018.8
0.28894 1018.8
0.28895 1018.8
0.28896 1018.8
0.28897 1018.8
0.28898 1018.8
0.28899 1018.8
0.28900 1018.8
0.28901 1018.8
0.28902 1018.8
0.28903 1018.8
0.28904 1018.8
0.28905 1018.8
0.28906 1018.8
0.28907 1018.8
0.28908 1018.8
0.28909 1018.8
0.28910 1018.8
0.28911 1018.8
0.28912 1018.8
0.28913 1018.8
0.28914 1018.8
0.28915 1018.8
0.28916 1018.8
0.28917 1018.8
0.28918 1018.8
0.28919 1018.8
0.28920 1018.8
0.28921 1018.8
0.28922 1018.8
0.28923 1018.8
0.28924 1018.8
0.28925 1018.8
0.28926 1018.8
0.28927 1018.8
0.28928 1018.8
0.28929 1018.8
0.28930 1018.8
0.28931 1018.8
0.28932 1018.8
0.28933 1018.8
0.28934 1018.8
0.28935 1018.8
0.28936 1018.8
0.28937 1018.8
0.28938 1018.8
0.28939 1018.8
0.28940 1018.8
0.28941 1018.8
0.28942 1018.8
0.28943 1018.8
0.28944 1018.8
0.28945 1018.8
0.28946 1018.8
0.28947 1018.8
0.28948 1018.8
0.28949 1018.8
0.28950 1018.8
0.28951 1018.8
0.28952 1018.8
0.28953 1018.8
0.28954 1018.8
0.28955 1018.8
0.28956 1018.8
0.28957 1018.8
0.28958 1018.8
0.28959 1018.8
0.28960 1018.8
0.28961 1018.8
0.28962 1018.8
0.28963 1018.8
0.28964 1018.8
0.28965 1018.8
0.28966 1018.8
0.28967 1018.8
0.28968 1018.8
0.28969 1018.8
0.28970 1018.8
0.28971 1018.8
0.28972 1018.8
0.28973 1018.8
0.28974 1018.8
0.28975 1018.8
0.28976 1018.8
0.28977 1018.8
0.28978 1018.8
0.28979 1018.8
0.28980 1018.8
0.28981 1018.8
0.28982 1018.8
0.28983 1018.8
0.28984 1018.8
0.28985 1018.8
0.28986 1018.8
0.28987 1018.8
0.28988 1018.8
0.28989 1018.8
0.28990 1018.8
0.28991 1018.8
0.28992 1018.8
0.28993 1018.8
0.28994 1018.8
0.28995 1018.8
0.28996 1018.8
0.28997 1018.8
0.28998 1018.8
0.28999 1018.8
0.29000 1018.8
0.29001 1018.8
0.29002 1018.8
0.29003 1018.8
0.29004 1018.8
0.29005 1018.8
0.29006 1018.8
0.29007 1018.8
0.29008 1018.8
0.29009 1018.8
0.29010 1018.8
0.29011 1018.8
0.29012 1018.8
0.29013 1018.8
0.29014 1018.8
0.29015 1018.8
0.29016 1018.8
0.29017 1018.8
0.29018 1018.8
0.29019 1018.8
0.29020 1018.8
0.29021 1018.8
0.29022 1018.8
0.29023 1018.8
0.29024 1018.8
0.29025 1018.8
0.29026 1018.8
0.29027 1018.8
0.29028 1018.8
0.29029 1018.8
0.29030 1018.8
0.29031 1018.8
0.29032 1018.8
0.29033 1018.8
0.29034 1018.8
0.29035 1018.8
0.29036 1018.8
0.29037 1018.8
0.29038 1018.8
0.29039 1018.8
0.29040 1018.8
0.29041 1018.8
0.29042 1018.8
0.29043 1018.8
0.29044 1018.8
0.29045 1018.8
0.29046 1018.8
0.29047 1018.8
0.29048 1018.8
0.29049 1018.8
0.29050 1018.8
0.29051 1018.8
0.29052 1018.8
0.29053 1018.8
0.29054 1018.8
0.29055 1018.8
0.29056 1018.8
0.29057 1018.8
0.29058 1018.8
0.29059 1018.8
0.29060 1018.8
0.29061 1018.8
0.29062 1018.8
0.29063 1018.8
0.29064 1018.8
0.29065 1018.8
0.29066 1018.8
0.29067 1018.8
0.29068 1018.8
0.29069 1018.8
0.29070 1018.8
0.29071 1018.8
0.29072 1018.8
0.29073 1018.8
0.29074 1018.8
0.29075 1018.8
0.29076 1018.8
0.29077 1018.8
0.29078 1018.8
0.29079 1018.8
0.29080 1018.8
0.29081 1018.8
0.29082 1018.8
0.29083 1018.8
0.29084 1018.8
0.29085 1018.8
0.29086 1018.8
0.29087 1018.8
0.29088 1018.8
0.29089 1018.8
0.29090 1018.8
0.29091 1018.8
0.29092 1018.8
0.29093 1018.8
0.29094 1018.8
0.29095 1018.8
0.29096 1018.8
0.29097 1018.8
0.29098 1018.8
0.29099 1018.8
0.29100 1018.8
0.29101 1018.8
0.29102 1018.8
0.29103 1018.8
0.29104 1018.8
0.29105 1018.8
0.29106 1018.8
0.29107 1018.8
0.29108 1018.8
0.29109 1018.8
0.29110 1018.8
0.29111 1018.8
0.29112 1018.8
0.29113 1018.8
0.29114 1018.8
0.29115 1018.8
0.29116 1018.8
0.29117 1018.8
0.29118 1018.8
0.29119 1018.8
0.29120 1018.8
0.29121 1018.8
0.29122 1018.8
0.29123 1018.8
0.29124 1018.8
0.29125 1018.8
0.29126 1018.8
0.29127 1018.8
0.29128 1018.8
0.29129 1018.8
0.29130 1018.8
0.29131 1018.8
0.29132 1018.8
0.29133 1018.8
0.29134 1018.8
0.29135 1018.8
0.29136 1018.8
0.29137 1018.8
0.29138 1018.8
0.29139 1018.8
0.29140 1018.8
0.29141 1018.8
0.29142 1018.8
0.29143 1018.8
0.29144 1018.8
0.29145 1018.8
0.29146 1018.8
0.29147 1018.8
0.29148 1018.8
0.29149 1018.8
0.29150 1018.8
0.29151 1018.8
0.29152 1018.8
0.29153 1018.8
0.29154 1018.8
0.29155 1018.8
0.29156 1018.8
0.29157 1018.8
0.29158 1018.8
0.29159 1018.8
0.29160 1018.8
0.29161 1018.8
0.29162 1018.8
0.29163 1018.8
0.29164 1018.8
0.29165 1018.8
0.29166 1018.8
0.29167 1018.8
0.29168 1018.8
0.29169 1018.8
0.29170 1018.8
0.29171 1018.8
0.29172 1018.8
0.29173 1018.8
0.29174 1018.8
0.29175 1018.8
0.29176 1018.8
0.29177 1018.8
0.29178 1018.8
0.29179 1018.8
0.29180 1018.8
0.29181 1018.8
0.29182 1018.8
0.29183 1018.8
0.29184 1018.8
0.29185 1018.8
0.29186 1018.8
0.29187 1018.8
0.29188 1018.8
0.29189 1018.8
0.29190 1018.8
0.29191 1018.8
0.29192 1018.8
0.29193 1018.8
0.29194 1018.8
0.29195 1018.8
0.29196 1018.8
0.29197 1018.8
0.29198 1018.8
0.29199 1018.8
0.29200 1018.8
0.29201 1018.8
0.29202 1018.8
0.29203 1018.8
0.29204 1018.8
0.29205 1018.8
0.29206 1018.8
0.29207 1018.8
0.29208 1018.8
0.29209 1018.8
0.29210 1018.8
0.29211 1018.8
0.29212 1018.8
0.29213 1018.8
0.29214 1018.8
0.29215 1018.8
0.29216 1018.8
0.29217 1018.8
0.29218 1018.8
0.29219 1018.8
0.29220 1018.8
0.29221 1018.8
0.29222 1018.8
0.29223 1018.8
0.29224 1018.8
0.29225 1018.8
0.29226 1018.8
0.29227 1018.8
0.29228 1018.8
0.29229 1018.8
0.29230 1018.8
0.29231 1018.8
0.29232 1018.8
0.29233 1018.8
0.29234 1018.8
0.29235 1018.8
0.29236 1018.8
0.29237 1018.8
0.29238 1018.8
0.29239 1018.8
0.29240 1018.8
0.29241 1018.8
0.29242 1018.8
0.29243 1018.8
0.29244 1018.8
0.29245 1018.8
0.29246 1018.8
0.29247 1018.8
0.29248 1018.8
0.29249 1018.8
0.29250 1018.8
0.29251 1018.8
0.29252 1018.8
0.29253 1018.8
0.29254 1018.8
0.29255 1018.8
0.29256 1018.8
0.29257 1018.8
0.29258 1018.8
0.29259 1018.8
0.29260 1018.8
0.29261 1018.8
0.29262 1018.8
0.29263 1018.8
0.29264 1018.8
0.29265 1018.8
0.29266 1018.8
0.29267 1018.8
0.29268 1018.8
0.29269 1018.8
0.29270 1018.8
0.29271 1018.8
0.29272 1018.8
0.29273 1018.8
0.29274 1018.8
0.29275 1018.8
0.29276 1018.8
0.29277 1018.8
0.29278 1018.8
0.29279 1018.8
0.29280 1018.8
0.29281 1018.8
0.29282 1018.8
0.29283 1018.8
0.29284 1018.8
0.29285 1018.8
0.29286 1018.8
0.29287 1018.8
0.29288 1018.8
0.29289 1018.8
0.29290 1018.8
0.29291 1018.8
0.29292 1018.8
0.29293 1018.8
0.29294 1018.8
0.29295 1018.8
0.29296 1018.8
0.29297 1018.8
0.29298 1018.8
0.29299 1018.8
0.29300 1018.8
0.29301 1018.8
0.29302 1018.8
0.29303 1018.8
0.29304 1018.8
0.29305 1018.8
0.29306 1018.8
0.29307 1018.8
0.29308 1018.8
0.29309 1018.8
0.29310 1018.8
0.29311 1018.8
0.29312 1018.8
0.29313 1018.8
0.29314 1018.8
0.29315 1018.8
0.29316 1018.8
0.29317 1018.8
0.29318 1018.8
0.29319 1018.8
0.29320 1018.8
0.29321 1018.8
0.29322 1018.8
0.29323 1018.8
0.29324 1018.8
0.29325 1018.8
0.29326 1018.8
0.29327 1018.8
0.29328 1018.8
0.29329 1018.8
0.29330 1018.8
0.29331 1018.8
0.29332 1018.8
0.29333 1018.8
0.29334 1018.8
0.29335 1018.8
0.29336 1018.8
0.29337 1018.8
0.29338 1018.8
0.29339 1018.8
0.29340 1018.8
0.29341 1018.8
0.29342 1018.8
0.29343 1018.8
0.29344 1018.8
0.29345 1018.8
0.29346 1018.8
0.29347 1018.8
0.29348 1018.8
0.29349 1018.8
0.29350 1018.8
0.29351 1018.8
0.29352 1018.8
0.29353 1018.8
0.29354 1018.8
0.29355 1018.8
0.29356 1018.8
0.29357 1018.8
0.29358 1018.8
0.29359 1018.8
0.29360 1018.8
0.29361 1018.8
0.29362 1018.8
0.29363 1018.8
0.29364 1018.8
0.29365 1018.8
0.29366 1018.8
0.29367 1018.8
0.29368 1018.8
0.29369 1018.8
0.29370 1018.8
0.29371 1018.8
0.29372 1018.8
0.29373 1018.8
0.29374 1018.8
0.29375 1018.8
0.29376 1018.8
0.29377 1018.8
0.29378 1018.8
0.29379 1018.8
0.29380 1018.8
0.29381 1018.8
0.29382 1018.8
0.29383 1018.8
0.29384 1018.8
0.29385 1018.8
0.29386 1018.8
0.29387 1018.8
0.29388 1018.8
0.29389 1018.8
0.29390 1018.8
0.29391 1018.8
0.29392 1018.8
0.29393 1018.8
0.29394 1018.8
0.29395 1018.8
0.29396 1018.8
0.29397 1018.8
0.29398 1018.8
0.29399 1018.8
0.29400 1018.8
0.29401 1018.8
0.29402 1018.8
0.29403 1018.8
0.29404 1018.8
0.29405 1018.8
0.29406 1018.8
0.29407 1018.8
0.29408 1018.8
0.29409 1018.8
0.29410 1018.8
0.29411 1018.8
0.29412 1018.8
0.29413 1018.8
0.29414 1018.8
0.29415 1018.8
0.29416 1018.8
0.29417 1018.8
0.29418 1018.8
0.29419 1018.8
0.29420 1018.8
0.29421 1018.8
0.29422 1018.8
0.29423 1018.8
0.29424 1018.8
0.29425 1018.8
0.29426 1018.8
0.29427 1018.8
0.29428 1018.8
0.29429 1018.8
0.29430 1018.8
0.29431 1018.8
0.29432 1018.8
0.29433 1018.8
0.29434 1018.8
0.29435 1018.8
0.29436 1018.8
0.29437 1018.8
0.29438 1018.8
0.29439 1018.8
0.29440 1018.8
0.29441 1018.8
0.29442 1018.8
0.29443 1018.8
0.29444 1018.8
0.29445 1018.8
0.29446 1018.8
0.29447 1018.8
0.29448 1018.8
0.29449 1018.8
0.29450 1018.8
0.29451 1018.8
0.29452 1018.8
0.29453 1018.8
0.29454 1018.8
0.29455 1018.8
0.29456 1018.8
0.29457 1018.8
0.29458 1018.8
0.29459 1018.8
0.29460 1018.8
0.29461 1018.8
0.29462 1018.8
0.29463 1018.8
0.29464 1018.8
0.29465 1018.8
0.29466 1018.8
0.29467 1018.8
0.29468 1018.8
0.29469 1018.8
0.29470 1018.8
0.29471 1018.8
0.29472 1018.8
0.29473 1018.8
0.29474 1018.8
0.29475 1018.8
0.29476 1018.8
0.29477 1018.8
0.29478 1018.8
0.29479 1018.8
0.29480 1018.8
0.29481 1018.8
0.29482 1018.8
0.29483 1018.8
0.29484 1018.8
0.29485 1018.8
0.29486 1018.8
0.29487 1018.8
0.29488 1018.8
0.29489 1018.8
0.29490 1018.8
0.29491 1018.8
0.29492 1018.8
0.29493 1018.8
0.29494 1018.8
0.29495 1018.8
0.29496 1018.8
0.29497 1018.8
0.29498 1018.8
0.29499 1018.8
0.29500 1018.8
0.29501 1018.8
0.29502 1018.8
0.29503 1018.8
0.29504 1018.8
0.29505 1018.8
0.29506 1018.8
0.29507 1018.8
0.29508 1018.8
0.29509 1018.8
0.29510 1018.8
0.29511 1018.8
0.29512 1018.8
0.29513 1018.8
0.29514 1018.8
0.29515 1018.8
0.29516 1018.8
0.29517 1018.8
0.29518 1018.8
0.29519 1018.8
0.29520 1018.8
0.29521 1018.8
0.29522 1018.8
0.29523 1018.8
0.29524 1018.8
0.29525 1018.8
0.29526 1018.8
0.29527 1018.8
0.29528 1018.8
0.29529 1018.8
0.29530 1018.8
0.29531 1018.8
0.29532 1018.8
0.29533 1018.8
0.29534 1018.8
0.29535 1018.8
0.29536 1018.8
0.29537 1018.8
0.29538 1018.8
0.29539 1018.8
0.29540 1018.8
0.29541 1018.8
0.29542 1018.8
0.29543 1018.8
0.29544 1018.8
0.29545 1018.8
0.29546 1018.8
0.29547 1018.8
0.29548 1018.8
0.29549 1018.8
0.29550 1018.8
0.29551 1018.8
0.29552 1018.8
0.29553 1018.8
0.29554 1018.8
0.29555 1018.8
0.29556 1018.8
0.29557 1018.8
0.29558 1018.8
0.29559 1018.8
0.29560 1018.8
0.29561 1018.8
0.29562 1018.8
0.29563 1018.8
0.29564 1018.8
0.29565 1018.8
0.29566 1018.8
0.29567 1018.8
0.29568 1018.8
0.29569 1018.8
0.29570 1018.8
0.29571 1018.8
0.29572 1018.8
0.29573 1018.8
0.29574 1018.8
0.29575 1018.8
0.29576 1018.8
0.29577 1018.8
0.29578 1018.8
0.29579 1018.8
0.29580 1018.8
0.29581 1018.8
0.29582 1018.8
0.29583 1018.8
0.29584 1018.8
0.29585 1018.8
0.29586 1018.8
0.29587 1018.8
0.29588 1018.8
0.29589 1018.8
0.29590 1018.8
0.29591 1018.8
0.29592 1018.8
0.29593 1018.8
0.29594 1018.8
0.29595 1018.8
0.29596 1018.8
0.29597 1018.8
0.29598 1018.8
0.29599 1018.8
0.29600 1018.8
0.29601 1018.8
0.29602 1018.8
0.29603 1018.8
0.29604 1018.8
0.29605 1018.8
0.29606 1018.8
0.29607 1018.8
0.29608 1018.8
0.29609 1018.8
0.29610 1018.8
0.29611 1018.8
0.29612 1018.8
0.29613 1018.8
0.29614 1018.8
0.29615 1018.8
0.29616 1018.8
0.29617 1018.8
0.29618 1018.8
0.29619 1018.8
0.29620 1018.8
0.29621 1018.8
0.29622 1018.8
0.29623 1018.8
0.29624 1018.8
0.29625 1018.8
0.29626 1018.8
0.29627 1018.8
0.29628 1018.8
0.29629 1018.8
0.29630 1018.8
0.29631 1018.8
0.29632 1018.8
0.29633 1018.8
0.29634 1018.8
0.29635 1018.8
0.29636 1018.8
0.29637 1018.8
0.29638 1018.8
0.29639 1018.8
0.29640 1018.8
0.29641 1018.8
0.29642 1018.8
0.29643 1018.8
0.29644 1018.8
0.29645 1018.8
0.29646 1018.8
0.29647 1018.8
0.29648 1018.8
0.29649 1018.8
0.29650 1018.8
0.29651 1018.8
0.29652 1018.8
0.29653 1018.8
0.29654 1018.8
0.29655 1018.8
0.29656 1018.8
0.29657 1018.8
0.29658 1018.8
0.29659 1018.8
0.29660 1018.8
0.29661 1018.8
0.29662 1018.8
0.29663 1018.8
0.29664 1018.8
0.29665 1018.8
0.29666 1018.8
0.29667 1018.8
0.29668 1018.8
0.29669 1018.8
0.29670 1018.8
0.29671 1018.8
0.29672 1018.8
0.29673 1018.8
0.29674 1018.8
0.29675 1018.8
0.29676 1018.8
0.29677 1018.8
0.29678 1018.8
0.29679 1018.8
0.29680 1018.8
0.29681 1018.8
0.29682 1018.8
0.29683 1018.8
0.29684 1018.8
0.29685 1018.8
0.29686 1018.8
0.29687 1018.8
0.29688 1018.8
0.29689 1018.8
0.29690 1018.8
0.29691 1018.8
0.29692 1018.8
0.29693 1018.8
0.29694 1018.8
0.29695 1018.8
0.29696 1018.8
0.29697 1018.8
0.29698 1018.8
0.29699 1018.8
0.29700 1018.8
0.29701 1018.8
0.29702 1018.8
0.29703 1018.8
0.29704 1018.8
0.29705 1018.8
0.29706 1018.8
0.29707 1018.8
0.29708 1018.8
0.29709 1018.8
0.29710 1018.8
0.29711 1018.8
0.29712 1018.8
0.29713 1018.8
0.29714 1018.8
0.29715 1018.8
0.29716 1018.8
0.29717 1018.8
0.29718 1018.8
0.29719 1018.8
0.29720 1018.8
0.29721 1018.8
0.29722 1018.8
0.29723 1018.8
0.29724 1018.8
0.29725 1018.8
0.29726 1018.8
0.29727 1018.8
0.29728 1018.8
0.29729 1018.8
0.29730 1018.8
0.29731 1018.8
0.29732 1018.8
0.29733 1018.8
0.29734 1018.8
0.29735 1018.8
0.29736 1018.8
0.29737 1018.8
0.29738 1018.8
0.29739 1018.8
0.29740 1018.8
0.29741 1018.8
0.29742 1018.8
0.29743 1018.8
0.29744 1018.8
0.29745 1018.8
0.29746 1018.8
0.29747 1018.8
0.29748 1018.8
0.29749 1018.8
0.29750 1018.8
0.29751 1018.8
0.29752 1018.8
0.29753 1018.8
0.29754 1018.8
0.29755 1018.8
0.29756 1018.8
0.29757 1018.8
0.29758 1018.8
0.29759 1018.8
0.29760 1018.8
0.29761 1018.8
0.29762 1018.8
0.29763 1018.8
0.29764 1018.8
0.29765 1018.8
0.29766 1018.8
0.29767 1018.8
0.29768 1018.8
0.29769 1018.8
0.29770 1018.8
0.29771 1018.8
0.29772 1018.8
0.29773 1018.8
0.29774 1018.8
0.29775 1018.8
0.29776 1018.8
0.29777 1018.8
0.29778 1018.8
0.29779 1018.8
0.29780 1018.8
0.29781 1018.8
0.29782 1018.8
0.29783 1018.8
0.29784 1018.8
0.29785 1018.8
0.29786 1018.8
0.29787 1018.8
0.29788 1018.8
0.29789 1018.8
0.29790 1018.8
0.29791 1018.8
0.29792 1018.8
0.29793 1018.8
0.29794 1018.8
0.29795 1018.8
0.29796 1018.8
0.29797 1018.8
0.29798 1018.8
0.29799 1018.8
0.29800 1018.8
0.29801 1018.8
0.29802 1018.8
0.29803 1018.8
0.29804 1018.8
0.29805 1018.8
0.29806 1018.8
0.29807 1018.8
0.29808 1018.8
0.29809 1018.8
0.29810 1018.8
0.29811 1018.8
0.29812 1018.8
0.29813 1018.8
0.29814 1018.8
0.29815 1018.8
0.29816 1018.8
0.29817 1018.8
0.29818 1018.8
0.29819 1018.8
0.29820 1018.8
0.29821 1018.8
0.29822 1018.8
0.29823 1018.8
0.29824 1018.8
0.29825 1018.8
0.29826 1018.8
0.29827 1018.8
0.29828 1018.8
0.29829 1018.8
0.29830 1018.8
0.29831 1018.8
0.29832 1018.8
0.29833 1018.8
0.29834 1018.8
0.29835 1018.8
0.29836 1018.8
0.29837 1018.8
0.29838 1018.8
0.29839 1018.8
0.29840 1018.8
0.29841 1018.8
0.29842 1018.8
0.29843 1018.8
0.29844 1018.8
0.29845 1018.8
0.29846 1018.8
0.29847 1018.8
0.29848 1018.8
0.29849 1018.8
0.29850 1018.8
0.29851 1018.8
0.29852 1018.8
0.29853 1018.8
0.29854 1018.8
0.29855 1018.8
0.29856 1018.8
0.29857 1018.8
0.29858 1018.8
0.29859 1018.8
0.29860 1018.8
0.29861 1018.8
0.29862 1018.8
0.29863 1018.8
0.29864 1018.8
0.29865 1018.8
0.29866 1018.8
0.29867 1018.8
0.29868 1018.8
0.29869 1018.8
0.29870 1018.8
0.29871 1018.8
0.29872 1018.8
0.29873 1018.8
0.29874 1018.8
0.29875 1018.8
0.29876 1018.8
0.29877 1018.8
0.29878 1018.8
0.29879 1018.8
0.29880 1018.8
0.29881 1018.8
0.29882 1018.8
0.29883 1018.8
0.29884 1018.8
0.29885 1018.8
0.29886 1018.8
0.29887 1018.8
0.29888 1018.8
0.29889 1018.8
0.29890 1018.8
0.29891 1018.8
0.29892 1018.8
0.29893 1018.8
0.29894 1018.8
0.29895 1018.8
0.29896 1018.8
0.29897 1018.8
0.29898 1018.8
0.29899 1018.8
0.29900 1018.8
0.29901 1018.8
0.29902 1018.8
0.29903 1018.8
0.29904 1018.8
0.29905 1018.8
0.29906 1018.8
0.29907 1018.8
0.29908 1018.8
0.29909 1018.8
0.29910 1018.8
0.29911 1018.8
0.29912 1018.8
0.29913 1018.8
0.29914 1018.8
0.29915 1018.8
0.29916 1018.8
0.29917 1018.8
0.29918 1018.8
0.29919 1018.8
0.29920 1018.8
0.29921 1018.8
0.29922 1018.8
0.29923 1018.8
0.29924 1018.8
0.29925 1018.8
0.29926 1018.8
0.29927 1018.8
0.29928 1018.8
0.29929 1018.8
0.29930 1018.8
0.29931 1018.8
0.29932 1018.8
0.29933 1018.8
0.29934 1018.8
0.29935 1018.8
0.29936 1018.8
0.29937 1018.8
0.29938 1018.8
0.29939 1018.8
0.29940 1018.8
0.29941 1018.8
0.29942 1018.8
0.29943 1018.8
0.29944 1018.8
0.29945 1018.8
0.29946 1018.8
0.29947 1018.8
0.29948 1018.8
0.29949 1018.8
0.29950 1018.8
0.29951 1018.8
0.29952 1018.8
0.29953 1018.8
0.29954 1018.8
0.29955 1018.8
0.29956 1018.8
0.29957 1018.8
0.29958 1018.8
0.29959 1018.8
0.29960 1018.8
0.29961 1018.8
0.29962 1018.8
0.29963 1018.8
0.29964 1018.8
0.29965 1018.8
0.29966 1018.8
0.29967 1018.8
0.29968 1018.8
0.29969 1018.8
0.29970 1018.8
0.29971 1018.8
0.29972 1018.8
0.29973 1018.8
0.29974 1018.8
0.29975 1018.8
0.29976 1018.8
0.29977 1018.8
0.29978 1018.8
0.29979 1018.8
0.29980 1018.8
0.29981 1018.8
0.29982 1018.8
0.29983 1018.8
0.29984 1018.8
0.29985 1018.8
0.29986 1018.8
0.29987 1018.8
0.29988 1018.8
0.29989 1018.8
0.29990 1018.8
0.29991 1018.8
0.29992 1018.8
0.29993 1018.8
0.29994 1018.8
0.29995 1018.8
0.29996 1018.8
0.29997 1018.8
0.29998 1018.8
0.29999 1018.8
0.30000 1018.8
0.30001 1018.8
0.30002 1018.8
0.30003 1018.8
0.30004 1018.8
0.30005 1018.8
0.30006 1018.8
0.30007 1018.8
0.30008 1018.8
0.30009 1018.8
0.30010 1018.8
0.30011 1018.8
0.30012 1018.8
0.30013 1018.8
0.30014 1018.8
0.30015 1018.8
0.30016 1018.8
0.30017 1018.8
0.30018 1018.8
0.30019 1018.8
0.30020 1018.8
0.30021 1018.8
0.30022 1018.8
0.30023 1018.8
0.30024 1018.8
0.30025 1018.8
0.30026 1018.8
0.30027 1018.8
0.30028 1018.8
0.30029 1018.8
0.30030 1018.8
0.30031 1018.8
0.30032 1018.8
0.30033 1018.8
0.30034 1018.8
0.30035 1018.8
0.30036 1018.8
0.30037 1018.8
0.30038 1018.8
0.30039 1018.8
0.30040 1018.8
0.30041 1018.8
0.30042 1018.8
0.30043 1018.8
0.30044 1018.8
0.30045 1018.8
0.30046 1018.8
0.30047 1018.8
0.30048 1018.8
0.30049 1018.8
0.30050 1018.8
0.30051 1018.8
0.30052 1018.8
0.30053 1018.8
0.30054 1018.8
0.30055 1018.8
0.30056 1018.8
0.30057 1018.8
0.30058 1018.8
0.30059 1018.8
0.30060 1018.8
0.30061 1018.8
0.30062 1018.8
0.30063 1018.8
0.30064 1018.8
0.30065 1018.8
0.30066 1018.8
0.30067 1018.8
0.30068 1018.8
0.30069 1018.8
0.30070 1018.8
0.30071 1018.8
0.30072 1018.8
0.30073 1018.8
0.30074 1018.8
0.30075 1018.8
0.30076 1018.8
0.30077 1018.8
0.30078 1018.8
0.30079 1018.8
0.30080 1018.8
0.30081 1018.8
0.30082 1018.8
0.30083 1018.8
0.30084 1018.8
0.30085 1018.8
0.30086 1018.8
0.30087 1018.8
0.30088 1018.8
0.30089 1018.8
0.30090 1018.8
0.30091 1018.8
0.30092 1018.8
0.30093 1018.8
0.30094 1018.8
0.30095 1018.8
0.30096 1018.8
0.30097 1018.8
0.30098 1018.8
0.30099 1018.8
0.30100 1018.8
0.30101 1037.4
0.30102 1056.2
0.30103 1075.4
0.30104 1094.8
0.30105 1114.5
0.30106 1134.5
0.30107 1154.8
0.30108 1175.4
0.30109 1196.3
0.30110 1217.5
0.30111 1239.0
0.30112 1260.9
0.30113 1283.0
0.30114 1305.5
0.30115 1328.4
0.30116 1351.6
0.30117 1375.1
0.30118 1399.1
0.30119 1423.3
0.30120 1448.0
0.30121 1473.1
0.30122 1498.6
0.30123 1524.5
0.30124 1550.9
0.30125 1577.7
0.30126 1605.1
0.30127 1632.9
0.30128 1661.4
0.30129 1690.5
0.30130 1720.2
0.30131 1750.6
0.30132 1781.9
0.30133 1814.0
0.30134 1847.1
0.30135 1881.2
0.30136 1916.6
0.30137 1953.3
0.30138 1991.6
0.30139 2031.6
0.30140 2073.7
0.30141 2118.0
0.30142 2164.9
0.30143 2214.9
0.30144 2268.5
0.30145 2326.1
0.30146 2388.6
0.30147 2456.8
0.30148 2531.6
0.30149 2614.3
0.30150 2706.4
0.30151 2759.8
0.30152 2823.8
0.30153 2900.0
0.30154 2990.1
0.30155 3096.1
0.30156 3220.5
0.30157 3366.1
0.30158 3536.0
0.30159 3733.9
0.30160 3963.5
0.30161 4228.2
0.30162 4530.7
0.30163 4871.5
0.30164 5248.3
0.30165 5653.7
0.30166 6075.8
0.30167 6498.1
0.30168 6903.3
0.30169 7276.3
0.30170 7607.5
0.30171 7893.0
0.30172 8133.4
0.30173 8332.1
0.30174 8493.5
0.30175 8622.5
0.30176 8723.1
0.30177 8799.2
0.30178 8853.7
0.30179 8889.3
0.30180 8908.0
0.30181 8911.7
0.30182 8901.7
0.30183 8879.2
0.30184 8845.3
0.30185 8800.7
0.30186 8746.1
0.30187 8682.3
0.30188 8609.7
0.30189 8528.8
0.30190 8440.1
0.30191 8344.0
0.30192 8240.9
0.30193 8131.3
0.30194 8015.5
0.30195 7894.1
0.30196 7767.3
0.30197 7635.6
0.30198 7499.5
0.30199 7359.5
0.30200 7215.9
0.30201 7069.2
0.30202 6920.0
0.30203 6768.6
0.30204 6615.6
0.30205 6461.4
0.30206 6306.5
0.30207 6151.3
0.30208 5996.2
0.30209 5841.8
0.30210 5688.3
0.30211 5536.2
0.30212 5385.8
0.30213 5237.5
0.30214 5091.4
0.30215 4948.1
0.30216 4807.5
0.30217 4670.1
0.30218 4535.9
0.30219 4405.1
0.30220 4277.9
0.30221 4154.4
0.30222 4034.6
0.30223 3918.6
0.30224 3806.5
0.30225 3698.1
0.30226 3593.6
0.30227 3492.9
0.30228 3395.9
0.30229 3302.6
0.30230 3213.0
0.30231 3126.9
0.30232 3044.2
0.30233 2964.9
0.30234 2888.8
0.30235 2815.9
0.30236 2746.0
0.30237 2679.0
0.30238 2614.8
0.30239 2553.4
0.30240 2494.5
0.30241 2438.0
0.30242 2384.0
0.30243 2332.1
0.30244 2282.5
0.30245 2234.9
0.30246 2189.2
0.30247 2145.4
0.30248 2103.4
0.30249 2063.0
0.30250 2024.3
0.30251 1987.0
0.30252 1951.2
0.30253 1916.8
0.30254 1883.8
0.30255 1851.9
0.30256 1821.3
0.30257 1791.8
0.30258 1763.3
0.30259 1735.9
0.30260 1709.5
0.30261 1684.1
0.30262 1659.5
0.30263 1635.8
0.30264 1612.9
0.30265 1590.9
0.30266 1569.6
0.30267 1549.0
0.30268 1529.1
0.30269 1509.9
0.30270 1491.4
0.30271 1473.5
0.30272 1456.2
0.30273 1439.5
0.30274 1423.4
0.30275 1407.8
0.30276 1392.8
0.30277 1378.3
0.30278 1364.2
0.30279 1350.7
0.30280 1337.6
0.30281 1325.0
0.30282 1312.8
0.30283 1301.1
0.30284 1289.7
0.30285 1278.8
0.30286 1268.2
0.30287 1258.0
0.30288 1248.2
0.30289 1238.7
0.30290 1229.6
0.30291 1220.7
0.30292 1212.2
0.30293 1204.0
0.30294 1196.1
0.30295 1188.5
0.30296 1181.1
0.30297 1174.0
0.30298 1167.2
0.30299 1160.6
0.30300 1154.2
0.30301 1148.1
0.30302 1142.2
0.30303 1136.5
0.30304 1130.9
0.30305 1125.6
0.30306 1120.5
0.30307 1115.5
0.30308 1110.8
0.30309 1106.1
0.30310 1101.7
0.30311 1097.4
0.30312 1093.2
0.30313 1089.2
0.30314 1085.3
0.30315 1081.6
0.30316 1078.0
0.30317 1074.5
0.30318 1071.1
0.30319 1067.8
0.30320 1064.6
0.30321 1061.6
0.30322 1058.6
0.30323 1055.8
0.30324 1053.0
0.30325 1050.3
0.30326 1047.7
0.30327 1045.2
0.30328 1042.8
0.30329 1040.4
0.30330 1038.2
0.30331 1036.0
0.30332 1033.8
0.30333 1031.8
0.30334 1029.8
0.30335 1027.8
0.30336 1025.9
0.30337 1024.1
0.30338 1022.3
0.30339 1020.6
0.30340 1019.0
0.30341 1017.3
0.30342 1015.8
0.30343 1014.3
0.30344 1012.8
0.30345 1011.4
0.30346 1010.0
0.30347 1008.6
0.30348 1007.3
0.30349 1006.1
0.30350 1004.8
0.30351 1003.6
0.30352 1002.5
0.30353 1001.3
0.30354 1000.3
0.30355 999.2
0.30356 998.2
0.30357 997.2
0.30358 996.2
0.30359 995.2
0.30360 994.3
0.30361 993.4
0.30362 992.5
0.30363 991.7
0.30364 990.9
0.30365 990.1
0.30366 989.3
0.30367 988.5
0.30368 987.8
0.30369 987.1
0.30370 986.4
0.30371 985.7
0.30372 985.1
0.30373 984.4
0.30374 983.8
0.30375 983.2
0.30376 982.6
0.30377 982.0
0.30378 981.5
0.30379 980.9
0.30380 980.4
0.30381 979.9
0.30382 979.4
0.30383 978.9
0.30384 978.4
0.30385 978.0
0.30386 977.5
0.30387 977.1
0.30388 976.6
0.30389 976.2
0.30390 975.8
0.30391 975.4
0.30392 975.0
0.30393 974.7
0.30394 974.3
0.30395 974.0
0.30396 973.6
0.30397 973.3
0.30398 972.9
0.30399 972.6
0.30400 972.3
0.30401 972.0
0.30402 971.7
0.30403 971.4
0.30404 971.1
0.30405 970.9
0.30406 970.6
0.30407 970.3
0.30408 970.1
0.30409 969.8
0.30410 969.6
0.30411 969.4
0.30412 969.1
0.30413 968.9
0.30414 968.7
0.30415 968.5
0.30416 968.3
0.30417 968.1
0.30418 967.9
0.30419 967.7
0.30420 967.5
0.30421 967.3
0.30422 967.2
0.30423 967.0
0.30424 966.8
0.30425 966.7
0.30426 966.5
0.30427 966.4
0.30428 966.2
0.30429 966.1
0.30430 965.9
0.30431 965.8
0.30432 965.7
0.30433 965.5
0.30434 965.4
0.30435 965.3
0.30436 965.2
0.30437 965.0
0.30438 964.9
0.30439 964.8
0.30440 964.7
0.30441 964.6
0.30442 964.5
0.30443 964.4
0.30444 964.3
0.30445 964.2
0.30446 964.1
0.30447 964.0
0.30448 963.9
0.30449 963.9
0.30450 963.8
0.30451 963.7
0.30452 963.6
0.30453 963.6
0.30454 963.5
0.30455 963.4
0.30456 963.4
0.30457 963.3
0.30458 963.2
0.30459 963.2
0.30460 963.1
0.30461 963.1
0.30462 963.0
0.30463 962.9
0.30464 962.9
0.30465 962.8
0.30466 962.8
0.30467 962.8
0.30468 962.7
0.30469 962.7
0.30470 962.6
0.30471 962.6
0.30472 962.6
0.30473 962.5
0.30474 962.5
0.30475 962.4
0.30476 962.4
0.30477 962.4
0.30478 962.4
0.30479 962.3
0.30480 962.3
0.30481 962.3
0.30482 962.3
0.30483 962.2
0.30484 962.2
0.30485 962.2
0.30486 962.2
0.30487 962.2
0.30488 962.1
0.30489 962.1
0.30490 962.1
0.30491 962.1
0.30492 962.1
0.30493 962.1
0.30494 962.1
0.30495 962.1
0.30496 962.0
0.30497 962.0
0.30498 962.0
0.30499 962.0
0.30500 962.0
0.30501 962.0
0.30502 962.0
0.30503 962.0
0.30504 962.0
0.30505 962.0
0.30506 962.0
0.30507 962.0
0.30508 962.0
0.30509 962.0
0.30510 962.0
0.30511 962.0
0.30512 962.0
0.30513 962.0
0.30514 962.1
0.30515 962.1
0.30516 962.1
0.30517 962.1
0.30518 962.1
0.30519 962.1
0.30520 962.1
0.30521 962.1
0.30522 962.1
0.30523 962.1
0.30524 962.2
0.30525 962.2
0.30526 962.2
0.30527 962.2
0.30528 962.2
0.30529 962.2
0.30530 962.3
0.30531 962.3
0.30532 962.3
0.30533 962.3
0.30534 962.3
0.30535 962.3
0.30536 962.4
0.30537 962.4
0.30538 962.4
0.30539 962.4
0.30540 962.5
0.30541 962.5
0.30542 962.5
0.30543 962.5
0.30544 962.5
0.30545 962.6
0.30546 962.6
0.30547 962.6
0.30548 962.6
0.30549 962.7
0.30550 962.7
0.30551 962.7
0.30552 962.8
0.30553 962.8
0.30554 962.8
0.30555 962.8
0.30556 962.9
0.30557 962.9
0.30558 962.9
0.30559 963.0
0.30560 963.0
0.30561 963.0
0.30562 963.0
0.30563 963.1
0.30564 963.1
0.30565 963.1
0.30566 963.2
0.30567 963.2
0.30568 963.2
0.30569 963.3
0.30570 963.3
0.30571 963.3
0.30572 963.4
0.30573 963.4
0.30574 963.4
0.30575 963.5
0.30576 963.5
0.30577 963.6
0.30578 963.6
0.30579 963.6
0.30580 963.7
0.30581 963.7
0.30582 963.7
0.30583 963.8
0.30584 963.8
0.30585 963.8
0.30586 963.9
0.30587 963.9
0.30588 964.0
0.30589 964.0
0.30590 964.0
0.30591 964.1
0.30592 964.1
0.30593 964.2
0.30594 964.2
0.30595 964.2
0.30596 964.3
0.30597 964.3
0.30598 964.4
0.30599 964.4
0.30600 964.4
0.30601 964.5
0.30602 964.5
0.30603 964.6
0.30604 964.6
0.30605 964.7
0.30606 964.7
0.30607 964.7
0.30608 964.8
0.30609 964.8
0.30610 964.9
0.30611 964.9
0.30612 965.0
0.30613 965.0
0.30614 965.0
0.30615 965.1
0.30616 965.1
0.30617 965.2
0.30618 965.2
0.30619 965.3
0.30620 965.3
0.30621 965.4
0.30622 965.4
0.30623 965.4
0.30624 965.5
0.30625 965.5
0.30626 965.6
0.30627 965.6
0.30628 965.7
0.30629 965.7
0.30630 965.8
0.30631 965.8
0.30632 965.9
0.30633 965.9
0.30634 966.0
0.30635 966.0
0.30636 966.1
0.30637 966.1
0.30638 966.1
0.30639 966.2
0.30640 966.2
0.30641 966.3
0.30642 966.3
0.30643 966.4
0.30644 966.4
0.30645 966.5
0.30646 966.5
0.30647 966.6
0.30648 966.6
0.30649 966.7
0.30650 966.7
0.30651 966.8
0.30652 966.8
0.30653 966.9
0.30654 966.9
0.30655 967.0
0.30656 967.0
0.30657 967.1
0.30658 967.1
0.30659 967.2
0.30660 967.2
0.30661 967.3
0.30662 967.3
0.30663 967.4
0.30664 967.4
0.30665 967.5
0.30666 967.5
0.30667 967.6
0.30668 967.6
0.30669 967.7
0.30670 967.7
0.30671 967.8
0.30672 967.8
0.30673 967.9
0.30674 967.9
0.30675 968.0
0.30676 968.1
0.30677 968.1
0.30678 968.2
0.30679 968.2
0.30680 968.3
0.30681 968.3
0.30682 968.4
0.30683 968.4
0.30684 968.5
0.30685 968.5
0.30686 968.6
0.30687 968.6
0.30688 968.7
0.30689 968.7
0.30690 968.8
0.30691 968.8
0.30692 968.9
0.30693 968.9
0.30694 969.0
0.30695 969.1
0.30696 969.1
0.30697 969.2
0.30698 969.2
0.30699 969.3
0.30700 969.3
0.30701 969.4
0.30702 969.4
0.30703 969.5
0.30704 969.5
0.30705 969.6
0.30706 969.6
0.30707 969.7
0.30708 969.8
0.30709 969.8
0.30710 969.9
0.30711 969.9
0.30712 970.0
0.30713 970.0
0.30714 970.1
0.30715 970.1
0.30716 970.2
0.30717 970.2
0.30718 970.3
0.30719 970.4
0.30720 970.4
0.30721 970.5
0.30722 970.5
0.30723 970.6
0.30724 970.6
0.30725 970.7
0.30726 970.7
0.30727 970.8
0.30728 970.9
0.30729 970.9
0.30730 971.0
0.30731 971.0
0.30732 971.1
0.30733 971.1
0.30734 971.2
0.30735 971.2
0.30736 971.3
0.30737 971.4
0.30738 971.4
0.30739 971.5
0.30740 971.5
0.30741 971.6
0.30742 971.6
0.30743 971.7
0.30744 971.7
0.30745 971.8
0.30746 971.9
0.30747 971.9
0.30748 972.0
0.30749 972.0
0.30750 972.1
0.30751 972.1
0.30752 972.2
0.30753 972.3
0.30754 972.3
0.30755 972.4
0.30756 972.4
0.30757 972.5
0.30758 972.5
0.30759 972.6
0.30760 972.6
0.30761 972.7
0.30762 972.8
0.30763 972.8
0.30764 972.9
0.30765 972.9
0.30766 973.0
0.30767 973.0
0.30768 973.1
0.30769 973.2
0.30770 973.2
0.30771 973.3
0.30772 973.3
0.30773 973.4
0.30774 973.4
0.30775 973.5
0.30776 973.6
0.30777 973.6
0.30778 973.7
0.30779 973.7
0.30780 973.8
0.30781 973.8
0.30782 973.9
0.30783 973.9
0.30784 974.0
0.30785 974.1
0.30786 974.1
0.30787 974.2
0.30788 974.2
0.30789 974.3
0.30790 974.3
0.30791 974.4
0.30792 974.5
0.30793 974.5
0.30794 974.6
0.30795 974.6
0.30796 974.7
0.30797 974.7
0.30798 974.8
0.30799 974.9
0.30800 974.9
0.30801 975.0
0.30802 975.0
0.30803 975.1
0.30804 975.1
0.30805 975.2
0.30806 975.3
0.30807 975.3
0.30808 975.4
0.30809 975.4
0.30810 975.5
0.30811 975.5
0.30812 975.6
0.30813 975.7
0.30814 975.7
0.30815 975.8
0.30816 975.8
0.30817 975.9
0.30818 975.9
0.30819 976.0
0.30820 976.1
0.30821 976.1
0.30822 976.2
0.30823 976.2
0.30824 976.3
0.30825 976.3
0.30826 976.4
0.30827 976.5
0.30828 976.5
0.30829 976.6
0.30830 976.6
0.30831 976.7
0.30832 976.7
0.30833 976.8
0.30834 976.9
0.30835 976.9
0.30836 977.0
0.30837 977.0
0.30838 977.1
0.30839 977.1
0.30840 977.2
0.30841 977.3
0.30842 977.3
0.30843 977.4
0.30844 977.4
0.30845 977.5
0.30846 977.5
0.30847 977.6
0.30848 977.6
0.30849 977.7
0.30850 977.8
0.30851 977.8
0.30852 977.9
0.30853 977.9
0.30854 978.0
0.30855 978.0
0.30856 978.1
0.30857 978.2
0.30858 978.2
0.30859 978.3
0.30860 978.3
0.30861 978.4
0.30862 978.4
0.30863 978.5
0.30864 978.6
0.30865 978.6
0.30866 978.7
0.30867 978.7
0.30868 978.8
0.30869 978.8
0.30870 978.9
0.30871 979.0
0.30872 979.0
0.30873 979.1
0.30874 979.1
0.30875 979.2
0.30876 979.2
0.30877 979.3
0.30878 979.3
0.30879 979.4
0.30880 979.5
0.30881 979.5
0.30882 979.6
0.30883 979.6
0.30884 979.7
0.30885 979.7
0.30886 979.8
0.30887 979.8
0.30888 979.9
0.30889 980.0
0.30890 980.0
0.30891 980.1
0.30892 980.1
0.30893 980.2
0.30894 980.2
0.30895 980.3
0.30896 980.4
0.30897 980.4
0.30898 980.5
0.30899 980.5
0.30900 980.6
0.30901 980.6
0.30902 980.7
0.30903 980.7
0.30904 980.8
0.30905 980.9
0.30906 980.9
0.30907 981.0
0.30908 981.0
0.30909 981.1
0.30910 981.1
0.30911 981.2
0.30912 981.2
0.30913 981.3
0.30914 981.4
0.30915 981.4
0.30916 981.5
0.30917 981.5
0.30918 981.6
0.30919 981.6
0.30920 981.7
0.30921 981.7
0.30922 981.8
0.30923 981.8
0.30924 981.9
0.30925 982.0
0.30926 982.0
0.30927 982.1
0.30928 982.1
0.30929 982.2
0.30930 982.2
0.30931 982.3
0.30932 982.3
0.30933 982.4
0.30934 982.4
0.30935 982.5
0.30936 982.6
0.30937 982.6
0.30938 982.7
0.30939 982.7
0.30940 982.8
0.30941 982.8
0.30942 982.9
0.30943 982.9
0.30944 983.0
0.30945 983.0
0.30946 983.1
0.30947 983.2
0.30948 983.2
0.30949 983.3
0.30950 983.3
0.30951 983.4
0.30952 983.4
0.30953 983.5
0.30954 983.5
0.30955 983.6
0.30956 983.6
0.30957 983.7
0.30958 983.7
0.30959 983.8
0.30960 983.9
0.30961 983.9
0.30962 984.0
0.30963 984.0
0.30964 984.1
0.30965 984.1
0.30966 984.2
0.30967 984.2
0.30968 984.3
0.30969 984.3
0.30970 984.4
0.30971 984.4
0.30972 984.5
0.30973 984.5
0.30974 984.6
0.30975 984.6
0.30976 984.7
0.30977 984.8
0.30978 984.8
0.30979 984.9
0.30980 984.9
0.30981 985.0
0.30982 985.0
0.30983 985.1
0.30984 985.1
0.30985 985.2
0.30986 985.2
0.30987 985.3
0.30988 985.3
0.30989 985.4
0.30990 985.4
0.30991 985.5
0.30992 985.5
0.30993 985.6
0.30994 985.6
0.30995 985.7
0.30996 985.7
0.30997 985.8
0.30998 985.9
0.30999 985.9
0.31000 986.0
0.31001 986.0
0.31002 986.1
0.31003 986.1
0.31004 986.2
0.31005 986.2
0.31006 986.3
0.31007 986.3
0.31008 986.4
0.31009 986.4
0.31010 986.5
0.31011 986.5
0.31012 986.6
0.31013 986.6
0.31014 986.7
0.31015 986.7
0.31016 986.8
0.31017 986.8
0.31018 986.9
0.31019 986.9
0.31020 987.0
0.31021 987.0
0.31022 987.1
0.31023 987.1
0.31024 987.2
0.31025 987.2
0.31026 987.3
0.31027 987.3
0.31028 987.4
0.31029 987.4
0.31030 987.5
0.31031 987.5
0.31032 987.6
0.31033 987.6
0.31034 987.7
0.31035 987.7
0.31036 987.8
0.31037 987.8
0.31038 987.9
0.31039 987.9
0.31040 988.0
0.31041 988.0
0.31042 988.1
0.31043 988.1
0.31044 988.2
0.31045 988.2
0.31046 988.3
0.31047 988.3
0.31048 988.4
0.31049 988.4
0.31050 988.5
0.31051 988.5
0.31052 988.6
0.31053 988.6
0.31054 988.7
0.31055 988.7
0.31056 988.8
0.31057 988.8
0.31058 988.9
0.31059 988.9
0.31060 989.0
0.31061 989.0
0.31062 989.1
0.31063 989.1
0.31064 989.2
0.31065 989.2
0.31066 989.3
0.31067 989.3
0.31068 989.3
0.31069 989.4
0.31070 989.4
0.31071 989.5
0.31072 989.5
0.31073 989.6
0.31074 989.6
0.31075 989.7
0.31076 989.7
0.31077 989.8
0.31078 989.8
0.31079 989.9
0.31080 989.9
0.31081 990.0
0.31082 990.0
0.31083 990.1
0.31084 990.1
0.31085 990.2
0.31086 990.2
0.31087 990.3
0.31088 990.3
0.31089 990.3
0.31090 990.4
0.31091 990.4
0.31092 990.5
0.31093 990.5
0.31094 990.6
0.31095 990.6
0.31096 990.7
0.31097 990.7
0.31098 990.8
0.31099 990.8
0.31100 990.9
0.31101 990.9
0.31102 991.0
0.31103 991.0
0.31104 991.0
0.31105 991.1
0.31106 991.1
0.31107 991.2
0.31108 991.2
0.31109 991.3
0.31110 991.3
0.31111 991.4
0.31112 991.4
0.31113 991.5
0.31114 991.5
0.31115 991.6
0.31116 991.6
0.31117 991.6
0.31118 991.7
0.31119 991.7
0.31120 991.8
0.31121 991.8
0.31122 991.9
0.31123 991.9
0.31124 992.0
0.31125 992.0
0.31126 992.0
0.31127 992.1
0.31128 992.1
0.31129 992.2
0.31130 992.2
0.31131 992.3
0.31132 992.3
0.31133 992.4
0.31134 992.4
0.31135 992.4
0.31136 992.5
0.31137 992.5
0.31138 992.6
0.31139 992.6
0.31140 992.7
0.31141 992.7
0.31142 992.8
0.31143 992.8
0.31144 992.8
0.31145 992.9
0.31146 992.9
0.31147 993.0
0.31148 993.0
0.31149 993.1
0.31150 993.1
0.31151 993.2
0.31152 993.2
0.31153 993.2
0.31154 993.3
0.31155 993.3
0.31156 993.4
0.31157 993.4
0.31158 993.5
0.31159 993.5
0.31160 993.5
0.31161 993.6
0.31162 993.6
0.31163 993.7
0.31164 993.7
0.31165 993.8
0.31166 993.8
0.31167 993.8
0.31168 993.9
0.31169 993.9
0.31170 994.0
0.31171 994.0
0.31172 994.1
0.31173 994.1
0.31174 994.1
0.31175 994.2
0.31176 994.2
0.31177 994.3
0.31178 994.3
0.31179 994.3
0.31180 994.4
0.31181 994.4
0.31182 994.5
0.31183 994.5
0.31184 994.6
0.31185 994.6
0.31186 994.6
0.31187 994.7
0.31188 994.7
0.31189 994.8
0.31190 994.8
0.31191 994.8
0.31192 994.9
0.31193 994.9
0.31194 995.0
0.31195 995.0
0.31196 995.0
0.31197 995.1
0.31198 995.1
0.31199 995.2
0.31200 995.2
0.31201 995.2
0.31202 995.3
0.31203 995.3
0.31204 995.4
0.31205 995.4
0.31206 995.5
0.31207 995.5
0.31208 995.5
0.31209 995.6
0.31210 995.6
0.31211 995.7
0.31212 995.7
0.31213 995.7
0.31214 995.8
0.31215 995.8
0.31216 995.9
0.31217 995.9
0.31218 995.9
0.31219 996.0
0.31220 996.0
0.31221 996.0
0.31222 996.1
0.31223 996.1
0.31224 996.2
0.31225 996.2
0.31226 996.2
0.31227 996.3
0.31228 996.3
0.31229 996.4
0.31230 996.4
0.31231 996.4
0.31232 996.5
0.31233 996.5
0.31234 996.6
0.31235 996.6
0.31236 996.6
0.31237 996.7
0.31238 996.7
0.31239 996.7
0.31240 996.8
0.31241 996.8
0.31242 996.9
0.31243 996.9
0.31244 996.9
0.31245 997.0
0.31246 997.0
0.31247 997.1
0.31248 997.1
0.31249 997.1
0.31250 997.2
0.31251 997.2
0.31252 997.2
0.31253 997.3
0.31254 997.3
0.31255 997.4
0.31256 997.4
0.31257 997.4
0.31258 997.5
0.31259 997.5
0.31260 997.5
0.31261 997.6
0.31262 997.6
0.31263 997.6
0.31264 997.7
0.31265 997.7
0.31266 997.8
0.31267 997.8
0.31268 997.8
0.31269 997.9
0.31270 997.9
0.31271 997.9
0.31272 998.0
0.31273 998.0
0.31274 998.1
0.31275 998.1
0.31276 998.1
0.31277 998.2
0.31278 998.2
0.31279 998.2
0.31280 998.3
0.31281 998.3
0.31282 998.3
0.31283 998.4
0.31284 998.4
0.31285 998.4
0.31286 998.5
0.31287 998.5
0.31288 998.6
0.31289 998.6
0.31290 998.6
0.31291 998.7
0.31292 998.7
0.31293 998.7
0.31294 998.8
0.31295 998.8
0.31296 998.8
0.31297 998.9
0.31298 998.9
0.31299 998.9
0.31300 999.0
0.31301 999.0
0.31302 999.0
0.31303 999.1
0.31304 999.1
0.31305 999.2
0.31306 999.2
0.31307 999.2
0.31308 999.3
0.31309 999.3
0.31310 999.3
0.31311 999.4
0.31312 999.4
0.31313 999.4
0.31314 999.5
0.31315 999.5
0.31316 999.5
0.31317 999.6
0.31318 999.6
0.31319 999.6
0.31320 999.7
0.31321 999.7
0.31322 999.7
0.31323 999.8
0.31324 999.8
0.31325 999.8
0.31326 999.9
0.31327 999.9
0.31328 999.9
0.31329 1000.0
0.31330 1000.0
0.31331 1000.0
0.31332 1000.1
0.31333 1000.1
0.31334 1000.1
0.31335 1000.2
0.31336 1000.2
0.31337 1000.2
0.31338 1000.3
0.31339 1000.3
0.31340 1000.3
0.31341 1000.4
0.31342 1000.4
0.31343 1000.4
0.31344 1000.5
0.31345 1000.5
0.31346 1000.5
0.31347 1000.6
0.31348 1000.6
0.31349 1000.6
0.31350 1000.7
0.31351 1000.7
0.31352 1000.7
0.31353 1000.7
0.31354 1000.8
0.31355 1000.8
0.31356 1000.8
0.31357 1000.9
0.31358 1000.9
0.31359 1000.9
0.31360 1001.0
0.31361 1001.0
0.31362 1001.0
0.31363 1001.1
0.31364 1001.1
0.31365 1001.1
0.31366 1001.2
0.31367 1001.2
0.31368 1001.2
0.31369 1001.3
0.31370 1001.3
0.31371 1001.3
0.31372 1001.3
0.31373 1001.4
0.31374 1001.4
0.31375 1001.4
0.31376 1001.5
0.31377 1001.5
0.31378 1001.5
0.31379 1001.6
0.31380 1001.6
0.31381 1001.6
0.31382 1001.7
0.31383 1001.7
0.31384 1001.7
0.31385 1001.7
0.31386 1001.8
0.31387 1001.8
0.31388 1001.8
0.31389 1001.9
0.31390 1001.9
0.31391 1001.9
0.31392 1002.0
0.31393 1002.0
0.31394 1002.0
0.31395 1002.0
0.31396 1002.1
0.31397 1002.1
0.31398 1002.1
0.31399 1002.2
0.31400 1002.2
0.31401 1002.2
0.31402 1002.3
0.31403 1002.3
0.31404 1002.3
0.31405 1002.3
0.31406 1002.4
0.31407 1002.4
0.31408 1002.4
0.31409 1002.5
0.31410 1002.5
0.31411 1002.5
0.31412 1002.5
0.31413 1002.6
0.31414 1002.6
0.31415 1002.6
0.31416 1002.7
0.31417 1002.7
0.31418 1002.7
0.31419 1002.7
0.31420 1002.8
0.31421 1002.8
0.31422 1002.8
0.31423 1002.9
0.31424 1002.9
0.31425 1002.9
0.31426 1002.9
0.31427 1003.0
0.31428 1003.0
0.31429 1003.0
0.31430 1003.1
0.31431 1003.1
0.31432 1003.1
0.31433 1003.1
0.31434 1003.2
0.31435 1003.2
0.31436 1003.2
0.31437 1003.3
0.31438 1003.3
0.31439 1003.3
0.31440 1003.3
0.31441 1003.4
0.31442 1003.4
0.31443 1003.4
0.31444 1003.4
0.31445 1003.5
0.31446 1003.5
0.31447 1003.5
0.31448 1003.6
0.31449 1003.6
0.31450 1003.6
0.31451 1003.6
0.31452 1003.7
0.31453 1003.7
0.31454 1003.7
0.31455 1003.7
0.31456 1003.8
0.31457 1003.8
0.31458 1003.8
0.31459 1003.9
0.31460 1003.9
0.31461 1003.9
0.31462 1003.9
0.31463 1004.0
0.31464 1004.0
0.31465 1004.0
0.31466 1004.0
0.31467 1004.1
0.31468 1004.1
0.31469 1004.1
0.31470 1004.1
0.31471 1004.2
0.31472 1004.2
0.31473 1004.2
0.31474 1004.2
0.31475 1004.3
0.31476 1004.3
0.31477 1004.3
0.31478 1004.3
0.31479 1004.4
0.31480 1004.4
0.31481 1004.4
0.31482 1004.5
0.31483 1004.5
0.31484 1004.5
0.31485 1004.5
0.31486 1004.6
0.31487 1004.6
0.31488 1004.6
0.31489 1004.6
0.31490 1004.7
0.31491 1004.7
0.31492 1004.7
0.31493 1004.7
0.31494 1004.8
0.31495 1004.8
0.31496 1004.8
0.31497 1004.8
0.31498 1004.9
0.31499 1004.9
0.31500 1004.9
0.31501 1004.9
0.31502 1005.0
0.31503 1005.0
0.31504 1005.0
0.31505 1005.0
0.31506 1005.1
0.31507 1005.1
0.31508 1005.1
0.31509 1005.1
0.31510 1005.2
0.31511 1005.2
0.31512 1005.2
0.31513 1005.2
0.31514 1005.2
0.31515 1005.3
0.31516 1005.3
0.31517 1005.3
0.31518 1005.3
0.31519 1005.4
0.31520 1005.4
0.31521 1005.4
0.31522 1005.4
0.31523 1005.5
0.31524 1005.5
0.31525 1005.5
0.31526 1005.5
0.31527 1005.6
0.31528 1005.6
0.31529 1005.6
0.31530 1005.6
0.31531 1005.7
0.31532 1005.7
0.31533 1005.7
0.31534 1005.7
0.31535 1005.7
0.31536 1005.8
0.31537 1005.8
0.31538 1005.8
0.31539 1005.8
0.31540 1005.9
0.31541 1005.9
0.31542 1005.9
0.31543 1005.9
0.31544 1006.0
0.31545 1006.0
0.31546 1006.0
0.31547 1006.0
0.31548 1006.0
0.31549 1006.1
0.31550 1006.1
0.31551 1006.1
0.31552 1006.1
0.31553 1006.2
0.31554 1006.2
0.31555 1006.2
0.31556 1006.2
0.31557 1006.2
0.31558 1006.3
0.31559 1006.3
0.31560 1006.3
0.31561 1006.3
0.31562 1006.4
0.31563 1006.4
0.31564 1006.4
0.31565 1006.4
0.31566 1006.4
0.31567 1006.5
0.31568 1006.5
0.31569 1006.5
0.31570 1006.5
0.31571 1006.6
0.31572 1006.6
0.31573 1006.6
0.31574 1006.6
0.31575 1006.6
0.31576 1006.7
0.31577 1006.7
0.31578 1006.7
0.31579 1006.7
0.31580 1006.8
0.31581 1006.8
0.31582 1006.8
0.31583 1006.8
0.31584 1006.8
0.31585 1006.9
0.31586 1006.9
0.31587 1006.9
0.31588 1006.9
0.31589 1006.9
0.31590 1007.0
0.31591 1007.0
0.31592 1007.0
0.31593 1007.0
0.31594 1007.1
0.31595 1007.1
0.31596 1007.1
0.31597 1007.1
0.31598 1007.1
0.31599 1007.2
0.31600 1007.2
0.31601 1007.2
0.31602 1007.2
0.31603 1007.2
0.31604 1007.3
0.31605 1007.3
0.31606 1007.3
0.31607 1007.3
0.31608 1007.3
0.31609 1007.4
0.31610 1007.4
0.31611 1007.4
0.31612 1007.4
0.31613 1007.4
0.31614 1007.5
0.31615 1007.5
0.31616 1007.5
0.31617 1007.5
0.31618 1007.5
0.31619 1007.6
0.31620 1007.6
0.31621 1007.6
0.31622 1007.6
0.31623 1007.6
0.31624 1007.7
0.31625 1007.7
0.31626 1007.7
0.31627 1007.7
0.31628 1007.7
0.31629 1007.8
0.31630 1007.8
0.31631 1007.8
0.31632 1007.8
0.31633 1007.8
0.31634 1007.9
0.31635 1007.9
0.31636 1007.9
0.31637 1007.9
0.31638 1007.9
0.31639 1008.0
0.31640 1008.0
0.31641 1008.0
0.31642 1008.0
0.31643 1008.0
0.31644 1008.1
0.31645 1008.1
0.31646 1008.1
0.31647 1008.1
0.31648 1008.1
0.31649 1008.1
0.31650 1008.2
0.31651 1008.2
0.31652 1008.2
0.31653 1008.2
0.31654 1008.2
0.31655 1008.3
0.31656 1008.3
0.31657 1008.3
0.31658 1008.3
0.31659 1008.3
0.31660 1008.4
0.31661 1008.4
0.31662 1008.4
0.31663 1008.4
0.31664 1008.4
0.31665 1008.4
0.31666 1008.5
0.31667 1008.5
0.31668 1008.5
0.31669 1008.5
0.31670 1008.5
0.31671 1008.6
0.31672 1008.6
0.31673 1008.6
0.31674 1008.6
0.31675 1008.6
0.31676 1008.6
0.31677 1008.7
0.31678 1008.7
0.31679 1008.7
0.31680 1008.7
0.31681 1008.7
0.31682 1008.8
0.31683 1008.8
0.31684 1008.8
0.31685 1008.8
0.31686 1008.8
0.31687 1008.8
0.31688 1008.9
0.31689 1008.9
0.31690 1008.9
0.31691 1008.9
0.31692 1008.9
0.31693 1008.9
0.31694 1009.0
0.31695 1009.0
0.31696 1009.0
0.31697 1009.0
0.31698 1009.0
0.31699 1009.0
0.31700 1009.1
0.31701 1009.1
0.31702 1009.1
0.31703 1009.1
0.31704 1009.1
0.31705 1009.2
0.31706 1009.2
0.31707 1009.2
0.31708 1009.2
0.31709 1009.2
0.31710 1009.2
0.31711 1009.3
0.31712 1009.3
0.31713 1009.3
0.31714 1009.3
0.31715 1009.3
0.31716 1009.3
0.31717 1009.4
0.31718 1009.4
0.31719 1009.4
0.31720 1009.4
0.31721 1009.4
0.31722 1009.4
0.31723 1009.5
0.31724 1009.5
0.31725 1009.5
0.31726 1009.5
0.31727 1009.5
0.31728 1009.5
0.31729 1009.6
0.31730 1009.6
0.31731 1009.6
0.31732 1009.6
0.31733 1009.6
0.31734 1009.6
0.31735 1009.6
0.31736 1009.7
0.31737 1009.7
0.31738 1009.7
0.31739 1009.7
0.31740 1009.7
0.31741 1009.7
0.31742 1009.8
0.31743 1009.8
0.31744 1009.8
0.31745 1009.8
0.31746 1009.8
0.31747 1009.8
0.31748 1009.9
0.31749 1009.9
0.31750 1009.9
0.31751 1009.9
0.31752 1009.9
0.31753 1009.9
0.31754 1009.9
0.31755 1010.0
0.31756 1010.0
0.31757 1010.0
0.31758 1010.0
0.31759 1010.0
0.31760 1010.0
0.31761 1010.1
0.31762 1010.1
0.31763 1010.1
0.31764 1010.1
0.31765 1010.1
0.31766 1010.1
0.31767 1010.1
0.31768 1010.2
0.31769 1010.2
0.31770 1010.2
0.31771 1010.2
0.31772 1010.2
0.31773 1010.2
0.31774 1010.3
0.31775 1010.3
0.31776 1010.3
0.31777 1010.3
0.31778 1010.3
0.31779 1010.3
0.31780 1010.3
0.31781 1010.4
0.31782 1010.4
0.31783 1010.4
0.31784 1010.4
0.31785 1010.4
0.31786 1010.4
0.31787 1010.4
0.31788 1010.5
0.31789 1010.5
0.31790 1010.5
0.31791 1010.5
0.31792 1010.5
0.31793 1010.5
0.31794 1010.5
0.31795 1010.6
0.31796 1010.6
0.31797 1010.6
0.31798 1010.6
0.31799 1010.6
0.31800 1010.6
0.31801 1010.6
0.31802 1010.7
0.31803 1010.7
0.31804 1010.7
0.31805 1010.7
0.31806 1010.7
0.31807 1010.7
0.31808 1010.7
0.31809 1010.8
0.31810 1010.8
0.31811 1010.8
0.31812 1010.8
0.31813 1010.8
0.31814 1010.8
0.31815 1010.8
0.31816 1010.9
0.31817 1010.9
0.31818 1010.9
0.31819 1010.9
0.31820 1010.9
0.31821 1010.9
0.31822 1010.9
0.31823 1011.0
0.31824 1011.0
0.31825 1011.0
0.31826 1011.0
0.31827 1011.0
0.31828 1011.0
0.31829 1011.0
0.31830 1011.0
0.31831 1011.1
0.31832 1011.1
0.31833 1011.1
0.31834 1011.1
0.31835 1011.1
0.31836 1011.1
0.31837 1011.1
0.31838 1011.2
0.31839 1011.2
0.31840 1011.2
0.31841 1011.2
0.31842 1011.2
0.31843 1011.2
0.31844 1011.2
0.31845 1011.2
0.31846 1011.3
0.31847 1011.3
0.31848 1011.3
0.31849 1011.3
0.31850 1011.3
0.31851 1011.3
0.31852 1011.3
0.31853 1011.3
0.31854 1011.4
0.31855 1011.4
0.31856 1011.4
0.31857 1011.4
0.31858 1011.4
0.31859 1011.4
0.31860 1011.4
0.31861 1011.5
0.31862 1011.5
0.31863 1011.5
0.31864 1011.5
0.31865 1011.5
0.31866 1011.5
0.31867 1011.5
0.31868 1011.5
0.31869 1011.6
0.31870 1011.6
0.31871 1011.6
0.31872 1011.6
0.31873 1011.6
0.31874 1011.6
0.31875 1011.6
0.31876 1011.6
0.31877 1011.7
0.31878 1011.7
0.31879 1011.7
0.31880 1011.7
0.31881 1011.7
0.31882 1011.7
0.31883 1011.7
0.31884 1011.7
0.31885 1011.7
0.31886 1011.8
0.31887 1011.8
0.31888 1011.8
0.31889 1011.8
0.31890 1011.8
0.31891 1011.8
0.31892 1011.8
0.31893 1011.8
0.31894 1011.9
0.31895 1011.9
0.31896 1011.9
0.31897 1011.9
0.31898 1011.9
0.31899 1011.9
0.31900 1011.9
0.31901 1011.9
0.31902 1012.0
0.31903 1012.0
0.31904 1012.0
0.31905 1012.0
0.31906 1012.0
0.31907 1012.0
0.31908 1012.0
0.31909 1012.0
0.31910 1012.0
0.31911 1012.1
0.31912 1012.1
0.31913 1012.1
0.31914 1012.1
0.31915 1012.1
0.31916 1012.1
0.31917 1012.1
0.31918 1012.1
0.31919 1012.1
0.31920 1012.2
0.31921 1012.2
0.31922 1012.2
0.31923 1012.2
0.31924 1012.2
0.31925 1012.2
0.31926 1012.2
0.31927 1012.2
0.31928 1012.3
0.31929 1012.3
0.31930 1012.3
0.31931 1012.3
0.31932 1012.3
0.31933 1012.3
0.31934 1012.3
0.31935 1012.3
0.31936 1012.3
0.31937 1012.3
0.31938 1012.4
0.31939 1012.4
0.31940 1012.4
0.31941 1012.4
0.31942 1012.4
0.31943 1012.4
0.31944 1012.4
0.31945 1012.4
0.31946 1012.4
0.31947 1012.5
0.31948 1012.5
0.31949 1012.5
0.31950 1012.5
0.31951 1012.5
0.31952 1012.5
0.31953 1012.5
0.31954 1012.5
0.31955 1012.5
0.31956 1012.6
0.31957 1012.6
0.31958 1012.6
0.31959 1012.6
0.31960 1012.6
0.31961 1012.6
0.31962 1012.6
0.31963 1012.6
0.31964 1012.6
0.31965 1012.6
0.31966 1012.7
0.31967 1012.7
0.31968 1012.7
0.31969 1012.7
0.31970 1012.7
0.31971 1012.7
0.31972 1012.7
0.31973 1012.7
0.31974 1012.7
0.31975 1012.8
0.31976 1012.8
0.31977 1012.8
0.31978 1012.8
0.31979 1012.8
0.31980 1012.8
0.31981 1012.8
0.31982 1012.8
0.31983 1012.8
0.31984 1012.8
0.31985 1012.9
0.31986 1012.9
0.31987 1012.9
0.31988 1012.9
0.31989 1012.9
0.31990 1012.9
0.31991 1012.9
0.31992 1012.9
0.31993 1012.9
0.31994 1012.9
0.31995 1013.0
0.31996 1013.0
0.31997 1013.0
0.31998 1013.0
0.31999 1013.0
0.32000 1018.8
0.32001 1018.8
0.32002 1018.8
0.32003 1018.8
0.32004 1018.8
0.32005 1018.8
0.32006 1018.8
0.32007 1018.8
0.32008 1018.8
0.32009 1018.8
0.32010 1018.8
0.32011 1018.8
0.32012 1018.8
0.32013 1018.8
0.32014 1018.8
0.32015 1018.8
0.32016 1018.8
0.32017 1018.8
0.32018 1018.8
0.32019 1018.8
0.32020 1018.8
0.32021 1018.8
0.32022 1018.8
0.32023 1018.8
0.32024 1018.8
0.32025 1018.8
0.32026 1018.8
0.32027 1018.8
0.32028 1018.8
0.32029 1018.8
0.32030 1018.8
0.32031 1018.8
0.32032 1018.8
0.32033 1018.8
0.32034 1018.8
0.32035 1018.8
0.32036 1018.8
0.32037 1018.8
0.32038 1018.8
0.32039 1018.8
0.32040 1018.8
0.32041 1018.8
0.32042 1018.8
0.32043 1018.8
0.32044 1018.8
0.32045 1018.8
0.32046 1018.8
0.32047 1018.8
0.32048 1018.8
0.32049 1018.8
0.32050 1018.8
0.32051 1018.8
0.32052 1018.8
0.32053 1018.8
0.32054 1018.8
0.32055 1018.8
0.32056 1018.8
0.32057 1018.8
0.32058 1018.8
0.32059 1018.8
0.32060 1018.8
0.32061 1018.8
0.32062 1018.8
0.32063 1018.8
0.32064 1018.8
0.32065 1018.8
0.32066 1018.8
0.32067 1018.8
0.32068 1018.8
0.32069 1018.8
0.32070 1018.8
0.32071 1018.8
0.32072 1018.8
0.32073 1018.8
0.32074 1018.8
0.32075 1018.8
0.32076 1018.8
0.32077 1018.8
0.32078 1018.8
0.32079 1018.8
0.32080 1018.8
0.32081 1018.8
0.32082 1018.8
0.32083 1018.8
0.32084 1018.8
0.32085 1018.8
0.32086 1018.8
0.32087 1018.8
0.32088 1018.8
0.32089 1018.8
0.32090 1018.8
0.32091 1018.8
0.32092 1018.8
0.32093 1018.8
0.32094 1018.8
0.32095 1018.8
0.32096 1018.8
0.32097 1018.8
0.32098 1018.8
0.32099 1018.8
0.32100 1018.8
0.32101 1018.8
0.32102 1018.8
0.32103 1018.8
0.32104 1018.8
0.32105 1018.8
0.32106 1018.8
0.32107 1018.8
0.32108 1018.8
0.32109 1018.8
0.32110 1018.8
0.32111 1018.8
0.32112 1018.8
0.32113 1018.8
0.32114 1018.8
0.32115 1018.8
0.32116 1018.8
0.32117 1018.8
0.32118 1018.8
0.32119 1018.8
0.32120 1018.8
0.32121 1018.8
0.32122 1018.8
0.32123 1018.8
0.32124 1018.8
0.32125 1018.8
0.32126 1018.8
0.32127 1018.8
0.32128 1018.8
0.32129 1018.8
0.32130 1018.8
0.32131 1018.8
0.32132 1018.8
0.32133 1018.8
0.32134 1018.8
0.32135 1018.8
0.32136 1018.8
0.32137 1018.8
0.32138 1018.8
0.32139 1018.8
0.32140 1018.8
0.32141 1018.8
0.32142 1018.8
0.32143 1018.8
0.32144 1018.8
0.32145 1018.8
0.32146 1018.8
0.32147 1018.8
0.32148 1018.8
0.32149 1018.8
0.32150 1018.8
0.32151 1018.8
0.32152 1018.8
0.32153 1018.8
0.32154 1018.8
0.32155 1018.8
0.32156 1018.8
0.32157 1018.8
0.32158 1018.8
0.32159 1018.8
0.32160 1018.8
0.32161 1018.8
0.32162 1018.8
0.32163 1018.8
0.32164 1018.8
0.32165 1018.8
0.32166 1018.8
0.32167 1018.8
0.32168 1018.8
0.32169 1018.8
0.32170 1018.8
0.32171 1018.8
0.32172 1018.8
0.32173 1018.8
0.32174 1018.8
0.32175 1018.8
0.32176 1018.8
0.32177 1018.8
0.32178 1018.8
0.32179 1018.8
0.32180 1018.8
0.32181 1018.8
0.32182 1018.8
0.32183 1018.8
0.32184 1018.8
0.32185 1018.8
0.32186 1018.8
0.32187 1018.8
0.32188 1018.8
0.32189 1018.8
0.32190 1018.8
0.32191 1018.8
0.32192 1018.8
0.32193 1018.8
0.32194 1018.8
0.32195 1018.8
0.32196 1018.8
0.32197 1018.8
0.32198 1018.8
0.32199 1018.8
0.32200 1018.8
0.32201 1018.8
0.32202 1018.8
0.32203 1018.8
0.32204 1018.8
0.32205 1018.8
0.32206 1018.8
0.32207 1018.8
0.32208 1018.8
0.32209 1018.8
0.32210 1018.8
0.32211 1018.8
0.32212 1018.8
0.32213 1018.8
0.32214 1018.8
0.32215 1018.8
0.32216 1018.8
0.32217 1018.8
0.32218 1018.8
0.32219 1018.8
0.32220 1018.8
0.32221 1018.8
0.32222 1018.8
0.32223 1018.8
0.32224 1018.8
0.32225 1018.8
0.32226 1018.8
0.32227 1018.8
0.32228 1018.8
0.32229 1018.8
0.32230 1018.8
0.32231 1018.8
0.32232 1018.8
0.32233 1018.8
0.32234 1018.8
0.32235 1018.8
0.32236 1018.8
0.32237 1018.8
0.32238 1018.8
0.32239 1018.8
0.32240 1018.8
0.32241 1018.8
0.32242 1018.8
0.32243 1018.8
0.32244 1018.8
0.32245 1018.8
0.32246 1018.8
0.32247 1018.8
0.32248 1018.8
0.32249 1018.8
0.32250 1018.8
0.32251 1018.8
0.32252 1018.8
0.32253 1018.8
0.32254 1018.8
0.32255 1018.8
0.32256 1018.8
0.32257 1018.8
0.32258 1018.8
0.32259 1018.8
0.32260 1018.8
0.32261 1018.8
0.32262 1018.8
0.32263 1018.8
0.32264 1018.8
0.32265 1018.8
0.32266 1018.8
0.32267 1018.8
0.32268 1018.8
0.32269 1018.8
0.32270 1018.8
0.32271 1018.8
0.32272 1018.8
0.32273 1018.8
0.32274 1018.8
0.32275 1018.8
0.32276 1018.8
0.32277 1018.8
0.32278 1018.8
0.32279 1018.8
0.32280 1018.8
0.32281 1018.8
0.32282 1018.8
0.32283 1018.8
0.32284 1018.8
0.32285 1018.8
0.32286 1018.8
0.32287 1018.8
0.32288 1018.8
0.32289 1018.8
0.32290 1018.8
0.32291 1018.8
0.32292 1018.8
0.32293 1018.8
0.32294 1018.8
0.32295 1018.8
0.32296 1018.8
0.32297 1018.8
0.32298 1018.8
0.32299 1018.8
0.32300 1018.8
0.32301 1018.8
0.32302 1018.8
0.32303 1018.8
0.32304 1018.8
0.32305 1018.8
0.32306 1018.8
0.32307 1018.8
0.32308 1018.8
0.32309 1018.8
0.32310 1018.8
0.32311 1018.8
0.32312 1018.8
0.32313 1018.8
0.32314 1018.8
0.32315 1018.8
0.32316 1018.8
0.32317 1018.8
0.32318 1018.8
0.32319 1018.8
0.32320 1018.8
0.32321 1018.8
0.32322 1018.8
0.32323 1018.8
0.32324 1018.8
0.32325 1018.8
0.32326 1018.8
0.32327 1018.8
0.32328 1018.8
0.32329 1018.8
0.32330 1018.8
0.32331 1018.8
0.32332 1018.8
0.32333 1018.8
0.32334 1018.8
0.32335 1018.8
0.32336 1018.8
0.32337 1018.8
0.32338 1018.8
0.32339 1018.8
0.32340 1018.8
0.32341 1018.8
0.32342 1018.8
0.32343 1018.8
0.32344 1018.8
0.32345 1018.8
0.32346 1018.8
0.32347 1018.8
0.32348 1018.8
0.32349 1018.8
0.32350 1018.8
0.32351 1018.8
0.32352 1018.8
0.32353 1018.8
0.32354 1018.8
0.32355 1018.8
0.32356 1018.8
0.32357 1018.8
0.32358 1018.8
0.32359 1018.8
0.32360 1018.8
0.32361 1018.8
0.32362 1018.8
0.32363 1018.8
0.32364 1018.8
0.32365 1018.8
0.32366 1018.8
0.32367 1018.8
0.32368 1018.8
0.32369 1018.8
0.32370 1018.8
0.32371 1018.8
0.32372 1018.8
0.32373 1018.8
0.32374 1018.8
0.32375 1018.8
0.32376 1018.8
0.32377 1018.8
0.32378 1018.8
0.32379 1018.8
0.32380 1018.8
0.32381 1018.8
0.32382 1018.8
0.32383 1018.8
0.32384 1018.8
0.32385 1018.8
0.32386 1018.8
0.32387 1018.8
0.32388 1018.8
0.32389 1018.8
0.32390 1018.8
0.32391 1018.8
0.32392 1018.8
0.32393 1018.8
0.32394 1018.8
0.32395 1018.8
0.32396 1018.8
0.32397 1018.8
0.32398 1018.8
0.32399 1018.8
0.32400 1018.8
0.32401 1018.8
0.32402 1018.8
0.32403 1018.8
0.32404 1018.8
0.32405 1018.8
0.32406 1018.8
0.32407 1018.8
0.32408 1018.8
0.32409 1018.8
0.32410 1018.8
0.32411 1018.8
0.32412 1018.8
0.32413 1018.8
0.32414 1018.8
0.32415 1018.8
0.32416 1018.8
0.32417 1018.8
0.32418 1018.8
0.32419 1018.8
0.32420 1018.8
0.32421 1018.8
0.32422 1018.8
0.32423 1018.8
0.32424 1018.8
0.32425 1018.8
0.32426 1018.8
0.32427 1018.8
0.32428 1018.8
0.32429 1018.8
0.32430 1018.8
0.32431 1018.8
0.32432 1018.8
0.32433 1018.8
0.32434 1018.8
0.32435 1018.8
0.32436 1018.8
0.32437 1018.8
0.32438 1018.8
0.32439 1018.8
0.32440 1018.8
0.32441 1018.8
0.32442 1018.8
0.32443 1018.8
0.32444 1018.8
0.32445 1018.8
0.32446 1018.8
0.32447 1018.8
0.32448 1018.8
0.32449 1018.8
0.32450 1018.8
0.32451 1018.8
0.32452 1018.8
0.32453 1018.8
0.32454 1018.8
0.32455 1018.8
0.32456 1018.8
0.32457 1018.8
0.32458 1018.8
0.32459 1018.8
0.32460 1018.8
0.32461 1018.8
0.32462 1018.8
0.32463 1018.8
0.32464 1018.8
0.32465 1018.8
0.32466 1018.8
0.32467 1018.8
0.32468 1018.8
0.32469 1018.8
0.32470 1018.8
0.32471 1018.8
0.32472 1018.8
0.32473 1018.8
0.32474 1018.8
0.32475 1018.8
0.32476 1018.8
0.32477 1018.8
0.32478 1018.8
0.32479 1018.8
0.32480 1018.8
0.32481 1018.8
0.32482 1018.8
0.32483 1018.8
0.32484 1018.8
0.32485 1018.8
0.32486 1018.8
0.32487 1018.8
0.32488 1018.8
0.32489 1018.8
0.32490 1018.8
0.32491 1018.8
0.32492 1018.8
0.32493 1018.8
0.32494 1018.8
0.32495 1018.8
0.32496 1018.8
0.32497 1018.8
0.32498 1018.8
0.32499 1018.8
0.32500 1018.8
0.32501 1018.8
0.32502 1018.8
0.32503 1018.8
0.32504 1018.8
0.32505 1018.8
0.32506 1018.8
0.32507 1018.8
0.32508 1018.8
0.32509 1018.8
0.32510 1018.8
0.32511 1018.8
0.32512 1018.8
0.32513 1018.8
0.32514 1018.8
0.32515 1018.8
0.32516 1018.8
0.32517 1018.8
0.32518 1018.8
0.32519 1018.8
0.32520 1018.8
0.32521 1018.8
0.32522 1018.8
0.32523 1018.8
0.32524 1018.8
0.32525 1018.8
0.32526 1018.8
0.32527 1018.8
0.32528 1018.8
0.32529 1018.8
0.32530 1018.8
0.32531 1018.8
0.32532 1018.8
0.32533 1018.8
0.32534 1018.8
0.32535 1018.8
0.32536 1018.8
0.32537 1018.8
0.32538 1018.8
0.32539 1018.8
0.32540 1018.8
0.32541 1018.8
0.32542 1018.8
0.32543 1018.8
0.32544 1018.8
0.32545 1018.8
0.32546 1018.8
0.32547 1018.8
0.32548 1018.8
0.32549 1018.8
0.32550 1018.8
0.32551 1018.8
0.32552 1018.8
0.32553 1018.8
0.32554 1018.8
0.32555 1018.8
0.32556 1018.8
0.32557 1018.8
0.32558 1018.8
0.32559 1018.8
0.32560 1018.8
0.32561 1018.8
0.32562 1018.8
0.32563 1018.8
0.32564 1018.8
0.32565 1018.8
0.32566 1018.8
0.32567 1018.8
0.32568 1018.8
0.32569 1018.8
0.32570 1018.8
0.32571 1018.8
0.32572 1018.8
0.32573 1018.8
0.32574 1018.8
0.32575 1018.8
0.32576 1018.8
0.32577 1018.8
0.32578 1018.8
0.32579 1018.8
0.32580 1018.8
0.32581 1018.8
0.32582 1018.8
0.32583 1018.8
0.32584 1018.8
0.32585 1018.8
0.32586 1018.8
0.32587 1018.8
0.32588 1018.8
0.32589 1018.8
0.32590 1018.8
0.32591 1018.8
0.32592 1018.8
0.32593 1018.8
0.32594 1018.8
0.32595 1018.8
0.32596 1018.8
0.32597 1018.8
0.32598 1018.8
0.32599 1018.8
0.32600 1018.8
0.32601 1018.8
0.32602 1018.8
0.32603 1018.8
0.32604 1018.8
0.32605 1018.8
0.32606 1018.8
0.32607 1018.8
0.32608 1018.8
0.32609 1018.8
0.32610 1018.8
0.32611 1018.8
0.32612 1018.8
0.32613 1018.8
0.32614 1018.8
0.32615 1018.8
0.32616 1018.8
0.32617 1018.8
0.32618 1018.8
0.32619 1018.8
0.32620 1018.8
0.32621 1018.8
0.32622 1018.8
0.32623 1018.8
0.32624 1018.8
0.32625 1018.8
0.32626 1018.8
0.32627 1018.8
0.32628 1018.8
0.32629 1018.8
0.32630 1018.8
0.32631 1018.8
0.32632 1018.8
0.32633 1018.8
0.32634 1018.8
0.32635 1018.8
0.32636 1018.8
0.32637 1018.8
0.32638 1018.8
0.32639 1018.8
0.32640 1018.8
0.32641 1018.8
0.32642 1018.8
0.32643 1018.8
0.32644 1018.8
0.32645 1018.8
0.32646 1018.8
0.32647 1018.8
0.32648 1018.8
0.32649 1018.8
0.32650 1018.8
0.32651 1018.8
0.32652 1018.8
0.32653 1018.8
0.32654 1018.8
0.32655 1018.8
0.32656 1018.8
0.32657 1018.8
0.32658 1018.8
0.32659 1018.8
0.32660 1018.8
0.32661 1018.8
0.32662 1018.8
0.32663 1018.8
0.32664 1018.8
0.32665 1018.8
0.32666 1018.8
0.32667 1018.8
0.32668 1018.8
0.32669 1018.8
0.32670 1018.8
0.32671 1018.8
0.32672 1018.8
0.32673 1018.8
0.32674 1018.8
0.32675 1018.8
0.32676 1018.8
0.32677 1018.8
0.32678 1018.8
0.32679 1018.8
0.32680 1018.8
0.32681 1018.8
0.32682 1018.8
0.32683 1018.8
0.32684 1018.8
0.32685 1018.8
0.32686 1018.8
0.32687 1018.8
0.32688 1018.8
0.32689 1018.8
0.32690 1018.8
0.32691 1018.8
0.32692 1018.8
0.32693 1018.8
0.32694 1018.8
0.32695 1018.8
0.32696 1018.8
0.32697 1018.8
0.32698 1018.8
0.32699 1018.8
0.32700 1018.8
0.32701 1018.8
0.32702 1018.8
0.32703 1018.8
0.32704 1018.8
0.32705 1018.8
0.32706 1018.8
0.32707 1018.8
0.32708 1018.8
0.32709 1018.8
0.32710 1018.8
0.32711 1018.8
0.32712 1018.8
0.32713 1018.8
0.32714 1018.8
0.32715 1018.8
0.32716 1018.8
0.32717 1018.8
0.32718 1018.8
0.32719 1018.8
0.32720 1018.8
0.32721 1018.8
0.32722 1018.8
0.32723 1018.8
0.32724 1018.8
0.32725 1018.8
0.32726 1018.8
0.32727 1018.8
0.32728 1018.8
0.32729 1018.8
0.32730 1018.8
0.32731 1018.8
0.32732 1018.8
0.32733 1018.8
0.32734 1018.8
0.32735 1018.8
0.32736 1018.8
0.32737 1018.8
0.32738 1018.8
0.32739 1018.8
0.32740 1018.8
0.32741 1018.8
0.32742 1018.8
0.32743 1018.8
0.32744 1018.8
0.32745 1018.8
0.32746 1018.8
0.32747 1018.8
0.32748 1018.8
0.32749 1018.8
0.32750 1018.8
0.32751 1018.8
0.32752 1018.8
0.32753 1018.8
0.32754 1018.8
0.32755 1018.8
0.32756 1018.8
0.32757 1018.8
0.32758 1018.8
0.32759 1018.8
0.32760 1018.8
0.32761 1018.8
0.32762 1018.8
0.32763 1018.8
0.32764 1018.8
0.32765 1018.8
0.32766 1018.8
0.32767 1018.8
0.32768 1018.8
0.32769 1018.8
0.32770 1018.8
0.32771 1018.8
0.32772 1018.8
0.32773 1018.8
0.32774 1018.8
0.32775 1018.8
0.32776 1018.8
0.32777 1018.8
0.32778 1018.8
0.32779 1018.8
0.32780 1018.8
0.32781 1018.8
0.32782 1018.8
0.32783 1018.8
0.32784 1018.8
0.32785 1018.8
0.32786 1018.8
0.32787 1018.8
0.32788 1018.8
0.32789 1018.8
0.32790 1018.8
0.32791 1018.8
0.32792 1018.8
0.32793 1018.8
0.32794 1018.8
0.32795 1018.8
0.32796 1018.8
0.32797 1018.8
0.32798 1018.8
0.32799 1018.8
0.32800 1018.8
0.32801 1018.8
0.32802 1018.8
0.32803 1018.8
0.32804 1018.8
0.32805 1018.8
0.32806 1018.8
0.32807 1018.8
0.32808 1018.8
0.32809 1018.8
0.32810 1018.8
0.32811 1018.8
0.32812 1018.8
0.32813 1018.8
0.32814 1018.8
0.32815 1018.8
0.32816 1018.8
0.32817 1018.8
0.32818 1018.8
0.32819 1018.8
0.32820 1018.8
0.32821 1018.8
0.32822 1018.8
0.32823 1018.8
0.32824 1018.8
0.32825 1018.8
0.32826 1018.8
0.32827 1018.8
0.32828 1018.8
0.32829 1018.8
0.32830 1018.8
0.32831 1018.8
0.32832 1018.8
0.32833 1018.8
0.32834 1018.8
0.32835 1018.8
0.32836 1018.8
0.32837 1018.8
0.32838 1018.8
0.32839 1018.8
0.32840 1018.8
0.32841 1018.8
0.32842 1018.8
0.32843 1018.8
0.32844 1018.8
0.32845 1018.8
0.32846 1018.8
0.32847 1018.8
0.32848 1018.8
0.32849 1018.8
0.32850 1018.8
0.32851 1018.8
0.32852 1018.8
0.32853 1018.8
0.32854 1018.8
0.32855 1018.8
0.32856 1018.8
0.32857 1018.8
0.32858 1018.8
0.32859 1018.8
0.32860 1018.8
0.32861 1018.8
0.32862 1018.8
0.32863 1018.8
0.32864 1018.8
0.32865 1018.8
0.32866 1018.8
0.32867 1018.8
0.32868 1018.8
0.32869 1018.8
0.32870 1018.8
0.32871 1018.8
0.32872 1018.8
0.32873 1018.8
0.32874 1018.8
0.32875 1018.8
0.32876 1018.8
0.32877 1018.8
0.32878 1018.8
0.32879 1018.8
0.32880 1018.8
0.32881 1018.8
0.32882 1018.8
0.32883 1018.8
0.32884 1018.8
0.32885 1018.8
0.32886 1018.8
0.32887 1018.8
0.32888 1018.8
0.32889 1018.8
0.32890 1018.8
0.32891 1018.8
0.32892 1018.8
0.32893 1018.8
0.32894 1018.8
0.32895 1018.8
0.32896 1018.8
0.32897 1018.8
0.32898 1018.8
0.32899 1018.8
0.32900 1018.8
0.32901 1018.8
0.32902 1018.8
0.32903 1018.8
0.32904 1018.8
0.32905 1018.8
0.32906 1018.8
0.32907 1018.8
0.32908 1018.8
0.32909 1018.8
0.32910 1018.8
0.32911 1018.8
0.32912 1018.8
0.32913 1018.8
0.32914 1018.8
0.32915 1018.8
0.32916 1018.8
0.32917 1018.8
0.32918 1018.8
0.32919 1018.8
0.32920 1018.8
0.32921 1018.8
0.32922 1018.8
0.32923 1018.8
0.32924 1018.8
0.32925 1018.8
0.32926 1018.8
0.32927 1018.8
0.32928 1018.8
0.32929 1018.8
0.32930 1018.8
0.32931 1018.8
0.32932 1018.8
0.32933 1018.8
0.32934 1018.8
0.32935 1018.8
0.32936 1018.8
0.32937 1018.8
0.32938 1018.8
0.32939 1018.8
0.32940 1018.8
0.32941 1018.8
0.32942 1018.8
0.32943 1018.8
0.32944 1018.8
0.32945 1018.8
0.32946 1018.8
0.32947 1018.8
0.32948 1018.8
0.32949 1018.8
0.32950 1018.8
0.32951 1018.8
0.32952 1018.8
0.32953 1018.8
0.32954 1018.8
0.32955 1018.8
0.32956 1018.8
0.32957 1018.8
0.32958 1018.8
0.32959 1018.8
0.32960 1018.8
0.32961 1018.8
0.32962 1018.8
0.32963 1018.8
0.32964 1018.8
0.32965 1018.8
0.32966 1018.8
0.32967 1018.8
0.32968 1018.8
0.32969 1018.8
0.32970 1018.8
0.32971 1018.8
0.32972 1018.8
0.32973 1018.8
0.32974 1018.8
0.32975 1018.8
0.32976 1018.8
0.32977 1018.8
0.32978 1018.8
0.32979 1018.8
0.32980 1018.8
0.32981 1018.8
0.32982 1018.8
0.32983 1018.8
0.32984 1018.8
0.32985 1018.8
0.32986 1018.8
0.32987 1018.8
0.32988 1018.8
0.32989 1018.8
0.32990 1018.8
0.32991 1018.8
0.32992 1018.8
0.32993 1018.8
0.32994 1018.8
0.32995 1018.8
0.32996 1018.8
0.32997 1018.8
0.32998 1018.8
0.32999 1018.8
0.33000 1018.8
0.33001 1018.8
0.33002 1018.8
0.33003 1018.8
0.33004 1018.8
0.33005 1018.8
0.33006 1018.8
0.33007 1018.8
0.33008 1018.8
0.33009 1018.8
0.33010 1018.8
0.33011 1018.8
0.33012 1018.8
0.33013 1018.8
0.33014 1018.8
0.33015 1018.8
0.33016 1018.8
0.33017 1018.8
0.33018 1018.8
0.33019 1018.8
0.33020 1018.8
0.33021 1018.8
0.33022 1018.8
0.33023 1018.8
0.33024 1018.8
0.33025 1018.8
0.33026 1018.8
0.33027 1018.8
0.33028 1018.8
0.33029 1018.8
0.33030 1018.8
0.33031 1018.8
0.33032 1018.8
0.33033 1018.8
0.33034 1018.8
0.33035 1018.8
0.33036 1018.8
0.33037 1018.8
0.33038 1018.8
0.33039 1018.8
0.33040 1018.8
0.33041 1018.8
0.33042 1018.8
0.33043 1018.8
0.33044 1018.8
0.33045 1018.8
0.33046 1018.8
0.33047 1018.8
0.33048 1018.8
0.33049 1018.8
0.33050 1018.8
0.33051 1018.8
0.33052 1018.8
0.33053 1018.8
0.33054 1018.8
0.33055 1018.8
0.33056 1018.8
0.33057 1018.8
0.33058 1018.8
0.33059 1018.8
0.33060 1018.8
0.33061 1018.8
0.33062 1018.8
0.33063 1018.8
0.33064 1018.8
0.33065 1018.8
0.33066 1018.8
0.33067 1018.8
0.33068 1018.8
0.33069 1018.8
0.33070 1018.8
0.33071 1018.8
0.33072 1018.8
0.33073 1018.8
0.33074 1018.8
0.33075 1018.8
0.33076 1018.8
0.33077 1018.8
0.33078 1018.8
0.33079 1018.8
0.33080 1018.8
0.33081 1018.8
0.33082 1018.8
0.33083 1018.8
0.33084 1018.8
0.33085 1018.8
0.33086 1018.8
0.33087 1018.8
0.33088 1018.8
0.33089 1018.8
0.33090 1018.8
0.33091 1018.8
0.33092 1018.8
0.33093 1018.8
0.33094 1018.8
0.33095 1018.8
0.33096 1018.8
0.33097 1018.8
0.33098 1018.8
0.33099 1018.8
0.33100 1018.8
0.33101 1018.8
0.33102 1018.8
0.33103 1018.8
0.33104 1018.8
0.33105 1018.8
0.33106 1018.8
0.33107 1018.8
0.33108 1018.8
0.33109 1018.8
0.33110 1018.8
0.33111 1018.8
0.33112 1018.8
0.33113 1018.8
0.33114 1018.8
0.33115 1018.8
0.33116 1018.8
0.33117 1018.8
0.33118 1018.8
0.33119 1018.8
0.33120 1018.8
0.33121 1018.8
0.33122 1018.8
0.33123 1018.8
0.33124 1018.8
0.33125 1018.8
0.33126 1018.8
0.33127 1018.8
0.33128 1018.8
0.33129 1018.8
0.33130 1018.8
0.33131 1018.8
0.33132 1018.8
0.33133 1018.8
0.33134 1018.8
0.33135 1018.8
0.33136 1018.8
0.33137 1018.8
0.33138 1018.8
0.33139 1018.8
0.33140 1018.8
0.33141 1018.8
0.33142 1018.8
0.33143 1018.8
0.33144 1018.8
0.33145 1018.8
0.33146 1018.8
0.33147 1018.8
0.33148 1018.8
0.33149 1018.8
0.33150 1018.8
0.33151 1018.8
0.33152 1018.8
0.33153 1018.8
0.33154 1018.8
0.33155 1018.8
0.33156 1018.8
0.33157 1018.8
0.33158 1018.8
0.33159 1018.8
0.33160 1018.8
0.33161 1018.8
0.33162 1018.8
0.33163 1018.8
0.33164 1018.8
0.33165 1018.8
0.33166 1018.8
0.33167 1018.8
0.33168 1018.8
0.33169 1018.8
0.33170 1018.8
0.33171 1018.8
0.33172 1018.8
0.33173 1018.8
0.33174 1018.8
0.33175 1018.8
0.33176 1018.8
0.33177 1018.8
0.33178 1018.8
0.33179 1018.8
0.33180 1018.8
0.33181 1018.8
0.33182 1018.8
0.33183 1018.8
0.33184 1018.8
0.33185 1018.8
0.33186 1018.8
0.33187 1018.8
0.33188 1018.8
0.33189 1018.8
0.33190 1018.8
0.33191 1018.8
0.33192 1018.8
0.33193 1018.8
0.33194 1018.8
0.33195 1018.8
0.33196 1018.8
0.33197 1018.8
0.33198 1018.8
0.33199 1018.8
0.33200 1018.8
0.33201 1018.8
0.33202 1018.8
0.33203 1018.8
0.33204 1018.8
0.33205 1018.8
0.33206 1018.8
0.33207 1018.8
0.33208 1018.8
0.33209 1018.8
0.33210 1018.8
0.33211 1018.8
0.33212 1018.8
0.33213 1018.8
0.33214 1018.8
0.33215 1018.8
0.33216 1018.8
0.33217 1018.8
0.33218 1018.8
0.33219 1018.8
0.33220 1018.8
0.33221 1018.8
0.33222 1018.8
0.33223 1018.8
0.33224 1018.8
0.33225 1018.8
0.33226 1018.8
0.33227 1018.8
0.33228 1018.8
0.33229 1018.8
0.33230 1018.8
0.33231 1018.8
0.33232 1018.8
0.33233 1018.8
0.33234 1018.8
0.33235 1018.8
0.33236 1018.8
0.33237 1018.8
0.33238 1018.8
0.33239 1018.8
0.33240 1018.8
0.33241 1018.8
0.33242 1018.8
0.33243 1018.8
0.33244 1018.8
0.33245 1018.8
0.33246 1018.8
0.33247 1018.8
0.33248 1018.8
0.33249 1018.8
0.33250 1018.8
0.33251 1018.8
0.33252 1018.8
0.33253 1018.8
0.33254 1018.8
0.33255 1018.8
0.33256 1018.8
0.33257 1018.8
0.33258 1018.8
0.33259 1018.8
0.33260 1018.8
0.33261 1018.8
0.33262 1018.8
0.33263 1018.8
0.33264 1018.8
0.33265 1018.8
0.33266 1018.8
0.33267 1018.8
0.33268 1018.8
0.33269 1018.8
0.33270 1018.8
0.33271 1018.8
0.33272 1018.8
0.33273 1018.8
0.33274 1018.8
0.33275 1018.8
0.33276 1018.8
0.33277 1018.8
0.33278 1018.8
0.33279 1018.8
0.33280 1018.8
0.33281 1018.8
0.33282 1018.8
0.33283 1018.8
0.33284 1018.8
0.33285 1018.8
0.33286 1018.8
0.33287 1018.8
0.33288 1018.8
0.33289 1018.8
0.33290 1018.8
0.33291 1018.8
0.33292 1018.8
0.33293 1018.8
0.33294 1018.8
0.33295 1018.8
0.33296 1018.8
0.33297 1018.8
0.33298 1018.8
0.33299 1018.8
0.33300 1018.8
0.33301 1018.8
0.33302 1018.8
0.33303 1018.8
0.33304 1018.8
0.33305 1018.8
0.33306 1018.8
0.33307 1018.8
0.33308 1018.8
0.33309 1018.8
0.33310 1018.8
0.33311 1018.8
0.33312 1018.8
0.33313 1018.8
0.33314 1018.8
0.33315 1018.8
0.33316 1018.8
0.33317 1018.8
0.33318 1018.8
0.33319 1018.8
0.33320 1018.8
0.33321 1018.8
0.33322 1018.8
0.33323 1018.8
0.33324 1018.8
0.33325 1018.8
0.33326 1018.8
0.33327 1018.8
0.33328 1018.8
0.33329 1018.8
0.33330 1018.8
0.33331 1018.8
0.33332 1018.8
0.33333 1018.8
0.33334 1018.8
0.33335 1018.8
0.33336 1018.8
0.33337 1018.8
0.33338 1018.8
0.33339 1018.8
0.33340 1018.8
0.33341 1018.8
0.33342 1018.8
0.33343 1018.8
0.33344 1018.8
0.33345 1018.8
0.33346 1018.8
0.33347 1018.8
0.33348 1018.8
0.33349 1018.8
0.33350 1018.8
0.33351 1018.8
0.33352 1018.8
0.33353 1018.8
0.33354 1018.8
0.33355 1018.8
0.33356 1018.8
0.33357 1018.8
0.33358 1018.8
0.33359 1018.8
0.33360 1018.8
0.33361 1018.8
0.33362 1018.8
0.33363 1018.8
0.33364 1018.8
0.33365 1018.8
0.33366 1018.8
0.33367 1018.8
0.33368 1018.8
0.33369 1018.8
0.33370 1018.8
0.33371 1018.8
0.33372 1018.8
0.33373 1018.8
0.33374 1018.8
0.33375 1018.8
0.33376 1018.8
0.33377 1018.8
0.33378 1018.8
0.33379 1018.8
0.33380 1018.8
0.33381 1018.8
0.33382 1018.8
0.33383 1018.8
0.33384 1018.8
0.33385 1018.8
0.33386 1018.8
0.33387 1018.8
0.33388 1018.8
0.33389 1018.8
0.33390 1018.8
0.33391 1018.8
0.33392 1018.8
0.33393 1018.8
0.33394 1018.8
0.33395 1018.8
0.33396 1018.8
0.33397 1018.8
0.33398 1018.8
0.33399 1018.8
0.33400 1018.8
0.33401 1018.8
0.33402 1018.8
0.33403 1018.8
0.33404 1018.8
0.33405 1018.8
0.33406 1018.8
0.33407 1018.8
0.33408 1018.8
0.33409 1018.8
0.33410 1018.8
0.33411 1018.8
0.33412 1018.8
0.33413 1018.8
0.33414 1018.8
0.33415 1018.8
0.33416 1018.8
0.33417 1018.8
0.33418 1018.8
0.33419 1018.8
0.33420 1018.8
0.33421 1018.8
0.33422 1018.8
0.33423 1018.8
0.33424 1018.8
0.33425 1018.8
0.33426 1018.8
0.33427 1018.8
0.33428 1018.8
0.33429 1018.8
0.33430 1018.8
0.33431 1018.8
0.33432 1018.8
0.33433 1018.8
0.33434 1018.8
0.33435 1018.8
0.33436 1018.8
0.33437 1018.8
0.33438 1018.8
0.33439 1018.8
0.33440 1018.8
0.33441 1018.8
0.33442 1018.8
0.33443 1018.8
0.33444 1018.8
0.33445 1018.8
0.33446 1018.8
0.33447 1018.8
0.33448 1018.8
0.33449 1018.8
0.33450 1018.8
0.33451 1018.8
0.33452 1018.8
0.33453 1018.8
0.33454 1018.8
0.33455 1018.8
0.33456 1018.8
0.33457 1018.8
0.33458 1018.8
0.33459 1018.8
0.33460 1018.8
0.33461 1018.8
0.33462 1018.8
0.33463 1018.8
0.33464 1018.8
0.33465 1018.8
0.33466 1018.8
0.33467 1018.8
0.33468 1018.8
0.33469 1018.8
0.33470 1018.8
0.33471 1018.8
0.33472 1018.8
0.33473 1018.8
0.33474 1018.8
0.33475 1018.8
0.33476 1018.8
0.33477 1018.8
0.33478 1018.8
0.33479 1018.8
0.33480 1018.8
0.33481 1018.8
0.33482 1018.8
0.33483 1018.8
0.33484 1018.8
0.33485 1018.8
0.33486 1018.8
0.33487 1018.8
0.33488 1018.8
0.33489 1018.8
0.33490 1018.8
0.33491 1018.8
0.33492 1018.8
0.33493 1018.8
0.33494 1018.8
0.33495 1018.8
0.33496 1018.8
0.33497 1018.8
0.33498 1018.8
0.33499 1018.8
0.33500 1018.8
0.33501 1018.8
0.33502 1018.8
0.33503 1018.8
0.33504 1018.8
0.33505 1018.8
0.33506 1018.8
0.33507 1018.8
0.33508 1018.8
0.33509 1018.8
0.33510 1018.8
0.33511 1018.8
0.33512 1018.8
0.33513 1018.8
0.33514 1018.8
0.33515 1018.8
0.33516 1018.8
0.33517 1018.8
0.33518 1018.8
0.33519 1018.8
0.33520 1018.8
0.33521 1018.8
0.33522 1018.8
0.33523 1018.8
0.33524 1018.8
0.33525 1018.8
0.33526 1018.8
0.33527 1018.8
0.33528 1018.8
0.33529 1018.8
0.33530 1018.8
0.33531 1018.8
0.33532 1018.8
0.33533 1018.8
0.33534 1018.8
0.33535 1018.8
0.33536 1018.8
0.33537 1018.8
0.33538 1018.8
0.33539 1018.8
0.33540 1018.8
0.33541 1018.8
0.33542 1018.8
0.33543 1018.8
0.33544 1018.8
0.33545 1018.8
0.33546 1018.8
0.33547 1018.8
0.33548 1018.8
0.33549 1018.8
0.33550 1018.8
0.33551 1018.8
0.33552 1018.8
0.33553 1018.8
0.33554 1018.8
0.33555 1018.8
0.33556 1018.8
0.33557 1018.8
0.33558 1018.8
0.33559 1018.8
0.33560 1018.8
0.33561 1018.8
0.33562 1018.8
0.33563 1018.8
0.33564 1018.8
0.33565 1018.8
0.33566 1018.8
0.33567 1018.8
0.33568 1018.8
0.33569 1018.8
0.33570 1018.8
0.33571 1018.8
0.33572 1018.8
0.33573 1018.8
0.33574 1018.8
0.33575 1018.8
0.33576 1018.8
0.33577 1018.8
0.33578 1018.8
0.33579 1018.8
0.33580 1018.8
0.33581 1018.8
0.33582 1018.8
0.33583 1018.8
0.33584 1018.8
0.33585 1018.8
0.33586 1018.8
0.33587 1018.8
0.33588 1018.8
0.33589 1018.8
0.33590 1018.8
0.33591 1018.8
0.33592 1018.8
0.33593 1018.8
0.33594 1018.8
0.33595 1018.8
0.33596 1018.8
0.33597 1018.8
0.33598 1018.8
0.33599 1018.8
0.33600 1018.8
0.33601 1018.8
0.33602 1018.8
0.33603 1018.8
0.33604 1018.8
0.33605 1018.8
0.33606 1018.8
0.33607 1018.8
0.33608 1018.8
0.33609 1018.8
0.33610 1018.8
0.33611 1018.8
0.33612 1018.8
0.33613 1018.8
0.33614 1018.8
0.33615 1018.8
0.33616 1018.8
0.33617 1018.8
0.33618 1018.8
0.33619 1018.8
0.33620 1018.8
0.33621 1018.8
0.33622 1018.8
0.33623 1018.8
0.33624 1018.8
0.33625 1018.8
0.33626 1018.8
0.33627 1018.8
0.33628 1018.8
0.33629 1018.8
0.33630 1018.8
0.33631 1018.8
0.33632 1018.8
0.33633 1018.8
0.33634 1018.8
0.33635 1018.8
0.33636 1018.8
0.33637 1018.8
0.33638 1018.8
0.33639 1018.8
0.33640 1018.8
0.33641 1018.8
0.33642 1018.8
0.33643 1018.8
0.33644 1018.8
0.33645 1018.8
0.33646 1018.8
0.33647 1018.8
0.33648 1018.8
0.33649 1018.8
0.33650 1018.8
0.33651 1018.8
0.33652 1018.8
0.33653 1018.8
0.33654 1018.8
0.33655 1018.8
0.33656 1018.8
0.33657 1018.8
0.33658 1018.8
0.33659 1018.8
0.33660 1018.8
0.33661 1018.8
0.33662 1018.8
0.33663 1018.8
0.33664 1018.8
0.33665 1018.8
0.33666 1018.8
0.33667 1018.8
0.33668 1018.8
0.33669 1018.8
0.33670 1018.8
0.33671 1018.8
0.33672 1018.8
0.33673 1018.8
0.33674 1018.8
0.33675 1018.8
0.33676 1018.8
0.33677 1018.8
0.33678 1018.8
0.33679 1018.8
0.33680 1018.8
0.33681 1018.8
0.33682 1018.8
0.33683 1018.8
0.33684 1018.8
0.33685 1018.8
0.33686 1018.8
0.33687 1018.8
0.33688 1018.8
0.33689 1018.8
0.33690 1018.8
0.33691 1018.8
0.33692 1018.8
0.33693 1018.8
0.33694 1018.8
0.33695 1018.8
0.33696 1018.8
0.33697 1018.8
0.33698 1018.8
0.33699 1018.8
0.33700 1018.8
0.33701 1018.8
0.33702 1018.8
0.33703 1018.8
0.33704 1018.8
0.33705 1018.8
0.33706 1018.8
0.33707 1018.8
0.33708 1018.8
0.33709 1018.8
0.33710 1018.8
0.33711 1018.8
0.33712 1018.8
0.33713 1018.8
0.33714 1018.8
0.33715 1018.8
0.33716 1018.8
0.33717 1018.8
0.33718 1018.8
0.33719 1018.8
0.33720 1018.8
0.33721 1018.8
0.33722 1018.8
0.33723 1018.8
0.33724 1018.8
0.33725 1018.8
0.33726 1018.8
0.33727 1018.8
0.33728 1018.8
0.33729 1018.8
0.33730 1018.8
0.33731 1018.8
0.33732 1018.8
0.33733 1018.8
0.33734 1018.8
0.33735 1018.8
0.33736 1018.8
0.33737 1018.8
0.33738 1018.8
0.33739 1018.8
0.33740 1018.8
0.33741 1018.8
0.33742 1018.8
0.33743 1018.8
0.33744 1018.8
0.33745 1018.8
0.33746 1018.8
0.33747 1018.8
0.33748 1018.8
0.33749 1018.8
0.33750 1018.8
0.33751 1018.8
0.33752 1018.8
0.33753 1018.8
0.33754 1018.8
0.33755 1018.8
0.33756 1018.8
0.33757 1018.8
0.33758 1018.8
0.33759 1018.8
0.33760 1018.8
0.33761 1018.8
0.33762 1018.8
0.33763 1018.8
0.33764 1018.8
0.33765 1018.8
0.33766 1018.8
0.33767 1018.8
0.33768 1018.8
0.33769 1018.8
0.33770 1018.8
0.33771 1018.8
0.33772 1018.8
0.33773 1018.8
0.33774 1018.8
0.33775 1018.8
0.33776 1018.8
0.33777 1018.8
0.33778 1018.8
0.33779 1018.8
0.33780 1018.8
0.33781 1018.8
0.33782 1018.8
0.33783 1018.8
0.33784 1018.8
0.33785 1018.8
0.33786 1018.8
0.33787 1018.8
0.33788 1018.8
0.33789 1018.8
0.33790 1018.8
0.33791 1018.8
0.33792 1018.8
0.33793 1018.8
0.33794 1018.8
0.33795 1018.8
0.33796 1018.8
0.33797 1018.8
0.33798 1018.8
0.33799 1018.8
0.33800 1018.8
0.33801 1018.8
0.33802 1018.8
0.33803 1018.8
0.33804 1018.8
0.33805 1018.8
0.33806 1018.8
0.33807 1018.8
0.33808 1018.8
0.33809 1018.8
0.33810 1018.8
0.33811 1018.8
0.33812 1018.8
0.33813 1018.8
0.33814 1018.8
0.33815 1018.8
0.33816 1018.8
0.33817 1018.8
0.33818 1018.8
0.33819 1018.8
0.33820 1018.8
0.33821 1018.8
0.33822 1018.8
0.33823 1018.8
0.33824 1018.8
0.33825 1018.8
0.33826 1018.8
0.33827 1018.8
0.33828 1018.8
0.33829 1018.8
0.33830 1018.8
0.33831 1018.8
0.33832 1018.8
0.33833 1018.8
0.33834 1018.8
0.33835 1018.8
0.33836 1018.8
0.33837 1018.8
0.33838 1018.8
0.33839 1018.8
0.33840 1018.8
0.33841 1018.8
0.33842 1018.8
0.33843 1018.8
0.33844 1018.8
0.33845 1018.8
0.33846 1018.8
0.33847 1018.8
0.33848 1018.8
0.33849 1018.8
0.33850 1018.8
0.33851 1018.8
0.33852 1018.8
0.33853 1018.8
0.33854 1018.8
0.33855 1018.8
0.33856 1018.8
0.33857 1018.8
0.33858 1018.8
0.33859 1018.8
0.33860 1018.8
0.33861 1018.8
0.33862 1018.8
0.33863 1018.8
0.33864 1018.8
0.33865 1018.8
0.33866 1018.8
0.33867 1018.8
0.33868 1018.8
0.33869 1018.8
0.33870 1018.8
0.33871 1018.8
0.33872 1018.8
0.33873 1018.8
0.33874 1018.8
0.33875 1018.8
0.33876 1018.8
0.33877 1018.8
0.33878 1018.8
0.33879 1018.8
0.33880 1018.8
0.33881 1018.8
0.33882 1018.8
0.33883 1018.8
0.33884 1018.8
0.33885 1018.8
0.33886 1018.8
0.33887 1018.8
0.33888 1018.8
0.33889 1018.8
0.33890 1018.8
0.33891 1018.8
0.33892 1018.8
0.33893 1018.8
0.33894 1018.8
0.33895 1018.8
0.33896 1018.8
0.33897 1018.8
0.33898 1018.8
0.33899 1018.8
0.33900 1018.8
0.33901 1018.8
0.33902 1018.8
0.33903 1018.8
0.33904 1018.8
0.33905 1018.8
0.33906 1018.8
0.33907 1018.8
0.33908 1018.8
0.33909 1018.8
0.33910 1018.8
0.33911 1018.8
0.33912 1018.8
0.33913 1018.8
0.33914 1018.8
0.33915 1018.8
0.33916 1018.8
0.33917 1018.8
0.33918 1018.8
0.33919 1018.8
0.33920 1018.8
0.33921 1018.8
0.33922 1018.8
0.33923 1018.8
0.33924 1018.8
0.33925 1018.8
0.33926 1018.8
0.33927 1018.8
0.33928 1018.8
0.33929 1018.8
0.33930 1018.8
0.33931 1018.8
0.33932 1018.8
0.33933 1018.8
0.33934 1018.8
0.33935 1018.8
0.33936 1018.8
0.33937 1018.8
0.33938 1018.8
0.33939 1018.8
0.33940 1018.8
0.33941 1018.8
0.33942 1018.8
0.33943 1018.8
0.33944 1018.8
0.33945 1018.8
0.33946 1018.8
0.33947 1018.8
0.33948 1018.8
0.33949 1018.8
0.33950 1018.8
0.33951 1018.8
0.33952 1018.8
0.33953 1018.8
0.33954 1018.8
0.33955 1018.8
0.33956 1018.8
0.33957 1018.8
0.33958 1018.8
0.33959 1018.8
0.33960 1018.8
0.33961 1018.8
0.33962 1018.8
0.33963 1018.8
0.33964 1018.8
0.33965 1018.8
0.33966 1018.8
0.33967 1018.8
0.33968 1018.8
0.33969 1018.8
0.33970 1018.8
0.33971 1018.8
0.33972 1018.8
0.33973 1018.8
0.33974 1018.8
0.33975 1018.8
0.33976 1018.8
0.33977 1018.8
0.33978 1018.8
0.33979 1018.8
0.33980 1018.8
0.33981 1018.8
0.33982 1018.8
0.33983 1018.8
0.33984 1018.8
0.33985 1018.8
0.33986 1018.8
0.33987 1018.8
0.33988 1018.8
0.33989 1018.8
0.33990 1018.8
0.33991 1018.8
0.33992 1018.8
0.33993 1018.8
0.33994 1018.8
0.33995 1018.8
0.33996 1018.8
0.33997 1018.8
0.33998 1018.8
0.33999 1018.8
0.34000 1018.8
0.34001 1018.8
0.34002 1018.8
0.34003 1018.8
0.34004 1018.8
0.34005 1018.8
0.34006 1018.8
0.34007 1018.8
0.34008 1018.8
0.34009 1018.8
0.34010 1018.8
0.34011 1018.8
0.34012 1018.8
0.34013 1018.8
0.34014 1018.8
0.34015 1018.8
0.34016 1018.8
0.34017 1018.8
0.34018 1018.8
0.34019 1018.8
0.34020 1018.8
0.34021 1018.8
0.34022 1018.8
0.34023 1018.8
0.34024 1018.8
0.34025 1018.8
0.34026 1018.8
0.34027 1018.8
0.34028 1018.8
0.34029 1018.8
0.34030 1018.8
0.34031 1018.8
0.34032 1018.8
0.34033 1018.8
0.34034 1018.8
0.34035 1018.8
0.34036 1018.8
0.34037 1018.8
0.34038 1018.8
0.34039 1018.8
0.34040 1018.8
0.34041 1018.8
0.34042 1018.8
0.34043 1018.8
0.34044 1018.8
0.34045 1018.8
0.34046 1018.8
0.34047 1018.8
0.34048 1018.8
0.34049 1018.8
0.34050 1018.8
0.34051 1018.8
0.34052 1018.8
0.34053 1018.8
0.34054 1018.8
0.34055 1018.8
0.34056 1018.8
0.34057 1018.8
0.34058 1018.8
0.34059 1018.8
0.34060 1018.8
0.34061 1018.8
0.34062 1018.8
0.34063 1018.8
0.34064 1018.8
0.34065 1018.8
0.34066 1018.8
0.34067 1018.8
0.34068 1018.8
0.34069 1018.8
0.34070 1018.8
0.34071 1018.8
0.34072 1018.8
0.34073 1018.8
0.34074 1018.8
0.34075 1018.8
0.34076 1018.8
0.34077 1018.8
0.34078 1018.8
0.34079 1018.8
0.34080 1018.8
0.34081 1018.8
0.34082 1018.8
0.34083 1018.8
0.34084 1018.8
0.34085 1018.8
0.34086 1018.8
0.34087 1018.8
0.34088 1018.8
0.34089 1018.8
0.34090 1018.8
0.34091 1018.8
0.34092 1018.8
0.34093 1018.8
0.34094 1018.8
0.34095 1018.8
0.34096 1018.8
0.34097 1018.8
0.34098 1018.8
0.34099 1018.8
0.34100 1018.8
0.34101 1018.8
0.34102 1018.8
0.34103 1018.8
0.34104 1018.8
0.34105 1018.8
0.34106 1018.8
0.34107 1018.8
0.34108 1018.8
0.34109 1018.8
0.34110 1018.8
0.34111 1018.8
0.34112 1018.8
0.34113 1018.8
0.34114 1018.8
0.34115 1018.8
0.34116 1018.8
0.34117 1018.8
0.34118 1018.8
0.34119 1018.8
0.34120 1018.8
0.34121 1018.8
0.34122 1018.8
0.34123 1018.8
0.34124 1018.8
0.34125 1018.8
0.34126 1018.8
0.34127 1018.8
0.34128 1018.8
0.34129 1018.8
0.34130 1018.8
0.34131 1018.8
0.34132 1018.8
0.34133 1018.8
0.34134 1018.8
0.34135 1018.8
0.34136 1018.8
0.34137 1018.8
0.34138 1018.8
0.34139 1018.8
0.34140 1018.8
0.34141 1018.8
0.34142 1018.8
0.34143 1018.8
0.34144 1018.8
0.34145 1018.8
0.34146 1018.8
0.34147 1018.8
0.34148 1018.8
0.34149 1018.8
0.34150 1018.8
0.34151 1018.8
0.34152 1018.8
0.34153 1018.8
0.34154 1018.8
0.34155 1018.8
0.34156 1018.8
0.34157 1018.8
0.34158 1018.8
0.34159 1018.8
0.34160 1018.8
0.34161 1018.8
0.34162 1018.8
0.34163 1018.8
0.34164 1018.8
0.34165 1018.8
0.34166 1018.8
0.34167 1018.8
0.34168 1018.8
0.34169 1018.8
0.34170 1018.8
0.34171 1018.8
0.34172 1018.8
0.34173 1018.8
0.34174 1018.8
0.34175 1018.8
0.34176 1018.8
0.34177 1018.8
0.34178 1018.8
0.34179 1018.8
0.34180 1018.8
0.34181 1018.8
0.34182 1018.8
0.34183 1018.8
0.34184 1018.8
0.34185 1018.8
0.34186 1018.8
0.34187 1018.8
0.34188 1018.8
0.34189 1018.8
0.34190 1018.8
0.34191 1018.8
0.34192 1018.8
0.34193 1018.8
0.34194 1018.8
0.34195 1018.8
0.34196 1018.8
0.34197 1018.8
0.34198 1018.8
0.34199 1018.8
0.34200 1018.8
0.34201 1018.8
0.34202 1018.8
0.34203 1018.8
0.34204 1018.8
0.34205 1018.8
0.34206 1018.8
0.34207 1018.8
0.34208 1018.8
0.34209 1018.8
0.34210 1018.8
0.34211 1018.8
0.34212 1018.8
0.34213 1018.8
0.34214 1018.8
0.34215 1018.8
0.34216 1018.8
0.34217 1018.8
0.34218 1018.8
0.34219 1018.8
0.34220 1018.8
0.34221 1018.8
0.34222 1018.8
0.34223 1018.8
0.34224 1018.8
0.34225 1018.8
0.34226 1018.8
0.34227 1018.8
0.34228 1018.8
0.34229 1018.8
0.34230 1018.8
0.34231 1018.8
0.34232 1018.8
0.34233 1018.8
0.34234 1018.8
0.34235 1018.8
0.34236 1018.8
0.34237 1018.8
0.34238 1018.8
0.34239 1018.8
0.34240 1018.8
0.34241 1018.8
0.34242 1018.8
0.34243 1018.8
0.34244 1018.8
0.34245 1018.8
0.34246 1018.8
0.34247 1018.8
0.34248 1018.8
0.34249 1018.8
0.34250 1018.8
0.34251 1018.8
0.34252 1018.8
0.34253 1018.8
0.34254 1018.8
0.34255 1018.8
0.34256 1018.8
0.34257 1018.8
0.34258 1018.8
0.34259 1018.8
0.34260 1018.8
0.34261 1018.8
0.34262 1018.8
0.34263 1018.8
0.34264 1018.8
0.34265 1018.8
0.34266 1018.8
0.34267 1018.8
0.34268 1018.8
0.34269 1018.8
0.34270 1018.8
0.34271 1018.8
0.34272 1018.8
0.34273 1018.8
0.34274 1018.8
0.34275 1018.8
0.34276 1018.8
0.34277 1018.8
0.34278 1018.8
0.34279 1018.8
0.34280 1018.8
0.34281 1018.8
0.34282 1018.8
0.34283 1018.8
0.34284 1018.8
0.34285 1018.8
0.34286 1018.8
0.34287 1018.8
0.34288 1018.8
0.34289 1018.8
0.34290 1018.8
0.34291 1018.8
0.34292 1018.8
0.34293 1018.8
0.34294 1018.8
0.34295 1018.8
0.34296 1018.8
0.34297 1018.8
0.34298 1018.8
0.34299 1018.8
0.34300 1018.8
0.34301 1018.8
0.34302 1018.8
0.34303 1018.8
0.34304 1018.8
0.34305 1018.8
0.34306 1018.8
0.34307 1018.8
0.34308 1018.8
0.34309 1018.8
0.34310 1018.8
0.34311 1018.8
0.34312 1018.8
0.34313 1018.8
0.34314 1018.8
0.34315 1018.8
0.34316 1018.8
0.34317 1018.8
0.34318 1018.8
0.34319 1018.8
0.34320 1018.8
0.34321 1018.8
0.34322 1018.8
0.34323 1018.8
0.34324 1018.8
0.34325 1018.8
0.34326 1018.8
0.34327 1018.8
0.34328 1018.8
0.34329 1018.8
0.34330 1018.8
0.34331 1018.8
0.34332 1018.8
0.34333 1018.8
0.34334 1018.8
0.34335 1018.8
0.34336 1018.8
0.34337 1018.8
0.34338 1018.8
0.34339 1018.8
0.34340 1018.8
0.34341 1018.8
0.34342 1018.8
0.34343 1018.8
0.34344 1018.8
0.34345 1018.8
0.34346 1018.8
0.34347 1018.8
0.34348 1018.8
0.34349 1018.8
0.34350 1018.8
0.34351 1018.8
0.34352 1018.8
0.34353 1018.8
0.34354 1018.8
0.34355 1018.8
0.34356 1018.8
0.34357 1018.8
0.34358 1018.8
0.34359 1018.8
0.34360 1018.8
0.34361 1018.8
0.34362 1018.8
0.34363 1018.8
0.34364 1018.8
0.34365 1018.8
0.34366 1018.8
0.34367 1018.8
0.34368 1018.8
0.34369 1018.8
0.34370 1018.8
0.34371 1018.8
0.34372 1018.8
0.34373 1018.8
0.34374 1018.8
0.34375 1018.8
0.34376 1018.8
0.34377 1018.8
0.34378 1018.8
0.34379 1018.8
0.34380 1018.8
0.34381 1018.8
0.34382 1018.8
0.34383 1018.8
0.34384 1018.8
0.34385 1018.8
0.34386 1018.8
0.34387 1018.8
0.34388 1018.8
0.34389 1018.8
0.34390 1018.8
0.34391 1018.8
0.34392 1018.8
0.34393 1018.8
0.34394 1018.8
0.34395 1018.8
0.34396 1018.8
0.34397 1018.8
0.34398 1018.8
0.34399 1018.8
0.34400 1018.8
0.34401 1018.8
0.34402 1018.8
0.34403 1018.8
0.34404 1018.8
0.34405 1018.8
0.34406 1018.8
0.34407 1018.8
0.34408 1018.8
0.34409 1018.8
0.34410 1018.8
0.34411 1018.8
0.34412 1018.8
0.34413 1018.8
0.34414 1018.8
0.34415 1018.8
0.34416 1018.8
0.34417 1018.8
0.34418 1018.8
0.34419 1018.8
0.34420 1018.8
0.34421 1018.8
0.34422 1018.8
0.34423 1018.8
0.34424 1018.8
0.34425 1018.8
0.34426 1018.8
0.34427 1018.8
0.34428 1018.8
0.34429 1018.8
0.34430 1018.8
0.34431 1018.8
0.34432 1018.8
0.34433 1018.8
0.34434 1018.8
0.34435 1018.8
0.34436 1018.8
0.34437 1018.8
0.34438 1018.8
0.34439 1018.8
0.34440 1018.8
0.34441 1018.8
0.34442 1018.8
0.34443 1018.8
0.34444 1018.8
0.34445 1018.8
0.34446 1018.8
0.34447 1018.8
0.34448 1018.8
0.34449 1018.8
0.34450 1018.8
0.34451 1018.8
0.34452 1018.8
0.34453 1018.8
0.34454 1018.8
0.34455 1018.8
0.34456 1018.8
0.34457 1018.8
0.34458 1018.8
0.34459 1018.8
0.34460 1018.8
0.34461 1018.8
0.34462 1018.8
0.34463 1018.8
0.34464 1018.8
0.34465 1018.8
0.34466 1018.8
0.34467 1018.8
0.34468 1018.8
0.34469 1018.8
0.34470 1018.8
0.34471 1018.8
0.34472 1018.8
0.34473 1018.8
0.34474 1018.8
0.34475 1018.8
0.34476 1018.8
0.34477 1018.8
0.34478 1018.8
0.34479 1018.8
0.34480 1018.8
0.34481 1018.8
0.34482 1018.8
0.34483 1018.8
0.34484 1018.8
0.34485 1018.8
0.34486 1018.8
0.34487 1018.8
0.34488 1018.8
0.34489 1018.8
0.34490 1018.8
0.34491 1018.8
0.34492 1018.8
0.34493 1018.8
0.34494 1018.8
0.34495 1018.8
0.34496 1018.8
0.34497 1018.8
0.34498 1018.8
0.34499 1018.8
0.34500 1018.8
0.34501 1018.8
0.34502 1018.8
0.34503 1018.8
0.34504 1018.8
0.34505 1018.8
0.34506 1018.8
0.34507 1018.8
0.34508 1018.8
0.34509 1018.8
0.34510 1018.8
0.34511 1018.8
0.34512 1018.8
0.34513 1018.8
0.34514 1018.8
0.34515 1018.8
0.34516 1018.8
0.34517 1018.8
0.34518 1018.8
0.34519 1018.8
0.34520 1018.8
0.34521 1018.8
0.34522 1018.8
0.34523 1018.8
0.34524 1018.8
0.34525 1018.8
0.34526 1018.8
0.34527 1018.8
0.34528 1018.8
0.34529 1018.8
0.34530 1018.8
0.34531 1018.8
0.34532 1018.8
0.34533 1018.8
0.34534 1018.8
0.34535 1018.8
0.34536 1018.8
0.34537 1018.8
0.34538 1018.8
0.34539 1018.8
0.34540 1018.8
0.34541 1018.8
0.34542 1018.8
0.34543 1018.8
0.34544 1018.8
0.34545 1018.8
0.34546 1018.8
0.34547 1018.8
0.34548 1018.8
0.34549 1018.8
0.34550 1018.8
0.34551 1018.8
0.34552 1018.8
0.34553 1018.8
0.34554 1018.8
0.34555 1018.8
0.34556 1018.8
0.34557 1018.8
0.34558 1018.8
0.34559 1018.8
0.34560 1018.8
0.34561 1018.8
0.34562 1018.8
0.34563 1018.8
0.34564 1018.8
0.34565 1018.8
0.34566 1018.8
0.34567 1018.8
0.34568 1018.8
0.34569 1018.8
0.34570 1018.8
0.34571 1018.8
0.34572 1018.8
0.34573 1018.8
0.34574 1018.8
0.34575 1018.8
0.34576 1018.8
0.34577 1018.8
0.34578 1018.8
0.34579 1018.8
0.34580 1018.8
0.34581 1018.8
0.34582 1018.8
0.34583 1018.8
0.34584 1018.8
0.34585 1018.8
0.34586 1018.8
0.34587 1018.8
0.34588 1018.8
0.34589 1018.8
0.34590 1018.8
0.34591 1018.8
0.34592 1018.8
0.34593 1018.8
0.34594 1018.8
0.34595 1018.8
0.34596 1018.8
0.34597 1018.8
0.34598 1018.8
0.34599 1018.8
0.34600 1018.8
0.34601 1018.8
0.34602 1018.8
0.34603 1018.8
0.34604 1018.8
0.34605 1018.8
0.34606 1018.8
0.34607 1018.8
0.34608 1018.8
0.34609 1018.8
0.34610 1018.8
0.34611 1018.8
0.34612 1018.8
0.34613 1018.8
0.34614 1018.8
0.34615 1018.8
0.34616 1018.8
0.34617 1018.8
0.34618 1018.8
0.34619 1018.8
0.34620 1018.8
0.34621 1018.8
0.34622 1018.8
0.34623 1018.8
0.34624 1018.8
0.34625 1018.8
0.34626 1018.8
0.34627 1018.8
0.34628 1018.8
0.34629 1018.8
0.34630 1018.8
0.34631 1018.8
0.34632 1018.8
0.34633 1018.8
0.34634 1018.8
0.34635 1018.8
0.34636 1018.8
0.34637 1018.8
0.34638 1018.8
0.34639 1018.8
0.34640 1018.8
0.34641 1018.8
0.34642 1018.8
0.34643 1018.8
0.34644 1018.8
0.34645 1018.8
0.34646 1018.8
0.34647 1018.8
0.34648 1018.8
0.34649 1018.8
0.34650 1018.8
0.34651 1018.8
0.34652 1018.8
0.34653 1018.8
0.34654 1018.8
0.34655 1018.8
0.34656 1018.8
0.34657 1018.8
0.34658 1018.8
0.34659 1018.8
0.34660 1018.8
0.34661 1018.8
0.34662 1018.8
0.34663 1018.8
0.34664 1018.8
0.34665 1018.8
0.34666 1018.8
0.34667 1018.8
0.34668 1018.8
0.34669 1018.8
0.34670 1018.8
0.34671 1018.8
0.34672 1018.8
0.34673 1018.8
0.34674 1018.8
0.34675 1018.8
0.34676 1018.8
0.34677 1018.8
0.34678 1018.8
0.34679 1018.8
0.34680 1018.8
0.34681 1018.8
0.34682 1018.8
0.34683 1018.8
0.34684 1018.8
0.34685 1018.8
0.34686 1018.8
0.34687 1018.8
0.34688 1018.8
0.34689 1018.8
0.34690 1018.8
0.34691 1018.8
0.34692 1018.8
0.34693 1018.8
0.34694 1018.8
0.34695 1018.8
0.34696 1018.8
0.34697 1018.8
0.34698 1018.8
0.34699 1018.8
0.34700 1018.8
0.34701 1018.8
0.34702 1018.8
0.34703 1018.8
0.34704 1018.8
0.34705 1018.8
0.34706 1018.8
0.34707 1018.8
0.34708 1018.8
0.34709 1018.8
0.34710 1018.8
0.34711 1018.8
0.34712 1018.8
0.34713 1018.8
0.34714 1018.8
0.34715 1018.8
0.34716 1018.8
0.34717 1018.8
0.34718 1018.8
0.34719 1018.8
0.34720 1018.8
0.34721 1018.8
0.34722 1018.8
0.34723 1018.8
0.34724 1018.8
0.34725 1018.8
0.34726 1018.8
0.34727 1018.8
0.34728 1018.8
0.34729 1018.8
0.34730 1018.8
0.34731 1018.8
0.34732 1018.8
0.34733 1018.8
0.34734 1018.8
0.34735 1018.8
0.34736 1018.8
0.34737 1018.8
0.34738 1018.8
0.34739 1018.8
0.34740 1018.8
0.34741 1018.8
0.34742 1018.8
0.34743 1018.8
0.34744 1018.8
0.34745 1018.8
0.34746 1018.8
0.34747 1018.8
0.34748 1018.8
0.34749 1018.8
0.34750 1018.8
0.34751 1018.8
0.34752 1018.8
0.34753 1018.8
0.34754 1018.8
0.34755 1018.8
0.34756 1018.8
0.34757 1018.8
0.34758 1018.8
0.34759 1018.8
0.34760 1018.8
0.34761 1018.8
0.34762 1018.8
0.34763 1018.8
0.34764 1018.8
0.34765 1018.8
0.34766 1018.8
0.34767 1018.8
0.34768 1018.8
0.34769 1018.8
0.34770 1018.8
0.34771 1018.8
0.34772 1018.8
0.34773 1018.8
0.34774 1018.8
0.34775 1018.8
0.34776 1018.8
0.34777 1018.8
0.34778 1018.8
0.34779 1018.8
0.34780 1018.8
0.34781 1018.8
0.34782 1018.8
0.34783 1018.8
0.34784 1018.8
0.34785 1018.8
0.34786 1018.8
0.34787 1018.8
0.34788 1018.8
0.34789 1018.8
0.34790 1018.8
0.34791 1018.8
0.34792 1018.8
0.34793 1018.8
0.34794 1018.8
0.34795 1018.8
0.34796 1018.8
0.34797 1018.8
0.34798 1018.8
0.34799 1018.8
0.34800 1018.8
0.34801 1018.8
0.34802 1018.8
0.34803 1018.8
0.34804 1018.8
0.34805 1018.8
0.34806 1018.8
0.34807 1018.8
0.34808 1018.8
0.34809 1018.8
0.34810 1018.8
0.34811 1018.8
0.34812 1018.8
0.34813 1018.8
0.34814 1018.8
0.34815 1018.8
0.34816 1018.8
0.34817 1018.8
0.34818 1018.8
0.34819 1018.8
0.34820 1018.8
0.34821 1018.8
0.34822 1018.8
0.34823 1018.8
0.34824 1018.8
0.34825 1018.8
0.34826 1018.8
0.34827 1018.8
0.34828 1018.8
0.34829 1018.8
0.34830 1018.8
0.34831 1018.8
0.34832 1018.8
0.34833 1018.8
0.34834 1018.8
0.34835 1018.8
0.34836 1018.8
0.34837 1018.8
0.34838 1018.8
0.34839 1018.8
0.34840 1018.8
0.34841 1018.8
0.34842 1018.8
0.34843 1018.8
0.34844 1018.8
0.34845 1018.8
0.34846 1018.8
0.34847 1018.8
0.34848 1018.8
0.34849 1018.8
0.34850 1018.8
0.34851 1018.8
0.34852 1018.8
0.34853 1018.8
0.34854 1018.8
0.34855 1018.8
0.34856 1018.8
0.34857 1018.8
0.34858 1018.8
0.34859 1018.8
0.34860 1018.8
0.34861 1018.8
0.34862 1018.8
0.34863 1018.8
0.34864 1018.8
0.34865 1018.8
0.34866 1018.8
0.34867 1018.8
0.34868 1018.8
0.34869 1018.8
0.34870 1018.8
0.34871 1018.8
0.34872 1018.8
0.34873 1018.8
0.34874 1018.8
0.34875 1018.8
0.34876 1018.8
0.34877 1018.8
0.34878 1018.8
0.34879 1018.8
0.34880 1018.8
0.34881 1018.8
0.34882 1018.8
0.34883 1018.8
0.34884 1018.8
0.34885 1018.8
0.34886 1018.8
0.34887 1018.8
0.34888 1018.8
0.34889 1018.8
0.34890 1018.8
0.34891 1018.8
0.34892 1018.8
0.34893 1018.8
0.34894 1018.8
0.34895 1018.8
0.34896 1018.8
0.34897 1018.8
0.34898 1018.8
0.34899 1018.8
0.34900 1018.8
0.34901 1018.8
0.34902 1018.8
0.34903 1018.8
0.34904 1018.8
0.34905 1018.8
0.34906 1018.8
0.34907 1018.8
0.34908 1018.8
0.34909 1018.8
0.34910 1018.8
0.34911 1018.8
0.34912 1018.8
0.34913 1018.8
0.34914 1018.8
0.34915 1018.8
0.34916 1018.8
0.34917 1018.8
0.34918 1018.8
0.34919 1018.8
0.34920 1018.8
0.34921 1018.8
0.34922 1018.8
0.34923 1018.8
0.34924 1018.8
0.34925 1018.8
0.34926 1018.8
0.34927 1018.8
0.34928 1018.8
0.34929 1018.8
0.34930 1018.8
0.34931 1018.8
0.34932 1018.8
0.34933 1018.8
0.34934 1018.8
0.34935 1018.8
0.34936 1018.8
0.34937 1018.8
0.34938 1018.8
0.34939 1018.8
0.34940 1018.8
0.34941 1018.8
0.34942 1018.8
0.34943 1018.8
0.34944 1018.8
0.34945 1018.8
0.34946 1018.8
0.34947 1018.8
0.34948 1018.8
0.34949 1018.8
0.34950 1018.8
0.34951 1018.8
0.34952 1018.8
0.34953 1018.8
0.34954 1018.8
0.34955 1018.8
0.34956 1018.8
0.34957 1018.8
0.34958 1018.8
0.34959 1018.8
0.34960 1018.8
0.34961 1018.8
0.34962 1018.8
0.34963 1018.8
0.34964 1018.8
0.34965 1018.8
0.34966 1018.8
0.34967 1018.8
0.34968 1018.8
0.34969 1018.8
0.34970 1018.8
0.34971 1018.8
0.34972 1018.8
0.34973 1018.8
0.34974 1018.8
0.34975 1018.8
0.34976 1018.8
0.34977 1018.8
0.34978 1018.8
0.34979 1018.8
0.34980 1018.8
0.34981 1018.8
0.34982 1018.8
0.34983 1018.8
0.34984 1018.8
0.34985 1018.8
0.34986 1018.8
0.34987 1018.8
0.34988 1018.8
0.34989 1018.8
0.34990 1018.8
0.34991 1018.8
0.34992 1018.8
0.34993 1018.8
0.34994 1018.8
0.34995 1018.8
0.34996 1018.8
0.34997 1018.8
0.34998 1018.8
0.34999 1018.8
0.35000 1018.8
0.35001 1018.8
0.35002 1018.8
0.35003 1018.8
0.35004 1018.8
0.35005 1018.8
0.35006 1018.8
0.35007 1018.8
0.35008 1018.8
0.35009 1018.8
0.35010 1018.8
0.35011 1018.8
0.35012 1018.8
0.35013 1018.8
0.35014 1018.8
0.35015 1018.8
0.35016 1018.8
0.35017 1018.8
0.35018 1018.8
0.35019 1018.8
0.35020 1018.8
0.35021 1018.8
0.35022 1018.8
0.35023 1018.8
0.35024 1018.8
0.35025 1018.8
0.35026 1018.8
0.35027 1018.8
0.35028 1018.8
0.35029 1018.8
0.35030 1018.8
0.35031 1018.8
0.35032 1018.8
0.35033 1018.8
0.35034 1018.8
0.35035 1018.8
0.35036 1018.8
0.35037 1018.8
0.35038 1018.8
0.35039 1018.8
0.35040 1018.8
0.35041 1018.8
0.35042 1018.8
0.35043 1018.8
0.35044 1018.8
0.35045 1018.8
0.35046 1018.8
0.35047 1018.8
0.35048 1018.8
0.35049 1018.8
0.35050 1018.8
0.35051 1018.8
0.35052 1018.8
0.35053 1018.8
0.35054 1018.8
0.35055 1018.8
0.35056 1018.8
0.35057 1018.8
0.35058 1018.8
0.35059 1018.8
0.35060 1018.8
0.35061 1018.8
0.35062 1018.8
0.35063 1018.8
0.35064 1018.8
0.35065 1018.8
0.35066 1018.8
0.35067 1018.8
0.35068 1018.8
0.35069 1018.8
0.35070 1018.8
0.35071 1018.8
0.35072 1018.8
0.35073 1018.8
0.35074 1018.8
0.35075 1018.8
0.35076 1018.8
0.35077 1018.8
0.35078 1018.8
0.35079 1018.8
0.35080 1018.8
0.35081 1018.8
0.35082 1018.8
0.35083 1018.8
0.35084 1018.8
0.35085 1018.8
0.35086 1018.8
0.35087 1018.8
0.35088 1018.8
0.35089 1018.8
0.35090 1018.8
0.35091 1018.8
0.35092 1018.8
0.35093 1018.8
0.35094 1018.8
0.35095 1018.8
0.35096 1018.8
0.35097 1018.8
0.35098 1018.8
0.35099 1018.8
0.35100 1018.8
0.35101 1018.8
0.35102 1018.8
0.35103 1018.8
0.35104 1018.8
0.35105 1018.8
0.35106 1018.8
0.35107 1018.8
0.35108 1018.8
0.35109 1018.8
0.35110 1018.8
0.35111 1018.8
0.35112 1018.8
0.35113 1018.8
0.35114 1018.8
0.35115 1018.8
0.35116 1018.8
0.35117 1018.8
0.35118 1018.8
0.35119 1018.8
0.35120 1018.8
0.35121 1018.8
0.35122 1018.8
0.35123 1018.8
0.35124 1018.8
0.35125 1018.8
0.35126 1018.8
0.35127 1018.8
0.35128 1018.8
0.35129 1018.8
0.35130 1018.8
0.35131 1018.8
0.35132 1018.8
0.35133 1018.8
0.35134 1018.8
0.35135 1018.8
0.35136 1018.8
0.35137 1018.8
0.35138 1018.8
0.35139 1018.8
0.35140 1018.8
0.35141 1018.8
0.35142 1018.8
0.35143 1018.8
0.35144 1018.8
0.35145 1018.8
0.35146 1018.8
0.35147 1018.8
0.35148 1018.8
0.35149 1018.8
0.35150 1018.8
0.35151 1018.8
0.35152 1018.8
0.35153 1018.8
0.35154 1018.8
0.35155 1018.8
0.35156 1018.8
0.35157 1018.8
0.35158 1018.8
0.35159 1018.8
0.35160 1018.8
0.35161 1018.8
0.35162 1018.8
0.35163 1018.8
0.35164 1018.8
0.35165 1018.8
0.35166 1018.8
0.35167 1018.8
0.35168 1018.8
0.35169 1018.8
0.35170 1018.8
0.35171 1018.8
0.35172 1018.8
0.35173 1018.8
0.35174 1018.8
0.35175 1018.8
0.35176 1018.8
0.35177 1018.8
0.35178 1018.8
0.35179 1018.8
0.35180 1018.8
0.35181 1018.8
0.35182 1018.8
0.35183 1018.8
0.35184 1018.8
0.35185 1018.8
0.35186 1018.8
0.35187 1018.8
0.35188 1018.8
0.35189 1018.8
0.35190 1018.8
0.35191 1018.8
0.35192 1018.8
0.35193 1018.8
0.35194 1018.8
0.35195 1018.8
0.35196 1018.8
0.35197 1018.8
0.35198 1018.8
0.35199 1018.8
0.35200 1018.8
0.35201 1018.8
0.35202 1018.8
0.35203 1018.8
0.35204 1018.8
0.35205 1018.8
0.35206 1018.8
0.35207 1018.8
0.35208 1018.8
0.35209 1018.8
0.35210 1018.8
0.35211 1018.8
0.35212 1018.8
0.35213 1018.8
0.35214 1018.8
0.35215 1018.8
0.35216 1018.8
0.35217 1018.8
0.35218 1018.8
0.35219 1018.8
0.35220 1018.8
0.35221 1018.8
0.35222 1018.8
0.35223 1018.8
0.35224 1018.8
0.35225 1018.8
0.35226 1018.8
0.35227 1018.8
0.35228 1018.8
0.35229 1018.8
0.35230 1018.8
0.35231 1018.8
0.35232 1018.8
0.35233 1018.8
0.35234 1018.8
0.35235 1018.8
0.35236 1018.8
0.35237 1018.8
0.35238 1018.8
0.35239 1018.8
0.35240 1018.8
0.35241 1018.8
0.35242 1018.8
0.35243 1018.8
0.35244 1018.8
0.35245 1018.8
0.35246 1018.8
0.35247 1018.8
0.35248 1018.8
0.35249 1018.8
0.35250 1018.8
0.35251 1018.8
0.35252 1018.8
0.35253 1018.8
0.35254 1018.8
0.35255 1018.8
0.35256 1018.8
0.35257 1018.8
0.35258 1018.8
0.35259 1018.8
0.35260 1018.8
0.35261 1018.8
0.35262 1018.8
0.35263 1018.8
0.35264 1018.8
0.35265 1018.8
0.35266 1018.8
0.35267 1018.8
0.35268 1018.8
0.35269 1018.8
0.35270 1018.8
0.35271 1018.8
0.35272 1018.8
0.35273 1018.8
0.35274 1018.8
0.35275 1018.8
0.35276 1018.8
0.35277 1018.8
0.35278 1018.8
0.35279 1018.8
0.35280 1018.8
0.35281 1018.8
0.35282 1018.8
0.35283 1018.8
0.35284 1018.8
0.35285 1018.8
0.35286 1018.8
0.35287 1018.8
0.35288 1018.8
0.35289 1018.8
0.35290 1018.8
0.35291 1018.8
0.35292 1018.8
0.35293 1018.8
0.35294 1018.8
0.35295 1018.8
0.35296 1018.8
0.35297 1018.8
0.35298 1018.8
0.35299 1018.8
0.35300 1018.8
0.35301 1018.8
0.35302 1018.8
0.35303 1018.8
0.35304 1018.8
0.35305 1018.8
0.35306 1018.8
0.35307 1018.8
0.35308 1018.8
0.35309 1018.8
0.35310 1018.8
0.35311 1018.8
0.35312 1018.8
0.35313 1018.8
0.35314 1018.8
0.35315 1018.8
0.35316 1018.8
0.35317 1018.8
0.35318 1018.8
0.35319 1018.8
0.35320 1018.8
0.35321 1018.8
0.35322 1018.8
0.35323 1018.8
0.35324 1018.8
0.35325 1018.8
0.35326 1018.8
0.35327 1018.8
0.35328 1018.8
0.35329 1018.8
0.35330 1018.8
0.35331 1018.8
0.35332 1018.8
0.35333 1018.8
0.35334 1018.8
0.35335 1018.8
0.35336 1018.8
0.35337 1018.8
0.35338 1018.8
0.35339 1018.8
0.35340 1018.8
0.35341 1018.8
0.35342 1018.8
0.35343 1018.8
0.35344 1018.8
0.35345 1018.8
0.35346 1018.8
0.35347 1018.8
0.35348 1018.8
0.35349 1018.8
0.35350 1018.8
0.35351 1018.8
0.35352 1018.8
0.35353 1018.8
0.35354 1018.8
0.35355 1018.8
0.35356 1018.8
0.35357 1018.8
0.35358 1018.8
0.35359 1018.8
0.35360 1018.8
0.35361 1018.8
0.35362 1018.8
0.35363 1018.8
0.35364 1018.8
0.35365 1018.8
0.35366 1018.8
0.35367 1018.8
0.35368 1018.8
0.35369 1018.8
0.35370 1018.8
0.35371 1018.8
0.35372 1018.8
0.35373 1018.8
0.35374 1018.8
0.35375 1018.8
0.35376 1018.8
0.35377 1018.8
0.35378 1018.8
0.35379 1018.8
0.35380 1018.8
0.35381 1018.8
0.35382 1018.8
0.35383 1018.8
0.35384 1018.8
0.35385 1018.8
0.35386 1018.8
0.35387 1018.8
0.35388 1018.8
0.35389 1018.8
0.35390 1018.8
0.35391 1018.8
0.35392 1018.8
0.35393 1018.8
0.35394 1018.8
0.35395 1018.8
0.35396 1018.8
0.35397 1018.8
0.35398 1018.8
0.35399 1018.8
0.35400 1018.8
0.35401 1018.8
0.35402 1018.8
0.35403 1018.8
0.35404 1018.8
0.35405 1018.8
0.35406 1018.8
0.35407 1018.8
0.35408 1018.8
0.35409 1018.8
0.35410 1018.8
0.35411 1018.8
0.35412 1018.8
0.35413 1018.8
0.35414 1018.8
0.35415 1018.8
0.35416 1018.8
0.35417 1018.8
0.35418 1018.8
0.35419 1018.8
0.35420 1018.8
0.35421 1018.8
0.35422 1018.8
0.35423 1018.8
0.35424 1018.8
0.35425 1018.8
0.35426 1018.8
0.35427 1018.8
0.35428 1018.8
0.35429 1018.8
0.35430 1018.8
0.35431 1018.8
0.35432 1018.8
0.35433 1018.8
0.35434 1018.8
0.35435 1018.8
0.35436 1018.8
0.35437 1018.8
0.35438 1018.8
0.35439 1018.8
0.35440 1018.8
0.35441 1018.8
0.35442 1018.8
0.35443 1018.8
0.35444 1018.8
0.35445 1018.8
0.35446 1018.8
0.35447 1018.8
0.35448 1018.8
0.35449 1018.8
0.35450 1018.8
0.35451 1018.8
0.35452 1018.8
0.35453 1018.8
0.35454 1018.8
0.35455 1018.8
0.35456 1018.8
0.35457 1018.8
0.35458 1018.8
0.35459 1018.8
0.35460 1018.8
0.35461 1018.8
0.35462 1018.8
0.35463 1018.8
0.35464 1018.8
0.35465 1018.8
0.35466 1018.8
0.35467 1018.8
0.35468 1018.8
0.35469 1018.8
0.35470 1018.8
0.35471 1018.8
0.35472 1018.8
0.35473 1018.8
0.35474 1018.8
0.35475 1018.8
0.35476 1018.8
0.35477 1018.8
0.35478 1018.8
0.35479 1018.8
0.35480 1018.8
0.35481 1018.8
0.35482 1018.8
0.35483 1018.8
0.35484 1018.8
0.35485 1018.8
0.35486 1018.8
0.35487 1018.8
0.35488 1018.8
0.35489 1018.8
0.35490 1018.8
0.35491 1018.8
0.35492 1018.8
0.35493 1018.8
0.35494 1018.8
0.35495 1018.8
0.35496 1018.8
0.35497 1018.8
0.35498 1018.8
0.35499 1018.8
0.35500 1018.8
0.35501 1018.8
0.35502 1018.8
0.35503 1018.8
0.35504 1018.8
0.35505 1018.8
0.35506 1018.8
0.35507 1018.8
0.35508 1018.8
0.35509 1018.8
0.35510 1018.8
0.35511 1018.8
0.35512 1018.8
0.35513 1018.8
0.35514 1018.8
0.35515 1018.8
0.35516 1018.8
0.35517 1018.8
0.35518 1018.8
0.35519 1018.8
0.35520 1018.8
0.35521 1018.8
0.35522 1018.8
0.35523 1018.8
0.35524 1018.8
0.35525 1018.8
0.35526 1018.8
0.35527 1018.8
0.35528 1018.8
0.35529 1018.8
0.35530 1018.8
0.35531 1018.8
0.35532 1018.8
0.35533 1018.8
0.35534 1018.8
0.35535 1018.8
0.35536 1018.8
0.35537 1018.8
0.35538 1018.8
0.35539 1018.8
0.35540 1018.8
0.35541 1018.8
0.35542 1018.8
0.35543 1018.8
0.35544 1018.8
0.35545 1018.8
0.35546 1018.8
0.35547 1018.8
0.35548 1018.8
0.35549 1018.8
0.35550 1018.8
0.35551 1018.8
0.35552 1018.8
0.35553 1018.8
0.35554 1018.8
0.35555 1018.8
0.35556 1018.8
0.35557 1018.8
0.35558 1018.8
0.35559 1018.8
0.35560 1018.8
0.35561 1018.8
0.35562 1018.8
0.35563 1018.8
0.35564 1018.8
0.35565 1018.8
0.35566 1018.8
0.35567 1018.8
0.35568 1018.8
0.35569 1018.8
0.35570 1018.8
0.35571 1018.8
0.35572 1018.8
0.35573 1018.8
0.35574 1018.8
0.35575 1018.8
0.35576 1018.8
0.35577 1018.8
0.35578 1018.8
0.35579 1018.8
0.35580 1018.8
0.35581 1018.8
0.35582 1018.8
0.35583 1018.8
0.35584 1018.8
0.35585 1018.8
0.35586 1018.8
0.35587 1018.8
0.35588 1018.8
0.35589 1018.8
0.35590 1018.8
0.35591 1018.8
0.35592 1018.8
0.35593 1018.8
0.35594 1018.8
0.35595 1018.8
0.35596 1018.8
0.35597 1018.8
0.35598 1018.8
0.35599 1018.8
0.35600 1018.8
0.35601 1018.8
0.35602 1018.8
0.35603 1018.8
0.35604 1018.8
0.35605 1018.8
0.35606 1018.8
0.35607 1018.8
0.35608 1018.8
0.35609 1018.8
0.35610 1018.8
0.35611 1018.8
0.35612 1018.8
0.35613 1018.8
0.35614 1018.8
0.35615 1018.8
0.35616 1018.8
0.35617 1018.8
0.35618 1018.8
0.35619 1018.8
0.35620 1018.8
0.35621 1018.8
0.35622 1018.8
0.35623 1018.8
0.35624 1018.8
0.35625 1018.8
0.35626 1018.8
0.35627 1018.8
0.35628 1018.8
0.35629 1018.8
0.35630 1018.8
0.35631 1018.8
0.35632 1018.8
0.35633 1018.8
0.35634 1018.8
0.35635 1018.8
0.35636 1018.8
0.35637 1018.8
0.35638 1018.8
0.35639 1018.8
0.35640 1018.8
0.35641 1018.8
0.35642 1018.8
0.35643 1018.8
0.35644 1018.8
0.35645 1018.8
0.35646 1018.8
0.35647 1018.8
0.35648 1018.8
0.35649 1018.8
0.35650 1018.8
0.35651 1018.8
0.35652 1018.8
0.35653 1018.8
0.35654 1018.8
0.35655 1018.8
0.35656 1018.8
0.35657 1018.8
0.35658 1018.8
0.35659 1018.8
0.35660 1018.8
0.35661 1018.8
0.35662 1018.8
0.35663 1018.8
0.35664 1018.8
0.35665 1018.8
0.35666 1018.8
0.35667 1018.8
0.35668 1018.8
0.35669 1018.8
0.35670 1018.8
0.35671 1018.8
0.35672 1018.8
0.35673 1018.8
0.35674 1018.8
0.35675 1018.8
0.35676 1018.8
0.35677 1018.8
0.35678 1018.8
0.35679 1018.8
0.35680 1018.8
0.35681 1018.8
0.35682 1018.8
0.35683 1018.8
0.35684 1018.8
0.35685 1018.8
0.35686 1018.8
0.35687 1018.8
0.35688 1018.8
0.35689 1018.8
0.35690 1018.8
0.35691 1018.8
0.35692 1018.8
0.35693 1018.8
0.35694 1018.8
0.35695 1018.8
0.35696 1018.8
0.35697 1018.8
0.35698 1018.8
0.35699 1018.8
0.35700 1018.8
0.35701 1018.8
0.35702 1018.8
0.35703 1018.8
0.35704 1018.8
0.35705 1018.8
0.35706 1018.8
0.35707 1018.8
0.35708 1018.8
0.35709 1018.8
0.35710 1018.8
0.35711 1018.8
0.35712 1018.8
0.35713 1018.8
0.35714 1018.8
0.35715 1018.8
0.35716 1018.8
0.35717 1018.8
0.35718 1018.8
0.35719 1018.8
0.35720 1018.8
0.35721 1018.8
0.35722 1018.8
0.35723 1018.8
0.35724 1018.8
0.35725 1018.8
0.35726 1018.8
0.35727 1018.8
0.35728 1018.8
0.35729 1018.8
0.35730 1018.8
0.35731 1018.8
0.35732 1018.8
0.35733 1018.8
0.35734 1018.8
0.35735 1018.8
0.35736 1018.8
0.35737 1018.8
0.35738 1018.8
0.35739 1018.8
0.35740 1018.8
0.35741 1018.8
0.35742 1018.8
0.35743 1018.8
0.35744 1018.8
0.35745 1018.8
0.35746 1018.8
0.35747 1018.8
0.35748 1018.8
0.35749 1018.8
0.35750 1018.8
0.35751 1018.8
0.35752 1018.8
0.35753 1018.8
0.35754 1018.8
0.35755 1018.8
0.35756 1018.8
0.35757 1018.8
0.35758 1018.8
0.35759 1018.8
0.35760 1018.8
0.35761 1018.8
0.35762 1018.8
0.35763 1018.8
0.35764 1018.8
0.35765 1018.8
0.35766 1018.8
0.35767 1018.8
0.35768 1018.8
0.35769 1018.8
0.35770 1018.8
0.35771 1018.8
0.35772 1018.8
0.35773 1018.8
0.35774 1018.8
0.35775 1018.8
0.35776 1018.8
0.35777 1018.8
0.35778 1018.8
0.35779 1018.8
0.35780 1018.8
0.35781 1018.8
0.35782 1018.8
0.35783 1018.8
0.35784 1018.8
0.35785 1018.8
0.35786 1018.8
0.35787 1018.8
0.35788 1018.8
0.35789 1018.8
0.35790 1018.8
0.35791 1018.8
0.35792 1018.8
0.35793 1018.8
0.35794 1018.8
0.35795 1018.8
0.35796 1018.8
0.35797 1018.8
0.35798 1018.8
0.35799 1018.8
0.35800 1018.8
0.35801 1018.8
0.35802 1018.8
0.35803 1018.8
0.35804 1018.8
0.35805 1018.8
0.35806 1018.8
0.35807 1018.8
0.35808 1018.8
0.35809 1018.8
0.35810 1018.8
0.35811 1018.8
0.35812 1018.8
0.35813 1018.8
0.35814 1018.8
0.35815 1018.8
0.35816 1018.8
0.35817 1018.8
0.35818 1018.8
0.35819 1018.8
0.35820 1018.8
0.35821 1018.8
0.35822 1018.8
0.35823 1018.8
0.35824 1018.8
0.35825 1018.8
0.35826 1018.8
0.35827 1018.8
0.35828 1018.8
0.35829 1018.8
0.35830 1018.8
0.35831 1018.8
0.35832 1018.8
0.35833 1018.8
0.35834 1018.8
0.35835 1018.8
0.35836 1018.8
0.35837 1018.8
0.35838 1018.8
0.35839 1018.8
0.35840 1018.8
0.35841 1018.8
0.35842 1018.8
0.35843 1018.8
0.35844 1018.8
0.35845 1018.8
0.35846 1018.8
0.35847 1018.8
0.35848 1018.8
0.35849 1018.8
0.35850 1018.8
0.35851 1018.8
0.35852 1018.8
0.35853 1018.8
0.35854 1018.8
0.35855 1018.8
0.35856 1018.8
0.35857 1018.8
0.35858 1018.8
0.35859 1018.8
0.35860 1018.8
0.35861 1018.8
0.35862 1018.8
0.35863 1018.8
0.35864 1018.8
0.35865 1018.8
0.35866 1018.8
0.35867 1018.8
0.35868 1018.8
0.35869 1018.8
0.35870 1018.8
0.35871 1018.8
0.35872 1018.8
0.35873 1018.8
0.35874 1018.8
0.35875 1018.8
0.35876 1018.8
0.35877 1018.8
0.35878 1018.8
0.35879 1018.8
0.35880 1018.8
0.35881 1018.8
0.35882 1018.8
0.35883 1018.8
0.35884 1018.8
0.35885 1018.8
0.35886 1018.8
0.35887 1018.8
0.35888 1018.8
0.35889 1018.8
0.35890 1018.8
0.35891 1018.8
0.35892 1018.8
0.35893 1018.8
0.35894 1018.8
0.35895 1018.8
0.35896 1018.8
0.35897 1018.8
0.35898 1018.8
0.35899 1018.8
0.35900 1018.8
0.35901 1018.8
0.35902 1018.8
0.35903 1018.8
0.35904 1018.8
0.35905 1018.8
0.35906 1018.8
0.35907 1018.8
0.35908 1018.8
0.35909 1018.8
0.35910 1018.8
0.35911 1018.8
0.35912 1018.8
0.35913 1018.8
0.35914 1018.8
0.35915 1018.8
0.35916 1018.8
0.35917 1018.8
0.35918 1018.8
0.35919 1018.8
0.35920 1018.8
0.35921 1018.8
0.35922 1018.8
0.35923 1018.8
0.35924 1018.8
0.35925 1018.8
0.35926 1018.8
0.35927 1018.8
0.35928 1018.8
0.35929 1018.8
0.35930 1018.8
0.35931 1018.8
0.35932 1018.8
0.35933 1018.8
0.35934 1018.8
0.35935 1018.8
0.35936 1018.8
0.35937 1018.8
0.35938 1018.8
0.35939 1018.8
0.35940 1018.8
0.35941 1018.8
0.35942 1018.8
0.35943 1018.8
0.35944 1018.8
0.35945 1018.8
0.35946 1018.8
0.35947 1018.8
0.35948 1018.8
0.35949 1018.8
0.35950 1018.8
0.35951 1018.8
0.35952 1018.8
0.35953 1018.8
0.35954 1018.8
0.35955 1018.8
0.35956 1018.8
0.35957 1018.8
0.35958 1018.8
0.35959 1018.8
0.35960 1018.8
0.35961 1018.8
0.35962 1018.8
0.35963 1018.8
0.35964 1018.8
0.35965 1018.8
0.35966 1018.8
0.35967 1018.8
0.35968 1018.8
0.35969 1018.8
0.35970 1018.8
0.35971 1018.8
0.35972 1018.8
0.35973 1018.8
0.35974 1018.8
0.35975 1018.8
0.35976 1018.8
0.35977 1018.8
0.35978 1018.8
0.35979 1018.8
0.35980 1018.8
0.35981 1018.8
0.35982 1018.8
0.35983 1018.8
0.35984 1018.8
0.35985 1018.8
0.35986 1018.8
0.35987 1018.8
0.35988 1018.8
0.35989 1018.8
0.35990 1018.8
0.35991 1018.8
0.35992 1018.8
0.35993 1018.8
0.35994 1018.8
0.35995 1018.8
0.35996 1018.8
0.35997 1018.8
0.35998 1018.8
0.35999 1018.8
0.36000 1018.8
0.36001 1018.8
0.36002 1018.8
0.36003 1018.8
0.36004 1018.8
0.36005 1018.8
0.36006 1018.8
0.36007 1018.8
0.36008 1018.8
0.36009 1018.8
0.36010 1018.8
0.36011 1018.8
0.36012 1018.8
0.36013 1018.8
0.36014 1018.8
0.36015 1018.8
0.36016 1018.8
0.36017 1018.8
0.36018 1018.8
0.36019 1018.8
0.36020 1018.8
0.36021 1018.8
0.36022 1018.8
0.36023 1018.8
0.36024 1018.8
0.36025 1018.8
0.36026 1018.8
0.36027 1018.8
0.36028 1018.8
0.36029 1018.8
0.36030 1018.8
0.36031 1018.8
0.36032 1018.8
0.36033 1018.8
0.36034 1018.8
0.36035 1018.8
0.36036 1018.8
0.36037 1018.8
0.36038 1018.8
0.36039 1018.8
0.36040 1018.8
0.36041 1018.8
0.36042 1018.8
0.36043 1018.8
0.36044 1018.8
0.36045 1018.8
0.36046 1018.8
0.36047 1018.8
0.36048 1018.8
0.36049 1018.8
0.36050 1018.8
0.36051 1018.8
0.36052 1018.8
0.36053 1018.8
0.36054 1018.8
0.36055 1018.8
0.36056 1018.8
0.36057 1018.8
0.36058 1018.8
0.36059 1018.8
0.36060 1018.8
0.36061 1018.8
0.36062 1018.8
0.36063 1018.8
0.36064 1018.8
0.36065 1018.8
0.36066 1018.8
0.36067 1018.8
0.36068 1018.8
0.36069 1018.8
0.36070 1018.8
0.36071 1018.8
0.36072 1018.8
0.36073 1018.8
0.36074 1018.8
0.36075 1018.8
0.36076 1018.8
0.36077 1018.8
0.36078 1018.8
0.36079 1018.8
0.36080 1018.8
0.36081 1018.8
0.36082 1018.8
0.36083 1018.8
0.36084 1018.8
0.36085 1018.8
0.36086 1018.8
0.36087 1018.8
0.36088 1018.8
0.36089 1018.8
0.36090 1018.8
0.36091 1018.8
0.36092 1018.8
0.36093 1018.8
0.36094 1018.8
0.36095 1018.8
0.36096 1018.8
0.36097 1018.8
0.36098 1018.8
0.36099 1018.8
0.36100 1018.8
0.36101 1018.8
0.36102 1018.8
0.36103 1018.8
0.36104 1018.8
0.36105 1018.8
0.36106 1018.8
0.36107 1018.8
0.36108 1018.8
0.36109 1018.8
0.36110 1018.8
0.36111 1018.8
0.36112 1018.8
0.36113 1018.8
0.36114 1018.8
0.36115 1018.8
0.36116 1018.8
0.36117 1018.8
0.36118 1018.8
0.36119 1018.8
0.36120 1018.8
0.36121 1018.8
0.36122 1018.8
0.36123 1018.8
0.36124 1018.8
0.36125 1018.8
0.36126 1018.8
0.36127 1018.8
0.36128 1018.8
0.36129 1018.8
0.36130 1018.8
0.36131 1018.8
0.36132 1018.8
0.36133 1018.8
0.36134 1018.8
0.36135 1018.8
0.36136 1018.8
0.36137 1018.8
0.36138 1018.8
0.36139 1018.8
0.36140 1018.8
0.36141 1018.8
0.36142 1018.8
0.36143 1018.8
0.36144 1018.8
0.36145 1018.8
0.36146 1018.8
0.36147 1018.8
0.36148 1018.8
0.36149 1018.8
0.36150 1018.8
0.36151 1018.8
0.36152 1018.8
0.36153 1018.8
0.36154 1018.8
0.36155 1018.8
0.36156 1018.8
0.36157 1018.8
0.36158 1018.8
0.36159 1018.8
0.36160 1018.8
0.36161 1018.8
0.36162 1018.8
0.36163 1018.8
0.36164 1018.8
0.36165 1018.8
0.36166 1018.8
0.36167 1018.8
0.36168 1018.8
0.36169 1018.8
0.36170 1018.8
0.36171 1018.8
0.36172 1018.8
0.36173 1018.8
0.36174 1018.8
0.36175 1018.8
0.36176 1018.8
0.36177 1018.8
0.36178 1018.8
0.36179 1018.8
0.36180 1018.8
0.36181 1018.8
0.36182 1018.8
0.36183 1018.8
0.36184 1018.8
0.36185 1018.8
0.36186 1018.8
0.36187 1018.8
0.36188 1018.8
0.36189 1018.8
0.36190 1018.8
0.36191 1018.8
0.36192 1018.8
0.36193 1018.8
0.36194 1018.8
0.36195 1018.8
0.36196 1018.8
0.36197 1018.8
0.36198 1018.8
0.36199 1018.8
0.36200 1018.8
0.36201 1018.8
0.36202 1018.8
0.36203 1018.8
0.36204 1018.8
0.36205 1018.8
0.36206 1018.8
0.36207 1018.8
0.36208 1018.8
0.36209 1018.8
0.36210 1018.8
0.36211 1018.8
0.36212 1018.8
0.36213 1018.8
0.36214 1018.8
0.36215 1018.8
0.36216 1018.8
0.36217 1018.8
0.36218 1018.8
0.36219 1018.8
0.36220 1018.8
0.36221 1018.8
0.36222 1018.8
0.36223 1018.8
0.36224 1018.8
0.36225 1018.8
0.36226 1018.8
0.36227 1018.8
0.36228 1018.8
0.36229 1018.8
0.36230 1018.8
0.36231 1018.8
0.36232 1018.8
0.36233 1018.8
0.36234 1018.8
0.36235 1018.8
0.36236 1018.8
0.36237 1018.8
0.36238 1018.8
0.36239 1018.8
0.36240 1018.8
0.36241 1018.8
0.36242 1018.8
0.36243 1018.8
0.36244 1018.8
0.36245 1018.8
0.36246 1018.8
0.36247 1018.8
0.36248 1018.8
0.36249 1018.8
0.36250 1018.8
0.36251 1018.8
0.36252 1018.8
0.36253 1018.8
0.36254 1018.8
0.36255 1018.8
0.36256 1018.8
0.36257 1018.8
0.36258 1018.8
0.36259 1018.8
0.36260 1018.8
0.36261 1018.8
0.36262 1018.8
0.36263 1018.8
0.36264 1018.8
0.36265 1018.8
0.36266 1018.8
0.36267 1018.8
0.36268 1018.8
0.36269 1018.8
0.36270 1018.8
0.36271 1018.8
0.36272 1018.8
0.36273 1018.8
0.36274 1018.8
0.36275 1018.8
0.36276 1018.8
0.36277 1018.8
0.36278 1018.8
0.36279 1018.8
0.36280 1018.8
0.36281 1018.8
0.36282 1018.8
0.36283 1018.8
0.36284 1018.8
0.36285 1018.8
0.36286 1018.8
0.36287 1018.8
0.36288 1018.8
0.36289 1018.8
0.36290 1018.8
0.36291 1018.8
0.36292 1018.8
0.36293 1018.8
0.36294 1018.8
0.36295 1018.8
0.36296 1018.8
0.36297 1018.8
0.36298 1018.8
0.36299 1018.8
0.36300 1018.8
0.36301 1018.8
0.36302 1018.8
0.36303 1018.8
0.36304 1018.8
0.36305 1018.8
0.36306 1018.8
0.36307 1018.8
0.36308 1018.8
0.36309 1018.8
0.36310 1018.8
0.36311 1018.8
0.36312 1018.8
0.36313 1018.8
0.36314 1018.8
0.36315 1018.8
0.36316 1018.8
0.36317 1018.8
0.36318 1018.8
0.36319 1018.8
0.36320 1018.8
0.36321 1018.8
0.36322 1018.8
0.36323 1018.8
0.36324 1018.8
0.36325 1018.8
0.36326 1018.8
0.36327 1018.8
0.36328 1018.8
0.36329 1018.8
0.36330 1018.8
0.36331 1018.8
0.36332 1018.8
0.36333 1018.8
0.36334 1018.8
0.36335 1018.8
0.36336 1018.8
0.36337 1018.8
0.36338 1018.8
0.36339 1018.8
0.36340 1018.8
0.36341 1018.8
0.36342 1018.8
0.36343 1018.8
0.36344 1018.8
0.36345 1018.8
0.36346 1018.8
0.36347 1018.8
0.36348 1018.8
0.36349 1018.8
0.36350 1018.8
0.36351 1018.8
0.36352 1018.8
0.36353 1018.8
0.36354 1018.8
0.36355 1018.8
0.36356 1018.8
0.36357 1018.8
0.36358 1018.8
0.36359 1018.8
0.36360 1018.8
0.36361 1018.8
0.36362 1018.8
0.36363 1018.8
0.36364 1018.8
0.36365 1018.8
0.36366 1018.8
0.36367 1018.8
0.36368 1018.8
0.36369 1018.8
0.36370 1018.8
0.36371 1018.8
0.36372 1018.8
0.36373 1018.8
0.36374 1018.8
0.36375 1018.8
0.36376 1018.8
0.36377 1018.8
0.36378 1018.8
0.36379 1018.8
0.36380 1018.8
0.36381 1018.8
0.36382 1018.8
0.36383 1018.8
0.36384 1018.8
0.36385 1018.8
0.36386 1018.8
0.36387 1018.8
0.36388 1018.8
0.36389 1018.8
0.36390 1018.8
0.36391 1018.8
0.36392 1018.8
0.36393 1018.8
0.36394 1018.8
0.36395 1018.8
0.36396 1018.8
0.36397 1018.8
0.36398 1018.8
0.36399 1018.8
0.36400 1018.8
0.36401 1018.8
0.36402 1018.8
0.36403 1018.8
0.36404 1018.8
0.36405 1018.8
0.36406 1018.8
0.36407 1018.8
0.36408 1018.8
0.36409 1018.8
0.36410 1018.8
0.36411 1018.8
0.36412 1018.8
0.36413 1018.8
0.36414 1018.8
0.36415 1018.8
0.36416 1018.8
0.36417 1018.8
0.36418 1018.8
0.36419 1018.8
0.36420 1018.8
0.36421 1018.8
0.36422 1018.8
0.36423 1018.8
0.36424 1018.8
0.36425 1018.8
0.36426 1018.8
0.36427 1018.8
0.36428 1018.8
0.36429 1018.8
0.36430 1018.8
0.36431 1018.8
0.36432 1018.8
0.36433 1018.8
0.36434 1018.8
0.36435 1018.8
0.36436 1018.8
0.36437 1018.8
0.36438 1018.8
0.36439 1018.8
0.36440 1018.8
0.36441 1018.8
0.36442 1018.8
0.36443 1018.8
0.36444 1018.8
0.36445 1018.8
0.36446 1018.8
0.36447 1018.8
0.36448 1018.8
0.36449 1018.8
0.36450 1018.8
0.36451 1018.8
0.36452 1018.8
0.36453 1018.8
0.36454 1018.8
0.36455 1018.8
0.36456 1018.8
0.36457 1018.8
0.36458 1018.8
0.36459 1018.8
0.36460 1018.8
0.36461 1018.8
0.36462 1018.8
0.36463 1018.8
0.36464 1018.8
0.36465 1018.8
0.36466 1018.8
0.36467 1018.8
0.36468 1018.8
0.36469 1018.8
0.36470 1018.8
0.36471 1018.8
0.36472 1018.8
0.36473 1018.8
0.36474 1018.8
0.36475 1018.8
0.36476 1018.8
0.36477 1018.8
0.36478 1018.8
0.36479 1018.8
0.36480 1018.8
0.36481 1018.8
0.36482 1018.8
0.36483 1018.8
0.36484 1018.8
0.36485 1018.8
0.36486 1018.8
0.36487 1018.8
0.36488 1018.8
0.36489 1018.8
0.36490 1018.8
0.36491 1018.8
0.36492 1018.8
0.36493 1018.8
0.36494 1018.8
0.36495 1018.8
0.36496 1018.8
0.36497 1018.8
0.36498 1018.8
0.36499 1018.8
0.36500 1018.8
0.36501 1018.8
0.36502 1018.8
0.36503 1018.8
0.36504 1018.8
0.36505 1018.8
0.36506 1018.8
0.36507 1018.8
0.36508 1018.8
0.36509 1018.8
0.36510 1018.8
0.36511 1018.8
0.36512 1018.8
0.36513 1018.8
0.36514 1018.8
0.36515 1018.8
0.36516 1018.8
0.36517 1018.8
0.36518 1018.8
0.36519 1018.8
0.36520 1018.8
0.36521 1018.8
0.36522 1018.8
0.36523 1018.8
0.36524 1018.8
0.36525 1018.8
0.36526 1018.8
0.36527 1018.8
0.36528 1018.8
0.36529 1018.8
0.36530 1018.8
0.36531 1018.8
0.36532 1018.8
0.36533 1018.8
0.36534 1018.8
0.36535 1018.8
0.36536 1018.8
0.36537 1018.8
0.36538 1018.8
0.36539 1018.8
0.36540 1018.8
0.36541 1018.8
0.36542 1018.8
0.36543 1018.8
0.36544 1018.8
0.36545 1018.8
0.36546 1018.8
0.36547 1018.8
0.36548 1018.8
0.36549 1018.8
0.36550 1018.8
0.36551 1018.8
0.36552 1018.8
0.36553 1018.8
0.36554 1018.8
0.36555 1018.8
0.36556 1018.8
0.36557 1018.8
0.36558 1018.8
0.36559 1018.8
0.36560 1018.8
0.36561 1018.8
0.36562 1018.8
0.36563 1018.8
0.36564 1018.8
0.36565 1018.8
0.36566 1018.8
0.36567 1018.8
0.36568 1018.8
0.36569 1018.8
0.36570 1018.8
0.36571 1018.8
0.36572 1018.8
0.36573 1018.8
0.36574 1018.8
0.36575 1018.8
0.36576 1018.8
0.36577 1018.8
0.36578 1018.8
0.36579 1018.8
0.36580 1018.8
0.36581 1018.8
0.36582 1018.8
0.36583 1018.8
0.36584 1018.8
0.36585 1018.8
0.36586 1018.8
0.36587 1018.8
0.36588 1018.8
0.36589 1018.8
0.36590 1018.8
0.36591 1018.8
0.36592 1018.8
0.36593 1018.8
0.36594 1018.8
0.36595 1018.8
0.36596 1018.8
0.36597 1018.8
0.36598 1018.8
0.36599 1018.8
0.36600 1018.8
0.36601 1018.8
0.36602 1018.8
0.36603 1018.8
0.36604 1018.8
0.36605 1018.8
0.36606 1018.8
0.36607 1018.8
0.36608 1018.8
0.36609 1018.8
0.36610 1018.8
0.36611 1018.8
0.36612 1018.8
0.36613 1018.8
0.36614 1018.8
0.36615 1018.8
0.36616 1018.8
0.36617 1018.8
0.36618 1018.8
0.36619 1018.8
0.36620 1018.8
0.36621 1018.8
0.36622 1018.8
0.36623 1018.8
0.36624 1018.8
0.36625 1018.8
0.36626 1018.8
0.36627 1018.8
0.36628 1018.8
0.36629 1018.8
0.36630 1018.8
0.36631 1018.8
0.36632 1018.8
0.36633 1018.8
0.36634 1018.8
0.36635 1018.8
0.36636 1018.8
0.36637 1018.8
0.36638 1018.8
0.36639 1018.8
0.36640 1018.8
0.36641 1018.8
0.36642 1018.8
0.36643 1018.8
0.36644 1018.8
0.36645 1018.8
0.36646 1018.8
0.36647 1018.8
0.36648 1018.8
0.36649 1018.8
0.36650 1018.8
0.36651 1018.8
0.36652 1018.8
0.36653 1018.8
0.36654 1018.8
0.36655 1018.8
0.36656 1018.8
0.36657 1018.8
0.36658 1018.8
0.36659 1018.8
0.36660 1018.8
0.36661 1018.8
0.36662 1018.8
0.36663 1018.8
0.36664 1018.8
0.36665 1018.8
0.36666 1018.8
0.36667 1018.8
0.36668 1018.8
0.36669 1018.8
0.36670 1018.8
0.36671 1018.8
0.36672 1018.8
0.36673 1018.8
0.36674 1018.8
0.36675 1018.8
0.36676 1018.8
0.36677 1018.8
0.36678 1018.8
0.36679 1018.8
0.36680 1018.8
0.36681 1018.8
0.36682 1018.8
0.36683 1018.8
0.36684 1018.8
0.36685 1018.8
0.36686 1018.8
0.36687 1018.8
0.36688 1018.8
0.36689 1018.8
0.36690 1018.8
0.36691 1018.8
0.36692 1018.8
0.36693 1018.8
0.36694 1018.8
0.36695 1018.8
0.36696 1018.8
0.36697 1018.8
0.36698 1018.8
0.36699 1018.8
0.36700 1018.8
0.36701 1018.8
0.36702 1018.8
0.36703 1018.8
0.36704 1018.8
0.36705 1018.8
0.36706 1018.8
0.36707 1018.8
0.36708 1018.8
0.36709 1018.8
0.36710 1018.8
0.36711 1018.8
0.36712 1018.8
0.36713 1018.8
0.36714 1018.8
0.36715 1018.8
0.36716 1018.8
0.36717 1018.8
0.36718 1018.8
0.36719 1018.8
0.36720 1018.8
0.36721 1018.8
0.36722 1018.8
0.36723 1018.8
0.36724 1018.8
0.36725 1018.8
0.36726 1018.8
0.36727 1018.8
0.36728 1018.8
0.36729 1018.8
0.36730 1018.8
0.36731 1018.8
0.36732 1018.8
0.36733 1018.8
0.36734 1018.8
0.36735 1018.8
0.36736 1018.8
0.36737 1018.8
0.36738 1018.8
0.36739 1018.8
0.36740 1018.8
0.36741 1018.8
0.36742 1018.8
0.36743 1018.8
0.36744 1018.8
0.36745 1018.8
0.36746 1018.8
0.36747 1018.8
0.36748 1018.8
0.36749 1018.8
0.36750 1018.8
0.36751 1018.8
0.36752 1018.8
0.36753 1018.8
0.36754 1018.8
0.36755 1018.8
0.36756 1018.8
0.36757 1018.8
0.36758 1018.8
0.36759 1018.8
0.36760 1018.8
0.36761 1018.8
0.36762 1018.8
0.36763 1018.8
0.36764 1018.8
0.36765 1018.8
0.36766 1018.8
0.36767 1018.8
0.36768 1018.8
0.36769 1018.8
0.36770 1018.8
0.36771 1018.8
0.36772 1018.8
0.36773 1018.8
0.36774 1018.8
0.36775 1018.8
0.36776 1018.8
0.36777 1018.8
0.36778 1018.8
0.36779 1018.8
0.36780 1018.8
0.36781 1018.8
0.36782 1018.8
0.36783 1018.8
0.36784 1018.8
0.36785 1018.8
0.36786 1018.8
0.36787 1018.8
0.36788 1018.8
0.36789 1018.8
0.36790 1018.8
0.36791 1018.8
0.36792 1018.8
0.36793 1018.8
0.36794 1018.8
0.36795 1018.8
0.36796 1018.8
0.36797 1018.8
0.36798 1018.8
0.36799 1018.8
0.36800 1018.8
0.36801 1018.8
0.36802 1018.8
0.36803 1018.8
0.36804 1018.8
0.36805 1018.8
0.36806 1018.8
0.36807 1018.8
0.36808 1018.8
0.36809 1018.8
0.36810 1018.8
0.36811 1018.8
0.36812 1018.8
0.36813 1018.8
0.36814 1018.8
0.36815 1018.8
0.36816 1018.8
0.36817 1018.8
0.36818 1018.8
0.36819 1018.8
0.36820 1018.8
0.36821 1018.8
0.36822 1018.8
0.36823 1018.8
0.36824 1018.8
0.36825 1018.8
0.36826 1018.8
0.36827 1018.8
0.36828 1018.8
0.36829 1018.8
0.36830 1018.8
0.36831 1018.8
0.36832 1018.8
0.36833 1018.8
0.36834 1018.8
0.36835 1018.8
0.36836 1018.8
0.36837 1018.8
0.36838 1018.8
0.36839 1018.8
0.36840 1018.8
0.36841 1018.8
0.36842 1018.8
0.36843 1018.8
0.36844 1018.8
0.36845 1018.8
0.36846 1018.8
0.36847 1018.8
0.36848 1018.8
0.36849 1018.8
0.36850 1018.8
0.36851 1018.8
0.36852 1018.8
0.36853 1018.8
0.36854 1018.8
0.36855 1018.8
0.36856 1018.8
0.36857 1018.8
0.36858 1018.8
0.36859 1018.8
0.36860 1018.8
0.36861 1018.8
0.36862 1018.8
0.36863 1018.8
0.36864 1018.8
0.36865 1018.8
0.36866 1018.8
0.36867 1018.8
0.36868 1018.8
0.36869 1018.8
0.36870 1018.8
0.36871 1018.8
0.36872 1018.8
0.36873 1018.8
0.36874 1018.8
0.36875 1018.8
0.36876 1018.8
0.36877 1018.8
0.36878 1018.8
0.36879 1018.8
0.36880 1018.8
0.36881 1018.8
0.36882 1018.8
0.36883 1018.8
0.36884 1018.8
0.36885 1018.8
0.36886 1018.8
0.36887 1018.8
0.36888 1018.8
0.36889 1018.8
0.36890 1018.8
0.36891 1018.8
0.36892 1018.8
0.36893 1018.8
0.36894 1018.8
0.36895 1018.8
0.36896 1018.8
0.36897 1018.8
0.36898 1018.8
0.36899 1018.8
0.36900 1018.8
0.36901 1018.8
0.36902 1018.8
0.36903 1018.8
0.36904 1018.8
0.36905 1018.8
0.36906 1018.8
0.36907 1018.8
0.36908 1018.8
0.36909 1018.8
0.36910 1018.8
0.36911 1018.8
0.36912 1018.8
0.36913 1018.8
0.36914 1018.8
0.36915 1018.8
0.36916 1018.8
0.36917 1018.8
0.36918 1018.8
0.36919 1018.8
0.36920 1018.8
0.36921 1018.8
0.36922 1018.8
0.36923 1018.8
0.36924 1018.8
0.36925 1018.8
0.36926 1018.8
0.36927 1018.8
0.36928 1018.8
0.36929 1018.8
0.36930 1018.8
0.36931 1018.8
0.36932 1018.8
0.36933 1018.8
0.36934 1018.8
0.36935 1018.8
0.36936 1018.8
0.36937 1018.8
0.36938 1018.8
0.36939 1018.8
0.36940 1018.8
0.36941 1018.8
0.36942 1018.8
0.36943 1018.8
0.36944 1018.8
0.36945 1018.8
0.36946 1018.8
0.36947 1018.8
0.36948 1018.8
0.36949 1018.8
0.36950 1018.8
0.36951 1018.8
0.36952 1018.8
0.36953 1018.8
0.36954 1018.8
0.36955 1018.8
0.36956 1018.8
0.36957 1018.8
0.36958 1018.8
0.36959 1018.8
0.36960 1018.8
0.36961 1018.8
0.36962 1018.8
0.36963 1018.8
0.36964 1018.8
0.36965 1018.8
0.36966 1018.8
0.36967 1018.8
0.36968 1018.8
0.36969 1018.8
0.36970 1018.8
0.36971 1018.8
0.36972 1018.8
0.36973 1018.8
0.36974 1018.8
0.36975 1018.8
0.36976 1018.8
0.36977 1018.8
0.36978 1018.8
0.36979 1018.8
0.36980 1018.8
0.36981 1018.8
0.36982 1018.8
0.36983 1018.8
0.36984 1018.8
0.36985 1018.8
0.36986 1018.8
0.36987 1018.8
0.36988 1018.8
0.36989 1018.8
0.36990 1018.8
0.36991 1018.8
0.36992 1018.8
0.36993 1018.8
0.36994 1018.8
0.36995 1018.8
0.36996 1018.8
0.36997 1018.8
0.36998 1018.8
0.36999 1018.8
0.37000 1018.8
0.37001 1018.8
0.37002 1018.8
0.37003 1018.8
0.37004 1018.8
0.37005 1018.8
0.37006 1018.8
0.37007 1018.8
0.37008 1018.8
0.37009 1018.8
0.37010 1018.8
0.37011 1018.8
0.37012 1018.8
0.37013 1018.8
0.37014 1018.8
0.37015 1018.8
0.37016 1018.8
0.37017 1018.8
0.37018 1018.8
0.37019 1018.8
0.37020 1018.8
0.37021 1018.8
0.37022 1018.8
0.37023 1018.8
0.37024 1018.8
0.37025 1018.8
0.37026 1018.8
0.37027 1018.8
0.37028 1018.8
0.37029 1018.8
0.37030 1018.8
0.37031 1018.8
0.37032 1018.8
0.37033 1018.8
0.37034 1018.8
0.37035 1018.8
0.37036 1018.8
0.37037 1018.8
0.37038 1018.8
0.37039 1018.8
0.37040 1018.8
0.37041 1018.8
0.37042 1018.8
0.37043 1018.8
0.37044 1018.8
0.37045 1018.8
0.37046 1018.8
0.37047 1018.8
0.37048 1018.8
0.37049 1018.8
0.37050 1018.8
0.37051 1018.8
0.37052 1018.8
0.37053 1018.8
0.37054 1018.8
0.37055 1018.8
0.37056 1018.8
0.37057 1018.8
0.37058 1018.8
0.37059 1018.8
0.37060 1018.8
0.37061 1018.8
0.37062 1018.8
0.37063 1018.8
0.37064 1018.8
0.37065 1018.8
0.37066 1018.8
0.37067 1018.8
0.37068 1018.8
0.37069 1018.8
0.37070 1018.8
0.37071 1018.8
0.37072 1018.8
0.37073 1018.8
0.37074 1018.8
0.37075 1018.8
0.37076 1018.8
0.37077 1018.8
0.37078 1018.8
0.37079 1018.8
0.37080 1018.8
0.37081 1018.8
0.37082 1018.8
0.37083 1018.8
0.37084 1018.8
0.37085 1018.8
0.37086 1018.8
0.37087 1018.8
0.37088 1018.8
0.37089 1018.8
0.37090 1018.8
0.37091 1018.8
0.37092 1018.8
0.37093 1018.8
0.37094 1018.8
0.37095 1018.8
0.37096 1018.8
0.37097 1018.8
0.37098 1018.8
0.37099 1018.8
0.37100 1018.8
0.37101 1018.8
0.37102 1018.8
0.37103 1018.8
0.37104 1018.8
0.37105 1018.8
0.37106 1018.8
0.37107 1018.8
0.37108 1018.8
0.37109 1018.8
0.37110 1018.8
0.37111 1018.8
0.37112 1018.8
0.37113 1018.8
0.37114 1018.8
0.37115 1018.8
0.37116 1018.8
0.37117 1018.8
0.37118 1018.8
0.37119 1018.8
0.37120 1018.8
0.37121 1018.8
0.37122 1018.8
0.37123 1018.8
0.37124 1018.8
0.37125 1018.8
0.37126 1018.8
0.37127 1018.8
0.37128 1018.8
0.37129 1018.8
0.37130 1018.8
0.37131 1018.8
0.37132 1018.8
0.37133 1018.8
0.37134 1018.8
0.37135 1018.8
0.37136 1018.8
0.37137 1018.8
0.37138 1018.8
0.37139 1018.8
0.37140 1018.8
0.37141 1018.8
0.37142 1018.8
0.37143 1018.8
0.37144 1018.8
0.37145 1018.8
0.37146 1018.8
0.37147 1018.8
0.37148 1018.8
0.37149 1018.8
0.37150 1018.8
0.37151 1018.8
0.37152 1018.8
0.37153 1018.8
0.37154 1018.8
0.37155 1018.8
0.37156 1018.8
0.37157 1018.8
0.37158 1018.8
0.37159 1018.8
0.37160 1018.8
0.37161 1018.8
0.37162 1018.8
0.37163 1018.8
0.37164 1018.8
0.37165 1018.8
0.37166 1018.8
0.37167 1018.8
0.37168 1018.8
0.37169 1018.8
0.37170 1018.8
0.37171 1018.8
0.37172 1018.8
0.37173 1018.8
0.37174 1018.8
0.37175 1018.8
0.37176 1018.8
0.37177 1018.8
0.37178 1018.8
0.37179 1018.8
0.37180 1018.8
0.37181 1018.8
0.37182 1018.8
0.37183 1018.8
0.37184 1018.8
0.37185 1018.8
0.37186 1018.8
0.37187 1018.8
0.37188 1018.8
0.37189 1018.8
0.37190 1018.8
0.37191 1018.8
0.37192 1018.8
0.37193 1018.8
0.37194 1018.8
0.37195 1018.8
0.37196 1018.8
0.37197 1018.8
0.37198 1018.8
0.37199 1018.8
0.37200 1018.8
0.37201 1018.8
0.37202 1018.8
0.37203 1018.8
0.37204 1018.8
0.37205 1018.8
0.37206 1018.8
0.37207 1018.8
0.37208 1018.8
0.37209 1018.8
0.37210 1018.8
0.37211 1018.8
0.37212 1018.8
0.37213 1018.8
0.37214 1018.8
0.37215 1018.8
0.37216 1018.8
0.37217 1018.8
0.37218 1018.8
0.37219 1018.8
0.37220 1018.8
0.37221 1018.8
0.37222 1018.8
0.37223 1018.8
0.37224 1018.8
0.37225 1018.8
0.37226 1018.8
0.37227 1018.8
0.37228 1018.8
0.37229 1018.8
0.37230 1018.8
0.37231 1018.8
0.37232 1018.8
0.37233 1018.8
0.37234 1018.8
0.37235 1018.8
0.37236 1018.8
0.37237 1018.8
0.37238 1018.8
0.37239 1018.8
0.37240 1018.8
0.37241 1018.8
0.37242 1018.8
0.37243 1018.8
0.37244 1018.8
0.37245 1018.8
0.37246 1018.8
0.37247 1018.8
0.37248 1018.8
0.37249 1018.8
0.37250 1018.8
0.37251 1018.8
0.37252 1018.8
0.37253 1018.8
0.37254 1018.8
0.37255 1018.8
0.37256 1018.8
0.37257 1018.8
0.37258 1018.8
0.37259 1018.8
0.37260 1018.8
0.37261 1018.8
0.37262 1018.8
0.37263 1018.8
0.37264 1018.8
0.37265 1018.8
0.37266 1018.8
0.37267 1018.8
0.37268 1018.8
0.37269 1018.8
0.37270 1018.8
0.37271 1018.8
0.37272 1018.8
0.37273 1018.8
0.37274 1018.8
0.37275 1018.8
0.37276 1018.8
0.37277 1018.8
0.37278 1018.8
0.37279 1018.8
0.37280 1018.8
0.37281 1018.8
0.37282 1018.8
0.37283 1018.8
0.37284 1018.8
0.37285 1018.8
0.37286 1018.8
0.37287 1018.8
0.37288 1018.8
0.37289 1018.8
0.37290 1018.8
0.37291 1018.8
0.37292 1018.8
0.37293 1018.8
0.37294 1018.8
0.37295 1018.8
0.37296 1018.8
0.37297 1018.8
0.37298 1018.8
0.37299 1018.8
0.37300 1018.8
0.37301 1018.8
0.37302 1018.8
0.37303 1018.8
0.37304 1018.8
0.37305 1018.8
0.37306 1018.8
0.37307 1018.8
0.37308 1018.8
0.37309 1018.8
0.37310 1018.8
0.37311 1018.8
0.37312 1018.8
0.37313 1018.8
0.37314 1018.8
0.37315 1018.8
0.37316 1018.8
0.37317 1018.8
0.37318 1018.8
0.37319 1018.8
0.37320 1018.8
0.37321 1018.8
0.37322 1018.8
0.37323 1018.8
0.37324 1018.8
0.37325 1018.8
0.37326 1018.8
0.37327 1018.8
0.37328 1018.8
0.37329 1018.8
0.37330 1018.8
0.37331 1018.8
0.37332 1018.8
0.37333 1018.8
0.37334 1018.8
0.37335 1018.8
0.37336 1018.8
0.37337 1018.8
0.37338 1018.8
0.37339 1018.8
0.37340 1018.8
0.37341 1018.8
0.37342 1018.8
0.37343 1018.8
0.37344 1018.8
0.37345 1018.8
0.37346 1018.8
0.37347 1018.8
0.37348 1018.8
0.37349 1018.8
0.37350 1018.8
0.37351 1018.8
0.37352 1018.8
0.37353 1018.8
0.37354 1018.8
0.37355 1018.8
0.37356 1018.8
0.37357 1018.8
0.37358 1018.8
0.37359 1018.8
0.37360 1018.8
0.37361 1018.8
0.37362 1018.8
0.37363 1018.8
0.37364 1018.8
0.37365 1018.8
0.37366 1018.8
0.37367 1018.8
0.37368 1018.8
0.37369 1018.8
0.37370 1018.8
0.37371 1018.8
0.37372 1018.8
0.37373 1018.8
0.37374 1018.8
0.37375 1018.8
0.37376 1018.8
0.37377 1018.8
0.37378 1018.8
0.37379 1018.8
0.37380 1018.8
0.37381 1018.8
0.37382 1018.8
0.37383 1018.8
0.37384 1018.8
0.37385 1018.8
0.37386 1018.8
0.37387 1018.8
0.37388 1018.8
0.37389 1018.8
0.37390 1018.8
0.37391 1018.8
0.37392 1018.8
0.37393 1018.8
0.37394 1018.8
0.37395 1018.8
0.37396 1018.8
0.37397 1018.8
0.37398 1018.8
0.37399 1018.8
0.37400 1018.8
0.37401 1018.8
0.37402 1018.8
0.37403 1018.8
0.37404 1018.8
0.37405 1018.8
0.37406 1018.8
0.37407 1018.8
0.37408 1018.8
0.37409 1018.8
0.37410 1018.8
0.37411 1018.8
0.37412 1018.8
0.37413 1018.8
0.37414 1018.8
0.37415 1018.8
0.37416 1018.8
0.37417 1018.8
0.37418 1018.8
0.37419 1018.8
0.37420 1018.8
0.37421 1018.8
0.37422 1018.8
0.37423 1018.8
0.37424 1018.8
0.37425 1018.8
0.37426 1018.8
0.37427 1018.8
0.37428 1018.8
0.37429 1018.8
0.37430 1018.8
0.37431 1018.8
0.37432 1018.8
0.37433 1018.8
0.37434 1018.8
0.37435 1018.8
0.37436 1018.8
0.37437 1018.8
0.37438 1018.8
0.37439 1018.8
0.37440 1018.8
0.37441 1018.8
0.37442 1018.8
0.37443 1018.8
0.37444 1018.8
0.37445 1018.8
0.37446 1018.8
0.37447 1018.8
0.37448 1018.8
0.37449 1018.8
0.37450 1018.8
0.37451 1018.8
0.37452 1018.8
0.37453 1018.8
0.37454 1018.8
0.37455 1018.8
0.37456 1018.8
0.37457 1018.8
0.37458 1018.8
0.37459 1018.8
0.37460 1018.8
0.37461 1018.8
0.37462 1018.8
0.37463 1018.8
0.37464 1018.8
0.37465 1018.8
0.37466 1018.8
0.37467 1018.8
0.37468 1018.8
0.37469 1018.8
0.37470 1018.8
0.37471 1018.8
0.37472 1018.8
0.37473 1018.8
0.37474 1018.8
0.37475 1018.8
0.37476 1018.8
0.37477 1018.8
0.37478 1018.8
0.37479 1018.8
0.37480 1018.8
0.37481 1018.8
0.37482 1018.8
0.37483 1018.8
0.37484 1018.8
0.37485 1018.8
0.37486 1018.8
0.37487 1018.8
0.37488 1018.8
0.37489 1018.8
0.37490 1018.8
0.37491 1018.8
0.37492 1018.8
0.37493 1018.8
0.37494 1018.8
0.37495 1018.8
0.37496 1018.8
0.37497 1018.8
0.37498 1018.8
0.37499 1018.8
0.37500 1018.8
0.37501 1018.8
0.37502 1018.8
0.37503 1018.8
0.37504 1018.8
0.37505 1018.8
0.37506 1018.8
0.37507 1018.8
0.37508 1018.8
0.37509 1018.8
0.37510 1018.8
0.37511 1018.8
0.37512 1018.8
0.37513 1018.8
0.37514 1018.8
0.37515 1018.8
0.37516 1018.8
0.37517 1018.8
0.37518 1018.8
0.37519 1018.8
0.37520 1018.8
0.37521 1018.8
0.37522 1018.8
0.37523 1018.8
0.37524 1018.8
0.37525 1018.8
0.37526 1018.8
0.37527 1018.8
0.37528 1018.8
0.37529 1018.8
0.37530 1018.8
0.37531 1018.8
0.37532 1018.8
0.37533 1018.8
0.37534 1018.8
0.37535 1018.8
0.37536 1018.8
0.37537 1018.8
0.37538 1018.8
0.37539 1018.8
0.37540 1018.8
0.37541 1018.8
0.37542 1018.8
0.37543 1018.8
0.37544 1018.8
0.37545 1018.8
0.37546 1018.8
0.37547 1018.8
0.37548 1018.8
0.37549 1018.8
0.37550 1018.8
0.37551 1018.8
0.37552 1018.8
0.37553 1018.8
0.37554 1018.8
0.37555 1018.8
0.37556 1018.8
0.37557 1018.8
0.37558 1018.8
0.37559 1018.8
0.37560 1018.8
0.37561 1018.8
0.37562 1018.8
0.37563 1018.8
0.37564 1018.8
0.37565 1018.8
0.37566 1018.8
0.37567 1018.8
0.37568 1018.8
0.37569 1018.8
0.37570 1018.8
0.37571 1018.8
0.37572 1018.8
0.37573 1018.8
0.37574 1018.8
0.37575 1018.8
0.37576 1018.8
0.37577 1018.8
0.37578 1018.8
0.37579 1018.8
0.37580 1018.8
0.37581 1018.8
0.37582 1018.8
0.37583 1018.8
0.37584 1018.8
0.37585 1018.8
0.37586 1018.8
0.37587 1018.8
0.37588 1018.8
0.37589 1018.8
0.37590 1018.8
0.37591 1018.8
0.37592 1018.8
0.37593 1018.8
0.37594 1018.8
0.37595 1018.8
0.37596 1018.8
0.37597 1018.8
0.37598 1018.8
0.37599 1018.8
0.37600 1018.8
0.37601 1018.8
0.37602 1018.8
0.37603 1018.8
0.37604 1018.8
0.37605 1018.8
0.37606 1018.8
0.37607 1018.8
0.37608 1018.8
0.37609 1018.8
0.37610 1018.8
0.37611 1018.8
0.37612 1018.8
0.37613 1018.8
0.37614 1018.8
0.37615 1018.8
0.37616 1018.8
0.37617 1018.8
0.37618 1018.8
0.37619 1018.8
0.37620 1018.8
0.37621 1018.8
0.37622 1018.8
0.37623 1018.8
0.37624 1018.8
0.37625 1018.8
0.37626 1018.8
0.37627 1018.8
0.37628 1018.8
0.37629 1018.8
0.37630 1018.8
0.37631 1018.8
0.37632 1018.8
0.37633 1018.8
0.37634 1018.8
0.37635 1018.8
0.37636 1018.8
0.37637 1018.8
0.37638 1018.8
0.37639 1018.8
0.37640 1018.8
0.37641 1018.8
0.37642 1018.8
0.37643 1018.8
0.37644 1018.8
0.37645 1018.8
0.37646 1018.8
0.37647 1018.8
0.37648 1018.8
0.37649 1018.8
0.37650 1018.8
0.37651 1018.8
0.37652 1018.8
0.37653 1018.8
0.37654 1018.8
0.37655 1018.8
0.37656 1018.8
0.37657 1018.8
0.37658 1018.8
0.37659 1018.8
0.37660 1018.8
0.37661 1018.8
0.37662 1018.8
0.37663 1018.8
0.37664 1018.8
0.37665 1018.8
0.37666 1018.8
0.37667 1018.8
0.37668 1018.8
0.37669 1018.8
0.37670 1018.8
0.37671 1018.8
0.37672 1018.8
0.37673 1018.8
0.37674 1018.8
0.37675 1018.8
0.37676 1018.8
0.37677 1018.8
0.37678 1018.8
0.37679 1018.8
0.37680 1018.8
0.37681 1018.8
0.37682 1018.8
0.37683 1018.8
0.37684 1018.8
0.37685 1018.8
0.37686 1018.8
0.37687 1018.8
0.37688 1018.8
0.37689 1018.8
0.37690 1018.8
0.37691 1018.8
0.37692 1018.8
0.37693 1018.8
0.37694 1018.8
0.37695 1018.8
0.37696 1018.8
0.37697 1018.8
0.37698 1018.8
0.37699 1018.8
0.37700 1018.8
0.37701 1018.8
0.37702 1018.8
0.37703 1018.8
0.37704 1018.8
0.37705 1018.8
0.37706 1018.8
0.37707 1018.8
0.37708 1018.8
0.37709 1018.8
0.37710 1018.8
0.37711 1018.8
0.37712 1018.8
0.37713 1018.8
0.37714 1018.8
0.37715 1018.8
0.37716 1018.8
0.37717 1018.8
0.37718 1018.8
0.37719 1018.8
0.37720 1018.8
0.37721 1018.8
0.37722 1018.8
0.37723 1018.8
0.37724 1018.8
0.37725 1018.8
0.37726 1018.8
0.37727 1018.8
0.37728 1018.8
0.37729 1018.8
0.37730 1018.8
0.37731 1018.8
0.37732 1018.8
0.37733 1018.8
0.37734 1018.8
0.37735 1018.8
0.37736 1018.8
0.37737 1018.8
0.37738 1018.8
0.37739 1018.8
0.37740 1018.8
0.37741 1018.8
0.37742 1018.8
0.37743 1018.8
0.37744 1018.8
0.37745 1018.8
0.37746 1018.8
0.37747 1018.8
0.37748 1018.8
0.37749 1018.8
0.37750 1018.8
0.37751 1018.8
0.37752 1018.8
0.37753 1018.8
0.37754 1018.8
0.37755 1018.8
0.37756 1018.8
0.37757 1018.8
0.37758 1018.8
0.37759 1018.8
0.37760 1018.8
0.37761 1018.8
0.37762 1018.8
0.37763 1018.8
0.37764 1018.8
0.37765 1018.8
0.37766 1018.8
0.37767 1018.8
0.37768 1018.8
0.37769 1018.8
0.37770 1018.8
0.37771 1018.8
0.37772 1018.8
0.37773 1018.8
0.37774 1018.8
0.37775 1018.8
0.37776 1018.8
0.37777 1018.8
0.37778 1018.8
0.37779 1018.8
0.37780 1018.8
0.37781 1018.8
0.37782 1018.8
0.37783 1018.8
0.37784 1018.8
0.37785 1018.8
0.37786 1018.8
0.37787 1018.8
0.37788 1018.8
0.37789 1018.8
0.37790 1018.8
0.37791 1018.8
0.37792 1018.8
0.37793 1018.8
0.37794 1018.8
0.37795 1018.8
0.37796 1018.8
0.37797 1018.8
0.37798 1018.8
0.37799 1018.8
0.37800 1018.8
0.37801 1018.8
0.37802 1018.8
0.37803 1018.8
0.37804 1018.8
0.37805 1018.8
0.37806 1018.8
0.37807 1018.8
0.37808 1018.8
0.37809 1018.8
0.37810 1018.8
0.37811 1018.8
0.37812 1018.8
0.37813 1018.8
0.37814 1018.8
0.37815 1018.8
0.37816 1018.8
0.37817 1018.8
0.37818 1018.8
0.37819 1018.8
0.37820 1018.8
0.37821 1018.8
0.37822 1018.8
0.37823 1018.8
0.37824 1018.8
0.37825 1018.8
0.37826 1018.8
0.37827 1018.8
0.37828 1018.8
0.37829 1018.8
0.37830 1018.8
0.37831 1018.8
0.37832 1018.8
0.37833 1018.8
0.37834 1018.8
0.37835 1018.8
0.37836 1018.8
0.37837 1018.8
0.37838 1018.8
0.37839 1018.8
0.37840 1018.8
0.37841 1018.8
0.37842 1018.8
0.37843 1018.8
0.37844 1018.8
0.37845 1018.8
0.37846 1018.8
0.37847 1018.8
0.37848 1018.8
0.37849 1018.8
0.37850 1018.8
0.37851 1018.8
0.37852 1018.8
0.37853 1018.8
0.37854 1018.8
0.37855 1018.8
0.37856 1018.8
0.37857 1018.8
0.37858 1018.8
0.37859 1018.8
0.37860 1018.8
0.37861 1018.8
0.37862 1018.8
0.37863 1018.8
0.37864 1018.8
0.37865 1018.8
0.37866 1018.8
0.37867 1018.8
0.37868 1018.8
0.37869 1018.8
0.37870 1018.8
0.37871 1018.8
0.37872 1018.8
0.37873 1018.8
0.37874 1018.8
0.37875 1018.8
0.37876 1018.8
0.37877 1018.8
0.37878 1018.8
0.37879 1018.8
0.37880 1018.8
0.37881 1018.8
0.37882 1018.8
0.37883 1018.8
0.37884 1018.8
0.37885 1018.8
0.37886 1018.8
0.37887 1018.8
0.37888 1018.8
0.37889 1018.8
0.37890 1018.8
0.37891 1018.8
0.37892 1018.8
0.37893 1018.8
0.37894 1018.8
0.37895 1018.8
0.37896 1018.8
0.37897 1018.8
0.37898 1018.8
0.37899 1018.8
0.37900 1018.8
0.37901 1018.8
0.37902 1018.8
0.37903 1018.8
0.37904 1018.8
0.37905 1018.8
0.37906 1018.8
0.37907 1018.8
0.37908 1018.8
0.37909 1018.8
0.37910 1018.8
0.37911 1018.8
0.37912 1018.8
0.37913 1018.8
0.37914 1018.8
0.37915 1018.8
0.37916 1018.8
0.37917 1018.8
0.37918 1018.8
0.37919 1018.8
0.37920 1018.8
0.37921 1018.8
0.37922 1018.8
0.37923 1018.8
0.37924 1018.8
0.37925 1018.8
0.37926 1018.8
0.37927 1018.8
0.37928 1018.8
0.37929 1018.8
0.37930 1018.8
0.37931 1018.8
0.37932 1018.8
0.37933 1018.8
0.37934 1018.8
0.37935 1018.8
0.37936 1018.8
0.37937 1018.8
0.37938 1018.8
0.37939 1018.8
0.37940 1018.8
0.37941 1018.8
0.37942 1018.8
0.37943 1018.8
0.37944 1018.8
0.37945 1018.8
0.37946 1018.8
0.37947 1018.8
0.37948 1018.8
0.37949 1018.8
0.37950 1018.8
0.37951 1018.8
0.37952 1018.8
0.37953 1018.8
0.37954 1018.8
0.37955 1018.8
0.37956 1018.8
0.37957 1018.8
0.37958 1018.8
0.37959 1018.8
0.37960 1018.8
0.37961 1018.8
0.37962 1018.8
0.37963 1018.8
0.37964 1018.8
0.37965 1018.8
0.37966 1018.8
0.37967 1018.8
0.37968 1018.8
0.37969 1018.8
0.37970 1018.8
0.37971 1018.8
0.37972 1018.8
0.37973 1018.8
0.37974 1018.8
0.37975 1018.8
0.37976 1018.8
0.37977 1018.8
0.37978 1018.8
0.37979 1018.8
0.37980 1018.8
0.37981 1018.8
0.37982 1018.8
0.37983 1018.8
0.37984 1018.8
0.37985 1018.8
0.37986 1018.8
0.37987 1018.8
0.37988 1018.8
0.37989 1018.8
0.37990 1018.8
0.37991 1018.8
0.37992 1018.8
0.37993 1018.8
0.37994 1018.8
0.37995 1018.8
0.37996 1018.8
0.37997 1018.8
0.37998 1018.8
0.37999 1018.8
0.38000 1018.8
0.38001 1018.8
0.38002 1018.8
0.38003 1018.8
0.38004 1018.8
0.38005 1018.8
0.38006 1018.8
0.38007 1018.8
0.38008 1018.8
0.38009 1018.8
0.38010 1018.8
0.38011 1018.8
0.38012 1018.8
0.38013 1018.8
0.38014 1018.8
0.38015 1018.8
0.38016 1018.8
0.38017 1018.8
0.38018 1018.8
0.38019 1018.8
0.38020 1018.8
0.38021 1018.8
0.38022 1018.8
0.38023 1018.8
0.38024 1018.8
0.38025 1018.8
0.38026 1018.8
0.38027 1018.8
0.38028 1018.8
0.38029 1018.8
0.38030 1018.8
0.38031 1018.8
0.38032 1018.8
0.38033 1018.8
0.38034 1018.8
0.38035 1018.8
0.38036 1018.8
0.38037 1018.8
0.38038 1018.8
0.38039 1018.8
0.38040 1018.8
0.38041 1018.8
0.38042 1018.8
0.38043 1018.8
0.38044 1018.8
0.38045 1018.8
0.38046 1018.8
0.38047 1018.8
0.38048 1018.8
0.38049 1018.8
0.38050 1018.8
0.38051 1018.8
0.38052 1018.8
0.38053 1018.8
0.38054 1018.8
0.38055 1018.8
0.38056 1018.8
0.38057 1018.8
0.38058 1018.8
0.38059 1018.8
0.38060 1018.8
0.38061 1018.8
0.38062 1018.8
0.38063 1018.8
0.38064 1018.8
0.38065 1018.8
0.38066 1018.8
0.38067 1018.8
0.38068 1018.8
0.38069 1018.8
0.38070 1018.8
0.38071 1018.8
0.38072 1018.8
0.38073 1018.8
0.38074 1018.8
0.38075 1018.8
0.38076 1018.8
0.38077 1018.8
0.38078 1018.8
0.38079 1018.8
0.38080 1018.8
0.38081 1018.8
0.38082 1018.8
0.38083 1018.8
0.38084 1018.8
0.38085 1018.8
0.38086 1018.8
0.38087 1018.8
0.38088 1018.8
0.38089 1018.8
0.38090 1018.8
0.38091 1018.8
0.38092 1018.8
0.38093 1018.8
0.38094 1018.8
0.38095 1018.8
0.38096 1018.8
0.38097 1018.8
0.38098 1018.8
0.38099 1018.8
0.38100 1018.8
0.38101 1018.8
0.38102 1018.8
0.38103 1018.8
0.38104 1018.8
0.38105 1018.8
0.38106 1018.8
0.38107 1018.8
0.38108 1018.8
0.38109 1018.8
0.38110 1018.8
0.38111 1018.8
0.38112 1018.8
0.38113 1018.8
0.38114 1018.8
0.38115 1018.8
0.38116 1018.8
0.38117 1018.8
0.38118 1018.8
0.38119 1018.8
0.38120 1018.8
0.38121 1018.8
0.38122 1018.8
0.38123 1018.8
0.38124 1018.8
0.38125 1018.8
0.38126 1018.8
0.38127 1018.8
0.38128 1018.8
0.38129 1018.8
0.38130 1018.8
0.38131 1018.8
0.38132 1018.8
0.38133 1018.8
0.38134 1018.8
0.38135 1018.8
0.38136 1018.8
0.38137 1018.8
0.38138 1018.8
0.38139 1018.8
0.38140 1018.8
0.38141 1018.8
0.38142 1018.8
0.38143 1018.8
0.38144 1018.8
0.38145 1018.8
0.38146 1018.8
0.38147 1018.8
0.38148 1018.8
0.38149 1018.8
0.38150 1018.8
0.38151 1018.8
0.38152 1018.8
0.38153 1018.8
0.38154 1018.8
0.38155 1018.8
0.38156 1018.8
0.38157 1018.8
0.38158 1018.8
0.38159 1018.8
0.38160 1018.8
0.38161 1018.8
0.38162 1018.8
0.38163 1018.8
0.38164 1018.8
0.38165 1018.8
0.38166 1018.8
0.38167 1018.8
0.38168 1018.8
0.38169 1018.8
0.38170 1018.8
0.38171 1018.8
0.38172 1018.8
0.38173 1018.8
0.38174 1018.8
0.38175 1018.8
0.38176 1018.8
0.38177 1018.8
0.38178 1018.8
0.38179 1018.8
0.38180 1018.8
0.38181 1018.8
0.38182 1018.8
0.38183 1018.8
0.38184 1018.8
0.38185 1018.8
0.38186 1018.8
0.38187 1018.8
0.38188 1018.8
0.38189 1018.8
0.38190 1018.8
0.38191 1018.8
0.38192 1018.8
0.38193 1018.8
0.38194 1018.8
0.38195 1018.8
0.38196 1018.8
0.38197 1018.8
0.38198 1018.8
0.38199 1018.8
0.38200 1018.8
0.38201 1018.8
0.38202 1018.8
0.38203 1018.8
0.38204 1018.8
0.38205 1018.8
0.38206 1018.8
0.38207 1018.8
0.38208 1018.8
0.38209 1018.8
0.38210 1018.8
0.38211 1018.8
0.38212 1018.8
0.38213 1018.8
0.38214 1018.8
0.38215 1018.8
0.38216 1018.8
0.38217 1018.8
0.38218 1018.8
0.38219 1018.8
0.38220 1018.8
0.38221 1018.8
0.38222 1018.8
0.38223 1018.8
0.38224 1018.8
0.38225 1018.8
0.38226 1018.8
0.38227 1018.8
0.38228 1018.8
0.38229 1018.8
0.38230 1018.8
0.38231 1018.8
0.38232 1018.8
0.38233 1018.8
0.38234 1018.8
0.38235 1018.8
0.38236 1018.8
0.38237 1018.8
0.38238 1018.8
0.38239 1018.8
0.38240 1018.8
0.38241 1018.8
0.38242 1018.8
0.38243 1018.8
0.38244 1018.8
0.38245 1018.8
0.38246 1018.8
0.38247 1018.8
0.38248 1018.8
0.38249 1018.8
0.38250 1018.8
0.38251 1018.8
0.38252 1018.8
0.38253 1018.8
0.38254 1018.8
0.38255 1018.8
0.38256 1018.8
0.38257 1018.8
0.38258 1018.8
0.38259 1018.8
0.38260 1018.8
0.38261 1018.8
0.38262 1018.8
0.38263 1018.8
0.38264 1018.8
0.38265 1018.8
0.38266 1018.8
0.38267 1018.8
0.38268 1018.8
0.38269 1018.8
0.38270 1018.8
0.38271 1018.8
0.38272 1018.8
0.38273 1018.8
0.38274 1018.8
0.38275 1018.8
0.38276 1018.8
0.38277 1018.8
0.38278 1018.8
0.38279 1018.8
0.38280 1018.8
0.38281 1018.8
0.38282 1018.8
0.38283 1018.8
0.38284 1018.8
0.38285 1018.8
0.38286 1018.8
0.38287 1018.8
0.38288 1018.8
0.38289 1018.8
0.38290 1018.8
0.38291 1018.8
0.38292 1018.8
0.38293 1018.8
0.38294 1018.8
0.38295 1018.8
0.38296 1018.8
0.38297 1018.8
0.38298 1018.8
0.38299 1018.8
0.38300 1018.8
0.38301 1018.8
0.38302 1018.8
0.38303 1018.8
0.38304 1018.8
0.38305 1018.8
0.38306 1018.8
0.38307 1018.8
0.38308 1018.8
0.38309 1018.8
0.38310 1018.8
0.38311 1018.8
0.38312 1018.8
0.38313 1018.8
0.38314 1018.8
0.38315 1018.8
0.38316 1018.8
0.38317 1018.8
0.38318 1018.8
0.38319 1018.8
0.38320 1018.8
0.38321 1018.8
0.38322 1018.8
0.38323 1018.8
0.38324 1018.8
0.38325 1018.8
0.38326 1018.8
0.38327 1018.8
0.38328 1018.8
0.38329 1018.8
0.38330 1018.8
0.38331 1018.8
0.38332 1018.8
0.38333 1018.8
0.38334 1018.8
0.38335 1018.8
0.38336 1018.8
0.38337 1018.8
0.38338 1018.8
0.38339 1018.8
0.38340 1018.8
0.38341 1018.8
0.38342 1018.8
0.38343 1018.8
0.38344 1018.8
0.38345 1018.8
0.38346 1018.8
0.38347 1018.8
0.38348 1018.8
0.38349 1018.8
0.38350 1018.8
0.38351 1018.8
0.38352 1018.8
0.38353 1018.8
0.38354 1018.8
0.38355 1018.8
0.38356 1018.8
0.38357 1018.8
0.38358 1018.8
0.38359 1018.8
0.38360 1018.8
0.38361 1018.8
0.38362 1018.8
0.38363 1018.8
0.38364 1018.8
0.38365 1018.8
0.38366 1018.8
0.38367 1018.8
0.38368 1018.8
0.38369 1018.8
0.38370 1018.8
0.38371 1018.8
0.38372 1018.8
0.38373 1018.8
0.38374 1018.8
0.38375 1018.8
0.38376 1018.8
0.38377 1018.8
0.38378 1018.8
0.38379 1018.8
0.38380 1018.8
0.38381 1018.8
0.38382 1018.8
0.38383 1018.8
0.38384 1018.8
0.38385 1018.8
0.38386 1018.8
0.38387 1018.8
0.38388 1018.8
0.38389 1018.8
0.38390 1018.8
0.38391 1018.8
0.38392 1018.8
0.38393 1018.8
0.38394 1018.8
0.38395 1018.8
0.38396 1018.8
0.38397 1018.8
0.38398 1018.8
0.38399 1018.8
0.38400 1018.8
0.38401 1018.8
0.38402 1018.8
0.38403 1018.8
0.38404 1018.8
0.38405 1018.8
0.38406 1018.8
0.38407 1018.8
0.38408 1018.8
0.38409 1018.8
0.38410 1018.8
0.38411 1018.8
0.38412 1018.8
0.38413 1018.8
0.38414 1018.8
0.38415 1018.8
0.38416 1018.8
0.38417 1018.8
0.38418 1018.8
0.38419 1018.8
0.38420 1018.8
0.38421 1018.8
0.38422 1018.8
0.38423 1018.8
0.38424 1018.8
0.38425 1018.8
0.38426 1018.8
0.38427 1018.8
0.38428 1018.8
0.38429 1018.8
0.38430 1018.8
0.38431 1018.8
0.38432 1018.8
0.38433 1018.8
0.38434 1018.8
0.38435 1018.8
0.38436 1018.8
0.38437 1018.8
0.38438 1018.8
0.38439 1018.8
0.38440 1018.8
0.38441 1018.8
0.38442 1018.8
0.38443 1018.8
0.38444 1018.8
0.38445 1018.8
0.38446 1018.8
0.38447 1018.8
0.38448 1018.8
0.38449 1018.8
0.38450 1018.8
0.38451 1018.8
0.38452 1018.8
0.38453 1018.8
0.38454 1018.8
0.38455 1018.8
0.38456 1018.8
0.38457 1018.8
0.38458 1018.8
0.38459 1018.8
0.38460 1018.8
0.38461 1018.8
0.38462 1018.8
0.38463 1018.8
0.38464 1018.8
0.38465 1018.8
0.38466 1018.8
0.38467 1018.8
0.38468 1018.8
0.38469 1018.8
0.38470 1018.8
0.38471 1018.8
0.38472 1018.8
0.38473 1018.8
0.38474 1018.8
0.38475 1018.8
0.38476 1018.8
0.38477 1018.8
0.38478 1018.8
0.38479 1018.8
0.38480 1018.8
0.38481 1018.8
0.38482 1018.8
0.38483 1018.8
0.38484 1018.8
0.38485 1018.8
0.38486 1018.8
0.38487 1018.8
0.38488 1018.8
0.38489 1018.8
0.38490 1018.8
0.38491 1018.8
0.38492 1018.8
0.38493 1018.8
0.38494 1018.8
0.38495 1018.8
0.38496 1018.8
0.38497 1018.8
0.38498 1018.8
0.38499 1018.8
0.38500 1018.8
0.38501 1018.8
0.38502 1018.8
0.38503 1018.8
0.38504 1018.8
0.38505 1018.8
0.38506 1018.8
0.38507 1018.8
0.38508 1018.8
0.38509 1018.8
0.38510 1018.8
0.38511 1018.8
0.38512 1018.8
0.38513 1018.8
0.38514 1018.8
0.38515 1018.8
0.38516 1018.8
0.38517 1018.8
0.38518 1018.8
0.38519 1018.8
0.38520 1018.8
0.38521 1018.8
0.38522 1018.8
0.38523 1018.8
0.38524 1018.8
0.38525 1018.8
0.38526 1018.8
0.38527 1018.8
0.38528 1018.8
0.38529 1018.8
0.38530 1018.8
0.38531 1018.8
0.38532 1018.8
0.38533 1018.8
0.38534 1018.8
0.38535 1018.8
0.38536 1018.8
0.38537 1018.8
0.38538 1018.8
0.38539 1018.8
0.38540 1018.8
0.38541 1018.8
0.38542 1018.8
0.38543 1018.8
0.38544 1018.8
0.38545 1018.8
0.38546 1018.8
0.38547 1018.8
0.38548 1018.8
0.38549 1018.8
0.38550 1018.8
0.38551 1018.8
0.38552 1018.8
0.38553 1018.8
0.38554 1018.8
0.38555 1018.8
0.38556 1018.8
0.38557 1018.8
0.38558 1018.8
0.38559 1018.8
0.38560 1018.8
0.38561 1018.8
0.38562 1018.8
0.38563 1018.8
0.38564 1018.8
0.38565 1018.8
0.38566 1018.8
0.38567 1018.8
0.38568 1018.8
0.38569 1018.8
0.38570 1018.8
0.38571 1018.8
0.38572 1018.8
0.38573 1018.8
0.38574 1018.8
0.38575 1018.8
0.38576 1018.8
0.38577 1018.8
0.38578 1018.8
0.38579 1018.8
0.38580 1018.8
0.38581 1018.8
0.38582 1018.8
0.38583 1018.8
0.38584 1018.8
0.38585 1018.8
0.38586 1018.8
0.38587 1018.8
0.38588 1018.8
0.38589 1018.8
0.38590 1018.8
0.38591 1018.8
0.38592 1018.8
0.38593 1018.8
0.38594 1018.8
0.38595 1018.8
0.38596 1018.8
0.38597 1018.8
0.38598 1018.8
0.38599 1018.8
0.38600 1018.8
0.38601 1018.8
0.38602 1018.8
0.38603 1018.8
0.38604 1018.8
0.38605 1018.8
0.38606 1018.8
0.38607 1018.8
0.38608 1018.8
0.38609 1018.8
0.38610 1018.8
0.38611 1018.8
0.38612 1018.8
0.38613 1018.8
0.38614 1018.8
0.38615 1018.8
0.38616 1018.8
0.38617 1018.8
0.38618 1018.8
0.38619 1018.8
0.38620 1018.8
0.38621 1018.8
0.38622 1018.8
0.38623 1018.8
0.38624 1018.8
0.38625 1018.8
0.38626 1018.8
0.38627 1018.8
0.38628 1018.8
0.38629 1018.8
0.38630 1018.8
0.38631 1018.8
0.38632 1018.8
0.38633 1018.8
0.38634 1018.8
0.38635 1018.8
0.38636 1018.8
0.38637 1018.8
0.38638 1018.8
0.38639 1018.8
0.38640 1018.8
0.38641 1018.8
0.38642 1018.8
0.38643 1018.8
0.38644 1018.8
0.38645 1018.8
0.38646 1018.8
0.38647 1018.8
0.38648 1018.8
0.38649 1018.8
0.38650 1018.8
0.38651 1018.8
0.38652 1018.8
0.38653 1018.8
0.38654 1018.8
0.38655 1018.8
0.38656 1018.8
0.38657 1018.8
0.38658 1018.8
0.38659 1018.8
0.38660 1018.8
0.38661 1018.8
0.38662 1018.8
0.38663 1018.8
0.38664 1018.8
0.38665 1018.8
0.38666 1018.8
0.38667 1018.8
0.38668 1018.8
0.38669 1018.8
0.38670 1018.8
0.38671 1018.8
0.38672 1018.8
0.38673 1018.8
0.38674 1018.8
0.38675 1018.8
0.38676 1018.8
0.38677 1018.8
0.38678 1018.8
0.38679 1018.8
0.38680 1018.8
0.38681 1018.8
0.38682 1018.8
0.38683 1018.8
0.38684 1018.8
0.38685 1018.8
0.38686 1018.8
0.38687 1018.8
0.38688 1018.8
0.38689 1018.8
0.38690 1018.8
0.38691 1018.8
0.38692 1018.8
0.38693 1018.8
0.38694 1018.8
0.38695 1018.8
0.38696 1018.8
0.38697 1018.8
0.38698 1018.8
0.38699 1018.8
0.38700 1018.8
0.38701 1018.8
0.38702 1018.8
0.38703 1018.8
0.38704 1018.8
0.38705 1018.8
0.38706 1018.8
0.38707 1018.8
0.38708 1018.8
0.38709 1018.8
0.38710 1018.8
0.38711 1018.8
0.38712 1018.8
0.38713 1018.8
0.38714 1018.8
0.38715 1018.8
0.38716 1018.8
0.38717 1018.8
0.38718 1018.8
0.38719 1018.8
0.38720 1018.8
0.38721 1018.8
0.38722 1018.8
0.38723 1018.8
0.38724 1018.8
0.38725 1018.8
0.38726 1018.8
0.38727 1018.8
0.38728 1018.8
0.38729 1018.8
0.38730 1018.8
0.38731 1018.8
0.38732 1018.8
0.38733 1018.8
0.38734 1018.8
0.38735 1018.8
0.38736 1018.8
0.38737 1018.8
0.38738 1018.8
0.38739 1018.8
0.38740 1018.8
0.38741 1018.8
0.38742 1018.8
0.38743 1018.8
0.38744 1018.8
0.38745 1018.8
0.38746 1018.8
0.38747 1018.8
0.38748 1018.8
0.38749 1018.8
0.38750 1018.8
0.38751 1018.8
0.38752 1018.8
0.38753 1018.8
0.38754 1018.8
0.38755 1018.8
0.38756 1018.8
0.38757 1018.8
0.38758 1018.8
0.38759 1018.8
0.38760 1018.8
0.38761 1018.8
0.38762 1018.8
0.38763 1018.8
0.38764 1018.8
0.38765 1018.8
0.38766 1018.8
0.38767 1018.8
0.38768 1018.8
0.38769 1018.8
0.38770 1018.8
0.38771 1018.8
0.38772 1018.8
0.38773 1018.8
0.38774 1018.8
0.38775 1018.8
0.38776 1018.8
0.38777 1018.8
0.38778 1018.8
0.38779 1018.8
0.38780 1018.8
0.38781 1018.8
0.38782 1018.8
0.38783 1018.8
0.38784 1018.8
0.38785 1018.8
0.38786 1018.8
0.38787 1018.8
0.38788 1018.8
0.38789 1018.8
0.38790 1018.8
0.38791 1018.8
0.38792 1018.8
0.38793 1018.8
0.38794 1018.8
0.38795 1018.8
0.38796 1018.8
0.38797 1018.8
0.38798 1018.8
0.38799 1018.8
0.38800 1018.8
0.38801 1018.8
0.38802 1018.8
0.38803 1018.8
0.38804 1018.8
0.38805 1018.8
0.38806 1018.8
0.38807 1018.8
0.38808 1018.8
0.38809 1018.8
0.38810 1018.8
0.38811 1018.8
0.38812 1018.8
0.38813 1018.8
0.38814 1018.8
0.38815 1018.8
0.38816 1018.8
0.38817 1018.8
0.38818 1018.8
0.38819 1018.8
0.38820 1018.8
0.38821 1018.8
0.38822 1018.8
0.38823 1018.8
0.38824 1018.8
0.38825 1018.8
0.38826 1018.8
0.38827 1018.8
0.38828 1018.8
0.38829 1018.8
0.38830 1018.8
0.38831 1018.8
0.38832 1018.8
0.38833 1018.8
0.38834 1018.8
0.38835 1018.8
0.38836 1018.8
0.38837 1018.8
0.38838 1018.8
0.38839 1018.8
0.38840 1018.8
0.38841 1018.8
0.38842 1018.8
0.38843 1018.8
0.38844 1018.8
0.38845 1018.8
0.38846 1018.8
0.38847 1018.8
0.38848 1018.8
0.38849 1018.8
0.38850 1018.8
0.38851 1018.8
0.38852 1018.8
0.38853 1018.8
0.38854 1018.8
0.38855 1018.8
0.38856 1018.8
0.38857 1018.8
0.38858 1018.8
0.38859 1018.8
0.38860 1018.8
0.38861 1018.8
0.38862 1018.8
0.38863 1018.8
0.38864 1018.8
0.38865 1018.8
0.38866 1018.8
0.38867 1018.8
0.38868 1018.8
0.38869 1018.8
0.38870 1018.8
0.38871 1018.8
0.38872 1018.8
0.38873 1018.8
0.38874 1018.8
0.38875 1018.8
0.38876 1018.8
0.38877 1018.8
0.38878 1018.8
0.38879 1018.8
0.38880 1018.8
0.38881 1018.8
0.38882 1018.8
0.38883 1018.8
0.38884 1018.8
0.38885 1018.8
0.38886 1018.8
0.38887 1018.8
0.38888 1018.8
0.38889 1018.8
0.38890 1018.8
0.38891 1018.8
0.38892 1018.8
0.38893 1018.8
0.38894 1018.8
0.38895 1018.8
0.38896 1018.8
0.38897 1018.8
0.38898 1018.8
0.38899 1018.8
0.38900 1018.8
0.38901 1018.8
0.38902 1018.8
0.38903 1018.8
0.38904 1018.8
0.38905 1018.8
0.38906 1018.8
0.38907 1018.8
0.38908 1018.8
0.38909 1018.8
0.38910 1018.8
0.38911 1018.8
0.38912 1018.8
0.38913 1018.8
0.38914 1018.8
0.38915 1018.8
0.38916 1018.8
0.38917 1018.8
0.38918 1018.8
0.38919 1018.8
0.38920 1018.8
0.38921 1018.8
0.38922 1018.8
0.38923 1018.8
0.38924 1018.8
0.38925 1018.8
0.38926 1018.8
0.38927 1018.8
0.38928 1018.8
0.38929 1018.8
0.38930 1018.8
0.38931 1018.8
0.38932 1018.8
0.38933 1018.8
0.38934 1018.8
0.38935 1018.8
0.38936 1018.8
0.38937 1018.8
0.38938 1018.8
0.38939 1018.8
0.38940 1018.8
0.38941 1018.8
0.38942 1018.8
0.38943 1018.8
0.38944 1018.8
0.38945 1018.8
0.38946 1018.8
0.38947 1018.8
0.38948 1018.8
0.38949 1018.8
0.38950 1018.8
0.38951 1018.8
0.38952 1018.8
0.38953 1018.8
0.38954 1018.8
0.38955 1018.8
0.38956 1018.8
0.38957 1018.8
0.38958 1018.8
0.38959 1018.8
0.38960 1018.8
0.38961 1018.8
0.38962 1018.8
0.38963 1018.8
0.38964 1018.8
0.38965 1018.8
0.38966 1018.8
0.38967 1018.8
0.38968 1018.8
0.38969 1018.8
0.38970 1018.8
0.38971 1018.8
0.38972 1018.8
0.38973 1018.8
0.38974 1018.8
0.38975 1018.8
0.38976 1018.8
0.38977 1018.8
0.38978 1018.8
0.38979 1018.8
0.38980 1018.8
0.38981 1018.8
0.38982 1018.8
0.38983 1018.8
0.38984 1018.8
0.38985 1018.8
0.38986 1018.8
0.38987 1018.8
0.38988 1018.8
0.38989 1018.8
0.38990 1018.8
0.38991 1018.8
0.38992 1018.8
0.38993 1018.8
0.38994 1018.8
0.38995 1018.8
0.38996 1018.8
0.38997 1018.8
0.38998 1018.8
0.38999 1018.8
0.39000 1018.8
0.39001 1018.8
0.39002 1018.8
0.39003 1018.8
0.39004 1018.8
0.39005 1018.8
0.39006 1018.8
0.39007 1018.8
0.39008 1018.8
0.39009 1018.8
0.39010 1018.8
0.39011 1018.8
0.39012 1018.8
0.39013 1018.8
0.39014 1018.8
0.39015 1018.8
0.39016 1018.8
0.39017 1018.8
0.39018 1018.8
0.39019 1018.8
0.39020 1018.8
0.39021 1018.8
0.39022 1018.8
0.39023 1018.8
0.39024 1018.8
0.39025 1018.8
0.39026 1018.8
0.39027 1018.8
0.39028 1018.8
0.39029 1018.8
0.39030 1018.8
0.39031 1018.8
0.39032 1018.8
0.39033 1018.8
0.39034 1018.8
0.39035 1018.8
0.39036 1018.8
0.39037 1018.8
0.39038 1018.8
0.39039 1018.8
0.39040 1018.8
0.39041 1018.8
0.39042 1018.8
0.39043 1018.8
0.39044 1018.8
0.39045 1018.8
0.39046 1018.8
0.39047 1018.8
0.39048 1018.8
0.39049 1018.8
0.39050 1018.8
0.39051 1018.8
0.39052 1018.8
0.39053 1018.8
0.39054 1018.8
0.39055 1018.8
0.39056 1018.8
0.39057 1018.8
0.39058 1018.8
0.39059 1018.8
0.39060 1018.8
0.39061 1018.8
0.39062 1018.8
0.39063 1018.8
0.39064 1018.8
0.39065 1018.8
0.39066 1018.8
0.39067 1018.8
0.39068 1018.8
0.39069 1018.8
0.39070 1018.8
0.39071 1018.8
0.39072 1018.8
0.39073 1018.8
0.39074 1018.8
0.39075 1018.8
0.39076 1018.8
0.39077 1018.8
0.39078 1018.8
0.39079 1018.8
0.39080 1018.8
0.39081 1018.8
0.39082 1018.8
0.39083 1018.8
0.39084 1018.8
0.39085 1018.8
0.39086 1018.8
0.39087 1018.8
0.39088 1018.8
0.39089 1018.8
0.39090 1018.8
0.39091 1018.8
0.39092 1018.8
0.39093 1018.8
0.39094 1018.8
0.39095 1018.8
0.39096 1018.8
0.39097 1018.8
0.39098 1018.8
0.39099 1018.8
0.39100 1018.8
0.39101 1018.8
0.39102 1018.8
0.39103 1018.8
0.39104 1018.8
0.39105 1018.8
0.39106 1018.8
0.39107 1018.8
0.39108 1018.8
0.39109 1018.8
0.39110 1018.8
0.39111 1018.8
0.39112 1018.8
0.39113 1018.8
0.39114 1018.8
0.39115 1018.8
0.39116 1018.8
0.39117 1018.8
0.39118 1018.8
0.39119 1018.8
0.39120 1018.8
0.39121 1018.8
0.39122 1018.8
0.39123 1018.8
0.39124 1018.8
0.39125 1018.8
0.39126 1018.8
0.39127 1018.8
0.39128 1018.8
0.39129 1018.8
0.39130 1018.8
0.39131 1018.8
0.39132 1018.8
0.39133 1018.8
0.39134 1018.8
0.39135 1018.8
0.39136 1018.8
0.39137 1018.8
0.39138 1018.8
0.39139 1018.8
0.39140 1018.8
0.39141 1018.8
0.39142 1018.8
0.39143 1018.8
0.39144 1018.8
0.39145 1018.8
0.39146 1018.8
0.39147 1018.8
0.39148 1018.8
0.39149 1018.8
0.39150 1018.8
0.39151 1018.8
0.39152 1018.8
0.39153 1018.8
0.39154 1018.8
0.39155 1018.8
0.39156 1018.8
0.39157 1018.8
0.39158 1018.8
0.39159 1018.8
0.39160 1018.8
0.39161 1018.8
0.39162 1018.8
0.39163 1018.8
0.39164 1018.8
0.39165 1018.8
0.39166 1018.8
0.39167 1018.8
0.39168 1018.8
0.39169 1018.8
0.39170 1018.8
0.39171 1018.8
0.39172 1018.8
0.39173 1018.8
0.39174 1018.8
0.39175 1018.8
0.39176 1018.8
0.39177 1018.8
0.39178 1018.8
0.39179 1018.8
0.39180 1018.8
0.39181 1018.8
0.39182 1018.8
0.39183 1018.8
0.39184 1018.8
0.39185 1018.8
0.39186 1018.8
0.39187 1018.8
0.39188 1018.8
0.39189 1018.8
0.39190 1018.8
0.39191 1018.8
0.39192 1018.8
0.39193 1018.8
0.39194 1018.8
0.39195 1018.8
0.39196 1018.8
0.39197 1018.8
0.39198 1018.8
0.39199 1018.8
0.39200 1018.8
0.39201 1018.8
0.39202 1018.8
0.39203 1018.8
0.39204 1018.8
0.39205 1018.8
0.39206 1018.8
0.39207 1018.8
0.39208 1018.8
0.39209 1018.8
0.39210 1018.8
0.39211 1018.8
0.39212 1018.8
0.39213 1018.8
0.39214 1018.8
0.39215 1018.8
0.39216 1018.8
0.39217 1018.8
0.39218 1018.8
0.39219 1018.8
0.39220 1018.8
0.39221 1018.8
0.39222 1018.8
0.39223 1018.8
0.39224 1018.8
0.39225 1018.8
0.39226 1018.8
0.39227 1018.8
0.39228 1018.8
0.39229 1018.8
0.39230 1018.8
0.39231 1018.8
0.39232 1018.8
0.39233 1018.8
0.39234 1018.8
0.39235 1018.8
0.39236 1018.8
0.39237 1018.8
0.39238 1018.8
0.39239 1018.8
0.39240 1018.8
0.39241 1018.8
0.39242 1018.8
0.39243 1018.8
0.39244 1018.8
0.39245 1018.8
0.39246 1018.8
0.39247 1018.8
0.39248 1018.8
0.39249 1018.8
0.39250 1018.8
0.39251 1018.8
0.39252 1018.8
0.39253 1018.8
0.39254 1018.8
0.39255 1018.8
0.39256 1018.8
0.39257 1018.8
0.39258 1018.8
0.39259 1018.8
0.39260 1018.8
0.39261 1018.8
0.39262 1018.8
0.39263 1018.8
0.39264 1018.8
0.39265 1018.8
0.39266 1018.8
0.39267 1018.8
0.39268 1018.8
0.39269 1018.8
0.39270 1018.8
0.39271 1018.8
0.39272 1018.8
0.39273 1018.8
0.39274 1018.8
0.39275 1018.8
0.39276 1018.8
0.39277 1018.8
0.39278 1018.8
0.39279 1018.8
0.39280 1018.8
0.39281 1018.8
0.39282 1018.8
0.39283 1018.8
0.39284 1018.8
0.39285 1018.8
0.39286 1018.8
0.39287 1018.8
0.39288 1018.8
0.39289 1018.8
0.39290 1018.8
0.39291 1018.8
0.39292 1018.8
0.39293 1018.8
0.39294 1018.8
0.39295 1018.8
0.39296 1018.8
0.39297 1018.8
0.39298 1018.8
0.39299 1018.8
0.39300 1018.8
0.39301 1018.8
0.39302 1018.8
0.39303 1018.8
0.39304 1018.8
0.39305 1018.8
0.39306 1018.8
0.39307 1018.8
0.39308 1018.8
0.39309 1018.8
0.39310 1018.8
0.39311 1018.8
0.39312 1018.8
0.39313 1018.8
0.39314 1018.8
0.39315 1018.8
0.39316 1018.8
0.39317 1018.8
0.39318 1018.8
0.39319 1018.8
0.39320 1018.8
0.39321 1018.8
0.39322 1018.8
0.39323 1018.8
0.39324 1018.8
0.39325 1018.8
0.39326 1018.8
0.39327 1018.8
0.39328 1018.8
0.39329 1018.8
0.39330 1018.8
0.39331 1018.8
0.39332 1018.8
0.39333 1018.8
0.39334 1018.8
0.39335 1018.8
0.39336 1018.8
0.39337 1018.8
0.39338 1018.8
0.39339 1018.8
0.39340 1018.8
0.39341 1018.8
0.39342 1018.8
0.39343 1018.8
0.39344 1018.8
0.39345 1018.8
0.39346 1018.8
0.39347 1018.8
0.39348 1018.8
0.39349 1018.8
0.39350 1018.8
0.39351 1018.8
0.39352 1018.8
0.39353 1018.8
0.39354 1018.8
0.39355 1018.8
0.39356 1018.8
0.39357 1018.8
0.39358 1018.8
0.39359 1018.8
0.39360 1018.8
0.39361 1018.8
0.39362 1018.8
0.39363 1018.8
0.39364 1018.8
0.39365 1018.8
0.39366 1018.8
0.39367 1018.8
0.39368 1018.8
0.39369 1018.8
0.39370 1018.8
0.39371 1018.8
0.39372 1018.8
0.39373 1018.8
0.39374 1018.8
0.39375 1018.8
0.39376 1018.8
0.39377 1018.8
0.39378 1018.8
0.39379 1018.8
0.39380 1018.8
0.39381 1018.8
0.39382 1018.8
0.39383 1018.8
0.39384 1018.8
0.39385 1018.8
0.39386 1018.8
0.39387 1018.8
0.39388 1018.8
0.39389 1018.8
0.39390 1018.8
0.39391 1018.8
0.39392 1018.8
0.39393 1018.8
0.39394 1018.8
0.39395 1018.8
0.39396 1018.8
0.39397 1018.8
0.39398 1018.8
0.39399 1018.8
0.39400 1018.8
0.39401 1018.8
0.39402 1018.8
0.39403 1018.8
0.39404 1018.8
0.39405 1018.8
0.39406 1018.8
0.39407 1018.8
0.39408 1018.8
0.39409 1018.8
0.39410 1018.8
0.39411 1018.8
0.39412 1018.8
0.39413 1018.8
0.39414 1018.8
0.39415 1018.8
0.39416 1018.8
0.39417 1018.8
0.39418 1018.8
0.39419 1018.8
0.39420 1018.8
0.39421 1018.8
0.39422 1018.8
0.39423 1018.8
0.39424 1018.8
0.39425 1018.8
0.39426 1018.8
0.39427 1018.8
0.39428 1018.8
0.39429 1018.8
0.39430 1018.8
0.39431 1018.8
0.39432 1018.8
0.39433 1018.8
0.39434 1018.8
0.39435 1018.8
0.39436 1018.8
0.39437 1018.8
0.39438 1018.8
0.39439 1018.8
0.39440 1018.8
0.39441 1018.8
0.39442 1018.8
0.39443 1018.8
0.39444 1018.8
0.39445 1018.8
0.39446 1018.8
0.39447 1018.8
0.39448 1018.8
0.39449 1018.8
0.39450 1018.8
0.39451 1018.8
0.39452 1018.8
0.39453 1018.8
0.39454 1018.8
0.39455 1018.8
0.39456 1018.8
0.39457 1018.8
0.39458 1018.8
0.39459 1018.8
0.39460 1018.8
0.39461 1018.8
0.39462 1018.8
0.39463 1018.8
0.39464 1018.8
0.39465 1018.8
0.39466 1018.8
0.39467 1018.8
0.39468 1018.8
0.39469 1018.8
0.39470 1018.8
0.39471 1018.8
0.39472 1018.8
0.39473 1018.8
0.39474 1018.8
0.39475 1018.8
0.39476 1018.8
0.39477 1018.8
0.39478 1018.8
0.39479 1018.8
0.39480 1018.8
0.39481 1018.8
0.39482 1018.8
0.39483 1018.8
0.39484 1018.8
0.39485 1018.8
0.39486 1018.8
0.39487 1018.8
0.39488 1018.8
0.39489 1018.8
0.39490 1018.8
0.39491 1018.8
0.39492 1018.8
0.39493 1018.8
0.39494 1018.8
0.39495 1018.8
0.39496 1018.8
0.39497 1018.8
0.39498 1018.8
0.39499 1018.8
0.39500 1018.8
0.39501 1018.8
0.39502 1018.8
0.39503 1018.8
0.39504 1018.8
0.39505 1018.8
0.39506 1018.8
0.39507 1018.8
0.39508 1018.8
0.39509 1018.8
0.39510 1018.8
0.39511 1018.8
0.39512 1018.8
0.39513 1018.8
0.39514 1018.8
0.39515 1018.8
0.39516 1018.8
0.39517 1018.8
0.39518 1018.8
0.39519 1018.8
0.39520 1018.8
0.39521 1018.8
0.39522 1018.8
0.39523 1018.8
0.39524 1018.8
0.39525 1018.8
0.39526 1018.8
0.39527 1018.8
0.39528 1018.8
0.39529 1018.8
0.39530 1018.8
0.39531 1018.8
0.39532 1018.8
0.39533 1018.8
0.39534 1018.8
0.39535 1018.8
0.39536 1018.8
0.39537 1018.8
0.39538 1018.8
0.39539 1018.8
0.39540 1018.8
0.39541 1018.8
0.39542 1018.8
0.39543 1018.8
0.39544 1018.8
0.39545 1018.8
0.39546 1018.8
0.39547 1018.8
0.39548 1018.8
0.39549 1018.8
0.39550 1018.8
0.39551 1018.8
0.39552 1018.8
0.39553 1018.8
0.39554 1018.8
0.39555 1018.8
0.39556 1018.8
0.39557 1018.8
0.39558 1018.8
0.39559 1018.8
0.39560 1018.8
0.39561 1018.8
0.39562 1018.8
0.39563 1018.8
0.39564 1018.8
0.39565 1018.8
0.39566 1018.8
0.39567 1018.8
0.39568 1018.8
0.39569 1018.8
0.39570 1018.8
0.39571 1018.8
0.39572 1018.8
0.39573 1018.8
0.39574 1018.8
0.39575 1018.8
0.39576 1018.8
0.39577 1018.8
0.39578 1018.8
0.39579 1018.8
0.39580 1018.8
0.39581 1018.8
0.39582 1018.8
0.39583 1018.8
0.39584 1018.8
0.39585 1018.8
0.39586 1018.8
0.39587 1018.8
0.39588 1018.8
0.39589 1018.8
0.39590 1018.8
0.39591 1018.8
0.39592 1018.8
0.39593 1018.8
0.39594 1018.8
0.39595 1018.8
0.39596 1018.8
0.39597 1018.8
0.39598 1018.8
0.39599 1018.8
0.39600 1018.8
0.39601 1018.8
0.39602 1018.8
0.39603 1018.8
0.39604 1018.8
0.39605 1018.8
0.39606 1018.8
0.39607 1018.8
0.39608 1018.8
0.39609 1018.8
0.39610 1018.8
0.39611 1018.8
0.39612 1018.8
0.39613 1018.8
0.39614 1018.8
0.39615 1018.8
0.39616 1018.8
0.39617 1018.8
0.39618 1018.8
0.39619 1018.8
0.39620 1018.8
0.39621 1018.8
0.39622 1018.8
0.39623 1018.8
0.39624 1018.8
0.39625 1018.8
0.39626 1018.8
0.39627 1018.8
0.39628 1018.8
0.39629 1018.8
0.39630 1018.8
0.39631 1018.8
0.39632 1018.8
0.39633 1018.8
0.39634 1018.8
0.39635 1018.8
0.39636 1018.8
0.39637 1018.8
0.39638 1018.8
0.39639 1018.8
0.39640 1018.8
0.39641 1018.8
0.39642 1018.8
0.39643 1018.8
0.39644 1018.8
0.39645 1018.8
0.39646 1018.8
0.39647 1018.8
0.39648 1018.8
0.39649 1018.8
0.39650 1018.8
0.39651 1018.8
0.39652 1018.8
0.39653 1018.8
0.39654 1018.8
0.39655 1018.8
0.39656 1018.8
0.39657 1018.8
0.39658 1018.8
0.39659 1018.8
0.39660 1018.8
0.39661 1018.8
0.39662 1018.8
0.39663 1018.8
0.39664 1018.8
0.39665 1018.8
0.39666 1018.8
0.39667 1018.8
0.39668 1018.8
0.39669 1018.8
0.39670 1018.8
0.39671 1018.8
0.39672 1018.8
0.39673 1018.8
0.39674 1018.8
0.39675 1018.8
0.39676 1018.8
0.39677 1018.8
0.39678 1018.8
0.39679 1018.8
0.39680 1018.8
0.39681 1018.8
0.39682 1018.8
0.39683 1018.8
0.39684 1018.8
0.39685 1018.8
0.39686 1018.8
0.39687 1018.8
0.39688 1018.8
0.39689 1018.8
0.39690 1018.8
0.39691 1018.8
0.39692 1018.8
0.39693 1018.8
0.39694 1018.8
0.39695 1018.8
0.39696 1018.8
0.39697 1018.8
0.39698 1018.8
0.39699 1018.8
0.39700 1018.8
0.39701 1018.8
0.39702 1018.8
0.39703 1018.8
0.39704 1018.8
0.39705 1018.8
0.39706 1018.8
0.39707 1018.8
0.39708 1018.8
0.39709 1018.8
0.39710 1018.8
0.39711 1018.8
0.39712 1018.8
0.39713 1018.8
0.39714 1018.8
0.39715 1018.8
0.39716 1018.8
0.39717 1018.8
0.39718 1018.8
0.39719 1018.8
0.39720 1018.8
0.39721 1018.8
0.39722 1018.8
0.39723 1018.8
0.39724 1018.8
0.39725 1018.8
0.39726 1018.8
0.39727 1018.8
0.39728 1018.8
0.39729 1018.8
0.39730 1018.8
0.39731 1018.8
0.39732 1018.8
0.39733 1018.8
0.39734 1018.8
0.39735 1018.8
0.39736 1018.8
0.39737 1018.8
0.39738 1018.8
0.39739 1018.8
0.39740 1018.8
0.39741 1018.8
0.39742 1018.8
0.39743 1018.8
0.39744 1018.8
0.39745 1018.8
0.39746 1018.8
0.39747 1018.8
0.39748 1018.8
0.39749 1018.8
0.39750 1018.8
0.39751 1018.8
0.39752 1018.8
0.39753 1018.8
0.39754 1018.8
0.39755 1018.8
0.39756 1018.8
0.39757 1018.8
0.39758 1018.8
0.39759 1018.8
0.39760 1018.8
0.39761 1018.8
0.39762 1018.8
0.39763 1018.8
0.39764 1018.8
0.39765 1018.8
0.39766 1018.8
0.39767 1018.8
0.39768 1018.8
0.39769 1018.8
0.39770 1018.8
0.39771 1018.8
0.39772 1018.8
0.39773 1018.8
0.39774 1018.8
0.39775 1018.8
0.39776 1018.8
0.39777 1018.8
0.39778 1018.8
0.39779 1018.8
0.39780 1018.8
0.39781 1018.8
0.39782 1018.8
0.39783 1018.8
0.39784 1018.8
0.39785 1018.8
0.39786 1018.8
0.39787 1018.8
0.39788 1018.8
0.39789 1018.8
0.39790 1018.8
0.39791 1018.8
0.39792 1018.8
0.39793 1018.8
0.39794 1018.8
0.39795 1018.8
0.39796 1018.8
0.39797 1018.8
0.39798 1018.8
0.39799 1018.8
0.39800 1018.8
0.39801 1018.8
0.39802 1018.8
0.39803 1018.8
0.39804 1018.8
0.39805 1018.8
0.39806 1018.8
0.39807 1018.8
0.39808 1018.8
0.39809 1018.8
0.39810 1018.8
0.39811 1018.8
0.39812 1018.8
0.39813 1018.8
0.39814 1018.8
0.39815 1018.8
0.39816 1018.8
0.39817 1018.8
0.39818 1018.8
0.39819 1018.8
0.39820 1018.8
0.39821 1018.8
0.39822 1018.8
0.39823 1018.8
0.39824 1018.8
0.39825 1018.8
0.39826 1018.8
0.39827 1018.8
0.39828 1018.8
0.39829 1018.8
0.39830 1018.8
0.39831 1018.8
0.39832 1018.8
0.39833 1018.8
0.39834 1018.8
0.39835 1018.8
0.39836 1018.8
0.39837 1018.8
0.39838 1018.8
0.39839 1018.8
0.39840 1018.8
0.39841 1018.8
0.39842 1018.8
0.39843 1018.8
0.39844 1018.8
0.39845 1018.8
0.39846 1018.8
0.39847 1018.8
0.39848 1018.8
0.39849 1018.8
0.39850 1018.8
0.39851 1018.8
0.39852 1018.8
0.39853 1018.8
0.39854 1018.8
0.39855 1018.8
0.39856 1018.8
0.39857 1018.8
0.39858 1018.8
0.39859 1018.8
0.39860 1018.8
0.39861 1018.8
0.39862 1018.8
0.39863 1018.8
0.39864 1018.8
0.39865 1018.8
0.39866 1018.8
0.39867 1018.8
0.39868 1018.8
0.39869 1018.8
0.39870 1018.8
0.39871 1018.8
0.39872 1018.8
0.39873 1018.8
0.39874 1018.8
0.39875 1018.8
0.39876 1018.8
0.39877 1018.8
0.39878 1018.8
0.39879 1018.8
0.39880 1018.8
0.39881 1018.8
0.39882 1018.8
0.39883 1018.8
0.39884 1018.8
0.39885 1018.8
0.39886 1018.8
0.39887 1018.8
0.39888 1018.8
0.39889 1018.8
0.39890 1018.8
0.39891 1018.8
0.39892 1018.8
0.39893 1018.8
0.39894 1018.8
0.39895 1018.8
0.39896 1018.8
0.39897 1018.8
0.39898 1018.8
0.39899 1018.8
0.39900 1018.8
0.39901 1018.8
0.39902 1018.8
0.39903 1018.8
0.39904 1018.8
0.39905 1018.8
0.39906 1018.8
0.39907 1018.8
0.39908 1018.8
0.39909 1018.8
0.39910 1018.8
0.39911 1018.8
0.39912 1018.8
0.39913 1018.8
0.39914 1018.8
0.39915 1018.8
0.39916 1018.8
0.39917 1018.8
0.39918 1018.8
0.39919 1018.8
0.39920 1018.8
0.39921 1018.8
0.39922 1018.8
0.39923 1018.8
0.39924 1018.8
0.39925 1018.8
0.39926 1018.8
0.39927 1018.8
0.39928 1018.8
0.39929 1018.8
0.39930 1018.8
0.39931 1018.8
0.39932 1018.8
0.39933 1018.8
0.39934 1018.8
0.39935 1018.8
0.39936 1018.8
0.39937 1018.8
0.39938 1018.8
0.39939 1018.8
0.39940 1018.8
0.39941 1018.8
0.39942 1018.8
0.39943 1018.8
0.39944 1018.8
0.39945 1018.8
0.39946 1018.8
0.39947 1018.8
0.39948 1018.8
0.39949 1018.8
0.39950 1018.8
0.39951 1018.8
0.39952 1018.8
0.39953 1018.8
0.39954 1018.8
0.39955 1018.8
0.39956 1018.8
0.39957 1018.8
0.39958 1018.8
0.39959 1018.8
0.39960 1018.8
0.39961 1018.8
0.39962 1018.8
0.39963 1018.8
0.39964 1018.8
0.39965 1018.8
0.39966 1018.8
0.39967 1018.8
0.39968 1018.8
0.39969 1018.8
0.39970 1018.8
0.39971 1018.8
0.39972 1018.8
0.39973 1018.8
0.39974 1018.8
0.39975 1018.8
0.39976 1018.8
0.39977 1018.8
0.39978 1018.8
0.39979 1018.8
0.39980 1018.8
0.39981 1018.8
0.39982 1018.8
0.39983 1018.8
0.39984 1018.8
0.39985 1018.8
0.39986 1018.8
0.39987 1018.8
0.39988 1018.8
0.39989 1018.8
0.39990 1018.8
0.39991 1018.8
0.39992 1018.8
0.39993 1018.8
0.39994 1018.8
0.39995 1018.8
0.39996 1018.8
0.39997 1018.8
0.39998 1018.8
0.39999 1018.8
0.40000 1018.8
0.40001 1018.8
0.40002 1018.8
0.40003 1018.8
0.40004 1018.8
0.40005 1018.8
0.40006 1018.8
0.40007 1018.8
0.40008 1018.8
0.40009 1018.8
0.40010 1018.8
0.40011 1018.8
0.40012 1018.8
0.40013 1018.8
0.40014 1018.8
0.40015 1018.8
0.40016 1018.8
0.40017 1018.8
0.40018 1018.8
0.40019 1018.8
0.40020 1018.8
0.40021 1018.8
0.40022 1018.8
0.40023 1018.8
0.40024 1018.8
0.40025 1018.8
0.40026 1018.8
0.40027 1018.8
0.40028 1018.8
0.40029 1018.8
0.40030 1018.8
0.40031 1018.8
0.40032 1018.8
0.40033 1018.8
0.40034 1018.8
0.40035 1018.8
0.40036 1018.8
0.40037 1018.8
0.40038 1018.8
0.40039 1018.8
0.40040 1018.8
0.40041 1018.8
0.40042 1018.8
0.40043 1018.8
0.40044 1018.8
0.40045 1018.8
0.40046 1018.8
0.40047 1018.8
0.40048 1018.8
0.40049 1018.8
0.40050 1018.8
0.40051 1018.8
0.40052 1018.8
0.40053 1018.8
0.40054 1018.8
0.40055 1018.8
0.40056 1018.8
0.40057 1018.8
0.40058 1018.8
0.40059 1018.8
0.40060 1018.8
0.40061 1018.8
0.40062 1018.8
0.40063 1018.8
0.40064 1018.8
0.40065 1018.8
0.40066 1018.8
0.40067 1018.8
0.40068 1018.8
0.40069 1018.8
0.40070 1018.8
0.40071 1018.8
0.40072 1018.8
0.40073 1018.8
0.40074 1018.8
0.40075 1018.8
0.40076 1018.8
0.40077 1018.8
0.40078 1018.8
0.40079 1018.8
0.40080 1018.8
0.40081 1018.8
0.40082 1018.8
0.40083 1018.8
0.40084 1018.8
0.40085 1018.8
0.40086 1018.8
0.40087 1018.8
0.40088 1018.8
0.40089 1018.8
0.40090 1018.8
0.40091 1018.8
0.40092 1018.8
0.40093 1018.8
0.40094 1018.8
0.40095 1018.8
0.40096 1018.8
0.40097 1018.8
0.40098 1018.8
0.40099 1018.8
0.40100 1018.8
0.40101 1037.4
0.40102 1056.2
0.40103 1075.4
0.40104 1094.8
0.40105 1114.5
0.40106 1134.5
0.40107 1154.8
0.40108 1175.4
0.40109 1196.3
0.40110 1217.5
0.40111 1239.0
0.40112 1260.9
0.40113 1283.0
0.40114 1305.5
0.40115 1328.4
0.40116 1351.6
0.40117 1375.1
0.40118 1399.1
0.40119 1423.3
0.40120 1448.0
0.40121 1473.1
0.40122 1498.6
0.40123 1524.5
0.40124 1550.9
0.40125 1577.7
0.40126 1605.1
0.40127 1632.9
0.40128 1661.4
0.40129 1690.5
0.40130 1720.2
0.40131 1750.6
0.40132 1781.9
0.40133 1814.0
0.40134 1847.1
0.40135 1881.2
0.40136 1916.6
0.40137 1953.3
0.40138 1991.6
0.40139 2031.6
0.40140 2073.7
0.40141 2118.0
0.40142 2164.9
0.40143 2214.9
0.40144 2268.5
0.40145 2326.1
0.40146 2388.6
0.40147 2456.8
0.40148 2531.6
0.40149 2614.3
0.40150 2706.4
0.40151 2759.8
0.40152 2823.8
0.40153 2900.0
0.40154 2990.1
0.40155 3096.1
0.40156 3220.5
0.40157 3366.1
0.40158 3536.0
0.40159 3733.9
0.40160 3963.5
0.40161 4228.2
0.40162 4530.7
0.40163 4871.5
0.40164 5248.3
0.40165 5653.7
0.40166 6075.8
0.40167 6498.1
0.40168 6903.3
0.40169 7276.3
0.40170 7607.5
0.40171 7893.0
0.40172 8133.4
0.40173 8332.1
0.40174 8493.5
0.40175 8622.5
0.40176 8723.1
0.40177 8799.2
0.40178 8853.7
0.40179 8889.3
0.40180 8908.0
0.40181 8911.7
0.40182 8901.7
0.40183 8879.2
0.40184 8845.3
0.40185 8800.7
0.40186 8746.1
0.40187 8682.3
0.40188 8609.7
0.40189 8528.8
0.40190 8440.1
0.40191 8344.0
0.40192 8240.9
0.40193 8131.3
0.40194 8015.5
0.40195 7894.1
0.40196 7767.3
0.40197 7635.6
0.40198 7499.5
0.40199 7359.5
0.40200 7215.9
0.40201 7069.2
0.40202 6920.0
0.40203 6768.6
0.40204 6615.6
0.40205 6461.4
0.40206 6306.5
0.40207 6151.3
0.40208 5996.2
0.40209 5841.8
0.40210 5688.3
0.40211 5536.2
0.40212 5385.8
0.40213 5237.5
0.40214 5091.4
0.40215 4948.1
0.40216 4807.5
0.40217 4670.1
0.40218 4535.9
0.40219 4405.1
0.40220 4277.9
0.40221 4154.4
0.40222 4034.6
0.40223 3918.6
0.40224 3806.5
0.40225 3698.1
0.40226 3593.6
0.40227 3492.9
0.40228 3395.9
0.40229 3302.6
0.40230 3213.0
0.40231 3126.9
0.40232 3044.2
0.40233 2964.9
0.40234 2888.8
0.40235 2815.9
0.40236 2746.0
0.40237 2679.0
0.40238 2614.8
0.40239 2553.4
0.40240 2494.5
0.40241 2438.0
0.40242 2384.0
0.40243 2332.1
0.40244 2282.5
0.40245 2234.9
0.40246 2189.2
0.40247 2145.4
0.40248 2103.4
0.40249 2063.0
0.40250 2024.3
0.40251 1987.0
0.40252 1951.2
0.40253 1916.8
0.40254 1883.8
0.40255 1851.9
0.40256 1821.3
0.40257 1791.8
0.40258 1763.3
0.40259 1735.9
0.40260 1709.5
0.40261 1684.1
0.40262 1659.5
0.40263 1635.8
0.40264 1612.9
0.40265 1590.9
0.40266 1569.6
0.40267 1549.0
0.40268 1529.1
0.40269 1509.9
0.40270 1491.4
0.40271 1473.5
0.40272 1456.2
0.40273 1439.5
0.40274 1423.4
0.40275 1407.8
0.40276 1392.8
0.40277 1378.3
0.40278 1364.2
0.40279 1350.7
0.40280 1337.6
0.40281 1325.0
0.40282 1312.8
0.40283 1301.1
0.40284 1289.7
0.40285 1278.8
0.40286 1268.2
0.40287 1258.0
0.40288 1248.2
0.40289 1238.7
0.40290 1229.6
0.40291 1220.7
0.40292 1212.2
0.40293 1204.0
0.40294 1196.1
0.40295 1188.5
0.40296 1181.1
0.40297 1174.0
0.40298 1167.2
0.40299 1160.6
0.40300 1154.2
0.40301 1148.1
0.40302 1142.2
0.40303 1136.5
0.40304 1130.9
0.40305 1125.6
0.40306 1120.5
0.40307 1115.5
0.40308 1110.8
0.40309 1106.1
0.40310 1101.7
0.40311 1097.4
0.40312 1093.2
0.40313 1089.2
0.40314 1085.3
0.40315 1081.6
0.40316 1078.0
0.40317 1074.5
0.40318 1071.1
0.40319 1067.8
0.40320 1064.6
0.40321 1061.6
0.40322 1058.6
0.40323 1055.8
0.40324 1053.0
0.40325 1050.3
0.40326 1047.7
0.40327 1045.2
0.40328 1042.8
0.40329 1040.4
0.40330 1038.2
0.40331 1036.0
0.40332 1033.8
0.40333 1031.8
0.40334 1029.8
0.40335 1027.8
0.40336 1025.9
0.40337 1024.1
0.40338 1022.3
0.40339 1020.6
0.40340 1019.0
0.40341 1017.3
0.40342 1015.8
0.40343 1014.3
0.40344 1012.8
0.40345 1011.4
0.40346 1010.0
0.40347 1008.6
0.40348 1007.3
0.40349 1006.1
0.40350 1004.8
0.40351 1003.6
0.40352 1002.5
0.40353 1001.3
0.40354 1000.3
0.40355 999.2
0.40356 998.2
0.40357 997.2
0.40358 996.2
0.40359 995.2
0.40360 994.3
0.40361 993.4
0.40362 992.5
0.40363 991.7
0.40364 990.9
0.40365 990.1
0.40366 989.3
0.40367 988.5
0.40368 987.8
0.40369 987.1
0.40370 986.4
0.40371 985.7
0.40372 985.1
0.40373 984.4
0.40374 983.8
0.40375 983.2
0.40376 982.6
0.40377 982.0
0.40378 981.5
0.40379 980.9
0.40380 980.4
0.40381 979.9
0.40382 979.4
0.40383 978.9
0.40384 978.4
0.40385 978.0
0.40386 977.5
0.40387 977.1
0.40388 976.6
0.40389 976.2
0.40390 975.8
0.40391 975.4
0.40392 975.0
0.40393 974.7
0.40394 974.3
0.40395 974.0
0.40396 973.6
0.40397 973.3
0.40398 972.9
0.40399 972.6
0.40400 972.3
0.40401 972.0
0.40402 971.7
0.40403 971.4
0.40404 971.1
0.40405 970.9
0.40406 970.6
0.40407 970.3
0.40408 970.1
0.40409 969.8
0.40410 969.6
0.40411 969.4
0.40412 969.1
0.40413 968.9
0.40414 968.7
0.40415 968.5
0.40416 968.3
0.40417 968.1
0.40418 967.9
0.40419 967.7
0.40420 967.5
0.40421 967.3
0.40422 967.2
0.40423 967.0
0.40424 966.8
0.40425 966.7
0.40426 966.5
0.40427 966.4
0.40428 966.2
0.40429 966.1
0.40430 965.9
0.40431 965.8
0.40432 965.7
0.40433 965.5
0.40434 965.4
0.40435 965.3
0.40436 965.2
0.40437 965.0
0.40438 964.9
0.40439 964.8
0.40440 964.7
0.40441 964.6
0.40442 964.5
0.40443 964.4
0.40444 964.3
0.40445 964.2
0.40446 964.1
0.40447 964.0
0.40448 963.9
0.40449 963.9
0.40450 963.8
0.40451 963.7
0.40452 963.6
0.40453 963.6
0.40454 963.5
0.40455 963.4
0.40456 963.4
0.40457 963.3
0.40458 963.2
0.40459 963.2
0.40460 963.1
0.40461 963.1
0.40462 963.0
0.40463 962.9
0.40464 962.9
0.40465 962.8
0.40466 962.8
0.40467 962.8
0.40468 962.7
0.40469 962.7
0.40470 962.6
0.40471 962.6
0.40472 962.6
0.40473 962.5
0.40474 962.5
0.40475 962.4
0.40476 962.4
0.40477 962.4
0.40478 962.4
0.40479 962.3
0.40480 962.3
0.40481 962.3
0.40482 962.3
0.40483 962.2
0.40484 962.2
0.40485 962.2
0.40486 962.2
0.40487 962.2
0.40488 962.1
0.40489 962.1
0.40490 962.1
0.40491 962.1
0.40492 962.1
0.40493 962.1
0.40494 962.1
0.40495 962.1
0.40496 962.0
0.40497 962.0
0.40498 962.0
0.40499 962.0
0.40500 962.0
0.40501 962.0
0.40502 962.0
0.40503 962.0
0.40504 962.0
0.40505 962.0
0.40506 962.0
0.40507 962.0
0.40508 962.0
0.40509 962.0
0.40510 962.0
0.40511 962.0
0.40512 962.0
0.40513 962.0
0.40514 962.1
0.40515 962.1
0.40516 962.1
0.40517 962.1
0.40518 962.1
0.40519 962.1
0.40520 962.1
0.40521 962.1
0.40522 962.1
0.40523 962.1
0.40524 962.2
0.40525 962.2
0.40526 962.2
0.40527 962.2
0.40528 962.2
0.40529 962.2
0.40530 962.3
0.40531 962.3
0.40532 962.3
0.40533 962.3
0.40534 962.3
0.40535 962.3
0.40536 962.4
0.40537 962.4
0.40538 962.4
0.40539 962.4
0.40540 962.5
0.40541 962.5
0.40542 962.5
0.40543 962.5
0.40544 962.5
0.40545 962.6
0.40546 962.6
0.40547 962.6
0.40548 962.6
0.40549 962.7
0.40550 962.7
0.40551 962.7
0.40552 962.8
0.40553 962.8
0.40554 962.8
0.40555 962.8
0.40556 962.9
0.40557 962.9
0.40558 962.9
0.40559 963.0
0.40560 963.0
0.40561 963.0
0.40562 963.0
0.40563 963.1
0.40564 963.1
0.40565 963.1
0.40566 963.2
0.40567 963.2
0.40568 963.2
0.40569 963.3
0.40570 963.3
0.40571 963.3
0.40572 963.4
0.40573 963.4
0.40574 963.4
0.40575 963.5
0.40576 963.5
0.40577 963.6
0.40578 963.6
0.40579 963.6
0.40580 963.7
0.40581 963.7
0.40582 963.7
0.40583 963.8
0.40584 963.8
0.40585 963.8
0.40586 963.9
0.40587 963.9
0.40588 964.0
0.40589 964.0
0.40590 964.0
0.40591 964.1
0.40592 964.1
0.40593 964.2
0.40594 964.2
0.40595 964.2
0.40596 964.3
0.40597 964.3
0.40598 964.4
0.40599 964.4
0.40600 964.4
0.40601 964.5
0.40602 964.5
0.40603 964.6
0.40604 964.6
0.40605 964.7
0.40606 964.7
0.40607 964.7
0.40608 964.8
0.40609 964.8
0.40610 964.9
0.40611 964.9
0.40612 965.0
0.40613 965.0
0.40614 965.0
0.40615 965.1
0.40616 965.1
0.40617 965.2
0.40618 965.2
0.40619 965.3
0.40620 965.3
0.40621 965.4
0.40622 965.4
0.40623 965.4
0.40624 965.5
0.40625 965.5
0.40626 965.6
0.40627 965.6
0.40628 965.7
0.40629 965.7
0.40630 965.8
0.40631 965.8
0.40632 965.9
0.40633 965.9
0.40634 966.0
0.40635 966.0
0.40636 966.1
0.40637 966.1
0.40638 966.1
0.40639 966.2
0.40640 966.2
0.40641 966.3
0.40642 966.3
0.40643 966.4
0.40644 966.4
0.40645 966.5
0.40646 966.5
0.40647 966.6
0.40648 966.6
0.40649 966.7
0.40650 966.7
0.40651 966.8
0.40652 966.8
0.40653 966.9
0.40654 966.9
0.40655 967.0
0.40656 967.0
0.40657 967.1
0.40658 967.1
0.40659 967.2
0.40660 967.2
0.40661 967.3
0.40662 967.3
0.40663 967.4
0.40664 967.4
0.40665 967.5
0.40666 967.5
0.40667 967.6
0.40668 967.6
0.40669 967.7
0.40670 967.7
0.40671 967.8
0.40672 967.8
0.40673 967.9
0.40674 967.9
0.40675 968.0
0.40676 968.1
0.40677 968.1
0.40678 968.2
0.40679 968.2
0.40680 968.3
0.40681 968.3
0.40682 968.4
0.40683 968.4
0.40684 968.5
0.40685 968.5
0.40686 968.6
0.40687 968.6
0.40688 968.7
0.40689 968.7
0.40690 968.8
0.40691 968.8
0.40692 968.9
0.40693 968.9
0.40694 969.0
0.40695 969.1
0.40696 969.1
0.40697 969.2
0.40698 969.2
0.40699 969.3
0.40700 969.3
0.40701 969.4
0.40702 969.4
0.40703 969.5
0.40704 969.5
0.40705 969.6
0.40706 969.6
0.40707 969.7
0.40708 969.8
0.40709 969.8
0.40710 969.9
0.40711 969.9
0.40712 970.0
0.40713 970.0
0.40714 970.1
0.40715 970.1
0.40716 970.2
0.40717 970.2
0.40718 970.3
0.40719 970.4
0.40720 970.4
0.40721 970.5
0.40722 970.5
0.40723 970.6
0.40724 970.6
0.40725 970.7
0.40726 970.7
0.40727 970.8
0.40728 970.9
0.40729 970.9
0.40730 971.0
0.40731 971.0
0.40732 971.1
0.40733 971.1
0.40734 971.2
0.40735 971.2
0.40736 971.3
0.40737 971.4
0.40738 971.4
0.40739 971.5
0.40740 971.5
0.40741 971.6
0.40742 971.6
0.40743 971.7
0.40744 971.7
0.40745 971.8
0.40746 971.9
0.40747 971.9
0.40748 972.0
0.40749 972.0
0.40750 972.1
0.40751 972.1
0.40752 972.2
0.40753 972.3
0.40754 972.3
0.40755 972.4
0.40756 972.4
0.40757 972.5
0.40758 972.5
0.40759 972.6
0.40760 972.6
0.40761 972.7
0.40762 972.8
0.40763 972.8
0.40764 972.9
0.40765 972.9
0.40766 973.0
0.40767 973.0
0.40768 973.1
0.40769 973.2
0.40770 973.2
0.40771 973.3
0.40772 973.3
0.40773 973.4
0.40774 973.4
0.40775 973.5
0.40776 973.6
0.40777 973.6
0.40778 973.7
0.40779 973.7
0.40780 973.8
0.40781 973.8
0.40782 973.9
0.40783 973.9
0.40784 974.0
0.40785 974.1
0.40786 974.1
0.40787 974.2
0.40788 974.2
0.40789 974.3
0.40790 974.3
0.40791 974.4
0.40792 974.5
0.40793 974.5
0.40794 974.6
0.40795 974.6
0.40796 974.7
0.40797 974.7
0.40798 974.8
0.40799 974.9
0.40800 974.9
0.40801 975.0
0.40802 975.0
0.40803 975.1
0.40804 975.1
0.40805 975.2
0.40806 975.3
0.40807 975.3
0.40808 975.4
0.40809 975.4
0.40810 975.5
0.40811 975.5
0.40812 975.6
0.40813 975.7
0.40814 975.7
0.40815 975.8
0.40816 975.8
0.40817 975.9
0.40818 975.9
0.40819 976.0
0.40820 976.1
0.40821 976.1
0.40822 976.2
0.40823 976.2
0.40824 976.3
0.40825 976.3
0.40826 976.4
0.40827 976.5
0.40828 976.5
0.40829 976.6
0.40830 976.6
0.40831 976.7
0.40832 976.7
0.40833 976.8
0.40834 976.9
0.40835 976.9
0.40836 977.0
0.40837 977.0
0.40838 977.1
0.40839 977.1
0.40840 977.2
0.40841 977.3
0.40842 977.3
0.40843 977.4
0.40844 977.4
0.40845 977.5
0.40846 977.5
0.40847 977.6
0.40848 977.6
0.40849 977.7
0.40850 977.8
0.40851 977.8
0.40852 977.9
0.40853 977.9
0.40854 978.0
0.40855 978.0
0.40856 978.1
0.40857 978.2
0.40858 978.2
0.40859 978.3
0.40860 978.3
0.40861 978.4
0.40862 978.4
0.40863 978.5
0.40864 978.6
0.40865 978.6
0.40866 978.7
0.40867 978.7
0.40868 978.8
0.40869 978.8
0.40870 978.9
0.40871 979.0
0.40872 979.0
0.40873 979.1
0.40874 979.1
0.40875 979.2
0.40876 979.2
0.40877 979.3
0.40878 979.3
0.40879 979.4
0.40880 979.5
0.40881 979.5
0.40882 979.6
0.40883 979.6
0.40884 979.7
0.40885 979.7
0.40886 979.8
0.40887 979.8
0.40888 979.9
0.40889 980.0
0.40890 980.0
0.40891 980.1
0.40892 980.1
0.40893 980.2
0.40894 980.2
0.40895 980.3
0.40896 980.4
0.40897 980.4
0.40898 980.5
0.40899 980.5
0.40900 980.6
0.40901 980.6
0.40902 980.7
0.40903 980.7
0.40904 980.8
0.40905 980.9
0.40906 980.9
0.40907 981.0
0.40908 981.0
0.40909 981.1
0.40910 981.1
0.40911 981.2
0.40912 981.2
0.40913 981.3
0.40914 981.4
0.40915 981.4
0.40916 981.5
0.40917 981.5
0.40918 981.6
0.40919 981.6
0.40920 981.7
0.40921 981.7
0.40922 981.8
0.40923 981.8
0.40924 981.9
0.40925 982.0
0.40926 982.0
0.40927 982.1
0.40928 982.1
0.40929 982.2
0.40930 982.2
0.40931 982.3
0.40932 982.3
0.40933 982.4
0.40934 982.4
0.40935 982.5
0.40936 982.6
0.40937 982.6
0.40938 982.7
0.40939 982.7
0.40940 982.8
0.40941 982.8
0.40942 982.9
0.40943 982.9
0.40944 983.0
0.40945 983.0
0.40946 983.1
0.40947 983.2
0.40948 983.2
0.40949 983.3
0.40950 983.3
0.40951 983.4
0.40952 983.4
0.40953 983.5
0.40954 983.5
0.40955 983.6
0.40956 983.6
0.40957 983.7
0.40958 983.7
0.40959 983.8
0.40960 983.9
0.40961 983.9
0.40962 984.0
0.40963 984.0
0.40964 984.1
0.40965 984.1
0.40966 984.2
0.40967 984.2
0.40968 984.3
0.40969 984.3
0.40970 984.4
0.40971 984.4
0.40972 984.5
0.40973 984.5
0.40974 984.6
0.40975 984.6
0.40976 984.7
0.40977 984.8
0.40978 984.8
0.40979 984.9
0.40980 984.9
0.40981 985.0
0.40982 985.0
0.40983 985.1
0.40984 985.1
0.40985 985.2
0.40986 985.2
0.40987 985.3
0.40988 985.3
0.40989 985.4
0.40990 985.4
0.40991 985.5
0.40992 985.5
0.40993 985.6
0.40994 985.6
0.40995 985.7
0.40996 985.7
0.40997 985.8
0.40998 985.9
0.40999 985.9
0.41000 986.0
0.41001 986.0
0.41002 986.1
0.41003 986.1
0.41004 986.2
0.41005 986.2
0.41006 986.3
0.41007 986.3
0.41008 986.4
0.41009 986.4
0.41010 986.5
0.41011 986.5
0.41012 986.6
0.41013 986.6
0.41014 986.7
0.41015 986.7
0.41016 986.8
0.41017 986.8
0.41018 986.9
0.41019 986.9
0.41020 987.0
0.41021 987.0
0.41022 987.1
0.41023 987.1
0.41024 987.2
0.41025 987.2
0.41026 987.3
0.41027 987.3
0.41028 987.4
0.41029 987.4
0.41030 987.5
0.41031 987.5
0.41032 987.6
0.41033 987.6
0.41034 987.7
0.41035 987.7
0.41036 987.8
0.41037 987.8
0.41038 987.9
0.41039 987.9
0.41040 988.0
0.41041 988.0
0.41042 988.1
0.41043 988.1
0.41044 988.2
0.41045 988.2
0.41046 988.3
0.41047 988.3
0.41048 988.4
0.41049 988.4
0.41050 988.5
0.41051 988.5
0.41052 988.6
0.41053 988.6
0.41054 988.7
0.41055 988.7
0.41056 988.8
0.41057 988.8
0.41058 988.9
0.41059 988.9
0.41060 989.0
0.41061 989.0
0.41062 989.1
0.41063 989.1
0.41064 989.2
0.41065 989.2
0.41066 989.3
0.41067 989.3
0.41068 989.3
0.41069 989.4
0.41070 989.4
0.41071 989.5
0.41072 989.5
0.41073 989.6
0.41074 989.6
0.41075 989.7
0.41076 989.7
0.41077 989.8
0.41078 989.8
0.41079 989.9
0.41080 989.9
0.41081 990.0
0.41082 990.0
0.41083 990.1
0.41084 990.1
0.41085 990.2
0.41086 990.2
0.41087 990.3
0.41088 990.3
0.41089 990.3
0.41090 990.4
0.41091 990.4
0.41092 990.5
0.41093 990.5
0.41094 990.6
0.41095 990.6
0.41096 990.7
0.41097 990.7
0.41098 990.8
0.41099 990.8
0.41100 990.9
0.41101 990.9
0.41102 991.0
0.41103 991.0
0.41104 991.0
0.41105 991.1
0.41106 991.1
0.41107 991.2
0.41108 991.2
0.41109 991.3
0.41110 991.3
0.41111 991.4
0.41112 991.4
0.41113 991.5
0.41114 991.5
0.41115 991.6
0.41116 991.6
0.41117 991.6
0.41118 991.7
0.41119 991.7
0.41120 991.8
0.41121 991.8
0.41122 991.9
0.41123 991.9
0.41124 992.0
0.41125 992.0
0.41126 992.0
0.41127 992.1
0.41128 992.1
0.41129 992.2
0.41130 992.2
0.41131 992.3
0.41132 992.3
0.41133 992.4
0.41134 992.4
0.41135 992.4
0.41136 992.5
0.41137 992.5
0.41138 992.6
0.41139 992.6
0.41140 992.7
0.41141 992.7
0.41142 992.8
0.41143 992.8
0.41144 992.8
0.41145 992.9
0.41146 992.9
0.41147 993.0
0.41148 993.0
0.41149 993.1
0.41150 993.1
0.41151 993.2
0.41152 993.2
0.41153 993.2
0.41154 993.3
0.41155 993.3
0.41156 993.4
0.41157 993.4
0.41158 993.5
0.41159 993.5
0.41160 993.5
0.41161 993.6
0.41162 993.6
0.41163 993.7
0.41164 993.7
0.41165 993.8
0.41166 993.8
0.41167 993.8
0.41168 993.9
0.41169 993.9
0.41170 994.0
0.41171 994.0
0.41172 994.1
0.41173 994.1
0.41174 994.1
0.41175 994.2
0.41176 994.2
0.41177 994.3
0.41178 994.3
0.41179 994.3
0.41180 994.4
0.41181 994.4
0.41182 994.5
0.41183 994.5
0.41184 994.6
0.41185 994.6
0.41186 994.6
0.41187 994.7
0.41188 994.7
0.41189 994.8
0.41190 994.8
0.41191 994.8
0.41192 994.9
0.41193 994.9
0.41194 995.0
0.41195 995.0
0.41196 995.0
0.41197 995.1
0.41198 995.1
0.41199 995.2
0.41200 995.2
0.41201 995.2
0.41202 995.3
0.41203 995.3
0.41204 995.4
0.41205 995.4
0.41206 995.5
0.41207 995.5
0.41208 995.5
0.41209 995.6
0.41210 995.6
0.41211 995.7
0.41212 995.7
0.41213 995.7
0.41214 995.8
0.41215 995.8
0.41216 995.9
0.41217 995.9
0.41218 995.9
0.41219 996.0
0.41220 996.0
0.41221 996.0
0.41222 996.1
0.41223 996.1
0.41224 996.2
0.41225 996.2
0.41226 996.2
0.41227 996.3
0.41228 996.3
0.41229 996.4
0.41230 996.4
0.41231 996.4
0.41232 996.5
0.41233 996.5
0.41234 996.6
0.41235 996.6
0.41236 996.6
0.41237 996.7
0.41238 996.7
0.41239 996.7
0.41240 996.8
0.41241 996.8
0.41242 996.9
0.41243 996.9
0.41244 996.9
0.41245 997.0
0.41246 997.0
0.41247 997.1
0.41248 997.1
0.41249 997.1
0.41250 997.2
0.41251 997.2
0.41252 997.2
0.41253 997.3
0.41254 997.3
0.41255 997.4
0.41256 997.4
0.41257 997.4
0.41258 997.5
0.41259 997.5
0.41260 997.5
0.41261 997.6
0.41262 997.6
0.41263 997.6
0.41264 997.7
0.41265 997.7
0.41266 997.8
0.41267 997.8
0.41268 997.8
0.41269 997.9
0.41270 997.9
0.41271 997.9
0.41272 998.0
0.41273 998.0
0.41274 998.1
0.41275 998.1
0.41276 998.1
0.41277 998.2
0.41278 998.2
0.41279 998.2
0.41280 998.3
0.41281 998.3
0.41282 998.3
0.41283 998.4
0.41284 998.4
0.41285 998.4
0.41286 998.5
0.41287 998.5
0.41288 998.6
0.41289 998.6
0.41290 998.6
0.41291 998.7
0.41292 998.7
0.41293 998.7
0.41294 998.8
0.41295 998.8
0.41296 998.8
0.41297 998.9
0.41298 998.9
0.41299 998.9
0.41300 999.0
0.41301 999.0
0.41302 999.0
0.41303 999.1
0.41304 999.1
0.41305 999.2
0.41306 999.2
0.41307 999.2
0.41308 999.3
0.41309 999.3
0.41310 999.3
0.41311 999.4
0.41312 999.4
0.41313 999.4
0.41314 999.5
0.41315 999.5
0.41316 999.5
0.41317 999.6
0.41318 999.6
0.41319 999.6
0.41320 999.7
0.41321 999.7
0.41322 999.7
0.41323 999.8
0.41324 999.8
0.41325 999.8
0.41326 999.9
0.41327 999.9
0.41328 999.9
0.41329 1000.0
0.41330 1000.0
0.41331 1000.0
0.41332 1000.1
0.41333 1000.1
0.41334 1000.1
0.41335 1000.2
0.41336 1000.2
0.41337 1000.2
0.41338 1000.3
0.41339 1000.3
0.41340 1000.3
0.41341 1000.4
0.41342 1000.4
0.41343 1000.4
0.41344 1000.5
0.41345 1000.5
0.41346 1000.5
0.41347 1000.6
0.41348 1000.6
0.41349 1000.6
0.41350 1000.7
0.41351 1000.7
0.41352 1000.7
0.41353 1000.7
0.41354 1000.8
0.41355 1000.8
0.41356 1000.8
0.41357 1000.9
0.41358 1000.9
0.41359 1000.9
0.41360 1001.0
0.41361 1001.0
0.41362 1001.0
0.41363 1001.1
0.41364 1001.1
0.41365 1001.1
0.41366 1001.2
0.41367 1001.2
0.41368 1001.2
0.41369 1001.3
0.41370 1001.3
0.41371 1001.3
0.41372 1001.3
0.41373 1001.4
0.41374 1001.4
0.41375 1001.4
0.41376 1001.5
0.41377 1001.5
0.41378 1001.5
0.41379 1001.6
0.41380 1001.6
0.41381 1001.6
0.41382 1001.7
0.41383 1001.7
0.41384 1001.7
0.41385 1001.7
0.41386 1001.8
0.41387 1001.8
0.41388 1001.8
0.41389 1001.9
0.41390 1001.9
0.41391 1001.9
0.41392 1002.0
0.41393 1002.0
0.41394 1002.0
0.41395 1002.0
0.41396 1002.1
0.41397 1002.1
0.41398 1002.1
0.41399 1002.2
0.41400 1002.2
0.41401 1002.2
0.41402 1002.3
0.41403 1002.3
0.41404 1002.3
0.41405 1002.3
0.41406 1002.4
0.41407 1002.4
0.41408 1002.4
0.41409 1002.5
0.41410 1002.5
0.41411 1002.5
0.41412 1002.5
0.41413 1002.6
0.41414 1002.6
0.41415 1002.6
0.41416 1002.7
0.41417 1002.7
0.41418 1002.7
0.41419 1002.7
0.41420 1002.8
0.41421 1002.8
0.41422 1002.8
0.41423 1002.9
0.41424 1002.9
0.41425 1002.9
0.41426 1002.9
0.41427 1003.0
0.41428 1003.0
0.41429 1003.0
0.41430 1003.1
0.41431 1003.1
0.41432 1003.1
0.41433 1003.1
0.41434 1003.2
0.41435 1003.2
0.41436 1003.2
0.41437 1003.3
0.41438 1003.3
0.41439 1003.3
0.41440 1003.3
0.41441 1003.4
0.41442 1003.4
0.41443 1003.4
0.41444 1003.4
0.41445 1003.5
0.41446 1003.5
0.41447 1003.5
0.41448 1003.6
0.41449 1003.6
0.41450 1003.6
0.41451 1003.6
0.41452 1003.7
0.41453 1003.7
0.41454 1003.7
0.41455 1003.7
0.41456 1003.8
0.41457 1003.8
0.41458 1003.8
0.41459 1003.9
0.41460 1003.9
0.41461 1003.9
0.41462 1003.9
0.41463 1004.0
0.41464 1004.0
0.41465 1004.0
0.41466 1004.0
0.41467 1004.1
0.41468 1004.1
0.41469 1004.1
0.41470 1004.1
0.41471 1004.2
0.41472 1004.2
0.41473 1004.2
0.41474 1004.2
0.41475 1004.3
0.41476 1004.3
0.41477 1004.3
0.41478 1004.3
0.41479 1004.4
0.41480 1004.4
0.41481 1004.4
0.41482 1004.5
0.41483 1004.5
0.41484 1004.5
0.41485 1004.5
0.41486 1004.6
0.41487 1004.6
0.41488 1004.6
0.41489 1004.6
0.41490 1004.7
0.41491 1004.7
0.41492 1004.7
0.41493 1004.7
0.41494 1004.8
0.41495 1004.8
0.41496 1004.8
0.41497 1004.8
0.41498 1004.9
0.41499 1004.9
0.41500 1004.9
0.41501 1004.9
0.41502 1005.0
0.41503 1005.0
0.41504 1005.0
0.41505 1005.0
0.41506 1005.1
0.41507 1005.1
0.41508 1005.1
0.41509 1005.1
0.41510 1005.2
0.41511 1005.2
0.41512 1005.2
0.41513 1005.2
0.41514 1005.2
0.41515 1005.3
0.41516 1005.3
0.41517 1005.3
0.41518 1005.3
0.41519 1005.4
0.41520 1005.4
0.41521 1005.4
0.41522 1005.4
0.41523 1005.5
0.41524 1005.5
0.41525 1005.5
0.41526 1005.5
0.41527 1005.6
0.41528 1005.6
0.41529 1005.6
0.41530 1005.6
0.41531 1005.7
0.41532 1005.7
0.41533 1005.7
0.41534 1005.7
0.41535 1005.7
0.41536 1005.8
0.41537 1005.8
0.41538 1005.8
0.41539 1005.8
0.41540 1005.9
0.41541 1005.9
0.41542 1005.9
0.41543 1005.9
0.41544 1006.0
0.41545 1006.0
0.41546 1006.0
0.41547 1006.0
0.41548 1006.0
0.41549 1006.1
0.41550 1006.1
0.41551 1006.1
0.41552 1006.1
0.41553 1006.2
0.41554 1006.2
0.41555 1006.2
0.41556 1006.2
0.41557 1006.2
0.41558 1006.3
0.41559 1006.3
0.41560 1006.3
0.41561 1006.3
0.41562 1006.4
0.41563 1006.4
0.41564 1006.4
0.41565 1006.4
0.41566 1006.4
0.41567 1006.5
0.41568 1006.5
0.41569 1006.5
0.41570 1006.5
0.41571 1006.6
0.41572 1006.6
0.41573 1006.6
0.41574 1006.6
0.41575 1006.6
0.41576 1006.7
0.41577 1006.7
0.41578 1006.7
0.41579 1006.7
0.41580 1006.8
0.41581 1006.8
0.41582 1006.8
0.41583 1006.8
0.41584 1006.8
0.41585 1006.9
0.41586 1006.9
0.41587 1006.9
0.41588 1006.9
0.41589 1006.9
0.41590 1007.0
0.41591 1007.0
0.41592 1007.0
0.41593 1007.0
0.41594 1007.1
0.41595 1007.1
0.41596 1007.1
0.41597 1007.1
0.41598 1007.1
0.41599 1007.2
0.41600 1007.2
0.41601 1007.2
0.41602 1007.2
0.41603 1007.2
0.41604 1007.3
0.41605 1007.3
0.41606 1007.3
0.41607 1007.3
0.41608 1007.3
0.41609 1007.4
0.41610 1007.4
0.41611 1007.4
0.41612 1007.4
0.41613 1007.4
0.41614 1007.5
0.41615 1007.5
0.41616 1007.5
0.41617 1007.5
0.41618 1007.5
0.41619 1007.6
0.41620 1007.6
0.41621 1007.6
0.41622 1007.6
0.41623 1007.6
0.41624 1007.7
0.41625 1007.7
0.41626 1007.7
0.41627 1007.7
0.41628 1007.7
0.41629 1007.8
0.41630 1007.8
0.41631 1007.8
0.41632 1007.8
0.41633 1007.8
0.41634 1007.9
0.41635 1007.9
0.41636 1007.9
0.41637 1007.9
0.41638 1007.9
0.41639 1008.0
0.41640 1008.0
0.41641 1008.0
0.41642 1008.0
0.41643 1008.0
0.41644 1008.1
0.41645 1008.1
0.41646 1008.1
0.41647 1008.1
0.41648 1008.1
0.41649 1008.1
0.41650 1008.2
0.41651 1008.2
0.41652 1008.2
0.41653 1008.2
0.41654 1008.2
0.41655 1008.3
0.41656 1008.3
0.41657 1008.3
0.41658 1008.3
0.41659 1008.3
0.41660 1008.4
0.41661 1008.4
0.41662 1008.4
0.41663 1008.4
0.41664 1008.4
0.41665 1008.4
0.41666 1008.5
0.41667 1008.5
0.41668 1008.5
0.41669 1008.5
0.41670 1008.5
0.41671 1008.6
0.41672 1008.6
0.41673 1008.6
0.41674 1008.6
0.41675 1008.6
0.41676 1008.6
0.41677 1008.7
0.41678 1008.7
0.41679 1008.7
0.41680 1008.7
0.41681 1008.7
0.41682 1008.8
0.41683 1008.8
0.41684 1008.8
0.41685 1008.8
0.41686 1008.8
0.41687 1008.8
0.41688 1008.9
0.41689 1008.9
0.41690 1008.9
0.41691 1008.9
0.41692 1008.9
0.41693 1008.9
0.41694 1009.0
0.41695 1009.0
0.41696 1009.0
0.41697 1009.0
0.41698 1009.0
0.41699 1009.0
0.41700 1009.1
0.41701 1009.1
0.41702 1009.1
0.41703 1009.1
0.41704 1009.1
0.41705 1009.2
0.41706 1009.2
0.41707 1009.2
0.41708 1009.2
0.41709 1009.2
0.41710 1009.2
0.41711 1009.3
0.41712 1009.3
0.41713 1009.3
0.41714 1009.3
0.41715 1009.3
0.41716 1009.3
0.41717 1009.4
0.41718 1009.4
0.41719 1009.4
0.41720 1009.4
0.41721 1009.4
0.41722 1009.4
0.41723 1009.5
0.41724 1009.5
0.41725 1009.5
0.41726 1009.5
0.41727 1009.5
0.41728 1009.5
0.41729 1009.6
0.41730 1009.6
0.41731 1009.6
0.41732 1009.6
0.41733 1009.6
0.41734 1009.6
0.41735 1009.6
0.41736 1009.7
0.41737 1009.7
0.41738 1009.7
0.41739 1009.7
0.41740 1009.7
0.41741 1009.7
0.41742 1009.8
0.41743 1009.8
0.41744 1009.8
0.41745 1009.8
0.41746 1009.8
0.41747 1009.8
0.41748 1009.9
0.41749 1009.9
0.41750 1009.9
0.41751 1009.9
0.41752 1009.9
0.41753 1009.9
0.41754 1009.9
0.41755 1010.0
0.41756 1010.0
0.41757 1010.0
0.41758 1010.0
0.41759 1010.0
0.41760 1010.0
0.41761 1010.1
0.41762 1010.1
0.41763 1010.1
0.41764 1010.1
0.41765 1010.1
0.41766 1010.1
0.41767 1010.1
0.41768 1010.2
0.41769 1010.2
0.41770 1010.2
0.41771 1010.2
0.41772 1010.2
0.41773 1010.2
0.41774 1010.3
0.41775 1010.3
0.41776 1010.3
0.41777 1010.3
0.41778 1010.3
0.41779 1010.3
0.41780 1010.3
0.41781 1010.4
0.41782 1010.4
0.41783 1010.4
0.41784 1010.4
0.41785 1010.4
0.41786 1010.4
0.41787 1010.4
0.41788 1010.5
0.41789 1010.5
0.41790 1010.5
0.41791 1010.5
0.41792 1010.5
0.41793 1010.5
0.41794 1010.5
0.41795 1010.6
0.41796 1010.6
0.41797 1010.6
0.41798 1010.6
0.41799 1010.6
0.41800 1010.6
0.41801 1010.6
0.41802 1010.7
0.41803 1010.7
0.41804 1010.7
0.41805 1010.7
0.41806 1010.7
0.41807 1010.7
0.41808 1010.7
0.41809 1010.8
0.41810 1010.8
0.41811 1010.8
0.41812 1010.8
0.41813 1010.8
0.41814 1010.8
0.41815 1010.8
0.41816 1010.9
0.41817 1010.9
0.41818 1010.9
0.41819 1010.9
0.41820 1010.9
0.41821 1010.9
0.41822 1010.9
0.41823 1011.0
0.41824 1011.0
0.41825 1011.0
0.41826 1011.0
0.41827 1011.0
0.41828 1011.0
0.41829 1011.0
0.41830 1011.0
0.41831 1011.1
0.41832 1011.1
0.41833 1011.1
0.41834 1011.1
0.41835 1011.1
0.41836 1011.1
0.41837 1011.1
0.41838 1011.2
0.41839 1011.2
0.41840 1011.2
0.41841 1011.2
0.41842 1011.2
0.41843 1011.2
0.41844 1011.2
0.41845 1011.2
0.41846 1011.3
0.41847 1011.3
0.41848 1011.3
0.41849 1011.3
0.41850 1011.3
0.41851 1011.3
0.41852 1011.3
0.41853 1011.3
0.41854 1011.4
0.41855 1011.4
0.41856 1011.4
0.41857 1011.4
0.41858 1011.4
0.41859 1011.4
0.41860 1011.4
0.41861 1011.5
0.41862 1011.5
0.41863 1011.5
0.41864 1011.5
0.41865 1011.5
0.41866 1011.5
0.41867 1011.5
0.41868 1011.5
0.41869 1011.6
0.41870 1011.6
0.41871 1011.6
0.41872 1011.6
0.41873 1011.6
0.41874 1011.6
0.41875 1011.6
0.41876 1011.6
0.41877 1011.7
0.41878 1011.7
0.41879 1011.7
0.41880 1011.7
0.41881 1011.7
0.41882 1011.7
0.41883 1011.7
0.41884 1011.7
0.41885 1011.7
0.41886 1011.8
0.41887 1011.8
0.41888 1011.8
0.41889 1011.8
0.41890 1011.8
0.41891 1011.8
0.41892 1011.8
0.41893 1011.8
0.41894 1011.9
0.41895 1011.9
0.41896 1011.9
0.41897 1011.9
0.41898 1011.9
0.41899 1011.9
0.41900 1011.9
0.41901 1011.9
0.41902 1012.0
0.41903 1012.0
0.41904 1012.0
0.41905 1012.0
0.41906 1012.0
0.41907 1012.0
0.41908 1012.0
0.41909 1012.0
0.41910 1012.0
0.41911 1012.1
0.41912 1012.1
0.41913 1012.1
0.41914 1012.1
0.41915 1012.1
0.41916 1012.1
0.41917 1012.1
0.41918 1012.1
0.41919 1012.1
0.41920 1012.2
0.41921 1012.2
0.41922 1012.2
0.41923 1012.2
0.41924 1012.2
0.41925 1012.2
0.41926 1012.2
0.41927 1012.2
0.41928 1012.3
0.41929 1012.3
0.41930 1012.3
0.41931 1012.3
0.41932 1012.3
0.41933 1012.3
0.41934 1012.3
0.41935 1012.3
0.41936 1012.3
0.41937 1012.3
0.41938 1012.4
0.41939 1012.4
0.41940 1012.4
0.41941 1012.4
0.41942 1012.4
0.41943 1012.4
0.41944 1012.4
0.41945 1012.4
0.41946 1012.4
0.41947 1012.5
0.41948 1012.5
0.41949 1012.5
0.41950 1012.5
0.41951 1012.5
0.41952 1012.5
0.41953 1012.5
0.41954 1012.5
0.41955 1012.5
0.41956 1012.6
0.41957 1012.6
0.41958 1012.6
0.41959 1012.6
0.41960 1012.6
0.41961 1012.6
0.41962 1012.6
0.41963 1012.6
0.41964 1012.6
0.41965 1012.6
0.41966 1012.7
0.41967 1012.7
0.41968 1012.7
0.41969 1012.7
0.41970 1012.7
0.41971 1012.7
0.41972 1012.7
0.41973 1012.7
0.41974 1012.7
0.41975 1012.8
0.41976 1012.8
0.41977 1012.8
0.41978 1012.8
0.41979 1012.8
0.41980 1012.8
0.41981 1012.8
0.41982 1012.8
0.41983 1012.8
0.41984 1012.8
0.41985 1012.9
0.41986 1012.9
0.41987 1012.9
0.41988 1012.9
0.41989 1012.9
0.41990 1012.9
0.41991 1012.9
0.41992 1012.9
0.41993 1012.9
0.41994 1012.9
0.41995 1013.0
0.41996 1013.0
0.41997 1013.0
0.41998 1013.0
0.41999 1013.0
0.42000 1018.8
0.42001 1018.8
0.42002 1018.8
0.42003 1018.8
0.42004 1018.8
0.42005 1018.8
0.42006 1018.8
0.42007 1018.8
0.42008 1018.8
0.42009 1018.8
0.42010 1018.8
0.42011 1018.8
0.42012 1018.8
0.42013 1018.8
0.42014 1018.8
0.42015 1018.8
0.42016 1018.8
0.42017 1018.8
0.42018 1018.8
0.42019 1018.8
0.42020 1018.8
0.42021 1018.8
0.42022 1018.8
0.42023 1018.8
0.42024 1018.8
0.42025 1018.8
0.42026 1018.8
0.42027 1018.8
0.42028 1018.8
0.42029 1018.8
0.42030 1018.8
0.42031 1018.8
0.42032 1018.8
0.42033 1018.8
0.42034 1018.8
0.42035 1018.8
0.42036 1018.8
0.42037 1018.8
0.42038 1018.8
0.42039 1018.8
0.42040 1018.8
0.42041 1018.8
0.42042 1018.8
0.42043 1018.8
0.42044 1018.8
0.42045 1018.8
0.42046 1018.8
0.42047 1018.8
0.42048 1018.8
0.42049 1018.8
0.42050 1018.8
0.42051 1018.8
0.42052 1018.8
0.42053 1018.8
0.42054 1018.8
0.42055 1018.8
0.42056 1018.8
0.42057 1018.8
0.42058 1018.8
0.42059 1018.8
0.42060 1018.8
0.42061 1018.8
0.42062 1018.8
0.42063 1018.8
0.42064 1018.8
0.42065 1018.8
0.42066 1018.8
0.42067 1018.8
0.42068 1018.8
0.42069 1018.8
0.42070 1018.8
0.42071 1018.8
0.42072 1018.8
0.42073 1018.8
0.42074 1018.8
0.42075 1018.8
0.42076 1018.8
0.42077 1018.8
0.42078 1018.8
0.42079 1018.8
0.42080 1018.8
0.42081 1018.8
0.42082 1018.8
0.42083 1018.8
0.42084 1018.8
0.42085 1018.8
0.42086 1018.8
0.42087 1018.8
0.42088 1018.8
0.42089 1018.8
0.42090 1018.8
0.42091 1018.8
0.42092 1018.8
0.42093 1018.8
0.42094 1018.8
0.42095 1018.8
0.42096 1018.8
0.42097 1018.8
0.42098 1018.8
0.42099 1018.8
0.42100 1018.8
0.42101 1018.8
0.42102 1018.8
0.42103 1018.8
0.42104 1018.8
0.42105 1018.8
0.42106 1018.8
0.42107 1018.8
0.42108 1018.8
0.42109 1018.8
0.42110 1018.8
0.42111 1018.8
0.42112 1018.8
0.42113 1018.8
0.42114 1018.8
0.42115 1018.8
0.42116 1018.8
0.42117 1018.8
0.42118 1018.8
0.42119 1018.8
0.42120 1018.8
0.42121 1018.8
0.42122 1018.8
0.42123 1018.8
0.42124 1018.8
0.42125 1018.8
0.42126 1018.8
0.42127 1018.8
0.42128 1018.8
0.42129 1018.8
0.42130 1018.8
0.42131 1018.8
0.42132 1018.8
0.42133 1018.8
0.42134 1018.8
0.42135 1018.8
0.42136 1018.8
0.42137 1018.8
0.42138 1018.8
0.42139 1018.8
0.42140 1018.8
0.42141 1018.8
0.42142 1018.8
0.42143 1018.8
0.42144 1018.8
0.42145 1018.8
0.42146 1018.8
0.42147 1018.8
0.42148 1018.8
0.42149 1018.8
0.42150 1018.8
0.42151 1018.8
0.42152 1018.8
0.42153 1018.8
0.42154 1018.8
0.42155 1018.8
0.42156 1018.8
0.42157 1018.8
0.42158 1018.8
0.42159 1018.8
0.42160 1018.8
0.42161 1018.8
0.42162 1018.8
0.42163 1018.8
0.42164 1018.8
0.42165 1018.8
0.42166 1018.8
0.42167 1018.8
0.42168 1018.8
0.42169 1018.8
0.42170 1018.8
0.42171 1018.8
0.42172 1018.8
0.42173 1018.8
0.42174 1018.8
0.42175 1018.8
0.42176 1018.8
0.42177 1018.8
0.42178 1018.8
0.42179 1018.8
0.42180 1018.8
0.42181 1018.8
0.42182 1018.8
0.42183 1018.8
0.42184 1018.8
0.42185 1018.8
0.42186 1018.8
0.42187 1018.8
0.42188 1018.8
0.42189 1018.8
0.42190 1018.8
0.42191 1018.8
0.42192 1018.8
0.42193 1018.8
0.42194 1018.8
0.42195 1018.8
0.42196 1018.8
0.42197 1018.8
0.42198 1018.8
0.42199 1018.8
0.42200 1018.8
0.42201 1018.8
0.42202 1018.8
0.42203 1018.8
0.42204 1018.8
0.42205 1018.8
0.42206 1018.8
0.42207 1018.8
0.42208 1018.8
0.42209 1018.8
0.42210 1018.8
0.42211 1018.8
0.42212 1018.8
0.42213 1018.8
0.42214 1018.8
0.42215 1018.8
0.42216 1018.8
0.42217 1018.8
0.42218 1018.8
0.42219 1018.8
0.42220 1018.8
0.42221 1018.8
0.42222 1018.8
0.42223 1018.8
0.42224 1018.8
0.42225 1018.8
0.42226 1018.8
0.42227 1018.8
0.42228 1018.8
0.42229 1018.8
0.42230 1018.8
0.42231 1018.8
0.42232 1018.8
0.42233 1018.8
0.42234 1018.8
0.42235 1018.8
0.42236 1018.8
0.42237 1018.8
0.42238 1018.8
0.42239 1018.8
0.42240 1018.8
0.42241 1018.8
0.42242 1018.8
0.42243 1018.8
0.42244 1018.8
0.42245 1018.8
0.42246 1018.8
0.42247 1018.8
0.42248 1018.8
0.42249 1018.8
0.42250 1018.8
0.42251 1018.8
0.42252 1018.8
0.42253 1018.8
0.42254 1018.8
0.42255 1018.8
0.42256 1018.8
0.42257 1018.8
0.42258 1018.8
0.42259 1018.8
0.42260 1018.8
0.42261 1018.8
0.42262 1018.8
0.42263 1018.8
0.42264 1018.8
0.42265 1018.8
0.42266 1018.8
0.42267 1018.8
0.42268 1018.8
0.42269 1018.8
0.42270 1018.8
0.42271 1018.8
0.42272 1018.8
0.42273 1018.8
0.42274 1018.8
0.42275 1018.8
0.42276 1018.8
0.42277 1018.8
0.42278 1018.8
0.42279 1018.8
0.42280 1018.8
0.42281 1018.8
0.42282 1018.8
0.42283 1018.8
0.42284 1018.8
0.42285 1018.8
0.42286 1018.8
0.42287 1018.8
0.42288 1018.8
0.42289 1018.8
0.42290 1018.8
0.42291 1018.8
0.42292 1018.8
0.42293 1018.8
0.42294 1018.8
0.42295 1018.8
0.42296 1018.8
0.42297 1018.8
0.42298 1018.8
0.42299 1018.8
0.42300 1018.8
0.42301 1018.8
0.42302 1018.8
0.42303 1018.8
0.42304 1018.8
0.42305 1018.8
0.42306 1018.8
0.42307 1018.8
0.42308 1018.8
0.42309 1018.8
0.42310 1018.8
0.42311 1018.8
0.42312 1018.8
0.42313 1018.8
0.42314 1018.8
0.42315 1018.8
0.42316 1018.8
0.42317 1018.8
0.42318 1018.8
0.42319 1018.8
0.42320 1018.8
0.42321 1018.8
0.42322 1018.8
0.42323 1018.8
0.42324 1018.8
0.42325 1018.8
0.42326 1018.8
0.42327 1018.8
0.42328 1018.8
0.42329 1018.8
0.42330 1018.8
0.42331 1018.8
0.42332 1018.8
0.42333 1018.8
0.42334 1018.8
0.42335 1018.8
0.42336 1018.8
0.42337 1018.8
0.42338 1018.8
0.42339 1018.8
0.42340 1018.8
0.42341 1018.8
0.42342 1018.8
0.42343 1018.8
0.42344 1018.8
0.42345 1018.8
0.42346 1018.8
0.42347 1018.8
0.42348 1018.8
0.42349 1018.8
0.42350 1018.8
0.42351 1018.8
0.42352 1018.8
0.42353 1018.8
0.42354 1018.8
0.42355 1018.8
0.42356 1018.8
0.42357 1018.8
0.42358 1018.8
0.42359 1018.8
0.42360 1018.8
0.42361 1018.8
0.42362 1018.8
0.42363 1018.8
0.42364 1018.8
0.42365 1018.8
0.42366 1018.8
0.42367 1018.8
0.42368 1018.8
0.42369 1018.8
0.42370 1018.8
0.42371 1018.8
0.42372 1018.8
0.42373 1018.8
0.42374 1018.8
0.42375 1018.8
0.42376 1018.8
0.42377 1018.8
0.42378 1018.8
0.42379 1018.8
0.42380 1018.8
0.42381 1018.8
0.42382 1018.8
0.42383 1018.8
0.42384 1018.8
0.42385 1018.8
0.42386 1018.8
0.42387 1018.8
0.42388 1018.8
0.42389 1018.8
0.42390 1018.8
0.42391 1018.8
0.42392 1018.8
0.42393 1018.8
0.42394 1018.8
0.42395 1018.8
0.42396 1018.8
0.42397 1018.8
0.42398 1018.8
0.42399 1018.8
0.42400 1018.8
0.42401 1018.8
0.42402 1018.8
0.42403 1018.8
0.42404 1018.8
0.42405 1018.8
0.42406 1018.8
0.42407 1018.8
0.42408 1018.8
0.42409 1018.8
0.42410 1018.8
0.42411 1018.8
0.42412 1018.8
0.42413 1018.8
0.42414 1018.8
0.42415 1018.8
0.42416 1018.8
0.42417 1018.8
0.42418 1018.8
0.42419 1018.8
0.42420 1018.8
0.42421 1018.8
0.42422 1018.8
0.42423 1018.8
0.42424 1018.8
0.42425 1018.8
0.42426 1018.8
0.42427 1018.8
0.42428 1018.8
0.42429 1018.8
0.42430 1018.8
0.42431 1018.8
0.42432 1018.8
0.42433 1018.8
0.42434 1018.8
0.42435 1018.8
0.42436 1018.8
0.42437 1018.8
0.42438 1018.8
0.42439 1018.8
0.42440 1018.8
0.42441 1018.8
0.42442 1018.8
0.42443 1018.8
0.42444 1018.8
0.42445 1018.8
0.42446 1018.8
0.42447 1018.8
0.42448 1018.8
0.42449 1018.8
0.42450 1018.8
0.42451 1018.8
0.42452 1018.8
0.42453 1018.8
0.42454 1018.8
0.42455 1018.8
0.42456 1018.8
0.42457 1018.8
0.42458 1018.8
0.42459 1018.8
0.42460 1018.8
0.42461 1018.8
0.42462 1018.8
0.42463 1018.8
0.42464 1018.8
0.42465 1018.8
0.42466 1018.8
0.42467 1018.8
0.42468 1018.8
0.42469 1018.8
0.42470 1018.8
0.42471 1018.8
0.42472 1018.8
0.42473 1018.8
0.42474 1018.8
0.42475 1018.8
0.42476 1018.8
0.42477 1018.8
0.42478 1018.8
0.42479 1018.8
0.42480 1018.8
0.42481 1018.8
0.42482 1018.8
0.42483 1018.8
0.42484 1018.8
0.42485 1018.8
0.42486 1018.8
0.42487 1018.8
0.42488 1018.8
0.42489 1018.8
0.42490 1018.8
0.42491 1018.8
0.42492 1018.8
0.42493 1018.8
0.42494 1018.8
0.42495 1018.8
0.42496 1018.8
0.42497 1018.8
0.42498 1018.8
0.42499 1018.8
0.42500 1018.8
0.42501 1018.8
0.42502 1018.8
0.42503 1018.8
0.42504 1018.8
0.42505 1018.8
0.42506 1018.8
0.42507 1018.8
0.42508 1018.8
0.42509 1018.8
0.42510 1018.8
0.42511 1018.8
0.42512 1018.8
0.42513 1018.8
0.42514 1018.8
0.42515 1018.8
0.42516 1018.8
0.42517 1018.8
0.42518 1018.8
0.42519 1018.8
0.42520 1018.8
0.42521 1018.8
0.42522 1018.8
0.42523 1018.8
0.42524 1018.8
0.42525 1018.8
0.42526 1018.8
0.42527 1018.8
0.42528 1018.8
0.42529 1018.8
0.42530 1018.8
0.42531 1018.8
0.42532 1018.8
0.42533 1018.8
0.42534 1018.8
0.42535 1018.8
0.42536 1018.8
0.42537 1018.8
0.42538 1018.8
0.42539 1018.8
0.42540 1018.8
0.42541 1018.8
0.42542 1018.8
0.42543 1018.8
0.42544 1018.8
0.42545 1018.8
0.42546 1018.8
0.42547 1018.8
0.42548 1018.8
0.42549 1018.8
0.42550 1018.8
0.42551 1018.8
0.42552 1018.8
0.42553 1018.8
0.42554 1018.8
0.42555 1018.8
0.42556 1018.8
0.42557 1018.8
0.42558 1018.8
0.42559 1018.8
0.42560 1018.8
0.42561 1018.8
0.42562 1018.8
0.42563 1018.8
0.42564 1018.8
0.42565 1018.8
0.42566 1018.8
0.42567 1018.8
0.42568 1018.8
0.42569 1018.8
0.42570 1018.8
0.42571 1018.8
0.42572 1018.8
0.42573 1018.8
0.42574 1018.8
0.42575 1018.8
0.42576 1018.8
0.42577 1018.8
0.42578 1018.8
0.42579 1018.8
0.42580 1018.8
0.42581 1018.8
0.42582 1018.8
0.42583 1018.8
0.42584 1018.8
0.42585 1018.8
0.42586 1018.8
0.42587 1018.8
0.42588 1018.8
0.42589 1018.8
0.42590 1018.8
0.42591 1018.8
0.42592 1018.8
0.42593 1018.8
0.42594 1018.8
0.42595 1018.8
0.42596 1018.8
0.42597 1018.8
0.42598 1018.8
0.42599 1018.8
0.42600 1018.8
0.42601 1018.8
0.42602 1018.8
0.42603 1018.8
0.42604 1018.8
0.42605 1018.8
0.42606 1018.8
0.42607 1018.8
0.42608 1018.8
0.42609 1018.8
0.42610 1018.8
0.42611 1018.8
0.42612 1018.8
0.42613 1018.8
0.42614 1018.8
0.42615 1018.8
0.42616 1018.8
0.42617 1018.8
0.42618 1018.8
0.42619 1018.8
0.42620 1018.8
0.42621 1018.8
0.42622 1018.8
0.42623 1018.8
0.42624 1018.8
0.42625 1018.8
0.42626 1018.8
0.42627 1018.8
0.42628 1018.8
0.42629 1018.8
0.42630 1018.8
0.42631 1018.8
0.42632 1018.8
0.42633 1018.8
0.42634 1018.8
0.42635 1018.8
0.42636 1018.8
0.42637 1018.8
0.42638 1018.8
0.42639 1018.8
0.42640 1018.8
0.42641 1018.8
0.42642 1018.8
0.42643 1018.8
0.42644 1018.8
0.42645 1018.8
0.42646 1018.8
0.42647 1018.8
0.42648 1018.8
0.42649 1018.8
0.42650 1018.8
0.42651 1018.8
0.42652 1018.8
0.42653 1018.8
0.42654 1018.8
0.42655 1018.8
0.42656 1018.8
0.42657 1018.8
0.42658 1018.8
0.42659 1018.8
0.42660 1018.8
0.42661 1018.8
0.42662 1018.8
0.42663 1018.8
0.42664 1018.8
0.42665 1018.8
0.42666 1018.8
0.42667 1018.8
0.42668 1018.8
0.42669 1018.8
0.42670 1018.8
0.42671 1018.8
0.42672 1018.8
0.42673 1018.8
0.42674 1018.8
0.42675 1018.8
0.42676 1018.8
0.42677 1018.8
0.42678 1018.8
0.42679 1018.8
0.42680 1018.8
0.42681 1018.8
0.42682 1018.8
0.42683 1018.8
0.42684 1018.8
0.42685 1018.8
0.42686 1018.8
0.42687 1018.8
0.42688 1018.8
0.42689 1018.8
0.42690 1018.8
0.42691 1018.8
0.42692 1018.8
0.42693 1018.8
0.42694 1018.8
0.42695 1018.8
0.42696 1018.8
0.42697 1018.8
0.42698 1018.8
0.42699 1018.8
0.42700 1018.8
0.42701 1018.8
0.42702 1018.8
0.42703 1018.8
0.42704 1018.8
0.42705 1018.8
0.42706 1018.8
0.42707 1018.8
0.42708 1018.8
0.42709 1018.8
0.42710 1018.8
0.42711 1018.8
0.42712 1018.8
0.42713 1018.8
0.42714 1018.8
0.42715 1018.8
0.42716 1018.8
0.42717 1018.8
0.42718 1018.8
0.42719 1018.8
0.42720 1018.8
0.42721 1018.8
0.42722 1018.8
0.42723 1018.8
0.42724 1018.8
0.42725 1018.8
0.42726 1018.8
0.42727 1018.8
0.42728 1018.8
0.42729 1018.8
0.42730 1018.8
0.42731 1018.8
0.42732 1018.8
0.42733 1018.8
0.42734 1018.8
0.42735 1018.8
0.42736 1018.8
0.42737 1018.8
0.42738 1018.8
0.42739 1018.8
0.42740 1018.8
0.42741 1018.8
0.42742 1018.8
0.42743 1018.8
0.42744 1018.8
0.42745 1018.8
0.42746 1018.8
0.42747 1018.8
0.42748 1018.8
0.42749 1018.8
0.42750 1018.8
0.42751 1018.8
0.42752 1018.8
0.42753 1018.8
0.42754 1018.8
0.42755 1018.8
0.42756 1018.8
0.42757 1018.8
0.42758 1018.8
0.42759 1018.8
0.42760 1018.8
0.42761 1018.8
0.42762 1018.8
0.42763 1018.8
0.42764 1018.8
0.42765 1018.8
0.42766 1018.8
0.42767 1018.8
0.42768 1018.8
0.42769 1018.8
0.42770 1018.8
0.42771 1018.8
0.42772 1018.8
0.42773 1018.8
0.42774 1018.8
0.42775 1018.8
0.42776 1018.8
0.42777 1018.8
0.42778 1018.8
0.42779 1018.8
0.42780 1018.8
0.42781 1018.8
0.42782 1018.8
0.42783 1018.8
0.42784 1018.8
0.42785 1018.8
0.42786 1018.8
0.42787 1018.8
0.42788 1018.8
0.42789 1018.8
0.42790 1018.8
0.42791 1018.8
0.42792 1018.8
0.42793 1018.8
0.42794 1018.8
0.42795 1018.8
0.42796 1018.8
0.42797 1018.8
0.42798 1018.8
0.42799 1018.8
0.42800 1018.8
0.42801 1018.8
0.42802 1018.8
0.42803 1018.8
0.42804 1018.8
0.42805 1018.8
0.42806 1018.8
0.42807 1018.8
0.42808 1018.8
0.42809 1018.8
0.42810 1018.8
0.42811 1018.8
0.42812 1018.8
0.42813 1018.8
0.42814 1018.8
0.42815 1018.8
0.42816 1018.8
0.42817 1018.8
0.42818 1018.8
0.42819 1018.8
0.42820 1018.8
0.42821 1018.8
0.42822 1018.8
0.42823 1018.8
0.42824 1018.8
0.42825 1018.8
0.42826 1018.8
0.42827 1018.8
0.42828 1018.8
0.42829 1018.8
0.42830 1018.8
0.42831 1018.8
0.42832 1018.8
0.42833 1018.8
0.42834 1018.8
0.42835 1018.8
0.42836 1018.8
0.42837 1018.8
0.42838 1018.8
0.42839 1018.8
0.42840 1018.8
0.42841 1018.8
0.42842 1018.8
0.42843 1018.8
0.42844 1018.8
0.42845 1018.8
0.42846 1018.8
0.42847 1018.8
0.42848 1018.8
0.42849 1018.8
0.42850 1018.8
0.42851 1018.8
0.42852 1018.8
0.42853 1018.8
0.42854 1018.8
0.42855 1018.8
0.42856 1018.8
0.42857 1018.8
0.42858 1018.8
0.42859 1018.8
0.42860 1018.8
0.42861 1018.8
0.42862 1018.8
0.42863 1018.8
0.42864 1018.8
0.42865 1018.8
0.42866 1018.8
0.42867 1018.8
0.42868 1018.8
0.42869 1018.8
0.42870 1018.8
0.42871 1018.8
0.42872 1018.8
0.42873 1018.8
0.42874 1018.8
0.42875 1018.8
0.42876 1018.8
0.42877 1018.8
0.42878 1018.8
0.42879 1018.8
0.42880 1018.8
0.42881 1018.8
0.42882 1018.8
0.42883 1018.8
0.42884 1018.8
0.42885 1018.8
0.42886 1018.8
0.42887 1018.8
0.42888 1018.8
0.42889 1018.8
0.42890 1018.8
0.42891 1018.8
0.42892 1018.8
0.42893 1018.8
0.42894 1018.8
0.42895 1018.8
0.42896 1018.8
0.42897 1018.8
0.42898 1018.8
0.42899 1018.8
0.42900 1018.8
0.42901 1018.8
0.42902 1018.8
0.42903 1018.8
0.42904 1018.8
0.42905 1018.8
0.42906 1018.8
0.42907 1018.8
0.42908 1018.8
0.42909 1018.8
0.42910 1018.8
0.42911 1018.8
0.42912 1018.8
0.42913 1018.8
0.42914 1018.8
0.42915 1018.8
0.42916 1018.8
0.42917 1018.8
0.42918 1018.8
0.42919 1018.8
0.42920 1018.8
0.42921 1018.8
0.42922 1018.8
0.42923 1018.8
0.42924 1018.8
0.42925 1018.8
0.42926 1018.8
0.42927 1018.8
0.42928 1018.8
0.42929 1018.8
0.42930 1018.8
0.42931 1018.8
0.42932 1018.8
0.42933 1018.8
0.42934 1018.8
0.42935 1018.8
0.42936 1018.8
0.42937 1018.8
0.42938 1018.8
0.42939 1018.8
0.42940 1018.8
0.42941 1018.8
0.42942 1018.8
0.42943 1018.8
0.42944 1018.8
0.42945 1018.8
0.42946 1018.8
0.42947 1018.8
0.42948 1018.8
0.42949 1018.8
0.42950 1018.8
0.42951 1018.8
0.42952 1018.8
0.42953 1018.8
0.42954 1018.8
0.42955 1018.8
0.42956 1018.8
0.42957 1018.8
0.42958 1018.8
0.42959 1018.8
0.42960 1018.8
0.42961 1018.8
0.42962 1018.8
0.42963 1018.8
0.42964 1018.8
0.42965 1018.8
0.42966 1018.8
0.42967 1018.8
0.42968 1018.8
0.42969 1018.8
0.42970 1018.8
0.42971 1018.8
0.42972 1018.8
0.42973 1018.8
0.42974 1018.8
0.42975 1018.8
0.42976 1018.8
0.42977 1018.8
0.42978 1018.8
0.42979 1018.8
0.42980 1018.8
0.42981 1018.8
0.42982 1018.8
0.42983 1018.8
0.42984 1018.8
0.42985 1018.8
0.42986 1018.8
0.42987 1018.8
0.42988 1018.8
0.42989 1018.8
0.42990 1018.8
0.42991 1018.8
0.42992 1018.8
0.42993 1018.8
0.42994 1018.8
0.42995 1018.8
0.42996 1018.8
0.42997 1018.8
0.42998 1018.8
0.42999 1018.8
0.43000 1018.8
0.43001 1018.8
0.43002 1018.8
0.43003 1018.8
0.43004 1018.8
0.43005 1018.8
0.43006 1018.8
0.43007 1018.8
0.43008 1018.8
0.43009 1018.8
0.43010 1018.8
0.43011 1018.8
0.43012 1018.8
0.43013 1018.8
0.43014 1018.8
0.43015 1018.8
0.43016 1018.8
0.43017 1018.8
0.43018 1018.8
0.43019 1018.8
0.43020 1018.8
0.43021 1018.8
0.43022 1018.8
0.43023 1018.8
0.43024 1018.8
0.43025 1018.8
0.43026 1018.8
0.43027 1018.8
0.43028 1018.8
0.43029 1018.8
0.43030 1018.8
0.43031 1018.8
0.43032 1018.8
0.43033 1018.8
0.43034 1018.8
0.43035 1018.8
0.43036 1018.8
0.43037 1018.8
0.43038 1018.8
0.43039 1018.8
0.43040 1018.8
0.43041 1018.8
0.43042 1018.8
0.43043 1018.8
0.43044 1018.8
0.43045 1018.8
0.43046 1018.8
0.43047 1018.8
0.43048 1018.8
0.43049 1018.8
0.43050 1018.8
0.43051 1018.8
0.43052 1018.8
0.43053 1018.8
0.43054 1018.8
0.43055 1018.8
0.43056 1018.8
0.43057 1018.8
0.43058 1018.8
0.43059 1018.8
0.43060 1018.8
0.43061 1018.8
0.43062 1018.8
0.43063 1018.8
0.43064 1018.8
0.43065 1018.8
0.43066 1018.8
0.43067 1018.8
0.43068 1018.8
0.43069 1018.8
0.43070 1018.8
0.43071 1018.8
0.43072 1018.8
0.43073 1018.8
0.43074 1018.8
0.43075 1018.8
0.43076 1018.8
0.43077 1018.8
0.43078 1018.8
0.43079 1018.8
0.43080 1018.8
0.43081 1018.8
0.43082 1018.8
0.43083 1018.8
0.43084 1018.8
0.43085 1018.8
0.43086 1018.8
0.43087 1018.8
0.43088 1018.8
0.43089 1018.8
0.43090 1018.8
0.43091 1018.8
0.43092 1018.8
0.43093 1018.8
0.43094 1018.8
0.43095 1018.8
0.43096 1018.8
0.43097 1018.8
0.43098 1018.8
0.43099 1018.8
0.43100 1018.8
0.43101 1018.8
0.43102 1018.8
0.43103 1018.8
0.43104 1018.8
0.43105 1018.8
0.43106 1018.8
0.43107 1018.8
0.43108 1018.8
0.43109 1018.8
0.43110 1018.8
0.43111 1018.8
0.43112 1018.8
0.43113 1018.8
0.43114 1018.8
0.43115 1018.8
0.43116 1018.8
0.43117 1018.8
0.43118 1018.8
0.43119 1018.8
0.43120 1018.8
0.43121 1018.8
0.43122 1018.8
0.43123 1018.8
0.43124 1018.8
0.43125 1018.8
0.43126 1018.8
0.43127 1018.8
0.43128 1018.8
0.43129 1018.8
0.43130 1018.8
0.43131 1018.8
0.43132 1018.8
0.43133 1018.8
0.43134 1018.8
0.43135 1018.8
0.43136 1018.8
0.43137 1018.8
0.43138 1018.8
0.43139 1018.8
0.43140 1018.8
0.43141 1018.8
0.43142 1018.8
0.43143 1018.8
0.43144 1018.8
0.43145 1018.8
0.43146 1018.8
0.43147 1018.8
0.43148 1018.8
0.43149 1018.8
0.43150 1018.8
0.43151 1018.8
0.43152 1018.8
0.43153 1018.8
0.43154 1018.8
0.43155 1018.8
0.43156 1018.8
0.43157 1018.8
0.43158 1018.8
0.43159 1018.8
0.43160 1018.8
0.43161 1018.8
0.43162 1018.8
0.43163 1018.8
0.43164 1018.8
0.43165 1018.8
0.43166 1018.8
0.43167 1018.8
0.43168 1018.8
0.43169 1018.8
0.43170 1018.8
0.43171 1018.8
0.43172 1018.8
0.43173 1018.8
0.43174 1018.8
0.43175 1018.8
0.43176 1018.8
0.43177 1018.8
0.43178 1018.8
0.43179 1018.8
0.43180 1018.8
0.43181 1018.8
0.43182 1018.8
0.43183 1018.8
0.43184 1018.8
0.43185 1018.8
0.43186 1018.8
0.43187 1018.8
0.43188 1018.8
0.43189 1018.8
0.43190 1018.8
0.43191 1018.8
0.43192 1018.8
0.43193 1018.8
0.43194 1018.8
0.43195 1018.8
0.43196 1018.8
0.43197 1018.8
0.43198 1018.8
0.43199 1018.8
0.43200 1018.8
0.43201 1018.8
0.43202 1018.8
0.43203 1018.8
0.43204 1018.8
0.43205 1018.8
0.43206 1018.8
0.43207 1018.8
0.43208 1018.8
0.43209 1018.8
0.43210 1018.8
0.43211 1018.8
0.43212 1018.8
0.43213 1018.8
0.43214 1018.8
0.43215 1018.8
0.43216 1018.8
0.43217 1018.8
0.43218 1018.8
0.43219 1018.8
0.43220 1018.8
0.43221 1018.8
0.43222 1018.8
0.43223 1018.8
0.43224 1018.8
0.43225 1018.8
0.43226 1018.8
0.43227 1018.8
0.43228 1018.8
0.43229 1018.8
0.43230 1018.8
0.43231 1018.8
0.43232 1018.8
0.43233 1018.8
0.43234 1018.8
0.43235 1018.8
0.43236 1018.8
0.43237 1018.8
0.43238 1018.8
0.43239 1018.8
0.43240 1018.8
0.43241 1018.8
0.43242 1018.8
0.43243 1018.8
0.43244 1018.8
0.43245 1018.8
0.43246 1018.8
0.43247 1018.8
0.43248 1018.8
0.43249 1018.8
0.43250 1018.8
0.43251 1018.8
0.43252 1018.8
0.43253 1018.8
0.43254 1018.8
0.43255 1018.8
0.43256 1018.8
0.43257 1018.8
0.43258 1018.8
0.43259 1018.8
0.43260 1018.8
0.43261 1018.8
0.43262 1018.8
0.43263 1018.8
0.43264 1018.8
0.43265 1018.8
0.43266 1018.8
0.43267 1018.8
0.43268 1018.8
0.43269 1018.8
0.43270 1018.8
0.43271 1018.8
0.43272 1018.8
0.43273 1018.8
0.43274 1018.8
0.43275 1018.8
0.43276 1018.8
0.43277 1018.8
0.43278 1018.8
0.43279 1018.8
0.43280 1018.8
0.43281 1018.8
0.43282 1018.8
0.43283 1018.8
0.43284 1018.8
0.43285 1018.8
0.43286 1018.8
0.43287 1018.8
0.43288 1018.8
0.43289 1018.8
0.43290 1018.8
0.43291 1018.8
0.43292 1018.8
0.43293 1018.8
0.43294 1018.8
0.43295 1018.8
0.43296 1018.8
0.43297 1018.8
0.43298 1018.8
0.43299 1018.8
0.43300 1018.8
0.43301 1018.8
0.43302 1018.8
0.43303 1018.8
0.43304 1018.8
0.43305 1018.8
0.43306 1018.8
0.43307 1018.8
0.43308 1018.8
0.43309 1018.8
0.43310 1018.8
0.43311 1018.8
0.43312 1018.8
0.43313 1018.8
0.43314 1018.8
0.43315 1018.8
0.43316 1018.8
0.43317 1018.8
0.43318 1018.8
0.43319 1018.8
0.43320 1018.8
0.43321 1018.8
0.43322 1018.8
0.43323 1018.8
0.43324 1018.8
0.43325 1018.8
0.43326 1018.8
0.43327 1018.8
0.43328 1018.8
0.43329 1018.8
0.43330 1018.8
0.43331 1018.8
0.43332 1018.8
0.43333 1018.8
0.43334 1018.8
0.43335 1018.8
0.43336 1018.8
0.43337 1018.8
0.43338 1018.8
0.43339 1018.8
0.43340 1018.8
0.43341 1018.8
0.43342 1018.8
0.43343 1018.8
0.43344 1018.8
0.43345 1018.8
0.43346 1018.8
0.43347 1018.8
0.43348 1018.8
0.43349 1018.8
0.43350 1018.8
0.43351 1018.8
0.43352 1018.8
0.43353 1018.8
0.43354 1018.8
0.43355 1018.8
0.43356 1018.8
0.43357 1018.8
0.43358 1018.8
0.43359 1018.8
0.43360 1018.8
0.43361 1018.8
0.43362 1018.8
0.43363 1018.8
0.43364 1018.8
0.43365 1018.8
0.43366 1018.8
0.43367 1018.8
0.43368 1018.8
0.43369 1018.8
0.43370 1018.8
0.43371 1018.8
0.43372 1018.8
0.43373 1018.8
0.43374 1018.8
0.43375 1018.8
0.43376 1018.8
0.43377 1018.8
0.43378 1018.8
0.43379 1018.8
0.43380 1018.8
0.43381 1018.8
0.43382 1018.8
0.43383 1018.8
0.43384 1018.8
0.43385 1018.8
0.43386 1018.8
0.43387 1018.8
0.43388 1018.8
0.43389 1018.8
0.43390 1018.8
0.43391 1018.8
0.43392 1018.8
0.43393 1018.8
0.43394 1018.8
0.43395 1018.8
0.43396 1018.8
0.43397 1018.8
0.43398 1018.8
0.43399 1018.8
0.43400 1018.8
0.43401 1018.8
0.43402 1018.8
0.43403 1018.8
0.43404 1018.8
0.43405 1018.8
0.43406 1018.8
0.43407 1018.8
0.43408 1018.8
0.43409 1018.8
0.43410 1018.8
0.43411 1018.8
0.43412 1018.8
0.43413 1018.8
0.43414 1018.8
0.43415 1018.8
0.43416 1018.8
0.43417 1018.8
0.43418 1018.8
0.43419 1018.8
0.43420 1018.8
0.43421 1018.8
0.43422 1018.8
0.43423 1018.8
0.43424 1018.8
0.43425 1018.8
0.43426 1018.8
0.43427 1018.8
0.43428 1018.8
0.43429 1018.8
0.43430 1018.8
0.43431 1018.8
0.43432 1018.8
0.43433 1018.8
0.43434 1018.8
0.43435 1018.8
0.43436 1018.8
0.43437 1018.8
0.43438 1018.8
0.43439 1018.8
0.43440 1018.8
0.43441 1018.8
0.43442 1018.8
0.43443 1018.8
0.43444 1018.8
0.43445 1018.8
0.43446 1018.8
0.43447 1018.8
0.43448 1018.8
0.43449 1018.8
0.43450 1018.8
0.43451 1018.8
0.43452 1018.8
0.43453 1018.8
0.43454 1018.8
0.43455 1018.8
0.43456 1018.8
0.43457 1018.8
0.43458 1018.8
0.43459 1018.8
0.43460 1018.8
0.43461 1018.8
0.43462 1018.8
0.43463 1018.8
0.43464 1018.8
0.43465 1018.8
0.43466 1018.8
0.43467 1018.8
0.43468 1018.8
0.43469 1018.8
0.43470 1018.8
0.43471 1018.8
0.43472 1018.8
0.43473 1018.8
0.43474 1018.8
0.43475 1018.8
0.43476 1018.8
0.43477 1018.8
0.43478 1018.8
0.43479 1018.8
0.43480 1018.8
0.43481 1018.8
0.43482 1018.8
0.43483 1018.8
0.43484 1018.8
0.43485 1018.8
0.43486 1018.8
0.43487 1018.8
0.43488 1018.8
0.43489 1018.8
0.43490 1018.8
0.43491 1018.8
0.43492 1018.8
0.43493 1018.8
0.43494 1018.8
0.43495 1018.8
0.43496 1018.8
0.43497 1018.8
0.43498 1018.8
0.43499 1018.8
0.43500 1018.8
0.43501 1018.8
0.43502 1018.8
0.43503 1018.8
0.43504 1018.8
0.43505 1018.8
0.43506 1018.8
0.43507 1018.8
0.43508 1018.8
0.43509 1018.8
0.43510 1018.8
0.43511 1018.8
0.43512 1018.8
0.43513 1018.8
0.43514 1018.8
0.43515 1018.8
0.43516 1018.8
0.43517 1018.8
0.43518 1018.8
0.43519 1018.8
0.43520 1018.8
0.43521 1018.8
0.43522 1018.8
0.43523 1018.8
0.43524 1018.8
0.43525 1018.8
0.43526 1018.8
0.43527 1018.8
0.43528 1018.8
0.43529 1018.8
0.43530 1018.8
0.43531 1018.8
0.43532 1018.8
0.43533 1018.8
0.43534 1018.8
0.43535 1018.8
0.43536 1018.8
0.43537 1018.8
0.43538 1018.8
0.43539 1018.8
0.43540 1018.8
0.43541 1018.8
0.43542 1018.8
0.43543 1018.8
0.43544 1018.8
0.43545 1018.8
0.43546 1018.8
0.43547 1018.8
0.43548 1018.8
0.43549 1018.8
0.43550 1018.8
0.43551 1018.8
0.43552 1018.8
0.43553 1018.8
0.43554 1018.8
0.43555 1018.8
0.43556 1018.8
0.43557 1018.8
0.43558 1018.8
0.43559 1018.8
0.43560 1018.8
0.43561 1018.8
0.43562 1018.8
0.43563 1018.8
0.43564 1018.8
0.43565 1018.8
0.43566 1018.8
0.43567 1018.8
0.43568 1018.8
0.43569 1018.8
0.43570 1018.8
0.43571 1018.8
0.43572 1018.8
0.43573 1018.8
0.43574 1018.8
0.43575 1018.8
0.43576 1018.8
0.43577 1018.8
0.43578 1018.8
0.43579 1018.8
0.43580 1018.8
0.43581 1018.8
0.43582 1018.8
0.43583 1018.8
0.43584 1018.8
0.43585 1018.8
0.43586 1018.8
0.43587 1018.8
0.43588 1018.8
0.43589 1018.8
0.43590 1018.8
0.43591 1018.8
0.43592 1018.8
0.43593 1018.8
0.43594 1018.8
0.43595 1018.8
0.43596 1018.8
0.43597 1018.8
0.43598 1018.8
0.43599 1018.8
0.43600 1018.8
0.43601 1018.8
0.43602 1018.8
0.43603 1018.8
0.43604 1018.8
0.43605 1018.8
0.43606 1018.8
0.43607 1018.8
0.43608 1018.8
0.43609 1018.8
0.43610 1018.8
0.43611 1018.8
0.43612 1018.8
0.43613 1018.8
0.43614 1018.8
0.43615 1018.8
0.43616 1018.8
0.43617 1018.8
0.43618 1018.8
0.43619 1018.8
0.43620 1018.8
0.43621 1018.8
0.43622 1018.8
0.43623 1018.8
0.43624 1018.8
0.43625 1018.8
0.43626 1018.8
0.43627 1018.8
0.43628 1018.8
0.43629 1018.8
0.43630 1018.8
0.43631 1018.8
0.43632 1018.8
0.43633 1018.8
0.43634 1018.8
0.43635 1018.8
0.43636 1018.8
0.43637 1018.8
0.43638 1018.8
0.43639 1018.8
0.43640 1018.8
0.43641 1018.8
0.43642 1018.8
0.43643 1018.8
0.43644 1018.8
0.43645 1018.8
0.43646 1018.8
0.43647 1018.8
0.43648 1018.8
0.43649 1018.8
0.43650 1018.8
0.43651 1018.8
0.43652 1018.8
0.43653 1018.8
0.43654 1018.8
0.43655 1018.8
0.43656 1018.8
0.43657 1018.8
0.43658 1018.8
0.43659 1018.8
0.43660 1018.8
0.43661 1018.8
0.43662 1018.8
0.43663 1018.8
0.43664 1018.8
0.43665 1018.8
0.43666 1018.8
0.43667 1018.8
0.43668 1018.8
0.43669 1018.8
0.43670 1018.8
0.43671 1018.8
0.43672 1018.8
0.43673 1018.8
0.43674 1018.8
0.43675 1018.8
0.43676 1018.8
0.43677 1018.8
0.43678 1018.8
0.43679 1018.8
0.43680 1018.8
0.43681 1018.8
0.43682 1018.8
0.43683 1018.8
0.43684 1018.8
0.43685 1018.8
0.43686 1018.8
0.43687 1018.8
0.43688 1018.8
0.43689 1018.8
0.43690 1018.8
0.43691 1018.8
0.43692 1018.8
0.43693 1018.8
0.43694 1018.8
0.43695 1018.8
0.43696 1018.8
0.43697 1018.8
0.43698 1018.8
0.43699 1018.8
0.43700 1018.8
0.43701 1018.8
0.43702 1018.8
0.43703 1018.8
0.43704 1018.8
0.43705 1018.8
0.43706 1018.8
0.43707 1018.8
0.43708 1018.8
0.43709 1018.8
0.43710 1018.8
0.43711 1018.8
0.43712 1018.8
0.43713 1018.8
0.43714 1018.8
0.43715 1018.8
0.43716 1018.8
0.43717 1018.8
0.43718 1018.8
0.43719 1018.8
0.43720 1018.8
0.43721 1018.8
0.43722 1018.8
0.43723 1018.8
0.43724 1018.8
0.43725 1018.8
0.43726 1018.8
0.43727 1018.8
0.43728 1018.8
0.43729 1018.8
0.43730 1018.8
0.43731 1018.8
0.43732 1018.8
0.43733 1018.8
0.43734 1018.8
0.43735 1018.8
0.43736 1018.8
0.43737 1018.8
0.43738 1018.8
0.43739 1018.8
0.43740 1018.8
0.43741 1018.8
0.43742 1018.8
0.43743 1018.8
0.43744 1018.8
0.43745 1018.8
0.43746 1018.8
0.43747 1018.8
0.43748 1018.8
0.43749 1018.8
0.43750 1018.8
0.43751 1018.8
0.43752 1018.8
0.43753 1018.8
0.43754 1018.8
0.43755 1018.8
0.43756 1018.8
0.43757 1018.8
0.43758 1018.8
0.43759 1018.8
0.43760 1018.8
0.43761 1018.8
0.43762 1018.8
0.43763 1018.8
0.43764 1018.8
0.43765 1018.8
0.43766 1018.8
0.43767 1018.8
0.43768 1018.8
0.43769 1018.8
0.43770 1018.8
0.43771 1018.8
0.43772 1018.8
0.43773 1018.8
0.43774 1018.8
0.43775 1018.8
0.43776 1018.8
0.43777 1018.8
0.43778 1018.8
0.43779 1018.8
0.43780 1018.8
0.43781 1018.8
0.43782 1018.8
0.43783 1018.8
0.43784 1018.8
0.43785 1018.8
0.43786 1018.8
0.43787 1018.8
0.43788 1018.8
0.43789 1018.8
0.43790 1018.8
0.43791 1018.8
0.43792 1018.8
0.43793 1018.8
0.43794 1018.8
0.43795 1018.8
0.43796 1018.8
0.43797 1018.8
0.43798 1018.8
0.43799 1018.8
0.43800 1018.8
0.43801 1018.8
0.43802 1018.8
0.43803 1018.8
0.43804 1018.8
0.43805 1018.8
0.43806 1018.8
0.43807 1018.8
0.43808 1018.8
0.43809 1018.8
0.43810 1018.8
0.43811 1018.8
0.43812 1018.8
0.43813 1018.8
0.43814 1018.8
0.43815 1018.8
0.43816 1018.8
0.43817 1018.8
0.43818 1018.8
0.43819 1018.8
0.43820 1018.8
0.43821 1018.8
0.43822 1018.8
0.43823 1018.8
0.43824 1018.8
0.43825 1018.8
0.43826 1018.8
0.43827 1018.8
0.43828 1018.8
0.43829 1018.8
0.43830 1018.8
0.43831 1018.8
0.43832 1018.8
0.43833 1018.8
0.43834 1018.8
0.43835 1018.8
0.43836 1018.8
0.43837 1018.8
0.43838 1018.8
0.43839 1018.8
0.43840 1018.8
0.43841 1018.8
0.43842 1018.8
0.43843 1018.8
0.43844 1018.8
0.43845 1018.8
0.43846 1018.8
0.43847 1018.8
0.43848 1018.8
0.43849 1018.8
0.43850 1018.8
0.43851 1018.8
0.43852 1018.8
0.43853 1018.8
0.43854 1018.8
0.43855 1018.8
0.43856 1018.8
0.43857 1018.8
0.43858 1018.8
0.43859 1018.8
0.43860 1018.8
0.43861 1018.8
0.43862 1018.8
0.43863 1018.8
0.43864 1018.8
0.43865 1018.8
0.43866 1018.8
0.43867 1018.8
0.43868 1018.8
0.43869 1018.8
0.43870 1018.8
0.43871 1018.8
0.43872 1018.8
0.43873 1018.8
0.43874 1018.8
0.43875 1018.8
0.43876 1018.8
0.43877 1018.8
0.43878 1018.8
0.43879 1018.8
0.43880 1018.8
0.43881 1018.8
0.43882 1018.8
0.43883 1018.8
0.43884 1018.8
0.43885 1018.8
0.43886 1018.8
0.43887 1018.8
0.43888 1018.8
0.43889 1018.8
0.43890 1018.8
0.43891 1018.8
0.43892 1018.8
0.43893 1018.8
0.43894 1018.8
0.43895 1018.8
0.43896 1018.8
0.43897 1018.8
0.43898 1018.8
0.43899 1018.8
0.43900 1018.8
0.43901 1018.8
0.43902 1018.8
0.43903 1018.8
0.43904 1018.8
0.43905 1018.8
0.43906 1018.8
0.43907 1018.8
0.43908 1018.8
0.43909 1018.8
0.43910 1018.8
0.43911 1018.8
0.43912 1018.8
0.43913 1018.8
0.43914 1018.8
0.43915 1018.8
0.43916 1018.8
0.43917 1018.8
0.43918 1018.8
0.43919 1018.8
0.43920 1018.8
0.43921 1018.8
0.43922 1018.8
0.43923 1018.8
0.43924 1018.8
0.43925 1018.8
0.43926 1018.8
0.43927 1018.8
0.43928 1018.8
0.43929 1018.8
0.43930 1018.8
0.43931 1018.8
0.43932 1018.8
0.43933 1018.8
0.43934 1018.8
0.43935 1018.8
0.43936 1018.8
0.43937 1018.8
0.43938 1018.8
0.43939 1018.8
0.43940 1018.8
0.43941 1018.8
0.43942 1018.8
0.43943 1018.8
0.43944 1018.8
0.43945 1018.8
0.43946 1018.8
0.43947 1018.8
0.43948 1018.8
0.43949 1018.8
0.43950 1018.8
0.43951 1018.8
0.43952 1018.8
0.43953 1018.8
0.43954 1018.8
0.43955 1018.8
0.43956 1018.8
0.43957 1018.8
0.43958 1018.8
0.43959 1018.8
0.43960 1018.8
0.43961 1018.8
0.43962 1018.8
0.43963 1018.8
0.43964 1018.8
0.43965 1018.8
0.43966 1018.8
0.43967 1018.8
0.43968 1018.8
0.43969 1018.8
0.43970 1018.8
0.43971 1018.8
0.43972 1018.8
0.43973 1018.8
0.43974 1018.8
0.43975 1018.8
0.43976 1018.8
0.43977 1018.8
0.43978 1018.8
0.43979 1018.8
0.43980 1018.8
0.43981 1018.8
0.43982 1018.8
0.43983 1018.8
0.43984 1018.8
0.43985 1018.8
0.43986 1018.8
0.43987 1018.8
0.43988 1018.8
0.43989 1018.8
0.43990 1018.8
0.43991 1018.8
0.43992 1018.8
0.43993 1018.8
0.43994 1018.8
0.43995 1018.8
0.43996 1018.8
0.43997 1018.8
0.43998 1018.8
0.43999 1018.8
0.44000 1018.8
0.44001 1018.8
0.44002 1018.8
0.44003 1018.8
0.44004 1018.8
0.44005 1018.8
0.44006 1018.8
0.44007 1018.8
0.44008 1018.8
0.44009 1018.8
0.44010 1018.8
0.44011 1018.8
0.44012 1018.8
0.44013 1018.8
0.44014 1018.8
0.44015 1018.8
0.44016 1018.8
0.44017 1018.8
0.44018 1018.8
0.44019 1018.8
0.44020 1018.8
0.44021 1018.8
0.44022 1018.8
0.44023 1018.8
0.44024 1018.8
0.44025 1018.8
0.44026 1018.8
0.44027 1018.8
0.44028 1018.8
0.44029 1018.8
0.44030 1018.8
0.44031 1018.8
0.44032 1018.8
0.44033 1018.8
0.44034 1018.8
0.44035 1018.8
0.44036 1018.8
0.44037 1018.8
0.44038 1018.8
0.44039 1018.8
0.44040 1018.8
0.44041 1018.8
0.44042 1018.8
0.44043 1018.8
0.44044 1018.8
0.44045 1018.8
0.44046 1018.8
0.44047 1018.8
0.44048 1018.8
0.44049 1018.8
0.44050 1018.8
0.44051 1018.8
0.44052 1018.8
0.44053 1018.8
0.44054 1018.8
0.44055 1018.8
0.44056 1018.8
0.44057 1018.8
0.44058 1018.8
0.44059 1018.8
0.44060 1018.8
0.44061 1018.8
0.44062 1018.8
0.44063 1018.8
0.44064 1018.8
0.44065 1018.8
0.44066 1018.8
0.44067 1018.8
0.44068 1018.8
0.44069 1018.8
0.44070 1018.8
0.44071 1018.8
0.44072 1018.8
0.44073 1018.8
0.44074 1018.8
0.44075 1018.8
0.44076 1018.8
0.44077 1018.8
0.44078 1018.8
0.44079 1018.8
0.44080 1018.8
0.44081 1018.8
0.44082 1018.8
0.44083 1018.8
0.44084 1018.8
0.44085 1018.8
0.44086 1018.8
0.44087 1018.8
0.44088 1018.8
0.44089 1018.8
0.44090 1018.8
0.44091 1018.8
0.44092 1018.8
0.44093 1018.8
0.44094 1018.8
0.44095 1018.8
0.44096 1018.8
0.44097 1018.8
0.44098 1018.8
0.44099 1018.8
0.44100 1018.8
0.44101 1018.8
0.44102 1018.8
0.44103 1018.8
0.44104 1018.8
0.44105 1018.8
0.44106 1018.8
0.44107 1018.8
0.44108 1018.8
0.44109 1018.8
0.44110 1018.8
0.44111 1018.8
0.44112 1018.8
0.44113 1018.8
0.44114 1018.8
0.44115 1018.8
0.44116 1018.8
0.44117 1018.8
0.44118 1018.8
0.44119 1018.8
0.44120 1018.8
0.44121 1018.8
0.44122 1018.8
0.44123 1018.8
0.44124 1018.8
0.44125 1018.8
0.44126 1018.8
0.44127 1018.8
0.44128 1018.8
0.44129 1018.8
0.44130 1018.8
0.44131 1018.8
0.44132 1018.8
0.44133 1018.8
0.44134 1018.8
0.44135 1018.8
0.44136 1018.8
0.44137 1018.8
0.44138 1018.8
0.44139 1018.8
0.44140 1018.8
0.44141 1018.8
0.44142 1018.8
0.44143 1018.8
0.44144 1018.8
0.44145 1018.8
0.44146 1018.8
0.44147 1018.8
0.44148 1018.8
0.44149 1018.8
0.44150 1018.8
0.44151 1018.8
0.44152 1018.8
0.44153 1018.8
0.44154 1018.8
0.44155 1018.8
0.44156 1018.8
0.44157 1018.8
0.44158 1018.8
0.44159 1018.8
0.44160 1018.8
0.44161 1018.8
0.44162 1018.8
0.44163 1018.8
0.44164 1018.8
0.44165 1018.8
0.44166 1018.8
0.44167 1018.8
0.44168 1018.8
0.44169 1018.8
0.44170 1018.8
0.44171 1018.8
0.44172 1018.8
0.44173 1018.8
0.44174 1018.8
0.44175 1018.8
0.44176 1018.8
0.44177 1018.8
0.44178 1018.8
0.44179 1018.8
0.44180 1018.8
0.44181 1018.8
0.44182 1018.8
0.44183 1018.8
0.44184 1018.8
0.44185 1018.8
0.44186 1018.8
0.44187 1018.8
0.44188 1018.8
0.44189 1018.8
0.44190 1018.8
0.44191 1018.8
0.44192 1018.8
0.44193 1018.8
0.44194 1018.8
0.44195 1018.8
0.44196 1018.8
0.44197 1018.8
0.44198 1018.8
0.44199 1018.8
0.44200 1018.8
0.44201 1018.8
0.44202 1018.8
0.44203 1018.8
0.44204 1018.8
0.44205 1018.8
0.44206 1018.8
0.44207 1018.8
0.44208 1018.8
0.44209 1018.8
0.44210 1018.8
0.44211 1018.8
0.44212 1018.8
0.44213 1018.8
0.44214 1018.8
0.44215 1018.8
0.44216 1018.8
0.44217 1018.8
0.44218 1018.8
0.44219 1018.8
0.44220 1018.8
0.44221 1018.8
0.44222 1018.8
0.44223 1018.8
0.44224 1018.8
0.44225 1018.8
0.44226 1018.8
0.44227 1018.8
0.44228 1018.8
0.44229 1018.8
0.44230 1018.8
0.44231 1018.8
0.44232 1018.8
0.44233 1018.8
0.44234 1018.8
0.44235 1018.8
0.44236 1018.8
0.44237 1018.8
0.44238 1018.8
0.44239 1018.8
0.44240 1018.8
0.44241 1018.8
0.44242 1018.8
0.44243 1018.8
0.44244 1018.8
0.44245 1018.8
0.44246 1018.8
0.44247 1018.8
0.44248 1018.8
0.44249 1018.8
0.44250 1018.8
0.44251 1018.8
0.44252 1018.8
0.44253 1018.8
0.44254 1018.8
0.44255 1018.8
0.44256 1018.8
0.44257 1018.8
0.44258 1018.8
0.44259 1018.8
0.44260 1018.8
0.44261 1018.8
0.44262 1018.8
0.44263 1018.8
0.44264 1018.8
0.44265 1018.8
0.44266 1018.8
0.44267 1018.8
0.44268 1018.8
0.44269 1018.8
0.44270 1018.8
0.44271 1018.8
0.44272 1018.8
0.44273 1018.8
0.44274 1018.8
0.44275 1018.8
0.44276 1018.8
0.44277 1018.8
0.44278 1018.8
0.44279 1018.8
0.44280 1018.8
0.44281 1018.8
0.44282 1018.8
0.44283 1018.8
0.44284 1018.8
0.44285 1018.8
0.44286 1018.8
0.44287 1018.8
0.44288 1018.8
0.44289 1018.8
0.44290 1018.8
0.44291 1018.8
0.44292 1018.8
0.44293 1018.8
0.44294 1018.8
0.44295 1018.8
0.44296 1018.8
0.44297 1018.8
0.44298 1018.8
0.44299 1018.8
0.44300 1018.8
0.44301 1018.8
0.44302 1018.8
0.44303 1018.8
0.44304 1018.8
0.44305 1018.8
0.44306 1018.8
0.44307 1018.8
0.44308 1018.8
0.44309 1018.8
0.44310 1018.8
0.44311 1018.8
0.44312 1018.8
0.44313 1018.8
0.44314 1018.8
0.44315 1018.8
0.44316 1018.8
0.44317 1018.8
0.44318 1018.8
0.44319 1018.8
0.44320 1018.8
0.44321 1018.8
0.44322 1018.8
0.44323 1018.8
0.44324 1018.8
0.44325 1018.8
0.44326 1018.8
0.44327 1018.8
0.44328 1018.8
0.44329 1018.8
0.44330 1018.8
0.44331 1018.8
0.44332 1018.8
0.44333 1018.8
0.44334 1018.8
0.44335 1018.8
0.44336 1018.8
0.44337 1018.8
0.44338 1018.8
0.44339 1018.8
0.44340 1018.8
0.44341 1018.8
0.44342 1018.8
0.44343 1018.8
0.44344 1018.8
0.44345 1018.8
0.44346 1018.8
0.44347 1018.8
0.44348 1018.8
0.44349 1018.8
0.44350 1018.8
0.44351 1018.8
0.44352 1018.8
0.44353 1018.8
0.44354 1018.8
0.44355 1018.8
0.44356 1018.8
0.44357 1018.8
0.44358 1018.8
0.44359 1018.8
0.44360 1018.8
0.44361 1018.8
0.44362 1018.8
0.44363 1018.8
0.44364 1018.8
0.44365 1018.8
0.44366 1018.8
0.44367 1018.8
0.44368 1018.8
0.44369 1018.8
0.44370 1018.8
0.44371 1018.8
0.44372 1018.8
0.44373 1018.8
0.44374 1018.8
0.44375 1018.8
0.44376 1018.8
0.44377 1018.8
0.44378 1018.8
0.44379 1018.8
0.44380 1018.8
0.44381 1018.8
0.44382 1018.8
0.44383 1018.8
0.44384 1018.8
0.44385 1018.8
0.44386 1018.8
0.44387 1018.8
0.44388 1018.8
0.44389 1018.8
0.44390 1018.8
0.44391 1018.8
0.44392 1018.8
0.44393 1018.8
0.44394 1018.8
0.44395 1018.8
0.44396 1018.8
0.44397 1018.8
0.44398 1018.8
0.44399 1018.8
0.44400 1018.8
0.44401 1018.8
0.44402 1018.8
0.44403 1018.8
0.44404 1018.8
0.44405 1018.8
0.44406 1018.8
0.44407 1018.8
0.44408 1018.8
0.44409 1018.8
0.44410 1018.8
0.44411 1018.8
0.44412 1018.8
0.44413 1018.8
0.44414 1018.8
0.44415 1018.8
0.44416 1018.8
0.44417 1018.8
0.44418 1018.8
0.44419 1018.8
0.44420 1018.8
0.44421 1018.8
0.44422 1018.8
0.44423 1018.8
0.44424 1018.8
0.44425 1018.8
0.44426 1018.8
0.44427 1018.8
0.44428 1018.8
0.44429 1018.8
0.44430 1018.8
0.44431 1018.8
0.44432 1018.8
0.44433 1018.8
0.44434 1018.8
0.44435 1018.8
0.44436 1018.8
0.44437 1018.8
0.44438 1018.8
0.44439 1018.8
0.44440 1018.8
0.44441 1018.8
0.44442 1018.8
0.44443 1018.8
0.44444 1018.8
0.44445 1018.8
0.44446 1018.8
0.44447 1018.8
0.44448 1018.8
0.44449 1018.8
0.44450 1018.8
0.44451 1018.8
0.44452 1018.8
0.44453 1018.8
0.44454 1018.8
0.44455 1018.8
0.44456 1018.8
0.44457 1018.8
0.44458 1018.8
0.44459 1018.8
0.44460 1018.8
0.44461 1018.8
0.44462 1018.8
0.44463 1018.8
0.44464 1018.8
0.44465 1018.8
0.44466 1018.8
0.44467 1018.8
0.44468 1018.8
0.44469 1018.8
0.44470 1018.8
0.44471 1018.8
0.44472 1018.8
0.44473 1018.8
0.44474 1018.8
0.44475 1018.8
0.44476 1018.8
0.44477 1018.8
0.44478 1018.8
0.44479 1018.8
0.44480 1018.8
0.44481 1018.8
0.44482 1018.8
0.44483 1018.8
0.44484 1018.8
0.44485 1018.8
0.44486 1018.8
0.44487 1018.8
0.44488 1018.8
0.44489 1018.8
0.44490 1018.8
0.44491 1018.8
0.44492 1018.8
0.44493 1018.8
0.44494 1018.8
0.44495 1018.8
0.44496 1018.8
0.44497 1018.8
0.44498 1018.8
0.44499 1018.8
0.44500 1018.8
0.44501 1018.8
0.44502 1018.8
0.44503 1018.8
0.44504 1018.8
0.44505 1018.8
0.44506 1018.8
0.44507 1018.8
0.44508 1018.8
0.44509 1018.8
0.44510 1018.8
0.44511 1018.8
0.44512 1018.8
0.44513 1018.8
0.44514 1018.8
0.44515 1018.8
0.44516 1018.8
0.44517 1018.8
0.44518 1018.8
0.44519 1018.8
0.44520 1018.8
0.44521 1018.8
0.44522 1018.8
0.44523 1018.8
0.44524 1018.8
0.44525 1018.8
0.44526 1018.8
0.44527 1018.8
0.44528 1018.8
0.44529 1018.8
0.44530 1018.8
0.44531 1018.8
0.44532 1018.8
0.44533 1018.8
0.44534 1018.8
0.44535 1018.8
0.44536 1018.8
0.44537 1018.8
0.44538 1018.8
0.44539 1018.8
0.44540 1018.8
0.44541 1018.8
0.44542 1018.8
0.44543 1018.8
0.44544 1018.8
0.44545 1018.8
0.44546 1018.8
0.44547 1018.8
0.44548 1018.8
0.44549 1018.8
0.44550 1018.8
0.44551 1018.8
0.44552 1018.8
0.44553 1018.8
0.44554 1018.8
0.44555 1018.8
0.44556 1018.8
0.44557 1018.8
0.44558 1018.8
0.44559 1018.8
0.44560 1018.8
0.44561 1018.8
0.44562 1018.8
0.44563 1018.8
0.44564 1018.8
0.44565 1018.8
0.44566 1018.8
0.44567 1018.8
0.44568 1018.8
0.44569 1018.8
0.44570 1018.8
0.44571 1018.8
0.44572 1018.8
0.44573 1018.8
0.44574 1018.8
0.44575 1018.8
0.44576 1018.8
0.44577 1018.8
0.44578 1018.8
0.44579 1018.8
0.44580 1018.8
0.44581 1018.8
0.44582 1018.8
0.44583 1018.8
0.44584 1018.8
0.44585 1018.8
0.44586 1018.8
0.44587 1018.8
0.44588 1018.8
0.44589 1018.8
0.44590 1018.8
0.44591 1018.8
0.44592 1018.8
0.44593 1018.8
0.44594 1018.8
0.44595 1018.8
0.44596 1018.8
0.44597 1018.8
0.44598 1018.8
0.44599 1018.8
0.44600 1018.8
0.44601 1018.8
0.44602 1018.8
0.44603 1018.8
0.44604 1018.8
0.44605 1018.8
0.44606 1018.8
0.44607 1018.8
0.44608 1018.8
0.44609 1018.8
0.44610 1018.8
0.44611 1018.8
0.44612 1018.8
0.44613 1018.8
0.44614 1018.8
0.44615 1018.8
0.44616 1018.8
0.44617 1018.8
0.44618 1018.8
0.44619 1018.8
0.44620 1018.8
0.44621 1018.8
0.44622 1018.8
0.44623 1018.8
0.44624 1018.8
0.44625 1018.8
0.44626 1018.8
0.44627 1018.8
0.44628 1018.8
0.44629 1018.8
0.44630 1018.8
0.44631 1018.8
0.44632 1018.8
0.44633 1018.8
0.44634 1018.8
0.44635 1018.8
0.44636 1018.8
0.44637 1018.8
0.44638 1018.8
0.44639 1018.8
0.44640 1018.8
0.44641 1018.8
0.44642 1018.8
0.44643 1018.8
0.44644 1018.8
0.44645 1018.8
0.44646 1018.8
0.44647 1018.8
0.44648 1018.8
0.44649 1018.8
0.44650 1018.8
0.44651 1018.8
0.44652 1018.8
0.44653 1018.8
0.44654 1018.8
0.44655 1018.8
0.44656 1018.8
0.44657 1018.8
0.44658 1018.8
0.44659 1018.8
0.44660 1018.8
0.44661 1018.8
0.44662 1018.8
0.44663 1018.8
0.44664 1018.8
0.44665 1018.8
0.44666 1018.8
0.44667 1018.8
0.44668 1018.8
0.44669 1018.8
0.44670 1018.8
0.44671 1018.8
0.44672 1018.8
0.44673 1018.8
0.44674 1018.8
0.44675 1018.8
0.44676 1018.8
0.44677 1018.8
0.44678 1018.8
0.44679 1018.8
0.44680 1018.8
0.44681 1018.8
0.44682 1018.8
0.44683 1018.8
0.44684 1018.8
0.44685 1018.8
0.44686 1018.8
0.44687 1018.8
0.44688 1018.8
0.44689 1018.8
0.44690 1018.8
0.44691 1018.8
0.44692 1018.8
0.44693 1018.8
0.44694 1018.8
0.44695 1018.8
0.44696 1018.8
0.44697 1018.8
0.44698 1018.8
0.44699 1018.8
0.44700 1018.8
0.44701 1018.8
0.44702 1018.8
0.44703 1018.8
0.44704 1018.8
0.44705 1018.8
0.44706 1018.8
0.44707 1018.8
0.44708 1018.8
0.44709 1018.8
0.44710 1018.8
0.44711 1018.8
0.44712 1018.8
0.44713 1018.8
0.44714 1018.8
0.44715 1018.8
0.44716 1018.8
0.44717 1018.8
0.44718 1018.8
0.44719 1018.8
0.44720 1018.8
0.44721 1018.8
0.44722 1018.8
0.44723 1018.8
0.44724 1018.8
0.44725 1018.8
0.44726 1018.8
0.44727 1018.8
0.44728 1018.8
0.44729 1018.8
0.44730 1018.8
0.44731 1018.8
0.44732 1018.8
0.44733 1018.8
0.44734 1018.8
0.44735 1018.8
0.44736 1018.8
0.44737 1018.8
0.44738 1018.8
0.44739 1018.8
0.44740 1018.8
0.44741 1018.8
0.44742 1018.8
0.44743 1018.8
0.44744 1018.8
0.44745 1018.8
0.44746 1018.8
0.44747 1018.8
0.44748 1018.8
0.44749 1018.8
0.44750 1018.8
0.44751 1018.8
0.44752 1018.8
0.44753 1018.8
0.44754 1018.8
0.44755 1018.8
0.44756 1018.8
0.44757 1018.8
0.44758 1018.8
0.44759 1018.8
0.44760 1018.8
0.44761 1018.8
0.44762 1018.8
0.44763 1018.8
0.44764 1018.8
0.44765 1018.8
0.44766 1018.8
0.44767 1018.8
0.44768 1018.8
0.44769 1018.8
0.44770 1018.8
0.44771 1018.8
0.44772 1018.8
0.44773 1018.8
0.44774 1018.8
0.44775 1018.8
0.44776 1018.8
0.44777 1018.8
0.44778 1018.8
0.44779 1018.8
0.44780 1018.8
0.44781 1018.8
0.44782 1018.8
0.44783 1018.8
0.44784 1018.8
0.44785 1018.8
0.44786 1018.8
0.44787 1018.8
0.44788 1018.8
0.44789 1018.8
0.44790 1018.8
0.44791 1018.8
0.44792 1018.8
0.44793 1018.8
0.44794 1018.8
0.44795 1018.8
0.44796 1018.8
0.44797 1018.8
0.44798 1018.8
0.44799 1018.8
0.44800 1018.8
0.44801 1018.8
0.44802 1018.8
0.44803 1018.8
0.44804 1018.8
0.44805 1018.8
0.44806 1018.8
0.44807 1018.8
0.44808 1018.8
0.44809 1018.8
0.44810 1018.8
0.44811 1018.8
0.44812 1018.8
0.44813 1018.8
0.44814 1018.8
0.44815 1018.8
0.44816 1018.8
0.44817 1018.8
0.44818 1018.8
0.44819 1018.8
0.44820 1018.8
0.44821 1018.8
0.44822 1018.8
0.44823 1018.8
0.44824 1018.8
0.44825 1018.8
0.44826 1018.8
0.44827 1018.8
0.44828 1018.8
0.44829 1018.8
0.44830 1018.8
0.44831 1018.8
0.44832 1018.8
0.44833 1018.8
0.44834 1018.8
0.44835 1018.8
0.44836 1018.8
0.44837 1018.8
0.44838 1018.8
0.44839 1018.8
0.44840 1018.8
0.44841 1018.8
0.44842 1018.8
0.44843 1018.8
0.44844 1018.8
0.44845 1018.8
0.44846 1018.8
0.44847 1018.8
0.44848 1018.8
0.44849 1018.8
0.44850 1018.8
0.44851 1018.8
0.44852 1018.8
0.44853 1018.8
0.44854 1018.8
0.44855 1018.8
0.44856 1018.8
0.44857 1018.8
0.44858 1018.8
0.44859 1018.8
0.44860 1018.8
0.44861 1018.8
0.44862 1018.8
0.44863 1018.8
0.44864 1018.8
0.44865 1018.8
0.44866 1018.8
0.44867 1018.8
0.44868 1018.8
0.44869 1018.8
0.44870 1018.8
0.44871 1018.8
0.44872 1018.8
0.44873 1018.8
0.44874 1018.8
0.44875 1018.8
0.44876 1018.8
0.44877 1018.8
0.44878 1018.8
0.44879 1018.8
0.44880 1018.8
0.44881 1018.8
0.44882 1018.8
0.44883 1018.8
0.44884 1018.8
0.44885 1018.8
0.44886 1018.8
0.44887 1018.8
0.44888 1018.8
0.44889 1018.8
0.44890 1018.8
0.44891 1018.8
0.44892 1018.8
0.44893 1018.8
0.44894 1018.8
0.44895 1018.8
0.44896 1018.8
0.44897 1018.8
0.44898 1018.8
0.44899 1018.8
0.44900 1018.8
0.44901 1018.8
0.44902 1018.8
0.44903 1018.8
0.44904 1018.8
0.44905 1018.8
0.44906 1018.8
0.44907 1018.8
0.44908 1018.8
0.44909 1018.8
0.44910 1018.8
0.44911 1018.8
0.44912 1018.8
0.44913 1018.8
0.44914 1018.8
0.44915 1018.8
0.44916 1018.8
0.44917 1018.8
0.44918 1018.8
0.44919 1018.8
0.44920 1018.8
0.44921 1018.8
0.44922 1018.8
0.44923 1018.8
0.44924 1018.8
0.44925 1018.8
0.44926 1018.8
0.44927 1018.8
0.44928 1018.8
0.44929 1018.8
0.44930 1018.8
0.44931 1018.8
0.44932 1018.8
0.44933 1018.8
0.44934 1018.8
0.44935 1018.8
0.44936 1018.8
0.44937 1018.8
0.44938 1018.8
0.44939 1018.8
0.44940 1018.8
0.44941 1018.8
0.44942 1018.8
0.44943 1018.8
0.44944 1018.8
0.44945 1018.8
0.44946 1018.8
0.44947 1018.8
0.44948 1018.8
0.44949 1018.8
0.44950 1018.8
0.44951 1018.8
0.44952 1018.8
0.44953 1018.8
0.44954 1018.8
0.44955 1018.8
0.44956 1018.8
0.44957 1018.8
0.44958 1018.8
0.44959 1018.8
0.44960 1018.8
0.44961 1018.8
0.44962 1018.8
0.44963 1018.8
0.44964 1018.8
0.44965 1018.8
0.44966 1018.8
0.44967 1018.8
0.44968 1018.8
0.44969 1018.8
0.44970 1018.8
0.44971 1018.8
0.44972 1018.8
0.44973 1018.8
0.44974 1018.8
0.44975 1018.8
0.44976 1018.8
0.44977 1018.8
0.44978 1018.8
0.44979 1018.8
0.44980 1018.8
0.44981 1018.8
0.44982 1018.8
0.44983 1018.8
0.44984 1018.8
0.44985 1018.8
0.44986 1018.8
0.44987 1018.8
0.44988 1018.8
0.44989 1018.8
0.44990 1018.8
0.44991 1018.8
0.44992 1018.8
0.44993 1018.8
0.44994 1018.8
0.44995 1018.8
0.44996 1018.8
0.44997 1018.8
0.44998 1018.8
0.44999 1018.8
0.45000 1018.8
0.45001 1018.8
0.45002 1018.8
0.45003 1018.8
0.45004 1018.8
0.45005 1018.8
0.45006 1018.8
0.45007 1018.8
0.45008 1018.8
0.45009 1018.8
0.45010 1018.8
0.45011 1018.8
0.45012 1018.8
0.45013 1018.8
0.45014 1018.8
0.45015 1018.8
0.45016 1018.8
0.45017 1018.8
0.45018 1018.8
0.45019 1018.8
0.45020 1018.8
0.45021 1018.8
0.45022 1018.8
0.45023 1018.8
0.45024 1018.8
0.45025 1018.8
0.45026 1018.8
0.45027 1018.8
0.45028 1018.8
0.45029 1018.8
0.45030 1018.8
0.45031 1018.8
0.45032 1018.8
0.45033 1018.8
0.45034 1018.8
0.45035 1018.8
0.45036 1018.8
0.45037 1018.8
0.45038 1018.8
0.45039 1018.8
0.45040 1018.8
0.45041 1018.8
0.45042 1018.8
0.45043 1018.8
0.45044 1018.8
0.45045 1018.8
0.45046 1018.8
0.45047 1018.8
0.45048 1018.8
0.45049 1018.8
0.45050 1018.8
0.45051 1018.8
0.45052 1018.8
0.45053 1018.8
0.45054 1018.8
0.45055 1018.8
0.45056 1018.8
0.45057 1018.8
0.45058 1018.8
0.45059 1018.8
0.45060 1018.8
0.45061 1018.8
0.45062 1018.8
0.45063 1018.8
0.45064 1018.8
0.45065 1018.8
0.45066 1018.8
0.45067 1018.8
0.45068 1018.8
0.45069 1018.8
0.45070 1018.8
0.45071 1018.8
0.45072 1018.8
0.45073 1018.8
0.45074 1018.8
0.45075 1018.8
0.45076 1018.8
0.45077 1018.8
0.45078 1018.8
0.45079 1018.8
0.45080 1018.8
0.45081 1018.8
0.45082 1018.8
0.45083 1018.8
0.45084 1018.8
0.45085 1018.8
0.45086 1018.8
0.45087 1018.8
0.45088 1018.8
0.45089 1018.8
0.45090 1018.8
0.45091 1018.8
0.45092 1018.8
0.45093 1018.8
0.45094 1018.8
0.45095 1018.8
0.45096 1018.8
0.45097 1018.8
0.45098 1018.8
0.45099 1018.8
0.45100 1018.8
0.45101 1018.8
0.45102 1018.8
0.45103 1018.8
0.45104 1018.8
0.45105 1018.8
0.45106 1018.8
0.45107 1018.8
0.45108 1018.8
0.45109 1018.8
0.45110 1018.8
0.45111 1018.8
0.45112 1018.8
0.45113 1018.8
0.45114 1018.8
0.45115 1018.8
0.45116 1018.8
0.45117 1018.8
0.45118 1018.8
0.45119 1018.8
0.45120 1018.8
0.45121 1018.8
0.45122 1018.8
0.45123 1018.8
0.45124 1018.8
0.45125 1018.8
0.45126 1018.8
0.45127 1018.8
0.45128 1018.8
0.45129 1018.8
0.45130 1018.8
0.45131 1018.8
0.45132 1018.8
0.45133 1018.8
0.45134 1018.8
0.45135 1018.8
0.45136 1018.8
0.45137 1018.8
0.45138 1018.8
0.45139 1018.8
0.45140 1018.8
0.45141 1018.8
0.45142 1018.8
0.45143 1018.8
0.45144 1018.8
0.45145 1018.8
0.45146 1018.8
0.45147 1018.8
0.45148 1018.8
0.45149 1018.8
0.45150 1018.8
0.45151 1018.8
0.45152 1018.8
0.45153 1018.8
0.45154 1018.8
0.45155 1018.8
0.45156 1018.8
0.45157 1018.8
0.45158 1018.8
0.45159 1018.8
0.45160 1018.8
0.45161 1018.8
0.45162 1018.8
0.45163 1018.8
0.45164 1018.8
0.45165 1018.8
0.45166 1018.8
0.45167 1018.8
0.45168 1018.8
0.45169 1018.8
0.45170 1018.8
0.45171 1018.8
0.45172 1018.8
0.45173 1018.8
0.45174 1018.8
0.45175 1018.8
0.45176 1018.8
0.45177 1018.8
0.45178 1018.8
0.45179 1018.8
0.45180 1018.8
0.45181 1018.8
0.45182 1018.8
0.45183 1018.8
0.45184 1018.8
0.45185 1018.8
0.45186 1018.8
0.45187 1018.8
0.45188 1018.8
0.45189 1018.8
0.45190 1018.8
0.45191 1018.8
0.45192 1018.8
0.45193 1018.8
0.45194 1018.8
0.45195 1018.8
0.45196 1018.8
0.45197 1018.8
0.45198 1018.8
0.45199 1018.8
0.45200 1018.8
0.45201 1018.8
0.45202 1018.8
0.45203 1018.8
0.45204 1018.8
0.45205 1018.8
0.45206 1018.8
0.45207 1018.8
0.45208 1018.8
0.45209 1018.8
0.45210 1018.8
0.45211 1018.8
0.45212 1018.8
0.45213 1018.8
0.45214 1018.8
0.45215 1018.8
0.45216 1018.8
0.45217 1018.8
0.45218 1018.8
0.45219 1018.8
0.45220 1018.8
0.45221 1018.8
0.45222 1018.8
0.45223 1018.8
0.45224 1018.8
0.45225 1018.8
0.45226 1018.8
0.45227 1018.8
0.45228 1018.8
0.45229 1018.8
0.45230 1018.8
0.45231 1018.8
0.45232 1018.8
0.45233 1018.8
0.45234 1018.8
0.45235 1018.8
0.45236 1018.8
0.45237 1018.8
0.45238 1018.8
0.45239 1018.8
0.45240 1018.8
0.45241 1018.8
0.45242 1018.8
0.45243 1018.8
0.45244 1018.8
0.45245 1018.8
0.45246 1018.8
0.45247 1018.8
0.45248 1018.8
0.45249 1018.8
0.45250 1018.8
0.45251 1018.8
0.45252 1018.8
0.45253 1018.8
0.45254 1018.8
0.45255 1018.8
0.45256 1018.8
0.45257 1018.8
0.45258 1018.8
0.45259 1018.8
0.45260 1018.8
0.45261 1018.8
0.45262 1018.8
0.45263 1018.8
0.45264 1018.8
0.45265 1018.8
0.45266 1018.8
0.45267 1018.8
0.45268 1018.8
0.45269 1018.8
0.45270 1018.8
0.45271 1018.8
0.45272 1018.8
0.45273 1018.8
0.45274 1018.8
0.45275 1018.8
0.45276 1018.8
0.45277 1018.8
0.45278 1018.8
0.45279 1018.8
0.45280 1018.8
0.45281 1018.8
0.45282 1018.8
0.45283 1018.8
0.45284 1018.8
0.45285 1018.8
0.45286 1018.8
0.45287 1018.8
0.45288 1018.8
0.45289 1018.8
0.45290 1018.8
0.45291 1018.8
0.45292 1018.8
0.45293 1018.8
0.45294 1018.8
0.45295 1018.8
0.45296 1018.8
0.45297 1018.8
0.45298 1018.8
0.45299 1018.8
0.45300 1018.8
0.45301 1018.8
0.45302 1018.8
0.45303 1018.8
0.45304 1018.8
0.45305 1018.8
0.45306 1018.8
0.45307 1018.8
0.45308 1018.8
0.45309 1018.8
0.45310 1018.8
0.45311 1018.8
0.45312 1018.8
0.45313 1018.8
0.45314 1018.8
0.45315 1018.8
0.45316 1018.8
0.45317 1018.8
0.45318 1018.8
0.45319 1018.8
0.45320 1018.8
0.45321 1018.8
0.45322 1018.8
0.45323 1018.8
0.45324 1018.8
0.45325 1018.8
0.45326 1018.8
0.45327 1018.8
0.45328 1018.8
0.45329 1018.8
0.45330 1018.8
0.45331 1018.8
0.45332 1018.8
0.45333 1018.8
0.45334 1018.8
0.45335 1018.8
0.45336 1018.8
0.45337 1018.8
0.45338 1018.8
0.45339 1018.8
0.45340 1018.8
0.45341 1018.8
0.45342 1018.8
0.45343 1018.8
0.45344 1018.8
0.45345 1018.8
0.45346 1018.8
0.45347 1018.8
0.45348 1018.8
0.45349 1018.8
0.45350 1018.8
0.45351 1018.8
0.45352 1018.8
0.45353 1018.8
0.45354 1018.8
0.45355 1018.8
0.45356 1018.8
0.45357 1018.8
0.45358 1018.8
0.45359 1018.8
0.45360 1018.8
0.45361 1018.8
0.45362 1018.8
0.45363 1018.8
0.45364 1018.8
0.45365 1018.8
0.45366 1018.8
0.45367 1018.8
0.45368 1018.8
0.45369 1018.8
0.45370 1018.8
0.45371 1018.8
0.45372 1018.8
0.45373 1018.8
0.45374 1018.8
0.45375 1018.8
0.45376 1018.8
0.45377 1018.8
0.45378 1018.8
0.45379 1018.8
0.45380 1018.8
0.45381 1018.8
0.45382 1018.8
0.45383 1018.8
0.45384 1018.8
0.45385 1018.8
0.45386 1018.8
0.45387 1018.8
0.45388 1018.8
0.45389 1018.8
0.45390 1018.8
0.45391 1018.8
0.45392 1018.8
0.45393 1018.8
0.45394 1018.8
0.45395 1018.8
0.45396 1018.8
0.45397 1018.8
0.45398 1018.8
0.45399 1018.8
0.45400 1018.8
0.45401 1018.8
0.45402 1018.8
0.45403 1018.8
0.45404 1018.8
0.45405 1018.8
0.45406 1018.8
0.45407 1018.8
0.45408 1018.8
0.45409 1018.8
0.45410 1018.8
0.45411 1018.8
0.45412 1018.8
0.45413 1018.8
0.45414 1018.8
0.45415 1018.8
0.45416 1018.8
0.45417 1018.8
0.45418 1018.8
0.45419 1018.8
0.45420 1018.8
0.45421 1018.8
0.45422 1018.8
0.45423 1018.8
0.45424 1018.8
0.45425 1018.8
0.45426 1018.8
0.45427 1018.8
0.45428 1018.8
0.45429 1018.8
0.45430 1018.8
0.45431 1018.8
0.45432 1018.8
0.45433 1018.8
0.45434 1018.8
0.45435 1018.8
0.45436 1018.8
0.45437 1018.8
0.45438 1018.8
0.45439 1018.8
0.45440 1018.8
0.45441 1018.8
0.45442 1018.8
0.45443 1018.8
0.45444 1018.8
0.45445 1018.8
0.45446 1018.8
0.45447 1018.8
0.45448 1018.8
0.45449 1018.8
0.45450 1018.8
0.45451 1018.8
0.45452 1018.8
0.45453 1018.8
0.45454 1018.8
0.45455 1018.8
0.45456 1018.8
0.45457 1018.8
0.45458 1018.8
0.45459 1018.8
0.45460 1018.8
0.45461 1018.8
0.45462 1018.8
0.45463 1018.8
0.45464 1018.8
0.45465 1018.8
0.45466 1018.8
0.45467 1018.8
0.45468 1018.8
0.45469 1018.8
0.45470 1018.8
0.45471 1018.8
0.45472 1018.8
0.45473 1018.8
0.45474 1018.8
0.45475 1018.8
0.45476 1018.8
0.45477 1018.8
0.45478 1018.8
0.45479 1018.8
0.45480 1018.8
0.45481 1018.8
0.45482 1018.8
0.45483 1018.8
0.45484 1018.8
0.45485 1018.8
0.45486 1018.8
0.45487 1018.8
0.45488 1018.8
0.45489 1018.8
0.45490 1018.8
0.45491 1018.8
0.45492 1018.8
0.45493 1018.8
0.45494 1018.8
0.45495 1018.8
0.45496 1018.8
0.45497 1018.8
0.45498 1018.8
0.45499 1018.8
0.45500 1018.8
0.45501 1018.8
0.45502 1018.8
0.45503 1018.8
0.45504 1018.8
0.45505 1018.8
0.45506 1018.8
0.45507 1018.8
0.45508 1018.8
0.45509 1018.8
0.45510 1018.8
0.45511 1018.8
0.45512 1018.8
0.45513 1018.8
0.45514 1018.8
0.45515 1018.8
0.45516 1018.8
0.45517 1018.8
0.45518 1018.8
0.45519 1018.8
0.45520 1018.8
0.45521 1018.8
0.45522 1018.8
0.45523 1018.8
0.45524 1018.8
0.45525 1018.8
0.45526 1018.8
0.45527 1018.8
0.45528 1018.8
0.45529 1018.8
0.45530 1018.8
0.45531 1018.8
0.45532 1018.8
0.45533 1018.8
0.45534 1018.8
0.45535 1018.8
0.45536 1018.8
0.45537 1018.8
0.45538 1018.8
0.45539 1018.8
0.45540 1018.8
0.45541 1018.8
0.45542 1018.8
0.45543 1018.8
0.45544 1018.8
0.45545 1018.8
0.45546 1018.8
0.45547 1018.8
0.45548 1018.8
0.45549 1018.8
0.45550 1018.8
0.45551 1018.8
0.45552 1018.8
0.45553 1018.8
0.45554 1018.8
0.45555 1018.8
0.45556 1018.8
0.45557 1018.8
0.45558 1018.8
0.45559 1018.8
0.45560 1018.8
0.45561 1018.8
0.45562 1018.8
0.45563 1018.8
0.45564 1018.8
0.45565 1018.8
0.45566 1018.8
0.45567 1018.8
0.45568 1018.8
0.45569 1018.8
0.45570 1018.8
0.45571 1018.8
0.45572 1018.8
0.45573 1018.8
0.45574 1018.8
0.45575 1018.8
0.45576 1018.8
0.45577 1018.8
0.45578 1018.8
0.45579 1018.8
0.45580 1018.8
0.45581 1018.8
0.45582 1018.8
0.45583 1018.8
0.45584 1018.8
0.45585 1018.8
0.45586 1018.8
0.45587 1018.8
0.45588 1018.8
0.45589 1018.8
0.45590 1018.8
0.45591 1018.8
0.45592 1018.8
0.45593 1018.8
0.45594 1018.8
0.45595 1018.8
0.45596 1018.8
0.45597 1018.8
0.45598 1018.8
0.45599 1018.8
0.45600 1018.8
0.45601 1018.8
0.45602 1018.8
0.45603 1018.8
0.45604 1018.8
0.45605 1018.8
0.45606 1018.8
0.45607 1018.8
0.45608 1018.8
0.45609 1018.8
0.45610 1018.8
0.45611 1018.8
0.45612 1018.8
0.45613 1018.8
0.45614 1018.8
0.45615 1018.8
0.45616 1018.8
0.45617 1018.8
0.45618 1018.8
0.45619 1018.8
0.45620 1018.8
0.45621 1018.8
0.45622 1018.8
0.45623 1018.8
0.45624 1018.8
0.45625 1018.8
0.45626 1018.8
0.45627 1018.8
0.45628 1018.8
0.45629 1018.8
0.45630 1018.8
0.45631 1018.8
0.45632 1018.8
0.45633 1018.8
0.45634 1018.8
0.45635 1018.8
0.45636 1018.8
0.45637 1018.8
0.45638 1018.8
0.45639 1018.8
0.45640 1018.8
0.45641 1018.8
0.45642 1018.8
0.45643 1018.8
0.45644 1018.8
0.45645 1018.8
0.45646 1018.8
0.45647 1018.8
0.45648 1018.8
0.45649 1018.8
0.45650 1018.8
0.45651 1018.8
0.45652 1018.8
0.45653 1018.8
0.45654 1018.8
0.45655 1018.8
0.45656 1018.8
0.45657 1018.8
0.45658 1018.8
0.45659 1018.8
0.45660 1018.8
0.45661 1018.8
0.45662 1018.8
0.45663 1018.8
0.45664 1018.8
0.45665 1018.8
0.45666 1018.8
0.45667 1018.8
0.45668 1018.8
0.45669 1018.8
0.45670 1018.8
0.45671 1018.8
0.45672 1018.8
0.45673 1018.8
0.45674 1018.8
0.45675 1018.8
0.45676 1018.8
0.45677 1018.8
0.45678 1018.8
0.45679 1018.8
0.45680 1018.8
0.45681 1018.8
0.45682 1018.8
0.45683 1018.8
0.45684 1018.8
0.45685 1018.8
0.45686 1018.8
0.45687 1018.8
0.45688 1018.8
0.45689 1018.8
0.45690 1018.8
0.45691 1018.8
0.45692 1018.8
0.45693 1018.8
0.45694 1018.8
0.45695 1018.8
0.45696 1018.8
0.45697 1018.8
0.45698 1018.8
0.45699 1018.8
0.45700 1018.8
0.45701 1018.8
0.45702 1018.8
0.45703 1018.8
0.45704 1018.8
0.45705 1018.8
0.45706 1018.8
0.45707 1018.8
0.45708 1018.8
0.45709 1018.8
0.45710 1018.8
0.45711 1018.8
0.45712 1018.8
0.45713 1018.8
0.45714 1018.8
0.45715 1018.8
0.45716 1018.8
0.45717 1018.8
0.45718 1018.8
0.45719 1018.8
0.45720 1018.8
0.45721 1018.8
0.45722 1018.8
0.45723 1018.8
0.45724 1018.8
0.45725 1018.8
0.45726 1018.8
0.45727 1018.8
0.45728 1018.8
0.45729 1018.8
0.45730 1018.8
0.45731 1018.8
0.45732 1018.8
0.45733 1018.8
0.45734 1018.8
0.45735 1018.8
0.45736 1018.8
0.45737 1018.8
0.45738 1018.8
0.45739 1018.8
0.45740 1018.8
0.45741 1018.8
0.45742 1018.8
0.45743 1018.8
0.45744 1018.8
0.45745 1018.8
0.45746 1018.8
0.45747 1018.8
0.45748 1018.8
0.45749 1018.8
0.45750 1018.8
0.45751 1018.8
0.45752 1018.8
0.45753 1018.8
0.45754 1018.8
0.45755 1018.8
0.45756 1018.8
0.45757 1018.8
0.45758 1018.8
0.45759 1018.8
0.45760 1018.8
0.45761 1018.8
0.45762 1018.8
0.45763 1018.8
0.45764 1018.8
0.45765 1018.8
0.45766 1018.8
0.45767 1018.8
0.45768 1018.8
0.45769 1018.8
0.45770 1018.8
0.45771 1018.8
0.45772 1018.8
0.45773 1018.8
0.45774 1018.8
0.45775 1018.8
0.45776 1018.8
0.45777 1018.8
0.45778 1018.8
0.45779 1018.8
0.45780 1018.8
0.45781 1018.8
0.45782 1018.8
0.45783 1018.8
0.45784 1018.8
0.45785 1018.8
0.45786 1018.8
0.45787 1018.8
0.45788 1018.8
0.45789 1018.8
0.45790 1018.8
0.45791 1018.8
0.45792 1018.8
0.45793 1018.8
0.45794 1018.8
0.45795 1018.8
0.45796 1018.8
0.45797 1018.8
0.45798 1018.8
0.45799 1018.8
0.45800 1018.8
0.45801 1018.8
0.45802 1018.8
0.45803 1018.8
0.45804 1018.8
0.45805 1018.8
0.45806 1018.8
0.45807 1018.8
0.45808 1018.8
0.45809 1018.8
0.45810 1018.8
0.45811 1018.8
0.45812 1018.8
0.45813 1018.8
0.45814 1018.8
0.45815 1018.8
0.45816 1018.8
0.45817 1018.8
0.45818 1018.8
0.45819 1018.8
0.45820 1018.8
0.45821 1018.8
0.45822 1018.8
0.45823 1018.8
0.45824 1018.8
0.45825 1018.8
0.45826 1018.8
0.45827 1018.8
0.45828 1018.8
0.45829 1018.8
0.45830 1018.8
0.45831 1018.8
0.45832 1018.8
0.45833 1018.8
0.45834 1018.8
0.45835 1018.8
0.45836 1018.8
0.45837 1018.8
0.45838 1018.8
0.45839 1018.8
0.45840 1018.8
0.45841 1018.8
0.45842 1018.8
0.45843 1018.8
0.45844 1018.8
0.45845 1018.8
0.45846 1018.8
0.45847 1018.8
0.45848 1018.8
0.45849 1018.8
0.45850 1018.8
0.45851 1018.8
0.45852 1018.8
0.45853 1018.8
0.45854 1018.8
0.45855 1018.8
0.45856 1018.8
0.45857 1018.8
0.45858 1018.8
0.45859 1018.8
0.45860 1018.8
0.45861 1018.8
0.45862 1018.8
0.45863 1018.8
0.45864 1018.8
0.45865 1018.8
0.45866 1018.8
0.45867 1018.8
0.45868 1018.8
0.45869 1018.8
0.45870 1018.8
0.45871 1018.8
0.45872 1018.8
0.45873 1018.8
0.45874 1018.8
0.45875 1018.8
0.45876 1018.8
0.45877 1018.8
0.45878 1018.8
0.45879 1018.8
0.45880 1018.8
0.45881 1018.8
0.45882 1018.8
0.45883 1018.8
0.45884 1018.8
0.45885 1018.8
0.45886 1018.8
0.45887 1018.8
0.45888 1018.8
0.45889 1018.8
0.45890 1018.8
0.45891 1018.8
0.45892 1018.8
0.45893 1018.8
0.45894 1018.8
0.45895 1018.8
0.45896 1018.8
0.45897 1018.8
0.45898 1018.8
0.45899 1018.8
0.45900 1018.8
0.45901 1018.8
0.45902 1018.8
0.45903 1018.8
0.45904 1018.8
0.45905 1018.8
0.45906 1018.8
0.45907 1018.8
0.45908 1018.8
0.45909 1018.8
0.45910 1018.8
0.45911 1018.8
0.45912 1018.8
0.45913 1018.8
0.45914 1018.8
0.45915 1018.8
0.45916 1018.8
0.45917 1018.8
0.45918 1018.8
0.45919 1018.8
0.45920 1018.8
0.45921 1018.8
0.45922 1018.8
0.45923 1018.8
0.45924 1018.8
0.45925 1018.8
0.45926 1018.8
0.45927 1018.8
0.45928 1018.8
0.45929 1018.8
0.45930 1018.8
0.45931 1018.8
0.45932 1018.8
0.45933 1018.8
0.45934 1018.8
0.45935 1018.8
0.45936 1018.8
0.45937 1018.8
0.45938 1018.8
0.45939 1018.8
0.45940 1018.8
0.45941 1018.8
0.45942 1018.8
0.45943 1018.8
0.45944 1018.8
0.45945 1018.8
0.45946 1018.8
0.45947 1018.8
0.45948 1018.8
0.45949 1018.8
0.45950 1018.8
0.45951 1018.8
0.45952 1018.8
0.45953 1018.8
0.45954 1018.8
0.45955 1018.8
0.45956 1018.8
0.45957 1018.8
0.45958 1018.8
0.45959 1018.8
0.45960 1018.8
0.45961 1018.8
0.45962 1018.8
0.45963 1018.8
0.45964 1018.8
0.45965 1018.8
0.45966 1018.8
0.45967 1018.8
0.45968 1018.8
0.45969 1018.8
0.45970 1018.8
0.45971 1018.8
0.45972 1018.8
0.45973 1018.8
0.45974 1018.8
0.45975 1018.8
0.45976 1018.8
0.45977 1018.8
0.45978 1018.8
0.45979 1018.8
0.45980 1018.8
0.45981 1018.8
0.45982 1018.8
0.45983 1018.8
0.45984 1018.8
0.45985 1018.8
0.45986 1018.8
0.45987 1018.8
0.45988 1018.8
0.45989 1018.8
0.45990 1018.8
0.45991 1018.8
0.45992 1018.8
0.45993 1018.8
0.45994 1018.8
0.45995 1018.8
0.45996 1018.8
0.45997 1018.8
0.45998 1018.8
0.45999 1018.8
0.46000 1018.8
0.46001 1018.8
0.46002 1018.8
0.46003 1018.8
0.46004 1018.8
0.46005 1018.8
0.46006 1018.8
0.46007 1018.8
0.46008 1018.8
0.46009 1018.8
0.46010 1018.8
0.46011 1018.8
0.46012 1018.8
0.46013 1018.8
0.46014 1018.8
0.46015 1018.8
0.46016 1018.8
0.46017 1018.8
0.46018 1018.8
0.46019 1018.8
0.46020 1018.8
0.46021 1018.8
0.46022 1018.8
0.46023 1018.8
0.46024 1018.8
0.46025 1018.8
0.46026 1018.8
0.46027 1018.8
0.46028 1018.8
0.46029 1018.8
0.46030 1018.8
0.46031 1018.8
0.46032 1018.8
0.46033 1018.8
0.46034 1018.8
0.46035 1018.8
0.46036 1018.8
0.46037 1018.8
0.46038 1018.8
0.46039 1018.8
0.46040 1018.8
0.46041 1018.8
0.46042 1018.8
0.46043 1018.8
0.46044 1018.8
0.46045 1018.8
0.46046 1018.8
0.46047 1018.8
0.46048 1018.8
0.46049 1018.8
0.46050 1018.8
0.46051 1018.8
0.46052 1018.8
0.46053 1018.8
0.46054 1018.8
0.46055 1018.8
0.46056 1018.8
0.46057 1018.8
0.46058 1018.8
0.46059 1018.8
0.46060 1018.8
0.46061 1018.8
0.46062 1018.8
0.46063 1018.8
0.46064 1018.8
0.46065 1018.8
0.46066 1018.8
0.46067 1018.8
0.46068 1018.8
0.46069 1018.8
0.46070 1018.8
0.46071 1018.8
0.46072 1018.8
0.46073 1018.8
0.46074 1018.8
0.46075 1018.8
0.46076 1018.8
0.46077 1018.8
0.46078 1018.8
0.46079 1018.8
0.46080 1018.8
0.46081 1018.8
0.46082 1018.8
0.46083 1018.8
0.46084 1018.8
0.46085 1018.8
0.46086 1018.8
0.46087 1018.8
0.46088 1018.8
0.46089 1018.8
0.46090 1018.8
0.46091 1018.8
0.46092 1018.8
0.46093 1018.8
0.46094 1018.8
0.46095 1018.8
0.46096 1018.8
0.46097 1018.8
0.46098 1018.8
0.46099 1018.8
0.46100 1018.8
0.46101 1018.8
0.46102 1018.8
0.46103 1018.8
0.46104 1018.8
0.46105 1018.8
0.46106 1018.8
0.46107 1018.8
0.46108 1018.8
0.46109 1018.8
0.46110 1018.8
0.46111 1018.8
0.46112 1018.8
0.46113 1018.8
0.46114 1018.8
0.46115 1018.8
0.46116 1018.8
0.46117 1018.8
0.46118 1018.8
0.46119 1018.8
0.46120 1018.8
0.46121 1018.8
0.46122 1018.8
0.46123 1018.8
0.46124 1018.8
0.46125 1018.8
0.46126 1018.8
0.46127 1018.8
0.46128 1018.8
0.46129 1018.8
0.46130 1018.8
0.46131 1018.8
0.46132 1018.8
0.46133 1018.8
0.46134 1018.8
0.46135 1018.8
0.46136 1018.8
0.46137 1018.8
0.46138 1018.8
0.46139 1018.8
0.46140 1018.8
0.46141 1018.8
0.46142 1018.8
0.46143 1018.8
0.46144 1018.8
0.46145 1018.8
0.46146 1018.8
0.46147 1018.8
0.46148 1018.8
0.46149 1018.8
0.46150 1018.8
0.46151 1018.8
0.46152 1018.8
0.46153 1018.8
0.46154 1018.8
0.46155 1018.8
0.46156 1018.8
0.46157 1018.8
0.46158 1018.8
0.46159 1018.8
0.46160 1018.8
0.46161 1018.8
0.46162 1018.8
0.46163 1018.8
0.46164 1018.8
0.46165 1018.8
0.46166 1018.8
0.46167 1018.8
0.46168 1018.8
0.46169 1018.8
0.46170 1018.8
0.46171 1018.8
0.46172 1018.8
0.46173 1018.8
0.46174 1018.8
0.46175 1018.8
0.46176 1018.8
0.46177 1018.8
0.46178 1018.8
0.46179 1018.8
0.46180 1018.8
0.46181 1018.8
0.46182 1018.8
0.46183 1018.8
0.46184 1018.8
0.46185 1018.8
0.46186 1018.8
0.46187 1018.8
0.46188 1018.8
0.46189 1018.8
0.46190 1018.8
0.46191 1018.8
0.46192 1018.8
0.46193 1018.8
0.46194 1018.8
0.46195 1018.8
0.46196 1018.8
0.46197 1018.8
0.46198 1018.8
0.46199 1018.8
0.46200 1018.8
0.46201 1018.8
0.46202 1018.8
0.46203 1018.8
0.46204 1018.8
0.46205 1018.8
0.46206 1018.8
0.46207 1018.8
0.46208 1018.8
0.46209 1018.8
0.46210 1018.8
0.46211 1018.8
0.46212 1018.8
0.46213 1018.8
0.46214 1018.8
0.46215 1018.8
0.46216 1018.8
0.46217 1018.8
0.46218 1018.8
0.46219 1018.8
0.46220 1018.8
0.46221 1018.8
0.46222 1018.8
0.46223 1018.8
0.46224 1018.8
0.46225 1018.8
0.46226 1018.8
0.46227 1018.8
0.46228 1018.8
0.46229 1018.8
0.46230 1018.8
0.46231 1018.8
0.46232 1018.8
0.46233 1018.8
0.46234 1018.8
0.46235 1018.8
0.46236 1018.8
0.46237 1018.8
0.46238 1018.8
0.46239 1018.8
0.46240 1018.8
0.46241 1018.8
0.46242 1018.8
0.46243 1018.8
0.46244 1018.8
0.46245 1018.8
0.46246 1018.8
0.46247 1018.8
0.46248 1018.8
0.46249 1018.8
0.46250 1018.8
0.46251 1018.8
0.46252 1018.8
0.46253 1018.8
0.46254 1018.8
0.46255 1018.8
0.46256 1018.8
0.46257 1018.8
0.46258 1018.8
0.46259 1018.8
0.46260 1018.8
0.46261 1018.8
0.46262 1018.8
0.46263 1018.8
0.46264 1018.8
0.46265 1018.8
0.46266 1018.8
0.46267 1018.8
0.46268 1018.8
0.46269 1018.8
0.46270 1018.8
0.46271 1018.8
0.46272 1018.8
0.46273 1018.8
0.46274 1018.8
0.46275 1018.8
0.46276 1018.8
0.46277 1018.8
0.46278 1018.8
0.46279 1018.8
0.46280 1018.8
0.46281 1018.8
0.46282 1018.8
0.46283 1018.8
0.46284 1018.8
0.46285 1018.8
0.46286 1018.8
0.46287 1018.8
0.46288 1018.8
0.46289 1018.8
0.46290 1018.8
0.46291 1018.8
0.46292 1018.8
0.46293 1018.8
0.46294 1018.8
0.46295 1018.8
0.46296 1018.8
0.46297 1018.8
0.46298 1018.8
0.46299 1018.8
0.46300 1018.8
0.46301 1018.8
0.46302 1018.8
0.46303 1018.8
0.46304 1018.8
0.46305 1018.8
0.46306 1018.8
0.46307 1018.8
0.46308 1018.8
0.46309 1018.8
0.46310 1018.8
0.46311 1018.8
0.46312 1018.8
0.46313 1018.8
0.46314 1018.8
0.46315 1018.8
0.46316 1018.8
0.46317 1018.8
0.46318 1018.8
0.46319 1018.8
0.46320 1018.8
0.46321 1018.8
0.46322 1018.8
0.46323 1018.8
0.46324 1018.8
0.46325 1018.8
0.46326 1018.8
0.46327 1018.8
0.46328 1018.8
0.46329 1018.8
0.46330 1018.8
0.46331 1018.8
0.46332 1018.8
0.46333 1018.8
0.46334 1018.8
0.46335 1018.8
0.46336 1018.8
0.46337 1018.8
0.46338 1018.8
0.46339 1018.8
0.46340 1018.8
0.46341 1018.8
0.46342 1018.8
0.46343 1018.8
0.46344 1018.8
0.46345 1018.8
0.46346 1018.8
0.46347 1018.8
0.46348 1018.8
0.46349 1018.8
0.46350 1018.8
0.46351 1018.8
0.46352 1018.8
0.46353 1018.8
0.46354 1018.8
0.46355 1018.8
0.46356 1018.8
0.46357 1018.8
0.46358 1018.8
0.46359 1018.8
0.46360 1018.8
0.46361 1018.8
0.46362 1018.8
0.46363 1018.8
0.46364 1018.8
0.46365 1018.8
0.46366 1018.8
0.46367 1018.8
0.46368 1018.8
0.46369 1018.8
0.46370 1018.8
0.46371 1018.8
0.46372 1018.8
0.46373 1018.8
0.46374 1018.8
0.46375 1018.8
0.46376 1018.8
0.46377 1018.8
0.46378 1018.8
0.46379 1018.8
0.46380 1018.8
0.46381 1018.8
0.46382 1018.8
0.46383 1018.8
0.46384 1018.8
0.46385 1018.8
0.46386 1018.8
0.46387 1018.8
0.46388 1018.8
0.46389 1018.8
0.46390 1018.8
0.46391 1018.8
0.46392 1018.8
0.46393 1018.8
0.46394 1018.8
0.46395 1018.8
0.46396 1018.8
0.46397 1018.8
0.46398 1018.8
0.46399 1018.8
0.46400 1018.8
0.46401 1018.8
0.46402 1018.8
0.46403 1018.8
0.46404 1018.8
0.46405 1018.8
0.46406 1018.8
0.46407 1018.8
0.46408 1018.8
0.46409 1018.8
0.46410 1018.8
0.46411 1018.8
0.46412 1018.8
0.46413 1018.8
0.46414 1018.8
0.46415 1018.8
0.46416 1018.8
0.46417 1018.8
0.46418 1018.8
0.46419 1018.8
0.46420 1018.8
0.46421 1018.8
0.46422 1018.8
0.46423 1018.8
0.46424 1018.8
0.46425 1018.8
0.46426 1018.8
0.46427 1018.8
0.46428 1018.8
0.46429 1018.8
0.46430 1018.8
0.46431 1018.8
0.46432 1018.8
0.46433 1018.8
0.46434 1018.8
0.46435 1018.8
0.46436 1018.8
0.46437 1018.8
0.46438 1018.8
0.46439 1018.8
0.46440 1018.8
0.46441 1018.8
0.46442 1018.8
0.46443 1018.8
0.46444 1018.8
0.46445 1018.8
0.46446 1018.8
0.46447 1018.8
0.46448 1018.8
0.46449 1018.8
0.46450 1018.8
0.46451 1018.8
0.46452 1018.8
0.46453 1018.8
0.46454 1018.8
0.46455 1018.8
0.46456 1018.8
0.46457 1018.8
0.46458 1018.8
0.46459 1018.8
0.46460 1018.8
0.46461 1018.8
0.46462 1018.8
0.46463 1018.8
0.46464 1018.8
0.46465 1018.8
0.46466 1018.8
0.46467 1018.8
0.46468 1018.8
0.46469 1018.8
0.46470 1018.8
0.46471 1018.8
0.46472 1018.8
0.46473 1018.8
0.46474 1018.8
0.46475 1018.8
0.46476 1018.8
0.46477 1018.8
0.46478 1018.8
0.46479 1018.8
0.46480 1018.8
0.46481 1018.8
0.46482 1018.8
0.46483 1018.8
0.46484 1018.8
0.46485 1018.8
0.46486 1018.8
0.46487 1018.8
0.46488 1018.8
0.46489 1018.8
0.46490 1018.8
0.46491 1018.8
0.46492 1018.8
0.46493 1018.8
0.46494 1018.8
0.46495 1018.8
0.46496 1018.8
0.46497 1018.8
0.46498 1018.8
0.46499 1018.8
0.46500 1018.8
0.46501 1018.8
0.46502 1018.8
0.46503 1018.8
0.46504 1018.8
0.46505 1018.8
0.46506 1018.8
0.46507 1018.8
0.46508 1018.8
0.46509 1018.8
0.46510 1018.8
0.46511 1018.8
0.46512 1018.8
0.46513 1018.8
0.46514 1018.8
0.46515 1018.8
0.46516 1018.8
0.46517 1018.8
0.46518 1018.8
0.46519 1018.8
0.46520 1018.8
0.46521 1018.8
0.46522 1018.8
0.46523 1018.8
0.46524 1018.8
0.46525 1018.8
0.46526 1018.8
0.46527 1018.8
0.46528 1018.8
0.46529 1018.8
0.46530 1018.8
0.46531 1018.8
0.46532 1018.8
0.46533 1018.8
0.46534 1018.8
0.46535 1018.8
0.46536 1018.8
0.46537 1018.8
0.46538 1018.8
0.46539 1018.8
0.46540 1018.8
0.46541 1018.8
0.46542 1018.8
0.46543 1018.8
0.46544 1018.8
0.46545 1018.8
0.46546 1018.8
0.46547 1018.8
0.46548 1018.8
0.46549 1018.8
0.46550 1018.8
0.46551 1018.8
0.46552 1018.8
0.46553 1018.8
0.46554 1018.8
0.46555 1018.8
0.46556 1018.8
0.46557 1018.8
0.46558 1018.8
0.46559 1018.8
0.46560 1018.8
0.46561 1018.8
0.46562 1018.8
0.46563 1018.8
0.46564 1018.8
0.46565 1018.8
0.46566 1018.8
0.46567 1018.8
0.46568 1018.8
0.46569 1018.8
0.46570 1018.8
0.46571 1018.8
0.46572 1018.8
0.46573 1018.8
0.46574 1018.8
0.46575 1018.8
0.46576 1018.8
0.46577 1018.8
0.46578 1018.8
0.46579 1018.8
0.46580 1018.8
0.46581 1018.8
0.46582 1018.8
0.46583 1018.8
0.46584 1018.8
0.46585 1018.8
0.46586 1018.8
0.46587 1018.8
0.46588 1018.8
0.46589 1018.8
0.46590 1018.8
0.46591 1018.8
0.46592 1018.8
0.46593 1018.8
0.46594 1018.8
0.46595 1018.8
0.46596 1018.8
0.46597 1018.8
0.46598 1018.8
0.46599 1018.8
0.46600 1018.8
0.46601 1018.8
0.46602 1018.8
0.46603 1018.8
0.46604 1018.8
0.46605 1018.8
0.46606 1018.8
0.46607 1018.8
0.46608 1018.8
0.46609 1018.8
0.46610 1018.8
0.46611 1018.8
0.46612 1018.8
0.46613 1018.8
0.46614 1018.8
0.46615 1018.8
0.46616 1018.8
0.46617 1018.8
0.46618 1018.8
0.46619 1018.8
0.46620 1018.8
0.46621 1018.8
0.46622 1018.8
0.46623 1018.8
0.46624 1018.8
0.46625 1018.8
0.46626 1018.8
0.46627 1018.8
0.46628 1018.8
0.46629 1018.8
0.46630 1018.8
0.46631 1018.8
0.46632 1018.8
0.46633 1018.8
0.46634 1018.8
0.46635 1018.8
0.46636 1018.8
0.46637 1018.8
0.46638 1018.8
0.46639 1018.8
0.46640 1018.8
0.46641 1018.8
0.46642 1018.8
0.46643 1018.8
0.46644 1018.8
0.46645 1018.8
0.46646 1018.8
0.46647 1018.8
0.46648 1018.8
0.46649 1018.8
0.46650 1018.8
0.46651 1018.8
0.46652 1018.8
0.46653 1018.8
0.46654 1018.8
0.46655 1018.8
0.46656 1018.8
0.46657 1018.8
0.46658 1018.8
0.46659 1018.8
0.46660 1018.8
0.46661 1018.8
0.46662 1018.8
0.46663 1018.8
0.46664 1018.8
0.46665 1018.8
0.46666 1018.8
0.46667 1018.8
0.46668 1018.8
0.46669 1018.8
0.46670 1018.8
0.46671 1018.8
0.46672 1018.8
0.46673 1018.8
0.46674 1018.8
0.46675 1018.8
0.46676 1018.8
0.46677 1018.8
0.46678 1018.8
0.46679 1018.8
0.46680 1018.8
0.46681 1018.8
0.46682 1018.8
0.46683 1018.8
0.46684 1018.8
0.46685 1018.8
0.46686 1018.8
0.46687 1018.8
0.46688 1018.8
0.46689 1018.8
0.46690 1018.8
0.46691 1018.8
0.46692 1018.8
0.46693 1018.8
0.46694 1018.8
0.46695 1018.8
0.46696 1018.8
0.46697 1018.8
0.46698 1018.8
0.46699 1018.8
0.46700 1018.8
0.46701 1018.8
0.46702 1018.8
0.46703 1018.8
0.46704 1018.8
0.46705 1018.8
0.46706 1018.8
0.46707 1018.8
0.46708 1018.8
0.46709 1018.8
0.46710 1018.8
0.46711 1018.8
0.46712 1018.8
0.46713 1018.8
0.46714 1018.8
0.46715 1018.8
0.46716 1018.8
0.46717 1018.8
0.46718 1018.8
0.46719 1018.8
0.46720 1018.8
0.46721 1018.8
0.46722 1018.8
0.46723 1018.8
0.46724 1018.8
0.46725 1018.8
0.46726 1018.8
0.46727 1018.8
0.46728 1018.8
0.46729 1018.8
0.46730 1018.8
0.46731 1018.8
0.46732 1018.8
0.46733 1018.8
0.46734 1018.8
0.46735 1018.8
0.46736 1018.8
0.46737 1018.8
0.46738 1018.8
0.46739 1018.8
0.46740 1018.8
0.46741 1018.8
0.46742 1018.8
0.46743 1018.8
0.46744 1018.8
0.46745 1018.8
0.46746 1018.8
0.46747 1018.8
0.46748 1018.8
0.46749 1018.8
0.46750 1018.8
0.46751 1018.8
0.46752 1018.8
0.46753 1018.8
0.46754 1018.8
0.46755 1018.8
0.46756 1018.8
0.46757 1018.8
0.46758 1018.8
0.46759 1018.8
0.46760 1018.8
0.46761 1018.8
0.46762 1018.8
0.46763 1018.8
0.46764 1018.8
0.46765 1018.8
0.46766 1018.8
0.46767 1018.8
0.46768 1018.8
0.46769 1018.8
0.46770 1018.8
0.46771 1018.8
0.46772 1018.8
0.46773 1018.8
0.46774 1018.8
0.46775 1018.8
0.46776 1018.8
0.46777 1018.8
0.46778 1018.8
0.46779 1018.8
0.46780 1018.8
0.46781 1018.8
0.46782 1018.8
0.46783 1018.8
0.46784 1018.8
0.46785 1018.8
0.46786 1018.8
0.46787 1018.8
0.46788 1018.8
0.46789 1018.8
0.46790 1018.8
0.46791 1018.8
0.46792 1018.8
0.46793 1018.8
0.46794 1018.8
0.46795 1018.8
0.46796 1018.8
0.46797 1018.8
0.46798 1018.8
0.46799 1018.8
0.46800 1018.8
0.46801 1018.8
0.46802 1018.8
0.46803 1018.8
0.46804 1018.8
0.46805 1018.8
0.46806 1018.8
0.46807 1018.8
0.46808 1018.8
0.46809 1018.8
0.46810 1018.8
0.46811 1018.8
0.46812 1018.8
0.46813 1018.8
0.46814 1018.8
0.46815 1018.8
0.46816 1018.8
0.46817 1018.8
0.46818 1018.8
0.46819 1018.8
0.46820 1018.8
0.46821 1018.8
0.46822 1018.8
0.46823 1018.8
0.46824 1018.8
0.46825 1018.8
0.46826 1018.8
0.46827 1018.8
0.46828 1018.8
0.46829 1018.8
0.46830 1018.8
0.46831 1018.8
0.46832 1018.8
0.46833 1018.8
0.46834 1018.8
0.46835 1018.8
0.46836 1018.8
0.46837 1018.8
0.46838 1018.8
0.46839 1018.8
0.46840 1018.8
0.46841 1018.8
0.46842 1018.8
0.46843 1018.8
0.46844 1018.8
0.46845 1018.8
0.46846 1018.8
0.46847 1018.8
0.46848 1018.8
0.46849 1018.8
0.46850 1018.8
0.46851 1018.8
0.46852 1018.8
0.46853 1018.8
0.46854 1018.8
0.46855 1018.8
0.46856 1018.8
0.46857 1018.8
0.46858 1018.8
0.46859 1018.8
0.46860 1018.8
0.46861 1018.8
0.46862 1018.8
0.46863 1018.8
0.46864 1018.8
0.46865 1018.8
0.46866 1018.8
0.46867 1018.8
0.46868 1018.8
0.46869 1018.8
0.46870 1018.8
0.46871 1018.8
0.46872 1018.8
0.46873 1018.8
0.46874 1018.8
0.46875 1018.8
0.46876 1018.8
0.46877 1018.8
0.46878 1018.8
0.46879 1018.8
0.46880 1018.8
0.46881 1018.8
0.46882 1018.8
0.46883 1018.8
0.46884 1018.8
0.46885 1018.8
0.46886 1018.8
0.46887 1018.8
0.46888 1018.8
0.46889 1018.8
0.46890 1018.8
0.46891 1018.8
0.46892 1018.8
0.46893 1018.8
0.46894 1018.8
0.46895 1018.8
0.46896 1018.8
0.46897 1018.8
0.46898 1018.8
0.46899 1018.8
0.46900 1018.8
0.46901 1018.8
0.46902 1018.8
0.46903 1018.8
0.46904 1018.8
0.46905 1018.8
0.46906 1018.8
0.46907 1018.8
0.46908 1018.8
0.46909 1018.8
0.46910 1018.8
0.46911 1018.8
0.46912 1018.8
0.46913 1018.8
0.46914 1018.8
0.46915 1018.8
0.46916 1018.8
0.46917 1018.8
0.46918 1018.8
0.46919 1018.8
0.46920 1018.8
0.46921 1018.8
0.46922 1018.8
0.46923 1018.8
0.46924 1018.8
0.46925 1018.8
0.46926 1018.8
0.46927 1018.8
0.46928 1018.8
0.46929 1018.8
0.46930 1018.8
0.46931 1018.8
0.46932 1018.8
0.46933 1018.8
0.46934 1018.8
0.46935 1018.8
0.46936 1018.8
0.46937 1018.8
0.46938 1018.8
0.46939 1018.8
0.46940 1018.8
0.46941 1018.8
0.46942 1018.8
0.46943 1018.8
0.46944 1018.8
0.46945 1018.8
0.46946 1018.8
0.46947 1018.8
0.46948 1018.8
0.46949 1018.8
0.46950 1018.8
0.46951 1018.8
0.46952 1018.8
0.46953 1018.8
0.46954 1018.8
0.46955 1018.8
0.46956 1018.8
0.46957 1018.8
0.46958 1018.8
0.46959 1018.8
0.46960 1018.8
0.46961 1018.8
0.46962 1018.8
0.46963 1018.8
0.46964 1018.8
0.46965 1018.8
0.46966 1018.8
0.46967 1018.8
0.46968 1018.8
0.46969 1018.8
0.46970 1018.8
0.46971 1018.8
0.46972 1018.8
0.46973 1018.8
0.46974 1018.8
0.46975 1018.8
0.46976 1018.8
0.46977 1018.8
0.46978 1018.8
0.46979 1018.8
0.46980 1018.8
0.46981 1018.8
0.46982 1018.8
0.46983 1018.8
0.46984 1018.8
0.46985 1018.8
0.46986 1018.8
0.46987 1018.8
0.46988 1018.8
0.46989 1018.8
0.46990 1018.8
0.46991 1018.8
0.46992 1018.8
0.46993 1018.8
0.46994 1018.8
0.46995 1018.8
0.46996 1018.8
0.46997 1018.8
0.46998 1018.8
0.46999 1018.8
0.47000 1018.8
0.47001 1018.8
0.47002 1018.8
0.47003 1018.8
0.47004 1018.8
0.47005 1018.8
0.47006 1018.8
0.47007 1018.8
0.47008 1018.8
0.47009 1018.8
0.47010 1018.8
0.47011 1018.8
0.47012 1018.8
0.47013 1018.8
0.47014 1018.8
0.47015 1018.8
0.47016 1018.8
0.47017 1018.8
0.47018 1018.8
0.47019 1018.8
0.47020 1018.8
0.47021 1018.8
0.47022 1018.8
0.47023 1018.8
0.47024 1018.8
0.47025 1018.8
0.47026 1018.8
0.47027 1018.8
0.47028 1018.8
0.47029 1018.8
0.47030 1018.8
0.47031 1018.8
0.47032 1018.8
0.47033 1018.8
0.47034 1018.8
0.47035 1018.8
0.47036 1018.8
0.47037 1018.8
0.47038 1018.8
0.47039 1018.8
0.47040 1018.8
0.47041 1018.8
0.47042 1018.8
0.47043 1018.8
0.47044 1018.8
0.47045 1018.8
0.47046 1018.8
0.47047 1018.8
0.47048 1018.8
0.47049 1018.8
0.47050 1018.8
0.47051 1018.8
0.47052 1018.8
0.47053 1018.8
0.47054 1018.8
0.47055 1018.8
0.47056 1018.8
0.47057 1018.8
0.47058 1018.8
0.47059 1018.8
0.47060 1018.8
0.47061 1018.8
0.47062 1018.8
0.47063 1018.8
0.47064 1018.8
0.47065 1018.8
0.47066 1018.8
0.47067 1018.8
0.47068 1018.8
0.47069 1018.8
0.47070 1018.8
0.47071 1018.8
0.47072 1018.8
0.47073 1018.8
0.47074 1018.8
0.47075 1018.8
0.47076 1018.8
0.47077 1018.8
0.47078 1018.8
0.47079 1018.8
0.47080 1018.8
0.47081 1018.8
0.47082 1018.8
0.47083 1018.8
0.47084 1018.8
0.47085 1018.8
0.47086 1018.8
0.47087 1018.8
0.47088 1018.8
0.47089 1018.8
0.47090 1018.8
0.47091 1018.8
0.47092 1018.8
0.47093 1018.8
0.47094 1018.8
0.47095 1018.8
0.47096 1018.8
0.47097 1018.8
0.47098 1018.8
0.47099 1018.8
0.47100 1018.8
0.47101 1018.8
0.47102 1018.8
0.47103 1018.8
0.47104 1018.8
0.47105 1018.8
0.47106 1018.8
0.47107 1018.8
0.47108 1018.8
0.47109 1018.8
0.47110 1018.8
0.47111 1018.8
0.47112 1018.8
0.47113 1018.8
0.47114 1018.8
0.47115 1018.8
0.47116 1018.8
0.47117 1018.8
0.47118 1018.8
0.47119 1018.8
0.47120 1018.8
0.47121 1018.8
0.47122 1018.8
0.47123 1018.8
0.47124 1018.8
0.47125 1018.8
0.47126 1018.8
0.47127 1018.8
0.47128 1018.8
0.47129 1018.8
0.47130 1018.8
0.47131 1018.8
0.47132 1018.8
0.47133 1018.8
0.47134 1018.8
0.47135 1018.8
0.47136 1018.8
0.47137 1018.8
0.47138 1018.8
0.47139 1018.8
0.47140 1018.8
0.47141 1018.8
0.47142 1018.8
0.47143 1018.8
0.47144 1018.8
0.47145 1018.8
0.47146 1018.8
0.47147 1018.8
0.47148 1018.8
0.47149 1018.8
0.47150 1018.8
0.47151 1018.8
0.47152 1018.8
0.47153 1018.8
0.47154 1018.8
0.47155 1018.8
0.47156 1018.8
0.47157 1018.8
0.47158 1018.8
0.47159 1018.8
0.47160 1018.8
0.47161 1018.8
0.47162 1018.8
0.47163 1018.8
0.47164 1018.8
0.47165 1018.8
0.47166 1018.8
0.47167 1018.8
0.47168 1018.8
0.47169 1018.8
0.47170 1018.8
0.47171 1018.8
0.47172 1018.8
0.47173 1018.8
0.47174 1018.8
0.47175 1018.8
0.47176 1018.8
0.47177 1018.8
0.47178 1018.8
0.47179 1018.8
0.47180 1018.8
0.47181 1018.8
0.47182 1018.8
0.47183 1018.8
0.47184 1018.8
0.47185 1018.8
0.47186 1018.8
0.47187 1018.8
0.47188 1018.8
0.47189 1018.8
0.47190 1018.8
0.47191 1018.8
0.47192 1018.8
0.47193 1018.8
0.47194 1018.8
0.47195 1018.8
0.47196 1018.8
0.47197 1018.8
0.47198 1018.8
0.47199 1018.8
0.47200 1018.8
0.47201 1018.8
0.47202 1018.8
0.47203 1018.8
0.47204 1018.8
0.47205 1018.8
0.47206 1018.8
0.47207 1018.8
0.47208 1018.8
0.47209 1018.8
0.47210 1018.8
0.47211 1018.8
0.47212 1018.8
0.47213 1018.8
0.47214 1018.8
0.47215 1018.8
0.47216 1018.8
0.47217 1018.8
0.47218 1018.8
0.47219 1018.8
0.47220 1018.8
0.47221 1018.8
0.47222 1018.8
0.47223 1018.8
0.47224 1018.8
0.47225 1018.8
0.47226 1018.8
0.47227 1018.8
0.47228 1018.8
0.47229 1018.8
0.47230 1018.8
0.47231 1018.8
0.47232 1018.8
0.47233 1018.8
0.47234 1018.8
0.47235 1018.8
0.47236 1018.8
0.47237 1018.8
0.47238 1018.8
0.47239 1018.8
0.47240 1018.8
0.47241 1018.8
0.47242 1018.8
0.47243 1018.8
0.47244 1018.8
0.47245 1018.8
0.47246 1018.8
0.47247 1018.8
0.47248 1018.8
0.47249 1018.8
0.47250 1018.8
0.47251 1018.8
0.47252 1018.8
0.47253 1018.8
0.47254 1018.8
0.47255 1018.8
0.47256 1018.8
0.47257 1018.8
0.47258 1018.8
0.47259 1018.8
0.47260 1018.8
0.47261 1018.8
0.47262 1018.8
0.47263 1018.8
0.47264 1018.8
0.47265 1018.8
0.47266 1018.8
0.47267 1018.8
0.47268 1018.8
0.47269 1018.8
0.47270 1018.8
0.47271 1018.8
0.47272 1018.8
0.47273 1018.8
0.47274 1018.8
0.47275 1018.8
0.47276 1018.8
0.47277 1018.8
0.47278 1018.8
0.47279 1018.8
0.47280 1018.8
0.47281 1018.8
0.47282 1018.8
0.47283 1018.8
0.47284 1018.8
0.47285 1018.8
0.47286 1018.8
0.47287 1018.8
0.47288 1018.8
0.47289 1018.8
0.47290 1018.8
0.47291 1018.8
0.47292 1018.8
0.47293 1018.8
0.47294 1018.8
0.47295 1018.8
0.47296 1018.8
0.47297 1018.8
0.47298 1018.8
0.47299 1018.8
0.47300 1018.8
0.47301 1018.8
0.47302 1018.8
0.47303 1018.8
0.47304 1018.8
0.47305 1018.8
0.47306 1018.8
0.47307 1018.8
0.47308 1018.8
0.47309 1018.8
0.47310 1018.8
0.47311 1018.8
0.47312 1018.8
0.47313 1018.8
0.47314 1018.8
0.47315 1018.8
0.47316 1018.8
0.47317 1018.8
0.47318 1018.8
0.47319 1018.8
0.47320 1018.8
0.47321 1018.8
0.47322 1018.8
0.47323 1018.8
0.47324 1018.8
0.47325 1018.8
0.47326 1018.8
0.47327 1018.8
0.47328 1018.8
0.47329 1018.8
0.47330 1018.8
0.47331 1018.8
0.47332 1018.8
0.47333 1018.8
0.47334 1018.8
0.47335 1018.8
0.47336 1018.8
0.47337 1018.8
0.47338 1018.8
0.47339 1018.8
0.47340 1018.8
0.47341 1018.8
0.47342 1018.8
0.47343 1018.8
0.47344 1018.8
0.47345 1018.8
0.47346 1018.8
0.47347 1018.8
0.47348 1018.8
0.47349 1018.8
0.47350 1018.8
0.47351 1018.8
0.47352 1018.8
0.47353 1018.8
0.47354 1018.8
0.47355 1018.8
0.47356 1018.8
0.47357 1018.8
0.47358 1018.8
0.47359 1018.8
0.47360 1018.8
0.47361 1018.8
0.47362 1018.8
0.47363 1018.8
0.47364 1018.8
0.47365 1018.8
0.47366 1018.8
0.47367 1018.8
0.47368 1018.8
0.47369 1018.8
0.47370 1018.8
0.47371 1018.8
0.47372 1018.8
0.47373 1018.8
0.47374 1018.8
0.47375 1018.8
0.47376 1018.8
0.47377 1018.8
0.47378 1018.8
0.47379 1018.8
0.47380 1018.8
0.47381 1018.8
0.47382 1018.8
0.47383 1018.8
0.47384 1018.8
0.47385 1018.8
0.47386 1018.8
0.47387 1018.8
0.47388 1018.8
0.47389 1018.8
0.47390 1018.8
0.47391 1018.8
0.47392 1018.8
0.47393 1018.8
0.47394 1018.8
0.47395 1018.8
0.47396 1018.8
0.47397 1018.8
0.47398 1018.8
0.47399 1018.8
0.47400 1018.8
0.47401 1018.8
0.47402 1018.8
0.47403 1018.8
0.47404 1018.8
0.47405 1018.8
0.47406 1018.8
0.47407 1018.8
0.47408 1018.8
0.47409 1018.8
0.47410 1018.8
0.47411 1018.8
0.47412 1018.8
0.47413 1018.8
0.47414 1018.8
0.47415 1018.8
0.47416 1018.8
0.47417 1018.8
0.47418 1018.8
0.47419 1018.8
0.47420 1018.8
0.47421 1018.8
0.47422 1018.8
0.47423 1018.8
0.47424 1018.8
0.47425 1018.8
0.47426 1018.8
0.47427 1018.8
0.47428 1018.8
0.47429 1018.8
0.47430 1018.8
0.47431 1018.8
0.47432 1018.8
0.47433 1018.8
0.47434 1018.8
0.47435 1018.8
0.47436 1018.8
0.47437 1018.8
0.47438 1018.8
0.47439 1018.8
0.47440 1018.8
0.47441 1018.8
0.47442 1018.8
0.47443 1018.8
0.47444 1018.8
0.47445 1018.8
0.47446 1018.8
0.47447 1018.8
0.47448 1018.8
0.47449 1018.8
0.47450 1018.8
0.47451 1018.8
0.47452 1018.8
0.47453 1018.8
0.47454 1018.8
0.47455 1018.8
0.47456 1018.8
0.47457 1018.8
0.47458 1018.8
0.47459 1018.8
0.47460 1018.8
0.47461 1018.8
0.47462 1018.8
0.47463 1018.8
0.47464 1018.8
0.47465 1018.8
0.47466 1018.8
0.47467 1018.8
0.47468 1018.8
0.47469 1018.8
0.47470 1018.8
0.47471 1018.8
0.47472 1018.8
0.47473 1018.8
0.47474 1018.8
0.47475 1018.8
0.47476 1018.8
0.47477 1018.8
0.47478 1018.8
0.47479 1018.8
0.47480 1018.8
0.47481 1018.8
0.47482 1018.8
0.47483 1018.8
0.47484 1018.8
0.47485 1018.8
0.47486 1018.8
0.47487 1018.8
0.47488 1018.8
0.47489 1018.8
0.47490 1018.8
0.47491 1018.8
0.47492 1018.8
0.47493 1018.8
0.47494 1018.8
0.47495 1018.8
0.47496 1018.8
0.47497 1018.8
0.47498 1018.8
0.47499 1018.8
0.47500 1018.8
0.47501 1018.8
0.47502 1018.8
0.47503 1018.8
0.47504 1018.8
0.47505 1018.8
0.47506 1018.8
0.47507 1018.8
0.47508 1018.8
0.47509 1018.8
0.47510 1018.8
0.47511 1018.8
0.47512 1018.8
0.47513 1018.8
0.47514 1018.8
0.47515 1018.8
0.47516 1018.8
0.47517 1018.8
0.47518 1018.8
0.47519 1018.8
0.47520 1018.8
0.47521 1018.8
0.47522 1018.8
0.47523 1018.8
0.47524 1018.8
0.47525 1018.8
0.47526 1018.8
0.47527 1018.8
0.47528 1018.8
0.47529 1018.8
0.47530 1018.8
0.47531 1018.8
0.47532 1018.8
0.47533 1018.8
0.47534 1018.8
0.47535 1018.8
0.47536 1018.8
0.47537 1018.8
0.47538 1018.8
0.47539 1018.8
0.47540 1018.8
0.47541 1018.8
0.47542 1018.8
0.47543 1018.8
0.47544 1018.8
0.47545 1018.8
0.47546 1018.8
0.47547 1018.8
0.47548 1018.8
0.47549 1018.8
0.47550 1018.8
0.47551 1018.8
0.47552 1018.8
0.47553 1018.8
0.47554 1018.8
0.47555 1018.8
0.47556 1018.8
0.47557 1018.8
0.47558 1018.8
0.47559 1018.8
0.47560 1018.8
0.47561 1018.8
0.47562 1018.8
0.47563 1018.8
0.47564 1018.8
0.47565 1018.8
0.47566 1018.8
0.47567 1018.8
0.47568 1018.8
0.47569 1018.8
0.47570 1018.8
0.47571 1018.8
0.47572 1018.8
0.47573 1018.8
0.47574 1018.8
0.47575 1018.8
0.47576 1018.8
0.47577 1018.8
0.47578 1018.8
0.47579 1018.8
0.47580 1018.8
0.47581 1018.8
0.47582 1018.8
0.47583 1018.8
0.47584 1018.8
0.47585 1018.8
0.47586 1018.8
0.47587 1018.8
0.47588 1018.8
0.47589 1018.8
0.47590 1018.8
0.47591 1018.8
0.47592 1018.8
0.47593 1018.8
0.47594 1018.8
0.47595 1018.8
0.47596 1018.8
0.47597 1018.8
0.47598 1018.8
0.47599 1018.8
0.47600 1018.8
0.47601 1018.8
0.47602 1018.8
0.47603 1018.8
0.47604 1018.8
0.47605 1018.8
0.47606 1018.8
0.47607 1018.8
0.47608 1018.8
0.47609 1018.8
0.47610 1018.8
0.47611 1018.8
0.47612 1018.8
0.47613 1018.8
0.47614 1018.8
0.47615 1018.8
0.47616 1018.8
0.47617 1018.8
0.47618 1018.8
0.47619 1018.8
0.47620 1018.8
0.47621 1018.8
0.47622 1018.8
0.47623 1018.8
0.47624 1018.8
0.47625 1018.8
0.47626 1018.8
0.47627 1018.8
0.47628 1018.8
0.47629 1018.8
0.47630 1018.8
0.47631 1018.8
0.47632 1018.8
0.47633 1018.8
0.47634 1018.8
0.47635 1018.8
0.47636 1018.8
0.47637 1018.8
0.47638 1018.8
0.47639 1018.8
0.47640 1018.8
0.47641 1018.8
0.47642 1018.8
0.47643 1018.8
0.47644 1018.8
0.47645 1018.8
0.47646 1018.8
0.47647 1018.8
0.47648 1018.8
0.47649 1018.8
0.47650 1018.8
0.47651 1018.8
0.47652 1018.8
0.47653 1018.8
0.47654 1018.8
0.47655 1018.8
0.47656 1018.8
0.47657 1018.8
0.47658 1018.8
0.47659 1018.8
0.47660 1018.8
0.47661 1018.8
0.47662 1018.8
0.47663 1018.8
0.47664 1018.8
0.47665 1018.8
0.47666 1018.8
0.47667 1018.8
0.47668 1018.8
0.47669 1018.8
0.47670 1018.8
0.47671 1018.8
0.47672 1018.8
0.47673 1018.8
0.47674 1018.8
0.47675 1018.8
0.47676 1018.8
0.47677 1018.8
0.47678 1018.8
0.47679 1018.8
0.47680 1018.8
0.47681 1018.8
0.47682 1018.8
0.47683 1018.8
0.47684 1018.8
0.47685 1018.8
0.47686 1018.8
0.47687 1018.8
0.47688 1018.8
0.47689 1018.8
0.47690 1018.8
0.47691 1018.8
0.47692 1018.8
0.47693 1018.8
0.47694 1018.8
0.47695 1018.8
0.47696 1018.8
0.47697 1018.8
0.47698 1018.8
0.47699 1018.8
0.47700 1018.8
0.47701 1018.8
0.47702 1018.8
0.47703 1018.8
0.47704 1018.8
0.47705 1018.8
0.47706 1018.8
0.47707 1018.8
0.47708 1018.8
0.47709 1018.8
0.47710 1018.8
0.47711 1018.8
0.47712 1018.8
0.47713 1018.8
0.47714 1018.8
0.47715 1018.8
0.47716 1018.8
0.47717 1018.8
0.47718 1018.8
0.47719 1018.8
0.47720 1018.8
0.47721 1018.8
0.47722 1018.8
0.47723 1018.8
0.47724 1018.8
0.47725 1018.8
0.47726 1018.8
0.47727 1018.8
0.47728 1018.8
0.47729 1018.8
0.47730 1018.8
0.47731 1018.8
0.47732 1018.8
0.47733 1018.8
0.47734 1018.8
0.47735 1018.8
0.47736 1018.8
0.47737 1018.8
0.47738 1018.8
0.47739 1018.8
0.47740 1018.8
0.47741 1018.8
0.47742 1018.8
0.47743 1018.8
0.47744 1018.8
0.47745 1018.8
0.47746 1018.8
0.47747 1018.8
0.47748 1018.8
0.47749 1018.8
0.47750 1018.8
0.47751 1018.8
0.47752 1018.8
0.47753 1018.8
0.47754 1018.8
0.47755 1018.8
0.47756 1018.8
0.47757 1018.8
0.47758 1018.8
0.47759 1018.8
0.47760 1018.8
0.47761 1018.8
0.47762 1018.8
0.47763 1018.8
0.47764 1018.8
0.47765 1018.8
0.47766 1018.8
0.47767 1018.8
0.47768 1018.8
0.47769 1018.8
0.47770 1018.8
0.47771 1018.8
0.47772 1018.8
0.47773 1018.8
0.47774 1018.8
0.47775 1018.8
0.47776 1018.8
0.47777 1018.8
0.47778 1018.8
0.47779 1018.8
0.47780 1018.8
0.47781 1018.8
0.47782 1018.8
0.47783 1018.8
0.47784 1018.8
0.47785 1018.8
0.47786 1018.8
0.47787 1018.8
0.47788 1018.8
0.47789 1018.8
0.47790 1018.8
0.47791 1018.8
0.47792 1018.8
0.47793 1018.8
0.47794 1018.8
0.47795 1018.8
0.47796 1018.8
0.47797 1018.8
0.47798 1018.8
0.47799 1018.8
0.47800 1018.8
0.47801 1018.8
0.47802 1018.8
0.47803 1018.8
0.47804 1018.8
0.47805 1018.8
0.47806 1018.8
0.47807 1018.8
0.47808 1018.8
0.47809 1018.8
0.47810 1018.8
0.47811 1018.8
0.47812 1018.8
0.47813 1018.8
0.47814 1018.8
0.47815 1018.8
0.47816 1018.8
0.47817 1018.8
0.47818 1018.8
0.47819 1018.8
0.47820 1018.8
0.47821 1018.8
0.47822 1018.8
0.47823 1018.8
0.47824 1018.8
0.47825 1018.8
0.47826 1018.8
0.47827 1018.8
0.47828 1018.8
0.47829 1018.8
0.47830 1018.8
0.47831 1018.8
0.47832 1018.8
0.47833 1018.8
0.47834 1018.8
0.47835 1018.8
0.47836 1018.8
0.47837 1018.8
0.47838 1018.8
0.47839 1018.8
0.47840 1018.8
0.47841 1018.8
0.47842 1018.8
0.47843 1018.8
0.47844 1018.8
0.47845 1018.8
0.47846 1018.8
0.47847 1018.8
0.47848 1018.8
0.47849 1018.8
0.47850 1018.8
0.47851 1018.8
0.47852 1018.8
0.47853 1018.8
0.47854 1018.8
0.47855 1018.8
0.47856 1018.8
0.47857 1018.8
0.47858 1018.8
0.47859 1018.8
0.47860 1018.8
0.47861 1018.8
0.47862 1018.8
0.47863 1018.8
0.47864 1018.8
0.47865 1018.8
0.47866 1018.8
0.47867 1018.8
0.47868 1018.8
0.47869 1018.8
0.47870 1018.8
0.47871 1018.8
0.47872 1018.8
0.47873 1018.8
0.47874 1018.8
0.47875 1018.8
0.47876 1018.8
0.47877 1018.8
0.47878 1018.8
0.47879 1018.8
0.47880 1018.8
0.47881 1018.8
0.47882 1018.8
0.47883 1018.8
0.47884 1018.8
0.47885 1018.8
0.47886 1018.8
0.47887 1018.8
0.47888 1018.8
0.47889 1018.8
0.47890 1018.8
0.47891 1018.8
0.47892 1018.8
0.47893 1018.8
0.47894 1018.8
0.47895 1018.8
0.47896 1018.8
0.47897 1018.8
0.47898 1018.8
0.47899 1018.8
0.47900 1018.8
0.47901 1018.8
0.47902 1018.8
0.47903 1018.8
0.47904 1018.8
0.47905 1018.8
0.47906 1018.8
0.47907 1018.8
0.47908 1018.8
0.47909 1018.8
0.47910 1018.8
0.47911 1018.8
0.47912 1018.8
0.47913 1018.8
0.47914 1018.8
0.47915 1018.8
0.47916 1018.8
0.47917 1018.8
0.47918 1018.8
0.47919 1018.8
0.47920 1018.8
0.47921 1018.8
0.47922 1018.8
0.47923 1018.8
0.47924 1018.8
0.47925 1018.8
0.47926 1018.8
0.47927 1018.8
0.47928 1018.8
0.47929 1018.8
0.47930 1018.8
0.47931 1018.8
0.47932 1018.8
0.47933 1018.8
0.47934 1018.8
0.47935 1018.8
0.47936 1018.8
0.47937 1018.8
0.47938 1018.8
0.47939 1018.8
0.47940 1018.8
0.47941 1018.8
0.47942 1018.8
0.47943 1018.8
0.47944 1018.8
0.47945 1018.8
0.47946 1018.8
0.47947 1018.8
0.47948 1018.8
0.47949 1018.8
0.47950 1018.8
0.47951 1018.8
0.47952 1018.8
0.47953 1018.8
0.47954 1018.8
0.47955 1018.8
0.47956 1018.8
0.47957 1018.8
0.47958 1018.8
0.47959 1018.8
0.47960 1018.8
0.47961 1018.8
0.47962 1018.8
0.47963 1018.8
0.47964 1018.8
0.47965 1018.8
0.47966 1018.8
0.47967 1018.8
0.47968 1018.8
0.47969 1018.8
0.47970 1018.8
0.47971 1018.8
0.47972 1018.8
0.47973 1018.8
0.47974 1018.8
0.47975 1018.8
0.47976 1018.8
0.47977 1018.8
0.47978 1018.8
0.47979 1018.8
0.47980 1018.8
0.47981 1018.8
0.47982 1018.8
0.47983 1018.8
0.47984 1018.8
0.47985 1018.8
0.47986 1018.8
0.47987 1018.8
0.47988 1018.8
0.47989 1018.8
0.47990 1018.8
0.47991 1018.8
0.47992 1018.8
0.47993 1018.8
0.47994 1018.8
0.47995 1018.8
0.47996 1018.8
0.47997 1018.8
0.47998 1018.8
0.47999 1018.8
0.48000 1018.8
0.48001 1018.8
0.48002 1018.8
0.48003 1018.8
0.48004 1018.8
0.48005 1018.8
0.48006 1018.8
0.48007 1018.8
0.48008 1018.8
0.48009 1018.8
0.48010 1018.8
0.48011 1018.8
0.48012 1018.8
0.48013 1018.8
0.48014 1018.8
0.48015 1018.8
0.48016 1018.8
0.48017 1018.8
0.48018 1018.8
0.48019 1018.8
0.48020 1018.8
0.48021 1018.8
0.48022 1018.8
0.48023 1018.8
0.48024 1018.8
0.48025 1018.8
0.48026 1018.8
0.48027 1018.8
0.48028 1018.8
0.48029 1018.8
0.48030 1018.8
0.48031 1018.8
0.48032 1018.8
0.48033 1018.8
0.48034 1018.8
0.48035 1018.8
0.48036 1018.8
0.48037 1018.8
0.48038 1018.8
0.48039 1018.8
0.48040 1018.8
0.48041 1018.8
0.48042 1018.8
0.48043 1018.8
0.48044 1018.8
0.48045 1018.8
0.48046 1018.8
0.48047 1018.8
0.48048 1018.8
0.48049 1018.8
0.48050 1018.8
0.48051 1018.8
0.48052 1018.8
0.48053 1018.8
0.48054 1018.8
0.48055 1018.8
0.48056 1018.8
0.48057 1018.8
0.48058 1018.8
0.48059 1018.8
0.48060 1018.8
0.48061 1018.8
0.48062 1018.8
0.48063 1018.8
0.48064 1018.8
0.48065 1018.8
0.48066 1018.8
0.48067 1018.8
0.48068 1018.8
0.48069 1018.8
0.48070 1018.8
0.48071 1018.8
0.48072 1018.8
0.48073 1018.8
0.48074 1018.8
0.48075 1018.8
0.48076 1018.8
0.48077 1018.8
0.48078 1018.8
0.48079 1018.8
0.48080 1018.8
0.48081 1018.8
0.48082 1018.8
0.48083 1018.8
0.48084 1018.8
0.48085 1018.8
0.48086 1018.8
0.48087 1018.8
0.48088 1018.8
0.48089 1018.8
0.48090 1018.8
0.48091 1018.8
0.48092 1018.8
0.48093 1018.8
0.48094 1018.8
0.48095 1018.8
0.48096 1018.8
0.48097 1018.8
0.48098 1018.8
0.48099 1018.8
0.48100 1018.8
0.48101 1018.8
0.48102 1018.8
0.48103 1018.8
0.48104 1018.8
0.48105 1018.8
0.48106 1018.8
0.48107 1018.8
0.48108 1018.8
0.48109 1018.8
0.48110 1018.8
0.48111 1018.8
0.48112 1018.8
0.48113 1018.8
0.48114 1018.8
0.48115 1018.8
0.48116 1018.8
0.48117 1018.8
0.48118 1018.8
0.48119 1018.8
0.48120 1018.8
0.48121 1018.8
0.48122 1018.8
0.48123 1018.8
0.48124 1018.8
0.48125 1018.8
0.48126 1018.8
0.48127 1018.8
0.48128 1018.8
0.48129 1018.8
0.48130 1018.8
0.48131 1018.8
0.48132 1018.8
0.48133 1018.8
0.48134 1018.8
0.48135 1018.8
0.48136 1018.8
0.48137 1018.8
0.48138 1018.8
0.48139 1018.8
0.48140 1018.8
0.48141 1018.8
0.48142 1018.8
0.48143 1018.8
0.48144 1018.8
0.48145 1018.8
0.48146 1018.8
0.48147 1018.8
0.48148 1018.8
0.48149 1018.8
0.48150 1018.8
0.48151 1018.8
0.48152 1018.8
0.48153 1018.8
0.48154 1018.8
0.48155 1018.8
0.48156 1018.8
0.48157 1018.8
0.48158 1018.8
0.48159 1018.8
0.48160 1018.8
0.48161 1018.8
0.48162 1018.8
0.48163 1018.8
0.48164 1018.8
0.48165 1018.8
0.48166 1018.8
0.48167 1018.8
0.48168 1018.8
0.48169 1018.8
0.48170 1018.8
0.48171 1018.8
0.48172 1018.8
0.48173 1018.8
0.48174 1018.8
0.48175 1018.8
0.48176 1018.8
0.48177 1018.8
0.48178 1018.8
0.48179 1018.8
0.48180 1018.8
0.48181 1018.8
0.48182 1018.8
0.48183 1018.8
0.48184 1018.8
0.48185 1018.8
0.48186 1018.8
0.48187 1018.8
0.48188 1018.8
0.48189 1018.8
0.48190 1018.8
0.48191 1018.8
0.48192 1018.8
0.48193 1018.8
0.48194 1018.8
0.48195 1018.8
0.48196 1018.8
0.48197 1018.8
0.48198 1018.8
0.48199 1018.8
0.48200 1018.8
0.48201 1018.8
0.48202 1018.8
0.48203 1018.8
0.48204 1018.8
0.48205 1018.8
0.48206 1018.8
0.48207 1018.8
0.48208 1018.8
0.48209 1018.8
0.48210 1018.8
0.48211 1018.8
0.48212 1018.8
0.48213 1018.8
0.48214 1018.8
0.48215 1018.8
0.48216 1018.8
0.48217 1018.8
0.48218 1018.8
0.48219 1018.8
0.48220 1018.8
0.48221 1018.8
0.48222 1018.8
0.48223 1018.8
0.48224 1018.8
0.48225 1018.8
0.48226 1018.8
0.48227 1018.8
0.48228 1018.8
0.48229 1018.8
0.48230 1018.8
0.48231 1018.8
0.48232 1018.8
0.48233 1018.8
0.48234 1018.8
0.48235 1018.8
0.48236 1018.8
0.48237 1018.8
0.48238 1018.8
0.48239 1018.8
0.48240 1018.8
0.48241 1018.8
0.48242 1018.8
0.48243 1018.8
0.48244 1018.8
0.48245 1018.8
0.48246 1018.8
0.48247 1018.8
0.48248 1018.8
0.48249 1018.8
0.48250 1018.8
0.48251 1018.8
0.48252 1018.8
0.48253 1018.8
0.48254 1018.8
0.48255 1018.8
0.48256 1018.8
0.48257 1018.8
0.48258 1018.8
0.48259 1018.8
0.48260 1018.8
0.48261 1018.8
0.48262 1018.8
0.48263 1018.8
0.48264 1018.8
0.48265 1018.8
0.48266 1018.8
0.48267 1018.8
0.48268 1018.8
0.48269 1018.8
0.48270 1018.8
0.48271 1018.8
0.48272 1018.8
0.48273 1018.8
0.48274 1018.8
0.48275 1018.8
0.48276 1018.8
0.48277 1018.8
0.48278 1018.8
0.48279 1018.8
0.48280 1018.8
0.48281 1018.8
0.48282 1018.8
0.48283 1018.8
0.48284 1018.8
0.48285 1018.8
0.48286 1018.8
0.48287 1018.8
0.48288 1018.8
0.48289 1018.8
0.48290 1018.8
0.48291 1018.8
0.48292 1018.8
0.48293 1018.8
0.48294 1018.8
0.48295 1018.8
0.48296 1018.8
0.48297 1018.8
0.48298 1018.8
0.48299 1018.8
0.48300 1018.8
0.48301 1018.8
0.48302 1018.8
0.48303 1018.8
0.48304 1018.8
0.48305 1018.8
0.48306 1018.8
0.48307 1018.8
0.48308 1018.8
0.48309 1018.8
0.48310 1018.8
0.48311 1018.8
0.48312 1018.8
0.48313 1018.8
0.48314 1018.8
0.48315 1018.8
0.48316 1018.8
0.48317 1018.8
0.48318 1018.8
0.48319 1018.8
0.48320 1018.8
0.48321 1018.8
0.48322 1018.8
0.48323 1018.8
0.48324 1018.8
0.48325 1018.8
0.48326 1018.8
0.48327 1018.8
0.48328 1018.8
0.48329 1018.8
0.48330 1018.8
0.48331 1018.8
0.48332 1018.8
0.48333 1018.8
0.48334 1018.8
0.48335 1018.8
0.48336 1018.8
0.48337 1018.8
0.48338 1018.8
0.48339 1018.8
0.48340 1018.8
0.48341 1018.8
0.48342 1018.8
0.48343 1018.8
0.48344 1018.8
0.48345 1018.8
0.48346 1018.8
0.48347 1018.8
0.48348 1018.8
0.48349 1018.8
0.48350 1018.8
0.48351 1018.8
0.48352 1018.8
0.48353 1018.8
0.48354 1018.8
0.48355 1018.8
0.48356 1018.8
0.48357 1018.8
0.48358 1018.8
0.48359 1018.8
0.48360 1018.8
0.48361 1018.8
0.48362 1018.8
0.48363 1018.8
0.48364 1018.8
0.48365 1018.8
0.48366 1018.8
0.48367 1018.8
0.48368 1018.8
0.48369 1018.8
0.48370 1018.8
0.48371 1018.8
0.48372 1018.8
0.48373 1018.8
0.48374 1018.8
0.48375 1018.8
0.48376 1018.8
0.48377 1018.8
0.48378 1018.8
0.48379 1018.8
0.48380 1018.8
0.48381 1018.8
0.48382 1018.8
0.48383 1018.8
0.48384 1018.8
0.48385 1018.8
0.48386 1018.8
0.48387 1018.8
0.48388 1018.8
0.48389 1018.8
0.48390 1018.8
0.48391 1018.8
0.48392 1018.8
0.48393 1018.8
0.48394 1018.8
0.48395 1018.8
0.48396 1018.8
0.48397 1018.8
0.48398 1018.8
0.48399 1018.8
0.48400 1018.8
0.48401 1018.8
0.48402 1018.8
0.48403 1018.8
0.48404 1018.8
0.48405 1018.8
0.48406 1018.8
0.48407 1018.8
0.48408 1018.8
0.48409 1018.8
0.48410 1018.8
0.48411 1018.8
0.48412 1018.8
0.48413 1018.8
0.48414 1018.8
0.48415 1018.8
0.48416 1018.8
0.48417 1018.8
0.48418 1018.8
0.48419 1018.8
0.48420 1018.8
0.48421 1018.8
0.48422 1018.8
0.48423 1018.8
0.48424 1018.8
0.48425 1018.8
0.48426 1018.8
0.48427 1018.8
0.48428 1018.8
0.48429 1018.8
0.48430 1018.8
0.48431 1018.8
0.48432 1018.8
0.48433 1018.8
0.48434 1018.8
0.48435 1018.8
0.48436 1018.8
0.48437 1018.8
0.48438 1018.8
0.48439 1018.8
0.48440 1018.8
0.48441 1018.8
0.48442 1018.8
0.48443 1018.8
0.48444 1018.8
0.48445 1018.8
0.48446 1018.8
0.48447 1018.8
0.48448 1018.8
0.48449 1018.8
0.48450 1018.8
0.48451 1018.8
0.48452 1018.8
0.48453 1018.8
0.48454 1018.8
0.48455 1018.8
0.48456 1018.8
0.48457 1018.8
0.48458 1018.8
0.48459 1018.8
0.48460 1018.8
0.48461 1018.8
0.48462 1018.8
0.48463 1018.8
0.48464 1018.8
0.48465 1018.8
0.48466 1018.8
0.48467 1018.8
0.48468 1018.8
0.48469 1018.8
0.48470 1018.8
0.48471 1018.8
0.48472 1018.8
0.48473 1018.8
0.48474 1018.8
0.48475 1018.8
0.48476 1018.8
0.48477 1018.8
0.48478 1018.8
0.48479 1018.8
0.48480 1018.8
0.48481 1018.8
0.48482 1018.8
0.48483 1018.8
0.48484 1018.8
0.48485 1018.8
0.48486 1018.8
0.48487 1018.8
0.48488 1018.8
0.48489 1018.8
0.48490 1018.8
0.48491 1018.8
0.48492 1018.8
0.48493 1018.8
0.48494 1018.8
0.48495 1018.8
0.48496 1018.8
0.48497 1018.8
0.48498 1018.8
0.48499 1018.8
0.48500 1018.8
0.48501 1018.8
0.48502 1018.8
0.48503 1018.8
0.48504 1018.8
0.48505 1018.8
0.48506 1018.8
0.48507 1018.8
0.48508 1018.8
0.48509 1018.8
0.48510 1018.8
0.48511 1018.8
0.48512 1018.8
0.48513 1018.8
0.48514 1018.8
0.48515 1018.8
0.48516 1018.8
0.48517 1018.8
0.48518 1018.8
0.48519 1018.8
0.48520 1018.8
0.48521 1018.8
0.48522 1018.8
0.48523 1018.8
0.48524 1018.8
0.48525 1018.8
0.48526 1018.8
0.48527 1018.8
0.48528 1018.8
0.48529 1018.8
0.48530 1018.8
0.48531 1018.8
0.48532 1018.8
0.48533 1018.8
0.48534 1018.8
0.48535 1018.8
0.48536 1018.8
0.48537 1018.8
0.48538 1018.8
0.48539 1018.8
0.48540 1018.8
0.48541 1018.8
0.48542 1018.8
0.48543 1018.8
0.48544 1018.8
0.48545 1018.8
0.48546 1018.8
0.48547 1018.8
0.48548 1018.8
0.48549 1018.8
0.48550 1018.8
0.48551 1018.8
0.48552 1018.8
0.48553 1018.8
0.48554 1018.8
0.48555 1018.8
0.48556 1018.8
0.48557 1018.8
0.48558 1018.8
0.48559 1018.8
0.48560 1018.8
0.48561 1018.8
0.48562 1018.8
0.48563 1018.8
0.48564 1018.8
0.48565 1018.8
0.48566 1018.8
0.48567 1018.8
0.48568 1018.8
0.48569 1018.8
0.48570 1018.8
0.48571 1018.8
0.48572 1018.8
0.48573 1018.8
0.48574 1018.8
0.48575 1018.8
0.48576 1018.8
0.48577 1018.8
0.48578 1018.8
0.48579 1018.8
0.48580 1018.8
0.48581 1018.8
0.48582 1018.8
0.48583 1018.8
0.48584 1018.8
0.48585 1018.8
0.48586 1018.8
0.48587 1018.8
0.48588 1018.8
0.48589 1018.8
0.48590 1018.8
0.48591 1018.8
0.48592 1018.8
0.48593 1018.8
0.48594 1018.8
0.48595 1018.8
0.48596 1018.8
0.48597 1018.8
0.48598 1018.8
0.48599 1018.8
0.48600 1018.8
0.48601 1018.8
0.48602 1018.8
0.48603 1018.8
0.48604 1018.8
0.48605 1018.8
0.48606 1018.8
0.48607 1018.8
0.48608 1018.8
0.48609 1018.8
0.48610 1018.8
0.48611 1018.8
0.48612 1018.8
0.48613 1018.8
0.48614 1018.8
0.48615 1018.8
0.48616 1018.8
0.48617 1018.8
0.48618 1018.8
0.48619 1018.8
0.48620 1018.8
0.48621 1018.8
0.48622 1018.8
0.48623 1018.8
0.48624 1018.8
0.48625 1018.8
0.48626 1018.8
0.48627 1018.8
0.48628 1018.8
0.48629 1018.8
0.48630 1018.8
0.48631 1018.8
0.48632 1018.8
0.48633 1018.8
0.48634 1018.8
0.48635 1018.8
0.48636 1018.8
0.48637 1018.8
0.48638 1018.8
0.48639 1018.8
0.48640 1018.8
0.48641 1018.8
0.48642 1018.8
0.48643 1018.8
0.48644 1018.8
0.48645 1018.8
0.48646 1018.8
0.48647 1018.8
0.48648 1018.8
0.48649 1018.8
0.48650 1018.8
0.48651 1018.8
0.48652 1018.8
0.48653 1018.8
0.48654 1018.8
0.48655 1018.8
0.48656 1018.8
0.48657 1018.8
0.48658 1018.8
0.48659 1018.8
0.48660 1018.8
0.48661 1018.8
0.48662 1018.8
0.48663 1018.8
0.48664 1018.8
0.48665 1018.8
0.48666 1018.8
0.48667 1018.8
0.48668 1018.8
0.48669 1018.8
0.48670 1018.8
0.48671 1018.8
0.48672 1018.8
0.48673 1018.8
0.48674 1018.8
0.48675 1018.8
0.48676 1018.8
0.48677 1018.8
0.48678 1018.8
0.48679 1018.8
0.48680 1018.8
0.48681 1018.8
0.48682 1018.8
0.48683 1018.8
0.48684 1018.8
0.48685 1018.8
0.48686 1018.8
0.48687 1018.8
0.48688 1018.8
0.48689 1018.8
0.48690 1018.8
0.48691 1018.8
0.48692 1018.8
0.48693 1018.8
0.48694 1018.8
0.48695 1018.8
0.48696 1018.8
0.48697 1018.8
0.48698 1018.8
0.48699 1018.8
0.48700 1018.8
0.48701 1018.8
0.48702 1018.8
0.48703 1018.8
0.48704 1018.8
0.48705 1018.8
0.48706 1018.8
0.48707 1018.8
0.48708 1018.8
0.48709 1018.8
0.48710 1018.8
0.48711 1018.8
0.48712 1018.8
0.48713 1018.8
0.48714 1018.8
0.48715 1018.8
0.48716 1018.8
0.48717 1018.8
0.48718 1018.8
0.48719 1018.8
0.48720 1018.8
0.48721 1018.8
0.48722 1018.8
0.48723 1018.8
0.48724 1018.8
0.48725 1018.8
0.48726 1018.8
0.48727 1018.8
0.48728 1018.8
0.48729 1018.8
0.48730 1018.8
0.48731 1018.8
0.48732 1018.8
0.48733 1018.8
0.48734 1018.8
0.48735 1018.8
0.48736 1018.8
0.48737 1018.8
0.48738 1018.8
0.48739 1018.8
0.48740 1018.8
0.48741 1018.8
0.48742 1018.8
0.48743 1018.8
0.48744 1018.8
0.48745 1018.8
0.48746 1018.8
0.48747 1018.8
0.48748 1018.8
0.48749 1018.8
0.48750 1018.8
0.48751 1018.8
0.48752 1018.8
0.48753 1018.8
0.48754 1018.8
0.48755 1018.8
0.48756 1018.8
0.48757 1018.8
0.48758 1018.8
0.48759 1018.8
0.48760 1018.8
0.48761 1018.8
0.48762 1018.8
0.48763 1018.8
0.48764 1018.8
0.48765 1018.8
0.48766 1018.8
0.48767 1018.8
0.48768 1018.8
0.48769 1018.8
0.48770 1018.8
0.48771 1018.8
0.48772 1018.8
0.48773 1018.8
0.48774 1018.8
0.48775 1018.8
0.48776 1018.8
0.48777 1018.8
0.48778 1018.8
0.48779 1018.8
0.48780 1018.8
0.48781 1018.8
0.48782 1018.8
0.48783 1018.8
0.48784 1018.8
0.48785 1018.8
0.48786 1018.8
0.48787 1018.8
0.48788 1018.8
0.48789 1018.8
0.48790 1018.8
0.48791 1018.8
0.48792 1018.8
0.48793 1018.8
0.48794 1018.8
0.48795 1018.8
0.48796 1018.8
0.48797 1018.8
0.48798 1018.8
0.48799 1018.8
0.48800 1018.8
0.48801 1018.8
0.48802 1018.8
0.48803 1018.8
0.48804 1018.8
0.48805 1018.8
0.48806 1018.8
0.48807 1018.8
0.48808 1018.8
0.48809 1018.8
0.48810 1018.8
0.48811 1018.8
0.48812 1018.8
0.48813 1018.8
0.48814 1018.8
0.48815 1018.8
0.48816 1018.8
0.48817 1018.8
0.48818 1018.8
0.48819 1018.8
0.48820 1018.8
0.48821 1018.8
0.48822 1018.8
0.48823 1018.8
0.48824 1018.8
0.48825 1018.8
0.48826 1018.8
0.48827 1018.8
0.48828 1018.8
0.48829 1018.8
0.48830 1018.8
0.48831 1018.8
0.48832 1018.8
0.48833 1018.8
0.48834 1018.8
0.48835 1018.8
0.48836 1018.8
0.48837 1018.8
0.48838 1018.8
0.48839 1018.8
0.48840 1018.8
0.48841 1018.8
0.48842 1018.8
0.48843 1018.8
0.48844 1018.8
0.48845 1018.8
0.48846 1018.8
0.48847 1018.8
0.48848 1018.8
0.48849 1018.8
0.48850 1018.8
0.48851 1018.8
0.48852 1018.8
0.48853 1018.8
0.48854 1018.8
0.48855 1018.8
0.48856 1018.8
0.48857 1018.8
0.48858 1018.8
0.48859 1018.8
0.48860 1018.8
0.48861 1018.8
0.48862 1018.8
0.48863 1018.8
0.48864 1018.8
0.48865 1018.8
0.48866 1018.8
0.48867 1018.8
0.48868 1018.8
0.48869 1018.8
0.48870 1018.8
0.48871 1018.8
0.48872 1018.8
0.48873 1018.8
0.48874 1018.8
0.48875 1018.8
0.48876 1018.8
0.48877 1018.8
0.48878 1018.8
0.48879 1018.8
0.48880 1018.8
0.48881 1018.8
0.48882 1018.8
0.48883 1018.8
0.48884 1018.8
0.48885 1018.8
0.48886 1018.8
0.48887 1018.8
0.48888 1018.8
0.48889 1018.8
0.48890 1018.8
0.48891 1018.8
0.48892 1018.8
0.48893 1018.8
0.48894 1018.8
0.48895 1018.8
0.48896 1018.8
0.48897 1018.8
0.48898 1018.8
0.48899 1018.8
0.48900 1018.8
0.48901 1018.8
0.48902 1018.8
0.48903 1018.8
0.48904 1018.8
0.48905 1018.8
0.48906 1018.8
0.48907 1018.8
0.48908 1018.8
0.48909 1018.8
0.48910 1018.8
0.48911 1018.8
0.48912 1018.8
0.48913 1018.8
0.48914 1018.8
0.48915 1018.8
0.48916 1018.8
0.48917 1018.8
0.48918 1018.8
0.48919 1018.8
0.48920 1018.8
0.48921 1018.8
0.48922 1018.8
0.48923 1018.8
0.48924 1018.8
0.48925 1018.8
0.48926 1018.8
0.48927 1018.8
0.48928 1018.8
0.48929 1018.8
0.48930 1018.8
0.48931 1018.8
0.48932 1018.8
0.48933 1018.8
0.48934 1018.8
0.48935 1018.8
0.48936 1018.8
0.48937 1018.8
0.48938 1018.8
0.48939 1018.8
0.48940 1018.8
0.48941 1018.8
0.48942 1018.8
0.48943 1018.8
0.48944 1018.8
0.48945 1018.8
0.48946 1018.8
0.48947 1018.8
0.48948 1018.8
0.48949 1018.8
0.48950 1018.8
0.48951 1018.8
0.48952 1018.8
0.48953 1018.8
0.48954 1018.8
0.48955 1018.8
0.48956 1018.8
0.48957 1018.8
0.48958 1018.8
0.48959 1018.8
0.48960 1018.8
0.48961 1018.8
0.48962 1018.8
0.48963 1018.8
0.48964 1018.8
0.48965 1018.8
0.48966 1018.8
0.48967 1018.8
0.48968 1018.8
0.48969 1018.8
0.48970 1018.8
0.48971 1018.8
0.48972 1018.8
0.48973 1018.8
0.48974 1018.8
0.48975 1018.8
0.48976 1018.8
0.48977 1018.8
0.48978 1018.8
0.48979 1018.8
0.48980 1018.8
0.48981 1018.8
0.48982 1018.8
0.48983 1018.8
0.48984 1018.8
0.48985 1018.8
0.48986 1018.8
0.48987 1018.8
0.48988 1018.8
0.48989 1018.8
0.48990 1018.8
0.48991 1018.8
0.48992 1018.8
0.48993 1018.8
0.48994 1018.8
0.48995 1018.8
0.48996 1018.8
0.48997 1018.8
0.48998 1018.8
0.48999 1018.8
0.49000 1018.8
0.49001 1018.8
0.49002 1018.8
0.49003 1018.8
0.49004 1018.8
0.49005 1018.8
0.49006 1018.8
0.49007 1018.8
0.49008 1018.8
0.49009 1018.8
0.49010 1018.8
0.49011 1018.8
0.49012 1018.8
0.49013 1018.8
0.49014 1018.8
0.49015 1018.8
0.49016 1018.8
0.49017 1018.8
0.49018 1018.8
0.49019 1018.8
0.49020 1018.8
0.49021 1018.8
0.49022 1018.8
0.49023 1018.8
0.49024 1018.8
0.49025 1018.8
0.49026 1018.8
0.49027 1018.8
0.49028 1018.8
0.49029 1018.8
0.49030 1018.8
0.49031 1018.8
0.49032 1018.8
0.49033 1018.8
0.49034 1018.8
0.49035 1018.8
0.49036 1018.8
0.49037 1018.8
0.49038 1018.8
0.49039 1018.8
0.49040 1018.8
0.49041 1018.8
0.49042 1018.8
0.49043 1018.8
0.49044 1018.8
0.49045 1018.8
0.49046 1018.8
0.49047 1018.8
0.49048 1018.8
0.49049 1018.8
0.49050 1018.8
0.49051 1018.8
0.49052 1018.8
0.49053 1018.8
0.49054 1018.8
0.49055 1018.8
0.49056 1018.8
0.49057 1018.8
0.49058 1018.8
0.49059 1018.8
0.49060 1018.8
0.49061 1018.8
0.49062 1018.8
0.49063 1018.8
0.49064 1018.8
0.49065 1018.8
0.49066 1018.8
0.49067 1018.8
0.49068 1018.8
0.49069 1018.8
0.49070 1018.8
0.49071 1018.8
0.49072 1018.8
0.49073 1018.8
0.49074 1018.8
0.49075 1018.8
0.49076 1018.8
0.49077 1018.8
0.49078 1018.8
0.49079 1018.8
0.49080 1018.8
0.49081 1018.8
0.49082 1018.8
0.49083 1018.8
0.49084 1018.8
0.49085 1018.8
0.49086 1018.8
0.49087 1018.8
0.49088 1018.8
0.49089 1018.8
0.49090 1018.8
0.49091 1018.8
0.49092 1018.8
0.49093 1018.8
0.49094 1018.8
0.49095 1018.8
0.49096 1018.8
0.49097 1018.8
0.49098 1018.8
0.49099 1018.8
0.49100 1018.8
0.49101 1018.8
0.49102 1018.8
0.49103 1018.8
0.49104 1018.8
0.49105 1018.8
0.49106 1018.8
0.49107 1018.8
0.49108 1018.8
0.49109 1018.8
0.49110 1018.8
0.49111 1018.8
0.49112 1018.8
0.49113 1018.8
0.49114 1018.8
0.49115 1018.8
0.49116 1018.8
0.49117 1018.8
0.49118 1018.8
0.49119 1018.8
0.49120 1018.8
0.49121 1018.8
0.49122 1018.8
0.49123 1018.8
0.49124 1018.8
0.49125 1018.8
0.49126 1018.8
0.49127 1018.8
0.49128 1018.8
0.49129 1018.8
0.49130 1018.8
0.49131 1018.8
0.49132 1018.8
0.49133 1018.8
0.49134 1018.8
0.49135 1018.8
0.49136 1018.8
0.49137 1018.8
0.49138 1018.8
0.49139 1018.8
0.49140 1018.8
0.49141 1018.8
0.49142 1018.8
0.49143 1018.8
0.49144 1018.8
0.49145 1018.8
0.49146 1018.8
0.49147 1018.8
0.49148 1018.8
0.49149 1018.8
0.49150 1018.8
0.49151 1018.8
0.49152 1018.8
0.49153 1018.8
0.49154 1018.8
0.49155 1018.8
0.49156 1018.8
0.49157 1018.8
0.49158 1018.8
0.49159 1018.8
0.49160 1018.8
0.49161 1018.8
0.49162 1018.8
0.49163 1018.8
0.49164 1018.8
0.49165 1018.8
0.49166 1018.8
0.49167 1018.8
0.49168 1018.8
0.49169 1018.8
0.49170 1018.8
0.49171 1018.8
0.49172 1018.8
0.49173 1018.8
0.49174 1018.8
0.49175 1018.8
0.49176 1018.8
0.49177 1018.8
0.49178 1018.8
0.49179 1018.8
0.49180 1018.8
0.49181 1018.8
0.49182 1018.8
0.49183 1018.8
0.49184 1018.8
0.49185 1018.8
0.49186 1018.8
0.49187 1018.8
0.49188 1018.8
0.49189 1018.8
0.49190 1018.8
0.49191 1018.8
0.49192 1018.8
0.49193 1018.8
0.49194 1018.8
0.49195 1018.8
0.49196 1018.8
0.49197 1018.8
0.49198 1018.8
0.49199 1018.8
0.49200 1018.8
0.49201 1018.8
0.49202 1018.8
0.49203 1018.8
0.49204 1018.8
0.49205 1018.8
0.49206 1018.8
0.49207 1018.8
0.49208 1018.8
0.49209 1018.8
0.49210 1018.8
0.49211 1018.8
0.49212 1018.8
0.49213 1018.8
0.49214 1018.8
0.49215 1018.8
0.49216 1018.8
0.49217 1018.8
0.49218 1018.8
0.49219 1018.8
0.49220 1018.8
0.49221 1018.8
0.49222 1018.8
0.49223 1018.8
0.49224 1018.8
0.49225 1018.8
0.49226 1018.8
0.49227 1018.8
0.49228 1018.8
0.49229 1018.8
0.49230 1018.8
0.49231 1018.8
0.49232 1018.8
0.49233 1018.8
0.49234 1018.8
0.49235 1018.8
0.49236 1018.8
0.49237 1018.8
0.49238 1018.8
0.49239 1018.8
0.49240 1018.8
0.49241 1018.8
0.49242 1018.8
0.49243 1018.8
0.49244 1018.8
0.49245 1018.8
0.49246 1018.8
0.49247 1018.8
0.49248 1018.8
0.49249 1018.8
0.49250 1018.8
0.49251 1018.8
0.49252 1018.8
0.49253 1018.8
0.49254 1018.8
0.49255 1018.8
0.49256 1018.8
0.49257 1018.8
0.49258 1018.8
0.49259 1018.8
0.49260 1018.8
0.49261 1018.8
0.49262 1018.8
0.49263 1018.8
0.49264 1018.8
0.49265 1018.8
0.49266 1018.8
0.49267 1018.8
0.49268 1018.8
0.49269 1018.8
0.49270 1018.8
0.49271 1018.8
0.49272 1018.8
0.49273 1018.8
0.49274 1018.8
0.49275 1018.8
0.49276 1018.8
0.49277 1018.8
0.49278 1018.8
0.49279 1018.8
0.49280 1018.8
0.49281 1018.8
0.49282 1018.8
0.49283 1018.8
0.49284 1018.8
0.49285 1018.8
0.49286 1018.8
0.49287 1018.8
0.49288 1018.8
0.49289 1018.8
0.49290 1018.8
0.49291 1018.8
0.49292 1018.8
0.49293 1018.8
0.49294 1018.8
0.49295 1018.8
0.49296 1018.8
0.49297 1018.8
0.49298 1018.8
0.49299 1018.8
0.49300 1018.8
0.49301 1018.8
0.49302 1018.8
0.49303 1018.8
0.49304 1018.8
0.49305 1018.8
0.49306 1018.8
0.49307 1018.8
0.49308 1018.8
0.49309 1018.8
0.49310 1018.8
0.49311 1018.8
0.49312 1018.8
0.49313 1018.8
0.49314 1018.8
0.49315 1018.8
0.49316 1018.8
0.49317 1018.8
0.49318 1018.8
0.49319 1018.8
0.49320 1018.8
0.49321 1018.8
0.49322 1018.8
0.49323 1018.8
0.49324 1018.8
0.49325 1018.8
0.49326 1018.8
0.49327 1018.8
0.49328 1018.8
0.49329 1018.8
0.49330 1018.8
0.49331 1018.8
0.49332 1018.8
0.49333 1018.8
0.49334 1018.8
0.49335 1018.8
0.49336 1018.8
0.49337 1018.8
0.49338 1018.8
0.49339 1018.8
0.49340 1018.8
0.49341 1018.8
0.49342 1018.8
0.49343 1018.8
0.49344 1018.8
0.49345 1018.8
0.49346 1018.8
0.49347 1018.8
0.49348 1018.8
0.49349 1018.8
0.49350 1018.8
0.49351 1018.8
0.49352 1018.8
0.49353 1018.8
0.49354 1018.8
0.49355 1018.8
0.49356 1018.8
0.49357 1018.8
0.49358 1018.8
0.49359 1018.8
0.49360 1018.8
0.49361 1018.8
0.49362 1018.8
0.49363 1018.8
0.49364 1018.8
0.49365 1018.8
0.49366 1018.8
0.49367 1018.8
0.49368 1018.8
0.49369 1018.8
0.49370 1018.8
0.49371 1018.8
0.49372 1018.8
0.49373 1018.8
0.49374 1018.8
0.49375 1018.8
0.49376 1018.8
0.49377 1018.8
0.49378 1018.8
0.49379 1018.8
0.49380 1018.8
0.49381 1018.8
0.49382 1018.8
0.49383 1018.8
0.49384 1018.8
0.49385 1018.8
0.49386 1018.8
0.49387 1018.8
0.49388 1018.8
0.49389 1018.8
0.49390 1018.8
0.49391 1018.8
0.49392 1018.8
0.49393 1018.8
0.49394 1018.8
0.49395 1018.8
0.49396 1018.8
0.49397 1018.8
0.49398 1018.8
0.49399 1018.8
0.49400 1018.8
0.49401 1018.8
0.49402 1018.8
0.49403 1018.8
0.49404 1018.8
0.49405 1018.8
0.49406 1018.8
0.49407 1018.8
0.49408 1018.8
0.49409 1018.8
0.49410 1018.8
0.49411 1018.8
0.49412 1018.8
0.49413 1018.8
0.49414 1018.8
0.49415 1018.8
0.49416 1018.8
0.49417 1018.8
0.49418 1018.8
0.49419 1018.8
0.49420 1018.8
0.49421 1018.8
0.49422 1018.8
0.49423 1018.8
0.49424 1018.8
0.49425 1018.8
0.49426 1018.8
0.49427 1018.8
0.49428 1018.8
0.49429 1018.8
0.49430 1018.8
0.49431 1018.8
0.49432 1018.8
0.49433 1018.8
0.49434 1018.8
0.49435 1018.8
0.49436 1018.8
0.49437 1018.8
0.49438 1018.8
0.49439 1018.8
0.49440 1018.8
0.49441 1018.8
0.49442 1018.8
0.49443 1018.8
0.49444 1018.8
0.49445 1018.8
0.49446 1018.8
0.49447 1018.8
0.49448 1018.8
0.49449 1018.8
0.49450 1018.8
0.49451 1018.8
0.49452 1018.8
0.49453 1018.8
0.49454 1018.8
0.49455 1018.8
0.49456 1018.8
0.49457 1018.8
0.49458 1018.8
0.49459 1018.8
0.49460 1018.8
0.49461 1018.8
0.49462 1018.8
0.49463 1018.8
0.49464 1018.8
0.49465 1018.8
0.49466 1018.8
0.49467 1018.8
0.49468 1018.8
0.49469 1018.8
0.49470 1018.8
0.49471 1018.8
0.49472 1018.8
0.49473 1018.8
0.49474 1018.8
0.49475 1018.8
0.49476 1018.8
0.49477 1018.8
0.49478 1018.8
0.49479 1018.8
0.49480 1018.8
0.49481 1018.8
0.49482 1018.8
0.49483 1018.8
0.49484 1018.8
0.49485 1018.8
0.49486 1018.8
0.49487 1018.8
0.49488 1018.8
0.49489 1018.8
0.49490 1018.8
0.49491 1018.8
0.49492 1018.8
0.49493 1018.8
0.49494 1018.8
0.49495 1018.8
0.49496 1018.8
0.49497 1018.8
0.49498 1018.8
0.49499 1018.8
0.49500 1018.8
0.49501 1018.8
0.49502 1018.8
0.49503 1018.8
0.49504 1018.8
0.49505 1018.8
0.49506 1018.8
0.49507 1018.8
0.49508 1018.8
0.49509 1018.8
0.49510 1018.8
0.49511 1018.8
0.49512 1018.8
0.49513 1018.8
0.49514 1018.8
0.49515 1018.8
0.49516 1018.8
0.49517 1018.8
0.49518 1018.8
0.49519 1018.8
0.49520 1018.8
0.49521 1018.8
0.49522 1018.8
0.49523 1018.8
0.49524 1018.8
0.49525 1018.8
0.49526 1018.8
0.49527 1018.8
0.49528 1018.8
0.49529 1018.8
0.49530 1018.8
0.49531 1018.8
0.49532 1018.8
0.49533 1018.8
0.49534 1018.8
0.49535 1018.8
0.49536 1018.8
0.49537 1018.8
0.49538 1018.8
0.49539 1018.8
0.49540 1018.8
0.49541 1018.8
0.49542 1018.8
0.49543 1018.8
0.49544 1018.8
0.49545 1018.8
0.49546 1018.8
0.49547 1018.8
0.49548 1018.8
0.49549 1018.8
0.49550 1018.8
0.49551 1018.8
0.49552 1018.8
0.49553 1018.8
0.49554 1018.8
0.49555 1018.8
0.49556 1018.8
0.49557 1018.8
0.49558 1018.8
0.49559 1018.8
0.49560 1018.8
0.49561 1018.8
0.49562 1018.8
0.49563 1018.8
0.49564 1018.8
0.49565 1018.8
0.49566 1018.8
0.49567 1018.8
0.49568 1018.8
0.49569 1018.8
0.49570 1018.8
0.49571 1018.8
0.49572 1018.8
0.49573 1018.8
0.49574 1018.8
0.49575 1018.8
0.49576 1018.8
0.49577 1018.8
0.49578 1018.8
0.49579 1018.8
0.49580 1018.8
0.49581 1018.8
0.49582 1018.8
0.49583 1018.8
0.49584 1018.8
0.49585 1018.8
0.49586 1018.8
0.49587 1018.8
0.49588 1018.8
0.49589 1018.8
0.49590 1018.8
0.49591 1018.8
0.49592 1018.8
0.49593 1018.8
0.49594 1018.8
0.49595 1018.8
0.49596 1018.8
0.49597 1018.8
0.49598 1018.8
0.49599 1018.8
0.49600 1018.8
0.49601 1018.8
0.49602 1018.8
0.49603 1018.8
0.49604 1018.8
0.49605 1018.8
0.49606 1018.8
0.49607 1018.8
0.49608 1018.8
0.49609 1018.8
0.49610 1018.8
0.49611 1018.8
0.49612 1018.8
0.49613 1018.8
0.49614 1018.8
0.49615 1018.8
0.49616 1018.8
0.49617 1018.8
0.49618 1018.8
0.49619 1018.8
0.49620 1018.8
0.49621 1018.8
0.49622 1018.8
0.49623 1018.8
0.49624 1018.8
0.49625 1018.8
0.49626 1018.8
0.49627 1018.8
0.49628 1018.8
0.49629 1018.8
0.49630 1018.8
0.49631 1018.8
0.49632 1018.8
0.49633 1018.8
0.49634 1018.8
0.49635 1018.8
0.49636 1018.8
0.49637 1018.8
0.49638 1018.8
0.49639 1018.8
0.49640 1018.8
0.49641 1018.8
0.49642 1018.8
0.49643 1018.8
0.49644 1018.8
0.49645 1018.8
0.49646 1018.8
0.49647 1018.8
0.49648 1018.8
0.49649 1018.8
0.49650 1018.8
0.49651 1018.8
0.49652 1018.8
0.49653 1018.8
0.49654 1018.8
0.49655 1018.8
0.49656 1018.8
0.49657 1018.8
0.49658 1018.8
0.49659 1018.8
0.49660 1018.8
0.49661 1018.8
0.49662 1018.8
0.49663 1018.8
0.49664 1018.8
0.49665 1018.8
0.49666 1018.8
0.49667 1018.8
0.49668 1018.8
0.49669 1018.8
0.49670 1018.8
0.49671 1018.8
0.49672 1018.8
0.49673 1018.8
0.49674 1018.8
0.49675 1018.8
0.49676 1018.8
0.49677 1018.8
0.49678 1018.8
0.49679 1018.8
0.49680 1018.8
0.49681 1018.8
0.49682 1018.8
0.49683 1018.8
0.49684 1018.8
0.49685 1018.8
0.49686 1018.8
0.49687 1018.8
0.49688 1018.8
0.49689 1018.8
0.49690 1018.8
0.49691 1018.8
0.49692 1018.8
0.49693 1018.8
0.49694 1018.8
0.49695 1018.8
0.49696 1018.8
0.49697 1018.8
0.49698 1018.8
0.49699 1018.8
0.49700 1018.8
0.49701 1018.8
0.49702 1018.8
0.49703 1018.8
0.49704 1018.8
0.49705 1018.8
0.49706 1018.8
0.49707 1018.8
0.49708 1018.8
0.49709 1018.8
0.49710 1018.8
0.49711 1018.8
0.49712 1018.8
0.49713 1018.8
0.49714 1018.8
0.49715 1018.8
0.49716 1018.8
0.49717 1018.8
0.49718 1018.8
0.49719 1018.8
0.49720 1018.8
0.49721 1018.8
0.49722 1018.8
0.49723 1018.8
0.49724 1018.8
0.49725 1018.8
0.49726 1018.8
0.49727 1018.8
0.49728 1018.8
0.49729 1018.8
0.49730 1018.8
0.49731 1018.8
0.49732 1018.8
0.49733 1018.8
0.49734 1018.8
0.49735 1018.8
0.49736 1018.8
0.49737 1018.8
0.49738 1018.8
0.49739 1018.8
0.49740 1018.8
0.49741 1018.8
0.49742 1018.8
0.49743 1018.8
0.49744 1018.8
0.49745 1018.8
0.49746 1018.8
0.49747 1018.8
0.49748 1018.8
0.49749 1018.8
0.49750 1018.8
0.49751 1018.8
0.49752 1018.8
0.49753 1018.8
0.49754 1018.8
0.49755 1018.8
0.49756 1018.8
0.49757 1018.8
0.49758 1018.8
0.49759 1018.8
0.49760 1018.8
0.49761 1018.8
0.49762 1018.8
0.49763 1018.8
0.49764 1018.8
0.49765 1018.8
0.49766 1018.8
0.49767 1018.8
0.49768 1018.8
0.49769 1018.8
0.49770 1018.8
0.49771 1018.8
0.49772 1018.8
0.49773 1018.8
0.49774 1018.8
0.49775 1018.8
0.49776 1018.8
0.49777 1018.8
0.49778 1018.8
0.49779 1018.8
0.49780 1018.8
0.49781 1018.8
0.49782 1018.8
0.49783 1018.8
0.49784 1018.8
0.49785 1018.8
0.49786 1018.8
0.49787 1018.8
0.49788 1018.8
0.49789 1018.8
0.49790 1018.8
0.49791 1018.8
0.49792 1018.8
0.49793 1018.8
0.49794 1018.8
0.49795 1018.8
0.49796 1018.8
0.49797 1018.8
0.49798 1018.8
0.49799 1018.8
0.49800 1018.8
0.49801 1018.8
0.49802 1018.8
0.49803 1018.8
0.49804 1018.8
0.49805 1018.8
0.49806 1018.8
0.49807 1018.8
0.49808 1018.8
0.49809 1018.8
0.49810 1018.8
0.49811 1018.8
0.49812 1018.8
0.49813 1018.8
0.49814 1018.8
0.49815 1018.8
0.49816 1018.8
0.49817 1018.8
0.49818 1018.8
0.49819 1018.8
0.49820 1018.8
0.49821 1018.8
0.49822 1018.8
0.49823 1018.8
0.49824 1018.8
0.49825 1018.8
0.49826 1018.8
0.49827 1018.8
0.49828 1018.8
0.49829 1018.8
0.49830 1018.8
0.49831 1018.8
0.49832 1018.8
0.49833 1018.8
0.49834 1018.8
0.49835 1018.8
0.49836 1018.8
0.49837 1018.8
0.49838 1018.8
0.49839 1018.8
0.49840 1018.8
0.49841 1018.8
0.49842 1018.8
0.49843 1018.8
0.49844 1018.8
0.49845 1018.8
0.49846 1018.8
0.49847 1018.8
0.49848 1018.8
0.49849 1018.8
0.49850 1018.8
0.49851 1018.8
0.49852 1018.8
0.49853 1018.8
0.49854 1018.8
0.49855 1018.8
0.49856 1018.8
0.49857 1018.8
0.49858 1018.8
0.49859 1018.8
0.49860 1018.8
0.49861 1018.8
0.49862 1018.8
0.49863 1018.8
0.49864 1018.8
0.49865 1018.8
0.49866 1018.8
0.49867 1018.8
0.49868 1018.8
0.49869 1018.8
0.49870 1018.8
0.49871 1018.8
0.49872 1018.8
0.49873 1018.8
0.49874 1018.8
0.49875 1018.8
0.49876 1018.8
0.49877 1018.8
0.49878 1018.8
0.49879 1018.8
0.49880 1018.8
0.49881 1018.8
0.49882 1018.8
0.49883 1018.8
0.49884 1018.8
0.49885 1018.8
0.49886 1018.8
0.49887 1018.8
0.49888 1018.8
0.49889 1018.8
0.49890 1018.8
0.49891 1018.8
0.49892 1018.8
0.49893 1018.8
0.49894 1018.8
0.49895 1018.8
0.49896 1018.8
0.49897 1018.8
0.49898 1018.8
0.49899 1018.8
0.49900 1018.8
0.49901 1018.8
0.49902 1018.8
0.49903 1018.8
0.49904 1018.8
0.49905 1018.8
0.49906 1018.8
0.49907 1018.8
0.49908 1018.8
0.49909 1018.8
0.49910 1018.8
0.49911 1018.8
0.49912 1018.8
0.49913 1018.8
0.49914 1018.8
0.49915 1018.8
0.49916 1018.8
0.49917 1018.8
0.49918 1018.8
0.49919 1018.8
0.49920 1018.8
0.49921 1018.8
0.49922 1018.8
0.49923 1018.8
0.49924 1018.8
0.49925 1018.8
0.49926 1018.8
0.49927 1018.8
0.49928 1018.8
0.49929 1018.8
0.49930 1018.8
0.49931 1018.8
0.49932 1018.8
0.49933 1018.8
0.49934 1018.8
0.49935 1018.8
0.49936 1018.8
0.49937 1018.8
0.49938 1018.8
0.49939 1018.8
0.49940 1018.8
0.49941 1018.8
0.49942 1018.8
0.49943 1018.8
0.49944 1018.8
0.49945 1018.8
0.49946 1018.8
0.49947 1018.8
0.49948 1018.8
0.49949 1018.8
0.49950 1018.8
0.49951 1018.8
0.49952 1018.8
0.49953 1018.8
0.49954 1018.8
0.49955 1018.8
0.49956 1018.8
0.49957 1018.8
0.49958 1018.8
0.49959 1018.8
0.49960 1018.8
0.49961 1018.8
0.49962 1018.8
0.49963 1018.8
0.49964 1018.8
0.49965 1018.8
0.49966 1018.8
0.49967 1018.8
0.49968 1018.8
0.49969 1018.8
0.49970 1018.8
0.49971 1018.8
0.49972 1018.8
0.49973 1018.8
0.49974 1018.8
0.49975 1018.8
0.49976 1018.8
0.49977 1018.8
0.49978 1018.8
0.49979 1018.8
0.49980 1018.8
0.49981 1018.8
0.49982 1018.8
0.49983 1018.8
0.49984 1018.8
0.49985 1018.8
0.49986 1018.8
0.49987 1018.8
0.49988 1018.8
0.49989 1018.8
0.49990 1018.8
0.49991 1018.8
0.49992 1018.8
0.49993 1018.8
0.49994 1018.8
0.49995 1018.8
0.49996 1018.8
0.49997 1018.8
0.49998 1018.8
0.49999 1018.8
0.50000 1018.8
0.50001 1018.8
0.50002 1018.8
0.50003 1018.8
0.50004 1018.8
0.50005 1018.8
0.50006 1018.8
0.50007 1018.8
0.50008 1018.8
0.50009 1018.8
0.50010 1018.8
0.50011 1018.8
0.50012 1018.8
0.50013 1018.8
0.50014 1018.8
0.50015 1018.8
0.50016 1018.8
0.50017 1018.8
0.50018 1018.8
0.50019 1018.8
0.50020 1018.8
0.50021 1018.8
0.50022 1018.8
0.50023 1018.8
0.50024 1018.8
0.50025 1018.8
0.50026 1018.8
0.50027 1018.8
0.50028 1018.8
0.50029 1018.8
0.50030 1018.8
0.50031 1018.8
0.50032 1018.8
0.50033 1018.8
0.50034 1018.8
0.50035 1018.8
0.50036 1018.8
0.50037 1018.8
0.50038 1018.8
0.50039 1018.8
0.50040 1018.8
0.50041 1018.8
0.50042 1018.8
0.50043 1018.8
0.50044 1018.8
0.50045 1018.8
0.50046 1018.8
0.50047 1018.8
0.50048 1018.8
0.50049 1018.8
0.50050 1018.8
0.50051 1018.8
0.50052 1018.8
0.50053 1018.8
0.50054 1018.8
0.50055 1018.8
0.50056 1018.8
0.50057 1018.8
0.50058 1018.8
0.50059 1018.8
0.50060 1018.8
0.50061 1018.8
0.50062 1018.8
0.50063 1018.8
0.50064 1018.8
0.50065 1018.8
0.50066 1018.8
0.50067 1018.8
0.50068 1018.8
0.50069 1018.8
0.50070 1018.8
0.50071 1018.8
0.50072 1018.8
0.50073 1018.8
0.50074 1018.8
0.50075 1018.8
0.50076 1018.8
0.50077 1018.8
0.50078 1018.8
0.50079 1018.8
0.50080 1018.8
0.50081 1018.8
0.50082 1018.8
0.50083 1018.8
0.50084 1018.8
0.50085 1018.8
0.50086 1018.8
0.50087 1018.8
0.50088 1018.8
0.50089 1018.8
0.50090 1018.8
0.50091 1018.8
0.50092 1018.8
0.50093 1018.8
0.50094 1018.8
0.50095 1018.8
0.50096 1018.8
0.50097 1018.8
0.50098 1018.8
0.50099 1018.8
0.50100 1018.8
0.50101 1037.4
0.50102 1056.2
0.50103 1075.4
0.50104 1094.8
0.50105 1114.5
0.50106 1134.5
0.50107 1154.8
0.50108 1175.4
0.50109 1196.3
0.50110 1217.5
0.50111 1239.0
0.50112 1260.9
0.50113 1283.0
0.50114 1305.5
0.50115 1328.4
0.50116 1351.6
0.50117 1375.1
0.50118 1399.1
0.50119 1423.3
0.50120 1448.0
0.50121 1473.1
0.50122 1498.6
0.50123 1524.5
0.50124 1550.9
0.50125 1577.7
0.50126 1605.1
0.50127 1632.9
0.50128 1661.4
0.50129 1690.5
0.50130 1720.2
0.50131 1750.6
0.50132 1781.9
0.50133 1814.0
0.50134 1847.1
0.50135 1881.2
0.50136 1916.6
0.50137 1953.3
0.50138 1991.6
0.50139 2031.6
0.50140 2073.7
0.50141 2118.0
0.50142 2164.9
0.50143 2214.9
0.50144 2268.5
0.50145 2326.1
0.50146 2388.6
0.50147 2456.8
0.50148 2531.6
0.50149 2614.3
0.50150 2706.4
0.50151 2759.8
0.50152 2823.8
0.50153 2900.0
0.50154 2990.1
0.50155 3096.1
0.50156 3220.5
0.50157 3366.1
0.50158 3536.0
0.50159 3733.9
0.50160 3963.5
0.50161 4228.2
0.50162 4530.7
0.50163 4871.5
0.50164 5248.3
0.50165 5653.7
0.50166 6075.8
0.50167 6498.1
0.50168 6903.3
0.50169 7276.3
0.50170 7607.5
0.50171 7893.0
0.50172 8133.4
0.50173 8332.1
0.50174 8493.5
0.50175 8622.5
0.50176 8723.1
0.50177 8799.2
0.50178 8853.7
0.50179 8889.3
0.50180 8908.0
0.50181 8911.7
0.50182 8901.7
0.50183 8879.2
0.50184 8845.3
0.50185 8800.7
0.50186 8746.1
0.50187 8682.3
0.50188 8609.7
0.50189 8528.8
0.50190 8440.1
0.50191 8344.0
0.50192 8240.9
0.50193 8131.3
0.50194 8015.5
0.50195 7894.1
0.50196 7767.3
0.50197 7635.6
0.50198 7499.5
0.50199 7359.5
0.50200 7215.9
0.50201 7069.2
0.50202 6920.0
0.50203 6768.6
0.50204 6615.6
0.50205 6461.4
0.50206 6306.5
0.50207 6151.3
0.50208 5996.2
0.50209 5841.8
0.50210 5688.3
0.50211 5536.2
0.50212 5385.8
0.50213 5237.5
0.50214 5091.4
0.50215 4948.1
0.50216 4807.5
0.50217 4670.1
0.50218 4535.9
0.50219 4405.1
0.50220 4277.9
0.50221 4154.4
0.50222 4034.6
0.50223 3918.6
0.50224 3806.5
0.50225 3698.1
0.50226 3593.6
0.50227 3492.9
0.50228 3395.9
0.50229 3302.6
0.50230 3213.0
0.50231 3126.9
0.50232 3044.2
0.50233 2964.9
0.50234 2888.8
0.50235 2815.9
0.50236 2746.0
0.50237 2679.0
0.50238 2614.8
0.50239 2553.4
0.50240 2494.5
0.50241 2438.0
0.50242 2384.0
0.50243 2332.1
0.50244 2282.5
0.50245 2234.9
0.50246 2189.2
0.50247 2145.4
0.50248 2103.4
0.50249 2063.0
0.50250 2024.3
0.50251 1987.0
0.50252 1951.2
0.50253 1916.8
0.50254 1883.8
0.50255 1851.9
0.50256 1821.3
0.50257 1791.8
0.50258 1763.3
0.50259 1735.9
0.50260 1709.5
0.50261 1684.1
0.50262 1659.5
0.50263 1635.8
0.50264 1612.9
0.50265 1590.9
0.50266 1569.6
0.50267 1549.0
0.50268 1529.1
0.50269 1509.9
0.50270 1491.4
0.50271 1473.5
0.50272 1456.2
0.50273 1439.5
0.50274 1423.4
0.50275 1407.8
0.50276 1392.8
0.50277 1378.3
0.50278 1364.2
0.50279 1350.7
0.50280 1337.6
0.50281 1325.0
0.50282 1312.8
0.50283 1301.1
0.50284 1289.7
0.50285 1278.8
0.50286 1268.2
0.50287 1258.0
0.50288 1248.2
0.50289 1238.7
0.50290 1229.6
0.50291 1220.7
0.50292 1212.2
0.50293 1204.0
0.50294 1196.1
0.50295 1188.5
0.50296 1181.1
0.50297 1174.0
0.50298 1167.2
0.50299 1160.6
0.50300 1154.2
0.50301 1148.1
0.50302 1142.2
0.50303 1136.5
0.50304 1130.9
0.50305 1125.6
0.50306 1120.5
0.50307 1115.5
0.50308 1110.8
0.50309 1106.1
0.50310 1101.7
0.50311 1097.4
0.50312 1093.2
0.50313 1089.2
0.50314 1085.3
0.50315 1081.6
0.50316 1078.0
0.50317 1074.5
0.50318 1071.1
0.50319 1067.8
0.50320 1064.6
0.50321 1061.6
0.50322 1058.6
0.50323 1055.8
0.50324 1053.0
0.50325 1050.3
0.50326 1047.7
0.50327 1045.2
0.50328 1042.8
0.50329 1040.4
0.50330 1038.2
0.50331 1036.0
0.50332 1033.8
0.50333 1031.8
0.50334 1029.8
0.50335 1027.8
0.50336 1025.9
0.50337 1024.1
0.50338 1022.3
0.50339 1020.6
0.50340 1019.0
0.50341 1017.3
0.50342 1015.8
0.50343 1014.3
0.50344 1012.8
0.50345 1011.4
0.50346 1010.0
0.50347 1008.6
0.50348 1007.3
0.50349 1006.1
0.50350 1004.8
0.50351 1003.6
0.50352 1002.5
0.50353 1001.3
0.50354 1000.3
0.50355 999.2
0.50356 998.2
0.50357 997.2
0.50358 996.2
0.50359 995.2
0.50360 994.3
0.50361 993.4
0.50362 992.5
0.50363 991.7
0.50364 990.9
0.50365 990.1
0.50366 989.3
0.50367 988.5
0.50368 987.8
0.50369 987.1
0.50370 986.4
0.50371 985.7
0.50372 985.1
0.50373 984.4
0.50374 983.8
0.50375 983.2
0.50376 982.6
0.50377 982.0
0.50378 981.5
0.50379 980.9
0.50380 980.4
0.50381 979.9
0.50382 979.4
0.50383 978.9
0.50384 978.4
0.50385 978.0
0.50386 977.5
0.50387 977.1
0.50388 976.6
0.50389 976.2
0.50390 975.8
0.50391 975.4
0.50392 975.0
0.50393 974.7
0.50394 974.3
0.50395 974.0
0.50396 973.6
0.50397 973.3
0.50398 972.9
0.50399 972.6
0.50400 972.3
0.50401 972.0
0.50402 971.7
0.50403 971.4
0.50404 971.1
0.50405 970.9
0.50406 970.6
0.50407 970.3
0.50408 970.1
0.50409 969.8
0.50410 969.6
0.50411 969.4
0.50412 969.1
0.50413 968.9
0.50414 968.7
0.50415 968.5
0.50416 968.3
0.50417 968.1
0.50418 967.9
0.50419 967.7
0.50420 967.5
0.50421 967.3
0.50422 967.2
0.50423 967.0
0.50424 966.8
0.50425 966.7
0.50426 966.5
0.50427 966.4
0.50428 966.2
0.50429 966.1
0.50430 965.9
0.50431 965.8
0.50432 965.7
0.50433 965.5
0.50434 965.4
0.50435 965.3
0.50436 965.2
0.50437 965.0
0.50438 964.9
0.50439 964.8
0.50440 964.7
0.50441 964.6
0.50442 964.5
0.50443 964.4
0.50444 964.3
0.50445 964.2
0.50446 964.1
0.50447 964.0
0.50448 963.9
0.50449 963.9
0.50450 963.8
0.50451 963.7
0.50452 963.6
0.50453 963.6
0.50454 963.5
0.50455 963.4
0.50456 963.4
0.50457 963.3
0.50458 963.2
0.50459 963.2
0.50460 963.1
0.50461 963.1
0.50462 963.0
0.50463 962.9
0.50464 962.9
0.50465 962.8
0.50466 962.8
0.50467 962.8
0.50468 962.7
0.50469 962.7
0.50470 962.6
0.50471 962.6
0.50472 962.6
0.50473 962.5
0.50474 962.5
0.50475 962.4
0.50476 962.4
0.50477 962.4
0.50478 962.4
0.50479 962.3
0.50480 962.3
0.50481 962.3
0.50482 962.3
0.50483 962.2
0.50484 962.2
0.50485 962.2
0.50486 962.2
0.50487 962.2
0.50488 962.1
0.50489 962.1
0.50490 962.1
0.50491 962.1
0.50492 962.1
0.50493 962.1
0.50494 962.1
0.50495 962.1
0.50496 962.0
0.50497 962.0
0.50498 962.0
0.50499 962.0
0.50500 962.0
0.50501 962.0
0.50502 962.0
0.50503 962.0
0.50504 962.0
0.50505 962.0
0.50506 962.0
0.50507 962.0
0.50508 962.0
0.50509 962.0
0.50510 962.0
0.50511 962.0
0.50512 962.0
0.50513 962.0
0.50514 962.1
0.50515 962.1
0.50516 962.1
0.50517 962.1
0.50518 962.1
0.50519 962.1
0.50520 962.1
0.50521 962.1
0.50522 962.1
0.50523 962.1
0.50524 962.2
0.50525 962.2
0.50526 962.2
0.50527 962.2
0.50528 962.2
0.50529 962.2
0.50530 962.3
0.50531 962.3
0.50532 962.3
0.50533 962.3
0.50534 962.3
0.50535 962.3
0.50536 962.4
0.50537 962.4
0.50538 962.4
0.50539 962.4
0.50540 962.5
0.50541 962.5
0.50542 962.5
0.50543 962.5
0.50544 962.5
0.50545 962.6
0.50546 962.6
0.50547 962.6
0.50548 962.6
0.50549 962.7
0.50550 962.7
0.50551 962.7
0.50552 962.8
0.50553 962.8
0.50554 962.8
0.50555 962.8
0.50556 962.9
0.50557 962.9
0.50558 962.9
0.50559 963.0
0.50560 963.0
0.50561 963.0
0.50562 963.0
0.50563 963.1
0.50564 963.1
0.50565 963.1
0.50566 963.2
0.50567 963.2
0.50568 963.2
0.50569 963.3
0.50570 963.3
0.50571 963.3
0.50572 963.4
0.50573 963.4
0.50574 963.4
0.50575 963.5
0.50576 963.5
0.50577 963.6
0.50578 963.6
0.50579 963.6
0.50580 963.7
0.50581 963.7
0.50582 963.7
0.50583 963.8
0.50584 963.8
0.50585 963.8
0.50586 963.9
0.50587 963.9
0.50588 964.0
0.50589 964.0
0.50590 964.0
0.50591 964.1
0.50592 964.1
0.50593 964.2
0.50594 964.2
0.50595 964.2
0.50596 964.3
0.50597 964.3
0.50598 964.4
0.50599 964.4
0.50600 964.4
0.50601 964.5
0.50602 964.5
0.50603 964.6
0.50604 964.6
0.50605 964.7
0.50606 964.7
0.50607 964.7
0.50608 964.8
0.50609 964.8
0.50610 964.9
0.50611 964.9
0.50612 965.0
0.50613 965.0
0.50614 965.0
0.50615 965.1
0.50616 965.1
0.50617 965.2
0.50618 965.2
0.50619 965.3
0.50620 965.3
0.50621 965.4
0.50622 965.4
0.50623 965.4
0.50624 965.5
0.50625 965.5
0.50626 965.6
0.50627 965.6
0.50628 965.7
0.50629 965.7
0.50630 965.8
0.50631 965.8
0.50632 965.9
0.50633 965.9
0.50634 966.0
0.50635 966.0
0.50636 966.1
0.50637 966.1
0.50638 966.1
0.50639 966.2
0.50640 966.2
0.50641 966.3
0.50642 966.3
0.50643 966.4
0.50644 966.4
0.50645 966.5
0.50646 966.5
0.50647 966.6
0.50648 966.6
0.50649 966.7
0.50650 966.7
0.50651 966.8
0.50652 966.8
0.50653 966.9
0.50654 966.9
0.50655 967.0
0.50656 967.0
0.50657 967.1
0.50658 967.1
0.50659 967.2
0.50660 967.2
0.50661 967.3
0.50662 967.3
0.50663 967.4
0.50664 967.4
0.50665 967.5
0.50666 967.5
0.50667 967.6
0.50668 967.6
0.50669 967.7
0.50670 967.7
0.50671 967.8
0.50672 967.8
0.50673 967.9
0.50674 967.9
0.50675 968.0
0.50676 968.1
0.50677 968.1
0.50678 968.2
0.50679 968.2
0.50680 968.3
0.50681 968.3
0.50682 968.4
0.50683 968.4
0.50684 968.5
0.50685 968.5
0.50686 968.6
0.50687 968.6
0.50688 968.7
0.50689 968.7
0.50690 968.8
0.50691 968.8
0.50692 968.9
0.50693 968.9
0.50694 969.0
0.50695 969.1
0.50696 969.1
0.50697 969.2
0.50698 969.2
0.50699 969.3
0.50700 969.3
0.50701 969.4
0.50702 969.4
0.50703 969.5
0.50704 969.5
0.50705 969.6
0.50706 969.6
0.50707 969.7
0.50708 969.8
0.50709 969.8
0.50710 969.9
0.50711 969.9
0.50712 970.0
0.50713 970.0
0.50714 970.1
0.50715 970.1
0.50716 970.2
0.50717 970.2
0.50718 970.3
0.50719 970.4
0.50720 970.4
0.50721 970.5
0.50722 970.5
0.50723 970.6
0.50724 970.6
0.50725 970.7
0.50726 970.7
0.50727 970.8
0.50728 970.9
0.50729 970.9
0.50730 971.0
0.50731 971.0
0.50732 971.1
0.50733 971.1
0.50734 971.2
0.50735 971.2
0.50736 971.3
0.50737 971.4
0.50738 971.4
0.50739 971.5
0.50740 971.5
0.50741 971.6
0.50742 971.6
0.50743 971.7
0.50744 971.7
0.50745 971.8
0.50746 971.9
0.50747 971.9
0.50748 972.0
0.50749 972.0
0.50750 972.1
0.50751 972.1
0.50752 972.2
0.50753 972.3
0.50754 972.3
0.50755 972.4
0.50756 972.4
0.50757 972.5
0.50758 972.5
0.50759 972.6
0.50760 972.6
0.50761 972.7
0.50762 972.8
0.50763 972.8
0.50764 972.9
0.50765 972.9
0.50766 973.0
0.50767 973.0
0.50768 973.1
0.50769 973.2
0.50770 973.2
0.50771 973.3
0.50772 973.3
0.50773 973.4
0.50774 973.4
0.50775 973.5
0.50776 973.6
0.50777 973.6
0.50778 973.7
0.50779 973.7
0.50780 973.8
0.50781 973.8
0.50782 973.9
0.50783 973.9
0.50784 974.0
0.50785 974.1
0.50786 974.1
0.50787 974.2
0.50788 974.2
0.50789 974.3
0.50790 974.3
0.50791 974.4
0.50792 974.5
0.50793 974.5
0.50794 974.6
0.50795 974.6
0.50796 974.7
0.50797 974.7
0.50798 974.8
0.50799 974.9
0.50800 974.9
0.50801 975.0
0.50802 975.0
0.50803 975.1
0.50804 975.1
0.50805 975.2
0.50806 975.3
0.50807 975.3
0.50808 975.4
0.50809 975.4
0.50810 975.5
0.50811 975.5
0.50812 975.6
0.50813 975.7
0.50814 975.7
0.50815 975.8
0.50816 975.8
0.50817 975.9
0.50818 975.9
0.50819 976.0
0.50820 976.1
0.50821 976.1
0.50822 976.2
0.50823 976.2
0.50824 976.3
0.50825 976.3
0.50826 976.4
0.50827 976.5
0.50828 976.5
0.50829 976.6
0.50830 976.6
0.50831 976.7
0.50832 976.7
0.50833 976.8
0.50834 976.9
0.50835 976.9
0.50836 977.0
0.50837 977.0
0.50838 977.1
0.50839 977.1
0.50840 977.2
0.50841 977.3
0.50842 977.3
0.50843 977.4
0.50844 977.4
0.50845 977.5
0.50846 977.5
0.50847 977.6
0.50848 977.6
0.50849 977.7
0.50850 977.8
0.50851 977.8
0.50852 977.9
0.50853 977.9
0.50854 978.0
0.50855 978.0
0.50856 978.1
0.50857 978.2
0.50858 978.2
0.50859 978.3
0.50860 978.3
0.50861 978.4
0.50862 978.4
0.50863 978.5
0.50864 978.6
0.50865 978.6
0.50866 978.7
0.50867 978.7
0.50868 978.8
0.50869 978.8
0.50870 978.9
0.50871 979.0
0.50872 979.0
0.50873 979.1
0.50874 979.1
0.50875 979.2
0.50876 979.2
0.50877 979.3
0.50878 979.3
0.50879 979.4
0.50880 979.5
0.50881 979.5
0.50882 979.6
0.50883 979.6
0.50884 979.7
0.50885 979.7
0.50886 979.8
0.50887 979.8
0.50888 979.9
0.50889 980.0
0.50890 980.0
0.50891 980.1
0.50892 980.1
0.50893 980.2
0.50894 980.2
0.50895 980.3
0.50896 980.4
0.50897 980.4
0.50898 980.5
0.50899 980.5
0.50900 980.6
0.50901 980.6
0.50902 980.7
0.50903 980.7
0.50904 980.8
0.50905 980.9
0.50906 980.9
0.50907 981.0
0.50908 981.0
0.50909 981.1
0.50910 981.1
0.50911 981.2
0.50912 981.2
0.50913 981.3
0.50914 981.4
0.50915 981.4
0.50916 981.5
0.50917 981.5
0.50918 981.6
0.50919 981.6
0.50920 981.7
0.50921 981.7
0.50922 981.8
0.50923 981.8
0.50924 981.9
0.50925 982.0
0.50926 982.0
0.50927 982.1
0.50928 982.1
0.50929 982.2
0.50930 982.2
0.50931 982.3
0.50932 982.3
0.50933 982.4
0.50934 982.4
0.50935 982.5
0.50936 982.6
0.50937 982.6
0.50938 982.7
0.50939 982.7
0.50940 982.8
0.50941 982.8
0.50942 982.9
0.50943 982.9
0.50944 983.0
0.50945 983.0
0.50946 983.1
0.50947 983.2
0.50948 983.2
0.50949 983.3
0.50950 983.3
0.50951 983.4
0.50952 983.4
0.50953 983.5
0.50954 983.5
0.50955 983.6
0.50956 983.6
0.50957 983.7
0.50958 983.7
0.50959 983.8
0.50960 983.9
0.50961 983.9
0.50962 984.0
0.50963 984.0
0.50964 984.1
0.50965 984.1
0.50966 984.2
0.50967 984.2
0.50968 984.3
0.50969 984.3
0.50970 984.4
0.50971 984.4
0.50972 984.5
0.50973 984.5
0.50974 984.6
0.50975 984.6
0.50976 984.7
0.50977 984.8
0.50978 984.8
0.50979 984.9
0.50980 984.9
0.50981 985.0
0.50982 985.0
0.50983 985.1
0.50984 985.1
0.50985 985.2
0.50986 985.2
0.50987 985.3
0.50988 985.3
0.50989 985.4
0.50990 985.4
0.50991 985.5
0.50992 985.5
0.50993 985.6
0.50994 985.6
0.50995 985.7
0.50996 985.7
0.50997 985.8
0.50998 985.9
0.50999 985.9
0.51000 986.0
0.51001 986.0
0.51002 986.1
0.51003 986.1
0.51004 986.2
0.51005 986.2
0.51006 986.3
0.51007 986.3
0.51008 986.4
0.51009 986.4
0.51010 986.5
0.51011 986.5
0.51012 986.6
0.51013 986.6
0.51014 986.7
0.51015 986.7
0.51016 986.8
0.51017 986.8
0.51018 986.9
0.51019 986.9
0.51020 987.0
0.51021 987.0
0.51022 987.1
0.51023 987.1
0.51024 987.2
0.51025 987.2
0.51026 987.3
0.51027 987.3
0.51028 987.4
0.51029 987.4
0.51030 987.5
0.51031 987.5
0.51032 987.6
0.51033 987.6
0.51034 987.7
0.51035 987.7
0.51036 987.8
0.51037 987.8
0.51038 987.9
0.51039 987.9
0.51040 988.0
0.51041 988.0
0.51042 988.1
0.51043 988.1
0.51044 988.2
0.51045 988.2
0.51046 988.3
0.51047 988.3
0.51048 988.4
0.51049 988.4
0.51050 988.5
0.51051 988.5
0.51052 988.6
0.51053 988.6
0.51054 988.7
0.51055 988.7
0.51056 988.8
0.51057 988.8
0.51058 988.9
0.51059 988.9
0.51060 989.0
0.51061 989.0
0.51062 989.1
0.51063 989.1
0.51064 989.2
0.51065 989.2
0.51066 989.3
0.51067 989.3
0.51068 989.3
0.51069 989.4
0.51070 989.4
0.51071 989.5
0.51072 989.5
0.51073 989.6
0.51074 989.6
0.51075 989.7
0.51076 989.7
0.51077 989.8
0.51078 989.8
0.51079 989.9
0.51080 989.9
0.51081 990.0
0.51082 990.0
0.51083 990.1
0.51084 990.1
0.51085 990.2
0.51086 990.2
0.51087 990.3
0.51088 990.3
0.51089 990.3
0.51090 990.4
0.51091 990.4
0.51092 990.5
0.51093 990.5
0.51094 990.6
0.51095 990.6
0.51096 990.7
0.51097 990.7
0.51098 990.8
0.51099 990.8
0.51100 990.9
0.51101 990.9
0.51102 991.0
0.51103 991.0
0.51104 991.0
0.51105 991.1
0.51106 991.1
0.51107 991.2
0.51108 991.2
0.51109 991.3
0.51110 991.3
0.51111 991.4
0.51112 991.4
0.51113 991.5
0.51114 991.5
0.51115 991.6
0.51116 991.6
0.51117 991.6
0.51118 991.7
0.51119 991.7
0.51120 991.8
0.51121 991.8
0.51122 991.9
0.51123 991.9
0.51124 992.0
0.51125 992.0
0.51126 992.0
0.51127 992.1
0.51128 992.1
0.51129 992.2
0.51130 992.2
0.51131 992.3
0.51132 992.3
0.51133 992.4
0.51134 992.4
0.51135 992.4
0.51136 992.5
0.51137 992.5
0.51138 992.6
0.51139 992.6
0.51140 992.7
0.51141 992.7
0.51142 992.8
0.51143 992.8
0.51144 992.8
0.51145 992.9
0.51146 992.9
0.51147 993.0
0.51148 993.0
0.51149 993.1
0.51150 993.1
0.51151 993.2
0.51152 993.2
0.51153 993.2
0.51154 993.3
0.51155 993.3
0.51156 993.4
0.51157 993.4
0.51158 993.5
0.51159 993.5
0.51160 993.5
0.51161 993.6
0.51162 993.6
0.51163 993.7
0.51164 993.7
0.51165 993.8
0.51166 993.8
0.51167 993.8
0.51168 993.9
0.51169 993.9
0.51170 994.0
0.51171 994.0
0.51172 994.1
0.51173 994.1
0.51174 994.1
0.51175 994.2
0.51176 994.2
0.51177 994.3
0.51178 994.3
0.51179 994.3
0.51180 994.4
0.51181 994.4
0.51182 994.5
0.51183 994.5
0.51184 994.6
0.51185 994.6
0.51186 994.6
0.51187 994.7
0.51188 994.7
0.51189 994.8
0.51190 994.8
0.51191 994.8
0.51192 994.9
0.51193 994.9
0.51194 995.0
0.51195 995.0
0.51196 995.0
0.51197 995.1
0.51198 995.1
0.51199 995.2
0.51200 995.2
0.51201 995.2
0.51202 995.3
0.51203 995.3
0.51204 995.4
0.51205 995.4
0.51206 995.5
0.51207 995.5
0.51208 995.5
0.51209 995.6
0.51210 995.6
0.51211 995.7
0.51212 995.7
0.51213 995.7
0.51214 995.8
0.51215 995.8
0.51216 995.9
0.51217 995.9
0.51218 995.9
0.51219 996.0
0.51220 996.0
0.51221 996.0
0.51222 996.1
0.51223 996.1
0.51224 996.2
0.51225 996.2
0.51226 996.2
0.51227 996.3
0.51228 996.3
0.51229 996.4
0.51230 996.4
0.51231 996.4
0.51232 996.5
0.51233 996.5
0.51234 996.6
0.51235 996.6
0.51236 996.6
0.51237 996.7
0.51238 996.7
0.51239 996.7
0.51240 996.8
0.51241 996.8
0.51242 996.9
0.51243 996.9
0.51244 996.9
0.51245 997.0
0.51246 997.0
0.51247 997.1
0.51248 997.1
0.51249 997.1
0.51250 997.2
0.51251 997.2
0.51252 997.2
0.51253 997.3
0.51254 997.3
0.51255 997.4
0.51256 997.4
0.51257 997.4
0.51258 997.5
0.51259 997.5
0.51260 997.5
0.51261 997.6
0.51262 997.6
0.51263 997.6
0.51264 997.7
0.51265 997.7
0.51266 997.8
0.51267 997.8
0.51268 997.8
0.51269 997.9
0.51270 997.9
0.51271 997.9
0.51272 998.0
0.51273 998.0
0.51274 998.1
0.51275 998.1
0.51276 998.1
0.51277 998.2
0.51278 998.2
0.51279 998.2
0.51280 998.3
0.51281 998.3
0.51282 998.3
0.51283 998.4
0.51284 998.4
0.51285 998.4
0.51286 998.5
0.51287 998.5
0.51288 998.6
0.51289 998.6
0.51290 998.6
0.51291 998.7
0.51292 998.7
0.51293 998.7
0.51294 998.8
0.51295 998.8
0.51296 998.8
0.51297 998.9
0.51298 998.9
0.51299 998.9
0.51300 999.0
0.51301 999.0
0.51302 999.0
0.51303 999.1
0.51304 999.1
0.51305 999.2
0.51306 999.2
0.51307 999.2
0.51308 999.3
0.51309 999.3
0.51310 999.3
0.51311 999.4
0.51312 999.4
0.51313 999.4
0.51314 999.5
0.51315 999.5
0.51316 999.5
0.51317 999.6
0.51318 999.6
0.51319 999.6
0.51320 999.7
0.51321 999.7
0.51322 999.7
0.51323 999.8
0.51324 999.8
0.51325 999.8
0.51326 999.9
0.51327 999.9
0.51328 999.9
0.51329 1000.0
0.51330 1000.0
0.51331 1000.0
0.51332 1000.1
0.51333 1000.1
0.51334 1000.1
0.51335 1000.2
0.51336 1000.2
0.51337 1000.2
0.51338 1000.3
0.51339 1000.3
0.51340 1000.3
0.51341 1000.4
0.51342 1000.4
0.51343 1000.4
0.51344 1000.5
0.51345 1000.5
0.51346 1000.5
0.51347 1000.6
0.51348 1000.6
0.51349 1000.6
0.51350 1000.7
0.51351 1000.7
0.51352 1000.7
0.51353 1000.7
0.51354 1000.8
0.51355 1000.8
0.51356 1000.8
0.51357 1000.9
0.51358 1000.9
0.51359 1000.9
0.51360 1001.0
0.51361 1001.0
0.51362 1001.0
0.51363 1001.1
0.51364 1001.1
0.51365 1001.1
0.51366 1001.2
0.51367 1001.2
0.51368 1001.2
0.51369 1001.3
0.51370 1001.3
0.51371 1001.3
0.51372 1001.3
0.51373 1001.4
0.51374 1001.4
0.51375 1001.4
0.51376 1001.5
0.51377 1001.5
0.51378 1001.5
0.51379 1001.6
0.51380 1001.6
0.51381 1001.6
0.51382 1001.7
0.51383 1001.7
0.51384 1001.7
0.51385 1001.7
0.51386 1001.8
0.51387 1001.8
0.51388 1001.8
0.51389 1001.9
0.51390 1001.9
0.51391 1001.9
0.51392 1002.0
0.51393 1002.0
0.51394 1002.0
0.51395 1002.0
0.51396 1002.1
0.51397 1002.1
0.51398 1002.1
0.51399 1002.2
0.51400 1002.2
0.51401 1002.2
0.51402 1002.3
0.51403 1002.3
0.51404 1002.3
0.51405 1002.3
0.51406 1002.4
0.51407 1002.4
0.51408 1002.4
0.51409 1002.5
0.51410 1002.5
0.51411 1002.5
0.51412 1002.5
0.51413 1002.6
0.51414 1002.6
0.51415 1002.6
0.51416 1002.7
0.51417 1002.7
0.51418 1002.7
0.51419 1002.7
0.51420 1002.8
0.51421 1002.8
0.51422 1002.8
0.51423 1002.9
0.51424 1002.9
0.51425 1002.9
0.51426 1002.9
0.51427 1003.0
0.51428 1003.0
0.51429 1003.0
0.51430 1003.1
0.51431 1003.1
0.51432 1003.1
0.51433 1003.1
0.51434 1003.2
0.51435 1003.2
0.51436 1003.2
0.51437 1003.3
0.51438 1003.3
0.51439 1003.3
0.51440 1003.3
0.51441 1003.4
0.51442 1003.4
0.51443 1003.4
0.51444 1003.4
0.51445 1003.5
0.51446 1003.5
0.51447 1003.5
0.51448 1003.6
0.51449 1003.6
0.51450 1003.6
0.51451 1003.6
0.51452 1003.7
0.51453 1003.7
0.51454 1003.7
0.51455 1003.7
0.51456 1003.8
0.51457 1003.8
0.51458 1003.8
0.51459 1003.9
0.51460 1003.9
0.51461 1003.9
0.51462 1003.9
0.51463 1004.0
0.51464 1004.0
0.51465 1004.0
0.51466 1004.0
0.51467 1004.1
0.51468 1004.1
0.51469 1004.1
0.51470 1004.1
0.51471 1004.2
0.51472 1004.2
0.51473 1004.2
0.51474 1004.2
0.51475 1004.3
0.51476 1004.3
0.51477 1004.3
0.51478 1004.3
0.51479 1004.4
0.51480 1004.4
0.51481 1004.4
0.51482 1004.5
0.51483 1004.5
0.51484 1004.5
0.51485 1004.5
0.51486 1004.6
0.51487 1004.6
0.51488 1004.6
0.51489 1004.6
0.51490 1004.7
0.51491 1004.7
0.51492 1004.7
0.51493 1004.7
0.51494 1004.8
0.51495 1004.8
0.51496 1004.8
0.51497 1004.8
0.51498 1004.9
0.51499 1004.9
0.51500 1004.9
0.51501 1004.9
0.51502 1005.0
0.51503 1005.0
0.51504 1005.0
0.51505 1005.0
0.51506 1005.1
0.51507 1005.1
0.51508 1005.1
0.51509 1005.1
0.51510 1005.2
0.51511 1005.2
0.51512 1005.2
0.51513 1005.2
0.51514 1005.2
0.51515 1005.3
0.51516 1005.3
0.51517 1005.3
0.51518 1005.3
0.51519 1005.4
0.51520 1005.4
0.51521 1005.4
0.51522 1005.4
0.51523 1005.5
0.51524 1005.5
0.51525 1005.5
0.51526 1005.5
0.51527 1005.6
0.51528 1005.6
0.51529 1005.6
0.51530 1005.6
0.51531 1005.7
0.51532 1005.7
0.51533 1005.7
0.51534 1005.7
0.51535 1005.7
0.51536 1005.8
0.51537 1005.8
0.51538 1005.8
0.51539 1005.8
0.51540 1005.9
0.51541 1005.9
0.51542 1005.9
0.51543 1005.9
0.51544 1006.0
0.51545 1006.0
0.51546 1006.0
0.51547 1006.0
0.51548 1006.0
0.51549 1006.1
0.51550 1006.1
0.51551 1006.1
0.51552 1006.1
0.51553 1006.2
0.51554 1006.2
0.51555 1006.2
0.51556 1006.2
0.51557 1006.2
0.51558 1006.3
0.51559 1006.3
0.51560 1006.3
0.51561 1006.3
0.51562 1006.4
0.51563 1006.4
0.51564 1006.4
0.51565 1006.4
0.51566 1006.4
0.51567 1006.5
0.51568 1006.5
0.51569 1006.5
0.51570 1006.5
0.51571 1006.6
0.51572 1006.6
0.51573 1006.6
0.51574 1006.6
0.51575 1006.6
0.51576 1006.7
0.51577 1006.7
0.51578 1006.7
0.51579 1006.7
0.51580 1006.8
0.51581 1006.8
0.51582 1006.8
0.51583 1006.8
0.51584 1006.8
0.51585 1006.9
0.51586 1006.9
0.51587 1006.9
0.51588 1006.9
0.51589 1006.9
0.51590 1007.0
0.51591 1007.0
0.51592 1007.0
0.51593 1007.0
0.51594 1007.1
0.51595 1007.1
0.51596 1007.1
0.51597 1007.1
0.51598 1007.1
0.51599 1007.2
0.51600 1007.2
0.51601 1007.2
0.51602 1007.2
0.51603 1007.2
0.51604 1007.3
0.51605 1007.3
0.51606 1007.3
0.51607 1007.3
0.51608 1007.3
0.51609 1007.4
0.51610 1007.4
0.51611 1007.4
0.51612 1007.4
0.51613 1007.4
0.51614 1007.5
0.51615 1007.5
0.51616 1007.5
0.51617 1007.5
0.51618 1007.5
0.51619 1007.6
0.51620 1007.6
0.51621 1007.6
0.51622 1007.6
0.51623 1007.6
0.51624 1007.7
0.51625 1007.7
0.51626 1007.7
0.51627 1007.7
0.51628 1007.7
0.51629 1007.8
0.51630 1007.8
0.51631 1007.8
0.51632 1007.8
0.51633 1007.8
0.51634 1007.9
0.51635 1007.9
0.51636 1007.9
0.51637 1007.9
0.51638 1007.9
0.51639 1008.0
0.51640 1008.0
0.51641 1008.0
0.51642 1008.0
0.51643 1008.0
0.51644 1008.1
0.51645 1008.1
0.51646 1008.1
0.51647 1008.1
0.51648 1008.1
0.51649 1008.1
0.51650 1008.2
0.51651 1008.2
0.51652 1008.2
0.51653 1008.2
0.51654 1008.2
0.51655 1008.3
0.51656 1008.3
0.51657 1008.3
0.51658 1008.3
0.51659 1008.3
0.51660 1008.4
0.51661 1008.4
0.51662 1008.4
0.51663 1008.4
0.51664 1008.4
0.51665 1008.4
0.51666 1008.5
0.51667 1008.5
0.51668 1008.5
0.51669 1008.5
0.51670 1008.5
0.51671 1008.6
0.51672 1008.6
0.51673 1008.6
0.51674 1008.6
0.51675 1008.6
0.51676 1008.6
0.51677 1008.7
0.51678 1008.7
0.51679 1008.7
0.51680 1008.7
0.51681 1008.7
0.51682 1008.8
0.51683 1008.8
0.51684 1008.8
0.51685 1008.8
0.51686 1008.8
0.51687 1008.8
0.51688 1008.9
0.51689 1008.9
0.51690 1008.9
0.51691 1008.9
0.51692 1008.9
0.51693 1008.9
0.51694 1009.0
0.51695 1009.0
0.51696 1009.0
0.51697 1009.0
0.51698 1009.0
0.51699 1009.0
0.51700 1009.1
0.51701 1009.1
0.51702 1009.1
0.51703 1009.1
0.51704 1009.1
0.51705 1009.2
0.51706 1009.2
0.51707 1009.2
0.51708 1009.2
0.51709 1009.2
0.51710 1009.2
0.51711 1009.3
0.51712 1009.3
0.51713 1009.3
0.51714 1009.3
0.51715 1009.3
0.51716 1009.3
0.51717 1009.4
0.51718 1009.4
0.51719 1009.4
0.51720 1009.4
0.51721 1009.4
0.51722 1009.4
0.51723 1009.5
0.51724 1009.5
0.51725 1009.5
0.51726 1009.5
0.51727 1009.5
0.51728 1009.5
0.51729 1009.6
0.51730 1009.6
0.51731 1009.6
0.51732 1009.6
0.51733 1009.6
0.51734 1009.6
0.51735 1009.6
0.51736 1009.7
0.51737 1009.7
0.51738 1009.7
0.51739 1009.7
0.51740 1009.7
0.51741 1009.7
0.51742 1009.8
0.51743 1009.8
0.51744 1009.8
0.51745 1009.8
0.51746 1009.8
0.51747 1009.8
0.51748 1009.9
0.51749 1009.9
0.51750 1009.9
0.51751 1009.9
0.51752 1009.9
0.51753 1009.9
0.51754 1009.9
0.51755 1010.0
0.51756 1010.0
0.51757 1010.0
0.51758 1010.0
0.51759 1010.0
0.51760 1010.0
0.51761 1010.1
0.51762 1010.1
0.51763 1010.1
0.51764 1010.1
0.51765 1010.1
0.51766 1010.1
0.51767 1010.1
0.51768 1010.2
0.51769 1010.2
0.51770 1010.2
0.51771 1010.2
0.51772 1010.2
0.51773 1010.2
0.51774 1010.3
0.51775 1010.3
0.51776 1010.3
0.51777 1010.3
0.51778 1010.3
0.51779 1010.3
0.51780 1010.3
0.51781 1010.4
0.51782 1010.4
0.51783 1010.4
0.51784 1010.4
0.51785 1010.4
0.51786 1010.4
0.51787 1010.4
0.51788 1010.5
0.51789 1010.5
0.51790 1010.5
0.51791 1010.5
0.51792 1010.5
0.51793 1010.5
0.51794 1010.5
0.51795 1010.6
0.51796 1010.6
0.51797 1010.6
0.51798 1010.6
0.51799 1010.6
0.51800 1010.6
0.51801 1010.6
0.51802 1010.7
0.51803 1010.7
0.51804 1010.7
0.51805 1010.7
0.51806 1010.7
0.51807 1010.7
0.51808 1010.7
0.51809 1010.8
0.51810 1010.8
0.51811 1010.8
0.51812 1010.8
0.51813 1010.8
0.51814 1010.8
0.51815 1010.8
0.51816 1010.9
0.51817 1010.9
0.51818 1010.9
0.51819 1010.9
0.51820 1010.9
0.51821 1010.9
0.51822 1010.9
0.51823 1011.0
0.51824 1011.0
0.51825 1011.0
0.51826 1011.0
0.51827 1011.0
0.51828 1011.0
0.51829 1011.0
0.51830 1011.0
0.51831 1011.1
0.51832 1011.1
0.51833 1011.1
0.51834 1011.1
0.51835 1011.1
0.51836 1011.1
0.51837 1011.1
0.51838 1011.2
0.51839 1011.2
0.51840 1011.2
0.51841 1011.2
0.51842 1011.2
0.51843 1011.2
0.51844 1011.2
0.51845 1011.2
0.51846 1011.3
0.51847 1011.3
0.51848 1011.3
0.51849 1011.3
0.51850 1011.3
0.51851 1011.3
0.51852 1011.3
0.51853 1011.3
0.51854 1011.4
0.51855 1011.4
0.51856 1011.4
0.51857 1011.4
0.51858 1011.4
0.51859 1011.4
0.51860 1011.4
0.51861 1011.5
0.51862 1011.5
0.51863 1011.5
0.51864 1011.5
0.51865 1011.5
0.51866 1011.5
0.51867 1011.5
0.51868 1011.5
0.51869 1011.6
0.51870 1011.6
0.51871 1011.6
0.51872 1011.6
0.51873 1011.6
0.51874 1011.6
0.51875 1011.6
0.51876 1011.6
0.51877 1011.7
0.51878 1011.7
0.51879 1011.7
0.51880 1011.7
0.51881 1011.7
0.51882 1011.7
0.51883 1011.7
0.51884 1011.7
0.51885 1011.7
0.51886 1011.8
0.51887 1011.8
0.51888 1011.8
0.51889 1011.8
0.51890 1011.8
0.51891 1011.8
0.51892 1011.8
0.51893 1011.8
0.51894 1011.9
0.51895 1011.9
0.51896 1011.9
0.51897 1011.9
0.51898 1011.9
0.51899 1011.9
0.51900 1011.9
0.51901 1011.9
0.51902 1012.0
0.51903 1012.0
0.51904 1012.0
0.51905 1012.0
0.51906 1012.0
0.51907 1012.0
0.51908 1012.0
0.51909 1012.0
0.51910 1012.0
0.51911 1012.1
0.51912 1012.1
0.51913 1012.1
0.51914 1012.1
0.51915 1012.1
0.51916 1012.1
0.51917 1012.1
0.51918 1012.1
0.51919 1012.1
0.51920 1012.2
0.51921 1012.2
0.51922 1012.2
0.51923 1012.2
0.51924 1012.2
0.51925 1012.2
0.51926 1012.2
0.51927 1012.2
0.51928 1012.3
0.51929 1012.3
0.51930 1012.3
0.51931 1012.3
0.51932 1012.3
0.51933 1012.3
0.51934 1012.3
0.51935 1012.3
0.51936 1012.3
0.51937 1012.3
0.51938 1012.4
0.51939 1012.4
0.51940 1012.4
0.51941 1012.4
0.51942 1012.4
0.51943 1012.4
0.51944 1012.4
0.51945 1012.4
0.51946 1012.4
0.51947 1012.5
0.51948 1012.5
0.51949 1012.5
0.51950 1012.5
0.51951 1012.5
0.51952 1012.5
0.51953 1012.5
0.51954 1012.5
0.51955 1012.5
0.51956 1012.6
0.51957 1012.6
0.51958 1012.6
0.51959 1012.6
0.51960 1012.6
0.51961 1012.6
0.51962 1012.6
0.51963 1012.6
0.51964 1012.6
0.51965 1012.6
0.51966 1012.7
0.51967 1012.7
0.51968 1012.7
0.51969 1012.7
0.51970 1012.7
0.51971 1012.7
0.51972 1012.7
0.51973 1012.7
0.51974 1012.7
0.51975 1012.8
0.51976 1012.8
0.51977 1012.8
0.51978 1012.8
0.51979 1012.8
0.51980 1012.8
0.51981 1012.8
0.51982 1012.8
0.51983 1012.8
0.51984 1012.8
0.51985 1012.9
0.51986 1012.9
0.51987 1012.9
0.51988 1012.9
0.51989 1012.9
0.51990 1012.9
0.51991 1012.9
0.51992 1012.9
0.51993 1012.9
0.51994 1012.9
0.51995 1013.0
0.51996 1013.0
0.51997 1013.0
0.51998 1013.0
0.51999 1013.0
0.52000 1018.8
0.52001 1018.8
0.52002 1018.8
0.52003 1018.8
0.52004 1018.8
0.52005 1018.8
0.52006 1018.8
0.52007 1018.8
0.52008 1018.8
0.52009 1018.8
0.52010 1018.8
0.52011 1018.8
0.52012 1018.8
0.52013 1018.8
0.52014 1018.8
0.52015 1018.8
0.52016 1018.8
0.52017 1018.8
0.52018 1018.8
0.52019 1018.8
0.52020 1018.8
0.52021 1018.8
0.52022 1018.8
0.52023 1018.8
0.52024 1018.8
0.52025 1018.8
0.52026 1018.8
0.52027 1018.8
0.52028 1018.8
0.52029 1018.8
0.52030 1018.8
0.52031 1018.8
0.52032 1018.8
0.52033 1018.8
0.52034 1018.8
0.52035 1018.8
0.52036 1018.8
0.52037 1018.8
0.52038 1018.8
0.52039 1018.8
0.52040 1018.8
0.52041 1018.8
0.52042 1018.8
0.52043 1018.8
0.52044 1018.8
0.52045 1018.8
0.52046 1018.8
0.52047 1018.8
0.52048 1018.8
0.52049 1018.8
0.52050 1018.8
0.52051 1018.8
0.52052 1018.8
0.52053 1018.8
0.52054 1018.8
0.52055 1018.8
0.52056 1018.8
0.52057 1018.8
0.52058 1018.8
0.52059 1018.8
0.52060 1018.8
0.52061 1018.8
0.52062 1018.8
0.52063 1018.8
0.52064 1018.8
0.52065 1018.8
0.52066 1018.8
0.52067 1018.8
0.52068 1018.8
0.52069 1018.8
0.52070 1018.8
0.52071 1018.8
0.52072 1018.8
0.52073 1018.8
0.52074 1018.8
0.52075 1018.8
0.52076 1018.8
0.52077 1018.8
0.52078 1018.8
0.52079 1018.8
0.52080 1018.8
0.52081 1018.8
0.52082 1018.8
0.52083 1018.8
0.52084 1018.8
0.52085 1018.8
0.52086 1018.8
0.52087 1018.8
0.52088 1018.8
0.52089 1018.8
0.52090 1018.8
0.52091 1018.8
0.52092 1018.8
0.52093 1018.8
0.52094 1018.8
0.52095 1018.8
0.52096 1018.8
0.52097 1018.8
0.52098 1018.8
0.52099 1018.8
0.52100 1018.8
0.52101 1018.8
0.52102 1018.8
0.52103 1018.8
0.52104 1018.8
0.52105 1018.8
0.52106 1018.8
0.52107 1018.8
0.52108 1018.8
0.52109 1018.8
0.52110 1018.8
0.52111 1018.8
0.52112 1018.8
0.52113 1018.8
0.52114 1018.8
0.52115 1018.8
0.52116 1018.8
0.52117 1018.8
0.52118 1018.8
0.52119 1018.8
0.52120 1018.8
0.52121 1018.8
0.52122 1018.8
0.52123 1018.8
0.52124 1018.8
0.52125 1018.8
0.52126 1018.8
0.52127 1018.8
0.52128 1018.8
0.52129 1018.8
0.52130 1018.8
0.52131 1018.8
0.52132 1018.8
0.52133 1018.8
0.52134 1018.8
0.52135 1018.8
0.52136 1018.8
0.52137 1018.8
0.52138 1018.8
0.52139 1018.8
0.52140 1018.8
0.52141 1018.8
0.52142 1018.8
0.52143 1018.8
0.52144 1018.8
0.52145 1018.8
0.52146 1018.8
0.52147 1018.8
0.52148 1018.8
0.52149 1018.8
0.52150 1018.8
0.52151 1018.8
0.52152 1018.8
0.52153 1018.8
0.52154 1018.8
0.52155 1018.8
0.52156 1018.8
0.52157 1018.8
0.52158 1018.8
0.52159 1018.8
0.52160 1018.8
0.52161 1018.8
0.52162 1018.8
0.52163 1018.8
0.52164 1018.8
0.52165 1018.8
0.52166 1018.8
0.52167 1018.8
0.52168 1018.8
0.52169 1018.8
0.52170 1018.8
0.52171 1018.8
0.52172 1018.8
0.52173 1018.8
0.52174 1018.8
0.52175 1018.8
0.52176 1018.8
0.52177 1018.8
0.52178 1018.8
0.52179 1018.8
0.52180 1018.8
0.52181 1018.8
0.52182 1018.8
0.52183 1018.8
0.52184 1018.8
0.52185 1018.8
0.52186 1018.8
0.52187 1018.8
0.52188 1018.8
0.52189 1018.8
0.52190 1018.8
0.52191 1018.8
0.52192 1018.8
0.52193 1018.8
0.52194 1018.8
0.52195 1018.8
0.52196 1018.8
0.52197 1018.8
0.52198 1018.8
0.52199 1018.8
0.52200 1018.8
0.52201 1018.8
0.52202 1018.8
0.52203 1018.8
0.52204 1018.8
0.52205 1018.8
0.52206 1018.8
0.52207 1018.8
0.52208 1018.8
0.52209 1018.8
0.52210 1018.8
0.52211 1018.8
0.52212 1018.8
0.52213 1018.8
0.52214 1018.8
0.52215 1018.8
0.52216 1018.8
0.52217 1018.8
0.52218 1018.8
0.52219 1018.8
0.52220 1018.8
0.52221 1018.8
0.52222 1018.8
0.52223 1018.8
0.52224 1018.8
0.52225 1018.8
0.52226 1018.8
0.52227 1018.8
0.52228 1018.8
0.52229 1018.8
0.52230 1018.8
0.52231 1018.8
0.52232 1018.8
0.52233 1018.8
0.52234 1018.8
0.52235 1018.8
0.52236 1018.8
0.52237 1018.8
0.52238 1018.8
0.52239 1018.8
0.52240 1018.8
0.52241 1018.8
0.52242 1018.8
0.52243 1018.8
0.52244 1018.8
0.52245 1018.8
0.52246 1018.8
0.52247 1018.8
0.52248 1018.8
0.52249 1018.8
0.52250 1018.8
0.52251 1018.8
0.52252 1018.8
0.52253 1018.8
0.52254 1018.8
0.52255 1018.8
0.52256 1018.8
0.52257 1018.8
0.52258 1018.8
0.52259 1018.8
0.52260 1018.8
0.52261 1018.8
0.52262 1018.8
0.52263 1018.8
0.52264 1018.8
0.52265 1018.8
0.52266 1018.8
0.52267 1018.8
0.52268 1018.8
0.52269 1018.8
0.52270 1018.8
0.52271 1018.8
0.52272 1018.8
0.52273 1018.8
0.52274 1018.8
0.52275 1018.8
0.52276 1018.8
0.52277 1018.8
0.52278 1018.8
0.52279 1018.8
0.52280 1018.8
0.52281 1018.8
0.52282 1018.8
0.52283 1018.8
0.52284 1018.8
0.52285 1018.8
0.52286 1018.8
0.52287 1018.8
0.52288 1018.8
0.52289 1018.8
0.52290 1018.8
0.52291 1018.8
0.52292 1018.8
0.52293 1018.8
0.52294 1018.8
0.52295 1018.8
0.52296 1018.8
0.52297 1018.8
0.52298 1018.8
0.52299 1018.8
0.52300 1018.8
0.52301 1018.8
0.52302 1018.8
0.52303 1018.8
0.52304 1018.8
0.52305 1018.8
0.52306 1018.8
0.52307 1018.8
0.52308 1018.8
0.52309 1018.8
0.52310 1018.8
0.52311 1018.8
0.52312 1018.8
0.52313 1018.8
0.52314 1018.8
0.52315 1018.8
0.52316 1018.8
0.52317 1018.8
0.52318 1018.8
0.52319 1018.8
0.52320 1018.8
0.52321 1018.8
0.52322 1018.8
0.52323 1018.8
0.52324 1018.8
0.52325 1018.8
0.52326 1018.8
0.52327 1018.8
0.52328 1018.8
0.52329 1018.8
0.52330 1018.8
0.52331 1018.8
0.52332 1018.8
0.52333 1018.8
0.52334 1018.8
0.52335 1018.8
0.52336 1018.8
0.52337 1018.8
0.52338 1018.8
0.52339 1018.8
0.52340 1018.8
0.52341 1018.8
0.52342 1018.8
0.52343 1018.8
0.52344 1018.8
0.52345 1018.8
0.52346 1018.8
0.52347 1018.8
0.52348 1018.8
0.52349 1018.8
0.52350 1018.8
0.52351 1018.8
0.52352 1018.8
0.52353 1018.8
0.52354 1018.8
0.52355 1018.8
0.52356 1018.8
0.52357 1018.8
0.52358 1018.8
0.52359 1018.8
0.52360 1018.8
0.52361 1018.8
0.52362 1018.8
0.52363 1018.8
0.52364 1018.8
0.52365 1018.8
0.52366 1018.8
0.52367 1018.8
0.52368 1018.8
0.52369 1018.8
0.52370 1018.8
0.52371 1018.8
0.52372 1018.8
0.52373 1018.8
0.52374 1018.8
0.52375 1018.8
0.52376 1018.8
0.52377 1018.8
0.52378 1018.8
0.52379 1018.8
0.52380 1018.8
0.52381 1018.8
0.52382 1018.8
0.52383 1018.8
0.52384 1018.8
0.52385 1018.8
0.52386 1018.8
0.52387 1018.8
0.52388 1018.8
0.52389 1018.8
0.52390 1018.8
0.52391 1018.8
0.52392 1018.8
0.52393 1018.8
0.52394 1018.8
0.52395 1018.8
0.52396 1018.8
0.52397 1018.8
0.52398 1018.8
0.52399 1018.8
0.52400 1018.8
0.52401 1018.8
0.52402 1018.8
0.52403 1018.8
0.52404 1018.8
0.52405 1018.8
0.52406 1018.8
0.52407 1018.8
0.52408 1018.8
0.52409 1018.8
0.52410 1018.8
0.52411 1018.8
0.52412 1018.8
0.52413 1018.8
0.52414 1018.8
0.52415 1018.8
0.52416 1018.8
0.52417 1018.8
0.52418 1018.8
0.52419 1018.8
0.52420 1018.8
0.52421 1018.8
0.52422 1018.8
0.52423 1018.8
0.52424 1018.8
0.52425 1018.8
0.52426 1018.8
0.52427 1018.8
0.52428 1018.8
0.52429 1018.8
0.52430 1018.8
0.52431 1018.8
0.52432 1018.8
0.52433 1018.8
0.52434 1018.8
0.52435 1018.8
0.52436 1018.8
0.52437 1018.8
0.52438 1018.8
0.52439 1018.8
0.52440 1018.8
0.52441 1018.8
0.52442 1018.8
0.52443 1018.8
0.52444 1018.8
0.52445 1018.8
0.52446 1018.8
0.52447 1018.8
0.52448 1018.8
0.52449 1018.8
0.52450 1018.8
0.52451 1018.8
0.52452 1018.8
0.52453 1018.8
0.52454 1018.8
0.52455 1018.8
0.52456 1018.8
0.52457 1018.8
0.52458 1018.8
0.52459 1018.8
0.52460 1018.8
0.52461 1018.8
0.52462 1018.8
0.52463 1018.8
0.52464 1018.8
0.52465 1018.8
0.52466 1018.8
0.52467 1018.8
0.52468 1018.8
0.52469 1018.8
0.52470 1018.8
0.52471 1018.8
0.52472 1018.8
0.52473 1018.8
0.52474 1018.8
0.52475 1018.8
0.52476 1018.8
0.52477 1018.8
0.52478 1018.8
0.52479 1018.8
0.52480 1018.8
0.52481 1018.8
0.52482 1018.8
0.52483 1018.8
0.52484 1018.8
0.52485 1018.8
0.52486 1018.8
0.52487 1018.8
0.52488 1018.8
0.52489 1018.8
0.52490 1018.8
0.52491 1018.8
0.52492 1018.8
0.52493 1018.8
0.52494 1018.8
0.52495 1018.8
0.52496 1018.8
0.52497 1018.8
0.52498 1018.8
0.52499 1018.8
0.52500 1018.8
0.52501 1018.8
0.52502 1018.8
0.52503 1018.8
0.52504 1018.8
0.52505 1018.8
0.52506 1018.8
0.52507 1018.8
0.52508 1018.8
0.52509 1018.8
0.52510 1018.8
0.52511 1018.8
0.52512 1018.8
0.52513 1018.8
0.52514 1018.8
0.52515 1018.8
0.52516 1018.8
0.52517 1018.8
0.52518 1018.8
0.52519 1018.8
0.52520 1018.8
0.52521 1018.8
0.52522 1018.8
0.52523 1018.8
0.52524 1018.8
0.52525 1018.8
0.52526 1018.8
0.52527 1018.8
0.52528 1018.8
0.52529 1018.8
0.52530 1018.8
0.52531 1018.8
0.52532 1018.8
0.52533 1018.8
0.52534 1018.8
0.52535 1018.8
0.52536 1018.8
0.52537 1018.8
0.52538 1018.8
0.52539 1018.8
0.52540 1018.8
0.52541 1018.8
0.52542 1018.8
0.52543 1018.8
0.52544 1018.8
0.52545 1018.8
0.52546 1018.8
0.52547 1018.8
0.52548 1018.8
0.52549 1018.8
0.52550 1018.8
0.52551 1018.8
0.52552 1018.8
0.52553 1018.8
0.52554 1018.8
0.52555 1018.8
0.52556 1018.8
0.52557 1018.8
0.52558 1018.8
0.52559 1018.8
0.52560 1018.8
0.52561 1018.8
0.52562 1018.8
0.52563 1018.8
0.52564 1018.8
0.52565 1018.8
0.52566 1018.8
0.52567 1018.8
0.52568 1018.8
0.52569 1018.8
0.52570 1018.8
0.52571 1018.8
0.52572 1018.8
0.52573 1018.8
0.52574 1018.8
0.52575 1018.8
0.52576 1018.8
0.52577 1018.8
0.52578 1018.8
0.52579 1018.8
0.52580 1018.8
0.52581 1018.8
0.52582 1018.8
0.52583 1018.8
0.52584 1018.8
0.52585 1018.8
0.52586 1018.8
0.52587 1018.8
0.52588 1018.8
0.52589 1018.8
0.52590 1018.8
0.52591 1018.8
0.52592 1018.8
0.52593 1018.8
0.52594 1018.8
0.52595 1018.8
0.52596 1018.8
0.52597 1018.8
0.52598 1018.8
0.52599 1018.8
0.52600 1018.8
0.52601 1018.8
0.52602 1018.8
0.52603 1018.8
0.52604 1018.8
0.52605 1018.8
0.52606 1018.8
0.52607 1018.8
0.52608 1018.8
0.52609 1018.8
0.52610 1018.8
0.52611 1018.8
0.52612 1018.8
0.52613 1018.8
0.52614 1018.8
0.52615 1018.8
0.52616 1018.8
0.52617 1018.8
0.52618 1018.8
0.52619 1018.8
0.52620 1018.8
0.52621 1018.8
0.52622 1018.8
0.52623 1018.8
0.52624 1018.8
0.52625 1018.8
0.52626 1018.8
0.52627 1018.8
0.52628 1018.8
0.52629 1018.8
0.52630 1018.8
0.52631 1018.8
0.52632 1018.8
0.52633 1018.8
0.52634 1018.8
0.52635 1018.8
0.52636 1018.8
0.52637 1018.8
0.52638 1018.8
0.52639 1018.8
0.52640 1018.8
0.52641 1018.8
0.52642 1018.8
0.52643 1018.8
0.52644 1018.8
0.52645 1018.8
0.52646 1018.8
0.52647 1018.8
0.52648 1018.8
0.52649 1018.8
0.52650 1018.8
0.52651 1018.8
0.52652 1018.8
0.52653 1018.8
0.52654 1018.8
0.52655 1018.8
0.52656 1018.8
0.52657 1018.8
0.52658 1018.8
0.52659 1018.8
0.52660 1018.8
0.52661 1018.8
0.52662 1018.8
0.52663 1018.8
0.52664 1018.8
0.52665 1018.8
0.52666 1018.8
0.52667 1018.8
0.52668 1018.8
0.52669 1018.8
0.52670 1018.8
0.52671 1018.8
0.52672 1018.8
0.52673 1018.8
0.52674 1018.8
0.52675 1018.8
0.52676 1018.8
0.52677 1018.8
0.52678 1018.8
0.52679 1018.8
0.52680 1018.8
0.52681 1018.8
0.52682 1018.8
0.52683 1018.8
0.52684 1018.8
0.52685 1018.8
0.52686 1018.8
0.52687 1018.8
0.52688 1018.8
0.52689 1018.8
0.52690 1018.8
0.52691 1018.8
0.52692 1018.8
0.52693 1018.8
0.52694 1018.8
0.52695 1018.8
0.52696 1018.8
0.52697 1018.8
0.52698 1018.8
0.52699 1018.8
0.52700 1018.8
0.52701 1018.8
0.52702 1018.8
0.52703 1018.8
0.52704 1018.8
0.52705 1018.8
0.52706 1018.8
0.52707 1018.8
0.52708 1018.8
0.52709 1018.8
0.52710 1018.8
0.52711 1018.8
0.52712 1018.8
0.52713 1018.8
0.52714 1018.8
0.52715 1018.8
0.52716 1018.8
0.52717 1018.8
0.52718 1018.8
0.52719 1018.8
0.52720 1018.8
0.52721 1018.8
0.52722 1018.8
0.52723 1018.8
0.52724 1018.8
0.52725 1018.8
0.52726 1018.8
0.52727 1018.8
0.52728 1018.8
0.52729 1018.8
0.52730 1018.8
0.52731 1018.8
0.52732 1018.8
0.52733 1018.8
0.52734 1018.8
0.52735 1018.8
0.52736 1018.8
0.52737 1018.8
0.52738 1018.8
0.52739 1018.8
0.52740 1018.8
0.52741 1018.8
0.52742 1018.8
0.52743 1018.8
0.52744 1018.8
0.52745 1018.8
0.52746 1018.8
0.52747 1018.8
0.52748 1018.8
0.52749 1018.8
0.52750 1018.8
0.52751 1018.8
0.52752 1018.8
0.52753 1018.8
0.52754 1018.8
0.52755 1018.8
0.52756 1018.8
0.52757 1018.8
0.52758 1018.8
0.52759 1018.8
0.52760 1018.8
0.52761 1018.8
0.52762 1018.8
0.52763 1018.8
0.52764 1018.8
0.52765 1018.8
0.52766 1018.8
0.52767 1018.8
0.52768 1018.8
0.52769 1018.8
0.52770 1018.8
0.52771 1018.8
0.52772 1018.8
0.52773 1018.8
0.52774 1018.8
0.52775 1018.8
0.52776 1018.8
0.52777 1018.8
0.52778 1018.8
0.52779 1018.8
0.52780 1018.8
0.52781 1018.8
0.52782 1018.8
0.52783 1018.8
0.52784 1018.8
0.52785 1018.8
0.52786 1018.8
0.52787 1018.8
0.52788 1018.8
0.52789 1018.8
0.52790 1018.8
0.52791 1018.8
0.52792 1018.8
0.52793 1018.8
0.52794 1018.8
0.52795 1018.8
0.52796 1018.8
0.52797 1018.8
0.52798 1018.8
0.52799 1018.8
0.52800 1018.8
0.52801 1018.8
0.52802 1018.8
0.52803 1018.8
0.52804 1018.8
0.52805 1018.8
0.52806 1018.8
0.52807 1018.8
0.52808 1018.8
0.52809 1018.8
0.52810 1018.8
0.52811 1018.8
0.52812 1018.8
0.52813 1018.8
0.52814 1018.8
0.52815 1018.8
0.52816 1018.8
0.52817 1018.8
0.52818 1018.8
0.52819 1018.8
0.52820 1018.8
0.52821 1018.8
0.52822 1018.8
0.52823 1018.8
0.52824 1018.8
0.52825 1018.8
0.52826 1018.8
0.52827 1018.8
0.52828 1018.8
0.52829 1018.8
0.52830 1018.8
0.52831 1018.8
0.52832 1018.8
0.52833 1018.8
0.52834 1018.8
0.52835 1018.8
0.52836 1018.8
0.52837 1018.8
0.52838 1018.8
0.52839 1018.8
0.52840 1018.8
0.52841 1018.8
0.52842 1018.8
0.52843 1018.8
0.52844 1018.8
0.52845 1018.8
0.52846 1018.8
0.52847 1018.8
0.52848 1018.8
0.52849 1018.8
0.52850 1018.8
0.52851 1018.8
0.52852 1018.8
0.52853 1018.8
0.52854 1018.8
0.52855 1018.8
0.52856 1018.8
0.52857 1018.8
0.52858 1018.8
0.52859 1018.8
0.52860 1018.8
0.52861 1018.8
0.52862 1018.8
0.52863 1018.8
0.52864 1018.8
0.52865 1018.8
0.52866 1018.8
0.52867 1018.8
0.52868 1018.8
0.52869 1018.8
0.52870 1018.8
0.52871 1018.8
0.52872 1018.8
0.52873 1018.8
0.52874 1018.8
0.52875 1018.8
0.52876 1018.8
0.52877 1018.8
0.52878 1018.8
0.52879 1018.8
0.52880 1018.8
0.52881 1018.8
0.52882 1018.8
0.52883 1018.8
0.52884 1018.8
0.52885 1018.8
0.52886 1018.8
0.52887 1018.8
0.52888 1018.8
0.52889 1018.8
0.52890 1018.8
0.52891 1018.8
0.52892 1018.8
0.52893 1018.8
0.52894 1018.8
0.52895 1018.8
0.52896 1018.8
0.52897 1018.8
0.52898 1018.8
0.52899 1018.8
0.52900 1018.8
0.52901 1018.8
0.52902 1018.8
0.52903 1018.8
0.52904 1018.8
0.52905 1018.8
0.52906 1018.8
0.52907 1018.8
0.52908 1018.8
0.52909 1018.8
0.52910 1018.8
0.52911 1018.8
0.52912 1018.8
0.52913 1018.8
0.52914 1018.8
0.52915 1018.8
0.52916 1018.8
0.52917 1018.8
0.52918 1018.8
0.52919 1018.8
0.52920 1018.8
0.52921 1018.8
0.52922 1018.8
0.52923 1018.8
0.52924 1018.8
0.52925 1018.8
0.52926 1018.8
0.52927 1018.8
0.52928 1018.8
0.52929 1018.8
0.52930 1018.8
0.52931 1018.8
0.52932 1018.8
0.52933 1018.8
0.52934 1018.8
0.52935 1018.8
0.52936 1018.8
0.52937 1018.8
0.52938 1018.8
0.52939 1018.8
0.52940 1018.8
0.52941 1018.8
0.52942 1018.8
0.52943 1018.8
0.52944 1018.8
0.52945 1018.8
0.52946 1018.8
0.52947 1018.8
0.52948 1018.8
0.52949 1018.8
0.52950 1018.8
0.52951 1018.8
0.52952 1018.8
0.52953 1018.8
0.52954 1018.8
0.52955 1018.8
0.52956 1018.8
0.52957 1018.8
0.52958 1018.8
0.52959 1018.8
0.52960 1018.8
0.52961 1018.8
0.52962 1018.8
0.52963 1018.8
0.52964 1018.8
0.52965 1018.8
0.52966 1018.8
0.52967 1018.8
0.52968 1018.8
0.52969 1018.8
0.52970 1018.8
0.52971 1018.8
0.52972 1018.8
0.52973 1018.8
0.52974 1018.8
0.52975 1018.8
0.52976 1018.8
0.52977 1018.8
0.52978 1018.8
0.52979 1018.8
0.52980 1018.8
0.52981 1018.8
0.52982 1018.8
0.52983 1018.8
0.52984 1018.8
0.52985 1018.8
0.52986 1018.8
0.52987 1018.8
0.52988 1018.8
0.52989 1018.8
0.52990 1018.8
0.52991 1018.8
0.52992 1018.8
0.52993 1018.8
0.52994 1018.8
0.52995 1018.8
0.52996 1018.8
0.52997 1018.8
0.52998 1018.8
0.52999 1018.8
0.53000 1018.8
